open_time,open,high,low,close,volume
2026-08-17 16:54:00,64082.75,64114.19,64077.52,64114.18,24.15137
2026-08-17 16:57:00,64114.18,64120.0,64108.29,64115.76,10.68816
2026-08-17 17:00:00,64115.76,64116.0,64102.12,64103.58,7.07672
2026-08-17 17:03:00,64103.59,64104.62,64080.18,64088.5,13.85793
2026-08-17 17:06:00,64088.5,64088.51,64074.73,64077.83,25.97627
2026-08-17 17:09:00,64077.82,64077.83,64016.0,64031.02,24.74707
2026-08-17 17:12:00,64031.02,64031.19,63984.0,63984.0,33.74508
2026-08-17 17:15:00,63984.0,64122.31,63979.3,64122.31,75.44614
2026-08-17 17:18:00,64122.31,64319.53,64122.31,64317.99,178.95621
2026-08-17 17:21:00,64317.99,64425.0,64317.99,64382.7,129.86518
2026-08-17 17:24:00,64382.7,64390.37,64220.0,64275.88,122.21531
2026-08-17 17:27:00,64275.89,64275.89,64201.03,64207.27,38.56767
2026-08-17 17:30:00,64207.28,64224.0,64150.0,64172.75,76.86402
2026-08-17 17:33:00,64172.75,64173.88,64111.07,64111.08,106.75697
2026-08-17 17:36:00,64111.07,64256.01,64066.0,64256.0,116.53194
2026-08-17 17:39:00,64256.0,64284.01,64206.13,64278.74,64.71158
2026-08-17 17:42:00,64278.75,64284.82,64218.62,64224.53,59.34716
2026-08-17 17:45:00,64224.54,64328.41,64224.53,64280.26,79.61794
2026-08-17 17:48:00,64280.26,64320.28,64280.26,64306.87,99.54328
2026-08-17 17:51:00,64306.88,64340.0,64289.84,64295.65,77.1174
2026-08-17 17:54:00,64295.65,64330.0,64286.66,64326.44,56.75799
2026-08-17 17:57:00,64326.44,64343.61,64325.99,64325.99,31.28124
2026-08-17 18:00:00,64325.99,64358.0,64280.49,64305.11,52.12952
2026-08-17 18:03:00,64305.11,64348.67,64296.37,64322.74,54.51796
2026-08-17 18:06:00,64322.74,64339.8,64310.72,64316.32,25.44338
2026-08-17 18:09:00,64316.33,64350.19,64306.17,64344.73,41.64087
2026-08-17 18:12:00,64344.73,64383.68,64334.94,64376.55,50.47179
2026-08-17 18:15:00,64376.54,64464.0,64372.37,64463.97,62.19395
2026-08-17 18:18:00,64463.97,64464.0,64378.54,64404.46,59.83712
2026-08-17 18:21:00,64404.46,64602.99,64400.79,64582.68,229.44466
2026-08-17 18:24:00,64582.67,64610.01,64514.0,64556.13,74.20873
2026-08-17 18:27:00,64556.13,64569.88,64476.0,64487.44,67.28787
2026-08-17 18:30:00,64487.64,64513.85,64426.42,64426.42,36.38532
2026-08-17 18:33:00,64426.43,64437.65,64398.0,64437.59,35.10735
2026-08-17 18:36:00,64437.6,64495.0,64437.59,64450.0,32.20229
2026-08-17 18:39:00,64450.0,64475.99,64430.26,64460.02,26.62891
2026-08-17 18:42:00,64460.02,64466.14,64428.25,64461.56,16.93579
2026-08-17 18:45:00,64461.55,64461.55,64424.18,64431.15,13.42163
2026-08-17 18:48:00,64431.15,64490.0,64419.54,64473.05,35.23214
2026-08-17 18:51:00,64473.05,64476.0,64434.88,64434.89,53.36224
2026-08-17 18:54:00,64434.88,64465.37,64434.88,64437.33,26.25917
2026-08-17 18:57:00,64437.33,64437.33,64413.03,64428.87,47.74206
2026-08-17 19:00:00,64428.88,64428.88,64344.72,64344.72,54.56079
2026-08-17 19:03:00,64344.73,64350.0,64320.0,64350.0,22.85673
2026-08-17 19:06:00,64350.0,64416.62,64349.99,64412.0,33.29698
2026-08-17 19:09:00,64412.01,64412.01,64361.57,64366.01,28.39601
2026-08-17 19:12:00,64366.01,64373.87,64332.0,64332.01,15.11321
2026-08-17 19:15:00,64332.01,64386.0,64331.28,64363.44,52.16863
2026-08-17 19:18:00,64363.45,64368.23,64334.0,64361.21,27.95384
2026-08-17 19:21:00,64361.2,64374.0,64344.0,64374.0,20.36218
2026-08-17 19:24:00,64373.99,64409.93,64350.0,64409.29,13.13929
2026-08-17 19:27:00,64409.28,64417.66,64404.0,64404.0,11.03281
2026-08-17 19:30:00,64404.01,64404.01,64368.0,64368.01,15.87945
2026-08-17 19:33:00,64368.0,64368.01,64340.67,64340.67,9.29383
2026-08-17 19:36:00,64340.67,64386.0,64340.67,64385.99,14.52857
2026-08-17 19:39:00,64385.99,64414.78,64385.99,64401.96,19.27887
2026-08-17 19:42:00,64401.96,64414.46,64349.41,64368.8,31.15024
2026-08-17 19:45:00,64368.8,64373.99,64355.11,64356.72,17.44417
2026-08-17 19:48:00,64356.73,64358.0,64352.71,64356.34,6.91951
2026-08-17 19:51:00,64356.34,64356.35,64306.32,64311.83,15.80963
2026-08-17 19:54:00,64311.84,64312.87,64288.35,64288.36,17.19981
2026-08-17 19:57:00,64288.35,64321.88,64288.35,64309.96,26.30419
2026-08-17 20:00:00,64309.95,64309.96,64272.0,64279.46,15.05937
2026-08-17 20:03:00,64279.47,64298.57,64268.02,64284.01,11.55141
2026-08-17 20:06:00,64284.0,64284.01,64266.0,64276.37,21.40828
2026-08-17 20:09:00,64276.38,64295.2,64276.37,64295.2,13.74873
2026-08-17 20:12:00,64295.2,64309.2,64295.2,64309.19,3.72076
2026-08-17 20:15:00,64309.19,64312.9,64293.54,64305.17,15.86608
2026-08-17 20:18:00,64305.18,64326.0,64304.39,64326.0,3.85671
2026-08-17 20:21:00,64326.0,64335.3,64322.5,64322.51,3.54579
2026-08-17 20:24:00,64322.51,64364.0,64322.5,64360.09,21.9565
2026-08-17 20:27:00,64360.09,64434.0,64360.09,64416.09,39.14154
2026-08-17 20:30:00,64416.1,64416.1,64354.0,64360.27,10.3637
2026-08-17 20:33:00,64360.28,64374.13,64360.27,64362.0,7.78878
2026-08-17 20:36:00,64362.01,64383.98,64362.0,64379.99,9.62065
2026-08-17 20:39:00,64380.0,64387.67,64370.0,64387.66,4.9129
2026-08-17 20:42:00,64387.66,64403.1,64387.66,64393.27,7.3673
2026-08-17 20:45:00,64393.27,64395.62,64367.07,64368.28,11.03102
2026-08-17 20:48:00,64368.28,64370.86,64338.0,64338.0,4.73812
2026-08-17 20:51:00,64338.01,64385.0,64332.0,64382.01,8.15291
2026-08-17 20:54:00,64382.01,64400.0,64382.0,64399.99,14.83614
2026-08-17 20:57:00,64399.99,64409.15,64387.92,64392.73,15.47132
2026-08-17 21:00:00,64392.72,64409.93,64378.6,64409.92,28.83726
2026-08-17 21:03:00,64409.93,64409.93,64388.0,64406.91,4.56503
2026-08-17 21:06:00,64406.91,64406.91,64406.09,64406.09,6.69802
2026-08-17 21:09:00,64406.1,64434.76,64406.09,64420.27,17.72836
2026-08-17 21:12:00,64420.27,64420.28,64364.73,64373.11,15.09501
2026-08-17 21:15:00,64373.11,64409.41,64373.1,64379.3,13.74879
2026-08-17 21:18:00,64379.3,64379.3,64370.0,64373.92,3.67855
2026-08-17 21:21:00,64373.93,64373.93,64352.6,64352.6,5.95943
2026-08-17 21:24:00,64352.61,64352.61,64328.24,64332.36,7.95212
2026-08-17 21:27:00,64332.37,64332.37,64329.18,64329.18,1.35477
2026-08-17 21:30:00,64329.18,64345.16,64329.18,64337.17,21.38546
2026-08-17 21:33:00,64337.17,64342.2,64337.17,64342.19,3.86255
2026-08-17 21:36:00,64342.19,64342.19,64296.0,64334.58,26.723
2026-08-17 21:39:00,64334.59,64336.51,64321.18,64336.5,7.153
2026-08-17 21:42:00,64336.5,64377.92,64336.5,64338.0,16.39734
2026-08-17 21:45:00,64338.01,64388.0,64338.0,64371.45,14.65482
2026-08-17 21:48:00,64371.46,64371.46,64366.38,64366.39,2.26271
2026-08-17 21:51:00,64366.38,64390.47,64366.37,64390.46,7.63619
2026-08-17 21:54:00,64390.46,64390.47,64364.0,64371.18,7.31067
2026-08-17 21:57:00,64371.19,64392.0,64371.19,64382.02,5.1434
2026-08-17 22:00:00,64382.02,64416.0,64382.02,64395.62,20.45297
2026-08-17 22:03:00,64395.61,64395.62,64348.65,64348.66,28.22053
2026-08-17 22:06:00,64348.66,64359.31,64332.0,64332.0,14.48058
2026-08-17 22:09:00,64332.0,64343.65,64321.18,64321.19,10.47264
2026-08-17 22:12:00,64321.19,64321.19,64310.0,64310.0,4.67173
2026-08-17 22:15:00,64310.0,64310.01,64307.63,64307.63,5.68135
2026-08-17 22:18:00,64307.63,64307.64,64288.91,64288.99,6.8748
2026-08-17 22:21:00,64289.0,64340.0,64288.99,64340.0,16.86408
2026-08-17 22:24:00,64339.99,64340.0,64306.73,64308.47,31.53331
2026-08-17 22:27:00,64308.47,64309.21,64295.44,64295.45,79.65551
2026-08-17 22:30:00,64295.44,64296.6,64288.0,64288.01,26.84811
2026-08-17 22:33:00,64288.01,64298.0,64283.49,64297.99,8.23549
2026-08-17 22:36:00,64298.0,64340.0,64297.99,64325.15,25.53033
2026-08-17 22:39:00,64325.15,64325.16,64312.36,64312.36,4.15846
2026-08-17 22:42:00,64312.36,64312.36,64310.09,64310.1,2.24583
2026-08-17 22:45:00,64310.1,64310.1,64302.88,64302.88,3.63993
2026-08-17 22:48:00,64302.89,64302.89,64302.88,64302.88,6.9087
2026-08-17 22:51:00,64302.88,64319.86,64292.15,64292.15,15.93785
2026-08-17 22:54:00,64292.16,64292.16,64292.15,64292.16,3.00694
2026-08-17 22:57:00,64292.15,64292.16,64290.35,64291.25,6.20319
2026-08-17 23:00:00,64291.26,64294.5,64288.24,64294.49,5.82707
2026-08-17 23:03:00,64294.49,64300.82,64294.49,64300.81,4.62596
2026-08-17 23:06:00,64300.81,64348.66,64300.81,64348.66,12.03472
2026-08-17 23:09:00,64348.65,64358.47,64348.65,64356.0,5.41898
2026-08-17 23:12:00,64356.0,64372.0,64347.25,64365.22,14.72593
2026-08-17 23:15:00,64365.23,64384.62,64365.22,64379.28,6.20873
2026-08-17 23:18:00,64379.28,64398.08,64379.28,64385.86,25.70997
2026-08-17 23:21:00,64385.86,64396.93,64385.86,64396.93,22.63935
2026-08-17 23:24:00,64396.92,64453.16,64396.92,64453.16,23.47264
2026-08-17 23:27:00,64453.16,64486.8,64453.16,64486.79,10.80227
2026-08-17 23:30:00,64486.8,64563.1,64460.95,64554.01,47.54718
2026-08-17 23:33:00,64554.01,64557.86,64510.81,64510.81,27.60956
2026-08-17 23:36:00,64510.81,64510.82,64501.82,64508.82,15.2545
2026-08-17 23:39:00,64508.81,64508.83,64480.5,64480.5,9.82845
2026-08-17 23:42:00,64480.51,64489.17,64475.0,64481.82,11.3709
2026-08-17 23:45:00,64481.83,64499.16,64476.42,64499.16,21.95038
2026-08-17 23:48:00,64499.16,64516.27,64499.15,64507.28,4.66199
2026-08-17 23:51:00,64507.27,64523.39,64493.25,64523.39,11.62633
2026-08-17 23:54:00,64523.39,64527.59,64488.64,64521.61,16.76015
2026-08-17 23:57:00,64521.6,64578.0,64520.56,64532.1,51.97331
2026-08-18 00:00:00,64532.11,64568.46,64505.0,64505.01,49.8122
2026-08-18 00:03:00,64505.0,64505.0,64482.33,64482.33,8.53594
2026-08-18 00:06:00,64482.33,64485.88,64428.5,64428.5,37.52329
2026-08-18 00:09:00,64428.5,64428.51,64420.0,64420.47,13.94223
2026-08-18 00:12:00,64420.47,64440.01,64420.47,64440.01,8.12901
2026-08-18 00:15:00,64440.0,64471.2,64440.0,64453.0,8.85204
2026-08-18 00:18:00,64453.0,64492.0,64452.27,64452.28,13.56641
2026-08-18 00:21:00,64452.28,64486.09,64452.27,64480.82,15.60063
2026-08-18 00:24:00,64480.82,64501.83,64452.8,64452.81,17.6498
2026-08-18 00:27:00,64452.8,64474.99,64452.8,64457.49,8.49238
2026-08-18 00:30:00,64457.49,64457.5,64440.76,64440.76,12.49656
2026-08-18 00:33:00,64440.76,64440.77,64434.87,64437.42,4.30055
2026-08-18 00:36:00,64437.43,64453.98,64437.42,64447.29,16.29376
2026-08-18 00:39:00,64447.3,64447.3,64388.0,64392.92,18.1456
2026-08-18 00:42:00,64392.93,64410.0,64388.01,64397.06,13.29521
2026-08-18 00:45:00,64397.06,64397.06,64372.0,64386.0,16.64166
2026-08-18 00:48:00,64386.0,64390.0,64370.48,64380.98,16.66181
2026-08-18 00:51:00,64380.97,64398.0,64371.93,64377.89,23.84722
2026-08-18 00:54:00,64377.89,64377.89,64367.27,64367.28,7.55578
2026-08-18 00:57:00,64367.28,64384.79,64367.28,64383.71,21.56102
2026-08-18 01:00:00,64383.72,64387.71,64352.86,64352.87,22.13868
2026-08-18 01:03:00,64352.86,64353.89,64318.02,64344.91,40.88432
2026-08-18 01:06:00,64344.92,64344.92,64304.0,64316.01,28.83447
2026-08-18 01:09:00,64316.01,64332.27,64296.97,64332.26,25.12825
2026-08-18 01:12:00,64332.27,64359.55,64332.26,64347.78,18.24096
2026-08-18 01:15:00,64347.79,64360.0,64324.0,64335.53,19.84173
2026-08-18 01:18:00,64335.54,64335.54,64305.39,64316.65,19.47087
2026-08-18 01:21:00,64316.64,64333.79,64316.0,64326.3,13.69387
2026-08-18 01:24:00,64326.29,64336.97,64318.74,64318.74,13.82933
2026-08-18 01:27:00,64318.74,64325.92,64318.74,64325.92,4.51926
2026-08-18 01:30:00,64325.92,64345.4,64325.92,64340.77,19.2635
2026-08-18 01:33:00,64340.77,64342.0,64336.0,64336.01,8.40699
2026-08-18 01:36:00,64336.0,64336.01,64319.5,64320.0,12.93767
2026-08-18 01:39:00,64320.0,64320.98,64315.56,64316.0,11.28789
2026-08-18 01:42:00,64316.0,64316.01,64243.58,64284.0,39.77632
2026-08-18 01:45:00,64284.01,64284.01,64248.2,64248.21,4.47146
2026-08-18 01:48:00,64248.2,64248.21,64224.0,64226.01,12.37368
2026-08-18 01:51:00,64226.01,64226.01,64164.0,64166.01,34.66989
2026-08-18 01:54:00,64166.01,64179.49,64156.0,64177.66,18.57473
2026-08-18 01:57:00,64177.65,64200.06,64164.2,64200.06,10.1415
2026-08-18 02:00:00,64200.06,64226.0,64191.1,64225.79,10.6196
2026-08-18 02:03:00,64225.78,64272.0,64225.78,64268.67,11.39092
2026-08-18 02:06:00,64268.66,64268.67,64238.47,64238.47,16.03755
2026-08-18 02:09:00,64238.47,64242.11,64201.58,64201.59,16.55214
2026-08-18 02:12:00,64201.59,64208.31,64192.0,64192.01,30.65637
2026-08-18 02:15:00,64192.0,64192.01,64162.38,64178.0,34.00587
2026-08-18 02:18:00,64178.0,64204.0,64167.37,64200.47,18.42936
2026-08-18 02:21:00,64200.47,64204.0,64199.44,64199.44,12.32337
2026-08-18 02:24:00,64199.44,64200.95,64172.0,64172.0,18.49149
2026-08-18 02:27:00,64172.01,64187.31,64157.68,64157.69,26.92247
2026-08-18 02:30:00,64157.68,64157.69,64140.0,64148.94,21.34434
2026-08-18 02:33:00,64148.93,64154.0,64137.73,64152.82,27.80709
2026-08-18 02:36:00,64152.83,64195.19,64152.82,64195.19,10.68722
2026-08-18 02:39:00,64195.19,64204.82,64195.18,64195.48,17.27701
2026-08-18 02:42:00,64195.49,64195.49,64128.0,64128.57,17.47403
2026-08-18 02:45:00,64128.57,64135.2,64076.0,64135.19,42.59823
2026-08-18 02:48:00,64135.2,64135.2,64048.0,64131.99,31.68098
2026-08-18 02:51:00,64132.0,64136.0,64111.19,64125.97,20.25163
2026-08-18 02:54:00,64125.97,64125.97,64069.11,64071.53,41.4142
2026-08-18 02:57:00,64071.52,64103.22,64067.36,64103.22,16.38477
2026-08-18 03:00:00,64103.22,64129.0,64094.7,64129.0,16.59266
2026-08-18 03:03:00,64129.0,64132.47,64115.39,64115.4,14.88208
2026-08-18 03:06:00,64115.4,64118.54,64108.13,64108.13,14.448
2026-08-18 03:09:00,64108.13,64108.14,64098.33,64098.33,9.7307
2026-08-18 03:12:00,64098.33,64098.34,64088.67,64088.67,10.86137
2026-08-18 03:15:00,64088.68,64112.69,64088.68,64106.92,14.34819
2026-08-18 03:18:00,64106.92,64144.0,64106.91,64136.49,29.61348
2026-08-18 03:21:00,64136.49,64136.49,64107.09,64121.82,17.13713
2026-08-18 03:24:00,64121.83,64133.22,64108.98,64118.25,92.77612
2026-08-18 03:27:00,64118.26,64118.26,64111.99,64112.0,36.67332
2026-08-18 03:30:00,64112.0,64112.0,64060.0,64060.0,47.24242
2026-08-18 03:33:00,64060.0,64091.99,64047.73,64091.99,23.51316
2026-08-18 03:36:00,64091.99,64137.99,64091.99,64137.99,59.68504
2026-08-18 03:39:00,64138.0,64140.0,64134.21,64140.0,44.81163
2026-08-18 03:42:00,64140.0,64180.0,64139.99,64179.99,29.67483
2026-08-18 03:45:00,64179.99,64180.0,64150.0,64150.01,10.92858
2026-08-18 03:48:00,64150.0,64150.01,64146.0,64150.0,6.29652
2026-08-18 03:51:00,64150.0,64170.0,64150.0,64170.0,11.25433
2026-08-18 03:54:00,64169.99,64174.99,64164.07,64166.45,16.02407
2026-08-18 03:57:00,64166.44,64195.45,64160.18,64185.01,71.0005
2026-08-18 04:00:00,64185.0,64185.01,64096.0,64096.0,106.13459
2026-08-18 04:03:00,64096.0,64115.49,64090.0,64115.49,15.99135
2026-08-18 04:06:00,64115.49,64135.66,64115.49,64135.66,10.02543
2026-08-18 04:09:00,64135.65,64135.66,64116.13,64135.41,14.27152
2026-08-18 04:12:00,64135.41,64183.01,64135.41,64148.0,264.35132
2026-08-18 04:15:00,64148.0,64153.08,64145.64,64147.2,19.68373
2026-08-18 04:18:00,64147.2,64147.21,64138.5,64138.5,3.0714
2026-08-18 04:21:00,64138.5,64142.12,64124.2,64130.93,11.76024
2026-08-18 04:24:00,64130.94,64135.71,64130.93,64135.7,11.00775
2026-08-18 04:27:00,64135.71,64155.74,64135.7,64155.73,10.33265
2026-08-18 04:30:00,64155.74,64188.0,64155.73,64187.99,10.62314
2026-08-18 04:33:00,64188.0,64239.62,64187.99,64239.05,33.7134
2026-08-18 04:36:00,64239.04,64250.69,64214.99,64214.99,118.88658
2026-08-18 04:39:00,64215.0,64234.29,64200.11,64234.28,25.45089
2026-08-18 04:42:00,64234.29,64234.29,64215.34,64216.9,22.69327
2026-08-18 04:45:00,64216.9,64226.19,64188.0,64190.26,12.50475
2026-08-18 04:48:00,64190.26,64207.0,64190.26,64207.0,4.8243
2026-08-18 04:51:00,64207.0,64207.0,64196.06,64202.08,26.60849
2026-08-18 04:54:00,64202.08,64205.52,64200.15,64200.16,7.45806
2026-08-18 04:57:00,64200.16,64210.32,64200.15,64210.32,9.86088
2026-08-18 05:00:00,64210.33,64212.65,64183.72,64196.01,14.27592
2026-08-18 05:03:00,64196.0,64208.99,64181.47,64208.98,9.42101
2026-08-18 05:06:00,64208.98,64250.69,64208.98,64250.69,27.5537
2026-08-18 05:09:00,64250.68,64276.0,64240.53,64252.94,22.72484
2026-08-18 05:12:00,64252.95,64259.34,64189.99,64225.01,509.55653
2026-08-18 05:15:00,64225.01,64236.28,64212.23,64215.09,12.5212
2026-08-18 05:18:00,64215.09,64241.86,64215.08,64237.69,6.34618
2026-08-18 05:21:00,64237.68,64237.69,64211.45,64212.14,14.76812
2026-08-18 05:24:00,64212.15,64216.8,64207.55,64216.79,11.22208
2026-08-18 05:27:00,64216.79,64255.01,64199.99,64254.46,142.56401
2026-08-18 05:30:00,64254.46,64254.47,64209.69,64209.69,16.1172
2026-08-18 05:33:00,64209.69,64209.7,64190.72,64190.72,8.69108
2026-08-18 05:36:00,64190.72,64190.73,64140.0,64165.48,54.91888
2026-08-18 05:39:00,64165.48,64190.98,64165.47,64190.98,9.61509
2026-08-18 05:42:00,64190.98,64259.01,64190.98,64256.12,167.8581
2026-08-18 05:45:00,64256.13,64256.13,64211.51,64211.63,20.48669
2026-08-18 05:48:00,64211.63,64226.31,64202.81,64202.81,15.10477
2026-08-18 05:51:00,64202.81,64221.14,64200.08,64221.14,8.57412
2026-08-18 05:54:00,64221.14,64227.99,64209.68,64216.98,6.55794
2026-08-18 05:57:00,64216.98,64263.01,64208.16,64242.76,245.03066
2026-08-18 06:00:00,64242.76,64242.76,64195.48,64204.18,19.89236
2026-08-18 06:03:00,64204.18,64204.19,64192.41,64196.59,6.06897
2026-08-18 06:06:00,64196.6,64196.6,64170.0,64170.01,5.79414
2026-08-18 06:09:00,64170.01,64268.8,64170.01,64268.79,21.22633
2026-08-18 06:12:00,64268.79,64279.93,64229.99,64230.0,151.89821
2026-08-18 06:15:00,64229.99,64249.74,64229.99,64249.09,10.87938
2026-08-18 06:18:00,64249.09,64275.82,64249.08,64275.82,12.43284
2026-08-18 06:21:00,64275.82,64333.33,64275.82,64333.33,17.79222
2026-08-18 06:24:00,64333.33,64352.59,64333.32,64337.65,19.37071
2026-08-18 06:27:00,64337.65,64355.39,64324.99,64339.11,86.29625
2026-08-18 06:30:00,64339.11,64394.0,64339.11,64389.48,28.45724
2026-08-18 06:33:00,64389.49,64393.92,64373.99,64374.0,8.51027
2026-08-18 06:36:00,64373.99,64425.9,64373.99,64425.9,25.60476
2026-08-18 06:39:00,64425.89,64425.9,64398.44,64419.99,31.38074
2026-08-18 06:42:00,64420.0,64446.0,64419.99,64430.66,17.88442
2026-08-18 06:45:00,64430.67,64440.01,64358.0,64362.47,73.20066
2026-08-18 06:48:00,64362.47,64365.58,64305.0,64309.55,60.94075
2026-08-18 06:51:00,64309.54,64323.94,64296.0,64306.4,29.74202
2026-08-18 06:54:00,64306.4,64306.4,64272.86,64278.45,55.23201
2026-08-18 06:57:00,64278.45,64318.03,64278.45,64318.03,12.16142
2026-08-18 07:00:00,64318.03,64322.0,64310.43,64319.68,24.39085
2026-08-18 07:03:00,64319.67,64319.68,64282.9,64306.0,13.14842
2026-08-18 07:06:00,64305.99,64329.16,64305.99,64329.16,16.84949
2026-08-18 07:09:00,64329.15,64342.33,64325.73,64325.74,17.5699
2026-08-18 07:12:00,64325.73,64338.83,64321.24,64338.82,8.4078
2026-08-18 07:15:00,64338.82,64341.3,64332.0,64336.15,12.86978
2026-08-18 07:18:00,64336.15,64350.0,64317.34,64317.35,17.33913
2026-08-18 07:21:00,64317.35,64319.57,64304.0,64309.64,7.15909
2026-08-18 07:24:00,64309.63,64309.64,64308.21,64308.22,3.64581
2026-08-18 07:27:00,64308.21,64308.22,64280.0,64280.0,13.93244
2026-08-18 07:30:00,64280.0,64280.0,64260.0,64270.19,27.91287
2026-08-18 07:33:00,64270.19,64270.2,64236.0,64236.0,28.27803
2026-08-18 07:36:00,64236.0,64264.0,64236.0,64263.99,27.03458
2026-08-18 07:39:00,64263.99,64273.92,64241.14,64251.99,19.86865
2026-08-18 07:42:00,64251.99,64263.97,64248.46,64248.46,16.4096
2026-08-18 07:45:00,64248.46,64248.47,64238.01,64238.01,15.97772
2026-08-18 07:48:00,64238.0,64238.0,64174.0,64178.0,40.25631
2026-08-18 07:51:00,64178.0,64178.01,64164.0,64167.25,16.58315
2026-08-18 07:54:00,64167.25,64173.17,64167.25,64173.11,13.96898
2026-08-18 07:57:00,64173.11,64210.01,64173.11,64198.97,52.45267
2026-08-18 08:00:00,64198.97,64210.01,64166.72,64204.25,37.30267
2026-08-18 08:03:00,64204.25,64204.25,64146.0,64150.07,52.71309
2026-08-18 08:06:00,64150.07,64150.08,64087.98,64107.04,26.24647
2026-08-18 08:09:00,64107.05,64132.31,64107.04,64126.35,13.88415
2026-08-18 08:12:00,64126.35,64156.0,64122.06,64156.0,7.66408
2026-08-18 08:15:00,64156.0,64212.64,64155.99,64196.0,20.78001
2026-08-18 08:18:00,64196.0,64236.0,64196.0,64236.0,11.93896
2026-08-18 08:21:00,64235.99,64236.0,64214.04,64214.05,10.12292
2026-08-18 08:24:00,64214.05,64230.0,64213.1,64222.94,7.99032
2026-08-18 08:27:00,64222.94,64238.55,64206.65,64210.86,13.19835
2026-08-18 08:30:00,64210.87,64256.76,64206.57,64252.01,16.84351
2026-08-18 08:33:00,64252.0,64293.86,64230.0,64293.85,19.1343
2026-08-18 08:36:00,64293.86,64318.03,64290.0,64316.0,11.43837
2026-08-18 08:39:00,64316.0,64336.0,64288.4,64288.4,54.77376
2026-08-18 08:42:00,64288.41,64290.09,64284.75,64286.81,9.57463
2026-08-18 08:45:00,64286.82,64286.82,64278.0,64278.0,10.2081
2026-08-18 08:48:00,64278.0,64278.01,64244.0,64255.65,10.55714
2026-08-18 08:51:00,64255.64,64286.0,64255.64,64265.8,25.5413
2026-08-18 08:54:00,64265.81,64266.97,64262.33,64266.96,13.29458
2026-08-18 08:57:00,64266.96,64296.07,64266.96,64296.02,29.20003
2026-08-18 09:00:00,64296.01,64296.01,64268.96,64270.49,17.42809
2026-08-18 09:03:00,64270.48,64270.49,64233.39,64234.52,31.37925
2026-08-18 09:06:00,64234.52,64239.78,64234.19,64234.2,5.88583
2026-08-18 09:09:00,64234.19,64240.0,64234.19,64236.31,14.94696
2026-08-18 09:12:00,64236.31,64247.28,64236.31,64246.25,12.77821
2026-08-18 09:15:00,64246.25,64246.25,64206.12,64206.12,16.35072
2026-08-18 09:18:00,64206.13,64212.0,64188.14,64188.14,11.42911
2026-08-18 09:21:00,64188.14,64188.15,64177.5,64177.5,11.11853
2026-08-18 09:24:00,64177.5,64177.51,64160.0,64160.01,6.02924
2026-08-18 09:27:00,64160.0,64171.66,64150.35,64164.01,12.3098
2026-08-18 09:30:00,64164.01,64164.01,64150.0,64161.99,25.06163
2026-08-18 09:33:00,64161.99,64183.03,64161.99,64183.01,7.00046
2026-08-18 09:36:00,64183.02,64183.02,64158.1,64167.06,15.47559
2026-08-18 09:39:00,64167.06,64171.62,64145.36,64145.36,11.0748
2026-08-18 09:42:00,64145.36,64150.0,64140.0,64150.0,13.94065
2026-08-18 09:45:00,64150.0,64164.67,64149.99,64158.28,20.65926
2026-08-18 09:48:00,64158.28,64167.52,64140.0,64140.01,12.51213
2026-08-18 09:51:00,64140.0,64166.52,64140.0,64166.51,9.52254
2026-08-18 09:54:00,64166.51,64170.0,64166.51,64169.99,5.78293
2026-08-18 09:57:00,64170.0,64185.48,64169.99,64171.95,8.8132
2026-08-18 10:00:00,64171.95,64171.95,64136.39,64136.4,6.96933
2026-08-18 10:03:00,64136.4,64203.82,64136.39,64181.28,24.81173
2026-08-18 10:06:00,64181.28,64181.29,64154.32,64154.32,7.28258
2026-08-18 10:09:00,64154.32,64155.36,64151.78,64151.79,6.8425
2026-08-18 10:12:00,64151.78,64153.32,64151.78,64153.32,4.1191
2026-08-18 10:15:00,64153.32,64155.36,64153.31,64155.35,7.78291
2026-08-18 10:18:00,64155.36,64176.0,64155.35,64160.01,24.43175
2026-08-18 10:21:00,64160.01,64160.02,64123.42,64151.19,32.14792
2026-08-18 10:24:00,64151.2,64151.2,64143.99,64144.0,4.72867
2026-08-18 10:27:00,64143.99,64159.66,64143.99,64159.66,8.01884
2026-08-18 10:30:00,64159.65,64188.2,64159.65,64188.19,6.27102
2026-08-18 10:33:00,64188.19,64195.02,64188.19,64195.02,5.64494
2026-08-18 10:36:00,64195.01,64216.0,64195.01,64216.0,12.71292
2026-08-18 10:39:00,64215.99,64216.0,64193.61,64193.61,12.67742
2026-08-18 10:42:00,64193.61,64193.62,64188.19,64188.19,4.11111
2026-08-18 10:45:00,64188.19,64202.0,64185.23,64202.0,7.8974
2026-08-18 10:48:00,64202.0,64202.0,64201.99,64202.0,5.05547
2026-08-18 10:51:00,64202.0,64206.0,64195.48,64195.56,6.39804
2026-08-18 10:54:00,64195.57,64210.01,64195.57,64209.99,23.46904
2026-08-18 10:57:00,64210.0,64210.0,64202.8,64202.8,8.37982
2026-08-18 11:00:00,64202.81,64260.0,64192.42,64259.99,23.29629
2026-08-18 11:03:00,64260.0,64338.93,64253.73,64271.61,63.92493
2026-08-18 11:06:00,64271.62,64281.97,64271.61,64276.81,8.60574
2026-08-18 11:09:00,64276.8,64326.98,64276.8,64324.51,10.65387
2026-08-18 11:12:00,64324.5,64324.51,64305.84,64323.56,10.73959
2026-08-18 11:15:00,64323.56,64374.0,64323.56,64337.63,41.26888
2026-08-18 11:18:00,64337.62,64342.35,64331.42,64331.43,7.59381
2026-08-18 11:21:00,64331.42,64370.0,64331.42,64362.3,10.09
2026-08-18 11:24:00,64362.29,64375.4,64362.29,64375.4,17.19393
2026-08-18 11:27:00,64375.39,64375.4,64368.0,64374.03,5.40316
2026-08-18 11:30:00,64374.03,64374.03,64344.17,64360.22,11.40592
2026-08-18 11:33:00,64360.22,64376.0,64354.0,64376.0,7.25195
2026-08-18 11:36:00,64376.0,64376.0,64375.99,64375.99,5.20105
2026-08-18 11:39:00,64375.99,64376.0,64373.88,64373.89,17.20493
2026-08-18 11:42:00,64373.89,64392.0,64372.55,64385.2,16.22633
2026-08-18 11:45:00,64385.2,64402.35,64372.0,64372.01,22.39049
2026-08-18 11:48:00,64372.01,64372.01,64356.03,64358.1,6.4363
2026-08-18 11:51:00,64358.1,64363.04,64344.0,64344.0,7.29849
2026-08-18 11:54:00,64344.01,64347.73,64340.51,64347.73,6.75816
2026-08-18 11:57:00,64347.73,64351.19,64347.72,64351.19,11.58277
2026-08-18 12:00:00,64351.18,64351.19,64336.22,64336.23,5.91603
2026-08-18 12:03:00,64336.23,64343.86,64307.82,64343.85,18.47482
2026-08-18 12:06:00,64343.86,64355.64,64315.9,64315.9,10.61678
2026-08-18 12:09:00,64315.9,64315.9,64284.52,64287.62,13.48919
2026-08-18 12:12:00,64287.62,64296.63,64287.62,64296.62,4.35884
2026-08-18 12:15:00,64296.62,64296.63,64284.92,64296.0,12.75888
2026-08-18 12:18:00,64296.0,64313.99,64296.0,64313.99,7.20437
2026-08-18 12:21:00,64313.98,64330.06,64305.41,64305.41,10.81248
2026-08-18 12:24:00,64305.42,64305.42,64298.0,64298.01,3.89651
2026-08-18 12:27:00,64298.01,64298.01,64298.0,64298.01,2.86983
2026-08-18 12:30:00,64298.01,64305.55,64262.12,64302.45,47.71596
2026-08-18 12:33:00,64302.45,64303.83,64290.46,64298.93,15.15638
2026-08-18 12:36:00,64298.94,64298.94,64262.0,64262.0,12.92338
2026-08-18 12:39:00,64262.01,64262.01,64256.0,64260.01,9.79379
2026-08-18 12:42:00,64260.01,64262.22,64254.0,64254.01,7.92342
2026-08-18 12:45:00,64254.0,64254.0,64240.0,64241.04,10.14971
2026-08-18 12:48:00,64241.03,64251.0,64241.03,64250.99,4.19616
2026-08-18 12:51:00,64250.99,64251.0,64242.07,64242.07,6.05495
2026-08-18 12:54:00,64242.07,64242.2,64218.45,64222.73,20.91578
2026-08-18 12:57:00,64222.73,64236.28,64222.73,64230.02,11.71767
2026-08-18 13:00:00,64230.02,64230.02,64166.54,64171.72,24.51502
2026-08-18 13:03:00,64171.72,64187.79,64171.71,64182.82,9.23101
2026-08-18 13:06:00,64182.82,64189.27,64182.81,64189.26,10.45092
2026-08-18 13:09:00,64189.27,64189.27,64164.84,64181.81,20.08273
2026-08-18 13:12:00,64181.81,64200.0,64181.81,64196.01,15.3596
2026-08-18 13:15:00,64196.02,64196.02,64140.0,64140.01,23.5384
2026-08-18 13:18:00,64140.01,64141.07,64121.0,64128.48,21.58512
2026-08-18 13:21:00,64128.47,64128.48,64081.0,64096.4,42.42873
2026-08-18 13:24:00,64096.4,64109.97,64082.76,64100.01,36.01383
2026-08-18 13:27:00,64100.01,64103.09,64061.96,64073.72,54.9568
2026-08-18 13:30:00,64073.72,64160.0,64048.7,64082.04,122.65864
2026-08-18 13:33:00,64082.03,64121.69,64027.85,64049.91,219.35286
2026-08-18 13:36:00,64049.92,64180.74,64049.92,64180.74,52.26609
2026-08-18 13:39:00,64180.74,64250.03,64173.38,64220.01,54.70299
2026-08-18 13:42:00,64220.01,64220.01,64175.11,64192.82,211.84299
2026-08-18 13:45:00,64192.81,64220.9,64168.0,64218.33,16.91307
2026-08-18 13:48:00,64218.34,64284.0,64174.07,64266.39,143.12194
2026-08-18 13:51:00,64266.39,64270.8,64159.42,64159.42,46.44813
2026-08-18 13:54:00,64159.42,64190.0,64124.39,64190.0,42.60453
2026-08-18 13:57:00,64190.0,64224.0,64190.0,64219.99,11.71385
2026-08-18 14:00:00,64219.99,64336.0,64219.99,64328.4,36.86006
2026-08-18 14:03:00,64328.41,64379.3,64320.0,64320.0,42.04581
2026-08-18 14:06:00,64320.01,64364.0,64307.72,64330.05,40.17157
2026-08-18 14:09:00,64330.05,64330.06,64264.46,64264.46,27.46141
2026-08-18 14:12:00,64264.46,64286.0,64248.0,64261.76,12.25502
2026-08-18 14:15:00,64261.76,64299.51,64259.62,64287.38,16.91629
2026-08-18 14:18:00,64287.38,64515.01,64277.8,64490.69,96.96786
2026-08-18 14:21:00,64490.69,64689.41,64470.17,64684.06,204.60492
2026-08-18 14:24:00,64684.06,64896.75,64684.05,64894.0,239.11749
2026-08-18 14:27:00,64893.99,65052.39,64868.0,64995.07,355.71972
2026-08-18 14:30:00,64995.08,65058.81,64789.32,64880.49,232.38135
2026-08-18 14:33:00,64880.48,64880.48,64784.06,64831.32,104.76067
2026-08-18 14:36:00,64831.33,64849.74,64788.54,64800.16,58.83546
2026-08-18 14:39:00,64800.17,64826.43,64740.0,64826.43,44.54733
2026-08-18 14:42:00,64826.42,64827.79,64775.54,64786.0,38.60235
2026-08-18 14:45:00,64786.01,64803.53,64751.08,64751.09,40.07776
2026-08-18 14:48:00,64751.09,64828.9,64751.08,64827.78,26.64804
2026-08-18 14:51:00,64827.78,64846.83,64668.92,64696.0,74.07264
2026-08-18 14:54:00,64696.0,64754.65,64696.0,64749.99,26.55239
2026-08-18 14:57:00,64750.0,64764.0,64712.28,64714.16,38.71645
2026-08-18 15:00:00,64714.16,64778.0,64714.15,64747.78,25.40594
2026-08-18 15:03:00,64747.77,64796.0,64716.0,64794.0,25.15263
2026-08-18 15:06:00,64793.99,64808.0,64713.99,64714.0,34.80684
2026-08-18 15:09:00,64714.0,64746.0,64652.0,64746.0,35.80293
2026-08-18 15:12:00,64746.0,64757.82,64728.0,64743.78,17.59935
2026-08-18 15:15:00,64743.79,64792.0,64722.0,64791.99,18.79692
2026-08-18 15:18:00,64792.0,64804.0,64764.0,64772.55,16.44569
2026-08-18 15:21:00,64772.55,64782.14,64756.0,64756.0,15.48925
2026-08-18 15:24:00,64756.0,64806.31,64728.63,64806.31,46.99481
2026-08-18 15:27:00,64806.31,64837.45,64804.86,64807.43,30.8848
2026-08-18 15:30:00,64807.43,64851.62,64798.26,64801.39,29.45282
2026-08-18 15:33:00,64801.39,64875.02,64801.39,64839.32,18.38411
2026-08-18 15:36:00,64839.32,64860.0,64814.57,64845.62,25.8869
2026-08-18 15:39:00,64845.61,64849.98,64827.52,64842.15,14.84656
2026-08-18 15:42:00,64842.16,64857.01,64808.8,64820.36,38.38852
2026-08-18 15:45:00,64820.37,64869.98,64800.1,64869.97,24.20186
2026-08-18 15:48:00,64869.98,64888.0,64811.53,64817.79,24.55487
2026-08-18 15:51:00,64817.8,64870.0,64817.79,64867.99,27.5977
2026-08-18 15:54:00,64868.0,64868.0,64852.5,64867.34,11.28217
2026-08-18 15:57:00,64867.34,64867.35,64844.88,64855.06,31.19996
2026-08-18 16:00:00,64855.06,64891.81,64855.06,64876.08,26.74103
2026-08-18 16:03:00,64876.08,64876.35,64850.0,64876.07,25.23145
2026-08-18 16:06:00,64876.08,64877.62,64800.0,64802.17,11.40384
2026-08-18 16:09:00,64802.17,64812.92,64744.0,64753.99,30.14825
2026-08-18 16:12:00,64753.99,64768.0,64750.0,64750.0,7.66366
2026-08-18 16:15:00,64750.01,64750.26,64724.0,64724.01,19.48077
2026-08-18 16:18:00,64724.01,64744.92,64713.9,64741.89,10.32574
2026-08-18 16:21:00,64741.89,64745.61,64728.69,64730.77,8.57983
2026-08-18 16:24:00,64730.77,64734.58,64720.0,64720.01,11.90114
2026-08-18 16:27:00,64720.0,64720.01,64696.83,64704.0,18.0767
2026-08-18 16:30:00,64704.0,64708.01,64675.5,64687.41,28.98803
2026-08-18 16:33:00,64687.4,64748.0,64687.4,64744.9,16.14629
2026-08-18 16:36:00,64744.9,64790.22,64744.89,64790.22,11.98029
2026-08-18 16:39:00,64790.22,64808.0,64786.39,64797.84,23.00796
2026-08-18 16:42:00,64797.84,64818.0,64779.99,64781.04,53.61091
2026-08-18 16:45:00,64781.03,64834.0,64780.33,64811.81,20.84171
2026-08-18 16:48:00,64811.81,64870.89,64803.58,64805.87,27.68881
2026-08-18 16:51:00,64805.88,64823.76,64800.0,64823.75,12.08106
2026-08-18 16:54:00,64823.75,64830.73,64801.88,64830.72,34.55894
2026-08-18 16:57:00,64830.73,64840.01,64822.24,64840.0,20.61448
2026-08-18 17:00:00,64840.0,64840.01,64772.79,64780.06,60.59027
2026-08-18 17:03:00,64780.06,64810.67,64780.06,64809.62,21.09667
2026-08-18 17:06:00,64809.62,64809.62,64770.2,64770.85,19.84653
2026-08-18 17:09:00,64770.85,64781.67,64770.84,64774.6,8.15883
2026-08-18 17:12:00,64774.61,64798.83,64774.6,64798.82,11.01677
2026-08-18 17:15:00,64798.83,64798.83,64751.93,64768.7,43.61623
2026-08-18 17:18:00,64769.73,64787.5,64769.72,64787.27,7.15397
2026-08-18 17:21:00,64787.27,64814.0,64787.27,64802.0,17.89516
2026-08-18 17:24:00,64802.0,64805.48,64797.11,64797.12,7.38696
2026-08-18 17:27:00,64797.12,64822.33,64797.11,64822.33,25.15189
2026-08-18 17:30:00,64822.32,64825.99,64800.08,64808.22,17.68585
2026-08-18 17:33:00,64808.22,64808.23,64716.85,64737.99,44.18786
2026-08-18 17:36:00,64738.0,64758.95,64738.0,64758.52,23.29049
2026-08-18 17:39:00,64758.52,64766.0,64714.0,64714.01,12.42558
2026-08-18 17:42:00,64714.01,64732.0,64714.0,64725.4,25.75904
2026-08-18 17:45:00,64725.4,64728.55,64709.26,64709.27,10.50874
2026-08-18 17:48:00,64709.26,64709.27,64696.01,64696.01,10.13427
2026-08-18 17:51:00,64696.02,64709.7,64687.68,64709.7,15.88927
2026-08-18 17:54:00,64709.69,64712.47,64708.06,64709.9,8.6503
2026-08-18 17:57:00,64709.89,64709.9,64670.02,64670.02,9.74309
2026-08-18 18:00:00,64670.02,64670.03,64666.01,64666.99,4.43995
2026-08-18 18:03:00,64667.0,64685.0,64656.0,64678.35,19.82295
2026-08-18 18:06:00,64678.35,64705.83,64678.35,64701.67,14.74211
2026-08-18 18:09:00,64701.68,64702.13,64694.96,64702.0,9.10295
2026-08-18 18:12:00,64702.0,64734.99,64701.07,64734.34,20.76004
2026-08-18 18:15:00,64734.34,64734.35,64727.99,64734.34,5.48134
2026-08-18 18:18:00,64734.35,64764.0,64734.34,64762.18,17.63781
2026-08-18 18:21:00,64762.18,64790.32,64762.17,64784.89,15.66637
2026-08-18 18:24:00,64784.89,64785.0,64781.3,64784.99,3.60248
2026-08-18 18:27:00,64785.0,64806.0,64784.99,64799.74,7.81107
2026-08-18 18:30:00,64799.75,64800.3,64777.63,64777.64,5.72551
2026-08-18 18:33:00,64777.64,64785.1,64773.72,64785.1,10.63326
2026-08-18 18:36:00,64785.09,64822.0,64785.09,64793.77,20.46531
2026-08-18 18:39:00,64793.76,64794.83,64790.33,64790.34,8.29447
2026-08-18 18:42:00,64790.34,64790.34,64760.0,64760.01,8.39499
2026-08-18 18:45:00,64760.0,64791.99,64753.52,64791.99,14.14206
2026-08-18 18:48:00,64792.0,64796.13,64783.0,64783.01,5.31606
2026-08-18 18:51:00,64783.01,64800.0,64778.0,64778.0,20.56515
2026-08-18 18:54:00,64778.0,64778.01,64764.24,64766.06,4.15116
2026-08-18 18:57:00,64766.06,64772.0,64766.05,64772.0,2.63456
2026-08-18 19:00:00,64771.99,64772.0,64749.5,64749.5,11.48005
2026-08-18 19:03:00,64749.5,64757.99,64742.97,64749.14,5.41345
2026-08-18 19:06:00,64749.15,64751.23,64742.83,64742.84,9.69628
2026-08-18 19:09:00,64742.84,64742.84,64716.0,64726.0,10.90931
2026-08-18 19:12:00,64725.99,64726.0,64716.04,64719.31,4.6968
2026-08-18 19:15:00,64719.31,64719.32,64705.89,64713.05,5.73348
2026-08-18 19:18:00,64713.04,64722.09,64713.04,64722.08,7.87257
2026-08-18 19:21:00,64722.09,64733.44,64722.08,64733.43,6.03272
2026-08-18 19:24:00,64733.44,64760.01,64733.43,64760.01,3.82359
2026-08-18 19:27:00,64760.01,64796.0,64760.0,64779.62,12.00794
2026-08-18 19:30:00,64779.62,64779.63,64746.13,64746.14,14.98412
2026-08-18 19:33:00,64746.13,64747.19,64735.62,64735.62,9.04176
2026-08-18 19:36:00,64735.62,64740.17,64725.09,64725.09,5.79487
2026-08-18 19:39:00,64725.1,64725.1,64680.01,64680.01,8.1742
2026-08-18 19:42:00,64680.01,64680.01,64676.0,64676.0,9.06238
2026-08-18 19:45:00,64676.0,64683.41,64674.0,64683.4,4.24112
2026-08-18 19:48:00,64683.4,64683.41,64661.66,64669.37,10.59359
2026-08-18 19:51:00,64669.38,64683.41,64669.37,64681.66,7.12078
2026-08-18 19:54:00,64681.65,64681.66,64651.58,64656.49,19.812
2026-08-18 19:57:00,64656.48,64656.49,64642.36,64643.26,18.60753
2026-08-18 20:00:00,64643.27,64654.87,64620.06,64643.57,18.19149
2026-08-18 20:03:00,64643.58,64643.58,64592.0,64592.0,12.44718
2026-08-18 20:06:00,64592.01,64625.24,64592.0,64625.23,10.9627
2026-08-18 20:09:00,64625.23,64643.48,64625.23,64634.78,8.98011
2026-08-18 20:12:00,64634.78,64653.35,64634.78,64653.35,2.4144
2026-08-18 20:15:00,64653.35,64653.35,64641.65,64641.65,6.34447
2026-08-18 20:18:00,64641.66,64641.66,64630.0,64630.0,3.55191
2026-08-18 20:21:00,64630.0,64632.27,64616.94,64632.26,15.13141
2026-08-18 20:24:00,64632.26,64632.27,64631.83,64631.83,1.62815
2026-08-18 20:27:00,64631.84,64631.84,64614.1,64614.1,7.37233
2026-08-18 20:30:00,64614.11,64621.99,64601.05,64621.99,8.06678
2026-08-18 20:33:00,64622.0,64647.99,64622.0,64627.23,11.64728
2026-08-18 20:36:00,64627.24,64635.77,64627.23,64635.76,3.46223
2026-08-18 20:39:00,64635.77,64635.77,64622.12,64622.12,5.99866
2026-08-18 20:42:00,64622.13,64622.13,64611.04,64611.04,3.32082
2026-08-18 20:45:00,64611.04,64617.64,64594.83,64594.84,15.9642
2026-08-18 20:48:00,64594.83,64610.14,64584.0,64590.0,17.31919
2026-08-18 20:51:00,64589.99,64600.0,64568.0,64599.99,22.36994
2026-08-18 20:54:00,64599.99,64610.0,64599.99,64609.99,6.34265
2026-08-18 20:57:00,64610.0,64610.0,64582.38,64582.39,10.40491
2026-08-18 21:00:00,64582.38,64604.0,64582.38,64604.0,10.09899
2026-08-18 21:03:00,64604.0,64608.2,64603.99,64608.19,1.6957
2026-08-18 21:06:00,64608.2,64624.37,64608.19,64624.37,3.64598
2026-08-18 21:09:00,64624.37,64638.01,64624.36,64638.01,2.38653
2026-08-18 21:12:00,64638.0,64653.97,64624.37,64624.38,14.92352
2026-08-18 21:15:00,64624.38,64624.38,64612.0,64612.01,25.44528
2026-08-18 21:18:00,64612.0,64612.01,64607.68,64607.69,13.03075
2026-08-18 21:21:00,64607.69,64612.0,64607.68,64612.0,4.31057
2026-08-18 21:24:00,64611.99,64624.38,64611.99,64624.37,6.96566
2026-08-18 21:27:00,64624.38,64624.38,64624.37,64624.38,3.38802
2026-08-18 21:30:00,64624.38,64624.38,64616.0,64616.01,5.31598
2026-08-18 21:33:00,64616.0,64616.01,64605.18,64605.19,13.30424
2026-08-18 21:36:00,64605.19,64605.19,64587.1,64587.1,7.47221
2026-08-18 21:39:00,64587.1,64592.0,64579.12,64591.58,9.67319
2026-08-18 21:42:00,64591.58,64603.79,64571.48,64583.37,20.76904
2026-08-18 21:45:00,64583.37,64610.54,64577.32,64602.0,13.45737
2026-08-18 21:48:00,64601.99,64611.94,64594.44,64611.93,5.16052
2026-08-18 21:51:00,64611.94,64612.46,64593.73,64597.21,11.20178
2026-08-18 21:54:00,64597.21,64599.35,64581.96,64581.96,6.93379
2026-08-18 21:57:00,64581.96,64604.59,64581.96,64604.58,8.49313
2026-08-18 22:00:00,64604.58,64604.59,64576.0,64596.04,11.97775
2026-08-18 22:03:00,64596.04,64597.03,64568.77,64573.29,10.64036
2026-08-18 22:06:00,64573.29,64576.39,64573.28,64573.29,2.59888
2026-08-18 22:09:00,64573.28,64599.48,64573.28,64599.13,6.93157
2026-08-18 22:12:00,64599.13,64608.0,64571.95,64571.96,12.28378
2026-08-18 22:15:00,64571.96,64571.96,64568.0,64571.94,6.44275
2026-08-18 22:18:00,64571.95,64590.0,64571.94,64590.0,3.25736
2026-08-18 22:21:00,64590.0,64604.0,64590.0,64598.89,3.00134
2026-08-18 22:24:00,64598.89,64598.9,64562.25,64585.12,24.67353
2026-08-18 22:27:00,64585.13,64592.14,64581.39,64592.13,5.55381
2026-08-18 22:30:00,64592.14,64601.25,64592.13,64596.08,5.31235
2026-08-18 22:33:00,64596.09,64621.57,64595.26,64621.56,8.96874
2026-08-18 22:36:00,64621.57,64621.57,64608.6,64620.0,10.78661
2026-08-18 22:39:00,64620.0,64648.0,64619.99,64637.69,19.56781
2026-08-18 22:42:00,64637.7,64637.7,64637.69,64637.69,8.10791
2026-08-18 22:45:00,64637.7,64637.7,64624.98,64624.99,4.26854
2026-08-18 22:48:00,64624.99,64624.99,64623.96,64623.97,8.73185
2026-08-18 22:51:00,64623.96,64623.97,64617.39,64617.39,13.16252
2026-08-18 22:54:00,64617.4,64624.99,64601.8,64624.99,19.63744
2026-08-18 22:57:00,64624.99,64634.0,64624.89,64634.0,14.18932
2026-08-18 23:00:00,64634.0,64670.0,64631.15,64665.92,21.17416
2026-08-18 23:03:00,64665.93,64710.75,64665.93,64694.86,41.4547
2026-08-18 23:06:00,64694.86,64694.86,64669.92,64669.93,10.99537
2026-08-18 23:09:00,64669.93,64673.85,64669.92,64673.85,4.34433
2026-08-18 23:12:00,64673.85,64699.55,64673.84,64696.25,6.73443
2026-08-18 23:15:00,64696.25,64711.29,64696.24,64708.69,4.6904
2026-08-18 23:18:00,64708.69,64708.69,64700.65,64702.98,3.27581
2026-08-18 23:21:00,64702.98,64716.0,64702.98,64716.0,3.131
2026-08-18 23:24:00,64716.0,64732.0,64716.0,64729.28,12.70419
2026-08-18 23:27:00,64729.27,64729.28,64722.74,64722.81,3.44941
2026-08-18 23:30:00,64722.81,64731.98,64722.8,64731.97,9.05721
2026-08-18 23:33:00,64731.98,64754.61,64731.97,64754.61,11.30597
2026-08-18 23:36:00,64754.6,64754.61,64749.99,64753.53,4.50189
2026-08-18 23:39:00,64753.53,64753.54,64753.53,64753.53,6.24832
2026-08-18 23:42:00,64753.53,64775.43,64753.53,64773.35,11.46827
2026-08-18 23:45:00,64773.34,64780.0,64744.0,64744.0,36.15384
2026-08-18 23:48:00,64744.01,64758.72,64742.4,64758.72,2.5486
2026-08-18 23:51:00,64758.72,64758.72,64735.04,64744.82,10.38263
2026-08-18 23:54:00,64744.83,64744.83,64728.03,64728.03,7.0958
2026-08-18 23:57:00,64728.04,64728.04,64725.41,64725.42,3.14247
2026-08-19 00:00:00,64725.42,64736.27,64700.0,64700.0,31.15352
2026-08-19 00:03:00,64700.01,64700.01,64619.13,64622.26,19.1961
2026-08-19 00:06:00,64622.25,64650.76,64602.0,64650.75,14.15518
2026-08-19 00:09:00,64650.75,64650.76,64602.0,64604.08,10.49175
2026-08-19 00:12:00,64604.08,64604.08,64582.97,64582.97,7.42338
2026-08-19 00:15:00,64582.97,64588.87,64548.0,64588.87,15.91919
2026-08-19 00:18:00,64588.86,64617.99,64575.71,64617.99,12.43432
2026-08-19 00:21:00,64618.0,64668.0,64612.98,64628.01,21.5348
2026-08-19 00:24:00,64628.0,64628.0,64580.0,64593.98,9.27386
2026-08-19 00:27:00,64593.99,64604.0,64593.73,64603.79,4.06873
2026-08-19 00:30:00,64603.79,64643.0,64603.79,64643.0,5.86164
2026-08-19 00:33:00,64643.0,64654.1,64642.0,64649.98,8.15958
2026-08-19 00:36:00,64649.99,64654.0,64630.17,64653.99,6.22044
2026-08-19 00:39:00,64653.99,64654.0,64570.0,64570.0,9.89769
2026-08-19 00:42:00,64570.0,64570.0,64549.0,64563.1,11.39589
2026-08-19 00:45:00,64563.1,64564.93,64550.0,64558.96,6.85898
2026-08-19 00:48:00,64558.97,64581.41,64511.0,64536.68,15.97764
2026-08-19 00:51:00,64536.69,64540.0,64520.28,64537.06,6.52214
2026-08-19 00:54:00,64537.06,64537.06,64526.01,64526.01,5.12655
2026-08-19 00:57:00,64526.01,64526.02,64488.0,64488.0,26.1338
2026-08-19 01:00:00,64488.0,64488.01,64440.0,64444.0,20.41172
2026-08-19 01:03:00,64444.0,64451.43,64436.0,64436.0,15.62929
2026-08-19 01:06:00,64436.01,64534.77,64436.0,64510.23,58.93166
2026-08-19 01:09:00,64510.24,64551.47,64510.23,64526.0,25.15479
2026-08-19 01:12:00,64525.99,64530.0,64496.0,64530.0,9.74531
2026-08-19 01:15:00,64530.0,64530.0,64480.0,64480.0,5.69964
2026-08-19 01:18:00,64480.01,64526.0,64463.05,64525.99,10.10699
2026-08-19 01:21:00,64525.99,64530.0,64490.0,64490.01,32.16886
2026-08-19 01:24:00,64490.01,64500.71,64450.0,64485.99,13.75273
2026-08-19 01:27:00,64486.0,64522.81,64480.0,64487.16,12.02288
2026-08-19 01:30:00,64487.16,64490.0,64454.32,64462.0,6.25997
2026-08-19 01:33:00,64462.0,64489.65,64461.58,64462.76,6.70358
2026-08-19 01:36:00,64462.76,64467.56,64456.24,64460.44,9.66546
2026-08-19 01:39:00,64460.44,64460.45,64446.4,64446.4,5.62996
2026-08-19 01:42:00,64446.1,64446.1,64396.0,64415.72,29.34109
2026-08-19 01:45:00,64415.71,64415.75,64410.13,64411.95,8.54293
2026-08-19 01:48:00,64411.95,64412.0,64389.27,64404.48,10.46323
2026-08-19 01:51:00,64404.48,64430.0,64404.48,64427.05,10.23569
2026-08-19 01:54:00,64427.05,64440.56,64419.68,64419.68,9.49936
2026-08-19 01:57:00,64419.68,64419.69,64392.0,64400.48,14.31626
2026-08-19 02:00:00,64400.47,64400.47,64368.0,64376.71,23.21089
2026-08-19 02:03:00,64376.71,64385.27,64366.99,64367.0,8.16619
2026-08-19 02:06:00,64367.0,64380.0,64360.0,64361.03,10.83424
2026-08-19 02:09:00,64361.04,64378.0,64360.0,64378.0,6.00064
2026-08-19 02:12:00,64378.0,64413.01,64378.0,64405.44,148.00601
2026-08-19 02:15:00,64405.44,64405.44,64360.71,64360.72,17.98368
2026-08-19 02:18:00,64360.72,64364.84,64350.0,64355.14,13.81627
2026-08-19 02:21:00,64355.14,64391.07,64355.14,64387.1,14.77721
2026-08-19 02:24:00,64387.1,64413.86,64387.1,64413.85,26.15542
2026-08-19 02:27:00,64413.86,64413.86,64384.57,64389.71,86.81698
2026-08-19 02:30:00,64389.71,64401.1,64383.56,64383.57,17.77525
2026-08-19 02:33:00,64383.56,64397.99,64373.92,64397.99,10.82614
2026-08-19 02:36:00,64398.0,64408.04,64394.0,64394.01,14.86024
2026-08-19 02:39:00,64394.01,64407.5,64384.51,64384.51,9.48899
2026-08-19 02:42:00,64384.52,64390.68,64384.51,64385.51,17.28578
2026-08-19 02:45:00,64385.51,64414.65,64385.5,64389.99,37.81677
2026-08-19 02:48:00,64389.99,64389.99,64370.8,64370.8,57.36371
2026-08-19 02:51:00,64370.81,64370.81,64356.24,64356.24,3.47746
2026-08-19 02:54:00,64356.25,64366.0,64350.28,64366.0,16.66701
2026-08-19 02:57:00,64365.99,64366.0,64351.9,64351.9,6.60946
2026-08-19 03:00:00,64351.86,64351.86,64341.36,64350.85,9.64867
2026-08-19 03:03:00,64350.85,64357.55,64316.0,64316.01,17.33608
2026-08-19 03:06:00,64316.0,64316.01,64284.3,64287.39,20.11188
2026-08-19 03:09:00,64287.39,64312.92,64278.0,64312.92,36.35095
2026-08-19 03:12:00,64313.02,64348.65,64313.02,64348.65,11.77435
2026-08-19 03:15:00,64348.64,64400.0,64348.64,64374.85,42.08543
2026-08-19 03:18:00,64374.85,64411.86,64374.85,64411.86,11.97098
2026-08-19 03:21:00,64411.86,64414.0,64380.95,64380.95,15.12049
2026-08-19 03:24:00,64380.94,64380.94,64360.0,64360.0,7.25026
2026-08-19 03:27:00,64360.01,64365.55,64360.0,64361.78,5.57249
2026-08-19 03:30:00,64361.77,64361.78,64356.35,64356.36,6.05147
2026-08-19 03:33:00,64356.36,64361.78,64341.1,64352.46,8.63404
2026-08-19 03:36:00,64352.45,64352.45,64338.74,64338.74,3.93445
2026-08-19 03:39:00,64338.75,64344.71,64330.1,64338.51,12.50354
2026-08-19 03:42:00,64338.51,64347.96,64338.5,64339.19,9.84308
2026-08-19 03:45:00,64339.18,64357.01,64335.29,64357.0,8.23111
2026-08-19 03:48:00,64357.01,64370.36,64340.4,64370.35,10.05607
2026-08-19 03:51:00,64370.36,64370.36,64350.58,64355.24,4.80242
2026-08-19 03:54:00,64355.24,64355.24,64330.0,64335.99,9.7068
2026-08-19 03:57:00,64335.98,64335.99,64330.7,64330.71,7.71989
2026-08-19 04:00:00,64330.7,64330.7,64325.0,64325.0,4.10569
2026-08-19 04:03:00,64325.0,64325.0,64298.0,64303.76,19.54652
2026-08-19 04:06:00,64303.75,64303.76,64293.43,64295.5,7.01095
2026-08-19 04:09:00,64295.49,64322.0,64295.49,64322.0,6.79259
2026-08-19 04:12:00,64322.0,64322.0,64314.55,64314.55,8.39348
2026-08-19 04:15:00,64314.56,64345.26,64314.55,64345.26,9.93012
2026-08-19 04:18:00,64345.26,64374.0,64345.25,64374.0,5.62008
2026-08-19 04:21:00,64374.0,64391.8,64368.41,64368.42,13.57197
2026-08-19 04:24:00,64368.41,64371.43,64368.41,64371.42,2.95204
2026-08-19 04:27:00,64371.42,64371.43,64359.27,64359.27,7.35214
2026-08-19 04:30:00,64359.28,64359.28,64330.69,64330.97,13.3956
2026-08-19 04:33:00,64330.97,64367.84,64330.96,64367.83,6.03593
2026-08-19 04:36:00,64367.83,64367.84,64349.23,64349.23,5.85585
2026-08-19 04:39:00,64349.24,64349.24,64347.13,64347.14,9.99455
2026-08-19 04:42:00,64347.14,64376.29,64340.19,64350.0,243.09855
2026-08-19 04:45:00,64349.99,64371.97,64349.99,64366.99,7.79433
2026-08-19 04:48:00,64366.99,64367.0,64339.65,64339.66,8.00598
2026-08-19 04:51:00,64339.65,64339.65,64332.0,64336.13,5.13006
2026-08-19 04:54:00,64336.12,64336.12,64307.93,64307.93,13.82805
2026-08-19 04:57:00,64307.93,64316.22,64307.92,64316.22,3.65484
2026-08-19 05:00:00,64316.22,64328.64,64316.21,64328.64,8.28805
2026-08-19 05:03:00,64328.64,64377.5,64328.64,64377.5,23.38636
2026-08-19 05:06:00,64377.49,64377.5,64351.77,64370.87,12.56294
2026-08-19 05:09:00,64370.88,64409.93,64370.88,64409.93,22.40032
2026-08-19 05:12:00,64409.92,64409.93,64400.28,64406.13,20.96994
2026-08-19 05:15:00,64406.13,64406.14,64383.39,64383.39,17.32909
2026-08-19 05:18:00,64383.39,64383.4,64340.43,64340.43,12.62772
2026-08-19 05:21:00,64340.44,64349.31,64316.0,64328.77,15.75248
2026-08-19 05:24:00,64328.77,64359.19,64328.76,64359.18,10.35572
2026-08-19 05:27:00,64359.19,64362.0,64359.18,64360.6,4.02981
2026-08-19 05:30:00,64360.6,64360.6,64348.33,64348.34,2.97027
2026-08-19 05:33:00,64348.33,64348.34,64342.7,64342.71,9.77687
2026-08-19 05:36:00,64342.7,64342.7,64329.84,64329.84,3.23301
2026-08-19 05:39:00,64329.85,64338.0,64323.26,64323.27,7.42003
2026-08-19 05:42:00,64323.27,64323.27,64316.12,64316.13,18.43877
2026-08-19 05:45:00,64316.13,64317.16,64303.14,64303.14,6.57663
2026-08-19 05:48:00,64303.14,64303.15,64301.99,64302.0,9.15111
2026-08-19 05:51:00,64302.0,64306.0,64260.0,64260.01,24.06066
2026-08-19 05:54:00,64260.0,64260.06,64253.7,64260.06,14.53106
2026-08-19 05:57:00,64260.06,64260.06,64236.0,64236.01,14.45634
2026-08-19 06:00:00,64236.01,64249.04,64219.99,64221.1,23.71363
2026-08-19 06:03:00,64221.09,64222.63,64205.0,64222.63,10.47128
2026-08-19 06:06:00,64222.63,64222.63,64200.0,64200.0,9.49311
2026-08-19 06:09:00,64200.01,64200.01,64172.0,64177.56,21.01149
2026-08-19 06:12:00,64177.55,64177.56,64166.0,64176.59,12.89754
2026-08-19 06:15:00,64176.58,64242.0,64176.58,64236.0,23.55603
2026-08-19 06:18:00,64236.0,64264.93,64230.0,64264.93,13.14392
2026-08-19 06:21:00,64264.93,64297.01,64264.92,64282.46,18.24183
2026-08-19 06:24:00,64282.47,64303.46,64278.0,64278.0,16.75355
2026-08-19 06:27:00,64278.0,64278.01,64277.52,64277.52,10.31762
2026-08-19 06:30:00,64277.53,64284.4,64277.52,64279.05,22.22136
2026-08-19 06:33:00,64279.06,64280.08,64261.99,64274.25,52.72215
2026-08-19 06:36:00,64274.25,64287.57,64274.25,64287.38,4.88553
2026-08-19 06:39:00,64287.39,64293.8,64275.95,64275.96,11.94411
2026-08-19 06:42:00,64275.95,64281.99,64269.99,64270.0,47.27504
2026-08-19 06:45:00,64270.0,64289.07,64259.99,64280.0,133.14452
2026-08-19 06:48:00,64280.0,64337.93,64279.99,64297.51,59.58533
2026-08-19 06:51:00,64297.5,64314.59,64287.38,64314.59,8.6864
2026-08-19 06:54:00,64314.59,64344.0,64314.58,64343.99,13.6197
2026-08-19 06:57:00,64344.0,64344.0,64334.21,64339.8,17.71094
2026-08-19 07:00:00,64339.8,64347.38,64314.93,64314.94,10.69487
2026-08-19 07:03:00,64314.93,64315.93,64273.72,64293.06,23.88757
2026-08-19 07:06:00,64293.06,64293.07,64271.78,64285.15,15.66995
2026-08-19 07:09:00,64285.15,64356.0,64285.15,64355.99,37.92629
2026-08-19 07:12:00,64356.0,64394.74,64329.93,64363.57,294.60404
2026-08-19 07:15:00,64363.57,64363.57,64311.43,64311.43,16.34766
2026-08-19 07:18:00,64311.43,64320.82,64306.73,64320.82,7.08493
2026-08-19 07:21:00,64320.82,64338.0,64320.82,64337.99,20.49068
2026-08-19 07:24:00,64337.99,64366.0,64337.99,64356.0,20.82348
2026-08-19 07:27:00,64356.0,64356.01,64337.83,64342.58,61.21345
2026-08-19 07:30:00,64342.59,64342.59,64340.0,64340.01,19.14257
2026-08-19 07:33:00,64340.0,64380.03,64340.0,64380.02,14.71761
2026-08-19 07:36:00,64380.02,64388.0,64380.02,64382.7,5.82203
2026-08-19 07:39:00,64382.7,64395.78,64380.0,64386.23,19.68191
2026-08-19 07:42:00,64386.22,64386.23,64364.31,64364.31,13.63433
2026-08-19 07:45:00,64364.31,64374.0,64362.63,64366.01,7.13866
2026-08-19 07:48:00,64366.01,64366.02,64353.28,64358.27,9.25296
2026-08-19 07:51:00,64358.26,64358.27,64330.0,64330.01,10.23648
2026-08-19 07:54:00,64330.0,64330.01,64308.0,64308.0,17.12301
2026-08-19 07:57:00,64308.0,64308.01,64296.0,64296.0,5.17138
2026-08-19 08:00:00,64296.01,64297.22,64293.09,64297.22,5.95415
2026-08-19 08:03:00,64297.22,64307.64,64297.21,64307.64,26.46372
2026-08-19 08:06:00,64307.64,64325.93,64304.26,64304.27,14.94194
2026-08-19 08:09:00,64304.27,64304.27,64277.27,64277.28,12.09903
2026-08-19 08:12:00,64277.28,64277.28,64262.0,64262.0,62.09234
2026-08-19 08:15:00,64262.01,64272.0,64255.0,64271.99,11.42763
2026-08-19 08:18:00,64272.0,64287.29,64271.99,64287.28,4.54468
2026-08-19 08:21:00,64287.28,64287.29,64275.22,64275.22,13.49515
2026-08-19 08:24:00,64275.22,64283.54,64272.92,64283.53,15.53132
2026-08-19 08:27:00,64283.53,64288.0,64279.0,64288.0,21.65674
2026-08-19 08:30:00,64288.0,64366.91,64287.99,64366.91,24.8162
2026-08-19 08:33:00,64366.92,64376.0,64364.89,64376.0,8.8898
2026-08-19 08:36:00,64375.99,64487.85,64375.99,64487.85,32.03439
2026-08-19 08:39:00,64487.84,64510.95,64435.36,64435.36,52.1083
2026-08-19 08:42:00,64435.37,64465.29,64435.36,64450.12,15.35267
2026-08-19 08:45:00,64450.12,64471.2,64450.12,64469.6,9.60188
2026-08-19 08:48:00,64469.61,64473.58,64458.33,64458.33,17.69228
2026-08-19 08:51:00,64458.34,64458.34,64453.23,64458.33,6.88245
2026-08-19 08:54:00,64458.32,64458.33,64433.43,64433.44,13.65465
2026-08-19 08:57:00,64433.43,64433.44,64413.95,64413.95,11.99232
2026-08-19 09:00:00,64413.95,64440.72,64413.35,64436.42,47.65719
2026-08-19 09:03:00,64436.41,64470.66,64436.41,64455.51,19.6963
2026-08-19 09:06:00,64455.51,64455.52,64410.01,64410.01,9.08485
2026-08-19 09:09:00,64410.0,64424.0,64402.07,64423.99,6.93935
2026-08-19 09:12:00,64423.99,64433.33,64391.64,64391.64,16.10491
2026-08-19 09:15:00,64391.64,64399.0,64374.0,64398.99,11.56999
2026-08-19 09:18:00,64398.99,64416.0,64398.99,64410.01,12.60154
2026-08-19 09:21:00,64410.0,64411.55,64400.0,64400.0,8.01827
2026-08-19 09:24:00,64400.01,64400.01,64382.33,64382.34,16.78482
2026-08-19 09:27:00,64382.33,64383.0,64382.33,64382.99,3.6809
2026-08-19 09:30:00,64383.0,64389.52,64382.99,64389.52,3.71619
2026-08-19 09:33:00,64389.52,64395.61,64389.51,64395.6,2.58051
2026-08-19 09:36:00,64395.6,64395.61,64383.05,64383.06,14.11971
2026-08-19 09:39:00,64383.06,64383.06,64381.19,64381.19,3.53488
2026-08-19 09:42:00,64381.19,64381.2,64360.7,64365.09,24.96819
2026-08-19 09:45:00,64365.1,64368.19,64365.09,64368.18,1.89694
2026-08-19 09:48:00,64368.19,64379.16,64368.18,64379.16,5.59799
2026-08-19 09:51:00,64379.15,64379.16,64379.15,64379.16,3.31846
2026-08-19 09:54:00,64379.16,64413.78,64379.16,64413.77,6.80801
2026-08-19 09:57:00,64413.78,64427.07,64413.77,64427.06,9.5161
2026-08-19 10:00:00,64427.07,64427.07,64410.24,64410.25,9.3995
2026-08-19 10:03:00,64410.25,64410.25,64401.73,64401.74,7.89203
2026-08-19 10:06:00,64401.73,64401.74,64393.52,64393.53,4.24339
2026-08-19 10:09:00,64393.52,64393.53,64377.51,64379.7,10.4651
2026-08-19 10:12:00,64379.7,64389.96,64377.51,64389.96,9.23526
2026-08-19 10:15:00,64389.96,64389.96,64389.95,64389.95,5.14555
2026-08-19 10:18:00,64389.95,64393.53,64389.95,64393.53,3.13443
2026-08-19 10:21:00,64393.53,64398.07,64384.0,64384.0,10.97206
2026-08-19 10:24:00,64384.0,64384.01,64373.24,64373.24,7.47781
2026-08-19 10:27:00,64373.25,64397.03,64373.24,64397.02,8.48975
2026-08-19 10:30:00,64397.02,64397.03,64381.25,64393.0,9.00294
2026-08-19 10:33:00,64393.01,64404.0,64393.0,64403.99,12.57264
2026-08-19 10:36:00,64403.99,64422.17,64403.99,64422.01,30.88406
2026-08-19 10:39:00,64422.01,64422.01,64401.38,64401.39,66.34934
2026-08-19 10:42:00,64401.39,64409.76,64401.38,64409.75,3.81615
2026-08-19 10:45:00,64409.75,64414.95,64403.03,64414.94,6.31983
2026-08-19 10:48:00,64414.94,64417.53,64404.6,64417.53,16.98676
2026-08-19 10:51:00,64417.53,64417.53,64417.52,64417.53,1.68741
2026-08-19 10:54:00,64417.53,64438.57,64397.9,64428.02,24.29277
2026-08-19 10:57:00,64428.03,64456.71,64428.02,64456.71,14.48193
2026-08-19 11:00:00,64456.71,64470.0,64454.99,64470.0,11.2148
2026-08-19 11:03:00,64469.99,64515.74,64469.99,64503.99,31.57004
2026-08-19 11:06:00,64503.98,64539.05,64503.98,64531.39,24.62169
2026-08-19 11:09:00,64531.39,64531.4,64506.24,64521.05,12.58866
2026-08-19 11:12:00,64521.05,64521.06,64482.96,64506.88,28.10802
2026-08-19 11:15:00,64506.87,64506.88,64480.35,64486.65,10.32572
2026-08-19 11:18:00,64486.65,64511.66,64486.65,64511.66,30.9877
2026-08-19 11:21:00,64511.66,64522.48,64499.13,64522.47,10.57374
2026-08-19 11:24:00,64522.47,64526.71,64522.47,64526.7,5.90941
2026-08-19 11:27:00,64526.71,64526.71,64506.78,64506.78,8.92043
2026-08-19 11:30:00,64506.78,64520.0,64506.78,64519.99,4.81552
2026-08-19 11:33:00,64520.0,64523.86,64504.2,64507.56,5.44062
2026-08-19 11:36:00,64507.56,64516.07,64494.99,64500.86,9.72018
2026-08-19 11:39:00,64500.86,64500.86,64491.65,64491.65,7.0307
2026-08-19 11:42:00,64491.66,64491.66,64461.54,64471.2,26.75796
2026-08-19 11:45:00,64471.2,64489.0,64471.19,64488.99,7.37783
2026-08-19 11:48:00,64488.99,64507.16,64488.99,64507.16,7.30395
2026-08-19 11:51:00,64507.16,64527.23,64486.3,64489.99,17.22412
2026-08-19 11:54:00,64489.99,64515.63,64474.03,64515.62,20.28502
2026-08-19 11:57:00,64515.62,64515.63,64515.62,64515.63,5.24617
2026-08-19 12:00:00,64515.62,64515.63,64490.05,64504.49,16.29704
2026-08-19 12:03:00,64504.5,64504.5,64476.0,64476.01,8.73449
2026-08-19 12:06:00,64476.0,64515.26,64474.86,64515.26,8.11494
2026-08-19 12:09:00,64515.25,64515.26,64494.01,64494.02,4.56046
2026-08-19 12:12:00,64494.02,64505.81,64487.72,64505.8,3.89874
2026-08-19 12:15:00,64505.81,64505.81,64490.02,64493.66,10.23986
2026-08-19 12:18:00,64493.67,64501.26,64488.63,64493.98,4.97194
2026-08-19 12:21:00,64493.98,64499.07,64493.97,64499.06,4.46509
2026-08-19 12:24:00,64499.07,64499.07,64493.47,64493.48,2.69971
2026-08-19 12:27:00,64493.48,64499.07,64493.47,64493.52,2.94839
2026-08-19 12:30:00,64493.53,64507.35,64481.59,64503.99,13.94394
2026-08-19 12:33:00,64503.99,64673.45,64503.99,64650.5,130.72937
2026-08-19 12:36:00,64650.5,64759.52,64646.53,64719.22,136.6065
2026-08-19 12:39:00,64719.22,64774.79,64707.59,64773.93,38.81319
2026-08-19 12:42:00,64773.93,64947.49,64773.93,64943.45,108.98973
2026-08-19 12:45:00,64943.42,64975.0,64908.54,64955.51,118.44745
2026-08-19 12:48:00,64955.5,64988.0,64922.59,64951.99,65.32603
2026-08-19 12:51:00,64951.99,64955.18,64826.35,64873.99,43.4353
2026-08-19 12:54:00,64873.99,64874.0,64828.69,64849.98,32.19344
2026-08-19 12:57:00,64849.98,64890.96,64843.0,64882.15,29.6829
2026-08-19 13:00:00,64882.15,64888.32,64793.29,64793.31,31.56259
2026-08-19 13:03:00,64793.31,64810.0,64793.29,64793.3,21.38696
2026-08-19 13:06:00,64793.29,64854.02,64793.29,64854.01,21.14843
2026-08-19 13:09:00,64854.02,64980.0,64854.01,64974.58,78.65336
2026-08-19 13:12:00,64974.58,64990.1,64920.53,64920.53,70.86429
2026-08-19 13:15:00,64920.54,64948.07,64918.43,64933.39,32.54382
2026-08-19 13:18:00,64933.39,64980.0,64924.34,64969.96,39.55345
2026-08-19 13:21:00,64969.95,65009.18,64969.95,64972.47,77.24656
2026-08-19 13:24:00,64972.47,64989.84,64930.0,64940.37,35.57787
2026-08-19 13:27:00,64940.37,65035.8,64937.24,65005.36,40.31107
2026-08-19 13:30:00,65005.37,65217.86,64969.31,65152.0,360.77968
2026-08-19 13:33:00,65152.0,65152.01,65004.0,65073.99,85.01139
2026-08-19 13:36:00,65073.98,65073.99,64825.22,64877.99,121.00791
2026-08-19 13:39:00,64877.99,64884.0,64808.0,64808.0,91.73525
2026-08-19 13:42:00,64808.01,65100.0,64808.01,65044.01,69.96294
2026-08-19 13:45:00,65044.01,65174.55,65001.67,65150.0,114.99607
2026-08-19 13:48:00,65150.01,65180.0,65023.55,65092.01,141.36251
2026-08-19 13:51:00,65092.01,65099.84,64988.0,65034.9,65.65355
2026-08-19 13:54:00,65034.89,65072.51,64988.29,65019.23,34.01639
2026-08-19 13:57:00,65019.23,65064.0,64986.22,65012.12,86.09318
2026-08-19 14:00:00,65012.12,65076.25,65012.11,65056.36,44.37049
2026-08-19 14:03:00,65056.35,65253.77,65056.35,65248.2,131.66726
2026-08-19 14:06:00,65248.2,65356.32,65210.47,65314.01,150.76981
2026-08-19 14:09:00,65314.0,65440.0,65314.0,65403.65,193.64331
2026-08-19 14:12:00,65403.64,65407.45,65308.0,65407.43,107.75585
2026-08-19 14:15:00,65407.43,65473.0,65378.23,65382.36,117.93333
2026-08-19 14:18:00,65382.37,65456.95,65322.17,65448.24,80.8112
2026-08-19 14:21:00,65448.25,65448.26,65325.42,65426.0,57.90086
2026-08-19 14:24:00,65426.0,65440.0,65328.02,65337.72,93.54698
2026-08-19 14:27:00,65337.71,65442.81,65337.71,65410.89,58.10694
2026-08-19 14:30:00,65410.89,65422.0,65356.0,65381.12,59.67461
2026-08-19 14:33:00,65381.13,65424.18,65350.0,65424.17,43.4179
2026-08-19 14:36:00,65424.17,65505.48,65424.17,65493.27,172.54221
2026-08-19 14:39:00,65493.26,65502.0,65440.68,65444.25,102.28872
2026-08-19 14:42:00,65444.26,65470.0,65411.33,65456.96,44.8931
2026-08-19 14:45:00,65456.97,65541.83,65446.0,65520.17,85.54313
2026-08-19 14:48:00,65520.18,65592.95,65480.92,65592.94,104.75524
2026-08-19 14:51:00,65592.94,65679.99,65568.0,65679.98,217.58027
2026-08-19 14:54:00,65679.99,65959.99,65664.0,65883.96,370.35989
2026-08-19 14:57:00,65884.0,65970.0,65878.37,65923.21,128.00683
2026-08-19 15:00:00,65923.21,66034.0,65892.0,66000.01,311.72049
2026-08-19 15:03:00,66000.0,66434.58,65976.22,66391.79,348.91355
2026-08-19 15:06:00,66391.79,66533.0,66346.01,66443.99,390.10228
2026-08-19 15:09:00,66443.99,66528.75,66428.61,66509.99,162.7203
2026-08-19 15:12:00,66509.99,66799.66,66490.65,66654.0,314.59767
2026-08-19 15:15:00,66654.0,66844.99,66583.22,66662.0,215.77595
2026-08-19 15:18:00,66662.01,66794.0,66592.3,66794.0,148.83166
2026-08-19 15:21:00,66793.99,66969.0,66744.16,66929.42,246.95711
2026-08-19 15:24:00,66929.42,67580.0,66929.42,67580.0,855.98951
2026-08-19 15:27:00,67580.0,69500.0,67507.22,68291.89,2566.09245
2026-08-19 15:30:00,68292.16,68326.77,67718.27,68113.0,1187.4713
2026-08-19 15:33:00,68113.01,68618.0,68083.79,68272.4,485.84554
2026-08-19 15:36:00,68272.4,68572.73,68234.06,68491.18,373.81595
2026-08-19 15:39:00,68491.17,68865.82,68490.4,68749.45,315.86078
2026-08-19 15:42:00,68749.44,68779.36,68536.96,68679.98,237.27093
2026-08-19 15:45:00,68679.62,68686.34,68374.0,68488.92,280.05138
2026-08-19 15:48:00,68488.92,68640.01,68436.75,68640.0,287.87262
2026-08-19 15:51:00,68640.0,68640.0,68315.78,68361.24,165.2543
2026-08-19 15:54:00,68361.24,68486.46,68234.19,68456.16,250.44699
2026-08-19 15:57:00,68456.16,68597.52,68456.16,68554.0,117.27889
2026-08-19 16:00:00,68554.0,68718.61,68529.85,68662.72,194.26566
2026-08-19 16:03:00,68662.71,68997.0,68525.45,68796.09,246.75431
2026-08-19 16:06:00,68796.09,68830.99,68708.28,68740.69,90.51416
2026-08-19 16:09:00,68740.7,68770.0,68600.14,68644.75,76.98968
2026-08-19 16:12:00,68644.75,68644.76,68529.99,68565.53,75.92671
2026-08-19 16:15:00,68565.54,68748.49,68565.53,68664.18,107.1536
2026-08-19 16:18:00,68664.18,68733.21,68662.4,68720.19,60.91222
2026-08-19 16:21:00,68720.18,68720.19,68591.52,68716.4,88.42364
2026-08-19 16:24:00,68716.39,68899.96,68716.39,68856.85,146.03959
2026-08-19 16:27:00,68856.85,68921.42,68846.76,68892.66,83.59907
2026-08-19 16:30:00,68892.66,68892.67,68714.28,68824.26,52.55128
2026-08-19 16:33:00,68824.27,68850.45,68728.07,68804.98,54.09225
2026-08-19 16:36:00,68804.99,68815.17,68752.08,68752.09,51.20755
2026-08-19 16:39:00,68752.09,68752.09,68551.16,68610.89,104.80453
2026-08-19 16:42:00,68610.89,68663.45,68567.79,68589.64,48.53876
2026-08-19 16:45:00,68589.64,68663.74,68566.8,68650.0,73.60169
2026-08-19 16:48:00,68650.17,68704.14,68647.1,68673.84,94.6892
2026-08-19 16:51:00,68673.83,68673.84,68598.85,68617.7,94.86796
2026-08-19 16:54:00,68617.7,68617.7,68566.34,68589.27,129.88353
2026-08-19 16:57:00,68589.27,68589.27,68416.36,68465.27,138.76979
2026-08-19 17:00:00,68465.26,68546.22,68367.74,68369.47,149.20022
2026-08-19 17:03:00,68369.48,68462.67,68288.75,68428.33,157.7415
2026-08-19 17:06:00,68428.32,68428.33,68226.69,68242.16,132.14166
2026-08-19 17:09:00,68242.16,68372.64,68224.46,68252.88,105.97202
2026-08-19 17:12:00,68252.89,68369.0,68224.0,68242.39,74.59175
2026-08-19 17:15:00,68242.38,68314.85,68120.49,68125.94,79.05795
2026-08-19 17:18:00,68125.94,68162.21,68019.74,68060.8,137.79691
2026-08-19 17:21:00,68060.8,68064.65,67958.01,67960.32,69.71239
2026-08-19 17:24:00,67960.32,67969.44,67897.48,67918.0,119.3015
2026-08-19 17:27:00,67917.99,68015.61,67836.01,68005.9,90.67666
2026-08-19 17:30:00,68005.91,68036.36,67825.07,67825.07,85.73822
2026-08-19 17:33:00,67825.06,68034.3,67825.03,68029.95,100.73372
2026-08-19 17:36:00,68029.95,68049.54,67984.05,68019.97,54.32539
2026-08-19 17:39:00,68019.98,68052.06,67995.26,68012.63,51.29834
2026-08-19 17:42:00,68012.62,68045.35,68012.62,68045.35,32.20768
2026-08-19 17:45:00,68045.35,68170.0,68044.78,68154.18,62.84432
2026-08-19 17:48:00,68154.19,68254.44,68154.18,68215.15,59.75784
2026-08-19 17:51:00,68215.14,68227.6,68176.81,68203.24,34.68564
2026-08-19 17:54:00,68203.25,68250.0,68188.48,68233.99,73.29568
2026-08-19 17:57:00,68233.99,68261.4,68192.44,68197.29,37.38546
2026-08-19 18:00:00,68197.3,68250.76,68158.82,68242.61,54.28814
2026-08-19 18:03:00,68242.6,68248.0,68143.01,68171.53,57.71941
2026-08-19 18:06:00,68171.52,68192.92,68142.67,68142.92,49.10858
2026-08-19 18:09:00,68142.91,68142.92,68042.0,68084.0,50.69188
2026-08-19 18:12:00,68084.0,68193.99,68068.66,68193.4,34.24225
2026-08-19 18:15:00,68193.4,68260.0,68177.96,68247.93,33.373
2026-08-19 18:18:00,68247.92,68320.75,68239.3,68312.27,38.52281
2026-08-19 18:21:00,68312.28,68320.75,68254.0,68284.0,17.08601
2026-08-19 18:24:00,68284.01,68310.0,68256.0,68295.57,16.1793
2026-08-19 18:27:00,68295.58,68313.8,68260.85,68279.63,19.49978
2026-08-19 18:30:00,68279.63,68279.63,68225.29,68261.76,28.82469
2026-08-19 18:33:00,68261.76,68303.99,68260.96,68283.98,15.08396
2026-08-19 18:36:00,68283.98,68294.0,68236.0,68271.99,29.90417
2026-08-19 18:39:00,68272.0,68363.26,68265.1,68342.01,21.04732
2026-08-19 18:42:00,68342.01,68434.0,68342.0,68431.41,35.51497
2026-08-19 18:45:00,68431.42,68453.43,68389.11,68401.99,20.54836
2026-08-19 18:48:00,68401.98,68446.51,68401.98,68418.4,34.23846
2026-08-19 18:51:00,68418.4,68419.99,68352.25,68392.3,19.43622
2026-08-19 18:54:00,68392.3,68412.0,68322.0,68322.0,21.05287
2026-08-19 18:57:00,68322.0,68398.5,68322.0,68395.99,29.6507
2026-08-19 19:00:00,68396.0,68422.0,68360.0,68396.12,24.21945
2026-08-19 19:03:00,68396.13,68420.0,68358.52,68373.72,31.8845
2026-08-19 19:06:00,68373.72,68430.09,68364.0,68430.08,31.87375
2026-08-19 19:09:00,68430.08,68444.52,68352.0,68432.0,32.75974
2026-08-19 19:12:00,68431.99,68453.86,68103.71,68122.01,101.50391
2026-08-19 19:15:00,68122.01,68288.0,68122.0,68279.99,58.43977
2026-08-19 19:18:00,68279.99,68392.0,68279.99,68342.46,26.90861
2026-08-19 19:21:00,68342.45,68362.0,68242.0,68320.96,22.15206
2026-08-19 19:24:00,68320.95,68366.0,68260.02,68260.02,26.54723
2026-08-19 19:27:00,68260.03,68288.0,68144.0,68181.99,30.36748
2026-08-19 19:30:00,68181.99,68282.54,68130.0,68263.03,62.39311
2026-08-19 19:33:00,68263.03,68302.0,68207.8,68207.8,23.23585
2026-08-19 19:36:00,68207.79,68290.0,68207.79,68249.97,56.17503
2026-08-19 19:39:00,68249.97,68349.27,68249.97,68337.99,29.02011
2026-08-19 19:42:00,68337.99,68417.81,68337.99,68399.99,36.62734
2026-08-19 19:45:00,68399.99,68408.31,68374.26,68391.4,26.92184
2026-08-19 19:48:00,68391.4,68423.21,68367.33,68423.21,27.49442
2026-08-19 19:51:00,68423.21,68443.46,68393.6,68412.32,26.97397
2026-08-19 19:54:00,68412.32,68453.65,68402.0,68418.84,23.61207
2026-08-19 19:57:00,68418.85,68483.52,68390.01,68429.44,31.41372
2026-08-19 20:00:00,68429.44,68470.75,68390.0,68419.51,43.15449
2026-08-19 20:03:00,68419.52,68510.28,68411.87,68480.82,35.8667
2026-08-19 20:06:00,68480.83,68626.0,68480.82,68607.99,49.16937
2026-08-19 20:09:00,68607.99,68658.0,68597.67,68605.77,51.46912
2026-08-19 20:12:00,68605.77,68706.71,68603.23,68683.99,47.38547
2026-08-19 20:15:00,68683.99,68684.0,68598.92,68613.25,31.95175
2026-08-19 20:18:00,68613.25,68700.0,68556.0,68683.99,42.30874
2026-08-19 20:21:00,68684.0,68774.0,68683.99,68773.99,22.47458
2026-08-19 20:24:00,68773.99,68813.46,68725.9,68734.0,49.36776
2026-08-19 20:27:00,68733.99,68781.61,68673.72,68702.02,37.12503
2026-08-19 20:30:00,68702.01,68755.54,68690.0,68711.25,23.916
2026-08-19 20:33:00,68711.25,68799.63,68708.83,68713.91,34.92487
2026-08-19 20:36:00,68713.9,68734.0,68647.1,68714.01,20.17016
2026-08-19 20:39:00,68714.0,68742.0,68714.0,68730.0,18.90316
2026-08-19 20:42:00,68730.0,68730.01,68655.31,68671.35,25.86026
2026-08-19 20:45:00,68671.35,68671.36,68627.17,68628.01,39.28614
2026-08-19 20:48:00,68628.01,69232.44,68624.0,69164.69,268.87839
2026-08-19 20:51:00,69165.41,69579.99,69070.59,69159.01,435.81548
2026-08-19 20:54:00,69159.01,69236.44,69020.34,69231.95,81.86311
2026-08-19 20:57:00,69231.95,69231.96,69048.05,69048.06,59.34491
2026-08-19 21:00:00,69048.06,69163.24,68984.78,69094.26,127.51521
2026-08-19 21:03:00,69094.26,69435.74,69054.87,69327.85,113.44313
2026-08-19 21:06:00,69327.86,69910.37,69323.03,69478.71,346.23589
2026-08-19 21:09:00,69478.7,69658.97,69218.41,69317.37,180.84958
2026-08-19 21:12:00,69317.38,69459.98,69155.74,69434.0,143.53601
2026-08-19 21:15:00,69433.99,69514.94,69326.01,69356.0,70.80781
2026-08-19 21:18:00,69355.99,69532.86,69266.0,69487.56,62.65575
2026-08-19 21:21:00,69487.57,69760.0,69487.57,69683.65,77.16009
2026-08-19 21:24:00,69683.64,69683.64,69522.0,69616.35,39.73205
2026-08-19 21:27:00,69616.36,69730.29,69562.0,69639.28,45.03852
2026-08-19 21:30:00,69639.28,69834.42,69574.0,69709.99,64.81014
2026-08-19 21:33:00,69710.0,69838.97,69598.0,69838.96,63.20065
2026-08-19 21:36:00,69838.96,69842.73,69531.25,69558.0,67.40473
2026-08-19 21:39:00,69557.99,69588.0,69384.0,69588.0,61.22419
2026-08-19 21:42:00,69588.0,69672.0,69561.0,69671.99,35.97613
2026-08-19 21:45:00,69672.0,70000.0,69635.57,69806.02,286.85625
2026-08-19 21:48:00,69806.02,69843.74,69500.0,69732.0,102.71083
2026-08-19 21:51:00,69732.0,69824.37,69724.0,69784.01,58.0276
2026-08-19 21:54:00,69784.01,69845.0,69725.0,69759.02,84.392
2026-08-19 21:57:00,69759.01,69775.98,69636.0,69709.46,70.95006
2026-08-19 22:00:00,69709.47,69833.99,69577.58,69614.01,105.69325
2026-08-19 22:03:00,69614.01,69621.97,69426.33,69472.01,103.37313
2026-08-19 22:06:00,69472.01,69551.42,69341.64,69433.99,95.98944
2026-08-19 22:09:00,69433.99,69448.0,69368.0,69406.01,51.02343
2026-08-19 22:12:00,69406.01,69446.0,69304.35,69304.35,76.35497
2026-08-19 22:15:00,69304.35,69374.0,69300.0,69374.0,60.72627
2026-08-19 22:18:00,69374.0,69405.52,69267.35,69273.82,42.83135
2026-08-19 22:21:00,69273.82,69325.09,69211.26,69288.61,60.03886
2026-08-19 22:24:00,69288.62,69299.99,69190.23,69190.23,42.43893
2026-08-19 22:27:00,69190.23,69218.0,69143.7,69144.01,32.95795
2026-08-19 22:30:00,69144.0,69195.99,69069.43,69107.99,80.27442
2026-08-19 22:33:00,69107.98,69107.99,68980.0,69054.0,90.01772
2026-08-19 22:36:00,69054.0,69270.0,69022.0,69259.98,51.68922
2026-08-19 22:39:00,69259.98,69473.14,69259.98,69399.99,51.22432
2026-08-19 22:42:00,69399.99,69454.0,69302.0,69344.93,50.5472
2026-08-19 22:45:00,69344.92,69344.93,69158.09,69160.23,74.80988
2026-08-19 22:48:00,69160.24,69282.0,69105.75,69282.0,54.65638
2026-08-19 22:51:00,69281.99,69282.0,69123.99,69123.99,39.58372
2026-08-19 22:54:00,69123.99,69251.33,69115.73,69244.24,44.86919
2026-08-19 22:57:00,69244.25,69275.2,69242.0,69258.9,31.55681
2026-08-19 23:00:00,69258.9,69342.62,69218.0,69270.0,98.75848
2026-08-19 23:03:00,69270.01,69362.0,69213.39,69308.0,68.75993
2026-08-19 23:06:00,69308.01,69392.0,69307.31,69391.99,31.74338
2026-08-19 23:09:00,69391.99,69407.49,69316.0,69407.48,28.64795
2026-08-19 23:12:00,69407.49,69407.5,69342.0,69356.87,31.70401
2026-08-19 23:15:00,69356.87,69453.88,69352.56,69453.88,49.10304
2026-08-19 23:18:00,69453.87,69453.87,69330.01,69344.01,49.42175
2026-08-19 23:21:00,69344.0,69350.0,69300.0,69300.0,24.58532
2026-08-19 23:24:00,69300.0,69325.85,69270.0,69315.99,17.66677
2026-08-19 23:27:00,69316.0,69418.94,69315.99,69369.06,78.02278
2026-08-19 23:30:00,69369.07,69388.0,69287.75,69332.01,63.90218
2026-08-19 23:33:00,69332.01,69332.01,69250.86,69258.0,49.45841
2026-08-19 23:36:00,69258.0,69304.0,69239.54,69287.06,37.2501
2026-08-19 23:39:00,69287.06,69324.95,69275.95,69322.25,38.72944
2026-08-19 23:42:00,69322.25,69389.58,69317.98,69317.98,36.02186
2026-08-19 23:45:00,69317.99,69317.99,69242.76,69287.99,15.70497
2026-08-19 23:48:00,69288.0,69288.0,69179.95,69210.39,18.80508
2026-08-19 23:51:00,69210.39,69236.85,69160.0,69236.85,30.17495
2026-08-19 23:54:00,69236.86,69282.0,69195.44,69280.59,39.94994
2026-08-19 23:57:00,69280.59,69334.79,69271.5,69334.79,22.4081
2026-08-20 00:00:00,69334.78,69496.46,69314.01,69495.97,209.26009
2026-08-20 00:03:00,69495.96,69599.97,69452.63,69599.96,216.76298
2026-08-20 00:06:00,69599.96,69599.97,69502.71,69545.69,49.19997
2026-08-20 00:09:00,69545.69,69665.84,69545.69,69626.94,60.36566
2026-08-20 00:12:00,69626.95,69628.09,69481.52,69572.72,72.35161
2026-08-20 00:15:00,69572.86,69724.74,69566.0,69724.74,75.82732
2026-08-20 00:18:00,69724.74,69777.0,69674.0,69759.31,48.8303
2026-08-20 00:21:00,69759.3,69793.21,69702.0,69711.64,57.0458
2026-08-20 00:24:00,69711.64,69722.22,69652.84,69694.19,45.66299
2026-08-20 00:27:00,69694.18,69740.55,69604.91,69629.96,30.51281
2026-08-20 00:30:00,69629.95,69648.0,69523.84,69562.01,43.43062
2026-08-20 00:33:00,69562.0,69625.0,69540.01,69546.35,52.61487
2026-08-20 00:36:00,69546.36,69628.0,69493.05,69627.99,48.93017
2026-08-20 00:39:00,69627.99,69696.0,69480.99,69486.01,59.70342
2026-08-20 00:42:00,69486.01,69586.0,69486.01,69571.98,54.07965
2026-08-20 00:45:00,69571.98,69683.51,69565.44,69683.51,51.28635
2026-08-20 00:48:00,69683.51,69715.17,69624.0,69642.32,46.11169
2026-08-20 00:51:00,69642.32,69642.32,69458.0,69458.0,81.68705
2026-08-20 00:54:00,69458.0,69522.0,69458.0,69464.01,37.9015
2026-08-20 00:57:00,69464.01,69483.76,69382.0,69420.0,50.94417
2026-08-20 01:00:00,69420.0,69516.0,69388.0,69510.0,37.82419
2026-08-20 01:03:00,69510.0,69514.0,69394.0,69394.01,34.7292
2026-08-20 01:06:00,69394.0,69394.01,69318.16,69342.0,54.83229
2026-08-20 01:09:00,69342.0,69382.0,69289.09,69382.0,61.44515
2026-08-20 01:12:00,69381.99,69400.0,69338.0,69382.01,34.82352
2026-08-20 01:15:00,69382.0,69416.0,69283.25,69283.25,42.55328
2026-08-20 01:18:00,69283.25,69440.0,69283.25,69430.01,72.26912
2026-08-20 01:21:00,69430.0,69430.0,69335.93,69389.06,22.26876
2026-08-20 01:24:00,69389.07,69392.0,69341.88,69341.88,24.08659
2026-08-20 01:27:00,69341.88,69341.9,69312.0,69330.0,28.83222
2026-08-20 01:30:00,69329.99,69377.94,69294.07,69377.94,28.94009
2026-08-20 01:33:00,69377.94,69594.0,69377.94,69548.87,59.23757
2026-08-20 01:36:00,69548.87,69562.01,69519.95,69562.01,38.97617
2026-08-20 01:39:00,69562.01,69622.0,69553.99,69613.99,31.27835
2026-08-20 01:42:00,69614.0,69638.0,69606.0,69634.0,26.34065
2026-08-20 01:45:00,69633.99,69772.0,69633.99,69764.0,49.21604
2026-08-20 01:48:00,69764.0,69894.5,69764.0,69848.19,107.45286
2026-08-20 01:51:00,69848.18,69854.0,69706.91,69706.91,35.57653
2026-08-20 01:54:00,69706.92,69730.75,69684.0,69700.17,46.38392
2026-08-20 01:57:00,69700.16,69724.0,69700.01,69721.92,27.17309
2026-08-20 02:00:00,69721.92,69823.29,69718.17,69812.1,49.32433
2026-08-20 02:03:00,69812.11,69824.0,69720.0,69720.01,47.29194
2026-08-20 02:06:00,69720.01,69720.01,69651.91,69699.65,83.94439
2026-08-20 02:09:00,69699.66,69700.0,69572.03,69656.0,73.89588
2026-08-20 02:12:00,69656.0,69724.0,69654.01,69678.0,103.97324
2026-08-20 02:15:00,69677.99,69700.58,69577.46,69631.52,94.14273
2026-08-20 02:18:00,69631.52,69658.58,69550.0,69550.0,27.53116
2026-08-20 02:21:00,69550.01,69565.98,69504.59,69560.27,32.13296
2026-08-20 02:24:00,69560.27,69560.27,69494.0,69494.01,32.19096
2026-08-20 02:27:00,69494.0,69510.01,69488.0,69510.01,11.47751
2026-08-20 02:30:00,69510.0,69544.0,69450.0,69500.0,54.39024
2026-08-20 02:33:00,69499.99,69526.0,69389.7,69402.01,59.0515
2026-08-20 02:36:00,69402.0,69416.94,69344.91,69344.93,24.11038
2026-08-20 02:39:00,69344.94,69387.14,69342.15,69355.31,35.89373
2026-08-20 02:42:00,69355.3,69355.31,69320.0,69320.01,15.86702
2026-08-20 02:45:00,69320.01,69342.0,69318.0,69318.0,18.92186
2026-08-20 02:48:00,69318.0,69362.63,69268.0,69268.01,35.86665
2026-08-20 02:51:00,69268.0,69348.98,69268.0,69306.83,55.52761
2026-08-20 02:54:00,69306.82,69366.17,69279.28,69363.84,44.96567
2026-08-20 02:57:00,69363.84,69363.85,69296.49,69301.27,29.09132
2026-08-20 03:00:00,69301.27,69304.21,69176.3,69211.99,81.29287
2026-08-20 03:03:00,69212.0,69212.0,69144.05,69181.15,60.68896
2026-08-20 03:06:00,69181.14,69181.14,69060.73,69060.73,52.54781
2026-08-20 03:09:00,69060.74,69084.0,68902.22,68911.35,90.81564
2026-08-20 03:12:00,68911.35,69024.86,68903.89,68986.59,63.18822
2026-08-20 03:15:00,68986.58,69099.99,68978.0,69080.0,54.29611
2026-08-20 03:18:00,69080.0,69197.63,69064.2,69150.01,43.23141
2026-08-20 03:21:00,69150.01,69154.0,69040.0,69042.97,26.11759
2026-08-20 03:24:00,69042.96,69042.97,68942.01,68942.01,30.73641
2026-08-20 03:27:00,68942.02,69020.01,68942.0,68966.07,51.18355
2026-08-20 03:30:00,68966.08,69098.0,68966.07,69075.72,53.08632
2026-08-20 03:33:00,69075.72,69120.0,69066.0,69091.66,47.34131
2026-08-20 03:36:00,69091.66,69140.0,69064.0,69073.93,30.98308
2026-08-20 03:39:00,69073.93,69080.0,69058.31,69079.99,29.85631
2026-08-20 03:42:00,69079.99,69200.0,69077.61,69190.35,44.58738
2026-08-20 03:45:00,69190.36,69340.0,69183.05,69238.36,58.59655
2026-08-20 03:48:00,69238.37,69256.43,69188.0,69188.0,23.97381
2026-08-20 03:51:00,69188.0,69245.78,69188.0,69208.14,33.76816
2026-08-20 03:54:00,69208.15,69208.15,69159.44,69170.0,32.40344
2026-08-20 03:57:00,69170.01,69208.15,69164.95,69195.64,33.08131
2026-08-20 04:00:00,69195.64,69228.0,69166.0,69221.71,48.35696
2026-08-20 04:03:00,69221.72,69288.0,69221.72,69268.26,37.24467
2026-08-20 04:06:00,69268.25,69342.0,69268.25,69306.7,46.31703
2026-08-20 04:09:00,69306.7,69383.03,69306.0,69356.0,57.42888
2026-08-20 04:12:00,69356.01,69373.03,69345.99,69369.58,42.36499
2026-08-20 04:15:00,69369.57,69380.0,69339.11,69377.98,34.25743
2026-08-20 04:18:00,69377.99,69378.0,69336.0,69352.31,26.91295
2026-08-20 04:21:00,69352.32,69360.0,69296.46,69318.75,34.40934
2026-08-20 04:24:00,69318.75,69379.38,69318.75,69366.54,34.70746
2026-08-20 04:27:00,69366.55,69403.32,69352.67,69359.93,36.03874
2026-08-20 04:30:00,69359.93,69359.94,69254.0,69258.44,29.67964
2026-08-20 04:33:00,69258.44,69268.0,69234.0,69261.73,46.19333
2026-08-20 04:36:00,69261.73,69306.26,69261.72,69306.25,25.27548
2026-08-20 04:39:00,69306.26,69381.46,69266.0,69381.45,24.40648
2026-08-20 04:42:00,69381.46,69381.46,69337.54,69346.0,24.69875
2026-08-20 04:45:00,69346.01,69386.0,69346.01,69385.99,28.68385
2026-08-20 04:48:00,69385.99,69464.0,69356.0,69464.0,28.01719
2026-08-20 04:51:00,69463.99,69599.01,69438.82,69548.01,76.0486
2026-08-20 04:54:00,69548.02,69548.02,69498.61,69504.46,16.20529
2026-08-20 04:57:00,69504.46,69510.0,69492.0,69492.01,15.11446
2026-08-20 05:00:00,69492.0,69515.78,69489.69,69505.4,30.46327
2026-08-20 05:03:00,69505.39,69505.4,69474.0,69490.41,38.70937
2026-08-20 05:06:00,69490.42,69558.61,69490.42,69518.25,71.28717
2026-08-20 05:09:00,69518.25,69525.0,69509.55,69509.55,19.76424
2026-08-20 05:12:00,69509.55,69509.56,69465.08,69471.24,25.05316
2026-08-20 05:15:00,69471.23,69554.0,69450.49,69552.86,32.45069
2026-08-20 05:18:00,69552.87,69600.0,69542.25,69542.25,33.61072
2026-08-20 05:21:00,69542.26,69616.0,69542.25,69615.99,46.33232
2026-08-20 05:24:00,69615.99,69668.0,69615.99,69652.59,60.8375
2026-08-20 05:27:00,69652.59,69664.08,69592.0,69592.0,41.27408
2026-08-20 05:30:00,69592.01,69624.58,69576.0,69597.74,32.72479
2026-08-20 05:33:00,69597.74,69629.98,69570.13,69629.98,19.21175
2026-08-20 05:36:00,69629.99,69632.42,69554.67,69566.01,57.60593
2026-08-20 05:39:00,69566.0,69566.0,69520.4,69533.73,104.36119
2026-08-20 05:42:00,69533.74,69562.0,69529.99,69552.56,92.07059
2026-08-20 05:45:00,69552.55,69552.56,69420.0,69420.83,131.9299
2026-08-20 05:48:00,69420.83,69464.0,69380.87,69435.98,117.34733
2026-08-20 05:51:00,69435.99,69435.99,69371.93,69386.01,97.45596
2026-08-20 05:54:00,69386.0,69396.0,69350.0,69374.04,100.75774
2026-08-20 05:57:00,69374.03,69412.84,69349.16,69406.54,108.22845
2026-08-20 06:00:00,69406.53,69416.8,69350.49,69390.32,106.07535
2026-08-20 06:03:00,69390.32,69417.66,69356.0,69417.65,126.78802
2026-08-20 06:06:00,69417.66,69419.16,69376.06,69381.01,112.94527
2026-08-20 06:09:00,69381.01,69426.0,69359.71,69426.0,126.87967
2026-08-20 06:12:00,69425.99,69435.26,69370.48,69370.48,167.28216
2026-08-20 06:15:00,69370.48,69459.33,69336.97,69459.33,95.04892
2026-08-20 06:18:00,69459.32,69531.37,69378.77,69531.36,59.5401
2026-08-20 06:21:00,69531.37,69675.0,69531.37,69645.82,73.94363
2026-08-20 06:24:00,69645.83,69694.0,69645.83,69651.71,31.70138
2026-08-20 06:27:00,69651.71,69651.71,69547.09,69600.09,67.05323
2026-08-20 06:30:00,69600.09,69700.0,69600.08,69700.0,35.52733
2026-08-20 06:33:00,69700.0,69751.86,69640.24,69741.41,69.20836
2026-08-20 06:36:00,69741.41,69742.0,69689.41,69728.0,27.51605
2026-08-20 06:39:00,69728.0,69782.59,69711.18,69775.0,34.16347
2026-08-20 06:42:00,69775.0,69793.63,69744.0,69782.8,27.87622
2026-08-20 06:45:00,69782.8,69927.97,69777.01,69826.02,82.49074
2026-08-20 06:48:00,69826.02,69899.99,69826.01,69854.93,35.07359
2026-08-20 06:51:00,69854.93,69882.5,69839.17,69873.02,15.80423
2026-08-20 06:54:00,69873.03,69873.03,69817.28,69843.59,41.23665
2026-08-20 06:57:00,69843.59,69852.0,69843.58,69851.99,10.32306
2026-08-20 07:00:00,69851.99,69851.99,69830.0,69836.01,23.6577
2026-08-20 07:03:00,69836.0,69919.05,69758.04,69919.04,65.43988
2026-08-20 07:06:00,69919.05,69971.99,69853.0,69940.83,74.06626
2026-08-20 07:09:00,69940.83,70022.0,69804.19,69804.19,262.45514
2026-08-20 07:12:00,69804.19,69900.01,69804.0,69804.0,161.23892
2026-08-20 07:15:00,69804.0,69804.01,69655.76,69672.79,37.30655
2026-08-20 07:18:00,69672.78,69700.73,69630.71,69668.0,32.61447
2026-08-20 07:21:00,69668.0,69727.39,69642.01,69642.01,32.19666
2026-08-20 07:24:00,69642.01,69689.03,69618.9,69684.09,22.35204
2026-08-20 07:27:00,69684.08,69718.73,69680.88,69692.43,12.12231
2026-08-20 07:30:00,69692.43,69692.43,69506.91,69557.23,122.54676
2026-08-20 07:33:00,69557.22,69630.72,69526.01,69588.06,118.49307
2026-08-20 07:36:00,69588.05,69588.06,69531.89,69566.0,165.35677
2026-08-20 07:39:00,69566.0,69630.72,69537.67,69570.47,176.55508
2026-08-20 07:42:00,69570.47,69627.47,69553.92,69602.56,134.52686
2026-08-20 07:45:00,69602.56,69602.56,69559.62,69596.0,137.57661
2026-08-20 07:48:00,69595.99,69690.12,69581.92,69650.91,115.64224
2026-08-20 07:51:00,69650.91,69733.64,69616.67,69723.11,133.88316
2026-08-20 07:54:00,69723.11,69799.84,69723.09,69749.85,155.41971
2026-08-20 07:57:00,69749.84,69816.45,69718.99,69816.45,123.69517
2026-08-20 08:00:00,69816.45,69873.03,69772.36,69873.03,86.33668
2026-08-20 08:03:00,69873.02,69880.28,69834.02,69877.65,35.44534
2026-08-20 08:06:00,69877.65,70365.48,69877.65,70239.56,369.96951
2026-08-20 08:09:00,70239.56,71137.96,70239.56,71054.41,710.60419
2026-08-20 08:12:00,71054.41,71365.02,70914.0,71300.01,315.98907
2026-08-20 08:15:00,71300.0,71570.17,71019.67,71550.42,449.05431
2026-08-20 08:18:00,71550.42,71570.0,71211.82,71246.01,205.23502
2026-08-20 08:21:00,71246.0,71278.0,71114.96,71157.99,101.76222
2026-08-20 08:24:00,71157.99,71238.0,71092.85,71203.88,118.55698
2026-08-20 08:27:00,71203.87,71386.37,71174.0,71349.73,300.61499
2026-08-20 08:30:00,71349.73,71460.0,71208.2,71430.85,256.73835
2026-08-20 08:33:00,71430.85,71430.85,71180.74,71197.64,145.90272
2026-08-20 08:36:00,71197.64,71479.04,71197.63,71464.43,96.12972
2026-08-20 08:39:00,71464.42,71667.04,71428.69,71492.54,191.10137
2026-08-20 08:42:00,71492.55,71508.63,71419.31,71508.62,57.05144
2026-08-20 08:45:00,71508.63,71750.0,71448.04,71712.79,202.72804
2026-08-20 08:48:00,71712.8,71742.0,71568.61,71724.0,211.69996
2026-08-20 08:51:00,71724.0,71793.99,71683.26,71793.84,84.83604
2026-08-20 08:54:00,71793.83,71826.26,71676.0,71706.49,118.56986
2026-08-20 08:57:00,71706.43,71706.43,71578.83,71592.1,115.51895
2026-08-20 09:00:00,71592.11,71650.0,71500.0,71581.17,115.41541
2026-08-20 09:03:00,71581.17,71698.0,71556.0,71697.99,97.22988
2026-08-20 09:06:00,71698.0,71891.01,71660.0,71736.98,190.39107
2026-08-20 09:09:00,71736.99,71967.24,71686.45,71741.99,273.53514
2026-08-20 09:12:00,71742.0,71979.75,71730.01,71940.52,121.2527
2026-08-20 09:15:00,71940.53,71964.4,71762.0,71964.4,216.67362
2026-08-20 09:18:00,71964.39,72050.48,71815.01,71865.61,252.73879
2026-08-20 09:21:00,71865.6,72067.46,71858.0,71966.94,147.25921
2026-08-20 09:24:00,71967.06,72038.0,71932.0,71996.35,130.52275
2026-08-20 09:27:00,71996.36,72017.82,71828.74,71828.74,348.52102
2026-08-20 09:30:00,71828.74,71998.0,71732.92,71954.9,125.15254
2026-08-20 09:33:00,71954.9,72010.8,71916.0,72000.66,106.75028
2026-08-20 09:36:00,72000.67,72053.83,71950.0,71964.0,89.14732
2026-08-20 09:39:00,71964.01,71979.94,71871.79,71968.0,60.02029
2026-08-20 09:42:00,71968.0,72050.65,71936.0,72000.01,88.76997
2026-08-20 09:45:00,72000.0,72036.0,71965.17,72002.56,103.89999
2026-08-20 09:48:00,72002.56,72028.89,71826.0,71827.16,130.52365
2026-08-20 09:51:00,71827.16,71861.2,71692.0,71708.04,224.52458
2026-08-20 09:54:00,71708.04,71738.0,71685.36,71685.37,153.54841
2026-08-20 09:57:00,71685.36,71801.91,71678.66,71789.97,190.35663
2026-08-20 10:00:00,71789.97,71906.26,71686.58,71838.3,162.7891
2026-08-20 10:03:00,71838.3,71850.0,71706.95,71764.66,167.76996
2026-08-20 10:06:00,71764.66,71904.0,71758.2,71829.92,163.86587
2026-08-20 10:09:00,71829.91,71958.0,71799.92,71948.0,234.44224
2026-08-20 10:12:00,71948.0,72172.72,71938.0,72145.86,151.27316
2026-08-20 10:15:00,72145.86,72476.73,72130.0,72336.05,404.39424
2026-08-20 10:18:00,72336.06,72490.0,72314.01,72323.9,116.31297
2026-08-20 10:21:00,72323.9,72323.9,72134.0,72300.01,185.08883
2026-08-20 10:24:00,72300.0,72320.97,72116.85,72186.27,107.44471
2026-08-20 10:27:00,72186.28,72186.28,71975.13,72039.99,96.50045
2026-08-20 10:30:00,72039.99,72048.0,71888.99,71896.0,105.74568
2026-08-20 10:33:00,71896.0,71932.67,71815.43,71816.07,58.25427
2026-08-20 10:36:00,71816.16,71910.0,71816.16,71863.08,71.69517
2026-08-20 10:39:00,71863.08,71886.0,71815.43,71836.83,66.37104
2026-08-20 10:42:00,71836.83,71875.74,71766.0,71809.78,53.43917
2026-08-20 10:45:00,71809.79,71962.0,71809.79,71916.25,52.12044
2026-08-20 10:48:00,71916.26,71952.28,71860.0,71919.99,30.69594
2026-08-20 10:51:00,71920.0,71960.0,71894.0,71903.28,42.35318
2026-08-20 10:54:00,71903.27,71942.22,71879.27,71893.99,43.99257
2026-08-20 10:57:00,71894.0,71995.99,71894.0,71995.99,36.41561
2026-08-20 11:00:00,71995.99,72147.54,71932.66,72131.16,95.97365
2026-08-20 11:03:00,72131.15,72131.15,71932.66,71993.25,91.51657
2026-08-20 11:06:00,71993.25,72007.99,71865.35,71971.63,124.26188
2026-08-20 11:09:00,71971.63,72018.0,71837.56,71926.68,52.62397
2026-08-20 11:12:00,71926.68,71984.0,71888.0,71983.99,34.64379
2026-08-20 11:15:00,71983.99,71984.0,71895.38,71895.38,54.75861
2026-08-20 11:18:00,71895.37,71946.0,71872.08,71901.71,69.74028
2026-08-20 11:21:00,71901.72,72043.93,71873.72,71952.98,100.1686
2026-08-20 11:24:00,71952.99,71952.99,71903.12,71920.0,56.89092
2026-08-20 11:27:00,71919.99,71929.99,71886.0,71898.19,41.27902
2026-08-20 11:30:00,71898.19,72082.21,71862.77,72078.71,81.06833
2026-08-20 11:33:00,72078.71,72316.0,72060.01,72153.97,104.57757
2026-08-20 11:36:00,72153.98,72268.0,72153.78,72232.01,45.68336
2026-08-20 11:39:00,72232.01,72322.0,72216.0,72263.74,122.61488
2026-08-20 11:42:00,72263.75,72276.0,72136.15,72154.01,53.50474
2026-08-20 11:45:00,72154.01,72265.82,72148.0,72265.82,31.19471
2026-08-20 11:48:00,72265.82,72284.75,72144.0,72161.27,56.48833
2026-08-20 11:51:00,72160.01,72160.01,72022.0,72022.01,37.94835
2026-08-20 11:54:00,72022.01,72038.24,71833.55,71834.48,64.65319
2026-08-20 11:57:00,71834.49,71927.84,71820.0,71927.07,37.99404
2026-08-20 12:00:00,71927.07,71983.06,71888.0,71940.01,64.1125
2026-08-20 12:03:00,71940.01,71978.0,71766.0,71781.99,83.67488
2026-08-20 12:06:00,71781.99,71797.69,71548.84,71596.18,178.92172
2026-08-20 12:09:00,71596.17,71805.99,71501.0,71770.0,108.10902
2026-08-20 12:12:00,71770.01,71862.0,71770.0,71792.11,74.60432
2026-08-20 12:15:00,71792.11,71858.0,71690.36,71698.92,55.34234
2026-08-20 12:18:00,71698.92,71852.0,71697.98,71838.43,86.82673
2026-08-20 12:21:00,71838.43,71884.19,71744.79,71789.75,175.97656
2026-08-20 12:24:00,71789.76,71876.0,71788.88,71821.55,47.76857
2026-08-20 12:27:00,71821.54,71866.0,71811.51,71844.76,39.29216
2026-08-20 12:30:00,71844.76,72015.42,71778.0,71877.99,137.8587
2026-08-20 12:33:00,71878.0,71896.01,71700.0,71746.0,53.36383
2026-08-20 12:36:00,71746.0,71816.0,71684.0,71795.99,56.76647
2026-08-20 12:39:00,71795.99,71880.0,71770.0,71833.99,62.04776
2026-08-20 12:42:00,71833.99,71847.38,71660.0,71686.0,53.79325
2026-08-20 12:45:00,71686.0,71689.97,71590.0,71590.01,70.32165
2026-08-20 12:48:00,71590.0,71744.0,71502.94,71744.0,86.79148
2026-08-20 12:51:00,71743.99,71865.36,71740.39,71846.0,70.93375
2026-08-20 12:54:00,71845.99,71950.0,71830.0,71950.0,42.54049
2026-08-20 12:57:00,71950.0,71954.0,71903.74,71952.04,27.81784
2026-08-20 13:00:00,71952.04,71983.81,71899.86,71975.28,62.40006
2026-08-20 13:03:00,71975.29,72045.67,71975.28,72033.34,85.69418
2026-08-20 13:06:00,72033.34,72068.0,72002.39,72053.83,60.76903
2026-08-20 13:09:00,72053.83,72108.8,71966.0,71992.84,82.32722
2026-08-20 13:12:00,71992.84,72053.83,71992.83,72052.85,61.6952
2026-08-20 13:15:00,72052.85,72052.85,71998.89,71998.89,41.08535
2026-08-20 13:18:00,71998.9,72016.01,71916.94,71999.22,81.33327
2026-08-20 13:21:00,71999.22,72029.76,71926.69,71985.99,80.60353
2026-08-20 13:24:00,71986.0,72022.29,71847.74,71915.99,108.90467
2026-08-20 13:27:00,71915.99,71979.13,71896.46,71964.87,62.50658
2026-08-20 13:30:00,71964.87,71964.87,71470.58,71632.0,274.86045
2026-08-20 13:33:00,71632.0,71670.0,71495.78,71596.89,171.81684
2026-08-20 13:36:00,71596.89,71638.0,71132.0,71296.01,349.68501
2026-08-20 13:39:00,71296.01,71541.54,71296.0,71517.73,109.65956
2026-08-20 13:42:00,71517.73,71674.36,71484.0,71672.93,98.87237
2026-08-20 13:45:00,71672.93,71700.0,71498.0,71510.01,107.26518
2026-08-20 13:48:00,71510.0,71664.0,71442.85,71629.77,78.51208
2026-08-20 13:51:00,71629.78,71843.65,71532.17,71778.01,113.43347
2026-08-20 13:54:00,71778.0,71790.0,71696.0,71725.99,67.2785
2026-08-20 13:57:00,71725.99,71739.99,71640.0,71691.99,53.20605
2026-08-20 14:00:00,71692.0,71807.99,71615.98,71720.0,102.51014
2026-08-20 14:03:00,71720.0,71798.0,71681.13,71779.26,76.74414
2026-08-20 14:06:00,71779.27,71860.0,71766.0,71836.0,93.55057
2026-08-20 14:09:00,71836.0,71960.0,71818.01,71917.23,125.27567
2026-08-20 14:12:00,71917.23,71990.09,71822.0,71822.01,73.21745
2026-08-20 14:15:00,71822.01,71828.0,71624.0,71639.99,71.25473
2026-08-20 14:18:00,71640.0,71692.34,71494.0,71631.85,94.47921
2026-08-20 14:21:00,71631.84,71640.0,71524.01,71638.0,56.24988
2026-08-20 14:24:00,71638.0,71704.0,71622.0,71660.01,58.13434
2026-08-20 14:27:00,71660.0,71670.0,71364.01,71450.16,105.71828
2026-08-20 14:30:00,71450.16,71580.0,71416.0,71580.0,88.0303
2026-08-20 14:33:00,71579.99,71678.77,71562.0,71623.84,55.61701
2026-08-20 14:36:00,71623.96,71717.14,71494.0,71527.3,81.56178
2026-08-20 14:39:00,71527.31,71624.0,71486.0,71584.0,66.21099
2026-08-20 14:42:00,71584.01,71588.0,71468.0,71548.0,42.20233
2026-08-20 14:45:00,71548.0,71550.93,71416.0,71442.0,49.28859
2026-08-20 14:48:00,71442.0,71704.0,71442.0,71703.99,61.4169
2026-08-20 14:51:00,71704.0,71770.0,71668.67,71765.68,67.38154
2026-08-20 14:54:00,71765.69,71774.0,71670.0,71705.42,27.84516
2026-08-20 14:57:00,71705.42,71830.0,71671.58,71826.85,44.3527
2026-08-20 15:00:00,71826.85,72200.0,71789.01,72131.82,166.93164
2026-08-20 15:03:00,72131.83,72564.01,72092.0,72154.01,428.03906
2026-08-20 15:06:00,72154.0,72287.92,72008.0,72058.0,195.0197
2026-08-20 15:09:00,72058.0,72288.0,72045.34,72264.0,99.95561
2026-08-20 15:12:00,72264.01,72349.99,72218.3,72246.95,150.72241
2026-08-20 15:15:00,72246.94,72286.0,72096.07,72174.97,174.06722
2026-08-20 15:18:00,72174.97,72354.0,72084.0,72266.0,155.41471
2026-08-20 15:21:00,72266.01,72280.51,71978.53,71984.59,159.14437
2026-08-20 15:24:00,71984.58,72220.0,71981.86,72219.99,62.5717
2026-08-20 15:27:00,72220.0,72414.0,72220.0,72413.99,106.4932
2026-08-20 15:30:00,72414.0,72830.0,72378.0,72659.59,313.83979
2026-08-20 15:33:00,72659.59,72659.59,72315.8,72353.23,151.51166
2026-08-20 15:36:00,72353.23,72366.0,72176.53,72184.76,135.36705
2026-08-20 15:39:00,72184.76,72281.74,72174.97,72268.0,72.81831
2026-08-20 15:42:00,72268.0,72356.72,72247.34,72247.34,63.97339
2026-08-20 15:45:00,72247.35,72375.46,72170.0,72375.46,130.80136
2026-08-20 15:48:00,72375.45,72400.0,72306.0,72346.0,55.28794
2026-08-20 15:51:00,72346.0,72570.0,72334.01,72474.74,125.85512
2026-08-20 15:54:00,72474.75,72531.99,72428.65,72516.61,114.16493
2026-08-20 15:57:00,72516.62,72518.0,72444.01,72470.83,64.75603
2026-08-20 16:00:00,72470.84,72496.0,72344.12,72495.99,180.92883
2026-08-20 16:03:00,72496.0,72507.25,72328.0,72430.0,61.0002
2026-08-20 16:06:00,72430.0,72500.0,72413.37,72444.0,73.17343
2026-08-20 16:09:00,72444.0,72508.0,72420.0,72437.08,44.83595
2026-08-20 16:12:00,72437.07,72437.08,72275.17,72308.97,51.91548
2026-08-20 16:15:00,72308.97,72370.0,72205.88,72265.99,46.24532
2026-08-20 16:18:00,72266.0,72364.0,72265.43,72330.01,38.46853
2026-08-20 16:21:00,72330.0,72351.03,72281.79,72285.17,39.31368
2026-08-20 16:24:00,72285.18,72370.0,72283.79,72370.0,38.78485
2026-08-20 16:27:00,72370.0,72417.29,72352.0,72406.83,45.52727
2026-08-20 16:30:00,72406.82,72406.82,72284.0,72317.23,56.8515
2026-08-20 16:33:00,72317.23,72450.0,72317.22,72320.0,36.93725
2026-08-20 16:36:00,72320.01,72448.0,72300.0,72408.01,36.96485
2026-08-20 16:39:00,72408.01,72634.83,72408.0,72518.01,81.31089
2026-08-20 16:42:00,72518.01,72693.21,72507.58,72630.89,93.93475
2026-08-20 16:45:00,72630.89,72722.0,72578.01,72666.19,69.90627
2026-08-20 16:48:00,72666.19,72666.19,72517.22,72650.0,65.68114
2026-08-20 16:51:00,72650.01,72655.99,72560.33,72640.0,68.295
2026-08-20 16:54:00,72640.01,72728.61,72564.0,72711.83,69.24633
2026-08-20 16:57:00,72712.46,72905.0,72712.46,72837.15,125.08234
2026-08-20 17:00:00,72837.15,72876.0,72717.34,72800.45,130.25941
2026-08-20 17:03:00,72800.45,72859.14,72740.22,72776.93,69.84345
2026-08-20 17:06:00,72776.92,72780.76,72678.0,72710.43,88.02334
2026-08-20 17:09:00,72710.42,72722.0,72534.71,72628.96,78.61117
2026-08-20 17:12:00,72628.96,72714.61,72628.96,72692.0,88.8104
2026-08-20 17:15:00,72692.0,72721.57,72628.0,72721.57,45.65725
2026-08-20 17:18:00,72721.57,72738.02,72566.0,72591.4,62.13068
2026-08-20 17:21:00,72591.4,72766.0,72584.0,72678.0,35.49583
2026-08-20 17:24:00,72678.01,72806.0,72678.0,72788.06,61.73277
2026-08-20 17:27:00,72788.05,72843.36,72748.0,72810.0,41.78795
2026-08-20 17:30:00,72810.01,72859.13,72752.0,72756.01,82.96759
2026-08-20 17:33:00,72756.01,72828.0,72746.0,72760.64,80.09558
2026-08-20 17:36:00,72760.63,72790.0,72722.0,72778.0,38.45524
2026-08-20 17:39:00,72778.0,72837.92,72766.01,72776.39,28.11149
2026-08-20 17:42:00,72776.39,72798.56,72666.0,72762.0,46.93845
2026-08-20 17:45:00,72761.99,72784.0,72716.0,72738.95,46.33779
2026-08-20 17:48:00,72738.96,72842.1,72732.72,72828.0,80.51129
2026-08-20 17:51:00,72827.99,72966.0,72810.27,72870.0,69.54227
2026-08-20 17:54:00,72869.99,72917.08,72822.0,72869.99,41.89809
2026-08-20 17:57:00,72870.0,72900.0,72730.0,72737.5,51.20947
2026-08-20 18:00:00,72737.51,72810.0,72554.0,72554.01,72.86071
2026-08-20 18:03:00,72554.01,72652.0,72552.0,72552.0,55.1423
2026-08-20 18:06:00,72552.0,72646.0,72490.0,72551.29,55.3128
2026-08-20 18:09:00,72551.29,72595.94,72518.38,72534.26,28.91932
2026-08-20 18:12:00,72534.26,72632.88,72470.0,72617.78,70.83618
2026-08-20 18:15:00,72617.78,72626.88,72488.09,72562.65,38.02895
2026-08-20 18:18:00,72562.65,72701.94,72562.64,72676.24,54.89964
2026-08-20 18:21:00,72676.24,72723.42,72676.23,72719.99,37.56832
2026-08-20 18:24:00,72719.99,72741.52,72687.66,72687.66,35.88379
2026-08-20 18:27:00,72687.66,72711.11,72640.56,72688.0,30.10661
2026-08-20 18:30:00,72688.01,72700.0,72564.0,72584.02,61.76059
2026-08-20 18:33:00,72584.02,72586.35,72400.0,72487.98,66.44217
2026-08-20 18:36:00,72487.99,72586.64,72485.21,72531.69,44.35556
2026-08-20 18:39:00,72531.69,72542.21,72394.0,72410.0,63.20682
2026-08-20 18:42:00,72410.0,72519.23,72402.0,72501.42,67.4334
2026-08-20 18:45:00,72501.43,72506.0,72432.68,72506.0,43.49307
2026-08-20 18:48:00,72506.0,72541.78,72505.99,72530.0,50.01777
2026-08-20 18:51:00,72530.0,72622.0,72518.0,72518.0,42.62362
2026-08-20 18:54:00,72518.0,72518.01,72456.01,72492.0,24.19537
2026-08-20 18:57:00,72492.01,72503.28,72418.0,72431.36,24.91963
2026-08-20 19:00:00,72431.35,72442.0,72330.0,72386.0,50.27383
2026-08-20 19:03:00,72385.99,72422.92,72342.0,72419.05,49.60596
2026-08-20 19:06:00,72419.05,72496.0,72404.0,72424.01,32.42028
2026-08-20 19:09:00,72424.0,72493.3,72424.0,72480.0,25.50593
2026-08-20 19:12:00,72480.0,72508.0,72454.0,72484.61,38.97956
2026-08-20 19:15:00,72484.61,72578.0,72476.74,72542.01,43.6933
2026-08-20 19:18:00,72542.01,72570.0,72526.54,72526.54,36.888
2026-08-20 19:21:00,72526.54,72608.02,72513.26,72608.02,40.86662
2026-08-20 19:24:00,72608.03,72637.34,72602.0,72624.13,37.61136
2026-08-20 19:27:00,72624.13,72624.14,72554.0,72610.0,32.70562
2026-08-20 19:30:00,72610.01,72637.86,72590.17,72636.08,31.88142
2026-08-20 19:33:00,72636.07,72644.49,72544.98,72616.86,57.38629
2026-08-20 19:36:00,72616.87,72696.0,72616.87,72669.73,54.63804
2026-08-20 19:39:00,72669.73,72762.0,72669.73,72751.85,35.30085
2026-08-20 19:42:00,72751.85,72774.0,72706.01,72719.54,36.99785
2026-08-20 19:45:00,72719.53,72733.09,72588.0,72649.99,38.14387
2026-08-20 19:48:00,72650.0,72692.0,72608.0,72691.19,30.5013
2026-08-20 19:51:00,72691.18,72750.43,72667.07,72714.01,35.80902
2026-08-20 19:54:00,72714.0,72714.0,72632.0,72668.25,54.67066
2026-08-20 19:57:00,72668.25,72700.0,72622.0,72690.76,54.77108
2026-08-20 20:00:00,72690.76,72712.0,72630.19,72668.09,30.96266
2026-08-20 20:03:00,72668.09,72724.74,72668.09,72724.74,13.27223
2026-08-20 20:06:00,72724.74,72728.1,72680.0,72680.8,95.47437
2026-08-20 20:09:00,72680.8,72786.0,72680.8,72748.31,26.81788
2026-08-20 20:12:00,72748.31,72748.31,72666.0,72695.87,21.93086
2026-08-20 20:15:00,72695.86,72712.0,72630.0,72631.99,24.36371
2026-08-20 20:18:00,72632.0,72728.1,72631.99,72707.38,26.39456
2026-08-20 20:21:00,72707.38,72788.0,72676.0,72781.99,26.6468
2026-08-20 20:24:00,72781.99,72919.44,72766.62,72886.0,63.19864
2026-08-20 20:27:00,72886.0,72886.52,72820.0,72830.0,28.86973
2026-08-20 20:30:00,72830.0,72911.22,72817.99,72910.04,52.76946
2026-08-20 20:33:00,72910.05,72939.0,72850.17,72911.22,53.72694
2026-08-20 20:36:00,72911.22,73110.7,72824.01,72824.01,195.97418
2026-08-20 20:39:00,72824.0,72824.01,72736.88,72764.01,42.03065
2026-08-20 20:42:00,72764.01,72822.0,72706.0,72763.99,35.48475
2026-08-20 20:45:00,72764.0,72792.36,72724.0,72776.0,29.98011
2026-08-20 20:48:00,72776.0,72778.6,72684.0,72687.31,23.63323
2026-08-20 20:51:00,72687.31,72700.0,72608.77,72608.78,34.80953
2026-08-20 20:54:00,72608.78,72642.0,72596.67,72609.92,20.46361
2026-08-20 20:57:00,72609.91,72682.0,72594.0,72671.75,24.81562
2026-08-20 21:00:00,72671.76,72671.76,72610.0,72640.46,34.75489
2026-08-20 21:03:00,72640.47,72651.33,72611.5,72624.46,28.75758
2026-08-20 21:06:00,72624.46,72632.0,72557.0,72570.0,76.66473
2026-08-20 21:09:00,72570.01,72658.0,72570.0,72646.87,30.82895
2026-08-20 21:12:00,72646.88,72701.87,72645.7,72701.87,32.9525
2026-08-20 21:15:00,72701.87,72848.0,72701.86,72772.0,48.36676
2026-08-20 21:18:00,72772.0,72779.74,72728.11,72728.12,21.94178
2026-08-20 21:21:00,72728.12,72764.86,72714.0,72714.01,20.26642
2026-08-20 21:24:00,72714.01,72760.0,72700.0,72737.39,15.49237
2026-08-20 21:27:00,72737.39,72737.39,72651.65,72655.45,20.03051
2026-08-20 21:30:00,72655.45,72789.14,72655.44,72789.14,26.17617
2026-08-20 21:33:00,72789.14,72830.0,72789.14,72804.0,26.37288
2026-08-20 21:36:00,72804.0,72837.16,72803.99,72808.01,11.30979
2026-08-20 21:39:00,72808.01,72810.0,72748.09,72810.0,15.38125
2026-08-20 21:42:00,72809.99,72810.0,72719.48,72742.0,26.03339
2026-08-20 21:45:00,72742.0,72754.0,72719.48,72734.68,22.99428
2026-08-20 21:48:00,72734.68,72734.68,72719.47,72725.33,6.75212
2026-08-20 21:51:00,72725.34,72770.0,72725.33,72770.0,13.95373
2026-08-20 21:54:00,72770.0,72776.0,72710.0,72757.99,13.21701
2026-08-20 21:57:00,72757.99,72758.0,72724.02,72741.81,9.62793
2026-08-20 22:00:00,72741.81,72754.62,72585.59,72646.55,32.71127
2026-08-20 22:03:00,72646.54,72646.55,72498.0,72633.99,58.35174
2026-08-20 22:06:00,72633.99,72658.36,72604.0,72620.0,28.46699
2026-08-20 22:09:00,72620.01,72664.0,72600.0,72618.0,16.70709
2026-08-20 22:12:00,72617.99,72654.0,72604.0,72610.0,12.70474
2026-08-20 22:15:00,72610.01,72636.61,72562.0,72636.61,18.61543
2026-08-20 22:18:00,72636.61,72696.0,72592.0,72696.0,31.06945
2026-08-20 22:21:00,72696.0,72789.14,72686.01,72789.14,26.16071
2026-08-20 22:24:00,72789.13,72827.74,72784.22,72827.73,17.34286
2026-08-20 22:27:00,72827.73,72827.74,72762.0,72792.0,9.77291
2026-08-20 22:30:00,72791.99,72793.42,72678.0,72739.11,40.62934
2026-08-20 22:33:00,72739.12,72804.0,72720.0,72803.99,24.20003
2026-08-20 22:36:00,72803.99,72804.0,72724.0,72746.08,17.01051
2026-08-20 22:39:00,72746.08,72753.97,72713.77,72748.63,12.12608
2026-08-20 22:42:00,72748.62,72748.62,72692.73,72692.73,8.50083
2026-08-20 22:45:00,72692.74,72704.0,72689.92,72698.17,8.58172
2026-08-20 22:48:00,72698.18,72741.02,72692.0,72721.03,17.00059
2026-08-20 22:51:00,72721.02,72878.0,72721.02,72836.2,26.92979
2026-08-20 22:54:00,72836.2,72850.0,72744.0,72761.99,15.4822
2026-08-20 22:57:00,72762.0,72762.0,72674.0,72676.22,97.89898
2026-08-20 23:00:00,72676.23,72711.56,72664.56,72711.56,14.11523
2026-08-20 23:03:00,72711.56,72760.0,72702.0,72760.0,13.67394
2026-08-20 23:06:00,72760.0,72840.0,72760.0,72840.0,11.59863
2026-08-20 23:09:00,72840.0,72881.71,72812.77,72861.57,27.53267
2026-08-20 23:12:00,72861.58,72928.0,72857.28,72927.99,17.6774
2026-08-20 23:15:00,72927.99,72978.0,72910.0,72910.0,29.35989
2026-08-20 23:18:00,72910.01,73032.0,72906.0,72950.01,27.1099
2026-08-20 23:21:00,72950.0,73001.13,72910.85,72999.99,31.83692
2026-08-20 23:24:00,73000.0,73400.0,73000.0,73164.57,289.35455
2026-08-20 23:27:00,73164.58,73352.32,73140.0,73212.0,117.90991
2026-08-20 23:30:00,73212.0,73390.15,73206.0,73354.0,48.73367
2026-08-20 23:33:00,73353.99,73353.99,73175.84,73175.85,52.7354
2026-08-20 23:36:00,73175.84,73175.85,73073.57,73078.01,41.04641
2026-08-20 23:39:00,73078.01,73152.0,73078.0,73127.27,25.82468
2026-08-20 23:42:00,73127.26,73162.0,73106.0,73108.01,20.69283
2026-08-20 23:45:00,73108.01,73155.37,73058.82,73124.65,30.99223
2026-08-20 23:48:00,73124.65,73137.21,73062.0,73062.53,39.48341
2026-08-20 23:51:00,73062.54,73062.54,72981.31,73052.01,43.92279
2026-08-20 23:54:00,73052.0,73112.0,73012.0,73028.0,21.32767
2026-08-20 23:57:00,73027.99,73058.0,72998.78,73025.15,25.87277
2026-08-21 00:00:00,73027.02,73170.26,73027.02,73156.13,87.23542
2026-08-21 00:03:00,73156.14,73186.0,73098.0,73173.82,36.44302
2026-08-21 00:06:00,73173.83,73370.0,73173.83,73208.0,74.04605
2026-08-21 00:09:00,73208.0,73346.0,73169.85,73319.34,57.04809
2026-08-21 00:12:00,73319.35,73500.0,73285.72,73495.4,116.43024
2026-08-21 00:15:00,73495.41,73495.41,73356.0,73473.99,57.82275
2026-08-21 00:18:00,73474.0,73899.0,73468.19,73659.99,434.84046
2026-08-21 00:21:00,73659.99,73841.99,73659.99,73785.6,101.55
2026-08-21 00:24:00,73785.61,73880.0,73758.01,73842.01,77.69262
2026-08-21 00:27:00,73842.0,73876.0,73674.0,73716.0,70.80904
2026-08-21 00:30:00,73716.0,73990.0,73687.71,73883.02,202.22587
2026-08-21 00:33:00,73882.01,73890.94,73694.98,73714.01,100.67829
2026-08-21 00:36:00,73714.01,73733.99,73532.91,73732.6,92.39314
2026-08-21 00:39:00,73732.59,73732.6,73530.85,73559.99,68.34848
2026-08-21 00:42:00,73560.0,73722.0,73549.48,73690.01,101.43541
2026-08-21 00:45:00,73690.0,73743.26,73612.0,73628.0,79.48986
2026-08-21 00:48:00,73627.99,73826.78,73627.99,73750.01,51.53111
2026-08-21 00:51:00,73750.01,73850.0,73750.0,73774.01,46.37207
2026-08-21 00:54:00,73774.0,73776.01,73588.24,73664.0,40.45592
2026-08-21 00:57:00,73663.99,73722.0,73642.0,73708.02,23.09221
2026-08-21 01:00:00,73707.82,73843.32,73668.0,73821.09,42.5605
2026-08-21 01:03:00,73821.1,73931.99,73808.0,73826.77,54.6373
2026-08-21 01:06:00,73826.78,73948.85,73815.24,73881.99,57.27349
2026-08-21 01:09:00,73882.0,73963.21,73868.01,73955.99,34.26095
2026-08-21 01:12:00,73955.99,73999.0,73922.0,73990.5,54.53009
2026-08-21 01:15:00,73990.5,74266.0,73960.0,74259.43,207.16336
2026-08-21 01:18:00,74259.43,74866.66,74259.43,74472.1,620.31817
2026-08-21 01:21:00,74472.1,74637.18,74274.52,74399.99,138.92298
2026-08-21 01:24:00,74400.0,74621.29,74392.89,74535.96,127.92262
2026-08-21 01:27:00,74535.96,74800.0,74522.09,74726.77,63.736
2026-08-21 01:30:00,74726.78,75000.0,74600.0,74932.5,183.56843
2026-08-21 01:33:00,74932.5,75045.2,74698.39,74707.65,212.39665
2026-08-21 01:36:00,74707.64,74718.04,74540.96,74548.52,107.07508
2026-08-21 01:39:00,74548.52,74671.1,74548.52,74557.09,86.68386
2026-08-21 01:42:00,74557.09,74798.0,74552.0,74744.04,77.80212
2026-08-21 01:45:00,74744.05,75573.86,74701.95,75403.18,433.79692
2026-08-21 01:48:00,75406.62,75785.82,75339.75,75457.97,322.45195
2026-08-21 01:51:00,75456.98,75605.43,75390.27,75390.28,115.51372
2026-08-21 01:54:00,75390.27,75438.84,75274.94,75274.95,89.50804
2026-08-21 01:57:00,75274.94,75274.94,75100.0,75129.23,143.20724
2026-08-21 02:00:00,75129.23,75130.0,74853.0,74872.77,175.35503
2026-08-21 02:03:00,74872.77,75079.13,74790.69,75019.17,164.38388
2026-08-21 02:06:00,75019.17,75197.08,74976.32,74980.43,71.02781
2026-08-21 02:09:00,74980.43,74988.59,74739.33,74776.13,58.93999
2026-08-21 02:12:00,74776.14,74880.2,74681.88,74876.05,58.62421
2026-08-21 02:15:00,74876.05,74923.48,74652.95,74792.22,228.88387
2026-08-21 02:18:00,74792.22,74799.12,74662.58,74757.41,97.7189
2026-08-21 02:21:00,74757.42,74781.57,74700.0,74706.16,34.04348
2026-08-21 02:24:00,74706.15,74804.33,74654.48,74799.26,64.25803
2026-08-21 02:27:00,74799.26,74991.7,74784.05,74970.92,60.1024
2026-08-21 02:30:00,74970.92,75095.16,74959.08,75007.15,121.77501
2026-08-21 02:33:00,75007.14,75007.14,74574.81,74698.04,131.39199
2026-08-21 02:36:00,74698.03,74824.87,74691.69,74767.07,46.88923
2026-08-21 02:39:00,74767.06,74818.68,74728.11,74737.57,37.87183
2026-08-21 02:42:00,74737.57,74763.93,74704.43,74725.27,20.78611
2026-08-21 02:45:00,74725.62,74730.62,74458.33,74595.84,135.91831
2026-08-21 02:48:00,74595.84,74613.69,74448.27,74461.6,58.04011
2026-08-21 02:51:00,74461.6,74527.07,74400.0,74410.91,67.56935
2026-08-21 02:54:00,74410.92,74471.17,74400.0,74466.69,35.97802
2026-08-21 02:57:00,74466.69,74482.25,74384.63,74439.74,46.5973
2026-08-21 03:00:00,74439.75,74480.41,74409.46,74470.28,29.5445
2026-08-21 03:03:00,74470.29,74470.29,74336.84,74368.17,57.07985
2026-08-21 03:06:00,74368.16,74368.17,74247.46,74325.04,63.15026
2026-08-21 03:09:00,74325.05,74495.21,74300.53,74453.85,131.76948
2026-08-21 03:12:00,74453.86,74500.0,74432.94,74459.31,27.94257
2026-08-21 03:15:00,74459.31,74500.0,74316.99,74500.0,47.64761
2026-08-21 03:18:00,74499.99,74505.31,74433.81,74499.06,30.69212
2026-08-21 03:21:00,74499.06,74607.52,74464.57,74598.68,63.81424
2026-08-21 03:24:00,74598.67,74606.78,74514.28,74560.6,38.04554
2026-08-21 03:27:00,74560.6,74645.08,74554.5,74609.12,48.87724
2026-08-21 03:30:00,74609.12,74666.35,74584.97,74636.38,39.45602
2026-08-21 03:33:00,74636.38,74636.38,74585.68,74599.02,38.49541
2026-08-21 03:36:00,74599.02,74599.02,74442.83,74544.5,55.76404
2026-08-21 03:39:00,74544.51,74596.63,74489.01,74596.63,58.12348
2026-08-21 03:42:00,74596.62,74733.77,74596.62,74674.56,56.43306
2026-08-21 03:45:00,74674.55,74796.34,74674.55,74796.33,36.52664
2026-08-21 03:48:00,74796.34,74840.21,74748.01,74824.92,37.52071
2026-08-21 03:51:00,74824.92,74882.24,74713.48,74755.31,72.35987
2026-08-21 03:54:00,74755.32,74767.69,74650.0,74651.68,41.10377
2026-08-21 03:57:00,74651.67,74665.93,74500.0,74510.77,65.45431
2026-08-21 04:00:00,74510.77,74793.06,74510.77,74782.66,46.79005
2026-08-21 04:03:00,74782.66,74850.0,74718.45,74718.46,41.51728
2026-08-21 04:06:00,74718.46,74842.5,74704.89,74842.49,27.71987
2026-08-21 04:09:00,74842.5,74900.0,74793.02,74796.56,42.13846
2026-08-21 04:12:00,74796.57,74870.83,74763.1,74870.82,28.04105
2026-08-21 04:15:00,74870.83,74920.14,74810.16,74835.83,30.84289
2026-08-21 04:18:00,74835.84,74926.88,74835.83,74884.19,34.51108
2026-08-21 04:21:00,74884.18,74950.0,74884.18,74905.37,33.64223
2026-08-21 04:24:00,74905.36,74908.36,74791.41,74845.39,37.82113
2026-08-21 04:27:00,74845.39,74853.77,74787.5,74818.07,42.21667
2026-08-21 04:30:00,74818.07,74990.0,74783.01,74964.0,32.24226
2026-08-21 04:33:00,74964.01,75000.0,74911.31,74973.71,75.08434
2026-08-21 04:36:00,74973.72,74993.88,74946.0,74963.28,19.24461
2026-08-21 04:39:00,74963.28,74963.28,74890.0,74912.93,35.78255
2026-08-21 04:42:00,74912.92,74960.43,74860.0,74958.93,38.86259
2026-08-21 04:45:00,74958.92,75032.0,74926.0,75014.01,76.82006
2026-08-21 04:48:00,75014.01,75038.48,74988.0,75000.01,29.55904
2026-08-21 04:51:00,75000.01,75000.01,74940.07,74995.24,66.12292
2026-08-21 04:54:00,74995.25,75054.46,74994.04,75001.43,37.60013
2026-08-21 04:57:00,75001.43,75028.0,75000.0,75026.0,48.95764
2026-08-21 05:00:00,75026.0,75039.61,74983.86,75039.61,27.76811
2026-08-21 05:03:00,75039.61,75224.22,74918.79,75167.77,95.54685
2026-08-21 05:06:00,75167.77,75167.77,75092.0,75112.01,34.77817
2026-08-21 05:09:00,75112.01,75250.0,75092.0,75250.0,45.64099
2026-08-21 05:12:00,75249.99,75365.23,75210.81,75325.98,60.73318
2026-08-21 05:15:00,75325.99,75370.7,75200.03,75370.7,72.70855
2026-08-21 05:18:00,75370.7,75500.0,75370.69,75420.55,79.98029
2026-08-21 05:21:00,75420.55,75459.97,75282.6,75320.98,57.77562
2026-08-21 05:24:00,75320.98,75327.07,75162.37,75162.37,50.67865
2026-08-21 05:27:00,75162.36,75288.55,75053.0,75200.82,68.89367
2026-08-21 05:30:00,75200.81,75200.81,75106.31,75106.31,30.06351
2026-08-21 05:33:00,75106.31,75281.6,75096.96,75191.02,51.86435
2026-08-21 05:36:00,75191.01,75297.31,75191.01,75255.5,60.25855
2026-08-21 05:39:00,75255.5,75386.0,75206.37,75230.59,84.12482
2026-08-21 05:42:00,75230.59,75343.54,75230.59,75277.51,33.36289
2026-08-21 05:45:00,75277.52,75282.0,75214.0,75255.41,30.1235
2026-08-21 05:48:00,75255.41,75362.0,75236.0,75361.99,46.65973
2026-08-21 05:51:00,75361.98,75405.99,75286.06,75387.71,93.11457
2026-08-21 05:54:00,75387.72,75449.99,75360.13,75401.99,51.82458
2026-08-21 05:57:00,75401.99,75472.73,75381.99,75472.73,62.78167
2026-08-21 06:00:00,75472.73,75472.73,75346.0,75346.01,46.0665
2026-08-21 06:03:00,75346.0,75490.0,75346.0,75479.36,98.98209
2026-08-21 06:06:00,75479.35,75524.0,75369.07,75423.99,62.72586
2026-08-21 06:09:00,75423.99,75462.28,75282.46,75290.01,49.58107
2026-08-21 06:12:00,75290.02,75334.84,75274.01,75289.6,68.64267
2026-08-21 06:15:00,75289.61,75436.94,75289.6,75413.5,34.78834
2026-08-21 06:18:00,75413.49,75413.49,75264.0,75268.0,37.71664
2026-08-21 06:21:00,75268.0,75365.38,75104.0,75146.0,66.67725
2026-08-21 06:24:00,75146.0,75433.77,75112.0,75413.88,88.73784
2026-08-21 06:27:00,75413.89,75511.33,75342.0,75342.01,65.52134
2026-08-21 06:30:00,75342.0,75586.48,75334.0,75582.15,49.50345
2026-08-21 06:33:00,75582.15,75652.0,75555.28,75624.33,91.61462
2026-08-21 06:36:00,75624.32,75624.33,75494.53,75603.18,48.01837
2026-08-21 06:39:00,75603.18,75753.0,75572.34,75578.15,138.55994
2026-08-21 06:42:00,75578.14,75578.15,75324.0,75394.97,173.05594
2026-08-21 06:45:00,75394.98,75414.0,75300.0,75398.65,59.67123
2026-08-21 06:48:00,75398.64,75616.41,75390.0,75491.13,55.17767
2026-08-21 06:51:00,75491.12,75530.0,75420.97,75492.67,67.86213
2026-08-21 06:54:00,75492.68,75624.5,75492.67,75624.37,38.60856
2026-08-21 06:57:00,75624.37,75660.95,75568.0,75646.21,40.58922
2026-08-21 07:00:00,75646.2,75880.0,75620.0,75840.0,125.2227
2026-08-21 07:03:00,75840.01,75840.01,75654.0,75667.98,94.47714
2026-08-21 07:06:00,75667.99,75888.0,75667.98,75887.19,62.92828
2026-08-21 07:09:00,75887.19,76000.0,75850.0,75999.99,134.47079
2026-08-21 07:12:00,76000.0,76013.5,75878.18,75969.99,120.97442
2026-08-21 07:15:00,75970.0,76916.95,75931.79,76599.44,746.11248
2026-08-21 07:18:00,76599.44,76656.98,76401.2,76461.59,224.75043
2026-08-21 07:21:00,76461.58,76498.01,76263.15,76350.74,150.26174
2026-08-21 07:24:00,76350.73,76420.28,76253.67,76340.06,89.68073
2026-08-21 07:27:00,76340.06,76470.57,76254.41,76410.38,74.05412
2026-08-21 07:30:00,76410.37,76511.99,76359.24,76494.74,216.07073
2026-08-21 07:33:00,76494.74,76559.48,76300.0,76383.81,188.09707
2026-08-21 07:36:00,76383.8,76437.37,76300.0,76403.08,154.07336
2026-08-21 07:39:00,76403.08,76574.0,76380.92,76549.59,195.17929
2026-08-21 07:42:00,76549.59,76809.94,76510.83,76595.89,214.3261
2026-08-21 07:45:00,76595.88,76640.06,76444.0,76570.0,177.22089
2026-08-21 07:48:00,76570.0,76598.0,76400.0,76400.01,147.00293
2026-08-21 07:51:00,76400.0,76402.0,76300.0,76300.73,171.51264
2026-08-21 07:54:00,76300.72,76427.99,76300.0,76422.57,203.2631
2026-08-21 07:57:00,76422.57,76429.31,76199.48,76308.65,285.88539
2026-08-21 08:00:00,76308.66,76498.0,76235.76,76497.99,105.42402
2026-08-21 08:03:00,76497.99,76750.0,76497.99,76578.0,81.18379
2026-08-21 08:06:00,76578.0,76842.01,76445.31,76837.18,93.41613
2026-08-21 08:09:00,76837.18,76843.07,76654.0,76718.01,70.44293
2026-08-21 08:12:00,76718.01,77200.0,76716.01,76892.01,290.58748
2026-08-21 08:15:00,76892.01,77190.61,76852.32,77113.52,143.26423
2026-08-21 08:18:00,77113.52,77270.67,77059.08,77138.85,164.58532
2026-08-21 08:21:00,77138.85,77138.85,76938.8,77012.39,127.92125
2026-08-21 08:24:00,77012.38,77426.83,76960.5,77150.0,197.5064
2026-08-21 08:27:00,77150.01,77240.34,77038.14,77240.33,111.96142
2026-08-21 08:30:00,77240.33,77495.32,77179.06,77465.12,145.52842
2026-08-21 08:33:00,77465.12,77666.0,77391.08,77661.68,176.91889
2026-08-21 08:36:00,77661.68,77678.99,77428.5,77539.52,185.324
2026-08-21 08:39:00,77539.52,77743.54,77453.48,77693.23,195.54285
2026-08-21 08:42:00,77693.23,77800.0,77609.85,77647.34,206.66617
2026-08-21 08:45:00,77647.34,78000.0,77582.0,77896.44,325.97893
2026-08-21 08:48:00,77896.45,78216.0,77868.85,78129.11,314.74165
2026-08-21 08:51:00,78129.11,78522.0,78129.11,78522.0,343.00721
2026-08-21 08:54:00,78521.99,78809.35,78474.75,78780.41,492.26362
2026-08-21 08:57:00,78780.4,79500.0,78720.97,79258.03,594.20835
2026-08-21 09:00:00,79258.02,79363.79,78136.36,78354.9,498.03973
2026-08-21 09:03:00,78354.9,78442.4,77559.64,77767.33,642.22794
2026-08-21 09:06:00,77767.49,77796.41,77251.0,77676.96,452.75247
2026-08-21 09:09:00,77676.95,78042.13,77654.32,78018.73,270.85624
2026-08-21 09:12:00,78018.73,78167.64,77849.06,77883.87,171.72969
2026-08-21 09:15:00,77883.88,77899.58,77465.26,77809.01,259.92382
2026-08-21 09:18:00,77809.0,77945.9,77550.01,77762.52,186.41317
2026-08-21 09:21:00,77762.53,77810.3,77539.28,77638.3,139.26331
2026-08-21 09:24:00,77638.29,77727.0,77578.0,77578.0,113.01737
2026-08-21 09:27:00,77578.01,77866.53,77578.0,77711.09,99.90714
2026-08-21 09:30:00,77711.1,77972.48,77626.0,77934.81,109.92584
2026-08-21 09:33:00,77934.81,77962.59,77805.14,77869.05,137.5695
2026-08-21 09:36:00,77869.04,78011.15,77774.2,77855.11,118.96382
2026-08-21 09:39:00,77855.12,77994.86,77855.11,77969.39,83.40051
2026-08-21 09:42:00,77969.39,78366.65,77913.68,78194.16,159.11191
2026-08-21 09:45:00,78194.16,78367.89,78113.96,78306.13,133.82436
2026-08-21 09:48:00,78306.12,78349.01,77991.14,77993.35,155.44715
2026-08-21 09:51:00,77993.36,78243.97,77961.91,78024.66,128.91542
2026-08-21 09:54:00,78024.66,78170.51,77937.86,78061.41,106.57146
2026-08-21 09:57:00,78061.42,78068.27,77577.01,77910.71,199.21732
2026-08-21 10:00:00,77910.71,77940.0,77755.01,77817.81,103.56663
2026-08-21 10:03:00,77817.81,77851.09,77623.37,77770.88,98.69483
2026-08-21 10:06:00,77770.88,77776.46,77621.8,77682.59,79.02346
2026-08-21 10:09:00,77682.0,78075.49,77674.37,78038.52,97.58622
2026-08-21 10:12:00,78038.52,78110.0,77968.79,78048.89,125.67289
2026-08-21 10:15:00,78048.9,78247.76,78025.28,78150.74,117.63115
2026-08-21 10:18:00,78150.73,78250.0,78053.97,78053.98,147.15766
2026-08-21 10:21:00,78053.98,78127.09,77963.33,77996.48,136.88608
2026-08-21 10:24:00,77996.49,78030.0,77704.0,77746.01,96.16904
2026-08-21 10:27:00,77746.01,77928.54,77666.37,77928.54,74.25583
2026-08-21 10:30:00,77928.54,77966.73,77852.21,77866.01,37.30243
2026-08-21 10:33:00,77866.01,77867.26,77625.01,77696.0,78.78871
2026-08-21 10:36:00,77696.0,77790.0,77695.99,77718.92,59.51774
2026-08-21 10:39:00,77718.93,77834.0,77686.8,77826.76,49.05829
2026-08-21 10:42:00,77826.76,77853.62,77720.0,77844.21,35.72056
2026-08-21 10:45:00,77844.21,78000.0,77844.2,77949.68,35.36347
2026-08-21 10:48:00,77949.68,77964.08,77760.0,77760.01,50.95569
2026-08-21 10:51:00,77760.01,77848.0,77744.0,77802.17,59.74856
2026-08-21 10:54:00,77802.17,77888.23,77789.9,77847.76,70.07086
2026-08-21 10:57:00,77847.76,77887.62,77776.82,77810.02,51.01374
2026-08-21 11:00:00,77810.01,77826.0,77600.0,77610.0,49.57322
2026-08-21 11:03:00,77609.99,77855.78,77575.75,77800.0,64.60884
2026-08-21 11:06:00,77800.01,77802.17,77724.0,77759.97,30.572
2026-08-21 11:09:00,77759.97,77794.94,77698.01,77770.68,37.4742
2026-08-21 11:12:00,77770.68,77770.68,77338.65,77551.19,140.23128
2026-08-21 11:15:00,77551.2,77551.2,77368.42,77431.63,85.91221
2026-08-21 11:18:00,77431.63,77490.01,77240.0,77457.75,119.85229
2026-08-21 11:21:00,77457.75,77666.66,77431.49,77666.66,94.86852
2026-08-21 11:24:00,77666.66,77675.09,77410.07,77432.02,114.74801
2026-08-21 11:27:00,77432.02,77445.07,77282.0,77419.01,65.10371
2026-08-21 11:30:00,77419.01,77442.44,76718.86,76851.39,307.36416
2026-08-21 11:33:00,76851.39,76959.99,76411.38,76820.0,323.90694
2026-08-21 11:36:00,76820.0,77096.0,76790.0,77025.46,155.14236
2026-08-21 11:39:00,77025.46,77034.0,76934.46,76981.98,107.73589
2026-08-21 11:42:00,76981.98,76990.1,76780.84,76836.21,106.44875
2026-08-21 11:45:00,76836.21,76946.42,76646.0,76675.66,63.31195
2026-08-21 11:48:00,76675.67,76793.99,76604.0,76792.05,95.12007
2026-08-21 11:51:00,76792.05,77003.52,76718.0,76950.3,106.28359
2026-08-21 11:54:00,76950.29,77024.0,76822.32,76822.32,98.77196
2026-08-21 11:57:00,76822.32,76908.01,76516.57,76722.32,220.71051
2026-08-21 12:00:00,76722.31,76763.33,76538.0,76652.0,181.52931
2026-08-21 12:03:00,76652.0,76808.02,76538.0,76798.03,183.49842
2026-08-21 12:06:00,76798.03,76958.0,76793.06,76819.16,155.36056
2026-08-21 12:09:00,76819.17,76855.58,76711.96,76825.99,164.19164
2026-08-21 12:12:00,76826.0,76999.99,76762.77,76912.29,160.0779
2026-08-21 12:15:00,76912.29,76912.29,76755.95,76847.63,144.25476
2026-08-21 12:18:00,76847.64,76886.47,76777.5,76798.12,130.9266
2026-08-21 12:21:00,76798.13,76853.71,76659.15,76659.16,107.58821
2026-08-21 12:24:00,76659.15,76829.99,76640.0,76742.12,115.89958
2026-08-21 12:27:00,76742.12,76796.0,76665.13,76680.5,99.01801
2026-08-21 12:30:00,76680.5,76742.1,76620.81,76737.29,205.58604
2026-08-21 12:33:00,76737.29,76865.99,76634.25,76844.78,182.56308
2026-08-21 12:36:00,76844.78,77063.36,76830.6,77030.01,167.75938
2026-08-21 12:39:00,77030.0,77434.84,77018.4,77422.37,159.82273
2026-08-21 12:42:00,77422.36,77437.99,77289.07,77428.01,101.55833
2026-08-21 12:45:00,77428.01,77477.24,77305.98,77334.24,136.71964
2026-08-21 12:48:00,77334.24,77452.0,77269.91,77392.01,119.18386
2026-08-21 12:51:00,77392.01,77392.01,77274.02,77281.93,37.52798
2026-08-21 12:54:00,77281.93,77281.94,77121.45,77144.01,53.12415
2026-08-21 12:57:00,77144.01,77223.66,77144.0,77223.66,73.98635
2026-08-21 13:00:00,77223.66,77248.0,77090.0,77127.99,47.82145
2026-08-21 13:03:00,77127.99,77309.52,77078.01,77274.01,49.72261
2026-08-21 13:06:00,77274.0,77397.83,77218.0,77225.75,66.64119
2026-08-21 13:09:00,77225.75,77272.0,77051.4,77139.99,46.74067
2026-08-21 13:12:00,77139.99,77196.0,77080.0,77194.0,48.35927
2026-08-21 13:15:00,77194.0,77194.0,76916.07,76947.98,122.62285
2026-08-21 13:18:00,76947.99,76996.0,76846.0,76869.01,152.85408
2026-08-21 13:21:00,76869.01,76925.57,76851.93,76860.5,78.58372
2026-08-21 13:24:00,76860.5,77118.0,76860.5,77099.91,76.79816
2026-08-21 13:27:00,77099.91,77206.21,77048.0,77083.93,79.0625
2026-08-21 13:30:00,77083.94,77084.0,76572.0,76733.91,214.13193
2026-08-21 13:33:00,76733.91,76770.0,76255.61,76255.61,149.67617
2026-08-21 13:36:00,76255.86,76859.31,76243.04,76825.0,155.84729
2026-08-21 13:39:00,76823.38,77164.16,76753.87,77151.78,90.58524
2026-08-21 13:42:00,77151.78,77325.51,77143.23,77308.0,114.26394
2026-08-21 13:45:00,77308.0,77449.88,77155.02,77268.0,129.80436
2026-08-21 13:48:00,77268.01,77665.96,77226.0,77660.15,147.71765
2026-08-21 13:51:00,77660.91,77700.0,77407.18,77410.0,88.15412
2026-08-21 13:54:00,77410.0,77410.0,77240.85,77398.0,81.62592
2026-08-21 13:57:00,77398.0,77462.0,77116.59,77266.87,81.49994
2026-08-21 14:00:00,77266.88,77266.88,76854.0,76917.87,130.56552
2026-08-21 14:03:00,76917.87,76974.13,76752.22,76974.0,98.79765
2026-08-21 14:06:00,76973.99,77147.99,76971.45,77102.0,81.25902
2026-08-21 14:09:00,77102.0,77102.0,76978.0,77044.0,104.1959
2026-08-21 14:12:00,77043.99,77096.0,76701.0,76764.01,132.19786
2026-08-21 14:15:00,76764.01,76971.18,76735.1,76839.65,114.71834
2026-08-21 14:18:00,76839.64,76849.68,76552.74,76609.15,134.30512
2026-08-21 14:21:00,76609.15,77091.29,76594.2,76868.59,148.33357
2026-08-21 14:24:00,76868.59,77142.0,76863.34,77084.29,106.82087
2026-08-21 14:27:00,77084.3,77200.0,77058.0,77067.99,103.57806
2026-08-21 14:30:00,77067.99,77208.55,77066.0,77200.24,80.3204
2026-08-21 14:33:00,77200.23,77223.29,77032.01,77032.01,44.91774
2026-08-21 14:36:00,77032.01,77235.95,76922.95,76955.77,90.16276
2026-08-21 14:39:00,76955.77,77000.0,76856.16,76972.0,67.49921
2026-08-21 14:42:00,76972.01,77153.99,76972.01,77143.99,98.47098
2026-08-21 14:45:00,77143.99,77364.0,77124.0,77328.0,93.11503
2026-08-21 14:48:00,77328.0,77435.92,77276.0,77435.92,72.94348
2026-08-21 14:51:00,77435.92,77448.26,77317.1,77344.25,71.69675
2026-08-21 14:54:00,77344.25,77379.99,77270.0,77379.19,36.34841
2026-08-21 14:57:00,77379.19,77444.0,77328.0,77384.68,45.51706
2026-08-21 15:00:00,77384.69,77495.57,77328.0,77476.61,81.40345
2026-08-21 15:03:00,77476.61,77636.76,77436.0,77636.75,77.11784
2026-08-21 15:06:00,77636.75,77707.13,77536.0,77600.01,94.90739
2026-08-21 15:09:00,77600.01,77733.06,77572.01,77652.01,67.83547
2026-08-21 15:12:00,77652.01,77794.0,77600.0,77703.03,73.80587
2026-08-21 15:15:00,77703.04,77871.33,77570.01,77622.0,91.12105
2026-08-21 15:18:00,77622.0,77652.0,77550.0,77593.0,49.00438
2026-08-21 15:21:00,77592.95,77742.0,77524.0,77657.65,59.53589
2026-08-21 15:24:00,77657.64,77766.13,77626.0,77766.13,50.95629
2026-08-21 15:27:00,77766.12,77812.0,77610.0,77614.36,51.55814
2026-08-21 15:30:00,77614.36,77749.39,77582.0,77722.2,71.07358
2026-08-21 15:33:00,77722.2,77729.98,77487.98,77505.65,47.38093
2026-08-21 15:36:00,77505.64,77649.42,77505.64,77649.41,44.08774
2026-08-21 15:39:00,77649.41,77652.97,77594.0,77631.93,38.33812
2026-08-21 15:42:00,77631.93,77652.0,77500.0,77503.54,43.43073
2026-08-21 15:45:00,77503.54,77544.0,77382.0,77428.0,46.1484
2026-08-21 15:48:00,77428.01,77461.98,77329.43,77461.98,72.07895
2026-08-21 15:51:00,77461.98,77475.92,77344.0,77355.99,72.37324
2026-08-21 15:54:00,77355.98,77397.27,77228.0,77267.38,120.47524
2026-08-21 15:57:00,77267.37,77296.09,77170.0,77221.98,63.73305
2026-08-21 16:00:00,77221.98,77310.0,77134.0,77189.99,53.67442
2026-08-21 16:03:00,77189.99,77240.46,77052.0,77075.62,49.65089
2026-08-21 16:06:00,77075.62,77096.0,76920.0,76956.01,70.23895
2026-08-21 16:09:00,76956.0,77145.0,76932.0,76962.01,74.73176
2026-08-21 16:12:00,76962.0,77024.0,76858.57,76858.57,72.9811
2026-08-21 16:15:00,76858.57,77107.77,76784.81,77107.77,91.41759
2026-08-21 16:18:00,77107.77,77194.0,77069.06,77090.0,53.94558
2026-08-21 16:21:00,77090.01,77210.52,77060.0,77181.52,78.89877
2026-08-21 16:24:00,77181.21,77188.79,77099.4,77125.99,41.84596
2026-08-21 16:27:00,77125.99,77390.68,77125.99,77383.87,67.34416
2026-08-21 16:30:00,77383.88,77416.0,77270.74,77322.71,62.00273
2026-08-21 16:33:00,77322.71,77367.39,77290.0,77325.85,81.09778
2026-08-21 16:36:00,77325.85,77333.07,77239.63,77268.52,94.39116
2026-08-21 16:39:00,77268.52,77328.0,77264.95,77328.0,37.1612
2026-08-21 16:42:00,77328.0,77362.04,77274.0,77362.04,71.20327
2026-08-21 16:45:00,77362.04,77445.99,77318.0,77421.95,105.05864
2026-08-21 16:48:00,77421.96,77563.53,77418.0,77533.99,83.60992
2026-08-21 16:51:00,77534.0,77534.0,77444.01,77468.0,50.36353
2026-08-21 16:54:00,77468.01,77538.63,77446.0,77500.0,103.05523
2026-08-21 16:57:00,77500.01,77530.0,77478.23,77486.01,25.54709
2026-08-21 17:00:00,77486.01,77625.0,77468.46,77558.09,87.53625
2026-08-21 17:03:00,77558.09,77603.99,77490.93,77557.24,48.62045
2026-08-21 17:06:00,77557.25,77722.12,77542.0,77680.01,84.89119
2026-08-21 17:09:00,77680.0,77700.0,77604.0,77620.49,57.66099
2026-08-21 17:12:00,77620.49,77620.5,77507.05,77561.3,33.59704
2026-08-21 17:15:00,77561.3,77562.0,77368.0,77442.78,65.98306
2026-08-21 17:18:00,77442.78,77492.0,77256.57,77302.01,78.75563
2026-08-21 17:21:00,77302.02,77326.0,77244.0,77248.0,30.21329
2026-08-21 17:24:00,77248.01,77365.29,77189.95,77365.29,63.72088
2026-08-21 17:27:00,77365.28,77559.07,77363.5,77558.64,96.72221
2026-08-21 17:30:00,77558.64,77650.0,77538.0,77644.82,68.04759
2026-08-21 17:33:00,77644.82,77644.83,77530.0,77540.0,45.28408
2026-08-21 17:36:00,77540.0,77614.25,77500.0,77558.22,59.42736
2026-08-21 17:39:00,77558.22,77568.02,77460.0,77473.22,67.19893
2026-08-21 17:42:00,77473.22,77473.22,77349.34,77395.48,63.99358
2026-08-21 17:45:00,77395.49,77461.69,77324.0,77442.81,31.33064
2026-08-21 17:48:00,77442.81,77513.26,77410.07,77443.91,29.6015
2026-08-21 17:51:00,77443.9,77443.91,77396.0,77415.54,27.05491
2026-08-21 17:54:00,77415.54,77440.0,77358.0,77440.0,22.57855
2026-08-21 17:57:00,77439.99,77472.0,77388.0,77392.68,37.12043
2026-08-21 18:00:00,77392.69,77473.98,77392.0,77470.38,27.25936
2026-08-21 18:03:00,77470.38,77496.0,77447.29,77493.98,45.72103
2026-08-21 18:06:00,77493.98,77550.0,77396.0,77396.01,85.42263
2026-08-21 18:09:00,77396.0,77432.0,77288.62,77308.23,60.18784
2026-08-21 18:12:00,77308.23,77389.99,77278.62,77326.0,53.58293
2026-08-21 18:15:00,77326.01,77398.19,77266.96,77271.25,60.90276
2026-08-21 18:18:00,77271.25,77495.58,77266.0,77482.99,47.02745
2026-08-21 18:21:00,77482.99,77490.93,77424.25,77434.06,29.73532
2026-08-21 18:24:00,77434.06,77442.29,77382.67,77440.35,36.72754
2026-08-21 18:27:00,77440.34,77470.8,77388.0,77388.0,27.22765
2026-08-21 18:30:00,77388.0,77462.3,77349.34,77349.35,52.14809
2026-08-21 18:33:00,77349.34,77355.1,77188.02,77188.02,45.97968
2026-08-21 18:36:00,77188.02,77189.65,77107.04,77171.53,79.55918
2026-08-21 18:39:00,77171.53,77234.98,77122.53,77142.93,52.49125
2026-08-21 18:42:00,77142.93,77144.31,76860.32,76945.99,130.69374
2026-08-21 18:45:00,76946.0,76946.0,76643.72,76774.7,148.03212
2026-08-21 18:48:00,76774.7,76785.58,76670.0,76772.01,74.60488
2026-08-21 18:51:00,76772.01,76961.26,76753.2,76819.62,62.64141
2026-08-21 18:54:00,76819.63,76974.81,76786.0,76967.84,54.08959
2026-08-21 18:57:00,76967.84,77146.0,76964.0,77146.0,73.36253
2026-08-21 19:00:00,77145.99,77190.0,77045.73,77054.88,41.23127
2026-08-21 19:03:00,77054.88,77062.0,76894.48,76920.0,85.80858
2026-08-21 19:06:00,76920.01,77076.35,76856.2,77053.17,73.41941
2026-08-21 19:09:00,77053.17,77106.0,77020.0,77105.99,35.22243
2026-08-21 19:12:00,77106.0,77195.76,77105.99,77145.46,50.75659
2026-08-21 19:15:00,77145.47,77145.47,76973.72,77010.8,78.72039
2026-08-21 19:18:00,77010.8,77122.0,77010.79,77122.0,40.46334
2026-08-21 19:21:00,77122.0,77186.0,77058.0,77186.0,38.52705
2026-08-21 19:24:00,77186.0,77280.0,77186.0,77266.01,51.1649
2026-08-21 19:27:00,77266.0,77349.35,77266.0,77322.81,60.17871
2026-08-21 19:30:00,77322.8,77360.0,77246.0,77246.0,41.72887
2026-08-21 19:33:00,77246.0,77265.68,77198.0,77237.99,54.06569
2026-08-21 19:36:00,77237.99,77249.99,77125.11,77249.99,66.46033
2026-08-21 19:39:00,77249.99,77255.42,77106.45,77195.13,54.14935
2026-08-21 19:42:00,77195.14,77212.76,77138.65,77174.0,45.09102
2026-08-21 19:45:00,77173.99,77273.76,77101.89,77227.68,66.45162
2026-08-21 19:48:00,77227.68,77246.0,77124.0,77162.0,78.00338
2026-08-21 19:51:00,77162.0,77239.97,77119.84,77140.27,77.49221
2026-08-21 19:54:00,77140.27,77181.99,77092.0,77112.77,57.51591
2026-08-21 19:57:00,77112.77,77117.17,77014.32,77028.94,54.88694
2026-08-21 20:00:00,77028.94,77048.0,76863.56,77048.0,56.05343
2026-08-21 20:03:00,77048.0,77173.41,77016.0,77016.02,45.80847
2026-08-21 20:06:00,77016.02,77160.0,76969.97,77156.56,61.97447
2026-08-21 20:09:00,77156.56,77305.99,77074.0,77216.0,77.46022
2026-08-21 20:12:00,77216.0,77321.98,77216.0,77275.02,55.14358
2026-08-21 20:15:00,77275.03,77500.0,77275.03,77500.0,84.80163
2026-08-21 20:18:00,77499.99,77511.33,77399.99,77400.0,33.48182
2026-08-21 20:21:00,77400.0,77500.0,77392.31,77431.53,69.40786
2026-08-21 20:24:00,77431.53,77548.99,77428.0,77447.27,37.67558
2026-08-21 20:27:00,77447.27,77510.0,77392.31,77490.0,31.21475
2026-08-21 20:30:00,77489.99,77545.77,77477.65,77509.99,38.87074
2026-08-21 20:33:00,77509.99,77533.16,77470.79,77494.04,53.4586
2026-08-21 20:36:00,77494.03,77535.0,77373.67,77373.68,47.54732
2026-08-21 20:39:00,77373.67,77527.4,77354.0,77470.8,41.98677
2026-08-21 20:42:00,77470.8,77535.0,77470.0,77474.01,24.75096
2026-08-21 20:45:00,77474.01,77490.0,77354.0,77374.52,28.07751
2026-08-21 20:48:00,77374.51,77466.01,77316.0,77456.02,28.94359
2026-08-21 20:51:00,77456.03,77543.4,77456.03,77523.99,38.74844
2026-08-21 20:54:00,77524.0,77528.0,77490.15,77510.0,16.98356
2026-08-21 20:57:00,77510.0,77532.53,77470.79,77520.19,33.10078
2026-08-21 21:00:00,77520.19,77520.19,77456.55,77470.8,24.85863
2026-08-21 21:03:00,77470.8,77484.0,77460.0,77460.01,8.48455
2026-08-21 21:06:00,77460.01,77482.0,77388.0,77420.01,14.63564
2026-08-21 21:09:00,77420.01,77770.0,77412.0,77688.0,86.88645
2026-08-21 21:12:00,77688.0,77814.99,77586.0,77690.01,83.3777
2026-08-21 21:15:00,77690.01,77705.62,77600.0,77668.01,26.81568
2026-08-21 21:18:00,77668.0,77720.0,77588.0,77686.01,32.39993
2026-08-21 21:21:00,77686.01,77960.0,77686.0,77923.16,58.5926
2026-08-21 21:24:00,77923.16,78090.0,77914.76,78017.99,127.13349
2026-08-21 21:27:00,78017.1,78203.38,78006.01,78090.0,100.08358
2026-08-21 21:30:00,78090.0,78371.78,78090.0,78315.59,147.31067
2026-08-21 21:33:00,78315.59,78500.0,78251.0,78251.0,94.02881
2026-08-21 21:36:00,78251.0,78251.0,78055.37,78078.05,67.73317
2026-08-21 21:39:00,78078.05,78199.48,78000.0,78172.0,66.33085
2026-08-21 21:42:00,78172.01,78261.11,78144.0,78240.71,78.67908
2026-08-21 21:45:00,78240.72,78425.58,78240.72,78243.99,57.86102
2026-08-21 21:48:00,78243.99,78371.26,78233.0,78371.25,44.89801
2026-08-21 21:51:00,78371.25,78582.15,78290.0,78442.38,104.09508
2026-08-21 21:54:00,78442.38,78675.1,78405.04,78434.59,68.88883
2026-08-21 21:57:00,78434.58,78513.88,78416.69,78505.15,58.88597
2026-08-21 22:00:00,78505.14,78537.71,78178.59,78356.56,100.99788
2026-08-21 22:03:00,78356.57,78522.4,78337.68,78522.4,56.05387
2026-08-21 22:06:00,78522.4,78755.0,78507.94,78588.13,105.36384
2026-08-21 22:09:00,78588.47,78760.68,78588.1,78644.93,47.41471
2026-08-21 22:12:00,78644.93,78749.86,78606.0,78749.86,61.39505
2026-08-21 22:15:00,78749.85,78749.85,78465.93,78567.27,56.95801
2026-08-21 22:18:00,78567.28,78632.97,78476.14,78509.41,41.6033
2026-08-21 22:21:00,78509.42,78684.23,78349.99,78510.0,73.37395
2026-08-21 22:24:00,78510.01,78655.21,78490.0,78610.51,52.44219
2026-08-21 22:27:00,78610.51,78610.51,78470.0,78499.84,26.05057
2026-08-21 22:30:00,78499.84,78532.43,78081.8,78298.43,112.89019
2026-08-21 22:33:00,78298.42,78381.66,78280.0,78321.36,23.51923
2026-08-21 22:36:00,78319.67,78503.1,78319.66,78481.44,35.27204
2026-08-21 22:39:00,78481.45,78527.2,78447.8,78488.31,21.20132
2026-08-21 22:42:00,78488.3,78582.15,78426.01,78514.01,36.66835
2026-08-21 22:45:00,78514.0,78514.0,78304.0,78416.01,41.41967
2026-08-21 22:48:00,78416.0,78421.8,78238.85,78286.02,39.20749
2026-08-21 22:51:00,78286.02,78618.0,78286.01,78556.73,43.85812
2026-08-21 22:54:00,78556.72,78596.85,78507.98,78542.45,23.61223
2026-08-21 22:57:00,78542.44,78550.36,78436.0,78460.14,23.52009
2026-08-21 23:00:00,78460.13,78467.87,78344.0,78392.44,53.13412
2026-08-21 23:03:00,78392.44,78462.0,78350.0,78444.0,28.89921
2026-08-21 23:06:00,78444.01,78536.49,78438.0,78524.02,60.05932
2026-08-21 23:09:00,78524.01,78618.0,78465.12,78585.99,36.01724
2026-08-21 23:12:00,78585.99,78585.99,78482.01,78550.0,36.72752
2026-08-21 23:15:00,78550.0,78700.0,78540.01,78654.31,67.81423
2026-08-21 23:18:00,78654.32,78715.0,78626.01,78644.52,38.84137
2026-08-21 23:21:00,78644.32,78720.0,78570.0,78662.17,31.73713
2026-08-21 23:24:00,78662.17,78688.01,78589.76,78589.77,21.0967
2026-08-21 23:27:00,78589.76,78589.76,78360.0,78409.45,151.51939
2026-08-21 23:30:00,78409.44,78507.99,78409.44,78454.0,23.98065
2026-08-21 23:33:00,78454.0,78463.39,78368.0,78386.0,21.47339
2026-08-21 23:36:00,78386.0,78386.0,78288.88,78288.88,25.87911
2026-08-21 23:39:00,78288.88,78302.0,78171.01,78199.47,35.33916
2026-08-21 23:42:00,78199.47,78394.65,78100.26,78389.0,58.45519
2026-08-21 23:45:00,78389.0,78404.0,78252.13,78260.53,18.57188
2026-08-21 23:48:00,78260.52,78288.0,78172.0,78172.0,29.15181
2026-08-21 23:51:00,78172.0,78354.0,78136.0,78334.55,38.98836
2026-08-21 23:54:00,78334.54,78334.54,78274.0,78289.66,25.08012
2026-08-21 23:57:00,78289.66,78364.0,78289.65,78338.03,18.83074
2026-08-22 00:00:00,78338.03,78500.0,78280.61,78460.3,47.89323
2026-08-22 00:03:00,78460.31,78474.0,77921.85,77993.68,88.1227
2026-08-22 00:06:00,77993.69,77994.46,77738.0,77875.99,84.8659
2026-08-22 00:09:00,77876.0,77998.0,77846.0,77929.97,35.2523
2026-08-22 00:12:00,77929.98,77956.59,77816.0,77909.02,36.40208
2026-08-22 00:15:00,77909.02,78085.23,77864.0,77988.01,43.26159
2026-08-22 00:18:00,77988.0,78100.0,77980.0,78074.0,16.63061
2026-08-22 00:21:00,78074.0,78105.9,78040.0,78078.04,23.55923
2026-08-22 00:24:00,78078.03,78096.0,77952.0,77952.01,28.33059
2026-08-22 00:27:00,77952.0,78070.54,77915.52,77919.99,22.45194
2026-08-22 00:30:00,77919.99,78039.99,77918.01,77938.01,28.42404
2026-08-22 00:33:00,77938.01,78059.99,77882.0,77958.73,33.99
2026-08-22 00:36:00,77958.72,78013.94,77933.63,77982.0,26.20456
2026-08-22 00:39:00,77981.99,77992.0,77787.7,77787.71,31.90543
2026-08-22 00:42:00,77787.71,77846.0,77755.05,77832.85,40.2022
2026-08-22 00:45:00,77832.84,77892.0,77743.22,77850.01,33.33075
2026-08-22 00:48:00,77850.01,77868.53,77683.37,77810.01,70.77596
2026-08-22 00:51:00,77810.0,77856.83,77756.01,77856.83,65.98005
2026-08-22 00:54:00,77856.82,77978.1,77835.13,77962.02,36.55458
2026-08-22 00:57:00,77962.01,77988.0,77872.0,77953.3,27.96841
2026-08-22 01:00:00,77953.3,78008.22,77908.0,77988.0,27.59245
2026-08-22 01:03:00,77988.0,78129.34,77972.0,78129.33,40.02216
2026-08-22 01:06:00,78129.33,78138.76,78072.0,78106.0,21.99113
2026-08-22 01:09:00,78105.99,78197.99,78075.99,78140.01,27.0396
2026-08-22 01:12:00,78140.0,78162.58,78082.0,78110.7,18.7918
2026-08-22 01:15:00,78110.71,78168.1,78032.0,78043.99,27.01329
2026-08-22 01:18:00,78044.0,78055.99,77986.0,77986.0,16.61637
2026-08-22 01:21:00,77986.0,78000.0,77902.0,77958.0,31.84272
2026-08-22 01:24:00,77958.0,78044.0,77950.01,78027.69,16.40761
2026-08-22 01:27:00,78027.69,78043.0,78000.0,78016.0,14.42247
2026-08-22 01:30:00,78016.0,78175.75,78015.99,78172.26,37.94137
2026-08-22 01:33:00,78172.26,78234.0,78100.0,78115.94,59.19525
2026-08-22 01:36:00,78115.93,78168.0,78052.0,78052.0,65.83727
2026-08-22 01:39:00,78052.01,78056.77,77994.26,77994.27,28.70575
2026-08-22 01:42:00,77994.27,78017.31,77896.51,77923.91,27.754
2026-08-22 01:45:00,77923.9,77969.54,77917.78,77936.01,19.76428
2026-08-22 01:48:00,77936.0,77936.0,77835.13,77859.97,21.04005
2026-08-22 01:51:00,77859.97,77891.93,77816.66,77862.29,27.15436
2026-08-22 01:54:00,77862.29,77982.0,77861.14,77982.0,33.39773
2026-08-22 01:57:00,77981.99,78014.0,77818.0,77830.01,50.43077
2026-08-22 02:00:00,77830.01,77928.0,77791.19,77911.99,42.10462
2026-08-22 02:03:00,77911.98,78031.81,77902.53,78025.99,29.3588
2026-08-22 02:06:00,78026.0,78050.38,77938.01,78012.35,26.91698
2026-08-22 02:09:00,78012.36,78078.04,77994.15,78078.03,14.43988
2026-08-22 02:12:00,78078.04,78113.89,78050.0,78058.01,33.12545
2026-08-22 02:15:00,78058.01,78195.37,78048.0,78190.0,26.61409
2026-08-22 02:18:00,78190.0,78195.37,78106.1,78151.4,22.34226
2026-08-22 02:21:00,78151.4,78195.0,78151.4,78160.01,45.22232
2026-08-22 02:24:00,78160.01,78284.47,78160.0,78281.99,27.89709
2026-08-22 02:27:00,78281.99,78473.72,78281.99,78398.0,65.61558
2026-08-22 02:30:00,78398.0,78508.0,78381.65,78381.65,53.29835
2026-08-22 02:33:00,78381.65,78402.01,78172.0,78265.7,49.52129
2026-08-22 02:36:00,78266.0,78384.63,78250.0,78372.76,27.34426
2026-08-22 02:39:00,78372.76,78471.06,78372.76,78418.58,26.43348
2026-08-22 02:42:00,78418.57,78519.99,78360.33,78510.26,156.61369
2026-08-22 02:45:00,78510.25,78542.0,78332.89,78346.2,50.74714
2026-08-22 02:48:00,78346.2,78441.53,78320.92,78437.34,36.34706
2026-08-22 02:51:00,78437.33,78495.5,78401.1,78491.79,22.35267
2026-08-22 02:54:00,78491.8,78518.0,78438.0,78514.63,80.83968
2026-08-22 02:57:00,78514.62,78563.83,78437.06,78470.0,128.03424
2026-08-22 03:00:00,78470.0,78520.0,78420.24,78520.0,45.92813
2026-08-22 03:03:00,78520.0,78622.0,78520.0,78581.27,40.35961
2026-08-22 03:06:00,78581.27,78696.25,78581.27,78594.02,32.62059
2026-08-22 03:09:00,78594.02,78604.01,78448.0,78455.99,39.87174
2026-08-22 03:12:00,78455.99,78456.0,78380.0,78394.21,48.685
2026-08-22 03:15:00,78394.21,78532.0,78372.0,78531.99,21.91911
2026-08-22 03:18:00,78532.0,78612.95,78511.7,78511.71,38.05873
2026-08-22 03:21:00,78511.71,78607.23,78505.88,78588.28,30.05349
2026-08-22 03:24:00,78588.28,78746.0,78576.0,78695.98,53.62659
2026-08-22 03:27:00,78695.98,78797.99,78695.98,78768.01,43.47084
2026-08-22 03:30:00,78768.01,78828.15,78700.0,78700.0,47.82419
2026-08-22 03:33:00,78700.0,78758.0,78657.28,78736.02,35.49914
2026-08-22 03:36:00,78736.02,78753.58,78700.0,78701.24,30.65204
2026-08-22 03:39:00,78701.25,78701.25,78561.38,78579.99,29.96253
2026-08-22 03:42:00,78580.0,78672.69,78579.99,78647.58,36.30941
2026-08-22 03:45:00,78647.57,78647.57,78570.0,78612.0,28.95806
2026-08-22 03:48:00,78611.99,78634.56,78555.64,78634.01,26.58532
2026-08-22 03:51:00,78634.01,78685.28,78590.0,78617.42,37.62921
2026-08-22 03:54:00,78617.42,78617.42,78394.01,78436.53,43.34078
2026-08-22 03:57:00,78436.52,78499.08,78404.0,78410.98,23.44859
2026-08-22 04:00:00,78410.98,78466.86,78278.24,78296.33,40.70507
2026-08-22 04:03:00,78296.33,78444.47,78244.6,78406.0,41.20794
2026-08-22 04:06:00,78406.0,78406.01,78250.0,78295.21,38.56043
2026-08-22 04:09:00,78295.21,78386.0,78290.0,78385.99,26.1834
2026-08-22 04:12:00,78386.0,78408.04,78381.65,78397.05,22.16045
2026-08-22 04:15:00,78397.06,78397.06,78250.14,78266.73,38.37927
2026-08-22 04:18:00,78266.72,78347.26,78207.61,78347.25,23.65166
2026-08-22 04:21:00,78347.26,78528.0,78296.31,78507.2,43.75908
2026-08-22 04:24:00,78507.21,78571.19,78480.0,78563.83,25.2993
2026-08-22 04:27:00,78563.83,78590.43,78509.53,78590.42,23.78327
2026-08-22 04:30:00,78590.43,78670.74,78522.0,78654.01,33.50364
2026-08-22 04:33:00,78654.01,78735.0,78612.4,78685.27,49.52258
2026-08-22 04:36:00,78685.27,78763.18,78685.27,78753.87,28.85949
2026-08-22 04:39:00,78753.86,78799.99,78664.0,78773.88,58.34942
2026-08-22 04:42:00,78773.89,78818.0,78651.02,78660.9,56.40624
2026-08-22 04:45:00,78660.89,78686.0,78532.14,78624.54,69.05718
2026-08-22 04:48:00,78624.54,78624.54,78525.4,78531.27,30.55342
2026-08-22 04:51:00,78531.27,78557.71,78500.0,78544.32,37.13187
2026-08-22 04:54:00,78544.32,78544.33,78509.99,78526.0,25.64127
2026-08-22 04:57:00,78525.99,78532.23,78456.0,78470.0,25.63807
2026-08-22 05:00:00,78470.0,78561.4,78430.24,78561.35,34.04715
2026-08-22 05:03:00,78561.35,78584.0,78448.0,78529.25,45.05281
2026-08-22 05:06:00,78529.25,78553.09,78126.0,78137.81,84.59461
2026-08-22 05:09:00,78137.8,78152.0,76500.0,77086.81,1434.28719
2026-08-22 05:12:00,77086.81,77411.88,77086.44,77336.61,320.99747
2026-08-22 05:15:00,77336.61,77549.52,76724.68,77256.88,485.78152
2026-08-22 05:18:00,77256.88,77290.0,76965.81,77194.68,201.72997
2026-08-22 05:21:00,77194.67,77277.15,76775.0,77042.57,270.87468
2026-08-22 05:24:00,77042.56,77263.7,77042.56,77252.3,95.11241
2026-08-22 05:27:00,77252.29,77315.78,77189.82,77305.15,69.92862
2026-08-22 05:30:00,77305.15,77306.55,76920.62,77223.32,140.83949
2026-08-22 05:33:00,77223.32,77519.43,77152.32,77487.67,91.31309
2026-08-22 05:36:00,77487.68,77571.29,77169.64,77245.35,163.12176
2026-08-22 05:39:00,77245.36,77271.4,77081.99,77094.46,72.68127
2026-08-22 05:42:00,77094.47,77175.89,77000.0,77175.88,54.49684
2026-08-22 05:45:00,77175.88,77322.17,77074.31,77322.16,50.95565
2026-08-22 05:48:00,77322.17,77437.07,77245.9,77384.89,57.20902
2026-08-22 05:51:00,77384.89,77508.96,77322.71,77373.9,53.38915
2026-08-22 05:54:00,77373.91,77447.49,77264.18,77368.1,41.29754
2026-08-22 05:57:00,77368.09,77472.61,77349.34,77380.75,48.64176
2026-08-22 06:00:00,77380.75,77454.18,77344.73,77344.75,54.62688
2026-08-22 06:03:00,77344.75,77401.73,77167.17,77202.62,39.36191
2026-08-22 06:06:00,77202.63,77360.76,77150.01,77300.01,32.02768
2026-08-22 06:09:00,77300.01,77365.29,77208.02,77285.41,38.33215
2026-08-22 06:12:00,77285.41,77285.42,77156.27,77181.07,23.31884
2026-08-22 06:15:00,77181.07,77358.21,77181.07,77250.29,81.97172
2026-08-22 06:18:00,77250.28,77322.99,77192.3,77313.97,23.91872
2026-08-22 06:21:00,77313.98,77344.56,77255.95,77334.51,26.99415
2026-08-22 06:24:00,77334.52,77399.51,77278.07,77298.98,64.5039
2026-08-22 06:27:00,77298.99,77298.99,77217.88,77245.6,18.20154
2026-08-22 06:30:00,77245.6,77245.61,76985.14,77116.02,65.49698
2026-08-22 06:33:00,77116.02,77167.18,77074.03,77155.02,53.52223
2026-08-22 06:36:00,77155.02,77527.1,77155.02,77505.3,76.1493
2026-08-22 06:39:00,77505.3,77572.16,77464.45,77473.51,38.37692
2026-08-22 06:42:00,77473.5,77473.5,77394.6,77394.6,27.42598
2026-08-22 06:45:00,77394.61,77470.8,77388.64,77448.0,37.12273
2026-08-22 06:48:00,77448.0,77541.19,77446.58,77510.53,45.49239
2026-08-22 06:51:00,77510.52,77530.81,77383.45,77485.99,46.53457
2026-08-22 06:54:00,77485.99,77486.0,77399.69,77451.1,32.3929
2026-08-22 06:57:00,77451.1,77498.0,77436.42,77486.09,12.5411
2026-08-22 07:00:00,77486.09,77615.46,77447.22,77590.69,40.47849
2026-08-22 07:03:00,77590.69,77669.28,77544.0,77551.31,51.67872
2026-08-22 07:06:00,77551.32,77647.4,77531.52,77531.53,33.73686
2026-08-22 07:09:00,77531.53,77531.53,77300.0,77327.17,60.86727
2026-08-22 07:12:00,77327.17,77397.15,77278.0,77375.3,38.43493
2026-08-22 07:15:00,77375.3,77402.14,77240.0,77240.01,18.33531
2026-08-22 07:18:00,77240.01,77402.0,77220.0,77401.99,39.80878
2026-08-22 07:21:00,77402.0,77458.0,77368.19,77435.71,33.82771
2026-08-22 07:24:00,77435.71,77463.79,77390.0,77390.0,21.29169
2026-08-22 07:27:00,77390.0,77488.3,77390.0,77485.44,18.76238
2026-08-22 07:30:00,77485.44,77496.0,77417.54,77460.34,33.71215
2026-08-22 07:33:00,77460.33,77506.0,77418.0,77443.98,28.84111
2026-08-22 07:36:00,77443.86,77462.53,77396.0,77410.07,28.31824
2026-08-22 07:39:00,77410.08,77422.0,77302.0,77388.81,37.96104
2026-08-22 07:42:00,77388.81,77436.0,77388.8,77418.24,28.06839
2026-08-22 07:45:00,77418.24,77442.0,77332.0,77351.99,38.19649
2026-08-22 07:48:00,77351.99,77364.0,77312.0,77359.2,28.30974
2026-08-22 07:51:00,77359.2,77360.56,77300.0,77332.46,15.94197
2026-08-22 07:54:00,77332.47,77367.89,77323.9,77323.91,17.3227
2026-08-22 07:57:00,77323.9,77331.46,77274.4,77289.18,20.45556
2026-08-22 08:00:00,77289.18,77410.08,77276.0,77378.0,43.32925
2026-08-22 08:03:00,77378.0,77381.58,77194.0,77244.01,43.30169
2026-08-22 08:06:00,77244.0,77349.35,77240.01,77349.34,44.88701
2026-08-22 08:09:00,77349.34,77422.0,77342.0,77386.0,19.46336
2026-08-22 08:12:00,77386.0,77435.34,77358.65,77424.28,32.00009
2026-08-22 08:15:00,77424.28,77445.6,77358.0,77358.01,31.55966
2026-08-22 08:18:00,77358.0,77365.99,77310.01,77310.01,11.62223
2026-08-22 08:21:00,77310.01,77333.64,77302.28,77304.75,22.68554
2026-08-22 08:24:00,77304.76,77306.19,77204.54,77206.47,67.12184
2026-08-22 08:27:00,77206.47,77270.25,77115.33,77226.0,84.52217
2026-08-22 08:30:00,77226.01,77227.91,77081.0,77128.99,86.29247
2026-08-22 08:33:00,77128.99,77197.26,77078.0,77155.36,78.53867
2026-08-22 08:36:00,77155.36,77175.18,77079.0,77125.93,39.86644
2026-08-22 08:39:00,77125.93,77167.18,77120.0,77147.99,28.12862
2026-08-22 08:42:00,77147.99,77322.0,77037.42,77297.52,65.31087
2026-08-22 08:45:00,77297.52,77297.53,77117.11,77166.0,38.65729
2026-08-22 08:48:00,77165.99,77213.55,77157.06,77213.54,42.42812
2026-08-22 08:51:00,77213.54,77215.5,77154.56,77185.07,32.35628
2026-08-22 08:54:00,77185.07,77200.0,77150.0,77185.97,21.16115
2026-08-22 08:57:00,77185.97,77212.06,77154.51,77210.55,37.24334
2026-08-22 09:00:00,77210.55,77226.85,77134.0,77154.06,40.50222
2026-08-22 09:03:00,77154.06,77154.07,77050.0,77142.95,72.59672
2026-08-22 09:06:00,77142.94,77179.03,77102.0,77155.03,53.63967
2026-08-22 09:09:00,77155.02,77315.26,77155.02,77306.48,84.84576
2026-08-22 09:12:00,77306.49,77376.05,77306.48,77376.04,82.72356
2026-08-22 09:15:00,77376.05,77395.04,77321.99,77350.69,69.05612
2026-08-22 09:18:00,77350.69,77375.51,77278.0,77292.01,59.73805
2026-08-22 09:21:00,77292.01,77381.17,77279.21,77279.21,66.9797
2026-08-22 09:24:00,77279.21,77279.22,77204.54,77223.12,64.91717
2026-08-22 09:27:00,77223.12,77242.39,77176.46,77222.35,61.61544
2026-08-22 09:30:00,77222.35,77242.48,77198.0,77223.99,23.04183
2026-08-22 09:33:00,77224.0,77261.81,77196.31,77215.61,19.66901
2026-08-22 09:36:00,77215.61,77234.66,77186.0,77186.0,16.47108
2026-08-22 09:39:00,77186.0,77204.35,77158.0,77188.0,26.54578
2026-08-22 09:42:00,77188.01,77211.63,77167.17,77203.45,24.58763
2026-08-22 09:45:00,77203.45,77203.46,76851.25,76920.02,92.29177
2026-08-22 09:48:00,76920.01,77032.29,76901.04,77017.51,84.5369
2026-08-22 09:51:00,77017.5,77019.17,76898.0,76985.0,44.89069
2026-08-22 09:54:00,76985.01,76996.71,76927.38,76966.0,39.64223
2026-08-22 09:57:00,76966.0,77062.0,76965.99,77061.99,61.01855
2026-08-22 10:00:00,77062.0,77088.92,76900.0,76900.01,59.80265
2026-08-22 10:03:00,76900.0,76944.0,76810.31,76906.03,47.16187
2026-08-22 10:06:00,76906.04,76921.43,76811.01,76823.92,51.97928
2026-08-22 10:09:00,76823.92,76876.0,76751.0,76791.35,54.5076
2026-08-22 10:12:00,76791.35,76791.36,76680.0,76714.41,52.26361
2026-08-22 10:15:00,76714.42,76836.0,76706.85,76829.99,55.14863
2026-08-22 10:18:00,76829.99,76830.0,76674.0,76706.0,40.68953
2026-08-22 10:21:00,76706.01,76758.42,76533.87,76650.0,92.30097
2026-08-22 10:24:00,76650.0,76703.92,76582.0,76668.01,111.74674
2026-08-22 10:27:00,76668.01,76946.0,76668.01,76934.02,103.0648
2026-08-22 10:30:00,76934.02,76971.54,76870.0,76956.0,31.5281
2026-08-22 10:33:00,76956.01,76981.11,76894.0,76981.1,20.90218
2026-08-22 10:36:00,76981.11,77053.25,76976.0,77053.24,32.24711
2026-08-22 10:39:00,77053.25,77169.57,77049.32,77169.57,30.40314
2026-08-22 10:42:00,77169.56,77177.49,77129.17,77167.17,30.38948
2026-08-22 10:45:00,77167.18,77187.46,77045.73,77112.83,42.01651
2026-08-22 10:48:00,77112.84,77112.84,77050.0,77071.24,47.1262
2026-08-22 10:51:00,77071.25,77071.25,77041.91,77041.91,38.87329
2026-08-22 10:54:00,77041.91,77044.63,76894.32,76903.16,56.63408
2026-08-22 10:57:00,76903.16,77010.0,76884.85,76976.0,60.04997
2026-08-22 11:00:00,76976.01,76992.31,76868.0,76868.0,33.24159
2026-08-22 11:03:00,76868.01,77045.74,76822.0,77045.74,43.18824
2026-08-22 11:06:00,77045.73,77062.0,76918.42,76918.42,24.44898
2026-08-22 11:09:00,76918.43,76961.02,76890.0,76907.84,25.68584
2026-08-22 11:12:00,76907.83,76920.0,76863.56,76863.56,22.30797
2026-08-22 11:15:00,76863.56,76887.7,76772.05,76834.01,51.41143
2026-08-22 11:18:00,76834.01,76880.02,76802.12,76880.02,19.9309
2026-08-22 11:21:00,76880.02,76919.51,76847.84,76875.51,29.55955
2026-08-22 11:24:00,76875.51,76932.0,76838.47,76907.99,17.69984
2026-08-22 11:27:00,76908.0,76999.7,76907.99,76987.23,106.13596
2026-08-22 11:30:00,76987.22,77094.0,76946.89,77047.9,79.0649
2026-08-22 11:33:00,77047.91,77136.05,77036.04,77113.88,38.90268
2026-08-22 11:36:00,77113.89,77190.22,77104.35,77137.08,35.63304
2026-08-22 11:39:00,77137.07,77166.42,77114.93,77148.0,15.88977
2026-08-22 11:42:00,77148.0,77179.44,77114.68,77175.01,32.31323
2026-08-22 11:45:00,77175.02,77204.68,77154.0,77154.01,34.9454
2026-08-22 11:48:00,77154.01,77167.11,77064.68,77077.99,27.32351
2026-08-22 11:51:00,77078.0,77099.16,77061.81,77096.01,38.27352
2026-08-22 11:54:00,77096.01,77175.7,77084.77,77169.55,18.99361
2026-08-22 11:57:00,77169.56,77170.11,77106.45,77130.02,34.43007
2026-08-22 12:00:00,77130.01,77268.0,77073.86,77200.01,25.69972
2026-08-22 12:03:00,77200.0,77200.0,77122.0,77152.0,16.41959
2026-08-22 12:06:00,77152.0,77277.38,77151.99,77273.0,54.02435
2026-08-22 12:09:00,77273.0,77284.21,77219.44,77261.43,21.72606
2026-08-22 12:12:00,77261.44,77261.44,77220.0,77242.62,15.95036
2026-08-22 12:15:00,77242.63,77280.0,77232.0,77232.01,23.62487
2026-08-22 12:18:00,77232.01,77274.0,77199.72,77257.34,13.20991
2026-08-22 12:21:00,77257.35,77308.88,77257.34,77270.25,28.25273
2026-08-22 12:24:00,77270.25,77318.22,77252.33,77295.99,23.53057
2026-08-22 12:27:00,77295.99,77341.3,77280.0,77330.01,133.83324
2026-08-22 12:30:00,77330.01,77330.01,77222.0,77234.13,28.11472
2026-08-22 12:33:00,77234.13,77245.97,77208.13,77216.07,14.73541
2026-08-22 12:36:00,77216.07,77280.54,77216.07,77247.84,9.49989
2026-08-22 12:39:00,77247.85,77278.63,77218.88,77275.99,14.91233
2026-08-22 12:42:00,77275.99,77344.0,77275.99,77344.0,13.5669
2026-08-22 12:45:00,77344.0,77360.15,77332.66,77357.04,18.38334
2026-08-22 12:48:00,77357.05,77387.99,77276.07,77285.53,32.98026
2026-08-22 12:51:00,77285.52,77298.0,77258.0,77297.99,18.68555
2026-08-22 12:54:00,77297.99,77328.82,77288.62,77327.57,13.51056
2026-08-22 12:57:00,77327.57,77340.0,77300.26,77300.27,9.18376
2026-08-22 13:00:00,77300.27,77310.29,77230.27,77250.27,20.14548
2026-08-22 13:03:00,77250.28,77250.28,77200.0,77202.0,18.40002
2026-08-22 13:06:00,77202.01,77234.69,77194.55,77224.0,16.83176
2026-08-22 13:09:00,77224.0,77268.34,77214.4,77239.99,11.20344
2026-08-22 13:12:00,77240.0,77247.25,77225.91,77225.91,12.30119
2026-08-22 13:15:00,77225.92,77252.0,77137.52,77152.95,75.70611
2026-08-22 13:18:00,77152.95,77166.11,77126.03,77127.29,14.59089
2026-08-22 13:21:00,77127.29,77163.99,77127.29,77148.08,10.31181
2026-08-22 13:24:00,77148.09,77250.03,77148.09,77243.98,27.93962
2026-08-22 13:27:00,77243.99,77243.99,77170.86,77170.86,11.64038
2026-08-22 13:30:00,77170.86,77185.99,77148.09,77148.09,37.06764
2026-08-22 13:33:00,77148.1,77159.18,77128.79,77128.79,10.40392
2026-08-22 13:36:00,77128.8,77177.52,77116.0,77171.39,33.95191
2026-08-22 13:39:00,77171.39,77177.53,77116.76,77168.01,14.52787
2026-08-22 13:42:00,77168.01,77168.01,77134.37,77150.0,11.81278
2026-08-22 13:45:00,77149.99,77227.91,77149.99,77227.91,53.24243
2026-08-22 13:48:00,77227.91,77287.07,77214.0,77281.99,27.07003
2026-08-22 13:51:00,77282.0,77362.03,77277.78,77334.51,36.36507
2026-08-22 13:54:00,77334.5,77334.5,77256.0,77256.0,14.5557
2026-08-22 13:57:00,77256.01,77298.84,77256.0,77288.62,13.51935
2026-08-22 14:00:00,77288.62,77305.14,77260.08,77260.09,10.78614
2026-08-22 14:03:00,77260.08,77260.09,77154.0,77154.01,25.86086
2026-08-22 14:06:00,77154.0,77154.0,76949.56,77058.82,82.06394
2026-08-22 14:09:00,77058.83,77103.22,77007.71,77073.26,39.33582
2026-08-22 14:12:00,77073.27,77084.49,77030.0,77030.01,11.40919
2026-08-22 14:15:00,77030.0,77068.0,76957.82,76975.76,20.11299
2026-08-22 14:18:00,76975.76,77049.27,76964.01,77016.0,17.15994
2026-08-22 14:21:00,77016.01,77050.87,77011.65,77043.55,15.46958
2026-08-22 14:24:00,77043.56,77043.56,77000.0,77024.49,13.6147
2026-08-22 14:27:00,77024.5,77093.22,77010.21,77093.21,15.91602
2026-08-22 14:30:00,77093.22,77120.0,77040.0,77087.62,27.67108
2026-08-22 14:33:00,77087.62,77163.53,77087.62,77088.01,36.80054
2026-08-22 14:36:00,77088.0,77108.5,77028.98,77028.99,43.19055
2026-08-22 14:39:00,77028.99,77046.78,76990.4,77022.28,22.49408
2026-08-22 14:42:00,77022.28,77030.65,76960.0,76960.0,30.1611
2026-08-22 14:45:00,76960.01,77007.4,76950.74,76990.4,27.86555
2026-08-22 14:48:00,76990.41,77000.0,76955.16,76969.7,22.94957
2026-08-22 14:51:00,76969.69,76983.27,76930.0,76976.02,19.8637
2026-08-22 14:54:00,76976.01,77030.0,76940.32,77023.4,26.86375
2026-08-22 14:57:00,77023.41,77081.73,76979.16,77003.62,24.46102
2026-08-22 15:00:00,77003.62,77084.83,76958.25,77070.77,21.06217
2026-08-22 15:03:00,77070.76,77086.56,77002.0,77052.47,24.35848
2026-08-22 15:06:00,77052.88,77054.0,76980.18,76990.4,20.24977
2026-08-22 15:09:00,76990.41,77027.67,76944.77,76999.99,23.09964
2026-08-22 15:12:00,77000.0,77000.0,76944.77,76944.77,21.1301
2026-08-22 15:15:00,76944.77,77011.51,76934.0,76988.96,23.57482
2026-08-22 15:18:00,76988.96,76988.96,76947.2,76964.0,7.36635
2026-08-22 15:21:00,76964.0,76990.41,76880.0,76983.76,31.607
2026-08-22 15:24:00,76983.76,77033.43,76970.23,77003.99,71.85261
2026-08-22 15:27:00,77003.99,77018.1,76992.0,76992.01,15.51657
2026-08-22 15:30:00,76992.0,77045.74,76989.79,77030.56,15.17663
2026-08-22 15:33:00,77030.56,77100.77,77026.14,77080.71,20.80376
2026-08-22 15:36:00,77080.71,77080.72,77023.99,77025.72,13.81349
2026-08-22 15:39:00,77025.72,77054.0,77014.0,77029.1,17.91679
2026-08-22 15:42:00,77029.09,77077.92,77027.38,77060.01,10.62963
2026-08-22 15:45:00,77060.0,77091.91,77035.36,77035.36,19.55291
2026-08-22 15:48:00,77035.37,77075.5,76991.38,76991.39,10.62638
2026-08-22 15:51:00,76991.39,77002.93,76922.0,76963.99,33.20872
2026-08-22 15:54:00,76964.0,77010.0,76964.0,76990.4,15.08848
2026-08-22 15:57:00,76990.41,77022.0,76965.39,76978.83,48.65332
2026-08-22 16:00:00,76978.83,77016.0,76961.18,77010.68,58.10587
2026-08-22 16:03:00,77010.69,77066.25,76977.94,77027.3,23.40004
2026-08-22 16:06:00,77027.3,77062.0,77016.6,77049.54,16.02062
2026-08-22 16:09:00,77049.55,77049.55,77003.15,77021.99,7.77836
2026-08-22 16:12:00,77021.99,77063.99,76956.36,77053.38,18.10667
2026-08-22 16:15:00,77053.39,77147.01,77046.8,77147.0,20.8781
2026-08-22 16:18:00,77147.0,77196.03,77136.89,77196.02,20.15793
2026-08-22 16:21:00,77196.02,77228.99,77188.08,77211.47,45.3237
2026-08-22 16:24:00,77211.48,77215.0,77167.17,77167.21,12.62525
2026-08-22 16:27:00,77167.2,77232.0,77167.2,77198.0,17.41262
2026-08-22 16:30:00,77198.0,77221.07,77180.0,77196.0,12.07424
2026-08-22 16:33:00,77196.01,77220.0,77150.45,77220.0,37.95253
2026-08-22 16:36:00,77220.0,77308.0,77220.0,77298.05,32.10405
2026-08-22 16:39:00,77298.05,77460.0,77298.05,77348.01,55.37391
2026-08-22 16:42:00,77348.01,77424.26,77331.83,77395.88,26.93739
2026-08-22 16:45:00,77395.87,77547.96,77395.87,77472.3,42.76128
2026-08-22 16:48:00,77472.3,77480.0,77357.7,77357.7,38.14244
2026-08-22 16:51:00,77357.7,77388.03,77334.89,77335.71,18.8641
2026-08-22 16:54:00,77335.71,77339.55,77319.97,77320.61,12.53584
2026-08-22 16:57:00,77320.61,77351.4,77288.0,77288.01,20.96565
2026-08-22 17:00:00,77288.01,77334.86,77286.33,77297.71,15.29975
2026-08-22 17:03:00,77297.71,77298.85,77240.0,77272.02,14.85135
2026-08-22 17:06:00,77272.02,77322.27,77260.26,77290.0,17.27668
2026-08-22 17:09:00,77290.01,77295.63,77259.99,77295.63,54.04137
2026-08-22 17:12:00,77295.63,77298.84,77253.0,77275.02,21.98985
2026-08-22 17:15:00,77275.03,77306.27,77272.67,77279.75,11.70688
2026-08-22 17:18:00,77279.76,77334.57,77279.75,77298.83,13.45488
2026-08-22 17:21:00,77298.83,77331.13,77286.0,77286.01,8.57972
2026-08-22 17:24:00,77286.0,77289.73,77285.57,77285.79,4.53446
2026-08-22 17:27:00,77285.8,77285.8,77066.66,77084.94,36.28123
2026-08-22 17:30:00,77084.95,77190.0,77084.95,77190.0,12.49568
2026-08-22 17:33:00,77190.0,77196.03,77167.17,77196.03,7.69373
2026-08-22 17:36:00,77196.03,77196.03,77152.0,77166.35,8.42488
2026-08-22 17:39:00,77166.35,77206.64,77118.48,77201.22,14.2919
2026-08-22 17:42:00,77201.22,77220.75,77175.29,77220.74,16.49941
2026-08-22 17:45:00,77220.74,77270.0,77220.73,77270.0,31.01882
2026-08-22 17:48:00,77270.0,77349.35,77270.0,77349.35,23.99386
2026-08-22 17:51:00,77349.35,77369.99,77272.95,77302.24,22.38307
2026-08-22 17:54:00,77302.24,77308.52,77275.83,77287.62,14.85766
2026-08-22 17:57:00,77287.62,77302.91,77278.0,77278.01,18.21753
2026-08-22 18:00:00,77278.01,77305.99,77278.01,77305.98,20.35201
2026-08-22 18:03:00,77305.99,77358.12,77305.14,77358.12,16.88903
2026-08-22 18:06:00,77358.12,77360.92,77290.53,77290.53,22.70168
2026-08-22 18:09:00,77290.54,77290.54,77207.09,77208.57,11.86624
2026-08-22 18:12:00,77208.57,77241.4,77208.57,77240.25,12.38152
2026-08-22 18:15:00,77240.24,77288.62,77240.24,77266.9,7.51677
2026-08-22 18:18:00,77266.9,77298.84,77266.9,77289.9,9.32269
2026-08-22 18:21:00,77289.91,77344.0,77289.9,77314.0,10.42619
2026-08-22 18:24:00,77314.0,77324.0,77307.66,77310.0,7.49028
2026-08-22 18:27:00,77310.0,77310.01,77280.57,77295.99,6.59112
2026-08-22 18:30:00,77295.99,77296.0,77270.01,77282.94,16.23481
2026-08-22 18:33:00,77282.95,77320.0,77280.0,77284.97,15.18775
2026-08-22 18:36:00,77284.97,77289.67,77250.78,77277.99,11.08923
2026-08-22 18:39:00,77277.99,77277.99,77220.81,77257.84,12.78678
2026-08-22 18:42:00,77257.84,77265.68,77227.9,77227.9,4.65686
2026-08-22 18:45:00,77227.9,77234.87,77180.14,77210.56,20.31996
2026-08-22 18:48:00,77210.56,77217.08,77180.0,77185.68,9.35746
2026-08-22 18:51:00,77185.68,77185.68,77138.0,77138.0,9.91694
2026-08-22 18:54:00,77138.0,77221.86,77138.0,77221.86,14.92722
2026-08-22 18:57:00,77221.86,77257.87,77221.86,77257.86,6.31927
2026-08-22 19:00:00,77257.87,77288.57,77244.0,77280.67,38.42668
2026-08-22 19:03:00,77280.66,77284.0,77254.0,77261.05,5.70576
2026-08-22 19:06:00,77261.06,77261.06,77206.53,77211.96,13.02225
2026-08-22 19:09:00,77211.96,77277.0,77211.96,77277.0,15.90751
2026-08-22 19:12:00,77277.0,77337.72,77276.99,77329.77,11.59275
2026-08-22 19:15:00,77329.78,77337.69,77304.76,77306.19,10.09219
2026-08-22 19:18:00,77306.19,77335.67,77268.0,77284.6,17.73127
2026-08-22 19:21:00,77284.61,77285.0,77265.32,77284.99,3.38716
2026-08-22 19:24:00,77285.0,77294.38,77254.0,77289.56,17.07806
2026-08-22 19:27:00,77289.56,77308.21,77280.06,77281.98,17.9866
2026-08-22 19:30:00,77281.97,77336.51,77281.97,77336.5,5.93573
2026-08-22 19:33:00,77336.5,77349.32,77328.0,77336.49,7.88742
2026-08-22 19:36:00,77336.49,77382.92,77336.48,77382.92,9.90494
2026-08-22 19:39:00,77382.92,77382.92,77349.34,77355.24,7.6449
2026-08-22 19:42:00,77355.25,77422.0,77355.24,77422.0,14.1051
2026-08-22 19:45:00,77422.0,77454.99,77410.07,77440.0,20.264
2026-08-22 19:48:00,77440.0,77452.0,77420.0,77451.99,11.16052
2026-08-22 19:51:00,77452.0,77469.64,77448.0,77458.84,11.47618
2026-08-22 19:54:00,77458.84,77458.85,77438.0,77448.39,15.57157
2026-08-22 19:57:00,77448.4,77450.73,77418.25,77418.25,5.53594
2026-08-22 20:00:00,77418.26,77430.9,77374.95,77374.95,14.34335
2026-08-22 20:03:00,77374.96,77401.63,77366.02,77380.86,9.83793
2026-08-22 20:06:00,77380.87,77426.65,77380.86,77426.65,8.20726
2026-08-22 20:09:00,77426.65,77453.8,77426.64,77453.8,12.51542
2026-08-22 20:12:00,77453.8,77467.53,77412.24,77412.25,24.78565
2026-08-22 20:15:00,77412.25,77428.1,77381.35,77381.35,45.15631
2026-08-22 20:18:00,77381.36,77381.36,77336.0,77336.01,19.63795
2026-08-22 20:21:00,77336.0,77339.94,77330.0,77339.94,17.98595
2026-08-22 20:24:00,77339.94,77348.8,77330.0,77348.8,16.0096
2026-08-22 20:27:00,77348.79,77348.8,77298.15,77298.15,20.20407
2026-08-22 20:30:00,77298.16,77314.08,77280.0,77280.0,8.80137
2026-08-22 20:33:00,77280.0,77287.42,77258.0,77286.01,27.10318
2026-08-22 20:36:00,77286.0,77313.39,77273.58,77313.39,10.51935
2026-08-22 20:39:00,77313.38,77408.0,77313.38,77362.32,37.78481
2026-08-22 20:42:00,77362.31,77372.06,77306.0,77352.18,14.5516
2026-08-22 20:45:00,77352.19,77374.62,77345.47,77345.47,19.793
2026-08-22 20:48:00,77345.47,77345.48,77334.0,77334.01,5.57101
2026-08-22 20:51:00,77334.01,77334.01,77316.0,77316.01,12.40528
2026-08-22 20:54:00,77316.01,77316.01,77274.0,77274.01,14.8468
2026-08-22 20:57:00,77274.01,77320.66,77264.5,77311.69,11.63054
2026-08-22 21:00:00,77311.69,77311.69,77100.0,77126.46,36.2156
2026-08-22 21:03:00,77126.46,77126.46,77026.0,77113.58,28.97196
2026-08-22 21:06:00,77113.59,77151.11,77106.45,77151.1,10.31227
2026-08-22 21:09:00,77151.11,77151.11,77064.74,77073.01,21.15915
2026-08-22 21:12:00,77073.01,77083.84,77048.0,77048.0,16.26114
2026-08-22 21:15:00,77048.01,77184.73,77048.01,77184.73,15.87563
2026-08-22 21:18:00,77184.73,77206.8,77169.66,77206.8,12.82827
2026-08-22 21:21:00,77206.8,77206.8,77140.33,77167.57,13.12933
2026-08-22 21:24:00,77167.56,77177.17,77122.0,77171.59,9.499
2026-08-22 21:27:00,77171.59,77200.0,77171.58,77183.47,9.6351
2026-08-22 21:30:00,77183.46,77196.03,77093.21,77106.44,17.28203
2026-08-22 21:33:00,77106.44,77125.04,77073.39,77078.92,23.65532
2026-08-22 21:36:00,77078.93,77078.93,76990.4,77048.99,33.98618
2026-08-22 21:39:00,77049.0,77049.0,76950.84,76974.54,39.80318
2026-08-22 21:42:00,76974.55,77031.06,76924.28,77030.33,28.69752
2026-08-22 21:45:00,77030.33,77030.33,76900.0,76951.99,32.26905
2026-08-22 21:48:00,76952.0,76979.99,76943.96,76966.78,43.64387
2026-08-22 21:51:00,76966.78,76966.78,76947.67,76950.0,6.80319
2026-08-22 21:54:00,76949.99,76950.0,76828.78,76859.55,51.10874
2026-08-22 21:57:00,76859.55,76902.0,76856.0,76856.01,21.40541
2026-08-22 22:00:00,76856.0,76937.99,76772.0,76796.65,67.12321
2026-08-22 22:03:00,76796.66,77091.98,76793.49,77091.98,56.80924
2026-08-22 22:06:00,77091.98,77140.13,77035.99,77140.12,31.49757
2026-08-22 22:09:00,77140.12,77155.46,77074.01,77074.01,20.93052
2026-08-22 22:12:00,77074.02,77145.28,77074.02,77101.69,28.48376
2026-08-22 22:15:00,77101.68,77127.86,77080.01,77099.73,13.29408
2026-08-22 22:18:00,77099.74,77150.0,77042.46,77128.01,29.26662
2026-08-22 22:21:00,77128.01,77130.0,77060.0,77060.01,11.23967
2026-08-22 22:24:00,77060.0,77154.01,77060.0,77126.01,28.24015
2026-08-22 22:27:00,77126.02,77146.31,77048.2,77048.2,90.9034
2026-08-22 22:30:00,77048.21,77055.77,76974.13,76994.01,22.40435
2026-08-22 22:33:00,76994.01,76995.99,76876.0,76985.0,63.82632
2026-08-22 22:36:00,76985.0,77045.76,76960.56,77030.74,74.51467
2026-08-22 22:39:00,77030.75,77031.39,76982.0,76990.51,10.77234
2026-08-22 22:42:00,76990.51,77090.01,76990.0,77070.01,231.19391
2026-08-22 22:45:00,77070.01,77109.23,77031.0,77056.01,36.96312
2026-08-22 22:48:00,77056.0,77056.01,77045.73,77046.98,3.54657
2026-08-22 22:51:00,77046.97,77148.0,77046.97,77080.01,43.87032
2026-08-22 22:54:00,77080.01,77119.38,77043.86,77043.87,41.93608
2026-08-22 22:57:00,77043.87,77043.87,76958.1,76997.76,27.16724
2026-08-22 23:00:00,76997.77,77045.74,76954.0,77033.27,14.71544
2026-08-22 23:03:00,77033.27,77067.97,77026.0,77038.2,20.62322
2026-08-22 23:06:00,77038.19,77075.0,77038.19,77075.0,10.51719
2026-08-22 23:09:00,77075.0,77084.23,76992.0,76994.47,104.63512
2026-08-22 23:12:00,76994.47,77003.31,76946.46,76974.79,39.96482
2026-08-22 23:15:00,76974.79,77008.02,76974.78,77008.02,7.41519
2026-08-22 23:18:00,77008.01,77021.57,76995.21,77021.57,7.56748
2026-08-22 23:21:00,77021.56,77021.57,76993.98,77019.07,13.68622
2026-08-22 23:24:00,77019.08,77019.08,76993.32,77017.81,8.34675
2026-08-22 23:27:00,77017.8,77017.81,76939.99,76939.99,53.69864
2026-08-22 23:30:00,76940.0,76978.55,76928.89,76950.01,59.26063
2026-08-22 23:33:00,76950.01,76950.01,76900.0,76919.98,14.50755
2026-08-22 23:36:00,76919.98,76971.99,76900.0,76971.99,9.70755
2026-08-22 23:39:00,76971.98,77023.75,76965.61,77023.74,10.57581
2026-08-22 23:42:00,77023.75,77034.0,77018.76,77022.58,5.93675
2026-08-22 23:45:00,77022.58,77042.0,77008.0,77042.0,5.0328
2026-08-22 23:48:00,77041.99,77103.8,77041.99,77092.01,9.58004
2026-08-22 23:51:00,77092.01,77126.53,77063.45,77122.81,30.83435
2026-08-22 23:54:00,77122.81,77122.81,77090.69,77096.54,9.03355
2026-08-22 23:57:00,77096.54,77102.52,77074.93,77074.93,7.31344
2026-08-23 00:00:00,77074.94,77130.0,77074.94,77130.0,10.69034
2026-08-23 00:03:00,77130.0,77142.0,77120.0,77141.99,16.28401
2026-08-23 00:06:00,77142.0,77143.94,77125.65,77125.65,8.36813
2026-08-23 00:09:00,77125.64,77125.64,77042.91,77059.35,17.42126
2026-08-23 00:12:00,77059.34,77090.0,77059.34,77080.01,15.60965
2026-08-23 00:15:00,77080.01,77080.01,77055.99,77078.51,8.12261
2026-08-23 00:18:00,77078.51,77130.0,77072.71,77099.25,7.21597
2026-08-23 00:21:00,77099.25,77131.32,77093.33,77131.32,13.65936
2026-08-23 00:24:00,77131.32,77224.87,77121.89,77214.1,23.46019
2026-08-23 00:27:00,77214.1,77250.0,77214.09,77227.91,10.12232
2026-08-23 00:30:00,77227.91,77250.05,77227.9,77246.91,8.03923
2026-08-23 00:33:00,77246.91,77288.63,77246.9,77280.79,15.03189
2026-08-23 00:36:00,77280.79,77356.0,77230.0,77265.99,34.98209
2026-08-23 00:39:00,77266.0,77304.0,77228.73,77237.58,26.41894
2026-08-23 00:42:00,77237.58,77312.06,77237.58,77282.47,26.25918
2026-08-23 00:45:00,77282.47,77298.84,77256.0,77265.27,7.47804
2026-08-23 00:48:00,77265.28,77326.0,77256.01,77314.3,70.91368
2026-08-23 00:51:00,77314.29,77352.07,77314.29,77348.14,38.80273
2026-08-23 00:54:00,77348.14,77359.53,77297.24,77324.01,48.79755
2026-08-23 00:57:00,77324.01,77346.48,77302.64,77302.65,14.97078
2026-08-23 01:00:00,77302.65,77302.65,77244.58,77251.84,17.70313
2026-08-23 01:03:00,77251.84,77253.58,77178.0,77253.58,23.25991
2026-08-23 01:06:00,77253.58,77253.58,77172.0,77245.01,16.75539
2026-08-23 01:09:00,77245.01,77264.85,77244.0,77245.29,10.6632
2026-08-23 01:12:00,77245.29,77400.0,77245.28,77399.99,30.3949
2026-08-23 01:15:00,77400.0,77400.0,77310.0,77310.43,9.4939
2026-08-23 01:18:00,77310.43,77330.0,77300.27,77329.41,8.3819
2026-08-23 01:21:00,77329.42,77329.42,77308.0,77308.0,8.06999
2026-08-23 01:24:00,77308.0,77308.01,77260.0,77276.51,14.72879
2026-08-23 01:27:00,77276.52,77276.52,77262.0,77268.09,3.93159
2026-08-23 01:30:00,77268.09,77318.26,77224.0,77224.0,16.18718
2026-08-23 01:33:00,77224.0,77224.01,77188.0,77213.3,26.70176
2026-08-23 01:36:00,77213.3,77252.97,77211.29,77243.86,8.87311
2026-08-23 01:39:00,77243.87,77276.0,77227.9,77227.91,5.60012
2026-08-23 01:42:00,77227.9,77253.04,77169.08,77253.04,19.54636
2026-08-23 01:45:00,77253.04,77329.42,77240.48,77276.01,17.9595
2026-08-23 01:48:00,77276.01,77276.01,77198.41,77256.0,18.63983
2026-08-23 01:51:00,77255.99,77276.0,77246.0,77265.98,11.09701
2026-08-23 01:54:00,77265.99,77287.22,77169.08,77176.42,32.23794
2026-08-23 01:57:00,77176.42,77204.0,77158.0,77190.29,15.70909
2026-08-23 02:00:00,77190.29,77211.08,77168.09,77168.09,15.32981
2026-08-23 02:03:00,77168.1,77193.82,77136.0,77136.0,10.54237
2026-08-23 02:06:00,77136.01,77136.01,77093.21,77112.75,19.28493
2026-08-23 02:09:00,77112.75,77125.18,77074.16,77074.16,14.3022
2026-08-23 02:12:00,77074.17,77132.29,77050.01,77050.02,29.9768
2026-08-23 02:15:00,77050.02,77125.02,77050.02,77116.42,8.06707
2026-08-23 02:18:00,77116.41,77118.48,77086.82,77096.14,11.45204
2026-08-23 02:21:00,77096.13,77096.14,77005.88,77045.41,19.50988
2026-08-23 02:24:00,77045.41,77115.29,77044.0,77115.28,9.91105
2026-08-23 02:27:00,77115.28,77115.28,77086.0,77114.47,10.36811
2026-08-23 02:30:00,77114.48,77195.99,77114.47,77195.99,9.96736
2026-08-23 02:33:00,77195.99,77207.3,77180.0,77180.01,13.37324
2026-08-23 02:36:00,77180.01,77205.99,77174.0,77190.04,11.3402
2026-08-23 02:39:00,77190.05,77201.58,77190.04,77193.98,3.45677
2026-08-23 02:42:00,77193.98,77193.99,77140.56,77175.95,9.55311
2026-08-23 02:45:00,77175.96,77192.33,77162.0,77192.33,6.40517
2026-08-23 02:48:00,77192.33,77209.91,77136.24,77136.25,14.23394
2026-08-23 02:51:00,77136.24,77232.55,77069.06,77069.07,43.35975
2026-08-23 02:54:00,77069.06,77084.0,77064.22,77082.0,9.63075
2026-08-23 02:57:00,77081.99,77082.0,77069.86,77079.46,2.38166
2026-08-23 03:00:00,77079.46,77114.0,77079.45,77092.01,19.30448
2026-08-23 03:03:00,77092.01,77108.0,77062.0,77062.0,10.6103
2026-08-23 03:06:00,77062.0,77062.01,77024.16,77024.16,5.55533
2026-08-23 03:09:00,77024.16,77024.17,77002.39,77018.64,44.84466
2026-08-23 03:12:00,77018.65,77090.0,77011.46,77083.77,57.20029
2026-08-23 03:15:00,77083.78,77120.0,77055.16,77108.0,22.81581
2026-08-23 03:18:00,77108.01,77136.78,77072.95,77074.19,15.77744
2026-08-23 03:21:00,77074.2,77074.2,77019.35,77019.36,19.00223
2026-08-23 03:24:00,77019.35,77036.6,77006.01,77024.0,12.26998
2026-08-23 03:27:00,77024.01,77024.01,76988.0,76988.01,21.04675
2026-08-23 03:30:00,76988.0,76988.01,76930.0,76956.27,43.39628
2026-08-23 03:33:00,76956.28,76956.28,76896.05,76943.45,41.03084
2026-08-23 03:36:00,76943.45,76979.24,76934.36,76964.59,24.13989
2026-08-23 03:39:00,76964.6,76964.6,76887.61,76897.36,28.02485
2026-08-23 03:42:00,76897.36,76897.36,76837.0,76849.99,27.40723
2026-08-23 03:45:00,76849.99,76950.99,76849.99,76934.02,32.26791
2026-08-23 03:48:00,76934.01,76985.01,76915.92,76945.49,25.63469
2026-08-23 03:51:00,76945.23,76957.69,76936.51,76953.19,21.48572
2026-08-23 03:54:00,76953.18,76962.0,76910.7,76942.13,36.79471
2026-08-23 03:57:00,76942.13,76949.82,76924.28,76927.87,33.42853
2026-08-23 04:00:00,76927.87,76950.0,76892.17,76892.18,28.68186
2026-08-23 04:03:00,76892.18,76892.18,76844.75,76878.0,63.89794
2026-08-23 04:06:00,76877.99,76932.44,76706.45,76784.01,116.96517
2026-08-23 04:09:00,76784.01,76867.5,76768.64,76843.31,21.98427
2026-08-23 04:12:00,76843.31,77025.99,76843.3,77004.3,52.34035
2026-08-23 04:15:00,77004.31,77036.58,76936.0,76936.0,27.99252
2026-08-23 04:18:00,76936.01,76936.01,76795.83,76802.0,39.07468
2026-08-23 04:21:00,76802.01,76903.81,76802.0,76875.74,32.79527
2026-08-23 04:24:00,76875.57,76949.99,76869.9,76949.98,16.08437
2026-08-23 04:27:00,76949.98,77000.0,76943.6,76961.8,21.13182
2026-08-23 04:30:00,76961.81,76974.0,76887.6,76887.61,17.67335
2026-08-23 04:33:00,76887.61,76896.43,76834.01,76834.02,51.99749
2026-08-23 04:36:00,76834.01,76850.99,76818.31,76850.98,76.09473
2026-08-23 04:39:00,76850.99,76896.43,76840.0,76858.0,100.17557
2026-08-23 04:42:00,76858.0,76875.53,76812.16,76821.23,23.75819
2026-08-23 04:45:00,76821.23,76823.4,76666.0,76711.19,82.35913
2026-08-23 04:48:00,76711.2,76728.0,76560.04,76664.37,178.29546
2026-08-23 04:51:00,76664.37,76746.0,76664.36,76710.67,43.73092
2026-08-23 04:54:00,76710.68,76718.73,76629.29,76631.48,34.07213
2026-08-23 04:57:00,76631.49,76673.18,76477.04,76602.0,113.20855
2026-08-23 05:00:00,76602.0,76730.99,76491.53,76504.36,76.86688
2026-08-23 05:03:00,76504.37,76637.56,76483.56,76544.66,80.64674
2026-08-23 05:06:00,76544.65,76585.0,76307.38,76356.95,132.83854
2026-08-23 05:09:00,76356.96,76428.0,76225.42,76373.56,124.03278
2026-08-23 05:12:00,76373.56,76413.8,75810.01,75889.21,318.37841
2026-08-23 05:15:00,75889.21,76050.0,75545.67,75736.11,349.69521
2026-08-23 05:18:00,75736.11,76148.26,75680.31,76136.67,183.59112
2026-08-23 05:21:00,76136.68,76198.0,76078.01,76187.73,112.48266
2026-08-23 05:24:00,76187.74,76315.2,76180.71,76195.64,89.59268
2026-08-23 05:27:00,76195.65,76309.26,76195.64,76228.07,62.72024
2026-08-23 05:30:00,76228.07,76333.83,76195.59,76296.0,59.58938
2026-08-23 05:33:00,76296.0,76306.0,76224.67,76302.32,34.19468
2026-08-23 05:36:00,76302.31,76302.32,76205.04,76212.01,33.21618
2026-08-23 05:39:00,76212.01,76270.76,76168.01,76231.64,58.08941
2026-08-23 05:42:00,76231.65,76251.95,76100.0,76166.88,57.05226
2026-08-23 05:45:00,76166.88,76200.0,76111.82,76136.76,49.66071
2026-08-23 05:48:00,76136.76,76247.08,76136.0,76179.21,59.94887
2026-08-23 05:51:00,76179.22,76195.02,76030.0,76112.92,70.87761
2026-08-23 05:54:00,76112.91,76178.0,76103.24,76118.2,40.7057
2026-08-23 05:57:00,76118.19,76131.87,76053.37,76053.37,27.34462
2026-08-23 06:00:00,76053.38,76103.98,75988.98,76090.0,65.97224
2026-08-23 06:03:00,76090.0,76130.0,76039.26,76093.0,36.49867
2026-08-23 06:06:00,76093.0,76093.0,75872.89,75921.8,68.55404
2026-08-23 06:09:00,75921.8,75988.77,75896.0,75922.09,38.51039
2026-08-23 06:12:00,75922.09,76148.0,75916.83,76078.02,48.07892
2026-08-23 06:15:00,76078.01,76185.25,76069.11,76185.25,47.06117
2026-08-23 06:18:00,76185.25,76302.4,76154.01,76295.99,47.21518
2026-08-23 06:21:00,76295.99,76300.0,76194.0,76294.67,64.6613
2026-08-23 06:24:00,76294.68,76297.17,76226.47,76230.0,31.50576
2026-08-23 06:27:00,76230.01,76230.01,76168.79,76226.0,48.41311
2026-08-23 06:30:00,76226.0,76346.0,76225.99,76330.93,51.02258
2026-08-23 06:33:00,76330.94,76357.51,76300.0,76300.0,35.26275
2026-08-23 06:36:00,76300.01,76310.0,76232.21,76232.22,37.44711
2026-08-23 06:39:00,76232.21,76294.0,76176.79,76276.02,18.1858
2026-08-23 06:42:00,76276.01,76282.35,76246.0,76254.89,13.30524
2026-08-23 06:45:00,76254.9,76270.76,76202.0,76248.0,23.85451
2026-08-23 06:48:00,76248.0,76248.01,76176.79,76223.28,19.90769
2026-08-23 06:51:00,76223.29,76223.29,76167.94,76167.94,17.40015
2026-08-23 06:54:00,76167.94,76167.95,76094.0,76094.0,30.54945
2026-08-23 06:57:00,76094.01,76116.0,76025.4,76096.95,45.03886
2026-08-23 07:00:00,76096.96,76099.99,76036.07,76042.43,35.94949
2026-08-23 07:03:00,76042.43,76202.0,76029.46,76190.01,29.35665
2026-08-23 07:06:00,76190.01,76260.0,76190.0,76230.01,17.39589
2026-08-23 07:09:00,76230.01,76264.0,76230.0,76257.99,12.92943
2026-08-23 07:12:00,76257.99,76318.0,76245.97,76299.99,29.74028
2026-08-23 07:15:00,76300.0,76345.31,76294.95,76330.01,24.9268
2026-08-23 07:18:00,76330.01,76343.39,76272.0,76272.0,14.30973
2026-08-23 07:21:00,76272.0,76272.01,76246.22,76265.0,13.27991
2026-08-23 07:24:00,76265.0,76274.7,76236.09,76248.96,16.67625
2026-08-23 07:27:00,76248.97,76262.91,76230.0,76230.01,20.35657
2026-08-23 07:30:00,76230.01,76231.68,76176.77,76192.42,17.33373
2026-08-23 07:33:00,76192.42,76192.42,76080.0,76127.54,24.25774
2026-08-23 07:36:00,76127.55,76128.0,76082.0,76082.01,18.12697
2026-08-23 07:39:00,76082.01,76124.03,76076.67,76076.88,20.63146
2026-08-23 07:42:00,76076.89,76077.16,76051.17,76058.72,29.21065
2026-08-23 07:45:00,76058.72,76083.41,76045.7,76065.99,33.34903
2026-08-23 07:48:00,76065.99,76116.0,76051.42,76084.38,32.73328
2026-08-23 07:51:00,76084.39,76148.0,76084.39,76122.01,32.66351
2026-08-23 07:54:00,76122.01,76122.01,75953.57,75969.86,36.74329
2026-08-23 07:57:00,75969.86,76007.13,75907.82,76007.13,38.45056
2026-08-23 08:00:00,76007.12,76020.0,75952.09,76020.0,43.46001
2026-08-23 08:03:00,76019.99,76066.64,75972.0,76066.64,55.52304
2026-08-23 08:06:00,76066.64,76159.68,76066.64,76150.37,48.32342
2026-08-23 08:09:00,76150.37,76300.0,76150.37,76221.99,169.81985
2026-08-23 08:12:00,76221.99,76274.0,76200.0,76206.13,22.63791
2026-08-23 08:15:00,76206.12,76299.0,76203.83,76297.66,36.89466
2026-08-23 08:18:00,76297.67,76297.67,76240.53,76248.31,35.24897
2026-08-23 08:21:00,76248.31,76252.39,76220.84,76240.0,25.43524
2026-08-23 08:24:00,76239.99,76242.0,76222.77,76222.78,40.21229
2026-08-23 08:27:00,76222.78,76251.15,76219.97,76236.35,13.10939
2026-08-23 08:30:00,76236.35,76286.44,76236.34,76286.44,19.30214
2026-08-23 08:33:00,76286.43,76333.28,76259.83,76333.27,24.95078
2026-08-23 08:36:00,76333.27,76493.03,76333.25,76483.65,54.48475
2026-08-23 08:39:00,76483.65,76654.78,76424.0,76526.0,69.17549
2026-08-23 08:42:00,76526.0,76579.18,76516.01,76519.75,20.13135
2026-08-23 08:45:00,76519.76,76612.39,76516.01,76516.02,26.39558
2026-08-23 08:48:00,76516.01,76522.63,76476.36,76476.37,14.07602
2026-08-23 08:51:00,76476.37,76534.0,76466.34,76504.0,16.35654
2026-08-23 08:54:00,76503.99,76514.76,76448.37,76461.16,25.43064
2026-08-23 08:57:00,76461.16,76486.49,76453.19,76486.49,12.52417
2026-08-23 09:00:00,76486.49,76583.61,76470.0,76583.61,18.00531
2026-08-23 09:03:00,76583.61,76616.27,76522.0,76603.97,24.59754
2026-08-23 09:06:00,76603.97,76639.99,76573.52,76592.01,33.02095
2026-08-23 09:09:00,76592.0,76601.66,76564.53,76564.54,13.70182
2026-08-23 09:12:00,76564.53,76579.18,76544.49,76579.18,6.29147
2026-08-23 09:15:00,76579.18,76605.32,76512.82,76539.75,18.76785
2026-08-23 09:18:00,76539.75,76551.56,76509.0,76509.0,10.79395
2026-08-23 09:21:00,76509.01,76543.99,76476.36,76532.0,18.93596
2026-08-23 09:24:00,76531.99,76549.99,76496.0,76549.99,8.16147
2026-08-23 09:27:00,76550.0,76579.18,76549.99,76556.01,10.89649
2026-08-23 09:30:00,76556.0,76556.01,76476.37,76491.47,10.11787
2026-08-23 09:33:00,76491.48,76500.84,76467.0,76497.48,35.44471
2026-08-23 09:36:00,76497.47,76536.35,76497.47,76505.01,11.48109
2026-08-23 09:39:00,76505.01,76576.39,76505.0,76553.73,18.53643
2026-08-23 09:42:00,76553.72,76564.51,76546.06,76564.5,7.71305
2026-08-23 09:45:00,76564.5,76595.03,76505.01,76555.39,19.39046
2026-08-23 09:48:00,76555.39,76616.0,76555.39,76615.99,14.49067
2026-08-23 09:51:00,76616.0,76640.21,76586.0,76586.01,20.69669
2026-08-23 09:54:00,76586.0,76611.69,76584.01,76584.01,21.66981
2026-08-23 09:57:00,76584.01,76589.38,76549.98,76549.98,23.65897
2026-08-23 10:00:00,76549.99,76592.0,76542.0,76590.0,19.9858
2026-08-23 10:03:00,76590.0,76666.0,76589.99,76666.0,29.6842
2026-08-23 10:06:00,76666.0,76732.36,76647.2,76676.01,44.25796
2026-08-23 10:09:00,76676.0,76695.32,76630.66,76634.0,24.88412
2026-08-23 10:12:00,76633.99,76657.38,76601.98,76656.55,27.6883
2026-08-23 10:15:00,76656.55,76681.99,76649.79,76653.74,19.83138
2026-08-23 10:18:00,76653.74,76760.0,76646.0,76759.99,17.82622
2026-08-23 10:21:00,76759.99,76923.52,76759.99,76828.56,78.24276
2026-08-23 10:24:00,76828.56,76887.61,76800.55,76812.3,36.87109
2026-08-23 10:27:00,76812.3,76819.71,76749.23,76757.53,27.63522
2026-08-23 10:30:00,76757.53,76818.99,76749.27,76818.99,30.73403
2026-08-23 10:33:00,76818.99,76924.29,76813.96,76880.99,25.77137
2026-08-23 10:36:00,76880.99,76890.89,76822.79,76844.57,14.44577
2026-08-23 10:39:00,76844.57,76850.03,76805.99,76846.32,12.96361
2026-08-23 10:42:00,76846.32,76878.0,76811.49,76856.67,31.74846
2026-08-23 10:45:00,76856.68,76877.19,76842.0,76842.01,9.89419
2026-08-23 10:48:00,76842.01,76844.53,76808.85,76830.27,13.61346
2026-08-23 10:51:00,76830.27,76854.0,76806.01,76806.01,18.17929
2026-08-23 10:54:00,76806.01,76815.07,76784.79,76795.63,16.15487
2026-08-23 10:57:00,76795.62,76799.27,76780.15,76790.35,33.29947
2026-08-23 11:00:00,76790.35,76844.0,76790.35,76810.34,23.33607
2026-08-23 11:03:00,76810.34,76810.34,76744.94,76771.99,10.85523
2026-08-23 11:06:00,76771.99,76845.68,76771.99,76840.76,24.22384
2026-08-23 11:09:00,76840.75,76840.75,76803.38,76834.0,13.78727
2026-08-23 11:12:00,76834.0,76892.0,76833.99,76883.38,15.97711
2026-08-23 11:15:00,76884.62,76890.58,76824.0,76876.24,19.63535
2026-08-23 11:18:00,76876.23,77218.62,76862.05,77188.01,146.81247
2026-08-23 11:21:00,77188.0,77258.0,77167.06,77182.44,66.37847
2026-08-23 11:24:00,77182.44,77314.0,77182.0,77202.0,90.19985
2026-08-23 11:27:00,77202.0,77212.57,77146.0,77170.0,20.52123
2026-08-23 11:30:00,77169.99,77254.56,77132.0,77210.0,33.61255
2026-08-23 11:33:00,77210.0,77244.0,77185.99,77239.14,22.55791
2026-08-23 11:36:00,77239.14,77355.0,77215.33,77300.0,52.05026
2026-08-23 11:39:00,77300.0,77393.69,77294.01,77313.36,75.14561
2026-08-23 11:42:00,77313.35,77322.0,77274.0,77283.25,29.44562
2026-08-23 11:45:00,77283.25,77308.27,77227.51,77227.52,34.10556
2026-08-23 11:48:00,77227.52,77230.63,77189.99,77217.99,18.1095
2026-08-23 11:51:00,77218.0,77351.99,77200.0,77351.99,40.25092
2026-08-23 11:54:00,77352.0,77400.0,77310.19,77321.98,33.66843
2026-08-23 11:57:00,77321.98,77330.35,77305.01,77311.02,14.15017
2026-08-23 12:00:00,77311.02,77311.99,77222.52,77255.16,21.88604
2026-08-23 12:03:00,77255.15,77255.16,77184.66,77188.38,18.51205
2026-08-23 12:06:00,77188.38,77188.38,77088.0,77164.78,47.67023
2026-08-23 12:09:00,77164.78,77164.78,76975.63,77039.27,135.11294
2026-08-23 12:12:00,77039.28,77092.0,77019.99,77080.02,43.18928
2026-08-23 12:15:00,77080.01,77093.22,77048.16,77093.21,10.19296
2026-08-23 12:18:00,77093.22,77109.72,77068.0,77097.96,13.37161
2026-08-23 12:21:00,77097.96,77127.72,77097.2,77121.34,13.65764
2026-08-23 12:24:00,77121.34,77122.0,77032.79,77032.8,7.71143
2026-08-23 12:27:00,77032.79,77056.53,77020.0,77047.83,10.86271
2026-08-23 12:30:00,77047.84,77089.33,77047.83,77080.0,22.6477
2026-08-23 12:33:00,77080.0,77093.22,77068.04,77079.45,11.02445
2026-08-23 12:36:00,77079.45,77079.45,77052.55,77066.0,14.02445
2026-08-23 12:39:00,77065.99,77209.03,77065.99,77209.03,17.69563
2026-08-23 12:42:00,77209.03,77248.0,77177.89,77238.1,18.0251
2026-08-23 12:45:00,77238.1,77260.0,77206.34,77234.15,12.72079
2026-08-23 12:48:00,77234.14,77234.14,77202.0,77214.78,5.39492
2026-08-23 12:51:00,77214.77,77216.0,77186.0,77191.5,8.547
2026-08-23 12:54:00,77191.49,77214.78,77164.0,77214.77,5.39578
2026-08-23 12:57:00,77214.78,77226.34,77206.0,77206.0,8.95618
2026-08-23 13:00:00,77206.01,77226.0,77206.0,77222.05,10.18716
2026-08-23 13:03:00,77222.05,77222.07,77192.21,77217.96,16.11626
2026-08-23 13:06:00,77217.96,77222.0,77204.0,77204.01,8.88809
2026-08-23 13:09:00,77204.0,77330.0,77204.0,77330.0,39.53414
2026-08-23 13:12:00,77329.99,77341.35,77329.99,77338.87,29.4544
2026-08-23 13:15:00,77338.87,77444.0,77338.22,77407.73,36.50008
2026-08-23 13:18:00,77407.73,77765.8,77407.72,77548.0,338.2578
2026-08-23 13:21:00,77548.01,77613.99,77422.0,77534.0,56.05757
2026-08-23 13:24:00,77534.0,77656.06,77520.9,77540.47,92.4972
2026-08-23 13:27:00,77540.46,77570.19,77426.0,77438.77,48.926
2026-08-23 13:30:00,77439.65,77500.0,77372.0,77418.19,39.13335
2026-08-23 13:33:00,77418.19,77432.0,77350.72,77372.42,27.7605
2026-08-23 13:36:00,77372.43,77515.88,77372.42,77515.87,27.32915
2026-08-23 13:39:00,77515.87,77629.0,77515.87,77521.72,30.78844
2026-08-23 13:42:00,77521.72,77522.97,77492.88,77522.0,14.91219
2026-08-23 13:45:00,77521.99,77564.0,77408.0,77557.52,42.05839
2026-08-23 13:48:00,77557.52,77557.52,77459.2,77459.2,26.63947
2026-08-23 13:51:00,77459.2,77463.96,77373.89,77423.85,25.42054
2026-08-23 13:54:00,77423.84,77504.45,77423.84,77456.58,21.05058
2026-08-23 13:57:00,77456.57,77487.62,77449.0,77487.62,24.41694
2026-08-23 14:00:00,77487.62,77617.89,77487.61,77591.1,36.71351
2026-08-23 14:03:00,77591.09,77591.09,77479.35,77479.35,28.9903
2026-08-23 14:06:00,77479.36,77484.01,77330.4,77430.29,43.11937
2026-08-23 14:09:00,77430.29,77537.48,77415.11,77490.01,18.59771
2026-08-23 14:12:00,77490.0,77584.92,77490.0,77552.72,19.21028
2026-08-23 14:15:00,77552.72,77640.58,77552.71,77573.0,34.70725
2026-08-23 14:18:00,77572.99,77586.6,77468.05,77500.72,18.49636
2026-08-23 14:21:00,77500.72,77503.2,77435.41,77435.42,30.73935
2026-08-23 14:24:00,77435.41,77493.55,77421.06,77479.96,17.58742
2026-08-23 14:27:00,77479.97,77504.43,77429.74,77452.55,53.11419
2026-08-23 14:30:00,77452.54,77472.0,77422.0,77422.0,80.51993
2026-08-23 14:33:00,77422.0,77447.95,77422.0,77446.7,16.8789
2026-08-23 14:36:00,77446.7,77487.99,77425.0,77472.49,20.64534
2026-08-23 14:39:00,77472.48,77473.01,77410.0,77410.0,45.32652
2026-08-23 14:42:00,77410.01,77417.02,76802.0,77025.14,337.20674
2026-08-23 14:45:00,77025.13,77201.06,77025.13,77105.99,72.12278
2026-08-23 14:48:00,77105.99,77246.38,77100.52,77246.38,28.75685
2026-08-23 14:51:00,77246.38,77257.45,77180.01,77205.13,32.91893
2026-08-23 14:54:00,77205.13,77315.01,77150.0,77196.01,49.4937
2026-08-23 14:57:00,77196.0,77203.7,77150.0,77186.0,30.53902
2026-08-23 15:00:00,77186.0,77292.0,77070.01,77192.83,95.44493
2026-08-23 15:03:00,77192.83,77334.11,77180.0,77334.11,43.39339
2026-08-23 15:06:00,77334.1,77336.93,77256.95,77261.47,27.52911
2026-08-23 15:09:00,77261.47,77308.0,77236.0,77236.0,26.2201
2026-08-23 15:12:00,77236.0,77252.0,77170.0,77170.0,17.6765
2026-08-23 15:15:00,77170.0,77173.99,77066.44,77118.01,26.26057
2026-08-23 15:18:00,77118.01,77118.01,76913.49,77089.47,91.49718
2026-08-23 15:21:00,77089.47,77244.0,77089.46,77167.57,34.42511
2026-08-23 15:24:00,77167.57,77229.72,77167.57,77223.54,28.60538
2026-08-23 15:27:00,77223.54,77224.27,77191.99,77199.99,9.98732
2026-08-23 15:30:00,77200.0,77277.26,77168.75,77170.01,34.9204
2026-08-23 15:33:00,77170.01,77220.53,77144.0,77207.23,23.20499
2026-08-23 15:36:00,77207.23,77256.0,77202.46,77256.0,15.01981
2026-08-23 15:39:00,77255.99,77282.75,77255.99,77281.99,14.79064
2026-08-23 15:42:00,77281.99,77324.71,77269.74,77282.01,14.43329
2026-08-23 15:45:00,77282.01,77282.01,77204.01,77230.01,11.46404
2026-08-23 15:48:00,77230.0,77230.0,77190.0,77190.0,8.57521
2026-08-23 15:51:00,77190.01,77213.76,77184.23,77184.24,13.772
2026-08-23 15:54:00,77184.23,77206.44,77169.39,77206.44,9.21209
2026-08-23 15:57:00,77206.43,77206.44,77144.0,77156.13,15.7273
2026-08-23 16:00:00,77156.14,77218.38,77156.13,77218.38,8.35528
2026-08-23 16:03:00,77219.2,77303.31,77219.2,77253.76,20.55425
2026-08-23 16:06:00,77253.77,77256.24,77226.4,77239.79,6.66626
2026-08-23 16:09:00,77239.79,77279.55,77212.02,77277.06,8.84847
2026-08-23 16:12:00,77277.07,77281.61,77246.0,77277.66,6.11915
2026-08-23 16:15:00,77277.66,77322.0,77256.76,77270.0,19.78353
2026-08-23 16:18:00,77270.01,77278.0,77216.8,77277.99,24.54728
2026-08-23 16:21:00,77278.0,77278.9,77256.01,77270.79,12.09192
2026-08-23 16:24:00,77270.79,77314.0,77265.39,77296.28,20.49841
2026-08-23 16:27:00,77296.28,77328.0,77296.28,77327.99,6.33743
2026-08-23 16:30:00,77328.0,77382.39,77318.05,77370.15,29.42418
2026-08-23 16:33:00,77370.15,77420.0,77357.24,77420.0,28.46164
2026-08-23 16:36:00,77420.0,77420.0,77325.01,77370.56,17.01881
2026-08-23 16:39:00,77370.56,77389.67,77369.64,77385.0,11.53164
2026-08-23 16:42:00,77385.01,77440.42,77385.0,77388.0,15.41759
2026-08-23 16:45:00,77388.0,77416.0,77360.0,77415.32,20.09135
2026-08-23 16:48:00,77415.32,77415.32,77382.93,77394.24,12.95565
2026-08-23 16:51:00,77394.25,77475.0,77394.24,77422.86,16.99075
2026-08-23 16:54:00,77422.87,77422.87,77406.0,77419.75,10.01618
2026-08-23 16:57:00,77419.76,77458.01,77419.76,77429.88,7.52983
2026-08-23 17:00:00,77429.87,77443.95,77300.0,77300.02,16.20075
2026-08-23 17:03:00,77300.03,77308.0,77148.2,77307.99,52.39004
2026-08-23 17:06:00,77308.0,77361.38,77272.0,77323.91,22.52178
2026-08-23 17:09:00,77323.91,77336.0,77276.0,77293.64,10.71048
2026-08-23 17:12:00,77293.65,77323.5,77280.0,77283.26,16.91095
2026-08-23 17:15:00,77283.26,77311.64,77196.18,77311.63,47.21713
2026-08-23 17:18:00,77311.63,77370.0,77280.36,77359.77,14.22516
2026-08-23 17:21:00,77359.77,77380.0,77338.0,77364.0,10.87103
2026-08-23 17:24:00,77364.0,77364.0,77278.0,77278.01,12.57931
2026-08-23 17:27:00,77278.01,77278.01,77232.54,77250.0,9.7241
2026-08-23 17:30:00,77250.0,77250.0,77161.81,77231.65,20.98784
2026-08-23 17:33:00,77231.65,77268.0,77231.65,77267.99,9.83639
2026-08-23 17:36:00,77267.99,77314.0,77267.99,77292.01,12.10894
2026-08-23 17:39:00,77292.0,77292.0,77246.11,77246.12,6.88134
2026-08-23 17:42:00,77246.11,77265.94,77204.0,77245.05,22.6247
2026-08-23 17:45:00,77245.05,77327.09,77242.0,77242.0,18.23983
2026-08-23 17:48:00,77242.01,77244.0,77225.85,77244.0,9.02029
2026-08-23 17:51:00,77244.0,77279.27,77243.99,77279.27,35.55883
2026-08-23 17:54:00,77279.26,77285.14,77206.0,77219.23,22.31213
2026-08-23 17:57:00,77219.23,77219.24,77176.41,77176.41,25.23885
2026-08-23 18:00:00,77176.41,77212.88,77162.01,77193.62,87.22698
2026-08-23 18:03:00,77193.62,77202.01,77150.29,77163.9,65.90308
2026-08-23 18:06:00,77163.89,77181.67,77116.0,77161.23,70.88007
2026-08-23 18:09:00,77161.24,77326.0,77161.24,77289.4,65.47239
2026-08-23 18:12:00,77289.39,77411.07,77289.39,77353.94,62.60921
2026-08-23 18:15:00,77353.95,77415.33,77348.09,77367.97,50.39186
2026-08-23 18:18:00,77367.98,77367.98,77306.0,77336.37,20.30806
2026-08-23 18:21:00,77336.37,77336.37,77275.18,77335.98,34.97716
2026-08-23 18:24:00,77335.98,77365.23,77320.0,77365.23,15.74605
2026-08-23 18:27:00,77365.23,77408.92,77356.0,77356.01,19.3756
2026-08-23 18:30:00,77356.01,77363.06,77314.0,77314.0,5.52845
2026-08-23 18:33:00,77314.0,77347.65,77311.95,77347.65,15.23215
2026-08-23 18:36:00,77347.65,77349.69,77336.94,77345.18,3.81688
2026-08-23 18:39:00,77345.19,77369.91,77338.5,77349.99,39.13961
2026-08-23 18:42:00,77349.99,77351.18,77329.33,77345.51,42.20664
2026-08-23 18:45:00,77345.51,77349.77,77261.16,77270.18,28.60804
2026-08-23 18:48:00,77270.19,77317.73,77270.19,77288.34,11.81558
2026-08-23 18:51:00,77288.33,77316.72,77279.98,77292.76,13.71696
2026-08-23 18:54:00,77292.77,77318.01,77292.76,77301.91,6.57253
2026-08-23 18:57:00,77301.9,77341.98,77301.9,77341.98,10.64464
2026-08-23 19:00:00,77341.99,77411.03,77331.39,77331.4,27.48582
2026-08-23 19:03:00,77331.4,77342.0,77328.84,77335.16,9.64473
2026-08-23 19:06:00,77335.16,77358.94,77335.16,77349.4,14.06492
2026-08-23 19:09:00,77349.4,77349.4,77261.14,77261.15,78.45884
2026-08-23 19:12:00,77261.14,77322.0,77255.99,77322.0,15.47067
2026-08-23 19:15:00,77322.0,77364.67,77300.83,77364.67,9.59864
2026-08-23 19:18:00,77364.67,77377.48,77364.66,77377.48,5.50786
2026-08-23 19:21:00,77377.48,77396.94,77365.17,77394.42,10.08272
2026-08-23 19:24:00,77394.43,77394.43,77356.26,77356.26,3.80543
2026-08-23 19:27:00,77356.27,77356.27,77333.92,77355.24,6.24984
2026-08-23 19:30:00,77355.25,77355.25,77311.99,77311.99,7.55945
2026-08-23 19:33:00,77311.99,77343.58,77257.99,77339.07,17.09278
2026-08-23 19:36:00,77339.07,77355.97,77339.07,77355.97,6.34209
2026-08-23 19:39:00,77355.97,77391.24,77355.97,77371.49,9.44012
2026-08-23 19:42:00,77371.48,77445.11,77364.0,77443.86,14.98482
2026-08-23 19:45:00,77443.86,77487.04,77385.78,77405.74,31.91689
2026-08-23 19:48:00,77405.74,77421.93,77398.18,77398.18,6.41387
2026-08-23 19:51:00,77398.18,77398.19,77381.0,77381.0,3.30975
2026-08-23 19:54:00,77381.01,77384.6,77354.0,77354.01,4.97596
2026-08-23 19:57:00,77354.0,77364.9,77329.27,77346.01,12.53338
2026-08-23 20:00:00,77346.0,77346.01,77242.26,77242.27,14.85041
2026-08-23 20:03:00,77242.27,77275.98,77200.03,77247.99,23.55685
2026-08-23 20:06:00,77247.99,77259.93,77203.11,77259.93,10.86792
2026-08-23 20:09:00,77259.92,77288.0,77259.92,77287.99,4.33056
2026-08-23 20:12:00,77288.0,77293.23,77272.0,77272.0,4.70726
2026-08-23 20:15:00,77272.0,77300.0,77272.0,77300.0,3.26795
2026-08-23 20:18:00,77300.0,77351.56,77290.0,77351.56,10.1804
2026-08-23 20:21:00,77351.56,77372.43,77348.59,77362.02,10.08684
2026-08-23 20:24:00,77362.02,77391.8,77362.02,77391.79,4.06262
2026-08-23 20:27:00,77391.8,77410.43,77387.19,77387.19,9.38647
2026-08-23 20:30:00,77387.2,77415.27,77385.99,77415.27,14.14229
2026-08-23 20:33:00,77415.26,77415.27,77397.97,77407.51,6.27532
2026-08-23 20:36:00,77407.52,77418.41,77401.29,77418.41,6.21895
2026-08-23 20:39:00,77418.41,77422.73,77418.4,77422.73,2.4203
2026-08-23 20:42:00,77422.73,77460.0,77422.72,77428.01,11.07274
2026-08-23 20:45:00,77428.0,77434.89,77400.0,77430.78,9.67731
2026-08-23 20:48:00,77430.79,77433.97,77412.91,77421.42,6.30727
2026-08-23 20:51:00,77421.42,77430.0,77416.21,77416.21,5.27776
2026-08-23 20:54:00,77416.22,77416.22,77390.94,77415.64,10.75691
2026-08-23 20:57:00,77415.64,77415.65,77401.59,77401.6,2.53142
2026-08-23 21:00:00,77401.59,77588.51,77401.59,77556.46,39.91273
2026-08-23 21:03:00,77556.47,77688.0,77553.56,77649.76,39.93182
2026-08-23 21:06:00,77649.76,77683.79,77618.67,77636.27,27.01299
2026-08-23 21:09:00,77636.28,77700.0,77608.01,77608.02,28.06073
2026-08-23 21:12:00,77608.01,77709.87,77608.01,77697.68,22.92487
2026-08-23 21:15:00,77697.69,77939.66,77697.69,77907.24,111.98046
2026-08-23 21:18:00,77907.24,77997.72,77903.48,77997.71,46.0832
2026-08-23 21:21:00,77997.72,78014.84,77894.0,77958.01,115.82997
2026-08-23 21:24:00,77958.0,78004.88,77885.64,77993.84,40.54822
2026-08-23 21:27:00,77993.84,78052.85,77916.0,78024.18,38.04078
2026-08-23 21:30:00,78024.18,78037.99,77966.03,78010.78,31.38662
2026-08-23 21:33:00,78010.78,78028.0,77746.22,77760.87,37.39161
2026-08-23 21:36:00,77760.87,77848.98,77722.73,77737.2,53.40671
2026-08-23 21:39:00,77737.2,77742.51,77574.16,77650.7,75.54456
2026-08-23 21:42:00,77650.7,77650.7,77545.84,77622.0,20.58215
2026-08-23 21:45:00,77622.0,77746.0,77621.99,77698.01,20.26919
2026-08-23 21:48:00,77698.01,77815.03,77698.01,77786.0,27.26109
2026-08-23 21:51:00,77786.0,77864.26,77760.01,77846.01,26.13096
2026-08-23 21:54:00,77846.01,77858.02,77766.66,77809.85,28.9093
2026-08-23 21:57:00,77809.85,77840.0,77746.0,77833.23,30.42406
2026-08-23 22:00:00,77833.23,77979.0,77579.99,77720.0,101.68141
2026-08-23 22:03:00,77720.0,77768.0,77623.19,77677.55,56.82146
2026-08-23 22:06:00,77677.56,77748.74,77668.52,77699.95,35.22227
2026-08-23 22:09:00,77699.94,77791.89,77694.0,77706.44,27.78987
2026-08-23 22:12:00,77706.44,77738.0,77649.05,77703.56,30.91756
2026-08-23 22:15:00,77703.56,77771.48,77638.0,77640.49,26.82412
2026-08-23 22:18:00,77640.5,77751.61,77640.5,77738.8,23.56905
2026-08-23 22:21:00,77738.8,77808.0,77704.0,77791.99,26.98237
2026-08-23 22:24:00,77792.0,77805.65,77736.0,77746.01,18.92652
2026-08-23 22:27:00,77746.01,77798.17,77668.0,77668.0,20.50431
2026-08-23 22:30:00,77668.0,77727.16,77656.2,77657.45,16.41938
2026-08-23 22:33:00,77657.45,77684.0,77615.18,77656.43,31.39209
2026-08-23 22:36:00,77656.43,77663.48,77600.0,77638.0,13.99973
2026-08-23 22:39:00,77638.0,77709.6,77625.96,77625.97,27.52338
2026-08-23 22:42:00,77625.97,77687.56,77625.97,77648.01,15.56049
2026-08-23 22:45:00,77648.01,77654.01,77560.02,77628.01,26.36218
2026-08-23 22:48:00,77628.0,77670.0,77618.0,77651.55,18.07991
2026-08-23 22:51:00,77651.55,77704.79,77630.9,77651.99,21.97729
2026-08-23 22:54:00,77651.99,77660.0,77614.0,77618.27,10.07859
2026-08-23 22:57:00,77618.26,77620.96,77578.0,77598.88,36.73296
2026-08-23 23:00:00,77598.87,77622.86,77482.0,77501.22,42.45991
2026-08-23 23:03:00,77501.22,77507.43,77425.0,77450.02,45.77362
2026-08-23 23:06:00,77450.02,77456.0,77290.22,77450.31,51.13165
2026-08-23 23:09:00,77450.31,77523.06,77384.26,77384.26,24.34562
2026-08-23 23:12:00,77384.31,77470.6,77384.31,77470.6,25.29173
2026-08-23 23:15:00,77470.6,77557.26,77470.59,77504.45,38.20062
2026-08-23 23:18:00,77504.45,77645.17,77504.44,77556.89,32.85011
2026-08-23 23:21:00,77556.89,77556.89,77469.26,77502.78,15.05867
2026-08-23 23:24:00,77502.78,77551.46,77445.34,77551.45,30.88864
2026-08-23 23:27:00,77551.45,77670.0,77551.45,77667.51,15.43341
2026-08-23 23:30:00,77667.51,77829.7,77667.51,77748.35,72.95826
2026-08-23 23:33:00,77748.35,77749.6,77650.0,77650.0,31.92036
2026-08-23 23:36:00,77650.01,77650.01,77550.17,77559.85,62.57246
2026-08-23 23:39:00,77559.85,77565.21,77501.15,77534.0,27.82308
2026-08-23 23:42:00,77534.0,77534.53,77400.0,77483.99,20.49129
2026-08-23 23:45:00,77483.99,77565.74,77483.99,77550.0,26.62146
2026-08-23 23:48:00,77550.0,77595.76,77544.75,77595.76,7.40594
2026-08-23 23:51:00,77595.75,77645.6,77542.01,77542.4,26.56592
2026-08-23 23:54:00,77542.39,77724.99,77541.97,77694.01,32.21616
2026-08-23 23:57:00,77694.01,77793.85,77660.0,77734.0,31.19643
2026-08-24 00:00:00,77734.0,77742.0,77668.0,77687.99,22.33974
2026-08-24 00:03:00,77687.99,77688.0,77600.52,77600.52,23.09617
2026-08-24 00:06:00,77600.53,77600.53,77514.0,77570.0,38.68735
2026-08-24 00:09:00,77570.0,77717.27,77570.0,77651.99,20.11701
2026-08-24 00:12:00,77652.0,77686.0,77608.93,77627.9,17.01169
2026-08-24 00:15:00,77627.9,77643.88,77528.99,77528.99,15.84895
2026-08-24 00:18:00,77528.99,77604.0,77500.0,77519.99,29.20159
2026-08-24 00:21:00,77519.99,77519.99,77462.01,77499.98,23.48178
2026-08-24 00:24:00,77499.98,77499.99,77353.6,77380.09,35.83738
2026-08-24 00:27:00,77380.09,77434.0,77268.0,77432.0,75.56044
2026-08-24 00:30:00,77432.0,77470.0,77357.95,77429.98,20.17583
2026-08-24 00:33:00,77429.99,77579.99,77428.08,77579.99,21.8052
2026-08-24 00:36:00,77579.99,77597.84,77424.62,77425.95,47.41549
2026-08-24 00:39:00,77425.95,77450.28,77393.22,77407.93,16.90306
2026-08-24 00:42:00,77407.93,77419.82,77219.34,77236.04,37.51959
2026-08-24 00:45:00,77236.04,77292.94,77142.85,77241.99,48.05482
2026-08-24 00:48:00,77242.0,77428.0,77228.01,77385.55,43.46699
2026-08-24 00:51:00,77385.56,77527.59,77385.56,77527.59,29.25007
2026-08-24 00:54:00,77527.58,77579.79,77487.27,77568.0,19.05143
2026-08-24 00:57:00,77568.01,77679.51,77540.0,77679.5,45.8054
2026-08-24 01:00:00,77679.51,77702.92,77552.72,77607.25,46.99479
2026-08-24 01:03:00,77607.25,77717.28,77568.0,77593.94,44.27762
2026-08-24 01:06:00,77593.95,77643.15,77518.0,77518.0,14.02852
2026-08-24 01:09:00,77518.0,77540.42,77442.0,77540.42,44.25787
2026-08-24 01:12:00,77540.42,77550.0,77439.28,77439.29,21.57144
2026-08-24 01:15:00,77439.29,77440.17,77366.44,77396.01,31.36767
2026-08-24 01:18:00,77396.01,77464.29,77350.36,77350.37,29.31295
2026-08-24 01:21:00,77350.37,77401.64,77304.84,77312.02,44.60814
2026-08-24 01:24:00,77312.01,77321.23,77226.01,77281.72,55.90041
2026-08-24 01:27:00,77281.72,77286.0,77246.0,77246.01,14.30164
2026-08-24 01:30:00,77246.0,77357.99,77211.26,77346.37,38.18962
2026-08-24 01:33:00,77346.37,77368.0,77293.0,77293.01,13.473
2026-08-24 01:36:00,77293.01,77295.78,77178.06,77183.99,79.53227
2026-08-24 01:39:00,77184.0,77286.0,77183.99,77277.99,14.073
2026-08-24 01:42:00,77277.99,77300.74,77202.0,77213.99,24.62823
2026-08-24 01:45:00,77213.99,77264.0,77163.0,77200.01,37.37877
2026-08-24 01:48:00,77200.02,77249.98,77183.67,77236.25,41.61939
2026-08-24 01:51:00,77236.24,77246.1,77093.77,77220.92,120.23103
2026-08-24 01:54:00,77220.91,77220.91,76964.33,77060.91,68.25043
2026-08-24 01:57:00,77061.01,77061.01,76918.0,76922.1,69.47542
2026-08-24 02:00:00,76922.11,76978.0,76886.01,76957.25,68.97207
2026-08-24 02:03:00,76957.25,77181.81,76883.61,77140.0,84.35927
2026-08-24 02:06:00,77140.0,77165.3,77062.0,77111.99,26.52436
2026-08-24 02:09:00,77112.0,77185.72,77086.42,77184.45,26.64102
2026-08-24 02:12:00,77184.45,77420.0,77184.45,77372.0,68.50534
2026-08-24 02:15:00,77372.0,77476.54,77371.99,77412.0,39.7015
2026-08-24 02:18:00,77412.01,77501.39,77395.54,77436.91,32.66933
2026-08-24 02:21:00,77436.91,77465.95,77401.98,77438.54,18.12628
2026-08-24 02:24:00,77438.53,77509.05,77428.0,77486.01,24.78325
2026-08-24 02:27:00,77486.01,77486.01,77394.69,77447.93,28.52309
2026-08-24 02:30:00,77447.93,77496.0,77432.02,77492.18,19.60042
2026-08-24 02:33:00,77492.18,77536.0,77468.0,77494.54,25.47047
2026-08-24 02:36:00,77494.55,77545.08,77418.39,77423.99,23.92923
2026-08-24 02:39:00,77423.99,77500.0,77404.83,77470.67,13.31572
2026-08-24 02:42:00,77470.67,77477.72,77428.23,77453.04,20.35387
2026-08-24 02:45:00,77453.05,77461.81,77319.5,77324.54,74.35276
2026-08-24 02:48:00,77324.55,77380.0,77244.42,77345.83,29.09072
2026-08-24 02:51:00,77345.83,77390.0,77294.38,77390.0,15.37665
2026-08-24 02:54:00,77390.0,77528.52,77359.8,77498.01,32.39884
2026-08-24 02:57:00,77498.0,77498.0,77397.8,77478.69,59.74971
2026-08-24 03:00:00,77478.7,77532.37,77355.19,77368.01,107.47511
2026-08-24 03:03:00,77368.01,77374.0,77314.82,77314.82,88.9133
2026-08-24 03:06:00,77314.81,77323.89,77244.42,77244.43,110.84734
2026-08-24 03:09:00,77244.43,77324.0,77226.55,77234.0,48.99157
2026-08-24 03:12:00,77234.0,77274.0,77204.87,77204.92,97.73358
2026-08-24 03:15:00,77204.91,77222.0,77151.0,77202.01,100.69539
2026-08-24 03:18:00,77202.0,77209.58,77182.0,77182.0,13.03534
2026-08-24 03:21:00,77182.0,77227.18,77154.07,77222.0,22.68706
2026-08-24 03:24:00,77222.01,77273.0,77161.29,77168.26,83.23567
2026-08-24 03:27:00,77168.26,77168.26,77122.8,77122.81,100.85156
2026-08-24 03:30:00,77122.8,77146.0,77022.0,77146.0,108.93474
2026-08-24 03:33:00,77146.0,77161.36,77057.51,77057.52,77.89137
2026-08-24 03:36:00,77057.52,77120.0,77000.0,77076.0,100.03832
2026-08-24 03:39:00,77076.0,77084.0,76964.01,76986.0,61.84647
2026-08-24 03:42:00,76986.0,77014.0,76986.0,76987.01,36.18295
2026-08-24 03:45:00,76987.01,77038.0,76986.0,77020.7,45.21284
2026-08-24 03:48:00,77020.69,77152.0,77005.59,77122.0,64.50969
2026-08-24 03:51:00,77122.01,77122.01,76977.0,76977.0,46.95048
2026-08-24 03:54:00,76977.0,77016.25,76943.0,76965.22,96.4941
2026-08-24 03:57:00,76965.22,76965.22,76933.0,76933.02,34.96381
2026-08-24 04:00:00,76933.02,77043.37,76933.02,77043.37,115.85799
2026-08-24 04:03:00,77043.36,77091.16,77009.61,77054.01,84.00963
2026-08-24 04:06:00,77054.01,77077.42,77003.54,77020.01,69.61506
2026-08-24 04:09:00,77020.01,77035.31,77000.12,77000.12,54.86366
2026-08-24 04:12:00,77000.12,77055.77,76995.36,77009.01,84.76465
2026-08-24 04:15:00,77009.0,77163.1,77009.0,77163.1,26.62665
2026-08-24 04:18:00,77163.09,77223.77,77160.34,77202.7,30.55268
2026-08-24 04:21:00,77202.69,77247.12,77175.47,77199.98,37.25072
2026-08-24 04:24:00,77199.99,77199.99,77150.0,77184.01,46.51359
2026-08-24 04:27:00,77184.0,77220.89,77184.0,77208.45,39.37943
2026-08-24 04:30:00,77208.45,77219.85,77170.09,77183.09,33.82618
2026-08-24 04:33:00,77183.28,77204.48,77163.84,77163.85,38.84286
2026-08-24 04:36:00,77163.85,77188.0,77150.0,77156.88,19.73608
2026-08-24 04:39:00,77156.87,77179.46,77050.0,77113.24,46.51522
2026-08-24 04:42:00,77113.24,77114.23,77068.0,77098.94,18.69513
2026-08-24 04:45:00,77098.94,77122.01,76961.17,77036.0,131.04001
2026-08-24 04:48:00,77036.0,77036.01,76888.0,76888.01,31.80865
2026-08-24 04:51:00,76888.0,76888.01,76670.01,76846.01,170.50127
2026-08-24 04:54:00,76846.01,76864.0,76766.38,76771.15,65.64563
2026-08-24 04:57:00,76771.15,76897.44,76771.15,76897.44,45.32238
2026-08-24 05:00:00,76897.44,76947.6,76844.0,76936.01,44.26902
2026-08-24 05:03:00,76936.01,76969.74,76912.92,76940.0,17.03758
2026-08-24 05:06:00,76940.0,76995.86,76889.29,76994.14,28.96525
2026-08-24 05:09:00,76994.13,77061.99,76976.77,77061.99,92.1437
2026-08-24 05:12:00,77062.0,77208.6,77053.77,77208.6,105.94216
2026-08-24 05:15:00,77208.6,77226.93,77074.52,77074.52,44.97515
2026-08-24 05:18:00,77074.52,77123.32,76998.0,77018.0,71.8378
2026-08-24 05:21:00,77017.99,77113.7,76946.01,77108.0,44.46425
2026-08-24 05:24:00,77108.0,77117.0,77042.19,77109.21,20.41571
2026-08-24 05:27:00,77109.21,77124.0,77055.02,77055.03,32.95522
2026-08-24 05:30:00,77055.02,77055.02,76908.63,76944.04,32.2831
2026-08-24 05:33:00,76944.05,76984.0,76880.98,76894.01,31.63732
2026-08-24 05:36:00,76894.0,77080.0,76842.72,77064.01,54.64792
2026-08-24 05:39:00,77064.01,77166.15,77014.03,77166.15,48.50314
2026-08-24 05:42:00,77166.15,77181.72,77079.21,77079.22,37.64921
2026-08-24 05:45:00,77079.22,77122.0,77079.21,77097.51,26.2047
2026-08-24 05:48:00,77097.51,77114.74,77030.1,77036.06,42.82945
2026-08-24 05:51:00,77036.05,77063.86,76992.45,77034.76,50.45431
2026-08-24 05:54:00,77034.76,77126.6,77034.75,77096.4,31.15513
2026-08-24 05:57:00,77096.4,77177.33,77096.4,77149.4,26.14733
2026-08-24 06:00:00,77149.39,77180.22,77097.22,77106.83,34.38228
2026-08-24 06:03:00,77106.82,77114.02,77073.67,77110.0,40.17877
2026-08-24 06:06:00,77110.01,77148.0,77071.0,77148.0,42.31778
2026-08-24 06:09:00,77148.0,77298.84,77147.6,77298.84,69.98009
2026-08-24 06:12:00,77298.84,77435.64,77298.84,77396.01,72.20547
2026-08-24 06:15:00,77396.01,77470.23,77360.44,77375.56,84.41574
2026-08-24 06:18:00,77375.57,77389.33,77345.66,77351.92,20.16033
2026-08-24 06:21:00,77351.92,77365.54,77296.16,77357.99,56.05499
2026-08-24 06:24:00,77357.99,77411.19,77352.5,77411.19,30.99148
2026-08-24 06:27:00,77411.19,77411.19,77360.91,77360.91,19.19282
2026-08-24 06:30:00,77360.91,77382.7,77280.0,77280.01,18.48792
2026-08-24 06:33:00,77280.0,77312.61,77270.0,77280.01,15.37314
2026-08-24 06:36:00,77280.0,77293.84,77259.26,77275.99,18.24951
2026-08-24 06:39:00,77276.0,77335.13,77232.0,77272.01,37.54494
2026-08-24 06:42:00,77272.01,77352.0,77272.0,77351.9,35.43952
2026-08-24 06:45:00,77351.9,77476.0,77344.01,77472.87,36.28125
2026-08-24 06:48:00,77472.87,77525.09,77458.0,77488.01,69.80315
2026-08-24 06:51:00,77488.0,77492.0,77418.76,77447.04,23.14789
2026-08-24 06:54:00,77447.04,77480.0,77433.04,77479.99,13.03663
2026-08-24 06:57:00,77480.0,77483.99,77464.31,77464.33,8.7402
2026-08-24 07:00:00,77464.33,77516.45,77464.31,77474.0,17.63129
2026-08-24 07:03:00,77474.01,77520.0,77464.31,77503.88,12.16313
2026-08-24 07:06:00,77503.88,77523.0,77500.48,77510.0,18.84937
2026-08-24 07:09:00,77510.0,77669.21,77508.0,77638.69,86.50235
2026-08-24 07:12:00,77638.69,77790.19,77623.16,77760.0,80.98068
2026-08-24 07:15:00,77759.99,77760.0,77630.16,77630.17,31.37668
2026-08-24 07:18:00,77630.17,77663.99,77596.0,77604.3,26.36088
2026-08-24 07:21:00,77604.29,77655.32,77583.07,77655.32,19.03424
2026-08-24 07:24:00,77655.32,77678.0,77626.79,77626.79,13.22778
2026-08-24 07:27:00,77626.79,77626.79,77550.0,77593.27,23.24547
2026-08-24 07:30:00,77593.27,77593.28,77486.0,77496.01,55.83242
2026-08-24 07:33:00,77496.0,77496.0,77470.01,77470.03,20.10209
2026-08-24 07:36:00,77470.03,77496.0,77444.67,77456.85,27.52346
2026-08-24 07:39:00,77456.85,77460.68,77394.0,77401.64,22.70528
2026-08-24 07:42:00,77401.63,77401.64,77344.06,77344.06,35.63342
2026-08-24 07:45:00,77344.06,77425.34,77333.33,77410.0,33.38637
2026-08-24 07:48:00,77410.0,77416.86,77374.0,77381.43,34.21119
2026-08-24 07:51:00,77381.43,77381.43,77281.68,77315.73,53.68767
2026-08-24 07:54:00,77315.74,77355.65,77294.0,77307.86,33.58706
2026-08-24 07:57:00,77307.85,77323.37,77289.31,77307.15,35.29042
2026-08-24 08:00:00,77307.14,77339.04,77206.0,77267.99,28.55434
2026-08-24 08:03:00,77268.0,77317.67,77250.0,77300.0,24.3273
2026-08-24 08:06:00,77300.0,77414.88,77299.99,77350.37,28.60728
2026-08-24 08:09:00,77350.36,77350.9,77296.0,77296.01,17.61849
2026-08-24 08:12:00,77296.0,77296.01,77232.77,77248.97,55.57948
2026-08-24 08:15:00,77248.97,77248.97,77077.0,77092.73,111.74627
2026-08-24 08:18:00,77092.73,77195.99,77084.42,77128.74,35.08833
2026-08-24 08:21:00,77128.75,77148.73,76969.27,77010.96,144.0107
2026-08-24 08:24:00,77010.96,77041.99,76875.0,76911.07,81.25955
2026-08-24 08:27:00,76911.07,76976.16,76838.0,76923.67,68.09226
2026-08-24 08:30:00,76923.67,77054.72,76913.99,77043.08,35.95355
2026-08-24 08:33:00,77043.07,77073.86,77018.0,77034.01,22.58717
2026-08-24 08:36:00,77034.01,77058.0,77030.0,77056.0,19.2431
2026-08-24 08:39:00,77056.0,77122.0,77056.0,77088.16,20.88999
2026-08-24 08:42:00,77088.17,77129.97,77052.96,77129.97,63.20243
2026-08-24 08:45:00,77129.96,77135.14,77068.41,77068.42,27.85962
2026-08-24 08:48:00,77068.41,77145.07,77068.41,77097.37,45.24399
2026-08-24 08:51:00,77097.37,77111.99,77053.2,77062.0,39.08473
2026-08-24 08:54:00,77062.01,77086.0,77041.46,77041.47,31.62759
2026-08-24 08:57:00,77041.47,77041.47,77020.06,77041.47,20.88827
2026-08-24 09:00:00,77041.46,77103.78,77028.0,77102.71,23.7739
2026-08-24 09:03:00,77102.71,77178.01,77102.7,77174.01,17.49166
2026-08-24 09:06:00,77174.01,77221.27,77164.01,77221.27,18.28054
2026-08-24 09:09:00,77221.27,77260.0,77196.58,77224.01,16.71304
2026-08-24 09:12:00,77224.0,77306.87,77221.42,77288.25,24.89054
2026-08-24 09:15:00,77288.25,77396.45,77288.24,77300.27,46.14327
2026-08-24 09:18:00,77300.27,77345.55,77253.49,77342.96,39.89097
2026-08-24 09:21:00,77342.96,77342.96,77275.59,77298.02,28.77901
2026-08-24 09:24:00,77298.01,77360.95,77217.0,77360.0,50.86259
2026-08-24 09:27:00,77360.0,77420.0,77354.75,77418.79,21.24541
2026-08-24 09:30:00,77418.79,77476.45,77416.0,77448.46,22.76506
2026-08-24 09:33:00,77448.46,77448.46,77399.82,77438.0,15.67303
2026-08-24 09:36:00,77437.99,77483.38,77422.0,77482.14,14.46104
2026-08-24 09:39:00,77482.14,77500.0,77454.01,77462.06,15.02493
2026-08-24 09:42:00,77462.06,77510.09,77458.76,77467.96,26.57887
2026-08-24 09:45:00,77467.96,77527.98,77442.42,77527.98,21.85871
2026-08-24 09:48:00,77527.98,77536.43,77495.99,77501.99,28.84897
2026-08-24 09:51:00,77501.99,77582.66,77488.05,77578.0,41.68371
2026-08-24 09:54:00,77578.0,77602.8,77558.0,77571.14,31.34783
2026-08-24 09:57:00,77571.14,77571.15,77530.0,77554.08,16.69669
2026-08-24 10:00:00,77554.08,77606.08,77542.0,77594.0,41.38542
2026-08-24 10:03:00,77594.0,77690.0,77594.0,77607.68,72.30404
2026-08-24 10:06:00,77607.68,77782.0,77542.35,77699.09,70.70434
2026-08-24 10:09:00,77699.09,77831.81,77688.25,77764.0,41.92661
2026-08-24 10:12:00,77764.0,77885.23,77744.36,77846.42,72.51585
2026-08-24 10:15:00,77846.41,77846.41,77774.94,77824.61,67.29393
2026-08-24 10:18:00,77824.61,77937.8,77814.79,77870.01,39.84922
2026-08-24 10:21:00,77870.0,77872.44,77793.09,77847.71,71.23057
2026-08-24 10:24:00,77847.72,77924.56,77826.0,77919.8,68.70554
2026-08-24 10:27:00,77919.8,77946.34,77841.99,77858.35,57.30757
2026-08-24 10:30:00,77858.36,77998.18,77858.35,77998.17,43.56677
2026-08-24 10:33:00,77998.18,78017.0,77903.48,77942.0,103.87756
2026-08-24 10:36:00,77942.0,77960.42,77899.44,77899.44,32.67607
2026-08-24 10:39:00,77899.44,77899.44,77696.03,77739.78,109.12682
2026-08-24 10:42:00,77739.77,77746.0,77706.57,77726.31,51.74098
2026-08-24 10:45:00,77726.3,77818.01,77726.3,77792.01,29.27027
2026-08-24 10:48:00,77792.0,77827.79,77710.06,77710.06,31.77367
2026-08-24 10:51:00,77710.07,77713.11,77600.01,77600.01,32.3942
2026-08-24 10:54:00,77600.01,77629.59,77569.86,77570.0,24.54581
2026-08-24 10:57:00,77570.0,77622.0,77534.09,77617.22,50.88964
2026-08-24 11:00:00,77617.23,77633.51,77450.0,77528.0,40.6869
2026-08-24 11:03:00,77528.0,77604.01,77476.77,77569.4,33.12245
2026-08-24 11:06:00,77569.39,77678.0,77560.7,77611.12,16.0968
2026-08-24 11:09:00,77611.11,77767.91,77611.11,77765.42,31.3185
2026-08-24 11:12:00,77765.41,77854.0,77728.0,77819.05,67.0175
2026-08-24 11:15:00,77819.05,77850.94,77723.07,77844.0,44.67588
2026-08-24 11:18:00,77844.0,77872.63,77802.0,77856.0,15.23235
2026-08-24 11:21:00,77856.0,77876.0,77776.0,77806.53,38.8369
2026-08-24 11:24:00,77806.54,77896.0,77804.0,77814.22,31.77364
2026-08-24 11:27:00,77814.21,77866.0,77808.0,77835.23,17.69162
2026-08-24 11:30:00,77835.22,78034.0,77822.41,78028.37,48.50876
2026-08-24 11:33:00,78028.37,78350.0,78016.0,78259.52,134.3156
2026-08-24 11:36:00,78259.52,78440.0,78253.26,78381.98,167.81807
2026-08-24 11:39:00,78381.97,78548.38,78267.15,78548.38,249.1555
2026-08-24 11:42:00,78548.37,78569.99,78450.01,78568.7,82.56792
2026-08-24 11:45:00,78568.7,78600.0,78259.98,78298.29,91.39147
2026-08-24 11:48:00,78298.28,78320.0,78133.35,78136.91,61.82163
2026-08-24 11:51:00,78136.92,78224.1,78090.04,78158.06,53.36532
2026-08-24 11:54:00,78158.06,78200.0,78136.34,78191.03,35.4713
2026-08-24 11:57:00,78191.03,78443.65,78154.0,78443.65,63.59276
2026-08-24 12:00:00,78443.65,78451.69,78222.0,78258.55,84.89901
2026-08-24 12:03:00,78258.55,78300.0,78160.0,78160.01,47.12694
2026-08-24 12:06:00,78160.0,78200.14,78121.29,78164.35,46.84788
2026-08-24 12:09:00,78164.34,78261.76,78164.34,78231.89,60.92346
2026-08-24 12:12:00,78231.89,78242.59,78110.0,78154.0,40.45003
2026-08-24 12:15:00,78154.0,78200.0,77982.0,78115.99,96.62686
2026-08-24 12:18:00,78115.99,78322.0,78115.98,78234.01,65.94494
2026-08-24 12:21:00,78234.02,78388.27,78217.53,78380.76,69.82574
2026-08-24 12:24:00,78380.76,78470.0,78380.76,78458.42,59.0186
2026-08-24 12:27:00,78458.43,78517.27,78435.52,78460.01,43.01397
2026-08-24 12:30:00,78460.0,78734.0,78442.0,78576.56,153.02637
2026-08-24 12:33:00,78576.57,78646.0,78380.0,78585.0,133.3535
2026-08-24 12:36:00,78584.99,78637.63,78484.52,78637.63,35.57476
2026-08-24 12:39:00,78637.63,78777.08,78600.0,78750.63,96.30882
2026-08-24 12:42:00,78750.64,78882.0,78720.68,78729.26,78.49317
2026-08-24 12:45:00,78729.25,78975.25,78724.0,78849.34,125.83499
2026-08-24 12:48:00,78849.34,79059.99,78827.73,79035.37,175.12805
2026-08-24 12:51:00,79035.37,79278.37,78922.0,79066.74,232.07561
2026-08-24 12:54:00,79066.74,79250.0,79028.0,79238.77,113.31806
2026-08-24 12:57:00,79238.77,79326.48,79088.0,79159.99,101.05275
2026-08-24 13:00:00,79159.98,79182.0,78963.56,79027.86,200.50582
2026-08-24 13:03:00,79027.87,79123.75,78961.76,79032.04,127.56246
2026-08-24 13:06:00,79032.04,79132.91,79020.0,79106.0,71.86373
2026-08-24 13:09:00,79105.99,79450.0,79090.17,79362.0,177.36737
2026-08-24 13:12:00,79362.0,79364.85,79143.39,79223.01,72.95524
2026-08-24 13:15:00,79223.02,79238.53,78885.73,78924.01,254.96855
2026-08-24 13:18:00,78924.13,79104.52,78910.0,79049.85,78.53336
2026-08-24 13:21:00,79049.85,79086.0,78990.0,78990.01,135.05963
2026-08-24 13:24:00,78990.0,79096.0,78922.0,79007.97,164.7085
2026-08-24 13:27:00,79007.97,79057.69,78972.0,79023.99,154.51494
2026-08-24 13:30:00,79024.0,79049.36,78673.49,78746.29,377.81855
2026-08-24 13:33:00,78746.29,78931.59,78580.75,78887.36,243.83327
2026-08-24 13:36:00,78887.36,78887.37,78575.0,78649.99,172.24991
2026-08-24 13:39:00,78649.98,78700.0,78384.3,78587.55,217.62942
2026-08-24 13:42:00,78587.56,78595.67,78210.0,78288.4,167.55902
2026-08-24 13:45:00,78288.4,78310.46,77851.9,78255.99,300.19275
2026-08-24 13:48:00,78256.0,78402.0,78226.96,78359.5,99.62793
2026-08-24 13:51:00,78359.49,78442.35,78081.11,78234.0,122.83273
2026-08-24 13:54:00,78234.0,78542.0,78192.0,78509.88,106.27208
2026-08-24 13:57:00,78509.88,78622.0,78470.0,78597.99,54.52882
2026-08-24 14:00:00,78597.99,78879.91,78597.99,78781.99,99.3762
2026-08-24 14:03:00,78781.99,78861.72,78598.0,78861.71,80.04932
2026-08-24 14:06:00,78861.72,78930.83,78790.0,78858.06,198.6953
2026-08-24 14:09:00,78858.06,79184.4,78816.01,79126.73,176.7636
2026-08-24 14:12:00,79126.74,79243.72,79036.0,79202.01,139.9536
2026-08-24 14:15:00,79202.0,79372.65,79184.01,79303.83,194.62497
2026-08-24 14:18:00,79303.84,79310.0,79080.0,79234.0,157.42327
2026-08-24 14:21:00,79234.0,79651.59,78961.53,79130.06,443.91477
2026-08-24 14:24:00,79130.07,79258.0,78883.01,79221.99,199.43107
2026-08-24 14:27:00,79221.99,79436.38,79144.0,79391.73,131.59043
2026-08-24 14:30:00,79391.72,79641.98,79337.16,79527.72,247.02557
2026-08-24 14:33:00,79527.72,79781.85,79500.0,79664.72,192.25222
2026-08-24 14:36:00,79664.72,79805.17,79625.59,79691.99,148.5808
2026-08-24 14:39:00,79692.0,79812.56,79592.65,79812.55,179.95404
2026-08-24 14:42:00,79812.56,79841.12,79484.0,79662.16,185.18413
2026-08-24 14:45:00,79662.16,79773.77,79570.0,79615.19,107.20307
2026-08-24 14:48:00,79615.19,79628.0,79367.24,79463.99,76.77316
2026-08-24 14:51:00,79463.99,79484.0,79279.5,79454.57,86.91037
2026-08-24 14:54:00,79454.56,79454.56,79281.45,79451.66,105.62436
2026-08-24 14:57:00,79451.67,79541.66,79436.85,79510.92,78.81308
2026-08-24 15:00:00,79510.93,79525.32,79364.0,79521.4,92.86124
2026-08-24 15:03:00,79521.4,79656.0,79406.24,79514.0,83.22926
2026-08-24 15:06:00,79514.0,79733.58,79506.0,79571.48,79.29556
2026-08-24 15:09:00,79571.49,79644.03,79528.0,79632.06,45.03233
2026-08-24 15:12:00,79632.07,79700.0,79544.0,79548.83,46.16065
2026-08-24 15:15:00,79548.82,79785.22,79528.0,79722.4,67.89174
2026-08-24 15:18:00,79722.4,79811.03,79678.39,79769.16,67.48911
2026-08-24 15:21:00,79769.16,79920.0,79698.0,79812.0,168.75867
2026-08-24 15:24:00,79812.0,79944.25,79730.0,79920.06,213.06591
2026-08-24 15:27:00,79920.07,79989.0,79832.01,79895.88,217.40854
2026-08-24 15:30:00,79895.87,80000.0,79770.0,79922.44,266.55456
2026-08-24 15:33:00,79922.44,79970.0,79760.0,79847.08,187.23013
2026-08-24 15:36:00,79847.08,79910.0,79570.0,79585.99,442.81333
2026-08-24 15:39:00,79585.99,79664.0,79518.03,79614.18,174.88408
2026-08-24 15:42:00,79614.17,79637.01,79016.0,79298.3,485.98713
2026-08-24 15:45:00,79298.3,79552.09,79102.41,79454.04,167.88057
2026-08-24 15:48:00,79454.04,79454.05,79205.72,79256.0,128.20053
2026-08-24 15:51:00,79256.0,79269.85,79130.0,79269.85,108.53704
2026-08-24 15:54:00,79269.85,79341.2,79031.1,79035.12,266.56878
2026-08-24 15:57:00,79035.12,79112.02,78824.78,79100.01,356.32649
2026-08-24 16:00:00,79100.01,79300.17,79100.01,79297.99,211.54197
2026-08-24 16:03:00,79298.0,79431.39,79234.57,79411.21,169.00617
2026-08-24 16:06:00,79411.21,79539.27,79359.15,79464.0,115.37721
2026-08-24 16:09:00,79464.01,79474.0,79298.14,79389.99,63.43981
2026-08-24 16:12:00,79390.0,79492.0,79382.0,79488.0,33.86866
2026-08-24 16:15:00,79488.01,79736.0,79486.0,79720.0,95.06791
2026-08-24 16:18:00,79719.99,79877.87,79697.05,79708.0,113.39917
2026-08-24 16:21:00,79708.0,79824.0,79700.0,79792.0,61.77558
2026-08-24 16:24:00,79791.99,79824.0,79611.93,79669.86,86.43518
2026-08-24 16:27:00,79669.86,79746.7,79650.0,79668.0,45.47555
2026-08-24 16:30:00,79668.0,79746.0,79667.99,79670.16,33.03398
2026-08-24 16:33:00,79670.16,79771.91,79640.88,79764.01,38.84269
2026-08-24 16:36:00,79764.01,79764.01,79618.03,79660.59,51.38881
2026-08-24 16:39:00,79660.58,79680.0,79396.17,79503.01,72.53445
2026-08-24 16:42:00,79503.02,79546.94,79368.0,79371.01,40.98294
2026-08-24 16:45:00,79371.01,79389.97,79254.99,79389.97,99.43867
2026-08-24 16:48:00,79389.97,79389.97,79249.87,79249.87,71.59857
2026-08-24 16:51:00,79249.86,79249.87,79114.0,79114.01,96.2555
2026-08-24 16:54:00,79114.0,79114.0,78901.1,79078.01,271.87486
2026-08-24 16:57:00,79078.01,79160.85,79044.88,79047.6,105.95074
2026-08-24 17:00:00,79047.61,79058.0,78601.44,78674.0,442.36703
2026-08-24 17:03:00,78673.99,78941.17,78642.01,78941.17,110.76948
2026-08-24 17:06:00,78941.17,79082.0,78905.23,79062.01,64.55312
2026-08-24 17:09:00,79062.02,79188.0,79062.02,79182.93,55.92085
2026-08-24 17:12:00,79182.92,79198.0,79100.0,79103.97,32.22774
2026-08-24 17:15:00,79103.96,79104.0,78763.96,79096.94,99.46142
2026-08-24 17:18:00,79096.95,79173.92,78826.0,78837.28,62.3196
2026-08-24 17:21:00,78836.69,78836.69,78500.0,78597.99,157.25591
2026-08-24 17:24:00,78598.0,78710.0,78468.61,78709.99,94.74381
2026-08-24 17:27:00,78710.0,78795.72,78508.29,78546.0,85.7442
2026-08-24 17:30:00,78546.0,78670.0,78525.8,78592.87,73.42456
2026-08-24 17:33:00,78592.86,78616.55,78485.13,78605.69,61.7216
2026-08-24 17:36:00,78605.68,78792.0,78603.5,78739.96,49.67245
2026-08-24 17:39:00,78739.95,78840.99,78734.0,78808.78,35.45947
2026-08-24 17:42:00,78808.77,78851.25,78635.96,78635.96,45.33564
2026-08-24 17:45:00,78635.97,78740.77,78561.98,78740.77,42.49684
2026-08-24 17:48:00,78740.77,78825.99,78713.21,78787.48,22.98398
2026-08-24 17:51:00,78787.48,78787.48,78693.99,78736.96,31.69447
2026-08-24 17:54:00,78736.95,78744.0,78602.0,78673.48,29.99407
2026-08-24 17:57:00,78673.47,78777.99,78670.0,78761.14,39.78378
2026-08-24 18:00:00,78761.14,78910.0,78761.14,78903.38,37.82579
2026-08-24 18:03:00,78903.37,78982.39,78846.0,78937.5,59.86477
2026-08-24 18:06:00,78937.51,78984.0,78785.11,78806.01,50.31914
2026-08-24 18:09:00,78806.01,78920.0,78746.9,78898.65,42.86476
2026-08-24 18:12:00,78898.65,79018.0,78892.01,79012.0,39.58408
2026-08-24 18:15:00,79012.0,79048.0,78946.63,79001.98,33.06167
2026-08-24 18:18:00,79001.98,79056.45,78933.86,79025.39,53.83335
2026-08-24 18:21:00,79025.4,79066.66,79006.0,79040.0,31.11353
2026-08-24 18:24:00,79039.99,79077.4,78947.76,79046.18,54.14663
2026-08-24 18:27:00,79046.17,79063.34,78976.0,79013.99,23.01085
2026-08-24 18:30:00,79014.0,79072.86,79014.0,79072.86,24.8356
2026-08-24 18:33:00,79073.79,79084.22,78938.0,78943.26,33.41972
2026-08-24 18:36:00,78943.26,78986.0,78764.9,78764.9,67.43764
2026-08-24 18:39:00,78764.9,78956.93,78718.01,78956.0,57.32827
2026-08-24 18:42:00,78955.99,78968.0,78902.0,78968.0,17.34263
2026-08-24 18:45:00,78968.0,79038.0,78950.0,78967.45,38.0592
2026-08-24 18:48:00,78967.46,79080.0,78967.46,79034.0,23.77153
2026-08-24 18:51:00,79034.0,79034.0,78897.8,78897.8,28.19276
2026-08-24 18:54:00,78897.8,78984.36,78880.0,78881.28,26.60354
2026-08-24 18:57:00,78881.28,78946.83,78862.0,78928.35,41.21557
2026-08-24 19:00:00,78928.35,79036.01,78928.35,78946.01,65.58233
2026-08-24 19:03:00,78946.02,78963.85,78807.56,78818.38,68.87689
2026-08-24 19:06:00,78818.37,78910.0,78783.11,78910.0,49.4539
2026-08-24 19:09:00,78910.0,79028.0,78884.0,79028.0,40.95981
2026-08-24 19:12:00,79028.0,79118.42,79027.99,79030.0,45.14818
2026-08-24 19:15:00,79030.0,79045.99,78882.35,78893.79,41.63901
2026-08-24 19:18:00,78893.8,78922.85,78692.0,78770.0,78.63565
2026-08-24 19:21:00,78770.0,78802.0,78750.0,78780.01,35.03433
2026-08-24 19:24:00,78780.0,78842.0,78621.39,78817.99,63.13023
2026-08-24 19:27:00,78817.99,78892.0,78817.99,78875.95,17.32364
2026-08-24 19:30:00,78875.95,78923.18,78830.0,78923.17,29.94202
2026-08-24 19:33:00,78923.17,78923.18,78872.67,78909.12,21.88592
2026-08-24 19:36:00,78909.13,78936.57,78896.94,78931.99,21.73731
2026-08-24 19:39:00,78932.0,78962.54,78778.24,78793.26,83.51963
2026-08-24 19:42:00,78793.27,78886.0,78766.53,78886.0,69.38982
2026-08-24 19:45:00,78885.99,78892.0,78745.71,78779.95,54.80138
2026-08-24 19:48:00,78779.95,78859.75,78764.13,78769.99,50.50084
2026-08-24 19:51:00,78769.99,78769.99,78600.0,78670.94,124.81698
2026-08-24 19:54:00,78670.95,78766.0,78652.0,78737.99,55.36421
2026-08-24 19:57:00,78738.0,78777.0,78720.0,78758.0,45.32294
2026-08-24 20:00:00,78757.99,78820.0,78610.0,78610.01,57.04684
2026-08-24 20:03:00,78610.01,78622.69,78560.0,78586.74,38.28835
2026-08-24 20:06:00,78586.75,78770.0,78586.75,78726.01,19.68709
2026-08-24 20:09:00,78726.0,78814.0,78716.0,78722.01,13.47821
2026-08-24 20:12:00,78722.01,78722.01,78627.41,78686.07,20.28427
2026-08-24 20:15:00,78686.07,78700.0,78617.11,78676.12,13.22231
2026-08-24 20:18:00,78676.11,78762.0,78672.0,78750.0,9.75736
2026-08-24 20:21:00,78750.01,78792.0,78694.0,78791.99,16.51102
2026-08-24 20:24:00,78792.0,78792.0,78640.0,78649.25,19.59253
2026-08-24 20:27:00,78649.26,78695.56,78624.0,78695.56,18.87678
2026-08-24 20:30:00,78695.55,78699.95,78637.95,78699.95,15.7456
2026-08-24 20:33:00,78699.94,78836.4,78695.99,78836.0,26.79118
2026-08-24 20:36:00,78835.99,78992.36,78800.0,78981.74,43.93337
2026-08-24 20:39:00,78981.74,78996.0,78919.14,78919.15,26.12645
2026-08-24 20:42:00,78919.15,78964.0,78902.0,78904.54,19.50345
2026-08-24 20:45:00,78904.53,78920.0,78886.32,78902.0,10.15343
2026-08-24 20:48:00,78902.01,78911.99,78846.0,78850.89,23.43116
2026-08-24 20:51:00,78850.89,78868.61,78824.0,78836.01,10.73141
2026-08-24 20:54:00,78836.01,78916.0,78836.01,78916.0,5.9435
2026-08-24 20:57:00,78915.99,78942.73,78909.36,78932.33,12.10536
2026-08-24 21:00:00,78932.33,78984.0,78932.32,78968.55,15.0565
2026-08-24 21:03:00,78968.55,79012.0,78968.54,78999.27,10.46089
2026-08-24 21:06:00,78999.27,79006.56,78978.01,79001.57,8.04141
2026-08-24 21:09:00,79001.57,79042.1,78968.0,79042.1,19.62155
2026-08-24 21:12:00,79042.09,79044.0,79009.87,79027.19,12.10196
2026-08-24 21:15:00,79027.19,79036.0,78930.0,78948.0,20.69866
2026-08-24 21:18:00,78948.0,78968.0,78853.43,78874.83,35.64641
2026-08-24 21:21:00,78874.84,78954.88,78874.83,78947.08,10.59287
2026-08-24 21:24:00,78947.07,78954.88,78908.57,78914.86,13.19495
2026-08-24 21:27:00,78914.85,78918.0,78894.96,78918.0,9.63728
2026-08-24 21:30:00,78918.0,79023.72,78918.0,78955.75,27.6289
2026-08-24 21:33:00,78955.75,78955.75,78924.05,78940.0,9.90147
2026-08-24 21:36:00,78940.0,78962.0,78936.0,78936.01,8.54492
2026-08-24 21:39:00,78936.0,79006.02,78936.0,78992.01,8.69413
2026-08-24 21:42:00,78992.01,79021.0,78972.62,78982.0,10.86472
2026-08-24 21:45:00,78982.0,79012.0,78967.36,79012.0,19.09652
2026-08-24 21:48:00,79012.0,79049.4,78998.26,78998.27,28.03332
2026-08-24 21:51:00,78998.26,79028.0,78930.96,78930.97,17.27471
2026-08-24 21:54:00,78930.96,78960.0,78922.0,78960.0,8.54959
2026-08-24 21:57:00,78960.0,78993.52,78960.0,78984.23,8.83589
2026-08-24 22:00:00,78984.23,78988.0,78852.0,78926.0,25.62524
2026-08-24 22:03:00,78926.01,78964.0,78852.0,78944.84,20.70281
2026-08-24 22:06:00,78944.84,78978.0,78904.0,78928.0,17.02078
2026-08-24 22:09:00,78928.0,78930.74,78880.0,78883.79,16.04615
2026-08-24 22:12:00,78883.8,78883.8,78833.33,78870.0,20.68276
2026-08-24 22:15:00,78870.0,78924.0,78860.01,78915.48,8.42692
2026-08-24 22:18:00,78915.48,78931.89,78826.01,78832.0,9.95554
2026-08-24 22:21:00,78832.0,78884.0,78832.0,78834.0,6.94201
2026-08-24 22:24:00,78834.0,78860.0,78753.43,78763.99,12.17975
2026-08-24 22:27:00,78764.0,78778.0,78758.11,78773.99,8.9243
2026-08-24 22:30:00,78774.0,78828.15,78750.0,78811.0,15.98129
2026-08-24 22:33:00,78811.0,78908.0,78804.0,78878.01,25.22338
2026-08-24 22:36:00,78878.0,78926.0,78854.0,78892.87,13.69292
2026-08-24 22:39:00,78892.87,78904.0,78802.0,78802.01,6.389
2026-08-24 22:42:00,78802.0,78812.31,78740.44,78772.01,70.87248
2026-08-24 22:45:00,78772.0,78822.0,78764.0,78803.99,8.36991
2026-08-24 22:48:00,78803.99,78820.0,78774.0,78782.79,18.28709
2026-08-24 22:51:00,78782.78,78838.0,78756.0,78812.01,22.82962
2026-08-24 22:54:00,78812.02,78812.02,78692.0,78731.98,18.724
2026-08-24 22:57:00,78731.99,78750.0,78731.99,78740.0,4.89431
2026-08-24 23:00:00,78740.0,78764.0,78648.03,78654.0,16.33767
2026-08-24 23:03:00,78653.99,78754.79,78622.13,78732.22,19.46657
2026-08-24 23:06:00,78732.21,78774.0,78725.2,78771.07,9.04494
2026-08-24 23:09:00,78771.08,78822.0,78771.07,78792.78,23.33701
2026-08-24 23:12:00,78792.78,78816.0,78699.99,78740.44,135.73052
2026-08-24 23:15:00,78740.44,78792.0,78739.99,78773.45,7.56527
2026-08-24 23:18:00,78773.44,78825.25,78743.59,78825.24,10.80056
2026-08-24 23:21:00,78825.25,78880.0,78816.0,78879.99,19.38433
2026-08-24 23:24:00,78880.0,78977.38,78880.0,78954.03,33.51338
2026-08-24 23:27:00,78954.03,78954.04,78903.2,78904.0,15.38569
2026-08-24 23:30:00,78904.01,78978.0,78872.0,78977.99,29.41967
2026-08-24 23:33:00,78977.99,78977.99,78867.17,78867.18,12.07337
2026-08-24 23:36:00,78867.17,78934.98,78867.17,78910.81,7.24821
2026-08-24 23:39:00,78910.81,78977.03,78910.81,78944.0,30.32202
2026-08-24 23:42:00,78944.0,78999.82,78940.0,78956.01,27.17195
2026-08-24 23:45:00,78956.01,79017.76,78925.28,78932.01,28.80387
2026-08-24 23:48:00,78932.01,78932.01,78876.0,78900.0,13.78636
2026-08-24 23:51:00,78899.99,78906.0,78862.0,78862.01,8.25956
2026-08-24 23:54:00,78862.0,78877.4,78823.03,78877.39,20.22544
2026-08-24 23:57:00,78877.4,78995.62,78877.39,78992.75,168.84307
2026-08-25 00:00:00,78992.76,79004.02,78945.14,78949.01,99.01057
2026-08-25 00:03:00,78949.01,78983.2,78910.51,78935.92,14.04801
2026-08-25 00:06:00,78935.93,79083.49,78911.18,78978.0,54.1381
2026-08-25 00:09:00,78978.0,79028.87,78900.83,78977.5,52.07231
2026-08-25 00:12:00,78977.5,79064.0,78947.07,78963.99,49.17662
2026-08-25 00:15:00,78963.99,78963.99,78770.71,78770.71,49.04201
2026-08-25 00:18:00,78770.71,78802.0,78715.63,78768.0,36.48681
2026-08-25 00:21:00,78768.0,78855.42,78750.49,78843.76,22.18625
2026-08-25 00:24:00,78843.77,78882.0,78798.09,78806.01,26.98141
2026-08-25 00:27:00,78806.01,78815.0,78752.85,78800.09,14.30606
2026-08-25 00:30:00,78800.08,78829.46,78743.32,78753.02,29.67134
2026-08-25 00:33:00,78753.01,78870.93,78748.42,78870.93,17.17059
2026-08-25 00:36:00,78870.93,79020.45,78819.99,79020.45,36.4686
2026-08-25 00:39:00,79020.45,79044.52,78918.0,78947.08,53.63979
2026-08-25 00:42:00,78947.08,79372.0,78942.67,79372.0,131.58486
2026-08-25 00:45:00,79372.0,79787.0,79336.91,79733.68,145.43427
2026-08-25 00:48:00,79733.67,79738.95,79480.11,79683.31,83.53937
2026-08-25 00:51:00,79683.3,79699.99,79566.94,79646.74,43.87396
2026-08-25 00:54:00,79646.73,79888.0,79646.73,79742.77,133.30134
2026-08-25 00:57:00,79742.76,79825.99,79718.42,79739.99,41.36236
2026-08-25 01:00:00,79739.99,79927.29,79700.0,79911.99,66.61576
2026-08-25 01:03:00,79912.0,79985.41,79816.0,79842.01,77.85789
2026-08-25 01:06:00,79842.01,79949.31,79748.0,79790.0,38.52512
2026-08-25 01:09:00,79789.99,79849.99,79626.0,79716.0,61.80493
2026-08-25 01:12:00,79715.99,79751.95,79609.84,79648.0,38.47834
2026-08-25 01:15:00,79648.0,79796.0,79478.0,79720.0,59.25117
2026-08-25 01:18:00,79720.01,79791.55,79658.0,79778.56,40.78743
2026-08-25 01:21:00,79778.57,79822.0,79642.01,79663.88,39.2812
2026-08-25 01:24:00,79663.87,79876.89,79660.0,79870.73,55.42117
2026-08-25 01:27:00,79870.73,79958.33,79805.18,79823.2,35.04009
2026-08-25 01:30:00,79823.19,79865.0,79736.14,79736.14,40.50168
2026-08-25 01:33:00,79736.15,79752.0,79670.27,79700.38,49.68947
2026-08-25 01:36:00,79700.38,79876.66,79685.05,79812.01,56.33994
2026-08-25 01:39:00,79812.0,79920.0,79755.26,79799.99,107.73386
2026-08-25 01:42:00,79799.99,79828.65,79682.0,79700.01,83.74056
2026-08-25 01:45:00,79700.01,79761.18,79658.0,79670.83,40.97951
2026-08-25 01:48:00,79670.84,79724.0,79656.09,79686.73,37.37382
2026-08-25 01:51:00,79686.72,79688.0,79512.0,79574.73,55.5753
2026-08-25 01:54:00,79574.73,79690.0,79534.01,79638.0,38.59901
2026-08-25 01:57:00,79638.0,79846.0,79636.85,79828.0,43.63794
2026-08-25 02:00:00,79828.0,79930.0,79742.0,79900.17,74.53319
2026-08-25 02:03:00,79900.17,79925.09,79772.0,79778.96,95.69309
2026-08-25 02:06:00,79778.96,79838.0,79748.0,79784.01,73.66424
2026-08-25 02:09:00,79784.0,79920.0,79746.08,79870.01,65.87968
2026-08-25 02:12:00,79870.0,79872.0,79806.93,79867.99,41.30469
2026-08-25 02:15:00,79868.0,80866.0,79826.0,80790.63,626.60692
2026-08-25 02:18:00,80790.63,81090.0,80553.41,80924.54,782.30804
2026-08-25 02:21:00,80924.53,81080.0,80632.0,80667.01,197.26784
2026-08-25 02:24:00,80667.01,80896.02,80608.01,80828.65,131.3671
2026-08-25 02:27:00,80828.65,81041.97,80812.17,81010.01,146.10138
2026-08-25 02:30:00,81010.0,81017.68,80820.38,80854.01,80.40036
2026-08-25 02:33:00,80854.0,80935.95,80806.38,80870.0,64.69211
2026-08-25 02:36:00,80870.0,80944.15,80776.0,80941.99,120.56705
2026-08-25 02:39:00,80941.99,81200.0,80916.0,81181.71,174.45937
2026-08-25 02:42:00,81181.71,81272.62,80821.64,80827.01,189.32679
2026-08-25 02:45:00,80827.01,80866.0,80758.0,80806.01,78.92448
2026-08-25 02:48:00,80806.01,80807.87,80433.83,80511.27,111.74495
2026-08-25 02:51:00,80511.26,80721.29,80448.01,80706.41,101.75553
2026-08-25 02:54:00,80706.42,80744.19,80600.3,80686.01,80.98668
2026-08-25 02:57:00,80686.0,80726.0,80632.0,80649.63,77.32183
2026-08-25 03:00:00,80649.62,80726.0,80590.67,80691.22,73.13374
2026-08-25 03:03:00,80691.22,80897.89,80691.22,80820.55,88.23058
2026-08-25 03:06:00,80820.55,80956.0,80817.71,80856.0,78.79214
2026-08-25 03:09:00,80856.0,80925.0,80802.29,80840.0,82.33438
2026-08-25 03:12:00,80839.99,80880.34,80772.0,80791.98,58.74741
2026-08-25 03:15:00,80791.98,80820.0,80662.23,80686.63,88.24487
2026-08-25 03:18:00,80686.57,80811.99,80664.01,80704.3,63.71187
2026-08-25 03:21:00,80704.29,80750.0,80600.0,80731.47,69.58973
2026-08-25 03:24:00,80731.47,80731.47,80508.76,80592.0,87.39518
2026-08-25 03:27:00,80591.99,80660.0,80591.99,80636.69,58.40462
2026-08-25 03:30:00,80636.69,80800.0,80600.0,80799.99,78.24727
2026-08-25 03:33:00,80800.0,80836.0,80704.27,80704.27,63.2298
2026-08-25 03:36:00,80704.27,80880.17,80704.27,80823.79,70.92712
2026-08-25 03:39:00,80823.79,80865.4,80680.0,80808.0,60.4779
2026-08-25 03:42:00,80807.99,80808.0,80544.0,80592.0,49.59905
2026-08-25 03:45:00,80592.0,80674.0,80546.0,80638.01,28.86417
2026-08-25 03:48:00,80638.01,80651.48,80388.06,80541.73,61.67836
2026-08-25 03:51:00,80541.73,80673.9,80520.0,80624.41,81.55213
2026-08-25 03:54:00,80624.42,80634.0,80360.37,80360.37,61.74365
2026-08-25 03:57:00,80360.38,80499.97,80314.31,80488.01,54.58679
2026-08-25 04:00:00,80488.01,80594.0,80456.0,80594.0,24.57107
2026-08-25 04:03:00,80594.0,80608.0,80360.52,80420.1,49.59431
2026-08-25 04:06:00,80420.1,80458.0,80266.0,80396.0,67.157
2026-08-25 04:09:00,80396.01,80519.99,80365.62,80519.99,32.99101
2026-08-25 04:12:00,80519.98,80560.0,80441.8,80496.13,40.79861
2026-08-25 04:15:00,80496.13,80498.65,80393.98,80393.99,53.59503
2026-08-25 04:18:00,80393.99,80393.99,80268.3,80328.94,40.93374
2026-08-25 04:21:00,80328.95,80393.61,80306.0,80316.0,53.22299
2026-08-25 04:24:00,80316.01,80416.0,80296.59,80296.59,69.76221
2026-08-25 04:27:00,80296.59,80296.59,80233.62,80256.0,60.85332
2026-08-25 04:30:00,80256.0,80331.22,80150.0,80331.22,73.60794
2026-08-25 04:33:00,80331.21,80383.99,80272.28,80383.99,46.37897
2026-08-25 04:36:00,80384.0,80389.92,80302.0,80374.96,29.41197
2026-08-25 04:39:00,80374.97,80391.14,80236.18,80268.12,50.99069
2026-08-25 04:42:00,80268.12,80272.22,80214.8,80237.25,32.86655
2026-08-25 04:45:00,80237.25,80343.29,80232.0,80300.0,57.64967
2026-08-25 04:48:00,80300.01,80340.0,80238.59,80309.17,34.67345
2026-08-25 04:51:00,80309.17,80350.0,80266.0,80274.0,33.59473
2026-08-25 04:54:00,80274.01,80285.71,80230.88,80241.9,23.09165
2026-08-25 04:57:00,80241.9,80363.74,80214.18,80363.73,23.0672
2026-08-25 05:00:00,80363.74,80443.79,80322.0,80421.94,35.21052
2026-08-25 05:03:00,80421.93,80484.0,80421.93,80469.94,26.86287
2026-08-25 05:06:00,80469.94,80550.0,80469.94,80547.99,23.20048
2026-08-25 05:09:00,80548.0,80559.26,80521.1,80521.11,20.40194
2026-08-25 05:12:00,80521.11,80577.62,80521.1,80554.0,98.27604
2026-08-25 05:15:00,80554.0,80561.21,80486.0,80498.01,57.79766
2026-08-25 05:18:00,80498.01,80599.2,80495.26,80518.01,46.95497
2026-08-25 05:21:00,80518.01,80567.31,80488.0,80540.17,118.27855
2026-08-25 05:24:00,80540.17,80636.0,80526.0,80634.69,20.96661
2026-08-25 05:27:00,80634.7,80739.5,80626.74,80642.0,31.56711
2026-08-25 05:30:00,80641.99,80805.08,80598.0,80771.43,31.98427
2026-08-25 05:33:00,80771.43,80821.53,80706.0,80797.72,25.65084
2026-08-25 05:36:00,80797.72,80816.0,80740.52,80754.0,29.40644
2026-08-25 05:39:00,80753.99,80799.99,80752.09,80782.45,18.92433
2026-08-25 05:42:00,80782.46,80782.46,80708.0,80708.0,26.98578
2026-08-25 05:45:00,80708.01,80739.5,80640.0,80685.51,62.8115
2026-08-25 05:48:00,80685.52,80816.23,80684.0,80738.36,53.57874
2026-08-25 05:51:00,80738.36,80810.0,80712.03,80730.01,99.33855
2026-08-25 05:54:00,80730.02,80788.0,80658.0,80772.08,110.47149
2026-08-25 05:57:00,80772.08,80782.95,80710.8,80731.9,55.37123
2026-08-25 06:00:00,80731.9,80745.7,80683.25,80745.7,64.55935
2026-08-25 06:03:00,80745.7,80789.7,80684.0,80684.01,75.31562
2026-08-25 06:06:00,80684.01,80776.0,80684.01,80736.0,33.99328
2026-08-25 06:09:00,80736.0,80776.5,80724.0,80735.08,27.73992
2026-08-25 06:12:00,80735.08,80860.0,80735.08,80852.19,44.01464
2026-08-25 06:15:00,80852.19,80852.38,80770.12,80839.99,54.63554
2026-08-25 06:18:00,80840.0,80882.35,80795.53,80809.64,28.21244
2026-08-25 06:21:00,80809.64,80923.69,80770.55,80864.0,31.24826
2026-08-25 06:24:00,80864.01,80876.0,80750.0,80872.69,33.69136
2026-08-25 06:27:00,80872.69,80872.7,80747.66,80747.66,28.31374
2026-08-25 06:30:00,80747.66,80748.14,80622.59,80632.0,56.19599
2026-08-25 06:33:00,80631.99,80748.0,80624.2,80651.09,37.85007
2026-08-25 06:36:00,80651.09,80651.1,80542.47,80550.02,41.89339
2026-08-25 06:39:00,80550.02,80562.0,80520.61,80552.86,25.25194
2026-08-25 06:42:00,80552.86,80587.12,80512.01,80532.34,25.58586
2026-08-25 06:45:00,80532.35,80568.0,80512.0,80566.31,26.77154
2026-08-25 06:48:00,80566.32,80566.32,80512.0,80520.1,21.93727
2026-08-25 06:51:00,80520.1,80540.99,80468.71,80498.01,29.55994
2026-08-25 06:54:00,80498.0,80498.01,80420.0,80428.91,33.02069
2026-08-25 06:57:00,80428.9,80574.09,80420.0,80574.09,25.60797
2026-08-25 07:00:00,80574.09,80676.0,80541.67,80676.0,31.42784
2026-08-25 07:03:00,80675.99,80819.67,80675.52,80798.0,86.33497
2026-08-25 07:06:00,80798.01,80807.52,80710.0,80735.78,24.34461
2026-08-25 07:09:00,80735.78,80774.0,80707.55,80707.55,19.0521
2026-08-25 07:12:00,80707.55,80758.0,80706.42,80718.01,27.78509
2026-08-25 07:15:00,80718.0,80742.71,80664.0,80675.11,23.45617
2026-08-25 07:18:00,80675.11,80675.11,80624.0,80624.0,5.53747
2026-08-25 07:21:00,80624.01,80694.0,80624.0,80658.9,24.79972
2026-08-25 07:24:00,80658.9,80658.9,80606.31,80626.42,11.75699
2026-08-25 07:27:00,80626.41,80692.21,80626.41,80670.01,21.30841
2026-08-25 07:30:00,80670.0,80697.79,80611.56,80613.71,41.41129
2026-08-25 07:33:00,80613.71,80613.72,80606.69,80610.98,26.85436
2026-08-25 07:36:00,80610.99,80645.24,80538.33,80538.33,33.15197
2026-08-25 07:39:00,80538.32,80541.25,80484.0,80535.31,46.00544
2026-08-25 07:42:00,80535.3,80541.86,80486.44,80513.18,39.02547
2026-08-25 07:45:00,80513.17,80529.84,80416.62,80424.99,52.45822
2026-08-25 07:48:00,80424.99,80428.03,79703.17,79826.76,340.36805
2026-08-25 07:51:00,79826.76,79826.77,79369.17,79742.94,243.26812
2026-08-25 07:54:00,79742.95,79804.0,79660.04,79740.19,125.00056
2026-08-25 07:57:00,79740.19,79780.39,79705.78,79705.79,84.33698
2026-08-25 08:00:00,79705.79,79800.0,79622.0,79751.99,96.89876
2026-08-25 08:03:00,79752.0,79878.0,79751.99,79853.09,50.51614
2026-08-25 08:06:00,79853.09,79875.99,79804.0,79860.92,23.99303
2026-08-25 08:09:00,79860.91,79888.0,79842.0,79887.99,22.39199
2026-08-25 08:12:00,79887.99,79975.67,79887.99,79926.08,33.05417
2026-08-25 08:15:00,79926.07,80070.0,79926.07,80054.01,34.92481
2026-08-25 08:18:00,80054.01,80065.01,79976.0,80063.8,53.46266
2026-08-25 08:21:00,80063.99,80203.9,80000.0,80188.57,61.439
2026-08-25 08:24:00,80188.56,80249.0,80083.99,80183.17,57.98066
2026-08-25 08:27:00,80183.18,80230.0,80174.0,80198.39,25.63522
2026-08-25 08:30:00,80198.4,80228.93,80170.0,80176.01,27.09501
2026-08-25 08:33:00,80176.01,80200.6,80131.02,80179.3,23.27066
2026-08-25 08:36:00,80179.29,80199.98,80016.0,80070.01,34.02504
2026-08-25 08:39:00,80070.0,80082.0,79907.45,79989.49,53.42008
2026-08-25 08:42:00,79989.49,80112.0,79985.46,80111.99,31.19048
2026-08-25 08:45:00,80111.99,80124.0,79968.0,79968.01,36.35271
2026-08-25 08:48:00,79968.0,79984.0,79920.0,79928.01,39.18515
2026-08-25 08:51:00,79928.0,79928.01,79853.45,79866.95,38.77702
2026-08-25 08:54:00,79866.95,79924.0,79840.0,79849.99,19.04212
2026-08-25 08:57:00,79849.99,79948.0,79849.99,79930.77,25.66088
2026-08-25 09:00:00,79930.76,79941.53,79802.55,79802.56,54.15909
2026-08-25 09:03:00,79802.55,79807.51,79704.28,79732.66,108.85079
2026-08-25 09:06:00,79732.66,79828.0,79730.41,79758.07,105.22121
2026-08-25 09:09:00,79758.07,79781.57,79740.16,79759.17,98.43067
2026-08-25 09:12:00,79759.17,79952.06,79732.01,79844.01,73.34415
2026-08-25 09:15:00,79844.0,79904.55,79782.0,79872.01,43.01677
2026-08-25 09:18:00,79872.0,79892.29,79825.0,79877.0,35.66485
2026-08-25 09:21:00,79876.99,79913.01,79832.0,79913.0,21.04159
2026-08-25 09:24:00,79913.0,79958.0,79786.0,79800.25,26.94289
2026-08-25 09:27:00,79800.25,79829.23,79776.0,79822.0,27.70279
2026-08-25 09:30:00,79821.99,79909.73,79821.99,79864.99,16.61307
2026-08-25 09:33:00,79865.0,79940.0,79837.63,79866.92,45.81325
2026-08-25 09:36:00,79866.92,79876.0,79806.6,79826.33,24.30308
2026-08-25 09:39:00,79826.32,79920.0,79826.32,79884.03,26.767
2026-08-25 09:42:00,79884.02,79884.03,79748.0,79748.0,27.14492
2026-08-25 09:45:00,79748.01,79776.0,79622.0,79628.19,68.6406
2026-08-25 09:48:00,79628.19,79644.11,79456.0,79456.23,92.05117
2026-08-25 09:51:00,79456.24,79456.24,78888.0,78934.0,312.58447
2026-08-25 09:54:00,78933.99,79252.36,78933.99,79228.22,182.06885
2026-08-25 09:57:00,79228.21,79228.21,79020.0,79187.2,84.92389
2026-08-25 10:00:00,79187.2,79200.18,78992.0,79039.12,53.03505
2026-08-25 10:03:00,79039.12,79238.87,79010.0,79238.86,73.51613
2026-08-25 10:06:00,79238.86,79252.7,79108.75,79231.99,57.1787
2026-08-25 10:09:00,79231.99,79342.0,79201.93,79314.0,34.35734
2026-08-25 10:12:00,79313.99,79326.37,79270.0,79313.99,22.47039
2026-08-25 10:15:00,79314.0,79349.99,79265.0,79292.4,20.0725
2026-08-25 10:18:00,79292.4,79429.94,79292.39,79368.04,46.68802
2026-08-25 10:21:00,79368.03,79373.7,79253.41,79361.43,50.39133
2026-08-25 10:24:00,79361.44,79361.44,79291.99,79292.0,22.70875
2026-08-25 10:27:00,79292.0,79314.73,79219.96,79274.01,32.46956
2026-08-25 10:30:00,79274.0,79316.9,79254.0,79300.0,25.46883
2026-08-25 10:33:00,79300.01,79306.0,79265.69,79282.0,31.16726
2026-08-25 10:36:00,79281.99,79285.35,79235.09,79264.27,37.72173
2026-08-25 10:39:00,79264.27,79319.99,79250.0,79316.01,58.33362
2026-08-25 10:42:00,79316.02,79327.77,79298.0,79320.74,23.07333
2026-08-25 10:45:00,79320.75,79484.01,79320.74,79450.0,36.26642
2026-08-25 10:48:00,79450.01,79450.01,79319.92,79353.09,26.93785
2026-08-25 10:51:00,79353.09,79427.64,79348.0,79364.28,28.05342
2026-08-25 10:54:00,79364.28,79412.22,79364.27,79392.0,84.35355
2026-08-25 10:57:00,79391.99,79392.0,79306.0,79309.63,72.6829
2026-08-25 11:00:00,79309.63,79334.0,79294.95,79302.0,20.86708
2026-08-25 11:03:00,79302.01,79302.01,79253.45,79298.0,23.17104
2026-08-25 11:06:00,79298.0,79396.0,79298.0,79370.0,15.36089
2026-08-25 11:09:00,79370.0,79371.62,79102.0,79124.98,52.752
2026-08-25 11:12:00,79124.99,79221.72,79086.52,79100.89,36.26946
2026-08-25 11:15:00,79100.9,79185.0,79064.89,79178.01,32.47287
2026-08-25 11:18:00,79178.0,79258.45,79178.0,79257.99,26.76138
2026-08-25 11:21:00,79258.0,79300.15,79240.0,79300.15,18.26337
2026-08-25 11:24:00,79300.15,79300.15,79198.0,79266.46,13.67775
2026-08-25 11:27:00,79266.46,79282.0,79196.29,79253.99,22.6167
2026-08-25 11:30:00,79253.99,79349.51,79253.99,79316.02,24.84666
2026-08-25 11:33:00,79316.01,79392.0,79284.0,79382.01,20.08588
2026-08-25 11:36:00,79382.01,79463.59,79376.0,79390.48,49.31167
2026-08-25 11:39:00,79390.48,79390.49,79256.0,79264.0,53.7526
2026-08-25 11:42:00,79264.0,79264.0,79160.74,79160.74,20.3065
2026-08-25 11:45:00,79160.75,79185.65,79129.99,79150.01,42.54552
2026-08-25 11:48:00,79150.01,79177.58,79082.35,79177.58,61.34025
2026-08-25 11:51:00,79177.58,79184.24,79080.0,79089.99,32.97851
2026-08-25 11:54:00,79089.99,79143.07,79044.18,79143.07,35.61148
2026-08-25 11:57:00,79143.07,79171.88,79100.0,79117.99,14.30271
2026-08-25 12:00:00,79118.0,79171.88,79010.43,79026.09,41.4414
2026-08-25 12:03:00,79026.1,79080.0,78892.47,78892.47,77.86237
2026-08-25 12:06:00,78892.48,78892.48,78682.0,78817.15,160.48183
2026-08-25 12:09:00,78817.14,79048.0,78794.0,79048.0,48.63547
2026-08-25 12:12:00,79047.99,79082.1,78972.0,79080.82,32.55855
2026-08-25 12:15:00,79080.83,79083.6,78980.0,78980.01,27.37918
2026-08-25 12:18:00,78980.0,79010.03,78890.97,78914.78,48.27534
2026-08-25 12:21:00,78914.78,78916.38,78716.0,78832.0,91.94742
2026-08-25 12:24:00,78832.0,78926.0,78640.0,78679.99,102.69029
2026-08-25 12:27:00,78679.99,78884.0,78660.0,78884.0,41.17802
2026-08-25 12:30:00,78883.99,78944.04,78802.0,78944.04,36.50405
2026-08-25 12:33:00,78944.03,79000.0,78926.0,78978.84,31.88633
2026-08-25 12:36:00,78978.85,79000.0,78904.0,78949.98,33.65695
2026-08-25 12:39:00,78949.98,78966.0,78772.0,78910.01,35.42173
2026-08-25 12:42:00,78910.02,78985.0,78899.81,78933.31,23.24004
2026-08-25 12:45:00,78933.32,79031.45,78898.59,79018.46,44.36855
2026-08-25 12:48:00,79018.47,79080.0,79016.0,79070.0,27.37753
2026-08-25 12:51:00,79070.01,79090.09,78995.23,78997.72,33.38656
2026-08-25 12:54:00,78997.73,79039.69,78997.72,78999.99,29.80821
2026-08-25 12:57:00,78999.99,79010.0,78944.0,78980.0,39.24088
2026-08-25 13:00:00,78980.01,79047.8,78932.91,78996.0,28.88766
2026-08-25 13:03:00,78996.0,79062.0,78995.99,79057.31,14.28714
2026-08-25 13:06:00,79057.31,79078.0,78808.0,78824.0,44.13998
2026-08-25 13:09:00,78824.0,78920.81,78781.31,78785.21,55.80554
2026-08-25 13:12:00,78785.21,78884.0,78720.0,78812.0,48.16316
2026-08-25 13:15:00,78812.0,78812.01,78701.79,78712.01,37.61073
2026-08-25 13:18:00,78712.0,78801.4,78648.0,78779.04,38.45623
2026-08-25 13:21:00,78779.03,78809.87,78571.62,78738.9,79.27072
2026-08-25 13:24:00,78738.9,78820.0,78658.93,78700.0,83.60537
2026-08-25 13:27:00,78700.0,78706.0,78594.0,78648.01,50.89496
2026-08-25 13:30:00,78648.0,78830.0,78604.89,78805.99,91.36969
2026-08-25 13:33:00,78805.99,79114.0,78802.01,79101.82,95.41217
2026-08-25 13:36:00,79101.82,79222.0,79070.0,79128.69,200.10872
2026-08-25 13:39:00,79128.69,79158.02,78864.01,78961.86,149.65592
2026-08-25 13:42:00,78961.85,79074.0,78618.0,78646.01,84.2144
2026-08-25 13:45:00,78646.01,78658.0,78376.01,78525.99,179.83455
2026-08-25 13:48:00,78525.99,78660.84,78363.45,78413.35,96.43056
2026-08-25 13:51:00,78413.35,78424.0,78120.74,78302.01,218.05162
2026-08-25 13:54:00,78302.0,78554.14,78250.11,78548.13,82.40855
2026-08-25 13:57:00,78548.13,78662.0,78489.22,78647.99,55.51453
2026-08-25 14:00:00,78648.0,78779.01,78531.55,78555.89,85.31604
2026-08-25 14:03:00,78555.88,78878.0,78555.88,78854.0,56.3226
2026-08-25 14:06:00,78854.01,78932.44,78758.0,78857.87,58.44024
2026-08-25 14:09:00,78857.87,79027.41,78857.86,78955.64,72.06428
2026-08-25 14:12:00,78955.64,79050.0,78898.0,78995.3,51.13391
2026-08-25 14:15:00,78995.31,79126.27,78909.15,78995.99,112.4579
2026-08-25 14:18:00,78995.99,79020.0,78914.0,78997.82,48.11502
2026-08-25 14:21:00,78997.83,79087.04,78970.0,79070.0,55.95688
2026-08-25 14:24:00,79070.0,79237.23,79048.01,79213.98,64.0085
2026-08-25 14:27:00,79213.97,79305.2,79124.0,79211.88,73.62384
2026-08-25 14:30:00,79211.89,79316.0,79033.01,79309.64,99.98444
2026-08-25 14:33:00,79309.63,79386.94,79188.01,79228.01,59.82407
2026-08-25 14:36:00,79228.0,79312.78,79158.0,79158.0,33.4456
2026-08-25 14:39:00,79158.01,79172.0,79092.0,79097.04,45.1999
2026-08-25 14:42:00,79097.04,79190.0,79064.0,79167.53,48.19362
2026-08-25 14:45:00,79167.52,79298.0,79158.36,79268.0,71.19992
2026-08-25 14:48:00,79267.99,79275.27,79194.0,79230.0,36.16862
2026-08-25 14:51:00,79230.0,79346.0,79204.0,79274.0,39.69895
2026-08-25 14:54:00,79274.0,79376.0,79240.0,79342.95,36.16561
2026-08-25 14:57:00,79342.96,79372.01,79174.03,79235.99,68.74534
2026-08-25 15:00:00,79236.0,79248.0,79154.0,79195.99,26.13184
2026-08-25 15:03:00,79195.99,79295.04,79164.0,79221.88,27.55565
2026-08-25 15:06:00,79221.89,79360.0,79221.89,79287.18,56.53846
2026-08-25 15:09:00,79287.18,79320.73,79146.2,79180.0,32.87495
2026-08-25 15:12:00,79179.99,79179.99,79060.28,79107.28,54.45266
2026-08-25 15:15:00,79108.0,79236.0,79020.04,79155.58,50.92554
2026-08-25 15:18:00,79155.58,79280.0,79155.58,79275.99,33.8536
2026-08-25 15:21:00,79275.99,79275.99,79177.57,79182.66,26.73079
2026-08-25 15:24:00,79182.65,79201.99,79078.09,79112.0,27.60293
2026-08-25 15:27:00,79112.0,79240.0,79090.0,79235.8,29.66412
2026-08-25 15:30:00,79235.79,79266.0,79184.0,79218.0,24.82459
2026-08-25 15:33:00,79218.0,79400.0,79218.0,79386.0,47.08583
2026-08-25 15:36:00,79386.0,79475.0,79362.0,79442.0,125.52007
2026-08-25 15:39:00,79441.99,79456.9,79306.31,79358.01,45.92803
2026-08-25 15:42:00,79358.0,79402.91,79319.81,79400.54,21.93914
2026-08-25 15:45:00,79400.53,79439.01,79348.84,79348.84,31.95959
2026-08-25 15:48:00,79348.85,79348.85,79263.09,79328.0,32.50882
2026-08-25 15:51:00,79328.01,79356.0,79288.43,79330.0,20.38452
2026-08-25 15:54:00,79330.0,79402.01,79328.01,79370.0,26.97
2026-08-25 15:57:00,79370.01,79527.09,79370.0,79502.01,50.63149
2026-08-25 16:00:00,79502.01,79551.92,79434.83,79461.61,71.1644
2026-08-25 16:03:00,79461.62,79563.71,79452.0,79452.01,74.04949
2026-08-25 16:06:00,79452.01,79452.01,79368.0,79370.91,14.6652
2026-08-25 16:09:00,79370.91,79372.0,79265.26,79266.01,36.61668
2026-08-25 16:12:00,79266.01,79266.02,79158.22,79168.98,57.09616
2026-08-25 16:15:00,79168.99,79196.0,79136.0,79170.37,17.84514
2026-08-25 16:18:00,79170.37,79270.0,79170.36,79231.99,24.94021
2026-08-25 16:21:00,79232.0,79232.0,79088.0,79088.01,34.63335
2026-08-25 16:24:00,79088.0,79132.0,79067.72,79084.7,32.65035
2026-08-25 16:27:00,79084.7,79150.0,79084.69,79150.0,20.09174
2026-08-25 16:30:00,79149.99,79357.99,79145.05,79307.73,41.49487
2026-08-25 16:33:00,79307.73,79330.0,79266.0,79290.0,23.53116
2026-08-25 16:36:00,79290.01,79298.0,79209.0,79235.99,29.93547
2026-08-25 16:39:00,79236.0,79264.0,79196.0,79256.34,26.7636
2026-08-25 16:42:00,79256.34,79329.97,79228.0,79228.0,13.55238
2026-08-25 16:45:00,79228.01,79372.08,79226.0,79228.0,58.90966
2026-08-25 16:48:00,79228.01,79312.0,79228.01,79242.53,22.8164
2026-08-25 16:51:00,79242.53,79242.54,79154.0,79154.0,21.23258
2026-08-25 16:54:00,79154.0,79160.0,79092.1,79121.99,36.4745
2026-08-25 16:57:00,79122.0,79180.4,79108.0,79156.02,17.71536
2026-08-25 17:00:00,79156.02,79156.02,79058.0,79116.3,26.37285
2026-08-25 17:03:00,79116.29,79144.04,79062.0,79098.01,37.6338
2026-08-25 17:06:00,79098.01,79098.01,78862.0,78915.99,69.20131
2026-08-25 17:09:00,78915.99,78990.0,78885.86,78910.0,50.83529
2026-08-25 17:12:00,78910.0,78966.0,78900.01,78966.0,38.96387
2026-08-25 17:15:00,78966.0,79020.0,78958.0,79001.99,21.23974
2026-08-25 17:18:00,79001.99,79002.0,78954.53,78988.73,14.6925
2026-08-25 17:21:00,78988.73,79011.02,78800.0,78818.67,32.42868
2026-08-25 17:24:00,78818.67,78866.0,78794.24,78798.01,46.2501
2026-08-25 17:27:00,78798.01,78866.67,78752.06,78798.0,44.51541
2026-08-25 17:30:00,78798.0,78969.88,78797.99,78969.88,23.72026
2026-08-25 17:33:00,78970.0,79104.48,78969.99,79015.8,76.87329
2026-08-25 17:36:00,79015.79,79101.23,79015.79,79078.81,28.62975
2026-08-25 17:39:00,79078.82,79184.15,79026.89,79144.0,73.33266
2026-08-25 17:42:00,79144.01,79171.87,79130.0,79139.91,27.8249
2026-08-25 17:45:00,79139.92,79218.31,79139.92,79198.01,39.90023
2026-08-25 17:48:00,79198.0,79230.89,79151.99,79154.01,18.25589
2026-08-25 17:51:00,79154.01,79200.0,79154.01,79191.73,22.07744
2026-08-25 17:54:00,79191.73,79250.33,79186.0,79208.0,40.94559
2026-08-25 17:57:00,79208.0,79256.08,79192.0,79240.01,13.58847
2026-08-25 18:00:00,79240.02,79283.12,79217.51,79283.11,27.6519
2026-08-25 18:03:00,79283.12,79323.01,79224.0,79262.65,41.36941
2026-08-25 18:06:00,79262.66,79274.0,79220.31,79226.0,9.13659
2026-08-25 18:09:00,79226.01,79275.88,79226.0,79235.99,12.42012
2026-08-25 18:12:00,79235.99,79380.0,79235.99,79317.55,49.77361
2026-08-25 18:15:00,79317.56,79332.59,79263.12,79280.64,12.03324
2026-08-25 18:18:00,79280.64,79306.0,79258.0,79266.1,11.67298
2026-08-25 18:21:00,79266.1,79320.96,79237.18,79305.44,51.13447
2026-08-25 18:24:00,79305.44,79314.0,79246.0,79252.01,11.74751
2026-08-25 18:27:00,79252.0,79303.98,79246.79,79276.01,27.7807
2026-08-25 18:30:00,79276.0,79276.01,79162.0,79171.78,27.63579
2026-08-25 18:33:00,79171.98,79198.0,79148.0,79177.58,17.67745
2026-08-25 18:36:00,79177.57,79177.58,79108.0,79132.01,16.95971
2026-08-25 18:39:00,79132.01,79168.0,79132.0,79148.0,6.89714
2026-08-25 18:42:00,79148.01,79183.59,79139.12,79172.02,22.16402
2026-08-25 18:45:00,79172.02,79232.0,79165.94,79231.99,33.42618
2026-08-25 18:48:00,79232.0,79236.95,79193.61,79193.95,15.76851
2026-08-25 18:51:00,79193.95,79204.0,79065.82,79072.43,36.7056
2026-08-25 18:54:00,79072.42,79100.34,79048.44,79096.46,16.59441
2026-08-25 18:57:00,79096.46,79142.0,79082.0,79128.0,20.95148
2026-08-25 19:00:00,79128.01,79188.01,79128.0,79188.01,34.21418
2026-08-25 19:03:00,79188.01,79190.0,79025.0,79102.02,40.95005
2026-08-25 19:06:00,79102.02,79102.02,79018.0,79065.99,40.84495
2026-08-25 19:09:00,79066.0,79117.01,79066.0,79094.0,26.51109
2026-08-25 19:12:00,79094.01,79169.41,79056.09,79161.49,29.47745
2026-08-25 19:15:00,79161.49,79192.0,79151.72,79192.0,18.6608
2026-08-25 19:18:00,79192.0,79233.57,79154.0,79154.01,35.7804
2026-08-25 19:21:00,79154.01,79199.93,79146.0,79162.01,27.16937
2026-08-25 19:24:00,79162.01,79170.0,78989.9,78989.99,32.83485
2026-08-25 19:27:00,78989.99,78989.99,78909.28,78933.89,38.17684
2026-08-25 19:30:00,78933.88,78933.89,78858.0,78859.27,27.92866
2026-08-25 19:33:00,78859.27,78946.42,78831.09,78908.01,37.22992
2026-08-25 19:36:00,78908.01,78928.25,78886.52,78906.01,21.31516
2026-08-25 19:39:00,78906.0,78909.3,78820.0,78875.27,24.6311
2026-08-25 19:42:00,78875.26,78875.27,78728.35,78746.72,81.01188
2026-08-25 19:45:00,78746.72,78809.87,78737.56,78785.12,28.68532
2026-08-25 19:48:00,78785.12,78820.76,78749.99,78769.93,56.84351
2026-08-25 19:51:00,78769.92,78938.35,78769.92,78930.01,39.70712
2026-08-25 19:54:00,78930.01,78941.72,78850.0,78914.91,32.59914
2026-08-25 19:57:00,78914.9,78944.79,78910.9,78925.95,28.29694
2026-08-25 20:00:00,78925.96,78976.0,78856.0,78856.0,38.53366
2026-08-25 20:03:00,78856.0,78867.36,78668.15,78820.0,63.09896
2026-08-25 20:06:00,78819.99,78867.36,78808.0,78852.0,14.39017
2026-08-25 20:09:00,78851.99,78874.0,78800.0,78808.0,14.80953
2026-08-25 20:12:00,78808.0,78881.99,78802.0,78881.98,27.73352
2026-08-25 20:15:00,78881.99,78916.0,78834.4,78887.99,13.83126
2026-08-25 20:18:00,78888.0,78962.0,78888.0,78924.0,14.75765
2026-08-25 20:21:00,78923.99,78925.26,78879.8,78924.0,12.9704
2026-08-25 20:24:00,78923.99,78926.0,78806.31,78808.8,21.85403
2026-08-25 20:27:00,78808.8,78828.0,78768.0,78772.03,10.11562
2026-08-25 20:30:00,78772.03,78788.0,78694.0,78734.0,26.53399
2026-08-25 20:33:00,78734.0,78780.0,78734.0,78779.99,19.38973
2026-08-25 20:36:00,78779.99,78780.0,78678.56,78678.57,10.30898
2026-08-25 20:39:00,78678.57,78686.84,78550.0,78551.97,40.46343
2026-08-25 20:42:00,78551.97,78551.97,78366.0,78465.99,104.79921
2026-08-25 20:45:00,78466.0,78545.99,78208.33,78235.87,102.70503
2026-08-25 20:48:00,78235.87,78444.0,78165.27,78417.67,73.25114
2026-08-25 20:51:00,78417.67,78417.67,78248.0,78248.01,80.52078
2026-08-25 20:54:00,78248.01,78323.99,78196.0,78200.0,61.81841
2026-08-25 20:57:00,78200.0,78250.0,78180.0,78206.13,25.66546
2026-08-25 21:00:00,78206.14,78232.0,78113.22,78185.44,68.02383
2026-08-25 21:03:00,78185.44,78295.21,78144.0,78283.81,37.1228
2026-08-25 21:06:00,78283.8,78290.0,77851.0,78044.0,231.71805
2026-08-25 21:09:00,78043.99,78237.99,77910.84,78168.01,91.77481
2026-08-25 21:12:00,78168.0,78298.0,78130.0,78285.99,24.85146
2026-08-25 21:15:00,78286.0,78379.6,78208.0,78357.56,35.33983
2026-08-25 21:18:00,78357.57,78453.08,78276.0,78311.83,37.15119
2026-08-25 21:21:00,78311.83,78418.0,78305.15,78355.84,26.84761
2026-08-25 21:24:00,78355.83,78434.86,78348.0,78391.36,47.33414
2026-08-25 21:27:00,78391.37,78480.0,78366.0,78466.47,17.73504
2026-08-25 21:30:00,78466.47,78474.0,78418.0,78424.0,12.52609
2026-08-25 21:33:00,78424.01,78535.99,78380.86,78535.99,33.66896
2026-08-25 21:36:00,78536.0,78625.33,78535.99,78559.94,23.35572
2026-08-25 21:39:00,78559.95,78654.0,78559.95,78612.46,24.75677
2026-08-25 21:42:00,78612.46,78613.16,78568.0,78584.0,18.57917
2026-08-25 21:45:00,78583.99,78626.0,78568.0,78581.07,21.10823
2026-08-25 21:48:00,78581.08,78624.0,78576.0,78592.01,9.61577
2026-08-25 21:51:00,78592.01,78610.0,78542.0,78585.87,12.38463
2026-08-25 21:54:00,78585.88,78647.2,78542.0,78647.2,26.70457
2026-08-25 21:57:00,78647.2,78664.0,78569.99,78570.0,40.29016
2026-08-25 22:00:00,78569.99,78701.52,78569.99,78674.0,40.3619
2026-08-25 22:03:00,78674.0,78776.0,78674.0,78729.57,18.2484
2026-08-25 22:06:00,78729.57,78904.6,78729.57,78828.0,72.78309
2026-08-25 22:09:00,78827.99,78928.0,78812.0,78914.47,29.29096
2026-08-25 22:12:00,78914.46,78944.0,78882.0,78932.43,33.20973
2026-08-25 22:15:00,78932.43,79000.0,78886.41,78895.62,32.72612
2026-08-25 22:18:00,78895.99,78934.0,78849.08,78852.0,22.68481
2026-08-25 22:21:00,78852.0,78855.81,78809.86,78836.19,12.88466
2026-08-25 22:24:00,78836.19,78868.0,78734.0,78734.0,41.52249
2026-08-25 22:27:00,78734.01,78745.0,78606.0,78643.48,37.76825
2026-08-25 22:30:00,78643.48,78780.0,78596.0,78756.02,28.33004
2026-08-25 22:33:00,78756.02,78852.0,78756.02,78852.0,13.95339
2026-08-25 22:36:00,78852.0,78866.0,78778.0,78798.01,28.19645
2026-08-25 22:39:00,78798.01,78834.0,78778.0,78826.21,24.50675
2026-08-25 22:42:00,78826.2,78830.0,78777.99,78780.01,10.13819
2026-08-25 22:45:00,78780.0,78875.81,78777.17,78872.64,36.09017
2026-08-25 22:48:00,78872.64,78884.0,78822.0,78871.01,25.1766
2026-08-25 22:51:00,78871.0,78922.65,78871.0,78900.01,22.7259
2026-08-25 22:54:00,78900.0,78979.57,78871.14,78918.74,32.87984
2026-08-25 22:57:00,78918.74,78960.04,78888.0,78889.51,13.86059
2026-08-25 23:00:00,78889.51,78963.13,78857.64,78956.88,22.92496
2026-08-25 23:03:00,78956.89,78970.32,78912.0,78949.58,25.52532
2026-08-25 23:06:00,78949.57,78966.72,78820.34,78859.99,32.33527
2026-08-25 23:09:00,78860.0,78860.0,78807.97,78852.72,16.25719
2026-08-25 23:12:00,78852.72,78977.49,78820.0,78952.92,104.28086
2026-08-25 23:15:00,78952.91,78966.4,78900.37,78923.45,36.73182
2026-08-25 23:18:00,78923.44,78940.77,78740.0,78771.62,42.15798
2026-08-25 23:21:00,78771.63,78803.25,78723.9,78723.93,42.93934
2026-08-25 23:24:00,78723.95,78741.19,78639.99,78649.48,25.31612
2026-08-25 23:27:00,78649.47,78748.84,78630.29,78734.93,16.77904
2026-08-25 23:30:00,78734.93,78737.73,78642.0,78702.37,13.85138
2026-08-25 23:33:00,78702.37,78796.0,78692.0,78714.0,19.10914
2026-08-25 23:36:00,78713.99,78738.0,78664.0,78664.0,11.91841
2026-08-25 23:39:00,78664.0,78664.0,78614.0,78614.0,10.2685
2026-08-25 23:42:00,78614.01,78614.01,78516.45,78591.66,26.89944
2026-08-25 23:45:00,78591.66,78591.66,78465.94,78492.0,62.2398
2026-08-25 23:48:00,78492.0,78510.0,78416.26,78446.0,29.26502
2026-08-25 23:51:00,78446.0,78507.99,78396.88,78507.99,33.33744
2026-08-25 23:54:00,78507.99,78554.08,78464.0,78554.08,21.67517
2026-08-25 23:57:00,78554.08,78620.61,78496.0,78539.14,96.58128
2026-08-26 00:00:00,78539.13,78578.0,78470.81,78500.01,48.2639
2026-08-26 00:03:00,78500.01,78625.99,78447.61,78457.85,31.30928
2026-08-26 00:06:00,78457.86,78508.0,78407.39,78407.39,15.72769
2026-08-26 00:09:00,78407.4,78464.0,78312.0,78462.69,112.31563
2026-08-26 00:12:00,78462.7,78462.7,78336.32,78356.0,20.0017
2026-08-26 00:15:00,78356.0,78503.44,78338.0,78478.25,29.40073
2026-08-26 00:18:00,78478.25,78582.0,78478.25,78550.34,32.83579
2026-08-26 00:21:00,78550.34,78580.91,78464.0,78580.91,16.57513
2026-08-26 00:24:00,78580.9,78605.99,78510.56,78552.19,24.1732
2026-08-26 00:27:00,78552.19,78591.99,78512.0,78591.98,14.94767
2026-08-26 00:30:00,78591.99,78668.0,78581.38,78604.92,14.22868
2026-08-26 00:33:00,78604.92,78658.93,78524.0,78558.04,37.26681
2026-08-26 00:36:00,78558.04,78574.69,78410.0,78412.0,21.96056
2026-08-26 00:39:00,78412.01,78460.0,78375.33,78400.0,22.45791
2026-08-26 00:42:00,78400.0,78485.99,78367.29,78390.63,44.25734
2026-08-26 00:45:00,78390.62,78480.0,78369.36,78408.94,36.87873
2026-08-26 00:48:00,78408.93,78639.79,78408.89,78618.03,58.23262
2026-08-26 00:51:00,78619.04,78692.0,78618.0,78687.29,30.98211
2026-08-26 00:54:00,78687.29,78721.48,78634.0,78679.79,51.27172
2026-08-26 00:57:00,78680.0,78690.0,78622.0,78631.79,17.56318
2026-08-26 01:00:00,78631.7,78758.09,78607.29,78728.21,59.62591
2026-08-26 01:03:00,78728.22,78868.93,78716.0,78862.64,26.58857
2026-08-26 01:06:00,78862.64,78902.0,78824.0,78834.61,67.98468
2026-08-26 01:09:00,78834.61,78844.0,78746.0,78804.0,26.35173
2026-08-26 01:12:00,78804.0,78804.0,78710.0,78746.0,18.79233
2026-08-26 01:15:00,78745.99,78869.99,78718.0,78842.01,57.04955
2026-08-26 01:18:00,78842.0,78864.0,78809.86,78849.4,17.53158
2026-08-26 01:21:00,78849.39,78879.88,78810.12,78876.21,24.5431
2026-08-26 01:24:00,78876.2,78876.2,78723.78,78733.87,12.96524
2026-08-26 01:27:00,78733.87,78760.0,78693.29,78711.95,89.37017
2026-08-26 01:30:00,78711.96,78900.0,78711.96,78887.68,50.34661
2026-08-26 01:33:00,78887.68,78941.77,78856.0,78934.66,17.17664
2026-08-26 01:36:00,78934.66,78960.0,78890.0,78894.89,31.24841
2026-08-26 01:39:00,78894.89,78916.0,78850.0,78850.01,9.73694
2026-08-26 01:42:00,78850.0,78882.0,78844.01,78872.34,8.45135
2026-08-26 01:45:00,78872.35,78872.35,78800.33,78825.23,13.20976
2026-08-26 01:48:00,78825.23,78846.04,78780.79,78817.74,13.89061
2026-08-26 01:51:00,78817.74,78821.83,78784.0,78788.0,8.10659
2026-08-26 01:54:00,78788.0,78811.95,78767.32,78790.68,8.21096
2026-08-26 01:57:00,78790.68,78815.63,78764.2,78815.13,11.21701
2026-08-26 02:00:00,78815.13,78879.08,78814.04,78845.03,19.49922
2026-08-26 02:03:00,78845.02,78855.27,78795.0,78838.45,12.42879
2026-08-26 02:06:00,78838.46,78856.0,78750.14,78770.79,19.10455
2026-08-26 02:09:00,78770.78,78787.86,78748.56,78768.01,11.23853
2026-08-26 02:12:00,78768.0,78823.19,78758.2,78782.0,10.42302
2026-08-26 02:15:00,78782.01,78920.26,78762.08,78920.25,43.40612
2026-08-26 02:18:00,78920.25,78965.76,78894.58,78958.06,38.03807
2026-08-26 02:21:00,78958.06,78958.06,78902.0,78950.0,8.69231
2026-08-26 02:24:00,78950.0,79222.91,78950.0,79144.0,94.06939
2026-08-26 02:27:00,79144.0,79251.6,79143.99,79230.54,26.91449
2026-08-26 02:30:00,79230.54,79230.55,79124.0,79185.58,32.54138
2026-08-26 02:33:00,79185.58,79243.86,79154.45,79209.15,44.0242
2026-08-26 02:36:00,79209.15,79209.15,79154.2,79194.0,19.15391
2026-08-26 02:39:00,79194.0,79219.45,79158.0,79158.01,16.97109
2026-08-26 02:42:00,79158.0,79182.7,79134.48,79148.2,19.2246
2026-08-26 02:45:00,79148.2,79194.51,79121.92,79128.69,31.0178
2026-08-26 02:48:00,79128.68,79149.89,79090.0,79090.01,19.78547
2026-08-26 02:51:00,79090.0,79129.17,79078.0,79082.67,19.62895
2026-08-26 02:54:00,79082.67,79129.97,79044.01,79129.97,14.0566
2026-08-26 02:57:00,79129.97,79129.97,79108.0,79108.0,5.30956
2026-08-26 03:00:00,79108.01,79184.0,79086.01,79131.46,38.89499
2026-08-26 03:03:00,79131.46,79141.66,79067.4,79085.99,13.44136
2026-08-26 03:06:00,79086.0,79119.18,79050.0,79050.01,10.64496
2026-08-26 03:09:00,79050.01,79089.15,79049.99,79068.01,16.0279
2026-08-26 03:12:00,79068.02,79080.5,79046.0,79046.01,15.30435
2026-08-26 03:15:00,79046.0,79068.3,79012.01,79028.81,43.1529
2026-08-26 03:18:00,79028.81,79028.81,78993.72,79020.85,16.81677
2026-08-26 03:21:00,79020.85,79126.54,79020.85,79111.83,41.06988
2026-08-26 03:24:00,79111.83,79135.22,79090.84,79115.16,19.62978
2026-08-26 03:27:00,79115.17,79115.17,79026.0,79043.51,21.43026
2026-08-26 03:30:00,79043.52,79043.52,78900.0,78951.98,28.029
2026-08-26 03:33:00,78951.98,79068.64,78951.98,79067.49,36.87676
2026-08-26 03:36:00,79067.49,79120.0,79031.52,79069.79,21.29473
2026-08-26 03:39:00,79069.79,79069.79,78988.05,79038.37,19.48568
2026-08-26 03:42:00,79038.37,79079.87,79038.37,79060.66,13.38807
2026-08-26 03:45:00,79060.66,79070.91,78962.0,78962.01,16.52872
2026-08-26 03:48:00,78962.0,78996.49,78950.91,78995.99,21.96362
2026-08-26 03:51:00,78997.03,79031.15,78996.94,79007.8,19.01077
2026-08-26 03:54:00,79007.81,79095.33,79007.8,79075.06,28.37404
2026-08-26 03:57:00,79075.07,79112.21,79070.02,79088.62,12.14177
2026-08-26 04:00:00,79088.61,79088.61,78968.95,78996.82,52.18272
2026-08-26 04:03:00,78996.83,79054.98,78968.95,79046.57,31.05991
2026-08-26 04:06:00,79046.57,79116.3,79032.56,79057.34,28.18299
2026-08-26 04:09:00,79057.33,79200.0,79057.33,79092.35,41.72555
2026-08-26 04:12:00,79092.36,79097.43,78980.0,79039.5,31.76484
2026-08-26 04:15:00,79039.51,79055.01,78980.0,79043.69,12.51121
2026-08-26 04:18:00,79043.69,79140.0,79040.86,79043.3,22.64036
2026-08-26 04:21:00,79043.31,79082.6,79004.0,79072.45,60.20702
2026-08-26 04:24:00,79072.45,79125.32,79041.01,79041.01,15.19091
2026-08-26 04:27:00,79041.01,79055.67,79006.38,79009.99,23.13247
2026-08-26 04:30:00,79010.0,79050.08,78974.85,78974.86,15.52053
2026-08-26 04:33:00,78974.86,78974.86,78892.11,78894.63,24.01316
2026-08-26 04:36:00,78894.64,78993.79,78894.64,78993.79,14.23474
2026-08-26 04:39:00,78993.79,79006.0,78934.08,78969.04,14.60739
2026-08-26 04:42:00,78969.04,78984.95,78965.1,78965.1,5.75169
2026-08-26 04:45:00,78965.1,78965.11,78844.0,78844.01,16.31777
2026-08-26 04:48:00,78844.01,78881.99,78791.73,78877.49,32.64832
2026-08-26 04:51:00,78877.48,78904.0,78846.86,78872.0,23.02645
2026-08-26 04:54:00,78872.01,78880.0,78806.0,78806.0,9.23547
2026-08-26 04:57:00,78806.0,78845.95,78790.68,78826.0,8.98077
2026-08-26 05:00:00,78826.0,78849.26,78764.0,78819.99,24.61373
2026-08-26 05:03:00,78819.99,78830.16,78677.14,78687.78,31.95026
2026-08-26 05:06:00,78687.77,78744.99,78638.0,78739.99,39.79904
2026-08-26 05:09:00,78739.99,78880.0,78739.99,78863.25,16.30144
2026-08-26 05:12:00,78863.26,78952.46,78848.0,78902.0,21.30102
2026-08-26 05:15:00,78902.0,78902.0,78806.0,78806.0,20.38379
2026-08-26 05:18:00,78806.01,78861.8,78752.0,78823.95,55.72674
2026-08-26 05:21:00,78823.95,78948.0,78809.86,78947.99,32.49703
2026-08-26 05:24:00,78948.0,79073.33,78947.99,78956.01,44.09622
2026-08-26 05:27:00,78956.01,79028.0,78953.41,79026.22,22.31135
2026-08-26 05:30:00,79026.23,79143.62,78984.82,79131.95,48.79276
2026-08-26 05:33:00,79131.95,79131.95,79034.0,79037.35,19.5199
2026-08-26 05:36:00,79037.35,79077.36,78988.0,79056.73,14.9081
2026-08-26 05:39:00,79056.73,79112.0,79056.72,79103.97,8.36172
2026-08-26 05:42:00,79103.97,79127.76,79084.0,79120.1,16.01325
2026-08-26 05:45:00,79120.09,79120.1,79061.6,79064.48,13.85588
2026-08-26 05:48:00,79064.48,79098.72,79034.01,79042.01,31.25577
2026-08-26 05:51:00,79042.0,79050.0,78976.0,78976.0,25.19658
2026-08-26 05:54:00,78976.0,79008.0,78956.83,79004.0,12.29884
2026-08-26 05:57:00,79004.01,79085.99,78996.12,79085.98,16.05347
2026-08-26 06:00:00,79085.98,79154.0,79038.67,79055.48,26.98257
2026-08-26 06:03:00,79055.47,79182.0,79024.0,79182.0,27.46655
2026-08-26 06:06:00,79181.99,79206.0,79146.0,79159.51,23.17772
2026-08-26 06:09:00,79159.5,79173.24,78973.53,79000.0,38.53913
2026-08-26 06:12:00,78999.99,79030.0,78970.0,79008.0,15.92051
2026-08-26 06:15:00,79008.0,79056.0,78991.2,79001.74,23.34298
2026-08-26 06:18:00,79001.74,79014.99,78874.01,79006.53,35.70869
2026-08-26 06:21:00,79006.54,79006.54,78894.01,78905.42,22.28531
2026-08-26 06:24:00,78905.43,78929.04,78817.42,78917.69,43.41679
2026-08-26 06:27:00,78917.68,78953.4,78890.89,78898.18,12.90021
2026-08-26 06:30:00,78898.18,78962.0,78886.91,78927.32,20.31503
2026-08-26 06:33:00,78927.32,78960.82,78866.6,78912.01,26.56449
2026-08-26 06:36:00,78912.01,78912.01,78816.0,78859.99,19.0903
2026-08-26 06:39:00,78859.99,78946.0,78847.23,78946.0,11.95795
2026-08-26 06:42:00,78946.0,78957.81,78912.76,78935.64,19.62076
2026-08-26 06:45:00,78935.64,78969.06,78932.43,78953.01,4.52721
2026-08-26 06:48:00,78953.01,78953.01,78866.37,78899.84,32.24648
2026-08-26 06:51:00,78899.84,78906.0,78873.96,78901.18,17.40499
2026-08-26 06:54:00,78901.17,78938.01,78901.17,78923.99,18.36295
2026-08-26 06:57:00,78924.0,78953.01,78918.08,78947.92,19.52708
2026-08-26 07:00:00,78947.92,78959.97,78867.0,78954.67,30.55177
2026-08-26 07:03:00,78954.67,79055.01,78932.43,79047.92,19.14259
2026-08-26 07:06:00,79047.92,79096.0,79000.13,79000.14,24.22696
2026-08-26 07:09:00,79000.14,79028.0,78928.41,79028.0,12.7844
2026-08-26 07:12:00,79027.99,79028.0,78937.72,78987.75,37.83102
2026-08-26 07:15:00,78987.75,79013.33,78960.0,78978.38,10.25632
2026-08-26 07:18:00,78978.38,78990.42,78945.0,78945.0,7.24728
2026-08-26 07:21:00,78945.01,79006.0,78900.92,78997.67,24.87935
2026-08-26 07:24:00,78997.67,79047.99,78941.02,79025.05,30.59553
2026-08-26 07:27:00,79025.05,79033.08,78950.0,78950.0,19.09092
2026-08-26 07:30:00,78950.0,78950.87,78900.0,78900.0,23.81042
2026-08-26 07:33:00,78900.01,79008.11,78888.88,79006.77,38.93028
2026-08-26 07:36:00,79006.77,79050.5,78975.36,79029.47,38.39769
2026-08-26 07:39:00,79029.47,79040.59,78983.66,79008.45,20.39085
2026-08-26 07:42:00,79008.45,79035.99,78972.21,78997.46,29.86639
2026-08-26 07:45:00,78997.46,78997.46,78964.24,78983.78,21.04977
2026-08-26 07:48:00,78983.78,79019.71,78971.9,79019.71,27.12527
2026-08-26 07:51:00,79019.71,79062.0,79010.03,79012.5,32.87442
2026-08-26 07:54:00,79012.5,79015.71,78920.0,78982.16,47.11723
2026-08-26 07:57:00,78982.16,78990.48,78923.0,78925.56,20.07272
2026-08-26 08:00:00,78925.57,78944.19,78849.82,78849.82,26.06835
2026-08-26 08:03:00,78849.83,78906.79,78828.0,78828.01,26.69562
2026-08-26 08:06:00,78828.01,78978.0,78828.0,78952.88,14.28974
2026-08-26 08:09:00,78952.87,79119.37,78952.87,79084.01,49.75296
2026-08-26 08:12:00,79084.0,79112.0,79044.0,79044.01,23.9941
2026-08-26 08:15:00,79044.01,79116.3,79034.0,79044.0,13.64532
2026-08-26 08:18:00,79044.0,79044.0,78980.48,78992.36,16.34646
2026-08-26 08:21:00,78992.37,78997.45,78914.16,78960.63,13.41855
2026-08-26 08:24:00,78960.64,79004.89,78944.1,79004.89,27.33026
2026-08-26 08:27:00,79004.89,79011.34,78984.04,78989.68,11.50582
2026-08-26 08:30:00,78989.69,79018.0,78926.0,78989.22,31.96093
2026-08-26 08:33:00,78989.21,78989.22,78918.34,78918.34,63.15516
2026-08-26 08:36:00,78918.34,78954.61,78896.02,78899.55,75.66412
2026-08-26 08:39:00,78899.55,78951.88,78899.54,78929.45,77.37594
2026-08-26 08:42:00,78929.46,79022.44,78924.96,78998.98,101.65643
2026-08-26 08:45:00,78998.97,79011.09,78910.06,78914.33,70.47246
2026-08-26 08:48:00,78914.33,78940.0,78904.06,78909.07,83.45023
2026-08-26 08:51:00,78909.08,78909.08,78775.99,78782.79,103.04825
2026-08-26 08:54:00,78782.79,78782.79,78652.1,78706.5,90.257
2026-08-26 08:57:00,78706.51,78710.33,78600.0,78707.59,75.33923
2026-08-26 09:00:00,78707.59,78850.0,78668.48,78822.0,58.32249
2026-08-26 09:03:00,78822.0,78862.24,78810.26,78847.88,15.31548
2026-08-26 09:06:00,78847.89,78877.02,78810.0,78810.0,18.27134
2026-08-26 09:09:00,78810.01,78840.0,78800.0,78838.18,12.3966
2026-08-26 09:12:00,78838.17,78838.17,78750.0,78775.3,8.28728
2026-08-26 09:15:00,78775.31,78775.31,78464.0,78537.98,67.54293
2026-08-26 09:18:00,78537.98,78562.0,78426.0,78504.27,37.30921
2026-08-26 09:21:00,78504.27,78530.0,78400.0,78400.01,29.71927
2026-08-26 09:24:00,78400.01,78511.21,78387.12,78482.64,25.89248
2026-08-26 09:27:00,78482.63,78540.0,78442.87,78525.05,25.10828
2026-08-26 09:30:00,78525.05,78566.0,78470.0,78554.22,18.31972
2026-08-26 09:33:00,78554.22,78592.0,78547.1,78547.11,7.89708
2026-08-26 09:36:00,78547.11,78554.0,78490.19,78522.29,15.44489
2026-08-26 09:39:00,78522.29,78534.0,78403.58,78441.45,25.23278
2026-08-26 09:42:00,78441.44,78449.92,78325.0,78327.12,48.81041
2026-08-26 09:45:00,78327.11,78382.0,78244.83,78327.71,67.92201
2026-08-26 09:48:00,78327.71,78430.0,78312.0,78429.99,29.73627
2026-08-26 09:51:00,78430.0,78492.0,78404.0,78413.67,19.28752
2026-08-26 09:54:00,78413.68,78447.13,78400.0,78426.44,14.52435
2026-08-26 09:57:00,78426.43,78452.0,78426.43,78444.49,8.02782
2026-08-26 10:00:00,78444.5,78444.5,78368.0,78394.96,19.42423
2026-08-26 10:03:00,78394.96,78394.96,78291.09,78338.37,17.50695
2026-08-26 10:06:00,78338.37,78386.0,78338.37,78348.61,14.2751
2026-08-26 10:09:00,78348.6,78363.64,78329.87,78363.64,9.82371
2026-08-26 10:12:00,78363.64,78474.0,78361.85,78430.46,26.9138
2026-08-26 10:15:00,78430.46,78510.47,78424.4,78510.47,16.3335
2026-08-26 10:18:00,78510.47,78582.01,78504.0,78538.0,20.17143
2026-08-26 10:21:00,78538.0,78558.45,78508.79,78558.45,10.98852
2026-08-26 10:24:00,78558.45,78634.0,78558.44,78626.0,24.28927
2026-08-26 10:27:00,78626.01,78636.0,78618.14,78624.13,11.72031
2026-08-26 10:30:00,78624.13,78646.0,78570.77,78627.91,15.71054
2026-08-26 10:33:00,78627.92,78669.36,78599.31,78654.31,8.5608
2026-08-26 10:36:00,78654.31,78682.18,78621.88,78656.43,18.41496
2026-08-26 10:39:00,78656.44,78808.15,78656.43,78706.22,36.65664
2026-08-26 10:42:00,78706.22,78752.0,78682.0,78722.0,26.84559
2026-08-26 10:45:00,78722.01,78749.96,78700.0,78732.81,22.10402
2026-08-26 10:48:00,78732.81,78879.75,78732.8,78845.72,28.22882
2026-08-26 10:51:00,78845.71,78849.46,78766.0,78799.83,20.81161
2026-08-26 10:54:00,78799.83,78802.0,78728.0,78728.0,11.28188
2026-08-26 10:57:00,78728.01,78735.15,78720.0,78727.45,7.22213
2026-08-26 11:00:00,78727.46,78766.0,78688.0,78749.51,11.08385
2026-08-26 11:03:00,78749.51,78782.0,78732.0,78747.74,12.09404
2026-08-26 11:06:00,78747.73,78747.74,78698.58,78698.58,13.69743
2026-08-26 11:09:00,78698.59,78704.0,78662.44,78704.0,11.97804
2026-08-26 11:12:00,78704.0,78713.86,78666.0,78709.31,8.81583
2026-08-26 11:15:00,78709.31,78736.57,78696.88,78712.31,8.18282
2026-08-26 11:18:00,78712.31,78712.31,78642.94,78642.94,8.97578
2026-08-26 11:21:00,78642.94,78702.0,78642.94,78686.23,12.00259
2026-08-26 11:24:00,78686.22,78704.0,78617.75,78622.61,16.09304
2026-08-26 11:27:00,78622.61,78650.0,78622.6,78629.78,9.14254
2026-08-26 11:30:00,78629.78,78629.78,78588.0,78588.01,24.86381
2026-08-26 11:33:00,78588.01,78607.63,78564.72,78607.62,37.04525
2026-08-26 11:36:00,78607.63,78620.0,78317.0,78394.0,61.864
2026-08-26 11:39:00,78393.99,78419.16,78339.42,78419.16,52.00832
2026-08-26 11:42:00,78419.16,78500.0,78394.0,78482.41,27.35855
2026-08-26 11:45:00,78482.4,78482.41,78402.0,78402.0,22.9241
2026-08-26 11:48:00,78402.01,78440.76,78380.0,78433.3,19.41181
2026-08-26 11:51:00,78433.29,78538.94,78433.29,78538.93,21.56141
2026-08-26 11:54:00,78538.93,78561.15,78513.95,78548.66,17.50381
2026-08-26 11:57:00,78548.67,78574.0,78478.14,78487.26,16.83391
2026-08-26 12:00:00,78487.26,78562.0,78487.26,78548.88,30.11811
2026-08-26 12:03:00,78548.88,78548.88,78418.62,78429.37,47.79885
2026-08-26 12:06:00,78429.38,78429.38,78359.12,78410.26,20.21371
2026-08-26 12:09:00,78410.26,78466.0,78407.75,78418.01,10.32732
2026-08-26 12:12:00,78418.01,78446.0,78394.0,78400.01,11.73866
2026-08-26 12:15:00,78400.01,78422.0,78288.0,78421.99,28.73204
2026-08-26 12:18:00,78422.0,78468.0,78380.0,78467.99,19.4458
2026-08-26 12:21:00,78468.0,78557.73,78448.0,78538.09,13.60251
2026-08-26 12:24:00,78538.08,78654.0,78538.08,78598.01,50.53377
2026-08-26 12:27:00,78598.02,78713.79,78598.01,78713.71,23.5685
2026-08-26 12:30:00,78713.7,78713.7,77918.25,78446.0,414.12881
2026-08-26 12:33:00,78445.99,78510.0,78400.0,78458.77,61.82903
2026-08-26 12:36:00,78458.76,78458.76,78173.0,78299.99,50.50712
2026-08-26 12:39:00,78299.99,78328.0,78207.13,78306.23,37.53373
2026-08-26 12:42:00,78306.24,78385.49,78265.98,78265.99,29.60464
2026-08-26 12:45:00,78265.99,78375.95,78206.0,78246.49,36.10902
2026-08-26 12:48:00,78246.49,78438.0,78245.0,78432.02,32.37178
2026-08-26 12:51:00,78432.01,78448.0,78316.01,78326.6,23.49592
2026-08-26 12:54:00,78326.59,78393.15,78286.6,78392.19,30.98801
2026-08-26 12:57:00,78392.18,78422.72,78319.58,78319.59,50.30192
2026-08-26 13:00:00,78319.58,78444.0,78292.31,78345.32,51.22179
2026-08-26 13:03:00,78345.32,78351.76,78204.0,78206.01,38.47115
2026-08-26 13:06:00,78206.01,78270.0,78121.2,78140.83,51.47114
2026-08-26 13:09:00,78140.83,78156.31,78026.0,78087.58,69.90473
2026-08-26 13:12:00,78087.58,78159.3,77983.74,78120.67,68.72163
2026-08-26 13:15:00,78120.68,78172.79,78078.89,78099.63,25.61496
2026-08-26 13:18:00,78099.63,78158.2,78074.7,78118.12,12.30341
2026-08-26 13:21:00,78118.12,78140.01,77998.0,78106.63,41.50885
2026-08-26 13:24:00,78106.62,78106.63,77913.19,77949.92,49.15101
2026-08-26 13:27:00,77949.93,78070.78,77949.92,78052.01,31.04582
2026-08-26 13:30:00,78052.01,78224.81,78052.0,78146.72,67.2551
2026-08-26 13:33:00,78146.72,78370.53,78146.71,78298.0,61.28207
2026-08-26 13:36:00,78298.0,78495.03,78276.0,78432.03,63.73676
2026-08-26 13:39:00,78432.02,78470.0,78330.0,78410.0,29.29865
2026-08-26 13:42:00,78410.0,78492.0,78372.25,78492.0,53.94494
2026-08-26 13:45:00,78491.99,78554.0,78374.02,78430.0,93.0394
2026-08-26 13:48:00,78430.0,78452.64,78290.1,78290.11,35.0884
2026-08-26 13:51:00,78290.11,78290.11,78116.0,78246.0,47.57613
2026-08-26 13:54:00,78246.0,78330.0,78180.0,78293.24,28.19754
2026-08-26 13:57:00,78293.23,78460.06,78278.38,78448.66,24.38939
2026-08-26 14:00:00,78448.66,78591.27,78297.71,78551.22,54.77041
2026-08-26 14:03:00,78551.22,78560.93,78508.0,78535.98,31.36413
2026-08-26 14:06:00,78535.98,78601.59,78485.35,78601.58,36.13842
2026-08-26 14:09:00,78601.58,78603.41,78480.0,78599.19,40.46606
2026-08-26 14:12:00,78599.2,78599.2,78450.0,78456.0,33.89327
2026-08-26 14:15:00,78455.99,78568.0,78447.1,78549.43,37.45522
2026-08-26 14:18:00,78549.43,78572.0,78486.0,78528.0,38.82497
2026-08-26 14:21:00,78527.99,78546.0,78471.13,78471.13,23.12944
2026-08-26 14:24:00,78471.13,78484.72,78258.24,78258.24,49.77127
2026-08-26 14:27:00,78258.25,78296.0,78202.86,78247.99,23.00017
2026-08-26 14:30:00,78247.98,78278.02,78178.68,78251.05,33.54356
2026-08-26 14:33:00,78251.05,78251.05,78091.27,78135.5,35.18859
2026-08-26 14:36:00,78135.5,78259.72,78135.49,78152.17,30.35867
2026-08-26 14:39:00,78152.17,78196.0,78114.0,78151.23,33.75079
2026-08-26 14:42:00,78151.24,78189.14,77935.0,77979.87,95.89094
2026-08-26 14:45:00,77979.86,78015.43,77897.36,77926.98,75.01785
2026-08-26 14:48:00,77926.99,78041.41,77852.21,77955.77,78.91331
2026-08-26 14:51:00,77955.77,78012.32,77884.09,77884.1,47.63866
2026-08-26 14:54:00,77884.1,77911.56,77777.0,77777.0,209.19531
2026-08-26 14:57:00,77777.0,77856.01,77774.0,77790.48,42.83591
2026-08-26 15:00:00,77790.48,77882.43,77700.0,77744.0,82.73501
2026-08-26 15:03:00,77744.01,77880.94,77632.58,77880.94,98.90806
2026-08-26 15:06:00,77880.95,77957.98,77780.0,77878.01,41.98235
2026-08-26 15:09:00,77878.01,77954.0,77873.4,77911.7,28.64093
2026-08-26 15:12:00,77911.71,77911.71,77832.24,77836.99,28.85418
2026-08-26 15:15:00,77836.99,77862.75,77732.0,77787.49,38.53307
2026-08-26 15:18:00,77787.49,77852.0,77742.0,77840.0,35.26341
2026-08-26 15:21:00,77840.0,77960.71,77840.0,77936.0,33.32918
2026-08-26 15:24:00,77936.01,78062.0,77918.0,78056.51,24.53268
2026-08-26 15:27:00,78056.51,78161.4,78056.5,78159.64,31.21782
2026-08-26 15:30:00,78159.65,78167.26,78032.0,78032.01,29.48648
2026-08-26 15:33:00,78032.0,78033.75,77918.0,77941.66,28.63081
2026-08-26 15:36:00,77941.66,78010.0,77939.75,77974.0,24.81037
2026-08-26 15:39:00,77974.01,78120.0,77974.0,78092.01,21.06272
2026-08-26 15:42:00,78092.01,78101.34,78013.15,78035.7,36.18223
2026-08-26 15:45:00,78035.7,78089.71,78035.69,78057.22,17.0732
2026-08-26 15:48:00,78057.21,78145.79,78057.21,78119.33,29.48455
2026-08-26 15:51:00,78119.32,78119.32,78029.99,78029.99,21.71241
2026-08-26 15:54:00,78030.0,78100.0,78030.0,78099.99,28.29448
2026-08-26 15:57:00,78100.0,78116.38,77974.86,78011.65,31.50725
2026-08-26 16:00:00,78011.64,78084.0,77976.5,77990.01,19.765
2026-08-26 16:03:00,77990.01,78089.53,77982.58,78088.55,20.74513
2026-08-26 16:06:00,78088.54,78159.99,78064.68,78139.58,19.5603
2026-08-26 16:09:00,78139.57,78154.0,78092.0,78092.0,15.37898
2026-08-26 16:12:00,78092.0,78092.0,78048.0,78077.51,13.47913
2026-08-26 16:15:00,78077.51,78106.0,77984.0,78016.72,41.33902
2026-08-26 16:18:00,78016.71,78130.55,78015.46,78120.32,17.45447
2026-08-26 16:21:00,78120.32,78124.0,78019.64,78029.23,20.9093
2026-08-26 16:24:00,78029.24,78065.05,78002.01,78002.02,48.4916
2026-08-26 16:27:00,78002.01,78062.0,77984.0,78060.62,24.92855
2026-08-26 16:30:00,78060.62,78097.09,78012.32,78097.09,13.16635
2026-08-26 16:33:00,78097.08,78143.0,78042.0,78142.99,18.88375
2026-08-26 16:36:00,78143.0,78145.2,77990.0,78019.74,20.2317
2026-08-26 16:39:00,78019.75,78019.75,77950.0,77996.47,49.83887
2026-08-26 16:42:00,77996.47,77996.47,77858.0,77873.99,49.72132
2026-08-26 16:45:00,77874.0,78036.76,77874.0,78035.05,112.73203
2026-08-26 16:48:00,78035.04,78161.73,78023.26,78121.99,38.39874
2026-08-26 16:51:00,78121.99,78121.99,77992.09,78018.09,18.61176
2026-08-26 16:54:00,78018.08,78034.0,77990.0,77990.15,15.92323
2026-08-26 16:57:00,77990.15,78072.0,77970.65,77991.3,20.98863
2026-08-26 17:00:00,77991.29,78072.0,77991.29,78010.01,19.44266
2026-08-26 17:03:00,78010.01,78050.98,78007.36,78050.97,10.19194
2026-08-26 17:06:00,78050.98,78096.37,78004.1,78096.37,14.7121
2026-08-26 17:09:00,78096.37,78121.98,78052.0,78087.04,18.74803
2026-08-26 17:12:00,78087.03,78128.91,78080.22,78128.91,10.74595
2026-08-26 17:15:00,78128.9,78260.0,78128.9,78244.33,85.08671
2026-08-26 17:18:00,78244.33,78290.0,78226.53,78258.85,31.05452
2026-08-26 17:21:00,78258.85,78322.0,78243.66,78322.0,32.56441
2026-08-26 17:24:00,78321.99,78350.0,78290.0,78340.15,34.67074
2026-08-26 17:27:00,78340.15,78512.05,78340.15,78512.05,65.64857
2026-08-26 17:30:00,78512.05,78564.0,78493.54,78531.32,41.39193
2026-08-26 17:33:00,78531.31,78578.0,78504.0,78522.01,29.71595
2026-08-26 17:36:00,78522.0,78544.0,78493.62,78522.22,23.61157
2026-08-26 17:39:00,78522.23,78603.0,78504.71,78602.99,37.63385
2026-08-26 17:42:00,78603.0,78603.0,78503.43,78514.76,25.27062
2026-08-26 17:45:00,78514.77,78514.81,78374.0,78374.0,44.14173
2026-08-26 17:48:00,78374.01,78444.0,78368.0,78438.65,23.95502
2026-08-26 17:51:00,78438.65,78451.43,78416.66,78451.43,12.27896
2026-08-26 17:54:00,78451.43,78476.0,78443.28,78476.0,9.7828
2026-08-26 17:57:00,78475.99,78476.12,78414.0,78442.83,14.47518
2026-08-26 18:00:00,78442.84,78486.0,78402.8,78485.99,17.05933
2026-08-26 18:03:00,78486.0,78520.0,78460.0,78460.01,14.3723
2026-08-26 18:06:00,78460.01,78508.83,78448.0,78508.83,7.36832
2026-08-26 18:09:00,78508.83,78600.0,78507.19,78560.01,39.73837
2026-08-26 18:12:00,78560.01,78650.26,78560.0,78562.52,28.57788
2026-08-26 18:15:00,78562.52,78562.52,78500.0,78557.0,20.64423
2026-08-26 18:18:00,78557.0,78579.72,78543.56,78547.94,14.14032
2026-08-26 18:21:00,78547.93,78601.3,78520.0,78520.01,21.51618
2026-08-26 18:24:00,78520.01,78526.63,78472.0,78472.01,15.42394
2026-08-26 18:27:00,78472.01,78476.0,78442.16,78468.0,23.52824
2026-08-26 18:30:00,78468.0,78490.0,78434.0,78441.68,9.79711
2026-08-26 18:33:00,78441.68,78474.0,78408.0,78414.61,17.05354
2026-08-26 18:36:00,78414.61,78425.35,78362.01,78384.85,15.12617
2026-08-26 18:39:00,78384.85,78390.4,78306.0,78317.88,20.59889
2026-08-26 18:42:00,78317.87,78340.03,78280.01,78296.62,14.03494
2026-08-26 18:45:00,78296.62,78408.0,78293.82,78407.99,7.52531
2026-08-26 18:48:00,78408.0,78418.0,78382.36,78418.0,10.42785
2026-08-26 18:51:00,78418.0,78440.98,78389.12,78440.98,18.74186
2026-08-26 18:54:00,78440.98,78459.22,78440.97,78443.87,3.39782
2026-08-26 18:57:00,78443.88,78502.91,78443.88,78472.41,18.17229
2026-08-26 19:00:00,78472.41,78514.0,78462.62,78497.99,18.8782
2026-08-26 19:03:00,78497.98,78497.99,78418.0,78425.53,17.70823
2026-08-26 19:06:00,78425.53,78450.0,78400.0,78410.38,21.57467
2026-08-26 19:09:00,78410.38,78462.27,78398.0,78420.0,26.99883
2026-08-26 19:12:00,78420.0,78420.01,78381.27,78381.98,14.85675
2026-08-26 19:15:00,78381.98,78431.37,78381.97,78407.16,17.82663
2026-08-26 19:18:00,78407.15,78452.0,78356.0,78366.64,35.99249
2026-08-26 19:21:00,78366.64,78377.18,78292.0,78331.05,38.89983
2026-08-26 19:24:00,78331.04,78557.3,78316.0,78557.3,39.01304
2026-08-26 19:27:00,78557.29,78572.0,78518.1,78531.97,18.81904
2026-08-26 19:30:00,78531.97,78551.65,78500.89,78516.7,20.41341
2026-08-26 19:33:00,78516.7,78517.27,78468.35,78468.77,20.58519
2026-08-26 19:36:00,78468.77,78485.61,78419.67,78419.67,18.60816
2026-08-26 19:39:00,78419.68,78419.68,78384.01,78408.46,26.89273
2026-08-26 19:42:00,78408.45,78436.57,78408.45,78436.56,15.40518
2026-08-26 19:45:00,78436.57,78482.56,78436.56,78461.91,16.15774
2026-08-26 19:48:00,78461.91,78508.0,78457.38,78467.89,26.52737
2026-08-26 19:51:00,78467.89,78546.0,78460.67,78486.01,39.46438
2026-08-26 19:54:00,78486.01,78492.0,78451.2,78464.01,15.63242
2026-08-26 19:57:00,78464.0,78475.82,78442.15,78475.49,16.59705
2026-08-26 20:00:00,78475.49,78478.91,78400.0,78457.99,19.85215
2026-08-26 20:03:00,78458.0,78511.14,78454.13,78511.14,11.6023
2026-08-26 20:06:00,78511.13,78521.7,78499.53,78499.53,13.05869
2026-08-26 20:09:00,78499.54,78499.54,78449.58,78458.81,7.87021
2026-08-26 20:12:00,78458.8,78460.26,78420.0,78420.0,14.61872
2026-08-26 20:15:00,78420.0,78459.78,78406.34,78420.37,18.31759
2026-08-26 20:18:00,78420.37,78420.38,78342.54,78347.08,23.33761
2026-08-26 20:21:00,78346.88,78346.88,78200.0,78283.99,26.33512
2026-08-26 20:24:00,78284.0,78392.0,78283.99,78357.99,19.86892
2026-08-26 20:27:00,78357.99,78396.6,78338.31,78396.6,15.06626
2026-08-26 20:30:00,78396.59,78409.91,78350.0,78350.0,22.05152
2026-08-26 20:33:00,78350.0,78354.13,78312.0,78312.01,16.37552
2026-08-26 20:36:00,78312.0,78358.0,78293.85,78358.0,13.42569
2026-08-26 20:39:00,78357.99,78433.86,78354.07,78423.36,15.80033
2026-08-26 20:42:00,78423.35,78433.82,78404.43,78404.9,14.09645
2026-08-26 20:45:00,78404.9,78415.68,78391.99,78399.53,14.25235
2026-08-26 20:48:00,78399.53,78404.95,78388.0,78388.01,14.92807
2026-08-26 20:51:00,78388.0,78430.05,78388.0,78430.05,15.74131
2026-08-26 20:54:00,78430.04,78452.0,78421.28,78448.65,14.32089
2026-08-26 20:57:00,78448.66,78466.16,78448.66,78452.04,11.30456
2026-08-26 21:00:00,78452.04,78465.08,78392.19,78437.75,44.26187
2026-08-26 21:03:00,78437.76,78478.01,78406.78,78478.0,17.96229
2026-08-26 21:06:00,78478.01,78605.62,78478.01,78605.62,24.94584
2026-08-26 21:09:00,78605.62,78700.69,78565.26,78700.69,25.87199
2026-08-26 21:12:00,78700.69,78800.0,78646.0,78794.28,43.78266
2026-08-26 21:15:00,78794.28,78826.0,78748.57,78817.53,32.89625
2026-08-26 21:18:00,78817.53,78829.28,78734.85,78770.51,16.47256
2026-08-26 21:21:00,78770.5,78828.0,78730.06,78738.44,20.04342
2026-08-26 21:24:00,78738.44,78845.06,78738.43,78791.4,18.13007
2026-08-26 21:27:00,78791.4,78793.55,78707.99,78750.0,28.46946
2026-08-26 21:30:00,78750.01,78750.01,78652.15,78707.04,20.2
2026-08-26 21:33:00,78707.03,78773.12,78695.45,78773.11,35.04982
2026-08-26 21:36:00,78773.12,78840.01,78764.8,78764.81,29.18845
2026-08-26 21:39:00,78764.81,78781.08,78724.88,78730.13,10.23962
2026-08-26 21:42:00,78730.13,78738.0,78707.17,78714.99,12.4506
2026-08-26 21:45:00,78714.99,78722.0,78690.0,78691.13,13.57349
2026-08-26 21:48:00,78691.13,78733.72,78669.61,78710.39,8.64442
2026-08-26 21:51:00,78710.39,78800.0,78706.25,78776.01,10.71425
2026-08-26 21:54:00,78776.02,78802.38,78744.0,78754.78,9.65183
2026-08-26 21:57:00,78754.79,78771.99,78724.0,78724.01,5.9355
2026-08-26 22:00:00,78724.0,78826.0,78680.0,78805.78,15.79575
2026-08-26 22:03:00,78805.78,78866.0,78797.83,78863.41,23.63508
2026-08-26 22:06:00,78863.41,78871.15,78814.0,78814.01,17.26731
2026-08-26 22:09:00,78814.0,78814.01,78728.0,78728.01,20.69198
2026-08-26 22:12:00,78728.01,78814.86,78698.05,78782.98,254.83437
2026-08-26 22:15:00,78782.97,78915.79,78763.47,78818.01,66.78104
2026-08-26 22:18:00,78818.0,78916.66,78812.0,78916.66,19.78575
2026-08-26 22:21:00,78916.66,78975.85,78876.0,78876.0,25.01872
2026-08-26 22:24:00,78876.0,78897.51,78809.86,78874.01,21.8846
2026-08-26 22:27:00,78874.01,78874.01,78796.0,78821.05,9.98797
2026-08-26 22:30:00,78821.04,78821.04,78706.03,78706.04,19.57408
2026-08-26 22:33:00,78706.03,78769.7,78693.35,78718.0,20.3598
2026-08-26 22:36:00,78718.0,78718.0,78614.0,78641.76,28.21813
2026-08-26 22:39:00,78641.76,78641.76,78590.0,78618.45,30.57787
2026-08-26 22:42:00,78618.45,78688.01,78607.02,78687.67,10.96963
2026-08-26 22:45:00,78687.66,78687.66,78654.0,78670.01,8.08253
2026-08-26 22:48:00,78670.01,78670.01,78571.13,78572.01,10.75999
2026-08-26 22:51:00,78572.01,78602.72,78554.0,78580.37,14.31687
2026-08-26 22:54:00,78580.36,78594.0,78568.55,78568.56,8.32867
2026-08-26 22:57:00,78568.55,78738.0,78568.55,78700.0,304.39199
2026-08-26 23:00:00,78700.0,78729.56,78654.0,78710.04,25.64966
2026-08-26 23:03:00,78710.04,78752.0,78710.04,78723.39,7.59338
2026-08-26 23:06:00,78723.4,78723.4,78668.0,78693.99,13.52404
2026-08-26 23:09:00,78694.0,78717.59,78668.01,78691.56,6.24859
2026-08-26 23:12:00,78691.56,78714.16,78671.79,78708.74,12.36556
2026-08-26 23:15:00,78708.73,78732.85,78670.7,78727.82,22.50132
2026-08-26 23:18:00,78727.83,78738.0,78700.01,78715.55,8.84372
2026-08-26 23:21:00,78715.56,78752.3,78696.0,78733.74,19.58281
2026-08-26 23:24:00,78733.74,78840.0,78696.0,78840.0,22.61356
2026-08-26 23:27:00,78840.0,78903.38,78834.06,78865.34,29.09742
2026-08-26 23:30:00,78865.35,78928.69,78863.65,78917.83,35.71826
2026-08-26 23:33:00,78917.83,78962.0,78876.0,78961.99,18.21027
2026-08-26 23:36:00,78962.0,79000.0,78902.32,78993.72,79.19419
2026-08-26 23:39:00,78993.71,79017.77,78916.0,79017.77,36.0654
2026-08-26 23:42:00,79017.77,79058.0,78985.0,79049.99,45.03805
2026-08-26 23:45:00,79050.0,79174.12,79036.0,79106.62,62.90432
2026-08-26 23:48:00,79106.61,79106.61,79009.6,79028.0,51.67135
2026-08-26 23:51:00,79028.01,79105.31,79003.38,79058.01,34.36952
2026-08-26 23:54:00,79058.01,79115.78,79037.04,79115.77,11.24451
2026-08-26 23:57:00,79115.77,79122.73,78999.83,79023.75,154.65217
2026-08-27 00:00:00,79023.75,79028.49,78935.39,78991.6,27.3522
2026-08-27 00:03:00,78991.6,78991.61,78842.57,78913.46,28.70345
2026-08-27 00:06:00,78913.45,78989.3,78872.0,78964.41,17.10128
2026-08-27 00:09:00,78964.41,78978.96,78844.0,78874.0,15.77374
2026-08-27 00:12:00,78874.0,78888.0,78818.0,78837.5,12.41087
2026-08-27 00:15:00,78837.5,78844.59,78821.39,78839.17,9.72233
2026-08-27 00:18:00,78839.17,78936.57,78839.16,78936.55,11.4238
2026-08-27 00:21:00,78936.56,78940.0,78875.98,78879.16,10.87875
2026-08-27 00:24:00,78879.16,78879.17,78826.4,78826.41,8.5761
2026-08-27 00:27:00,78826.41,78902.0,78819.88,78902.0,18.49427
2026-08-27 00:30:00,78902.0,78902.0,78842.37,78842.38,9.83853
2026-08-27 00:33:00,78842.38,78880.69,78822.77,78827.17,20.37281
2026-08-27 00:36:00,78827.17,78847.18,78795.0,78809.86,14.51709
2026-08-27 00:39:00,78809.87,78832.59,78794.12,78794.12,5.41983
2026-08-27 00:42:00,78794.12,78907.77,78791.99,78897.99,208.18481
2026-08-27 00:45:00,78897.99,78897.99,78774.0,78780.44,22.97273
2026-08-27 00:48:00,78780.44,78832.04,78762.0,78832.03,24.32239
2026-08-27 00:51:00,78832.03,78850.0,78725.56,78730.01,25.52193
2026-08-27 00:54:00,78730.0,78751.99,78698.0,78705.86,23.15749
2026-08-27 00:57:00,78705.86,78749.61,78690.01,78690.01,13.08285
2026-08-27 01:00:00,78690.02,78753.71,78680.0,78753.71,18.61131
2026-08-27 01:03:00,78753.7,78769.99,78674.0,78729.23,19.6414
2026-08-27 01:06:00,78729.23,78778.0,78696.0,78703.86,25.11737
2026-08-27 01:09:00,78703.86,78766.0,78703.85,78735.87,21.77344
2026-08-27 01:12:00,78735.86,78742.56,78633.3,78667.63,33.87193
2026-08-27 01:15:00,78667.63,78667.63,78546.13,78601.41,155.46946
2026-08-27 01:18:00,78601.41,78712.0,78601.41,78695.0,12.98112
2026-08-27 01:21:00,78695.0,78768.0,78695.0,78765.46,10.84326
2026-08-27 01:24:00,78765.45,78840.0,78765.45,78839.99,13.76213
2026-08-27 01:27:00,78840.0,78961.48,78830.76,78936.04,20.56658
2026-08-27 01:30:00,78936.04,78979.76,78784.0,78815.97,29.61331
2026-08-27 01:33:00,78815.97,78880.0,78784.0,78805.8,15.76501
2026-08-27 01:36:00,78805.8,78916.63,78805.79,78859.98,19.2185
2026-08-27 01:39:00,78859.97,78868.0,78776.0,78781.62,9.33423
2026-08-27 01:42:00,78781.62,78791.25,78717.97,78717.98,12.58425
2026-08-27 01:45:00,78717.97,78877.99,78708.01,78877.99,18.36172
2026-08-27 01:48:00,78878.0,78995.0,78878.0,78994.99,19.16425
2026-08-27 01:51:00,78994.99,79017.99,78950.0,78950.01,35.10183
2026-08-27 01:54:00,78950.01,78997.8,78912.0,78965.47,13.00326
2026-08-27 01:57:00,78965.47,78965.48,78893.13,78898.67,15.93309
2026-08-27 02:00:00,78898.68,78978.0,78893.13,78916.0,23.70959
2026-08-27 02:03:00,78916.0,78943.05,78914.0,78923.99,10.50446
2026-08-27 02:06:00,78924.0,78944.57,78914.41,78939.41,5.7398
2026-08-27 02:09:00,78939.41,78948.71,78878.0,78878.01,14.89727
2026-08-27 02:12:00,78878.01,78904.8,78852.0,78884.26,12.85123
2026-08-27 02:15:00,78884.27,78884.27,78818.12,78835.8,17.13112
2026-08-27 02:18:00,78835.81,78850.0,78809.86,78837.1,7.51855
2026-08-27 02:21:00,78837.1,78839.61,78785.99,78795.44,7.23805
2026-08-27 02:24:00,78795.44,78795.44,78727.42,78765.88,12.03525
2026-08-27 02:27:00,78765.88,78765.88,78748.57,78757.21,7.07921
2026-08-27 02:30:00,78757.22,78778.71,78748.57,78778.71,6.75815
2026-08-27 02:33:00,78778.71,78786.05,78748.48,78768.27,8.2945
2026-08-27 02:36:00,78768.26,78800.0,78748.47,78768.56,10.03585
2026-08-27 02:39:00,78768.56,78768.56,78712.0,78734.58,10.75982
2026-08-27 02:42:00,78734.58,78742.71,78734.57,78736.64,3.811
2026-08-27 02:45:00,78736.64,78753.98,78736.64,78752.31,7.64787
2026-08-27 02:48:00,78752.3,78761.43,78714.0,78761.42,7.27786
2026-08-27 02:51:00,78761.43,78791.99,78750.19,78751.43,9.26494
2026-08-27 02:54:00,78751.42,78761.22,78721.5,78726.93,41.31236
2026-08-27 02:57:00,78726.93,78729.44,78704.62,78717.76,205.15493
2026-08-27 03:00:00,78717.76,78729.99,78688.6,78728.3,104.52296
2026-08-27 03:03:00,78728.3,78728.3,78724.17,78724.18,2.03621
2026-08-27 03:06:00,78724.18,78778.0,78724.17,78746.89,11.07569
2026-08-27 03:09:00,78746.9,78751.83,78722.0,78738.39,3.6344
2026-08-27 03:12:00,78738.38,78738.39,78670.0,78677.34,9.69657
2026-08-27 03:15:00,78677.34,78687.43,78643.23,78644.01,8.7311
2026-08-27 03:18:00,78644.0,78788.64,78644.0,78732.01,16.72698
2026-08-27 03:21:00,78732.01,78888.0,78726.0,78887.99,28.55731
2026-08-27 03:24:00,78888.0,78990.0,78884.0,78890.81,23.84748
2026-08-27 03:27:00,78890.81,78937.83,78890.8,78896.01,10.63946
2026-08-27 03:30:00,78896.0,78896.01,78844.24,78854.51,12.19677
2026-08-27 03:33:00,78854.51,78902.0,78848.0,78857.29,11.9613
2026-08-27 03:36:00,78857.29,78889.45,78853.82,78854.01,11.35008
2026-08-27 03:39:00,78854.0,78854.92,78834.51,78834.51,7.17334
2026-08-27 03:42:00,78834.52,78926.0,78834.51,78876.5,36.34648
2026-08-27 03:45:00,78876.51,78919.97,78858.91,78878.01,12.62895
2026-08-27 03:48:00,78878.01,78878.01,78842.0,78842.0,15.7002
2026-08-27 03:51:00,78842.01,78842.01,78775.44,78796.97,17.97477
2026-08-27 03:54:00,78796.97,78827.97,78795.78,78815.52,7.4093
2026-08-27 03:57:00,78815.52,78830.68,78811.67,78830.68,5.08144
2026-08-27 04:00:00,78830.68,78847.61,78826.0,78830.52,9.08689
2026-08-27 04:03:00,78830.52,78888.69,78828.0,78828.0,9.92692
2026-08-27 04:06:00,78828.01,78828.01,78800.0,78800.0,5.34631
2026-08-27 04:09:00,78800.0,78885.87,78800.0,78853.47,9.53613
2026-08-27 04:12:00,78853.47,78869.43,78853.47,78862.47,5.67774
2026-08-27 04:15:00,78862.46,78900.0,78862.46,78863.84,11.61306
2026-08-27 04:18:00,78863.84,78885.99,78850.0,78862.19,11.76462
2026-08-27 04:21:00,78862.18,78867.44,78825.3,78853.06,7.85995
2026-08-27 04:24:00,78853.06,78853.06,78820.0,78820.01,4.96553
2026-08-27 04:27:00,78820.01,78820.01,78785.05,78785.06,6.86317
2026-08-27 04:30:00,78785.06,78785.06,78738.0,78740.82,8.98034
2026-08-27 04:33:00,78740.82,78740.83,78704.44,78704.44,8.52375
2026-08-27 04:36:00,78704.45,78758.34,78684.18,78735.67,22.49961
2026-08-27 04:39:00,78735.67,78760.0,78735.66,78759.18,6.1619
2026-08-27 04:42:00,78759.19,78814.0,78759.18,78813.99,5.74965
2026-08-27 04:45:00,78814.0,78820.0,78733.99,78739.42,13.31694
2026-08-27 04:48:00,78739.41,78746.0,78722.0,78722.0,7.47169
2026-08-27 04:51:00,78722.0,78729.57,78708.95,78722.51,7.51994
2026-08-27 04:54:00,78722.51,78746.0,78722.51,78745.99,7.58527
2026-08-27 04:57:00,78745.99,78786.25,78745.99,78783.99,11.16451
2026-08-27 05:00:00,78783.99,78784.0,78764.42,78765.15,6.01604
2026-08-27 05:03:00,78765.16,78765.16,78668.78,78669.99,16.46645
2026-08-27 05:06:00,78669.99,78703.88,78658.0,78703.88,14.63699
2026-08-27 05:09:00,78703.87,78729.5,78686.47,78686.47,10.54659
2026-08-27 05:12:00,78686.48,78691.99,78650.0,78650.01,8.78623
2026-08-27 05:15:00,78650.01,78650.01,78629.75,78636.2,13.5383
2026-08-27 05:18:00,78636.19,78650.01,78636.19,78648.76,8.59956
2026-08-27 05:21:00,78648.76,78672.0,78648.76,78670.02,11.66535
2026-08-27 05:24:00,78670.01,78804.0,78670.01,78749.35,17.22978
2026-08-27 05:27:00,78749.35,78749.36,78658.0,78662.52,13.51484
2026-08-27 05:30:00,78662.52,78678.21,78633.48,78654.1,16.06948
2026-08-27 05:33:00,78654.11,78654.11,78600.0,78623.67,26.20544
2026-08-27 05:36:00,78623.68,78708.0,78615.86,78708.0,18.56213
2026-08-27 05:39:00,78707.99,78800.0,78685.41,78766.85,13.0282
2026-08-27 05:42:00,78766.86,78766.86,78682.08,78715.87,15.88306
2026-08-27 05:45:00,78715.88,78790.0,78707.95,78789.99,9.09299
2026-08-27 05:48:00,78790.0,78844.0,78784.6,78829.24,17.57642
2026-08-27 05:51:00,78829.24,78928.0,78829.23,78858.29,25.47452
2026-08-27 05:54:00,78858.28,78858.29,78799.04,78810.97,14.03979
2026-08-27 05:57:00,78810.97,78912.55,78810.97,78912.55,20.39638
2026-08-27 06:00:00,78912.54,78912.55,78836.71,78843.35,16.80124
2026-08-27 06:03:00,78843.36,78843.36,78800.62,78816.42,7.86678
2026-08-27 06:06:00,78816.42,78842.43,78810.3,78816.0,11.80456
2026-08-27 06:09:00,78816.01,78816.01,78764.0,78764.01,8.05116
2026-08-27 06:12:00,78764.01,78764.01,78651.73,78677.77,44.14374
2026-08-27 06:15:00,78677.77,78727.09,78604.78,78727.09,61.67544
2026-08-27 06:18:00,78727.09,78734.0,78697.17,78715.44,9.16586
2026-08-27 06:21:00,78715.45,78796.0,78715.44,78736.79,18.07135
2026-08-27 06:24:00,78736.8,78743.11,78661.59,78667.67,34.30755
2026-08-27 06:27:00,78667.68,78667.68,78608.52,78651.85,40.29619
2026-08-27 06:30:00,78651.85,78794.0,78651.84,78691.53,57.41806
2026-08-27 06:33:00,78691.53,78751.9,78691.53,78751.89,6.03272
2026-08-27 06:36:00,78751.9,78776.65,78739.98,78765.99,13.49632
2026-08-27 06:39:00,78765.99,78778.0,78728.48,78728.49,14.78372
2026-08-27 06:42:00,78728.49,78750.0,78727.48,78750.0,3.95869
2026-08-27 06:45:00,78749.99,78786.98,78749.99,78786.98,13.39216
2026-08-27 06:48:00,78787.51,78823.84,78785.0,78823.84,6.85862
2026-08-27 06:51:00,78823.84,78826.0,78776.02,78826.0,17.63395
2026-08-27 06:54:00,78825.99,78842.38,78810.99,78821.07,8.36732
2026-08-27 06:57:00,78821.08,78842.37,78817.49,78817.49,5.0246
2026-08-27 07:00:00,78817.5,78817.5,78768.87,78774.3,10.79815
2026-08-27 07:03:00,78774.31,78789.25,78774.3,78785.56,5.18458
2026-08-27 07:06:00,78785.55,78790.25,78768.87,78790.25,3.75802
2026-08-27 07:09:00,78790.25,78795.49,78779.51,78795.48,7.82267
2026-08-27 07:12:00,78795.48,78861.46,78791.08,78832.42,6.81367
2026-08-27 07:15:00,78832.41,78841.33,78819.54,78819.55,8.09731
2026-08-27 07:18:00,78819.54,78832.99,78819.54,78819.74,3.90742
2026-08-27 07:21:00,78819.73,78840.94,78805.73,78839.2,11.07454
2026-08-27 07:24:00,78839.19,78839.2,78754.0,78779.07,32.49048
2026-08-27 07:27:00,78779.07,78804.0,78779.06,78795.45,9.95049
2026-08-27 07:30:00,78795.45,78864.0,78795.44,78846.01,12.36614
2026-08-27 07:33:00,78846.0,78868.0,78813.23,78859.97,23.07101
2026-08-27 07:36:00,78859.98,78871.15,78832.0,78843.46,18.43647
2026-08-27 07:39:00,78843.45,78876.65,78839.8,78860.3,27.38507
2026-08-27 07:42:00,78860.29,78877.93,78838.0,78838.0,12.32466
2026-08-27 07:45:00,78838.0,78868.25,78838.0,78866.79,15.1403
2026-08-27 07:48:00,78866.78,78914.0,78857.23,78914.0,18.99061
2026-08-27 07:51:00,78913.99,78988.01,78913.99,78962.42,53.26115
2026-08-27 07:54:00,78962.42,79088.78,78940.89,79088.78,45.06027
2026-08-27 07:57:00,79088.78,79095.99,79040.0,79082.17,20.00815
2026-08-27 08:00:00,79082.18,79197.64,79048.0,79197.64,57.63633
2026-08-27 08:03:00,79197.63,79500.0,79188.53,79308.0,223.59085
2026-08-27 08:06:00,79308.0,79657.14,79294.12,79620.0,117.29861
2026-08-27 08:09:00,79620.0,79875.0,79615.43,79730.96,304.98383
2026-08-27 08:12:00,79730.96,79730.96,79549.43,79635.93,100.75654
2026-08-27 08:15:00,79635.94,79647.78,79491.35,79513.44,97.58867
2026-08-27 08:18:00,79513.44,79535.09,79442.55,79478.61,42.68695
2026-08-27 08:21:00,79478.61,79610.0,79478.61,79556.59,66.98905
2026-08-27 08:24:00,79556.59,79743.53,79556.59,79688.0,39.74179
2026-08-27 08:27:00,79688.01,79749.99,79653.12,79749.99,39.90931
2026-08-27 08:30:00,79749.99,79877.01,79749.99,79830.06,79.67142
2026-08-27 08:33:00,79830.05,79880.0,79775.73,79823.99,37.57973
2026-08-27 08:36:00,79824.0,79826.0,79718.0,79780.1,50.87513
2026-08-27 08:39:00,79780.09,79875.59,79748.01,79865.99,55.53398
2026-08-27 08:42:00,79865.99,79995.85,79826.0,79917.32,57.024
2026-08-27 08:45:00,79917.32,80022.0,79842.08,79874.59,164.7517
2026-08-27 08:48:00,79874.58,79885.22,79790.43,79794.1,67.62723
2026-08-27 08:51:00,79794.1,79883.57,79778.0,79830.01,25.67996
2026-08-27 08:54:00,79830.01,79846.26,79700.0,79779.99,53.34038
2026-08-27 08:57:00,79779.99,79789.44,79730.0,79755.99,22.35671
2026-08-27 09:00:00,79756.0,79790.0,79683.09,79748.49,53.02122
2026-08-27 09:03:00,79748.49,79822.0,79722.0,79774.51,39.69633
2026-08-27 09:06:00,79774.51,79851.72,79714.0,79838.07,17.62082
2026-08-27 09:09:00,79838.07,79884.54,79774.0,79871.1,52.96976
2026-08-27 09:12:00,79871.1,79882.61,79846.0,79877.28,15.65182
2026-08-27 09:15:00,79877.27,79920.0,79787.58,79919.99,40.22787
2026-08-27 09:18:00,79919.99,80085.59,79836.0,80076.46,120.60798
2026-08-27 09:21:00,80076.45,80089.24,80015.12,80066.0,34.85306
2026-08-27 09:24:00,80066.0,80404.25,80047.03,80392.0,171.13261
2026-08-27 09:27:00,80392.0,80497.76,80383.65,80493.86,105.95908
2026-08-27 09:30:00,80493.87,80520.0,80304.0,80335.48,82.53749
2026-08-27 09:33:00,80335.48,80336.0,80204.0,80219.57,34.37446
2026-08-27 09:36:00,80219.57,80320.01,80219.56,80262.0,42.0256
2026-08-27 09:39:00,80262.0,80320.0,80239.75,80270.99,32.98485
2026-08-27 09:42:00,80271.0,80274.0,80199.53,80253.57,24.01779
2026-08-27 09:45:00,80253.57,80277.0,80231.44,80276.99,43.06981
2026-08-27 09:48:00,80276.99,80277.0,80072.0,80076.15,53.10271
2026-08-27 09:51:00,80076.14,80110.0,80038.83,80108.12,73.46773
2026-08-27 09:54:00,80108.12,80108.13,79986.0,79986.0,50.39132
2026-08-27 09:57:00,79986.01,80004.59,79919.6,79986.0,44.16753
2026-08-27 10:00:00,79986.0,80024.0,79922.02,79962.12,22.89494
2026-08-27 10:03:00,79962.13,80078.0,79952.0,80070.0,35.00991
2026-08-27 10:06:00,80070.0,80142.0,80062.41,80132.0,29.89065
2026-08-27 10:09:00,80132.0,80158.15,80086.0,80088.16,20.38494
2026-08-27 10:12:00,80088.17,80088.17,79806.17,79932.76,59.80439
2026-08-27 10:15:00,79932.76,79974.0,79838.06,79952.0,22.80754
2026-08-27 10:18:00,79952.0,79996.0,79946.22,79992.28,21.78006
2026-08-27 10:21:00,79992.28,80020.0,79830.0,79845.7,35.87378
2026-08-27 10:24:00,79845.69,79852.66,79342.0,79520.0,120.88496
2026-08-27 10:27:00,79520.0,79695.44,79486.21,79664.56,46.20267
2026-08-27 10:30:00,79664.56,79667.87,79538.0,79663.88,39.62429
2026-08-27 10:33:00,79663.89,79676.0,79557.38,79573.56,34.43931
2026-08-27 10:36:00,79573.56,79581.94,79368.5,79490.53,47.61647
2026-08-27 10:39:00,79490.54,79591.71,79442.0,79591.71,23.1138
2026-08-27 10:42:00,79591.7,79645.93,79576.0,79609.1,13.4946
2026-08-27 10:45:00,79609.11,79617.79,79496.0,79496.01,24.98059
2026-08-27 10:48:00,79496.0,79560.0,79496.0,79539.49,18.94248
2026-08-27 10:51:00,79539.49,79624.0,79510.0,79598.55,19.29115
2026-08-27 10:54:00,79598.55,79598.55,79554.0,79554.01,7.90978
2026-08-27 10:57:00,79554.01,79626.0,79546.0,79626.0,39.72544
2026-08-27 11:00:00,79625.99,79661.99,79553.23,79640.39,44.76363
2026-08-27 11:03:00,79640.39,79726.0,79638.0,79694.0,14.81451
2026-08-27 11:06:00,79694.0,79719.59,79660.0,79669.15,19.88551
2026-08-27 11:09:00,79669.15,79720.0,79646.0,79646.01,10.31314
2026-08-27 11:12:00,79646.0,79754.0,79646.0,79754.0,15.98689
2026-08-27 11:15:00,79753.99,79762.0,79672.0,79672.0,10.45828
2026-08-27 11:18:00,79672.01,79736.0,79632.0,79736.0,11.44948
2026-08-27 11:21:00,79735.99,79766.3,79688.0,79736.35,16.27534
2026-08-27 11:24:00,79736.34,79751.8,79562.0,79562.0,48.40927
2026-08-27 11:27:00,79562.0,79586.0,79496.0,79523.99,18.58599
2026-08-27 11:30:00,79524.0,79524.0,79390.0,79446.48,43.49171
2026-08-27 11:33:00,79446.49,79562.38,79446.48,79508.17,20.46204
2026-08-27 11:36:00,79508.18,79524.0,79397.0,79422.72,45.51668
2026-08-27 11:39:00,79422.72,79440.76,79400.0,79430.13,46.27812
2026-08-27 11:42:00,79430.13,79448.49,79391.0,79438.51,37.17934
2026-08-27 11:45:00,79438.5,79476.0,79408.7,79452.27,42.19971
2026-08-27 11:48:00,79452.27,79457.42,79363.75,79363.75,36.73594
2026-08-27 11:51:00,79363.75,79452.02,79172.65,79452.02,90.62879
2026-08-27 11:54:00,79452.02,79500.0,79452.02,79489.28,25.10443
2026-08-27 11:57:00,79489.28,79489.28,79475.63,79477.67,22.57566
2026-08-27 12:00:00,79477.66,79523.04,79436.0,79499.99,34.96376
2026-08-27 12:03:00,79499.99,79500.0,79410.0,79422.72,69.8002
2026-08-27 12:06:00,79422.72,79460.0,79378.0,79378.0,21.29029
2026-08-27 12:09:00,79378.0,79555.98,79378.0,79531.89,29.8482
2026-08-27 12:12:00,79531.9,79534.29,79458.0,79498.01,19.16956
2026-08-27 12:15:00,79498.01,79548.6,79434.0,79439.51,20.08897
2026-08-27 12:18:00,79439.52,79451.48,79394.0,79448.0,15.85885
2026-08-27 12:21:00,79447.99,79530.04,79445.99,79507.19,17.24905
2026-08-27 12:24:00,79507.19,79560.6,79488.46,79560.59,13.33589
2026-08-27 12:27:00,79560.6,79596.0,79550.99,79551.0,17.95623
2026-08-27 12:30:00,79551.0,79551.0,79470.0,79470.01,31.69466
2026-08-27 12:33:00,79470.0,79473.4,79310.01,79310.72,28.27712
2026-08-27 12:36:00,79310.71,79350.0,79268.77,79315.87,32.08793
2026-08-27 12:39:00,79315.87,79393.76,79315.87,79336.18,33.72727
2026-08-27 12:42:00,79336.18,79336.18,79268.77,79273.63,14.64048
2026-08-27 12:45:00,79273.62,79322.0,79273.2,79280.89,31.19083
2026-08-27 12:48:00,79280.88,79340.0,79277.61,79339.99,12.98208
2026-08-27 12:51:00,79340.0,79355.92,79268.77,79278.63,14.61234
2026-08-27 12:54:00,79278.64,79316.0,79278.63,79289.18,13.02692
2026-08-27 12:57:00,79289.19,79309.89,79266.0,79282.31,34.16455
2026-08-27 13:00:00,79282.31,79325.0,79282.31,79312.15,28.0629
2026-08-27 13:03:00,79312.14,79321.5,79269.52,79295.99,27.13797
2026-08-27 13:06:00,79296.0,79377.99,79294.25,79352.68,35.59438
2026-08-27 13:09:00,79352.67,79364.0,79280.0,79320.68,31.70715
2026-08-27 13:12:00,79320.67,79377.99,79320.67,79362.46,28.72203
2026-08-27 13:15:00,79362.5,79422.72,79340.0,79340.01,50.68325
2026-08-27 13:18:00,79340.0,79369.34,79300.14,79367.63,25.19418
2026-08-27 13:21:00,79367.62,79429.99,79352.0,79429.99,25.73918
2026-08-27 13:24:00,79429.99,79486.0,79361.43,79486.0,48.96293
2026-08-27 13:27:00,79485.99,79485.99,79352.01,79352.62,38.03778
2026-08-27 13:30:00,79352.63,79364.0,79110.4,79142.01,90.18155
2026-08-27 13:33:00,79142.01,79246.8,79090.27,79202.0,72.66771
2026-08-27 13:36:00,79201.99,79270.0,79152.0,79227.15,63.47731
2026-08-27 13:39:00,79227.5,79270.0,79156.0,79187.5,94.04534
2026-08-27 13:42:00,79187.51,79328.0,79140.45,79236.23,75.05771
2026-08-27 13:45:00,79236.24,79350.5,79127.69,79133.16,78.25779
2026-08-27 13:48:00,79133.16,79160.0,78920.0,79160.0,172.26825
2026-08-27 13:51:00,79160.0,79328.11,79155.99,79296.13,33.99647
2026-08-27 13:54:00,79296.14,79491.57,79254.0,79404.0,64.24014
2026-08-27 13:57:00,79404.0,79568.0,79356.0,79533.15,59.28786
2026-08-27 14:00:00,79533.16,79622.0,79425.22,79610.04,79.18239
2026-08-27 14:03:00,79610.04,79799.99,79599.94,79757.99,81.63883
2026-08-27 14:06:00,79758.0,79781.41,79482.0,79527.99,89.82107
2026-08-27 14:09:00,79527.99,79528.0,79390.0,79422.41,75.43812
2026-08-27 14:12:00,79422.41,79466.0,79354.47,79457.22,38.32018
2026-08-27 14:15:00,79457.23,79575.63,79395.29,79562.05,28.50888
2026-08-27 14:18:00,79562.05,79794.6,79552.09,79759.91,59.11815
2026-08-27 14:21:00,79759.91,79910.0,79680.0,79824.45,78.82373
2026-08-27 14:24:00,79824.45,79833.41,79748.0,79816.4,51.4726
2026-08-27 14:27:00,79816.41,79911.45,79791.36,79911.45,65.28872
2026-08-27 14:30:00,79911.45,79955.93,79820.11,79856.0,129.74734
2026-08-27 14:33:00,79856.01,80047.72,79804.0,80009.44,69.73141
2026-08-27 14:36:00,80009.43,80258.0,80007.23,80227.17,118.27459
2026-08-27 14:39:00,80227.17,80299.0,80139.86,80297.7,81.45373
2026-08-27 14:42:00,80297.7,80388.0,80291.15,80365.08,61.65874
2026-08-27 14:45:00,80365.09,80365.09,80004.47,80035.98,109.37061
2026-08-27 14:48:00,80035.99,80145.0,80035.99,80140.23,54.24782
2026-08-27 14:51:00,80140.24,80199.92,80067.35,80098.0,51.99416
2026-08-27 14:54:00,80098.0,80170.0,80018.0,80159.99,93.30929
2026-08-27 14:57:00,80160.0,80257.22,80140.0,80204.05,46.79144
2026-08-27 15:00:00,80204.06,80320.0,80166.7,80226.16,48.81694
2026-08-27 15:03:00,80226.16,80358.0,80094.0,80358.0,65.56394
2026-08-27 15:06:00,80358.0,80380.96,80146.16,80256.13,64.38729
2026-08-27 15:09:00,80256.13,80370.0,80246.92,80353.93,59.17906
2026-08-27 15:12:00,80353.93,80799.91,80339.89,80677.08,296.24159
2026-08-27 15:15:00,80677.09,80708.0,80458.0,80708.0,84.60069
2026-08-27 15:18:00,80707.99,80729.99,80552.0,80562.9,59.63854
2026-08-27 15:21:00,80562.9,80625.52,80397.23,80530.43,60.42942
2026-08-27 15:24:00,80530.43,80566.0,80482.07,80558.87,89.8429
2026-08-27 15:27:00,80558.88,80689.29,80543.57,80600.0,70.46849
2026-08-27 15:30:00,80600.0,80608.0,80416.38,80475.99,53.81174
2026-08-27 15:33:00,80475.99,80483.03,80375.45,80439.64,47.47439
2026-08-27 15:36:00,80439.64,80508.0,80391.97,80455.95,77.88036
2026-08-27 15:39:00,80455.95,80492.9,80342.1,80475.99,44.98574
2026-08-27 15:42:00,80475.99,80602.0,80454.0,80491.78,82.39384
2026-08-27 15:45:00,80491.78,80508.09,80307.12,80307.12,49.04851
2026-08-27 15:48:00,80307.12,80396.0,80307.12,80368.01,30.16065
2026-08-27 15:51:00,80368.01,80400.0,80299.14,80369.84,44.5205
2026-08-27 15:54:00,80369.85,80400.0,80343.05,80347.75,44.06286
2026-08-27 15:57:00,80347.76,80418.22,80302.32,80302.32,41.84219
2026-08-27 16:00:00,80302.32,80363.74,80295.26,80363.74,38.67345
2026-08-27 16:03:00,80363.73,80476.0,80359.59,80464.39,45.21587
2026-08-27 16:06:00,80464.39,80467.08,80189.39,80206.36,65.71385
2026-08-27 16:09:00,80206.5,80348.9,80194.0,80346.32,55.09688
2026-08-27 16:12:00,80346.31,80536.0,80346.31,80408.0,64.47019
2026-08-27 16:15:00,80408.0,80519.44,80392.0,80496.55,35.23342
2026-08-27 16:18:00,80496.56,80512.0,80427.99,80487.0,53.22441
2026-08-27 16:21:00,80486.99,80519.59,80450.44,80469.23,44.42323
2026-08-27 16:24:00,80469.23,80519.59,80446.0,80502.0,61.67243
2026-08-27 16:27:00,80502.0,80533.99,80392.0,80412.0,41.7372
2026-08-27 16:30:00,80412.0,80412.0,80320.0,80346.1,41.06426
2026-08-27 16:33:00,80346.1,80386.0,80268.0,80313.99,36.45293
2026-08-27 16:36:00,80313.99,80379.21,80268.05,80344.21,37.09397
2026-08-27 16:39:00,80344.22,80546.0,80331.15,80515.72,82.4054
2026-08-27 16:42:00,80515.73,80624.0,80438.2,80572.0,57.56988
2026-08-27 16:45:00,80572.01,80603.36,80429.04,80429.04,40.81091
2026-08-27 16:48:00,80429.05,80460.0,80404.0,80451.24,27.56863
2026-08-27 16:51:00,80451.24,80526.0,80442.39,80517.95,38.17811
2026-08-27 16:54:00,80517.95,80517.96,80350.0,80389.99,32.01192
2026-08-27 16:57:00,80389.99,80432.6,80366.64,80374.0,59.36364
2026-08-27 17:00:00,80374.0,80404.0,80230.0,80261.91,53.72162
2026-08-27 17:03:00,80261.92,80344.36,80234.0,80331.99,29.36245
2026-08-27 17:06:00,80332.0,80484.0,80332.0,80450.45,49.32743
2026-08-27 17:09:00,80450.45,80607.85,80446.0,80529.13,50.40969
2026-08-27 17:12:00,80529.12,80662.0,80500.72,80623.72,44.54691
2026-08-27 17:15:00,80623.71,80738.85,80593.58,80730.89,88.91635
2026-08-27 17:18:00,80730.88,80848.74,80730.88,80800.82,84.13009
2026-08-27 17:21:00,80800.82,80813.99,80674.0,80727.31,62.51123
2026-08-27 17:24:00,80727.3,80802.83,80727.3,80782.32,34.77843
2026-08-27 17:27:00,80782.32,80798.51,80678.0,80713.59,39.69877
2026-08-27 17:30:00,80713.59,80794.0,80713.58,80791.08,101.06917
2026-08-27 17:33:00,80791.09,80806.76,80600.0,80693.64,113.77564
2026-08-27 17:36:00,80693.64,80710.0,80609.48,80654.68,51.20939
2026-08-27 17:39:00,80654.69,80704.0,80600.0,80600.0,30.8708
2026-08-27 17:42:00,80600.01,80600.01,80462.0,80484.0,38.74102
2026-08-27 17:45:00,80484.0,80518.0,80432.0,80480.0,30.60445
2026-08-27 17:48:00,80479.99,80566.39,80462.56,80566.38,16.48787
2026-08-27 17:51:00,80566.39,80566.39,80465.01,80479.7,18.29989
2026-08-27 17:54:00,80479.7,80528.0,80465.63,80509.19,15.98997
2026-08-27 17:57:00,80509.19,80514.0,80432.45,80442.46,19.30958
2026-08-27 18:00:00,80442.47,80442.47,80325.88,80370.84,46.23904
2026-08-27 18:03:00,80370.85,80397.99,80336.44,80349.44,23.88816
2026-08-27 18:06:00,80349.44,80416.0,80346.34,80384.0,11.75204
2026-08-27 18:09:00,80384.0,80386.0,80294.72,80334.34,25.06577
2026-08-27 18:12:00,80334.34,80334.34,79982.38,80076.76,115.09016
2026-08-27 18:15:00,80076.76,80194.0,79890.0,79891.75,78.70897
2026-08-27 18:18:00,79891.76,79962.0,79838.0,79842.7,58.55446
2026-08-27 18:21:00,79842.7,79990.0,79749.7,79910.01,51.76088
2026-08-27 18:24:00,79910.01,79966.0,79864.0,79940.0,23.875
2026-08-27 18:27:00,79940.0,79982.79,79893.0,79912.0,22.00709
2026-08-27 18:30:00,79911.99,79952.0,79888.0,79923.96,18.78894
2026-08-27 18:33:00,79923.97,79943.31,79826.9,79943.3,27.11979
2026-08-27 18:36:00,79943.31,79999.0,79928.25,79998.99,16.05395
2026-08-27 18:39:00,79998.99,80014.81,79980.0,79980.01,20.71525
2026-08-27 18:42:00,79980.01,79987.28,79867.86,79964.07,29.7737
2026-08-27 18:45:00,79964.06,79980.52,79921.31,79977.44,12.45022
2026-08-27 18:48:00,79977.44,80032.0,79910.0,79950.0,23.50414
2026-08-27 18:51:00,79949.99,80026.0,79949.99,80026.0,12.4751
2026-08-27 18:54:00,80025.99,80045.95,79996.0,80044.03,17.72258
2026-08-27 18:57:00,80044.02,80159.11,80044.02,80150.69,27.2802
2026-08-27 19:00:00,80150.69,80173.75,80115.45,80153.01,19.70403
2026-08-27 19:03:00,80153.01,80240.37,80132.56,80240.36,22.01246
2026-08-27 19:06:00,80240.36,80284.96,80222.68,80277.98,23.04732
2026-08-27 19:09:00,80277.99,80294.11,80214.0,80224.9,12.36963
2026-08-27 19:12:00,80224.9,80237.22,80139.71,80163.26,18.5447
2026-08-27 19:15:00,80163.26,80165.99,80100.0,80160.31,16.33555
2026-08-27 19:18:00,80160.32,80232.0,80132.0,80132.01,16.82623
2026-08-27 19:21:00,80132.01,80198.67,80098.0,80100.39,17.91967
2026-08-27 19:24:00,80100.39,80124.15,80094.0,80094.01,21.83114
2026-08-27 19:27:00,80094.01,80177.04,80042.41,80177.03,30.95232
2026-08-27 19:30:00,80177.04,80226.0,80162.75,80162.76,42.42244
2026-08-27 19:33:00,80162.76,80167.79,80098.0,80098.01,32.85375
2026-08-27 19:36:00,80098.01,80105.36,79992.88,80029.04,45.84486
2026-08-27 19:39:00,80029.04,80047.61,79980.0,79988.26,20.71828
2026-08-27 19:42:00,79988.25,80014.0,79988.25,80007.6,7.96585
2026-08-27 19:45:00,80007.61,80045.99,79989.38,79990.66,15.86874
2026-08-27 19:48:00,79990.67,80024.97,79987.51,80020.82,12.11816
2026-08-27 19:51:00,80020.82,80045.77,79961.16,80014.42,49.61715
2026-08-27 19:54:00,80014.42,80051.4,79984.51,79984.52,34.0228
2026-08-27 19:57:00,79984.52,79992.0,79886.0,79910.19,53.63344
2026-08-27 20:00:00,79910.19,79932.0,79882.86,79903.99,17.338
2026-08-27 20:03:00,79903.99,80024.86,79888.0,80024.85,33.89384
2026-08-27 20:06:00,80024.85,80051.68,79958.0,79982.53,29.03057
2026-08-27 20:09:00,79982.54,80023.99,79964.05,79991.3,9.91007
2026-08-27 20:12:00,79991.31,79998.02,79957.2,79957.2,9.72444
2026-08-27 20:15:00,79957.21,79992.96,79952.01,79990.46,7.23619
2026-08-27 20:18:00,79990.46,80041.42,79968.21,80041.41,13.16256
2026-08-27 20:21:00,80041.41,80120.0,80041.41,80057.15,20.93492
2026-08-27 20:24:00,80057.16,80057.16,79986.07,79986.75,20.33298
2026-08-27 20:27:00,79986.75,80034.0,79986.74,79988.02,13.63885
2026-08-27 20:30:00,79988.03,80002.25,79978.0,80002.07,10.6987
2026-08-27 20:33:00,80002.08,80008.02,79986.0,79994.17,6.91782
2026-08-27 20:36:00,79994.18,80000.0,79986.0,80000.0,4.75738
2026-08-27 20:39:00,79999.99,80000.0,79997.4,80000.0,2.52312
2026-08-27 20:42:00,79999.99,80051.75,79999.99,80020.02,9.16514
2026-08-27 20:45:00,80020.01,80049.38,80012.22,80020.0,13.52199
2026-08-27 20:48:00,80020.0,80020.0,79966.05,80004.34,22.30063
2026-08-27 20:51:00,80004.35,80018.0,79974.68,79974.69,7.17331
2026-08-27 20:54:00,79974.69,80009.22,79974.68,80008.64,9.61415
2026-08-27 20:57:00,80008.65,80096.0,80008.64,80096.0,20.99787
2026-08-27 21:00:00,80096.0,80113.98,80018.0,80033.8,28.94175
2026-08-27 21:03:00,80033.8,80081.74,80033.79,80035.17,18.3477
2026-08-27 21:06:00,80035.17,80117.81,80035.17,80081.96,21.90112
2026-08-27 21:09:00,80081.96,80146.45,80067.42,80146.45,7.83919
2026-08-27 21:12:00,80146.46,80155.99,80092.0,80097.55,28.70563
2026-08-27 21:15:00,80097.55,80129.9,80046.0,80061.7,11.61541
2026-08-27 21:18:00,80061.7,80061.7,80000.0,80006.6,14.95279
2026-08-27 21:21:00,80006.6,80120.0,79992.0,80068.91,24.38196
2026-08-27 21:24:00,80068.92,80082.62,80066.0,80082.62,3.71484
2026-08-27 21:27:00,80082.61,80089.6,80034.18,80034.19,4.43851
2026-08-27 21:30:00,80034.19,80126.0,80034.18,80126.0,14.63966
2026-08-27 21:33:00,80125.99,80126.0,80082.51,80094.71,12.44804
2026-08-27 21:36:00,80094.72,80094.72,80051.04,80059.45,6.22817
2026-08-27 21:39:00,80059.44,80062.59,80031.99,80045.82,15.18678
2026-08-27 21:42:00,80045.83,80045.83,79975.74,80023.99,14.40868
2026-08-27 21:45:00,80024.0,80089.99,80008.01,80079.77,14.99627
2026-08-27 21:48:00,80079.77,80129.61,80068.0,80100.01,12.13389
2026-08-27 21:51:00,80100.01,80106.76,80072.12,80085.65,6.73944
2026-08-27 21:54:00,80085.66,80137.02,80085.65,80137.01,9.60501
2026-08-27 21:57:00,80137.01,80184.0,80137.0,80184.0,7.19058
2026-08-27 22:00:00,80184.0,80267.0,80183.99,80267.0,12.60478
2026-08-27 22:03:00,80267.0,80315.56,80248.0,80278.59,20.84328
2026-08-27 22:06:00,80278.59,80321.04,80238.2,80258.58,18.00539
2026-08-27 22:09:00,80258.58,80267.31,80212.0,80247.56,11.4954
2026-08-27 22:12:00,80247.55,80282.0,80247.55,80250.1,12.23647
2026-08-27 22:15:00,80250.11,80400.72,80250.1,80385.38,29.47655
2026-08-27 22:18:00,80385.38,80432.36,80380.0,80392.01,26.38079
2026-08-27 22:21:00,80392.01,80394.58,80345.41,80366.74,14.30935
2026-08-27 22:24:00,80366.75,80369.45,80286.15,80286.16,27.45204
2026-08-27 22:27:00,80286.16,80287.8,80204.33,80238.71,174.54336
2026-08-27 22:30:00,80238.71,80258.0,80192.0,80258.0,13.33462
2026-08-27 22:33:00,80258.0,80288.0,80236.36,80245.48,12.81143
2026-08-27 22:36:00,80245.47,80245.47,80150.0,80216.04,38.49608
2026-08-27 22:39:00,80216.04,80265.5,80188.41,80193.87,15.07943
2026-08-27 22:42:00,80193.88,80289.61,80193.87,80284.04,22.68469
2026-08-27 22:45:00,80284.03,80284.03,80218.0,80262.45,7.98617
2026-08-27 22:48:00,80262.45,80274.0,80234.38,80234.39,15.66206
2026-08-27 22:51:00,80234.39,80270.0,80230.79,80268.06,5.26727
2026-08-27 22:54:00,80268.06,80268.06,80237.24,80251.23,5.48398
2026-08-27 22:57:00,80251.23,80303.22,80251.22,80303.21,50.08759
2026-08-27 23:00:00,80303.21,80312.86,80256.3,80301.15,68.81916
2026-08-27 23:03:00,80301.15,80301.15,80228.22,80239.27,6.85178
2026-08-27 23:06:00,80239.27,80264.35,80217.09,80254.05,16.40812
2026-08-27 23:09:00,80254.06,80269.99,80191.97,80228.02,20.97053
2026-08-27 23:12:00,80228.02,80251.33,80150.0,80167.03,12.23262
2026-08-27 23:15:00,80167.02,80259.93,80134.0,80259.93,12.34615
2026-08-27 23:18:00,80259.93,80354.0,80259.93,80354.0,19.19887
2026-08-27 23:21:00,80354.0,80389.65,80290.0,80389.65,11.23813
2026-08-27 23:24:00,80389.64,80393.6,80312.1,80319.28,15.70915
2026-08-27 23:27:00,80319.28,80335.99,80293.1,80321.96,10.62945
2026-08-27 23:30:00,80321.95,80327.04,80274.88,80285.66,14.14758
2026-08-27 23:33:00,80285.65,80295.7,80268.05,80268.06,6.6673
2026-08-27 23:36:00,80268.05,80295.34,80262.65,80291.48,9.74015
2026-08-27 23:39:00,80291.48,80300.0,80289.39,80294.07,8.91825
2026-08-27 23:42:00,80294.06,80295.36,80248.0,80262.06,16.47368
2026-08-27 23:45:00,80262.06,80270.0,80192.08,80192.08,12.48832
2026-08-27 23:48:00,80192.09,80264.0,80192.09,80263.99,10.18369
2026-08-27 23:51:00,80264.0,80315.25,80260.0,80288.0,17.52939
2026-08-27 23:54:00,80288.0,80288.0,80253.99,80254.0,10.06065
2026-08-27 23:57:00,80253.99,80258.26,80235.18,80249.58,29.21234
2026-08-28 00:00:00,80249.59,80270.0,80170.46,80170.47,34.54863
2026-08-28 00:03:00,80170.47,80193.67,80154.0,80189.2,11.83772
2026-08-28 00:06:00,80189.21,80201.75,80153.99,80165.39,20.29153
2026-08-28 00:09:00,80165.38,80227.06,80165.38,80227.06,9.75004
2026-08-28 00:12:00,80227.06,80256.86,80216.58,80216.59,41.00715
2026-08-28 00:15:00,80216.59,80393.09,80216.58,80393.09,64.6176
2026-08-28 00:18:00,80393.08,80413.37,80341.6,80375.22,25.63321
2026-08-28 00:21:00,80375.21,80453.99,80372.28,80425.6,19.06319
2026-08-28 00:24:00,80425.61,80442.31,80342.47,80442.31,29.01168
2026-08-28 00:27:00,80442.31,80460.52,80402.0,80421.58,13.93136
2026-08-28 00:30:00,80421.58,80482.0,80358.61,80481.99,27.4594
2026-08-28 00:33:00,80481.99,80496.13,80369.02,80436.05,32.48304
2026-08-28 00:36:00,80436.05,80500.0,80408.76,80485.84,13.3315
2026-08-28 00:39:00,80485.83,80500.0,80400.0,80400.0,9.10511
2026-08-28 00:42:00,80400.01,80442.0,80386.0,80418.23,16.46471
2026-08-28 00:45:00,80418.22,80422.0,80360.16,80362.1,7.07261
2026-08-28 00:48:00,80362.1,80440.77,80349.1,80421.11,27.21557
2026-08-28 00:51:00,80421.1,80470.15,80365.91,80470.15,14.52347
2026-08-28 00:54:00,80470.15,80575.59,80442.38,80557.58,46.24096
2026-08-28 00:57:00,80557.57,80705.37,80542.0,80576.0,53.00848
2026-08-28 01:00:00,80575.99,80782.88,80575.99,80709.22,38.10238
2026-08-28 01:03:00,80709.23,80815.26,80709.22,80763.59,49.44899
2026-08-28 01:06:00,80763.6,80763.6,80691.18,80749.99,21.75158
2026-08-28 01:09:00,80749.99,80876.04,80740.88,80740.89,58.1629
2026-08-28 01:12:00,80740.88,80805.33,80734.04,80754.45,21.04069
2026-08-28 01:15:00,80754.45,80810.6,80692.0,80797.11,35.32432
2026-08-28 01:18:00,80797.12,81115.0,80776.29,81093.48,221.90625
2026-08-28 01:21:00,81093.48,81104.3,80986.15,81027.45,67.78816
2026-08-28 01:24:00,81027.46,81096.0,81002.32,81078.8,46.96234
2026-08-28 01:27:00,81078.79,81175.94,81028.0,81130.98,107.56372
2026-08-28 01:30:00,81130.97,81240.84,81058.43,81240.83,145.90681
2026-08-28 01:33:00,81240.84,81478.87,81102.0,81172.35,211.29453
2026-08-28 01:36:00,81172.36,81185.83,80810.81,80844.0,113.00853
2026-08-28 01:39:00,80844.0,80945.43,80834.0,80936.83,56.58001
2026-08-28 01:42:00,80936.83,80968.36,80844.03,80844.03,49.53991
2026-08-28 01:45:00,80844.03,80884.0,80715.0,80736.94,45.00478
2026-08-28 01:48:00,80736.94,80767.32,80678.84,80759.3,23.90485
2026-08-28 01:51:00,80759.31,80759.31,80513.54,80560.67,74.18492
2026-08-28 01:54:00,80560.68,80648.27,80501.13,80501.13,47.48646
2026-08-28 01:57:00,80501.13,80514.46,80434.15,80500.38,28.08876
2026-08-28 02:00:00,80500.38,80500.38,80328.0,80341.19,76.59143
2026-08-28 02:03:00,80341.19,80432.0,80307.48,80409.7,47.02348
2026-08-28 02:06:00,80409.69,80464.9,80365.42,80381.22,24.65773
2026-08-28 02:09:00,80381.23,80476.0,80338.0,80338.0,47.83878
2026-08-28 02:12:00,80338.01,80347.96,80229.04,80235.83,45.05899
2026-08-28 02:15:00,80235.83,80293.92,80066.07,80099.58,162.6743
2026-08-28 02:18:00,80099.28,80154.0,80029.91,80127.99,51.19289
2026-08-28 02:21:00,80128.0,80154.0,79950.0,79977.48,124.90887
2026-08-28 02:24:00,79977.48,80120.0,79974.91,80072.01,51.60348
2026-08-28 02:27:00,80072.01,80080.0,79917.88,79917.89,75.87074
2026-08-28 02:30:00,79917.88,80012.0,79822.4,79981.52,107.28433
2026-08-28 02:33:00,79981.52,80082.11,79950.5,80082.01,34.68171
2026-08-28 02:36:00,80082.11,80153.48,80065.4,80130.88,43.15771
2026-08-28 02:39:00,80130.88,80130.88,80044.2,80074.92,34.54378
2026-08-28 02:42:00,80074.91,80104.2,79970.59,80037.99,33.486
2026-08-28 02:45:00,80038.0,80038.0,79801.42,79961.98,48.90346
2026-08-28 02:48:00,79961.98,79961.99,79816.0,79816.01,35.10322
2026-08-28 02:51:00,79816.01,79903.26,79723.02,79903.26,85.57675
2026-08-28 02:54:00,79903.26,79927.72,79860.0,79914.92,25.51752
2026-08-28 02:57:00,79914.91,79974.0,79890.15,79926.11,34.52992
2026-08-28 03:00:00,79926.11,79932.01,79876.21,79876.21,8.60813
2026-08-28 03:03:00,79876.22,79956.0,79828.0,79952.74,25.0558
2026-08-28 03:06:00,79952.75,79974.0,79824.08,79837.51,34.35823
2026-08-28 03:09:00,79837.51,79882.0,79775.61,79881.99,25.56297
2026-08-28 03:12:00,79881.99,79969.99,79876.0,79876.0,22.89481
2026-08-28 03:15:00,79876.0,79958.0,79874.0,79946.06,29.07954
2026-08-28 03:18:00,79946.07,80024.82,79932.51,80010.28,22.6509
2026-08-28 03:21:00,80010.27,80033.31,79982.0,80033.31,24.53691
2026-08-28 03:24:00,80033.31,80060.01,79985.62,79985.63,83.11415
2026-08-28 03:27:00,79985.62,79985.63,79905.29,79910.0,13.52951
2026-08-28 03:30:00,79910.01,79991.32,79900.0,79933.51,25.63402
2026-08-28 03:33:00,79933.51,79934.0,79903.25,79920.88,10.5367
2026-08-28 03:36:00,79920.88,79927.25,79836.0,79836.01,51.18869
2026-08-28 03:39:00,79836.01,79883.75,79836.0,79882.6,21.58971
2026-08-28 03:42:00,79882.6,79888.72,79812.0,79814.57,21.5423
2026-08-28 03:45:00,79814.56,79851.98,79778.66,79851.98,42.71673
2026-08-28 03:48:00,79851.98,79863.04,79798.32,79798.45,29.94065
2026-08-28 03:51:00,79798.44,79856.0,79786.0,79856.0,11.08425
2026-08-28 03:54:00,79855.99,79856.0,79790.12,79809.99,19.67329
2026-08-28 03:57:00,79809.99,79833.44,79803.95,79810.49,7.39724
2026-08-28 04:00:00,79810.48,79844.69,79802.76,79820.37,19.35819
2026-08-28 04:03:00,79820.37,79824.56,79700.0,79704.69,59.76545
2026-08-28 04:06:00,79704.69,79742.82,79645.99,79678.01,53.94024
2026-08-28 04:09:00,79678.0,79749.97,79603.81,79749.97,37.18826
2026-08-28 04:12:00,79749.97,79844.69,79749.97,79844.69,54.29778
2026-08-28 04:15:00,79844.68,79964.06,79844.68,79950.11,115.75588
2026-08-28 04:18:00,79950.12,79970.5,79878.0,79878.0,23.03889
2026-08-28 04:21:00,79878.01,79942.0,79844.32,79864.45,20.27524
2026-08-28 04:24:00,79864.44,79864.45,79836.0,79836.0,7.8134
2026-08-28 04:27:00,79836.0,79836.01,79816.0,79816.01,5.907
2026-08-28 04:30:00,79816.0,79840.0,79720.86,79729.04,18.34546
2026-08-28 04:33:00,79729.04,79747.47,79694.01,79697.28,13.77141
2026-08-28 04:36:00,79697.29,79697.29,79644.0,79655.87,16.28094
2026-08-28 04:39:00,79655.88,79729.01,79630.05,79726.46,20.84853
2026-08-28 04:42:00,79726.45,79739.6,79705.25,79705.26,6.6009
2026-08-28 04:45:00,79705.26,79744.75,79700.0,79700.01,26.13396
2026-08-28 04:48:00,79700.0,79715.83,79617.74,79653.99,31.24095
2026-08-28 04:51:00,79654.0,79702.0,79653.99,79675.68,11.40343
2026-08-28 04:54:00,79675.69,79675.69,79648.0,79673.34,8.56316
2026-08-28 04:57:00,79673.35,79673.35,79624.88,79643.81,12.33885
2026-08-28 05:00:00,79643.8,79643.81,79558.11,79594.0,55.82664
2026-08-28 05:03:00,79594.0,79720.87,79580.75,79682.41,22.9736
2026-08-28 05:06:00,79682.41,79682.41,79569.99,79592.34,17.37269
2026-08-28 05:09:00,79592.45,79617.13,79561.99,79603.61,14.45363
2026-08-28 05:12:00,79603.6,79634.0,79570.14,79634.0,16.22922
2026-08-28 05:15:00,79634.0,79666.36,79634.0,79657.26,6.43983
2026-08-28 05:18:00,79657.15,79681.09,79618.0,79618.01,9.74441
2026-08-28 05:21:00,79618.0,79635.04,79574.38,79596.8,10.79112
2026-08-28 05:24:00,79596.79,79660.07,79580.32,79660.06,9.79641
2026-08-28 05:27:00,79660.06,79731.5,79634.0,79731.5,24.51711
2026-08-28 05:30:00,79731.49,79814.0,79703.83,79805.41,19.80835
2026-08-28 05:33:00,79805.4,79854.9,79763.04,79841.47,12.76241
2026-08-28 05:36:00,79841.47,79861.46,79826.23,79826.23,9.0749
2026-08-28 05:39:00,79826.24,79826.24,79792.18,79792.32,6.04863
2026-08-28 05:42:00,79792.32,79814.0,79786.86,79806.23,7.27828
2026-08-28 05:45:00,79806.23,79868.0,79796.15,79859.29,13.79345
2026-08-28 05:48:00,79859.29,79872.6,79829.57,79829.58,17.75576
2026-08-28 05:51:00,79829.58,79829.58,79800.66,79800.66,9.62813
2026-08-28 05:54:00,79800.66,79800.67,79680.0,79680.0,24.23951
2026-08-28 05:57:00,79680.0,79686.0,79647.64,79686.0,18.04696
2026-08-28 06:00:00,79686.0,79819.95,79685.99,79810.95,12.70965
2026-08-28 06:03:00,79810.95,79842.47,79805.86,79818.09,12.14013
2026-08-28 06:06:00,79818.09,79903.25,79818.08,79903.25,47.87539
2026-08-28 06:09:00,79903.24,79903.25,79862.02,79881.34,14.63724
2026-08-28 06:12:00,79881.35,79903.26,79873.28,79903.26,23.56807
2026-08-28 06:15:00,79903.26,79903.26,79855.59,79861.75,22.47007
2026-08-28 06:18:00,79861.74,79874.88,79800.45,79828.13,17.92584
2026-08-28 06:21:00,79828.12,79871.09,79811.14,79849.59,18.52336
2026-08-28 06:24:00,79849.59,79861.22,79844.78,79844.78,7.18269
2026-08-28 06:27:00,79844.79,79844.79,79824.58,79827.15,13.77718
2026-08-28 06:30:00,79827.14,79840.41,79808.15,79821.34,12.3068
2026-08-28 06:33:00,79821.34,79870.0,79800.0,79851.71,12.61668
2026-08-28 06:36:00,79851.71,79874.0,79851.7,79852.65,11.13419
2026-08-28 06:39:00,79852.66,79870.81,79800.0,79826.97,17.6792
2026-08-28 06:42:00,79826.97,79872.0,79817.32,79861.98,12.55473
2026-08-28 06:45:00,79861.99,79926.0,79861.98,79926.0,11.71588
2026-08-28 06:48:00,79926.0,79992.67,79925.99,79992.66,19.26251
2026-08-28 06:51:00,79992.66,79999.0,79975.09,79981.96,12.21214
2026-08-28 06:54:00,79981.95,79981.96,79934.21,79934.21,44.02751
2026-08-28 06:57:00,79934.2,79935.49,79904.1,79904.21,14.81304
2026-08-28 07:00:00,79904.21,79904.21,79855.57,79855.57,14.06696
2026-08-28 07:03:00,79855.57,79870.54,79744.42,79745.69,65.13888
2026-08-28 07:06:00,79745.69,79745.7,79682.0,79682.0,15.56474
2026-08-28 07:09:00,79682.01,79736.97,79662.13,79703.42,10.3996
2026-08-28 07:12:00,79703.43,79704.45,79687.61,79687.62,4.45959
2026-08-28 07:15:00,79687.62,79758.0,79687.61,79720.87,10.36669
2026-08-28 07:18:00,79720.87,79720.87,79705.43,79705.44,10.34421
2026-08-28 07:21:00,79705.44,79715.82,79678.0,79705.15,16.30835
2026-08-28 07:24:00,79705.15,79764.0,79686.47,79761.82,10.85739
2026-08-28 07:27:00,79761.81,79813.74,79761.81,79805.27,19.55994
2026-08-28 07:30:00,79805.27,79805.28,79750.94,79750.94,66.76172
2026-08-28 07:33:00,79750.94,79750.94,79717.52,79727.61,78.54961
2026-08-28 07:36:00,79727.6,79727.61,79684.07,79689.39,72.34956
2026-08-28 07:39:00,79689.39,79689.4,79662.74,79666.18,73.313
2026-08-28 07:42:00,79666.17,79666.18,79573.36,79578.15,106.09857
2026-08-28 07:45:00,79578.15,79651.12,79575.27,79607.81,98.07578
2026-08-28 07:48:00,79607.81,79667.94,79603.79,79653.32,103.58346
2026-08-28 07:51:00,79653.31,79666.0,79632.85,79648.96,81.14663
2026-08-28 07:54:00,79648.96,79667.99,79593.38,79664.01,81.67721
2026-08-28 07:57:00,79664.01,79675.61,79640.79,79660.0,79.48453
2026-08-28 08:00:00,79660.0,79727.6,79659.99,79727.59,47.24431
2026-08-28 08:03:00,79727.6,79826.88,79725.9,79726.0,20.19253
2026-08-28 08:06:00,79726.01,79798.19,79712.14,79794.15,14.96505
2026-08-28 08:09:00,79794.15,79840.0,79782.96,79782.96,18.52128
2026-08-28 08:12:00,79782.97,79782.97,79738.51,79738.52,12.72898
2026-08-28 08:15:00,79738.51,79822.0,79738.51,79822.0,10.51404
2026-08-28 08:18:00,79822.0,79834.0,79816.71,79820.01,9.6027
2026-08-28 08:21:00,79820.01,79835.81,79802.33,79803.01,10.70085
2026-08-28 08:24:00,79803.0,79812.0,79789.52,79795.18,12.58019
2026-08-28 08:27:00,79795.19,79798.61,79788.72,79788.72,31.14902
2026-08-28 08:30:00,79788.73,79815.72,79775.07,79798.53,99.40482
2026-08-28 08:33:00,79798.52,79809.56,79776.0,79790.99,20.86352
2026-08-28 08:36:00,79791.0,79791.0,79762.66,79763.41,13.92292
2026-08-28 08:39:00,79763.41,79803.51,79744.0,79803.51,26.70761
2026-08-28 08:42:00,79803.5,79819.45,79716.48,79716.48,15.25792
2026-08-28 08:45:00,79716.48,79724.53,79584.0,79586.54,46.19606
2026-08-28 08:48:00,79586.54,79601.78,79480.0,79530.46,76.16433
2026-08-28 08:51:00,79530.46,79599.27,79530.45,79599.26,21.51984
2026-08-28 08:54:00,79599.26,79599.27,79488.44,79488.44,12.4114
2026-08-28 08:57:00,79488.45,79520.0,79488.44,79516.78,5.56059
2026-08-28 09:00:00,79516.77,79516.78,79336.0,79354.64,62.35615
2026-08-28 09:03:00,79354.64,79409.28,79259.43,79358.93,97.60517
2026-08-28 09:06:00,79358.94,79442.0,79358.91,79442.0,29.9161
2026-08-28 09:09:00,79442.0,79477.67,79402.61,79465.43,17.22339
2026-08-28 09:12:00,79465.43,79465.44,79380.0,79382.86,12.13379
2026-08-28 09:15:00,79382.86,79416.86,79382.86,79410.84,8.26881
2026-08-28 09:18:00,79410.85,79436.0,79410.84,79422.1,57.5507
2026-08-28 09:21:00,79422.09,79422.1,79393.25,79414.28,8.74585
2026-08-28 09:24:00,79414.28,79460.41,79414.28,79420.01,14.35058
2026-08-28 09:27:00,79420.01,79420.01,79377.33,79377.34,6.90944
2026-08-28 09:30:00,79377.34,79412.81,79348.09,79348.29,48.0511
2026-08-28 09:33:00,79348.3,79392.0,79348.28,79363.8,14.64027
2026-08-28 09:36:00,79363.8,79393.84,79356.75,79391.47,6.7351
2026-08-28 09:39:00,79391.47,79445.0,79357.71,79375.03,20.03094
2026-08-28 09:42:00,79375.04,79379.59,79276.0,79277.82,43.78635
2026-08-28 09:45:00,79277.81,79350.0,79277.81,79282.07,22.24721
2026-08-28 09:48:00,79282.08,79297.78,79273.78,79283.76,14.97405
2026-08-28 09:51:00,79283.76,79348.0,79283.75,79323.53,24.42015
2026-08-28 09:54:00,79323.53,79323.53,79308.0,79308.01,14.65014
2026-08-28 09:57:00,79308.0,79308.01,79285.19,79285.19,17.14914
2026-08-28 10:00:00,79285.19,79308.01,79233.19,79240.28,26.07808
2026-08-28 10:03:00,79240.28,79240.28,79172.4,79201.99,45.32957
2026-08-28 10:06:00,79202.0,79216.56,79016.0,79074.5,97.78516
2026-08-28 10:09:00,79074.5,79176.39,79001.01,79176.39,74.03944
2026-08-28 10:12:00,79176.39,79233.74,79176.39,79220.48,36.89376
2026-08-28 10:15:00,79220.49,79227.38,79157.0,79157.01,27.77117
2026-08-28 10:18:00,79157.01,79206.0,79157.01,79176.22,12.79891
2026-08-28 10:21:00,79176.22,79197.29,79152.0,79173.98,18.757
2026-08-28 10:24:00,79173.98,79214.0,79156.79,79213.99,8.94674
2026-08-28 10:27:00,79214.0,79308.39,79207.64,79303.65,28.49892
2026-08-28 10:30:00,79303.65,79373.39,79300.98,79353.9,24.18734
2026-08-28 10:33:00,79353.9,79361.32,79294.57,79310.19,19.87898
2026-08-28 10:36:00,79310.19,79342.0,79310.19,79338.91,5.61556
2026-08-28 10:39:00,79338.91,79360.0,79338.91,79343.61,4.56932
2026-08-28 10:42:00,79343.61,79343.61,79328.75,79328.76,10.31149
2026-08-28 10:45:00,79328.75,79396.0,79316.17,79395.99,15.49645
2026-08-28 10:48:00,79396.0,79403.3,79367.96,79367.96,10.98202
2026-08-28 10:51:00,79367.96,79427.95,79352.0,79422.5,27.71251
2026-08-28 10:54:00,79422.5,79527.11,79412.51,79520.42,23.45296
2026-08-28 10:57:00,79520.43,79571.99,79517.35,79565.89,29.66613
2026-08-28 11:00:00,79565.9,79631.97,79555.22,79631.97,20.60147
2026-08-28 11:03:00,79631.97,79720.36,79631.97,79677.99,34.49086
2026-08-28 11:06:00,79677.99,79686.0,79623.05,79682.43,21.65738
2026-08-28 11:09:00,79682.42,79682.43,79636.83,79645.06,23.24885
2026-08-28 11:12:00,79645.05,79694.0,79639.29,79694.0,11.16481
2026-08-28 11:15:00,79694.0,79700.81,79666.0,79666.0,24.51458
2026-08-28 11:18:00,79666.0,79744.09,79650.0,79722.41,26.45401
2026-08-28 11:21:00,79722.4,79743.61,79697.62,79743.61,20.99292
2026-08-28 11:24:00,79743.6,79770.29,79683.67,79693.1,35.93304
2026-08-28 11:27:00,79693.11,79714.34,79654.11,79668.83,12.47984
2026-08-28 11:30:00,79668.83,79711.1,79663.43,79711.09,20.76679
2026-08-28 11:33:00,79711.1,79745.2,79635.08,79640.9,20.50783
2026-08-28 11:36:00,79640.9,79659.49,79582.9,79583.05,38.61016
2026-08-28 11:39:00,79583.04,79604.84,79583.04,79604.84,21.43909
2026-08-28 11:42:00,79604.84,79631.66,79604.83,79626.03,6.99741
2026-08-28 11:45:00,79626.03,79644.88,79626.02,79632.92,4.75997
2026-08-28 11:48:00,79632.93,79632.93,79590.0,79590.01,10.13821
2026-08-28 11:51:00,79590.01,79593.71,79560.12,79560.12,19.31127
2026-08-28 11:54:00,79560.12,79592.25,79560.12,79592.25,14.79332
2026-08-28 11:57:00,79592.24,79608.24,79592.24,79604.13,5.21756
2026-08-28 12:00:00,79604.12,79624.76,79568.79,79600.63,14.16517
2026-08-28 12:03:00,79600.63,79660.07,79592.65,79660.07,11.52937
2026-08-28 12:06:00,79660.06,79672.77,79587.22,79587.22,17.05937
2026-08-28 12:09:00,79587.23,79587.43,79522.22,79530.36,16.99366
2026-08-28 12:12:00,79530.35,79535.73,79512.34,79535.73,17.58081
2026-08-28 12:15:00,79535.73,79664.0,79535.72,79659.73,21.77645
2026-08-28 12:18:00,79659.74,79727.36,79600.0,79632.0,20.29375
2026-08-28 12:21:00,79632.0,79673.84,79570.49,79570.49,22.02139
2026-08-28 12:24:00,79570.5,79609.06,79570.44,79576.47,17.26549
2026-08-28 12:27:00,79576.46,79576.46,79526.0,79526.0,17.76921
2026-08-28 12:30:00,79526.0,79532.52,79484.77,79491.53,26.14212
2026-08-28 12:33:00,79491.54,79495.55,79450.0,79450.01,22.00144
2026-08-28 12:36:00,79450.0,79450.01,79397.59,79397.61,22.66993
2026-08-28 12:39:00,79397.61,79432.41,79325.08,79338.28,30.68958
2026-08-28 12:42:00,79338.27,79416.88,79306.11,79416.88,43.12397
2026-08-28 12:45:00,79416.88,79440.0,79412.0,79438.7,15.64105
2026-08-28 12:48:00,79438.69,79439.99,79356.07,79360.57,27.01767
2026-08-28 12:51:00,79360.57,79392.85,79360.57,79391.57,9.8147
2026-08-28 12:54:00,79391.56,79412.01,79372.0,79372.0,11.63696
2026-08-28 12:57:00,79372.01,79426.95,79370.62,79421.05,14.86108
2026-08-28 13:00:00,79421.04,79477.67,79390.11,79477.66,16.08248
2026-08-28 13:03:00,79477.67,79477.67,79422.0,79432.98,15.49771
2026-08-28 13:06:00,79432.99,79432.99,79322.0,79337.32,20.53779
2026-08-28 13:09:00,79337.33,79361.54,79288.0,79361.53,17.30545
2026-08-28 13:12:00,79361.54,79371.29,79339.27,79371.28,12.78775
2026-08-28 13:15:00,79371.28,79371.29,79295.27,79365.99,10.99932
2026-08-28 13:18:00,79365.99,79375.24,79334.3,79334.31,8.97245
2026-08-28 13:21:00,79334.3,79340.41,79278.0,79278.01,10.41133
2026-08-28 13:24:00,79278.01,79308.01,79256.61,79256.62,12.20727
2026-08-28 13:27:00,79256.61,79258.0,79070.0,79199.22,101.38455
2026-08-28 13:30:00,79199.21,79324.0,79184.0,79315.99,52.20373
2026-08-28 13:33:00,79315.99,79356.08,79248.0,79319.68,26.36775
2026-08-28 13:36:00,79319.67,79319.67,79157.16,79212.01,27.76125
2026-08-28 13:39:00,79212.01,79252.0,79067.5,79134.0,56.29552
2026-08-28 13:42:00,79134.0,79143.45,79034.56,79088.0,36.75869
2026-08-28 13:45:00,79087.99,79248.0,79072.56,79212.01,40.96732
2026-08-28 13:48:00,79212.0,79322.0,79181.22,79238.31,53.89892
2026-08-28 13:51:00,79238.3,79333.43,79174.5,79324.4,44.05171
2026-08-28 13:54:00,79324.39,79635.01,79311.21,79398.47,172.35913
2026-08-28 13:57:00,79398.48,79553.13,79330.75,79330.75,106.37458
2026-08-28 14:00:00,79330.34,79706.64,78777.77,79004.01,506.63778
2026-08-28 14:03:00,79004.01,79031.39,78709.0,78712.78,173.02197
2026-08-28 14:06:00,78712.79,78920.0,78622.2,78919.99,316.38701
2026-08-28 14:09:00,78920.0,78991.28,78687.28,78755.62,91.68597
2026-08-28 14:12:00,78755.63,78762.0,78423.03,78626.0,291.59481
2026-08-28 14:15:00,78626.0,78790.0,78512.0,78732.0,104.91775
2026-08-28 14:18:00,78732.0,78920.0,78718.17,78888.48,83.70699
2026-08-28 14:21:00,78888.49,79030.9,78750.4,78750.4,116.53024
2026-08-28 14:24:00,78750.4,78889.79,78662.68,78759.99,76.40746
2026-08-28 14:27:00,78759.98,78978.76,78613.66,78946.08,79.82877
2026-08-28 14:30:00,78946.07,79120.29,78848.0,79070.23,86.80335
2026-08-28 14:33:00,79070.23,79346.0,79062.17,79320.0,152.29084
2026-08-28 14:36:00,79319.99,79703.11,79307.86,79616.16,327.0118
2026-08-28 14:39:00,79616.16,79658.0,79452.0,79496.01,95.2482
2026-08-28 14:42:00,79496.01,79508.0,79314.0,79416.87,89.41216
2026-08-28 14:45:00,79416.88,79472.0,79250.0,79285.99,67.67001
2026-08-28 14:48:00,79286.0,79318.0,79100.0,79286.96,95.14289
2026-08-28 14:51:00,79286.96,79511.8,79280.0,79497.29,88.83005
2026-08-28 14:54:00,79497.29,79596.0,79455.85,79593.17,46.30771
2026-08-28 14:57:00,79593.18,79599.26,79484.1,79542.44,40.69426
2026-08-28 15:00:00,79542.44,79838.73,79459.47,79488.8,160.31293
2026-08-28 15:03:00,79488.8,79506.0,79416.87,79460.3,38.44187
2026-08-28 15:06:00,79460.29,79477.66,79370.0,79370.01,46.0691
2026-08-28 15:09:00,79370.01,79455.35,79319.24,79436.01,24.12028
2026-08-28 15:12:00,79436.0,79446.37,79290.0,79306.13,20.71971
2026-08-28 15:15:00,79306.13,79422.0,79306.13,79422.0,23.75691
2026-08-28 15:18:00,79422.0,79504.05,79382.0,79448.0,26.92889
2026-08-28 15:21:00,79448.0,79454.4,79314.01,79330.0,24.11029
2026-08-28 15:24:00,79330.0,79512.0,79329.97,79457.96,39.91448
2026-08-28 15:27:00,79457.96,79457.96,79236.92,79334.0,29.14762
2026-08-28 15:30:00,79334.0,79346.0,79144.0,79192.42,65.3443
2026-08-28 15:33:00,79192.42,79234.48,79138.97,79175.17,38.19325
2026-08-28 15:36:00,79175.16,79226.0,79148.05,79185.28,37.56264
2026-08-28 15:39:00,79185.28,79188.0,78916.0,78939.22,115.71588
2026-08-28 15:42:00,78939.21,78939.22,78774.42,78789.09,170.56594
2026-08-28 15:45:00,78789.09,78908.97,78750.0,78830.73,43.01353
2026-08-28 15:48:00,78830.73,78830.73,78681.13,78729.67,57.86224
2026-08-28 15:51:00,78729.67,78734.0,78530.0,78565.68,70.13933
2026-08-28 15:54:00,78565.68,78581.06,78504.0,78523.02,60.57548
2026-08-28 15:57:00,78523.02,78524.48,78312.64,78331.13,162.52127
2026-08-28 16:00:00,78331.13,78404.0,78037.95,78071.4,207.89605
2026-08-28 16:03:00,78071.41,78196.0,77944.44,78137.47,256.4136
2026-08-28 16:06:00,78137.47,78289.24,78117.69,78150.0,73.67866
2026-08-28 16:09:00,78150.0,78185.3,77918.67,77926.76,140.51413
2026-08-28 16:12:00,77926.77,77945.47,77816.57,77825.73,123.25436
2026-08-28 16:15:00,77825.73,77856.0,77610.0,77610.01,199.48858
2026-08-28 16:18:00,77610.02,77824.44,77566.0,77686.44,182.15088
2026-08-28 16:21:00,77686.44,77687.88,77300.0,77320.0,308.39429
2026-08-28 16:24:00,77319.99,77319.99,76888.0,77174.08,453.80375
2026-08-28 16:27:00,77174.08,77634.65,77122.7,77530.5,232.42789
2026-08-28 16:30:00,77530.5,77836.0,77512.0,77830.17,187.10241
2026-08-28 16:33:00,77830.17,77874.0,77646.02,77754.0,82.93144
2026-08-28 16:36:00,77754.0,77913.88,77716.0,77913.87,76.28049
2026-08-28 16:39:00,77913.87,77965.6,77827.0,77870.09,95.33707
2026-08-28 16:42:00,77870.09,77906.14,77800.0,77800.03,56.86915
2026-08-28 16:45:00,77800.03,77991.93,77800.03,77991.92,97.10888
2026-08-28 16:48:00,77991.92,77993.15,77817.44,77836.1,64.30572
2026-08-28 16:51:00,77836.09,77938.0,77796.0,77844.01,58.88222
2026-08-28 16:54:00,77844.01,77870.0,77778.0,77867.18,28.98196
2026-08-28 16:57:00,77867.18,77915.24,77780.01,77788.46,29.79485
2026-08-28 17:00:00,77788.45,77849.52,77678.61,77837.94,83.65854
2026-08-28 17:03:00,77838.11,77849.51,77642.78,77707.78,65.22008
2026-08-28 17:06:00,77707.78,77882.0,77672.0,77814.02,55.88293
2026-08-28 17:09:00,77814.02,77933.0,77760.01,77933.0,42.33704
2026-08-28 17:12:00,77933.0,78000.0,77912.0,78000.0,52.85366
2026-08-28 17:15:00,78000.0,78072.0,77926.0,78061.5,21.89203
2026-08-28 17:18:00,78061.49,78131.86,77982.44,78050.56,40.63327
2026-08-28 17:21:00,78050.56,78069.2,77937.73,77955.35,35.15593
2026-08-28 17:24:00,77955.35,77984.0,77832.0,77869.91,40.96724
2026-08-28 17:27:00,77869.9,78006.69,77854.38,77940.01,21.78406
2026-08-28 17:30:00,77940.01,77970.9,77876.0,77970.9,21.84273
2026-08-28 17:33:00,77970.9,77997.4,77835.29,77835.3,11.93057
2026-08-28 17:36:00,77835.29,77835.3,77698.0,77748.68,46.56768
2026-08-28 17:39:00,77748.68,77785.51,77720.82,77773.98,25.93241
2026-08-28 17:42:00,77773.98,77794.58,77744.14,77783.58,14.60664
2026-08-28 17:45:00,77783.58,77976.61,77783.57,77962.36,45.38601
2026-08-28 17:48:00,77962.36,77986.0,77928.0,77966.43,33.31644
2026-08-28 17:51:00,77966.43,77984.52,77907.68,77907.69,15.91485
2026-08-28 17:54:00,77907.69,77917.94,77889.76,77912.39,20.90856
2026-08-28 17:57:00,77912.39,77918.83,77856.34,77904.0,25.96947
2026-08-28 18:00:00,77904.0,77935.5,77863.12,77891.99,15.36159
2026-08-28 18:03:00,77892.0,77931.51,77872.0,77872.0,19.53201
2026-08-28 18:06:00,77872.0,77892.85,77776.83,77800.7,18.7051
2026-08-28 18:09:00,77800.7,77839.62,77742.0,77833.5,24.73256
2026-08-28 18:12:00,77833.5,77841.18,77744.0,77744.0,10.79747
2026-08-28 18:15:00,77744.0,77782.73,77716.0,77780.02,12.88792
2026-08-28 18:18:00,77780.02,77793.27,77644.78,77648.46,36.54621
2026-08-28 18:21:00,77648.45,77648.45,77525.0,77525.01,42.94634
2026-08-28 18:24:00,77525.0,77641.48,77500.01,77641.48,40.57686
2026-08-28 18:27:00,77641.47,77667.42,77592.0,77592.0,16.96845
2026-08-28 18:30:00,77592.01,77621.61,77518.0,77537.96,30.47136
2026-08-28 18:33:00,77537.97,77600.92,77508.0,77530.01,24.65108
2026-08-28 18:36:00,77530.0,77530.01,77332.21,77397.5,87.75979
2026-08-28 18:39:00,77397.5,77494.0,77374.49,77455.82,34.27155
2026-08-28 18:42:00,77455.82,77459.73,77400.0,77408.13,28.86806
2026-08-28 18:45:00,77408.14,77445.12,77283.56,77298.04,49.38387
2026-08-28 18:48:00,77298.05,77337.48,77270.0,77319.28,20.40641
2026-08-28 18:51:00,77319.28,77470.0,77319.27,77470.0,25.61116
2026-08-28 18:54:00,77470.0,77494.0,77442.0,77494.0,13.02408
2026-08-28 18:57:00,77494.0,77554.0,77493.99,77554.0,21.86172
2026-08-28 19:00:00,77554.0,77658.01,77554.0,77589.42,26.6518
2026-08-28 19:03:00,77589.41,77615.38,77522.0,77574.2,24.5638
2026-08-28 19:06:00,77574.2,77694.0,77559.41,77690.25,42.49657
2026-08-28 19:09:00,77690.25,77742.0,77672.0,77713.07,28.99813
2026-08-28 19:12:00,77713.06,77720.2,77646.08,77678.18,16.77131
2026-08-28 19:15:00,77678.17,77679.98,77633.28,77679.97,21.91793
2026-08-28 19:18:00,77679.98,77721.0,77651.37,77720.99,18.74285
2026-08-28 19:21:00,77720.99,77797.35,77702.81,77702.82,50.42862
2026-08-28 19:24:00,77702.81,77765.74,77702.81,77758.13,12.79324
2026-08-28 19:27:00,77758.12,77765.99,77705.06,77705.07,12.36272
2026-08-28 19:30:00,77705.07,77708.48,77641.71,77645.29,19.17568
2026-08-28 19:33:00,77645.29,77673.31,77619.6,77631.93,17.0975
2026-08-28 19:36:00,77631.94,77690.0,77631.93,77652.34,16.16361
2026-08-28 19:39:00,77652.34,77658.62,77622.08,77624.41,15.49867
2026-08-28 19:42:00,77624.41,77633.9,77536.79,77536.79,23.87052
2026-08-28 19:45:00,77536.79,77554.55,77478.0,77488.03,21.912
2026-08-28 19:48:00,77488.02,77488.02,77376.0,77425.23,35.34921
2026-08-28 19:51:00,77425.22,77460.0,77388.56,77441.83,17.07794
2026-08-28 19:54:00,77441.83,77527.61,77433.71,77527.6,21.08773
2026-08-28 19:57:00,77527.6,77595.6,77517.85,77580.03,58.09217
2026-08-28 20:00:00,77580.03,77609.83,77517.99,77566.75,19.95073
2026-08-28 20:03:00,77566.74,77566.74,77482.75,77511.78,17.83332
2026-08-28 20:06:00,77511.78,77557.8,77482.75,77537.31,6.89403
2026-08-28 20:09:00,77537.31,77608.92,77480.0,77522.0,51.0099
2026-08-28 20:12:00,77522.01,77562.71,77512.0,77562.7,11.44079
2026-08-28 20:15:00,77562.71,77562.71,77476.0,77476.01,10.32139
2026-08-28 20:18:00,77476.01,77529.46,77406.41,77431.36,19.48156
2026-08-28 20:21:00,77431.37,77500.0,77431.36,77476.1,9.57587
2026-08-28 20:24:00,77476.11,77522.62,77476.1,77521.27,7.71584
2026-08-28 20:27:00,77521.27,77521.27,77501.16,77510.72,4.83907
2026-08-28 20:30:00,77510.71,77510.71,77327.49,77335.41,19.93862
2026-08-28 20:33:00,77335.4,77362.0,77310.24,77330.57,11.63635
2026-08-28 20:36:00,77330.56,77403.98,77324.01,77377.5,10.32366
2026-08-28 20:39:00,77377.5,77423.0,77377.49,77405.92,10.40426
2026-08-28 20:42:00,77405.93,77439.53,77402.01,77402.01,7.31751
2026-08-28 20:45:00,77402.01,77431.99,77394.0,77415.73,6.50089
2026-08-28 20:48:00,77415.74,77470.0,77400.0,77400.01,16.11804
2026-08-28 20:51:00,77400.0,77424.0,77346.0,77373.78,11.4155
2026-08-28 20:54:00,77373.77,77403.94,77373.77,77385.78,5.6465
2026-08-28 20:57:00,77385.77,77407.34,77385.77,77407.34,5.74343
2026-08-28 21:00:00,77407.34,77437.74,77362.0,77376.3,15.17792
2026-08-28 21:03:00,77376.29,77382.37,77356.21,77367.79,6.23277
2026-08-28 21:06:00,77367.78,77405.87,77367.78,77404.62,6.31848
2026-08-28 21:09:00,77404.63,77404.63,77328.44,77359.01,14.19156
2026-08-28 21:12:00,77359.0,77405.15,77359.0,77405.15,5.14147
2026-08-28 21:15:00,77405.15,77425.73,77405.14,77409.13,4.36549
2026-08-28 21:18:00,77409.14,77409.14,77376.76,77390.68,31.4141
2026-08-28 21:21:00,77390.68,77406.01,77325.37,77369.99,20.69951
2026-08-28 21:24:00,77370.0,77432.0,77368.75,77432.0,27.12711
2026-08-28 21:27:00,77431.99,77432.0,77389.82,77412.9,108.92755
2026-08-28 21:30:00,77412.9,77496.0,77412.86,77496.0,14.97053
2026-08-28 21:33:00,77495.99,77522.92,77495.99,77522.91,6.24739
2026-08-28 21:36:00,77522.91,77529.19,77500.0,77513.82,5.5227
2026-08-28 21:39:00,77513.82,77537.33,77476.01,77476.02,14.01359
2026-08-28 21:42:00,77476.02,77494.0,77436.0,77476.0,13.15891
2026-08-28 21:45:00,77476.0,77476.0,77420.0,77420.01,23.53052
2026-08-28 21:48:00,77420.0,77420.0,77368.79,77383.3,21.00405
2026-08-28 21:51:00,77383.3,77391.2,77349.9,77353.51,13.35398
2026-08-28 21:54:00,77353.51,77396.0,77340.0,77340.01,13.0258
2026-08-28 21:57:00,77340.0,77364.0,77255.69,77364.0,27.96372
2026-08-28 22:00:00,77364.0,77405.97,77342.0,77366.28,18.35712
2026-08-28 22:03:00,77366.27,77395.45,77346.81,77395.45,8.95094
2026-08-28 22:06:00,77395.45,77432.83,77395.45,77425.29,10.89341
2026-08-28 22:09:00,77425.28,77447.61,77420.56,77423.7,8.68138
2026-08-28 22:12:00,77423.7,77454.5,77423.7,77448.8,11.98959
2026-08-28 22:15:00,77448.8,77448.81,77403.33,77427.99,13.23005
2026-08-28 22:18:00,77427.99,77481.89,77427.99,77481.89,9.77868
2026-08-28 22:21:00,77481.89,77496.18,77443.22,77443.23,7.85821
2026-08-28 22:24:00,77443.23,77564.0,77443.22,77563.38,22.30783
2026-08-28 22:27:00,77563.37,77594.48,77563.37,77573.0,12.89483
2026-08-28 22:30:00,77572.99,77596.46,77565.24,77596.45,10.56945
2026-08-28 22:33:00,77596.45,77638.0,77576.82,77637.99,19.20485
2026-08-28 22:36:00,77638.0,77688.31,77637.65,77685.01,21.86054
2026-08-28 22:39:00,77685.0,77734.0,77670.0,77696.86,20.71472
2026-08-28 22:42:00,77696.86,77746.0,77696.85,77738.72,11.26682
2026-08-28 22:45:00,77738.73,77753.02,77738.72,77753.01,11.96331
2026-08-28 22:48:00,77753.02,77757.01,77738.7,77738.71,8.19551
2026-08-28 22:51:00,77738.7,77757.37,77730.0,77738.2,22.12065
2026-08-28 22:54:00,77738.21,77773.2,77686.0,77716.71,49.24209
2026-08-28 22:57:00,77716.71,77770.72,77702.43,77758.69,39.06254
2026-08-28 23:00:00,77758.69,77764.35,77702.17,77703.41,24.54736
2026-08-28 23:03:00,77703.41,77703.41,77686.04,77697.4,7.23621
2026-08-28 23:06:00,77697.41,77699.96,77686.4,77686.4,10.89533
2026-08-28 23:09:00,77686.41,77729.98,77678.76,77719.11,33.7174
2026-08-28 23:12:00,77719.1,77807.18,77701.1,77774.76,247.85457
2026-08-28 23:15:00,77774.76,77774.78,77706.01,77706.02,40.56465
2026-08-28 23:18:00,77706.01,77706.02,77700.29,77706.01,3.05319
2026-08-28 23:21:00,77706.01,77706.01,77666.45,77669.5,17.22076
2026-08-28 23:24:00,77669.5,77715.85,77669.5,77715.85,17.47944
2026-08-28 23:27:00,77715.85,77723.32,77676.01,77684.41,41.43619
2026-08-28 23:30:00,77684.41,77704.31,77684.4,77699.08,15.31476
2026-08-28 23:33:00,77699.08,77711.96,77699.07,77699.09,5.58624
2026-08-28 23:36:00,77699.09,77720.07,77699.08,77720.07,15.81413
2026-08-28 23:39:00,77720.06,77720.06,77674.73,77682.2,27.07159
2026-08-28 23:42:00,77682.21,77703.56,77666.02,77696.07,24.36787
2026-08-28 23:45:00,77696.07,77696.07,77640.74,77651.75,9.75463
2026-08-28 23:48:00,77651.75,77702.0,77643.0,77701.99,16.24177
2026-08-28 23:51:00,77702.0,77738.85,77700.0,77738.84,7.18427
2026-08-28 23:54:00,77738.84,77802.96,77735.51,77802.96,22.50006
2026-08-28 23:57:00,77802.97,77846.72,77802.96,77845.87,11.70475
2026-08-29 00:00:00,77845.88,77866.14,77800.57,77816.7,16.68134
2026-08-29 00:03:00,77816.71,77840.15,77776.0,77784.81,27.34848
2026-08-29 00:06:00,77784.81,77895.94,77784.8,77855.63,10.59846
2026-08-29 00:09:00,77855.63,77881.79,77840.65,77849.68,11.58725
2026-08-29 00:12:00,77849.68,77849.68,77818.24,77818.24,10.02716
2026-08-29 00:15:00,77818.24,77891.56,77818.24,77856.19,20.45559
2026-08-29 00:18:00,77856.18,77895.9,77854.0,77893.34,14.82391
2026-08-29 00:21:00,77893.34,77931.74,77878.16,77878.17,16.74165
2026-08-29 00:24:00,77878.16,77945.79,77878.16,77945.78,11.94992
2026-08-29 00:27:00,77945.79,77963.92,77893.22,77903.85,25.25543
2026-08-29 00:30:00,77903.86,77903.86,77815.27,77815.28,11.24635
2026-08-29 00:33:00,77815.28,77818.13,77782.05,77817.15,10.51292
2026-08-29 00:36:00,77817.14,77826.87,77788.16,77788.17,7.81768
2026-08-29 00:39:00,77788.17,77794.59,77788.12,77792.0,8.10373
2026-08-29 00:42:00,77792.01,77803.12,77772.07,77788.72,24.32881
2026-08-29 00:45:00,77788.72,77788.72,77772.08,77773.06,8.84377
2026-08-29 00:48:00,77773.05,77773.06,77738.12,77738.13,14.02585
2026-08-29 00:51:00,77738.12,77760.01,77732.01,77760.01,29.15006
2026-08-29 00:54:00,77760.01,77818.12,77760.0,77793.87,19.91692
2026-08-29 00:57:00,77793.87,77793.87,77722.0,77733.63,22.39451
2026-08-29 01:00:00,77733.63,77733.63,77691.02,77721.99,18.25363
2026-08-29 01:03:00,77722.0,77722.0,77694.84,77702.04,12.87067
2026-08-29 01:06:00,77702.03,77702.04,77672.01,77672.04,11.40274
2026-08-29 01:09:00,77672.05,77672.05,77669.0,77670.5,11.81512
2026-08-29 01:12:00,77670.51,77678.57,77631.28,77637.65,27.44204
2026-08-29 01:15:00,77637.65,77657.55,77637.65,77657.53,6.15573
2026-08-29 01:18:00,77657.53,77713.2,77650.1,77713.19,8.2628
2026-08-29 01:21:00,77713.2,77730.0,77713.19,77729.99,6.09888
2026-08-29 01:24:00,77730.0,77773.08,77729.99,77765.08,9.62652
2026-08-29 01:27:00,77765.08,77789.5,77748.23,77789.49,8.69433
2026-08-29 01:30:00,77789.49,77799.01,77788.51,77799.01,6.23215
2026-08-29 01:33:00,77799.0,77824.0,77799.0,77824.0,9.79423
2026-08-29 01:36:00,77824.0,77824.0,77758.1,77779.36,11.78886
2026-08-29 01:39:00,77779.36,77807.53,77779.36,77807.53,7.27128
2026-08-29 01:42:00,77807.52,77832.67,77807.52,77828.38,10.33119
2026-08-29 01:45:00,77828.39,77828.39,77759.14,77805.99,15.18004
2026-08-29 01:48:00,77805.99,77821.26,77805.99,77821.26,4.12862
2026-08-29 01:51:00,77821.26,77849.29,77798.01,77816.18,16.0436
2026-08-29 01:54:00,77816.18,77817.6,77790.0,77790.01,16.84903
2026-08-29 01:57:00,77790.01,77806.27,77776.0,77794.11,16.82822
2026-08-29 02:00:00,77794.11,77802.92,77792.12,77802.92,6.79008
2026-08-29 02:03:00,77802.92,77829.72,77771.02,77802.3,13.30355
2026-08-29 02:06:00,77802.3,77803.55,77777.37,77777.38,5.54453
2026-08-29 02:09:00,77777.37,77808.1,77777.37,77786.76,11.02335
2026-08-29 02:12:00,77786.75,77786.76,77748.0,77748.01,7.33814
2026-08-29 02:15:00,77748.01,77748.01,77700.0,77700.01,9.27903
2026-08-29 02:18:00,77700.01,77700.01,77632.37,77632.38,17.42921
2026-08-29 02:21:00,77632.38,77660.0,77598.37,77598.37,18.81645
2026-08-29 02:24:00,77598.38,77603.11,77584.53,77584.54,12.35127
2026-08-29 02:27:00,77584.53,77629.44,77584.53,77629.44,10.91369
2026-08-29 02:30:00,77629.43,77677.78,77629.43,77670.3,8.19908
2026-08-29 02:33:00,77670.29,77670.3,77596.0,77603.82,15.14953
2026-08-29 02:36:00,77603.82,77675.99,77603.82,77661.32,9.79048
2026-08-29 02:39:00,77661.32,77663.06,77661.31,77663.05,6.67459
2026-08-29 02:42:00,77663.06,77665.2,77604.85,77618.04,138.34242
2026-08-29 02:45:00,77618.04,77642.94,77618.04,77640.22,24.52624
2026-08-29 02:48:00,77640.21,77640.22,77640.21,77640.22,3.56216
2026-08-29 02:51:00,77640.21,77685.47,77634.41,77673.35,14.4878
2026-08-29 02:54:00,77673.35,77717.78,77664.79,77691.87,25.78921
2026-08-29 02:57:00,77691.88,77696.06,77671.18,77671.18,8.30998
2026-08-29 03:00:00,77671.18,77722.0,77671.18,77722.0,10.70543
2026-08-29 03:03:00,77722.0,77731.43,77688.34,77688.35,13.56441
2026-08-29 03:06:00,77688.35,77698.33,77688.34,77698.33,4.38434
2026-08-29 03:09:00,77698.33,77699.98,77694.28,77694.29,6.69745
2026-08-29 03:12:00,77694.29,77721.36,77680.96,77680.96,15.33688
2026-08-29 03:15:00,77680.97,77680.98,77634.81,77666.08,17.71745
2026-08-29 03:18:00,77666.07,77666.08,77654.16,77655.24,10.00506
2026-08-29 03:21:00,77655.25,77715.56,77655.24,77661.5,15.20526
2026-08-29 03:24:00,77661.5,77686.11,77661.49,77686.09,8.43826
2026-08-29 03:27:00,77686.09,77686.09,77657.49,77684.45,12.64399
2026-08-29 03:30:00,77684.45,77707.09,77662.94,77662.94,12.695
2026-08-29 03:33:00,77662.95,77662.95,77624.77,77629.14,7.04451
2026-08-29 03:36:00,77629.13,77634.69,77580.01,77621.99,14.91541
2026-08-29 03:39:00,77622.0,77622.0,77606.34,77606.35,4.8594
2026-08-29 03:42:00,77606.36,77671.2,77606.35,77622.73,25.31173
2026-08-29 03:45:00,77622.72,77622.72,77580.0,77587.72,16.93557
2026-08-29 03:48:00,77587.73,77600.0,77579.99,77579.99,9.5018
2026-08-29 03:51:00,77579.99,77580.0,77561.0,77561.01,7.28771
2026-08-29 03:54:00,77561.0,77561.01,77534.16,77535.01,14.41267
2026-08-29 03:57:00,77535.0,77535.01,77507.16,77507.17,11.22954
2026-08-29 04:00:00,77507.17,77554.2,77507.17,77542.93,11.50053
2026-08-29 04:03:00,77542.93,77576.89,77542.93,77576.88,9.17766
2026-08-29 04:06:00,77576.88,77577.25,77557.0,77557.01,7.0223
2026-08-29 04:09:00,77557.02,77596.0,77557.01,77595.99,11.10642
2026-08-29 04:12:00,77596.0,77597.2,77583.74,77583.76,6.95909
2026-08-29 04:15:00,77583.76,77600.0,77583.75,77589.88,9.53207
2026-08-29 04:18:00,77589.89,77604.42,77589.88,77604.41,6.78067
2026-08-29 04:21:00,77604.41,77615.13,77604.41,77615.13,8.21328
2026-08-29 04:24:00,77615.13,77615.13,77615.12,77615.12,3.97903
2026-08-29 04:27:00,77615.13,77615.13,77602.45,77602.46,9.41507
2026-08-29 04:30:00,77602.46,77623.28,77602.45,77607.0,14.23794
2026-08-29 04:33:00,77607.0,77607.01,77590.27,77592.75,6.01075
2026-08-29 04:36:00,77592.75,77623.28,77590.63,77623.28,10.21654
2026-08-29 04:39:00,77623.28,77642.52,77623.27,77642.51,5.20198
2026-08-29 04:42:00,77642.51,77646.6,77602.66,77620.49,16.86231
2026-08-29 04:45:00,77620.49,77641.28,77613.9,77626.21,18.37955
2026-08-29 04:48:00,77626.22,77648.0,77619.95,77640.45,14.4073
2026-08-29 04:51:00,77640.46,77670.76,77627.22,77631.34,29.55551
2026-08-29 04:54:00,77631.33,77678.67,77631.33,77662.48,8.26018
2026-08-29 04:57:00,77662.48,77662.5,77618.99,77648.91,23.0878
2026-08-29 05:00:00,77648.91,77666.0,77624.81,77665.99,8.11069
2026-08-29 05:03:00,77665.99,77675.27,77656.0,77671.73,10.74164
2026-08-29 05:06:00,77671.74,77678.66,77661.31,77675.08,9.90773
2026-08-29 05:09:00,77675.08,77696.0,77670.98,77696.0,11.36609
2026-08-29 05:12:00,77696.0,77716.12,77695.99,77701.35,25.03935
2026-08-29 05:15:00,77701.36,77702.6,77693.64,77693.66,4.38533
2026-08-29 05:18:00,77693.66,77694.5,77680.34,77680.34,9.26598
2026-08-29 05:21:00,77680.34,77680.35,77634.47,77644.19,10.89459
2026-08-29 05:24:00,77644.2,77670.28,77644.19,77670.28,7.15629
2026-08-29 05:27:00,77670.27,77674.01,77660.0,77660.01,7.04417
2026-08-29 05:30:00,77660.01,77660.01,77654.53,77654.54,7.62033
2026-08-29 05:33:00,77654.54,77667.99,77634.71,77667.99,19.86284
2026-08-29 05:36:00,77667.99,77700.0,77667.98,77690.6,6.63692
2026-08-29 05:39:00,77690.6,77714.0,77674.51,77674.51,13.13806
2026-08-29 05:42:00,77674.51,77694.0,77672.85,77688.35,7.21548
2026-08-29 05:45:00,77688.35,77694.0,77688.34,77693.99,6.36558
2026-08-29 05:48:00,77694.0,77694.0,77682.0,77682.01,3.31289
2026-08-29 05:51:00,77682.01,77682.01,77640.0,77640.0,10.75521
2026-08-29 05:54:00,77640.0,77640.01,77606.58,77606.58,6.77763
2026-08-29 05:57:00,77606.58,77632.53,77604.06,77632.53,9.72573
2026-08-29 06:00:00,77632.52,77632.53,77560.6,77564.75,9.85532
2026-08-29 06:03:00,77564.75,77594.5,77564.74,77574.39,11.61928
2026-08-29 06:06:00,77574.39,77583.34,77564.05,77564.06,7.00734
2026-08-29 06:09:00,77564.05,77573.28,77557.25,77557.25,7.38465
2026-08-29 06:12:00,77557.26,77557.26,77478.61,77478.62,23.51787
2026-08-29 06:15:00,77478.61,77506.3,77478.61,77506.3,9.90967
2026-08-29 06:18:00,77506.29,77516.78,77426.32,77429.27,36.30446
2026-08-29 06:21:00,77429.27,77429.27,77388.27,77388.28,9.07485
2026-08-29 06:24:00,77388.27,77427.55,77382.37,77382.37,19.02215
2026-08-29 06:27:00,77382.38,77414.0,77382.37,77409.86,23.5621
2026-08-29 06:30:00,77409.86,77462.0,77409.86,77461.99,15.42264
2026-08-29 06:33:00,77462.0,77462.0,77446.82,77446.83,13.7351
2026-08-29 06:36:00,77446.82,77448.06,77435.27,77435.28,13.48026
2026-08-29 06:39:00,77435.28,77442.0,77418.19,77441.99,11.81809
2026-08-29 06:42:00,77442.0,77491.16,77441.99,77446.12,25.37692
2026-08-29 06:45:00,77446.13,77475.84,77446.12,77463.55,11.09135
2026-08-29 06:48:00,77463.56,77473.96,77458.56,77458.57,8.51428
2026-08-29 06:51:00,77458.56,77475.31,77434.55,77434.82,15.0134
2026-08-29 06:54:00,77434.82,77462.07,77427.24,77462.06,19.47504
2026-08-29 06:57:00,77462.06,77468.65,77437.45,77466.82,13.84445
2026-08-29 07:00:00,77466.83,77508.4,77466.82,77508.4,13.30995
2026-08-29 07:03:00,77508.4,77535.58,77508.39,77535.57,19.03898
2026-08-29 07:06:00,77535.58,77536.68,77448.2,77449.11,24.18707
2026-08-29 07:09:00,77449.12,77473.99,77438.01,77473.99,11.09694
2026-08-29 07:12:00,77473.98,77481.67,77466.65,77466.65,8.11303
2026-08-29 07:15:00,77466.65,77481.67,77450.34,77481.67,9.25805
2026-08-29 07:18:00,77481.66,77528.0,77481.66,77511.61,24.17033
2026-08-29 07:21:00,77511.61,77518.42,77508.8,77513.91,15.43794
2026-08-29 07:24:00,77513.92,77530.6,77500.01,77524.72,37.55268
2026-08-29 07:27:00,77524.73,77524.73,77524.72,77524.73,1.97004
2026-08-29 07:30:00,77524.73,77535.43,77514.41,77535.42,39.71401
2026-08-29 07:33:00,77535.43,77535.47,77531.67,77531.68,23.47787
2026-08-29 07:36:00,77531.67,77595.52,77531.67,77595.52,58.64075
2026-08-29 07:39:00,77595.52,77638.02,77595.51,77623.44,66.45123
2026-08-29 07:42:00,77623.43,77660.04,77610.53,77655.14,116.69406
2026-08-29 07:45:00,77655.15,77670.91,77653.85,77655.05,49.84054
2026-08-29 07:48:00,77655.05,77655.05,77629.77,77631.06,23.94338
2026-08-29 07:51:00,77631.07,77631.07,77631.0,77631.0,30.19992
2026-08-29 07:54:00,77631.0,77648.0,77625.63,77648.0,29.32951
2026-08-29 07:57:00,77647.99,77672.0,77626.0,77626.01,331.47224
2026-08-29 08:00:00,77626.01,77626.01,77538.0,77538.0,35.32195
2026-08-29 08:03:00,77538.01,77539.75,77487.73,77512.0,32.92633
2026-08-29 08:06:00,77512.0,77520.01,77499.26,77499.26,11.65343
2026-08-29 08:09:00,77499.26,77514.94,77498.37,77514.94,13.22569
2026-08-29 08:12:00,77514.94,77547.79,77506.11,77525.99,21.87755
2026-08-29 08:15:00,77525.99,77526.0,77516.58,77516.58,4.60925
2026-08-29 08:18:00,77516.59,77540.0,77516.58,77539.99,10.60992
2026-08-29 08:21:00,77539.99,77548.0,77524.17,77548.0,12.9239
2026-08-29 08:24:00,77547.99,77570.0,77547.99,77570.0,11.23077
2026-08-29 08:27:00,77570.0,77593.06,77570.0,77589.75,14.9844
2026-08-29 08:30:00,77589.76,77590.03,77514.04,77517.79,24.77666
2026-08-29 08:33:00,77517.78,77544.8,77517.78,77544.8,8.39229
2026-08-29 08:36:00,77544.8,77544.8,77544.79,77544.8,1.24726
2026-08-29 08:39:00,77544.79,77578.0,77544.79,77578.0,6.20276
2026-08-29 08:42:00,77578.0,77580.0,77562.14,77580.0,12.59848
2026-08-29 08:45:00,77580.0,77604.0,77538.0,77603.99,11.35921
2026-08-29 08:48:00,77603.99,77620.0,77576.47,77580.7,12.17589
2026-08-29 08:51:00,77580.69,77615.4,77580.69,77601.7,7.90983
2026-08-29 08:54:00,77601.71,77605.99,77568.72,77605.98,21.32208
2026-08-29 08:57:00,77605.98,77634.0,77605.98,77633.99,6.33084
2026-08-29 09:00:00,77634.0,77654.0,77627.92,77638.74,18.07752
2026-08-29 09:03:00,77638.75,77674.0,77627.92,77673.99,5.56005
2026-08-29 09:06:00,77674.0,77679.58,77566.01,77602.01,42.34071
2026-08-29 09:09:00,77602.0,77630.0,77602.0,77629.99,7.39762
2026-08-29 09:12:00,77630.0,77644.0,77623.33,77644.0,7.48227
2026-08-29 09:15:00,77644.0,77664.28,77643.99,77644.79,6.49798
2026-08-29 09:18:00,77644.79,77654.18,77644.0,77644.43,7.14894
2026-08-29 09:21:00,77644.43,77644.44,77612.07,77637.26,7.68543
2026-08-29 09:24:00,77637.26,77642.0,77624.0,77624.0,7.49423
2026-08-29 09:27:00,77624.0,77626.5,77624.0,77626.5,6.15901
2026-08-29 09:30:00,77626.49,77639.48,77626.49,77639.48,7.10446
2026-08-29 09:33:00,77639.48,77664.28,77639.47,77664.28,5.78372
2026-08-29 09:36:00,77664.28,77720.0,77664.27,77720.0,11.17564
2026-08-29 09:39:00,77719.99,77754.23,77699.66,77699.66,16.91992
2026-08-29 09:42:00,77699.66,77708.67,77661.84,77661.84,13.07236
2026-08-29 09:45:00,77661.85,77671.62,77655.07,77655.07,10.59457
2026-08-29 09:48:00,77655.07,77665.96,77655.07,77665.96,8.08147
2026-08-29 09:51:00,77665.96,77674.0,77657.65,77657.66,9.59958
2026-08-29 09:54:00,77657.65,77670.26,77655.52,77670.25,5.42191
2026-08-29 09:57:00,77670.26,77670.26,77650.02,77650.03,8.93052
2026-08-29 10:00:00,77650.02,77650.03,77626.5,77626.51,9.60391
2026-08-29 10:03:00,77626.5,77626.51,77548.0,77548.01,12.44552
2026-08-29 10:06:00,77548.01,77555.43,77526.0,77552.36,34.52088
2026-08-29 10:09:00,77552.35,77558.0,77552.35,77557.99,3.80915
2026-08-29 10:12:00,77558.0,77581.67,77557.99,77581.67,6.17191
2026-08-29 10:15:00,77581.67,77698.98,77581.66,77698.98,12.57879
2026-08-29 10:18:00,77698.97,77720.0,77698.97,77714.69,12.03935
2026-08-29 10:21:00,77714.7,77720.0,77662.78,77681.53,17.86761
2026-08-29 10:24:00,77681.53,77685.6,77657.19,77677.51,12.85719
2026-08-29 10:27:00,77677.5,77677.51,77671.5,77671.51,6.07758
2026-08-29 10:30:00,77671.5,77671.51,77671.47,77671.48,2.49845
2026-08-29 10:33:00,77671.48,77684.1,77671.47,77671.69,14.45861
2026-08-29 10:36:00,77671.7,77724.55,77671.69,77708.28,31.82934
2026-08-29 10:39:00,77708.28,77708.29,77684.1,77690.32,3.19358
2026-08-29 10:42:00,77690.31,77690.32,77688.47,77688.47,2.24285
2026-08-29 10:45:00,77688.48,77725.0,77688.47,77724.99,5.16714
2026-08-29 10:48:00,77725.0,77732.0,77724.99,77728.35,9.13147
2026-08-29 10:51:00,77728.35,77728.36,77706.1,77719.43,6.74148
2026-08-29 10:54:00,77719.43,77730.12,77719.42,77729.33,12.61524
2026-08-29 10:57:00,77729.34,77729.34,77635.16,77635.17,12.31201
2026-08-29 11:00:00,77635.17,77639.41,77627.03,77639.4,6.56517
2026-08-29 11:03:00,77639.41,77655.2,77638.42,77652.14,14.05025
2026-08-29 11:06:00,77652.13,77652.14,77630.03,77641.28,4.00292
2026-08-29 11:09:00,77641.27,77703.7,77641.27,77701.21,6.83037
2026-08-29 11:12:00,77701.2,77720.0,77701.2,77720.0,7.95773
2026-08-29 11:15:00,77720.0,77724.99,77717.01,77717.02,10.5088
2026-08-29 11:18:00,77717.02,77717.02,77702.87,77702.87,5.25978
2026-08-29 11:21:00,77702.87,77702.88,77692.07,77694.02,7.22993
2026-08-29 11:24:00,77694.01,77694.02,77679.53,77684.47,7.57976
2026-08-29 11:27:00,77684.47,77700.01,77684.46,77700.01,15.37653
2026-08-29 11:30:00,77700.0,77700.01,77677.52,77680.0,6.94896
2026-08-29 11:33:00,77680.0,77688.69,77679.99,77688.68,7.92225
2026-08-29 11:36:00,77688.69,77688.69,77661.02,77671.5,8.22123
2026-08-29 11:39:00,77671.49,77702.0,77648.0,77648.0,5.55805
2026-08-29 11:42:00,77648.0,77648.5,77643.0,77643.01,4.02085
2026-08-29 11:45:00,77643.0,77665.02,77643.0,77665.02,6.92964
2026-08-29 11:48:00,77665.01,77668.0,77647.14,77647.15,16.91389
2026-08-29 11:51:00,77647.15,77660.0,77643.0,77643.01,3.14812
2026-08-29 11:54:00,77643.0,77643.01,77573.33,77573.33,44.4576
2026-08-29 11:57:00,77573.33,77592.24,77573.32,77584.67,80.12331
2026-08-29 12:00:00,77584.66,77585.79,77584.66,77585.78,22.83353
2026-08-29 12:03:00,77585.77,77592.23,77585.77,77592.22,40.77267
2026-08-29 12:06:00,77592.23,77612.0,77585.24,77585.24,47.38756
2026-08-29 12:09:00,77585.25,77585.25,77567.56,77567.57,7.38113
2026-08-29 12:12:00,77567.56,77596.59,77567.49,77596.58,6.15926
2026-08-29 12:15:00,77596.59,77631.22,77596.59,77631.21,28.04998
2026-08-29 12:18:00,77631.21,77657.99,77631.21,77656.0,5.52212
2026-08-29 12:21:00,77655.99,77656.0,77604.0,77604.01,8.07072
2026-08-29 12:24:00,77604.01,77604.01,77538.0,77558.01,22.62521
2026-08-29 12:27:00,77558.0,77584.0,77558.0,77584.0,7.35143
2026-08-29 12:30:00,77583.99,77600.0,77506.63,77536.38,19.36071
2026-08-29 12:33:00,77536.38,77561.37,77529.38,77561.37,5.17207
2026-08-29 12:36:00,77561.37,77584.05,77561.36,77579.76,14.1173
2026-08-29 12:39:00,77579.77,77579.77,77563.86,77573.83,4.38124
2026-08-29 12:42:00,77573.84,77575.05,77573.83,77575.05,1.36409
2026-08-29 12:45:00,77575.05,77580.71,77573.83,77573.84,12.43423
2026-08-29 12:48:00,77573.84,77580.7,77573.83,77580.69,16.7883
2026-08-29 12:51:00,77580.69,77596.0,77554.0,77554.0,34.65376
2026-08-29 12:54:00,77554.01,77575.68,77554.0,77575.68,7.26653
2026-08-29 12:57:00,77575.68,77583.75,77575.67,77583.74,4.68449
2026-08-29 13:00:00,77583.74,77594.0,77583.74,77591.1,6.90165
2026-08-29 13:03:00,77591.1,77595.13,77559.45,77579.0,8.9259
2026-08-29 13:06:00,77579.0,77602.0,77579.0,77597.77,10.02386
2026-08-29 13:09:00,77597.77,77634.97,77597.77,77634.97,11.92174
2026-08-29 13:12:00,77634.97,77668.0,77633.71,77658.54,9.07083
2026-08-29 13:15:00,77658.54,77722.0,77642.34,77695.62,18.45447
2026-08-29 13:18:00,77695.62,77695.62,77656.0,77656.0,7.52273
2026-08-29 13:21:00,77656.0,77689.9,77656.0,77688.92,5.9096
2026-08-29 13:24:00,77688.92,77688.93,77686.43,77686.43,2.96409
2026-08-29 13:27:00,77686.43,77686.44,77659.14,77659.14,28.88155
2026-08-29 13:30:00,77659.14,77679.47,77659.14,77664.72,9.0688
2026-08-29 13:33:00,77664.72,77668.89,77640.0,77668.89,23.23934
2026-08-29 13:36:00,77668.88,77714.0,77668.88,77697.51,4.79978
2026-08-29 13:39:00,77697.51,77697.52,77662.0,77662.01,3.25826
2026-08-29 13:42:00,77662.01,77662.01,77662.0,77662.0,2.85326
2026-08-29 13:45:00,77662.01,77688.11,77658.0,77688.1,6.88196
2026-08-29 13:48:00,77688.11,77714.0,77688.1,77698.47,6.18754
2026-08-29 13:51:00,77698.46,77698.47,77694.59,77694.6,15.96873
2026-08-29 13:54:00,77694.61,77697.13,77694.61,77697.13,6.41378
2026-08-29 13:57:00,77697.13,77720.96,77697.12,77704.32,6.33712
2026-08-29 14:00:00,77704.32,77704.32,77700.0,77700.0,7.72025
2026-08-29 14:03:00,77700.01,77717.38,77700.0,77716.0,6.8666
2026-08-29 14:06:00,77716.01,77716.01,77712.34,77712.35,5.4309
2026-08-29 14:09:00,77712.35,77722.0,77663.83,77664.79,25.00644
2026-08-29 14:12:00,77664.8,77700.0,77664.79,77686.7,12.58643
2026-08-29 14:15:00,77686.7,77705.09,77678.0,77695.51,8.66533
2026-08-29 14:18:00,77695.5,77710.0,77671.87,77686.45,8.49656
2026-08-29 14:21:00,77686.46,77732.51,77686.45,77731.57,10.45694
2026-08-29 14:24:00,77731.58,77756.4,77727.44,77748.0,13.38238
2026-08-29 14:27:00,77747.99,77748.0,77682.21,77694.52,18.23545
2026-08-29 14:30:00,77694.52,77702.0,77694.52,77696.48,3.67022
2026-08-29 14:33:00,77696.48,77712.0,77687.38,77700.16,17.69498
2026-08-29 14:36:00,77700.17,77734.1,77688.09,77734.1,10.46435
2026-08-29 14:39:00,77734.09,77900.0,77729.99,77891.71,65.83657
2026-08-29 14:42:00,77891.7,78034.4,77891.7,77926.01,95.55908
2026-08-29 14:45:00,77926.0,78150.0,77926.0,78112.31,52.88945
2026-08-29 14:48:00,78112.31,78114.25,77994.0,78036.49,39.5889
2026-08-29 14:51:00,78036.48,78036.49,77984.0,78012.63,23.08341
2026-08-29 14:54:00,78012.62,78017.03,77987.45,77998.38,14.71491
2026-08-29 14:57:00,77998.39,78040.51,77998.39,78014.37,16.07249
2026-08-29 15:00:00,78014.37,78014.37,77902.63,77902.63,16.61982
2026-08-29 15:03:00,77902.64,77902.64,77857.93,77875.7,19.63248
2026-08-29 15:06:00,77875.71,77940.67,77865.0,77924.23,16.92509
2026-08-29 15:09:00,77924.23,77951.15,77924.22,77951.15,9.28542
2026-08-29 15:12:00,77951.15,77961.28,77924.52,77935.92,23.0018
2026-08-29 15:15:00,77935.92,77961.28,77917.84,77917.84,23.1155
2026-08-29 15:18:00,77917.85,77950.23,77864.0,77937.87,15.40559
2026-08-29 15:21:00,77937.87,77972.0,77923.22,77971.99,39.80475
2026-08-29 15:24:00,77971.99,77989.8,77928.0,77933.43,29.68467
2026-08-29 15:27:00,77933.43,77933.43,77903.95,77903.95,7.57901
2026-08-29 15:30:00,77903.84,77903.84,77811.04,77838.0,18.24758
2026-08-29 15:33:00,77837.99,77861.14,77837.99,77859.47,9.99911
2026-08-29 15:36:00,77859.47,77877.88,77859.46,77875.37,12.14979
2026-08-29 15:39:00,77875.37,77890.0,77875.35,77878.06,7.56885
2026-08-29 15:42:00,77878.07,77878.07,77834.73,77834.73,6.03081
2026-08-29 15:45:00,77834.74,77917.96,77830.56,77917.96,14.42449
2026-08-29 15:48:00,77917.96,77936.85,77903.99,77923.88,19.00248
2026-08-29 15:51:00,77923.88,77923.88,77870.48,77871.85,7.14289
2026-08-29 15:54:00,77871.84,77873.06,77806.9,77831.99,12.62618
2026-08-29 15:57:00,77832.0,77865.36,77831.99,77865.36,6.62913
2026-08-29 16:00:00,77865.36,77893.22,77865.35,77893.22,9.19711
2026-08-29 16:03:00,77893.21,77919.63,77858.29,77919.62,24.04315
2026-08-29 16:06:00,77919.62,77943.71,77919.62,77933.98,20.02173
2026-08-29 16:09:00,77933.97,77979.38,77933.97,77950.01,15.2904
2026-08-29 16:12:00,77950.0,77988.0,77950.0,77987.99,12.08541
2026-08-29 16:15:00,77988.0,78130.43,77987.99,78036.5,47.58873
2026-08-29 16:18:00,78036.49,78050.0,78017.11,78024.17,11.57518
2026-08-29 16:21:00,78024.17,78024.18,77938.0,77941.55,19.34321
2026-08-29 16:24:00,77941.55,77962.56,77914.0,77914.0,13.67798
2026-08-29 16:27:00,77914.01,77946.0,77914.0,77946.0,5.97016
2026-08-29 16:30:00,77946.0,77985.26,77894.01,77985.26,16.39388
2026-08-29 16:33:00,77985.39,78019.58,77982.0,77984.77,8.42818
2026-08-29 16:36:00,77984.76,77995.16,77932.0,77964.0,16.89701
2026-08-29 16:39:00,77964.0,78027.02,77960.15,78017.99,14.3577
2026-08-29 16:42:00,78018.0,78018.0,78000.0,78018.0,14.39561
2026-08-29 16:45:00,78018.0,78028.75,78014.11,78022.5,15.41247
2026-08-29 16:48:00,78022.5,78046.0,78021.06,78038.24,7.91807
2026-08-29 16:51:00,78038.24,78099.99,78038.23,78049.51,34.78256
2026-08-29 16:54:00,78049.51,78049.52,78027.01,78034.1,12.56154
2026-08-29 16:57:00,78034.1,78034.1,78000.0,78027.17,10.54338
2026-08-29 17:00:00,78027.17,78049.73,78027.17,78040.69,20.69889
2026-08-29 17:03:00,78040.68,78086.81,78039.0,78039.01,17.03715
2026-08-29 17:06:00,78039.0,78043.93,78019.65,78019.65,18.08534
2026-08-29 17:09:00,78019.66,78054.6,78019.65,78037.99,9.42181
2026-08-29 17:12:00,78037.99,78054.0,78034.45,78048.43,6.92035
2026-08-29 17:15:00,78048.43,78100.0,78048.43,78096.28,3.64467
2026-08-29 17:18:00,78096.28,78096.28,78044.0,78044.0,6.53769
2026-08-29 17:21:00,78044.0,78044.01,77989.52,78030.0,11.02921
2026-08-29 17:24:00,78029.99,78030.0,77998.0,78015.03,4.48195
2026-08-29 17:27:00,78015.02,78015.03,77989.67,77990.77,4.40116
2026-08-29 17:30:00,77990.78,78009.63,77989.52,77989.52,6.29467
2026-08-29 17:33:00,77989.52,77989.53,77896.0,77917.37,13.36294
2026-08-29 17:36:00,77917.36,77971.35,77917.36,77936.01,6.77939
2026-08-29 17:39:00,77936.01,78003.72,77924.0,78001.29,9.41313
2026-08-29 17:42:00,78001.29,78029.66,77978.39,78020.0,11.09208
2026-08-29 17:45:00,78020.0,78040.54,78020.0,78040.53,3.93447
2026-08-29 17:48:00,78040.53,78054.0,78040.53,78053.12,3.21867
2026-08-29 17:51:00,78053.11,78053.12,78040.41,78040.41,3.76287
2026-08-29 17:54:00,78040.42,78040.42,77990.05,78001.4,27.64448
2026-08-29 17:57:00,78001.39,78100.0,78001.39,78100.0,22.34534
2026-08-29 18:00:00,78099.99,78158.0,78099.99,78127.74,24.60784
2026-08-29 18:03:00,78127.75,78127.75,78069.31,78084.2,7.85275
2026-08-29 18:06:00,78084.19,78097.68,78082.23,78094.83,4.62603
2026-08-29 18:09:00,78094.84,78098.0,78086.86,78086.87,5.69536
2026-08-29 18:12:00,78086.87,78086.87,78072.89,78072.89,9.52277
2026-08-29 18:15:00,78072.89,78079.71,78028.08,78062.96,11.09057
2026-08-29 18:18:00,78062.97,78064.0,78058.08,78058.08,7.89261
2026-08-29 18:21:00,78058.08,78099.4,78058.08,78080.01,15.91202
2026-08-29 18:24:00,78080.01,78096.76,78080.0,78080.01,5.43852
2026-08-29 18:27:00,78080.02,78083.17,78053.27,78053.27,4.90698
2026-08-29 18:30:00,78053.27,78088.0,78018.02,78062.0,17.99756
2026-08-29 18:33:00,78062.01,78114.0,78062.0,78114.0,20.57527
2026-08-29 18:36:00,78114.0,78212.0,78114.0,78212.0,23.47132
2026-08-29 18:39:00,78212.0,78212.81,78160.28,78199.55,30.41738
2026-08-29 18:42:00,78199.54,78199.55,78116.01,78145.99,15.82991
2026-08-29 18:45:00,78145.99,78187.62,78145.99,78187.61,6.26993
2026-08-29 18:48:00,78187.62,78250.0,78187.61,78227.22,13.69184
2026-08-29 18:51:00,78227.21,78239.41,78210.7,78210.7,14.10448
2026-08-29 18:54:00,78210.7,78210.71,78172.25,78173.39,7.97634
2026-08-29 18:57:00,78173.4,78177.16,78158.0,78158.01,5.05598
2026-08-29 19:00:00,78158.01,78168.01,78158.0,78168.0,4.33004
2026-08-29 19:03:00,78168.0,78238.75,78168.0,78233.82,20.65742
2026-08-29 19:06:00,78233.81,78260.0,78233.81,78245.85,9.2949
2026-08-29 19:09:00,78245.85,78269.0,78245.85,78269.0,7.47191
2026-08-29 19:12:00,78268.99,78309.16,78268.99,78309.16,26.67944
2026-08-29 19:15:00,78309.15,78330.0,78285.64,78285.64,13.23037
2026-08-29 19:18:00,78285.64,78291.79,78282.4,78291.78,6.78593
2026-08-29 19:21:00,78291.78,78291.79,78245.86,78263.46,17.55901
2026-08-29 19:24:00,78263.46,78282.0,78257.59,78257.59,13.18167
2026-08-29 19:27:00,78257.6,78257.6,78240.87,78240.9,6.43776
2026-08-29 19:30:00,78240.9,78260.44,78210.27,78224.84,8.90674
2026-08-29 19:33:00,78224.84,78224.84,78216.9,78224.14,4.79086
2026-08-29 19:36:00,78224.13,78252.35,78193.59,78193.6,21.61879
2026-08-29 19:39:00,78193.59,78238.65,78193.59,78238.65,13.44819
2026-08-29 19:42:00,78238.65,78252.3,78224.73,78252.29,4.70981
2026-08-29 19:45:00,78252.3,78252.3,78232.28,78252.3,13.08837
2026-08-29 19:48:00,78252.3,78260.0,78227.83,78227.83,17.61559
2026-08-29 19:51:00,78227.84,78249.99,78209.25,78230.03,5.93419
2026-08-29 19:54:00,78230.02,78230.03,78142.0,78155.35,10.12661
2026-08-29 19:57:00,78155.35,78182.0,78138.87,78182.0,5.47806
2026-08-29 20:00:00,78181.99,78200.0,78170.72,78200.0,5.84114
2026-08-29 20:03:00,78199.99,78298.0,78199.99,78252.69,18.41856
2026-08-29 20:06:00,78252.7,78266.0,78240.58,78240.58,9.3061
2026-08-29 20:09:00,78240.59,78251.94,78220.0,78231.19,5.59557
2026-08-29 20:12:00,78231.19,78236.01,78219.5,78227.99,4.41363
2026-08-29 20:15:00,78227.99,78239.34,78223.49,78229.84,6.28249
2026-08-29 20:18:00,78229.84,78263.51,78229.84,78263.51,6.47129
2026-08-29 20:21:00,78263.51,78263.51,78210.0,78210.0,8.54911
2026-08-29 20:24:00,78210.0,78210.01,78206.45,78206.45,3.65332
2026-08-29 20:27:00,78206.46,78206.46,78182.0,78182.01,3.79994
2026-08-29 20:30:00,78182.0,78182.0,78122.0,78123.25,9.35002
2026-08-29 20:33:00,78123.26,78156.71,78117.95,78156.7,12.20359
2026-08-29 20:36:00,78156.7,78156.71,78126.81,78142.93,7.60606
2026-08-29 20:39:00,78142.94,78142.94,78129.17,78137.64,4.18376
2026-08-29 20:42:00,78137.64,78145.38,78137.63,78137.64,6.59806
2026-08-29 20:45:00,78137.63,78137.64,78137.63,78137.64,5.0937
2026-08-29 20:48:00,78137.64,78153.22,78117.95,78153.21,5.30088
2026-08-29 20:51:00,78153.22,78153.22,78139.81,78142.36,1.26645
2026-08-29 20:54:00,78142.36,78142.36,78142.32,78142.33,4.90163
2026-08-29 20:57:00,78142.32,78142.33,78127.99,78129.92,3.45758
2026-08-29 21:00:00,78129.92,78133.94,78069.38,78081.96,40.96036
2026-08-29 21:03:00,78081.97,78081.97,78062.0,78074.18,5.85952
2026-08-29 21:06:00,78074.17,78167.35,78074.17,78138.0,9.0938
2026-08-29 21:09:00,78138.0,78138.0,78128.04,78129.99,1.71325
2026-08-29 21:12:00,78129.99,78188.65,78129.99,78154.91,7.03769
2026-08-29 21:15:00,78154.92,78162.0,78144.0,78162.0,4.61776
2026-08-29 21:18:00,78162.0,78175.01,78161.99,78175.01,3.53462
2026-08-29 21:21:00,78175.01,78175.01,78154.77,78154.78,3.72124
2026-08-29 21:24:00,78154.78,78154.78,78102.0,78106.54,10.34055
2026-08-29 21:27:00,78106.53,78107.61,78106.53,78107.61,1.95384
2026-08-29 21:30:00,78107.61,78119.53,78107.6,78119.53,2.25321
2026-08-29 21:33:00,78119.53,78119.53,78104.33,78107.59,3.1252
2026-08-29 21:36:00,78107.59,78107.59,78072.0,78093.72,7.28543
2026-08-29 21:39:00,78093.71,78093.72,78071.15,78082.55,4.1045
2026-08-29 21:42:00,78082.55,78098.97,78070.0,78098.96,4.10765
2026-08-29 21:45:00,78098.97,78147.67,78098.54,78124.67,5.3508
2026-08-29 21:48:00,78124.67,78165.06,78119.01,78165.06,4.79134
2026-08-29 21:51:00,78165.06,78184.0,78163.99,78183.99,3.8943
2026-08-29 21:54:00,78184.0,78198.0,78182.05,78197.99,1.8634
2026-08-29 21:57:00,78198.0,78198.0,78149.34,78161.63,6.42905
2026-08-29 22:00:00,78161.62,78186.0,78149.34,78173.14,5.92376
2026-08-29 22:03:00,78173.14,78187.77,78168.0,78168.0,22.64866
2026-08-29 22:06:00,78168.0,78220.0,78168.0,78201.18,18.81719
2026-08-29 22:09:00,78201.18,78214.09,78201.17,78203.69,1.85461
2026-08-29 22:12:00,78203.69,78203.7,78110.0,78137.37,94.17709
2026-08-29 22:15:00,78137.38,78158.0,78130.88,78130.89,3.33848
2026-08-29 22:18:00,78130.88,78130.89,78086.0,78086.0,8.15146
2026-08-29 22:21:00,78086.01,78100.61,78086.0,78100.6,1.68537
2026-08-29 22:24:00,78100.61,78100.61,78100.6,78100.61,1.77339
2026-08-29 22:27:00,78100.61,78151.91,78100.6,78146.78,42.8056
2026-08-29 22:30:00,78146.79,78156.49,78142.91,78149.99,4.80863
2026-08-29 22:33:00,78149.99,78157.85,78134.99,78140.78,27.59555
2026-08-29 22:36:00,78140.78,78160.39,78140.78,78160.38,16.19959
2026-08-29 22:39:00,78160.38,78184.92,78160.38,78170.01,21.60381
2026-08-29 22:42:00,78170.0,78180.01,78170.0,78180.0,7.96154
2026-08-29 22:45:00,78180.0,78196.22,78179.99,78196.21,3.77795
2026-08-29 22:48:00,78196.22,78196.22,78193.0,78193.01,3.65387
2026-08-29 22:51:00,78193.0,78193.01,78193.0,78193.0,2.55574
2026-08-29 22:54:00,78193.01,78213.32,78193.0,78213.32,2.35891
2026-08-29 22:57:00,78213.31,78239.4,78213.31,78228.34,6.53696
2026-08-29 23:00:00,78228.33,78239.39,78228.33,78239.39,2.33761
2026-08-29 23:03:00,78239.39,78246.8,78228.76,78230.41,4.33563
2026-08-29 23:06:00,78230.41,78250.0,78200.58,78210.28,9.1748
2026-08-29 23:09:00,78210.28,78236.99,78210.27,78230.36,4.83945
2026-08-29 23:12:00,78230.35,78243.53,78209.24,78241.68,6.36553
2026-08-29 23:15:00,78241.67,78246.33,78224.0,78246.33,2.36727
2026-08-29 23:18:00,78246.33,78262.66,78238.22,78238.22,8.1535
2026-08-29 23:21:00,78238.22,78238.23,78200.0,78200.0,8.13743
2026-08-29 23:24:00,78200.01,78200.01,78190.0,78190.0,7.79414
2026-08-29 23:27:00,78190.01,78265.27,78190.0,78261.43,41.66091
2026-08-29 23:30:00,78261.44,78283.7,78261.43,78266.0,30.92771
2026-08-29 23:33:00,78266.01,78266.01,78234.0,78234.01,5.7591
2026-08-29 23:36:00,78234.0,78266.91,78234.0,78266.91,3.47419
2026-08-29 23:39:00,78266.91,78266.91,78254.7,78266.87,4.45223
2026-08-29 23:42:00,78266.88,78270.24,78218.48,78218.49,93.09375
2026-08-29 23:45:00,78218.49,78274.32,78218.49,78264.48,33.82175
2026-08-29 23:48:00,78264.48,78282.53,78264.48,78265.25,6.65234
2026-08-29 23:51:00,78265.25,78275.33,78242.82,78242.83,11.17288
2026-08-29 23:54:00,78242.82,78248.96,78222.96,78242.56,9.55331
2026-08-29 23:57:00,78242.56,78242.57,78224.61,78230.0,32.01927
2026-08-30 00:00:00,78230.0,78230.0,78212.28,78226.06,7.58324
2026-08-30 00:03:00,78226.05,78238.22,78200.0,78200.01,5.82966
2026-08-30 00:06:00,78200.01,78200.01,78200.0,78200.01,3.67317
2026-08-30 00:09:00,78200.01,78200.01,78147.17,78162.02,30.94772
2026-08-30 00:12:00,78162.02,78177.5,78159.19,78177.5,5.64889
2026-08-30 00:15:00,78177.5,78298.0,78177.49,78298.0,14.48077
2026-08-30 00:18:00,78297.99,78330.0,78226.0,78226.01,17.6346
2026-08-30 00:21:00,78226.01,78232.01,78210.0,78217.72,16.58295
2026-08-30 00:24:00,78217.72,78226.61,78209.4,78226.6,6.61776
2026-08-30 00:27:00,78226.61,78226.61,78216.51,78216.52,3.04486
2026-08-30 00:30:00,78216.52,78240.0,78194.24,78210.15,8.15751
2026-08-30 00:33:00,78210.15,78243.53,78204.41,78243.53,7.85895
2026-08-30 00:36:00,78243.52,78299.79,78238.0,78238.01,13.44381
2026-08-30 00:39:00,78238.0,78253.43,78238.0,78244.01,3.50065
2026-08-30 00:42:00,78244.0,78244.01,78194.24,78209.3,9.60179
2026-08-30 00:45:00,78209.29,78211.98,78194.24,78205.74,2.80652
2026-08-30 00:48:00,78205.73,78251.93,78203.25,78236.14,10.45264
2026-08-30 00:51:00,78236.14,78236.14,78212.68,78223.94,8.19342
2026-08-30 00:54:00,78223.94,78223.94,78207.08,78207.09,4.33905
2026-08-30 00:57:00,78207.08,78207.09,78179.85,78179.86,4.80428
2026-08-30 01:00:00,78179.86,78179.86,78166.0,78168.0,6.74745
2026-08-30 01:03:00,78168.0,78190.0,78167.99,78186.74,5.47874
2026-08-30 01:06:00,78186.75,78186.75,78108.14,78110.02,22.36541
2026-08-30 01:09:00,78110.01,78130.51,78110.01,78119.4,8.76965
2026-08-30 01:12:00,78119.41,78119.41,78070.0,78072.01,12.833
2026-08-30 01:15:00,78072.01,78072.01,77995.81,78019.79,44.02927
2026-08-30 01:18:00,78019.8,78070.35,78006.0,78070.35,22.35423
2026-08-30 01:21:00,78070.35,78070.37,78055.66,78061.84,15.95822
2026-08-30 01:24:00,78061.84,78070.37,78000.0,78000.01,13.87759
2026-08-30 01:27:00,78000.01,78023.0,78000.01,78016.17,6.62334
2026-08-30 01:30:00,78016.17,78030.0,77994.02,78030.0,17.54482
2026-08-30 01:33:00,78030.0,78030.0,78006.32,78008.0,6.06542
2026-08-30 01:36:00,78008.01,78069.97,78008.0,78043.69,11.71031
2026-08-30 01:39:00,78043.7,78055.36,78043.69,78055.35,2.82156
2026-08-30 01:42:00,78055.35,78066.59,78048.27,78061.66,10.51413
2026-08-30 01:45:00,78061.65,78131.99,78061.65,78103.95,15.29817
2026-08-30 01:48:00,78103.94,78117.12,78100.7,78117.11,4.37253
2026-08-30 01:51:00,78117.11,78117.12,78072.45,78072.45,9.18815
2026-08-30 01:54:00,78072.46,78078.97,78062.5,78063.99,6.28725
2026-08-30 01:57:00,78064.0,78084.0,78044.9,78081.5,14.21347
2026-08-30 02:00:00,78081.49,78100.67,78066.64,78100.67,5.24339
2026-08-30 02:03:00,78100.66,78129.98,78100.66,78122.12,8.42635
2026-08-30 02:06:00,78122.12,78129.98,78074.08,78086.35,10.55054
2026-08-30 02:09:00,78086.35,78086.35,78074.81,78074.82,6.55988
2026-08-30 02:12:00,78074.82,78089.29,78074.82,78086.33,1.68537
2026-08-30 02:15:00,78086.32,78087.92,78056.0,78075.57,5.67505
2026-08-30 02:18:00,78075.56,78075.57,78070.5,78071.44,1.68801
2026-08-30 02:21:00,78071.43,78071.44,78048.37,78048.37,4.5003
2026-08-30 02:24:00,78048.38,78048.38,78018.06,78018.06,4.3155
2026-08-30 02:27:00,78018.06,78063.21,78018.06,78042.5,8.08799
2026-08-30 02:30:00,78042.49,78051.14,78032.08,78032.09,3.41741
2026-08-30 02:33:00,78032.08,78048.49,78014.74,78046.69,6.01518
2026-08-30 02:36:00,78046.7,78048.44,78046.69,78048.44,0.91378
2026-08-30 02:39:00,78048.43,78121.9,78048.43,78102.45,14.28529
2026-08-30 02:42:00,78102.44,78102.45,78102.44,78102.45,1.47944
2026-08-30 02:45:00,78102.45,78102.45,78090.57,78098.0,11.10278
2026-08-30 02:48:00,78097.99,78124.58,78097.99,78124.58,4.87732
2026-08-30 02:51:00,78124.57,78178.02,78124.57,78138.37,12.68141
2026-08-30 02:54:00,78138.36,78148.07,78138.36,78147.29,3.2307
2026-08-30 02:57:00,78147.29,78147.29,78106.0,78106.01,4.90897
2026-08-30 03:00:00,78106.0,78127.85,78090.57,78122.45,10.99933
2026-08-30 03:03:00,78122.46,78122.46,78084.36,78084.37,4.86613
2026-08-30 03:06:00,78084.37,78084.37,78066.46,78079.8,8.27787
2026-08-30 03:09:00,78079.8,78084.94,78079.79,78084.94,5.9137
2026-08-30 03:12:00,78084.94,78084.94,78084.92,78084.93,10.86013
2026-08-30 03:15:00,78084.93,78084.93,78075.0,78075.01,13.76297
2026-08-30 03:18:00,78075.0,78083.93,78075.0,78075.0,15.11939
2026-08-30 03:21:00,78075.01,78075.67,78065.99,78075.66,17.20466
2026-08-30 03:24:00,78075.66,78105.39,78075.66,78105.39,12.09938
2026-08-30 03:27:00,78105.39,78168.0,78105.38,78168.0,13.06623
2026-08-30 03:30:00,78168.0,78187.88,78146.22,78187.88,10.87487
2026-08-30 03:33:00,78187.89,78233.7,78187.89,78210.66,14.25877
2026-08-30 03:36:00,78210.67,78210.67,78178.0,78183.77,14.71267
2026-08-30 03:39:00,78183.77,78205.25,78174.55,78205.25,16.43796
2026-08-30 03:42:00,78205.24,78212.0,78190.43,78190.43,9.29176
2026-08-30 03:45:00,78190.44,78191.37,78158.0,78171.93,15.744
2026-08-30 03:48:00,78171.93,78171.93,78160.0,78160.01,13.53975
2026-08-30 03:51:00,78160.0,78160.01,78150.0,78150.01,21.39096
2026-08-30 03:54:00,78150.0,78160.52,78149.99,78160.52,19.09176
2026-08-30 03:57:00,78160.51,78160.52,78144.68,78144.68,6.89224
2026-08-30 04:00:00,78144.68,78177.76,78144.68,78177.59,18.88785
2026-08-30 04:03:00,78177.59,78220.0,78177.59,78220.0,6.91026
2026-08-30 04:06:00,78219.99,78220.0,78150.01,78162.72,10.95969
2026-08-30 04:09:00,78162.71,78162.72,78154.85,78154.85,3.33727
2026-08-30 04:12:00,78154.86,78157.22,78154.85,78157.21,5.06311
2026-08-30 04:15:00,78157.22,78173.04,78157.21,78160.0,6.09048
2026-08-30 04:18:00,78160.01,78160.01,78140.0,78148.11,7.44784
2026-08-30 04:21:00,78148.1,78148.86,78117.21,78117.21,8.05888
2026-08-30 04:24:00,78117.22,78129.86,78093.01,78129.72,17.94049
2026-08-30 04:27:00,78129.71,78134.0,78122.03,78122.04,5.19042
2026-08-30 04:30:00,78122.03,78122.04,78099.19,78108.59,9.4405
2026-08-30 04:33:00,78108.58,78108.59,78085.5,78085.51,13.09793
2026-08-30 04:36:00,78085.51,78085.51,78063.99,78070.58,19.54268
2026-08-30 04:39:00,78070.57,78070.58,78020.06,78050.94,19.66646
2026-08-30 04:42:00,78050.93,78050.94,78021.62,78021.62,21.83664
2026-08-30 04:45:00,78021.63,78025.85,78001.04,78001.05,5.55123
2026-08-30 04:48:00,78001.04,78010.0,77990.0,78010.0,9.99888
2026-08-30 04:51:00,78010.0,78044.01,78010.0,78044.0,7.5047
2026-08-30 04:54:00,78043.99,78073.86,78043.99,78073.86,9.8282
2026-08-30 04:57:00,78073.86,78109.75,78073.85,78109.75,9.18075
2026-08-30 05:00:00,78109.74,78146.0,78109.74,78145.99,14.14706
2026-08-30 05:03:00,78145.99,78214.0,78145.99,78168.54,33.38001
2026-08-30 05:06:00,78168.55,78177.93,78152.82,78169.48,21.33618
2026-08-30 05:09:00,78169.49,78169.49,78146.0,78146.0,3.31555
2026-08-30 05:12:00,78146.01,78146.01,78146.0,78146.01,2.71343
2026-08-30 05:15:00,78146.0,78146.01,78136.78,78136.88,4.85824
2026-08-30 05:18:00,78136.88,78136.89,78136.88,78136.88,3.20647
2026-08-30 05:21:00,78136.89,78140.0,78136.88,78139.99,4.36567
2026-08-30 05:24:00,78140.0,78140.0,78139.99,78140.0,1.13352
2026-08-30 05:27:00,78140.0,78140.0,78139.99,78140.0,4.1117
2026-08-30 05:30:00,78140.0,78140.0,78136.88,78136.88,3.88112
2026-08-30 05:33:00,78136.88,78136.89,78136.88,78136.89,3.84604
2026-08-30 05:36:00,78136.88,78136.89,78122.0,78122.01,14.5384
2026-08-30 05:39:00,78122.0,78132.39,78122.0,78132.39,4.5004
2026-08-30 05:42:00,78132.39,78134.31,78122.21,78126.23,5.92002
2026-08-30 05:45:00,78126.23,78126.23,78126.22,78126.23,5.54808
2026-08-30 05:48:00,78126.23,78126.23,78126.22,78126.22,2.35389
2026-08-30 05:51:00,78126.23,78126.23,78121.81,78125.99,8.94968
2026-08-30 05:54:00,78125.99,78135.28,78124.56,78124.57,11.82618
2026-08-30 05:57:00,78124.57,78127.72,78124.56,78127.71,7.36149
2026-08-30 06:00:00,78127.72,78127.72,78120.0,78120.0,5.09033
2026-08-30 06:03:00,78120.0,78146.0,78120.0,78123.33,7.10541
2026-08-30 06:06:00,78123.32,78123.33,78123.32,78123.33,2.60902
2026-08-30 06:09:00,78123.33,78123.33,78106.07,78110.33,8.26023
2026-08-30 06:12:00,78110.32,78123.33,78110.32,78123.32,9.51851
2026-08-30 06:15:00,78123.33,78123.33,78123.32,78123.32,3.8239
2026-08-30 06:18:00,78123.32,78141.77,78123.32,78141.77,19.03223
2026-08-30 06:21:00,78141.77,78154.0,78141.76,78153.99,5.31109
2026-08-30 06:24:00,78154.0,78194.0,78153.99,78182.14,7.68763
2026-08-30 06:27:00,78182.13,78182.14,78176.34,78177.41,4.84441
2026-08-30 06:30:00,78177.41,78177.42,78177.41,78177.41,4.16474
2026-08-30 06:33:00,78177.41,78210.51,78177.41,78210.51,8.76741
2026-08-30 06:36:00,78210.51,78263.76,78210.5,78260.79,26.78789
2026-08-30 06:39:00,78260.79,78298.59,78244.34,78297.34,14.27592
2026-08-30 06:42:00,78297.34,78297.34,78219.44,78245.91,15.22396
2026-08-30 06:45:00,78245.91,78245.91,78233.67,78239.35,12.04385
2026-08-30 06:48:00,78239.35,78310.71,78239.34,78254.0,35.3764
2026-08-30 06:51:00,78254.01,78257.88,78254.0,78256.64,7.1771
2026-08-30 06:54:00,78256.63,78276.01,78256.63,78272.76,7.03346
2026-08-30 06:57:00,78272.76,78280.34,78272.75,78280.34,4.54673
2026-08-30 07:00:00,78280.34,78291.27,78264.46,78264.47,9.11113
2026-08-30 07:03:00,78264.46,78264.47,78264.46,78264.47,2.71409
2026-08-30 07:06:00,78264.46,78264.47,78256.0,78256.0,3.37016
2026-08-30 07:09:00,78256.01,78256.01,78256.0,78256.01,2.51014
2026-08-30 07:12:00,78256.01,78256.01,78256.0,78256.01,4.34885
2026-08-30 07:15:00,78256.01,78256.01,78247.98,78247.99,2.44133
2026-08-30 07:18:00,78247.99,78247.99,78244.0,78244.01,1.85177
2026-08-30 07:21:00,78244.01,78244.01,78232.73,78232.74,4.39345
2026-08-30 07:24:00,78232.74,78232.74,78232.73,78232.73,2.2281
2026-08-30 07:27:00,78232.73,78232.74,78230.0,78230.0,4.79034
2026-08-30 07:30:00,78230.01,78230.01,78208.62,78208.62,7.57221
2026-08-30 07:33:00,78208.62,78208.62,78177.98,78178.05,8.71829
2026-08-30 07:36:00,78178.04,78192.86,78168.66,78176.54,13.02731
2026-08-30 07:39:00,78176.53,78199.09,78175.16,78177.36,10.72826
2026-08-30 07:42:00,78177.36,78177.37,78146.0,78146.01,6.58056
2026-08-30 07:45:00,78146.01,78146.01,78132.0,78138.07,7.71906
2026-08-30 07:48:00,78138.07,78162.0,78118.0,78141.95,24.72623
2026-08-30 07:51:00,78141.95,78157.96,78141.95,78157.95,8.95928
2026-08-30 07:54:00,78157.94,78157.95,78136.0,78136.0,7.9691
2026-08-30 07:57:00,78136.0,78136.01,78118.0,78118.0,3.74584
2026-08-30 08:00:00,78118.0,78138.0,78118.0,78138.0,16.032
2026-08-30 08:03:00,78137.99,78138.01,78137.99,78138.01,3.96134
2026-08-30 08:06:00,78138.0,78195.57,78138.0,78195.57,10.26932
2026-08-30 08:09:00,78195.57,78195.57,78144.0,78144.0,17.78439
2026-08-30 08:12:00,78144.0,78148.07,78138.0,78148.07,5.14653
2026-08-30 08:15:00,78148.06,78172.0,78148.06,78155.05,4.29784
2026-08-30 08:18:00,78155.04,78207.22,78155.04,78186.45,7.05229
2026-08-30 08:21:00,78186.44,78186.45,78157.35,78157.36,13.94036
2026-08-30 08:24:00,78157.36,78176.57,78154.0,78176.04,6.5226
2026-08-30 08:27:00,78176.03,78176.04,78154.09,78154.09,2.0577
2026-08-30 08:30:00,78154.09,78154.1,78140.39,78140.4,3.5382
2026-08-30 08:33:00,78140.4,78140.4,78112.0,78112.0,4.94672
2026-08-30 08:36:00,78112.0,78112.0,78052.14,78052.14,12.0874
2026-08-30 08:39:00,78052.15,78052.15,78040.0,78040.49,7.12637
2026-08-30 08:42:00,78040.48,78062.0,78040.48,78062.0,4.58213
2026-08-30 08:45:00,78061.99,78062.0,78034.0,78060.0,6.43613
2026-08-30 08:48:00,78060.0,78064.0,78054.28,78054.29,5.44873
2026-08-30 08:51:00,78054.29,78054.29,78042.65,78054.29,3.23703
2026-08-30 08:54:00,78054.29,78068.38,78054.28,78068.37,3.45162
2026-08-30 08:57:00,78068.38,78086.0,78068.37,78074.01,5.75724
2026-08-30 09:00:00,78074.01,78084.29,78074.01,78084.28,4.35526
2026-08-30 09:03:00,78084.29,78084.29,78084.28,78084.29,3.39312
2026-08-30 09:06:00,78084.28,78084.29,78084.28,78084.29,1.54275
2026-08-30 09:09:00,78084.29,78084.29,78084.28,78084.28,1.80001
2026-08-30 09:12:00,78084.29,78100.0,78084.28,78100.0,3.57114
2026-08-30 09:15:00,78099.99,78100.0,78074.01,78074.02,5.55702
2026-08-30 09:18:00,78074.02,78098.23,78074.01,78098.22,3.42471
2026-08-30 09:21:00,78098.22,78118.87,78055.74,78055.74,16.24566
2026-08-30 09:24:00,78055.75,78055.75,78041.25,78041.25,7.31275
2026-08-30 09:27:00,78041.26,78058.0,77986.0,77991.65,32.851
2026-08-30 09:30:00,77991.65,78026.0,77991.65,78026.0,17.87981
2026-08-30 09:33:00,78026.0,78029.22,77989.03,78004.13,12.87629
2026-08-30 09:36:00,78004.12,78015.88,78004.12,78015.88,7.49278
2026-08-30 09:39:00,78015.87,78052.76,78000.33,78052.76,11.84545
2026-08-30 09:42:00,78052.76,78052.76,78034.0,78035.03,3.23718
2026-08-30 09:45:00,78035.02,78051.56,78035.02,78042.32,5.72116
2026-08-30 09:48:00,78042.32,78060.0,78008.01,78008.02,9.64717
2026-08-30 09:51:00,78008.01,78008.02,78006.36,78006.36,6.26972
2026-08-30 09:54:00,78006.37,78020.0,78000.0,78019.99,5.76239
2026-08-30 09:57:00,78019.99,78020.0,78000.0,78000.01,4.48258
2026-08-30 10:00:00,78000.01,78002.41,77988.59,77988.59,7.59855
2026-08-30 10:03:00,77988.6,78002.0,77962.49,78001.99,7.96625
2026-08-30 10:06:00,78001.99,78043.28,78001.99,78043.28,14.63199
2026-08-30 10:09:00,78043.28,78072.01,78036.92,78036.93,10.29958
2026-08-30 10:12:00,78036.93,78036.93,78017.51,78017.51,11.01038
2026-08-30 10:15:00,78017.51,78020.42,78017.51,78020.42,5.04396
2026-08-30 10:18:00,78020.42,78047.27,77998.0,78037.8,17.17535
2026-08-30 10:21:00,78037.79,78059.56,78023.2,78045.08,17.74765
2026-08-30 10:24:00,78045.09,78071.67,78045.08,78071.67,11.42003
2026-08-30 10:27:00,78071.67,78122.44,78050.0,78050.0,19.72151
2026-08-30 10:30:00,78050.01,78092.97,78050.0,78079.21,4.03199
2026-08-30 10:33:00,78079.21,78079.21,78062.0,78063.0,4.03795
2026-08-30 10:36:00,78062.99,78080.0,78062.99,78079.99,1.77312
2026-08-30 10:39:00,78080.0,78122.12,78079.99,78107.23,13.71512
2026-08-30 10:42:00,78107.23,78117.4,78107.22,78112.5,4.50883
2026-08-30 10:45:00,78112.51,78145.29,78112.5,78145.29,4.8533
2026-08-30 10:48:00,78145.29,78145.29,78145.28,78145.28,5.01076
2026-08-30 10:51:00,78145.28,78145.29,78145.28,78145.29,1.7541
2026-08-30 10:54:00,78145.28,78145.29,78145.28,78145.29,3.03769
2026-08-30 10:57:00,78145.28,78145.29,78145.28,78145.29,2.96703
2026-08-30 11:00:00,78145.29,78153.99,78145.28,78153.99,3.54378
2026-08-30 11:03:00,78153.99,78165.11,78153.98,78165.1,5.57457
2026-08-30 11:06:00,78165.1,78198.26,78165.1,78198.25,4.86842
2026-08-30 11:09:00,78198.26,78198.26,78162.0,78162.0,9.07154
2026-08-30 11:12:00,78162.01,78167.76,78144.18,78167.75,4.4083
2026-08-30 11:15:00,78167.76,78167.76,78153.18,78164.1,4.06407
2026-08-30 11:18:00,78164.1,78174.75,78164.1,78174.75,2.25481
2026-08-30 11:21:00,78174.75,78174.75,78174.74,78174.75,3.82239
2026-08-30 11:24:00,78174.75,78196.0,78174.74,78195.99,3.51846
2026-08-30 11:27:00,78196.0,78220.0,78190.0,78220.0,7.76626
2026-08-30 11:30:00,78219.99,78220.0,78184.0,78203.61,14.18774
2026-08-30 11:33:00,78203.6,78242.0,78184.0,78184.01,12.3441
2026-08-30 11:36:00,78184.0,78184.01,78153.18,78153.18,13.40595
2026-08-30 11:39:00,78153.18,78198.61,78153.18,78198.61,5.23413
2026-08-30 11:42:00,78198.6,78220.0,78190.0,78190.9,11.45973
2026-08-30 11:45:00,78190.9,78190.9,78182.0,78182.0,8.91107
2026-08-30 11:48:00,78182.01,78182.02,78141.52,78141.52,16.28586
2026-08-30 11:51:00,78141.52,78152.0,78117.11,78152.0,29.2968
2026-08-30 11:54:00,78151.99,78151.99,78145.95,78145.96,5.40308
2026-08-30 11:57:00,78145.96,78166.0,78145.95,78166.0,6.61988
2026-08-30 12:00:00,78165.99,78239.27,78165.99,78188.01,29.99716
2026-08-30 12:03:00,78188.01,78455.72,78188.0,78348.85,94.23475
2026-08-30 12:06:00,78348.85,78514.0,78348.84,78473.99,45.02008
2026-08-30 12:09:00,78474.0,78695.6,78473.99,78665.42,86.87036
2026-08-30 12:12:00,78665.41,78725.98,78650.1,78660.0,47.82841
2026-08-30 12:15:00,78660.0,78660.0,78558.0,78593.84,55.32646
2026-08-30 12:18:00,78593.83,78593.84,78506.83,78555.62,52.56483
2026-08-30 12:21:00,78555.61,78569.04,78496.69,78533.77,21.74415
2026-08-30 12:24:00,78533.76,78533.77,78507.6,78512.63,14.00967
2026-08-30 12:27:00,78512.63,78628.0,78512.63,78627.99,29.39591
2026-08-30 12:30:00,78627.99,78778.0,78576.0,78777.99,50.70879
2026-08-30 12:33:00,78778.0,78850.81,78550.0,78574.01,64.92116
2026-08-30 12:36:00,78574.0,78619.99,78564.83,78591.36,33.77017
2026-08-30 12:39:00,78591.35,78654.02,78569.98,78654.01,30.50278
2026-08-30 12:42:00,78654.02,78737.8,78651.97,78658.01,26.08736
2026-08-30 12:45:00,78658.01,78676.96,78609.94,78618.43,14.16469
2026-08-30 12:48:00,78618.43,78632.0,78600.0,78611.55,18.89108
2026-08-30 12:51:00,78611.54,78659.15,78590.04,78656.63,25.43556
2026-08-30 12:54:00,78656.63,78764.01,78628.53,78764.01,29.29013
2026-08-30 12:57:00,78764.0,78785.54,78694.29,78785.06,43.34632
2026-08-30 13:00:00,78785.06,78826.0,78690.56,78738.35,66.91157
2026-08-30 13:03:00,78738.36,78760.98,78679.22,78700.2,26.87129
2026-08-30 13:06:00,78700.2,78743.55,78700.19,78725.5,9.73296
2026-08-30 13:09:00,78725.49,78725.5,78669.08,78669.09,14.03262
2026-08-30 13:12:00,78669.09,78669.09,78625.54,78633.85,25.51977
2026-08-30 13:15:00,78633.86,78658.0,78590.14,78658.0,20.68744
2026-08-30 13:18:00,78658.0,78678.46,78647.74,78678.46,8.1903
2026-08-30 13:21:00,78678.46,78709.38,78670.65,78707.51,21.21726
2026-08-30 13:24:00,78707.51,78719.1,78699.29,78704.39,8.25037
2026-08-30 13:27:00,78704.4,78729.9,78704.39,78729.9,15.8599
2026-08-30 13:30:00,78729.89,78757.39,78700.0,78747.39,19.97747
2026-08-30 13:33:00,78747.38,78747.39,78683.91,78697.39,21.0019
2026-08-30 13:36:00,78697.38,78724.86,78680.0,78724.86,6.83262
2026-08-30 13:39:00,78724.85,78724.86,78686.43,78708.02,12.75187
2026-08-30 13:42:00,78708.03,78821.59,78708.03,78790.92,21.69694
2026-08-30 13:45:00,78790.93,78922.54,78790.92,78867.52,56.72234
2026-08-30 13:48:00,78867.51,78962.01,78867.51,78962.0,41.91974
2026-08-30 13:51:00,78962.0,78966.76,78892.83,78911.15,45.3038
2026-08-30 13:54:00,78911.15,78911.16,78874.0,78902.6,20.18044
2026-08-30 13:57:00,78902.59,78902.6,78860.0,78860.0,25.1596
2026-08-30 14:00:00,78860.01,78942.0,78822.0,78942.0,23.93591
2026-08-30 14:03:00,78941.99,78945.94,78824.65,78824.66,31.24239
2026-08-30 14:06:00,78824.65,78892.0,78778.0,78881.08,45.07654
2026-08-30 14:09:00,78881.08,78905.01,78861.87,78870.53,32.5436
2026-08-30 14:12:00,78870.52,78935.54,78855.2,78929.01,36.39657
2026-08-30 14:15:00,78929.02,78939.2,78867.05,78883.84,38.17072
2026-08-30 14:18:00,78883.84,78883.85,78800.0,78827.85,32.66
2026-08-30 14:21:00,78827.86,78834.55,78821.81,78821.82,11.44121
2026-08-30 14:24:00,78821.81,78876.0,78818.13,78847.25,19.70474
2026-08-30 14:27:00,78847.25,78871.28,78845.44,78868.74,9.33259
2026-08-30 14:30:00,78868.75,78935.71,78844.54,78924.95,21.60269
2026-08-30 14:33:00,78924.95,78924.95,78800.0,78803.8,21.73778
2026-08-30 14:36:00,78803.8,78808.69,78724.94,78724.94,19.84057
2026-08-30 14:39:00,78724.94,78770.0,78722.0,78769.99,13.47953
2026-08-30 14:42:00,78770.0,78778.67,78761.95,78761.96,11.50657
2026-08-30 14:45:00,78761.96,78761.96,78724.0,78736.74,16.72698
2026-08-30 14:48:00,78736.75,78789.1,78736.74,78767.14,11.58692
2026-08-30 14:51:00,78767.15,78800.78,78767.14,78797.54,11.00913
2026-08-30 14:54:00,78797.55,78822.67,78792.3,78815.52,18.14423
2026-08-30 14:57:00,78815.52,78825.6,78782.98,78783.71,13.1911
2026-08-30 15:00:00,78783.7,78792.31,78691.72,78723.99,32.41084
2026-08-30 15:03:00,78723.99,78747.51,78690.0,78692.0,18.00659
2026-08-30 15:06:00,78692.0,78849.33,78691.99,78815.32,97.00151
2026-08-30 15:09:00,78815.32,78876.11,78746.46,78746.46,36.13662
2026-08-30 15:12:00,78746.47,78746.47,78646.88,78665.63,32.13721
2026-08-30 15:15:00,78665.64,78761.16,78626.0,78761.16,54.89411
2026-08-30 15:18:00,78761.16,78761.16,78686.45,78703.11,30.26736
2026-08-30 15:21:00,78703.12,78763.89,78703.12,78763.89,46.75425
2026-08-30 15:24:00,78763.88,78820.0,78763.88,78820.0,28.07541
2026-08-30 15:27:00,78819.99,78841.58,78786.0,78791.68,33.38212
2026-08-30 15:30:00,78791.67,78821.66,78791.67,78811.64,16.03166
2026-08-30 15:33:00,78811.64,78831.52,78803.96,78803.96,13.61852
2026-08-30 15:36:00,78803.97,78803.97,78787.3,78803.31,11.72794
2026-08-30 15:39:00,78803.31,78835.84,78803.3,78825.66,14.15537
2026-08-30 15:42:00,78825.67,78860.0,78798.0,78859.99,11.78461
2026-08-30 15:45:00,78860.0,78870.63,78838.93,78870.4,13.93964
2026-08-30 15:48:00,78870.39,78912.94,78820.03,78835.51,21.72287
2026-08-30 15:51:00,78835.51,78850.0,78808.0,78850.0,11.73271
2026-08-30 15:54:00,78849.99,78850.0,78792.39,78792.4,16.42213
2026-08-30 15:57:00,78792.4,78823.63,78790.79,78823.63,13.61961
2026-08-30 16:00:00,78823.62,78884.0,78808.06,78884.0,17.96153
2026-08-30 16:03:00,78883.99,79004.13,78875.69,78974.88,53.17077
2026-08-30 16:06:00,78974.88,78974.88,78847.5,78851.55,22.09965
2026-08-30 16:09:00,78851.55,78856.82,78750.0,78796.23,20.01427
2026-08-30 16:12:00,78796.24,79187.5,78796.24,79124.0,104.9431
2026-08-30 16:15:00,79124.0,79250.0,79044.88,79095.99,66.00245
2026-08-30 16:18:00,79096.0,79118.0,79029.24,79032.28,30.93591
2026-08-30 16:21:00,79032.27,79072.37,79012.0,79064.15,24.01256
2026-08-30 16:24:00,79064.15,79136.0,79046.0,79072.0,30.83061
2026-08-30 16:27:00,79072.01,79106.0,79036.0,79043.77,38.87567
2026-08-30 16:30:00,79043.78,79115.18,79014.92,79115.17,18.83024
2026-08-30 16:33:00,79115.18,79188.0,79098.45,79138.01,22.06866
2026-08-30 16:36:00,79138.01,79210.55,79127.41,79132.42,27.66973
2026-08-30 16:39:00,79132.43,79266.85,79112.0,79216.01,25.69124
2026-08-30 16:42:00,79216.01,79246.0,79148.0,79204.0,20.27348
2026-08-30 16:45:00,79204.0,79220.0,79160.95,79160.95,24.26238
2026-08-30 16:48:00,79160.96,79230.0,79160.95,79195.88,18.58992
2026-08-30 16:51:00,79195.88,79236.0,79144.0,79226.25,27.58138
2026-08-30 16:54:00,79226.24,79248.0,79192.88,79247.99,18.60903
2026-08-30 16:57:00,79247.99,79400.0,79247.99,79337.93,55.1413
2026-08-30 17:00:00,79337.93,79337.93,79220.0,79232.01,21.23362
2026-08-30 17:03:00,79232.0,79265.62,79225.34,79240.15,12.90152
2026-08-30 17:06:00,79240.15,79240.16,79149.74,79216.22,42.62854
2026-08-30 17:09:00,79216.22,79216.23,79137.35,79145.69,13.36421
2026-08-30 17:12:00,79145.7,79190.55,79145.69,79178.49,18.34086
2026-08-30 17:15:00,79178.49,79178.49,79003.14,79003.15,60.55412
2026-08-30 17:18:00,79003.14,79032.76,78950.0,78991.99,39.32725
2026-08-30 17:21:00,78991.99,79003.03,78942.0,78942.0,22.63418
2026-08-30 17:24:00,78942.01,78952.01,78774.85,78874.39,81.60479
2026-08-30 17:27:00,78874.38,78942.0,78848.0,78940.62,13.83766
2026-08-30 17:30:00,78940.61,78978.12,78882.0,78960.91,26.57662
2026-08-30 17:33:00,78960.91,79010.92,78952.86,79008.81,14.67909
2026-08-30 17:36:00,79008.81,79027.31,78984.0,79009.63,11.31505
2026-08-30 17:39:00,79009.64,79026.0,78977.22,79026.0,10.33
2026-08-30 17:42:00,79025.99,79060.0,79013.56,79044.82,8.48831
2026-08-30 17:45:00,79044.81,79080.01,79022.0,79042.63,16.92331
2026-08-30 17:48:00,79042.62,79051.74,79014.0,79028.0,15.7686
2026-08-30 17:51:00,79028.0,79041.76,78962.83,78962.84,13.03474
2026-08-30 17:54:00,78962.84,79022.0,78962.83,78991.18,13.28957
2026-08-30 17:57:00,78991.19,79021.03,78991.19,79021.02,3.89481
2026-08-30 18:00:00,79021.02,79074.0,79000.0,79000.01,17.93057
2026-08-30 18:03:00,79000.0,79038.63,78972.0,78972.0,10.90647
2026-08-30 18:06:00,78972.0,78972.01,78900.0,78900.01,15.39876
2026-08-30 18:09:00,78900.0,78900.01,78776.0,78826.0,79.18887
2026-08-30 18:12:00,78826.0,78839.3,78804.0,78839.29,10.25119
2026-08-30 18:15:00,78839.3,78868.0,78839.29,78864.61,5.02018
2026-08-30 18:18:00,78864.61,78900.0,78864.6,78884.71,10.94237
2026-08-30 18:21:00,78884.71,78889.4,78866.42,78872.53,6.1828
2026-08-30 18:24:00,78872.53,78894.25,78860.35,78860.36,8.92821
2026-08-30 18:27:00,78860.36,79009.61,78860.35,79009.61,11.13396
2026-08-30 18:30:00,79009.61,79135.61,79009.61,79120.35,37.76776
2026-08-30 18:33:00,79120.34,79170.0,79104.13,79170.0,10.75251
2026-08-30 18:36:00,79170.0,79181.99,79131.11,79159.0,13.14511
2026-08-30 18:39:00,79159.01,79169.99,79137.3,79137.3,6.22262
2026-08-30 18:42:00,79137.31,79144.45,79070.0,79088.56,11.20285
2026-08-30 18:45:00,79088.55,79088.56,79042.01,79058.0,5.11572
2026-08-30 18:48:00,79058.01,79081.09,79058.0,79066.64,3.91151
2026-08-30 18:51:00,79066.64,79066.64,79032.0,79032.01,8.1377
2026-08-30 18:54:00,79032.0,79053.94,79020.0,79030.76,10.54301
2026-08-30 18:57:00,79030.76,79056.0,79024.52,79036.69,11.09653
2026-08-30 19:00:00,79036.68,79037.98,79008.0,79008.01,3.26661
2026-08-30 19:03:00,79008.0,79008.01,78972.28,78978.76,14.50089
2026-08-30 19:06:00,78978.76,79041.96,78942.0,79018.55,13.76041
2026-08-30 19:09:00,79018.54,79018.55,78998.81,79014.14,7.27082
2026-08-30 19:12:00,79014.14,79035.59,79014.14,79035.59,24.44103
2026-08-30 19:15:00,79035.58,79038.09,78970.91,79009.56,12.34353
2026-08-30 19:18:00,79009.56,79009.57,78978.0,78978.01,3.86079
2026-08-30 19:21:00,78978.01,78978.01,78922.6,78922.61,16.28718
2026-08-30 19:24:00,78922.61,78924.27,78912.3,78924.26,12.43512
2026-08-30 19:27:00,78924.27,78924.27,78917.24,78917.24,9.03989
2026-08-30 19:30:00,78917.24,78944.0,78892.0,78892.0,23.42925
2026-08-30 19:33:00,78892.0,78915.54,78884.31,78884.32,7.76779
2026-08-30 19:36:00,78884.32,78884.32,78811.55,78811.55,16.07266
2026-08-30 19:39:00,78811.55,78839.62,78778.0,78833.09,11.21183
2026-08-30 19:42:00,78833.1,78833.1,78794.0,78794.0,4.51128
2026-08-30 19:45:00,78794.0,78813.71,78721.98,78813.7,15.75172
2026-08-30 19:48:00,78813.71,78820.0,78782.46,78818.76,11.66613
2026-08-30 19:51:00,78818.76,78841.44,78805.55,78841.11,4.77979
2026-08-30 19:54:00,78841.12,78871.46,78841.11,78848.4,13.41167
2026-08-30 19:57:00,78848.4,78870.0,78846.65,78856.39,6.38279
2026-08-30 20:00:00,78856.39,78914.69,78856.38,78894.85,8.596
2026-08-30 20:03:00,78894.84,78908.92,78866.0,78866.0,9.16627
2026-08-30 20:06:00,78866.01,78866.01,78838.02,78855.15,9.85797
2026-08-30 20:09:00,78855.16,78884.85,78855.15,78874.76,9.31455
2026-08-30 20:12:00,78874.77,78918.01,78864.01,78864.01,7.27419
2026-08-30 20:15:00,78864.02,78883.76,78860.0,78883.75,4.38524
2026-08-30 20:18:00,78883.76,78908.0,78844.0,78886.45,9.00839
2026-08-30 20:21:00,78886.45,78896.24,78868.79,78896.24,5.73482
2026-08-30 20:24:00,78896.24,78931.49,78877.01,78877.01,9.65735
2026-08-30 20:27:00,78877.02,78878.01,78842.0,78842.0,5.98939
2026-08-30 20:30:00,78842.0,78842.01,78732.72,78763.2,20.33964
2026-08-30 20:33:00,78763.19,78838.27,78763.19,78829.77,14.82082
2026-08-30 20:36:00,78829.77,78887.02,78766.0,78766.01,14.66179
2026-08-30 20:39:00,78766.01,78789.35,78650.37,78720.95,26.28483
2026-08-30 20:42:00,78720.92,78720.93,78438.23,78475.99,56.74435
2026-08-30 20:45:00,78476.0,78631.17,78476.0,78631.17,39.07327
2026-08-30 20:48:00,78631.17,78715.2,78631.17,78715.0,10.72734
2026-08-30 20:51:00,78715.01,78742.31,78696.0,78699.99,19.34949
2026-08-30 20:54:00,78699.98,78699.99,78640.64,78657.3,6.32301
2026-08-30 20:57:00,78657.29,78657.3,78597.32,78597.33,6.90469
2026-08-30 21:00:00,78597.32,78597.33,78229.82,78378.0,195.05377
2026-08-30 21:03:00,78378.01,78503.44,78378.01,78456.0,30.1972
2026-08-30 21:06:00,78456.0,78492.0,78446.0,78461.4,6.98051
2026-08-30 21:09:00,78461.41,78539.81,78372.0,78457.58,41.57418
2026-08-30 21:12:00,78457.59,78530.0,78457.59,78503.59,14.89663
2026-08-30 21:15:00,78503.59,78627.31,78503.58,78617.79,14.40255
2026-08-30 21:18:00,78617.78,78625.59,78554.21,78625.59,14.68318
2026-08-30 21:21:00,78625.58,78625.59,78483.66,78499.65,13.16511
2026-08-30 21:24:00,78499.65,78624.0,78476.0,78624.0,12.43149
2026-08-30 21:27:00,78623.99,78667.87,78609.86,78644.0,8.25963
2026-08-30 21:30:00,78644.0,78717.45,78636.0,78699.99,13.27977
2026-08-30 21:33:00,78700.0,78733.77,78699.99,78704.01,8.78951
2026-08-30 21:36:00,78704.0,78704.01,78641.79,78644.68,18.31134
2026-08-30 21:39:00,78644.68,78658.45,78610.01,78624.55,10.39082
2026-08-30 21:42:00,78624.56,78635.88,78602.0,78635.87,13.76107
2026-08-30 21:45:00,78635.87,78637.01,78550.47,78575.99,14.93364
2026-08-30 21:48:00,78575.99,78578.0,78556.47,78570.5,5.27179
2026-08-30 21:51:00,78570.5,78632.0,78565.99,78620.7,7.62254
2026-08-30 21:54:00,78620.71,78690.0,78605.46,78649.54,11.63872
2026-08-30 21:57:00,78649.54,78667.99,78636.62,78653.0,5.76743
2026-08-30 22:00:00,78653.0,78804.0,78530.0,78790.08,39.75274
2026-08-30 22:03:00,78790.08,78790.08,78722.43,78722.44,21.81725
2026-08-30 22:06:00,78722.44,78722.44,78654.0,78654.0,11.29212
2026-08-30 22:09:00,78654.0,78654.01,78568.71,78568.71,14.27806
2026-08-30 22:12:00,78568.72,78592.0,78564.69,78571.28,11.28654
2026-08-30 22:15:00,78571.28,78571.28,78435.19,78440.73,31.18231
2026-08-30 22:18:00,78440.74,78553.81,78415.49,78512.59,33.11541
2026-08-30 22:21:00,78512.59,78513.95,78394.09,78421.91,14.95836
2026-08-30 22:24:00,78421.9,78427.97,78304.47,78341.99,26.80883
2026-08-30 22:27:00,78341.99,78382.11,78312.28,78382.11,9.94406
2026-08-30 22:30:00,78382.11,78440.0,78280.0,78415.99,21.37671
2026-08-30 22:33:00,78416.0,78420.68,78352.0,78384.22,16.47735
2026-08-30 22:36:00,78384.22,78450.17,78350.01,78450.16,10.46231
2026-08-30 22:39:00,78450.16,78540.0,78450.16,78530.15,14.5842
2026-08-30 22:42:00,78530.15,78530.16,78460.0,78460.01,9.43473
2026-08-30 22:45:00,78460.0,78485.35,78410.0,78427.8,12.31573
2026-08-30 22:48:00,78427.81,78446.0,78396.65,78415.75,11.69619
2026-08-30 22:51:00,78415.76,78450.27,78380.0,78439.23,9.60264
2026-08-30 22:54:00,78439.23,78475.96,78416.17,78475.94,12.747
2026-08-30 22:57:00,78475.95,78508.0,78422.0,78422.01,57.29113
2026-08-30 23:00:00,78422.01,78422.01,78312.0,78374.0,72.66185
2026-08-30 23:03:00,78373.99,78374.0,78311.6,78352.0,7.42825
2026-08-30 23:06:00,78352.0,78412.32,78344.0,78351.88,20.69417
2026-08-30 23:09:00,78351.87,78435.73,78329.66,78430.79,124.21649
2026-08-30 23:12:00,78430.78,78454.0,78350.0,78366.16,60.21138
2026-08-30 23:15:00,78366.16,78388.77,78158.0,78234.81,126.80396
2026-08-30 23:18:00,78234.81,78404.0,78230.0,78379.27,25.66969
2026-08-30 23:21:00,78379.26,78402.0,77812.21,78021.81,169.05487
2026-08-30 23:24:00,78021.81,78075.88,77930.0,78072.53,51.44688
2026-08-30 23:27:00,78072.53,78072.53,77646.28,77678.09,111.49903
2026-08-30 23:30:00,77678.1,77882.16,77618.0,77756.01,90.47371
2026-08-30 23:33:00,77756.01,77806.26,77615.0,77660.0,64.31294
2026-08-30 23:36:00,77660.0,77736.0,77514.0,77566.84,82.66865
2026-08-30 23:39:00,77566.85,77582.0,77355.0,77428.54,121.22946
2026-08-30 23:42:00,77428.54,77524.0,77350.0,77476.77,104.37376
2026-08-30 23:45:00,77476.78,77532.0,77000.0,77193.41,307.90261
2026-08-30 23:48:00,77193.41,77465.0,77096.0,77451.62,77.49469
2026-08-30 23:51:00,77451.61,77606.0,77392.0,77554.09,71.24937
2026-08-30 23:54:00,77554.08,77683.32,77530.0,77668.53,46.67273
2026-08-30 23:57:00,77668.53,77734.61,77648.0,77682.0,64.36291
2026-08-31 00:00:00,77682.0,77736.17,77572.0,77684.45,69.36171
2026-08-31 00:03:00,77684.45,77827.99,77684.45,77740.01,49.12101
2026-08-31 00:06:00,77740.01,77751.37,77480.43,77525.27,106.00329
2026-08-31 00:09:00,77525.27,77636.0,77436.4,77636.0,50.42076
2026-08-31 00:12:00,77635.99,77763.22,77576.0,77754.7,40.19405
2026-08-31 00:15:00,77754.71,77896.0,77720.88,77864.01,50.07296
2026-08-31 00:18:00,77864.01,77940.0,77861.0,77939.99,16.13484
2026-08-31 00:21:00,77940.0,77962.93,77898.0,77962.93,27.69237
2026-08-31 00:24:00,77962.92,77971.47,77900.0,77923.66,25.36381
2026-08-31 00:27:00,77923.66,77959.86,77888.0,77901.33,29.37943
2026-08-31 00:30:00,77901.34,77958.0,77892.0,77944.0,26.03234
2026-08-31 00:33:00,77944.01,78155.29,77938.0,78076.74,71.62325
2026-08-31 00:36:00,78076.75,78185.89,78036.01,78036.01,29.84412
2026-08-31 00:39:00,78036.0,78052.0,77998.0,78052.0,18.00505
2026-08-31 00:42:00,78052.0,78070.0,78032.01,78032.01,10.56458
2026-08-31 00:45:00,78032.02,78032.02,77949.99,77950.0,23.72542
2026-08-31 00:48:00,77949.99,78031.75,77947.93,78022.0,29.59848
2026-08-31 00:51:00,78022.0,78022.01,77976.0,78010.01,11.79949
2026-08-31 00:54:00,78010.01,78034.01,77968.73,77968.74,12.1208
2026-08-31 00:57:00,77968.73,77968.73,77922.0,77937.04,14.37603
2026-08-31 01:00:00,77937.03,77993.03,77905.4,77933.47,38.17509
2026-08-31 01:03:00,77933.48,77934.0,77740.0,77766.95,49.51897
2026-08-31 01:06:00,77766.94,77766.95,77644.91,77664.01,64.55138
2026-08-31 01:09:00,77664.01,77706.0,77621.11,77634.76,25.26253
2026-08-31 01:12:00,77634.75,77672.0,77565.08,77660.16,57.50055
2026-08-31 01:15:00,77660.17,77660.17,77578.0,77614.39,29.06744
2026-08-31 01:18:00,77614.38,77828.0,77609.25,77780.01,30.47741
2026-08-31 01:21:00,77780.01,77840.01,77708.0,77796.01,15.54243
2026-08-31 01:24:00,77796.0,77851.41,77764.0,77796.0,19.41402
2026-08-31 01:27:00,77796.0,77827.64,77758.23,77775.26,8.98323
2026-08-31 01:30:00,77775.27,77808.0,77704.0,77768.01,24.80723
2026-08-31 01:33:00,77768.01,77778.0,77654.0,77706.0,29.40827
2026-08-31 01:36:00,77705.99,77822.0,77705.99,77726.0,30.02372
2026-08-31 01:39:00,77726.01,77953.99,77722.0,77815.25,36.79574
2026-08-31 01:42:00,77815.26,77819.01,77722.0,77750.0,19.9306
2026-08-31 01:45:00,77749.99,77854.0,77734.36,77748.01,16.07749
2026-08-31 01:48:00,77748.01,77775.55,77726.0,77766.5,11.80151
2026-08-31 01:51:00,77766.49,77806.3,77710.2,77714.03,22.80528
2026-08-31 01:54:00,77714.02,77750.0,77680.0,77708.0,14.51888
2026-08-31 01:57:00,77708.0,77708.01,77622.0,77640.94,22.59881
2026-08-31 02:00:00,77640.93,77640.94,77580.0,77580.0,47.36622
2026-08-31 02:03:00,77580.01,77708.0,77526.01,77708.0,37.17522
2026-08-31 02:06:00,77708.0,77770.0,77680.0,77708.0,28.33393
2026-08-31 02:09:00,77707.99,77828.0,77707.99,77827.99,15.53629
2026-08-31 02:12:00,77827.99,78000.0,77816.0,77952.8,21.66046
2026-08-31 02:15:00,77952.81,77954.0,77884.0,77890.0,32.70794
2026-08-31 02:18:00,77890.01,77901.32,77840.7,77880.78,41.9746
2026-08-31 02:21:00,77880.77,77880.77,77824.0,77851.12,75.66106
2026-08-31 02:24:00,77851.13,77877.49,77824.0,77854.4,38.14477
2026-08-31 02:27:00,77855.4,77881.33,77855.4,77875.05,4.7073
2026-08-31 02:30:00,77875.05,77931.78,77859.74,77882.58,30.36242
2026-08-31 02:33:00,77882.57,77902.0,77782.0,77782.0,24.15573
2026-08-31 02:36:00,77782.0,77811.19,77754.0,77787.98,11.54724
2026-08-31 02:39:00,77787.98,77787.99,77726.1,77729.24,11.60094
2026-08-31 02:42:00,77729.24,77750.0,77716.41,77716.42,13.79378
2026-08-31 02:45:00,77716.42,77764.0,77700.0,77700.0,15.51654
2026-08-31 02:48:00,77700.0,77700.01,77514.81,77547.63,34.2803
2026-08-31 02:51:00,77547.63,77547.64,77469.56,77507.98,31.35999
2026-08-31 02:54:00,77507.99,77508.79,77392.0,77400.34,37.0033
2026-08-31 02:57:00,77400.33,77502.84,77400.33,77473.99,20.51131
2026-08-31 03:00:00,77474.0,77530.0,77394.0,77530.0,31.46444
2026-08-31 03:03:00,77529.99,77600.0,77529.99,77534.59,24.11892
2026-08-31 03:06:00,77534.59,77562.0,77520.0,77558.1,8.3853
2026-08-31 03:09:00,77558.1,77642.0,77558.1,77630.99,22.25654
2026-08-31 03:12:00,77630.99,77691.56,77630.98,77658.01,18.51292
2026-08-31 03:15:00,77658.0,77700.0,77616.0,77616.01,12.46951
2026-08-31 03:18:00,77616.01,77645.82,77590.01,77645.81,8.19069
2026-08-31 03:21:00,77645.82,77716.0,77645.82,77716.0,10.29037
2026-08-31 03:24:00,77716.0,77756.5,77715.99,77730.41,17.33138
2026-08-31 03:27:00,77730.42,77736.25,77712.36,77731.11,11.82938
2026-08-31 03:30:00,77731.1,77731.1,77676.0,77708.0,6.10079
2026-08-31 03:33:00,77708.0,77726.36,77699.1,77726.36,6.89279
2026-08-31 03:36:00,77726.35,77792.19,77726.35,77773.26,9.84977
2026-08-31 03:39:00,77773.26,77791.99,77739.24,77754.0,9.3805
2026-08-31 03:42:00,77754.0,77838.0,77754.0,77818.31,18.10059
2026-08-31 03:45:00,77818.31,77872.0,77818.3,77840.0,22.50105
2026-08-31 03:48:00,77840.01,77841.99,77810.0,77810.0,7.48035
2026-08-31 03:51:00,77810.01,77815.16,77784.7,77794.0,8.90555
2026-08-31 03:54:00,77794.0,77798.0,77771.66,77778.02,16.81412
2026-08-31 03:57:00,77778.02,77778.02,77752.0,77756.71,8.0504
2026-08-31 04:00:00,77756.7,77769.11,77636.61,77636.61,23.46517
2026-08-31 04:03:00,77636.61,77636.62,77580.0,77604.0,17.23196
2026-08-31 04:06:00,77604.0,77706.0,77603.99,77614.13,16.13536
2026-08-31 04:09:00,77614.14,77638.0,77598.52,77606.22,44.00073
2026-08-31 04:12:00,77606.22,77611.41,77572.25,77590.42,16.1064
2026-08-31 04:15:00,77590.42,77604.28,77537.57,77537.57,27.6066
2026-08-31 04:18:00,77537.57,77562.0,77522.79,77562.0,25.32118
2026-08-31 04:21:00,77561.99,77562.0,77502.0,77502.01,14.73616
2026-08-31 04:24:00,77502.01,77561.53,77492.03,77501.24,61.14149
2026-08-31 04:27:00,77501.24,77530.0,77501.24,77514.01,20.81933
2026-08-31 04:30:00,77514.0,77524.0,77486.84,77493.18,18.81756
2026-08-31 04:33:00,77493.18,77500.0,77458.83,77470.0,36.64065
2026-08-31 04:36:00,77470.0,77531.36,77470.0,77489.85,35.55746
2026-08-31 04:39:00,77489.86,77583.01,77478.56,77519.36,48.84206
2026-08-31 04:42:00,77519.36,77583.01,77510.0,77568.0,34.30903
2026-08-31 04:45:00,77568.0,77583.01,77516.0,77544.01,25.95758
2026-08-31 04:48:00,77544.01,77544.01,77471.99,77505.98,18.93756
2026-08-31 04:51:00,77505.97,77620.0,77488.13,77618.0,20.19661
2026-08-31 04:54:00,77618.01,77650.0,77592.0,77603.39,31.84473
2026-08-31 04:57:00,77603.4,77651.86,77603.39,77622.28,12.36011
2026-08-31 05:00:00,77622.29,77622.29,77514.0,77558.0,31.3406
2026-08-31 05:03:00,77558.0,77703.99,77558.0,77660.0,19.22464
2026-08-31 05:06:00,77660.0,77675.31,77630.87,77675.31,11.58326
2026-08-31 05:09:00,77675.31,77685.49,77634.0,77684.95,23.73355
2026-08-31 05:12:00,77684.94,77800.0,77684.94,77762.0,19.61342
2026-08-31 05:15:00,77762.0,77850.0,77758.01,77820.03,23.5706
2026-08-31 05:18:00,77820.04,78070.0,77820.03,78056.01,60.27391
2026-08-31 05:21:00,78056.0,78056.0,77922.0,78005.99,29.28614
2026-08-31 05:24:00,78006.0,78156.78,78006.0,78088.16,26.51881
2026-08-31 05:27:00,78088.15,78088.15,77917.52,77998.84,50.81035
2026-08-31 05:30:00,77998.83,78046.35,77975.1,78012.0,30.60363
2026-08-31 05:33:00,78012.0,78061.99,78004.58,78012.0,21.92319
2026-08-31 05:36:00,78012.0,78012.01,77874.0,77884.0,37.79886
2026-08-31 05:39:00,77884.0,77963.91,77872.66,77942.76,19.05762
2026-08-31 05:42:00,77942.76,77993.59,77942.75,77974.02,9.5446
2026-08-31 05:45:00,77974.01,78018.0,77974.01,78004.01,18.00052
2026-08-31 05:48:00,78004.02,78015.51,77977.0,77999.07,19.49989
2026-08-31 05:51:00,77999.06,78041.75,77999.06,78026.62,20.45333
2026-08-31 05:54:00,78026.62,78026.62,77961.28,77961.29,12.56687
2026-08-31 05:57:00,77961.28,78062.88,77949.01,78016.0,26.51712
2026-08-31 06:00:00,78016.01,78070.0,77952.0,78070.0,24.45193
2026-08-31 06:03:00,78069.99,78079.18,78012.0,78012.01,18.37997
2026-08-31 06:06:00,78012.01,78029.4,77864.16,77927.52,79.22833
2026-08-31 06:09:00,77927.51,77990.0,77927.51,77989.99,10.22877
2026-08-31 06:12:00,77989.98,78039.02,77979.99,78023.13,29.2955
2026-08-31 06:15:00,78023.13,78116.0,78023.12,78078.0,16.65037
2026-08-31 06:18:00,78078.0,78122.0,78040.65,78040.65,23.85464
2026-08-31 06:21:00,78040.65,78061.86,77972.0,77985.36,25.73025
2026-08-31 06:24:00,77985.37,78050.0,77977.19,78050.0,15.43357
2026-08-31 06:27:00,78049.99,78104.0,77984.43,78007.99,175.07291
2026-08-31 06:30:00,78007.99,78008.0,77924.0,77990.01,32.17817
2026-08-31 06:33:00,77990.0,77995.9,77930.0,77930.01,20.81989
2026-08-31 06:36:00,77930.01,78074.0,77929.0,78038.01,30.48486
2026-08-31 06:39:00,78038.01,78156.77,78020.0,78132.59,36.93825
2026-08-31 06:42:00,78132.59,78132.59,78084.0,78084.0,8.40032
2026-08-31 06:45:00,78084.01,78093.99,78046.22,78093.28,10.41612
2026-08-31 06:48:00,78093.29,78118.24,78023.07,78025.58,15.40701
2026-08-31 06:51:00,78025.59,78118.0,78011.74,78114.0,16.29074
2026-08-31 06:54:00,78113.99,78120.53,78046.48,78052.32,19.64313
2026-08-31 06:57:00,78052.33,78123.8,78052.32,78093.87,359.11737
2026-08-31 07:00:00,78093.88,78154.26,78058.0,78086.0,30.6535
2026-08-31 07:03:00,78086.01,78094.02,78044.0,78082.58,15.82564
2026-08-31 07:06:00,78082.59,78091.98,78034.01,78091.98,18.88892
2026-08-31 07:09:00,78091.97,78150.0,78077.29,78139.97,47.90525
2026-08-31 07:12:00,78139.96,78170.0,78082.87,78127.9,200.43264
2026-08-31 07:15:00,78127.91,78240.0,78127.9,78224.0,42.80216
2026-08-31 07:18:00,78224.01,78227.74,78160.0,78186.01,26.34409
2026-08-31 07:21:00,78186.0,78224.0,78172.0,78191.6,13.59502
2026-08-31 07:24:00,78191.61,78322.56,78191.6,78222.01,38.42799
2026-08-31 07:27:00,78222.0,78240.0,78210.84,78213.01,17.96203
2026-08-31 07:30:00,78213.0,78213.01,78149.96,78162.87,49.99671
2026-08-31 07:33:00,78162.86,78196.82,78128.0,78196.81,29.52506
2026-08-31 07:36:00,78196.82,78230.0,78192.15,78198.84,21.72718
2026-08-31 07:39:00,78198.84,78245.33,78198.83,78204.0,30.42988
2026-08-31 07:42:00,78204.0,78290.0,78201.28,78270.72,29.13009
2026-08-31 07:45:00,78270.72,78289.86,78242.39,78242.39,23.31549
2026-08-31 07:48:00,78242.4,78244.17,78198.82,78207.99,17.15542
2026-08-31 07:51:00,78208.0,78244.0,78202.44,78202.45,17.45181
2026-08-31 07:54:00,78202.44,78218.4,78194.0,78200.17,17.74873
2026-08-31 07:57:00,78200.17,78227.28,78196.0,78196.01,26.71617
2026-08-31 08:00:00,78196.01,78234.85,78144.11,78144.11,34.00725
2026-08-31 08:03:00,78144.11,78144.12,78090.0,78096.76,17.4178
2026-08-31 08:06:00,78096.77,78137.51,78048.0,78137.5,20.45951
2026-08-31 08:09:00,78137.5,78300.0,78137.5,78299.99,23.51282
2026-08-31 08:12:00,78300.0,78348.88,78148.55,78157.6,29.18562
2026-08-31 08:15:00,78157.59,78157.6,78068.97,78073.98,17.85641
2026-08-31 08:18:00,78073.97,78094.93,77988.0,77993.76,26.47654
2026-08-31 08:21:00,77993.76,78036.0,77988.0,77988.79,20.15206
2026-08-31 08:24:00,77988.79,78083.65,77982.0,78021.64,48.14636
2026-08-31 08:27:00,78021.64,78094.0,78018.16,78094.0,17.88009
2026-08-31 08:30:00,78094.0,78155.76,78077.44,78155.76,23.9121
2026-08-31 08:33:00,78155.76,78160.0,78110.0,78158.09,18.98523
2026-08-31 08:36:00,78158.09,78159.89,78137.5,78140.8,72.52605
2026-08-31 08:39:00,78140.81,78246.0,78136.01,78246.0,33.41323
2026-08-31 08:42:00,78246.0,78464.0,78245.99,78324.0,85.87365
2026-08-31 08:45:00,78323.99,78396.0,78320.0,78350.11,23.95964
2026-08-31 08:48:00,78350.1,78435.19,78343.34,78389.24,28.25998
2026-08-31 08:51:00,78389.24,78460.28,78381.05,78451.99,21.22829
2026-08-31 08:54:00,78451.99,78468.06,78420.0,78468.05,73.86967
2026-08-31 08:57:00,78468.06,78521.89,78457.96,78480.8,145.62316
2026-08-31 09:00:00,78480.79,78494.0,78414.65,78430.01,79.25915
2026-08-31 09:03:00,78430.0,78550.0,78396.35,78530.41,29.70712
2026-08-31 09:06:00,78530.42,78782.0,78440.0,78781.99,76.73704
2026-08-31 09:09:00,78781.99,78802.0,78605.0,78624.52,58.31308
2026-08-31 09:12:00,78624.52,78680.0,78586.0,78652.0,19.95961
2026-08-31 09:15:00,78652.01,78700.0,78596.01,78700.0,35.16669
2026-08-31 09:18:00,78700.0,78718.64,78666.01,78681.77,24.30937
2026-08-31 09:21:00,78681.78,78785.42,78681.77,78745.99,28.01069
2026-08-31 09:24:00,78745.99,78799.78,78669.98,78684.57,46.35604
2026-08-31 09:27:00,78684.57,78737.43,78652.0,78652.06,25.13053
2026-08-31 09:30:00,78652.07,78694.0,78648.0,78671.99,19.80734
2026-08-31 09:33:00,78671.99,78715.96,78636.0,78644.64,15.48569
2026-08-31 09:36:00,78644.65,78651.42,78597.21,78634.55,21.49408
2026-08-31 09:39:00,78634.54,78643.65,78614.0,78628.0,17.00666
2026-08-31 09:42:00,78627.99,78699.26,78627.99,78699.26,31.94229
2026-08-31 09:45:00,78699.25,78800.0,78699.25,78726.0,28.34024
2026-08-31 09:48:00,78726.0,78726.0,78620.0,78620.01,20.54552
2026-08-31 09:51:00,78620.01,78620.01,78564.0,78573.33,18.93693
2026-08-31 09:54:00,78573.33,78577.99,78529.37,78535.93,11.96688
2026-08-31 09:57:00,78535.94,78545.99,78511.02,78511.03,16.29191
2026-08-31 10:00:00,78511.03,78525.39,78419.26,78436.0,36.36752
2026-08-31 10:03:00,78435.99,78449.0,78416.0,78416.01,28.34613
2026-08-31 10:06:00,78416.01,78416.01,78316.91,78325.99,31.49153
2026-08-31 10:09:00,78325.99,78452.0,78325.99,78432.71,27.83852
2026-08-31 10:12:00,78432.71,78520.0,78430.0,78519.99,27.21704
2026-08-31 10:15:00,78519.99,78520.0,78402.0,78421.99,20.35112
2026-08-31 10:18:00,78422.0,78477.89,78422.0,78451.99,12.76987
2026-08-31 10:21:00,78452.0,78452.0,78404.0,78413.19,14.98706
2026-08-31 10:24:00,78413.19,78446.65,78403.0,78446.65,14.75131
2026-08-31 10:27:00,78446.65,78446.65,78438.11,78438.16,4.98889
2026-08-31 10:30:00,78438.16,78438.16,78400.0,78400.01,10.49779
2026-08-31 10:33:00,78400.01,78425.99,78376.0,78412.01,17.36927
2026-08-31 10:36:00,78412.01,78530.0,78412.0,78520.57,47.33231
2026-08-31 10:39:00,78520.57,78547.38,78472.0,78484.78,52.79967
2026-08-31 10:42:00,78484.79,78545.83,78472.0,78534.1,57.44598
2026-08-31 10:45:00,78534.1,78570.0,78514.87,78558.0,42.9748
2026-08-31 10:48:00,78558.0,78558.0,78514.0,78514.01,11.75702
2026-08-31 10:51:00,78514.0,78646.23,78510.01,78646.23,24.34148
2026-08-31 10:54:00,78646.23,78678.6,78646.22,78646.22,13.69724
2026-08-31 10:57:00,78646.23,78732.0,78646.22,78710.01,79.39379
2026-08-31 11:00:00,78710.02,78710.02,78630.0,78650.34,32.62699
2026-08-31 11:03:00,78650.34,78650.35,78578.0,78578.0,32.45081
2026-08-31 11:06:00,78578.0,78699.98,78567.1,78590.01,40.54019
2026-08-31 11:09:00,78590.0,78620.0,78583.87,78610.74,13.61084
2026-08-31 11:12:00,78610.75,78648.97,78610.74,78623.71,17.28198
2026-08-31 11:15:00,78623.71,78640.01,78540.84,78603.02,37.09697
2026-08-31 11:18:00,78603.01,78630.0,78594.0,78594.01,19.65044
2026-08-31 11:21:00,78594.0,78594.0,78552.0,78565.26,19.46344
2026-08-31 11:24:00,78565.26,78573.79,78540.84,78540.84,12.21932
2026-08-31 11:27:00,78540.85,78540.85,78472.0,78480.08,21.36808
2026-08-31 11:30:00,78480.09,78482.97,78447.77,78447.77,16.84593
2026-08-31 11:33:00,78447.78,78450.0,78414.01,78414.01,22.84166
2026-08-31 11:36:00,78414.02,78461.15,78402.83,78440.46,25.51381
2026-08-31 11:39:00,78440.47,78440.47,78402.57,78402.58,49.93185
2026-08-31 11:42:00,78402.57,78402.58,78356.43,78387.85,32.43623
2026-08-31 11:45:00,78387.86,78419.86,78350.0,78360.25,25.97309
2026-08-31 11:48:00,78360.26,78369.99,78354.34,78369.98,10.51368
2026-08-31 11:51:00,78369.99,78369.99,78310.31,78310.31,12.93071
2026-08-31 11:54:00,78310.32,78344.0,78302.0,78321.62,22.78428
2026-08-31 11:57:00,78321.62,78321.65,78302.0,78315.43,16.27542
2026-08-31 12:00:00,78315.43,78460.0,78276.0,78460.0,39.49369
2026-08-31 12:03:00,78460.0,78543.86,78459.99,78526.25,20.67637
2026-08-31 12:06:00,78526.25,78542.0,78460.0,78513.95,20.17846
2026-08-31 12:09:00,78513.95,78513.96,78378.65,78476.0,67.14522
2026-08-31 12:12:00,78476.0,78476.0,78401.76,78410.01,21.86187
2026-08-31 12:15:00,78410.0,78422.0,78340.03,78357.4,22.54421
2026-08-31 12:18:00,78357.4,78482.0,78357.39,78417.99,30.01149
2026-08-31 12:21:00,78418.0,78452.0,78282.0,78330.0,33.53036
2026-08-31 12:24:00,78330.0,78351.51,78060.0,78094.02,91.38597
2026-08-31 12:27:00,78094.02,78186.0,78084.0,78092.01,41.93197
2026-08-31 12:30:00,78092.0,78114.24,77900.0,78109.59,89.18385
2026-08-31 12:33:00,78109.58,78145.79,78072.0,78145.3,33.29406
2026-08-31 12:36:00,78145.3,78158.2,78008.0,78011.79,29.67386
2026-08-31 12:39:00,78011.79,78011.8,77675.04,77803.19,88.14523
2026-08-31 12:42:00,77803.19,77886.0,77796.14,77885.56,28.5865
2026-08-31 12:45:00,77885.55,77912.2,77782.0,77881.07,33.26537
2026-08-31 12:48:00,77881.07,77881.08,77776.48,77844.21,40.14767
2026-08-31 12:51:00,77844.21,77908.0,77838.25,77856.0,29.99573
2026-08-31 12:54:00,77856.0,77874.6,77782.22,77865.22,27.45855
2026-08-31 12:57:00,77865.21,77930.4,77856.0,77930.39,28.10215
2026-08-31 13:00:00,77930.4,78200.0,77930.4,78156.43,68.72932
2026-08-31 13:03:00,78156.43,78156.43,78000.0,78034.0,43.21325
2026-08-31 13:06:00,78034.0,78085.73,78016.0,78043.16,24.20594
2026-08-31 13:09:00,78043.16,78043.17,78020.0,78040.0,21.97988
2026-08-31 13:12:00,78039.99,78103.44,78039.99,78086.55,25.08571
2026-08-31 13:15:00,78086.55,78086.56,78032.0,78037.1,21.8557
2026-08-31 13:18:00,78037.1,78040.0,77928.0,78012.5,34.50687
2026-08-31 13:21:00,78012.51,78066.0,77986.81,78037.99,24.43319
2026-08-31 13:24:00,78037.99,78060.0,77912.09,77912.1,30.72241
2026-08-31 13:27:00,77912.09,78055.65,77892.52,78055.64,36.92015
2026-08-31 13:30:00,78055.65,78233.68,77906.0,77907.26,95.65575
2026-08-31 13:33:00,77907.26,78018.0,77844.44,77844.44,71.47674
2026-08-31 13:36:00,77844.44,78058.0,77838.0,78012.0,65.87137
2026-08-31 13:39:00,78012.01,78208.0,78012.0,78157.76,74.32675
2026-08-31 13:42:00,78157.77,78282.0,78000.0,78000.0,61.43485
2026-08-31 13:45:00,78000.01,78022.16,77785.0,77946.55,116.67716
2026-08-31 13:48:00,77946.55,78060.0,77846.41,77874.66,68.5754
2026-08-31 13:51:00,77874.65,77932.81,77716.75,77772.56,91.25532
2026-08-31 13:54:00,77772.56,78003.99,77772.56,77959.07,57.48005
2026-08-31 13:57:00,77959.06,77972.0,77812.0,77867.39,48.86579
2026-08-31 14:00:00,77867.39,77936.0,77828.3,77935.99,65.59751
2026-08-31 14:03:00,77935.99,78050.0,77890.0,77996.0,43.34835
2026-08-31 14:06:00,77996.0,78044.0,77806.0,78044.0,71.22148
2026-08-31 14:09:00,78044.0,78072.65,77900.0,77900.0,40.73372
2026-08-31 14:12:00,77900.0,77973.1,77839.01,77902.01,30.80094
2026-08-31 14:15:00,77902.01,77928.0,77816.21,77922.0,45.98495
2026-08-31 14:18:00,77921.99,78018.0,77913.09,77948.3,32.5725
2026-08-31 14:21:00,77948.3,78080.0,77842.0,77870.8,55.26531
2026-08-31 14:24:00,77870.8,77870.8,77746.6,77832.01,44.89472
2026-08-31 14:27:00,77832.01,78030.09,77832.0,78030.08,58.54446
2026-08-31 14:30:00,78030.08,78145.5,77970.0,78040.29,57.05074
2026-08-31 14:33:00,78040.29,78116.0,77970.0,78116.0,46.11396
2026-08-31 14:36:00,78116.0,78228.0,78114.0,78168.0,52.7016
2026-08-31 14:39:00,78168.0,78521.62,78156.0,78498.0,127.95161
2026-08-31 14:42:00,78498.0,78686.94,78476.0,78517.19,122.6779
2026-08-31 14:45:00,78517.18,78580.19,78396.0,78544.28,91.56264
2026-08-31 14:48:00,78544.29,78601.99,78384.0,78394.71,83.70737
2026-08-31 14:51:00,78394.71,78482.0,78386.0,78424.01,66.62545
2026-08-31 14:54:00,78424.01,78616.0,78378.0,78615.99,90.82406
2026-08-31 14:57:00,78616.0,78657.51,78564.0,78600.14,140.48347
2026-08-31 15:00:00,78601.93,78695.4,78480.0,78480.04,126.07588
2026-08-31 15:03:00,78480.05,78549.37,78438.0,78438.01,64.25639
2026-08-31 15:06:00,78438.01,78546.0,78424.04,78535.21,75.22523
2026-08-31 15:09:00,78535.2,78577.99,78430.63,78442.12,82.84525
2026-08-31 15:12:00,78442.13,78442.13,78317.46,78325.59,88.08075
2026-08-31 15:15:00,78325.59,78416.0,78263.27,78332.0,86.3483
2026-08-31 15:18:00,78332.0,78332.0,78212.3,78320.21,31.3984
2026-08-31 15:21:00,78320.21,78397.13,78295.48,78356.59,43.19012
2026-08-31 15:24:00,78356.58,78375.3,78301.99,78333.97,37.841
2026-08-31 15:27:00,78333.97,78543.56,78333.96,78462.94,52.50663
2026-08-31 15:30:00,78462.94,78610.06,78408.0,78561.81,93.4407
2026-08-31 15:33:00,78561.8,78604.95,78514.0,78544.77,24.25981
2026-08-31 15:36:00,78544.77,78588.0,78504.0,78504.01,35.47652
2026-08-31 15:39:00,78504.01,78556.0,78480.0,78546.29,21.08442
2026-08-31 15:42:00,78546.3,78777.9,78546.29,78718.0,95.8187
2026-08-31 15:45:00,78718.01,78770.51,78614.0,78634.0,51.16663
2026-08-31 15:48:00,78633.99,78683.56,78620.0,78645.0,20.74923
2026-08-31 15:51:00,78644.99,78659.8,78594.0,78594.0,22.51248
2026-08-31 15:54:00,78594.0,78621.75,78542.0,78602.27,41.57434
2026-08-31 15:57:00,78602.28,78610.0,78558.0,78580.42,25.80573
2026-08-31 16:00:00,78580.43,78710.0,78530.45,78676.36,54.6761
2026-08-31 16:03:00,78676.37,78680.0,78568.0,78593.1,20.73907
2026-08-31 16:06:00,78593.11,78650.92,78542.0,78549.22,20.29812
2026-08-31 16:09:00,78549.21,78794.11,78542.0,78762.0,45.15301
2026-08-31 16:12:00,78762.0,78794.94,78652.0,78675.99,29.45621
2026-08-31 16:15:00,78675.98,78675.98,78562.0,78562.01,19.47454
2026-08-31 16:18:00,78562.01,78752.0,78524.0,78697.03,46.41733
2026-08-31 16:21:00,78697.04,78699.99,78588.0,78630.0,23.94462
2026-08-31 16:24:00,78630.01,78659.7,78576.0,78605.99,33.2839
2026-08-31 16:27:00,78605.99,78670.0,78582.01,78647.2,23.10814
2026-08-31 16:30:00,78647.2,78718.0,78632.0,78653.03,35.56905
2026-08-31 16:33:00,78653.02,78653.03,78600.0,78614.01,20.90488
2026-08-31 16:36:00,78614.01,78671.79,78614.01,78614.13,16.31948
2026-08-31 16:39:00,78614.13,78650.0,78581.45,78649.99,10.88318
2026-08-31 16:42:00,78650.0,78766.0,78634.57,78726.0,22.61772
2026-08-31 16:45:00,78726.0,78748.56,78638.0,78719.99,19.58126
2026-08-31 16:48:00,78719.99,78744.0,78697.7,78708.01,22.60948
2026-08-31 16:51:00,78708.02,78731.86,78668.5,78731.86,23.50188
2026-08-31 16:54:00,78731.86,78884.48,78720.0,78725.79,71.78415
2026-08-31 16:57:00,78725.8,78750.82,78639.57,78639.57,15.9424
2026-08-31 17:00:00,78639.57,78704.0,78616.0,78701.62,23.2365
2026-08-31 17:03:00,78701.63,78734.0,78660.0,78698.01,25.53312
2026-08-31 17:06:00,78698.01,78744.0,78692.0,78722.02,31.47625
2026-08-31 17:09:00,78722.02,78770.0,78702.0,78743.51,19.77128
2026-08-31 17:12:00,78743.52,78808.0,78737.22,78737.22,24.57384
2026-08-31 17:15:00,78737.23,78743.52,78536.34,78536.34,25.71775
2026-08-31 17:18:00,78536.34,78670.0,78526.0,78612.0,26.29589
2026-08-31 17:21:00,78612.0,78633.99,78592.16,78598.77,14.08145
2026-08-31 17:24:00,78598.78,78606.62,78500.0,78500.01,27.24522
2026-08-31 17:27:00,78500.01,78581.81,78494.0,78534.26,23.5498
2026-08-31 17:30:00,78534.25,78584.0,78534.25,78583.99,10.77467
2026-08-31 17:33:00,78584.0,78644.0,78583.99,78623.99,24.26043
2026-08-31 17:36:00,78624.0,78734.87,78602.0,78734.87,43.64673
2026-08-31 17:39:00,78734.87,79019.86,78734.86,78884.02,112.1695
2026-08-31 17:42:00,78884.01,78978.0,78876.0,78911.33,28.89223
2026-08-31 17:45:00,78911.34,78926.0,78850.0,78880.68,26.02727
2026-08-31 17:48:00,78880.68,78951.12,78840.68,78880.21,29.92571
2026-08-31 17:51:00,78880.22,78960.0,78880.22,78900.01,23.82654
2026-08-31 17:54:00,78900.01,78947.39,78894.7,78947.39,38.44489
2026-08-31 17:57:00,78947.39,78947.39,78881.12,78897.36,25.24945
2026-08-31 18:00:00,78897.35,78897.35,78808.01,78817.86,13.21881
2026-08-31 18:03:00,78817.86,78843.63,78779.24,78782.03,11.94021
2026-08-31 18:06:00,78782.02,78859.61,78782.02,78844.04,9.70996
2026-08-31 18:09:00,78844.03,78855.81,78829.96,78855.81,9.11081
2026-08-31 18:12:00,78855.81,78956.93,78855.8,78956.93,21.26567
2026-08-31 18:15:00,78956.92,79068.0,78936.0,79030.0,52.48936
2026-08-31 18:18:00,79030.0,79087.38,79016.0,79016.01,20.249
2026-08-31 18:21:00,79016.01,79016.01,78890.0,78905.53,22.07881
2026-08-31 18:24:00,78905.53,78943.96,78844.03,78870.31,18.89507
2026-08-31 18:27:00,78870.32,78936.0,78862.0,78908.0,15.2086
2026-08-31 18:30:00,78908.0,78939.05,78885.59,78939.04,15.98004
2026-08-31 18:33:00,78939.04,78952.07,78896.39,78948.07,13.46861
2026-08-31 18:36:00,78948.06,79043.2,78932.04,78984.0,27.56039
2026-08-31 18:39:00,78984.0,79142.62,78974.61,79111.16,39.51097
2026-08-31 18:42:00,79111.15,79212.0,79111.15,79188.07,49.89552
2026-08-31 18:45:00,79188.08,79188.08,79018.01,79053.19,58.92352
2026-08-31 18:48:00,79053.19,79116.04,79044.28,79048.01,21.95055
2026-08-31 18:51:00,79048.02,79069.75,79006.0,79010.0,14.59926
2026-08-31 18:54:00,79010.0,79058.28,78992.49,79050.11,26.9331
2026-08-31 18:57:00,79050.12,79053.22,79016.0,79016.0,10.52765
2026-08-31 19:00:00,79016.01,79076.0,79016.0,79072.63,14.06908
2026-08-31 19:03:00,79072.62,79091.27,79050.0,79084.77,13.3867
2026-08-31 19:06:00,79084.78,79196.0,79078.81,79196.0,20.88124
2026-08-31 19:09:00,79196.0,79250.0,79152.0,79152.01,55.52494
2026-08-31 19:12:00,79152.01,79250.0,79152.0,79188.08,25.72035
2026-08-31 19:15:00,79188.08,79188.08,79106.07,79112.64,21.50426
2026-08-31 19:18:00,79112.64,79112.64,79046.66,79069.35,25.58734
2026-08-31 19:21:00,79069.35,79106.0,79040.02,79086.01,20.63315
2026-08-31 19:24:00,79086.01,79086.01,79040.02,79040.02,8.89556
2026-08-31 19:27:00,79040.02,79112.0,79025.0,79090.01,11.73523
2026-08-31 19:30:00,79090.01,79132.16,79029.51,79063.62,24.99228
2026-08-31 19:33:00,79063.61,79127.2,79052.48,79102.0,20.91312
2026-08-31 19:36:00,79102.01,79140.0,79095.5,79101.72,16.51355
2026-08-31 19:39:00,79101.71,79101.71,78954.52,78954.52,13.9573
2026-08-31 19:42:00,78954.52,78999.99,78930.0,78981.99,24.68152
2026-08-31 19:45:00,78981.99,79016.13,78958.0,78972.7,16.0873
2026-08-31 19:48:00,78972.7,79100.0,78972.69,79012.01,23.11251
2026-08-31 19:51:00,79012.01,79012.01,78934.0,78938.04,14.56408
2026-08-31 19:54:00,78938.04,78938.05,78851.93,78884.53,29.79485
2026-08-31 19:57:00,78884.53,78956.0,78884.53,78898.06,20.90899
2026-08-31 20:00:00,78898.06,78966.0,78864.0,78948.01,29.8973
2026-08-31 20:03:00,78948.01,78948.01,78872.01,78891.48,12.71864
2026-08-31 20:06:00,78891.48,78966.0,78891.48,78959.51,11.54699
2026-08-31 20:09:00,78959.5,78959.5,78922.0,78934.81,10.56302
2026-08-31 20:12:00,78934.81,78960.51,78924.0,78960.51,6.69705
2026-08-31 20:15:00,78960.51,79026.0,78954.07,79026.0,21.7393
2026-08-31 20:18:00,79025.99,79172.0,79025.99,79160.0,44.20266
2026-08-31 20:21:00,79160.0,79160.01,79024.0,79024.01,16.18048
2026-08-31 20:24:00,79024.0,79032.0,78966.37,78980.0,11.82952
2026-08-31 20:27:00,78979.99,78980.0,78923.07,78923.08,10.85474
2026-08-31 20:30:00,78923.07,78950.0,78856.01,78856.01,18.58302
2026-08-31 20:33:00,78856.01,78856.01,78824.93,78853.29,13.58379
2026-08-31 20:36:00,78853.28,78853.29,78784.32,78808.0,23.83489
2026-08-31 20:39:00,78808.0,78849.22,78808.0,78849.22,12.47547
2026-08-31 20:42:00,78849.22,78916.0,78849.21,78883.68,17.44274
2026-08-31 20:45:00,78883.69,78907.98,78872.0,78872.01,15.88188
2026-08-31 20:48:00,78872.01,78872.01,78832.0,78859.15,26.43458
2026-08-31 20:51:00,78859.15,78904.01,78855.39,78904.01,14.35494
2026-08-31 20:54:00,78904.01,78920.21,78864.0,78866.0,30.61498
2026-08-31 20:57:00,78866.0,78875.99,78858.0,78864.72,17.24742
2026-08-31 21:00:00,78864.73,78864.73,78823.04,78823.05,20.91531
2026-08-31 21:03:00,78823.05,78850.48,78732.22,78751.67,48.10505
2026-08-31 21:06:00,78751.67,78860.0,78744.63,78859.99,22.34651
2026-08-31 21:09:00,78860.0,78890.87,78818.11,78833.98,24.66896
2026-08-31 21:12:00,78833.98,78853.1,78828.34,78838.0,10.81091
2026-08-31 21:15:00,78838.0,78858.0,78817.01,78817.02,16.2774
2026-08-31 21:18:00,78817.01,78862.0,78817.01,78862.0,26.29931
2026-08-31 21:21:00,78862.0,78862.0,78836.09,78854.0,12.65916
2026-08-31 21:24:00,78854.0,78954.0,78836.1,78954.0,17.95755
2026-08-31 21:27:00,78953.99,78964.0,78953.99,78960.38,26.41984
2026-08-31 21:30:00,78960.39,79030.0,78960.39,78977.99,24.77349
2026-08-31 21:33:00,78978.0,79066.32,78977.99,79042.52,11.26626
2026-08-31 21:36:00,79042.51,79066.32,79030.24,79030.25,27.30115
2026-08-31 21:39:00,79030.25,79044.0,79014.0,79044.0,11.94638
2026-08-31 21:42:00,79044.0,79054.0,79020.0,79054.0,14.90894
2026-08-31 21:45:00,79054.0,79071.12,79022.0,79030.01,14.36735
2026-08-31 21:48:00,79030.01,79030.26,78998.84,79017.8,16.79247
2026-08-31 21:51:00,79017.79,79019.3,79000.01,79016.75,17.86379
2026-08-31 21:54:00,79016.74,79016.75,78976.87,78980.01,19.54717
2026-08-31 21:57:00,78980.0,78980.01,78958.0,78964.32,19.48413
2026-08-31 22:00:00,78964.33,79015.83,78933.97,78981.49,19.53199
2026-08-31 22:03:00,78981.49,78981.99,78913.57,78972.0,16.90313
2026-08-31 22:06:00,78971.99,78985.28,78960.0,78967.62,12.62084
2026-08-31 22:09:00,78967.61,78981.22,78926.48,78959.36,15.02785
2026-08-31 22:12:00,78959.36,78959.37,78894.0,78894.0,24.80661
2026-08-31 22:15:00,78894.01,78894.01,78844.0,78849.89,16.10755
2026-08-31 22:18:00,78849.88,78849.89,78790.0,78792.01,17.36014
2026-08-31 22:21:00,78792.01,78800.66,78773.26,78800.66,15.10793
2026-08-31 22:24:00,78800.66,78800.66,78780.0,78780.0,14.67357
2026-08-31 22:27:00,78780.01,78780.01,78746.56,78761.92,14.07278
2026-08-31 22:30:00,78761.91,78769.0,78725.72,78729.41,14.38373
2026-08-31 22:33:00,78729.41,78744.0,78687.05,78690.02,23.58787
2026-08-31 22:36:00,78690.02,78716.0,78672.27,78696.69,20.15395
2026-08-31 22:39:00,78696.7,78700.41,78678.98,78681.27,12.84925
2026-08-31 22:42:00,78681.27,78688.09,78654.72,78665.36,19.76649
2026-08-31 22:45:00,78665.37,78665.37,78624.0,78629.47,18.22189
2026-08-31 22:48:00,78629.47,78629.48,78589.46,78606.09,22.49663
2026-08-31 22:51:00,78606.09,78645.99,78579.3,78616.0,22.76528
2026-08-31 22:54:00,78616.0,78629.39,78590.0,78593.8,13.13361
2026-08-31 22:57:00,78593.81,78607.99,78589.86,78593.15,12.64204
2026-08-31 23:00:00,78593.15,78593.16,78418.59,78422.11,52.08676
2026-08-31 23:03:00,78422.1,78494.0,78405.01,78470.57,21.95754
2026-08-31 23:06:00,78470.57,78498.0,78464.0,78492.77,19.13217
2026-08-31 23:09:00,78492.77,78507.26,78450.0,78462.44,16.51628
2026-08-31 23:12:00,78462.44,78462.45,78438.0,78457.56,12.95802
2026-08-31 23:15:00,78457.57,78520.0,78457.56,78488.2,15.93696
2026-08-31 23:18:00,78488.19,78568.79,78488.19,78562.05,15.29038
2026-08-31 23:21:00,78562.04,78562.05,78538.77,78548.63,11.77465
2026-08-31 23:24:00,78548.62,78593.61,78548.62,78580.09,20.00616
2026-08-31 23:27:00,78580.08,78580.57,78574.0,78580.57,11.0292
2026-08-31 23:30:00,78580.57,78580.58,78580.56,78580.58,12.30992
2026-08-31 23:33:00,78580.58,78580.58,78528.14,78546.67,12.91999
2026-08-31 23:36:00,78546.67,78566.0,78504.6,78516.04,30.52931
2026-08-31 23:39:00,78516.04,78576.01,78516.04,78576.01,16.90451
2026-08-31 23:42:00,78576.0,78586.0,78558.01,78559.41,27.63594
2026-08-31 23:45:00,78559.42,78570.0,78554.01,78554.01,11.7095
2026-08-31 23:48:00,78554.0,78582.0,78554.0,78581.99,11.3899
2026-08-31 23:51:00,78581.99,78581.99,78568.52,78568.53,16.10834
2026-08-31 23:54:00,78568.52,78568.52,78550.3,78556.53,20.15721
2026-08-31 23:57:00,78556.53,78581.3,78556.53,78581.29,20.18991
2026-09-01 00:00:00,78581.3,78608.0,78562.0,78607.99,23.20553
2026-09-01 00:03:00,78608.0,78695.35,78607.99,78685.96,23.42894
2026-09-01 00:06:00,78685.97,78685.97,78625.98,78683.99,20.52885
2026-09-01 00:09:00,78684.0,78796.51,78683.99,78775.56,26.48103
2026-09-01 00:12:00,78775.56,78775.56,78742.0,78754.74,46.81218
2026-09-01 00:15:00,78754.73,78800.0,78742.42,78794.94,15.38585
2026-09-01 00:18:00,78794.94,78839.03,78781.68,78826.53,25.242
2026-09-01 00:21:00,78826.54,78858.88,78814.49,78842.22,25.55799
2026-09-01 00:24:00,78842.21,78880.86,78842.21,78866.01,17.07718
2026-09-01 00:27:00,78866.01,78900.01,78858.0,78872.73,21.65675
2026-09-01 00:30:00,78872.73,78891.93,78766.0,78766.0,40.16057
2026-09-01 00:33:00,78766.0,78810.0,78740.01,78802.04,22.05538
2026-09-01 00:36:00,78802.04,78821.99,78769.47,78797.8,29.51287
2026-09-01 00:39:00,78797.8,78797.8,78710.0,78739.21,27.66939
2026-09-01 00:42:00,78739.21,78739.22,78678.0,78707.98,28.93767
2026-09-01 00:45:00,78707.97,78760.0,78707.97,78733.71,13.13942
2026-09-01 00:48:00,78733.71,78808.0,78733.7,78758.14,28.04492
2026-09-01 00:51:00,78758.14,78759.32,78664.37,78664.38,24.96544
2026-09-01 00:54:00,78664.38,78674.05,78644.87,78648.01,25.77827
2026-09-01 00:57:00,78648.02,78652.0,78584.0,78652.0,37.0689
2026-09-01 01:00:00,78652.0,78761.93,78651.99,78682.0,20.92281
2026-09-01 01:03:00,78682.01,78768.0,78668.0,78768.0,22.09093
2026-09-01 01:06:00,78768.0,78797.99,78664.01,78706.64,43.92182
2026-09-01 01:09:00,78706.64,78706.64,78665.03,78665.04,14.91463
2026-09-01 01:12:00,78665.03,78665.04,78530.0,78545.83,31.0704
2026-09-01 01:15:00,78545.83,78570.0,78506.0,78531.01,27.59381
2026-09-01 01:18:00,78531.01,78640.18,78531.0,78622.0,26.2006
2026-09-01 01:21:00,78622.0,78643.46,78592.0,78605.94,18.27732
2026-09-01 01:24:00,78605.95,78605.95,78412.7,78446.66,38.70489
2026-09-01 01:27:00,78446.67,78472.78,78414.0,78421.38,21.27732
2026-09-01 01:30:00,78421.38,78440.34,78375.83,78440.34,43.34761
2026-09-01 01:33:00,78440.34,78527.95,78402.0,78526.69,16.72713
2026-09-01 01:36:00,78526.69,78556.0,78488.0,78502.27,17.12329
2026-09-01 01:39:00,78502.27,78556.0,78502.27,78556.0,10.82674
2026-09-01 01:42:00,78556.0,78585.01,78555.99,78575.99,7.36842
2026-09-01 01:45:00,78575.99,78576.0,78492.0,78555.99,16.23088
2026-09-01 01:48:00,78556.0,78556.0,78480.0,78480.01,11.39037
2026-09-01 01:51:00,78480.0,78480.01,78422.13,78435.96,17.76084
2026-09-01 01:54:00,78435.97,78447.21,78408.0,78416.91,14.86574
2026-09-01 01:57:00,78416.6,78416.6,78388.0,78410.62,20.32875
2026-09-01 02:00:00,78410.62,78410.62,78328.0,78329.59,17.4209
2026-09-01 02:03:00,78329.58,78376.0,78275.25,78333.71,33.75112
2026-09-01 02:06:00,78333.71,78333.72,78282.0,78310.1,25.49192
2026-09-01 02:09:00,78310.11,78321.99,78282.0,78310.21,18.90885
2026-09-01 02:12:00,78310.2,78310.2,78189.93,78293.99,56.24359
2026-09-01 02:15:00,78293.99,78300.0,78220.0,78220.47,20.16878
2026-09-01 02:18:00,78220.47,78282.0,78208.0,78273.99,31.4812
2026-09-01 02:21:00,78273.99,78323.5,78266.43,78323.5,26.16591
2026-09-01 02:24:00,78323.5,78329.62,78285.63,78308.11,17.04537
2026-09-01 02:27:00,78308.1,78319.18,78200.01,78215.99,52.10943
2026-09-01 02:30:00,78215.99,78371.8,78215.99,78362.51,30.45547
2026-09-01 02:33:00,78362.52,78407.28,78362.51,78367.49,48.23971
2026-09-01 02:36:00,78367.48,78378.0,78326.32,78339.66,10.03469
2026-09-01 02:39:00,78339.66,78360.0,78334.0,78346.0,7.83725
2026-09-01 02:42:00,78345.99,78383.35,78345.99,78362.0,27.88766
2026-09-01 02:45:00,78362.0,78375.3,78340.91,78349.98,10.86955
2026-09-01 02:48:00,78349.99,78436.36,78349.98,78430.0,11.26705
2026-09-01 02:51:00,78429.99,78436.36,78400.0,78419.58,32.72456
2026-09-01 02:54:00,78419.59,78457.55,78416.44,78439.21,39.7509
2026-09-01 02:57:00,78439.21,78450.0,78435.35,78449.99,7.04102
2026-09-01 03:00:00,78449.99,78452.0,78441.65,78441.65,7.95194
2026-09-01 03:03:00,78441.65,78480.44,78441.6,78480.44,13.07587
2026-09-01 03:06:00,78480.44,78490.0,78441.66,78441.67,8.44403
2026-09-01 03:09:00,78441.67,78467.78,78441.66,78467.77,6.04312
2026-09-01 03:12:00,78467.78,78500.0,78406.29,78430.86,36.76676
2026-09-01 03:15:00,78430.86,78498.0,78430.85,78456.62,9.13546
2026-09-01 03:18:00,78456.62,78506.01,78456.61,78468.04,10.57966
2026-09-01 03:21:00,78468.04,78473.99,78444.01,78445.0,5.94137
2026-09-01 03:24:00,78445.0,78445.0,78400.18,78429.99,15.53755
2026-09-01 03:27:00,78430.0,78481.84,78429.99,78477.87,6.17793
2026-09-01 03:30:00,78477.87,78646.02,78477.87,78618.37,28.57841
2026-09-01 03:33:00,78618.38,78782.0,78618.38,78776.0,28.87805
2026-09-01 03:36:00,78775.99,78870.0,78775.99,78844.0,31.11396
2026-09-01 03:39:00,78844.01,78874.0,78803.1,78829.81,83.01906
2026-09-01 03:42:00,78829.81,78842.0,78792.9,78792.91,67.35456
2026-09-01 03:45:00,78792.9,78794.0,78673.57,78687.76,88.26194
2026-09-01 03:48:00,78687.75,78717.99,78674.03,78706.0,59.46603
2026-09-01 03:51:00,78705.99,78736.2,78705.99,78715.61,18.9324
2026-09-01 03:54:00,78715.6,78715.6,78682.27,78690.62,4.77735
2026-09-01 03:57:00,78690.63,78690.63,78670.95,78679.01,12.17095
2026-09-01 04:00:00,78679.01,78745.57,78679.0,78736.59,9.56399
2026-09-01 04:03:00,78736.6,78736.6,78690.0,78690.01,8.80799
2026-09-01 04:06:00,78690.02,78761.93,78672.21,78761.93,13.06914
2026-09-01 04:09:00,78761.92,78800.0,78738.0,78738.0,13.43511
2026-09-01 04:12:00,78738.01,78738.01,78653.96,78672.6,106.54524
2026-09-01 04:15:00,78672.6,78764.44,78672.59,78756.63,11.06409
2026-09-01 04:18:00,78756.64,78756.64,78723.55,78741.33,7.51184
2026-09-01 04:21:00,78741.33,78803.13,78737.55,78802.0,11.72205
2026-09-01 04:24:00,78802.0,78915.09,78801.99,78874.0,35.42505
2026-09-01 04:27:00,78873.99,78874.0,78822.8,78829.54,22.61604
2026-09-01 04:30:00,78829.53,78853.45,78802.0,78802.01,13.55266
2026-09-01 04:33:00,78802.0,78802.0,78721.35,78723.15,13.24001
2026-09-01 04:36:00,78723.15,78749.99,78719.24,78749.98,9.42833
2026-09-01 04:39:00,78749.99,78750.01,78718.45,78718.45,10.93023
2026-09-01 04:42:00,78718.45,78746.38,78708.07,78720.01,8.97832
2026-09-01 04:45:00,78720.01,78772.76,78719.96,78765.96,8.58063
2026-09-01 04:48:00,78765.96,78778.0,78724.0,78724.0,6.15302
2026-09-01 04:51:00,78724.01,78746.26,78700.0,78734.85,15.59009
2026-09-01 04:54:00,78734.86,78761.69,78731.13,78736.01,7.42891
2026-09-01 04:57:00,78736.01,78738.0,78683.88,78727.11,110.48374
2026-09-01 05:00:00,78727.11,78819.22,78727.11,78819.22,23.92264
2026-09-01 05:03:00,78819.22,78964.27,78819.21,78954.91,30.17987
2026-09-01 05:06:00,78954.91,78970.82,78874.0,78923.24,33.85399
2026-09-01 05:09:00,78923.24,78931.16,78876.0,78876.01,9.6009
2026-09-01 05:12:00,78876.0,78876.01,78843.62,78858.76,16.32533
2026-09-01 05:15:00,78858.76,78900.0,78858.76,78870.05,23.64504
2026-09-01 05:18:00,78870.06,78881.86,78826.0,78826.0,14.96785
2026-09-01 05:21:00,78826.01,78826.01,78792.0,78800.04,17.26303
2026-09-01 05:24:00,78800.03,78879.2,78800.03,78879.2,33.9994
2026-09-01 05:27:00,78879.2,79000.0,78879.19,78993.19,29.47434
2026-09-01 05:30:00,78993.19,79044.0,78968.78,79042.41,37.3476
2026-09-01 05:33:00,79042.41,79080.89,79035.25,79076.25,48.9391
2026-09-01 05:36:00,79076.25,79117.64,79076.24,79117.64,24.94699
2026-09-01 05:39:00,79117.64,79159.97,79036.0,79150.3,38.65134
2026-09-01 05:42:00,79150.3,79177.18,79130.63,79167.51,29.77321
2026-09-01 05:45:00,79167.5,79167.51,79091.96,79091.97,9.84065
2026-09-01 05:48:00,79091.96,79188.08,79091.96,79134.9,35.12923
2026-09-01 05:51:00,79134.91,79175.84,79096.01,79130.18,16.7739
2026-09-01 05:54:00,79130.18,79220.61,79118.0,79168.16,43.60954
2026-09-01 05:57:00,79168.15,79185.99,79142.0,79179.99,28.71926
2026-09-01 06:00:00,79179.99,79179.99,79091.0,79091.04,26.6828
2026-09-01 06:03:00,79091.05,79107.19,79058.0,79074.01,26.01121
2026-09-01 06:06:00,79074.0,79078.07,79042.27,79044.8,18.68918
2026-09-01 06:09:00,79044.8,79044.81,78974.0,79023.91,37.40087
2026-09-01 06:12:00,79023.91,79030.64,79010.75,79030.64,16.21053
2026-09-01 06:15:00,79030.64,79030.64,78930.1,78950.79,27.48853
2026-09-01 06:18:00,78950.79,78950.79,78894.0,78894.01,21.22706
2026-09-01 06:21:00,78894.01,78921.99,78852.0,78852.01,20.85141
2026-09-01 06:24:00,78852.01,78881.22,78821.67,78880.78,33.174
2026-09-01 06:27:00,78880.78,78919.99,78869.16,78897.64,25.81457
2026-09-01 06:30:00,78897.64,78944.57,78897.63,78929.99,15.33992
2026-09-01 06:33:00,78930.0,78950.34,78908.0,78908.01,19.12418
2026-09-01 06:36:00,78908.01,78914.89,78867.88,78909.18,25.07472
2026-09-01 06:39:00,78909.17,78924.68,78885.99,78889.84,22.05084
2026-09-01 06:42:00,78889.83,78892.37,78865.44,78878.0,25.55168
2026-09-01 06:45:00,78878.0,78886.45,78787.71,78790.25,36.44247
2026-09-01 06:48:00,78790.25,78853.07,78790.24,78852.99,27.08615
2026-09-01 06:51:00,78853.0,78853.0,78793.88,78820.65,15.18803
2026-09-01 06:54:00,78820.64,78820.65,78783.22,78783.23,7.97098
2026-09-01 06:57:00,78783.22,78783.23,78745.38,78745.39,17.32623
2026-09-01 07:00:00,78745.39,78772.0,78722.04,78771.99,21.33994
2026-09-01 07:03:00,78772.0,78804.87,78735.01,78804.87,18.31471
2026-09-01 07:06:00,78804.87,78806.0,78758.64,78796.27,13.24125
2026-09-01 07:09:00,78796.27,78796.28,78728.82,78728.83,10.42765
2026-09-01 07:12:00,78728.83,78738.56,78718.6,78724.46,11.7267
2026-09-01 07:15:00,78724.46,78768.01,78724.45,78768.01,11.67576
2026-09-01 07:18:00,78768.0,78793.99,78745.99,78767.3,13.42182
2026-09-01 07:21:00,78767.31,78791.94,78746.95,78790.64,8.79428
2026-09-01 07:24:00,78790.64,78797.53,78764.01,78797.53,9.7748
2026-09-01 07:27:00,78797.53,78797.53,78707.42,78781.5,19.94912
2026-09-01 07:30:00,78781.5,78790.01,78759.41,78780.95,13.75691
2026-09-01 07:33:00,78780.95,78796.0,78760.52,78796.0,15.33158
2026-09-01 07:36:00,78795.99,78796.0,78587.84,78616.36,56.27862
2026-09-01 07:39:00,78616.35,78616.36,78500.0,78519.52,85.31815
2026-09-01 07:42:00,78519.52,78634.0,78519.52,78622.71,27.40161
2026-09-01 07:45:00,78622.71,78628.0,78594.0,78610.0,14.13512
2026-09-01 07:48:00,78609.99,78686.0,78609.99,78661.15,19.35334
2026-09-01 07:51:00,78661.14,78661.15,78639.13,78645.06,8.47713
2026-09-01 07:54:00,78645.06,78680.79,78645.06,78650.0,13.75711
2026-09-01 07:57:00,78650.0,78650.01,78616.18,78632.37,13.2374
2026-09-01 08:00:00,78632.37,78658.01,78572.0,78584.72,16.31725
2026-09-01 08:03:00,78584.73,78625.59,78530.01,78530.01,26.44267
2026-09-01 08:06:00,78530.01,78530.01,78301.0,78313.98,75.0562
2026-09-01 08:09:00,78313.98,78372.72,78291.42,78312.42,33.72221
2026-09-01 08:12:00,78312.43,78349.05,78272.72,78309.99,19.71921
2026-09-01 08:15:00,78309.99,78338.5,78244.95,78244.95,19.95848
2026-09-01 08:18:00,78244.95,78296.0,78123.09,78296.0,66.88327
2026-09-01 08:21:00,78296.0,78296.0,78184.0,78184.01,32.89604
2026-09-01 08:24:00,78184.0,78184.01,77941.17,77962.37,126.67207
2026-09-01 08:27:00,77962.36,78000.0,77870.5,77888.0,77.76705
2026-09-01 08:30:00,77887.99,77967.87,77835.77,77856.62,83.4237
2026-09-01 08:33:00,77856.63,78008.0,77853.99,77978.73,60.32739
2026-09-01 08:36:00,77978.73,78052.64,77950.78,77982.3,41.95618
2026-09-01 08:39:00,77982.29,77998.0,77865.0,77878.0,38.94639
2026-09-01 08:42:00,77878.0,77985.0,77866.0,77979.87,44.48296
2026-09-01 08:45:00,77979.87,78040.0,77963.94,78023.17,39.4959
2026-09-01 08:48:00,78023.17,78023.17,77884.13,77889.97,45.18207
2026-09-01 08:51:00,77889.97,77958.0,77820.0,77907.13,43.28636
2026-09-01 08:54:00,77907.13,77948.2,77884.02,77890.57,27.9252
2026-09-01 08:57:00,77890.58,77890.58,77880.0,77883.28,18.65005
2026-09-01 09:00:00,77883.28,77928.22,77806.25,77845.64,35.96649
2026-09-01 09:03:00,77845.64,77886.26,77790.0,77799.23,48.21229
2026-09-01 09:06:00,77799.23,77914.89,77786.18,77911.93,50.99818
2026-09-01 09:09:00,77911.94,77911.94,77834.0,77842.01,21.49136
2026-09-01 09:12:00,77842.01,77884.1,77827.27,77827.28,26.48441
2026-09-01 09:15:00,77827.27,77885.99,77804.07,77879.16,53.33913
2026-09-01 09:18:00,77879.16,77879.46,77840.28,77850.11,54.03325
2026-09-01 09:21:00,77850.12,77960.55,77850.11,77960.55,61.82827
2026-09-01 09:24:00,77960.55,77977.61,77944.0,77944.01,77.28838
2026-09-01 09:27:00,77944.0,77960.82,77922.0,77931.29,71.66575
2026-09-01 09:30:00,77931.3,77964.51,77897.38,77964.51,64.23872
2026-09-01 09:33:00,77964.51,77967.87,77910.97,77910.98,56.00771
2026-09-01 09:36:00,77910.97,77945.19,77852.04,77914.65,38.32222
2026-09-01 09:39:00,77914.65,77998.51,77914.64,77983.47,58.37197
2026-09-01 09:42:00,77983.47,78062.24,77983.46,78062.24,63.30204
2026-09-01 09:45:00,78062.23,78062.24,77977.46,77989.21,58.11668
2026-09-01 09:48:00,77989.21,78008.0,77936.0,77954.55,53.46571
2026-09-01 09:51:00,77954.55,77988.43,77936.63,77947.99,24.37445
2026-09-01 09:54:00,77948.0,77960.0,77916.0,77926.0,16.98458
2026-09-01 09:57:00,77926.0,77928.0,77910.0,77915.0,16.85086
2026-09-01 10:00:00,77915.0,77999.16,77901.0,77975.25,12.52656
2026-09-01 10:03:00,77975.26,77975.96,77915.01,77942.72,16.74912
2026-09-01 10:06:00,77942.72,77951.33,77887.62,77887.63,15.01494
2026-09-01 10:09:00,77887.62,77906.75,77806.0,77876.0,41.63836
2026-09-01 10:12:00,77876.01,77981.44,77864.0,77881.88,26.24464
2026-09-01 10:15:00,77881.88,77910.0,77824.0,77824.0,18.122
2026-09-01 10:18:00,77824.01,77926.0,77758.69,77926.0,47.67309
2026-09-01 10:21:00,77926.0,78000.0,77925.99,77975.26,22.95778
2026-09-01 10:24:00,77975.26,78048.0,77975.26,78006.25,19.76628
2026-09-01 10:27:00,78006.24,78006.25,77960.0,78005.85,14.68636
2026-09-01 10:30:00,78005.85,78170.66,78005.84,78144.0,31.98169
2026-09-01 10:33:00,78144.01,78144.01,78048.0,78075.53,18.84419
2026-09-01 10:36:00,78075.53,78156.0,78075.52,78155.99,23.22884
2026-09-01 10:39:00,78155.99,78196.0,78150.33,78196.0,27.83634
2026-09-01 10:42:00,78196.0,78196.0,78123.43,78136.01,15.40423
2026-09-01 10:45:00,78136.01,78174.29,78132.06,78162.01,16.20521
2026-09-01 10:48:00,78162.02,78162.02,78062.0,78089.45,16.94653
2026-09-01 10:51:00,78089.45,78089.45,77995.29,77995.3,12.03261
2026-09-01 10:54:00,77995.29,78024.26,77987.49,78018.63,14.18765
2026-09-01 10:57:00,78018.63,78042.43,78014.0,78029.67,11.89513
2026-09-01 11:00:00,78029.67,78029.68,77922.79,78012.0,19.78677
2026-09-01 11:03:00,78012.0,78054.0,77990.57,77990.58,16.55307
2026-09-01 11:06:00,77990.58,78023.78,77934.0,77949.99,28.14382
2026-09-01 11:09:00,77949.99,77992.0,77949.99,77974.12,9.52999
2026-09-01 11:12:00,77974.12,77999.5,77972.27,77989.14,8.8783
2026-09-01 11:15:00,77989.14,78023.86,77989.13,77999.88,15.49025
2026-09-01 11:18:00,77999.88,78004.96,77974.21,77974.21,9.30903
2026-09-01 11:21:00,77974.21,77977.96,77890.0,77957.99,25.21794
2026-09-01 11:24:00,77958.0,77976.0,77935.28,77962.26,15.10103
2026-09-01 11:27:00,77962.26,78009.63,77951.09,78009.12,11.37553
2026-09-01 11:30:00,78009.12,78064.06,77958.0,78052.3,29.27803
2026-09-01 11:33:00,78052.3,78090.0,78052.29,78087.73,10.28343
2026-09-01 11:36:00,78087.74,78163.57,78087.73,78139.1,20.42685
2026-09-01 11:39:00,78139.09,78202.52,78139.09,78164.39,19.49848
2026-09-01 11:42:00,78164.39,78164.39,78101.52,78106.55,21.27803
2026-09-01 11:45:00,78106.54,78149.26,78098.98,78105.98,17.69478
2026-09-01 11:48:00,78105.99,78145.25,78100.0,78145.25,16.97705
2026-09-01 11:51:00,78145.25,78198.65,78145.24,78183.8,10.08491
2026-09-01 11:54:00,78183.8,78189.95,78074.05,78074.05,16.4607
2026-09-01 11:57:00,78074.06,78107.15,78056.72,78098.97,16.07933
2026-09-01 12:00:00,78098.96,78098.97,77954.0,78003.72,35.25998
2026-09-01 12:03:00,78003.73,78028.73,78000.0,78020.01,12.26499
2026-09-01 12:06:00,78020.0,78124.04,78010.0,78124.04,14.93475
2026-09-01 12:09:00,78124.1,78156.0,78082.0,78111.84,21.56774
2026-09-01 12:12:00,78111.83,78111.84,78021.99,78031.99,14.35523
2026-09-01 12:15:00,78032.0,78100.96,78032.0,78070.0,11.69214
2026-09-01 12:18:00,78070.0,78070.0,77913.86,77978.76,28.36802
2026-09-01 12:21:00,77978.75,78020.0,77955.6,77990.99,23.74449
2026-09-01 12:24:00,77991.0,78036.0,77962.88,78027.16,19.55165
2026-09-01 12:27:00,78027.16,78043.92,77994.0,77994.01,12.49294
2026-09-01 12:30:00,77994.0,77994.01,77850.01,77929.25,21.94876
2026-09-01 12:33:00,77929.26,77947.36,77830.0,77832.51,15.56569
2026-09-01 12:36:00,77832.52,77913.81,77742.01,77831.99,73.73207
2026-09-01 12:39:00,77832.0,77901.99,77744.0,77901.99,33.69015
2026-09-01 12:42:00,77902.0,77970.53,77901.99,77970.53,19.44867
2026-09-01 12:45:00,77970.52,78050.0,77928.48,78048.52,21.40801
2026-09-01 12:48:00,78048.52,78074.68,77986.0,78017.83,20.68638
2026-09-01 12:51:00,78017.84,78062.63,77990.0,78004.82,31.98511
2026-09-01 12:54:00,78004.83,78045.0,78002.0,78040.94,13.01282
2026-09-01 12:57:00,78040.95,78040.95,78002.0,78004.0,28.74667
2026-09-01 13:00:00,78004.01,78016.01,77864.0,77874.01,29.7314
2026-09-01 13:03:00,77874.01,77910.0,77820.0,77893.99,32.66384
2026-09-01 13:06:00,77894.0,77898.33,77515.07,77881.81,202.34603
2026-09-01 13:09:00,77881.81,77893.58,77738.0,77870.36,41.76736
2026-09-01 13:12:00,77870.35,77918.8,77800.0,77818.91,27.88159
2026-09-01 13:15:00,77818.9,77893.38,77791.47,77846.01,19.242
2026-09-01 13:18:00,77846.01,77851.57,77750.94,77819.99,41.5659
2026-09-01 13:21:00,77819.99,77838.64,77777.0,77791.92,19.58569
2026-09-01 13:24:00,77791.91,77847.49,77732.0,77828.0,29.83611
2026-09-01 13:27:00,77828.0,77897.69,77774.0,77888.39,30.74562
2026-09-01 13:30:00,77888.39,78038.8,77880.13,77915.06,95.22767
2026-09-01 13:33:00,77915.07,77921.3,77775.0,77827.33,62.73253
2026-09-01 13:36:00,77827.32,77827.32,77555.0,77601.6,108.54695
2026-09-01 13:39:00,77601.61,77659.2,77510.0,77565.86,101.9523
2026-09-01 13:42:00,77565.85,77957.92,77534.0,77924.0,143.02799
2026-09-01 13:45:00,77924.01,78103.98,77858.43,78078.53,102.28732
2026-09-01 13:48:00,78078.53,78202.0,78030.0,78171.06,82.15219
2026-09-01 13:51:00,78171.07,78188.0,78000.0,78019.93,59.28377
2026-09-01 13:54:00,78020.0,78070.6,78009.0,78052.77,34.71593
2026-09-01 13:57:00,78052.78,78072.0,77988.0,78071.99,19.92035
2026-09-01 14:00:00,78072.0,78296.0,78052.0,78168.66,72.29024
2026-09-01 14:03:00,78168.67,78216.22,78082.0,78134.0,56.0423
2026-09-01 14:06:00,78134.01,78375.41,78134.0,78313.99,56.48997
2026-09-01 14:09:00,78313.99,78420.0,78300.0,78300.0,64.12684
2026-09-01 14:12:00,78300.01,78300.01,78210.0,78269.11,19.86232
2026-09-01 14:15:00,78269.1,78364.0,78268.1,78274.91,50.70378
2026-09-01 14:18:00,78274.91,78280.42,78169.36,78216.37,69.99786
2026-09-01 14:21:00,78216.36,78283.52,78147.16,78211.99,42.54371
2026-09-01 14:24:00,78212.0,78411.8,78211.99,78369.33,43.81181
2026-09-01 14:27:00,78369.32,78369.33,78246.0,78262.15,32.57741
2026-09-01 14:30:00,78262.14,78335.79,78232.36,78273.13,17.37864
2026-09-01 14:33:00,78273.13,78382.0,78242.0,78338.01,26.77549
2026-09-01 14:36:00,78338.0,78405.0,78312.01,78322.01,27.55441
2026-09-01 14:39:00,78322.01,78356.74,78286.0,78310.0,41.09552
2026-09-01 14:42:00,78310.01,78400.0,78300.0,78399.99,22.57538
2026-09-01 14:45:00,78400.0,78424.0,78358.0,78406.01,28.46347
2026-09-01 14:48:00,78406.01,78420.35,78318.0,78339.09,24.82778
2026-09-01 14:51:00,78339.09,78346.0,78268.0,78327.29,21.98283
2026-09-01 14:54:00,78327.28,78327.29,78166.0,78197.46,49.93502
2026-09-01 14:57:00,78197.46,78227.99,78144.0,78167.99,31.52105
2026-09-01 15:00:00,78168.0,78169.69,77880.16,77902.58,84.2562
2026-09-01 15:03:00,77902.59,77934.0,77817.32,77844.0,44.44672
2026-09-01 15:06:00,77844.0,77882.0,77768.0,77796.33,36.59766
2026-09-01 15:09:00,77796.32,77834.0,77750.01,77765.41,72.29382
2026-09-01 15:12:00,77765.41,77840.02,77727.61,77826.25,21.72628
2026-09-01 15:15:00,77826.24,77870.0,77762.11,77763.62,28.64296
2026-09-01 15:18:00,77763.62,77866.0,77763.61,77830.8,25.27838
2026-09-01 15:21:00,77830.81,77886.0,77809.01,77832.4,20.43058
2026-09-01 15:24:00,77832.41,77860.0,77808.0,77808.11,19.76699
2026-09-01 15:27:00,77808.11,77874.25,77808.11,77869.21,9.43514
2026-09-01 15:30:00,77869.22,77874.25,77811.73,77842.01,24.51577
2026-09-01 15:33:00,77842.01,77946.0,77842.01,77946.0,24.82208
2026-09-01 15:36:00,77945.99,77958.19,77896.07,77937.45,17.69189
2026-09-01 15:39:00,77937.45,77948.82,77914.57,77935.14,21.00811
2026-09-01 15:42:00,77935.15,78023.12,77914.5,78018.45,26.1829
2026-09-01 15:45:00,78018.44,78018.44,77962.3,78003.3,14.96144
2026-09-01 15:48:00,78003.29,78076.67,77996.3,78076.67,19.97022
2026-09-01 15:51:00,78076.67,78104.0,78016.0,78043.01,24.19725
2026-09-01 15:54:00,78043.01,78044.01,77994.01,78003.08,11.99941
2026-09-01 15:57:00,78003.08,78003.08,77918.96,77919.06,11.88228
2026-09-01 16:00:00,77919.07,77946.0,77836.0,77845.29,23.6786
2026-09-01 16:03:00,77845.29,77976.0,77845.28,77959.11,15.02889
2026-09-01 16:06:00,77959.12,77966.46,77820.6,77852.0,17.5041
2026-09-01 16:09:00,77852.0,77860.0,77780.58,77798.75,18.56847
2026-09-01 16:12:00,77798.74,77801.41,77647.45,77668.9,46.08514
2026-09-01 16:15:00,77668.89,77746.61,77641.39,77644.6,17.97371
2026-09-01 16:18:00,77644.6,77644.6,77550.8,77550.81,58.06186
2026-09-01 16:21:00,77550.81,77593.27,77468.0,77593.27,88.1216
2026-09-01 16:24:00,77593.26,77658.63,77500.0,77622.82,41.45576
2026-09-01 16:27:00,77622.82,77681.31,77606.08,77623.13,23.33755
2026-09-01 16:30:00,77623.12,77623.13,77500.0,77563.23,24.25884
2026-09-01 16:33:00,77563.22,77606.0,77488.0,77495.44,33.4351
2026-09-01 16:36:00,77495.44,77495.44,77318.0,77452.28,106.7192
2026-09-01 16:39:00,77452.27,77583.33,77452.27,77575.91,68.30379
2026-09-01 16:42:00,77575.92,77600.0,77432.0,77443.01,24.14432
2026-09-01 16:45:00,77443.01,77592.0,77430.57,77576.0,26.0484
2026-09-01 16:48:00,77576.01,77610.0,77560.0,77610.0,16.82569
2026-09-01 16:51:00,77610.0,77618.65,77551.79,77603.19,14.41219
2026-09-01 16:54:00,77603.19,77652.0,77582.24,77592.03,18.13846
2026-09-01 16:57:00,77592.03,77618.41,77589.87,77596.01,10.13666
2026-09-01 17:00:00,77596.01,77637.69,77574.23,77629.02,18.39135
2026-09-01 17:03:00,77629.02,77652.0,77578.0,77581.82,16.265
2026-09-01 17:06:00,77581.82,77581.82,77526.2,77552.83,18.96571
2026-09-01 17:09:00,77552.83,77562.78,77504.73,77531.46,20.98786
2026-09-01 17:12:00,77531.46,77546.0,77520.43,77523.04,6.09172
2026-09-01 17:15:00,77523.04,77527.67,77416.83,77475.99,32.07004
2026-09-01 17:18:00,77475.99,77620.0,77475.99,77619.99,16.28488
2026-09-01 17:21:00,77620.0,77620.0,77562.0,77570.0,14.75384
2026-09-01 17:24:00,77570.01,77580.11,77456.17,77471.91,50.60837
2026-09-01 17:27:00,77471.91,77543.15,77471.9,77513.92,15.48731
2026-09-01 17:30:00,77513.93,77609.99,77508.33,77562.01,18.67257
2026-09-01 17:33:00,77562.01,77721.26,77562.01,77661.95,38.02019
2026-09-01 17:36:00,77661.94,77680.0,77606.0,77606.0,11.22448
2026-09-01 17:39:00,77606.01,77606.01,77564.0,77592.0,13.32254
2026-09-01 17:42:00,77591.99,77624.6,77520.0,77520.0,18.39414
2026-09-01 17:45:00,77520.0,77520.01,77342.61,77426.4,49.22446
2026-09-01 17:48:00,77426.4,77478.0,77404.0,77447.68,39.74231
2026-09-01 17:51:00,77447.69,77458.0,77346.0,77358.87,24.05712
2026-09-01 17:54:00,77358.88,77386.0,77341.62,77352.88,15.37629
2026-09-01 17:57:00,77352.88,77376.0,77241.12,77265.79,46.82186
2026-09-01 18:00:00,77265.79,77319.64,77190.23,77295.73,61.2783
2026-09-01 18:03:00,77295.73,77295.73,77238.98,77266.6,20.02473
2026-09-01 18:06:00,77266.59,77266.6,77176.31,77182.47,26.39302
2026-09-01 18:09:00,77182.47,77201.82,77141.09,77166.11,38.31076
2026-09-01 18:12:00,77166.11,77228.0,77166.11,77224.15,17.19175
2026-09-01 18:15:00,77224.16,77248.0,77111.0,77137.99,52.91185
2026-09-01 18:18:00,77137.99,77138.0,77072.0,77094.0,46.51163
2026-09-01 18:21:00,77093.99,77142.0,77083.69,77132.28,29.93356
2026-09-01 18:24:00,77132.27,77153.92,77078.0,77078.0,38.46968
2026-09-01 18:27:00,77078.0,77094.0,76737.0,77057.21,362.45086
2026-09-01 18:30:00,77057.21,77122.0,76970.0,77031.51,71.78477
2026-09-01 18:33:00,77031.5,77033.92,76894.49,76901.67,72.23208
2026-09-01 18:36:00,76901.67,76906.68,76700.0,76733.29,117.43813
2026-09-01 18:39:00,76733.29,76793.6,76611.79,76725.24,112.66913
2026-09-01 18:42:00,76725.23,76737.81,76577.0,76577.01,64.57264
2026-09-01 18:45:00,76577.0,76594.23,76420.0,76594.23,164.1988
2026-09-01 18:48:00,76594.24,76924.0,76542.0,76918.25,80.40659
2026-09-01 18:51:00,76918.26,76974.0,76890.0,76967.99,31.27448
2026-09-01 18:54:00,76968.0,77058.0,76924.0,77057.08,34.68196
2026-09-01 18:57:00,77057.09,77157.52,77029.06,77153.9,43.16363
2026-09-01 19:00:00,77153.89,77242.01,77115.27,77115.28,48.6218
2026-09-01 19:03:00,77115.28,77306.22,77112.0,77242.06,43.44291
2026-09-01 19:06:00,77242.06,77248.36,77150.0,77179.56,18.26114
2026-09-01 19:09:00,77179.55,77245.81,77162.79,77190.0,25.97645
2026-09-01 19:12:00,77190.0,77204.17,77171.85,77204.16,16.16711
2026-09-01 19:15:00,77204.16,77296.0,77138.0,77241.69,24.20955
2026-09-01 19:18:00,77241.7,77262.95,77226.01,77252.42,10.88139
2026-09-01 19:21:00,77252.42,77425.99,77248.0,77386.34,36.54944
2026-09-01 19:24:00,77386.34,77399.49,77295.99,77399.48,19.16625
2026-09-01 19:27:00,77399.49,77466.55,77358.0,77362.45,30.543
2026-09-01 19:30:00,77362.45,77385.53,77318.0,77336.0,40.65758
2026-09-01 19:33:00,77336.01,77369.69,77334.77,77369.68,24.47189
2026-09-01 19:36:00,77369.69,77369.69,77298.0,77339.77,13.35908
2026-09-01 19:39:00,77339.77,77362.0,77306.0,77347.35,9.8785
2026-09-01 19:42:00,77347.35,77347.35,77302.0,77309.79,6.64114
2026-09-01 19:45:00,77309.79,77332.0,77282.19,77282.19,8.75522
2026-09-01 19:48:00,77282.19,77300.0,77265.04,77287.78,24.74293
2026-09-01 19:51:00,77287.78,77312.38,77200.0,77201.3,12.23265
2026-09-01 19:54:00,77201.29,77292.0,77201.29,77254.02,18.21579
2026-09-01 19:57:00,77254.01,77312.0,77246.0,77312.0,12.26886
2026-09-01 20:00:00,77312.0,77346.0,77272.66,77272.66,18.45746
2026-09-01 20:03:00,77272.66,77395.76,77236.48,77341.15,28.77985
2026-09-01 20:06:00,77341.16,77341.16,77277.26,77282.06,9.19718
2026-09-01 20:09:00,77282.06,77300.0,77276.61,77289.79,7.13721
2026-09-01 20:12:00,77289.8,77425.99,77289.79,77425.99,22.08961
2026-09-01 20:15:00,77425.99,77469.87,77334.0,77351.66,22.54351
2026-09-01 20:18:00,77351.65,77445.41,77351.65,77405.0,15.11528
2026-09-01 20:21:00,77405.0,77409.49,77386.0,77395.35,10.83697
2026-09-01 20:24:00,77395.36,77396.0,77360.0,77366.0,5.67053
2026-09-01 20:27:00,77366.01,77400.0,77325.12,77400.0,20.67439
2026-09-01 20:30:00,77400.0,77418.0,77366.0,77378.63,6.89027
2026-09-01 20:33:00,77378.62,77427.14,77366.92,77427.13,7.09349
2026-09-01 20:36:00,77427.14,77471.9,77382.0,77389.51,24.0003
2026-09-01 20:39:00,77389.52,77426.0,77340.36,77340.37,9.7407
2026-09-01 20:42:00,77340.37,77399.0,77340.36,77386.72,10.13583
2026-09-01 20:45:00,77386.72,77399.0,77351.99,77351.99,6.78093
2026-09-01 20:48:00,77351.99,77394.0,77349.66,77381.66,14.55558
2026-09-01 20:51:00,77381.65,77394.0,77360.0,77394.0,8.10212
2026-09-01 20:54:00,77394.0,77458.0,77393.99,77458.0,11.54224
2026-09-01 20:57:00,77458.0,77469.01,77448.45,77448.45,7.03282
2026-09-01 21:00:00,77448.46,77516.3,77392.0,77461.99,31.72725
2026-09-01 21:03:00,77462.0,77474.65,77316.0,77328.99,23.17276
2026-09-01 21:06:00,77328.99,77329.0,77246.0,77287.44,20.85263
2026-09-01 21:09:00,77287.44,77288.76,77118.0,77118.01,43.51647
2026-09-01 21:12:00,77118.0,77126.39,77068.24,77114.44,20.14125
2026-09-01 21:15:00,77114.43,77152.0,76924.45,76942.81,46.9554
2026-09-01 21:18:00,76942.8,77118.0,76920.36,77107.67,57.95116
2026-09-01 21:21:00,77107.68,77202.0,77080.0,77180.01,16.87927
2026-09-01 21:24:00,77180.0,77268.0,77148.0,77228.01,13.08605
2026-09-01 21:27:00,77228.0,77228.01,77156.0,77188.68,7.90627
2026-09-01 21:30:00,77188.69,77188.69,77050.0,77053.66,21.21726
2026-09-01 21:33:00,77053.67,77115.9,77035.12,77115.9,24.34656
2026-09-01 21:36:00,77115.9,77133.26,77082.0,77125.99,14.25066
2026-09-01 21:39:00,77125.99,77207.97,77125.99,77189.31,15.79008
2026-09-01 21:42:00,77189.31,77225.73,77135.0,77146.1,14.52325
2026-09-01 21:45:00,77146.1,77183.57,77135.0,77154.68,9.23158
2026-09-01 21:48:00,77154.69,77181.39,77154.67,77181.39,8.51577
2026-09-01 21:51:00,77181.38,77272.72,77181.38,77237.96,10.49755
2026-09-01 21:54:00,77237.97,77271.6,77234.0,77265.03,5.78511
2026-09-01 21:57:00,77265.04,77265.04,77211.31,77211.32,8.64077
2026-09-01 22:00:00,77211.32,77242.0,77188.0,77239.52,15.56024
2026-09-01 22:03:00,77239.52,77312.0,77238.14,77258.44,21.43542
2026-09-01 22:06:00,77258.44,77303.6,77218.0,77285.81,10.78068
2026-09-01 22:09:00,77285.81,77294.38,77273.07,77294.38,4.08204
2026-09-01 22:12:00,77294.38,77311.69,77292.28,77295.35,6.44549
2026-09-01 22:15:00,77295.35,77295.35,77225.0,77242.96,7.23214
2026-09-01 22:18:00,77242.97,77245.19,77218.0,77243.51,7.18428
2026-09-01 22:21:00,77243.5,77243.51,77094.72,77136.76,29.78211
2026-09-01 22:24:00,77137.32,77206.01,77137.32,77155.04,12.6471
2026-09-01 22:27:00,77155.05,77188.42,77072.0,77072.0,31.47317
2026-09-01 22:30:00,77072.01,77104.86,77030.0,77040.02,40.75147
2026-09-01 22:33:00,77040.03,77104.0,77040.02,77104.0,18.52061
2026-09-01 22:36:00,77104.0,77189.23,77104.0,77120.02,16.16551
2026-09-01 22:39:00,77120.01,77127.28,77092.25,77095.86,8.07325
2026-09-01 22:42:00,77095.85,77164.9,77088.0,77151.43,12.0468
2026-09-01 22:45:00,77151.44,77232.0,77151.43,77230.24,16.07331
2026-09-01 22:48:00,77230.24,77364.01,77230.24,77341.5,24.33792
2026-09-01 22:51:00,77341.5,77357.36,77294.0,77316.01,29.86484
2026-09-01 22:54:00,77316.02,77316.02,77300.0,77300.01,14.94601
2026-09-01 22:57:00,77300.0,77300.01,77274.01,77274.02,7.89605
2026-09-01 23:00:00,77274.02,77296.0,77241.07,77248.86,21.28966
2026-09-01 23:03:00,77248.85,77285.54,77218.0,77251.99,12.45877
2026-09-01 23:06:00,77251.98,77320.0,77251.98,77308.54,7.37788
2026-09-01 23:09:00,77308.54,77308.54,77256.6,77297.99,9.22015
2026-09-01 23:12:00,77298.0,77299.99,77262.0,77262.01,3.11812
2026-09-01 23:15:00,77262.0,77318.0,77262.0,77318.0,9.9474
2026-09-01 23:18:00,77317.99,77317.99,77272.0,77315.54,7.84096
2026-09-01 23:21:00,77315.54,77315.54,77262.27,77282.94,11.86667
2026-09-01 23:24:00,77282.94,77334.29,77282.93,77300.36,8.6074
2026-09-01 23:27:00,77300.37,77396.84,77294.46,77396.84,21.71285
2026-09-01 23:30:00,77396.83,77450.0,77383.99,77448.76,20.81274
2026-09-01 23:33:00,77448.75,77486.74,77426.0,77483.99,17.06925
2026-09-01 23:36:00,77483.99,77580.0,77483.99,77532.0,21.8323
2026-09-01 23:39:00,77532.01,77591.82,77511.41,77555.1,18.05247
2026-09-01 23:42:00,77556.22,77565.8,77522.0,77537.5,16.72536
2026-09-01 23:45:00,77537.5,77548.69,77482.79,77531.06,44.8958
2026-09-01 23:48:00,77531.06,77638.18,77531.06,77556.01,27.90087
2026-09-01 23:51:00,77556.01,77556.01,77473.54,77477.87,32.86543
2026-09-01 23:54:00,77477.88,77477.88,77418.0,77418.01,20.20507
2026-09-01 23:57:00,77418.01,77450.0,77418.01,77439.0,7.80164
2026-09-02 00:00:00,77439.01,77512.0,77432.46,77432.47,22.04597
2026-09-02 00:03:00,77432.47,77470.86,77410.0,77440.01,24.09946
2026-09-02 00:06:00,77440.01,77442.0,77406.62,77406.63,23.54482
2026-09-02 00:09:00,77406.63,77410.45,77381.65,77381.65,29.19718
2026-09-02 00:12:00,77381.66,77405.25,77358.0,77397.03,25.7785
2026-09-02 00:15:00,77397.02,77439.45,77397.02,77439.45,14.44263
2026-09-02 00:18:00,77439.45,77460.0,77374.01,77374.01,12.25253
2026-09-02 00:21:00,77374.02,77462.0,77348.05,77406.07,17.1108
2026-09-02 00:24:00,77406.06,77411.98,77344.26,77354.08,8.95441
2026-09-02 00:27:00,77354.09,77354.09,77255.86,77262.9,19.99894
2026-09-02 00:30:00,77262.91,77338.22,77230.7,77338.22,18.98083
2026-09-02 00:33:00,77338.22,77338.22,77252.58,77276.58,14.78888
2026-09-02 00:36:00,77276.58,77276.58,77171.5,77174.25,15.54853
2026-09-02 00:39:00,77174.25,77210.1,77132.0,77145.39,34.77038
2026-09-02 00:42:00,77145.4,77256.0,77145.4,77229.31,14.4745
2026-09-02 00:45:00,77229.31,77261.77,77222.17,77231.11,11.49365
2026-09-02 00:48:00,77231.11,77247.44,77188.0,77188.0,11.81611
2026-09-02 00:51:00,77188.0,77227.76,77184.6,77219.86,12.20714
2026-09-02 00:54:00,77219.87,77273.41,77182.79,77268.53,11.72094
2026-09-02 00:57:00,77268.53,77273.41,77212.0,77213.25,9.29099
2026-09-02 01:00:00,77213.24,77235.89,77192.0,77214.37,15.86016
2026-09-02 01:03:00,77214.37,77232.54,77165.48,77194.88,14.64153
2026-09-02 01:06:00,77194.88,77203.76,77154.37,77158.74,17.22386
2026-09-02 01:09:00,77158.74,77297.73,77158.74,77265.89,36.12336
2026-09-02 01:12:00,77265.89,77372.0,77246.04,77351.46,46.74612
2026-09-02 01:15:00,77351.46,77351.46,77238.0,77293.99,25.69622
2026-09-02 01:18:00,77294.0,77348.0,77285.11,77285.11,27.76243
2026-09-02 01:21:00,77285.11,77300.59,77285.0,77300.48,18.01057
2026-09-02 01:24:00,77300.48,77348.0,77270.0,77270.0,36.9702
2026-09-02 01:27:00,77270.0,77270.01,77150.0,77150.0,40.32568
2026-09-02 01:30:00,77150.01,77188.0,77118.58,77153.79,30.27319
2026-09-02 01:33:00,77153.79,77154.11,77030.7,77041.46,39.90736
2026-09-02 01:36:00,77041.47,77061.98,77000.0,77000.01,16.69243
2026-09-02 01:39:00,77000.0,77020.0,76924.0,76998.58,35.82517
2026-09-02 01:42:00,76998.58,77021.88,76848.0,76886.93,34.20888
2026-09-02 01:45:00,76886.93,76974.0,76866.13,76886.0,47.00953
2026-09-02 01:48:00,76886.0,76909.65,76718.48,76781.91,66.75063
2026-09-02 01:51:00,76781.92,76841.01,76739.41,76766.09,39.14446
2026-09-02 01:54:00,76766.08,76949.9,76766.08,76911.74,27.54987
2026-09-02 01:57:00,76911.74,77044.0,76902.0,77020.68,44.87546
2026-09-02 02:00:00,77020.67,77052.0,76964.0,77048.3,31.28784
2026-09-02 02:03:00,77048.29,77048.29,76948.97,76972.6,28.87664
2026-09-02 02:06:00,76972.6,77210.0,76962.27,77082.36,49.91599
2026-09-02 02:09:00,77082.35,77082.36,77044.4,77061.52,10.03299
2026-09-02 02:12:00,77061.53,77162.0,77061.53,77088.4,25.84257
2026-09-02 02:15:00,77088.39,77195.66,77080.73,77171.5,18.96899
2026-09-02 02:18:00,77171.51,77229.63,77110.0,77229.62,29.60351
2026-09-02 02:21:00,77229.62,77266.0,77204.0,77223.37,25.54443
2026-09-02 02:24:00,77223.37,77276.58,77212.01,77220.73,23.42986
2026-09-02 02:27:00,77220.74,77343.74,77220.73,77325.48,32.53941
2026-09-02 02:30:00,77325.47,77325.47,77224.91,77270.01,20.88871
2026-09-02 02:33:00,77270.01,77288.71,77223.74,77264.0,12.90215
2026-09-02 02:36:00,77263.99,77288.0,77200.0,77223.17,21.75854
2026-09-02 02:39:00,77223.17,77235.4,77181.77,77189.7,9.34387
2026-09-02 02:42:00,77189.7,77230.0,77171.51,77226.0,21.92351
2026-09-02 02:45:00,77225.99,77244.0,77204.0,77242.04,12.2038
2026-09-02 02:48:00,77242.04,77262.0,77238.75,77244.01,8.5846
2026-09-02 02:51:00,77244.0,77281.96,77236.19,77266.26,10.61395
2026-09-02 02:54:00,77266.25,77284.0,77232.48,77267.74,21.53689
2026-09-02 02:57:00,77267.74,77329.2,77267.74,77329.2,21.3812
2026-09-02 03:00:00,77329.2,77466.0,77314.51,77403.48,33.82969
2026-09-02 03:03:00,77403.49,77481.12,77400.0,77450.05,41.50327
2026-09-02 03:06:00,77450.0,77476.53,77424.0,77474.0,15.33863
2026-09-02 03:09:00,77474.0,77600.0,77426.14,77486.74,50.42597
2026-09-02 03:12:00,77486.73,77512.0,77462.01,77512.0,28.47534
2026-09-02 03:15:00,77512.0,77596.28,77494.0,77586.92,27.35481
2026-09-02 03:18:00,77586.92,77654.34,77564.0,77575.52,35.24643
2026-09-02 03:21:00,77575.52,77578.02,77526.2,77539.49,22.00657
2026-09-02 03:24:00,77539.49,77792.0,77535.43,77748.0,92.64396
2026-09-02 03:27:00,77747.99,77748.02,77660.55,77660.56,37.99101
2026-09-02 03:30:00,77660.56,77660.56,77554.62,77570.01,20.71433
2026-09-02 03:33:00,77570.01,77570.01,77520.91,77541.62,17.284
2026-09-02 03:36:00,77541.62,77541.62,77514.0,77528.0,13.38374
2026-09-02 03:39:00,77528.0,77656.89,77528.0,77606.0,19.00381
2026-09-02 03:42:00,77606.0,77606.01,77520.02,77552.0,28.76335
2026-09-02 03:45:00,77552.0,77633.81,77546.0,77619.15,30.89933
2026-09-02 03:48:00,77619.16,77640.0,77598.01,77606.21,42.01854
2026-09-02 03:51:00,77606.21,77606.21,77548.66,77587.45,22.98605
2026-09-02 03:54:00,77587.46,77601.11,77514.0,77514.01,17.3231
2026-09-02 03:57:00,77514.01,77570.01,77508.02,77563.5,21.1826
2026-09-02 04:00:00,77563.5,77563.5,77490.0,77496.02,14.6841
2026-09-02 04:03:00,77496.02,77532.0,77472.75,77472.76,28.91722
2026-09-02 04:06:00,77472.76,77479.9,77416.42,77427.88,25.16366
2026-09-02 04:09:00,77427.88,77427.88,77359.99,77359.99,12.89833
2026-09-02 04:12:00,77359.99,77407.21,77359.99,77376.39,23.69519
2026-09-02 04:15:00,77376.38,77381.66,77294.56,77318.79,15.86534
2026-09-02 04:18:00,77318.79,77411.51,77318.79,77405.29,14.21019
2026-09-02 04:21:00,77405.3,77434.0,77374.77,77403.48,25.70408
2026-09-02 04:24:00,77403.48,77427.33,77392.0,77419.12,15.27196
2026-09-02 04:27:00,77419.12,77446.64,77419.12,77431.27,14.88958
2026-09-02 04:30:00,77431.27,77500.0,77431.27,77497.23,16.59018
2026-09-02 04:33:00,77497.22,77512.44,77471.2,77480.01,15.39415
2026-09-02 04:36:00,77480.01,77503.86,77480.0,77495.78,7.90079
2026-09-02 04:39:00,77495.79,77555.31,77495.78,77524.33,8.78878
2026-09-02 04:42:00,77524.34,77591.82,77524.34,77589.32,23.24707
2026-09-02 04:45:00,77589.31,77612.84,77570.7,77578.21,12.16993
2026-09-02 04:48:00,77578.21,77596.41,77574.39,77574.4,9.16009
2026-09-02 04:51:00,77574.4,77584.63,77566.83,77572.14,3.98461
2026-09-02 04:54:00,77572.14,77575.87,77537.31,77548.29,4.19253
2026-09-02 04:57:00,77548.29,77568.0,77548.29,77561.82,7.19932
2026-09-02 05:00:00,77561.82,77564.71,77466.0,77468.69,11.46538
2026-09-02 05:03:00,77468.7,77525.87,77446.32,77465.03,21.56791
2026-09-02 05:06:00,77465.03,77477.08,77438.0,77477.08,7.72194
2026-09-02 05:09:00,77477.08,77547.79,77477.08,77538.77,13.87923
2026-09-02 05:12:00,77538.78,77600.02,77531.99,77600.02,12.64211
2026-09-02 05:15:00,77600.02,77733.46,77600.02,77672.71,42.24443
2026-09-02 05:18:00,77672.71,77681.65,77636.0,77681.65,15.08645
2026-09-02 05:21:00,77681.65,77718.0,77653.88,77716.75,10.49414
2026-09-02 05:24:00,77716.74,77758.0,77689.15,77692.0,18.73283
2026-09-02 05:27:00,77692.01,77761.93,77692.01,77744.78,11.34451
2026-09-02 05:30:00,77744.78,77749.24,77682.15,77704.0,16.0908
2026-09-02 05:33:00,77704.0,77706.0,77676.0,77693.42,8.90581
2026-09-02 05:36:00,77693.42,77708.0,77672.1,77681.2,8.42426
2026-09-02 05:39:00,77681.2,77708.19,77679.11,77708.19,11.23758
2026-09-02 05:42:00,77708.19,77728.5,77700.0,77704.68,15.42086
2026-09-02 05:45:00,77704.68,77747.52,77704.68,77747.52,10.68065
2026-09-02 05:48:00,77747.51,77756.51,77714.39,77714.39,8.7247
2026-09-02 05:51:00,77714.39,77720.24,77700.0,77716.84,7.95499
2026-09-02 05:54:00,77716.83,77725.74,77567.8,77645.06,76.92657
2026-09-02 05:57:00,77645.05,77654.82,77611.41,77651.07,12.28335
2026-09-02 06:00:00,77651.08,77724.0,77651.08,77681.04,15.68468
2026-09-02 06:03:00,77681.05,77716.0,77656.13,77700.05,16.16716
2026-09-02 06:06:00,77700.04,77708.0,77656.9,77689.6,18.03405
2026-09-02 06:09:00,77689.61,77710.27,77670.65,77690.48,18.77914
2026-09-02 06:12:00,77690.48,77704.88,77576.51,77581.73,37.57475
2026-09-02 06:15:00,77581.73,77646.68,77581.73,77622.48,15.66227
2026-09-02 06:18:00,77622.49,77625.6,77584.0,77615.25,16.86057
2026-09-02 06:21:00,77615.25,77615.25,77572.0,77584.67,12.04234
2026-09-02 06:24:00,77584.67,77636.83,77584.66,77636.83,7.12447
2026-09-02 06:27:00,77636.83,77666.9,77545.93,77545.93,20.96475
2026-09-02 06:30:00,77545.94,77545.94,77494.0,77494.0,15.47973
2026-09-02 06:33:00,77494.01,77529.25,77462.0,77529.25,39.53176
2026-09-02 06:36:00,77529.24,77551.77,77518.0,77523.37,12.5654
2026-09-02 06:39:00,77523.37,77672.05,77510.0,77635.99,53.96936
2026-09-02 06:42:00,77635.99,77683.47,77614.0,77614.0,25.16274
2026-09-02 06:45:00,77614.01,77620.0,77574.92,77591.81,18.38817
2026-09-02 06:48:00,77591.81,77620.01,77581.14,77581.15,16.6285
2026-09-02 06:51:00,77581.14,77590.3,77517.56,77517.57,12.80718
2026-09-02 06:54:00,77517.57,77561.91,77500.0,77561.91,12.56569
2026-09-02 06:57:00,77561.91,77611.54,77561.9,77611.54,11.05866
2026-09-02 07:00:00,77611.53,77655.14,77607.64,77630.48,19.69428
2026-09-02 07:03:00,77630.47,77653.89,77612.0,77619.77,16.99808
2026-09-02 07:06:00,77619.77,77619.77,77594.0,77607.82,14.53503
2026-09-02 07:09:00,77607.81,77717.76,77607.81,77708.39,23.73104
2026-09-02 07:12:00,77708.4,77765.99,77670.97,77671.0,24.16672
2026-09-02 07:15:00,77670.99,77671.0,77612.0,77612.01,21.22968
2026-09-02 07:18:00,77612.01,77652.0,77600.16,77642.62,11.57943
2026-09-02 07:21:00,77642.62,77696.81,77630.0,77637.75,23.65058
2026-09-02 07:24:00,77637.75,77648.38,77594.0,77610.12,14.9291
2026-09-02 07:27:00,77610.12,77634.0,77598.0,77598.0,10.99311
2026-09-02 07:30:00,77598.01,77629.87,77598.0,77623.8,14.62125
2026-09-02 07:33:00,77623.81,77623.81,77560.0,77593.85,29.76803
2026-09-02 07:36:00,77593.86,77601.76,77575.71,77601.75,30.41073
2026-09-02 07:39:00,77601.76,77630.0,77600.92,77630.0,30.37849
2026-09-02 07:42:00,77630.0,77631.58,77560.0,77560.01,25.63318
2026-09-02 07:45:00,77560.0,77585.69,77538.0,77585.68,29.6462
2026-09-02 07:48:00,77585.69,77599.76,77554.0,77575.89,38.84738
2026-09-02 07:51:00,77575.89,77588.0,77525.11,77528.58,30.02563
2026-09-02 07:54:00,77528.58,77528.58,77508.0,77517.25,19.96305
2026-09-02 07:57:00,77517.26,77517.27,77473.84,77473.85,85.10611
2026-09-02 08:00:00,77473.86,77501.79,77393.04,77393.04,30.00756
2026-09-02 08:03:00,77393.05,77495.49,77390.0,77495.49,16.98754
2026-09-02 08:06:00,77495.49,77546.0,77495.48,77516.35,20.37684
2026-09-02 08:09:00,77516.16,77526.0,77414.13,77414.14,64.42959
2026-09-02 08:12:00,77414.14,77450.0,77381.65,77417.57,34.73622
2026-09-02 08:15:00,77417.58,77475.14,77417.58,77430.0,15.6262
2026-09-02 08:18:00,77430.01,77439.0,77346.0,77346.01,19.71043
2026-09-02 08:21:00,77346.01,77346.01,77286.0,77301.88,20.24937
2026-09-02 08:24:00,77301.87,77324.48,77301.87,77305.88,22.03205
2026-09-02 08:27:00,77305.89,77334.32,77248.01,77248.01,33.08778
2026-09-02 08:30:00,77248.02,77248.02,77133.0,77133.0,47.45098
2026-09-02 08:33:00,77133.01,77135.79,77094.18,77114.42,31.42422
2026-09-02 08:36:00,77114.41,77158.0,77079.73,77083.65,30.01917
2026-09-02 08:39:00,77083.66,77110.37,77058.0,77066.43,18.0074
2026-09-02 08:42:00,77066.42,77066.43,76945.35,76970.87,61.24569
2026-09-02 08:45:00,76970.88,77046.93,76900.0,76900.01,46.8437
2026-09-02 08:48:00,76900.0,76900.01,76813.43,76848.87,54.29368
2026-09-02 08:51:00,76848.88,76858.0,76746.81,76820.01,77.2661
2026-09-02 08:54:00,76820.0,76882.73,76758.0,76858.01,37.03093
2026-09-02 08:57:00,76858.0,76865.41,76810.76,76854.11,24.28914
2026-09-02 09:00:00,76854.11,77040.88,76852.88,77030.2,53.51402
2026-09-02 09:03:00,77030.2,77049.4,76992.0,77029.45,21.43663
2026-09-02 09:06:00,77029.45,77045.43,76997.2,77021.56,23.88163
2026-09-02 09:09:00,77021.56,77038.19,76997.2,77029.91,25.25117
2026-09-02 09:12:00,77029.91,77029.92,76945.12,76945.13,23.06213
2026-09-02 09:15:00,76945.13,76968.0,76877.46,76922.75,34.89467
2026-09-02 09:18:00,76922.75,76922.75,76868.65,76894.01,26.4293
2026-09-02 09:21:00,76894.0,76894.0,76600.0,76713.75,97.93629
2026-09-02 09:24:00,76713.75,76840.0,76664.0,76813.73,65.81349
2026-09-02 09:27:00,76813.74,76892.0,76806.71,76891.96,29.19656
2026-09-02 09:30:00,76891.96,76897.98,76684.1,76684.1,61.26052
2026-09-02 09:33:00,76684.11,76742.0,76633.0,76690.49,75.60174
2026-09-02 09:36:00,76690.49,76690.49,76543.85,76581.54,64.15368
2026-09-02 09:39:00,76581.55,76654.0,76573.32,76612.41,25.35617
2026-09-02 09:42:00,76612.4,76612.41,76517.24,76563.51,50.55625
2026-09-02 09:45:00,76563.52,76646.11,76484.64,76604.72,201.16312
2026-09-02 09:48:00,76604.72,76724.31,76602.0,76701.68,56.93312
2026-09-02 09:51:00,76701.67,76757.78,76674.0,76725.57,55.98741
2026-09-02 09:54:00,76725.58,76733.76,76680.0,76733.76,16.74283
2026-09-02 09:57:00,76733.76,76760.0,76706.0,76752.26,26.88159
2026-09-02 10:00:00,76752.26,76753.83,76630.77,76631.42,20.5643
2026-09-02 10:03:00,76631.41,76650.0,76604.0,76636.0,30.33104
2026-09-02 10:06:00,76636.01,76655.38,76580.0,76652.91,41.63694
2026-09-02 10:09:00,76652.91,76653.99,76569.56,76642.47,40.77079
2026-09-02 10:12:00,76642.47,76645.62,76602.01,76640.01,21.78239
2026-09-02 10:15:00,76640.0,76652.0,76602.18,76646.11,19.3257
2026-09-02 10:18:00,76646.1,76703.12,76646.1,76680.41,26.5564
2026-09-02 10:21:00,76680.42,76698.47,76646.67,76668.97,13.86094
2026-09-02 10:24:00,76668.97,76668.97,76614.0,76650.61,30.51022
2026-09-02 10:27:00,76650.6,76663.61,76571.8,76571.8,34.73432
2026-09-02 10:30:00,76571.8,76610.0,76500.0,76500.01,44.14558
2026-09-02 10:33:00,76500.01,76579.17,76480.0,76579.17,37.95171
2026-09-02 10:36:00,76579.17,76589.54,76538.98,76546.8,15.80389
2026-09-02 10:39:00,76546.81,76546.81,76478.0,76514.69,26.16566
2026-09-02 10:42:00,76514.69,76605.99,76507.76,76605.99,15.8447
2026-09-02 10:45:00,76605.98,76605.98,76510.0,76512.01,21.08003
2026-09-02 10:48:00,76512.01,76526.52,76355.26,76400.43,166.32375
2026-09-02 10:51:00,76400.43,76454.68,76264.0,76454.68,144.9503
2026-09-02 10:54:00,76454.67,76589.44,76454.67,76526.0,105.52704
2026-09-02 10:57:00,76525.99,76695.4,76525.99,76680.88,67.02857
2026-09-02 11:00:00,76680.88,76709.99,76565.53,76638.62,75.55871
2026-09-02 11:03:00,76638.61,76638.63,76560.01,76560.17,37.34311
2026-09-02 11:06:00,76560.16,76634.0,76519.99,76633.99,20.80946
2026-09-02 11:09:00,76633.99,76715.83,76596.0,76649.8,43.11846
2026-09-02 11:12:00,76649.79,76727.47,76621.7,76727.46,25.95267
2026-09-02 11:15:00,76727.47,76758.0,76588.0,76588.0,29.4761
2026-09-02 11:18:00,76588.01,76588.01,76540.0,76540.0,16.25995
2026-09-02 11:21:00,76540.01,76540.01,76410.0,76420.96,35.54699
2026-09-02 11:24:00,76420.97,76452.0,76356.0,76368.64,23.23414
2026-09-02 11:27:00,76368.65,76502.0,76368.64,76502.0,28.55133
2026-09-02 11:30:00,76502.0,76582.86,76488.0,76582.85,33.74659
2026-09-02 11:33:00,76582.86,76682.22,76567.65,76634.0,23.07723
2026-09-02 11:36:00,76634.0,76709.73,76626.0,76696.52,25.10844
2026-09-02 11:39:00,76696.52,76738.98,76663.24,76681.63,25.14554
2026-09-02 11:42:00,76681.64,76692.82,76618.01,76646.1,41.57529
2026-09-02 11:45:00,76646.1,76647.27,76618.01,76622.87,23.6883
2026-09-02 11:48:00,76622.88,76650.0,76600.0,76600.01,14.10864
2026-09-02 11:51:00,76600.0,76679.3,76600.0,76676.34,19.33415
2026-09-02 11:54:00,76676.34,76742.45,76664.22,76724.55,42.53678
2026-09-02 11:57:00,76724.56,76848.73,76724.56,76828.76,57.58727
2026-09-02 12:00:00,76828.75,76834.0,76770.0,76770.01,31.70703
2026-09-02 12:03:00,76770.0,76778.55,76677.76,76713.55,54.20078
2026-09-02 12:06:00,76713.56,76826.15,76713.56,76762.01,46.7299
2026-09-02 12:09:00,76762.0,76841.9,76746.0,76819.99,26.05429
2026-09-02 12:12:00,76819.99,76828.0,76770.27,76827.99,16.85455
2026-09-02 12:15:00,76827.99,76914.06,76772.0,76911.6,41.81023
2026-09-02 12:18:00,76911.59,76961.35,76843.33,76960.11,21.1064
2026-09-02 12:21:00,76960.1,77049.4,76960.1,77003.6,48.20734
2026-09-02 12:24:00,77003.6,77023.42,76982.1,77009.28,15.51221
2026-09-02 12:27:00,77009.28,77032.84,76986.0,76988.5,15.66955
2026-09-02 12:30:00,76988.49,76991.83,76924.51,76924.52,26.04204
2026-09-02 12:33:00,76924.52,76926.03,76885.63,76921.44,15.29074
2026-09-02 12:36:00,76921.45,76921.45,76800.0,76800.0,20.18977
2026-09-02 12:39:00,76800.01,76850.0,76800.01,76841.48,15.35019
2026-09-02 12:42:00,76841.47,76841.48,76802.0,76822.56,34.28139
2026-09-02 12:45:00,76822.55,76825.18,76779.89,76802.46,23.05498
2026-09-02 12:48:00,76802.46,76802.46,76738.32,76751.18,35.90059
2026-09-02 12:51:00,76751.19,76763.06,76721.37,76729.73,15.28763
2026-09-02 12:54:00,76729.74,76751.24,76668.25,76678.12,57.35209
2026-09-02 12:57:00,76678.12,76678.12,76611.67,76613.88,21.31279
2026-09-02 13:00:00,76613.87,76779.08,76613.87,76748.5,26.32834
2026-09-02 13:03:00,76748.5,76877.25,76748.5,76877.25,36.58176
2026-09-02 13:06:00,76877.25,76881.23,76754.32,76754.32,23.58419
2026-09-02 13:09:00,76754.32,76816.0,76744.0,76816.0,20.94776
2026-09-02 13:12:00,76816.0,76816.0,76744.01,76744.02,17.32178
2026-09-02 13:15:00,76744.01,76808.0,76744.01,76807.99,10.72072
2026-09-02 13:18:00,76808.0,76839.35,76770.0,76770.0,17.46014
2026-09-02 13:21:00,76770.01,76770.01,76712.0,76746.84,22.31639
2026-09-02 13:24:00,76746.83,76847.99,76746.83,76847.99,30.39089
2026-09-02 13:27:00,76847.99,76960.02,76844.8,76881.11,52.43675
2026-09-02 13:30:00,76881.12,76881.12,76720.0,76748.73,43.84757
2026-09-02 13:33:00,76748.72,76808.0,76684.0,76711.45,37.55473
2026-09-02 13:36:00,76711.44,76740.0,76625.0,76644.1,23.09291
2026-09-02 13:39:00,76644.1,76944.0,76632.0,76926.36,42.61766
2026-09-02 13:42:00,76926.37,77400.56,76922.58,77381.65,163.71999
2026-09-02 13:45:00,77381.66,77443.61,77171.5,77193.74,90.62459
2026-09-02 13:48:00,77193.74,77266.0,77102.0,77121.88,42.52686
2026-09-02 13:51:00,77121.88,77288.08,77100.0,77184.53,27.48048
2026-09-02 13:54:00,77184.52,77184.53,77000.0,77147.99,44.02566
2026-09-02 13:57:00,77147.98,77194.0,76996.0,77146.0,39.2531
2026-09-02 14:00:00,77146.0,77204.0,77058.0,77204.0,37.04123
2026-09-02 14:03:00,77203.99,77204.0,77010.24,77143.99,32.00171
2026-09-02 14:06:00,77144.0,77310.79,77142.75,77285.03,52.32886
2026-09-02 14:09:00,77285.02,77308.0,77182.0,77257.36,33.10855
2026-09-02 14:12:00,77257.36,77346.84,77204.26,77346.83,31.97584
2026-09-02 14:15:00,77346.83,77382.4,77256.85,77260.54,38.96364
2026-09-02 14:18:00,77260.54,77330.0,77239.46,77316.0,31.00623
2026-09-02 14:21:00,77316.0,77490.0,77285.88,77321.72,45.54465
2026-09-02 14:24:00,77321.71,77321.71,77232.28,77276.58,20.24099
2026-09-02 14:27:00,77276.58,77364.0,77276.57,77336.51,14.21949
2026-09-02 14:30:00,77336.52,77336.52,77118.0,77166.36,44.30792
2026-09-02 14:33:00,77166.36,77222.0,77110.0,77195.8,16.481
2026-09-02 14:36:00,77195.8,77198.0,77115.16,77142.27,12.05582
2026-09-02 14:39:00,77142.27,77242.01,77142.27,77231.05,16.38629
2026-09-02 14:42:00,77231.05,77396.97,77174.96,77324.96,31.43829
2026-09-02 14:45:00,77324.97,77334.2,77218.0,77231.96,17.7113
2026-09-02 14:48:00,77231.96,77258.0,77176.01,77206.0,16.10879
2026-09-02 14:51:00,77206.0,77215.22,77100.0,77100.0,21.02292
2026-09-02 14:54:00,77100.0,77212.0,77091.08,77162.32,25.45064
2026-09-02 14:57:00,77162.32,77176.0,77066.42,77066.42,18.00663
2026-09-02 15:00:00,77066.42,77066.43,76862.88,77024.96,196.88756
2026-09-02 15:03:00,77024.95,77182.0,77024.95,77121.98,26.21296
2026-09-02 15:06:00,77121.99,77147.7,76871.19,76871.2,28.38706
2026-09-02 15:09:00,76871.2,76877.1,76794.0,76835.51,40.3531
2026-09-02 15:12:00,76835.52,76835.52,76748.01,76819.99,35.15947
2026-09-02 15:15:00,76819.99,76932.76,76816.87,76899.98,25.26778
2026-09-02 15:18:00,76900.0,77147.7,76900.0,77008.01,48.68525
2026-09-02 15:21:00,77008.0,77056.0,76950.0,76998.0,18.4644
2026-09-02 15:24:00,76998.0,77051.06,76984.64,77045.97,35.08552
2026-09-02 15:27:00,77045.98,77122.0,77014.11,77039.92,18.16698
2026-09-02 15:30:00,77039.91,77215.01,76994.01,77178.02,29.48517
2026-09-02 15:33:00,77178.02,77350.0,77178.02,77284.0,60.98378
2026-09-02 15:36:00,77284.0,77330.0,77169.27,77172.01,33.54028
2026-09-02 15:39:00,77172.01,77258.3,77117.65,77258.29,32.16477
2026-09-02 15:42:00,77258.3,77386.0,77241.96,77369.78,41.67036
2026-09-02 15:45:00,77369.78,77372.0,77216.0,77228.41,55.32088
2026-09-02 15:48:00,77228.41,77228.41,77140.0,77169.31,29.05866
2026-09-02 15:51:00,77169.31,77212.0,77160.79,77211.99,23.65438
2026-09-02 15:54:00,77211.99,77270.19,77202.37,77235.47,34.47045
2026-09-02 15:57:00,77235.47,77296.0,77235.47,77288.98,11.91932
2026-09-02 16:00:00,77288.97,77295.76,77210.0,77243.22,15.24734
2026-09-02 16:03:00,77243.22,77311.93,77224.0,77262.01,21.22367
2026-09-02 16:06:00,77262.01,77329.17,77244.0,77306.06,19.46386
2026-09-02 16:09:00,77306.06,77346.7,77264.43,77346.69,45.32209
2026-09-02 16:12:00,77346.7,77396.0,77322.0,77356.01,114.91364
2026-09-02 16:15:00,77356.01,77390.0,77332.66,77381.93,61.76814
2026-09-02 16:18:00,77381.94,77561.15,77381.93,77495.87,207.12048
2026-09-02 16:21:00,77495.87,77540.62,77438.0,77509.84,63.23485
2026-09-02 16:24:00,77509.84,77579.84,77508.5,77570.0,203.0451
2026-09-02 16:27:00,77570.0,77582.0,77443.06,77464.02,70.41636
2026-09-02 16:30:00,77464.03,77567.42,77464.03,77561.33,106.05205
2026-09-02 16:33:00,77561.32,77566.56,77412.24,77440.13,62.64393
2026-09-02 16:36:00,77440.13,77464.0,77394.52,77410.41,36.90961
2026-09-02 16:39:00,77410.42,77411.02,77333.02,77342.49,34.39658
2026-09-02 16:42:00,77342.5,77342.5,77264.28,77264.28,22.83477
2026-09-02 16:45:00,77264.29,77303.65,77248.79,77248.79,21.23116
2026-09-02 16:48:00,77248.79,77330.0,77232.01,77270.13,25.33805
2026-09-02 16:51:00,77270.13,77303.09,77270.13,77293.64,12.14984
2026-09-02 16:54:00,77293.65,77293.65,77206.01,77227.35,14.00985
2026-09-02 16:57:00,77227.35,77227.35,77171.5,77171.5,22.60267
2026-09-02 17:00:00,77171.51,77246.0,77138.0,77159.73,28.7602
2026-09-02 17:03:00,77159.72,77206.0,77142.93,77142.93,40.46344
2026-09-02 17:06:00,77142.93,77147.49,77066.42,77066.42,33.81995
2026-09-02 17:09:00,77066.43,77168.0,77066.42,77163.58,24.18897
2026-09-02 17:12:00,77163.58,77163.58,77100.28,77128.83,24.3742
2026-09-02 17:15:00,77128.83,77162.12,77094.0,77094.0,13.41524
2026-09-02 17:18:00,77094.0,77094.0,77005.4,77005.41,26.81351
2026-09-02 17:21:00,77005.4,77080.31,76950.56,77080.31,32.29883
2026-09-02 17:24:00,77080.31,77104.0,77060.49,77073.53,22.80455
2026-09-02 17:27:00,77073.54,77100.0,77041.37,77100.0,12.48063
2026-09-02 17:30:00,77099.99,77157.64,77083.76,77157.63,25.35365
2026-09-02 17:33:00,77157.64,77229.18,77149.21,77186.35,17.21016
2026-09-02 17:36:00,77186.0,77212.0,77169.11,77169.11,13.72204
2026-09-02 17:39:00,77169.12,77185.09,77117.73,77162.86,24.2851
2026-09-02 17:42:00,77162.86,77308.91,77152.49,77308.9,29.37577
2026-09-02 17:45:00,77308.91,77381.66,77308.91,77355.96,32.67656
2026-09-02 17:48:00,77355.96,77406.0,77355.95,77380.01,34.64841
2026-09-02 17:51:00,77380.01,77387.46,77345.35,77345.35,9.58061
2026-09-02 17:54:00,77345.35,77353.14,77328.15,77328.16,8.50588
2026-09-02 17:57:00,77328.16,77387.66,77328.15,77381.66,10.24389
2026-09-02 18:00:00,77381.65,77385.0,77326.05,77379.68,13.27308
2026-09-02 18:03:00,77379.67,77379.68,77347.99,77354.41,6.90648
2026-09-02 18:06:00,77354.4,77374.0,77328.3,77373.99,10.86501
2026-09-02 18:09:00,77374.0,77442.85,77373.99,77403.85,11.01898
2026-09-02 18:12:00,77403.85,77420.39,77360.0,77411.84,36.0328
2026-09-02 18:15:00,77411.85,77470.0,77409.0,77409.0,24.89894
2026-09-02 18:18:00,77409.01,77524.0,77400.01,77431.25,42.22126
2026-09-02 18:21:00,77431.24,77473.62,77382.0,77447.63,24.44657
2026-09-02 18:24:00,77447.62,77473.62,77441.84,77473.62,10.98089
2026-09-02 18:27:00,77473.62,77481.15,77447.28,77447.28,31.44601
2026-09-02 18:30:00,77447.28,77454.78,77447.28,77452.6,49.33332
2026-09-02 18:33:00,77452.6,77454.0,77395.99,77419.99,29.28076
2026-09-02 18:36:00,77419.99,77423.76,77325.0,77333.87,20.33876
2026-09-02 18:39:00,77333.86,77341.63,77298.0,77341.61,13.8374
2026-09-02 18:42:00,77341.62,77341.62,77314.0,77314.0,6.87456
2026-09-02 18:45:00,77314.01,77329.57,77296.52,77304.13,6.70448
2026-09-02 18:48:00,77304.14,77413.8,77304.13,77377.99,10.94304
2026-09-02 18:51:00,77378.0,77378.0,77314.01,77339.81,9.97456
2026-09-02 18:54:00,77339.81,77373.31,77336.51,77367.63,7.24909
2026-09-02 18:57:00,77367.64,77381.66,77344.01,77377.76,8.36914
2026-09-02 19:00:00,77377.76,77377.76,77335.59,77348.33,9.55081
2026-09-02 19:03:00,77348.33,77371.79,77334.58,77348.75,7.66312
2026-09-02 19:06:00,77348.76,77397.92,77348.75,77381.36,4.79097
2026-09-02 19:09:00,77381.37,77400.0,77328.0,77329.6,9.75057
2026-09-02 19:12:00,77329.59,77401.88,77329.59,77391.78,50.36947
2026-09-02 19:15:00,77391.77,77416.0,77316.0,77316.01,9.84904
2026-09-02 19:18:00,77316.0,77316.01,77260.23,77262.21,11.71605
2026-09-02 19:21:00,77262.21,77286.01,77250.0,77262.57,11.87664
2026-09-02 19:24:00,77262.58,77267.45,77218.0,77224.22,16.64348
2026-09-02 19:27:00,77224.22,77225.28,77168.66,77168.66,11.82324
2026-09-02 19:30:00,77168.66,77176.0,77124.0,77168.0,15.22978
2026-09-02 19:33:00,77167.99,77180.0,77124.03,77134.25,25.76721
2026-09-02 19:36:00,77134.25,77153.99,77124.03,77147.98,7.04416
2026-09-02 19:39:00,77147.97,77248.0,77144.21,77210.91,13.40049
2026-09-02 19:42:00,77210.9,77249.55,77210.9,77230.12,10.86835
2026-09-02 19:45:00,77230.12,77252.0,77212.9,77212.91,4.97599
2026-09-02 19:48:00,77212.91,77242.46,77194.0,77242.46,13.63271
2026-09-02 19:51:00,77242.45,77288.0,77208.0,77208.0,11.30282
2026-09-02 19:54:00,77208.01,77208.01,77152.0,77185.86,15.69516
2026-09-02 19:57:00,77185.86,77354.08,77185.86,77341.47,27.46374
2026-09-02 20:00:00,77341.48,77420.0,77320.0,77404.15,19.06722
2026-09-02 20:03:00,77404.16,77483.74,77404.15,77432.89,13.8664
2026-09-02 20:06:00,77432.89,77520.0,77386.0,77386.01,32.81361
2026-09-02 20:09:00,77386.0,77396.41,77370.04,77370.04,6.87074
2026-09-02 20:12:00,77370.05,77378.61,77287.02,77364.33,19.96471
2026-09-02 20:15:00,77364.34,77364.34,77274.0,77274.01,15.34492
2026-09-02 20:18:00,77274.01,77364.79,77207.47,77364.78,22.9365
2026-09-02 20:21:00,77364.78,77442.85,77364.78,77422.17,24.60869
2026-09-02 20:24:00,77422.17,77464.18,77410.38,77418.92,24.13018
2026-09-02 20:27:00,77418.93,77418.93,77380.0,77382.36,9.44929
2026-09-02 20:30:00,77382.35,77442.88,77378.0,77442.87,21.63767
2026-09-02 20:33:00,77442.88,77481.41,77416.0,77481.41,17.39232
2026-09-02 20:36:00,77481.41,77481.41,77436.24,77463.56,19.32561
2026-09-02 20:39:00,77463.56,77463.57,77376.25,77381.66,16.42026
2026-09-02 20:42:00,77381.66,77397.22,77320.0,77369.99,22.69845
2026-09-02 20:45:00,77369.99,77369.99,77300.0,77369.15,22.20053
2026-09-02 20:48:00,77369.16,77425.02,77369.16,77381.65,15.7786
2026-09-02 20:51:00,77381.65,77464.86,77362.3,77445.69,20.80327
2026-09-02 20:54:00,77446.84,77474.62,77402.26,77449.27,25.03816
2026-09-02 20:57:00,77449.26,77449.27,77406.0,77406.01,11.78813
2026-09-02 21:00:00,77406.0,77406.01,77320.0,77354.79,23.6861
2026-09-02 21:03:00,77354.79,77356.66,77324.54,77333.4,14.3095
2026-09-02 21:06:00,77333.4,77357.74,77316.0,77357.74,14.61535
2026-09-02 21:09:00,77357.99,77357.99,77316.0,77344.91,16.93108
2026-09-02 21:12:00,77344.92,77361.94,77328.0,77328.0,15.85018
2026-09-02 21:15:00,77328.01,77332.76,77279.79,77279.79,8.55697
2026-09-02 21:18:00,77279.79,77279.8,77243.0,77274.91,10.29325
2026-09-02 21:21:00,77274.92,77301.29,77274.91,77301.29,4.37872
2026-09-02 21:24:00,77301.3,77316.47,77261.99,77268.07,7.06653
2026-09-02 21:27:00,77268.07,77292.0,77268.06,77283.48,3.31405
2026-09-02 21:30:00,77283.49,77283.49,77254.0,77254.01,8.23023
2026-09-02 21:33:00,77254.0,77283.49,77242.0,77283.48,7.44265
2026-09-02 21:36:00,77283.48,77350.0,77273.48,77350.0,9.27206
2026-09-02 21:39:00,77350.0,77395.23,77349.4,77388.81,13.91055
2026-09-02 21:42:00,77388.81,77431.78,77388.81,77426.69,21.21985
2026-09-02 21:45:00,77426.68,77426.69,77287.5,77287.5,55.42375
2026-09-02 21:48:00,77287.51,77312.0,77268.4,77295.99,39.48742
2026-09-02 21:51:00,77296.0,77342.0,77292.42,77327.66,8.0978
2026-09-02 21:54:00,77327.66,77347.12,77300.36,77326.31,5.62344
2026-09-02 21:57:00,77326.31,77326.32,77284.0,77284.0,3.35503
2026-09-02 22:00:00,77284.01,77284.01,77194.0,77194.0,14.36383
2026-09-02 22:03:00,77194.0,77199.27,77147.84,77147.85,11.91636
2026-09-02 22:06:00,77147.85,77162.1,77123.0,77123.01,7.2607
2026-09-02 22:09:00,77123.01,77130.23,77076.0,77127.38,12.72372
2026-09-02 22:12:00,77127.37,77181.28,77127.37,77158.8,20.22787
2026-09-02 22:15:00,77158.8,77171.51,77120.0,77155.67,7.65327
2026-09-02 22:18:00,77155.67,77155.67,77068.0,77068.0,7.31605
2026-09-02 22:21:00,77068.0,77068.01,77052.2,77054.71,6.96756
2026-09-02 22:24:00,77054.71,77065.28,77031.94,77056.89,11.46684
2026-09-02 22:27:00,77056.9,77056.9,77023.11,77024.53,10.27729
2026-09-02 22:30:00,77024.52,77108.0,77024.52,77099.46,12.45788
2026-09-02 22:33:00,77099.45,77099.45,77072.21,77077.08,8.27743
2026-09-02 22:36:00,77077.08,77145.96,77077.08,77117.9,4.40826
2026-09-02 22:39:00,77117.89,77157.58,77117.89,77122.65,5.0996
2026-09-02 22:42:00,77122.65,77140.0,77118.0,77124.28,6.16499
2026-09-02 22:45:00,77124.29,77124.29,77074.0,77076.01,12.13483
2026-09-02 22:48:00,77076.0,77076.01,77050.0,77050.0,8.15224
2026-09-02 22:51:00,77050.01,77081.89,77032.76,77032.76,11.50171
2026-09-02 22:54:00,77032.76,77050.0,77032.76,77036.53,5.47549
2026-09-02 22:57:00,77036.53,77036.53,77034.02,77034.03,4.35436
2026-09-02 23:00:00,77034.03,77039.06,77007.36,77039.05,9.34328
2026-09-02 23:03:00,77039.06,77164.0,77039.05,77146.57,19.455
2026-09-02 23:06:00,77146.57,77202.0,77146.57,77201.99,45.84867
2026-09-02 23:09:00,77202.0,77219.86,77201.99,77213.92,3.70671
2026-09-02 23:12:00,77213.91,77221.82,77207.83,77221.82,3.60405
2026-09-02 23:15:00,77221.82,77221.82,77150.0,77150.0,11.08965
2026-09-02 23:18:00,77150.0,77171.51,77150.0,77151.75,3.75145
2026-09-02 23:21:00,77151.75,77164.0,77142.0,77163.99,3.70293
2026-09-02 23:24:00,77164.0,77198.0,77152.28,77195.41,15.78731
2026-09-02 23:27:00,77195.41,77202.0,77193.67,77195.08,1.76823
2026-09-02 23:30:00,77195.09,77258.0,77154.42,77154.42,14.56981
2026-09-02 23:33:00,77154.01,77167.54,77138.78,77138.79,7.04092
2026-09-02 23:36:00,77138.79,77138.79,77135.1,77135.11,1.9184
2026-09-02 23:39:00,77135.1,77135.11,77122.0,77122.0,2.47272
2026-09-02 23:42:00,77122.01,77145.99,77112.28,77145.99,8.39193
2026-09-02 23:45:00,77145.99,77188.0,77145.99,77188.0,5.49332
2026-09-02 23:48:00,77188.0,77268.0,77187.99,77268.0,6.98067
2026-09-02 23:51:00,77268.0,77324.2,77268.0,77308.35,13.69367
2026-09-02 23:54:00,77308.36,77308.36,77282.0,77302.49,3.40348
2026-09-02 23:57:00,77302.48,77372.62,77302.48,77340.01,10.91303
2026-09-03 00:00:00,77340.01,77394.0,77317.41,77381.66,25.71063
2026-09-03 00:03:00,77381.66,77390.0,77348.0,77372.52,15.41714
2026-09-03 00:06:00,77372.52,77372.53,77200.0,77200.01,15.15504
2026-09-03 00:09:00,77200.01,77254.12,77180.7,77241.97,17.3993
2026-09-03 00:12:00,77241.96,77241.97,77171.5,77171.51,4.92629
2026-09-03 00:15:00,77171.5,77171.51,77108.87,77126.02,13.38692
2026-09-03 00:18:00,77126.03,77159.21,77076.0,77076.01,31.54534
2026-09-03 00:21:00,77076.01,77104.63,77075.0,77097.98,11.56111
2026-09-03 00:24:00,77097.98,77119.05,77069.77,77069.99,28.38228
2026-09-03 00:27:00,77069.99,77070.0,77035.87,77035.87,24.23011
2026-09-03 00:30:00,77035.88,77065.64,77014.32,77049.37,26.86849
2026-09-03 00:33:00,77049.37,77049.37,77004.32,77010.07,9.83263
2026-09-03 00:36:00,77010.06,77071.36,76980.01,77048.63,25.77356
2026-09-03 00:39:00,77048.63,77134.37,77048.63,77110.68,16.79698
2026-09-03 00:42:00,77110.69,77110.69,77084.19,77109.48,6.11901
2026-09-03 00:45:00,77109.48,77120.0,77083.02,77113.53,9.20534
2026-09-03 00:48:00,77113.54,77138.0,77086.84,77099.94,5.95259
2026-09-03 00:51:00,77099.94,77117.99,77054.86,77081.99,9.02482
2026-09-03 00:54:00,77082.0,77090.0,77050.0,77050.0,5.51836
2026-09-03 00:57:00,77050.0,77138.0,77032.83,77068.01,24.51933
2026-09-03 01:00:00,77068.0,77119.14,76968.0,77119.14,23.99529
2026-09-03 01:03:00,77119.14,77223.21,77076.0,77196.02,28.50684
2026-09-03 01:06:00,77196.02,77295.66,77196.01,77284.0,13.11069
2026-09-03 01:09:00,77283.99,77320.0,77233.54,77285.54,37.6813
2026-09-03 01:12:00,77285.55,77428.0,77285.55,77417.64,51.68625
2026-09-03 01:15:00,77417.63,77417.63,77336.0,77365.13,25.70809
2026-09-03 01:18:00,77365.13,77375.71,77288.41,77329.99,24.31383
2026-09-03 01:21:00,77329.98,77442.86,77319.1,77440.78,26.66048
2026-09-03 01:24:00,77440.78,77440.78,77362.88,77372.24,37.62021
2026-09-03 01:27:00,77372.24,77438.0,77352.0,77438.0,23.52483
2026-09-03 01:30:00,77438.0,77504.0,77408.44,77504.0,51.01902
2026-09-03 01:33:00,77504.0,77546.8,77430.0,77437.05,20.04752
2026-09-03 01:36:00,77437.04,77460.37,77324.0,77451.43,50.47299
2026-09-03 01:39:00,77451.43,77486.74,77400.01,77400.01,22.02358
2026-09-03 01:42:00,77400.0,77464.24,77350.47,77350.47,26.69454
2026-09-03 01:45:00,77350.47,77352.16,77324.0,77324.35,13.58242
2026-09-03 01:48:00,77324.34,77336.96,77295.09,77295.09,12.50028
2026-09-03 01:51:00,77295.09,77468.0,77295.05,77420.97,26.56175
2026-09-03 01:54:00,77420.97,77441.76,77392.93,77412.01,10.02259
2026-09-03 01:57:00,77412.01,77412.01,77356.69,77356.7,7.55395
2026-09-03 02:00:00,77356.69,77363.56,77300.0,77300.01,14.808
2026-09-03 02:03:00,77300.0,77328.0,77281.32,77298.97,16.24677
2026-09-03 02:06:00,77298.98,77328.3,77245.03,77245.04,42.26583
2026-09-03 02:09:00,77245.03,77353.9,77238.89,77353.9,35.49949
2026-09-03 02:12:00,77354.0,77488.0,77352.17,77488.0,17.00281
2026-09-03 02:15:00,77487.99,77500.0,77446.0,77450.01,13.34435
2026-09-03 02:18:00,77450.02,77486.74,77432.09,77457.93,9.95968
2026-09-03 02:21:00,77457.92,77500.0,77457.92,77500.0,11.92158
2026-09-03 02:24:00,77500.0,77560.0,77484.01,77484.01,41.9981
2026-09-03 02:27:00,77484.01,77617.64,77484.01,77598.67,39.04895
2026-09-03 02:30:00,77598.66,77760.0,77558.0,77656.01,56.1264
2026-09-03 02:33:00,77656.01,77900.0,77656.0,77850.02,70.40443
2026-09-03 02:36:00,77850.01,77888.0,77700.0,77724.01,33.90463
2026-09-03 02:39:00,77724.01,77812.0,77700.55,77811.99,19.29685
2026-09-03 02:42:00,77811.99,77848.98,77770.47,77772.25,20.43948
2026-09-03 02:45:00,77772.25,77796.69,77734.85,77794.4,38.07486
2026-09-03 02:48:00,77794.41,77857.99,77788.08,77843.56,41.66334
2026-09-03 02:51:00,77843.55,77867.79,77826.77,77838.0,22.56173
2026-09-03 02:54:00,77838.01,77873.08,77802.0,77806.99,11.88213
2026-09-03 02:57:00,77806.99,77816.02,77806.98,77816.01,7.07063
2026-09-03 03:00:00,77816.02,77829.51,77731.07,77749.75,36.70224
2026-09-03 03:03:00,77749.74,77749.75,77714.0,77724.54,18.40916
2026-09-03 03:06:00,77724.55,77745.67,77708.77,77718.01,12.45386
2026-09-03 03:09:00,77718.01,77722.51,77704.88,77704.89,8.99664
2026-09-03 03:12:00,77704.89,77860.0,77704.88,77834.0,49.73077
2026-09-03 03:15:00,77834.01,77834.01,77718.91,77812.0,36.89547
2026-09-03 03:18:00,77811.99,77880.0,77809.98,77833.52,42.96119
2026-09-03 03:21:00,77833.52,77843.99,77776.08,77776.08,16.21993
2026-09-03 03:24:00,77776.09,77810.83,77764.24,77780.52,12.89202
2026-09-03 03:27:00,77780.53,77781.19,77750.0,77750.0,13.18186
2026-09-03 03:30:00,77750.01,77776.0,77700.85,77748.01,37.13809
2026-09-03 03:33:00,77748.0,77748.0,77681.2,77681.2,14.15743
2026-09-03 03:36:00,77681.21,77688.01,77648.97,77648.98,8.74691
2026-09-03 03:39:00,77648.98,77684.0,77648.97,77648.98,7.73604
2026-09-03 03:42:00,77648.98,77680.25,77647.93,77670.53,22.3259
2026-09-03 03:45:00,77670.54,77670.54,77642.09,77642.09,10.9433
2026-09-03 03:48:00,77642.1,77722.0,77642.09,77717.99,15.98591
2026-09-03 03:51:00,77717.99,77741.88,77705.7,77740.64,8.57705
2026-09-03 03:54:00,77740.64,77741.99,77722.14,77741.95,5.92716
2026-09-03 03:57:00,77741.94,77741.95,77708.0,77708.0,5.95242
2026-09-03 04:00:00,77708.01,77730.0,77708.0,77729.99,4.27029
2026-09-03 04:03:00,77730.0,77765.52,77729.99,77759.38,18.96845
2026-09-03 04:06:00,77759.37,77780.52,77759.37,77780.51,6.76914
2026-09-03 04:09:00,77780.52,77833.1,77759.99,77766.0,56.53199
2026-09-03 04:12:00,77766.0,77766.0,77618.5,77644.27,65.64374
2026-09-03 04:15:00,77644.26,77658.0,77558.0,77635.03,27.07661
2026-09-03 04:18:00,77635.02,77635.02,77567.06,77577.39,13.51234
2026-09-03 04:21:00,77577.39,77631.58,77550.0,77631.57,13.30704
2026-09-03 04:24:00,77631.58,77631.58,77602.0,77602.01,3.71754
2026-09-03 04:27:00,77602.0,77602.01,77560.0,77576.15,12.47871
2026-09-03 04:30:00,77576.15,77623.66,77576.14,77611.37,11.91513
2026-09-03 04:33:00,77611.37,77619.36,77591.61,77596.42,8.48764
2026-09-03 04:36:00,77596.42,77596.42,77593.87,77593.87,1.9212
2026-09-03 04:39:00,77593.87,77604.56,77590.36,77590.36,4.52201
2026-09-03 04:42:00,77590.36,77590.36,77547.16,77557.55,11.48592
2026-09-03 04:45:00,77557.56,77636.3,77557.55,77636.29,15.90795
2026-09-03 04:48:00,77636.29,77640.0,77626.57,77637.67,13.79606
2026-09-03 04:51:00,77637.68,77760.0,77637.67,77759.99,16.76991
2026-09-03 04:54:00,77760.0,77792.24,77716.0,77736.72,13.98942
2026-09-03 04:57:00,77736.72,77776.0,77736.71,77776.0,15.08417
2026-09-03 05:00:00,77775.99,77824.0,77766.91,77798.33,42.12526
2026-09-03 05:03:00,77798.33,77798.34,77746.56,77748.36,14.59609
2026-09-03 05:06:00,77748.37,77751.56,77718.0,77751.56,19.8787
2026-09-03 05:09:00,77751.56,77754.42,77676.88,77679.86,22.11027
2026-09-03 05:12:00,77679.86,77679.86,77608.0,77636.35,27.87719
2026-09-03 05:15:00,77636.34,77648.0,77500.0,77515.19,19.76448
2026-09-03 05:18:00,77515.19,77544.2,77384.69,77385.28,46.99399
2026-09-03 05:21:00,77384.7,77398.01,77203.94,77259.37,49.37278
2026-09-03 05:24:00,77259.36,77313.71,77203.94,77203.95,27.2024
2026-09-03 05:27:00,77203.95,77231.07,77101.01,77200.01,59.05632
2026-09-03 05:30:00,77200.01,77327.64,77172.11,77319.06,33.23774
2026-09-03 05:33:00,77319.05,77379.91,77299.3,77366.18,17.99388
2026-09-03 05:36:00,77366.18,77441.76,77366.18,77441.76,17.7281
2026-09-03 05:39:00,77441.76,77469.55,77410.0,77463.7,20.60521
2026-09-03 05:42:00,77463.71,77514.0,77436.0,77486.74,20.16444
2026-09-03 05:45:00,77486.73,77486.74,77407.43,77469.98,22.95889
2026-09-03 05:48:00,77469.99,77546.0,77469.98,77545.99,23.09568
2026-09-03 05:51:00,77546.0,77721.5,77545.99,77648.97,55.92587
2026-09-03 05:54:00,77648.96,77820.48,77637.71,77820.48,39.56803
2026-09-03 05:57:00,77820.49,77829.8,77786.0,77809.91,37.27454
2026-09-03 06:00:00,77809.91,77856.16,77734.0,77742.0,30.9518
2026-09-03 06:03:00,77742.0,77751.03,77728.0,77751.03,23.92575
2026-09-03 06:06:00,77751.03,77793.2,77713.36,77713.89,34.55599
2026-09-03 06:09:00,77713.89,77756.0,77703.47,77708.01,19.04128
2026-09-03 06:12:00,77708.0,77732.88,77698.75,77709.85,14.05701
2026-09-03 06:15:00,77709.85,77750.0,77706.27,77734.8,19.28081
2026-09-03 06:18:00,77734.8,77790.0,77734.79,77758.21,24.25434
2026-09-03 06:21:00,77758.21,77774.0,77743.47,77773.99,6.20248
2026-09-03 06:24:00,77774.0,77776.68,77734.0,77750.59,12.66943
2026-09-03 06:27:00,77750.6,77775.56,77745.14,77748.46,50.68669
2026-09-03 06:30:00,77748.46,77766.0,77724.0,77744.01,33.00528
2026-09-03 06:33:00,77744.0,77799.99,77744.0,77776.0,16.66177
2026-09-03 06:36:00,77776.01,77795.5,77766.0,77794.0,12.75117
2026-09-03 06:39:00,77793.99,77794.0,77756.5,77775.15,17.35556
2026-09-03 06:42:00,77775.15,77828.67,77775.14,77828.67,14.07513
2026-09-03 06:45:00,77828.66,77836.4,77786.77,77836.39,14.52574
2026-09-03 06:48:00,77836.4,77836.4,77788.0,77789.01,24.8085
2026-09-03 06:51:00,77789.0,77852.0,77789.0,77800.02,13.4295
2026-09-03 06:54:00,77800.01,77819.15,77770.4,77794.55,16.16397
2026-09-03 06:57:00,77794.55,77835.2,77794.54,77835.19,9.72911
2026-09-03 07:00:00,77835.2,77871.99,77812.0,77871.99,24.94547
2026-09-03 07:03:00,77871.99,78183.91,77862.68,78180.22,193.05557
2026-09-03 07:06:00,78180.22,78180.23,78010.0,78014.28,35.87771
2026-09-03 07:09:00,78014.29,78086.57,77980.5,78086.57,24.59504
2026-09-03 07:12:00,78086.57,78124.0,78061.82,78061.84,29.17798
2026-09-03 07:15:00,78061.83,78061.84,77940.59,77944.0,34.80201
2026-09-03 07:18:00,77944.0,77982.0,77935.34,77936.0,18.92472
2026-09-03 07:21:00,77936.01,78022.12,77924.99,78022.12,20.10398
2026-09-03 07:24:00,78022.11,78022.11,77887.13,77913.1,21.9849
2026-09-03 07:27:00,77913.1,77982.0,77913.1,77954.01,16.71755
2026-09-03 07:30:00,77954.02,77954.02,77862.05,77908.0,17.64826
2026-09-03 07:33:00,77908.0,77933.4,77900.0,77910.01,29.23879
2026-09-03 07:36:00,77910.01,77933.99,77900.0,77931.94,16.18622
2026-09-03 07:39:00,77931.94,78070.0,77931.93,78070.0,22.67279
2026-09-03 07:42:00,78070.0,78070.0,77900.0,77900.0,56.70748
2026-09-03 07:45:00,77900.01,77938.9,77775.99,77796.82,31.43703
2026-09-03 07:48:00,77796.82,77796.82,77672.0,77695.81,20.38055
2026-09-03 07:51:00,77695.81,77722.0,77664.0,77683.28,19.94472
2026-09-03 07:54:00,77683.29,77695.17,77610.59,77631.34,18.10509
2026-09-03 07:57:00,77631.34,77683.63,77600.0,77663.15,43.7138
2026-09-03 08:00:00,77663.14,77770.0,77663.14,77769.99,20.52895
2026-09-03 08:03:00,77770.0,78014.67,77761.5,77967.46,46.28924
2026-09-03 08:06:00,77967.47,78066.0,77932.01,77988.21,21.11021
2026-09-03 08:09:00,77988.2,78004.0,77920.0,77989.53,23.27221
2026-09-03 08:12:00,77989.54,78000.0,77878.0,77928.0,38.8928
2026-09-03 08:15:00,77928.0,77928.0,77879.11,77905.34,9.51971
2026-09-03 08:18:00,77905.34,77958.0,77880.0,77900.0,10.03924
2026-09-03 08:21:00,77900.01,77900.01,77826.18,77861.84,10.50094
2026-09-03 08:24:00,77861.83,77876.0,77838.15,77844.01,10.62372
2026-09-03 08:27:00,77844.02,77979.14,77844.01,77979.13,20.26979
2026-09-03 08:30:00,77979.14,77993.46,77943.31,77957.29,22.87639
2026-09-03 08:33:00,77957.29,77977.07,77944.0,77950.38,11.27475
2026-09-03 08:36:00,77950.37,77976.5,77944.0,77952.48,11.81437
2026-09-03 08:39:00,77952.47,77952.48,77883.72,77896.81,20.20727
2026-09-03 08:42:00,77896.81,77903.89,77872.33,77882.78,5.4433
2026-09-03 08:45:00,77882.77,77910.93,77882.0,77882.0,9.43612
2026-09-03 08:48:00,77882.01,77882.01,77784.33,77801.97,32.27227
2026-09-03 08:51:00,77801.98,77830.25,77766.0,77828.72,19.94697
2026-09-03 08:54:00,77828.73,77856.0,77822.83,77850.01,7.12261
2026-09-03 08:57:00,77850.01,77862.0,77834.0,77843.34,11.78826
2026-09-03 09:00:00,77843.34,77843.34,77812.58,77827.29,4.76826
2026-09-03 09:03:00,77827.29,77829.56,77810.79,77811.25,5.01877
2026-09-03 09:06:00,77811.25,77895.48,77807.99,77895.47,26.56162
2026-09-03 09:09:00,77895.48,77946.0,77862.39,77946.0,19.51865
2026-09-03 09:12:00,77946.0,77975.46,77853.29,77874.35,29.21988
2026-09-03 09:15:00,77874.36,77913.76,77859.08,77907.06,9.88559
2026-09-03 09:18:00,77907.05,77913.65,77818.0,77873.99,22.76836
2026-09-03 09:21:00,77874.0,77876.0,77832.35,77832.35,8.10762
2026-09-03 09:24:00,77832.35,77854.0,77814.12,77836.02,6.28803
2026-09-03 09:27:00,77836.02,77836.02,77742.66,77742.67,13.73148
2026-09-03 09:30:00,77742.66,77769.18,77734.0,77745.49,16.72359
2026-09-03 09:33:00,77745.48,77766.75,77736.0,77748.19,10.56749
2026-09-03 09:36:00,77748.19,77779.89,77744.0,77756.37,10.04571
2026-09-03 09:39:00,77756.36,77756.37,77660.63,77674.14,44.53463
2026-09-03 09:42:00,77674.14,77740.0,77674.13,77724.36,13.8118
2026-09-03 09:45:00,77724.36,77783.57,77724.35,77735.3,13.69655
2026-09-03 09:48:00,77735.31,77735.31,77625.41,77642.26,20.85006
2026-09-03 09:51:00,77642.26,77684.0,77624.11,77624.11,15.20244
2026-09-03 09:54:00,77624.11,77650.0,77620.04,77620.05,15.28329
2026-09-03 09:57:00,77620.05,77670.01,77608.0,77615.24,34.42475
2026-09-03 10:00:00,77615.25,77649.62,77580.88,77628.06,54.45759
2026-09-03 10:03:00,77628.06,77672.0,77614.0,77634.48,13.80937
2026-09-03 10:06:00,77634.48,77680.8,77634.0,77637.55,29.30349
2026-09-03 10:09:00,77637.54,77664.0,77591.81,77632.23,13.99266
2026-09-03 10:12:00,77632.24,77632.24,77540.0,77562.89,13.91895
2026-09-03 10:15:00,77562.9,77584.0,77528.73,77564.03,13.97198
2026-09-03 10:18:00,77564.03,77696.9,77564.02,77680.4,16.54101
2026-09-03 10:21:00,77680.4,77708.0,77657.36,77676.0,10.92463
2026-09-03 10:24:00,77676.01,77676.01,77609.53,77650.0,16.15754
2026-09-03 10:27:00,77649.99,77660.0,77630.96,77630.96,15.92237
2026-09-03 10:30:00,77630.97,77650.59,77594.0,77608.58,13.76884
2026-09-03 10:33:00,77608.57,77631.99,77500.0,77537.06,32.12831
2026-09-03 10:36:00,77537.05,77537.06,77505.07,77507.04,15.25608
2026-09-03 10:39:00,77507.04,77547.03,77495.9,77507.73,28.88409
2026-09-03 10:42:00,77507.72,77541.33,77478.0,77508.66,22.98443
2026-09-03 10:45:00,77508.65,77547.51,77502.33,77525.03,14.71097
2026-09-03 10:48:00,77525.04,77594.0,77525.03,77587.86,22.53473
2026-09-03 10:51:00,77587.86,77773.26,77587.85,77726.01,27.44415
2026-09-03 10:54:00,77726.0,77770.0,77715.0,77744.6,17.19698
2026-09-03 10:57:00,77744.59,77759.17,77702.0,77735.88,12.48443
2026-09-03 11:00:00,77735.88,77777.0,77721.16,77777.0,12.6063
2026-09-03 11:03:00,77776.99,77790.0,77709.52,77784.0,16.12269
2026-09-03 11:06:00,77784.0,77786.0,77734.18,77779.46,23.34072
2026-09-03 11:09:00,77779.46,77822.89,77756.0,77778.33,20.41113
2026-09-03 11:12:00,77778.34,77822.89,77778.33,77822.89,7.20994
2026-09-03 11:15:00,77822.89,77896.37,77822.88,77864.98,23.15541
2026-09-03 11:18:00,77864.98,77945.67,77864.97,77894.76,34.80647
2026-09-03 11:21:00,77894.76,77894.76,77848.0,77853.37,12.30911
2026-09-03 11:24:00,77853.37,77942.23,77853.37,77942.23,13.82117
2026-09-03 11:27:00,77942.23,77959.03,77906.24,77927.21,13.40795
2026-09-03 11:30:00,77927.21,77955.3,77838.01,77943.99,49.29802
2026-09-03 11:33:00,77943.99,77976.0,77879.34,77886.6,20.62243
2026-09-03 11:36:00,77886.6,77942.4,77878.01,77915.79,15.83107
2026-09-03 11:39:00,77915.8,77970.0,77915.79,77969.99,20.95489
2026-09-03 11:42:00,77970.0,77982.0,77926.0,77929.91,13.11895
2026-09-03 11:45:00,77929.91,78004.94,77929.9,77937.77,33.79832
2026-09-03 11:48:00,77937.76,77944.32,77884.0,77902.13,18.01757
2026-09-03 11:51:00,77902.13,77941.68,77902.12,77928.85,12.62731
2026-09-03 11:54:00,77928.84,77955.19,77901.7,77931.09,19.13486
2026-09-03 11:57:00,77931.09,77983.85,77924.0,77948.39,16.17469
2026-09-03 12:00:00,77948.39,77948.4,77902.0,77945.43,28.62551
2026-09-03 12:03:00,77945.44,77950.96,77900.0,77941.6,11.07092
2026-09-03 12:06:00,77941.59,77941.59,77896.07,77901.2,14.75482
2026-09-03 12:09:00,77901.21,78065.67,77901.2,78048.26,37.03453
2026-09-03 12:12:00,78048.26,78100.0,78004.0,78085.0,48.16196
2026-09-03 12:15:00,78085.01,78142.01,77989.59,77990.01,32.33875
2026-09-03 12:18:00,77990.02,78008.0,77948.96,77948.96,19.57405
2026-09-03 12:21:00,77948.96,78002.0,77948.96,77999.99,19.20041
2026-09-03 12:24:00,78000.0,78012.0,77954.0,77958.01,14.46667
2026-09-03 12:27:00,77958.01,77976.0,77958.0,77970.09,6.98147
2026-09-03 12:30:00,77970.09,78446.54,77970.09,78289.32,210.09595
2026-09-03 12:33:00,78289.32,78360.72,78200.0,78214.56,45.45587
2026-09-03 12:36:00,78214.56,78392.0,78208.52,78381.38,33.69899
2026-09-03 12:39:00,78381.39,78408.0,78267.83,78292.85,44.67344
2026-09-03 12:42:00,78292.85,78335.59,78267.82,78308.0,24.86557
2026-09-03 12:45:00,78307.99,78390.36,78239.77,78363.23,38.68133
2026-09-03 12:48:00,78363.24,78423.42,78349.77,78358.47,42.86567
2026-09-03 12:51:00,78358.47,78537.52,78358.47,78533.8,119.4674
2026-09-03 12:54:00,78533.8,78717.6,78533.78,78663.9,102.12572
2026-09-03 12:57:00,78663.99,78782.75,78652.37,78652.38,85.80319
2026-09-03 13:00:00,78652.37,78688.0,78546.3,78639.73,56.5174
2026-09-03 13:03:00,78639.73,78712.0,78587.5,78589.31,54.60243
2026-09-03 13:06:00,78589.32,78606.41,78516.0,78562.22,58.84697
2026-09-03 13:09:00,78562.22,78592.0,78518.81,78592.0,24.72546
2026-09-03 13:12:00,78591.99,78596.0,78538.2,78548.6,24.87745
2026-09-03 13:15:00,78548.61,78562.52,78500.0,78500.01,26.34075
2026-09-03 13:18:00,78500.0,78500.01,78450.25,78488.0,26.5052
2026-09-03 13:21:00,78488.0,78600.0,78487.99,78580.01,18.33535
2026-09-03 13:24:00,78580.01,78589.96,78482.82,78488.74,29.65583
2026-09-03 13:27:00,78488.74,78533.65,78486.18,78494.83,30.85601
2026-09-03 13:30:00,78494.84,78670.0,78458.36,78616.0,56.50324
2026-09-03 13:33:00,78615.99,78696.0,78578.47,78617.56,69.11841
2026-09-03 13:36:00,78617.57,78835.87,78516.0,78750.92,108.30167
2026-09-03 13:39:00,78750.92,78900.0,78750.92,78900.0,89.7938
2026-09-03 13:42:00,78900.0,78926.0,78840.55,78896.01,74.00818
2026-09-03 13:45:00,78896.01,79000.0,78833.33,78843.85,122.66362
2026-09-03 13:48:00,78843.85,78968.72,78801.24,78958.97,62.03665
2026-09-03 13:51:00,78958.97,78961.54,78808.62,78808.63,49.86927
2026-09-03 13:54:00,78808.62,78808.64,78740.0,78740.01,35.96138
2026-09-03 13:57:00,78740.01,78862.0,78729.78,78840.52,33.2247
2026-09-03 14:00:00,78840.52,78858.76,78704.0,78832.0,83.99762
2026-09-03 14:03:00,78832.0,78922.37,78780.0,78888.76,30.57255
2026-09-03 14:06:00,78888.77,78940.0,78858.93,78933.99,37.373
2026-09-03 14:09:00,78934.0,78958.0,78806.0,78957.99,45.17541
2026-09-03 14:12:00,78958.0,79000.0,78908.0,78990.0,71.53471
2026-09-03 14:15:00,78990.0,79120.0,78988.66,79120.0,169.36496
2026-09-03 14:18:00,79120.0,79136.0,79000.0,79088.44,89.75229
2026-09-03 14:21:00,79088.44,79320.0,79086.0,79301.99,142.67766
2026-09-03 14:24:00,79302.0,79574.0,79299.99,79562.09,141.49413
2026-09-03 14:27:00,79562.09,79678.77,79548.98,79664.01,156.30265
2026-09-03 14:30:00,79664.0,79872.98,79605.73,79826.96,166.24806
2026-09-03 14:33:00,79826.96,79866.78,79690.23,79782.6,73.46395
2026-09-03 14:36:00,79782.6,79859.4,79671.18,79737.63,123.79138
2026-09-03 14:39:00,79737.63,79804.54,79599.99,79700.0,90.68695
2026-09-03 14:42:00,79700.0,79875.0,79699.99,79764.72,97.94658
2026-09-03 14:45:00,79764.71,79998.71,79760.45,79984.0,99.41091
2026-09-03 14:48:00,79984.0,80500.0,79984.0,80332.37,458.03936
2026-09-03 14:51:00,80332.38,80332.38,80094.32,80207.67,136.22347
2026-09-03 14:54:00,80207.66,80297.37,80130.97,80285.13,121.03951
2026-09-03 14:57:00,80285.12,80561.0,80246.0,80549.97,178.41305
2026-09-03 15:00:00,80549.97,80950.0,80494.0,80824.89,312.21283
2026-09-03 15:03:00,80824.89,80966.63,80671.36,80859.5,181.47645
2026-09-03 15:06:00,80859.5,80875.23,80620.0,80669.95,627.40581
2026-09-03 15:09:00,80669.96,80670.0,80450.0,80450.01,264.42109
2026-09-03 15:12:00,80450.01,80637.26,80354.65,80557.84,126.74417
2026-09-03 15:15:00,80557.83,80649.55,80465.54,80569.99,93.69664
2026-09-03 15:18:00,80570.0,80666.0,80493.51,80611.99,105.23308
2026-09-03 15:21:00,80611.99,80778.0,80540.0,80769.95,182.58788
2026-09-03 15:24:00,80769.95,80775.58,80632.48,80682.0,39.40878
2026-09-03 15:27:00,80682.0,80782.53,80668.0,80743.75,53.20535
2026-09-03 15:30:00,80743.76,80816.0,80690.0,80785.94,69.62181
2026-09-03 15:33:00,80786.0,80888.88,80786.0,80879.99,72.83028
2026-09-03 15:36:00,80880.0,80927.67,80762.0,80884.56,74.23727
2026-09-03 15:39:00,80884.57,81000.0,80880.89,80954.72,76.08943
2026-09-03 15:42:00,80954.72,80959.87,80861.2,80861.2,130.45577
2026-09-03 15:45:00,80861.2,80895.73,80731.18,80767.99,63.51696
2026-09-03 15:48:00,80767.99,80888.17,80736.0,80888.16,57.05601
2026-09-03 15:51:00,80888.17,81286.0,80888.17,81201.95,298.64488
2026-09-03 15:54:00,81201.95,81296.91,81145.05,81239.4,102.14487
2026-09-03 15:57:00,81239.39,81370.33,81239.39,81348.0,125.19598
2026-09-03 16:00:00,81348.0,81360.0,81074.73,81081.6,114.0508
2026-09-03 16:03:00,81081.61,81095.31,80782.69,80876.0,154.90004
2026-09-03 16:06:00,80876.0,81066.0,80814.0,80988.0,86.01048
2026-09-03 16:09:00,80988.01,81050.0,80933.18,81019.99,105.34895
2026-09-03 16:12:00,81019.99,81030.0,80902.83,80944.5,44.91605
2026-09-03 16:15:00,80944.5,80952.49,80786.0,80786.01,46.23679
2026-09-03 16:18:00,80786.01,80831.28,80699.8,80831.28,84.56747
2026-09-03 16:21:00,80831.28,80866.0,80745.55,80745.56,44.01558
2026-09-03 16:24:00,80745.55,80780.0,80622.97,80702.0,71.82685
2026-09-03 16:27:00,80701.99,80766.0,80613.52,80765.96,55.35987
2026-09-03 16:30:00,80765.96,80902.23,80765.61,80894.0,83.94134
2026-09-03 16:33:00,80893.99,80942.4,80854.03,80879.99,33.22327
2026-09-03 16:36:00,80879.99,80890.0,80784.84,80863.51,41.31585
2026-09-03 16:39:00,80863.51,80879.86,80830.0,80830.01,22.49439
2026-09-03 16:42:00,80830.0,80834.29,80770.0,80801.01,33.73238
2026-09-03 16:45:00,80801.01,80944.91,80777.03,80942.04,44.99999
2026-09-03 16:48:00,80942.04,81027.66,80942.04,80992.01,79.42593
2026-09-03 16:51:00,80992.0,81035.99,80896.67,80952.13,40.42514
2026-09-03 16:54:00,80952.13,81009.77,80950.99,80951.0,25.52953
2026-09-03 16:57:00,80950.99,80982.52,80916.41,80969.37,27.46505
2026-09-03 17:00:00,80969.37,80978.02,80898.14,80906.29,28.45268
2026-09-03 17:03:00,80906.28,81024.0,80898.14,81023.99,31.19739
2026-09-03 17:06:00,81024.0,81024.0,80886.0,81002.32,47.93571
2026-09-03 17:09:00,81002.32,81021.99,80969.83,81021.99,68.04858
2026-09-03 17:12:00,81022.0,81112.06,81003.26,81109.5,87.08905
2026-09-03 17:15:00,81109.5,81145.88,81069.83,81078.13,91.42004
2026-09-03 17:18:00,81078.12,81113.8,81009.16,81069.36,79.32466
2026-09-03 17:21:00,81069.35,81082.1,80987.79,80999.99,50.39503
2026-09-03 17:24:00,80999.99,81045.0,80932.0,81044.99,35.27877
2026-09-03 17:27:00,81045.0,81068.0,80976.0,80997.23,40.90954
2026-09-03 17:30:00,80997.24,81084.0,80997.23,81084.0,32.44483
2026-09-03 17:33:00,81084.0,81134.0,81066.0,81133.99,50.14535
2026-09-03 17:36:00,81133.99,81158.13,81090.73,81119.14,27.7879
2026-09-03 17:39:00,81119.3,81165.0,81119.29,81123.45,30.82792
2026-09-03 17:42:00,81123.45,81139.11,81078.37,81078.58,17.042
2026-09-03 17:45:00,81078.58,81175.99,81041.04,81165.51,26.53812
2026-09-03 17:48:00,81165.5,81188.17,81078.2,81117.9,49.91818
2026-09-03 17:51:00,81117.89,81129.63,81060.46,81060.46,43.27657
2026-09-03 17:54:00,81060.46,81063.86,81017.94,81063.86,21.73813
2026-09-03 17:57:00,81063.86,81063.86,81006.0,81042.0,15.72489
2026-09-03 18:00:00,81042.0,81134.0,81019.57,81133.99,17.71443
2026-09-03 18:03:00,81133.99,81234.62,81133.99,81150.0,45.91973
2026-09-03 18:06:00,81150.0,81270.0,81150.0,81237.56,35.60613
2026-09-03 18:09:00,81237.55,81333.33,81167.47,81167.48,88.50226
2026-09-03 18:12:00,81167.49,81307.13,81167.48,81259.55,36.13295
2026-09-03 18:15:00,81259.55,81281.07,81176.54,81176.54,18.14148
2026-09-03 18:18:00,81176.54,81196.0,81123.22,81154.46,25.55346
2026-09-03 18:21:00,81154.47,81162.39,81019.24,81032.01,30.76525
2026-09-03 18:24:00,81032.01,81084.11,80964.26,80986.94,29.41349
2026-09-03 18:27:00,80986.94,80995.35,80948.0,80948.0,21.86388
2026-09-03 18:30:00,80948.01,80979.68,80904.0,80966.0,41.0819
2026-09-03 18:33:00,80966.0,81000.0,80950.0,81000.0,22.67523
2026-09-03 18:36:00,80999.99,81024.0,80954.02,81023.99,22.58876
2026-09-03 18:39:00,81024.0,81046.0,80973.16,81036.77,20.90568
2026-09-03 18:42:00,81036.76,81036.77,80956.0,80979.49,19.95327
2026-09-03 18:45:00,80979.5,81029.27,80963.24,81005.96,28.78465
2026-09-03 18:48:00,81005.95,81054.0,81005.95,81054.0,19.93079
2026-09-03 18:51:00,81053.99,81178.0,81053.99,81177.99,24.3975
2026-09-03 18:54:00,81178.0,81259.97,81172.64,81237.63,29.7253
2026-09-03 18:57:00,81237.63,81263.63,81234.0,81254.32,15.96768
2026-09-03 19:00:00,81254.31,81275.6,81216.99,81243.99,20.50033
2026-09-03 19:03:00,81243.98,81640.0,81230.0,81317.0,234.65128
2026-09-03 19:06:00,81317.0,81336.0,81171.98,81215.74,51.72303
2026-09-03 19:09:00,81214.44,81300.0,81214.44,81218.01,18.86862
2026-09-03 19:12:00,81218.0,81261.06,81184.0,81199.99,26.77764
2026-09-03 19:15:00,81200.0,81264.02,81177.69,81262.7,28.39909
2026-09-03 19:18:00,81262.71,81518.01,81245.99,81518.01,31.38847
2026-09-03 19:21:00,81518.27,81606.96,81478.0,81544.15,45.8305
2026-09-03 19:24:00,81544.14,81554.1,81396.0,81474.12,34.0166
2026-09-03 19:27:00,81474.13,81561.55,81474.13,81546.71,25.11255
2026-09-03 19:30:00,81546.71,81558.28,81377.69,81411.98,37.03642
2026-09-03 19:33:00,81411.98,81450.0,81390.0,81390.0,23.95524
2026-09-03 19:36:00,81390.0,81456.0,81390.0,81456.0,26.0781
2026-09-03 19:39:00,81456.0,81613.57,81453.72,81579.49,50.50578
2026-09-03 19:42:00,81579.5,81589.55,81500.0,81540.0,47.47332
2026-09-03 19:45:00,81540.0,81628.0,81496.0,81496.01,73.4525
2026-09-03 19:48:00,81496.01,81550.0,81460.92,81542.37,56.54264
2026-09-03 19:51:00,81542.36,81750.0,81520.0,81604.01,119.53576
2026-09-03 19:54:00,81604.0,81773.13,81585.44,81750.99,91.83518
2026-09-03 19:57:00,81750.99,81790.0,81738.0,81755.41,59.28318
2026-09-03 20:00:00,81755.41,81780.0,81401.99,81476.43,69.72545
2026-09-03 20:03:00,81476.43,81638.0,81464.16,81590.81,38.58725
2026-09-03 20:06:00,81590.8,81706.25,81528.82,81680.06,28.9822
2026-09-03 20:09:00,81680.06,81711.34,81546.0,81558.07,27.79429
2026-09-03 20:12:00,81558.07,81558.08,81411.14,81412.3,26.44629
2026-09-03 20:15:00,81412.3,81540.92,81402.37,81540.91,23.00974
2026-09-03 20:18:00,81540.91,81540.92,81433.77,81449.9,21.79544
2026-09-03 20:21:00,81449.89,81449.89,81392.74,81399.38,26.98422
2026-09-03 20:24:00,81399.39,81500.0,81394.52,81500.0,14.3836
2026-09-03 20:27:00,81500.0,81595.95,81484.25,81535.58,35.14476
2026-09-03 20:30:00,81535.57,81578.0,81488.0,81496.0,21.77776
2026-09-03 20:33:00,81496.01,81508.0,81456.5,81482.25,15.76907
2026-09-03 20:36:00,81482.25,81594.0,81407.81,81593.99,29.11913
2026-09-03 20:39:00,81594.0,81632.0,81514.0,81527.13,22.6596
2026-09-03 20:42:00,81527.13,81527.14,81468.9,81470.01,10.36726
2026-09-03 20:45:00,81470.01,81508.0,81429.06,81495.3,23.60687
2026-09-03 20:48:00,81495.31,81576.02,81495.3,81576.02,29.31935
2026-09-03 20:51:00,81576.01,81576.01,81450.0,81468.76,18.70158
2026-09-03 20:54:00,81468.76,81496.0,81424.01,81490.6,18.23016
2026-09-03 20:57:00,81490.6,81490.61,81416.01,81473.0,99.1317
2026-09-03 21:00:00,81473.0,81487.12,81424.24,81438.01,21.93671
2026-09-03 21:03:00,81438.01,81438.01,81351.2,81371.38,18.64678
2026-09-03 21:06:00,81371.38,81391.32,81288.0,81320.0,27.60479
2026-09-03 21:09:00,81320.0,81515.06,81320.0,81472.14,34.15322
2026-09-03 21:12:00,81472.14,81620.67,81472.14,81598.01,83.89158
2026-09-03 21:15:00,81598.01,81668.0,81506.55,81636.27,46.66177
2026-09-03 21:18:00,81636.28,81636.28,81552.0,81615.81,19.65913
2026-09-03 21:21:00,81615.81,81636.27,81510.53,81510.54,24.97464
2026-09-03 21:24:00,81510.54,81591.99,81510.53,81591.99,25.40157
2026-09-03 21:27:00,81591.99,81777.75,81576.0,81762.0,59.43432
2026-09-03 21:30:00,81762.0,82000.0,81761.99,81967.64,284.85744
2026-09-03 21:33:00,81967.64,82300.0,81842.0,81920.34,336.23131
2026-09-03 21:36:00,81920.34,81920.34,81680.19,81680.19,66.20474
2026-09-03 21:39:00,81680.2,81738.0,81571.81,81637.99,53.25859
2026-09-03 21:42:00,81637.99,81658.0,81522.54,81522.54,30.00633
2026-09-03 21:45:00,81522.54,81538.39,81416.0,81451.5,52.40298
2026-09-03 21:48:00,81451.5,81682.0,81451.49,81632.0,39.11779
2026-09-03 21:51:00,81632.01,81709.99,81624.01,81680.49,24.1913
2026-09-03 21:54:00,81680.49,81748.0,81614.0,81614.01,27.24074
2026-09-03 21:57:00,81614.01,81646.56,81582.01,81590.0,16.69548
2026-09-03 22:00:00,81590.0,81604.65,81381.48,81496.0,33.21506
2026-09-03 22:03:00,81496.0,81589.3,81423.27,81530.03,25.85873
2026-09-03 22:06:00,81530.02,81535.99,81428.5,81459.99,32.95987
2026-09-03 22:09:00,81459.99,81465.99,81379.92,81397.82,17.67542
2026-09-03 22:12:00,81397.82,81397.82,81260.99,81378.35,75.246
2026-09-03 22:15:00,81378.35,81399.39,81334.02,81391.07,24.16706
2026-09-03 22:18:00,81391.07,81391.08,81286.0,81286.01,50.20801
2026-09-03 22:21:00,81286.01,81363.39,81256.0,81297.66,27.26326
2026-09-03 22:24:00,81297.66,81317.01,81216.99,81217.0,26.54597
2026-09-03 22:27:00,81217.0,81217.0,81124.51,81131.82,30.60046
2026-09-03 22:30:00,81131.81,81187.49,81006.0,81014.0,65.45721
2026-09-03 22:33:00,81014.0,81039.87,80905.05,81016.4,77.8627
2026-09-03 22:36:00,81016.39,81198.87,81016.39,81095.2,39.08122
2026-09-03 22:39:00,81095.21,81235.28,81070.49,81231.11,41.69698
2026-09-03 22:42:00,81231.11,81239.6,81166.14,81194.93,25.67598
2026-09-03 22:45:00,81194.94,81272.0,81194.94,81215.22,22.39517
2026-09-03 22:48:00,81215.22,81215.22,81102.0,81102.0,16.78944
2026-09-03 22:51:00,81102.01,81206.0,81064.04,81187.81,28.94693
2026-09-03 22:54:00,81187.8,81187.8,81105.64,81156.0,20.78108
2026-09-03 22:57:00,81156.0,81198.0,81106.01,81140.0,30.1455
2026-09-03 23:00:00,81140.0,81177.99,81112.0,81141.88,30.93028
2026-09-03 23:03:00,81141.89,81206.0,81127.47,81206.0,20.5135
2026-09-03 23:06:00,81206.0,81213.01,81172.22,81196.24,18.31762
2026-09-03 23:09:00,81196.24,81196.25,81078.0,81090.55,11.39715
2026-09-03 23:12:00,81090.56,81210.0,81079.06,81172.02,33.29888
2026-09-03 23:15:00,81172.01,81239.11,81164.0,81239.11,27.97496
2026-09-03 23:18:00,81239.11,81266.0,81208.25,81218.83,25.61746
2026-09-03 23:21:00,81218.82,81231.81,81187.14,81196.07,28.85888
2026-09-03 23:24:00,81196.08,81206.0,81160.0,81206.0,7.19217
2026-09-03 23:27:00,81206.0,81282.0,81195.97,81281.99,19.49539
2026-09-03 23:30:00,81281.99,81292.0,81126.0,81163.39,21.89568
2026-09-03 23:33:00,81163.39,81206.0,81150.0,81187.15,11.39297
2026-09-03 23:36:00,81187.15,81320.19,81187.14,81320.0,24.80506
2026-09-03 23:39:00,81320.0,81338.0,81286.08,81317.0,10.44843
2026-09-03 23:42:00,81317.0,81324.89,81209.84,81234.0,31.15508
2026-09-03 23:45:00,81234.01,81253.94,81181.95,81181.96,14.36152
2026-09-03 23:48:00,81181.96,81258.48,81181.95,81236.01,11.42802
2026-09-03 23:51:00,81236.02,81328.76,81236.02,81292.01,24.39305
2026-09-03 23:54:00,81292.0,81303.87,81239.79,81282.0,20.86586
2026-09-03 23:57:00,81281.99,81282.0,81270.37,81270.37,13.65037
2026-09-04 00:00:00,81270.37,81270.38,81184.46,81184.46,31.19274
2026-09-04 00:03:00,81184.46,81184.47,81105.16,81158.54,29.9828
2026-09-04 00:06:00,81158.55,81204.0,81084.0,81090.4,23.70182
2026-09-04 00:09:00,81090.4,81221.71,81088.0,81213.91,34.01009
2026-09-04 00:12:00,81213.91,81252.0,81158.34,81244.0,21.60251
2026-09-04 00:15:00,81244.0,81349.1,81243.99,81310.01,39.54928
2026-09-04 00:18:00,81310.0,81310.01,81154.02,81225.64,39.14828
2026-09-04 00:21:00,81225.64,81288.91,81202.36,81288.9,18.19816
2026-09-04 00:24:00,81288.9,81307.64,81152.22,81160.64,16.75615
2026-09-04 00:27:00,81160.65,81185.33,81148.01,81148.01,20.87483
2026-09-04 00:30:00,81148.0,81296.0,81143.16,81285.35,42.666
2026-09-04 00:33:00,81285.36,81317.01,81278.79,81315.7,9.47666
2026-09-04 00:36:00,81315.7,81383.52,81315.7,81383.51,20.64429
2026-09-04 00:39:00,81383.51,81427.75,81361.06,81427.74,15.43093
2026-09-04 00:42:00,81427.74,81427.74,81126.0,81224.0,93.27522
2026-09-04 00:45:00,81224.0,81240.0,81155.2,81155.2,21.20874
2026-09-04 00:48:00,81155.2,81155.21,81036.63,81036.89,83.61222
2026-09-04 00:51:00,81036.89,81143.53,81018.24,81050.38,27.61264
2026-09-04 00:54:00,81050.37,81050.38,80994.0,80994.0,25.05661
2026-09-04 00:57:00,80994.0,80994.01,80960.0,80972.12,29.20135
2026-09-04 01:00:00,80972.11,81072.26,80972.11,81028.98,48.95776
2026-09-04 01:03:00,81028.98,81028.98,80906.43,81000.0,27.22283
2026-09-04 01:06:00,81000.0,81097.92,81000.0,81050.01,26.81165
2026-09-04 01:09:00,81050.01,81075.99,81026.0,81040.69,14.0554
2026-09-04 01:12:00,81040.68,81040.69,80926.0,80944.19,18.69701
2026-09-04 01:15:00,80944.19,81022.0,80937.31,80960.6,26.82452
2026-09-04 01:18:00,80960.61,80964.34,80912.44,80951.06,29.85919
2026-09-04 01:21:00,80951.05,80992.0,80861.53,80861.53,37.31417
2026-09-04 01:24:00,80861.53,80861.54,80787.12,80822.66,36.96692
2026-09-04 01:27:00,80822.66,80900.0,80786.44,80827.07,24.77333
2026-09-04 01:30:00,80827.08,80931.4,80814.01,80860.0,37.56507
2026-09-04 01:33:00,80860.01,80860.01,80793.92,80835.08,32.10869
2026-09-04 01:36:00,80835.08,80912.0,80831.41,80869.42,14.89635
2026-09-04 01:39:00,80869.42,80869.43,80779.05,80818.41,31.17295
2026-09-04 01:42:00,80818.4,80818.41,80759.52,80785.0,20.64574
2026-09-04 01:45:00,80785.01,80850.0,80774.39,80850.0,21.88426
2026-09-04 01:48:00,80850.0,80901.74,80850.0,80901.73,11.78737
2026-09-04 01:51:00,80901.74,80987.45,80892.0,80982.62,12.37527
2026-09-04 01:54:00,80982.61,80990.0,80951.99,80985.63,10.80206
2026-09-04 01:57:00,80985.63,81031.63,80968.0,80968.01,20.84541
2026-09-04 02:00:00,80968.01,80968.01,80869.31,80885.97,18.40746
2026-09-04 02:03:00,80885.98,80885.98,80818.79,80859.28,14.76909
2026-09-04 02:06:00,80859.27,80875.75,80785.01,80785.01,22.79375
2026-09-04 02:09:00,80785.02,80829.89,80782.71,80786.01,27.75155
2026-09-04 02:12:00,80786.01,80799.51,80777.98,80799.5,14.19322
2026-09-04 02:15:00,80799.51,80871.16,80799.5,80814.84,65.09577
2026-09-04 02:18:00,80814.84,80814.85,80702.93,80711.59,39.83909
2026-09-04 02:21:00,80711.6,80729.3,80709.32,80722.67,14.05854
2026-09-04 02:24:00,80722.67,80722.67,80690.0,80692.21,17.97146
2026-09-04 02:27:00,80692.22,80725.99,80685.0,80716.65,27.42117
2026-09-04 02:30:00,80716.64,80805.05,80716.64,80786.84,22.38499
2026-09-04 02:33:00,80786.85,80809.1,80716.0,80716.0,26.98012
2026-09-04 02:36:00,80716.0,80805.33,80686.0,80805.32,13.39658
2026-09-04 02:39:00,80805.32,80846.25,80805.32,80810.42,10.60166
2026-09-04 02:42:00,80810.43,80810.43,80744.0,80744.01,12.65277
2026-09-04 02:45:00,80744.01,80744.01,80683.71,80684.72,17.88346
2026-09-04 02:48:00,80684.72,80703.26,80669.45,80678.38,14.18925
2026-09-04 02:51:00,80678.39,80724.26,80678.39,80724.25,24.4018
2026-09-04 02:54:00,80724.25,80800.96,80724.25,80791.99,19.09774
2026-09-04 02:57:00,80791.99,80831.99,80776.01,80831.99,9.88557
2026-09-04 03:00:00,80832.0,80944.0,80831.99,80935.11,34.55142
2026-09-04 03:03:00,80935.12,80948.0,80884.0,80926.25,20.50665
2026-09-04 03:06:00,80927.29,81021.8,80927.28,80943.31,43.89362
2026-09-04 03:09:00,80943.31,80992.08,80913.23,80913.96,26.84855
2026-09-04 03:12:00,80913.97,80948.4,80888.0,80931.78,31.99543
2026-09-04 03:15:00,80931.78,80947.99,80894.75,80894.76,20.59164
2026-09-04 03:18:00,80894.75,80934.77,80894.75,80908.46,21.73269
2026-09-04 03:21:00,80908.46,80943.5,80900.01,80928.97,44.0567
2026-09-04 03:24:00,80928.98,80928.98,80842.0,80842.01,21.94436
2026-09-04 03:27:00,80842.0,80885.45,80842.0,80842.01,23.26432
2026-09-04 03:30:00,80842.0,80873.34,80822.66,80861.58,22.87023
2026-09-04 03:33:00,80861.58,80861.58,80806.0,80859.99,29.87731
2026-09-04 03:36:00,80859.99,80887.18,80808.0,80867.0,30.79121
2026-09-04 03:39:00,80867.01,80867.01,80819.25,80820.93,17.79597
2026-09-04 03:42:00,80820.94,80875.2,80816.52,80873.69,17.81474
2026-09-04 03:45:00,80873.7,80924.0,80856.32,80924.0,30.98064
2026-09-04 03:48:00,80923.99,80969.84,80923.99,80941.91,21.28819
2026-09-04 03:51:00,80941.9,80945.42,80901.58,80945.4,20.97205
2026-09-04 03:54:00,80945.4,80945.4,80885.26,80885.26,25.86294
2026-09-04 03:57:00,80885.26,80892.39,80850.0,80850.0,16.17838
2026-09-04 04:00:00,80850.01,80850.01,80820.0,80830.28,26.23907
2026-09-04 04:03:00,80830.28,80877.99,80820.99,80877.98,15.75327
2026-09-04 04:06:00,80877.98,80882.42,80860.42,80882.42,16.80536
2026-09-04 04:09:00,80882.42,80901.59,80858.14,80901.59,23.95324
2026-09-04 04:12:00,80901.59,80973.99,80901.58,80973.99,17.46589
2026-09-04 04:15:00,80973.99,81090.45,80962.12,81042.36,39.84348
2026-09-04 04:18:00,81042.35,81113.39,81032.6,81103.34,21.84121
2026-09-04 04:21:00,81103.34,81155.22,81095.0,81144.76,24.26081
2026-09-04 04:24:00,81144.75,81216.66,81144.75,81187.91,34.754
2026-09-04 04:27:00,81187.91,81288.0,81187.91,81267.64,67.16985
2026-09-04 04:30:00,81267.65,81275.58,81176.0,81210.55,88.10743
2026-09-04 04:33:00,81210.55,81210.55,81171.18,81182.0,21.28803
2026-09-04 04:36:00,81182.01,81182.01,81069.83,81069.84,21.45286
2026-09-04 04:39:00,81069.84,81101.52,81019.0,81101.52,46.58276
2026-09-04 04:42:00,81101.61,81106.0,81028.0,81039.29,17.00914
2026-09-04 04:45:00,81039.3,81121.88,81028.31,81080.01,21.56027
2026-09-04 04:48:00,81080.02,81080.02,81042.06,81042.1,16.46163
2026-09-04 04:51:00,81042.1,81106.07,81042.1,81078.6,17.9202
2026-09-04 04:54:00,81078.59,81142.0,81068.62,81108.81,24.87221
2026-09-04 04:57:00,81108.81,81108.81,81057.13,81070.54,39.1241
2026-09-04 05:00:00,81070.54,81070.54,80974.45,81023.61,37.13836
2026-09-04 05:03:00,81023.61,81034.0,80990.0,81010.39,26.10032
2026-09-04 05:06:00,81010.39,81079.69,81009.82,81075.61,32.53875
2026-09-04 05:09:00,81075.61,81075.61,80988.0,80995.65,31.33973
2026-09-04 05:12:00,80995.64,81012.0,80980.0,80980.01,14.78478
2026-09-04 05:15:00,80980.01,81030.2,80951.0,81030.19,30.38813
2026-09-04 05:18:00,81030.19,81143.3,81030.19,81048.01,44.41652
2026-09-04 05:21:00,81048.0,81093.52,81034.01,81077.95,27.28745
2026-09-04 05:24:00,81077.95,81142.0,81064.0,81096.06,35.67716
2026-09-04 05:27:00,81096.06,81096.06,81024.32,81024.32,24.82868
2026-09-04 05:30:00,81024.16,81024.16,80905.05,80964.0,39.94297
2026-09-04 05:33:00,80963.99,81004.0,80963.28,80963.28,24.03651
2026-09-04 05:36:00,80963.29,81018.74,80949.05,80970.01,40.99329
2026-09-04 05:39:00,80970.02,80970.02,80920.47,80963.99,20.72617
2026-09-04 05:42:00,80964.0,80986.0,80956.59,80985.99,21.67355
2026-09-04 05:45:00,80986.0,81060.0,80926.0,80926.01,54.91579
2026-09-04 05:48:00,80926.01,80926.01,80869.51,80869.52,25.63799
2026-09-04 05:51:00,80869.51,80903.44,80868.0,80868.01,21.93071
2026-09-04 05:54:00,80868.01,80956.64,80863.03,80956.64,17.70738
2026-09-04 05:57:00,80956.64,81034.0,80950.93,80996.15,21.6682
2026-09-04 06:00:00,80996.15,80996.15,80918.0,80939.97,27.37746
2026-09-04 06:03:00,80939.97,80949.83,80910.0,80929.35,20.24788
2026-09-04 06:06:00,80929.36,80975.57,80929.36,80975.56,17.84265
2026-09-04 06:09:00,80975.56,81088.13,80975.56,81069.83,19.18319
2026-09-04 06:12:00,81069.84,81090.0,81018.27,81018.28,17.50288
2026-09-04 06:15:00,81018.27,81036.0,80983.55,80983.56,32.17667
2026-09-04 06:18:00,80983.56,80987.45,80938.98,80938.98,16.41585
2026-09-04 06:21:00,80938.99,80955.31,80926.0,80926.0,11.46923
2026-09-04 06:24:00,80926.0,80926.0,80771.37,80771.37,24.07505
2026-09-04 06:27:00,80771.37,80800.0,80700.0,80725.38,22.22537
2026-09-04 06:30:00,80725.37,80771.86,80720.0,80740.28,18.12566
2026-09-04 06:33:00,80740.28,80756.0,80677.85,80743.74,18.77884
2026-09-04 06:36:00,80743.75,80743.75,80573.21,80724.0,64.73957
2026-09-04 06:39:00,80724.0,80834.0,80723.99,80828.8,23.05893
2026-09-04 06:42:00,80828.8,80856.36,80804.57,80847.84,14.64356
2026-09-04 06:45:00,80847.84,80859.05,80800.0,80800.01,14.92148
2026-09-04 06:48:00,80800.01,80800.01,80740.27,80740.28,11.95997
2026-09-04 06:51:00,80740.28,80758.0,80700.02,80757.28,38.95865
2026-09-04 06:54:00,80757.29,80800.0,80757.29,80766.0,14.79225
2026-09-04 06:57:00,80766.0,80797.4,80750.0,80797.39,7.12011
2026-09-04 07:00:00,80797.4,80863.96,80789.61,80846.25,28.8522
2026-09-04 07:03:00,80846.24,80901.82,80837.31,80898.84,13.57674
2026-09-04 07:06:00,80898.84,80922.0,80866.0,80902.17,26.75837
2026-09-04 07:09:00,80902.18,80949.62,80902.17,80949.62,23.15629
2026-09-04 07:12:00,80949.62,80966.75,80922.97,80938.02,38.48157
2026-09-04 07:15:00,80938.01,80938.01,80856.0,80893.32,18.92608
2026-09-04 07:18:00,80893.32,80964.76,80893.31,80932.01,22.62723
2026-09-04 07:21:00,80932.0,80932.0,80852.54,80867.41,13.48932
2026-09-04 07:24:00,80867.4,80867.41,80846.0,80846.01,6.97595
2026-09-04 07:27:00,80846.01,80903.41,80846.0,80862.05,22.51464
2026-09-04 07:30:00,80862.05,80905.06,80844.22,80885.89,39.23607
2026-09-04 07:33:00,80885.89,80905.06,80832.01,80835.24,43.27964
2026-09-04 07:36:00,80835.25,80835.25,80769.33,80780.42,42.82881
2026-09-04 07:39:00,80780.43,80800.0,80744.0,80774.28,49.85167
2026-09-04 07:42:00,80774.28,80777.76,80756.44,80769.91,52.91869
2026-09-04 07:45:00,80769.92,80785.36,80720.48,80728.59,50.20217
2026-09-04 07:48:00,80728.58,80776.75,80714.22,80714.22,44.11491
2026-09-04 07:51:00,80714.22,80751.58,80701.67,80731.3,55.53419
2026-09-04 07:54:00,80731.31,80731.31,80674.05,80682.03,66.36091
2026-09-04 07:57:00,80682.03,80685.17,80641.65,80656.87,46.14937
2026-09-04 08:00:00,80656.86,80701.56,80632.0,80685.99,33.89962
2026-09-04 08:03:00,80685.99,80685.99,80502.87,80657.88,51.85985
2026-09-04 08:06:00,80657.89,80728.0,80657.88,80719.23,18.65868
2026-09-04 08:09:00,80719.22,80738.0,80686.15,80713.55,38.08153
2026-09-04 08:12:00,80713.55,80773.97,80713.55,80773.96,27.11409
2026-09-04 08:15:00,80773.96,80840.0,80773.96,80830.04,19.04322
2026-09-04 08:18:00,80830.03,80873.76,80818.0,80873.75,19.8188
2026-09-04 08:21:00,80873.76,80882.28,80859.0,80882.27,10.46055
2026-09-04 08:24:00,80882.28,80982.0,80882.27,80961.67,27.90668
2026-09-04 08:27:00,80961.68,80997.36,80948.0,80982.57,18.49214
2026-09-04 08:30:00,80982.57,81088.0,80974.0,80997.4,50.43573
2026-09-04 08:33:00,80997.4,81150.0,80997.39,81102.0,58.32261
2026-09-04 08:36:00,81102.0,81154.4,81056.01,81082.0,64.10081
2026-09-04 08:39:00,81082.01,81152.0,81036.0,81148.09,57.90109
2026-09-04 08:42:00,81148.09,81148.1,81048.29,81048.29,15.99663
2026-09-04 08:45:00,81048.29,81217.0,81000.0,81082.88,84.53619
2026-09-04 08:48:00,81082.87,81170.0,81054.01,81137.21,54.04996
2026-09-04 08:51:00,81137.21,81182.0,81100.0,81155.2,35.96227
2026-09-04 08:54:00,81155.21,81237.0,81131.33,81131.34,37.3528
2026-09-04 08:57:00,81131.33,81166.0,81120.0,81147.16,30.05229
2026-09-04 09:00:00,81147.16,81214.0,81126.54,81214.0,35.7263
2026-09-04 09:03:00,81214.0,81230.0,81152.29,81193.99,55.41353
2026-09-04 09:06:00,81193.99,81193.99,81106.55,81106.56,24.73709
2026-09-04 09:09:00,81106.56,81160.84,81093.44,81156.8,31.49043
2026-09-04 09:12:00,81156.8,81169.7,81081.94,81091.16,24.22572
2026-09-04 09:15:00,81091.16,81300.0,81091.15,81286.88,47.99541
2026-09-04 09:18:00,81286.88,81310.0,81069.83,81086.66,65.5317
2026-09-04 09:21:00,81086.65,81097.99,80952.78,81024.92,60.01917
2026-09-04 09:24:00,81024.93,81024.93,80934.24,80987.45,20.47442
2026-09-04 09:27:00,80987.45,81051.66,80987.45,81037.65,93.59516
2026-09-04 09:30:00,81037.66,81120.0,80984.0,81119.99,54.21928
2026-09-04 09:33:00,81119.99,81144.0,81031.62,81060.0,20.1627
2026-09-04 09:36:00,81060.0,81216.0,81060.0,81182.0,38.58652
2026-09-04 09:39:00,81182.0,81224.76,81142.01,81209.76,44.00682
2026-09-04 09:42:00,81209.77,81209.77,81143.09,81169.09,33.22129
2026-09-04 09:45:00,81169.09,81223.97,81130.0,81141.11,137.11189
2026-09-04 09:48:00,81141.11,81141.12,81074.67,81085.02,45.03417
2026-09-04 09:51:00,81085.02,81085.02,81031.96,81059.52,43.67377
2026-09-04 09:54:00,81059.51,81187.51,81059.51,81145.36,56.90657
2026-09-04 09:57:00,81145.37,81145.37,81035.46,81056.63,36.74151
2026-09-04 10:00:00,81056.63,81090.0,80976.0,81090.0,33.22739
2026-09-04 10:03:00,81089.99,81124.0,81032.0,81032.01,16.21891
2026-09-04 10:06:00,81032.01,81044.71,80954.01,80992.0,20.11704
2026-09-04 10:09:00,80992.0,80992.0,80887.28,80983.99,44.57132
2026-09-04 10:12:00,80984.0,81010.0,80930.0,80963.99,28.72519
2026-09-04 10:15:00,80964.0,80976.0,80844.58,80844.58,18.84367
2026-09-04 10:18:00,80844.58,80888.0,80836.56,80861.23,14.64251
2026-09-04 10:21:00,80861.24,80897.01,80836.01,80836.24,28.40368
2026-09-04 10:24:00,80836.24,80897.53,80831.14,80855.42,14.74718
2026-09-04 10:27:00,80855.43,80968.82,80855.36,80961.18,25.167
2026-09-04 10:30:00,80961.18,81031.63,80906.26,81011.12,34.29519
2026-09-04 10:33:00,81011.13,81064.91,80964.0,80988.02,38.04996
2026-09-04 10:36:00,80988.01,81093.37,80980.55,81074.8,30.01845
2026-09-04 10:39:00,81074.8,81116.9,81044.0,81060.91,27.28069
2026-09-04 10:42:00,81060.92,81073.99,81032.0,81069.83,19.17504
2026-09-04 10:45:00,81069.84,81090.0,81046.54,81085.91,9.71756
2026-09-04 10:48:00,81085.91,81110.68,81046.54,81046.54,20.48013
2026-09-04 10:51:00,81046.54,81046.55,81028.0,81034.23,13.4733
2026-09-04 10:54:00,81034.23,81142.0,81034.22,81142.0,24.07084
2026-09-04 10:57:00,81142.0,81194.0,81141.99,81179.63,22.17134
2026-09-04 11:00:00,81179.64,81187.59,81094.0,81106.07,19.46717
2026-09-04 11:03:00,81106.06,81143.99,81080.01,81129.03,30.85984
2026-09-04 11:06:00,81129.03,81176.05,81115.4,81175.8,16.49487
2026-09-04 11:09:00,81175.8,81185.0,81120.39,81134.0,29.42647
2026-09-04 11:12:00,81134.01,81229.3,81134.0,81187.15,24.10017
2026-09-04 11:15:00,81187.14,81227.52,81164.01,81164.01,33.38386
2026-09-04 11:18:00,81164.0,81244.81,81134.0,81203.25,23.80213
2026-09-04 11:21:00,81203.25,81271.9,81192.0,81246.13,21.26752
2026-09-04 11:24:00,81246.12,81298.11,81246.12,81298.1,27.57391
2026-09-04 11:27:00,81298.1,81423.03,81298.1,81336.21,41.55781
2026-09-04 11:30:00,81336.2,81336.2,81268.0,81304.6,24.66592
2026-09-04 11:33:00,81304.61,81304.61,81248.31,81265.88,24.66916
2026-09-04 11:36:00,81265.88,81324.0,81262.41,81297.38,14.27387
2026-09-04 11:39:00,81297.38,81297.38,81247.99,81247.99,21.80475
2026-09-04 11:42:00,81248.0,81248.0,81200.0,81247.99,14.61
2026-09-04 11:45:00,81247.99,81283.07,81208.0,81258.14,19.14199
2026-09-04 11:48:00,81258.14,81284.09,81236.0,81284.08,24.55744
2026-09-04 11:51:00,81284.09,81351.56,81270.38,81288.0,50.77103
2026-09-04 11:54:00,81288.01,81321.73,81250.0,81270.81,16.53908
2026-09-04 11:57:00,81270.8,81270.81,81208.0,81224.86,33.48037
2026-09-04 12:00:00,81224.86,81262.0,81155.31,81193.99,71.35764
2026-09-04 12:03:00,81193.99,81238.0,81180.0,81198.01,28.73686
2026-09-04 12:06:00,81198.0,81234.62,81138.0,81226.46,42.23365
2026-09-04 12:09:00,81226.45,81273.99,81138.0,81161.99,28.62273
2026-09-04 12:12:00,81162.0,81259.84,81140.63,81250.38,23.23502
2026-09-04 12:15:00,81250.38,81250.39,81130.0,81171.55,35.29131
2026-09-04 12:18:00,81171.56,81183.61,81136.52,81150.0,16.55123
2026-09-04 12:21:00,81150.0,81184.0,81136.0,81146.01,13.67439
2026-09-04 12:24:00,81146.0,81300.0,81146.0,81244.01,23.78716
2026-09-04 12:27:00,81244.01,81350.0,81243.31,81340.0,39.5722
2026-09-04 12:30:00,81340.0,81340.0,79661.01,79888.01,1387.62527
2026-09-04 12:33:00,79888.01,79987.47,79748.36,79830.01,353.38948
2026-09-04 12:36:00,79830.01,79864.0,79414.0,79722.62,367.51769
2026-09-04 12:39:00,79722.62,80000.0,79719.03,79970.0,146.98429
2026-09-04 12:42:00,79970.0,80112.11,79681.81,79686.0,247.26577
2026-09-04 12:45:00,79686.0,79690.78,79177.77,79371.09,361.30994
2026-09-04 12:48:00,79371.09,79562.9,79338.0,79556.04,179.05033
2026-09-04 12:51:00,79556.04,79652.0,79444.0,79651.99,132.5808
2026-09-04 12:54:00,79652.0,79654.0,79348.0,79349.27,122.8249
2026-09-04 12:57:00,79349.26,79537.82,79321.0,79453.96,69.58603
2026-09-04 13:00:00,79453.95,79568.0,79381.28,79544.01,112.88065
2026-09-04 13:03:00,79544.01,79583.97,79380.0,79445.93,76.95131
2026-09-04 13:06:00,79445.93,79450.0,79189.0,79402.47,148.75449
2026-09-04 13:09:00,79402.47,79458.81,79236.0,79329.57,76.66731
2026-09-04 13:12:00,79329.57,79348.0,79207.0,79233.99,84.45548
2026-09-04 13:15:00,79233.99,79411.75,79205.9,79395.32,89.44517
2026-09-04 13:18:00,79395.32,79395.32,79319.54,79389.99,71.08401
2026-09-04 13:21:00,79390.0,79452.0,79371.06,79432.71,44.70733
2026-09-04 13:24:00,79432.71,79492.84,79366.0,79390.71,64.66957
2026-09-04 13:27:00,79390.71,79414.0,79270.49,79312.0,83.38145
2026-09-04 13:30:00,79312.0,79545.15,79292.26,79359.99,123.4279
2026-09-04 13:33:00,79359.99,79408.0,79111.0,79111.18,142.80549
2026-09-04 13:36:00,79111.18,79426.0,79000.0,79339.82,214.80119
2026-09-04 13:39:00,79339.81,79440.0,79300.0,79388.56,82.19511
2026-09-04 13:42:00,79388.56,79442.63,79271.34,79401.99,109.32824
2026-09-04 13:45:00,79401.99,79704.0,79332.01,79704.0,99.83836
2026-09-04 13:48:00,79703.99,79704.0,79518.0,79518.0,81.10867
2026-09-04 13:51:00,79518.0,79593.21,79237.54,79238.09,90.21555
2026-09-04 13:54:00,79238.08,79381.99,79238.08,79340.3,88.43037
2026-09-04 13:57:00,79340.29,79515.31,79336.14,79378.67,42.69419
2026-09-04 14:00:00,79378.66,79572.0,79352.0,79512.0,60.0199
2026-09-04 14:03:00,79512.0,79554.0,79460.61,79503.33,61.75791
2026-09-04 14:06:00,79503.32,79536.98,79250.0,79307.67,122.672
2026-09-04 14:09:00,79307.66,79366.0,79258.24,79365.99,85.10786
2026-09-04 14:12:00,79365.99,79474.03,79250.0,79414.01,52.71969
2026-09-04 14:15:00,79414.0,79508.95,79262.79,79282.17,51.88979
2026-09-04 14:18:00,79282.17,79330.0,79080.55,79128.01,78.53683
2026-09-04 14:21:00,79128.01,79334.0,79128.01,79334.0,77.20984
2026-09-04 14:24:00,79334.0,79418.0,79276.0,79310.0,108.99621
2026-09-04 14:27:00,79310.0,79410.85,79310.0,79378.58,70.51992
2026-09-04 14:30:00,79378.59,79420.0,79350.0,79371.99,47.20623
2026-09-04 14:33:00,79372.0,79470.0,79314.88,79424.01,66.02333
2026-09-04 14:36:00,79424.02,79443.69,79250.37,79279.01,48.59491
2026-09-04 14:39:00,79279.01,79325.65,79169.41,79213.68,56.94877
2026-09-04 14:42:00,79213.68,79226.0,78868.58,79036.05,187.93841
2026-09-04 14:45:00,79036.05,79144.0,78824.0,78848.22,158.50109
2026-09-04 14:48:00,78848.23,78877.9,78660.0,78852.0,206.42528
2026-09-04 14:51:00,78851.99,78925.35,78820.57,78872.13,72.72583
2026-09-04 14:54:00,78872.13,78979.78,78780.0,78965.43,133.12295
2026-09-04 14:57:00,78965.43,79000.0,78895.58,78915.71,69.81674
2026-09-04 15:00:00,78915.71,78943.38,78800.0,78929.79,63.42441
2026-09-04 15:03:00,78929.79,79022.08,78929.79,79022.07,62.85601
2026-09-04 15:06:00,79022.07,79133.3,79000.0,79083.83,51.58077
2026-09-04 15:09:00,79084.0,79199.0,79080.88,79125.89,60.70352
2026-09-04 15:12:00,79125.89,79198.85,79093.8,79198.84,59.94795
2026-09-04 15:15:00,79198.84,79247.55,79172.0,79230.78,46.19439
2026-09-04 15:18:00,79230.79,79291.92,79221.24,79240.63,46.37201
2026-09-04 15:21:00,79240.63,79257.93,79226.06,79226.07,30.64805
2026-09-04 15:24:00,79226.07,79400.0,79226.06,79381.87,58.99791
2026-09-04 15:27:00,79382.21,79436.3,79338.42,79413.03,66.39346
2026-09-04 15:30:00,79413.03,79444.25,79361.18,79425.01,41.1808
2026-09-04 15:33:00,79425.0,79442.6,79364.0,79434.7,40.44719
2026-09-04 15:36:00,79434.7,79519.25,79434.69,79470.01,67.35193
2026-09-04 15:39:00,79470.01,79543.47,79461.0,79542.19,37.43732
2026-09-04 15:42:00,79542.18,79542.19,79501.56,79520.97,32.60725
2026-09-04 15:45:00,79520.96,79555.32,79438.0,79473.53,48.37549
2026-09-04 15:48:00,79473.54,79509.3,79388.97,79453.99,42.6056
2026-09-04 15:51:00,79453.99,79501.02,79395.51,79427.99,27.2603
2026-09-04 15:54:00,79428.0,79492.0,79410.0,79410.01,38.46107
2026-09-04 15:57:00,79410.01,79446.0,79404.0,79429.33,19.93438
2026-09-04 16:00:00,79429.33,79466.04,79378.19,79442.01,44.51479
2026-09-04 16:03:00,79442.0,79472.0,79416.0,79458.96,28.30571
2026-09-04 16:06:00,79458.97,79530.43,79410.27,79476.01,35.27368
2026-09-04 16:09:00,79476.0,79494.47,79458.0,79489.84,26.27053
2026-09-04 16:12:00,79489.83,79516.21,79454.0,79454.0,26.81599
2026-09-04 16:15:00,79454.0,79496.0,79440.0,79495.99,34.77353
2026-09-04 16:18:00,79495.99,79516.0,79470.0,79510.18,28.73622
2026-09-04 16:21:00,79510.18,79522.0,79464.37,79519.98,45.20864
2026-09-04 16:24:00,79519.99,79538.3,79493.39,79495.54,88.56798
2026-09-04 16:27:00,79495.54,79586.09,79495.53,79549.34,56.85422
2026-09-04 16:30:00,79549.35,79667.16,79543.3,79667.15,43.0417
2026-09-04 16:33:00,79667.15,79814.84,79652.04,79793.99,137.70256
2026-09-04 16:36:00,79793.99,79819.64,79687.27,79698.87,70.04388
2026-09-04 16:39:00,79698.87,79849.99,79698.87,79849.48,52.88992
2026-09-04 16:42:00,79849.48,79862.46,79782.26,79852.96,45.81411
2026-09-04 16:45:00,79852.96,79852.96,79748.0,79801.7,56.44918
2026-09-04 16:48:00,79801.7,79838.34,79780.47,79801.2,84.92099
2026-09-04 16:51:00,79801.19,79877.07,79744.26,79757.09,49.72797
2026-09-04 16:54:00,79757.1,79814.52,79730.47,79794.99,44.5119
2026-09-04 16:57:00,79794.99,79800.51,79740.38,79745.73,59.41154
2026-09-04 17:00:00,79745.72,79752.92,79669.25,79669.25,27.94646
2026-09-04 17:03:00,79669.25,79722.0,79652.0,79711.54,32.32026
2026-09-04 17:06:00,79711.54,79716.0,79673.21,79697.48,23.2622
2026-09-04 17:09:00,79697.48,79715.5,79654.0,79683.74,35.14286
2026-09-04 17:12:00,79683.73,79704.0,79616.0,79616.0,30.1926
2026-09-04 17:15:00,79616.01,79616.01,79512.54,79565.99,18.59896
2026-09-04 17:18:00,79566.0,79633.88,79565.99,79622.39,13.85115
2026-09-04 17:21:00,79622.4,79648.98,79590.01,79590.02,20.93436
2026-09-04 17:24:00,79590.03,79600.0,79554.6,79593.97,17.64036
2026-09-04 17:27:00,79593.96,79593.96,79511.58,79511.59,8.78799
2026-09-04 17:30:00,79511.59,79568.0,79505.83,79514.29,18.27671
2026-09-04 17:33:00,79514.28,79531.16,79501.44,79502.72,18.90457
2026-09-04 17:36:00,79502.72,79568.0,79461.55,79563.88,16.38241
2026-09-04 17:39:00,79563.89,79582.0,79522.0,79533.56,15.4137
2026-09-04 17:42:00,79533.57,79533.57,79439.21,79479.45,23.17745
2026-09-04 17:45:00,79479.46,79484.0,79440.0,79480.32,11.42544
2026-09-04 17:48:00,79480.32,79513.15,79460.0,79465.15,11.74596
2026-09-04 17:51:00,79465.16,79465.16,79383.0,79410.85,14.77801
2026-09-04 17:54:00,79410.85,79482.0,79401.64,79481.99,20.81563
2026-09-04 17:57:00,79481.99,79518.0,79472.22,79472.22,12.91784
2026-09-04 18:00:00,79472.22,79573.81,79472.22,79542.0,17.59064
2026-09-04 18:03:00,79542.01,79588.0,79542.0,79588.0,16.79375
2026-09-04 18:06:00,79588.0,79588.0,79528.01,79553.99,15.14981
2026-09-04 18:09:00,79553.99,79592.0,79548.53,79570.1,15.27599
2026-09-04 18:12:00,79570.11,79570.11,79513.39,79527.54,19.10148
2026-09-04 18:15:00,79527.55,79574.0,79527.54,79573.99,9.62166
2026-09-04 18:18:00,79573.99,79614.0,79556.97,79614.0,18.40507
2026-09-04 18:21:00,79613.99,79614.0,79576.36,79578.21,13.55842
2026-09-04 18:24:00,79578.21,79580.05,79556.66,79556.67,15.10306
2026-09-04 18:27:00,79556.68,79581.62,79533.56,79534.55,5.78306
2026-09-04 18:30:00,79534.56,79615.53,79534.56,79615.52,8.97135
2026-09-04 18:33:00,79615.53,79629.29,79580.0,79588.9,14.80522
2026-09-04 18:36:00,79588.91,79589.21,79538.0,79589.2,22.16194
2026-09-04 18:39:00,79589.21,79626.0,79573.66,79625.99,9.68863
2026-09-04 18:42:00,79626.0,79650.0,79625.99,79638.01,12.03779
2026-09-04 18:45:00,79638.0,79638.01,79609.12,79609.13,9.74007
2026-09-04 18:48:00,79609.13,79613.73,79594.92,79595.74,8.94363
2026-09-04 18:51:00,79595.74,79624.0,79594.9,79621.8,5.52491
2026-09-04 18:54:00,79621.8,79632.0,79597.47,79597.48,8.47626
2026-09-04 18:57:00,79597.47,79655.86,79597.47,79618.15,16.60842
2026-09-04 19:00:00,79618.15,79716.0,79618.14,79715.99,13.63342
2026-09-04 19:03:00,79715.99,79727.77,79704.22,79727.77,17.77857
2026-09-04 19:06:00,79727.76,79728.0,79717.57,79725.53,11.73627
2026-09-04 19:09:00,79725.54,79725.54,79680.52,79683.99,11.17142
2026-09-04 19:12:00,79684.0,79706.0,79672.32,79706.0,10.85456
2026-09-04 19:15:00,79705.99,79769.59,79691.65,79769.58,56.53665
2026-09-04 19:18:00,79769.59,79794.0,79769.57,79794.0,35.01271
2026-09-04 19:21:00,79794.0,79800.0,79776.0,79785.17,11.63837
2026-09-04 19:24:00,79785.17,79806.0,79785.17,79798.2,15.32068
2026-09-04 19:27:00,79798.21,79819.99,79798.2,79808.23,15.36214
2026-09-04 19:30:00,79808.23,79808.23,79704.0,79720.39,23.67369
2026-09-04 19:33:00,79720.39,79756.28,79716.0,79716.0,14.81927
2026-09-04 19:36:00,79716.01,79720.01,79652.71,79652.72,20.46035
2026-09-04 19:39:00,79652.72,79690.0,79640.0,79673.3,14.07534
2026-09-04 19:42:00,79673.3,79682.73,79636.95,79682.72,9.02362
2026-09-04 19:45:00,79682.73,79730.75,79660.46,79730.74,29.79068
2026-09-04 19:48:00,79730.75,79739.74,79710.0,79717.97,12.31106
2026-09-04 19:51:00,79717.97,79731.38,79642.0,79642.0,20.87314
2026-09-04 19:54:00,79642.01,79750.0,79642.01,79749.99,20.55549
2026-09-04 19:57:00,79750.0,79810.0,79744.06,79793.34,27.34496
2026-09-04 20:00:00,79793.35,79850.0,79768.28,79814.0,24.80392
2026-09-04 20:03:00,79814.01,79847.97,79802.2,79823.66,22.5248
2026-09-04 20:06:00,79823.66,79830.0,79770.0,79829.99,14.40062
2026-09-04 20:09:00,79829.99,79862.15,79808.4,79845.53,13.48437
2026-09-04 20:12:00,79844.36,79844.36,79794.62,79815.59,15.58902
2026-09-04 20:15:00,79815.59,79837.98,79802.0,79821.29,12.62967
2026-09-04 20:18:00,79821.28,79835.97,79803.28,79819.98,8.05146
2026-09-04 20:21:00,79819.97,79819.98,79795.83,79795.99,5.76159
2026-09-04 20:24:00,79795.99,79796.0,79747.76,79749.16,11.00142
2026-09-04 20:27:00,79749.17,79768.15,79749.16,79759.46,3.72724
2026-09-04 20:30:00,79759.46,79773.58,79746.0,79753.96,3.37984
2026-09-04 20:33:00,79753.97,79753.97,79728.0,79735.67,5.90828
2026-09-04 20:36:00,79735.66,79777.53,79724.0,79726.04,18.81856
2026-09-04 20:39:00,79726.03,79737.82,79702.0,79706.02,12.62117
2026-09-04 20:42:00,79706.03,79739.79,79700.0,79724.01,13.24297
2026-09-04 20:45:00,79724.02,79733.99,79706.0,79733.98,7.08311
2026-09-04 20:48:00,79733.99,79769.25,79714.38,79714.38,11.96053
2026-09-04 20:51:00,79714.38,79722.0,79667.99,79716.63,14.36842
2026-09-04 20:54:00,79716.64,79728.3,79694.01,79701.97,8.20353
2026-09-04 20:57:00,79701.98,79721.03,79686.0,79697.04,24.61142
2026-09-04 21:00:00,79697.03,79727.96,79697.03,79723.99,12.37067
2026-09-04 21:03:00,79724.0,79742.0,79723.99,79742.0,5.82992
2026-09-04 21:06:00,79742.0,79778.92,79740.44,79778.91,12.92169
2026-09-04 21:09:00,79778.91,79789.98,79752.56,79789.97,11.98796
2026-09-04 21:12:00,79789.98,79789.98,79769.59,79769.59,8.30816
2026-09-04 21:15:00,79769.6,79802.25,79769.59,79802.25,4.36695
2026-09-04 21:18:00,79802.25,79807.13,79802.24,79807.13,5.66106
2026-09-04 21:21:00,79807.12,79811.98,79787.96,79792.36,12.13974
2026-09-04 21:24:00,79792.35,79792.36,79752.0,79772.97,19.95814
2026-09-04 21:27:00,79772.98,79782.0,79736.01,79772.57,23.62317
2026-09-04 21:30:00,79772.56,79800.67,79772.56,79792.42,8.73872
2026-09-04 21:33:00,79792.43,79801.82,79771.03,79789.26,12.21407
2026-09-04 21:36:00,79789.25,79807.67,79787.32,79796.84,14.85822
2026-09-04 21:39:00,79796.83,79819.3,79787.51,79818.01,13.11272
2026-09-04 21:42:00,79818.0,79818.01,79746.74,79762.26,244.92147
2026-09-04 21:45:00,79762.27,79800.0,79762.27,79784.14,23.09593
2026-09-04 21:48:00,79784.13,79785.4,79713.77,79742.25,14.27826
2026-09-04 21:51:00,79742.25,79743.86,79512.0,79538.0,133.04773
2026-09-04 21:54:00,79537.99,79633.14,79537.99,79621.65,40.66082
2026-09-04 21:57:00,79621.65,79656.24,79611.99,79624.0,23.44638
2026-09-04 22:00:00,79624.0,79682.81,79624.0,79660.95,18.43442
2026-09-04 22:03:00,79660.94,79675.36,79643.51,79643.51,7.39559
2026-09-04 22:06:00,79643.51,79648.01,79635.11,79646.25,13.88562
2026-09-04 22:09:00,79646.25,79660.0,79646.24,79658.15,5.35413
2026-09-04 22:12:00,79658.16,79692.56,79624.0,79692.56,82.77158
2026-09-04 22:15:00,79692.56,79693.58,79657.77,79693.58,14.80883
2026-09-04 22:18:00,79693.58,79713.88,79681.76,79685.6,10.95824
2026-09-04 22:21:00,79685.6,79709.78,79685.59,79709.77,8.2959
2026-09-04 22:24:00,79709.78,79709.78,79665.57,79665.59,11.11313
2026-09-04 22:27:00,79665.59,79706.0,79604.0,79706.0,138.24623
2026-09-04 22:30:00,79706.0,79716.0,79688.09,79707.98,36.05391
2026-09-04 22:33:00,79707.97,79707.98,79677.15,79684.58,17.71421
2026-09-04 22:36:00,79684.58,79704.0,79684.58,79703.99,3.99248
2026-09-04 22:39:00,79704.0,79704.0,79703.99,79704.0,1.81552
2026-09-04 22:42:00,79704.0,79710.62,79662.0,79662.01,42.94447
2026-09-04 22:45:00,79662.0,79679.87,79642.0,79642.0,8.65822
2026-09-04 22:48:00,79642.0,79663.46,79624.88,79663.46,38.75584
2026-09-04 22:51:00,79663.45,79666.0,79644.71,79652.5,8.64075
2026-09-04 22:54:00,79652.5,79664.04,79648.54,79659.29,17.91954
2026-09-04 22:57:00,79659.3,79659.3,79622.58,79636.09,11.23877
2026-09-04 23:00:00,79636.09,79636.09,79600.89,79619.62,16.79884
2026-09-04 23:03:00,79619.63,79650.0,79619.62,79642.92,8.14958
2026-09-04 23:06:00,79642.93,79649.45,79642.92,79649.44,2.42306
2026-09-04 23:09:00,79649.45,79649.45,79649.44,79649.45,3.97868
2026-09-04 23:12:00,79649.45,79649.45,79602.19,79611.11,11.63121
2026-09-04 23:15:00,79611.12,79640.0,79611.11,79616.0,8.8135
2026-09-04 23:18:00,79616.0,79658.0,79616.0,79657.99,13.99094
2026-09-04 23:21:00,79658.0,79701.47,79657.99,79701.46,7.00982
2026-09-04 23:24:00,79701.47,79750.0,79701.46,79737.96,17.96641
2026-09-04 23:27:00,79737.95,79758.0,79736.03,79736.03,8.12033
2026-09-04 23:30:00,79736.02,79736.03,79684.65,79684.65,6.36406
2026-09-04 23:33:00,79684.65,79686.01,79684.65,79686.01,8.02748
2026-09-04 23:36:00,79686.01,79686.01,79675.13,79675.14,3.5026
2026-09-04 23:39:00,79675.13,79675.14,79675.13,79675.14,2.36641
2026-09-04 23:42:00,79675.14,79675.14,79668.01,79668.01,4.57418
2026-09-04 23:45:00,79668.02,79668.02,79658.0,79658.01,2.23761
2026-09-04 23:48:00,79658.0,79658.01,79640.9,79640.91,3.30596
2026-09-04 23:51:00,79640.91,79647.4,79636.05,79638.63,6.02531
2026-09-04 23:54:00,79638.62,79658.25,79617.16,79658.24,12.89742
2026-09-04 23:57:00,79658.25,79660.77,79653.55,79660.77,4.74624
2026-09-05 00:00:00,79660.77,79660.77,79636.0,79643.73,7.15201
2026-09-05 00:03:00,79643.74,79643.74,79641.02,79641.02,3.25967
2026-09-05 00:06:00,79641.03,79641.03,79616.58,79616.58,7.10061
2026-09-05 00:09:00,79616.59,79719.01,79616.59,79709.87,12.10191
2026-09-05 00:12:00,79709.87,79721.57,79672.67,79672.68,8.47827
2026-09-05 00:15:00,79672.68,79672.68,79600.0,79600.01,17.26461
2026-09-05 00:18:00,79600.01,79639.8,79600.0,79636.26,8.12676
2026-09-05 00:21:00,79636.27,79637.76,79636.26,79637.76,1.39898
2026-09-05 00:24:00,79637.76,79654.0,79637.75,79652.72,4.33428
2026-09-05 00:27:00,79652.71,79652.72,79652.71,79652.71,7.71114
2026-09-05 00:30:00,79652.72,79699.68,79652.71,79654.5,11.82993
2026-09-05 00:33:00,79654.5,79662.44,79645.95,79645.96,6.9343
2026-09-05 00:36:00,79645.96,79645.96,79630.46,79630.46,4.29534
2026-09-05 00:39:00,79630.46,79684.79,79630.46,79656.24,10.57158
2026-09-05 00:42:00,79656.23,79668.88,79624.0,79627.21,6.54026
2026-09-05 00:45:00,79627.21,79627.21,79574.0,79601.75,24.42899
2026-09-05 00:48:00,79601.76,79610.33,79598.34,79610.33,5.92193
2026-09-05 00:51:00,79610.33,79649.23,79610.32,79622.07,7.54915
2026-09-05 00:54:00,79622.08,79648.58,79594.9,79604.09,15.38669
2026-09-05 00:57:00,79604.08,79608.42,79562.0,79573.36,9.15337
2026-09-05 01:00:00,79573.37,79584.0,79562.91,79562.92,9.79002
2026-09-05 01:03:00,79562.92,79624.68,79550.75,79624.67,18.93024
2026-09-05 01:06:00,79624.68,79636.0,79594.9,79633.99,8.0898
2026-09-05 01:09:00,79633.99,79676.0,79633.99,79676.0,9.28517
2026-09-05 01:12:00,79675.99,79682.05,79625.46,79626.03,16.52293
2026-09-05 01:15:00,79626.02,79672.0,79626.02,79671.99,4.64316
2026-09-05 01:18:00,79671.99,79690.37,79656.64,79666.0,6.09236
2026-09-05 01:21:00,79666.01,79666.01,79646.0,79647.44,4.60228
2026-09-05 01:24:00,79647.44,79679.23,79635.59,79635.59,10.10034
2026-09-05 01:27:00,79635.11,79700.0,79604.0,79693.99,25.38702
2026-09-05 01:30:00,79693.99,79708.0,79668.92,79707.31,11.35833
2026-09-05 01:33:00,79707.31,79710.0,79660.26,79660.26,5.54986
2026-09-05 01:36:00,79660.26,79660.27,79610.0,79630.2,23.26248
2026-09-05 01:39:00,79630.2,79674.0,79616.0,79674.0,13.48715
2026-09-05 01:42:00,79674.0,79675.88,79614.0,79635.74,9.54137
2026-09-05 01:45:00,79635.74,79664.0,79635.34,79664.0,11.32698
2026-09-05 01:48:00,79664.0,79664.0,79562.0,79564.55,25.55563
2026-09-05 01:51:00,79564.56,79596.0,79564.55,79595.77,7.36381
2026-09-05 01:54:00,79595.77,79595.77,79562.0,79565.19,12.55946
2026-09-05 01:57:00,79565.19,79567.71,79533.34,79533.34,17.82812
2026-09-05 02:00:00,79533.34,79533.34,79486.0,79489.84,38.74451
2026-09-05 02:03:00,79489.83,79526.0,79472.22,79523.63,18.14218
2026-09-05 02:06:00,79523.63,79533.57,79506.47,79533.57,8.04894
2026-09-05 02:09:00,79533.57,79570.91,79533.56,79564.01,23.6232
2026-09-05 02:12:00,79564.0,79578.0,79564.0,79564.0,4.59802
2026-09-05 02:15:00,79564.01,79582.0,79564.0,79582.0,7.75127
2026-09-05 02:18:00,79582.0,79582.0,79563.7,79563.71,8.24634
2026-09-05 02:21:00,79563.71,79581.82,79560.57,79581.81,14.7479
2026-09-05 02:24:00,79581.82,79594.67,79581.81,79594.67,9.8053
2026-09-05 02:27:00,79594.67,79596.8,79512.0,79521.56,19.78033
2026-09-05 02:30:00,79521.55,79562.0,79521.55,79559.9,11.25564
2026-09-05 02:33:00,79559.9,79569.71,79530.56,79559.61,8.13144
2026-09-05 02:36:00,79559.61,79611.18,79559.6,79599.62,11.8646
2026-09-05 02:39:00,79599.62,79622.0,79588.05,79621.99,8.54545
2026-09-05 02:42:00,79622.0,79622.0,79619.44,79619.45,5.14102
2026-09-05 02:45:00,79619.44,79619.45,79570.0,79570.01,7.71308
2026-09-05 02:48:00,79570.0,79570.01,79546.07,79546.48,5.39353
2026-09-05 02:51:00,79546.49,79562.0,79538.58,79561.99,5.66529
2026-09-05 02:54:00,79561.99,79572.0,79561.99,79572.0,3.81424
2026-09-05 02:57:00,79572.0,79579.42,79569.08,79569.09,5.5371
2026-09-05 03:00:00,79569.09,79569.09,79546.01,79552.53,5.99947
2026-09-05 03:03:00,79552.53,79555.17,79552.52,79555.16,2.88563
2026-09-05 03:06:00,79555.17,79555.72,79530.0,79530.01,9.35286
2026-09-05 03:09:00,79530.01,79545.97,79510.93,79533.57,11.84682
2026-09-05 03:12:00,79533.57,79545.76,79533.56,79545.75,4.97622
2026-09-05 03:15:00,79545.76,79614.0,79545.75,79582.51,49.49114
2026-09-05 03:18:00,79582.51,79593.8,79574.0,79592.0,5.82517
2026-09-05 03:21:00,79592.0,79600.0,79564.0,79600.0,14.50207
2026-09-05 03:24:00,79600.0,79600.0,79584.0,79584.01,13.36143
2026-09-05 03:27:00,79584.0,79600.0,79584.0,79584.0,9.47601
2026-09-05 03:30:00,79584.01,79607.12,79584.0,79594.9,12.87777
2026-09-05 03:33:00,79594.9,79601.81,79594.9,79601.81,9.54228
2026-09-05 03:36:00,79601.81,79630.0,79601.8,79627.43,8.29735
2026-09-05 03:39:00,79627.43,79627.44,79614.65,79615.94,5.9284
2026-09-05 03:42:00,79615.93,79622.75,79615.93,79622.75,7.46343
2026-09-05 03:45:00,79622.75,79630.74,79622.75,79630.73,10.60326
2026-09-05 03:48:00,79630.73,79630.74,79623.19,79623.21,16.53257
2026-09-05 03:51:00,79623.21,79623.21,79596.0,79600.6,6.03012
2026-09-05 03:54:00,79600.6,79607.38,79600.0,79600.0,6.77972
2026-09-05 03:57:00,79600.01,79600.01,79581.57,79582.0,10.4073
2026-09-05 04:00:00,79581.99,79588.61,79538.0,79547.91,14.43317
2026-09-05 04:03:00,79547.91,79589.84,79547.9,79589.83,7.86247
2026-09-05 04:06:00,79589.83,79589.84,79572.04,79584.66,12.34568
2026-09-05 04:09:00,79584.66,79588.47,79513.29,79525.12,20.23678
2026-09-05 04:12:00,79525.11,79540.0,79525.11,79539.99,4.27913
2026-09-05 04:15:00,79540.0,79574.0,79539.99,79565.04,7.12123
2026-09-05 04:18:00,79565.04,79565.04,79564.68,79564.68,6.80894
2026-09-05 04:21:00,79564.69,79570.04,79564.68,79570.04,5.66763
2026-09-05 04:24:00,79570.03,79576.0,79570.03,79576.0,3.2128
2026-09-05 04:27:00,79575.99,79576.0,79558.28,79558.28,17.78951
2026-09-05 04:30:00,79558.28,79558.29,79552.0,79552.01,2.76662
2026-09-05 04:33:00,79552.01,79560.12,79539.99,79540.0,12.04548
2026-09-05 04:36:00,79539.99,79540.0,79530.0,79530.01,15.93747
2026-09-05 04:39:00,79530.0,79530.67,79530.0,79530.66,4.61851
2026-09-05 04:42:00,79530.67,79533.29,79530.66,79533.28,5.06232
2026-09-05 04:45:00,79533.29,79550.01,79530.0,79530.0,20.77538
2026-09-05 04:48:00,79530.0,79559.88,79504.0,79524.01,76.40524
2026-09-05 04:51:00,79524.01,79545.97,79512.0,79534.39,16.93954
2026-09-05 04:54:00,79534.38,79550.0,79534.38,79538.36,10.54469
2026-09-05 04:57:00,79538.36,79538.8,79500.0,79500.01,19.10615
2026-09-05 05:00:00,79500.01,79506.37,79455.56,79455.57,11.03828
2026-09-05 05:03:00,79455.56,79476.0,79442.0,79476.0,12.95515
2026-09-05 05:06:00,79475.99,79480.66,79449.31,79473.76,65.28278
2026-09-05 05:09:00,79473.76,79530.0,79449.35,79529.99,63.34496
2026-09-05 05:12:00,79529.99,79558.73,79529.99,79558.73,5.36394
2026-09-05 05:15:00,79558.73,79566.48,79558.72,79566.48,10.61234
2026-09-05 05:18:00,79566.48,79570.0,79527.59,79561.61,141.38217
2026-09-05 05:21:00,79561.6,79561.61,79520.0,79520.0,8.8453
2026-09-05 05:24:00,79520.01,79536.2,79520.0,79536.19,4.41317
2026-09-05 05:27:00,79536.19,79586.04,79536.19,79586.04,4.98532
2026-09-05 05:30:00,79586.04,79594.0,79586.04,79593.99,4.41459
2026-09-05 05:33:00,79593.99,79594.0,79593.99,79593.99,6.645
2026-09-05 05:36:00,79594.0,79594.0,79578.98,79578.99,3.40875
2026-09-05 05:39:00,79578.99,79580.0,79578.98,79580.0,3.0808
2026-09-05 05:42:00,79579.99,79580.0,79522.0,79522.01,16.15468
2026-09-05 05:45:00,79522.01,79522.01,79508.0,79521.79,8.76792
2026-09-05 05:48:00,79521.8,79524.0,79493.82,79524.0,31.79881
2026-09-05 05:51:00,79523.99,79577.06,79523.99,79576.17,56.11714
2026-09-05 05:54:00,79576.18,79580.0,79568.22,79579.99,14.35771
2026-09-05 05:57:00,79580.0,79600.01,79577.53,79577.53,13.59197
2026-09-05 06:00:00,79577.53,79590.59,79576.0,79590.59,9.20459
2026-09-05 06:03:00,79590.59,79618.0,79590.58,79618.0,10.11627
2026-09-05 06:06:00,79618.0,79620.81,79578.46,79578.47,15.9589
2026-09-05 06:09:00,79578.47,79634.48,79578.46,79616.14,16.29731
2026-09-05 06:12:00,79616.14,79635.97,79616.14,79626.54,11.68274
2026-09-05 06:15:00,79626.54,79626.55,79613.4,79613.41,5.55649
2026-09-05 06:18:00,79613.41,79625.17,79613.4,79625.17,4.94123
2026-09-05 06:21:00,79625.17,79640.0,79619.21,79639.99,10.53094
2026-09-05 06:24:00,79640.0,79640.0,79623.13,79623.13,16.94244
2026-09-05 06:27:00,79623.13,79645.45,79621.05,79643.03,17.55192
2026-09-05 06:30:00,79643.03,79647.05,79643.02,79647.04,11.95453
2026-09-05 06:33:00,79647.04,79647.05,79630.0,79638.16,9.11117
2026-09-05 06:36:00,79638.16,79644.95,79634.32,79644.95,7.69076
2026-09-05 06:39:00,79644.95,79715.72,79644.94,79682.0,27.42363
2026-09-05 06:42:00,79682.0,79682.0,79664.0,79664.0,6.6487
2026-09-05 06:45:00,79664.0,79665.44,79660.3,79665.44,6.84667
2026-09-05 06:48:00,79665.44,79666.11,79662.99,79666.11,9.64209
2026-09-05 06:51:00,79666.1,79666.11,79657.53,79657.54,17.22839
2026-09-05 06:54:00,79657.54,79683.83,79657.53,79683.83,10.87194
2026-09-05 06:57:00,79684.0,79684.78,79644.0,79644.01,29.56413
2026-09-05 07:00:00,79644.01,79692.43,79639.22,79687.02,23.8933
2026-09-05 07:03:00,79687.02,79695.96,79672.0,79691.27,19.63585
2026-09-05 07:06:00,79691.27,79691.27,79686.93,79686.93,6.7685
2026-09-05 07:09:00,79686.94,79691.98,79667.07,79691.98,10.82717
2026-09-05 07:12:00,79691.97,79698.0,79683.61,79692.44,18.48471
2026-09-05 07:15:00,79692.44,79707.6,79686.22,79707.6,16.00137
2026-09-05 07:18:00,79707.6,79707.6,79672.68,79688.27,13.68378
2026-09-05 07:21:00,79688.27,79707.59,79688.27,79707.59,6.2341
2026-09-05 07:24:00,79707.59,79707.59,79707.58,79707.59,3.34416
2026-09-05 07:27:00,79707.58,79717.59,79707.58,79717.58,11.99488
2026-09-05 07:30:00,79717.58,79717.58,79708.14,79708.14,29.75565
2026-09-05 07:33:00,79708.15,79749.7,79708.14,79731.03,13.45641
2026-09-05 07:36:00,79731.02,79731.03,79731.02,79731.03,7.11796
2026-09-05 07:39:00,79731.03,79731.03,79728.35,79728.36,8.82407
2026-09-05 07:42:00,79728.36,79732.48,79709.71,79730.74,25.3695
2026-09-05 07:45:00,79731.17,79763.41,79731.16,79763.41,11.90805
2026-09-05 07:48:00,79763.41,79763.41,79721.53,79721.54,14.13549
2026-09-05 07:51:00,79721.54,79740.05,79721.53,79731.84,8.35897
2026-09-05 07:54:00,79731.83,79731.84,79731.83,79731.84,6.1398
2026-09-05 07:57:00,79731.83,79731.84,79694.71,79709.96,17.34383
2026-09-05 08:00:00,79709.96,79709.96,79681.01,79683.11,15.39395
2026-09-05 08:03:00,79683.11,79683.11,79642.0,79642.01,12.98517
2026-09-05 08:06:00,79642.01,79657.61,79633.38,79657.6,11.86516
2026-09-05 08:09:00,79657.6,79699.86,79645.28,79696.6,24.1398
2026-09-05 08:12:00,79696.61,79696.61,79662.0,79662.01,12.80765
2026-09-05 08:15:00,79662.01,79706.0,79662.0,79705.99,11.81831
2026-09-05 08:18:00,79705.99,79727.95,79664.21,79664.22,22.06649
2026-09-05 08:21:00,79664.22,79682.39,79648.17,79656.23,13.17403
2026-09-05 08:24:00,79656.24,79656.24,79608.32,79608.33,19.37872
2026-09-05 08:27:00,79608.33,79646.0,79608.22,79639.43,22.28306
2026-09-05 08:30:00,79639.44,79639.44,79588.0,79593.33,19.52029
2026-09-05 08:33:00,79593.33,79600.86,79568.0,79576.15,30.69196
2026-09-05 08:36:00,79576.16,79621.01,79576.15,79621.01,21.24094
2026-09-05 08:39:00,79621.0,79636.76,79613.9,79613.91,17.48973
2026-09-05 08:42:00,79613.9,79615.3,79613.9,79615.3,20.81896
2026-09-05 08:45:00,79615.29,79615.3,79615.29,79615.29,10.71495
2026-09-05 08:48:00,79615.29,79615.3,79600.0,79610.21,15.69073
2026-09-05 08:51:00,79610.21,79622.22,79610.2,79622.22,23.34493
2026-09-05 08:54:00,79622.21,79623.16,79622.21,79623.15,22.18136
2026-09-05 08:57:00,79623.15,79667.99,79623.15,79650.0,30.32265
2026-09-05 09:00:00,79650.01,79690.0,79650.0,79688.72,22.5128
2026-09-05 09:03:00,79688.72,79720.58,79688.71,79693.13,24.80638
2026-09-05 09:06:00,79693.13,79709.49,79693.13,79697.19,17.98394
2026-09-05 09:09:00,79697.19,79711.38,79697.19,79711.38,18.85828
2026-09-05 09:12:00,79711.38,79735.97,79711.37,79719.41,27.40486
2026-09-05 09:15:00,79719.41,79719.41,79694.21,79695.01,14.38285
2026-09-05 09:18:00,79695.0,79703.17,79695.0,79700.93,15.32783
2026-09-05 09:21:00,79700.94,79714.62,79693.15,79693.16,15.31162
2026-09-05 09:24:00,79693.16,79697.73,79693.15,79697.72,15.2674
2026-09-05 09:27:00,79697.73,79697.73,79697.72,79697.72,12.35005
2026-09-05 09:30:00,79697.72,79697.73,79697.72,79697.73,11.35254
2026-09-05 09:33:00,79697.72,79697.73,79697.64,79697.64,13.06506
2026-09-05 09:36:00,79697.64,79708.35,79692.5,79692.51,13.70186
2026-09-05 09:39:00,79692.51,79692.51,79657.34,79670.04,36.73764
2026-09-05 09:42:00,79670.03,79689.49,79670.0,79689.48,34.01862
2026-09-05 09:45:00,79689.48,79689.48,79652.0,79652.72,26.81107
2026-09-05 09:48:00,79652.72,79652.72,79646.07,79646.53,13.56785
2026-09-05 09:51:00,79646.54,79658.64,79646.53,79650.68,14.74208
2026-09-05 09:54:00,79650.68,79650.68,79636.0,79636.0,16.28867
2026-09-05 09:57:00,79636.01,79636.01,79612.0,79631.28,26.73368
2026-09-05 10:00:00,79631.29,79636.91,79631.28,79636.9,15.77828
2026-09-05 10:03:00,79636.9,79636.9,79630.9,79630.9,22.54896
2026-09-05 10:06:00,79630.91,79630.91,79629.93,79629.94,14.32373
2026-09-05 10:09:00,79629.94,79629.94,79629.93,79629.94,16.90621
2026-09-05 10:12:00,79629.93,79629.94,79619.55,79622.0,27.6671
2026-09-05 10:15:00,79622.0,79622.01,79622.0,79622.0,12.67621
2026-09-05 10:18:00,79622.0,79622.01,79617.97,79617.98,20.23354
2026-09-05 10:21:00,79617.98,79655.97,79613.46,79648.04,25.27929
2026-09-05 10:24:00,79648.05,79660.0,79648.0,79660.0,11.02823
2026-09-05 10:27:00,79659.99,79660.0,79600.02,79615.99,23.33347
2026-09-05 10:30:00,79615.99,79664.0,79615.99,79652.73,20.99733
2026-09-05 10:33:00,79652.73,79652.73,79600.0,79600.01,24.4572
2026-09-05 10:36:00,79600.0,79616.0,79600.0,79615.99,9.23955
2026-09-05 10:39:00,79615.99,79632.0,79615.99,79632.0,6.29771
2026-09-05 10:42:00,79631.99,79632.0,79600.0,79600.01,13.32333
2026-09-05 10:45:00,79600.0,79600.01,79600.0,79600.01,4.19834
2026-09-05 10:48:00,79600.01,79600.01,79595.42,79595.43,18.52399
2026-09-05 10:51:00,79595.42,79622.0,79593.92,79622.0,12.47611
2026-09-05 10:54:00,79622.0,79638.0,79621.99,79638.0,6.0735
2026-09-05 10:57:00,79637.99,79656.23,79618.0,79618.01,18.7315
2026-09-05 11:00:00,79618.0,79631.87,79618.0,79631.87,6.42595
2026-09-05 11:03:00,79631.86,79663.93,79631.86,79643.96,14.85602
2026-09-05 11:06:00,79643.97,79673.03,79642.0,79666.65,18.74532
2026-09-05 11:09:00,79666.66,79673.96,79642.0,79673.95,19.88911
2026-09-05 11:12:00,79673.95,79673.96,79636.34,79649.5,24.64378
2026-09-05 11:15:00,79649.5,79649.5,79624.0,79624.01,6.17518
2026-09-05 11:18:00,79624.01,79624.01,79624.0,79624.0,2.2116
2026-09-05 11:21:00,79624.0,79624.01,79624.0,79624.01,6.19419
2026-09-05 11:24:00,79624.01,79624.01,79620.0,79620.01,4.03635
2026-09-05 11:27:00,79620.0,79623.95,79620.0,79623.95,6.32039
2026-09-05 11:30:00,79623.94,79632.0,79623.94,79632.0,4.49805
2026-09-05 11:33:00,79632.0,79636.0,79631.99,79636.0,6.24838
2026-09-05 11:36:00,79636.0,79636.0,79635.99,79635.99,7.5076
2026-09-05 11:39:00,79635.99,79636.0,79631.05,79631.06,13.64524
2026-09-05 11:42:00,79631.05,79640.48,79608.0,79608.0,21.07316
2026-09-05 11:45:00,79608.01,79608.01,79608.0,79608.0,3.19548
2026-09-05 11:48:00,79608.01,79645.26,79608.0,79645.25,14.39402
2026-09-05 11:51:00,79645.26,79674.33,79645.25,79666.05,8.74801
2026-09-05 11:54:00,79666.06,79674.32,79630.13,79635.3,18.50363
2026-09-05 11:57:00,79635.31,79635.31,79608.0,79609.28,16.69106
2026-09-05 12:00:00,79609.29,79654.21,79609.28,79654.2,7.92763
2026-09-05 12:03:00,79654.2,79654.21,79654.2,79654.21,5.99517
2026-09-05 12:06:00,79654.2,79673.99,79654.2,79673.98,6.73809
2026-09-05 12:09:00,79673.98,79673.99,79660.7,79660.7,5.33128
2026-09-05 12:12:00,79660.71,79662.47,79660.7,79662.46,2.83287
2026-09-05 12:15:00,79662.46,79662.47,79662.46,79662.47,6.03051
2026-09-05 12:18:00,79662.47,79662.47,79656.23,79656.23,4.24549
2026-09-05 12:21:00,79656.24,79666.0,79656.23,79665.99,6.40931
2026-09-05 12:24:00,79666.0,79679.99,79664.0,79664.01,10.49898
2026-09-05 12:27:00,79664.0,79664.99,79654.96,79654.97,24.80375
2026-09-05 12:30:00,79654.97,79654.97,79612.25,79651.99,32.32002
2026-09-05 12:33:00,79651.99,79698.07,79651.99,79694.57,18.26663
2026-09-05 12:36:00,79694.58,79700.0,79660.8,79683.99,20.1859
2026-09-05 12:39:00,79683.99,79755.46,79683.99,79755.46,43.18356
2026-09-05 12:42:00,79755.46,79774.0,79726.91,79726.91,19.29809
2026-09-05 12:45:00,79726.91,79765.14,79698.85,79739.58,42.51236
2026-09-05 12:48:00,79739.58,79739.58,79717.58,79718.01,21.40758
2026-09-05 12:51:00,79718.0,79724.78,79718.0,79724.77,15.77341
2026-09-05 12:54:00,79724.78,79764.0,79724.77,79763.99,31.86128
2026-09-05 12:57:00,79763.99,79764.0,79704.13,79704.14,24.63696
2026-09-05 13:00:00,79704.13,79711.8,79692.0,79692.0,11.4194
2026-09-05 13:03:00,79692.01,79711.8,79692.0,79711.8,13.28478
2026-09-05 13:06:00,79711.8,79711.8,79700.8,79700.8,8.1978
2026-09-05 13:09:00,79700.8,79700.81,79676.0,79676.01,20.65674
2026-09-05 13:12:00,79676.01,79721.96,79657.27,79721.96,72.85332
2026-09-05 13:15:00,79721.96,79736.93,79696.23,79706.03,31.58081
2026-09-05 13:18:00,79706.04,79706.04,79680.9,79706.0,19.62605
2026-09-05 13:21:00,79706.0,79759.46,79706.0,79759.45,13.57315
2026-09-05 13:24:00,79759.46,79762.0,79754.05,79754.05,7.52672
2026-09-05 13:27:00,79754.05,79754.06,79754.05,79754.06,8.5366
2026-09-05 13:30:00,79754.06,79754.06,79747.6,79747.6,17.84633
2026-09-05 13:33:00,79747.6,79755.57,79716.91,79722.0,18.13404
2026-09-05 13:36:00,79722.01,79722.01,79670.0,79670.01,16.61905
2026-09-05 13:39:00,79670.0,79720.56,79662.0,79680.01,38.66069
2026-09-05 13:42:00,79680.01,79680.01,79642.44,79654.31,25.41988
2026-09-05 13:45:00,79654.31,79695.92,79654.31,79691.35,24.90389
2026-09-05 13:48:00,79691.34,79695.03,79545.96,79555.99,82.76874
2026-09-05 13:51:00,79556.0,79622.0,79555.99,79599.8,24.59079
2026-09-05 13:54:00,79599.79,79626.22,79599.79,79602.58,23.39652
2026-09-05 13:57:00,79602.59,79623.95,79602.58,79613.67,9.30287
2026-09-05 14:00:00,79613.67,79673.49,79613.67,79673.48,8.56144
2026-09-05 14:03:00,79673.48,79673.49,79640.04,79647.63,9.2275
2026-09-05 14:06:00,79647.64,79680.0,79647.63,79680.0,10.55719
2026-09-05 14:09:00,79680.0,79686.0,79668.38,79668.39,8.04529
2026-09-05 14:12:00,79668.38,79672.73,79664.75,79664.76,18.53805
2026-09-05 14:15:00,79664.75,79676.0,79664.75,79675.99,8.43218
2026-09-05 14:18:00,79675.99,79679.9,79675.99,79679.9,5.25515
2026-09-05 14:21:00,79679.9,79679.9,79677.34,79677.35,4.39913
2026-09-05 14:24:00,79677.35,79729.39,79677.34,79729.38,17.90972
2026-09-05 14:27:00,79729.39,79734.49,79725.53,79730.03,16.04967
2026-09-05 14:30:00,79730.03,79756.32,79730.02,79747.98,14.17276
2026-09-05 14:33:00,79747.98,79747.98,79740.01,79747.97,12.39471
2026-09-05 14:36:00,79747.98,79747.98,79728.89,79728.9,15.54482
2026-09-05 14:39:00,79728.89,79740.26,79728.89,79740.25,15.93401
2026-09-05 14:42:00,79740.25,79740.26,79697.92,79707.3,34.68031
2026-09-05 14:45:00,79707.3,79740.26,79707.29,79731.99,14.67713
2026-09-05 14:48:00,79732.0,79732.01,79731.99,79732.01,8.41852
2026-09-05 14:51:00,79732.01,79736.66,79732.0,79736.65,8.91048
2026-09-05 14:54:00,79736.65,79747.98,79727.54,79747.97,34.68339
2026-09-05 14:57:00,79747.98,79755.94,79719.75,79719.76,25.89056
2026-09-05 15:00:00,79719.75,79742.0,79719.75,79741.99,9.90572
2026-09-05 15:03:00,79741.99,79762.0,79741.99,79762.0,11.62618
2026-09-05 15:06:00,79761.99,79762.79,79744.07,79744.08,28.75872
2026-09-05 15:09:00,79744.08,79752.0,79702.45,79720.3,86.72488
2026-09-05 15:12:00,79720.3,79724.02,79720.3,79724.01,11.61387
2026-09-05 15:15:00,79724.01,79724.01,79700.0,79700.01,14.53326
2026-09-05 15:18:00,79700.01,79759.91,79678.62,79759.91,31.59227
2026-09-05 15:21:00,79759.9,79770.0,79738.85,79746.82,13.83059
2026-09-05 15:24:00,79746.82,79774.86,79746.81,79774.85,13.06497
2026-09-05 15:27:00,79774.85,79774.86,79691.29,79693.36,18.31818
2026-09-05 15:30:00,79693.36,79714.0,79693.36,79714.0,3.64356
2026-09-05 15:33:00,79713.99,79715.88,79709.03,79715.87,4.32039
2026-09-05 15:36:00,79715.88,79732.35,79701.93,79732.35,7.74719
2026-09-05 15:39:00,79732.34,79741.96,79728.0,79730.15,10.22918
2026-09-05 15:42:00,79730.16,79785.43,79730.15,79751.23,70.54954
2026-09-05 15:45:00,79751.23,79766.5,79751.23,79753.08,10.51059
2026-09-05 15:48:00,79753.08,79758.01,79752.0,79758.0,4.04343
2026-09-05 15:51:00,79758.0,79762.0,79736.0,79762.0,9.85235
2026-09-05 15:54:00,79762.0,79800.0,79761.99,79797.61,14.67338
2026-09-05 15:57:00,79797.62,79816.0,79797.61,79806.01,8.23102
2026-09-05 16:00:00,79806.0,79840.2,79806.0,79840.2,24.20433
2026-09-05 16:03:00,79840.19,79847.46,79812.0,79812.01,20.15085
2026-09-05 16:06:00,79812.01,79812.01,79754.0,79771.99,21.80534
2026-09-05 16:09:00,79772.0,79802.0,79771.99,79801.99,6.25113
2026-09-05 16:12:00,79802.0,79810.0,79765.14,79784.11,24.22274
2026-09-05 16:15:00,79784.11,79804.0,79784.1,79786.0,13.77353
2026-09-05 16:18:00,79786.01,79840.25,79780.0,79840.25,26.42655
2026-09-05 16:21:00,79840.24,79862.0,79837.69,79862.0,13.55904
2026-09-05 16:24:00,79862.0,79901.59,79856.0,79900.03,24.47416
2026-09-05 16:27:00,79900.02,79900.03,79839.96,79891.99,86.24158
2026-09-05 16:30:00,79891.99,79966.0,79891.98,79956.01,86.46972
2026-09-05 16:33:00,79956.01,79989.02,79893.27,79943.99,44.30878
2026-09-05 16:36:00,79943.99,79955.69,79923.13,79930.92,21.14926
2026-09-05 16:39:00,79930.92,79959.99,79928.35,79945.87,36.76154
2026-09-05 16:42:00,79945.87,79945.87,79925.37,79936.74,19.8979
2026-09-05 16:45:00,79936.74,79979.99,79930.0,79930.0,40.681
2026-09-05 16:48:00,79930.01,79995.0,79930.0,79990.01,34.53958
2026-09-05 16:51:00,79990.01,80010.0,79966.41,80009.99,37.08052
2026-09-05 16:54:00,80009.99,80157.85,80009.99,80113.64,72.81758
2026-09-05 16:57:00,80113.65,80200.0,80012.0,80042.0,61.71044
2026-09-05 17:00:00,80041.99,80107.54,80011.32,80092.97,97.01835
2026-09-05 17:03:00,80092.44,80130.86,80035.46,80041.1,34.58154
2026-09-05 17:06:00,80041.09,80146.94,80024.04,80105.41,57.46818
2026-09-05 17:09:00,80105.4,80162.29,80096.7,80114.83,54.26978
2026-09-05 17:12:00,80114.83,80132.0,80069.99,80131.99,25.07699
2026-09-05 17:15:00,80132.0,80152.0,80013.64,80017.84,51.78892
2026-09-05 17:18:00,80017.84,80083.99,80017.83,80059.98,20.60417
2026-09-05 17:21:00,80059.98,80076.0,80059.97,80062.82,6.65713
2026-09-05 17:24:00,80062.83,80084.0,80038.0,80046.0,16.09301
2026-09-05 17:27:00,80045.99,80046.0,79973.85,80029.29,30.504
2026-09-05 17:30:00,80029.3,80105.47,80029.29,80105.46,24.48278
2026-09-05 17:33:00,80105.46,80134.15,80040.0,80066.0,20.28918
2026-09-05 17:36:00,80065.99,80074.0,80000.0,80006.26,14.86207
2026-09-05 17:39:00,80006.26,80007.68,79984.02,79990.16,42.13263
2026-09-05 17:42:00,79990.16,80074.0,79990.15,80043.33,79.98798
2026-09-05 17:45:00,80043.34,80080.0,80024.26,80060.28,49.17282
2026-09-05 17:48:00,80060.28,80068.0,80020.0,80067.11,64.09147
2026-09-05 17:51:00,80067.12,80087.66,80052.68,80087.66,57.66502
2026-09-05 17:54:00,80087.66,80087.66,80032.0,80054.5,70.31518
2026-09-05 17:57:00,80054.51,80072.0,80025.48,80058.6,77.63911
2026-09-05 18:00:00,80058.6,80078.0,80010.15,80050.16,83.39875
2026-09-05 18:03:00,80050.17,80068.0,80026.0,80068.0,56.85064
2026-09-05 18:06:00,80068.0,80078.0,80034.0,80034.01,6.795
2026-09-05 18:09:00,80034.01,80034.01,79974.0,80002.0,22.97946
2026-09-05 18:12:00,80001.99,80002.0,79988.0,80001.99,10.76623
2026-09-05 18:15:00,80001.99,80001.99,79974.0,79974.0,15.33697
2026-09-05 18:18:00,79974.01,80024.0,79974.0,80020.15,11.13657
2026-09-05 18:21:00,80020.15,80023.76,79995.2,79995.2,22.35957
2026-09-05 18:24:00,79995.2,80000.0,79990.0,80000.0,3.37503
2026-09-05 18:27:00,79999.99,80000.0,79954.71,79954.71,11.89198
2026-09-05 18:30:00,79954.71,80045.11,79954.71,79978.0,19.31137
2026-09-05 18:33:00,79978.0,79983.99,79966.0,79982.02,6.4446
2026-09-05 18:36:00,79982.02,79992.9,79978.3,79978.3,3.78788
2026-09-05 18:39:00,79978.31,79978.31,79964.53,79964.54,6.92771
2026-09-05 18:42:00,79964.54,79992.0,79936.0,79965.99,16.98893
2026-09-05 18:45:00,79965.99,79966.0,79948.0,79955.8,5.40261
2026-09-05 18:48:00,79955.8,79955.81,79930.0,79937.98,6.16764
2026-09-05 18:51:00,79937.99,79966.61,79937.98,79964.04,7.6435
2026-09-05 18:54:00,79964.04,79980.0,79948.0,79980.0,6.96046
2026-09-05 18:57:00,79979.99,80000.0,79979.99,79999.98,8.28577
2026-09-05 19:00:00,79999.99,79999.99,79930.0,79936.79,18.38326
2026-09-05 19:03:00,79936.78,79936.79,79928.0,79934.28,2.82886
2026-09-05 19:06:00,79934.28,79966.0,79934.27,79953.99,5.5699
2026-09-05 19:09:00,79953.99,79972.97,79953.99,79972.96,6.42925
2026-09-05 19:12:00,79972.96,79972.97,79940.0,79940.01,7.35683
2026-09-05 19:15:00,79940.0,79966.0,79940.0,79942.01,8.07056
2026-09-05 19:18:00,79942.0,79942.0,79935.16,79935.17,4.21786
2026-09-05 19:21:00,79935.16,79938.0,79906.0,79938.0,11.60809
2026-09-05 19:24:00,79938.0,79985.86,79938.0,79974.01,5.3047
2026-09-05 19:27:00,79974.0,79982.0,79962.92,79962.93,5.64634
2026-09-05 19:30:00,79962.93,79970.92,79942.14,79942.14,5.67346
2026-09-05 19:33:00,79942.15,79950.0,79784.26,79846.01,53.21498
2026-09-05 19:36:00,79846.0,79846.01,79762.0,79771.95,10.79438
2026-09-05 19:39:00,79771.95,79842.0,79760.83,79841.47,9.1268
2026-09-05 19:42:00,79841.47,79858.0,79841.46,79855.36,8.88053
2026-09-05 19:45:00,79855.35,79856.41,79744.18,79781.9,23.31685
2026-09-05 19:48:00,79781.91,79781.91,79712.86,79735.36,20.53921
2026-09-05 19:51:00,79735.36,79776.0,79735.36,79758.01,9.69208
2026-09-05 19:54:00,79758.01,79776.58,79744.7,79776.57,6.65184
2026-09-05 19:57:00,79776.58,79784.43,79740.0,79754.0,19.92333
2026-09-05 20:00:00,79753.99,79804.0,79750.0,79750.0,9.93492
2026-09-05 20:03:00,79750.01,79784.0,79720.59,79784.0,23.78324
2026-09-05 20:06:00,79783.99,79792.0,79760.0,79760.01,4.83342
2026-09-05 20:09:00,79760.01,79810.0,79746.39,79809.99,8.36945
2026-09-05 20:12:00,79810.0,79840.25,79721.52,79737.99,38.34961
2026-09-05 20:15:00,79737.99,79744.0,79728.96,79728.96,9.00367
2026-09-05 20:18:00,79728.96,79768.0,79694.0,79767.99,35.00003
2026-09-05 20:21:00,79767.99,79790.79,79767.99,79771.46,6.21259
2026-09-05 20:24:00,79771.46,79830.0,79771.45,79820.0,10.09189
2026-09-05 20:27:00,79820.0,79824.0,79708.11,79719.99,30.51337
2026-09-05 20:30:00,79720.0,79744.01,79717.57,79717.99,7.80159
2026-09-05 20:33:00,79717.99,79731.03,79694.0,79709.29,63.54326
2026-09-05 20:36:00,79709.28,79772.0,79706.0,79724.94,28.55063
2026-09-05 20:39:00,79724.95,79752.0,79722.0,79751.99,9.34757
2026-09-05 20:42:00,79752.0,79778.92,79751.99,79778.91,160.53148
2026-09-05 20:45:00,79778.91,79778.92,79759.07,79759.08,5.52466
2026-09-05 20:48:00,79759.07,79783.68,79756.0,79783.68,12.51284
2026-09-05 20:51:00,79783.67,79793.37,79736.0,79736.0,149.51096
2026-09-05 20:54:00,79736.01,79750.0,79736.0,79750.0,10.9886
2026-09-05 20:57:00,79750.0,79788.0,79730.1,79737.83,27.23638
2026-09-05 21:00:00,79737.83,79752.0,79737.82,79742.59,4.10857
2026-09-05 21:03:00,79742.6,79758.0,79724.87,79728.7,12.48626
2026-09-05 21:06:00,79728.7,79774.01,79728.7,79774.0,9.82518
2026-09-05 21:09:00,79774.01,79786.0,79774.0,79785.99,1.54708
2026-09-05 21:12:00,79785.99,79792.86,79761.03,79788.0,16.77581
2026-09-05 21:15:00,79788.0,79794.0,79775.15,79794.0,4.13261
2026-09-05 21:18:00,79793.99,79840.25,79793.99,79832.0,4.4413
2026-09-05 21:21:00,79832.01,79862.05,79832.0,79862.05,9.40842
2026-09-05 21:24:00,79862.05,79878.0,79854.15,79859.45,4.98923
2026-09-05 21:27:00,79859.45,79859.45,79858.12,79858.13,2.03943
2026-09-05 21:30:00,79858.13,79872.0,79852.0,79852.0,5.43393
2026-09-05 21:33:00,79852.0,79852.01,79849.99,79850.0,4.77854
2026-09-05 21:36:00,79850.0,79850.02,79834.77,79850.02,11.52985
2026-09-05 21:39:00,79850.02,79894.29,79850.01,79887.4,10.57498
2026-09-05 21:42:00,79887.4,79930.03,79850.0,79918.01,23.4235
2026-09-05 21:45:00,79918.01,79927.61,79865.25,79865.25,8.31264
2026-09-05 21:48:00,79865.25,79923.91,79864.0,79904.64,7.69022
2026-09-05 21:51:00,79904.64,79938.0,79904.2,79904.2,5.79151
2026-09-05 21:54:00,79904.21,79904.21,79896.01,79896.01,2.74339
2026-09-05 21:57:00,79896.02,79924.0,79880.0,79906.02,14.24888
2026-09-05 22:00:00,79906.02,79939.16,79905.93,79935.01,5.66386
2026-09-05 22:03:00,79935.01,79935.01,79868.0,79899.68,13.05599
2026-09-05 22:06:00,79899.69,79904.36,79882.19,79886.0,6.66058
2026-09-05 22:09:00,79886.0,79898.2,79856.69,79898.14,11.69207
2026-09-05 22:12:00,79898.14,79930.01,79898.13,79930.0,10.07895
2026-09-05 22:15:00,79930.01,79947.99,79901.58,79901.59,26.48324
2026-09-05 22:18:00,79901.58,79901.59,79862.53,79865.87,8.37815
2026-09-05 22:21:00,79865.87,79865.88,79849.99,79849.99,3.73388
2026-09-05 22:24:00,79850.0,79858.0,79813.01,79813.01,8.38498
2026-09-05 22:27:00,79813.02,79820.37,79770.0,79811.99,11.48011
2026-09-05 22:30:00,79812.0,79857.99,79812.0,79840.26,9.55536
2026-09-05 22:33:00,79840.26,79840.27,79812.0,79812.0,1.98712
2026-09-05 22:36:00,79812.01,79812.01,79802.0,79802.0,2.17614
2026-09-05 22:39:00,79802.01,79818.0,79799.13,79802.01,4.47972
2026-09-05 22:42:00,79802.01,79810.0,79759.46,79769.99,139.92356
2026-09-05 22:45:00,79769.99,79769.99,79752.24,79764.01,13.79373
2026-09-05 22:48:00,79764.01,79789.5,79764.0,79787.07,54.12836
2026-09-05 22:51:00,79787.08,79804.0,79787.07,79804.0,3.38527
2026-09-05 22:54:00,79804.0,79804.01,79759.99,79778.0,44.22487
2026-09-05 22:57:00,79778.0,79814.67,79749.41,79783.99,138.30253
2026-09-05 23:00:00,79783.99,79784.0,79748.05,79748.06,12.95582
2026-09-05 23:03:00,79748.06,79750.62,79748.05,79750.62,2.1436
2026-09-05 23:06:00,79750.62,79754.78,79716.0,79753.61,9.77961
2026-09-05 23:09:00,79753.62,79753.62,79744.68,79747.52,2.84662
2026-09-05 23:12:00,79747.52,79755.01,79747.51,79755.0,10.21126
2026-09-05 23:15:00,79755.01,79790.0,79748.68,79789.99,10.27746
2026-09-05 23:18:00,79789.99,79800.82,79789.99,79800.82,8.45279
2026-09-05 23:21:00,79800.82,79825.27,79779.14,79779.14,14.60164
2026-09-05 23:24:00,79779.15,79779.15,79774.0,79774.01,1.95896
2026-09-05 23:27:00,79774.0,79803.94,79774.0,79803.94,7.29312
2026-09-05 23:30:00,79803.93,79815.99,79803.92,79815.99,5.83368
2026-09-05 23:33:00,79815.99,79842.6,79815.99,79842.59,11.85615
2026-09-05 23:36:00,79842.6,79843.96,79706.04,79763.99,16.62238
2026-09-05 23:39:00,79764.0,79813.01,79756.0,79811.42,121.8367
2026-09-05 23:42:00,79811.42,79830.01,79788.0,79820.68,196.23981
2026-09-05 23:45:00,79820.67,79912.83,79812.0,79855.62,75.52379
2026-09-05 23:48:00,79855.62,79855.62,79810.0,79817.98,30.45526
2026-09-05 23:51:00,79817.98,79848.0,79817.98,79848.0,4.37031
2026-09-05 23:54:00,79848.0,79856.0,79802.01,79802.01,19.56202
2026-09-05 23:57:00,79802.01,79834.0,79784.0,79831.75,22.09866
2026-09-06 00:00:00,79831.75,79831.75,79829.98,79829.99,2.47501
2026-09-06 00:03:00,79829.99,79892.0,79829.99,79882.98,8.18407
2026-09-06 00:06:00,79882.97,79908.0,79882.0,79905.99,5.74383
2026-09-06 00:09:00,79905.99,79915.15,79905.99,79911.3,9.05434
2026-09-06 00:12:00,79911.3,79911.3,79900.0,79910.0,10.59764
2026-09-06 00:15:00,79910.01,79910.01,79903.06,79903.06,4.23562
2026-09-06 00:18:00,79903.07,79911.07,79903.06,79911.06,6.19374
2026-09-06 00:21:00,79911.06,79911.06,79870.14,79870.15,4.25377
2026-09-06 00:24:00,79870.15,79908.0,79870.14,79908.0,3.72004
2026-09-06 00:27:00,79907.99,79936.0,79907.99,79927.37,7.11136
2026-09-06 00:30:00,79927.37,79927.38,79892.0,79925.24,4.65711
2026-09-06 00:33:00,79925.24,79940.68,79888.0,79895.99,11.88823
2026-09-06 00:36:00,79895.99,79902.0,79889.77,79896.74,6.11343
2026-09-06 00:39:00,79896.75,79907.86,79874.0,79907.85,10.36007
2026-09-06 00:42:00,79907.85,79907.86,79880.0,79880.01,6.56004
2026-09-06 00:45:00,79880.0,79887.89,79870.0,79876.0,4.9516
2026-09-06 00:48:00,79876.0,79888.0,79868.01,79868.02,8.32099
2026-09-06 00:51:00,79868.02,79922.0,79860.84,79884.0,16.51305
2026-09-06 00:54:00,79884.0,79919.32,79884.0,79919.32,3.92173
2026-09-06 00:57:00,79919.32,79932.57,79866.0,79868.0,12.95354
2026-09-06 01:00:00,79868.01,79928.0,79868.01,79890.01,11.42296
2026-09-06 01:03:00,79890.01,79984.67,79890.01,79967.79,36.73297
2026-09-06 01:06:00,79967.79,79996.0,79962.92,79984.01,10.32111
2026-09-06 01:09:00,79984.01,79984.01,79974.0,79974.01,5.41808
2026-09-06 01:12:00,79974.01,79999.48,79962.0,79962.01,19.80672
2026-09-06 01:15:00,79962.0,79991.34,79956.0,79982.73,6.08693
2026-09-06 01:18:00,79982.74,79982.74,79931.27,79931.27,17.53903
2026-09-06 01:21:00,79931.28,79948.8,79900.0,79930.0,17.14455
2026-09-06 01:24:00,79930.01,79930.01,79920.0,79930.0,6.86534
2026-09-06 01:27:00,79930.0,79930.02,79922.0,79922.0,5.73525
2026-09-06 01:30:00,79922.0,79922.01,79922.0,79922.01,3.18475
2026-09-06 01:33:00,79922.01,79999.48,79922.0,79995.64,15.73038
2026-09-06 01:36:00,79995.64,80006.58,79962.92,79985.99,38.76316
2026-09-06 01:39:00,79986.0,80067.45,79966.0,79966.0,28.77471
2026-09-06 01:42:00,79966.01,79992.0,79958.0,79981.37,15.46524
2026-09-06 01:45:00,79981.38,80004.86,79935.31,79972.0,25.356
2026-09-06 01:48:00,79972.01,79972.01,79939.98,79939.99,7.17201
2026-09-06 01:51:00,79939.98,80013.29,79939.98,80008.07,10.65654
2026-09-06 01:54:00,80008.06,80008.07,79973.99,79975.29,7.94564
2026-09-06 01:57:00,79975.29,79984.0,79932.44,79951.39,14.88782
2026-09-06 02:00:00,79951.38,80009.25,79940.0,79940.01,10.14484
2026-09-06 02:03:00,79940.0,79967.78,79896.0,79938.47,25.56135
2026-09-06 02:06:00,79938.47,79976.01,79938.46,79972.1,5.86821
2026-09-06 02:09:00,79972.11,79983.11,79958.0,79969.98,8.3792
2026-09-06 02:12:00,79969.99,80019.11,79964.02,79997.86,56.1128
2026-09-06 02:15:00,79997.86,79997.87,79966.46,79966.47,37.5275
2026-09-06 02:18:00,79966.46,79966.46,79929.26,79946.82,9.09556
2026-09-06 02:21:00,79946.82,79946.82,79915.4,79921.02,8.19369
2026-09-06 02:24:00,79921.03,79924.39,79910.0,79918.01,8.20439
2026-09-06 02:27:00,79918.01,79924.4,79911.46,79911.46,11.46591
2026-09-06 02:30:00,79911.46,79936.31,79911.46,79936.3,6.85442
2026-09-06 02:33:00,79936.31,79952.9,79930.0,79930.0,6.61399
2026-09-06 02:36:00,79930.01,79930.01,79904.41,79917.99,12.00688
2026-09-06 02:39:00,79917.99,79938.11,79908.0,79926.26,10.63654
2026-09-06 02:42:00,79926.26,79926.26,79878.05,79878.05,7.37727
2026-09-06 02:45:00,79878.05,79885.33,79878.05,79883.09,3.51919
2026-09-06 02:48:00,79883.1,79883.1,79878.0,79878.84,4.13042
2026-09-06 02:51:00,79878.83,79888.0,79878.83,79888.0,6.45657
2026-09-06 02:54:00,79888.0,79888.0,79887.99,79887.99,5.06959
2026-09-06 02:57:00,79887.99,79914.95,79876.0,79907.28,15.02669
2026-09-06 03:00:00,79907.28,79911.82,79904.0,79909.13,2.90037
2026-09-06 03:03:00,79909.12,79916.0,79909.12,79915.99,3.56699
2026-09-06 03:06:00,79916.0,79918.82,79915.99,79918.81,8.43273
2026-09-06 03:09:00,79918.81,79918.81,79915.37,79915.37,4.65384
2026-09-06 03:12:00,79915.38,79937.08,79898.83,79937.08,15.92618
2026-09-06 03:15:00,79937.07,79962.0,79937.07,79957.47,9.67832
2026-09-06 03:18:00,79957.48,79968.0,79946.0,79946.0,24.46988
2026-09-06 03:21:00,79946.01,79946.01,79944.24,79944.25,15.28162
2026-09-06 03:24:00,79944.25,79968.16,79902.0,79902.0,15.30645
2026-09-06 03:27:00,79902.01,79902.01,79893.86,79899.13,15.94588
2026-09-06 03:30:00,79899.13,79952.36,79899.13,79940.0,16.19703
2026-09-06 03:33:00,79940.0,79970.0,79940.0,79969.99,10.66496
2026-09-06 03:36:00,79969.99,80001.0,79964.61,79991.45,15.69844
2026-09-06 03:39:00,79991.44,80027.26,79991.44,80027.26,16.66514
2026-09-06 03:42:00,80027.25,80107.99,80027.25,80107.99,18.32716
2026-09-06 03:45:00,80107.99,80107.99,80030.67,80030.68,24.56668
2026-09-06 03:48:00,80030.68,80030.68,80010.32,80010.33,9.33953
2026-09-06 03:51:00,80010.33,80065.92,80010.32,80049.72,9.7575
2026-09-06 03:54:00,80049.71,80049.72,80047.69,80047.69,3.05654
2026-09-06 03:57:00,80047.69,80047.69,80028.0,80028.01,8.27745
2026-09-06 04:00:00,80028.01,80028.01,80000.0,80000.01,15.40925
2026-09-06 04:03:00,80000.01,80000.01,79991.39,79991.4,3.62125
2026-09-06 04:06:00,79991.39,79991.4,79957.03,79959.07,23.05006
2026-09-06 04:09:00,79959.07,79992.0,79959.06,79992.0,4.963
2026-09-06 04:12:00,79992.0,79992.0,79964.0,79971.13,10.5052
2026-09-06 04:15:00,79971.14,79986.0,79962.92,79962.92,11.20086
2026-09-06 04:18:00,79962.92,79962.92,79919.5,79919.5,10.88085
2026-09-06 04:21:00,79919.51,79919.51,79914.0,79914.01,7.50463
2026-09-06 04:24:00,79914.01,79942.93,79877.99,79918.56,21.62122
2026-09-06 04:27:00,79918.57,79932.0,79916.0,79932.0,6.95965
2026-09-06 04:30:00,79931.99,79932.0,79917.99,79918.0,5.16813
2026-09-06 04:33:00,79917.99,79917.99,79905.46,79905.47,2.56782
2026-09-06 04:36:00,79905.47,79905.47,79902.69,79902.7,3.65487
2026-09-06 04:39:00,79902.7,79913.58,79901.58,79910.38,16.07472
2026-09-06 04:42:00,79910.37,79932.0,79910.37,79913.0,20.95984
2026-09-06 04:45:00,79912.99,79948.0,79912.99,79930.0,42.98392
2026-09-06 04:48:00,79930.01,79930.01,79900.01,79900.02,11.69248
2026-09-06 04:51:00,79900.01,79900.02,79886.46,79886.47,11.81743
2026-09-06 04:54:00,79886.47,79913.1,79854.0,79882.01,126.42119
2026-09-06 04:57:00,79882.0,79882.01,79866.0,79866.01,5.31097
2026-09-06 05:00:00,79866.01,79900.0,79866.0,79895.16,17.3812
2026-09-06 05:03:00,79895.16,79900.0,79856.15,79863.57,50.81472
2026-09-06 05:06:00,79863.57,79867.57,79863.57,79867.56,5.84216
2026-09-06 05:09:00,79867.57,79867.57,79820.02,79820.02,11.38324
2026-09-06 05:12:00,79820.02,79820.03,79794.04,79804.0,11.06133
2026-09-06 05:15:00,79804.0,79805.89,79803.99,79805.89,36.20528
2026-09-06 05:18:00,79805.89,79832.47,79796.0,79832.47,70.70392
2026-09-06 05:21:00,79832.47,79850.0,79824.52,79844.5,74.20379
2026-09-06 05:24:00,79844.5,79875.99,79829.26,79837.26,72.85225
2026-09-06 05:27:00,79837.27,79847.02,79837.27,79845.0,73.3323
2026-09-06 05:30:00,79845.0,79864.01,79845.0,79864.01,47.64328
2026-09-06 05:33:00,79864.01,79988.98,79857.75,79980.48,46.43325
2026-09-06 05:36:00,79980.47,80000.0,79980.47,80000.0,13.99833
2026-09-06 05:39:00,80000.0,80107.99,80000.0,80092.92,34.0134
2026-09-06 05:42:00,80092.92,80092.92,80010.0,80020.0,15.67502
2026-09-06 05:45:00,80020.0,80030.0,79953.17,79972.98,21.45582
2026-09-06 05:48:00,79972.98,79998.0,79972.97,79994.77,13.87417
2026-09-06 05:51:00,79994.78,80000.0,79986.35,79986.35,5.95588
2026-09-06 05:54:00,79986.36,79986.36,79948.0,79948.01,11.74466
2026-09-06 05:57:00,79948.0,79989.13,79948.0,79989.13,7.64652
2026-09-06 06:00:00,79989.12,79989.13,79948.01,79948.01,5.78336
2026-09-06 06:03:00,79948.02,79957.87,79948.01,79957.87,3.33325
2026-09-06 06:06:00,79957.87,79957.87,79944.0,79944.0,5.44402
2026-09-06 06:09:00,79944.0,79954.93,79931.56,79952.37,18.23408
2026-09-06 06:12:00,79952.37,79976.0,79925.12,79925.12,24.10452
2026-09-06 06:15:00,79925.12,79925.13,79908.0,79908.01,9.04856
2026-09-06 06:18:00,79908.01,79908.01,79884.0,79906.11,12.5789
2026-09-06 06:21:00,79906.11,79906.12,79878.0,79885.3,7.43432
2026-09-06 06:24:00,79885.31,79885.31,79829.57,79837.99,28.5579
2026-09-06 06:27:00,79838.0,79846.88,79834.46,79834.46,8.55179
2026-09-06 06:30:00,79834.46,79841.08,79808.0,79840.01,7.35128
2026-09-06 06:33:00,79840.01,79847.38,79808.01,79813.97,14.63138
2026-09-06 06:36:00,79813.97,79824.0,79813.0,79824.0,4.99033
2026-09-06 06:39:00,79824.0,79824.0,79764.63,79770.35,31.44887
2026-09-06 06:42:00,79770.36,79824.26,79770.35,79824.25,13.44796
2026-09-06 06:45:00,79824.25,79824.26,79763.21,79766.05,14.12304
2026-09-06 06:48:00,79766.04,79783.37,79676.66,79783.36,40.52823
2026-09-06 06:51:00,79783.37,79783.37,79765.29,79770.3,16.57606
2026-09-06 06:54:00,79770.29,79784.63,79760.63,79760.64,11.05999
2026-09-06 06:57:00,79760.63,79784.65,79760.63,79784.65,13.18828
2026-09-06 07:00:00,79784.65,79799.05,79778.4,79791.3,12.60669
2026-09-06 07:03:00,79791.29,79791.29,79784.17,79784.18,13.80884
2026-09-06 07:06:00,79784.17,79794.39,79748.13,79761.91,18.63942
2026-09-06 07:09:00,79761.92,79766.42,79723.22,79723.23,12.80577
2026-09-06 07:12:00,79723.23,79723.23,79577.0,79678.51,61.59881
2026-09-06 07:15:00,79678.51,79811.95,79677.66,79807.99,18.88834
2026-09-06 07:18:00,79807.99,79811.95,79773.97,79811.95,16.11647
2026-09-06 07:21:00,79811.95,79848.96,79811.94,79848.96,13.06778
2026-09-06 07:24:00,79848.95,79848.96,79774.01,79825.99,18.75045
2026-09-06 07:27:00,79825.99,79850.0,79823.23,79823.23,17.14129
2026-09-06 07:30:00,79823.23,79831.75,79807.36,79821.11,13.67838
2026-09-06 07:33:00,79821.11,79823.27,79812.0,79816.12,21.54495
2026-09-06 07:36:00,79816.12,79816.13,79782.61,79805.79,12.21404
2026-09-06 07:39:00,79805.79,79834.0,79805.78,79830.59,14.1845
2026-09-06 07:42:00,79830.59,79865.89,79830.59,79846.0,19.62945
2026-09-06 07:45:00,79846.0,79846.01,79818.0,79838.91,13.482
2026-09-06 07:48:00,79838.92,79838.92,79813.37,79813.37,12.3935
2026-09-06 07:51:00,79813.38,79813.55,79812.0,79813.55,4.32027
2026-09-06 07:54:00,79813.54,79847.75,79813.54,79847.74,8.02788
2026-09-06 07:57:00,79847.75,79854.44,79805.0,79805.0,16.33223
2026-09-06 08:00:00,79804.68,79814.65,79804.68,79814.0,30.8282
2026-09-06 08:03:00,79814.0,79857.11,79814.0,79826.0,63.47846
2026-09-06 08:06:00,79826.0,79868.0,79825.99,79850.85,27.35248
2026-09-06 08:09:00,79850.85,79889.99,79850.84,79863.31,90.62964
2026-09-06 08:12:00,79863.3,79880.25,79852.85,79873.5,16.11649
2026-09-06 08:15:00,79873.51,79873.51,79828.0,79828.01,7.75714
2026-09-06 08:18:00,79828.0,79830.41,79826.01,79826.02,9.04703
2026-09-06 08:21:00,79826.02,79826.02,79816.0,79818.66,10.64643
2026-09-06 08:24:00,79818.67,79818.67,79814.0,79814.01,4.64511
2026-09-06 08:27:00,79814.0,79814.0,79798.09,79804.0,10.18433
2026-09-06 08:30:00,79804.0,79804.01,79790.99,79790.99,41.07416
2026-09-06 08:33:00,79790.99,79814.02,79789.95,79789.96,63.95075
2026-09-06 08:36:00,79789.96,79789.96,79783.89,79783.97,64.6677
2026-09-06 08:39:00,79783.98,79795.93,79772.07,79772.08,62.88927
2026-09-06 08:42:00,79772.07,79781.22,79752.7,79779.74,23.69206
2026-09-06 08:45:00,79779.74,79779.75,79771.38,79771.38,8.10013
2026-09-06 08:48:00,79771.39,79778.0,79762.0,79778.0,8.37713
2026-09-06 08:51:00,79778.0,79845.18,79777.99,79845.18,14.41147
2026-09-06 08:54:00,79845.18,79876.0,79845.17,79846.0,15.76312
2026-09-06 08:57:00,79846.0,79846.01,79827.28,79837.17,4.66259
2026-09-06 09:00:00,79837.17,79848.0,79806.01,79838.88,18.22409
2026-09-06 09:03:00,79838.88,79872.0,79838.88,79871.98,7.3148
2026-09-06 09:06:00,79871.99,79871.99,79860.01,79860.08,5.91078
2026-09-06 09:09:00,79860.08,79912.79,79860.07,79912.78,31.268
2026-09-06 09:12:00,79912.79,79927.75,79912.0,79927.74,16.23404
2026-09-06 09:15:00,79927.75,79959.99,79917.11,79948.77,13.0966
2026-09-06 09:18:00,79948.77,79948.78,79930.0,79936.43,10.48452
2026-09-06 09:21:00,79936.43,79972.97,79930.0,79952.55,23.84015
2026-09-06 09:24:00,79952.55,79968.0,79952.54,79964.65,6.65214
2026-09-06 09:27:00,79964.66,79989.57,79964.65,79967.93,33.37177
2026-09-06 09:30:00,79967.94,79990.0,79964.0,79989.99,34.18534
2026-09-06 09:33:00,79989.99,79990.0,79955.61,79955.62,51.08578
2026-09-06 09:36:00,79955.62,79955.62,79911.74,79916.86,45.30066
2026-09-06 09:39:00,79916.87,79916.87,79869.91,79891.16,112.82572
2026-09-06 09:42:00,79891.16,79891.17,79840.25,79856.05,40.32244
2026-09-06 09:45:00,79856.05,79856.06,79848.5,79854.78,29.46511
2026-09-06 09:48:00,79854.78,79854.78,79854.6,79854.6,26.78883
2026-09-06 09:51:00,79854.6,79860.0,79854.6,79859.99,25.33943
2026-09-06 09:54:00,79859.99,79860.0,79854.19,79854.19,34.957
2026-09-06 09:57:00,79854.19,79905.1,79854.19,79885.77,117.49887
2026-09-06 10:00:00,79885.78,79917.6,79885.77,79917.59,24.40707
2026-09-06 10:03:00,79917.6,79938.01,79917.59,79937.99,6.86934
2026-09-06 10:06:00,79937.99,79938.0,79912.0,79921.87,8.89299
2026-09-06 10:09:00,79921.87,79921.88,79921.86,79921.86,4.90601
2026-09-06 10:12:00,79921.86,79921.87,79921.86,79921.87,3.31176
2026-09-06 10:15:00,79921.86,79953.98,79921.86,79943.91,12.86972
2026-09-06 10:18:00,79943.92,79976.0,79943.91,79976.0,16.84531
2026-09-06 10:21:00,79975.99,79979.99,79971.3,79979.99,6.0031
2026-09-06 10:24:00,79979.99,79979.99,79960.0,79960.09,9.51142
2026-09-06 10:27:00,79960.1,79984.12,79960.09,79973.57,11.72008
2026-09-06 10:30:00,79973.56,79980.68,79973.56,79979.22,8.26368
2026-09-06 10:33:00,79979.22,79979.23,79979.22,79979.22,6.97621
2026-09-06 10:36:00,79979.22,79979.23,79968.95,79968.96,10.0129
2026-09-06 10:39:00,79968.95,79988.07,79968.94,79988.06,23.70361
2026-09-06 10:42:00,79988.07,80014.65,79988.06,80013.02,11.74752
2026-09-06 10:45:00,80013.02,80013.03,79999.0,79999.01,11.44579
2026-09-06 10:48:00,79999.0,79999.01,79989.17,79989.18,5.58249
2026-09-06 10:51:00,79989.17,80000.0,79978.41,79999.99,18.62263
2026-09-06 10:54:00,80000.0,80020.0,79999.99,80004.01,12.0276
2026-09-06 10:57:00,80004.01,80020.0,80003.92,80003.93,9.66175
2026-09-06 11:00:00,80003.92,80003.93,79950.0,79993.27,21.95208
2026-09-06 11:03:00,79993.26,79993.27,79973.55,79973.56,6.40571
2026-09-06 11:06:00,79973.55,79990.0,79952.0,79959.99,9.77314
2026-09-06 11:09:00,79959.99,79960.0,79946.0,79953.46,7.89652
2026-09-06 11:12:00,79953.46,79979.99,79922.14,79979.33,13.86194
2026-09-06 11:15:00,79979.34,79990.0,79979.33,79985.85,8.71214
2026-09-06 11:18:00,79985.86,79985.86,79932.0,79932.01,15.76075
2026-09-06 11:21:00,79932.01,79939.4,79932.0,79939.4,2.29153
2026-09-06 11:24:00,79939.39,79942.0,79906.17,79906.18,10.26319
2026-09-06 11:27:00,79906.18,79990.0,79896.0,79902.77,25.00976
2026-09-06 11:30:00,79902.77,79935.86,79890.0,79928.26,22.42059
2026-09-06 11:33:00,79928.27,79971.99,79914.0,79914.0,16.71376
2026-09-06 11:36:00,79914.01,79914.01,79914.0,79914.01,5.24418
2026-09-06 11:39:00,79914.01,79921.99,79914.0,79921.98,6.65723
2026-09-06 11:42:00,79921.98,79953.92,79914.02,79953.92,12.26275
2026-09-06 11:45:00,79953.91,79963.62,79934.52,79961.02,9.47146
2026-09-06 11:48:00,79961.01,79961.02,79952.91,79952.92,13.67932
2026-09-06 11:51:00,79952.92,79952.92,79918.0,79918.0,7.49656
2026-09-06 11:54:00,79918.01,79918.01,79918.0,79918.0,3.5268
2026-09-06 11:57:00,79918.01,79919.18,79908.0,79919.17,4.68111
2026-09-06 12:00:00,79919.17,79919.18,79919.17,79919.18,2.54352
2026-09-06 12:03:00,79919.18,79919.18,79908.0,79908.0,7.19274
2026-09-06 12:06:00,79908.01,79908.01,79902.1,79902.1,12.9953
2026-09-06 12:09:00,79902.1,79902.11,79861.2,79867.87,12.13061
2026-09-06 12:12:00,79867.86,79942.0,79858.1,79930.0,28.76195
2026-09-06 12:15:00,79930.0,79984.25,79929.99,79983.71,14.53341
2026-09-06 12:18:00,79983.7,79983.72,79956.45,79956.46,5.20888
2026-09-06 12:21:00,79956.46,80004.01,79956.45,79996.76,19.27657
2026-09-06 12:24:00,79996.77,79996.77,79971.85,79971.85,32.00484
2026-09-06 12:27:00,79971.85,80004.0,79971.85,79972.04,14.59268
2026-09-06 12:30:00,79972.04,80010.0,79972.03,79972.04,16.66978
2026-09-06 12:33:00,79972.03,79999.5,79972.03,79996.0,6.50653
2026-09-06 12:36:00,79996.01,79996.01,79959.99,79988.99,12.76105
2026-09-06 12:39:00,79989.0,79999.53,79958.7,79958.71,15.07971
2026-09-06 12:42:00,79958.71,79982.0,79938.01,79938.01,11.85882
2026-09-06 12:45:00,79938.02,79960.0,79938.01,79948.0,5.95418
2026-09-06 12:48:00,79948.0,79952.0,79920.06,79951.99,18.51067
2026-09-06 12:51:00,79952.0,79972.0,79951.99,79971.99,5.38399
2026-09-06 12:54:00,79971.99,80000.0,79941.13,79941.13,19.10268
2026-09-06 12:57:00,79941.13,79942.0,79922.04,79922.04,8.72652
2026-09-06 13:00:00,79922.04,79932.0,79874.0,79931.99,22.28333
2026-09-06 13:03:00,79932.0,79952.0,79914.01,79916.58,30.52957
2026-09-06 13:06:00,79916.58,79964.0,79914.09,79964.0,13.44354
2026-09-06 13:09:00,79964.0,79968.0,79909.52,79915.3,16.37677
2026-09-06 13:12:00,79915.29,79915.3,79886.0,79886.0,11.8642
2026-09-06 13:15:00,79886.01,79886.01,79824.01,79831.76,20.03764
2026-09-06 13:18:00,79831.76,79840.0,79812.51,79827.88,12.90593
2026-09-06 13:21:00,79827.88,79838.0,79826.18,79838.0,5.58573
2026-09-06 13:24:00,79838.0,79838.0,79802.15,79827.4,11.02094
2026-09-06 13:27:00,79827.39,79828.0,79790.03,79794.07,11.00909
2026-09-06 13:30:00,79794.07,79805.83,79790.0,79802.0,7.20896
2026-09-06 13:33:00,79801.99,79806.91,79760.39,79791.13,32.98075
2026-09-06 13:36:00,79791.14,79857.99,79791.14,79843.33,45.32129
2026-09-06 13:39:00,79843.34,79843.34,79794.94,79815.97,34.40279
2026-09-06 13:42:00,79815.97,79824.0,79794.23,79794.23,7.18029
2026-09-06 13:45:00,79794.23,79839.56,79794.23,79831.46,10.00843
2026-09-06 13:48:00,79831.47,79842.0,79794.09,79804.0,28.68004
2026-09-06 13:51:00,79804.0,79822.0,79803.99,79818.16,13.89964
2026-09-06 13:54:00,79818.16,79818.17,79810.1,79818.02,8.64296
2026-09-06 13:57:00,79818.02,79845.17,79772.59,79829.98,36.90727
2026-09-06 14:00:00,79829.99,79840.25,79812.85,79812.85,23.46862
2026-09-06 14:03:00,79812.86,79832.0,79803.0,79808.56,13.84478
2026-09-06 14:06:00,79808.57,79808.57,79778.91,79779.42,28.81558
2026-09-06 14:09:00,79779.43,79779.43,79744.0,79776.54,18.54476
2026-09-06 14:12:00,79776.55,79786.0,79744.0,79750.0,13.72254
2026-09-06 14:15:00,79749.99,79763.46,79614.85,79714.01,50.79486
2026-09-06 14:18:00,79714.01,79796.0,79658.0,79658.0,24.89421
2026-09-06 14:21:00,79658.0,79672.0,79591.39,79646.55,62.66633
2026-09-06 14:24:00,79646.54,79688.0,79646.54,79687.99,15.61318
2026-09-06 14:27:00,79688.0,79718.0,79671.81,79671.82,21.67541
2026-09-06 14:30:00,79671.82,79671.82,79233.0,79469.89,230.16646
2026-09-06 14:33:00,79469.9,79587.28,79441.68,79587.28,38.34792
2026-09-06 14:36:00,79587.28,79620.0,79574.0,79619.99,18.87947
2026-09-06 14:39:00,79620.0,79756.76,79619.99,79676.01,35.36781
2026-09-06 14:42:00,79676.01,79728.0,79654.64,79718.18,17.06464
2026-09-06 14:45:00,79718.18,79718.18,79554.58,79577.99,23.61474
2026-09-06 14:48:00,79577.99,79683.99,79577.98,79683.98,12.01042
2026-09-06 14:51:00,79683.98,79706.0,79664.0,79698.59,13.13225
2026-09-06 14:54:00,79698.6,79699.72,79610.68,79610.68,24.23218
2026-09-06 14:57:00,79610.69,79623.06,79528.0,79543.06,12.83888
2026-09-06 15:00:00,79543.07,79543.07,79383.32,79472.23,52.68542
2026-09-06 15:03:00,79472.22,79585.95,79460.0,79579.45,30.92626
2026-09-06 15:06:00,79579.46,79579.46,79519.76,79540.03,21.61714
2026-09-06 15:09:00,79540.03,79580.0,79512.18,79517.01,49.07884
2026-09-06 15:12:00,79517.0,79538.52,79516.0,79538.51,10.08261
2026-09-06 15:15:00,79538.51,79624.0,79538.51,79580.08,13.57117
2026-09-06 15:18:00,79580.08,79648.0,79557.59,79624.62,14.5695
2026-09-06 15:21:00,79624.61,79662.0,79603.97,79621.99,12.20927
2026-09-06 15:24:00,79622.0,79656.0,79621.99,79623.2,6.40035
2026-09-06 15:27:00,79623.21,79638.0,79623.2,79635.92,4.55044
2026-09-06 15:30:00,79635.92,79652.85,79612.57,79612.57,6.32591
2026-09-06 15:33:00,79612.57,79638.3,79596.36,79618.0,11.12085
2026-09-06 15:36:00,79618.0,79703.0,79617.99,79703.0,9.69719
2026-09-06 15:39:00,79702.99,79716.0,79688.84,79704.67,8.26346
2026-09-06 15:42:00,79704.66,79704.67,79692.0,79692.01,4.79261
2026-09-06 15:45:00,79692.0,79692.01,79692.0,79692.01,2.00257
2026-09-06 15:48:00,79692.0,79716.0,79692.0,79700.14,3.54317
2026-09-06 15:51:00,79700.14,79726.0,79700.14,79726.0,5.80938
2026-09-06 15:54:00,79725.99,79726.0,79656.22,79676.0,31.26499
2026-09-06 15:57:00,79675.99,79734.59,79675.99,79716.5,43.58989
2026-09-06 16:00:00,79716.51,79716.51,79670.01,79674.49,11.15513
2026-09-06 16:03:00,79674.49,79674.49,79606.04,79649.99,17.80141
2026-09-06 16:06:00,79650.0,79650.0,79616.46,79620.02,10.74478
2026-09-06 16:09:00,79620.02,79717.66,79617.01,79717.66,12.84669
2026-09-06 16:12:00,79717.65,79734.58,79696.02,79698.0,15.93128
2026-09-06 16:15:00,79698.01,79710.0,79674.0,79705.37,8.19102
2026-09-06 16:18:00,79705.37,79712.0,79685.99,79686.0,9.30563
2026-09-06 16:21:00,79686.0,79693.45,79676.35,79676.35,6.94918
2026-09-06 16:24:00,79676.36,79690.0,79641.62,79689.99,5.85171
2026-09-06 16:27:00,79690.0,79725.0,79673.58,79712.85,17.49479
2026-09-06 16:30:00,79712.85,79760.0,79691.28,79760.0,16.98055
2026-09-06 16:33:00,79760.0,79786.0,79716.03,79716.04,14.82524
2026-09-06 16:36:00,79716.03,79734.0,79712.0,79722.73,8.39499
2026-09-06 16:39:00,79722.73,79734.63,79722.72,79734.63,6.39472
2026-09-06 16:42:00,79734.63,79740.0,79700.0,79720.24,8.80841
2026-09-06 16:45:00,79720.24,79720.25,79698.0,79698.0,5.87498
2026-09-06 16:48:00,79698.01,79705.77,79692.22,79700.0,7.39945
2026-09-06 16:51:00,79699.99,79719.12,79699.99,79719.11,5.64404
2026-09-06 16:54:00,79719.12,79722.95,79664.78,79664.79,26.37966
2026-09-06 16:57:00,79664.79,79682.0,79645.02,79682.0,5.31766
2026-09-06 17:00:00,79682.0,79682.0,79665.28,79670.99,8.48871
2026-09-06 17:03:00,79671.0,79671.0,79640.98,79648.55,6.54471
2026-09-06 17:06:00,79648.55,79670.0,79631.75,79631.75,11.49831
2026-09-06 17:09:00,79631.76,79631.76,79584.73,79623.71,18.40373
2026-09-06 17:12:00,79623.71,79626.0,79611.15,79626.0,5.62383
2026-09-06 17:15:00,79626.0,79674.04,79625.99,79674.04,5.17548
2026-09-06 17:18:00,79674.04,79769.42,79674.03,79690.0,23.40117
2026-09-06 17:21:00,79690.01,79732.0,79690.0,79716.9,10.53789
2026-09-06 17:24:00,79716.9,79773.88,79716.89,79732.31,11.25032
2026-09-06 17:27:00,79732.31,79732.32,79696.42,79696.42,19.27349
2026-09-06 17:30:00,79696.42,79722.0,79676.59,79722.0,8.39635
2026-09-06 17:33:00,79722.0,79759.41,79714.58,79714.59,12.47198
2026-09-06 17:36:00,79714.58,79766.0,79714.58,79736.77,8.3773
2026-09-06 17:39:00,79736.77,79757.65,79736.76,79755.33,5.92747
2026-09-06 17:42:00,79755.34,79755.34,79748.22,79748.22,13.96239
2026-09-06 17:45:00,79748.22,79748.23,79744.0,79744.01,2.87078
2026-09-06 17:48:00,79744.0,79750.84,79732.0,79743.56,13.86857
2026-09-06 17:51:00,79743.57,79756.0,79737.29,79745.19,4.43792
2026-09-06 17:54:00,79745.19,79752.0,79736.93,79752.0,5.33329
2026-09-06 17:57:00,79752.0,79766.0,79735.78,79745.34,9.23202
2026-09-06 18:00:00,79745.34,79776.0,79745.34,79776.0,3.08267
2026-09-06 18:03:00,79776.0,79824.13,79775.99,79824.13,16.02499
2026-09-06 18:06:00,79824.13,79836.0,79812.0,79836.0,11.10569
2026-09-06 18:09:00,79835.99,79836.0,79828.45,79828.46,4.82504
2026-09-06 18:12:00,79828.46,79871.0,79828.45,79835.97,27.35153
2026-09-06 18:15:00,79835.97,79865.45,79826.71,79865.44,5.88192
2026-09-06 18:18:00,79865.45,79894.0,79857.15,79893.9,5.72041
2026-09-06 18:21:00,79893.91,79900.0,79875.01,79879.92,15.32572
2026-09-06 18:24:00,79879.91,79912.29,79879.91,79880.22,13.97646
2026-09-06 18:27:00,79880.22,79919.63,79880.22,79916.45,7.59076
2026-09-06 18:30:00,79916.46,79956.0,79916.45,79954.72,10.02844
2026-09-06 18:33:00,79954.72,79954.72,79930.0,79949.74,12.67549
2026-09-06 18:36:00,79949.73,79958.73,79949.73,79954.46,6.45748
2026-09-06 18:39:00,79954.45,79970.0,79952.7,79956.0,14.74437
2026-09-06 18:42:00,79956.0,79956.0,79932.01,79953.06,23.17872
2026-09-06 18:45:00,79953.07,79953.07,79902.62,79911.2,10.95943
2026-09-06 18:48:00,79911.21,79922.0,79911.2,79918.37,7.56713
2026-09-06 18:51:00,79918.37,79944.0,79918.37,79928.07,7.02675
2026-09-06 18:54:00,79928.07,79928.08,79915.18,79921.36,4.94904
2026-09-06 18:57:00,79921.36,79959.1,79921.35,79955.34,9.87195
2026-09-06 19:00:00,79955.34,79955.34,79905.05,79905.05,9.76861
2026-09-06 19:03:00,79905.06,79905.06,79902.77,79902.77,4.06774
2026-09-06 19:06:00,79902.77,79902.78,79876.03,79876.04,9.713
2026-09-06 19:09:00,79876.03,79876.05,79866.34,79874.52,16.69866
2026-09-06 19:12:00,79874.53,79874.53,79867.65,79867.66,8.91979
2026-09-06 19:15:00,79867.66,79867.66,79861.19,79861.19,7.25105
2026-09-06 19:18:00,79861.2,79861.21,79855.25,79855.25,9.95765
2026-09-06 19:21:00,79855.25,79855.26,79822.41,79849.02,12.61833
2026-09-06 19:24:00,79849.03,79868.0,79849.02,79861.62,9.66094
2026-09-06 19:27:00,79861.62,79861.63,79850.62,79850.63,13.72781
2026-09-06 19:30:00,79850.62,79850.63,79830.05,79830.06,8.01509
2026-09-06 19:33:00,79830.06,79830.06,79811.79,79811.79,10.05169
2026-09-06 19:36:00,79811.79,79822.22,79806.62,79822.21,12.8854
2026-09-06 19:39:00,79822.22,79822.22,79808.0,79808.0,8.09842
2026-09-06 19:42:00,79808.01,79808.01,79807.92,79807.92,12.3919
2026-09-06 19:45:00,79807.92,79812.0,79802.96,79811.99,12.83756
2026-09-06 19:48:00,79811.99,79812.0,79811.99,79812.0,9.37628
2026-09-06 19:51:00,79811.99,79812.02,79811.99,79812.01,9.75882
2026-09-06 19:54:00,79812.01,79812.01,79812.0,79812.0,7.49585
2026-09-06 19:57:00,79812.01,79830.0,79799.52,79829.99,20.20695
2026-09-06 20:00:00,79830.0,79830.0,79821.8,79821.8,9.97382
2026-09-06 20:03:00,79821.81,79821.81,79797.61,79797.62,8.53091
2026-09-06 20:06:00,79797.62,79797.62,79776.59,79776.6,8.64109
2026-09-06 20:09:00,79776.6,79786.0,79776.59,79786.0,3.63575
2026-09-06 20:12:00,79785.99,79809.57,79785.99,79809.56,6.114
2026-09-06 20:15:00,79809.56,79809.58,79809.56,79809.58,3.53252
2026-09-06 20:18:00,79809.58,79890.12,79809.56,79890.12,12.59393
2026-09-06 20:21:00,79890.11,79951.69,79890.11,79951.69,11.57538
2026-09-06 20:24:00,79951.69,79951.69,79926.51,79926.52,17.07135
2026-09-06 20:27:00,79926.51,79944.0,79926.51,79934.01,15.14075
2026-09-06 20:30:00,79934.0,79956.0,79934.0,79955.99,9.57165
2026-09-06 20:33:00,79956.0,79956.0,79946.0,79946.01,19.00388
2026-09-06 20:36:00,79946.0,79969.83,79940.0,79940.01,17.60618
2026-09-06 20:39:00,79940.01,79948.0,79916.0,79916.01,21.5579
2026-09-06 20:42:00,79916.01,79954.0,79916.0,79953.99,12.47175
2026-09-06 20:45:00,79954.0,79973.56,79940.28,79940.29,12.39403
2026-09-06 20:48:00,79940.28,79940.29,79910.0,79932.0,12.73922
2026-09-06 20:51:00,79932.0,79948.0,79906.09,79906.1,10.50011
2026-09-06 20:54:00,79906.1,79906.1,79899.35,79899.36,10.57266
2026-09-06 20:57:00,79899.36,79912.0,79899.35,79912.0,12.61161
2026-09-06 21:00:00,79912.0,79969.78,79912.0,79969.54,13.77491
2026-09-06 21:03:00,79969.55,79974.17,79964.5,79974.17,14.84275
2026-09-06 21:06:00,79974.16,79995.15,79928.0,79993.76,22.10813
2026-09-06 21:09:00,79993.75,80000.0,79958.0,80000.0,27.42213
2026-09-06 21:12:00,79999.99,80016.0,79984.04,80003.7,26.00396
2026-09-06 21:15:00,80003.7,80033.73,79996.0,80029.87,28.08121
2026-09-06 21:18:00,80029.88,80034.0,79998.0,79998.0,15.49987
2026-09-06 21:21:00,79998.01,79998.01,79938.0,79944.71,13.34679
2026-09-06 21:24:00,79944.71,79991.39,79944.7,79962.92,12.71038
2026-09-06 21:27:00,79962.93,79962.93,79900.0,79907.72,37.35339
2026-09-06 21:30:00,79907.72,79907.72,79894.0,79904.24,12.827
2026-09-06 21:33:00,79904.25,79910.01,79904.24,79910.0,15.62994
2026-09-06 21:36:00,79910.0,79915.71,79902.61,79902.61,10.16922
2026-09-06 21:39:00,79902.62,79924.0,79875.24,79923.99,20.12161
2026-09-06 21:42:00,79924.0,79986.02,79875.74,79910.6,35.79655
2026-09-06 21:45:00,79910.6,80000.0,79910.6,79984.65,14.51664
2026-09-06 21:48:00,79984.66,79988.23,79914.0,79929.82,19.94738
2026-09-06 21:51:00,79929.82,79934.0,79893.68,79934.0,13.19528
2026-09-06 21:54:00,79934.0,79941.4,79920.0,79920.01,11.84868
2026-09-06 21:57:00,79920.01,79960.0,79920.0,79944.38,15.94449
2026-09-06 22:00:00,79944.39,79944.8,79818.39,79819.55,28.83644
2026-09-06 22:03:00,79819.55,79893.33,79806.5,79878.98,17.30318
2026-09-06 22:06:00,79878.98,79890.73,79744.0,79764.91,29.14142
2026-09-06 22:09:00,79764.91,79764.92,79676.03,79748.4,27.40512
2026-09-06 22:12:00,79748.4,79756.86,79708.0,79753.25,18.08209
2026-09-06 22:15:00,79753.25,79773.44,79716.0,79716.01,16.64368
2026-09-06 22:18:00,79716.0,79726.65,79647.04,79670.0,40.58971
2026-09-06 22:21:00,79670.0,79737.26,79668.0,79737.26,17.80053
2026-09-06 22:24:00,79737.26,79821.28,79732.0,79814.71,18.07168
2026-09-06 22:27:00,79814.7,79837.47,79792.52,79824.0,18.32699
2026-09-06 22:30:00,79823.99,79882.55,79816.01,79877.72,20.92648
2026-09-06 22:33:00,79877.71,79972.98,79863.39,79955.71,24.46843
2026-09-06 22:36:00,79955.71,80015.84,79936.63,79984.0,27.87933
2026-09-06 22:39:00,79984.0,79996.26,79946.02,79966.01,22.69997
2026-09-06 22:42:00,79966.01,79987.36,79932.0,79972.98,24.49179
2026-09-06 22:45:00,79972.97,79992.27,79947.51,79950.01,19.37181
2026-09-06 22:48:00,79950.01,80012.97,79950.0,80012.97,23.10235
2026-09-06 22:51:00,80012.97,80054.28,79996.95,80024.01,33.18787
2026-09-06 22:54:00,80024.0,80093.39,80024.0,80093.39,17.1269
2026-09-06 22:57:00,80093.38,80093.79,80019.76,80055.17,41.28001
2026-09-06 23:00:00,80055.18,80100.0,80010.0,80100.0,31.96975
2026-09-06 23:03:00,80099.99,80352.18,80099.99,80198.57,90.74549
2026-09-06 23:06:00,80198.58,80208.27,80146.0,80180.01,32.24955
2026-09-06 23:09:00,80180.0,80245.83,80171.74,80197.27,57.01472
2026-09-06 23:12:00,80197.27,80213.17,80189.02,80191.67,28.68206
2026-09-06 23:15:00,80191.66,80198.65,80149.22,80198.65,29.04823
2026-09-06 23:18:00,80198.65,80280.0,80198.65,80221.97,31.65997
2026-09-06 23:21:00,80222.0,80228.0,80164.0,80171.99,27.82046
2026-09-06 23:24:00,80172.0,80178.0,80100.0,80164.11,45.43494
2026-09-06 23:27:00,80164.1,80172.0,80116.0,80122.0,23.98655
2026-09-06 23:30:00,80121.99,80196.0,80121.99,80195.99,21.59161
2026-09-06 23:33:00,80195.99,80239.64,80184.86,80223.14,26.95621
2026-09-06 23:36:00,80223.14,80437.89,80223.13,80431.23,63.07342
2026-09-06 23:39:00,80431.23,80452.0,80362.0,80398.15,44.35774
2026-09-06 23:42:00,80398.15,80487.49,80368.92,80383.25,82.1505
2026-09-06 23:45:00,80383.25,80559.99,80383.25,80446.01,70.24756
2026-09-06 23:48:00,80446.0,80534.0,80412.0,80451.61,33.52459
2026-09-06 23:51:00,80451.6,80451.6,80396.0,80408.53,24.19998
2026-09-06 23:54:00,80408.53,80480.0,80298.58,80326.0,103.74213
2026-09-06 23:57:00,80325.99,80354.0,80324.0,80341.83,27.64362
2026-09-07 00:00:00,80341.83,80356.0,80230.29,80346.67,55.08786
2026-09-07 00:03:00,80346.67,80426.0,80310.0,80426.0,51.49075
2026-09-07 00:06:00,80426.0,80443.99,80345.09,80405.36,29.17872
2026-09-07 00:09:00,80405.35,80430.0,80344.54,80346.79,16.06252
2026-09-07 00:12:00,80346.96,80363.93,80322.01,80328.0,19.23566
2026-09-07 00:15:00,80328.01,80336.0,80192.47,80212.65,26.98228
2026-09-07 00:18:00,80212.64,80212.64,80061.9,80119.66,41.4361
2026-09-07 00:21:00,80119.65,80206.98,80119.65,80147.52,28.62228
2026-09-07 00:24:00,80147.53,80206.48,80139.79,80206.47,9.04031
2026-09-07 00:27:00,80206.48,80222.0,80185.73,80199.89,7.31413
2026-09-07 00:30:00,80199.89,80272.0,80199.89,80210.0,22.78824
2026-09-07 00:33:00,80210.01,80220.0,80127.62,80171.93,20.18997
2026-09-07 00:36:00,80171.94,80183.61,80114.81,80114.82,15.22796
2026-09-07 00:39:00,80114.82,80170.63,80103.9,80128.22,12.62706
2026-09-07 00:42:00,80128.22,80168.77,80127.44,80150.01,20.05947
2026-09-07 00:45:00,80150.0,80181.61,80091.87,80181.61,19.45865
2026-09-07 00:48:00,80181.61,80181.61,80121.65,80122.63,11.09432
2026-09-07 00:51:00,80122.63,80198.21,80122.63,80131.66,18.07282
2026-09-07 00:54:00,80131.67,80184.88,80127.13,80131.76,14.87094
2026-09-07 00:57:00,80131.75,80160.02,80059.11,80160.01,34.39716
2026-09-07 01:00:00,80160.01,80217.44,80100.0,80217.44,22.38109
2026-09-07 01:03:00,80217.43,80243.81,80104.42,80146.02,34.1357
2026-09-07 01:06:00,80146.03,80146.03,80025.05,80036.0,23.38477
2026-09-07 01:09:00,80036.01,80061.2,79957.56,80051.08,36.50345
2026-09-07 01:12:00,80051.07,80051.08,79947.27,79958.55,32.64856
2026-09-07 01:15:00,79958.55,80004.08,79866.21,80004.08,36.98279
2026-09-07 01:18:00,80004.07,80014.07,79869.71,79869.71,35.86811
2026-09-07 01:21:00,79869.71,79957.4,79869.71,79919.71,12.60359
2026-09-07 01:24:00,79919.7,79928.72,79856.15,79858.39,26.16717
2026-09-07 01:27:00,79858.39,79938.52,79858.38,79918.56,28.47276
2026-09-07 01:30:00,79918.57,79950.0,79881.58,79950.0,14.05035
2026-09-07 01:33:00,79950.0,79992.0,79945.8,79945.81,14.61347
2026-09-07 01:36:00,79945.8,79956.97,79915.76,79915.77,12.08266
2026-09-07 01:39:00,79915.76,79918.34,79854.97,79855.07,18.72693
2026-09-07 01:42:00,79855.07,79881.92,79829.68,79854.46,15.47312
2026-09-07 01:45:00,79854.46,79900.01,79854.45,79887.86,13.34699
2026-09-07 01:48:00,79887.86,79887.86,79826.28,79874.21,16.30163
2026-09-07 01:51:00,79874.22,79930.15,79874.21,79930.15,8.15305
2026-09-07 01:54:00,79930.14,79986.47,79927.33,79943.72,11.84188
2026-09-07 01:57:00,79943.71,79954.19,79926.13,79926.14,15.48383
2026-09-07 02:00:00,79926.14,79939.17,79919.9,79923.56,5.96581
2026-09-07 02:03:00,79923.55,79923.55,79865.0,79874.88,10.52385
2026-09-07 02:06:00,79874.87,79874.87,79805.66,79847.35,17.56496
2026-09-07 02:09:00,79847.35,79847.35,79801.77,79831.4,13.93137
2026-09-07 02:12:00,79831.39,79847.37,79800.0,79837.03,12.50208
2026-09-07 02:15:00,79837.04,79900.0,79837.03,79880.04,11.46932
2026-09-07 02:18:00,79880.05,79981.56,79880.04,79972.97,30.15775
2026-09-07 02:21:00,79972.98,79972.98,79924.43,79931.3,9.62909
2026-09-07 02:24:00,79931.31,79992.7,79925.03,79985.23,13.09149
2026-09-07 02:27:00,79985.22,80041.61,79974.08,80032.01,23.78766
2026-09-07 02:30:00,80032.01,80056.06,80018.71,80018.71,13.303
2026-09-07 02:33:00,80018.71,80085.6,80003.74,80085.59,16.3775
2026-09-07 02:36:00,80085.6,80288.23,80085.59,80262.01,37.45688
2026-09-07 02:39:00,80262.01,80426.0,80262.01,80315.05,64.41292
2026-09-07 02:42:00,80315.05,80347.35,80247.55,80264.0,25.72888
2026-09-07 02:45:00,80264.0,80280.0,80217.48,80250.0,17.26014
2026-09-07 02:48:00,80250.0,80275.0,80226.26,80236.01,13.91564
2026-09-07 02:51:00,80236.0,80241.36,80154.18,80154.18,13.36363
2026-09-07 02:54:00,80154.19,80154.19,80069.43,80073.3,11.33485
2026-09-07 02:57:00,80073.29,80073.3,79827.89,79874.24,49.4568
2026-09-07 03:00:00,79874.25,79962.92,79800.29,79958.41,33.95789
2026-09-07 03:03:00,79958.41,79986.02,79933.94,79944.12,13.00315
2026-09-07 03:06:00,79944.11,79944.11,79806.01,79825.42,16.02387
2026-09-07 03:09:00,79825.41,79843.04,79806.02,79806.03,13.78122
2026-09-07 03:12:00,79806.02,79813.09,79768.18,79792.78,28.94646
2026-09-07 03:15:00,79792.79,79806.74,79762.41,79762.41,17.52082
2026-09-07 03:18:00,79762.41,79831.55,79740.0,79831.55,20.53335
2026-09-07 03:21:00,79831.55,79836.63,79816.43,79829.04,7.38206
2026-09-07 03:24:00,79829.04,79829.04,79727.77,79790.97,17.10736
2026-09-07 03:27:00,79790.97,79790.98,79729.41,79729.42,9.00905
2026-09-07 03:30:00,79729.42,79769.99,79703.81,79720.32,24.5105
2026-09-07 03:33:00,79720.33,79766.55,79707.63,79707.63,11.08412
2026-09-07 03:36:00,79707.64,79733.04,79688.0,79688.0,21.41548
2026-09-07 03:39:00,79688.01,79688.01,79587.08,79626.86,27.29046
2026-09-07 03:42:00,79626.85,79680.0,79626.85,79631.88,11.187
2026-09-07 03:45:00,79631.88,79666.39,79631.88,79661.32,19.346
2026-09-07 03:48:00,79661.32,79661.32,79626.86,79651.21,15.26387
2026-09-07 03:51:00,79651.2,79651.21,79568.6,79596.94,22.35183
2026-09-07 03:54:00,79596.93,79680.0,79596.93,79658.53,24.94042
2026-09-07 03:57:00,79658.53,79687.04,79596.38,79596.39,69.57653
2026-09-07 04:00:00,79596.38,79655.99,79564.44,79603.69,85.84951
2026-09-07 04:03:00,79603.7,79639.68,79600.0,79618.95,15.18629
2026-09-07 04:06:00,79618.96,79649.16,79618.95,79649.16,15.78232
2026-09-07 04:09:00,79649.15,79649.16,79620.68,79620.69,7.9632
2026-09-07 04:12:00,79620.69,79683.96,79554.85,79683.95,31.46471
2026-09-07 04:15:00,79683.95,79688.0,79653.27,79663.71,14.46919
2026-09-07 04:18:00,79663.71,79693.88,79662.45,79693.88,8.67425
2026-09-07 04:21:00,79693.87,79693.88,79693.87,79693.87,2.79435
2026-09-07 04:24:00,79693.88,79693.88,79664.54,79668.58,40.85483
2026-09-07 04:27:00,79668.58,79691.87,79605.15,79605.15,205.8531
2026-09-07 04:30:00,79605.16,79625.11,79573.87,79606.51,21.4527
2026-09-07 04:33:00,79606.5,79634.59,79540.38,79568.0,33.6538
2026-09-07 04:36:00,79568.0,79641.18,79567.99,79638.09,14.89595
2026-09-07 04:39:00,79638.1,79641.27,79587.4,79634.07,27.35278
2026-09-07 04:42:00,79634.08,79682.49,79619.52,79680.85,21.17803
2026-09-07 04:45:00,79680.85,79722.29,79672.83,79697.07,27.35343
2026-09-07 04:48:00,79697.07,79714.66,79680.77,79692.05,31.61647
2026-09-07 04:51:00,79692.04,79706.74,79672.17,79673.46,17.44902
2026-09-07 04:54:00,79673.47,79714.17,79648.0,79695.9,34.04183
2026-09-07 04:57:00,79695.9,79732.15,79695.89,79724.0,22.47448
2026-09-07 05:00:00,79724.01,79738.62,79707.8,79711.83,16.42229
2026-09-07 05:03:00,79711.84,79778.91,79711.83,79778.64,18.97776
2026-09-07 05:06:00,79778.64,79778.64,79716.01,79717.53,21.83213
2026-09-07 05:09:00,79717.52,79745.4,79692.0,79692.0,21.50431
2026-09-07 05:12:00,79692.01,79778.92,79666.79,79778.91,222.05524
2026-09-07 05:15:00,79778.91,79852.0,79768.0,79852.0,33.14911
2026-09-07 05:18:00,79851.99,79872.01,79824.0,79824.01,15.61311
2026-09-07 05:21:00,79824.0,79869.82,79811.12,79869.81,19.22159
2026-09-07 05:24:00,79869.81,79926.04,79858.0,79861.29,20.98307
2026-09-07 05:27:00,79861.29,79870.35,79834.0,79855.99,31.26889
2026-09-07 05:30:00,79856.0,79862.63,79836.01,79849.94,14.7739
2026-09-07 05:33:00,79849.94,79854.0,79808.89,79851.99,25.16664
2026-09-07 05:36:00,79852.0,79867.46,79848.0,79867.46,18.66015
2026-09-07 05:39:00,79867.46,79869.63,79842.26,79859.34,23.99837
2026-09-07 05:42:00,79859.33,79865.11,79854.0,79865.1,10.65054
2026-09-07 05:45:00,79865.11,79865.48,79836.46,79849.53,25.6958
2026-09-07 05:48:00,79849.53,79865.39,79806.0,79806.0,24.02425
2026-09-07 05:51:00,79806.01,79841.69,79800.0,79816.01,19.81682
2026-09-07 05:54:00,79816.01,79816.01,79769.68,79769.69,24.40366
2026-09-07 05:57:00,79769.69,79772.48,79759.46,79759.47,17.07239
2026-09-07 06:00:00,79759.47,79762.14,79748.84,79759.55,16.59424
2026-09-07 06:03:00,79759.56,79822.0,79759.55,79821.99,21.60036
2026-09-07 06:06:00,79821.99,79825.7,79772.0,79781.76,23.90317
2026-09-07 06:09:00,79781.77,79815.11,79772.58,79793.63,19.06944
2026-09-07 06:12:00,79793.63,79814.0,79793.62,79812.77,19.92209
2026-09-07 06:15:00,79812.77,79813.06,79768.08,79768.09,15.62669
2026-09-07 06:18:00,79768.08,79768.09,79702.0,79702.01,21.87646
2026-09-07 06:21:00,79702.01,79747.37,79702.01,79747.37,20.7867
2026-09-07 06:24:00,79747.37,79778.91,79720.01,79724.69,29.79786
2026-09-07 06:27:00,79724.7,79724.7,79717.44,79717.44,11.21185
2026-09-07 06:30:00,79717.44,79738.56,79700.0,79707.51,39.47256
2026-09-07 06:33:00,79707.51,79724.0,79700.0,79723.99,23.75748
2026-09-07 06:36:00,79724.0,79739.98,79700.0,79700.01,41.55074
2026-09-07 06:39:00,79700.0,79720.0,79700.0,79708.33,22.79497
2026-09-07 06:42:00,79708.33,79708.34,79644.55,79680.0,148.89429
2026-09-07 06:45:00,79680.0,79680.0,79666.3,79674.0,16.30677
2026-09-07 06:48:00,79673.99,79682.0,79672.07,79679.1,20.76885
2026-09-07 06:51:00,79679.09,79679.1,79672.07,79672.07,13.64663
2026-09-07 06:54:00,79672.07,79675.92,79672.07,79675.92,8.49834
2026-09-07 06:57:00,79675.92,79679.99,79659.27,79659.27,27.95597
2026-09-07 07:00:00,79659.28,79660.0,79612.36,79628.0,19.50064
2026-09-07 07:03:00,79627.99,79644.0,79592.0,79605.99,18.15662
2026-09-07 07:06:00,79606.0,79678.3,79588.0,79678.3,14.26906
2026-09-07 07:09:00,79678.29,79691.06,79664.0,79664.0,12.12435
2026-09-07 07:12:00,79664.01,79668.0,79618.81,79618.82,22.64455
2026-09-07 07:15:00,79618.82,79629.99,79603.37,79606.52,9.55226
2026-09-07 07:18:00,79606.52,79606.52,79575.53,79590.5,10.63446
2026-09-07 07:21:00,79590.49,79590.5,79480.0,79484.33,65.77228
2026-09-07 07:24:00,79484.33,79570.01,79454.0,79510.96,46.55045
2026-09-07 07:27:00,79510.97,79510.97,79404.71,79424.32,34.42831
2026-09-07 07:30:00,79424.33,79522.89,79400.0,79486.43,34.43546
2026-09-07 07:33:00,79486.44,79486.44,79200.1,79236.82,166.49452
2026-09-07 07:36:00,79236.82,79304.12,79227.48,79266.01,29.85294
2026-09-07 07:39:00,79266.01,79272.0,79001.1,79092.71,131.09833
2026-09-07 07:42:00,79092.71,79284.0,79080.64,79284.0,70.52397
2026-09-07 07:45:00,79284.0,79366.44,79284.0,79330.01,47.74685
2026-09-07 07:48:00,79330.0,79372.0,79320.0,79325.38,31.1494
2026-09-07 07:51:00,79325.39,79400.28,79325.38,79371.71,42.58543
2026-09-07 07:54:00,79371.71,79410.89,79330.0,79396.75,34.41012
2026-09-07 07:57:00,79396.75,79401.62,79378.37,79397.83,25.95528
2026-09-07 08:00:00,79397.83,79432.86,79397.83,79432.86,32.28749
2026-09-07 08:03:00,79432.85,79455.7,79422.34,79449.65,18.71815
2026-09-07 08:06:00,79449.65,79488.25,79449.64,79472.67,22.6395
2026-09-07 08:09:00,79472.66,79509.9,79472.66,79484.79,17.63224
2026-09-07 08:12:00,79484.79,79484.79,79461.44,79466.34,19.96891
2026-09-07 08:15:00,79466.34,79479.29,79458.81,79472.23,16.93872
2026-09-07 08:18:00,79472.22,79522.87,79466.0,79467.48,21.77422
2026-09-07 08:21:00,79467.48,79490.77,79462.64,79468.36,22.40905
2026-09-07 08:24:00,79468.37,79502.23,79458.92,79502.06,14.4044
2026-09-07 08:27:00,79502.05,79511.18,79453.92,79466.13,28.05429
2026-09-07 08:30:00,79466.13,79530.47,79466.13,79498.0,17.00625
2026-09-07 08:33:00,79497.99,79506.65,79476.55,79500.19,20.04761
2026-09-07 08:36:00,79500.2,79500.2,79433.93,79447.92,18.55845
2026-09-07 08:39:00,79447.92,79480.63,79434.0,79470.0,20.79224
2026-09-07 08:42:00,79470.0,79480.62,79470.0,79480.62,12.29498
2026-09-07 08:45:00,79480.62,79500.0,79466.4,79491.25,14.77259
2026-09-07 08:48:00,79491.25,79491.25,79433.0,79461.43,21.83709
2026-09-07 08:51:00,79461.43,79461.43,79423.56,79428.12,8.21919
2026-09-07 08:54:00,79428.12,79448.0,79428.12,79447.99,6.38304
2026-09-07 08:57:00,79448.0,79457.86,79437.38,79437.38,12.65823
2026-09-07 09:00:00,79437.39,79450.01,79435.35,79449.96,6.95037
2026-09-07 09:03:00,79449.95,79468.0,79424.0,79425.29,9.64669
2026-09-07 09:06:00,79425.29,79500.0,79420.0,79499.99,18.05149
2026-09-07 09:09:00,79499.99,79550.0,79499.99,79539.45,19.10588
2026-09-07 09:12:00,79539.45,79545.97,79502.0,79528.39,45.20616
2026-09-07 09:15:00,79528.39,79535.09,79516.15,79530.26,47.87248
2026-09-07 09:18:00,79530.27,79537.25,79506.77,79520.36,22.87429
2026-09-07 09:21:00,79520.35,79520.36,79486.59,79486.59,10.57332
2026-09-07 09:24:00,79486.6,79489.7,79430.0,79456.0,43.66738
2026-09-07 09:27:00,79455.99,79496.61,79455.99,79480.0,23.35241
2026-09-07 09:30:00,79479.99,79480.0,79463.05,79463.06,6.85663
2026-09-07 09:33:00,79463.06,79463.06,79400.0,79400.0,14.58959
2026-09-07 09:36:00,79400.0,79400.01,79326.0,79359.99,29.28871
2026-09-07 09:39:00,79359.99,79390.98,79359.99,79390.98,7.74715
2026-09-07 09:42:00,79390.98,79392.27,79384.61,79392.27,8.369
2026-09-07 09:45:00,79392.26,79410.89,79392.26,79410.88,11.1207
2026-09-07 09:48:00,79410.89,79434.0,79406.0,79434.0,9.64104
2026-09-07 09:51:00,79434.0,79453.99,79342.77,79342.77,19.8841
2026-09-07 09:54:00,79342.77,79343.2,79308.0,79343.2,12.36948
2026-09-07 09:57:00,79343.2,79354.0,79291.15,79313.85,17.20312
2026-09-07 10:00:00,79313.85,79390.0,79313.85,79348.9,25.0344
2026-09-07 10:03:00,79348.91,79399.83,79348.9,79386.01,11.38865
2026-09-07 10:06:00,79386.0,79408.71,79350.0,79350.0,26.03921
2026-09-07 10:09:00,79350.0,79380.01,79324.0,79372.01,21.28634
2026-09-07 10:12:00,79372.0,79398.86,79372.0,79377.32,13.7119
2026-09-07 10:15:00,79377.31,79405.99,79370.0,79403.22,5.58466
2026-09-07 10:18:00,79403.21,79429.35,79392.91,79429.35,16.48589
2026-09-07 10:21:00,79429.34,79429.35,79421.05,79421.06,8.251
2026-09-07 10:24:00,79421.06,79421.06,79386.32,79420.0,26.15449
2026-09-07 10:27:00,79419.99,79421.76,79414.43,79421.75,6.43563
2026-09-07 10:30:00,79421.76,79421.76,79414.13,79419.25,10.11459
2026-09-07 10:33:00,79419.24,79419.25,79409.76,79414.38,12.14482
2026-09-07 10:36:00,79414.38,79425.62,79388.58,79404.07,27.30621
2026-09-07 10:39:00,79404.07,79434.01,79404.06,79434.01,7.84397
2026-09-07 10:42:00,79434.0,79447.99,79434.0,79447.98,5.41547
2026-09-07 10:45:00,79447.98,79459.5,79422.03,79422.04,39.80979
2026-09-07 10:48:00,79422.03,79422.04,79398.88,79404.0,16.97055
2026-09-07 10:51:00,79403.99,79447.8,79403.99,79429.0,27.78433
2026-09-07 10:54:00,79428.99,79429.0,79350.0,79351.53,25.31054
2026-09-07 10:57:00,79351.52,79360.0,79351.52,79360.0,7.07319
2026-09-07 11:00:00,79360.0,79379.94,79334.0,79335.8,19.06876
2026-09-07 11:03:00,79335.8,79335.81,79304.22,79331.99,16.35545
2026-09-07 11:06:00,79332.0,79334.82,79282.0,79282.01,18.77882
2026-09-07 11:09:00,79282.0,79385.99,79282.0,79385.99,29.26853
2026-09-07 11:12:00,79385.98,79411.99,79385.95,79411.99,10.57683
2026-09-07 11:15:00,79411.98,79418.79,79402.03,79409.98,14.61491
2026-09-07 11:18:00,79409.99,79434.0,79409.98,79433.99,11.0224
2026-09-07 11:21:00,79434.0,79468.73,79433.99,79456.94,9.15094
2026-09-07 11:24:00,79456.94,79466.87,79444.26,79458.0,8.67915
2026-09-07 11:27:00,79458.01,79458.01,79445.0,79445.71,11.66922
2026-09-07 11:30:00,79445.72,79487.01,79418.47,79482.43,16.62035
2026-09-07 11:33:00,79482.42,79482.43,79456.0,79458.85,7.34875
2026-09-07 11:36:00,79458.85,79458.85,79414.01,79414.02,14.6011
2026-09-07 11:39:00,79414.02,79427.15,79414.01,79424.95,10.76786
2026-09-07 11:42:00,79424.95,79428.0,79414.02,79414.02,13.68816
2026-09-07 11:45:00,79414.02,79422.0,79400.35,79422.0,23.11226
2026-09-07 11:48:00,79421.99,79428.77,79400.0,79400.0,15.86164
2026-09-07 11:51:00,79400.0,79423.48,79374.0,79423.22,25.23679
2026-09-07 11:54:00,79423.23,79437.44,79402.0,79402.0,22.29145
2026-09-07 11:57:00,79402.01,79438.55,79386.0,79420.16,23.45562
2026-09-07 12:00:00,79420.16,79428.28,79413.28,79420.01,5.47345
2026-09-07 12:03:00,79420.0,79424.0,79400.48,79423.99,11.32284
2026-09-07 12:06:00,79423.99,79500.0,79423.99,79476.55,23.17104
2026-09-07 12:09:00,79476.56,79479.12,79448.0,79448.0,10.1326
2026-09-07 12:12:00,79448.01,79448.01,79425.61,79425.61,7.50012
2026-09-07 12:15:00,79425.61,79425.62,79413.91,79413.91,9.22905
2026-09-07 12:18:00,79413.92,79492.22,79413.91,79492.21,16.0977
2026-09-07 12:21:00,79492.22,79509.51,79468.0,79470.64,15.17025
2026-09-07 12:24:00,79470.64,79528.54,79470.64,79524.93,20.47261
2026-09-07 12:27:00,79524.92,79530.92,79524.91,79530.0,10.08556
2026-09-07 12:30:00,79529.99,79530.0,79510.0,79510.0,16.45219
2026-09-07 12:33:00,79510.0,79510.01,79500.0,79500.0,6.27915
2026-09-07 12:36:00,79500.01,79500.01,79486.0,79486.0,6.54401
2026-09-07 12:39:00,79486.0,79486.01,79459.98,79472.0,13.76697
2026-09-07 12:42:00,79471.99,79472.82,79471.99,79472.82,7.70473
2026-09-07 12:45:00,79472.82,79521.42,79472.81,79492.01,17.6417
2026-09-07 12:48:00,79492.0,79541.72,79492.0,79541.71,8.33483
2026-09-07 12:51:00,79541.72,79600.0,79541.71,79599.99,31.1272
2026-09-07 12:54:00,79599.99,79623.95,79590.31,79597.24,19.57586
2026-09-07 12:57:00,79597.24,79627.43,79597.24,79606.84,22.52826
2026-09-07 13:00:00,79606.84,79616.0,79534.0,79543.12,30.95404
2026-09-07 13:03:00,79543.12,79605.17,79535.28,79542.38,29.07091
2026-09-07 13:06:00,79542.38,79553.28,79530.0,79534.64,17.24386
2026-09-07 13:09:00,79534.65,79643.5,79534.64,79612.59,23.99063
2026-09-07 13:12:00,79612.6,79624.0,79564.0,79623.99,22.43039
2026-09-07 13:15:00,79624.0,79638.0,79578.18,79578.18,19.45284
2026-09-07 13:18:00,79578.18,79637.4,79578.18,79637.4,13.77393
2026-09-07 13:21:00,79637.4,79639.99,79617.96,79625.98,11.68847
2026-09-07 13:24:00,79625.99,79633.0,79623.88,79632.99,10.92369
2026-09-07 13:27:00,79632.99,79643.22,79612.52,79643.21,16.67211
2026-09-07 13:30:00,79643.21,79643.22,79536.41,79536.42,41.60426
2026-09-07 13:33:00,79536.41,79536.42,79365.44,79367.28,61.0014
2026-09-07 13:36:00,79367.28,79421.99,79318.92,79421.98,65.56933
2026-09-07 13:39:00,79421.98,79421.99,79356.0,79359.7,29.18931
2026-09-07 13:42:00,79359.7,79387.95,79359.7,79374.99,42.23078
2026-09-07 13:45:00,79375.0,79375.0,79326.78,79334.06,22.30847
2026-09-07 13:48:00,79334.06,79347.99,79324.0,79324.01,25.30121
2026-09-07 13:51:00,79324.0,79398.38,79324.0,79398.38,24.15214
2026-09-07 13:54:00,79398.37,79417.7,79381.47,79381.47,18.32168
2026-09-07 13:57:00,79381.47,79387.72,79352.0,79352.01,11.99529
2026-09-07 14:00:00,79352.0,79396.36,79335.44,79396.36,11.80679
2026-09-07 14:03:00,79396.35,79396.36,79284.0,79305.52,21.56175
2026-09-07 14:06:00,79305.52,79305.53,79125.0,79156.45,80.75924
2026-09-07 14:09:00,79156.45,79227.4,79119.13,79210.0,25.13238
2026-09-07 14:12:00,79210.0,79210.01,79119.13,79176.33,41.93458
2026-09-07 14:15:00,79176.33,79222.0,79151.78,79162.0,19.43078
2026-09-07 14:18:00,79162.01,79162.01,79084.86,79126.0,34.04446
2026-09-07 14:21:00,79125.99,79126.0,79046.39,79078.63,39.4514
2026-09-07 14:24:00,79078.63,79131.05,79075.03,79131.05,28.42442
2026-09-07 14:27:00,79131.05,79131.05,79046.0,79053.8,36.22968
2026-09-07 14:30:00,79053.79,79104.0,79010.01,79049.99,45.04931
2026-09-07 14:33:00,79049.99,79088.0,79007.73,79088.0,68.59733
2026-09-07 14:36:00,79087.99,79103.9,79040.01,79040.01,31.66931
2026-09-07 14:39:00,79040.02,79044.03,79004.51,79004.51,27.44815
2026-09-07 14:42:00,79004.51,79064.7,78956.94,79030.17,73.45774
2026-09-07 14:45:00,79030.17,79084.98,79028.0,79047.99,21.3462
2026-09-07 14:48:00,79047.99,79098.0,79047.99,79088.88,38.70456
2026-09-07 14:51:00,79088.89,79243.98,79088.88,79243.98,23.87198
2026-09-07 14:54:00,79243.98,79276.94,79216.0,79221.95,22.70703
2026-09-07 14:57:00,79221.96,79231.74,79189.17,79191.95,38.33552
2026-09-07 15:00:00,79191.96,79191.96,79150.05,79151.37,28.38513
2026-09-07 15:03:00,79151.36,79151.37,79091.0,79095.04,16.58963
2026-09-07 15:06:00,79095.05,79095.87,79036.01,79064.22,25.94078
2026-09-07 15:09:00,79064.22,79108.75,79064.22,79073.28,12.71078
2026-09-07 15:12:00,79073.28,79081.61,79048.0,79048.0,17.02501
2026-09-07 15:15:00,79048.01,79070.0,79000.0,79000.01,24.65114
2026-09-07 15:18:00,79000.01,79138.0,78832.0,79066.29,127.54294
2026-09-07 15:21:00,79066.29,79114.0,79066.28,79093.63,13.3637
2026-09-07 15:24:00,79093.63,79124.0,79080.88,79091.87,15.44387
2026-09-07 15:27:00,79091.86,79091.91,79024.81,79027.84,33.62154
2026-09-07 15:30:00,79027.84,79034.0,78894.03,78912.0,53.79734
2026-09-07 15:33:00,78912.01,78912.01,78800.0,78884.22,67.81523
2026-09-07 15:36:00,78884.23,78900.0,78753.78,78769.76,53.9139
2026-09-07 15:39:00,78769.76,78804.75,78692.13,78696.0,71.69994
2026-09-07 15:42:00,78696.01,78806.0,78680.0,78776.42,51.32333
2026-09-07 15:45:00,78776.43,78807.9,78700.0,78776.32,50.08888
2026-09-07 15:48:00,78776.32,78860.0,78776.32,78848.0,38.51462
2026-09-07 15:51:00,78848.01,78860.63,78830.0,78836.11,22.23857
2026-09-07 15:54:00,78836.1,78854.36,78737.52,78737.52,33.02489
2026-09-07 15:57:00,78737.52,78861.44,78737.52,78821.99,32.46689
2026-09-07 16:00:00,78822.0,78916.0,78817.01,78916.0,31.10763
2026-09-07 16:03:00,78915.99,78919.94,78843.45,78889.82,22.86352
2026-09-07 16:06:00,78889.83,78889.83,78828.0,78881.91,33.51486
2026-09-07 16:09:00,78881.91,78902.43,78878.02,78883.88,20.99988
2026-09-07 16:12:00,78883.89,78920.0,78883.88,78911.99,15.52411
2026-09-07 16:15:00,78911.99,78911.99,78834.0,78868.0,26.50197
2026-09-07 16:18:00,78868.0,78897.71,78868.0,78882.0,11.17713
2026-09-07 16:21:00,78882.0,78882.01,78828.01,78856.3,19.52013
2026-09-07 16:24:00,78856.3,78856.31,78807.69,78807.7,17.83979
2026-09-07 16:27:00,78807.69,78848.99,78807.69,78832.0,18.38999
2026-09-07 16:30:00,78832.0,78946.0,78831.99,78925.99,36.79313
2026-09-07 16:33:00,78926.0,78971.7,78904.41,78965.89,16.46094
2026-09-07 16:36:00,78965.88,79024.0,78965.88,79014.3,27.13534
2026-09-07 16:39:00,79014.3,79035.23,79011.25,79033.76,16.5005
2026-09-07 16:42:00,79033.76,79033.77,78997.21,78999.01,19.60892
2026-09-07 16:45:00,78999.02,79020.01,78978.22,78978.22,31.68876
2026-09-07 16:48:00,78978.23,78985.56,78970.32,78981.99,7.52767
2026-09-07 16:51:00,78982.0,79018.0,78981.99,79009.95,8.19475
2026-09-07 16:54:00,79009.95,79017.61,78997.21,79003.99,14.47507
2026-09-07 16:57:00,79004.0,79028.88,78970.86,79028.87,33.17493
2026-09-07 17:00:00,79028.88,79028.88,79018.0,79022.04,17.43275
2026-09-07 17:03:00,79022.05,79058.82,79019.51,79034.0,16.76027
2026-09-07 17:06:00,79034.01,79092.58,79034.0,79088.47,14.10008
2026-09-07 17:09:00,79088.46,79110.13,79088.46,79110.12,11.11307
2026-09-07 17:12:00,79110.13,79152.0,79110.12,79152.0,16.98961
2026-09-07 17:15:00,79152.0,79152.0,79112.85,79136.06,10.17298
2026-09-07 17:18:00,79136.06,79157.54,79136.06,79157.53,9.27325
2026-09-07 17:21:00,79157.53,79157.54,79115.85,79123.57,23.59794
2026-09-07 17:24:00,79123.56,79123.56,79094.77,79109.69,12.97901
2026-09-07 17:27:00,79109.68,79152.0,79108.0,79121.43,15.11773
2026-09-07 17:30:00,79121.44,79122.49,79110.03,79110.03,6.10342
2026-09-07 17:33:00,79110.03,79114.61,79084.66,79084.67,8.33495
2026-09-07 17:36:00,79084.66,79133.99,79076.1,79126.64,11.9957
2026-09-07 17:39:00,79126.64,79170.0,79126.63,79169.99,12.35839
2026-09-07 17:42:00,79169.99,79172.63,79152.01,79153.02,8.55187
2026-09-07 17:45:00,79153.01,79180.0,79153.01,79162.19,7.72781
2026-09-07 17:48:00,79162.18,79200.0,79144.0,79180.58,12.87287
2026-09-07 17:51:00,79180.58,79223.53,79180.58,79200.78,9.7066
2026-09-07 17:54:00,79200.77,79209.24,79175.33,79179.24,17.0628
2026-09-07 17:57:00,79179.24,79185.74,79174.78,79185.73,9.12427
2026-09-07 18:00:00,79185.74,79215.33,79174.0,79174.01,11.4619
2026-09-07 18:03:00,79174.01,79174.01,79174.0,79174.0,15.23188
2026-09-07 18:06:00,79174.0,79208.0,79156.7,79156.71,20.68525
2026-09-07 18:09:00,79156.71,79202.0,79148.78,79201.99,31.80232
2026-09-07 18:12:00,79202.0,79211.99,79173.08,79174.96,24.56297
2026-09-07 18:15:00,79174.95,79194.23,79174.6,79174.6,7.10859
2026-09-07 18:18:00,79174.6,79207.64,79174.6,79194.01,17.1465
2026-09-07 18:21:00,79194.01,79194.01,79134.0,79138.42,11.36047
2026-09-07 18:24:00,79138.43,79177.4,79133.44,79156.99,29.15201
2026-09-07 18:27:00,79157.0,79157.0,79134.0,79141.91,10.16561
2026-09-07 18:30:00,79141.91,79141.92,79106.98,79106.99,5.51021
2026-09-07 18:33:00,79106.98,79135.58,79096.0,79135.57,26.31747
2026-09-07 18:36:00,79135.57,79135.58,79104.3,79108.39,6.96555
2026-09-07 18:39:00,79108.39,79121.42,79100.31,79121.42,21.43571
2026-09-07 18:42:00,79121.42,79163.41,79121.41,79158.9,25.39076
2026-09-07 18:45:00,79158.9,79163.93,79147.66,79147.66,4.86794
2026-09-07 18:48:00,79147.67,79212.0,79144.0,79207.54,9.814
2026-09-07 18:51:00,79207.55,79244.0,79194.51,79219.99,15.17774
2026-09-07 18:54:00,79219.99,79226.0,79172.0,79172.0,8.10098
2026-09-07 18:57:00,79172.0,79202.0,79172.0,79196.16,5.98757
2026-09-07 19:00:00,79196.15,79196.16,79168.37,79170.0,7.3812
2026-09-07 19:03:00,79170.01,79189.0,79150.0,79188.99,11.12076
2026-09-07 19:06:00,79188.99,79189.0,79174.4,79174.41,5.00812
2026-09-07 19:09:00,79174.41,79175.5,79158.01,79158.01,7.87728
2026-09-07 19:12:00,79158.01,79165.99,79158.01,79165.98,6.65847
2026-09-07 19:15:00,79165.99,79180.01,79165.98,79180.01,3.92317
2026-09-07 19:18:00,79180.01,79185.0,79180.01,79185.0,2.82805
2026-09-07 19:21:00,79185.0,79236.0,79184.99,79235.99,6.76308
2026-09-07 19:24:00,79236.0,79243.4,79220.46,79220.47,8.66325
2026-09-07 19:27:00,79220.46,79243.43,79220.46,79243.43,14.04853
2026-09-07 19:30:00,79243.43,79394.45,79240.44,79334.0,45.02888
2026-09-07 19:33:00,79334.0,79419.17,79313.71,79418.0,23.11317
2026-09-07 19:36:00,79418.01,79418.01,79368.0,79368.0,11.81423
2026-09-07 19:39:00,79368.0,79384.0,79336.0,79336.0,7.9827
2026-09-07 19:42:00,79336.01,79351.55,79336.0,79342.39,4.43778
2026-09-07 19:45:00,79342.38,79360.52,79342.38,79344.97,10.43845
2026-09-07 19:48:00,79344.97,79382.98,79344.96,79378.51,16.2057
2026-09-07 19:51:00,79378.5,79380.11,79358.37,79378.51,11.04291
2026-09-07 19:54:00,79378.52,79378.52,79346.88,79350.76,8.85939
2026-09-07 19:57:00,79350.77,79368.0,79350.76,79365.82,17.29659
2026-09-07 20:00:00,79365.81,79394.92,79346.0,79346.01,9.23233
2026-09-07 20:03:00,79346.0,79356.0,79280.0,79280.0,22.87904
2026-09-07 20:06:00,79280.01,79280.01,79216.0,79268.01,31.45636
2026-09-07 20:09:00,79268.01,79268.01,79248.0,79249.91,6.66187
2026-09-07 20:12:00,79249.92,79249.92,79212.0,79236.76,12.51732
2026-09-07 20:15:00,79236.75,79242.0,79230.0,79242.0,4.48273
2026-09-07 20:18:00,79242.0,79259.51,79228.0,79228.01,8.32636
2026-09-07 20:21:00,79228.01,79228.01,79184.2,79184.21,9.58686
2026-09-07 20:24:00,79184.2,79220.25,79184.2,79202.07,7.73754
2026-09-07 20:27:00,79202.06,79213.97,79202.06,79213.97,4.70568
2026-09-07 20:30:00,79213.96,79237.44,79213.96,79237.44,5.83117
2026-09-07 20:33:00,79237.44,79241.28,79233.99,79233.99,3.2757
2026-09-07 20:36:00,79234.0,79234.0,79218.66,79218.67,4.71138
2026-09-07 20:39:00,79218.66,79226.0,79213.03,79226.0,5.61078
2026-09-07 20:42:00,79226.0,79226.0,79188.41,79188.42,6.95603
2026-09-07 20:45:00,79188.41,79215.72,79168.01,79192.0,27.8355
2026-09-07 20:48:00,79192.01,79246.0,79192.0,79246.0,22.64051
2026-09-07 20:51:00,79245.99,79261.33,79222.01,79222.01,9.1206
2026-09-07 20:54:00,79222.0,79244.82,79200.0,79244.81,5.14816
2026-09-07 20:57:00,79244.81,79247.97,79232.0,79238.0,3.90853
2026-09-07 21:00:00,79238.0,79264.0,79236.12,79246.01,11.32601
2026-09-07 21:03:00,79246.0,79246.01,79229.53,79229.54,7.03657
2026-09-07 21:06:00,79229.54,79229.54,79212.0,79212.0,5.49689
2026-09-07 21:09:00,79212.01,79219.54,79207.99,79219.54,4.75946
2026-09-07 21:12:00,79219.53,79266.0,79214.82,79266.0,7.56683
2026-09-07 21:15:00,79266.0,79278.0,79215.64,79230.0,12.33333
2026-09-07 21:18:00,79230.01,79256.0,79222.0,79254.45,14.26156
2026-09-07 21:21:00,79254.45,79254.45,79254.44,79254.44,2.45361
2026-09-07 21:24:00,79254.45,79260.0,79242.0,79242.0,6.85416
2026-09-07 21:27:00,79242.0,79242.01,79230.45,79232.01,6.53565
2026-09-07 21:30:00,79232.0,79235.0,79223.99,79223.99,3.47627
2026-09-07 21:33:00,79224.0,79224.0,79190.0,79198.62,9.73661
2026-09-07 21:36:00,79198.62,79209.64,79195.51,79209.64,11.28293
2026-09-07 21:39:00,79209.64,79212.0,79180.01,79196.0,9.61238
2026-09-07 21:42:00,79196.0,79227.95,79168.02,79192.72,15.37057
2026-09-07 21:45:00,79192.72,79216.0,79186.73,79194.04,6.35195
2026-09-07 21:48:00,79194.04,79204.0,79179.67,79179.67,4.92112
2026-09-07 21:51:00,79179.67,79214.0,79168.01,79205.8,6.9628
2026-09-07 21:54:00,79205.8,79206.0,79190.38,79198.99,7.4374
2026-09-07 21:57:00,79199.0,79213.27,79164.0,79164.0,9.91593
2026-09-07 22:00:00,79164.01,79172.0,79077.93,79155.99,32.48438
2026-09-07 22:03:00,79155.99,79210.0,79148.0,79161.26,16.56817
2026-09-07 22:06:00,79161.26,79218.18,79150.0,79200.01,14.50751
2026-09-07 22:09:00,79200.01,79218.0,79168.0,79168.01,18.4208
2026-09-07 22:12:00,79168.01,79178.0,79144.0,79154.47,7.01028
2026-09-07 22:15:00,79154.47,79154.48,79041.53,79100.01,31.37954
2026-09-07 22:18:00,79100.0,79100.0,79028.05,79073.38,22.4791
2026-09-07 22:21:00,79073.38,79164.94,79064.91,79158.01,23.30616
2026-09-07 22:24:00,79158.01,79184.0,79156.0,79179.99,24.74911
2026-09-07 22:27:00,79179.99,79200.0,79104.0,79104.0,42.47891
2026-09-07 22:30:00,79104.01,79104.01,79046.46,79085.2,18.32142
2026-09-07 22:33:00,79085.2,79097.35,79046.49,79046.5,10.73617
2026-09-07 22:36:00,79046.5,79046.5,78980.7,78980.72,20.035
2026-09-07 22:39:00,78980.72,78980.72,78781.07,78838.12,76.35834
2026-09-07 22:42:00,78838.12,78854.26,78809.35,78812.96,29.62102
2026-09-07 22:45:00,78812.96,78939.17,78812.96,78936.39,25.71192
2026-09-07 22:48:00,78936.39,78965.93,78934.04,78956.38,17.04121
2026-09-07 22:51:00,78956.39,78965.93,78937.24,78937.24,8.84641
2026-09-07 22:54:00,78937.25,78953.28,78937.24,78944.01,5.86052
2026-09-07 22:57:00,78944.0,78964.49,78887.93,78952.19,12.08907
2026-09-07 23:00:00,78952.18,78997.8,78938.38,78988.79,8.78445
2026-09-07 23:03:00,78988.79,79020.0,78964.0,79010.0,17.57176
2026-09-07 23:06:00,79009.99,79166.0,79009.99,79136.93,47.8707
2026-09-07 23:09:00,79136.93,79151.73,79104.0,79130.01,23.5275
2026-09-07 23:12:00,79130.01,79140.0,79120.0,79132.01,6.99202
2026-09-07 23:15:00,79132.0,79140.33,79066.02,79090.01,21.37712
2026-09-07 23:18:00,79090.0,79125.31,79068.0,79074.01,15.15238
2026-09-07 23:21:00,79074.01,79074.01,78972.51,78972.51,9.10684
2026-09-07 23:24:00,78972.51,79034.0,78969.99,79028.0,16.97108
2026-09-07 23:27:00,79028.01,79032.97,79010.25,79013.0,13.46265
2026-09-07 23:30:00,79012.99,79022.0,78988.52,79008.0,4.86431
2026-09-07 23:33:00,79007.99,79025.44,79000.0,79024.0,12.5877
2026-09-07 23:36:00,79024.0,79050.0,79006.0,79042.0,10.8533
2026-09-07 23:39:00,79042.0,79053.43,79041.92,79053.42,5.19404
2026-09-07 23:42:00,79053.43,79120.0,79053.42,79119.99,12.15493
2026-09-07 23:45:00,79119.99,79160.7,79107.95,79160.7,7.35228
2026-09-07 23:48:00,79160.7,79210.0,79148.2,79158.24,16.10663
2026-09-07 23:51:00,79158.24,79164.0,79156.0,79157.88,8.62274
2026-09-07 23:54:00,79157.89,79160.0,79121.95,79121.95,18.75006
2026-09-07 23:57:00,79121.96,79136.0,79112.0,79112.01,15.53742
2026-09-08 00:00:00,79112.0,79114.0,79076.68,79076.69,18.52299
2026-09-08 00:03:00,79076.68,79086.0,79014.79,79076.68,24.50393
2026-09-08 00:06:00,79076.68,79106.0,79016.0,79049.78,28.97693
2026-09-08 00:09:00,79049.79,79072.0,79018.0,79026.36,23.03185
2026-09-08 00:12:00,79026.36,79053.79,78986.14,79053.78,27.87245
2026-09-08 00:15:00,79053.79,79100.0,79022.9,79099.99,12.62565
2026-09-08 00:18:00,79100.0,79146.0,79046.65,79060.01,29.16812
2026-09-08 00:21:00,79060.01,79069.46,78972.51,78981.71,14.05032
2026-09-08 00:24:00,78981.7,79066.0,78972.51,79066.0,16.31165
2026-09-08 00:27:00,79066.0,79076.69,79004.0,79004.0,49.89429
2026-09-08 00:30:00,79004.01,79100.39,78983.57,79100.39,49.07222
2026-09-08 00:33:00,79100.38,79186.74,79100.38,79186.73,27.93313
2026-09-08 00:36:00,79186.74,79239.63,79171.62,79224.01,20.8231
2026-09-08 00:39:00,79224.0,79280.0,79214.0,79278.99,17.8998
2026-09-08 00:42:00,79279.0,79279.0,79196.28,79218.0,15.75551
2026-09-08 00:45:00,79218.0,79239.71,79202.0,79239.71,9.99679
2026-09-08 00:48:00,79239.71,79279.98,79239.7,79262.01,11.66987
2026-09-08 00:51:00,79262.01,79305.98,79258.24,79270.0,17.88955
2026-09-08 00:54:00,79270.01,79305.98,79262.0,79295.06,8.77579
2026-09-08 00:57:00,79295.06,79313.09,79295.05,79313.08,20.3052
2026-09-08 01:00:00,79313.09,79323.72,79288.06,79310.0,18.60534
2026-09-08 01:03:00,79309.99,79344.0,79298.27,79339.41,18.17007
2026-09-08 01:06:00,79339.41,79343.27,79266.48,79343.26,20.26935
2026-09-08 01:09:00,79343.26,79370.0,79310.05,79356.01,28.19946
2026-09-08 01:12:00,79356.01,79370.0,79298.0,79298.0,8.14568
2026-09-08 01:15:00,79298.01,79352.0,79268.0,79295.62,27.36794
2026-09-08 01:18:00,79295.62,79345.33,79295.61,79324.01,11.39734
2026-09-08 01:21:00,79324.0,79463.06,79317.29,79421.8,31.53236
2026-09-08 01:24:00,79421.79,79438.02,79378.0,79438.02,18.9928
2026-09-08 01:27:00,79438.01,79438.02,79397.99,79397.99,10.89071
2026-09-08 01:30:00,79398.0,79398.0,79350.0,79374.2,20.43855
2026-09-08 01:33:00,79374.19,79374.2,79317.53,79329.67,21.16855
2026-09-08 01:36:00,79329.67,79368.0,79326.0,79340.78,26.56492
2026-09-08 01:39:00,79340.77,79340.78,79307.07,79319.66,21.77906
2026-09-08 01:42:00,79319.66,79330.0,79319.65,79319.66,17.44724
2026-09-08 01:45:00,79319.66,79329.32,79302.07,79329.19,20.71038
2026-09-08 01:48:00,79329.2,79380.17,79326.51,79326.51,33.31104
2026-09-08 01:51:00,79326.51,79374.0,79326.51,79369.94,26.90232
2026-09-08 01:54:00,79369.93,79398.0,79368.43,79398.0,42.00297
2026-09-08 01:57:00,79398.0,79456.82,79397.99,79441.99,30.92095
2026-09-08 02:00:00,79441.98,79441.99,79398.0,79401.82,14.10111
2026-09-08 02:03:00,79401.83,79410.0,79370.0,79370.86,12.3267
2026-09-08 02:06:00,79370.86,79370.86,79330.25,79336.63,17.91911
2026-09-08 02:09:00,79336.62,79336.63,79278.89,79278.89,21.00774
2026-09-08 02:12:00,79278.9,79344.36,79254.37,79339.24,50.15891
2026-09-08 02:15:00,79339.24,79348.87,79317.61,79317.61,23.37369
2026-09-08 02:18:00,79317.62,79347.84,79285.43,79347.84,44.56412
2026-09-08 02:21:00,79347.85,79485.0,79347.84,79459.54,48.75475
2026-09-08 02:24:00,79459.55,79485.0,79393.64,79393.64,58.33174
2026-09-08 02:27:00,79393.64,79393.65,79254.0,79265.61,24.04529
2026-09-08 02:30:00,79265.61,79268.75,79216.0,79216.0,27.78939
2026-09-08 02:33:00,79216.01,79220.0,79194.0,79196.0,20.29233
2026-09-08 02:36:00,79196.0,79207.37,79162.71,79207.36,17.07392
2026-09-08 02:39:00,79207.37,79207.37,79152.0,79152.01,17.59634
2026-09-08 02:42:00,79152.0,79152.01,79100.0,79134.01,23.94917
2026-09-08 02:45:00,79134.01,79145.61,79098.0,79133.42,39.79446
2026-09-08 02:48:00,79133.42,79149.57,79097.28,79097.28,34.71415
2026-09-08 02:51:00,79097.29,79097.29,78992.0,78992.0,54.90948
2026-09-08 02:54:00,78992.01,79014.0,78976.0,79006.0,25.26421
2026-09-08 02:57:00,79006.01,79013.99,78930.0,78930.01,25.5461
2026-09-08 03:00:00,78930.01,79002.0,78927.92,78973.55,33.60986
2026-09-08 03:03:00,78973.48,78973.48,78876.62,78951.99,30.54778
2026-09-08 03:06:00,78952.0,78980.0,78934.56,78980.0,28.17808
2026-09-08 03:09:00,78979.99,78991.45,78932.0,78937.48,18.03084
2026-09-08 03:12:00,78937.48,78944.0,78900.3,78921.17,15.45832
2026-09-08 03:15:00,78921.16,78945.7,78902.26,78941.35,16.38724
2026-09-08 03:18:00,78941.35,78941.35,78827.24,78830.43,26.52372
2026-09-08 03:21:00,78830.42,78862.0,78725.1,78837.23,39.07983
2026-09-08 03:24:00,78837.23,78839.23,78775.32,78806.9,34.38831
2026-09-08 03:27:00,78806.9,78806.91,78736.64,78773.36,51.51646
2026-09-08 03:30:00,78773.36,78929.3,78763.2,78921.99,42.76384
2026-09-08 03:33:00,78922.0,78990.0,78915.89,78946.15,63.70999
2026-09-08 03:36:00,78946.15,78974.53,78916.0,78926.0,52.78224
2026-09-08 03:39:00,78925.99,78953.67,78895.47,78906.4,141.66021
2026-09-08 03:42:00,78906.4,78985.21,78905.96,78949.23,76.20588
2026-09-08 03:45:00,78949.24,78951.98,78871.97,78882.76,42.5709
2026-09-08 03:48:00,78882.76,78949.74,78868.34,78945.92,30.54339
2026-09-08 03:51:00,78945.92,78946.0,78916.0,78916.01,18.8114
2026-09-08 03:54:00,78916.0,78924.0,78907.44,78909.72,23.61985
2026-09-08 03:57:00,78909.72,78919.99,78906.27,78906.28,26.83546
2026-09-08 04:00:00,78906.27,78929.24,78896.49,78899.73,27.26709
2026-09-08 04:03:00,78899.72,78899.73,78896.72,78896.73,17.16027
2026-09-08 04:06:00,78896.72,78909.17,78846.57,78876.38,56.02505
2026-09-08 04:09:00,78876.38,78882.3,78840.0,78840.01,16.18093
2026-09-08 04:12:00,78840.0,78867.98,78787.1,78812.11,42.07286
2026-09-08 04:15:00,78812.1,78850.42,78777.02,78845.3,36.04117
2026-09-08 04:18:00,78845.29,78860.35,78824.33,78828.36,30.86759
2026-09-08 04:21:00,78828.35,78848.16,78804.0,78804.01,16.57688
2026-09-08 04:24:00,78804.01,78818.0,78762.0,78817.99,28.77179
2026-09-08 04:27:00,78817.99,78843.97,78796.72,78815.02,22.33338
2026-09-08 04:30:00,78815.01,78870.87,78810.36,78860.0,25.73363
2026-09-08 04:33:00,78860.01,78870.86,78801.03,78801.04,23.03476
2026-09-08 04:36:00,78801.03,78822.0,78788.0,78821.99,20.16381
2026-09-08 04:39:00,78822.0,78840.0,78792.0,78792.0,22.13698
2026-09-08 04:42:00,78792.01,78792.01,78738.98,78781.98,45.61683
2026-09-08 04:45:00,78781.98,78814.0,78770.58,78813.99,16.43267
2026-09-08 04:48:00,78813.99,78814.0,78800.0,78813.99,16.70755
2026-09-08 04:51:00,78814.0,78814.0,78745.8,78745.81,21.78317
2026-09-08 04:54:00,78745.81,78745.81,78694.0,78694.0,37.69573
2026-09-08 04:57:00,78694.0,78726.0,78678.7,78678.71,35.49969
2026-09-08 05:00:00,78678.7,78819.97,78555.0,78784.6,144.03415
2026-09-08 05:03:00,78784.61,78798.0,78636.0,78650.0,50.40987
2026-09-08 05:06:00,78650.01,78756.0,78644.0,78662.01,37.64033
2026-09-08 05:09:00,78662.0,78744.75,78618.0,78706.0,57.39176
2026-09-08 05:12:00,78706.0,78775.24,78705.99,78708.0,28.54068
2026-09-08 05:15:00,78708.01,78772.0,78660.0,78768.43,32.33399
2026-09-08 05:18:00,78768.44,78878.0,78768.43,78851.43,43.4411
2026-09-08 05:21:00,78851.43,78854.0,78805.15,78814.22,25.28358
2026-09-08 05:24:00,78814.21,78855.72,78808.0,78855.72,18.76251
2026-09-08 05:27:00,78855.71,78882.0,78805.23,78825.88,33.06763
2026-09-08 05:30:00,78825.87,78825.88,78754.0,78761.89,37.40556
2026-09-08 05:33:00,78761.89,78761.9,78660.0,78715.99,27.71052
2026-09-08 05:36:00,78715.99,78759.69,78642.0,78750.15,40.28498
2026-09-08 05:39:00,78750.15,78759.56,78647.24,78701.99,44.26116
2026-09-08 05:42:00,78702.0,78722.0,78626.0,78626.01,28.13665
2026-09-08 05:45:00,78626.01,78674.0,78626.0,78642.0,29.70126
2026-09-08 05:48:00,78641.99,78714.0,78632.0,78704.0,37.45829
2026-09-08 05:51:00,78704.01,78704.01,78612.01,78630.02,62.62091
2026-09-08 05:54:00,78630.02,78644.0,78600.0,78603.94,30.62862
2026-09-08 05:57:00,78603.93,78614.61,78568.7,78578.0,38.17689
2026-09-08 06:00:00,78577.99,78603.99,78470.49,78522.51,166.02119
2026-09-08 06:03:00,78522.51,78599.99,78453.73,78485.88,130.63558
2026-09-08 06:06:00,78485.87,78621.19,78474.95,78604.0,79.10734
2026-09-08 06:09:00,78604.01,78630.99,78496.1,78510.87,83.07574
2026-09-08 06:12:00,78510.87,78590.0,78509.31,78589.99,58.95033
2026-09-08 06:15:00,78589.99,78632.0,78530.0,78536.8,81.6471
2026-09-08 06:18:00,78536.8,78536.81,78422.05,78467.84,67.18329
2026-09-08 06:21:00,78467.84,78501.82,78370.01,78437.63,111.11833
2026-09-08 06:24:00,78437.64,78470.0,78389.95,78431.7,97.27832
2026-09-08 06:27:00,78431.7,78450.14,78366.0,78387.63,99.07073
2026-09-08 06:30:00,78387.63,78446.96,78380.0,78442.05,91.76198
2026-09-08 06:33:00,78442.05,78446.96,78357.1,78363.0,70.07372
2026-09-08 06:36:00,78363.0,78442.01,78358.0,78422.01,81.07852
2026-09-08 06:39:00,78422.01,78430.0,78409.77,78417.02,77.48978
2026-09-08 06:42:00,78417.03,78448.0,78369.95,78426.37,96.50652
2026-09-08 06:45:00,78426.37,78494.65,78410.72,78474.06,87.66917
2026-09-08 06:48:00,78474.06,78474.06,78326.23,78377.59,96.24671
2026-09-08 06:51:00,78377.59,78414.0,78282.4,78282.41,101.73172
2026-09-08 06:54:00,78282.4,78372.0,78261.61,78338.0,136.8631
2026-09-08 06:57:00,78338.01,78356.0,78290.0,78323.59,100.40552
2026-09-08 07:00:00,78323.59,78380.41,78310.17,78316.0,135.83227
2026-09-08 07:03:00,78316.0,78342.0,78287.55,78342.0,195.72497
2026-09-08 07:06:00,78342.0,78434.0,78341.99,78404.01,101.44321
2026-09-08 07:09:00,78404.01,78447.99,78404.01,78439.62,134.58426
2026-09-08 07:12:00,78439.61,78439.62,78410.0,78410.0,133.99486
2026-09-08 07:15:00,78410.01,78446.0,78374.41,78446.0,130.56192
2026-09-08 07:18:00,78445.99,78473.14,78432.41,78452.01,138.19357
2026-09-08 07:21:00,78452.01,78465.92,78424.87,78450.0,157.86857
2026-09-08 07:24:00,78449.99,78516.61,78432.0,78477.5,183.04102
2026-09-08 07:27:00,78477.51,78498.0,78468.08,78468.08,218.76057
2026-09-08 07:30:00,78468.09,78496.0,78449.24,78461.78,155.62126
2026-09-08 07:33:00,78461.78,78518.82,78442.48,78518.82,158.82151
2026-09-08 07:36:00,78518.81,78547.0,78518.29,78520.86,199.49515
2026-09-08 07:39:00,78520.86,78609.99,78520.86,78522.0,154.92663
2026-09-08 07:42:00,78522.01,78522.01,78434.3,78434.31,182.22294
2026-09-08 07:45:00,78434.3,78434.31,78300.42,78312.0,267.90559
2026-09-08 07:48:00,78311.99,78332.0,78212.0,78228.75,232.65796
2026-09-08 07:51:00,78228.74,78340.0,78179.98,78323.99,223.37323
2026-09-08 07:54:00,78324.0,78451.84,78316.0,78417.61,206.37921
2026-09-08 07:57:00,78417.62,78482.0,78390.13,78482.0,122.34855
2026-09-08 08:00:00,78482.0,78482.0,78286.01,78340.0,111.0926
2026-09-08 08:03:00,78339.99,78388.25,78315.71,78382.84,46.39686
2026-09-08 08:06:00,78382.83,78438.0,78340.0,78369.99,32.774
2026-09-08 08:09:00,78369.99,78370.0,78316.0,78354.0,22.2509
2026-09-08 08:12:00,78354.01,78389.39,78349.78,78389.16,24.78865
2026-09-08 08:15:00,78389.17,78416.0,78307.52,78344.0,92.09929
2026-09-08 08:18:00,78343.99,78354.95,78309.02,78348.0,33.72402
2026-09-08 08:21:00,78348.0,78360.0,78281.3,78360.0,55.69732
2026-09-08 08:24:00,78360.0,78440.4,78360.0,78440.39,40.43886
2026-09-08 08:27:00,78440.39,78508.32,78440.39,78476.89,33.18791
2026-09-08 08:30:00,78476.89,78509.82,78450.02,78483.7,51.798
2026-09-08 08:33:00,78483.7,78542.56,78480.4,78534.01,116.60419
2026-09-08 08:36:00,78534.01,78549.99,78500.37,78549.99,26.84271
2026-09-08 08:39:00,78549.98,78561.18,78544.34,78544.35,19.58636
2026-09-08 08:42:00,78544.35,78550.01,78510.0,78530.71,52.77918
2026-09-08 08:45:00,78530.71,78581.8,78522.0,78534.01,24.69851
2026-09-08 08:48:00,78534.01,78534.01,78448.0,78452.0,10.32333
2026-09-08 08:51:00,78452.0,78452.0,78368.0,78405.99,29.97178
2026-09-08 08:54:00,78405.99,78454.88,78384.0,78452.36,12.64616
2026-09-08 08:57:00,78452.35,78452.86,78386.95,78418.0,17.70247
2026-09-08 09:00:00,78418.0,78421.09,78374.64,78421.08,10.29071
2026-09-08 09:03:00,78421.09,78458.87,78400.0,78403.98,25.06132
2026-09-08 09:06:00,78403.98,78448.0,78317.03,78340.0,54.24468
2026-09-08 09:09:00,78340.0,78402.0,78326.01,78381.04,54.09779
2026-09-08 09:12:00,78381.04,78496.0,78381.03,78490.01,33.99681
2026-09-08 09:15:00,78490.01,78506.0,78433.4,78463.99,43.25367
2026-09-08 09:18:00,78464.0,78484.0,78397.41,78418.0,62.6187
2026-09-08 09:21:00,78417.99,78417.99,78340.5,78414.0,74.14699
2026-09-08 09:24:00,78414.0,78455.2,78414.0,78448.01,20.04523
2026-09-08 09:27:00,78448.01,78485.38,78448.0,78476.65,11.59805
2026-09-08 09:30:00,78476.65,78557.75,78435.18,78550.99,30.25634
2026-09-08 09:33:00,78550.99,78608.0,78544.43,78601.99,38.41161
2026-09-08 09:36:00,78602.0,78695.67,78602.0,78695.66,26.27739
2026-09-08 09:39:00,78695.66,78760.54,78676.7,78760.54,29.37687
2026-09-08 09:42:00,78760.54,78780.0,78721.99,78761.99,25.24408
2026-09-08 09:45:00,78762.0,78778.0,78734.25,78742.58,31.36275
2026-09-08 09:48:00,78742.58,78800.0,78742.58,78782.0,21.20948
2026-09-08 09:51:00,78782.01,78790.94,78746.0,78756.01,18.5356
2026-09-08 09:54:00,78756.0,78774.0,78744.52,78758.37,10.90517
2026-09-08 09:57:00,78758.36,78762.0,78730.0,78761.99,20.58824
2026-09-08 10:00:00,78762.0,78762.0,78670.0,78727.07,30.08247
2026-09-08 10:03:00,78727.19,78748.0,78720.26,78742.05,15.43852
2026-09-08 10:06:00,78742.05,78752.0,78700.0,78700.01,16.81063
2026-09-08 10:09:00,78700.0,78745.12,78700.0,78736.0,10.58138
2026-09-08 10:12:00,78736.0,78741.99,78718.0,78741.98,10.63057
2026-09-08 10:15:00,78741.98,78750.0,78736.0,78749.99,7.1663
2026-09-08 10:18:00,78749.99,78994.5,78748.26,78950.04,73.40854
2026-09-08 10:21:00,78950.03,78954.0,78882.0,78894.01,26.28021
2026-09-08 10:24:00,78894.01,78913.99,78838.0,78838.0,15.87852
2026-09-08 10:27:00,78838.01,78858.0,78832.43,78847.93,16.52546
2026-09-08 10:30:00,78847.93,78871.24,78778.0,78785.99,27.29337
2026-09-08 10:33:00,78786.0,78786.01,78700.0,78700.0,26.43998
2026-09-08 10:36:00,78700.01,78730.0,78672.57,78730.0,18.01838
2026-09-08 10:39:00,78729.99,78730.0,78670.87,78678.0,10.29928
2026-09-08 10:42:00,78678.0,78698.42,78656.77,78670.1,32.21567
2026-09-08 10:45:00,78670.1,78670.11,78656.48,78658.17,22.55437
2026-09-08 10:48:00,78658.16,78692.0,78658.16,78679.84,29.63108
2026-09-08 10:51:00,78679.83,78679.84,78624.65,78632.45,8.84327
2026-09-08 10:54:00,78632.45,78635.64,78601.35,78616.75,17.64373
2026-09-08 10:57:00,78616.75,78616.76,78568.0,78568.0,19.8879
2026-09-08 11:00:00,78568.01,78576.0,78483.52,78532.0,68.98557
2026-09-08 11:03:00,78532.0,78532.0,78445.28,78451.12,30.3033
2026-09-08 11:06:00,78451.12,78474.0,78360.87,78368.29,71.58951
2026-09-08 11:09:00,78368.29,78464.0,78321.86,78324.55,54.40019
2026-09-08 11:12:00,78324.55,78324.55,78271.63,78313.89,55.0346
2026-09-08 11:15:00,78313.89,78373.99,78297.47,78364.01,62.46675
2026-09-08 11:18:00,78364.0,78421.45,78340.0,78420.0,35.29818
2026-09-08 11:21:00,78419.99,78477.99,78384.0,78477.99,23.65165
2026-09-08 11:24:00,78478.0,78480.0,78421.32,78429.24,17.81469
2026-09-08 11:27:00,78429.25,78468.0,78429.24,78443.02,8.69374
2026-09-08 11:30:00,78443.02,78484.79,78396.82,78476.01,24.64381
2026-09-08 11:33:00,78476.01,78484.8,78466.32,78469.85,12.103
2026-09-08 11:36:00,78469.86,78492.0,78459.67,78461.12,24.34181
2026-09-08 11:39:00,78461.11,78462.61,78422.19,78458.0,49.98077
2026-09-08 11:42:00,78458.0,78476.71,78440.26,78440.26,13.86018
2026-09-08 11:45:00,78440.27,78450.34,78388.38,78395.93,27.71265
2026-09-08 11:48:00,78395.92,78444.0,78393.0,78415.77,29.37441
2026-09-08 11:51:00,78415.76,78452.0,78402.0,78450.12,16.17109
2026-09-08 11:54:00,78450.11,78462.82,78370.0,78462.82,21.80795
2026-09-08 11:57:00,78462.82,78463.64,78415.75,78430.01,34.13241
2026-09-08 12:00:00,78430.0,78430.01,78262.76,78299.99,49.84891
2026-09-08 12:03:00,78299.99,78318.0,78215.36,78289.7,108.57125
2026-09-08 12:06:00,78289.69,78322.64,78272.01,78304.01,33.7602
2026-09-08 12:09:00,78304.0,78367.1,78270.0,78276.83,30.99915
2026-09-08 12:12:00,78276.83,78276.84,78222.0,78222.01,35.70533
2026-09-08 12:15:00,78222.01,78264.0,78222.0,78238.91,22.08761
2026-09-08 12:18:00,78238.92,78300.0,78226.98,78295.83,19.14263
2026-09-08 12:21:00,78295.83,78313.99,78284.32,78303.19,14.05457
2026-09-08 12:24:00,78303.19,78341.99,78284.0,78341.99,22.83813
2026-09-08 12:27:00,78341.99,78401.94,78308.19,78377.84,39.60952
2026-09-08 12:30:00,78377.85,78450.0,78316.16,78442.01,38.78228
2026-09-08 12:33:00,78442.01,78449.02,78389.2,78399.99,27.645
2026-09-08 12:36:00,78400.0,78422.0,78374.81,78377.32,23.04663
2026-09-08 12:39:00,78377.32,78389.54,78287.43,78346.0,47.65905
2026-09-08 12:42:00,78346.0,78364.0,78317.6,78333.99,33.02745
2026-09-08 12:45:00,78334.0,78372.0,78297.16,78333.88,51.66769
2026-09-08 12:48:00,78333.88,78413.82,78280.35,78386.45,52.53917
2026-09-08 12:51:00,78386.44,78412.0,78314.89,78393.4,66.89428
2026-09-08 12:54:00,78393.4,78483.42,78390.0,78407.99,82.15002
2026-09-08 12:57:00,78408.0,78449.99,78402.0,78449.99,39.59192
2026-09-08 13:00:00,78450.0,78506.3,78392.36,78505.64,41.18783
2026-09-08 13:03:00,78505.65,78505.65,78450.09,78500.0,42.27337
2026-09-08 13:06:00,78499.99,78545.46,78478.68,78492.33,56.04506
2026-09-08 13:09:00,78492.32,78521.99,78423.62,78513.8,43.91845
2026-09-08 13:12:00,78513.8,78513.8,78442.01,78472.97,40.68137
2026-09-08 13:15:00,78472.98,78484.0,78424.0,78428.01,33.63293
2026-09-08 13:18:00,78428.0,78428.01,78377.19,78377.19,23.36388
2026-09-08 13:21:00,78377.2,78383.46,78318.0,78365.81,26.71481
2026-09-08 13:24:00,78365.8,78401.04,78309.23,78391.97,63.37294
2026-09-08 13:27:00,78391.96,78391.97,78330.8,78335.09,25.76542
2026-09-08 13:30:00,78335.09,78372.0,78100.07,78123.89,195.96128
2026-09-08 13:33:00,78123.88,78207.96,78063.46,78133.67,134.48564
2026-09-08 13:36:00,78133.67,78163.44,77954.37,77965.02,238.87281
2026-09-08 13:39:00,77965.01,77965.02,77704.2,77720.16,382.88309
2026-09-08 13:42:00,77720.15,77848.64,77675.75,77844.27,274.1079
2026-09-08 13:45:00,77844.27,77912.01,77756.79,77900.0,98.01299
2026-09-08 13:48:00,77899.99,77942.08,77750.0,77750.0,71.6266
2026-09-08 13:51:00,77750.0,77766.56,77620.01,77722.0,218.48741
2026-09-08 13:54:00,77722.0,78000.0,77718.0,78000.0,149.51292
2026-09-08 13:57:00,78000.0,78087.99,77890.24,77961.66,113.20578
2026-09-08 14:00:00,77961.66,78034.89,77854.0,77967.99,135.99221
2026-09-08 14:03:00,77968.0,78088.0,77910.0,78087.29,49.99118
2026-09-08 14:06:00,78087.29,78109.2,77974.26,78104.4,38.93068
2026-09-08 14:09:00,78104.39,78189.94,78048.0,78132.23,43.58673
2026-09-08 14:12:00,78132.24,78190.0,78128.0,78151.64,47.14642
2026-09-08 14:15:00,78151.63,78288.28,78151.63,78246.0,52.70508
2026-09-08 14:18:00,78245.99,78354.54,78224.0,78354.54,58.17977
2026-09-08 14:21:00,78354.54,78375.73,78308.84,78358.08,23.46786
2026-09-08 14:24:00,78358.07,78371.66,78254.0,78255.28,32.40822
2026-09-08 14:27:00,78255.97,78337.46,78255.97,78337.46,23.29787
2026-09-08 14:30:00,78337.46,78356.1,78266.79,78276.0,35.88007
2026-09-08 14:33:00,78276.01,78412.03,78248.0,78340.1,32.50344
2026-09-08 14:36:00,78340.09,78400.0,78298.0,78399.99,25.65503
2026-09-08 14:39:00,78399.99,78400.43,78282.0,78360.0,26.53856
2026-09-08 14:42:00,78359.99,78432.0,78342.0,78407.73,49.69235
2026-09-08 14:45:00,78407.73,78492.33,78385.26,78475.99,38.9967
2026-09-08 14:48:00,78476.0,78630.81,78476.0,78583.9,80.19561
2026-09-08 14:51:00,78583.9,78595.15,78458.0,78519.99,33.55446
2026-09-08 14:54:00,78519.99,78553.36,78490.0,78533.21,28.26069
2026-09-08 14:57:00,78533.21,78588.57,78530.6,78567.52,28.723
2026-09-08 15:00:00,78567.52,78588.57,78526.51,78578.02,31.48529
2026-09-08 15:03:00,78578.02,78662.99,78477.32,78511.99,31.14402
2026-09-08 15:06:00,78511.99,78565.68,78496.0,78550.01,20.54256
2026-09-08 15:09:00,78550.01,78664.0,78550.01,78587.99,23.21176
2026-09-08 15:12:00,78587.98,78658.72,78555.85,78644.96,20.27479
2026-09-08 15:15:00,78644.96,78708.08,78618.34,78685.76,52.76019
2026-09-08 15:18:00,78685.75,78687.31,78582.0,78582.0,46.72158
2026-09-08 15:21:00,78582.01,78584.75,78480.0,78503.98,33.67197
2026-09-08 15:24:00,78503.98,78565.16,78486.0,78486.0,26.82546
2026-09-08 15:27:00,78486.0,78510.0,78451.39,78465.0,21.9235
2026-09-08 15:30:00,78465.01,78503.99,78456.53,78470.96,23.75697
2026-09-08 15:33:00,78470.96,78563.47,78453.52,78554.46,28.70138
2026-09-08 15:36:00,78554.45,78650.0,78540.0,78640.87,37.55828
2026-09-08 15:39:00,78640.87,78659.99,78600.0,78646.15,21.55122
2026-09-08 15:42:00,78646.15,78770.0,78646.14,78721.54,38.5008
2026-09-08 15:45:00,78721.55,78762.17,78682.0,78726.29,25.42999
2026-09-08 15:48:00,78726.3,78797.15,78717.61,78760.01,31.13875
2026-09-08 15:51:00,78760.0,78874.64,78760.0,78798.01,105.5211
2026-09-08 15:54:00,78798.01,78871.85,78788.0,78867.99,19.63361
2026-09-08 15:57:00,78868.0,78910.88,78845.91,78904.0,28.20985
2026-09-08 16:00:00,78904.0,78908.0,78750.0,78780.0,33.67147
2026-09-08 16:03:00,78780.01,78834.0,78776.0,78803.83,11.72495
2026-09-08 16:06:00,78803.82,78834.0,78772.0,78776.6,18.65295
2026-09-08 16:09:00,78776.61,78776.61,78662.42,78662.43,14.01997
2026-09-08 16:12:00,78662.42,78662.43,78634.13,78648.82,12.32155
2026-09-08 16:15:00,78648.82,78659.73,78581.33,78622.0,10.25917
2026-09-08 16:18:00,78622.01,78677.9,78594.0,78594.01,10.41387
2026-09-08 16:21:00,78594.0,78671.59,78582.0,78613.57,19.4646
2026-09-08 16:24:00,78613.58,78682.0,78606.0,78676.01,13.47003
2026-09-08 16:27:00,78676.01,78682.0,78627.16,78633.98,11.82887
2026-09-08 16:30:00,78633.98,78684.0,78624.0,78680.22,10.36032
2026-09-08 16:33:00,78680.22,78708.0,78652.0,78705.98,7.13392
2026-09-08 16:36:00,78705.98,78824.0,78702.0,78823.99,20.12433
2026-09-08 16:39:00,78823.99,78978.39,78823.99,78896.0,34.23105
2026-09-08 16:42:00,78896.0,78897.72,78796.0,78796.0,26.96457
2026-09-08 16:45:00,78796.01,78836.0,78778.0,78826.01,15.80384
2026-09-08 16:48:00,78826.0,78878.0,78804.0,78856.01,10.35489
2026-09-08 16:51:00,78856.01,78856.01,78748.32,78787.62,22.44576
2026-09-08 16:54:00,78787.63,78824.0,78654.0,78699.32,28.55695
2026-09-08 16:57:00,78699.32,78739.12,78698.49,78735.89,8.00512
2026-09-08 17:00:00,78735.88,78857.45,78735.88,78840.01,28.12149
2026-09-08 17:03:00,78840.01,78857.13,78800.0,78800.01,9.61795
2026-09-08 17:06:00,78800.0,78892.0,78732.0,78738.0,41.69377
2026-09-08 17:09:00,78737.99,78744.0,78668.0,78710.0,13.69241
2026-09-08 17:12:00,78710.0,78726.0,78686.0,78709.94,8.12984
2026-09-08 17:15:00,78709.93,78718.0,78676.0,78690.0,8.77641
2026-09-08 17:18:00,78690.01,78690.01,78608.96,78608.97,17.21029
2026-09-08 17:21:00,78608.97,78616.0,78600.0,78600.0,10.22019
2026-09-08 17:24:00,78600.0,78600.0,78550.21,78550.22,12.37563
2026-09-08 17:27:00,78550.21,78598.98,78550.21,78594.96,16.51436
2026-09-08 17:30:00,78594.96,78625.07,78560.0,78560.0,18.14558
2026-09-08 17:33:00,78560.01,78668.0,78560.0,78640.01,39.68514
2026-09-08 17:36:00,78640.0,78662.99,78619.71,78629.91,19.3461
2026-09-08 17:39:00,78629.9,78629.91,78566.0,78594.0,13.63401
2026-09-08 17:42:00,78593.99,78594.0,78535.59,78535.6,8.72376
2026-09-08 17:45:00,78535.59,78573.74,78529.41,78551.93,11.33968
2026-09-08 17:48:00,78551.93,78559.99,78500.0,78542.0,20.93454
2026-09-08 17:51:00,78542.01,78632.0,78542.0,78631.99,35.63053
2026-09-08 17:54:00,78632.0,78652.0,78570.83,78570.83,26.26144
2026-09-08 17:57:00,78570.83,78570.84,78500.0,78504.38,16.78139
2026-09-08 18:00:00,78504.38,78574.85,78500.0,78560.01,26.71334
2026-09-08 18:03:00,78560.0,78582.0,78519.5,78581.99,8.00471
2026-09-08 18:06:00,78582.0,78667.2,78582.0,78667.2,31.49738
2026-09-08 18:09:00,78667.21,78724.99,78664.75,78676.0,12.9675
2026-09-08 18:12:00,78676.01,78678.0,78649.32,78676.01,9.02982
2026-09-08 18:15:00,78676.0,78740.66,78676.0,78740.66,7.81264
2026-09-08 18:18:00,78740.65,78777.99,78738.0,78771.99,9.64587
2026-09-08 18:21:00,78772.0,78794.0,78756.0,78780.01,7.32954
2026-09-08 18:24:00,78780.01,78822.47,78726.97,78726.98,8.997
2026-09-08 18:27:00,78726.98,78732.0,78723.97,78731.99,3.78916
2026-09-08 18:30:00,78732.0,78769.99,78720.0,78769.99,6.51437
2026-09-08 18:33:00,78770.0,78772.0,78656.0,78656.01,20.39067
2026-09-08 18:36:00,78656.01,78672.0,78613.07,78620.0,7.52691
2026-09-08 18:39:00,78620.0,78620.0,78586.0,78588.01,19.64191
2026-09-08 18:42:00,78588.01,78612.0,78586.0,78608.21,6.67136
2026-09-08 18:45:00,78608.22,78656.0,78538.14,78539.96,17.18168
2026-09-08 18:48:00,78539.7,78539.7,78324.03,78407.51,51.14007
2026-09-08 18:51:00,78407.51,78440.0,78271.49,78409.87,18.6057
2026-09-08 18:54:00,78409.87,78420.0,78371.31,78384.26,24.76255
2026-09-08 18:57:00,78384.27,78460.0,78384.26,78436.0,12.45676
2026-09-08 19:00:00,78436.01,78491.99,78400.0,78491.99,11.58332
2026-09-08 19:03:00,78492.0,78520.0,78480.0,78484.01,12.66246
2026-09-08 19:06:00,78484.01,78500.0,78428.0,78454.0,13.9714
2026-09-08 19:09:00,78453.99,78474.0,78434.44,78459.99,21.32608
2026-09-08 19:12:00,78459.99,78483.99,78442.0,78468.0,17.86019
2026-09-08 19:15:00,78468.0,78528.0,78440.0,78440.0,20.29004
2026-09-08 19:18:00,78440.01,78474.0,78438.0,78442.0,11.64777
2026-09-08 19:21:00,78442.0,78444.0,78350.0,78441.58,22.51071
2026-09-08 19:24:00,78441.58,78448.0,78362.29,78392.32,18.44276
2026-09-08 19:27:00,78392.32,78484.0,78392.31,78474.0,36.35206
2026-09-08 19:30:00,78473.99,78521.28,78444.01,78459.03,24.83478
2026-09-08 19:33:00,78459.03,78459.03,78340.9,78440.43,32.53811
2026-09-08 19:36:00,78440.43,78487.09,78418.0,78465.99,21.51287
2026-09-08 19:39:00,78466.0,78521.06,78436.0,78446.74,42.22156
2026-09-08 19:42:00,78446.74,78459.58,78416.0,78420.5,10.89452
2026-09-08 19:45:00,78420.5,78420.5,78364.64,78389.54,17.47998
2026-09-08 19:48:00,78389.54,78416.0,78325.39,78334.0,48.72401
2026-09-08 19:51:00,78334.0,78374.0,78326.0,78362.73,22.54863
2026-09-08 19:54:00,78362.73,78362.73,78332.0,78349.99,26.16809
2026-09-08 19:57:00,78349.99,78446.0,78346.11,78446.0,23.70899
2026-09-08 20:00:00,78445.99,78478.0,78442.0,78467.99,22.68335
2026-09-08 20:03:00,78468.0,78498.0,78410.05,78481.99,13.16845
2026-09-08 20:06:00,78481.99,78534.0,78481.99,78525.61,11.86753
2026-09-08 20:09:00,78525.6,78621.77,78525.6,78598.42,17.88228
2026-09-08 20:12:00,78598.42,78611.65,78562.02,78610.0,16.55722
2026-09-08 20:15:00,78610.0,78614.0,78522.0,78546.0,20.87689
2026-09-08 20:18:00,78546.01,78551.16,78478.0,78478.0,9.02733
2026-09-08 20:21:00,78478.01,78536.0,78478.0,78492.48,8.06609
2026-09-08 20:24:00,78492.48,78518.0,78458.0,78514.0,17.04476
2026-09-08 20:27:00,78514.0,78592.0,78513.99,78583.18,27.22937
2026-09-08 20:30:00,78583.17,78583.18,78492.0,78492.01,19.5087
2026-09-08 20:33:00,78492.0,78492.01,78419.61,78425.99,9.53572
2026-09-08 20:36:00,78426.0,78538.0,78425.99,78538.0,8.62414
2026-09-08 20:39:00,78538.0,78545.84,78480.94,78497.14,9.95214
2026-09-08 20:42:00,78497.14,78557.99,78492.0,78526.01,8.92707
2026-09-08 20:45:00,78526.0,78550.0,78501.02,78546.0,6.98314
2026-09-08 20:48:00,78546.0,78546.01,78498.01,78518.01,11.8157
2026-09-08 20:51:00,78518.01,78563.5,78518.0,78558.0,6.32069
2026-09-08 20:54:00,78558.0,78558.0,78474.0,78512.14,15.59423
2026-09-08 20:57:00,78512.14,78522.26,78476.1,78487.99,25.225
2026-09-08 21:00:00,78487.99,78576.01,78471.35,78576.0,35.91546
2026-09-08 21:03:00,78576.0,78581.33,78512.0,78515.99,18.83793
2026-09-08 21:06:00,78516.0,78558.47,78515.99,78540.0,13.72594
2026-09-08 21:09:00,78540.0,78568.35,78540.0,78567.41,9.18933
2026-09-08 21:12:00,78567.4,78567.41,78549.34,78555.77,6.28463
2026-09-08 21:15:00,78555.78,78576.04,78552.0,78552.0,4.17683
2026-09-08 21:18:00,78552.0,78552.01,78530.0,78542.01,4.46297
2026-09-08 21:21:00,78542.01,78571.2,78512.0,78549.81,14.52014
2026-09-08 21:24:00,78549.8,78577.9,78522.56,78577.89,12.98504
2026-09-08 21:27:00,78577.9,78623.21,78528.82,78542.36,32.8918
2026-09-08 21:30:00,78542.36,78554.0,78508.0,78508.01,18.66509
2026-09-08 21:33:00,78508.01,78534.0,78478.4,78478.4,27.09352
2026-09-08 21:36:00,78478.41,78529.99,78478.4,78504.0,17.61354
2026-09-08 21:39:00,78504.01,78526.0,78446.0,78504.0,55.67685
2026-09-08 21:42:00,78503.99,78565.58,78500.0,78523.97,26.27437
2026-09-08 21:45:00,78523.96,78530.0,78514.35,78519.99,4.60934
2026-09-08 21:48:00,78520.0,78534.0,78444.1,78444.1,20.11538
2026-09-08 21:51:00,78444.1,78445.51,78408.02,78414.01,10.60749
2026-09-08 21:54:00,78414.01,78461.44,78406.0,78461.44,6.66273
2026-09-08 21:57:00,78461.43,78492.19,78452.65,78492.18,6.01342
2026-09-08 22:00:00,78492.19,78624.42,78490.18,78624.42,17.36386
2026-09-08 22:03:00,78624.42,78662.75,78576.0,78588.38,20.36782
2026-09-08 22:06:00,78588.37,78588.37,78470.01,78470.01,7.17631
2026-09-08 22:09:00,78470.0,78502.86,78458.0,78486.01,12.45368
2026-09-08 22:12:00,78486.01,78506.0,78476.0,78505.99,8.75333
2026-09-08 22:15:00,78505.99,78535.5,78480.0,78486.0,24.97006
2026-09-08 22:18:00,78486.01,78498.59,78474.0,78498.29,7.4877
2026-09-08 22:21:00,78498.29,78581.99,78498.28,78562.0,19.42786
2026-09-08 22:24:00,78562.0,78562.0,78522.0,78522.0,3.82741
2026-09-08 22:27:00,78522.01,78528.0,78504.55,78504.56,5.05316
2026-09-08 22:30:00,78504.56,78506.0,78476.0,78500.01,5.15967
2026-09-08 22:33:00,78500.0,78500.01,78470.0,78470.01,4.86094
2026-09-08 22:36:00,78470.01,78512.0,78468.69,78488.01,4.79983
2026-09-08 22:39:00,78488.0,78510.0,78484.0,78510.0,116.03378
2026-09-08 22:42:00,78509.99,78532.0,78485.78,78490.0,10.15516
2026-09-08 22:45:00,78490.0,78535.13,78490.0,78524.01,4.88758
2026-09-08 22:48:00,78524.01,78554.0,78524.0,78536.01,12.84741
2026-09-08 22:51:00,78536.01,78576.0,78536.0,78549.99,10.08329
2026-09-08 22:54:00,78550.0,78550.0,78512.65,78538.0,40.99426
2026-09-08 22:57:00,78537.99,78577.99,78537.99,78562.44,7.75125
2026-09-08 23:00:00,78562.43,78575.31,78556.0,78575.31,5.53256
2026-09-08 23:03:00,78575.3,78575.3,78510.0,78522.88,21.11172
2026-09-08 23:06:00,78522.88,78522.89,78518.0,78518.0,3.47443
2026-09-08 23:09:00,78518.01,78519.0,78462.53,78462.54,58.64569
2026-09-08 23:12:00,78462.54,78522.89,78462.53,78498.01,23.29228
2026-09-08 23:15:00,78498.01,78506.57,78484.0,78494.01,34.03495
2026-09-08 23:18:00,78494.0,78494.01,78468.27,78468.29,40.32317
2026-09-08 23:21:00,78468.29,78484.0,78454.19,78470.01,24.27259
2026-09-08 23:24:00,78470.0,78470.01,78432.87,78435.25,17.68201
2026-09-08 23:27:00,78435.25,78480.0,78435.24,78460.0,17.04229
2026-09-08 23:30:00,78460.0,78466.0,78448.56,78465.01,15.30292
2026-09-08 23:33:00,78465.0,78466.0,78465.0,78465.99,76.65139
2026-09-08 23:36:00,78465.99,78467.84,78450.05,78450.05,7.43485
2026-09-08 23:39:00,78450.06,78466.05,78450.05,78455.02,7.35806
2026-09-08 23:42:00,78455.01,78455.02,78446.89,78448.12,10.42285
2026-09-08 23:45:00,78448.12,78454.0,78436.0,78453.99,6.9047
2026-09-08 23:48:00,78453.99,78458.0,78434.54,78434.54,17.95715
2026-09-08 23:51:00,78434.53,78463.64,78424.52,78438.1,13.67808
2026-09-08 23:54:00,78438.1,78438.1,78418.0,78418.01,8.17244
2026-09-08 23:57:00,78418.0,78464.81,78408.64,78455.8,12.88657
2026-09-09 00:00:00,78455.8,78537.46,78455.79,78534.53,30.19757
2026-09-09 00:03:00,78534.53,78577.82,78534.53,78563.12,13.88446
2026-09-09 00:06:00,78563.11,78625.01,78563.11,78620.48,16.25216
2026-09-09 00:09:00,78620.47,78707.72,78611.59,78704.23,13.00636
2026-09-09 00:12:00,78704.24,78732.12,78695.31,78719.22,16.33385
2026-09-09 00:15:00,78719.23,78719.23,78632.95,78681.15,15.46277
2026-09-09 00:18:00,78681.16,78747.23,78681.16,78727.67,10.53259
2026-09-09 00:21:00,78727.67,78727.68,78646.0,78666.01,10.41267
2026-09-09 00:24:00,78666.0,78666.01,78626.49,78626.49,11.84427
2026-09-09 00:27:00,78626.5,78633.85,78604.0,78630.0,8.90581
2026-09-09 00:30:00,78630.0,78633.53,78588.1,78588.1,10.41997
2026-09-09 00:33:00,78588.1,78630.06,78588.0,78592.78,9.71296
2026-09-09 00:36:00,78592.79,78628.8,78564.96,78628.8,7.4517
2026-09-09 00:39:00,78628.79,78659.81,78624.0,78624.01,7.79014
2026-09-09 00:42:00,78624.01,78698.14,78624.01,78698.13,9.50155
2026-09-09 00:45:00,78698.14,78752.29,78698.13,78752.29,10.28081
2026-09-09 00:48:00,78752.28,78781.35,78708.47,78781.34,17.77175
2026-09-09 00:51:00,78781.34,78781.35,78733.29,78769.53,23.32084
2026-09-09 00:54:00,78769.53,78783.59,78769.52,78779.4,6.40941
2026-09-09 00:57:00,78779.39,78796.97,78760.91,78774.65,14.31901
2026-09-09 01:00:00,78774.66,78783.85,78738.63,78765.86,9.64327
2026-09-09 01:03:00,78765.86,78793.81,78701.25,78769.47,24.87219
2026-09-09 01:06:00,78769.47,78778.71,78746.0,78754.01,6.22043
2026-09-09 01:09:00,78754.0,78839.17,78754.0,78839.17,8.65852
2026-09-09 01:12:00,78839.17,78863.0,78738.0,78740.01,212.96665
2026-09-09 01:15:00,78740.0,78752.0,78634.52,78656.01,18.02127
2026-09-09 01:18:00,78656.0,78698.0,78642.0,78697.99,23.4842
2026-09-09 01:21:00,78698.0,78700.0,78633.53,78666.01,12.03908
2026-09-09 01:24:00,78666.01,78675.81,78662.0,78663.99,8.96872
2026-09-09 01:27:00,78664.0,78769.3,78663.99,78734.01,94.24981
2026-09-09 01:30:00,78734.0,78745.99,78702.0,78745.99,14.80804
2026-09-09 01:33:00,78746.0,78770.77,78730.47,78770.77,8.07345
2026-09-09 01:36:00,78770.76,78879.54,78764.96,78823.04,25.70232
2026-09-09 01:39:00,78823.03,78871.17,78808.7,78808.71,8.52632
2026-09-09 01:42:00,78808.71,78848.0,78808.7,78839.99,10.53799
2026-09-09 01:45:00,78840.0,78877.99,78840.0,78864.49,12.54956
2026-09-09 01:48:00,78864.49,78880.0,78850.0,78879.99,10.47278
2026-09-09 01:51:00,78880.0,78887.12,78827.99,78887.12,20.68035
2026-09-09 01:54:00,78887.12,78887.12,78850.0,78879.99,7.97488
2026-09-09 01:57:00,78879.99,78891.5,78818.66,78891.5,199.39381
2026-09-09 02:00:00,78891.49,78910.0,78890.58,78896.01,8.6482
2026-09-09 02:03:00,78896.0,78896.0,78846.0,78847.12,24.14146
2026-09-09 02:06:00,78847.12,78912.0,78847.11,78908.01,12.82674
2026-09-09 02:09:00,78908.0,78928.65,78843.05,78843.05,32.92911
2026-09-09 02:12:00,78843.04,78843.04,78796.49,78802.45,12.38511
2026-09-09 02:15:00,78802.46,78802.46,78690.02,78693.99,101.16446
2026-09-09 02:18:00,78694.0,78786.0,78686.46,78719.02,34.52487
2026-09-09 02:21:00,78719.02,78796.53,78710.0,78789.57,11.86795
2026-09-09 02:24:00,78789.57,78833.22,78772.88,78797.99,24.01593
2026-09-09 02:27:00,78798.0,78822.0,78794.0,78821.99,6.24907
2026-09-09 02:30:00,78821.99,78841.75,78794.01,78829.11,8.31772
2026-09-09 02:33:00,78829.12,78835.66,78758.0,78771.83,10.88368
2026-09-09 02:36:00,78771.83,78780.95,78762.0,78769.99,6.62399
2026-09-09 02:39:00,78769.99,78770.0,78762.0,78768.01,5.87772
2026-09-09 02:42:00,78768.01,78792.0,78768.0,78792.0,4.65389
2026-09-09 02:45:00,78791.99,78800.0,78776.45,78794.56,6.99237
2026-09-09 02:48:00,78794.56,78798.71,78772.0,78772.01,7.70189
2026-09-09 02:51:00,78772.01,78800.0,78768.01,78788.01,7.30596
2026-09-09 02:54:00,78788.01,78788.01,78748.21,78748.22,4.26593
2026-09-09 02:57:00,78748.22,78750.01,78726.0,78726.01,7.32109
2026-09-09 03:00:00,78726.01,78726.01,78672.99,78683.68,6.17484
2026-09-09 03:03:00,78683.68,78692.5,78676.36,78690.31,7.47607
2026-09-09 03:06:00,78690.31,78717.26,78643.96,78643.96,13.47405
2026-09-09 03:09:00,78643.96,78659.99,78600.0,78641.86,18.86474
2026-09-09 03:12:00,78641.86,78652.0,78592.45,78592.45,8.32927
2026-09-09 03:15:00,78592.46,78606.0,78580.0,78599.99,8.57573
2026-09-09 03:18:00,78599.99,78622.0,78584.36,78616.01,16.04363
2026-09-09 03:21:00,78616.01,78616.01,78575.56,78589.99,9.88499
2026-09-09 03:24:00,78589.99,78599.99,78548.53,78548.53,42.68519
2026-09-09 03:27:00,78548.46,78590.01,78548.46,78577.71,27.63748
2026-09-09 03:30:00,78577.71,78594.0,78577.71,78586.01,4.46762
2026-09-09 03:33:00,78586.0,78596.0,78580.0,78590.0,6.95186
2026-09-09 03:36:00,78589.99,78604.63,78589.99,78600.0,18.5773
2026-09-09 03:39:00,78600.01,78660.0,78600.0,78659.99,8.46632
2026-09-09 03:42:00,78659.99,78662.92,78642.27,78650.01,11.84243
2026-09-09 03:45:00,78650.0,78679.99,78635.2,78654.01,20.9639
2026-09-09 03:48:00,78654.0,78654.0,78626.0,78626.0,6.45046
2026-09-09 03:51:00,78626.0,78648.0,78604.0,78648.0,10.83377
2026-09-09 03:54:00,78647.99,78648.0,78605.38,78605.39,6.42402
2026-09-09 03:57:00,78605.38,78672.0,78605.38,78638.01,15.25849
2026-09-09 04:00:00,78638.01,78880.35,78638.0,78852.0,45.40524
2026-09-09 04:03:00,78852.0,78941.65,78852.0,78912.42,26.90607
2026-09-09 04:06:00,78912.43,78914.0,78818.0,78818.01,104.69014
2026-09-09 04:09:00,78818.0,78824.0,78757.72,78824.0,18.02178
2026-09-09 04:12:00,78824.0,78851.99,78802.0,78841.62,19.17045
2026-09-09 04:15:00,78841.62,78841.62,78794.57,78796.0,7.99471
2026-09-09 04:18:00,78796.0,78847.69,78790.0,78821.5,17.4193
2026-09-09 04:21:00,78821.5,78895.72,78821.5,78895.71,14.02745
2026-09-09 04:24:00,78895.72,78922.0,78895.71,78900.54,11.48756
2026-09-09 04:27:00,78900.53,78945.99,78896.0,78896.01,9.40011
2026-09-09 04:30:00,78896.01,78897.96,78879.76,78896.01,8.1656
2026-09-09 04:33:00,78896.01,78924.64,78887.16,78912.6,8.85756
2026-09-09 04:36:00,78912.6,78938.64,78912.59,78938.63,17.64827
2026-09-09 04:39:00,78938.64,78939.0,78912.96,78938.82,39.65329
2026-09-09 04:42:00,78938.82,79206.26,78924.0,79195.07,140.23066
2026-09-09 04:45:00,79195.07,79215.83,79080.89,79168.87,79.34179
2026-09-09 04:48:00,79168.87,79182.13,79101.21,79135.61,31.2561
2026-09-09 04:51:00,79135.6,79187.05,79123.87,79179.53,23.29721
2026-09-09 04:54:00,79179.52,79194.41,79160.47,79194.4,22.3101
2026-09-09 04:57:00,79194.4,79194.41,79168.01,79171.5,14.20156
2026-09-09 05:00:00,79171.5,79182.82,79058.77,79064.18,36.64797
2026-09-09 05:03:00,79064.18,79146.45,79058.77,79126.04,16.19903
2026-09-09 05:06:00,79126.03,79139.95,79092.07,79122.31,16.49586
2026-09-09 05:09:00,79122.31,79147.31,79100.0,79138.07,26.25815
2026-09-09 05:12:00,79138.07,79330.0,79131.96,79273.85,101.72456
2026-09-09 05:15:00,79273.84,79370.01,79232.25,79310.59,69.55579
2026-09-09 05:18:00,79310.6,79335.3,79278.61,79313.73,23.28735
2026-09-09 05:21:00,79313.73,79313.74,79175.99,79187.19,16.94882
2026-09-09 05:24:00,79187.2,79200.0,79138.08,79148.74,23.72927
2026-09-09 05:27:00,79148.74,79165.31,79131.18,79131.18,10.0678
2026-09-09 05:30:00,79131.19,79137.75,78963.99,78990.6,56.17693
2026-09-09 05:33:00,78990.61,79030.91,78956.0,78981.99,20.31023
2026-09-09 05:36:00,78982.0,79047.32,78976.0,78978.01,22.8421
2026-09-09 05:39:00,78978.01,78978.01,78912.59,78921.99,27.93399
2026-09-09 05:42:00,78921.99,78935.09,78900.0,78926.67,14.69676
2026-09-09 05:45:00,78926.68,78926.68,78850.0,78850.0,15.21116
2026-09-09 05:48:00,78850.01,78880.0,78840.59,78863.99,23.80005
2026-09-09 05:51:00,78863.99,78908.0,78856.78,78901.99,13.52374
2026-09-09 05:54:00,78901.99,78950.65,78900.0,78948.0,10.4158
2026-09-09 05:57:00,78948.0,78962.0,78916.01,78923.43,26.16609
2026-09-09 06:00:00,78923.43,78963.5,78898.0,78898.01,12.91222
2026-09-09 06:03:00,78898.01,78936.01,78865.71,78924.0,19.02707
2026-09-09 06:06:00,78924.0,78977.67,78889.19,78966.5,28.43748
2026-09-09 06:09:00,78966.49,79079.24,78932.0,79076.1,32.59915
2026-09-09 06:12:00,79076.1,79135.64,79060.67,79121.65,19.3009
2026-09-09 06:15:00,79121.65,79170.0,79099.16,79164.81,20.40158
2026-09-09 06:18:00,79164.81,79170.0,79140.45,79169.04,9.72691
2026-09-09 06:21:00,79169.04,79290.63,79143.78,79290.62,40.35499
2026-09-09 06:24:00,79290.62,79290.62,79173.41,79186.16,15.13103
2026-09-09 06:27:00,79186.17,79186.17,79156.18,79156.19,9.77861
2026-09-09 06:30:00,79156.19,79227.62,79138.93,79138.94,9.98734
2026-09-09 06:33:00,79138.93,79236.02,79135.9,79220.9,8.94697
2026-09-09 06:36:00,79220.89,79230.65,79203.95,79222.65,6.24928
2026-09-09 06:39:00,79222.64,79222.64,79168.09,79188.12,6.76931
2026-09-09 06:42:00,79188.12,79190.96,79151.0,79187.41,15.23158
2026-09-09 06:45:00,79187.42,79198.69,79160.0,79163.09,9.01577
2026-09-09 06:48:00,79163.1,79173.55,79134.84,79164.75,13.02696
2026-09-09 06:51:00,79164.74,79164.74,79125.62,79125.91,10.4823
2026-09-09 06:54:00,79125.91,79142.58,79117.88,79117.89,11.00896
2026-09-09 06:57:00,79117.89,79177.98,79117.88,79159.03,8.01555
2026-09-09 07:00:00,79159.03,79181.63,79151.34,79178.46,8.50307
2026-09-09 07:03:00,79178.45,79284.38,79164.0,79284.37,18.78374
2026-09-09 07:06:00,79284.37,79400.0,79284.37,79305.15,39.46061
2026-09-09 07:09:00,79305.15,79338.78,79274.0,79312.2,20.02809
2026-09-09 07:12:00,79312.19,79330.0,79244.65,79249.36,81.99015
2026-09-09 07:15:00,79249.35,79290.36,79220.17,79253.99,23.80485
2026-09-09 07:18:00,79253.99,79292.04,79240.0,79292.04,27.42795
2026-09-09 07:21:00,79292.04,79292.04,79249.27,79292.02,21.9323
2026-09-09 07:24:00,79292.03,79292.03,79243.49,79269.58,15.26963
2026-09-09 07:27:00,79269.58,79289.99,79248.0,79277.42,20.32574
2026-09-09 07:30:00,79277.42,79292.03,79249.02,79252.0,13.55757
2026-09-09 07:33:00,79252.0,79252.01,79222.01,79223.03,12.92971
2026-09-09 07:36:00,79223.03,79254.0,79223.03,79250.66,15.15364
2026-09-09 07:39:00,79250.65,79250.66,79223.03,79225.8,15.75479
2026-09-09 07:42:00,79225.79,79245.78,79182.65,79196.25,23.1222
2026-09-09 07:45:00,79196.26,79254.0,79196.25,79218.3,21.18893
2026-09-09 07:48:00,79218.3,79232.0,79195.92,79229.46,12.32071
2026-09-09 07:51:00,79229.47,79276.0,79226.92,79262.0,19.66129
2026-09-09 07:54:00,79262.0,79262.01,79244.0,79247.26,11.16425
2026-09-09 07:57:00,79247.26,79283.56,79240.91,79277.43,13.0271
2026-09-09 08:00:00,79277.44,79434.34,79264.0,79401.22,53.8161
2026-09-09 08:03:00,79401.22,79435.32,79325.92,79419.83,26.75216
2026-09-09 08:06:00,79419.84,79440.0,79381.83,79430.1,32.13859
2026-09-09 08:09:00,79430.1,79544.65,79430.1,79511.35,142.93946
2026-09-09 08:12:00,79510.22,79510.22,79411.29,79411.46,44.22215
2026-09-09 08:15:00,79411.45,79486.78,79400.0,79485.98,37.91607
2026-09-09 08:18:00,79485.99,79511.62,79485.98,79497.29,13.85962
2026-09-09 08:21:00,79497.28,79618.15,79497.28,79581.88,50.55282
2026-09-09 08:24:00,79581.88,79615.61,79544.03,79615.6,34.67654
2026-09-09 08:27:00,79615.61,79708.03,79609.03,79683.38,67.23167
2026-09-09 08:30:00,79683.38,79683.38,79633.75,79650.12,35.39891
2026-09-09 08:33:00,79650.12,79711.0,79650.12,79711.0,16.29254
2026-09-09 08:36:00,79711.0,79760.0,79564.85,79646.63,94.16049
2026-09-09 08:39:00,79646.62,79700.0,79614.02,79644.01,29.85091
2026-09-09 08:42:00,79644.01,79700.0,79622.41,79640.0,30.74702
2026-09-09 08:45:00,79639.99,79670.0,79639.99,79669.99,11.25207
2026-09-09 08:48:00,79670.0,79670.0,79579.7,79607.88,54.89591
2026-09-09 08:51:00,79607.88,79701.68,79607.87,79701.67,28.21411
2026-09-09 08:54:00,79701.67,79701.68,79660.67,79670.53,21.95036
2026-09-09 08:57:00,79670.53,79707.78,79670.52,79698.02,11.31704
2026-09-09 09:00:00,79698.02,79716.0,79610.3,79625.0,25.91352
2026-09-09 09:03:00,79624.99,79658.0,79613.71,79613.71,17.20178
2026-09-09 09:06:00,79613.71,79613.72,79545.14,79545.15,41.61307
2026-09-09 09:09:00,79545.14,79545.15,79471.02,79502.0,52.16387
2026-09-09 09:12:00,79502.0,79543.42,79501.99,79534.36,13.28833
2026-09-09 09:15:00,79534.37,79551.36,79500.0,79500.01,10.05753
2026-09-09 09:18:00,79500.0,79503.62,79468.79,79468.79,23.68986
2026-09-09 09:21:00,79468.8,79482.57,79468.79,79469.57,10.95573
2026-09-09 09:24:00,79469.56,79469.57,79450.0,79458.01,15.7607
2026-09-09 09:27:00,79458.01,79461.45,79430.53,79430.53,14.56205
2026-09-09 09:30:00,79430.54,79448.0,79400.0,79400.01,18.10483
2026-09-09 09:33:00,79400.01,79422.0,79362.0,79362.01,24.84678
2026-09-09 09:36:00,79362.0,79368.08,79321.91,79321.91,15.19709
2026-09-09 09:39:00,79321.92,79331.99,79076.0,79120.51,47.2311
2026-09-09 09:42:00,79120.51,79163.05,79069.42,79082.87,37.99355
2026-09-09 09:45:00,79082.87,79124.47,79015.55,79050.13,46.00711
2026-09-09 09:48:00,79050.13,79070.28,79002.37,79013.03,38.76577
2026-09-09 09:51:00,79013.03,79038.83,78964.0,79012.5,27.15017
2026-09-09 09:54:00,79012.5,79013.99,78900.0,78943.23,31.05789
2026-09-09 09:57:00,78943.22,78974.0,78942.0,78952.01,12.77143
2026-09-09 10:00:00,78952.01,79036.86,78952.0,79029.63,28.68898
2026-09-09 10:03:00,79029.63,79048.0,79000.55,79024.0,20.08955
2026-09-09 10:06:00,79024.0,79040.38,78965.32,78966.51,24.77504
2026-09-09 10:09:00,78966.52,79032.38,78941.93,79013.04,23.33589
2026-09-09 10:12:00,79013.04,79027.99,78986.0,79004.13,13.36454
2026-09-09 10:15:00,79004.13,79015.99,78928.72,79002.0,20.60313
2026-09-09 10:18:00,79002.0,79107.19,78997.71,79098.0,25.01859
2026-09-09 10:21:00,79098.01,79130.89,79070.16,79083.83,18.90518
2026-09-09 10:24:00,79083.83,79094.0,79064.0,79085.82,14.11658
2026-09-09 10:27:00,79085.82,79120.0,79080.63,79082.01,26.6602
2026-09-09 10:30:00,79082.0,79115.35,79071.22,79113.24,37.01521
2026-09-09 10:33:00,79113.23,79144.0,79094.46,79128.64,17.81545
2026-09-09 10:36:00,79128.63,79164.75,79070.0,79155.99,17.43121
2026-09-09 10:39:00,79156.0,79183.91,79064.61,79064.61,26.81048
2026-09-09 10:42:00,79064.61,79098.0,79060.0,79071.45,24.39771
2026-09-09 10:45:00,79071.45,79071.46,79004.0,79022.0,21.80442
2026-09-09 10:48:00,79022.0,79042.0,79000.0,79000.01,9.28134
2026-09-09 10:51:00,79000.01,79000.01,78878.11,78897.0,26.40461
2026-09-09 10:54:00,78897.0,78952.76,78878.11,78951.32,14.18959
2026-09-09 10:57:00,78951.31,78951.32,78914.41,78920.01,8.63952
2026-09-09 11:00:00,78920.01,78956.93,78782.9,78782.9,37.64929
2026-09-09 11:03:00,78782.89,78830.0,78725.29,78782.98,55.05383
2026-09-09 11:06:00,78782.97,78824.0,78750.52,78823.99,52.22209
2026-09-09 11:09:00,78824.0,78880.0,78823.99,78877.98,20.31516
2026-09-09 11:12:00,78877.98,78914.0,78836.29,78869.61,23.15869
2026-09-09 11:15:00,78870.0,78882.0,78793.77,78810.34,42.37627
2026-09-09 11:18:00,78810.35,78843.54,78799.14,78818.43,21.07896
2026-09-09 11:21:00,78818.44,78875.11,78790.88,78875.11,23.36559
2026-09-09 11:24:00,78875.11,78940.0,78875.11,78925.95,24.31019
2026-09-09 11:27:00,78925.94,78995.98,78925.94,78995.98,25.17495
2026-09-09 11:30:00,78995.97,79012.52,78962.0,78999.99,27.09221
2026-09-09 11:33:00,79000.0,79098.0,79000.0,79042.62,29.8667
2026-09-09 11:36:00,79042.62,79079.92,79032.0,79042.01,16.58174
2026-09-09 11:39:00,79042.01,79050.0,79004.89,79004.9,22.10137
2026-09-09 11:42:00,79004.89,79077.45,79000.0,79024.44,19.31553
2026-09-09 11:45:00,79024.44,79089.7,79024.44,79083.99,16.59725
2026-09-09 11:48:00,79083.99,79277.02,79083.99,79264.32,36.737
2026-09-09 11:51:00,79264.32,79379.28,79261.79,79346.0,57.76615
2026-09-09 11:54:00,79346.0,79346.01,79280.0,79310.01,35.95973
2026-09-09 11:57:00,79310.0,79359.99,79310.0,79324.75,155.37312
2026-09-09 12:00:00,79324.75,79420.0,79324.75,79365.83,93.59434
2026-09-09 12:03:00,79365.83,79370.01,79281.51,79337.7,227.54624
2026-09-09 12:06:00,79337.7,79452.93,79337.7,79452.92,78.71659
2026-09-09 12:09:00,79452.92,79452.93,79380.65,79409.91,31.16309
2026-09-09 12:12:00,79409.91,79409.91,79380.33,79390.0,15.58608
2026-09-09 12:15:00,79390.0,79460.04,79390.0,79400.01,80.43343
2026-09-09 12:18:00,79400.0,79403.87,79326.0,79399.9,44.31058
2026-09-09 12:21:00,79399.9,79430.19,79383.03,79419.95,22.33127
2026-09-09 12:24:00,79419.94,79419.94,79373.54,79413.84,45.14543
2026-09-09 12:27:00,79413.84,79413.84,79371.17,79405.25,19.8511
2026-09-09 12:30:00,79405.25,79500.0,79405.24,79500.0,43.38612
2026-09-09 12:33:00,79499.99,79573.45,79487.99,79573.45,54.77982
2026-09-09 12:36:00,79573.44,79576.71,79469.82,79507.98,99.6847
2026-09-09 12:39:00,79507.98,79583.06,79503.62,79575.1,65.804
2026-09-09 12:42:00,79575.11,79610.6,79508.12,79528.58,28.33552
2026-09-09 12:45:00,79528.58,79610.59,79528.55,79578.06,30.65552
2026-09-09 12:48:00,79578.06,79644.42,79534.17,79629.56,36.56933
2026-09-09 12:51:00,79629.57,79662.56,79576.43,79641.56,58.93879
2026-09-09 12:54:00,79641.55,79641.56,79570.91,79614.45,33.42526
2026-09-09 12:57:00,79614.45,79639.73,79568.0,79606.14,25.94915
2026-09-09 13:00:00,79606.15,79609.87,79518.0,79550.0,32.69449
2026-09-09 13:03:00,79550.0,79629.57,79510.0,79588.0,24.31031
2026-09-09 13:06:00,79588.0,79615.42,79544.0,79582.51,44.29359
2026-09-09 13:09:00,79582.5,79582.5,79498.55,79498.56,16.29938
2026-09-09 13:12:00,79498.56,79528.0,79498.55,79523.45,10.53592
2026-09-09 13:15:00,79523.46,79526.0,79464.08,79484.01,18.45181
2026-09-09 13:18:00,79484.01,79565.52,79468.0,79564.02,19.22724
2026-09-09 13:21:00,79564.02,79600.0,79550.26,79558.0,21.31849
2026-09-09 13:24:00,79558.0,79574.18,79540.28,79565.3,11.53496
2026-09-09 13:27:00,79565.3,79640.84,79565.3,79620.05,28.95633
2026-09-09 13:30:00,79620.05,79678.84,79516.0,79627.4,44.33422
2026-09-09 13:33:00,79627.38,79678.84,79480.55,79480.55,53.03707
2026-09-09 13:36:00,79480.55,79480.55,79290.35,79315.0,72.77775
2026-09-09 13:39:00,79315.0,79471.86,79308.0,79322.44,36.55772
2026-09-09 13:42:00,79322.44,79322.44,79103.81,79246.68,61.22342
2026-09-09 13:45:00,79246.68,79390.0,79212.0,79334.0,39.86998
2026-09-09 13:48:00,79334.01,79382.0,79290.0,79340.0,49.39712
2026-09-09 13:51:00,79340.0,79379.18,79296.11,79296.11,18.96597
2026-09-09 13:54:00,79296.12,79296.12,79171.67,79221.38,57.31566
2026-09-09 13:57:00,79221.37,79298.08,79103.19,79140.69,39.83577
2026-09-09 14:00:00,79140.69,79152.0,78918.31,78957.01,117.49161
2026-09-09 14:03:00,78957.01,79205.43,78890.43,79145.99,73.74234
2026-09-09 14:06:00,79146.0,79174.0,78980.66,79050.01,77.24817
2026-09-09 14:09:00,79050.97,79050.97,78904.1,78911.6,67.57268
2026-09-09 14:12:00,78911.59,79094.98,78900.18,79086.01,36.3158
2026-09-09 14:15:00,79086.0,79089.25,79010.04,79044.0,46.95813
2026-09-09 14:18:00,79044.0,79044.0,78877.41,78909.7,65.07301
2026-09-09 14:21:00,78909.7,79013.67,78877.36,78939.99,73.55373
2026-09-09 14:24:00,78939.99,79140.0,78885.53,79124.0,38.01179
2026-09-09 14:27:00,79124.0,79274.74,79123.99,79274.74,42.3006
2026-09-09 14:30:00,79274.74,79291.76,79230.0,79284.6,40.67368
2026-09-09 14:33:00,79284.6,79375.0,79264.0,79372.74,33.15457
2026-09-09 14:36:00,79372.75,79413.74,79240.63,79246.01,27.18225
2026-09-09 14:39:00,79246.0,79286.0,79132.0,79141.6,31.36736
2026-09-09 14:42:00,79141.6,79158.0,78965.69,79000.0,53.92504
2026-09-09 14:45:00,78999.99,79103.99,78932.89,79045.19,41.71367
2026-09-09 14:48:00,79045.2,79136.01,79002.0,79088.01,32.60163
2026-09-09 14:51:00,79088.01,79094.0,78934.01,78971.38,36.24132
2026-09-09 14:54:00,78971.38,78982.01,78889.23,78903.2,59.93993
2026-09-09 14:57:00,78903.2,78958.01,78885.53,78958.01,39.62385
2026-09-09 15:00:00,78958.01,79394.99,78628.47,78720.01,395.06583
2026-09-09 15:03:00,78720.0,78910.01,78660.08,78711.35,120.37371
2026-09-09 15:06:00,78711.35,78762.71,78450.37,78656.46,245.37178
2026-09-09 15:09:00,78656.46,78676.37,78292.39,78315.4,165.7908
2026-09-09 15:12:00,78315.4,78514.66,78280.0,78478.01,57.96413
2026-09-09 15:15:00,78478.01,78625.19,78428.0,78613.06,54.83279
2026-09-09 15:18:00,78613.07,78625.19,78478.01,78478.01,49.19368
2026-09-09 15:21:00,78478.01,78478.01,78104.22,78133.08,117.11824
2026-09-09 15:24:00,78133.08,78247.66,78060.03,78247.66,120.91602
2026-09-09 15:27:00,78247.66,78400.0,78224.17,78377.23,71.1934
2026-09-09 15:30:00,78377.23,78482.01,78340.3,78457.1,41.38163
2026-09-09 15:33:00,78457.1,78658.01,78403.94,78593.78,68.53639
2026-09-09 15:36:00,78593.78,78693.05,78556.0,78598.59,50.06831
2026-09-09 15:39:00,78598.59,78750.0,78585.19,78666.32,44.47486
2026-09-09 15:42:00,78666.31,78688.79,78616.02,78643.39,24.29162
2026-09-09 15:45:00,78643.4,78682.53,78596.0,78600.01,20.21353
2026-09-09 15:48:00,78600.01,78651.77,78555.39,78601.76,19.79061
2026-09-09 15:51:00,78601.77,78619.71,78556.02,78614.02,16.5749
2026-09-09 15:54:00,78614.01,78689.36,78600.55,78620.8,16.55194
2026-09-09 15:57:00,78620.8,78668.42,78590.48,78596.7,30.96341
2026-09-09 16:00:00,78596.7,78708.01,78570.01,78708.0,39.46397
2026-09-09 16:03:00,78708.01,78789.42,78699.32,78772.01,24.40578
2026-09-09 16:06:00,78772.01,78779.96,78564.0,78564.01,36.92765
2026-09-09 16:09:00,78564.01,78574.01,78493.19,78530.01,17.95185
2026-09-09 16:12:00,78530.01,78666.97,78516.97,78666.96,45.08636
2026-09-09 16:15:00,78666.97,78667.0,78500.0,78502.01,25.64126
2026-09-09 16:18:00,78502.01,78614.01,78502.01,78614.01,17.35887
2026-09-09 16:21:00,78614.01,78646.01,78460.34,78479.56,19.31482
2026-09-09 16:24:00,78479.56,78620.01,78462.24,78573.52,27.28201
2026-09-09 16:27:00,78573.51,78661.23,78573.51,78634.01,17.34062
2026-09-09 16:30:00,78634.01,78770.01,78634.01,78762.01,24.57576
2026-09-09 16:33:00,78762.01,78938.55,78762.01,78847.99,73.17448
2026-09-09 16:36:00,78847.99,78865.85,78784.42,78788.01,29.39919
2026-09-09 16:39:00,78788.0,78810.01,78764.0,78784.01,11.55365
2026-09-09 16:42:00,78784.0,78806.02,78756.0,78806.02,35.78034
2026-09-09 16:45:00,78806.01,78806.02,78773.16,78786.01,21.65223
2026-09-09 16:48:00,78786.01,78796.21,78750.0,78762.0,16.10722
2026-09-09 16:51:00,78762.0,78785.6,78752.0,78752.01,12.09898
2026-09-09 16:54:00,78752.01,78763.51,78738.78,78762.01,23.68425
2026-09-09 16:57:00,78762.01,78812.19,78762.01,78804.9,29.73782
2026-09-09 17:00:00,78804.9,78818.81,78734.18,78818.8,25.83588
2026-09-09 17:03:00,78818.8,78837.46,78724.0,78794.11,41.5538
2026-09-09 17:06:00,78794.1,78811.91,78746.01,78790.01,31.2985
2026-09-09 17:09:00,78790.01,78866.35,78784.0,78866.34,29.76586
2026-09-09 17:12:00,78866.34,78919.76,78829.85,78871.62,32.28731
2026-09-09 17:15:00,78871.62,78889.58,78823.3,78823.3,18.10913
2026-09-09 17:18:00,78823.29,78860.01,78808.75,78821.81,18.63101
2026-09-09 17:21:00,78821.81,78840.85,78794.0,78811.8,6.16537
2026-09-09 17:24:00,78811.81,78934.4,78811.8,78897.46,14.08574
2026-09-09 17:27:00,78897.46,78897.46,78853.68,78854.17,22.50786
2026-09-09 17:30:00,78854.16,78858.91,78774.74,78780.01,12.10743
2026-09-09 17:33:00,78780.0,78824.01,78769.5,78812.01,14.16559
2026-09-09 17:36:00,78812.01,78862.01,78762.0,78762.01,18.3205
2026-09-09 17:39:00,78762.01,78762.13,78692.0,78697.92,24.61123
2026-09-09 17:42:00,78698.0,78715.57,78697.99,78702.49,4.16266
2026-09-09 17:45:00,78702.48,78738.84,78674.0,78731.7,27.43042
2026-09-09 17:48:00,78731.71,78764.42,78710.0,78746.0,16.54503
2026-09-09 17:51:00,78746.01,78785.9,78708.0,78768.01,23.03092
2026-09-09 17:54:00,78768.01,78800.0,78768.01,78794.01,19.40503
2026-09-09 17:57:00,78794.01,78823.99,78776.0,78776.01,24.80477
2026-09-09 18:00:00,78776.0,78792.25,78754.75,78768.01,20.07151
2026-09-09 18:03:00,78768.0,78768.01,78733.76,78768.0,10.68747
2026-09-09 18:06:00,78768.01,78768.01,78665.26,78665.26,10.87128
2026-09-09 18:09:00,78665.26,78680.01,78644.71,78644.72,9.10354
2026-09-09 18:12:00,78644.72,78644.72,78598.0,78600.0,12.04432
2026-09-09 18:15:00,78600.0,78626.91,78598.0,78626.91,14.7569
2026-09-09 18:18:00,78626.9,78626.91,78578.0,78590.09,5.89596
2026-09-09 18:21:00,78590.09,78640.54,78568.0,78568.01,10.31245
2026-09-09 18:24:00,78568.0,78600.0,78568.0,78592.41,13.16006
2026-09-09 18:27:00,78592.41,78624.01,78592.4,78624.0,11.2674
2026-09-09 18:30:00,78624.01,78624.01,78578.6,78594.52,8.49299
2026-09-09 18:33:00,78594.53,78642.0,78540.0,78544.67,15.61498
2026-09-09 18:36:00,78544.67,78572.01,78544.67,78566.0,5.13756
2026-09-09 18:39:00,78566.01,78567.53,78526.06,78530.51,11.02151
2026-09-09 18:42:00,78530.5,78534.01,78499.72,78534.01,14.57668
2026-09-09 18:45:00,78534.01,78538.19,78482.0,78520.35,25.39956
2026-09-09 18:48:00,78520.35,78559.66,78496.0,78542.5,13.54227
2026-09-09 18:51:00,78542.49,78542.5,78478.0,78478.01,15.88769
2026-09-09 18:54:00,78478.01,78488.01,78418.0,78458.01,51.19303
2026-09-09 18:57:00,78458.0,78466.01,78403.36,78414.42,12.45461
2026-09-09 19:00:00,78414.42,78480.54,78394.01,78434.0,32.24511
2026-09-09 19:03:00,78434.0,78434.0,78340.11,78397.98,30.73639
2026-09-09 19:06:00,78397.98,78442.01,78386.78,78392.79,12.30204
2026-09-09 19:09:00,78392.78,78419.69,78381.25,78416.49,9.58529
2026-09-09 19:12:00,78416.49,78488.0,78416.49,78484.07,9.42837
2026-09-09 19:15:00,78484.07,78515.44,78470.0,78489.65,11.69758
2026-09-09 19:18:00,78489.65,78520.01,78474.0,78504.0,9.2792
2026-09-09 19:21:00,78504.0,78545.23,78496.0,78545.23,8.8724
2026-09-09 19:24:00,78545.23,78575.32,78545.22,78562.01,19.47513
2026-09-09 19:27:00,78562.0,78562.0,78530.1,78534.0,11.99339
2026-09-09 19:30:00,78534.0,78547.18,78502.5,78543.59,14.65973
2026-09-09 19:33:00,78543.6,78546.01,78482.0,78506.0,60.47638
2026-09-09 19:36:00,78506.01,78506.01,78364.15,78364.15,38.35365
2026-09-09 19:39:00,78364.16,78385.56,78318.48,78360.36,32.18186
2026-09-09 19:42:00,78360.36,78384.01,78290.73,78296.82,54.90407
2026-09-09 19:45:00,78296.83,78332.0,78290.0,78314.62,20.58746
2026-09-09 19:48:00,78314.62,78332.01,78219.0,78248.37,23.81417
2026-09-09 19:51:00,78248.96,78320.08,78150.0,78178.37,31.67322
2026-09-09 19:54:00,78178.38,78234.23,78178.38,78214.93,27.43306
2026-09-09 19:57:00,78214.93,78236.82,78214.93,78234.94,14.88513
2026-09-09 20:00:00,78234.94,78273.02,78231.76,78267.4,17.01431
2026-09-09 20:03:00,78267.39,78267.4,78192.07,78262.0,13.03442
2026-09-09 20:06:00,78262.01,78270.01,78210.0,78242.0,11.27684
2026-09-09 20:09:00,78242.01,78294.01,78242.01,78294.0,20.52187
2026-09-09 20:12:00,78294.01,78295.52,78236.0,78254.67,17.09102
2026-09-09 20:15:00,78254.67,78310.0,78243.41,78310.0,11.56124
2026-09-09 20:18:00,78310.01,78340.01,78250.35,78254.5,27.0015
2026-09-09 20:21:00,78254.51,78267.89,78225.74,78225.74,18.70492
2026-09-09 20:24:00,78225.74,78225.75,78131.36,78145.02,40.03655
2026-09-09 20:27:00,78145.02,78232.02,77917.09,78107.48,170.24272
2026-09-09 20:30:00,78107.47,78254.01,78104.97,78254.01,25.90016
2026-09-09 20:33:00,78254.01,78313.31,78237.07,78310.01,30.71856
2026-09-09 20:36:00,78310.01,78312.01,78291.99,78311.53,7.11447
2026-09-09 20:39:00,78311.54,78311.54,78294.41,78304.0,7.38932
2026-09-09 20:42:00,78304.01,78317.46,78232.95,78277.61,26.13061
2026-09-09 20:45:00,78277.62,78282.01,78241.05,78241.06,6.85755
2026-09-09 20:48:00,78241.06,78241.06,78100.53,78188.01,46.07485
2026-09-09 20:51:00,78188.0,78248.01,78167.47,78194.01,19.63345
2026-09-09 20:54:00,78194.01,78283.69,78172.0,78282.26,18.5482
2026-09-09 20:57:00,78282.26,78330.84,78282.26,78324.07,16.03008
2026-09-09 21:00:00,78324.07,78324.07,78244.0,78294.19,42.91517
2026-09-09 21:03:00,78294.19,78339.56,78288.64,78339.55,8.81661
2026-09-09 21:06:00,78339.55,78339.56,78272.96,78272.96,12.96081
2026-09-09 21:09:00,78272.96,78281.67,78169.58,78176.0,11.27742
2026-09-09 21:12:00,78176.01,78252.01,78176.0,78241.61,15.03476
2026-09-09 21:15:00,78241.62,78248.01,78169.58,78169.59,6.93126
2026-09-09 21:18:00,78169.59,78191.39,78138.0,78143.26,15.51069
2026-09-09 21:21:00,78143.26,78227.68,78136.67,78224.01,8.70367
2026-09-09 21:24:00,78224.0,78292.14,78224.0,78292.14,10.69493
2026-09-09 21:27:00,78292.13,78294.03,78270.0,78282.53,5.91465
2026-09-09 21:30:00,78282.54,78282.54,78251.59,78251.6,6.63537
2026-09-09 21:33:00,78251.59,78251.6,78178.0,78178.01,46.38777
2026-09-09 21:36:00,78178.0,78234.01,78146.0,78223.6,17.11472
2026-09-09 21:39:00,78223.61,78266.01,78220.01,78248.01,11.27941
2026-09-09 21:42:00,78248.01,78271.7,78244.26,78244.39,9.99686
2026-09-09 21:45:00,78244.39,78244.39,78141.45,78141.45,15.63273
2026-09-09 21:48:00,78141.45,78141.46,77994.15,78021.14,40.61429
2026-09-09 21:51:00,78021.15,78124.0,78021.14,78124.0,12.35604
2026-09-09 21:54:00,78124.01,78128.89,78100.36,78106.0,6.91191
2026-09-09 21:57:00,78106.0,78145.02,78064.0,78145.02,10.45592
2026-09-09 22:00:00,78145.02,78196.0,78095.2,78095.21,38.7509
2026-09-09 22:03:00,78095.21,78108.85,78020.0,78020.01,31.15123
2026-09-09 22:06:00,78020.0,78020.01,77816.01,77816.02,104.09395
2026-09-09 22:09:00,77816.01,77964.02,77770.0,77948.01,88.23767
2026-09-09 22:12:00,77948.01,77978.01,77859.73,77859.73,47.74026
2026-09-09 22:15:00,77859.74,77904.01,77770.81,77868.01,32.18647
2026-09-09 22:18:00,77868.01,78004.0,77868.0,78004.0,15.31033
2026-09-09 22:21:00,78004.01,78030.03,78000.0,78010.01,16.06574
2026-09-09 22:24:00,78010.01,78058.01,78010.01,78042.01,14.82624
2026-09-09 22:27:00,78042.0,78042.0,78022.0,78031.46,6.62013
2026-09-09 22:30:00,78031.46,78033.58,77986.0,77986.0,13.83411
2026-09-09 22:33:00,77986.01,77997.82,77959.78,77982.0,13.38305
2026-09-09 22:36:00,77982.0,78019.02,77944.0,78019.02,14.10273
2026-09-09 22:39:00,78019.02,78053.82,78000.0,78000.0,11.35255
2026-09-09 22:42:00,78000.01,78031.97,77982.97,78031.97,11.72262
2026-09-09 22:45:00,78032.01,78046.0,78016.0,78035.09,12.2959
2026-09-09 22:48:00,78035.09,78044.78,78000.0,78033.52,10.2592
2026-09-09 22:51:00,78033.52,78033.52,77966.01,77966.01,13.14112
2026-09-09 22:54:00,77966.0,77966.01,77918.0,77939.53,9.57629
2026-09-09 22:57:00,77939.53,77942.56,77918.0,77924.06,9.23896
2026-09-09 23:00:00,77924.0,78020.01,77920.56,78020.01,10.59045
2026-09-09 23:03:00,78020.01,78148.75,78020.01,78128.01,48.96858
2026-09-09 23:06:00,78128.0,78154.01,78116.0,78152.0,11.11981
2026-09-09 23:09:00,78152.01,78200.0,78152.01,78176.0,13.50811
2026-09-09 23:12:00,78176.0,78176.02,78130.35,78157.56,10.60761
2026-09-09 23:15:00,78157.55,78157.55,78100.0,78133.11,13.70665
2026-09-09 23:18:00,78133.1,78170.01,78133.1,78150.01,29.62558
2026-09-09 23:21:00,78150.01,78174.53,78103.98,78111.49,19.63091
2026-09-09 23:24:00,78111.49,78142.01,78111.48,78136.01,8.3735
2026-09-09 23:27:00,78136.01,78184.0,78128.42,78184.0,6.61436
2026-09-09 23:30:00,78184.01,78206.96,78177.91,78206.96,8.25225
2026-09-09 23:33:00,78206.96,78259.35,78206.96,78247.21,15.67776
2026-09-09 23:36:00,78247.22,78251.46,78217.71,78217.71,7.73684
2026-09-09 23:39:00,78217.71,78249.69,78217.71,78227.11,12.66921
2026-09-09 23:42:00,78227.11,78230.0,78220.09,78230.0,22.80482
2026-09-09 23:45:00,78230.0,78257.71,78222.73,78257.7,4.87204
2026-09-09 23:48:00,78257.7,78274.42,78257.7,78263.84,13.23022
2026-09-09 23:51:00,78263.85,78297.04,78263.66,78289.29,7.49888
2026-09-09 23:54:00,78289.28,78295.15,78263.69,78268.53,13.77214
2026-09-09 23:57:00,78268.52,78321.09,78268.52,78306.43,20.82461
2026-09-10 00:00:00,78306.43,78358.08,78281.8,78341.16,39.55006
2026-09-10 00:03:00,78341.15,78382.35,78319.08,78347.33,12.77664
2026-09-10 00:06:00,78347.34,78354.06,78315.55,78315.55,9.0816
2026-09-10 00:09:00,78315.55,78373.52,78300.92,78360.68,13.84193
2026-09-10 00:12:00,78360.68,78360.68,78263.99,78269.28,198.06718
2026-09-10 00:15:00,78269.29,78299.47,78257.7,78257.71,5.19793
2026-09-10 00:18:00,78257.71,78272.13,78229.21,78229.21,14.3395
2026-09-10 00:21:00,78229.22,78300.0,78215.55,78300.0,25.67676
2026-09-10 00:24:00,78300.0,78319.67,78243.48,78255.62,21.39906
2026-09-10 00:27:00,78255.62,78330.84,78253.91,78325.31,25.60971
2026-09-10 00:30:00,78325.3,78325.3,78215.94,78221.94,16.8779
2026-09-10 00:33:00,78221.94,78281.26,78175.69,78247.13,28.1442
2026-09-10 00:36:00,78247.13,78279.54,78247.12,78275.08,11.73604
2026-09-10 00:39:00,78275.09,78309.72,78205.25,78205.25,18.81906
2026-09-10 00:42:00,78205.25,78205.26,78159.97,78159.97,15.6164
2026-09-10 00:45:00,78159.97,78244.59,78130.48,78209.22,46.34219
2026-09-10 00:48:00,78209.22,78209.22,78134.0,78134.0,12.44106
2026-09-10 00:51:00,78134.01,78216.91,78124.0,78137.27,37.34963
2026-09-10 00:54:00,78137.27,78156.01,78126.0,78126.01,7.23256
2026-09-10 00:57:00,78126.01,78196.77,78073.8,78180.7,265.92058
2026-09-10 01:00:00,78180.7,78276.77,78172.0,78242.82,67.46323
2026-09-10 01:03:00,78242.83,78427.67,78242.83,78395.67,15.99352
2026-09-10 01:06:00,78395.66,78494.62,78354.03,78494.62,21.50477
2026-09-10 01:09:00,78494.62,78508.49,78383.39,78383.39,43.27691
2026-09-10 01:12:00,78383.4,78387.0,78296.47,78334.8,8.15116
2026-09-10 01:15:00,78334.79,78338.24,78258.94,78258.94,8.37707
2026-09-10 01:18:00,78258.94,78284.01,78176.47,78206.03,36.61266
2026-09-10 01:21:00,78206.04,78262.8,78170.0,78262.8,16.48639
2026-09-10 01:24:00,78262.79,78276.01,78213.79,78213.79,5.84592
2026-09-10 01:27:00,78213.79,78230.01,78176.0,78176.0,3.72452
2026-09-10 01:30:00,78176.01,78204.01,78110.0,78110.0,15.27775
2026-09-10 01:33:00,78110.01,78110.01,78000.0,78008.2,29.87495
2026-09-10 01:36:00,78008.73,78039.07,77962.92,77962.92,21.22192
2026-09-10 01:39:00,77962.93,78210.01,77952.0,78210.0,28.43045
2026-09-10 01:42:00,78210.01,78242.01,78142.65,78174.92,22.38308
2026-09-10 01:45:00,78174.92,78174.92,78062.0,78153.04,22.05888
2026-09-10 01:48:00,78154.01,78166.01,78070.0,78088.14,11.38147
2026-09-10 01:51:00,78088.13,78088.14,77994.15,77994.15,16.87967
2026-09-10 01:54:00,77994.15,78095.95,77990.38,78075.01,25.4748
2026-09-10 01:57:00,78075.01,78134.01,78075.01,78094.0,8.79203
2026-09-10 02:00:00,78094.01,78100.54,78048.01,78054.52,16.78172
2026-09-10 02:03:00,78054.51,78069.9,78011.06,78059.23,8.43362
2026-09-10 02:06:00,78059.23,78088.01,78038.32,78038.32,9.51743
2026-09-10 02:09:00,78038.32,78060.0,78016.0,78060.0,7.28395
2026-09-10 02:12:00,78060.01,78067.71,78003.48,78040.01,30.28165
2026-09-10 02:15:00,78040.0,78054.22,77986.95,78007.79,13.28726
2026-09-10 02:18:00,78007.79,78070.01,78005.66,78042.0,11.55963
2026-09-10 02:21:00,78042.0,78052.0,78021.14,78034.11,12.78519
2026-09-10 02:24:00,78034.1,78040.14,77988.0,77990.0,16.91393
2026-09-10 02:27:00,77990.01,78024.01,77980.0,78024.01,5.23668
2026-09-10 02:30:00,78024.0,78102.08,78006.6,78102.08,16.37231
2026-09-10 02:33:00,78102.08,78170.01,78102.08,78152.5,17.98475
2026-09-10 02:36:00,78152.51,78218.0,78129.97,78218.0,15.17485
2026-09-10 02:39:00,78218.01,78223.28,78169.06,78223.28,10.29243
2026-09-10 02:42:00,78223.28,78268.9,78213.17,78262.19,14.77485
2026-09-10 02:45:00,78262.19,78274.01,78251.67,78274.01,5.4485
2026-09-10 02:48:00,78274.0,78319.25,78274.0,78292.0,7.33821
2026-09-10 02:51:00,78292.01,78361.36,78292.0,78352.36,14.57145
2026-09-10 02:54:00,78352.35,78373.1,78325.16,78350.77,10.38158
2026-09-10 02:57:00,78350.59,78357.87,78335.78,78357.86,5.86741
2026-09-10 03:00:00,78357.87,78458.06,78338.52,78458.05,30.1341
2026-09-10 03:03:00,78458.06,78550.0,78442.37,78468.85,33.13954
2026-09-10 03:06:00,78468.85,78468.85,78403.28,78419.21,20.4653
2026-09-10 03:09:00,78419.2,78439.16,78400.0,78403.25,12.50037
2026-09-10 03:12:00,78403.24,78403.25,78375.83,78382.07,10.25047
2026-09-10 03:15:00,78382.07,78382.08,78335.79,78361.7,11.3617
2026-09-10 03:18:00,78361.69,78390.02,78361.69,78375.45,8.44074
2026-09-10 03:21:00,78375.45,78392.0,78325.34,78325.34,21.79302
2026-09-10 03:24:00,78325.33,78337.84,78306.61,78307.33,7.4827
2026-09-10 03:27:00,78307.33,78400.0,78306.4,78395.74,29.8472
2026-09-10 03:30:00,78395.74,78407.22,78363.91,78405.91,8.3737
2026-09-10 03:33:00,78405.92,78450.0,78340.58,78340.59,44.20988
2026-09-10 03:36:00,78340.59,78375.38,78325.35,78356.88,7.19311
2026-09-10 03:39:00,78356.88,78363.35,78321.86,78329.88,13.0281
2026-09-10 03:42:00,78329.88,78397.76,78329.87,78368.68,25.29484
2026-09-10 03:45:00,78368.69,78422.49,78364.61,78422.49,8.87621
2026-09-10 03:48:00,78422.49,78450.0,78363.68,78376.47,29.97285
2026-09-10 03:51:00,78376.48,78379.15,78333.08,78333.09,4.77238
2026-09-10 03:54:00,78333.09,78340.62,78287.08,78294.01,14.51152
2026-09-10 03:57:00,78294.0,78328.83,78278.0,78328.08,29.2227
2026-09-10 04:00:00,78328.08,78343.5,78303.28,78331.55,12.08848
2026-09-10 04:03:00,78331.54,78404.42,78323.59,78400.65,11.43949
2026-09-10 04:06:00,78400.65,78400.65,78366.73,78366.77,5.21505
2026-09-10 04:09:00,78366.77,78377.75,78348.22,78348.22,7.65698
2026-09-10 04:12:00,78348.23,78348.23,78344.85,78344.86,3.8099
2026-09-10 04:15:00,78344.85,78377.37,78344.85,78377.36,8.38978
2026-09-10 04:18:00,78377.37,78429.24,78377.36,78399.99,9.20475
2026-09-10 04:21:00,78399.99,78406.77,78378.45,78378.46,6.754
2026-09-10 04:24:00,78378.45,78400.01,78376.9,78376.91,9.75673
2026-09-10 04:27:00,78376.91,78419.67,78376.9,78387.63,5.55985
2026-09-10 04:30:00,78387.63,78416.41,78380.78,78405.19,3.60991
2026-09-10 04:33:00,78405.19,78405.2,78374.77,78374.77,10.05856
2026-09-10 04:36:00,78374.77,78384.21,78356.55,78356.56,12.58722
2026-09-10 04:39:00,78356.56,78381.08,78352.09,78363.53,16.83
2026-09-10 04:42:00,78363.53,78366.09,78339.99,78339.99,9.47587
2026-09-10 04:45:00,78339.99,78374.77,78331.71,78341.19,15.00507
2026-09-10 04:48:00,78341.2,78359.76,78337.53,78342.71,10.80808
2026-09-10 04:51:00,78342.71,78342.72,78300.0,78339.2,15.11242
2026-09-10 04:54:00,78339.2,78354.47,78328.1,78346.75,10.85864
2026-09-10 04:57:00,78346.76,78437.99,78346.75,78400.0,37.57301
2026-09-10 05:00:00,78400.01,78427.22,78351.96,78351.97,13.1317
2026-09-10 05:03:00,78351.97,78351.97,78270.75,78297.99,27.86775
2026-09-10 05:06:00,78297.99,78317.6,78296.01,78317.59,6.58368
2026-09-10 05:09:00,78317.6,78378.48,78317.58,78378.47,11.95935
2026-09-10 05:12:00,78378.48,78486.35,78378.47,78477.5,43.44083
2026-09-10 05:15:00,78477.5,78477.5,78377.08,78393.63,22.03425
2026-09-10 05:18:00,78393.62,78393.63,78370.78,78370.79,10.20709
2026-09-10 05:21:00,78370.78,78386.0,78358.63,78373.91,12.98215
2026-09-10 05:24:00,78373.9,78386.0,78358.63,78358.64,13.45175
2026-09-10 05:27:00,78358.64,78516.66,78358.63,78476.6,176.76316
2026-09-10 05:30:00,78476.59,78520.04,78465.31,78510.17,20.23306
2026-09-10 05:33:00,78510.18,78520.04,78472.65,78511.08,28.41126
2026-09-10 05:36:00,78511.08,78520.04,78454.75,78454.76,11.50862
2026-09-10 05:39:00,78454.76,78454.76,78401.75,78410.01,33.19962
2026-09-10 05:42:00,78410.01,78424.12,78409.27,78418.85,18.26166
2026-09-10 05:45:00,78418.84,78436.0,78408.64,78419.74,8.64754
2026-09-10 05:48:00,78419.73,78427.54,78411.77,78427.54,9.0876
2026-09-10 05:51:00,78427.54,78516.66,78419.73,78501.22,17.63143
2026-09-10 05:54:00,78501.22,78549.99,78486.01,78500.24,35.31902
2026-09-10 05:57:00,78500.25,78564.39,78500.24,78536.71,33.97968
2026-09-10 06:00:00,78536.71,78542.05,78503.3,78503.3,11.84116
2026-09-10 06:03:00,78503.3,78503.31,78428.75,78428.76,16.19175
2026-09-10 06:06:00,78428.75,78458.01,78419.68,78432.01,17.19863
2026-09-10 06:09:00,78432.01,78432.01,78313.3,78313.31,22.83465
2026-09-10 06:12:00,78313.3,78336.01,78306.0,78308.92,8.39059
2026-09-10 06:15:00,78308.91,78308.92,78200.0,78200.01,26.08173
2026-09-10 06:18:00,78200.0,78228.01,78148.65,78222.07,36.54609
2026-09-10 06:21:00,78222.07,78232.01,78168.55,78190.01,29.9298
2026-09-10 06:24:00,78190.01,78234.01,78184.01,78232.01,30.18305
2026-09-10 06:27:00,78232.0,78232.01,78208.17,78216.65,13.95217
2026-09-10 06:30:00,78216.64,78230.01,78167.87,78171.2,29.64692
2026-09-10 06:33:00,78171.21,78184.01,78148.24,78184.01,15.86341
2026-09-10 06:36:00,78184.0,78191.41,78147.98,78182.01,14.19129
2026-09-10 06:39:00,78182.01,78260.0,78182.0,78259.99,8.27104
2026-09-10 06:42:00,78260.0,78268.9,78184.35,78198.0,107.86222
2026-09-10 06:45:00,78198.0,78406.01,78198.0,78396.8,35.89957
2026-09-10 06:48:00,78396.81,78528.01,78375.78,78528.0,107.38129
2026-09-10 06:51:00,78528.0,78528.0,78440.0,78440.01,20.28665
2026-09-10 06:54:00,78440.0,78472.01,78418.0,78464.0,13.36104
2026-09-10 06:57:00,78464.01,78464.01,78416.0,78416.01,7.42818
2026-09-10 07:00:00,78416.01,78422.01,78304.97,78310.35,29.52277
2026-09-10 07:03:00,78310.35,78312.25,78174.61,78174.62,50.05509
2026-09-10 07:06:00,78174.62,78230.9,78157.17,78157.17,22.90668
2026-09-10 07:09:00,78157.17,78235.04,78157.17,78222.0,12.45613
2026-09-10 07:12:00,78222.01,78227.52,78202.0,78214.01,7.44338
2026-09-10 07:15:00,78214.02,78214.02,78182.0,78187.7,12.27577
2026-09-10 07:18:00,78187.7,78215.68,78159.72,78159.73,14.63293
2026-09-10 07:21:00,78159.72,78159.73,78097.52,78109.16,18.86048
2026-09-10 07:24:00,78109.17,78109.17,78043.11,78066.95,20.17573
2026-09-10 07:27:00,78066.96,78075.16,78025.31,78025.38,11.29675
2026-09-10 07:30:00,78025.38,78046.83,77990.71,77990.72,31.86789
2026-09-10 07:33:00,77990.72,77992.57,77906.48,77992.57,55.06872
2026-09-10 07:36:00,77992.56,77992.73,77965.17,77985.92,29.83977
2026-09-10 07:39:00,77985.92,77998.11,77948.25,77992.57,30.1769
2026-09-10 07:42:00,77992.57,78021.14,77974.16,78021.14,27.03735
2026-09-10 07:45:00,78021.14,78056.9,78018.17,78056.89,17.42097
2026-09-10 07:48:00,78056.9,78090.85,78056.89,78090.85,19.32066
2026-09-10 07:51:00,78090.84,78160.89,78090.84,78104.01,51.41948
2026-09-10 07:54:00,78104.0,78136.01,78090.0,78110.01,36.26281
2026-09-10 07:57:00,78110.0,78120.01,78092.34,78112.0,28.82839
2026-09-10 08:00:00,78112.0,78148.01,78089.37,78137.54,24.55551
2026-09-10 08:03:00,78137.55,78137.55,78108.0,78125.98,8.5661
2026-09-10 08:06:00,78125.97,78160.0,78104.0,78160.0,25.11584
2026-09-10 08:09:00,78160.0,78160.0,78122.0,78122.0,9.33733
2026-09-10 08:12:00,78122.01,78122.32,78066.0,78080.7,19.51192
2026-09-10 08:15:00,78080.69,78096.0,78041.64,78095.99,7.38763
2026-09-10 08:18:00,78096.0,78096.0,78048.0,78088.01,13.68844
2026-09-10 08:21:00,78088.0,78151.19,78088.0,78151.18,7.489
2026-09-10 08:24:00,78151.19,78170.01,78116.44,78134.0,22.53423
2026-09-10 08:27:00,78134.01,78170.74,78091.64,78170.73,11.74572
2026-09-10 08:30:00,78170.74,78170.74,78070.0,78070.01,18.4816
2026-09-10 08:33:00,78070.01,78134.01,78038.0,78123.22,35.72014
2026-09-10 08:36:00,78123.23,78154.01,78123.23,78126.96,13.34115
2026-09-10 08:39:00,78126.95,78138.01,78093.15,78093.15,11.11867
2026-09-10 08:42:00,78093.15,78100.54,78074.0,78100.53,8.32853
2026-09-10 08:45:00,78100.54,78120.99,78096.0,78119.4,22.97633
2026-09-10 08:48:00,78119.4,78119.4,78096.0,78096.0,15.78282
2026-09-10 08:51:00,78096.01,78160.49,78096.01,78155.03,11.7194
2026-09-10 08:54:00,78155.04,78170.01,78126.0,78126.01,9.09246
2026-09-10 08:57:00,78126.01,78126.01,78106.92,78110.0,4.92559
2026-09-10 09:00:00,78110.0,78160.0,78110.0,78160.0,8.23969
2026-09-10 09:03:00,78159.99,78188.89,78159.99,78164.01,13.23305
2026-09-10 09:06:00,78164.01,78210.01,78144.06,78155.76,30.2405
2026-09-10 09:09:00,78155.76,78158.01,78111.03,78126.0,20.30181
2026-09-10 09:12:00,78126.01,78150.01,78126.01,78150.01,8.39452
2026-09-10 09:15:00,78150.01,78170.01,78139.35,78168.01,45.66804
2026-09-10 09:18:00,78168.0,78200.0,78168.0,78185.18,11.72021
2026-09-10 09:21:00,78185.19,78200.0,78153.26,78199.99,10.73605
2026-09-10 09:24:00,78200.0,78200.0,78139.36,78156.01,44.01817
2026-09-10 09:27:00,78156.0,78229.22,78156.0,78206.02,13.4071
2026-09-10 09:30:00,78206.01,78206.01,78092.19,78096.01,28.8019
2026-09-10 09:33:00,78096.01,78120.01,78052.08,78052.09,56.01586
2026-09-10 09:36:00,78052.09,78072.01,77987.48,77996.19,79.31017
2026-09-10 09:39:00,77996.19,77996.2,77926.23,77930.52,61.8003
2026-09-10 09:42:00,77930.52,77990.01,77910.86,77962.63,34.58937
2026-09-10 09:45:00,77962.63,77996.01,77944.7,77978.02,31.39398
2026-09-10 09:48:00,77978.03,77996.01,77963.62,77984.41,16.74039
2026-09-10 09:51:00,77984.41,78023.5,77955.47,78023.5,18.52488
2026-09-10 09:54:00,78023.5,78023.5,77966.2,78002.04,33.90554
2026-09-10 09:57:00,78002.04,78002.04,77944.01,77992.01,38.4778
2026-09-10 10:00:00,77992.0,78014.01,77962.01,78014.01,21.57994
2026-09-10 10:03:00,78014.01,78038.01,77963.1,77996.0,39.73445
2026-09-10 10:06:00,77996.01,78037.34,77983.79,77994.01,28.98131
2026-09-10 10:09:00,77994.0,77994.01,77952.01,77986.0,26.58057
2026-09-10 10:12:00,77986.01,78010.01,77954.67,77985.1,32.38967
2026-09-10 10:15:00,77985.1,78014.01,77956.84,77972.01,18.35986
2026-09-10 10:18:00,77972.01,78007.12,77965.63,77994.15,22.20815
2026-09-10 10:21:00,77994.15,78020.01,77942.19,77966.0,17.57902
2026-09-10 10:24:00,77966.0,77979.36,77927.11,77956.75,28.31755
2026-09-10 10:27:00,77956.75,77979.87,77956.74,77979.86,8.06847
2026-09-10 10:30:00,77979.87,77979.87,77893.83,77906.02,74.68817
2026-09-10 10:33:00,77906.02,77934.64,77821.21,77915.47,51.81509
2026-09-10 10:36:00,77915.46,78016.01,77915.46,78016.0,22.78238
2026-09-10 10:39:00,78016.0,78044.57,78012.25,78036.0,14.06794
2026-09-10 10:42:00,78036.0,78036.01,77979.01,77986.78,15.80694
2026-09-10 10:45:00,77986.78,78012.01,77959.93,77970.01,45.25418
2026-09-10 10:48:00,77970.01,77986.0,77957.48,77970.24,13.72367
2026-09-10 10:51:00,77970.25,77970.25,77894.33,77895.57,15.81415
2026-09-10 10:54:00,77895.57,78032.01,77860.62,78012.0,71.20587
2026-09-10 10:57:00,78012.0,78022.01,77863.2,77863.21,49.31409
2026-09-10 11:00:00,77863.2,77863.2,77777.0,77820.01,102.64855
2026-09-10 11:03:00,77820.01,77863.85,77688.0,77748.0,67.07994
2026-09-10 11:06:00,77748.01,77836.01,77716.71,77836.01,38.80639
2026-09-10 11:09:00,77836.01,77872.0,77797.83,77822.01,65.38823
2026-09-10 11:12:00,77822.0,77920.01,77822.0,77908.56,23.01764
2026-09-10 11:15:00,77916.7,78054.84,77908.59,77958.58,99.08202
2026-09-10 11:18:00,77958.58,78000.01,77934.02,77998.76,29.43598
2026-09-10 11:21:00,77998.76,78008.01,77967.9,77996.01,18.12518
2026-09-10 11:24:00,77996.01,78020.97,77968.35,77970.0,13.7202
2026-09-10 11:27:00,77970.0,78012.01,77970.0,78004.01,10.37898
2026-09-10 11:30:00,78004.01,78050.0,78004.01,78049.99,15.68321
2026-09-10 11:33:00,78050.0,78050.0,78006.0,78047.96,20.75488
2026-09-10 11:36:00,78047.95,78047.96,77986.0,78030.01,22.67824
2026-09-10 11:39:00,78030.0,78047.67,78017.3,78027.82,6.63085
2026-09-10 11:42:00,78027.82,78040.01,77984.0,78006.0,22.60238
2026-09-10 11:45:00,78006.0,78025.92,77905.29,77905.29,13.5317
2026-09-10 11:48:00,77905.29,77961.47,77888.99,77896.01,23.13122
2026-09-10 11:51:00,77896.01,77972.02,77864.19,77969.5,19.55244
2026-09-10 11:54:00,77969.5,77974.0,77844.0,77844.01,25.53069
2026-09-10 11:57:00,77844.01,77908.68,77830.0,77840.8,21.3108
2026-09-10 12:00:00,77840.64,77888.45,77828.0,77844.01,28.23225
2026-09-10 12:03:00,77844.0,77849.61,77760.1,77792.7,39.01621
2026-09-10 12:06:00,77792.7,77815.54,77702.84,77715.72,150.45491
2026-09-10 12:09:00,77716.96,77749.28,77705.69,77727.19,88.65894
2026-09-10 12:12:00,77727.19,77838.01,77727.18,77823.75,44.61511
2026-09-10 12:15:00,77823.75,77836.02,77732.19,77762.06,79.45142
2026-09-10 12:18:00,77762.05,77804.01,77650.0,77680.23,174.62882
2026-09-10 12:21:00,77680.23,77758.57,77672.0,77750.01,39.94259
2026-09-10 12:24:00,77750.01,77751.23,77729.84,77746.54,20.01341
2026-09-10 12:27:00,77746.54,77821.78,77700.0,77796.93,69.66253
2026-09-10 12:30:00,77796.93,77959.2,77399.0,77498.17,593.10684
2026-09-10 12:33:00,77498.18,77536.0,77337.39,77407.75,167.0148
2026-09-10 12:36:00,77407.75,77492.68,77077.77,77081.33,270.18391
2026-09-10 12:39:00,77081.33,77256.47,77019.63,77174.01,196.59669
2026-09-10 12:42:00,77174.0,77224.01,77082.89,77130.25,89.61476
2026-09-10 12:45:00,77130.26,77166.0,76676.07,76950.53,432.03183
2026-09-10 12:48:00,76950.52,77118.16,76891.91,77118.16,104.00905
2026-09-10 12:51:00,77118.16,77123.0,76865.27,76882.67,78.72453
2026-09-10 12:54:00,76882.67,76914.01,76700.0,76759.65,99.33175
2026-09-10 12:57:00,76759.66,76912.67,76727.72,76896.01,120.78271
2026-09-10 13:00:00,76896.01,77076.01,76882.08,77074.01,57.03726
2026-09-10 13:03:00,77074.01,77088.0,77000.0,77035.43,50.14003
2026-09-10 13:06:00,77035.43,77079.77,76922.0,76957.64,56.18297
2026-09-10 13:09:00,76957.64,77038.01,76904.01,76948.01,77.05056
2026-09-10 13:12:00,76948.0,76971.39,76780.0,76835.33,92.76045
2026-09-10 13:15:00,76835.32,76915.38,76810.42,76854.0,55.79207
2026-09-10 13:18:00,76854.01,76855.0,76745.0,76780.0,69.37624
2026-09-10 13:21:00,76779.99,76966.73,76779.99,76937.87,65.62753
2026-09-10 13:24:00,76937.87,76946.63,76834.28,76908.0,51.98589
2026-09-10 13:27:00,76908.0,76970.01,76876.0,76934.0,40.17129
2026-09-10 13:30:00,76934.01,76978.01,76774.0,76874.0,117.99105
2026-09-10 13:33:00,76874.01,76956.93,76858.0,76956.93,44.93671
2026-09-10 13:36:00,76956.92,77106.01,76944.0,76998.0,98.14398
2026-09-10 13:39:00,76998.01,77084.01,76968.54,77016.0,65.58729
2026-09-10 13:42:00,77016.01,77076.01,76932.09,76936.22,153.85617
2026-09-10 13:45:00,76936.23,77092.01,76926.01,77062.01,56.46394
2026-09-10 13:48:00,77062.0,77100.01,76964.0,76970.12,52.52633
2026-09-10 13:51:00,76970.12,77223.23,76924.0,77182.0,84.89513
2026-09-10 13:54:00,77182.01,77234.0,77111.61,77176.01,51.31032
2026-09-10 13:57:00,77176.0,77226.01,77168.03,77174.44,30.50271
2026-09-10 14:00:00,77174.43,77345.85,77174.43,77294.0,92.16945
2026-09-10 14:03:00,77294.01,77304.01,77144.0,77148.54,80.83108
2026-09-10 14:06:00,77148.54,77166.77,76959.23,76996.31,115.71419
2026-09-10 14:09:00,76996.3,77098.18,76971.92,77092.4,34.59902
2026-09-10 14:12:00,77092.39,77146.01,77078.78,77085.9,39.26268
2026-09-10 14:15:00,77085.9,77086.01,76966.24,76974.35,53.28023
2026-09-10 14:18:00,76974.35,77088.01,76943.45,77070.47,91.76599
2026-09-10 14:21:00,77070.46,77176.01,76978.14,77154.0,35.60131
2026-09-10 14:24:00,77154.01,77372.01,77128.01,77284.01,65.41788
2026-09-10 14:27:00,77284.0,77380.0,77259.29,77276.01,54.65357
2026-09-10 14:30:00,77276.01,77313.18,77240.0,77278.0,23.12302
2026-09-10 14:33:00,77278.0,77360.01,77276.0,77330.01,18.30641
2026-09-10 14:36:00,77330.01,77342.01,77184.28,77263.77,110.2342
2026-09-10 14:39:00,77263.77,77365.75,77242.01,77318.0,99.0133
2026-09-10 14:42:00,77318.01,77326.01,77268.0,77282.01,22.42337
2026-09-10 14:45:00,77282.0,77410.03,77282.0,77350.0,110.37877
2026-09-10 14:48:00,77350.01,77366.01,77282.92,77286.48,11.36047
2026-09-10 14:51:00,77286.48,77385.15,77272.0,77385.14,13.03358
2026-09-10 14:54:00,77385.15,77424.98,77380.0,77424.98,16.2918
2026-09-10 14:57:00,77424.97,77424.98,77366.0,77412.01,17.81424
2026-09-10 15:00:00,77412.01,77412.01,77250.0,77270.0,40.52324
2026-09-10 15:03:00,77270.01,77359.47,77250.0,77359.47,32.2706
2026-09-10 15:06:00,77359.46,77360.01,77318.0,77354.0,21.23983
2026-09-10 15:09:00,77354.01,77412.89,77342.16,77354.85,21.19797
2026-09-10 15:12:00,77354.85,77354.86,77324.0,77336.01,14.28085
2026-09-10 15:15:00,77336.0,77355.62,77245.15,77255.02,94.89546
2026-09-10 15:18:00,77255.02,77282.01,77207.2,77207.2,21.44076
2026-09-10 15:21:00,77207.2,77238.01,77160.0,77162.01,20.43636
2026-09-10 15:24:00,77162.01,77179.66,77106.0,77113.99,15.61732
2026-09-10 15:27:00,77114.0,77162.65,77098.0,77108.01,35.44938
2026-09-10 15:30:00,77108.0,77140.92,77092.16,77140.92,58.44861
2026-09-10 15:33:00,77140.92,77214.01,77140.91,77190.01,56.76735
2026-09-10 15:36:00,77190.0,77337.9,77190.0,77314.01,21.50741
2026-09-10 15:39:00,77314.0,77314.0,77202.0,77218.48,21.53641
2026-09-10 15:42:00,77218.48,77231.94,77191.84,77216.01,16.61888
2026-09-10 15:45:00,77216.0,77240.01,77120.0,77120.0,59.78208
2026-09-10 15:48:00,77120.01,77218.01,77120.0,77184.0,47.65873
2026-09-10 15:51:00,77184.0,77214.93,77150.0,77165.71,13.18141
2026-09-10 15:54:00,77165.7,77201.17,77121.0,77201.17,44.80109
2026-09-10 15:57:00,77201.17,77250.01,77196.07,77250.0,37.43305
2026-09-10 16:00:00,77250.0,77312.01,77170.0,77170.0,46.50293
2026-09-10 16:03:00,77170.0,77170.0,77080.0,77110.0,18.93304
2026-09-10 16:06:00,77110.0,77110.01,76958.0,76958.01,44.24481
2026-09-10 16:09:00,76958.01,76972.5,76919.47,76927.02,58.19316
2026-09-10 16:12:00,76927.01,77002.01,76910.0,76986.0,15.1863
2026-09-10 16:15:00,76986.0,77000.0,76897.47,76926.0,23.93363
2026-09-10 16:18:00,76926.0,77044.01,76884.27,77038.01,32.69121
2026-09-10 16:21:00,77038.01,77077.02,76974.3,77000.0,18.00296
2026-09-10 16:24:00,77000.01,77014.01,76942.0,76942.0,18.25707
2026-09-10 16:27:00,76942.01,76953.03,76930.0,76932.0,11.31425
2026-09-10 16:30:00,76932.01,76976.01,76917.65,76938.0,22.00194
2026-09-10 16:33:00,76938.0,76938.0,76806.05,76806.16,61.12298
2026-09-10 16:36:00,76806.17,76985.33,76804.99,76960.01,32.84136
2026-09-10 16:39:00,76960.0,77073.79,76960.0,77052.72,35.22965
2026-09-10 16:42:00,77052.72,77060.15,76978.0,77044.88,16.12101
2026-09-10 16:45:00,77044.89,77234.9,77044.88,77200.0,29.13568
2026-09-10 16:48:00,77200.0,77206.0,77110.0,77110.01,23.58666
2026-09-10 16:51:00,77110.01,77126.01,77074.0,77098.01,18.25072
2026-09-10 16:54:00,77098.0,77168.01,77090.0,77162.01,20.78767
2026-09-10 16:57:00,77162.0,77211.35,77152.0,77200.01,16.11095
2026-09-10 17:00:00,77200.0,77210.0,77144.0,77182.01,27.16257
2026-09-10 17:03:00,77182.0,77182.0,77126.26,77160.45,10.50724
2026-09-10 17:06:00,77160.46,77162.01,77134.0,77150.01,6.65685
2026-09-10 17:09:00,77150.01,77207.29,77150.0,77207.29,15.11366
2026-09-10 17:12:00,77207.28,77244.6,77165.58,77180.01,16.98496
2026-09-10 17:15:00,77180.01,77188.01,77140.0,77156.01,15.32252
2026-09-10 17:18:00,77156.0,77234.27,77135.15,77234.27,20.92872
2026-09-10 17:21:00,77234.27,77265.58,77228.0,77265.57,13.8204
2026-09-10 17:24:00,77265.58,77333.33,77241.85,77249.05,43.91854
2026-09-10 17:27:00,77249.06,77339.37,77249.06,77321.54,31.20229
2026-09-10 17:30:00,77321.53,77465.97,77319.61,77424.26,31.9508
2026-09-10 17:33:00,77424.26,77544.0,77390.57,77543.99,125.32001
2026-09-10 17:36:00,77543.99,77543.99,77371.17,77391.65,40.69439
2026-09-10 17:39:00,77391.64,77391.65,77320.0,77364.87,28.4621
2026-09-10 17:42:00,77364.87,77379.71,77299.58,77361.93,88.59949
2026-09-10 17:45:00,77361.94,77382.01,77324.51,77338.56,26.33301
2026-09-10 17:48:00,77338.56,77415.85,77334.24,77380.63,10.10195
2026-09-10 17:51:00,77380.62,77432.01,77380.62,77403.34,11.3161
2026-09-10 17:54:00,77403.34,77417.9,77369.14,77369.14,10.47985
2026-09-10 17:57:00,77369.14,77378.09,77328.72,77328.72,9.63595
2026-09-10 18:00:00,77328.72,77340.0,77228.36,77244.0,27.16254
2026-09-10 18:03:00,77244.0,77244.0,77150.0,77188.74,23.06002
2026-09-10 18:06:00,77188.74,77188.74,77102.01,77102.01,13.56257
2026-09-10 18:09:00,77102.01,77102.01,76982.6,77036.1,23.11633
2026-09-10 18:12:00,77036.11,77038.01,77013.42,77020.01,5.4453
2026-09-10 18:15:00,77020.01,77086.52,77005.27,77015.9,18.57027
2026-09-10 18:18:00,77015.89,77080.01,77015.89,77080.01,15.72641
2026-09-10 18:21:00,77080.0,77169.64,77074.0,77110.0,12.32486
2026-09-10 18:24:00,77110.0,77116.01,77081.69,77088.0,26.91172
2026-09-10 18:27:00,77088.01,77129.24,77074.0,77074.0,10.10593
2026-09-10 18:30:00,77074.01,77090.0,77062.29,77090.0,8.23375
2026-09-10 18:33:00,77090.0,77093.62,77050.0,77085.59,10.3269
2026-09-10 18:36:00,77085.85,77160.01,77085.85,77160.01,8.5392
2026-09-10 18:39:00,77160.01,77166.01,77116.02,77156.0,21.85749
2026-09-10 18:42:00,77156.01,77158.01,77142.0,77158.01,6.49319
2026-09-10 18:45:00,77158.01,77158.01,77118.0,77132.01,9.23419
2026-09-10 18:48:00,77132.0,77182.57,77100.0,77122.0,17.65588
2026-09-10 18:51:00,77122.01,77265.58,77122.01,77265.58,22.3371
2026-09-10 18:54:00,77265.57,77298.48,77236.0,77242.0,31.91035
2026-09-10 18:57:00,77242.0,77252.01,77200.0,77252.0,8.68424
2026-09-10 19:00:00,77252.0,77252.01,77180.0,77190.0,16.55136
2026-09-10 19:03:00,77190.0,77228.01,77172.0,77172.01,10.89345
2026-09-10 19:06:00,77172.01,77192.48,77160.0,77160.01,7.55031
2026-09-10 19:09:00,77160.01,77227.65,77130.21,77130.22,24.42662
2026-09-10 19:12:00,77130.21,77172.01,77130.0,77172.01,7.41593
2026-09-10 19:15:00,77172.01,77190.01,77156.29,77156.29,9.3218
2026-09-10 19:18:00,77156.3,77162.01,77126.0,77126.01,7.18757
2026-09-10 19:21:00,77126.01,77155.79,77120.1,77120.1,31.79802
2026-09-10 19:24:00,77120.1,77254.01,77120.1,77216.01,25.89329
2026-09-10 19:27:00,77216.0,77228.01,77178.7,77190.01,26.83078
2026-09-10 19:30:00,77190.0,77190.02,77120.1,77130.0,21.05209
2026-09-10 19:33:00,77130.0,77198.01,77120.1,77186.09,18.73283
2026-09-10 19:36:00,77186.09,77190.01,77137.57,77157.98,14.4482
2026-09-10 19:39:00,77157.97,77236.73,77157.97,77236.73,6.02259
2026-09-10 19:42:00,77236.72,77298.48,77236.0,77254.0,27.83548
2026-09-10 19:45:00,77254.01,77258.01,77158.54,77182.01,9.9881
2026-09-10 19:48:00,77182.0,77195.84,77100.0,77100.0,68.99314
2026-09-10 19:51:00,77100.0,77162.01,77083.17,77094.01,27.6122
2026-09-10 19:54:00,77094.01,77148.01,77094.0,77138.01,12.26984
2026-09-10 19:57:00,77138.0,77195.12,77137.99,77160.83,19.77759
2026-09-10 20:00:00,77160.83,77193.2,77155.51,77155.51,6.91569
2026-09-10 20:03:00,77154.0,77175.83,77116.0,77175.83,6.22843
2026-09-10 20:06:00,77175.82,77261.78,77166.01,77248.01,9.59732
2026-09-10 20:09:00,77248.01,77306.87,77248.01,77280.0,12.40428
2026-09-10 20:12:00,77280.01,77323.82,77280.0,77323.82,4.71882
2026-09-10 20:15:00,77323.82,77336.0,77306.01,77311.62,7.81829
2026-09-10 20:18:00,77311.61,77338.01,77311.61,77338.01,4.14234
2026-09-10 20:21:00,77338.0,77347.45,77330.53,77332.01,8.63291
2026-09-10 20:24:00,77332.0,77332.01,77256.0,77269.48,12.37873
2026-09-10 20:27:00,77269.49,77290.01,77269.48,77277.8,3.85748
2026-09-10 20:30:00,77277.8,77277.81,77234.0,77244.01,4.35831
2026-09-10 20:33:00,77244.01,77272.01,77242.0,77242.0,9.58737
2026-09-10 20:36:00,77242.01,77259.28,77238.0,77259.27,2.39275
2026-09-10 20:39:00,77259.28,77284.01,77259.27,77269.16,5.77376
2026-09-10 20:42:00,77269.19,77298.01,77269.19,77298.01,4.56667
2026-09-10 20:45:00,77298.01,77298.01,77248.0,77248.0,7.40968
2026-09-10 20:48:00,77248.0,77258.01,77221.64,77258.01,6.9515
2026-09-10 20:51:00,77258.01,77286.01,77258.0,77286.01,11.3652
2026-09-10 20:54:00,77286.01,77305.13,77286.0,77296.24,6.06416
2026-09-10 20:57:00,77296.23,77296.24,77268.08,77268.08,7.0101
2026-09-10 21:00:00,77268.08,77284.01,77258.0,77258.0,26.34083
2026-09-10 21:03:00,77258.01,77258.01,77234.0,77258.0,4.04797
2026-09-10 21:06:00,77258.0,77262.01,77223.36,77260.01,5.59509
2026-09-10 21:09:00,77260.0,77298.01,77260.0,77298.01,2.34774
2026-09-10 21:12:00,77298.0,77303.02,77258.0,77258.01,10.44335
2026-09-10 21:15:00,77258.01,77258.01,77228.0,77228.01,3.52021
2026-09-10 21:18:00,77228.01,77228.01,77200.89,77203.38,4.6826
2026-09-10 21:21:00,77203.38,77224.67,77200.0,77210.82,16.24446
2026-09-10 21:24:00,77210.81,77225.22,77208.0,77225.21,7.93605
2026-09-10 21:27:00,77225.22,77230.69,77225.21,77230.69,2.15204
2026-09-10 21:30:00,77230.69,77238.01,77214.39,77214.39,5.72928
2026-09-10 21:33:00,77214.39,77231.7,77204.76,77204.76,29.94824
2026-09-10 21:36:00,77204.76,77204.76,77175.48,77189.32,15.53834
2026-09-10 21:39:00,77189.32,77196.96,77184.0,77188.0,5.8178
2026-09-10 21:42:00,77188.01,77188.01,77100.02,77158.01,28.27224
2026-09-10 21:45:00,77158.01,77201.84,77139.5,77194.28,19.55504
2026-09-10 21:48:00,77194.27,77201.53,77157.0,77170.0,44.00703
2026-09-10 21:51:00,77170.01,77173.79,77146.0,77156.0,19.21514
2026-09-10 21:54:00,77156.01,77156.01,77130.0,77130.01,9.91238
2026-09-10 21:57:00,77130.01,77150.01,77130.0,77144.0,6.94926
2026-09-10 22:00:00,77144.01,77144.01,77080.0,77080.01,13.30894
2026-09-10 22:03:00,77080.0,77164.01,77080.0,77128.0,12.79599
2026-09-10 22:06:00,77128.01,77170.01,77104.44,77170.0,6.12562
2026-09-10 22:09:00,77170.01,77191.69,77170.0,77181.48,9.33028
2026-09-10 22:12:00,77181.47,77181.48,77100.02,77144.01,23.56119
2026-09-10 22:15:00,77144.01,77200.0,77144.0,77200.0,4.97989
2026-09-10 22:18:00,77199.99,77200.0,77186.0,77194.01,5.24505
2026-09-10 22:21:00,77194.01,77218.01,77160.0,77160.0,10.75627
2026-09-10 22:24:00,77160.01,77160.01,77139.49,77139.49,5.19527
2026-09-10 22:27:00,77139.5,77139.5,77070.0,77070.01,6.75571
2026-09-10 22:30:00,77070.0,77082.57,77014.0,77022.94,21.36226
2026-09-10 22:33:00,77024.01,77024.01,76966.69,77004.08,17.30321
2026-09-10 22:36:00,77004.07,77004.08,76870.01,76899.01,22.46352
2026-09-10 22:39:00,76899.02,76919.85,76862.24,76870.31,12.40207
2026-09-10 22:42:00,76870.32,76872.32,76830.0,76862.99,15.95642
2026-09-10 22:45:00,76862.99,76963.36,76843.37,76956.61,16.77856
2026-09-10 22:48:00,76956.6,76970.84,76940.58,76954.19,9.64247
2026-09-10 22:51:00,76954.19,76954.2,76901.1,76915.0,9.66893
2026-09-10 22:54:00,76915.0,76918.85,76860.87,76874.87,15.6202
2026-09-10 22:57:00,76874.86,76876.31,76817.6,76836.45,14.21379
2026-09-10 23:00:00,76836.45,76876.31,76836.45,76876.31,16.55552
2026-09-10 23:03:00,76876.31,76876.31,76711.31,76874.8,54.00443
2026-09-10 23:06:00,76874.79,76874.8,76600.0,76639.41,87.26177
2026-09-10 23:09:00,76639.41,76764.34,76639.41,76698.24,49.06426
2026-09-10 23:12:00,76698.25,76774.29,76501.44,76516.23,132.80762
2026-09-10 23:15:00,76516.23,76698.25,76464.0,76687.32,131.74287
2026-09-10 23:18:00,76687.31,76759.32,76625.88,76759.32,23.72429
2026-09-10 23:21:00,76759.31,76771.52,76713.09,76718.5,52.10268
2026-09-10 23:24:00,76718.5,76739.98,76687.98,76739.2,24.54086
2026-09-10 23:27:00,76739.21,76790.91,76730.37,76734.29,16.08065
2026-09-10 23:30:00,76734.29,76781.33,76710.63,76749.88,13.29738
2026-09-10 23:33:00,76749.88,76792.64,76733.66,76757.35,9.631
2026-09-10 23:36:00,76757.35,76821.92,76757.34,76782.34,15.953
2026-09-10 23:39:00,76782.34,76791.95,76718.61,76718.61,22.41723
2026-09-10 23:42:00,76718.62,76794.22,76718.61,76776.71,17.49637
2026-09-10 23:45:00,76776.71,76782.54,76750.84,76754.06,13.59821
2026-09-10 23:48:00,76754.06,76760.0,76704.43,76735.79,14.65208
2026-09-10 23:51:00,76735.78,76742.53,76684.92,76688.6,21.06878
2026-09-10 23:54:00,76688.59,76706.24,76572.03,76649.03,42.63428
2026-09-10 23:57:00,76649.03,76649.03,76544.17,76568.72,38.85753
2026-09-11 00:00:00,76568.73,76671.28,76563.01,76671.28,32.7998
2026-09-11 00:03:00,76672.65,76714.09,76589.44,76658.08,51.80998
2026-09-11 00:06:00,76658.08,76815.58,76649.05,76775.25,48.32701
2026-09-11 00:09:00,76775.25,76846.36,76775.25,76814.54,17.01327
2026-09-11 00:12:00,76814.53,76851.6,76807.92,76818.09,8.35427
2026-09-11 00:15:00,76818.08,76839.79,76797.68,76806.9,21.71977
2026-09-11 00:18:00,76806.89,76828.93,76772.81,76782.03,8.75705
2026-09-11 00:21:00,76782.03,76870.01,76782.02,76866.16,13.37612
2026-09-11 00:24:00,76866.16,76866.17,76816.96,76845.62,9.19365
2026-09-11 00:27:00,76845.62,76876.31,76790.41,76848.85,185.58425
2026-09-11 00:30:00,76848.85,76848.86,76686.09,76732.04,16.12449
2026-09-11 00:33:00,76732.04,76812.05,76709.88,76800.15,30.84005
2026-09-11 00:36:00,76800.15,76824.33,76776.61,76824.33,9.17466
2026-09-11 00:39:00,76824.33,76824.33,76734.31,76734.31,11.68797
2026-09-11 00:42:00,76734.32,76777.58,76734.32,76762.37,9.91633
2026-09-11 00:45:00,76762.38,76792.9,76741.76,76754.45,12.41482
2026-09-11 00:48:00,76754.44,76824.33,76754.44,76824.32,7.63874
2026-09-11 00:51:00,76824.33,76849.83,76800.0,76849.82,14.80291
2026-09-11 00:54:00,76849.83,76939.8,76849.82,76927.83,23.19712
2026-09-11 00:57:00,76927.84,76927.84,76883.18,76908.59,6.21655
2026-09-11 01:00:00,76908.59,76978.0,76890.56,76978.0,21.70936
2026-09-11 01:03:00,76978.0,77000.0,76950.0,76950.01,10.65202
2026-09-11 01:06:00,76950.01,76981.98,76943.44,76956.83,14.02282
2026-09-11 01:09:00,76956.83,76997.01,76956.82,76980.24,7.4758
2026-09-11 01:12:00,76980.24,76983.43,76900.66,76901.29,10.10368
2026-09-11 01:15:00,76901.3,76908.07,76841.03,76907.63,18.51104
2026-09-11 01:18:00,76907.62,76957.45,76877.26,76957.45,22.46477
2026-09-11 01:21:00,76957.45,76957.45,76795.93,76808.01,23.70777
2026-09-11 01:24:00,76808.01,76905.62,76808.01,76853.96,12.75085
2026-09-11 01:27:00,76853.97,76853.97,76809.6,76813.09,8.41279
2026-09-11 01:30:00,76813.08,76815.84,76718.23,76725.7,18.00436
2026-09-11 01:33:00,76725.7,76895.9,76670.57,76895.9,40.05417
2026-09-11 01:36:00,76895.89,76918.16,76776.52,76783.35,19.49193
2026-09-11 01:39:00,76783.35,76785.04,76693.17,76712.06,17.97758
2026-09-11 01:42:00,76712.05,76891.62,76712.05,76891.61,47.07981
2026-09-11 01:45:00,76891.62,76896.34,76800.23,76837.15,26.14389
2026-09-11 01:48:00,76837.14,76909.41,76837.14,76909.41,10.76567
2026-09-11 01:51:00,76909.41,76938.58,76898.01,76935.37,9.44727
2026-09-11 01:54:00,76935.36,76971.44,76927.55,76970.28,25.17438
2026-09-11 01:57:00,76970.29,76971.44,76939.96,76971.43,23.02687
2026-09-11 02:00:00,76971.44,76989.36,76926.0,76928.51,11.23734
2026-09-11 02:03:00,76928.51,77013.62,76928.5,76993.76,19.71676
2026-09-11 02:06:00,76993.77,76993.77,76900.0,76949.34,12.68116
2026-09-11 02:09:00,76949.33,76949.34,76907.15,76920.28,11.9632
2026-09-11 02:12:00,76920.28,76993.49,76920.27,76990.0,77.76753
2026-09-11 02:15:00,76990.01,76990.01,76900.0,76900.0,13.63952
2026-09-11 02:18:00,76900.01,76911.09,76880.24,76896.0,12.62364
2026-09-11 02:21:00,76896.0,76924.02,76875.07,76875.07,12.94309
2026-09-11 02:24:00,76875.08,76875.08,76775.33,76786.07,15.38251
2026-09-11 02:27:00,76786.08,76832.43,76769.69,76809.51,13.91519
2026-09-11 02:30:00,76809.5,76815.6,76793.0,76795.01,6.82203
2026-09-11 02:33:00,76795.01,76811.0,76782.42,76808.9,6.99505
2026-09-11 02:36:00,76808.89,76925.68,76805.05,76917.98,11.89084
2026-09-11 02:39:00,76917.98,76925.68,76891.95,76899.94,7.30929
2026-09-11 02:42:00,76899.94,76922.68,76868.34,76868.39,10.68439
2026-09-11 02:45:00,76868.4,76904.85,76852.53,76896.24,20.56334
2026-09-11 02:48:00,76896.25,76933.33,76887.71,76917.22,6.66011
2026-09-11 02:51:00,76917.22,76917.22,76850.01,76850.01,10.80821
2026-09-11 02:54:00,76850.01,76887.74,76806.29,76883.91,6.77038
2026-09-11 02:57:00,76883.91,76883.91,76838.67,76838.68,7.11665
2026-09-11 03:00:00,76838.68,76871.74,76829.68,76860.35,8.19199
2026-09-11 03:03:00,76860.36,76860.36,76747.8,76747.8,9.43556
2026-09-11 03:06:00,76747.8,76753.61,76709.36,76720.01,37.40638
2026-09-11 03:09:00,76720.01,76771.19,76708.37,76724.33,60.93341
2026-09-11 03:12:00,76724.34,76897.54,76705.88,76883.03,151.24546
2026-09-11 03:15:00,76883.04,76895.73,76774.78,76790.51,20.82617
2026-09-11 03:18:00,76790.52,76860.2,76790.51,76848.46,9.0209
2026-09-11 03:21:00,76848.46,76848.46,76765.98,76769.29,19.80038
2026-09-11 03:24:00,76769.28,76786.6,76763.32,76785.55,9.40118
2026-09-11 03:27:00,76785.54,76833.49,76785.54,76824.33,9.14878
2026-09-11 03:30:00,76824.32,76824.33,76750.0,76753.98,36.8111
2026-09-11 03:33:00,76753.97,76781.17,76702.7,76751.73,46.89037
2026-09-11 03:36:00,76751.73,76879.24,76751.72,76873.04,24.39494
2026-09-11 03:39:00,76873.04,76897.54,76853.38,76879.99,71.99815
2026-09-11 03:42:00,76880.0,76890.22,76810.0,76874.17,288.10683
2026-09-11 03:45:00,76874.17,76880.33,76810.0,76811.53,9.81246
2026-09-11 03:48:00,76811.52,76819.75,76785.0,76792.34,15.01354
2026-09-11 03:51:00,76792.34,76814.76,76770.56,76810.52,36.06065
2026-09-11 03:54:00,76810.52,76874.01,76794.61,76874.01,88.50521
2026-09-11 03:57:00,76874.01,76896.12,76874.0,76891.8,14.57762
2026-09-11 04:00:00,76891.81,76952.02,76889.23,76897.67,119.62313
2026-09-11 04:03:00,76897.66,76962.55,76897.66,76959.95,6.42228
2026-09-11 04:06:00,76959.95,76999.99,76957.41,76980.54,11.18592
2026-09-11 04:09:00,76980.55,76992.19,76908.79,76937.83,21.72039
2026-09-11 04:12:00,76937.84,76982.75,76937.83,76982.31,11.55001
2026-09-11 04:15:00,76982.32,76997.46,76946.43,76965.07,17.72073
2026-09-11 04:18:00,76965.06,77024.01,76963.27,77024.01,30.55505
2026-09-11 04:21:00,77024.01,77045.65,77000.0,77040.0,20.27629
2026-09-11 04:24:00,77040.0,77135.94,77040.0,77135.94,22.21465
2026-09-11 04:27:00,77135.94,77189.78,77135.94,77183.41,24.69575
2026-09-11 04:30:00,77183.41,77196.01,77161.4,77161.41,11.67613
2026-09-11 04:33:00,77161.4,77161.41,77128.0,77128.0,10.34471
2026-09-11 04:36:00,77128.0,77140.0,77104.0,77104.0,10.76929
2026-09-11 04:39:00,77104.0,77130.1,77104.0,77130.09,9.23295
2026-09-11 04:42:00,77130.09,77130.1,77088.06,77096.01,7.57891
2026-09-11 04:45:00,77096.01,77111.92,77096.0,77107.09,10.49141
2026-09-11 04:48:00,77107.09,77121.63,77107.08,77121.63,7.19697
2026-09-11 04:51:00,77121.62,77129.34,77121.62,77129.34,4.60842
2026-09-11 04:54:00,77129.34,77141.86,77129.33,77141.86,4.80856
2026-09-11 04:57:00,77141.86,77146.32,77114.01,77114.01,7.99042
2026-09-11 05:00:00,77114.01,77114.02,77090.43,77090.43,5.03338
2026-09-11 05:03:00,77090.43,77090.44,77069.06,77076.47,11.23737
2026-09-11 05:06:00,77076.47,77097.2,77069.06,77069.07,8.95177
2026-09-11 05:09:00,77069.07,77132.01,77069.06,77132.01,6.02261
2026-09-11 05:12:00,77132.01,77159.38,77086.96,77143.6,21.41586
2026-09-11 05:15:00,77143.6,77150.01,77126.0,77136.0,9.11847
2026-09-11 05:18:00,77136.01,77142.01,77130.0,77130.0,7.55871
2026-09-11 05:21:00,77130.01,77130.01,77098.0,77117.31,17.77775
2026-09-11 05:24:00,77117.31,77130.03,77095.49,77095.5,11.58296
2026-09-11 05:27:00,77095.5,77118.76,77092.01,77101.31,17.2938
2026-09-11 05:30:00,77101.3,77135.99,77080.01,77082.42,22.43034
2026-09-11 05:33:00,77082.42,77148.61,77082.41,77148.61,10.10553
2026-09-11 05:36:00,77148.61,77168.47,77148.6,77148.6,9.16742
2026-09-11 05:39:00,77148.61,77187.18,77148.6,77166.01,22.31135
2026-09-11 05:42:00,77166.01,77188.47,77160.0,77188.47,10.07721
2026-09-11 05:45:00,77188.46,77192.05,77163.74,77192.05,9.3571
2026-09-11 05:48:00,77192.04,77196.01,77186.0,77196.01,6.01114
2026-09-11 05:51:00,77196.01,77199.0,77180.88,77180.89,38.12086
2026-09-11 05:54:00,77180.88,77229.63,77180.88,77228.37,32.99079
2026-09-11 05:57:00,77228.37,77252.88,77228.37,77252.86,7.87874
2026-09-11 06:00:00,77252.87,77252.87,77229.05,77252.83,9.81982
2026-09-11 06:03:00,77252.82,77260.86,77246.61,77249.89,6.19646
2026-09-11 06:06:00,77249.89,77280.0,77249.89,77279.22,11.73888
2026-09-11 06:09:00,77279.22,77299.72,77274.33,77299.72,6.48167
2026-09-11 06:12:00,77299.72,77431.48,77292.0,77410.01,123.64358
2026-09-11 06:15:00,77410.0,77410.01,77354.0,77354.0,20.92384
2026-09-11 06:18:00,77354.01,77354.01,77300.0,77314.0,35.48214
2026-09-11 06:21:00,77314.01,77314.01,77270.0,77272.95,45.11468
2026-09-11 06:24:00,77272.94,77272.94,77262.0,77266.73,4.97496
2026-09-11 06:27:00,77266.73,77276.01,77260.0,77276.01,26.18584
2026-09-11 06:30:00,77276.0,77276.01,77220.0,77220.0,31.28683
2026-09-11 06:33:00,77220.01,77220.01,77182.0,77200.0,38.16991
2026-09-11 06:36:00,77200.0,77249.56,77199.99,77249.56,6.48925
2026-09-11 06:39:00,77249.56,77256.31,77232.85,77232.85,5.6657
2026-09-11 06:42:00,77232.85,77238.71,77226.0,77238.7,12.47724
2026-09-11 06:45:00,77238.7,77251.76,77238.7,77251.75,2.1252
2026-09-11 06:48:00,77251.76,77282.01,77251.75,77281.23,4.03281
2026-09-11 06:51:00,77281.23,77298.01,77279.15,77279.15,3.56857
2026-09-11 06:54:00,77279.16,77284.01,77278.88,77281.76,8.20355
2026-09-11 06:57:00,77281.76,77298.01,77281.75,77298.01,2.60108
2026-09-11 07:00:00,77298.01,77298.01,77291.6,77293.67,3.5272
2026-09-11 07:03:00,77293.67,77322.46,77293.66,77322.1,9.44577
2026-09-11 07:06:00,77322.11,77357.07,77322.0,77357.07,6.5419
2026-09-11 07:09:00,77357.07,77397.61,77357.06,77364.8,9.23211
2026-09-11 07:12:00,77364.8,77373.01,77316.4,77323.37,13.30896
2026-09-11 07:15:00,77323.37,77332.01,77320.8,77332.0,7.59406
2026-09-11 07:18:00,77332.0,77358.11,77332.0,77335.93,15.48165
2026-09-11 07:21:00,77335.94,77367.73,77332.21,77365.25,15.71055
2026-09-11 07:24:00,77365.25,77403.19,77300.0,77324.0,51.09454
2026-09-11 07:27:00,77324.0,77338.01,77324.0,77336.01,4.94458
2026-09-11 07:30:00,77336.01,77337.15,77290.0,77293.71,17.20856
2026-09-11 07:33:00,77293.72,77347.59,77280.0,77290.0,39.82032
2026-09-11 07:36:00,77290.01,77299.58,77280.0,77280.0,21.57779
2026-09-11 07:39:00,77280.0,77280.01,77250.05,77272.72,54.89441
2026-09-11 07:42:00,77272.73,77275.56,77260.09,77263.82,32.59257
2026-09-11 07:45:00,77263.83,77263.85,77236.28,77257.57,35.24364
2026-09-11 07:48:00,77257.56,77257.58,77246.01,77254.46,16.29292
2026-09-11 07:51:00,77254.47,77254.5,77210.98,77215.29,37.62747
2026-09-11 07:54:00,77215.29,77257.5,77203.73,77257.5,26.64003
2026-09-11 07:57:00,77257.5,77257.5,77230.69,77230.7,16.2434
2026-09-11 08:00:00,77230.7,77270.02,77230.47,77236.0,17.70703
2026-09-11 08:03:00,77236.0,77236.01,77172.82,77172.82,18.9403
2026-09-11 08:06:00,77172.83,77175.97,77162.53,77162.54,7.47109
2026-09-11 08:09:00,77162.54,77169.19,77144.59,77144.6,15.12284
2026-09-11 08:12:00,77144.6,77182.01,77144.59,77182.0,8.85333
2026-09-11 08:15:00,77182.0,77246.23,77182.0,77246.23,9.6714
2026-09-11 08:18:00,77246.23,77246.23,77240.49,77246.23,2.20845
2026-09-11 08:21:00,77246.22,77271.95,77246.22,77271.95,4.74168
2026-09-11 08:24:00,77271.95,77465.46,77271.94,77348.78,54.75496
2026-09-11 08:27:00,77348.01,77384.93,77331.07,77384.92,16.18713
2026-09-11 08:30:00,77384.92,77500.0,77384.92,77456.01,24.81192
2026-09-11 08:33:00,77456.0,77456.0,77378.59,77385.99,27.29492
2026-09-11 08:36:00,77386.01,77399.71,77362.49,77399.7,11.9008
2026-09-11 08:39:00,77399.71,77428.01,77399.7,77428.0,5.9274
2026-09-11 08:42:00,77428.01,77435.89,77417.18,77424.0,18.55043
2026-09-11 08:45:00,77424.0,77424.01,77401.34,77401.34,8.07065
2026-09-11 08:48:00,77401.34,77401.35,77330.0,77353.89,21.28471
2026-09-11 08:51:00,77353.89,77378.01,77350.17,77378.01,8.14952
2026-09-11 08:54:00,77378.01,77378.01,77348.0,77359.43,9.25851
2026-09-11 08:57:00,77359.42,77364.94,77359.42,77364.93,3.09989
2026-09-11 09:00:00,77364.94,77370.01,77358.93,77358.94,15.36928
2026-09-11 09:03:00,77358.94,77358.94,77330.0,77330.0,15.15906
2026-09-11 09:06:00,77330.0,77330.01,77293.64,77293.64,24.75965
2026-09-11 09:09:00,77293.64,77293.65,77266.0,77278.0,15.04101
2026-09-11 09:12:00,77278.01,77291.9,77278.0,77284.01,14.46712
2026-09-11 09:15:00,77284.0,77288.01,77278.0,77288.01,4.98058
2026-09-11 09:18:00,77288.0,77300.01,77270.2,77277.79,57.53338
2026-09-11 09:21:00,77277.8,77278.44,77240.49,77240.5,6.42013
2026-09-11 09:24:00,77240.5,77240.5,77178.57,77184.2,18.42701
2026-09-11 09:27:00,77184.2,77186.02,77150.0,77150.01,18.9603
2026-09-11 09:30:00,77150.01,77164.01,77139.61,77164.0,11.92906
2026-09-11 09:33:00,77164.0,77164.01,77000.02,77014.85,120.37124
2026-09-11 09:36:00,77014.84,77014.85,76901.81,76955.81,39.0595
2026-09-11 09:39:00,76955.8,76975.37,76865.58,76895.91,35.93885
2026-09-11 09:42:00,76895.91,76970.0,76895.9,76964.22,25.38781
2026-09-11 09:45:00,76964.23,77014.01,76964.23,77014.01,30.00306
2026-09-11 09:48:00,77014.01,77028.53,76997.64,77000.0,25.54564
2026-09-11 09:51:00,77000.0,77045.35,77000.0,77038.34,18.40539
2026-09-11 09:54:00,77038.34,77038.34,77021.11,77034.72,30.94203
2026-09-11 09:57:00,77034.71,77067.64,77034.71,77042.0,23.8514
2026-09-11 10:00:00,77042.0,77093.32,76968.4,77093.32,25.62153
2026-09-11 10:03:00,77093.31,77163.25,77093.31,77111.83,25.10332
2026-09-11 10:06:00,77111.83,77140.0,77111.83,77138.99,4.32062
2026-09-11 10:09:00,77138.98,77138.99,77082.52,77093.37,27.33383
2026-09-11 10:12:00,77093.37,77111.36,77038.0,77082.01,23.89497
2026-09-11 10:15:00,77082.01,77118.01,77082.01,77118.01,30.19756
2026-09-11 10:18:00,77118.01,77149.82,77094.0,77110.84,30.95545
2026-09-11 10:21:00,77110.84,77140.01,77100.13,77100.18,14.24331
2026-09-11 10:24:00,77100.19,77101.11,77054.24,77063.69,9.97531
2026-09-11 10:27:00,77063.68,77063.69,77038.0,77041.73,10.75763
2026-09-11 10:30:00,77041.74,77041.74,76966.0,76986.79,15.46132
2026-09-11 10:33:00,76986.8,77058.72,76986.79,77058.71,21.42205
2026-09-11 10:36:00,77058.71,77058.72,77010.0,77034.72,17.92042
2026-09-11 10:39:00,77034.73,77049.7,76984.28,77026.91,26.90539
2026-09-11 10:42:00,77026.9,77030.01,76996.0,77017.38,22.41326
2026-09-11 10:45:00,77017.38,77040.63,77013.01,77019.04,21.55017
2026-09-11 10:48:00,77019.04,77019.04,77003.05,77006.8,17.33873
2026-09-11 10:51:00,77006.8,77040.0,77006.79,77030.01,8.7115
2026-09-11 10:54:00,77030.01,77040.14,77029.79,77040.13,7.75988
2026-09-11 10:57:00,77040.13,77040.14,76993.24,76993.25,44.29325
2026-09-11 11:00:00,76993.25,77000.0,76933.27,76933.27,37.98957
2026-09-11 11:03:00,76933.27,76933.28,76878.85,76896.67,27.41564
2026-09-11 11:06:00,76896.66,76913.74,76800.0,76800.94,30.7587
2026-09-11 11:09:00,76800.95,76826.84,76761.28,76774.01,40.50955
2026-09-11 11:12:00,76774.01,76840.01,76774.0,76786.0,20.92562
2026-09-11 11:15:00,76786.01,76818.01,76746.95,76810.01,29.89881
2026-09-11 11:18:00,76810.01,76824.47,76797.07,76800.01,17.06576
2026-09-11 11:21:00,76800.0,76824.47,76778.01,76824.47,9.49571
2026-09-11 11:24:00,76824.47,76912.01,76824.46,76906.32,11.61583
2026-09-11 11:27:00,76906.32,76906.32,76850.65,76850.65,29.05657
2026-09-11 11:30:00,76850.66,76858.01,76829.87,76829.88,20.95875
2026-09-11 11:33:00,76829.88,76853.66,76800.0,76811.1,22.69141
2026-09-11 11:36:00,76811.11,76878.79,76811.1,76874.01,10.56622
2026-09-11 11:39:00,76874.01,76902.53,76841.16,76902.53,7.4603
2026-09-11 11:42:00,76902.53,76906.14,76888.35,76906.14,7.33237
2026-09-11 11:45:00,76906.13,76996.01,76906.0,76952.0,11.54806
2026-09-11 11:48:00,76952.01,76956.01,76902.0,76902.01,12.636
2026-09-11 11:51:00,76902.0,76998.0,76902.0,76998.0,14.91863
2026-09-11 11:54:00,76998.0,77015.0,76958.0,76989.22,26.49195
2026-09-11 11:57:00,76989.23,77049.25,76984.0,77036.12,31.5337
2026-09-11 12:00:00,77036.12,77125.0,77005.28,77125.0,29.52973
2026-09-11 12:03:00,77124.99,77125.0,77022.11,77025.87,21.83795
2026-09-11 12:06:00,77025.87,77027.81,76925.49,76941.56,22.70975
2026-09-11 12:09:00,76941.55,77005.96,76918.64,76966.01,30.83431
2026-09-11 12:12:00,76966.0,76985.38,76900.96,76924.46,40.93219
2026-09-11 12:15:00,76924.46,77013.43,76906.0,77013.42,39.95436
2026-09-11 12:18:00,77013.43,77082.0,76958.54,77038.01,20.25006
2026-09-11 12:21:00,77038.01,77067.84,76988.51,77017.42,24.67609
2026-09-11 12:24:00,77017.42,77046.01,76952.0,77005.13,41.08927
2026-09-11 12:27:00,77005.13,77417.15,76936.0,77095.12,182.70593
2026-09-11 12:30:00,77094.01,77188.01,76046.58,76729.99,1166.33326
2026-09-11 12:33:00,76730.0,77278.62,76657.24,77149.52,398.47756
2026-09-11 12:36:00,77150.0,77625.0,77106.0,77406.57,266.90083
2026-09-11 12:39:00,77406.01,77700.48,77367.6,77522.01,306.72454
2026-09-11 12:42:00,77522.0,77643.79,77406.88,77590.01,106.23723
2026-09-11 12:45:00,77590.01,78017.31,77566.3,77980.93,246.84104
2026-09-11 12:48:00,77980.93,78090.42,77850.0,78022.43,221.45138
2026-09-11 12:51:00,78022.42,78148.74,77953.14,78038.88,194.70191
2026-09-11 12:54:00,78038.87,78079.42,77888.0,77916.04,92.91493
2026-09-11 12:57:00,77914.11,78032.99,77862.9,78032.99,76.04144
2026-09-11 13:00:00,78032.98,78032.99,77825.98,77840.38,101.66256
2026-09-11 13:03:00,77840.38,77894.71,77716.92,77882.01,100.95667
2026-09-11 13:06:00,77882.0,77918.01,77654.27,77654.28,101.92333
2026-09-11 13:09:00,77654.28,77656.79,77558.29,77593.46,62.13995
2026-09-11 13:12:00,77593.46,77726.0,77567.71,77726.0,129.09306
2026-09-11 13:15:00,77726.0,77731.95,77616.0,77634.07,33.68437
2026-09-11 13:18:00,77634.08,77770.01,77634.07,77691.75,50.34527
2026-09-11 13:21:00,77691.76,77836.0,77675.64,77760.01,37.94593
2026-09-11 13:24:00,77760.0,77763.34,77612.38,77688.48,88.85261
2026-09-11 13:27:00,77688.49,77688.49,77508.35,77526.01,56.20562
2026-09-11 13:30:00,77526.0,77771.11,77452.01,77452.01,110.57146
2026-09-11 13:33:00,77452.01,77619.58,77402.0,77473.2,83.70906
2026-09-11 13:36:00,77474.01,77515.93,77253.8,77510.12,106.40526
2026-09-11 13:39:00,77510.11,77857.32,77508.42,77832.73,141.58936
2026-09-11 13:42:00,77832.73,77938.06,77729.16,77877.29,147.93688
2026-09-11 13:45:00,77877.29,78048.85,77758.0,78008.0,161.53855
2026-09-11 13:48:00,78008.55,78600.0,78008.54,78450.89,338.97897
2026-09-11 13:51:00,78450.89,78800.01,78434.64,78733.74,189.32511
2026-09-11 13:54:00,78733.74,78825.71,78665.5,78800.0,128.78656
2026-09-11 13:57:00,78800.0,79333.0,78756.01,79242.56,280.01114
2026-09-11 14:00:00,79242.56,79624.57,79131.93,79614.57,314.6152
2026-09-11 14:03:00,79610.32,79890.0,79374.76,79390.85,346.42732
2026-09-11 14:06:00,79390.84,79462.39,78930.81,78931.32,182.49869
2026-09-11 14:09:00,78931.32,79094.77,78839.02,78844.31,103.23841
2026-09-11 14:12:00,78844.3,79198.0,78815.84,79065.47,111.17402
2026-09-11 14:15:00,79065.46,79158.01,78967.93,79075.67,92.42788
2026-09-11 14:18:00,79075.67,79189.18,79043.87,79168.49,60.20764
2026-09-11 14:21:00,79168.5,79182.9,79008.74,79101.67,44.91811
2026-09-11 14:24:00,79101.67,79101.68,78949.06,78981.81,72.36512
2026-09-11 14:27:00,78981.8,79117.47,78962.27,79048.0,58.34003
2026-09-11 14:30:00,79048.01,79048.01,78884.0,78999.75,52.48035
2026-09-11 14:33:00,78999.75,78999.76,78672.91,78672.91,80.39177
2026-09-11 14:36:00,78672.91,78797.72,78573.18,78708.91,73.72703
2026-09-11 14:39:00,78708.92,78779.35,78646.0,78676.65,60.01261
2026-09-11 14:42:00,78676.65,78687.99,78558.27,78652.01,75.04435
2026-09-11 14:45:00,78652.01,78802.0,78652.01,78668.67,49.21926
2026-09-11 14:48:00,78668.67,78727.47,78509.09,78588.01,95.17904
2026-09-11 14:51:00,78588.01,78866.01,78588.01,78864.0,42.03231
2026-09-11 14:54:00,78864.0,78872.01,78760.49,78808.0,34.28904
2026-09-11 14:57:00,78808.01,78857.28,78766.0,78798.51,38.45814
2026-09-11 15:00:00,78798.4,78849.98,78558.0,78722.1,58.12439
2026-09-11 15:03:00,78722.1,78746.01,78631.84,78711.75,45.44042
2026-09-11 15:06:00,78711.75,78770.01,78600.0,78685.09,39.21893
2026-09-11 15:09:00,78685.09,78686.01,78556.0,78562.01,35.43983
2026-09-11 15:12:00,78562.0,78637.19,78509.09,78512.23,49.39995
2026-09-11 15:15:00,78512.23,78629.85,78483.73,78602.37,48.22433
2026-09-11 15:18:00,78602.37,78696.93,78602.36,78688.01,32.65847
2026-09-11 15:21:00,78688.0,78739.91,78586.0,78727.29,42.85094
2026-09-11 15:24:00,78726.9,78726.91,78662.21,78718.95,19.98574
2026-09-11 15:27:00,78718.96,78780.63,78704.26,78720.76,47.38266
2026-09-11 15:30:00,78720.75,78790.0,78693.28,78789.71,33.19718
2026-09-11 15:33:00,78789.71,78836.01,78789.45,78792.01,39.57644
2026-09-11 15:36:00,78792.01,78798.01,78666.66,78768.0,45.8142
2026-09-11 15:39:00,78768.01,78800.01,78738.0,78776.64,36.24552
2026-09-11 15:42:00,78776.64,78776.64,78652.0,78652.01,21.91019
2026-09-11 15:45:00,78652.0,78658.01,78593.56,78600.0,37.03911
2026-09-11 15:48:00,78600.01,78600.01,78460.18,78488.01,50.21938
2026-09-11 15:51:00,78488.01,78499.0,77720.0,77727.15,290.60992
2026-09-11 15:54:00,77727.14,77779.99,77303.0,77579.24,289.75893
2026-09-11 15:57:00,77579.25,77760.0,77574.0,77732.25,101.36185
2026-09-11 16:00:00,77732.25,78000.0,77661.27,77992.62,75.6068
2026-09-11 16:03:00,77992.62,78002.0,77782.22,78002.0,69.40151
2026-09-11 16:06:00,78002.0,78068.01,77860.0,77939.38,36.95717
2026-09-11 16:09:00,77939.37,77988.84,77829.91,77855.91,34.33427
2026-09-11 16:12:00,77855.91,77876.0,77789.89,77799.9,47.51174
2026-09-11 16:15:00,77799.9,77835.69,77701.7,77716.0,47.62365
2026-09-11 16:18:00,77716.01,77716.01,77381.88,77422.14,126.11044
2026-09-11 16:21:00,77422.15,77535.99,77391.6,77510.01,153.80736
2026-09-11 16:24:00,77510.01,77661.19,77448.0,77644.28,41.7295
2026-09-11 16:27:00,77644.28,77746.01,77614.01,77668.61,57.06627
2026-09-11 16:30:00,77668.61,77720.01,77542.0,77557.0,41.1404
2026-09-11 16:33:00,77556.0,77766.01,77556.0,77712.01,32.8409
2026-09-11 16:36:00,77712.01,77732.01,77638.0,77646.01,21.52298
2026-09-11 16:39:00,77646.01,77759.7,77634.0,77759.7,23.73468
2026-09-11 16:42:00,77759.69,77798.01,77739.78,77798.01,20.53518
2026-09-11 16:45:00,77798.01,77962.04,77798.0,77956.0,143.28936
2026-09-11 16:48:00,77956.01,77997.93,77856.0,77911.22,42.48451
2026-09-11 16:51:00,77911.23,77946.16,77863.97,77894.0,20.73178
2026-09-11 16:54:00,77894.01,77924.01,77880.0,77886.0,13.68743
2026-09-11 16:57:00,77886.0,77956.01,77840.01,77916.0,31.36523
2026-09-11 17:00:00,77916.0,77960.01,77832.0,77898.01,42.12966
2026-09-11 17:03:00,77898.01,77900.02,77806.98,77806.98,24.98576
2026-09-11 17:06:00,77806.91,77927.99,77796.0,77834.32,64.59979
2026-09-11 17:09:00,77834.33,77841.99,77782.22,77825.78,20.06106
2026-09-11 17:12:00,77825.77,77846.01,77753.0,77753.01,17.71884
2026-09-11 17:15:00,77753.01,77857.23,77753.0,77812.0,38.88385
2026-09-11 17:18:00,77812.0,77848.01,77783.05,77812.0,14.79024
2026-09-11 17:21:00,77812.0,77840.01,77702.0,77840.01,15.29311
2026-09-11 17:24:00,77840.01,77884.0,77836.0,77883.99,12.3948
2026-09-11 17:27:00,77883.99,77907.23,77830.0,77836.0,14.54752
2026-09-11 17:30:00,77836.01,77875.25,77804.01,77804.01,15.20813
2026-09-11 17:33:00,77804.02,77831.6,77768.0,77768.0,21.77844
2026-09-11 17:36:00,77768.01,77768.01,77640.0,77640.0,9.64474
2026-09-11 17:39:00,77640.01,77640.01,77580.0,77594.0,28.28672
2026-09-11 17:42:00,77594.0,77652.01,77576.0,77610.01,17.18536
2026-09-11 17:45:00,77610.0,77620.01,77578.0,77578.0,14.5886
2026-09-11 17:48:00,77578.0,77626.01,77555.11,77555.11,40.96104
2026-09-11 17:51:00,77555.12,77566.99,77526.34,77526.34,16.40524
2026-09-11 17:54:00,77526.35,77562.01,77490.34,77561.34,37.66221
2026-09-11 17:57:00,77561.34,77588.01,77534.0,77534.0,25.56261
2026-09-11 18:00:00,77534.0,77538.01,77326.66,77340.0,42.55581
2026-09-11 18:03:00,77340.0,77340.0,77000.0,77009.7,231.87874
2026-09-11 18:06:00,77009.7,77155.84,76883.0,77151.32,109.05893
2026-09-11 18:09:00,77151.31,77158.01,76978.0,77085.67,34.18318
2026-09-11 18:12:00,77085.66,77106.24,76986.71,77088.01,62.14201
2026-09-11 18:15:00,77088.01,77230.01,77060.0,77216.0,40.23376
2026-09-11 18:18:00,77216.01,77250.0,77113.98,77190.01,51.96452
2026-09-11 18:21:00,77190.49,77224.0,77144.0,77149.26,23.52411
2026-09-11 18:24:00,77149.27,77224.01,77130.52,77185.44,32.33046
2026-09-11 18:27:00,77185.44,77212.01,77092.0,77212.0,17.83715
2026-09-11 18:30:00,77212.0,77224.01,77154.0,77178.39,16.94439
2026-09-11 18:33:00,77178.39,77262.47,77164.0,77224.03,21.76568
2026-09-11 18:36:00,77224.02,77287.0,77191.27,77191.28,12.13619
2026-09-11 18:39:00,77191.27,77240.01,77100.2,77120.43,17.88918
2026-09-11 18:42:00,77120.42,77172.01,77112.0,77118.0,10.12599
2026-09-11 18:45:00,77118.01,77214.98,77066.0,77077.53,26.18907
2026-09-11 18:48:00,77077.54,77130.01,77026.22,77026.23,22.10727
2026-09-11 18:51:00,77026.22,77026.23,76951.77,76986.01,23.87423
2026-09-11 18:54:00,76986.01,77039.01,76951.77,77039.01,24.15451
2026-09-11 18:57:00,77039.01,77067.57,77026.02,77054.0,21.22894
2026-09-11 19:00:00,77054.0,77090.01,77006.0,77090.0,28.50033
2026-09-11 19:03:00,77090.01,77212.01,77066.0,77212.01,20.64478
2026-09-11 19:06:00,77212.01,77235.2,77170.0,77228.01,20.75766
2026-09-11 19:09:00,77228.01,77242.01,77118.01,77184.01,23.77586
2026-09-11 19:12:00,77184.0,77217.57,77184.0,77217.56,10.71496
2026-09-11 19:15:00,77217.56,77219.46,77088.0,77172.72,43.35656
2026-09-11 19:18:00,77172.72,77192.01,77106.56,77146.0,26.83507
2026-09-11 19:21:00,77146.01,77214.01,77146.0,77214.0,6.1276
2026-09-11 19:24:00,77214.01,77292.83,77214.01,77274.01,17.49136
2026-09-11 19:27:00,77274.01,77290.01,77235.76,77235.76,14.80058
2026-09-11 19:30:00,77234.42,77240.01,77207.08,77227.96,15.31171
2026-09-11 19:33:00,77227.97,77263.04,77214.0,77254.1,18.71569
2026-09-11 19:36:00,77254.11,77274.39,77202.34,77210.0,43.47578
2026-09-11 19:39:00,77210.0,77328.02,77210.0,77292.0,25.8539
2026-09-11 19:42:00,77292.01,77306.66,77281.02,77306.65,12.18693
2026-09-11 19:45:00,77306.66,77312.01,77250.0,77284.0,17.37982
2026-09-11 19:48:00,77284.0,77349.63,77284.0,77349.63,15.2974
2026-09-11 19:51:00,77349.63,77372.01,77314.0,77314.01,15.87873
2026-09-11 19:54:00,77314.01,77368.0,77309.71,77348.0,18.02102
2026-09-11 19:57:00,77348.01,77350.01,77286.0,77286.01,26.32388
2026-09-11 20:00:00,77286.0,77437.11,77286.0,77420.01,40.32708
2026-09-11 20:03:00,77420.0,77463.53,77400.0,77452.04,25.84818
2026-09-11 20:06:00,77452.63,77462.36,77434.91,77434.91,7.69385
2026-09-11 20:09:00,77434.91,77504.01,77418.0,77489.16,20.54207
2026-09-11 20:12:00,77489.15,77489.16,77456.24,77458.9,9.39688
2026-09-11 20:15:00,77458.9,77458.9,77415.54,77415.54,14.80366
2026-09-11 20:18:00,77415.54,77415.54,77377.0,77385.16,8.31844
2026-09-11 20:21:00,77385.16,77429.84,77385.16,77426.12,4.53117
2026-09-11 20:24:00,77426.12,77446.01,77416.0,77421.79,17.76039
2026-09-11 20:27:00,77421.79,77439.44,77375.99,77384.0,15.8355
2026-09-11 20:30:00,77384.0,77384.01,77273.5,77342.01,24.94504
2026-09-11 20:33:00,77342.0,77385.75,77326.11,77385.74,8.78464
2026-09-11 20:36:00,77385.75,77434.85,77376.0,77434.84,8.69717
2026-09-11 20:39:00,77434.84,77458.01,77388.13,77388.14,28.24865
2026-09-11 20:42:00,77388.14,77419.49,77378.77,77408.0,8.66865
2026-09-11 20:45:00,77408.01,77411.28,77352.69,77352.7,5.72554
2026-09-11 20:48:00,77352.7,77352.7,77246.57,77275.05,16.47541
2026-09-11 20:51:00,77275.05,77318.01,77192.0,77283.2,34.94101
2026-09-11 20:54:00,77283.2,77302.01,77243.38,77284.0,13.30993
2026-09-11 20:57:00,77284.0,77358.01,77284.0,77339.33,7.47238
2026-09-11 21:00:00,77339.33,77339.33,77328.57,77332.52,3.19441
2026-09-11 21:03:00,77332.53,77348.01,77332.52,77345.92,9.48317
2026-09-11 21:06:00,77345.59,77400.0,77336.0,77396.22,14.31408
2026-09-11 21:09:00,77396.23,77424.01,77372.41,77392.01,10.59809
2026-09-11 21:12:00,77392.01,77392.01,77330.0,77362.68,13.89699
2026-09-11 21:15:00,77362.68,77406.0,77362.68,77406.0,3.69561
2026-09-11 21:18:00,77405.99,77406.0,77400.85,77400.86,3.32939
2026-09-11 21:21:00,77400.85,77407.26,77400.85,77404.01,2.57793
2026-09-11 21:24:00,77404.01,77422.71,77385.99,77419.57,37.35629
2026-09-11 21:27:00,77419.58,77419.58,77356.0,77361.18,6.63264
2026-09-11 21:30:00,77361.17,77362.01,77340.07,77362.0,11.70176
2026-09-11 21:33:00,77362.01,77376.01,77356.0,77356.01,4.37477
2026-09-11 21:36:00,77356.0,77387.08,77348.0,77387.04,6.86497
2026-09-11 21:39:00,77387.04,77396.01,77350.0,77354.82,9.57091
2026-09-11 21:42:00,77354.82,77355.92,77338.0,77340.01,8.00625
2026-09-11 21:45:00,77340.01,77348.01,77292.0,77310.01,5.61154
2026-09-11 21:48:00,77310.01,77311.88,77248.0,77248.01,4.12453
2026-09-11 21:51:00,77248.01,77270.0,77210.02,77228.0,18.25088
2026-09-11 21:54:00,77228.0,77228.8,77133.06,77142.0,25.4607
2026-09-11 21:57:00,77142.01,77158.01,77078.01,77108.01,23.85836
2026-09-11 22:00:00,77108.01,77136.01,76967.13,76988.01,106.68203
2026-09-11 22:03:00,76988.01,77172.01,76988.01,77130.0,21.0636
2026-09-11 22:06:00,77130.01,77146.01,77082.44,77088.84,13.98102
2026-09-11 22:09:00,77088.84,77167.55,77076.12,77167.55,26.99583
2026-09-11 22:12:00,77167.55,77184.0,77164.0,77184.0,8.34036
2026-09-11 22:15:00,77184.0,77188.72,77114.6,77162.99,22.72595
2026-09-11 22:18:00,77163.0,77192.01,77162.99,77172.85,27.89453
2026-09-11 22:21:00,77172.85,77225.2,77172.84,77189.74,28.82856
2026-09-11 22:24:00,77189.75,77231.31,77162.0,77230.01,29.12982
2026-09-11 22:27:00,77230.01,77230.02,77100.33,77120.47,187.49084
2026-09-11 22:30:00,77120.0,77150.52,77100.0,77128.11,20.20655
2026-09-11 22:33:00,77128.11,77128.12,76996.0,77062.01,45.33776
2026-09-11 22:36:00,77062.01,77166.01,77062.0,77161.29,18.07523
2026-09-11 22:39:00,77161.29,77184.8,77161.29,77184.79,6.25626
2026-09-11 22:42:00,77184.79,77200.01,77102.0,77118.11,41.24614
2026-09-11 22:45:00,77118.1,77118.11,77090.83,77100.01,7.97584
2026-09-11 22:48:00,77100.0,77100.01,77036.73,77054.17,20.29049
2026-09-11 22:51:00,77054.17,77115.01,76994.22,77108.74,113.53912
2026-09-11 22:54:00,77108.73,77168.0,77072.0,77136.0,105.36043
2026-09-11 22:57:00,77136.0,77171.0,77057.82,77150.0,248.94088
2026-09-11 23:00:00,77150.0,77176.02,77129.76,77176.02,13.34726
2026-09-11 23:03:00,77176.01,77198.01,77176.01,77184.39,15.72771
2026-09-11 23:06:00,77184.39,77200.0,77144.17,77196.01,31.38729
2026-09-11 23:09:00,77196.01,77210.0,77172.0,77179.72,37.72591
2026-09-11 23:12:00,77179.71,77194.46,77119.68,77119.69,221.61774
2026-09-11 23:15:00,77119.69,77156.01,77119.68,77156.01,5.17131
2026-09-11 23:18:00,77156.01,77156.01,77142.01,77150.02,9.51525
2026-09-11 23:21:00,77150.02,77161.63,77147.27,77158.01,10.31619
2026-09-11 23:24:00,77158.01,77186.39,77142.54,77186.39,56.67889
2026-09-11 23:27:00,77186.39,77190.01,77180.0,77190.0,6.81811
2026-09-11 23:30:00,77190.0,77202.01,77190.0,77202.0,4.96654
2026-09-11 23:33:00,77202.01,77208.01,77200.0,77208.01,2.63184
2026-09-11 23:36:00,77208.01,77214.34,77200.0,77200.01,8.79427
2026-09-11 23:39:00,77200.0,77214.33,77198.28,77198.29,5.23693
2026-09-11 23:42:00,77198.29,77220.0,77152.01,77184.01,30.14421
2026-09-11 23:45:00,77184.02,77209.8,77173.04,77173.05,41.09664
2026-09-11 23:48:00,77173.05,77182.01,77172.84,77172.84,5.13977
2026-09-11 23:51:00,77172.85,77196.56,77172.84,77190.01,6.12233
2026-09-11 23:54:00,77190.01,77202.02,77188.04,77202.02,5.23367
2026-09-11 23:57:00,77202.02,77225.71,77202.01,77225.7,18.04885
2026-09-12 00:00:00,77225.71,77290.55,77207.65,77290.54,61.91157
2026-09-12 00:03:00,77290.55,77300.01,77268.0,77268.01,37.34054
2026-09-12 00:06:00,77268.01,77295.99,77266.0,77295.76,10.63706
2026-09-12 00:09:00,77295.77,77304.29,77281.48,77281.48,79.91288
2026-09-12 00:12:00,77281.48,77304.07,77281.48,77304.07,14.45645
2026-09-12 00:15:00,77304.06,77308.0,77294.09,77294.1,4.83941
2026-09-12 00:18:00,77294.1,77305.11,77288.0,77290.01,9.00527
2026-09-12 00:21:00,77290.02,77296.29,77286.0,77296.29,5.47141
2026-09-12 00:24:00,77296.29,77305.11,77296.28,77296.29,8.90152
2026-09-12 00:27:00,77296.29,77296.3,77279.9,77279.91,11.71565
2026-09-12 00:30:00,77279.91,77279.91,77248.13,77248.14,5.4764
2026-09-12 00:33:00,77248.13,77280.01,77248.13,77264.64,14.97774
2026-09-12 00:36:00,77264.64,77270.18,77250.8,77250.81,3.54512
2026-09-12 00:39:00,77250.8,77262.3,77250.8,77262.3,4.38521
2026-09-12 00:42:00,77262.3,77290.01,77262.29,77288.76,5.71286
2026-09-12 00:45:00,77288.77,77288.77,77280.29,77285.24,6.60488
2026-09-12 00:48:00,77285.25,77286.79,77285.24,77286.79,5.56836
2026-09-12 00:51:00,77286.78,77290.01,77276.0,77290.01,4.08737
2026-09-12 00:54:00,77290.01,77320.0,77290.0,77314.77,9.34475
2026-09-12 00:57:00,77314.76,77314.77,77287.43,77287.43,10.44946
2026-09-12 01:00:00,77287.43,77287.44,77262.29,77265.4,11.91191
2026-09-12 01:03:00,77265.4,77310.0,77265.39,77309.99,12.58071
2026-09-12 01:06:00,77309.99,77335.38,77309.99,77335.38,10.53357
2026-09-12 01:09:00,77335.38,77355.65,77335.37,77355.65,3.12133
2026-09-12 01:12:00,77355.65,77365.88,77355.64,77365.88,5.76248
2026-09-12 01:15:00,77365.87,77375.0,77365.87,77374.99,3.1647
2026-09-12 01:18:00,77374.99,77378.37,77344.01,77348.0,10.94996
2026-09-12 01:21:00,77348.01,77348.01,77325.99,77326.0,10.67363
2026-09-12 01:24:00,77326.0,77329.73,77305.99,77305.99,9.95057
2026-09-12 01:27:00,77306.0,77329.08,77300.0,77329.08,15.46065
2026-09-12 01:30:00,77329.61,77329.61,77319.99,77320.0,4.64963
2026-09-12 01:33:00,77320.0,77322.02,77319.99,77322.0,10.63983
2026-09-12 01:36:00,77322.0,77322.01,77275.38,77275.39,8.75103
2026-09-12 01:39:00,77275.38,77315.46,77264.01,77296.0,16.13773
2026-09-12 01:42:00,77296.0,77299.87,77274.0,77277.03,3.26432
2026-09-12 01:45:00,77277.02,77300.0,77277.02,77300.0,8.39168
2026-09-12 01:48:00,77300.0,77321.69,77299.99,77321.69,5.77234
2026-09-12 01:51:00,77321.68,77337.61,77272.0,77272.0,21.07127
2026-09-12 01:54:00,77272.01,77290.01,77272.01,77290.01,4.82005
2026-09-12 01:57:00,77290.01,77290.01,77272.36,77272.37,9.21141
2026-09-12 02:00:00,77272.36,77304.01,77272.36,77304.0,4.98164
2026-09-12 02:03:00,77304.01,77304.38,77290.0,77304.38,8.98513
2026-09-12 02:06:00,77304.37,77319.97,77304.37,77319.96,3.147
2026-09-12 02:09:00,77319.97,77319.97,77319.96,77319.96,4.09239
2026-09-12 02:12:00,77319.96,77319.97,77306.0,77306.01,3.55558
2026-09-12 02:15:00,77306.01,77306.01,77306.0,77306.01,2.39205
2026-09-12 02:18:00,77306.01,77306.01,77306.0,77306.01,1.12623
2026-09-12 02:21:00,77306.01,77306.01,77306.0,77306.0,2.35322
2026-09-12 02:24:00,77306.0,77322.27,77306.0,77312.01,8.44272
2026-09-12 02:27:00,77312.0,77313.25,77286.0,77286.09,7.26415
2026-09-12 02:30:00,77286.09,77286.89,77286.09,77286.88,3.94824
2026-09-12 02:33:00,77286.89,77286.89,77259.91,77259.93,29.9131
2026-09-12 02:36:00,77259.93,77259.93,77220.0,77220.01,12.06905
2026-09-12 02:39:00,77220.0,77278.01,77220.0,77241.88,23.47767
2026-09-12 02:42:00,77241.88,77244.4,77226.01,77234.72,46.5919
2026-09-12 02:45:00,77234.73,77254.01,77220.0,77253.75,12.2745
2026-09-12 02:48:00,77253.75,77266.78,77253.74,77266.78,8.02904
2026-09-12 02:51:00,77266.77,77270.0,77237.16,77258.85,10.47626
2026-09-12 02:54:00,77258.85,77258.86,77244.22,77244.23,8.27538
2026-09-12 02:57:00,77244.23,77311.98,77229.96,77288.0,106.05734
2026-09-12 03:00:00,77288.01,77288.01,77250.89,77250.9,2.36423
2026-09-12 03:03:00,77250.9,77347.82,77250.89,77337.5,13.41847
2026-09-12 03:06:00,77337.5,77337.5,77276.81,77276.81,20.60832
2026-09-12 03:09:00,77276.81,77314.01,77276.81,77310.04,12.29792
2026-09-12 03:12:00,77310.04,77310.05,77271.24,77281.03,29.05521
2026-09-12 03:15:00,77281.02,77309.11,77274.86,77298.5,20.21494
2026-09-12 03:18:00,77298.5,77298.5,77272.0,77272.0,27.88771
2026-09-12 03:21:00,77272.0,77272.01,77229.99,77244.01,14.16234
2026-09-12 03:24:00,77244.01,77244.01,77240.0,77240.01,2.1569
2026-09-12 03:27:00,77240.01,77287.69,77240.0,77287.69,52.29489
2026-09-12 03:30:00,77287.69,77290.01,77278.0,77278.0,7.09321
2026-09-12 03:33:00,77278.01,77278.01,77264.64,77264.65,1.77684
2026-09-12 03:36:00,77264.64,77264.65,77264.64,77264.65,3.04468
2026-09-12 03:39:00,77264.65,77264.65,77264.64,77264.65,1.19107
2026-09-12 03:42:00,77264.65,77264.65,77244.0,77246.01,13.12481
2026-09-12 03:45:00,77246.01,77248.99,77246.0,77248.98,6.42466
2026-09-12 03:48:00,77248.98,77248.98,77238.0,77246.43,9.32083
2026-09-12 03:51:00,77246.44,77252.0,77246.43,77251.99,2.38277
2026-09-12 03:54:00,77252.0,77268.09,77251.99,77268.08,2.45943
2026-09-12 03:57:00,77268.09,77268.09,77268.08,77268.09,0.93045
2026-09-12 04:00:00,77268.09,77300.01,77268.08,77300.0,7.15455
2026-09-12 04:03:00,77300.0,77314.01,77300.0,77314.01,5.53537
2026-09-12 04:06:00,77314.0,77314.01,77306.76,77306.76,1.79136
2026-09-12 04:09:00,77306.77,77306.77,77302.92,77302.93,2.90808
2026-09-12 04:12:00,77302.93,77302.93,77294.0,77294.0,3.07553
2026-09-12 04:15:00,77294.01,77294.01,77257.12,77260.01,12.10539
2026-09-12 04:18:00,77260.01,77260.01,77226.07,77248.01,16.20204
2026-09-12 04:21:00,77248.02,77248.02,77239.83,77239.83,4.30602
2026-09-12 04:24:00,77239.83,77239.84,77234.41,77234.41,8.91156
2026-09-12 04:27:00,77234.42,77252.01,77232.98,77252.01,4.67219
2026-09-12 04:30:00,77252.01,77278.13,77252.0,77278.13,3.70273
2026-09-12 04:33:00,77278.13,77282.5,77278.12,77282.5,2.61697
2026-09-12 04:36:00,77282.5,77293.77,77282.49,77293.76,4.6573
2026-09-12 04:39:00,77293.76,77293.77,77278.18,77278.19,20.03543
2026-09-12 04:42:00,77278.19,77278.19,77219.99,77251.5,260.40102
2026-09-12 04:45:00,77251.5,77251.5,77215.86,77236.01,10.17321
2026-09-12 04:48:00,77236.01,77258.36,77236.0,77256.02,10.37363
2026-09-12 04:51:00,77256.02,77256.02,77242.53,77242.54,3.40069
2026-09-12 04:54:00,77242.53,77242.54,77226.5,77226.51,3.61641
2026-09-12 04:57:00,77226.51,77226.51,77222.74,77222.75,7.2099
2026-09-12 05:00:00,77222.75,77222.75,77200.01,77200.01,5.29924
2026-09-12 05:03:00,77200.01,77200.4,77180.0,77186.01,18.81316
2026-09-12 05:06:00,77186.01,77186.01,77168.07,77175.04,8.64616
2026-09-12 05:09:00,77175.04,77234.01,77164.06,77208.0,116.69957
2026-09-12 05:12:00,77208.0,77257.99,77200.26,77233.78,263.17946
2026-09-12 05:15:00,77233.78,77241.74,77196.0,77241.74,27.00226
2026-09-12 05:18:00,77241.73,77241.74,77241.73,77241.73,1.06002
2026-09-12 05:21:00,77241.74,77252.01,77208.0,77214.0,19.87962
2026-09-12 05:24:00,77214.01,77250.46,77209.4,77235.75,73.86332
2026-09-12 05:27:00,77235.76,77258.01,77202.0,77202.01,74.5952
2026-09-12 05:30:00,77202.0,77235.69,77201.38,77225.69,10.63217
2026-09-12 05:33:00,77225.7,77257.81,77225.69,77257.81,7.06801
2026-09-12 05:36:00,77257.8,77260.01,77231.5,77255.19,12.49381
2026-09-12 05:39:00,77255.19,77255.19,77239.99,77242.0,13.95565
2026-09-12 05:42:00,77242.01,77242.01,77232.78,77240.0,7.07515
2026-09-12 05:45:00,77239.99,77240.0,77239.99,77239.99,2.06626
2026-09-12 05:48:00,77240.0,77240.0,77239.99,77239.99,2.41815
2026-09-12 05:51:00,77240.0,77260.8,77239.99,77258.0,18.7776
2026-09-12 05:54:00,77258.01,77258.01,77218.0,77230.0,124.61467
2026-09-12 05:57:00,77230.0,77239.44,77218.0,77218.0,158.58902
2026-09-12 06:00:00,77218.0,77218.01,77207.24,77215.35,4.61012
2026-09-12 06:03:00,77215.36,77215.36,77215.12,77215.12,3.4109
2026-09-12 06:06:00,77215.12,77215.13,77199.99,77207.02,15.65463
2026-09-12 06:09:00,77207.03,77229.44,77207.02,77216.06,10.9624
2026-09-12 06:12:00,77216.06,77216.07,77209.94,77209.94,4.77419
2026-09-12 06:15:00,77209.95,77230.01,77209.94,77230.0,5.92385
2026-09-12 06:18:00,77230.01,77230.01,77230.0,77230.0,1.47149
2026-09-12 06:21:00,77230.0,77230.01,77230.0,77230.01,3.48383
2026-09-12 06:24:00,77230.01,77232.7,77230.0,77232.7,4.93239
2026-09-12 06:27:00,77232.7,77239.01,77232.69,77239.0,3.37309
2026-09-12 06:30:00,77239.01,77285.05,77239.0,77285.04,14.94916
2026-09-12 06:33:00,77285.05,77289.39,77258.09,77258.1,13.54058
2026-09-12 06:36:00,77258.1,77264.01,77258.09,77264.0,2.91627
2026-09-12 06:39:00,77264.0,77284.0,77264.0,77283.99,5.8779
2026-09-12 06:42:00,77283.99,77316.41,77283.99,77316.41,11.05204
2026-09-12 06:45:00,77316.4,77350.66,77312.0,77350.66,14.81077
2026-09-12 06:48:00,77350.66,77359.2,77314.0,77314.01,7.65766
2026-09-12 06:51:00,77314.01,77314.01,77304.86,77304.86,2.67277
2026-09-12 06:54:00,77304.87,77310.01,77296.01,77296.01,7.85219
2026-09-12 06:57:00,77296.01,77296.02,77289.71,77289.73,8.53466
2026-09-12 07:00:00,77289.73,77314.01,77289.72,77314.01,16.62923
2026-09-12 07:03:00,77314.0,77327.57,77314.0,77327.57,9.05791
2026-09-12 07:06:00,77327.57,77340.01,77327.56,77340.01,7.14005
2026-09-12 07:09:00,77340.01,77347.99,77340.0,77342.01,13.98057
2026-09-12 07:12:00,77342.01,77342.55,77342.0,77342.54,7.30314
2026-09-12 07:15:00,77342.55,77343.95,77330.01,77330.01,15.80631
2026-09-12 07:18:00,77330.02,77330.02,77324.0,77324.0,8.78933
2026-09-12 07:21:00,77324.01,77342.01,77324.0,77332.34,15.48167
2026-09-12 07:24:00,77332.35,77332.35,77310.09,77311.09,19.90995
2026-09-12 07:27:00,77311.08,77311.1,77311.08,77311.1,8.53152
2026-09-12 07:30:00,77311.1,77311.1,77295.61,77302.06,18.96846
2026-09-12 07:33:00,77302.05,77302.1,77300.0,77300.01,10.80032
2026-09-12 07:36:00,77300.0,77300.01,77288.03,77288.04,14.18349
2026-09-12 07:39:00,77288.03,77288.04,77284.0,77284.0,22.82102
2026-09-12 07:42:00,77284.01,77286.49,77284.0,77286.48,10.9334
2026-09-12 07:45:00,77286.48,77286.49,77266.0,77278.81,17.73548
2026-09-12 07:48:00,77278.81,77282.01,77278.81,77282.01,12.82244
2026-09-12 07:51:00,77282.01,77298.82,77282.0,77298.82,9.06265
2026-09-12 07:54:00,77298.81,77298.87,77290.81,77290.81,13.18215
2026-09-12 07:57:00,77290.82,77294.55,77269.53,77269.55,107.0088
2026-09-12 08:00:00,77269.54,77276.93,77269.54,77276.02,10.0005
2026-09-12 08:03:00,77276.01,77320.01,77276.01,77320.01,50.39351
2026-09-12 08:06:00,77320.01,77333.51,77320.0,77333.5,8.61371
2026-09-12 08:09:00,77333.5,77351.3,77316.0,77321.67,23.39383
2026-09-12 08:12:00,77321.67,77345.39,77270.0,77296.01,34.73242
2026-09-12 08:15:00,77296.01,77345.88,77296.0,77329.84,16.46606
2026-09-12 08:18:00,77329.3,77329.31,77314.16,77318.56,10.94667
2026-09-12 08:21:00,77318.56,77330.01,77318.5,77318.5,31.90309
2026-09-12 08:24:00,77318.51,77340.01,77303.52,77303.52,38.68647
2026-09-12 08:27:00,77303.53,77303.53,77303.52,77303.53,1.74375
2026-09-12 08:30:00,77303.53,77310.0,77303.52,77309.99,3.73281
2026-09-12 08:33:00,77309.99,77310.0,77309.99,77310.0,4.96621
2026-09-12 08:36:00,77309.99,77350.83,77309.99,77350.82,13.08101
2026-09-12 08:39:00,77350.82,77350.84,77350.82,77350.83,4.96835
2026-09-12 08:42:00,77350.84,77350.84,77350.83,77350.83,1.49196
2026-09-12 08:45:00,77350.83,77351.43,77350.83,77351.42,2.2505
2026-09-12 08:48:00,77351.43,77363.13,77351.42,77363.12,4.60935
2026-09-12 08:51:00,77363.13,77374.01,77363.12,77374.0,3.10076
2026-09-12 08:54:00,77374.01,77374.01,77350.0,77355.44,12.02608
2026-09-12 08:57:00,77355.45,77360.01,77342.26,77360.01,8.53258
2026-09-12 09:00:00,77360.0,77361.38,77343.7,77361.38,9.1749
2026-09-12 09:03:00,77361.37,77380.0,77361.37,77380.0,6.79516
2026-09-12 09:06:00,77380.0,77380.0,77346.55,77350.27,8.88722
2026-09-12 09:09:00,77350.28,77368.01,77350.27,77368.01,12.26053
2026-09-12 09:12:00,77368.0,77368.01,77350.0,77366.01,12.31105
2026-09-12 09:15:00,77366.0,77382.71,77358.01,77358.01,15.32821
2026-09-12 09:18:00,77358.01,77363.46,77358.01,77363.45,2.74435
2026-09-12 09:21:00,77363.45,77363.46,77350.0,77350.01,11.50615
2026-09-12 09:24:00,77350.0,77383.43,77350.0,77374.01,17.91393
2026-09-12 09:27:00,77374.01,77383.7,77356.0,77383.69,51.12347
2026-09-12 09:30:00,77383.69,77386.76,77380.35,77381.6,12.8478
2026-09-12 09:33:00,77381.61,77381.61,77335.99,77335.99,18.38155
2026-09-12 09:36:00,77336.0,77374.01,77335.99,77369.38,26.00477
2026-09-12 09:39:00,77369.37,77369.38,77364.81,77364.81,6.08828
2026-09-12 09:42:00,77364.81,77380.0,77339.99,77339.99,32.88541
2026-09-12 09:45:00,77340.0,77350.53,77339.99,77350.02,3.77712
2026-09-12 09:48:00,77350.01,77369.81,77341.0,77360.04,25.89099
2026-09-12 09:51:00,77360.03,77360.04,77335.14,77335.14,5.22548
2026-09-12 09:54:00,77335.15,77341.0,77335.14,77341.0,5.10993
2026-09-12 09:57:00,77340.99,77349.44,77340.99,77349.44,9.99798
2026-09-12 10:00:00,77349.44,77386.01,77349.43,77386.01,27.24687
2026-09-12 10:03:00,77386.01,77389.62,77386.0,77389.61,6.07608
2026-09-12 10:06:00,77389.61,77400.75,77389.61,77398.0,8.08422
2026-09-12 10:09:00,77398.0,77398.01,77398.0,77398.01,1.70674
2026-09-12 10:12:00,77398.0,77398.01,77398.0,77398.0,4.00857
2026-09-12 10:15:00,77398.0,77398.01,77389.62,77389.63,2.68407
2026-09-12 10:18:00,77389.62,77389.63,77389.62,77389.63,1.30076
2026-09-12 10:21:00,77389.62,77389.63,77380.1,77380.1,3.67038
2026-09-12 10:24:00,77380.11,77380.11,77380.1,77380.1,1.05803
2026-09-12 10:27:00,77380.11,77380.11,77380.1,77380.1,0.8155
2026-09-12 10:30:00,77380.1,77380.11,77363.08,77363.99,10.5947
2026-09-12 10:33:00,77363.99,77364.0,77361.19,77361.2,9.02847
2026-09-12 10:36:00,77361.2,77361.2,77361.19,77361.19,5.94957
2026-09-12 10:39:00,77361.2,77376.01,77350.88,77376.0,28.12657
2026-09-12 10:42:00,77376.01,77376.01,77374.0,77374.0,6.25479
2026-09-12 10:45:00,77374.0,77376.86,77370.17,77370.17,18.15666
2026-09-12 10:48:00,77370.41,77370.41,77350.06,77350.06,9.1573
2026-09-12 10:51:00,77350.07,77350.07,77335.38,77335.38,9.77095
2026-09-12 10:54:00,77335.39,77351.59,77310.55,77332.94,25.63482
2026-09-12 10:57:00,77332.94,77332.95,77332.94,77332.94,3.04947
2026-09-12 11:00:00,77332.94,77345.45,77310.51,77310.51,20.91333
2026-09-12 11:03:00,77310.52,77334.01,77310.51,77333.55,18.50655
2026-09-12 11:06:00,77333.55,77333.55,77307.08,77307.08,14.92069
2026-09-12 11:09:00,77307.09,77320.0,77307.08,77320.0,5.05349
2026-09-12 11:12:00,77319.99,77330.0,77319.99,77327.51,12.14493
2026-09-12 11:15:00,77327.51,77327.52,77312.01,77314.0,9.89126
2026-09-12 11:18:00,77313.99,77314.0,77299.99,77299.99,6.94377
2026-09-12 11:21:00,77300.0,77308.01,77298.35,77298.36,7.3834
2026-09-12 11:24:00,77298.36,77298.48,77292.0,77292.0,3.7133
2026-09-12 11:27:00,77292.01,77292.28,77292.0,77292.27,1.90998
2026-09-12 11:30:00,77292.28,77300.0,77292.27,77300.0,1.80918
2026-09-12 11:33:00,77300.0,77300.0,77299.99,77300.0,9.25202
2026-09-12 11:36:00,77300.0,77325.76,77299.99,77325.75,5.91005
2026-09-12 11:39:00,77325.75,77325.76,77314.8,77323.78,8.0601
2026-09-12 11:42:00,77323.77,77342.19,77323.77,77342.19,8.93307
2026-09-12 11:45:00,77342.19,77346.23,77342.18,77346.23,2.30952
2026-09-12 11:48:00,77346.22,77346.23,77346.22,77346.23,0.85586
2026-09-12 11:51:00,77346.22,77354.01,77346.22,77354.01,2.18545
2026-09-12 11:54:00,77354.01,77356.01,77354.0,77356.01,5.28075
2026-09-12 11:57:00,77356.01,77356.05,77356.0,77356.04,3.56647
2026-09-12 12:00:00,77356.05,77360.77,77352.0,77352.01,15.89229
2026-09-12 12:03:00,77352.0,77360.49,77350.02,77360.48,8.42328
2026-09-12 12:06:00,77360.48,77360.49,77360.48,77360.48,1.25535
2026-09-12 12:09:00,77360.49,77360.49,77336.0,77336.0,10.21292
2026-09-12 12:12:00,77336.0,77336.01,77330.0,77330.0,8.70636
2026-09-12 12:15:00,77330.01,77339.47,77316.09,77338.0,12.73175
2026-09-12 12:18:00,77338.0,77338.0,77315.98,77315.98,5.50436
2026-09-12 12:21:00,77315.98,77315.99,77315.98,77315.99,4.37292
2026-09-12 12:24:00,77315.98,77320.82,77315.98,77320.81,3.29648
2026-09-12 12:27:00,77320.81,77336.01,77320.81,77328.01,5.34007
2026-09-12 12:30:00,77328.01,77328.01,77328.0,77328.0,3.33933
2026-09-12 12:33:00,77328.0,77332.01,77328.0,77332.0,1.44862
2026-09-12 12:36:00,77332.01,77338.19,77332.0,77338.18,3.90682
2026-09-12 12:39:00,77338.18,77340.01,77338.18,77340.01,1.75211
2026-09-12 12:42:00,77340.01,77344.01,77319.92,77319.98,71.30257
2026-09-12 12:45:00,77319.98,77340.01,77319.98,77340.0,3.58365
2026-09-12 12:48:00,77340.01,77340.01,77314.38,77314.38,14.24022
2026-09-12 12:51:00,77314.39,77314.39,77290.0,77290.0,21.52632
2026-09-12 12:54:00,77290.01,77300.01,77290.0,77290.0,15.6446
2026-09-12 12:57:00,77290.01,77350.01,77290.0,77340.0,127.81236
2026-09-12 13:00:00,77340.01,77340.01,77309.02,77322.36,12.6878
2026-09-12 13:03:00,77322.37,77336.01,77322.36,77334.99,6.09877
2026-09-12 13:06:00,77334.99,77397.27,77334.98,77397.27,34.33087
2026-09-12 13:09:00,77397.27,77397.27,77348.26,77349.75,26.59135
2026-09-12 13:12:00,77349.75,77360.01,77309.99,77309.99,225.99827
2026-09-12 13:15:00,77309.99,77310.0,77280.0,77280.01,6.69158
2026-09-12 13:18:00,77280.01,77314.01,77270.0,77295.77,58.6768
2026-09-12 13:21:00,77295.78,77295.78,77280.6,77285.51,28.81377
2026-09-12 13:24:00,77285.51,77320.01,77255.19,77258.53,175.84753
2026-09-12 13:27:00,77258.52,77330.01,77258.52,77318.76,95.06254
2026-09-12 13:30:00,77318.76,77318.77,77270.0,77270.05,27.22374
2026-09-12 13:33:00,77270.05,77319.04,77270.04,77319.03,22.12377
2026-09-12 13:36:00,77319.03,77319.03,77306.22,77306.23,15.56019
2026-09-12 13:39:00,77306.23,77306.23,77292.0,77300.0,14.8694
2026-09-12 13:42:00,77300.0,77322.0,77289.97,77296.04,177.2099
2026-09-12 13:45:00,77296.03,77296.04,77289.2,77289.2,5.46218
2026-09-12 13:48:00,77289.21,77301.24,77277.79,77301.24,40.1494
2026-09-12 13:51:00,77301.24,77322.01,77301.23,77322.0,7.00094
2026-09-12 13:54:00,77322.01,77330.01,77322.0,77330.0,24.45974
2026-09-12 13:57:00,77329.99,77366.53,77329.99,77366.52,18.83345
2026-09-12 14:00:00,77366.52,77366.53,77366.0,77366.0,16.83166
2026-09-12 14:03:00,77366.01,77368.96,77366.0,77368.95,8.03734
2026-09-12 14:06:00,77368.94,77377.08,77368.94,77377.08,6.04844
2026-09-12 14:09:00,77377.08,77377.08,77368.94,77368.94,12.94044
2026-09-12 14:12:00,77368.94,77368.95,77368.94,77368.94,2.33467
2026-09-12 14:15:00,77368.95,77368.95,77368.94,77368.94,3.92742
2026-09-12 14:18:00,77368.95,77374.35,77368.94,77374.35,3.50089
2026-09-12 14:21:00,77374.35,77399.06,77374.34,77395.06,17.99631
2026-09-12 14:24:00,77395.06,77396.45,77380.79,77396.44,12.61451
2026-09-12 14:27:00,77396.45,77420.85,77396.43,77420.83,18.37896
2026-09-12 14:30:00,77420.83,77470.29,77420.83,77470.28,33.36168
2026-09-12 14:33:00,77470.28,77471.53,77440.0,77440.01,10.99423
2026-09-12 14:36:00,77440.0,77470.25,77440.0,77470.25,6.72092
2026-09-12 14:39:00,77470.25,77478.27,77470.24,77478.27,16.30596
2026-09-12 14:42:00,77478.27,77481.17,77454.0,77454.01,26.08343
2026-09-12 14:45:00,77454.01,77482.14,77454.0,77482.14,11.09268
2026-09-12 14:48:00,77482.13,77487.04,77482.13,77483.32,6.46646
2026-09-12 14:51:00,77483.32,77505.67,77483.31,77497.91,13.10988
2026-09-12 14:54:00,77497.91,77497.91,77468.53,77468.54,5.43474
2026-09-12 14:57:00,77468.53,77468.54,77460.0,77461.24,7.50139
2026-09-12 15:00:00,77461.25,77463.77,77461.25,77463.77,6.29616
2026-09-12 15:03:00,77463.76,77463.77,77452.0,77452.0,11.31051
2026-09-12 15:06:00,77452.01,77452.01,77431.18,77431.19,11.8915
2026-09-12 15:09:00,77431.18,77431.19,77426.0,77426.0,11.06712
2026-09-12 15:12:00,77426.01,77435.01,77412.52,77435.0,22.89255
2026-09-12 15:15:00,77435.01,77462.57,77434.45,77454.12,6.74122
2026-09-12 15:18:00,77454.13,77476.05,77434.45,77434.49,17.78265
2026-09-12 15:21:00,77434.49,77434.49,77434.48,77434.48,0.87357
2026-09-12 15:24:00,77434.48,77479.99,77434.48,77479.99,21.91733
2026-09-12 15:27:00,77479.99,77479.99,77453.21,77453.21,15.60848
2026-09-12 15:30:00,77453.21,77453.22,77453.21,77453.21,3.66014
2026-09-12 15:33:00,77453.22,77453.22,77400.16,77401.39,16.614
2026-09-12 15:36:00,77401.38,77402.55,77376.0,77376.0,6.95045
2026-09-12 15:39:00,77376.0,77430.01,77376.0,77418.88,20.68756
2026-09-12 15:42:00,77418.88,77418.88,77403.3,77403.3,8.13658
2026-09-12 15:45:00,77403.31,77410.27,77380.0,77380.01,19.85872
2026-09-12 15:48:00,77380.0,77380.01,77380.0,77380.01,8.08983
2026-09-12 15:51:00,77380.01,77380.01,77380.0,77380.01,9.16665
2026-09-12 15:54:00,77380.0,77438.01,77380.0,77438.0,23.42804
2026-09-12 15:57:00,77438.01,77438.01,77380.37,77380.37,22.11237
2026-09-12 16:00:00,77380.38,77404.42,77380.37,77404.03,3.10843
2026-09-12 16:03:00,77404.03,77414.01,77374.0,77374.01,23.88753
2026-09-12 16:06:00,77374.0,77374.01,77344.0,77362.0,13.15527
2026-09-12 16:09:00,77362.0,77365.41,77362.0,77365.41,4.90453
2026-09-12 16:12:00,77365.4,77365.41,77361.98,77361.99,6.00845
2026-09-12 16:15:00,77361.99,77372.5,77361.98,77372.5,5.2449
2026-09-12 16:18:00,77372.5,77376.01,77372.49,77376.01,2.61089
2026-09-12 16:21:00,77376.01,77378.02,77376.0,77378.01,3.9431
2026-09-12 16:24:00,77378.01,77378.02,77378.01,77378.01,11.03556
2026-09-12 16:27:00,77378.01,77378.02,77378.01,77378.01,1.60325
2026-09-12 16:30:00,77378.02,77380.01,77378.01,77380.01,2.16402
2026-09-12 16:33:00,77380.01,77380.01,77380.0,77380.0,2.44282
2026-09-12 16:36:00,77380.0,77380.01,77358.51,77358.52,8.24887
2026-09-12 16:39:00,77358.51,77368.01,77356.0,77368.0,10.23128
2026-09-12 16:42:00,77367.99,77368.0,77355.96,77355.96,6.88325
2026-09-12 16:45:00,77355.96,77355.97,77355.96,77355.97,1.32888
2026-09-12 16:48:00,77355.97,77361.66,77344.0,77352.77,15.47133
2026-09-12 16:51:00,77352.77,77352.78,77344.0,77344.0,3.339
2026-09-12 16:54:00,77344.01,77350.73,77344.0,77350.73,5.73138
2026-09-12 16:57:00,77350.73,77372.01,77336.0,77358.01,27.83542
2026-09-12 17:00:00,77358.0,77371.01,77358.0,77366.02,14.77544
2026-09-12 17:03:00,77366.02,77384.54,77345.84,77381.56,18.41772
2026-09-12 17:06:00,77381.55,77404.37,77381.55,77394.0,31.66559
2026-09-12 17:09:00,77394.0,77394.01,77354.43,77354.43,11.67141
2026-09-12 17:12:00,77354.43,77354.44,77351.99,77353.25,2.92192
2026-09-12 17:15:00,77353.25,77357.28,77318.7,77321.12,14.95644
2026-09-12 17:18:00,77321.12,77321.12,77321.11,77321.11,2.79777
2026-09-12 17:21:00,77321.12,77321.12,77295.0,77295.0,17.34717
2026-09-12 17:24:00,77295.0,77295.01,77266.86,77288.07,20.73202
2026-09-12 17:27:00,77288.07,77288.08,77288.07,77288.07,5.18662
2026-09-12 17:30:00,77288.08,77288.08,77260.0,77260.01,9.96448
2026-09-12 17:33:00,77260.0,77270.01,77260.0,77270.0,7.5542
2026-09-12 17:36:00,77270.01,77270.01,77231.39,77231.4,9.2059
2026-09-12 17:39:00,77231.4,77231.4,77217.33,77217.33,5.60764
2026-09-12 17:42:00,77217.33,77232.22,77217.33,77232.22,11.10991
2026-09-12 17:45:00,77232.22,77232.23,77222.0,77222.01,14.83635
2026-09-12 17:48:00,77222.0,77222.01,77190.51,77192.01,24.83121
2026-09-12 17:51:00,77192.0,77192.01,77170.57,77177.71,10.72741
2026-09-12 17:54:00,77177.71,77205.82,77177.71,77205.82,12.53078
2026-09-12 17:57:00,77205.82,77210.59,77205.82,77210.58,2.40837
2026-09-12 18:00:00,77210.58,77210.59,77192.9,77192.9,17.03184
2026-09-12 18:03:00,77192.9,77215.67,77189.91,77215.67,8.76578
2026-09-12 18:06:00,77215.68,77216.01,77202.0,77210.93,13.67251
2026-09-12 18:09:00,77210.94,77210.94,77184.0,77190.55,19.47229
2026-09-12 18:12:00,77190.56,77190.57,77168.89,77168.9,5.83323
2026-09-12 18:15:00,77168.89,77182.92,77125.03,77125.04,28.37559
2026-09-12 18:18:00,77125.03,77165.18,77125.03,77165.18,8.205
2026-09-12 18:21:00,77165.17,77202.01,77165.17,77202.01,11.85682
2026-09-12 18:24:00,77202.01,77206.01,77172.0,77172.0,15.81978
2026-09-12 18:27:00,77172.0,77196.0,77170.39,77195.99,7.00363
2026-09-12 18:30:00,77196.0,77196.76,77156.23,77157.62,15.8562
2026-09-12 18:33:00,77157.63,77159.2,77157.62,77159.2,3.12634
2026-09-12 18:36:00,77159.19,77166.0,77125.03,77166.0,21.13233
2026-09-12 18:39:00,77165.99,77168.54,77161.64,77161.64,4.18157
2026-09-12 18:42:00,77161.65,77180.0,77161.64,77179.99,3.73839
2026-09-12 18:45:00,77179.99,77189.16,77179.99,77189.0,17.36203
2026-09-12 18:48:00,77189.01,77189.01,77173.33,77173.34,5.58498
2026-09-12 18:51:00,77173.34,77173.34,77144.0,77144.0,8.68899
2026-09-12 18:54:00,77144.01,77153.68,77144.0,77153.68,6.983
2026-09-12 18:57:00,77153.68,77159.87,77130.99,77131.0,52.44283
2026-09-12 19:00:00,77131.0,77150.01,77130.99,77150.0,41.86635
2026-09-12 19:03:00,77150.0,77168.01,77149.0,77168.0,20.51854
2026-09-12 19:06:00,77168.0,77184.75,77140.0,77140.0,15.73865
2026-09-12 19:09:00,77140.01,77141.99,77132.0,77141.99,10.9522
2026-09-12 19:12:00,77141.99,77178.14,77138.28,77178.14,94.52552
2026-09-12 19:15:00,77178.13,77178.14,77152.83,77152.84,10.83085
2026-09-12 19:18:00,77152.84,77153.34,77137.61,77137.61,12.85145
2026-09-12 19:21:00,77137.61,77167.01,77137.61,77157.01,94.56144
2026-09-12 19:24:00,77157.01,77157.01,77132.0,77132.0,36.06604
2026-09-12 19:27:00,77132.01,77186.01,77121.78,77121.79,115.44439
2026-09-12 19:30:00,77121.79,77125.25,77121.78,77125.25,4.91834
2026-09-12 19:33:00,77125.24,77143.11,77100.0,77143.1,38.39947
2026-09-12 19:36:00,77143.1,77143.11,77080.0,77080.0,28.63084
2026-09-12 19:39:00,77080.0,77096.01,77065.0,77080.95,20.50237
2026-09-12 19:42:00,77080.95,77080.96,77059.75,77070.0,33.09379
2026-09-12 19:45:00,77070.01,77115.56,77070.01,77115.56,13.52608
2026-09-12 19:48:00,77115.55,77126.01,77114.01,77116.68,17.12265
2026-09-12 19:51:00,77116.68,77116.69,77116.68,77116.68,2.74397
2026-09-12 19:54:00,77116.68,77154.01,77116.68,77154.01,5.90219
2026-09-12 19:57:00,77154.0,77154.01,77114.83,77114.99,113.12042
2026-09-12 20:00:00,77115.0,77170.01,77114.99,77170.0,28.2238
2026-09-12 20:03:00,77170.0,77175.84,77155.14,77175.0,19.35812
2026-09-12 20:06:00,77175.01,77178.01,77175.0,77178.0,28.31504
2026-09-12 20:09:00,77178.01,77188.01,77178.01,77179.5,34.61579
2026-09-12 20:12:00,77179.5,77181.96,77179.5,77181.95,7.59393
2026-09-12 20:15:00,77181.96,77190.01,77174.72,77174.72,11.47369
2026-09-12 20:18:00,77174.72,77174.73,77167.73,77167.74,2.51081
2026-09-12 20:21:00,77167.73,77172.01,77162.0,77172.01,9.70268
2026-09-12 20:24:00,77172.0,77176.92,77172.0,77172.2,4.77058
2026-09-12 20:27:00,77172.2,77194.0,77172.19,77194.0,3.90448
2026-09-12 20:30:00,77194.0,77196.75,77193.99,77196.74,6.2403
2026-09-12 20:33:00,77196.75,77196.75,77179.06,77179.06,7.97385
2026-09-12 20:36:00,77179.06,77179.07,77165.37,77165.37,9.2544
2026-09-12 20:39:00,77165.38,77165.38,77164.01,77164.02,1.00777
2026-09-12 20:42:00,77164.01,77207.73,77164.01,77180.01,20.4199
2026-09-12 20:45:00,77180.0,77182.01,77180.0,77182.0,7.39778
2026-09-12 20:48:00,77182.01,77205.73,77182.0,77205.72,109.80298
2026-09-12 20:51:00,77205.73,77227.71,77164.24,77164.25,24.40518
2026-09-12 20:54:00,77164.25,77166.01,77162.0,77162.0,9.80542
2026-09-12 20:57:00,77162.01,77170.01,77162.0,77170.0,16.41562
2026-09-12 21:00:00,77170.0,77212.01,77166.01,77210.68,24.64174
2026-09-12 21:03:00,77210.68,77210.68,77208.19,77208.2,7.95628
2026-09-12 21:06:00,77208.19,77225.94,77208.19,77225.94,12.95531
2026-09-12 21:09:00,77225.94,77237.09,77225.93,77237.09,13.49298
2026-09-12 21:12:00,77237.09,77237.1,77148.5,77165.52,40.08111
2026-09-12 21:15:00,77165.53,77171.4,77165.52,77171.01,12.33614
2026-09-12 21:18:00,77171.0,77171.01,77171.0,77171.01,7.21183
2026-09-12 21:21:00,77171.01,77179.93,77171.0,77179.93,4.31899
2026-09-12 21:24:00,77179.93,77192.29,77174.05,77192.29,28.96947
2026-09-12 21:27:00,77192.29,77206.01,77192.28,77206.01,4.12494
2026-09-12 21:30:00,77206.01,77220.01,77206.0,77220.01,3.69262
2026-09-12 21:33:00,77220.01,77243.24,77220.0,77243.23,3.71163
2026-09-12 21:36:00,77243.24,77245.67,77243.23,77244.01,7.55713
2026-09-12 21:39:00,77244.01,77245.67,77237.44,77239.67,7.50063
2026-09-12 21:42:00,77239.67,77275.7,77239.67,77244.86,25.3618
2026-09-12 21:45:00,77244.86,77251.68,77210.6,77224.02,13.90325
2026-09-12 21:48:00,77224.01,77268.01,77216.84,77223.53,35.61724
2026-09-12 21:51:00,77223.52,77260.01,77221.15,77260.0,69.60269
2026-09-12 21:54:00,77260.01,77283.05,77256.34,77256.34,17.76461
2026-09-12 21:57:00,77256.35,77272.6,77236.0,77264.01,7.27645
2026-09-12 22:00:00,77264.0,77267.65,77221.62,77267.64,12.56603
2026-09-12 22:03:00,77267.64,77295.87,77250.0,77250.01,6.59714
2026-09-12 22:06:00,77250.0,77255.07,77215.37,77228.24,16.30747
2026-09-12 22:09:00,77228.24,77267.5,77228.23,77267.49,3.21667
2026-09-12 22:12:00,77267.5,77267.5,77227.74,77262.01,22.21194
2026-09-12 22:15:00,77262.01,77262.01,77251.44,77251.45,8.50123
2026-09-12 22:18:00,77251.45,77278.28,77251.44,77278.27,6.01421
2026-09-12 22:21:00,77278.27,77300.0,77272.0,77298.76,11.4412
2026-09-12 22:24:00,77298.76,77298.76,77244.0,77271.74,22.27792
2026-09-12 22:27:00,77271.74,77271.75,77198.7,77202.01,11.87344
2026-09-12 22:30:00,77202.0,77240.0,77193.06,77220.03,20.62711
2026-09-12 22:33:00,77220.03,77220.03,77197.73,77212.0,6.7805
2026-09-12 22:36:00,77212.01,77212.01,77204.19,77204.22,2.81918
2026-09-12 22:39:00,77204.21,77205.46,77204.21,77205.46,2.78461
2026-09-12 22:42:00,77205.46,77205.46,77193.06,77193.07,3.9983
2026-09-12 22:45:00,77193.07,77208.01,77193.06,77208.0,2.47989
2026-09-12 22:48:00,77208.0,77224.27,77208.0,77224.27,1.64135
2026-09-12 22:51:00,77224.26,77242.12,77224.26,77242.12,1.37609
2026-09-12 22:54:00,77242.11,77242.12,77242.11,77242.11,2.42844
2026-09-12 22:57:00,77242.12,77242.12,77232.16,77232.17,1.44096
2026-09-12 23:00:00,77232.17,77238.01,77232.16,77238.01,0.74157
2026-09-12 23:03:00,77238.01,77252.78,77238.0,77252.78,2.96799
2026-09-12 23:06:00,77252.77,77277.32,77252.77,77274.99,4.40281
2026-09-12 23:09:00,77275.0,77275.0,77266.0,77268.32,8.58382
2026-09-12 23:12:00,77268.31,77272.62,77268.31,77272.61,3.23904
2026-09-12 23:15:00,77272.61,77282.01,77272.61,77272.61,2.3306
2026-09-12 23:18:00,77272.62,77272.62,77262.46,77262.46,1.76385
2026-09-12 23:21:00,77262.47,77267.04,77250.35,77253.05,3.24799
2026-09-12 23:24:00,77253.05,77254.01,77244.84,77251.65,3.99113
2026-09-12 23:27:00,77251.65,77251.65,77251.64,77251.65,0.79925
2026-09-12 23:30:00,77251.65,77251.65,77251.64,77251.65,0.91573
2026-09-12 23:33:00,77251.65,77251.65,77251.64,77251.65,0.40091
2026-09-12 23:36:00,77251.65,77251.65,77243.74,77244.99,1.7882
2026-09-12 23:39:00,77244.98,77249.72,77235.83,77249.72,6.8619
2026-09-12 23:42:00,77249.72,77262.03,77246.0,77246.01,5.92528
2026-09-12 23:45:00,77246.0,77254.66,77246.0,77254.66,1.63576
2026-09-12 23:48:00,77254.65,77292.83,77254.65,77292.83,3.04743
2026-09-12 23:51:00,77292.82,77292.83,77292.82,77292.82,1.50161
2026-09-12 23:54:00,77292.82,77292.83,77278.88,77283.11,3.10435
2026-09-12 23:57:00,77283.1,77286.82,77278.72,77278.73,10.09246
2026-09-13 00:00:00,77278.73,77282.04,77266.0,77282.04,6.29278
2026-09-13 00:03:00,77282.04,77282.04,77282.03,77282.04,1.26934
2026-09-13 00:06:00,77282.03,77282.04,77282.03,77282.04,2.55451
2026-09-13 00:09:00,77282.03,77299.99,77278.0,77278.01,4.44674
2026-09-13 00:12:00,77278.0,77278.01,77274.18,77274.19,3.77686
2026-09-13 00:15:00,77274.18,77274.19,77274.18,77274.19,2.91433
2026-09-13 00:18:00,77274.18,77274.19,77274.18,77274.18,0.64202
2026-09-13 00:21:00,77274.18,77274.19,77270.78,77270.79,1.80488
2026-09-13 00:24:00,77270.78,77270.79,77268.0,77270.01,3.69162
2026-09-13 00:27:00,77270.01,77276.01,77270.0,77270.31,1.57174
2026-09-13 00:30:00,77270.3,77270.31,77270.3,77270.31,3.3248
2026-09-13 00:33:00,77270.31,77270.31,77270.3,77270.3,0.79368
2026-09-13 00:36:00,77270.31,77270.31,77270.3,77270.3,0.89191
2026-09-13 00:39:00,77270.3,77270.31,77184.8,77184.81,19.54645
2026-09-13 00:42:00,77184.8,77210.66,77162.36,77210.65,24.35285
2026-09-13 00:45:00,77210.65,77230.01,77210.65,77230.01,2.84263
2026-09-13 00:48:00,77230.01,77248.09,77230.0,77246.8,4.55873
2026-09-13 00:51:00,77246.79,77282.01,77246.79,77276.01,14.10519
2026-09-13 00:54:00,77276.02,77276.02,77276.01,77276.01,2.02324
2026-09-13 00:57:00,77276.02,77276.02,77276.01,77276.02,0.77411
2026-09-13 01:00:00,77276.02,77280.77,77262.7,77262.71,4.6622
2026-09-13 01:03:00,77262.7,77262.71,77254.0,77254.01,1.63126
2026-09-13 01:06:00,77254.0,77276.77,77254.0,77272.0,7.15341
2026-09-13 01:09:00,77272.01,77283.05,77270.12,77270.13,5.89152
2026-09-13 01:12:00,77270.13,77295.68,77249.99,77272.84,103.79113
2026-09-13 01:15:00,77272.84,77274.01,77272.83,77274.01,1.58795
2026-09-13 01:18:00,77274.01,77295.68,77270.0,77290.0,30.31051
2026-09-13 01:21:00,77290.0,77341.37,77290.0,77334.02,14.20575
2026-09-13 01:24:00,77334.01,77334.02,77324.8,77324.81,4.15213
2026-09-13 01:27:00,77324.8,77324.81,77254.49,77254.5,84.51994
2026-09-13 01:30:00,77254.5,77254.5,77250.99,77250.99,1.69711
2026-09-13 01:33:00,77251.0,77251.0,77241.51,77241.51,2.63436
2026-09-13 01:36:00,77241.51,77250.0,77241.51,77242.0,3.32772
2026-09-13 01:39:00,77242.01,77300.7,77242.0,77300.69,11.25109
2026-09-13 01:42:00,77300.7,77307.02,77290.0,77292.01,7.67679
2026-09-13 01:45:00,77292.01,77316.01,77292.0,77316.01,3.34962
2026-09-13 01:48:00,77316.01,77316.01,77289.96,77290.0,32.21766
2026-09-13 01:51:00,77290.0,77295.67,77289.99,77295.66,2.13228
2026-09-13 01:54:00,77295.67,77301.61,77295.66,77301.59,5.4933
2026-09-13 01:57:00,77301.6,77320.01,77282.47,77319.97,15.14932
2026-09-13 02:00:00,77319.97,77319.97,77300.0,77300.01,2.08098
2026-09-13 02:03:00,77300.01,77300.01,77290.0,77290.01,4.11066
2026-09-13 02:06:00,77290.01,77290.01,77280.0,77280.0,7.43584
2026-09-13 02:09:00,77280.01,77280.71,77280.0,77280.01,7.61571
2026-09-13 02:12:00,77280.01,77280.01,77280.0,77280.01,3.09807
2026-09-13 02:15:00,77280.01,77289.58,77280.0,77289.58,8.51557
2026-09-13 02:18:00,77289.57,77289.58,77282.81,77282.82,4.65054
2026-09-13 02:21:00,77282.82,77282.82,77282.81,77282.81,1.70434
2026-09-13 02:24:00,77282.82,77282.82,77247.98,77260.0,11.48323
2026-09-13 02:27:00,77260.0,77260.01,77260.0,77260.0,0.62188
2026-09-13 02:30:00,77260.01,77282.01,77256.01,77273.89,10.72935
2026-09-13 02:33:00,77273.89,77283.69,77271.52,77283.68,7.4496
2026-09-13 02:36:00,77283.69,77292.0,77257.0,77257.0,12.84631
2026-09-13 02:39:00,77257.0,77257.01,77244.78,77244.78,4.56146
2026-09-13 02:42:00,77244.78,77308.01,77244.78,77308.0,94.56387
2026-09-13 02:45:00,77308.0,77314.01,77306.13,77306.13,4.74218
2026-09-13 02:48:00,77306.14,77312.01,77306.13,77312.0,4.17738
2026-09-13 02:51:00,77312.01,77312.01,77279.74,77279.74,27.00706
2026-09-13 02:54:00,77279.74,77302.39,77279.74,77295.11,19.05067
2026-09-13 02:57:00,77295.11,77295.11,77289.96,77289.96,2.44099
2026-09-13 03:00:00,77289.97,77289.97,77279.74,77279.74,2.15499
2026-09-13 03:03:00,77279.74,77310.78,77278.0,77288.4,23.97949
2026-09-13 03:06:00,77288.39,77288.4,77285.99,77286.0,5.24173
2026-09-13 03:09:00,77285.99,77290.0,77282.01,77290.0,6.75764
2026-09-13 03:12:00,77289.99,77303.22,77269.99,77277.38,55.39845
2026-09-13 03:15:00,77277.38,77280.01,77277.37,77279.97,9.99033
2026-09-13 03:18:00,77279.97,77279.98,77279.97,77279.97,1.52958
2026-09-13 03:21:00,77279.97,77279.98,77279.96,77279.96,2.792
2026-09-13 03:24:00,77279.97,77282.01,77275.61,77281.99,8.49138
2026-09-13 03:27:00,77282.0,77282.0,77244.8,77257.19,15.95156
2026-09-13 03:30:00,77257.2,77257.2,77231.45,77232.17,5.72932
2026-09-13 03:33:00,77232.16,77232.16,77223.06,77223.06,5.77678
2026-09-13 03:36:00,77223.06,77223.07,77202.0,77202.01,12.61191
2026-09-13 03:39:00,77202.01,77210.01,77202.0,77210.01,2.92554
2026-09-13 03:42:00,77210.0,77213.47,77210.0,77213.47,3.27939
2026-09-13 03:45:00,77213.47,77223.08,77200.0,77200.01,10.18665
2026-09-13 03:48:00,77200.0,77200.01,77192.69,77196.81,11.08728
2026-09-13 03:51:00,77196.82,77216.38,77192.0,77207.69,17.56524
2026-09-13 03:54:00,77207.68,77207.69,77207.68,77207.69,6.81937
2026-09-13 03:57:00,77207.69,77207.69,77184.01,77192.01,17.50901
2026-09-13 04:00:00,77192.0,77204.81,77192.0,77204.81,4.27849
2026-09-13 04:03:00,77204.81,77238.56,77204.8,77238.56,10.18406
2026-09-13 04:06:00,77238.56,77238.56,77226.13,77226.18,3.57061
2026-09-13 04:09:00,77226.19,77240.01,77226.18,77240.01,4.56336
2026-09-13 04:12:00,77240.01,77254.03,77194.0,77202.01,19.91685
2026-09-13 04:15:00,77202.01,77230.02,77202.0,77230.02,3.89345
2026-09-13 04:18:00,77230.02,77252.38,77230.01,77252.37,4.05111
2026-09-13 04:21:00,77252.38,77252.38,77224.6,77224.61,4.20051
2026-09-13 04:24:00,77224.61,77236.01,77224.6,77236.01,6.10609
2026-09-13 04:27:00,77236.0,77236.01,77216.99,77216.99,22.36561
2026-09-13 04:30:00,77217.0,77217.0,77216.99,77216.99,2.2551
2026-09-13 04:33:00,77217.0,77235.23,77216.99,77235.0,14.58453
2026-09-13 04:36:00,77235.01,77235.18,77226.0,77226.0,14.92204
2026-09-13 04:39:00,77226.01,77226.01,77214.0,77214.01,7.06206
2026-09-13 04:42:00,77214.0,77214.01,77214.0,77214.01,1.23437
2026-09-13 04:45:00,77214.01,77214.01,77214.0,77214.01,0.65178
2026-09-13 04:48:00,77214.01,77214.01,77214.0,77214.01,2.36303
2026-09-13 04:51:00,77214.01,77214.01,77214.0,77214.01,1.23736
2026-09-13 04:54:00,77214.01,77217.35,77209.99,77217.35,22.38665
2026-09-13 04:57:00,77217.34,77217.35,77189.84,77210.01,41.15632
2026-09-13 05:00:00,77210.0,77210.01,77210.0,77210.01,1.69143
2026-09-13 05:03:00,77210.01,77222.01,77210.0,77222.0,10.02412
2026-09-13 05:06:00,77222.0,77238.87,77222.0,77238.86,18.41819
2026-09-13 05:09:00,77238.86,77238.86,77238.0,77238.01,16.97554
2026-09-13 05:12:00,77238.0,77246.01,77234.36,77246.01,17.72096
2026-09-13 05:15:00,77246.0,77250.01,77246.0,77250.01,8.54885
2026-09-13 05:18:00,77250.01,77270.0,77250.0,77270.0,9.83313
2026-09-13 05:21:00,77270.01,77270.01,77270.0,77270.0,7.50817
2026-09-13 05:24:00,77270.01,77277.69,77270.0,77277.68,6.1215
2026-09-13 05:27:00,77277.69,77282.0,77277.68,77281.99,6.00298
2026-09-13 05:30:00,77282.0,77300.01,77281.99,77300.0,24.93115
2026-09-13 05:33:00,77300.0,77302.01,77300.0,77302.01,9.56084
2026-09-13 05:36:00,77302.01,77303.44,77302.0,77303.44,7.09799
2026-09-13 05:39:00,77303.43,77303.45,77299.95,77299.95,12.37265
2026-09-13 05:42:00,77299.96,77310.01,77299.95,77310.01,5.47736
2026-09-13 05:45:00,77310.01,77317.96,77310.0,77317.95,8.76553
2026-09-13 05:48:00,77317.96,77322.75,77317.95,77322.75,9.28621
2026-09-13 05:51:00,77322.74,77322.76,77322.74,77322.76,7.85936
2026-09-13 05:54:00,77322.76,77322.76,77322.75,77322.76,6.403
2026-09-13 05:57:00,77322.76,77324.46,77322.0,77322.01,8.24579
2026-09-13 06:00:00,77322.01,77322.01,77320.0,77320.0,11.73476
2026-09-13 06:03:00,77320.01,77323.31,77320.0,77323.3,7.27347
2026-09-13 06:06:00,77323.31,77325.82,77313.3,77313.31,14.01915
2026-09-13 06:09:00,77313.31,77313.31,77302.0,77302.01,15.48211
2026-09-13 06:12:00,77302.01,77318.01,77302.0,77310.0,23.85278
2026-09-13 06:15:00,77310.0,77310.0,77290.0,77299.68,22.98234
2026-09-13 06:18:00,77299.68,77299.99,77299.67,77299.98,8.13497
2026-09-13 06:21:00,77299.98,77299.99,77292.0,77292.0,10.38178
2026-09-13 06:24:00,77292.01,77292.93,77292.0,77292.92,6.82135
2026-09-13 06:27:00,77292.92,77296.43,77292.92,77296.43,7.5136
2026-09-13 06:30:00,77296.42,77296.43,77296.42,77296.43,8.20471
2026-09-13 06:33:00,77296.43,77296.43,77296.42,77296.43,7.50479
2026-09-13 06:36:00,77296.43,77296.43,77286.21,77296.42,11.87581
2026-09-13 06:39:00,77296.42,77296.42,77273.45,77273.45,11.81919
2026-09-13 06:42:00,77273.45,77320.01,77273.45,77306.01,134.21781
2026-09-13 06:45:00,77306.01,77306.01,77254.61,77261.96,36.45342
2026-09-13 06:48:00,77261.97,77261.97,77238.21,77238.21,13.7374
2026-09-13 06:51:00,77238.22,77238.22,77164.13,77170.0,45.63369
2026-09-13 06:54:00,77170.0,77170.0,77118.14,77118.14,34.73721
2026-09-13 06:57:00,77118.14,77122.35,77058.42,77122.35,71.6175
2026-09-13 07:00:00,77122.35,77155.05,77100.0,77134.0,13.0499
2026-09-13 07:03:00,77134.0,77160.0,77134.0,77160.0,11.49243
2026-09-13 07:06:00,77159.99,77171.97,77159.99,77171.96,13.15912
2026-09-13 07:09:00,77171.97,77171.97,77171.96,77171.97,9.2601
2026-09-13 07:12:00,77171.97,77177.03,77170.72,77170.73,14.57406
2026-09-13 07:15:00,77170.73,77180.0,77170.72,77180.0,12.67206
2026-09-13 07:18:00,77180.0,77180.0,77172.41,77172.42,9.38164
2026-09-13 07:21:00,77172.41,77172.42,77169.73,77170.0,12.38461
2026-09-13 07:24:00,77170.0,77170.0,77159.99,77160.0,13.68382
2026-09-13 07:27:00,77160.0,77160.0,77134.0,77142.04,19.4971
2026-09-13 07:30:00,77142.03,77142.04,77114.0,77124.91,12.96021
2026-09-13 07:33:00,77124.91,77131.34,77124.91,77131.34,3.26534
2026-09-13 07:36:00,77131.34,77131.34,77100.0,77125.12,23.78287
2026-09-13 07:39:00,77125.12,77150.01,77121.69,77150.01,6.06465
2026-09-13 07:42:00,77150.01,77162.51,77122.0,77162.51,16.2918
2026-09-13 07:45:00,77162.51,77162.51,77156.76,77156.77,2.9214
2026-09-13 07:48:00,77156.77,77168.01,77136.27,77160.0,13.51757
2026-09-13 07:51:00,77160.0,77160.01,77125.0,77125.01,7.38776
2026-09-13 07:54:00,77125.01,77125.01,77091.88,77110.01,16.9428
2026-09-13 07:57:00,77110.0,77128.0,77110.0,77127.99,7.70874
2026-09-13 08:00:00,77127.99,77162.01,77124.0,77162.01,16.33884
2026-09-13 08:03:00,77162.0,77182.0,77129.15,77129.16,12.11237
2026-09-13 08:06:00,77129.15,77139.59,77129.15,77139.58,2.75839
2026-09-13 08:09:00,77139.58,77144.01,77074.0,77074.01,13.71819
2026-09-13 08:12:00,77074.0,77074.01,77041.04,77066.19,17.12773
2026-09-13 08:15:00,77066.19,77066.2,77018.92,77018.92,10.31726
2026-09-13 08:18:00,77018.92,77038.01,77012.0,77038.01,11.54412
2026-09-13 08:21:00,77038.01,77038.01,77030.14,77030.14,1.83249
2026-09-13 08:24:00,77030.14,77034.37,77019.25,77034.36,4.73956
2026-09-13 08:27:00,77034.37,77034.37,77026.62,77026.63,1.99325
2026-09-13 08:30:00,77026.62,77026.62,76944.98,76954.67,52.37914
2026-09-13 08:33:00,76954.67,76954.67,76855.36,76895.75,43.73195
2026-09-13 08:36:00,76895.75,76895.75,76861.04,76861.04,9.22966
2026-09-13 08:39:00,76861.04,76875.33,76756.0,76872.17,88.79831
2026-09-13 08:42:00,76872.16,76872.17,76816.16,76821.68,20.56091
2026-09-13 08:45:00,76821.69,76846.01,76800.0,76846.0,18.71132
2026-09-13 08:48:00,76845.99,76873.83,76845.99,76855.69,8.77539
2026-09-13 08:51:00,76855.7,76876.61,76825.02,76830.0,12.73248
2026-09-13 08:54:00,76830.0,76830.97,76764.0,76770.0,31.22573
2026-09-13 08:57:00,76770.01,76829.24,76770.0,76813.71,23.26478
2026-09-13 09:00:00,76813.71,76844.01,76810.0,76844.0,8.60675
2026-09-13 09:03:00,76844.0,76878.01,76817.7,76867.74,17.24093
2026-09-13 09:06:00,76867.74,76893.91,76862.31,76862.31,40.24296
2026-09-13 09:09:00,76862.31,76862.32,76790.89,76802.35,38.91247
2026-09-13 09:12:00,76802.36,76828.65,76802.36,76824.42,10.75673
2026-09-13 09:15:00,76824.41,76824.42,76765.0,76794.72,38.41529
2026-09-13 09:18:00,76794.72,76810.55,76772.0,76793.77,11.37492
2026-09-13 09:21:00,76793.78,76816.63,76770.0,76784.0,25.30406
2026-09-13 09:24:00,76784.0,76784.01,76600.01,76725.93,84.75242
2026-09-13 09:27:00,76725.99,76730.5,76650.0,76650.0,18.15064
2026-09-13 09:30:00,76650.01,76689.07,76600.0,76600.06,63.76191
2026-09-13 09:33:00,76600.05,76692.01,76570.0,76692.0,39.94952
2026-09-13 09:36:00,76692.01,76773.36,76679.1,76703.45,26.49285
2026-09-13 09:39:00,76703.45,76737.56,76703.13,76722.01,36.87297
2026-09-13 09:42:00,76722.01,76751.22,76720.01,76720.01,9.62049
2026-09-13 09:45:00,76720.02,76758.01,76720.01,76758.01,21.7968
2026-09-13 09:48:00,76758.01,76776.51,76758.0,76766.92,5.08673
2026-09-13 09:51:00,76766.91,76768.54,76750.0,76768.54,8.98297
2026-09-13 09:54:00,76768.54,76796.01,76737.08,76737.09,18.83038
2026-09-13 09:57:00,76737.08,76824.01,76737.08,76808.01,12.46936
2026-09-13 10:00:00,76808.0,76813.26,76794.08,76800.01,16.57577
2026-09-13 10:03:00,76800.01,76800.01,76777.19,76777.2,7.45453
2026-09-13 10:06:00,76777.2,76806.72,76777.19,76802.0,6.00422
2026-09-13 10:09:00,76802.01,76802.01,76759.53,76759.54,6.92186
2026-09-13 10:12:00,76759.54,76798.01,76759.53,76792.32,9.92175
2026-09-13 10:15:00,76792.32,76800.0,76792.31,76799.99,3.84164
2026-09-13 10:18:00,76800.0,76800.0,76758.0,76758.02,7.6097
2026-09-13 10:21:00,76758.02,76758.02,76749.89,76749.89,2.64123
2026-09-13 10:24:00,76749.89,76749.9,76745.18,76745.19,6.21254
2026-09-13 10:27:00,76745.18,76755.19,76745.18,76755.19,2.68725
2026-09-13 10:30:00,76755.19,76770.0,76755.18,76770.0,4.75015
2026-09-13 10:33:00,76770.0,76810.8,76769.99,76804.0,22.02773
2026-09-13 10:36:00,76804.01,76804.03,76780.16,76780.17,6.21382
2026-09-13 10:39:00,76780.17,76780.17,76748.44,76748.44,6.33959
2026-09-13 10:42:00,76748.45,76748.45,76690.35,76690.36,14.70412
2026-09-13 10:45:00,76690.36,76748.01,76690.35,76748.01,7.87049
2026-09-13 10:48:00,76748.01,76748.01,76718.35,76718.35,4.62073
2026-09-13 10:51:00,76718.35,76718.36,76672.0,76672.01,6.29348
2026-09-13 10:54:00,76672.0,76706.64,76666.0,76676.0,15.06793
2026-09-13 10:57:00,76676.0,76677.3,76628.45,76677.29,33.05659
2026-09-13 11:00:00,76677.3,76706.01,76500.0,76616.0,64.25691
2026-09-13 11:03:00,76616.0,76702.01,76616.0,76660.0,18.84717
2026-09-13 11:06:00,76660.0,76662.01,76592.34,76597.93,6.47907
2026-09-13 11:09:00,76597.93,76631.83,76593.57,76604.83,9.13706
2026-09-13 11:12:00,76604.84,76609.22,76522.78,76533.29,30.48802
2026-09-13 11:15:00,76533.3,76635.28,76532.79,76634.75,29.60687
2026-09-13 11:18:00,76634.76,76634.76,76571.37,76608.0,13.33769
2026-09-13 11:21:00,76608.01,76642.01,76608.0,76640.08,7.92286
2026-09-13 11:24:00,76640.07,76666.1,76640.07,76666.1,5.67337
2026-09-13 11:27:00,76666.09,76666.1,76652.5,76665.76,10.30295
2026-09-13 11:30:00,76665.77,76665.77,76658.09,76658.1,5.445
2026-09-13 11:33:00,76658.09,76728.16,76658.09,76718.01,9.36611
2026-09-13 11:36:00,76718.01,76758.01,76718.01,76758.01,9.00053
2026-09-13 11:39:00,76758.01,76796.01,76758.0,76776.01,9.2612
2026-09-13 11:42:00,76776.01,76776.01,76770.02,76776.0,4.27127
2026-09-13 11:45:00,76776.01,76788.18,76758.01,76758.01,7.76898
2026-09-13 11:48:00,76758.01,76791.04,76758.01,76790.0,4.14433
2026-09-13 11:51:00,76790.01,76800.0,76788.32,76791.17,4.72771
2026-09-13 11:54:00,76791.18,76795.32,76788.0,76788.01,3.15937
2026-09-13 11:57:00,76788.0,76792.32,76764.62,76792.32,12.70327
2026-09-13 12:00:00,76792.31,76792.32,76772.0,76772.01,5.613
2026-09-13 12:03:00,76772.01,76778.81,76760.0,76771.31,10.18538
2026-09-13 12:06:00,76771.31,76778.79,76771.3,76774.12,8.96821
2026-09-13 12:09:00,76774.12,76802.51,76774.12,76802.51,9.44403
2026-09-13 12:12:00,76802.51,76808.01,76802.0,76802.0,4.17964
2026-09-13 12:15:00,76802.01,76853.1,76802.0,76842.77,14.19466
2026-09-13 12:18:00,76842.77,76842.77,76834.94,76834.94,9.15338
2026-09-13 12:21:00,76834.94,76845.33,76820.58,76845.33,9.38155
2026-09-13 12:24:00,76845.33,76851.25,76845.32,76851.25,8.90666
2026-09-13 12:27:00,76851.25,76851.25,76834.0,76834.01,9.66414
2026-09-13 12:30:00,76834.0,76866.01,76806.78,76806.79,10.92994
2026-09-13 12:33:00,76806.79,76806.79,76782.0,76801.24,18.03268
2026-09-13 12:36:00,76801.25,76801.25,76750.82,76758.01,11.05265
2026-09-13 12:39:00,76758.01,76788.03,76716.0,76730.01,21.91597
2026-09-13 12:42:00,76730.01,76758.01,76730.0,76738.8,18.60367
2026-09-13 12:45:00,76738.8,76738.8,76710.0,76710.0,7.11887
2026-09-13 12:48:00,76710.01,76737.0,76690.0,76708.77,37.84182
2026-09-13 12:51:00,76708.77,76748.01,76708.76,76748.01,19.74063
2026-09-13 12:54:00,76748.01,76748.01,76740.84,76740.84,5.15257
2026-09-13 12:57:00,76740.85,76764.01,76721.0,76763.33,52.25307
2026-09-13 13:00:00,76763.33,76763.33,76732.68,76732.69,13.79124
2026-09-13 13:03:00,76732.68,76732.69,76680.98,76712.0,35.38693
2026-09-13 13:06:00,76712.0,76729.99,76694.32,76726.28,20.11223
2026-09-13 13:09:00,76726.28,76741.5,76726.28,76741.5,13.95314
2026-09-13 13:12:00,76741.5,76768.82,76741.49,76768.82,13.44425
2026-09-13 13:15:00,76768.82,76781.65,76728.52,76728.52,19.30328
2026-09-13 13:18:00,76728.52,76728.53,76689.08,76689.09,13.78348
2026-09-13 13:21:00,76689.09,76689.09,76631.06,76631.07,34.07845
2026-09-13 13:24:00,76631.06,76664.48,76560.0,76578.45,55.60292
2026-09-13 13:27:00,76578.45,76593.96,76578.44,76584.67,18.12318
2026-09-13 13:30:00,76584.67,76636.68,76584.66,76636.67,26.99978
2026-09-13 13:33:00,76636.67,76685.96,76636.67,76677.98,14.49126
2026-09-13 13:36:00,76677.97,76709.26,76677.97,76708.01,18.52403
2026-09-13 13:39:00,76708.01,76750.99,76708.0,76737.11,18.5567
2026-09-13 13:42:00,76737.11,76774.09,76737.11,76770.4,12.78274
2026-09-13 13:45:00,76770.4,76808.01,76770.4,76806.01,30.09384
2026-09-13 13:48:00,76806.01,76848.0,76803.07,76839.85,21.26335
2026-09-13 13:51:00,76839.86,76922.01,76836.0,76894.01,24.21263
2026-09-13 13:54:00,76894.01,76894.01,76863.58,76863.59,15.01606
2026-09-13 13:57:00,76863.59,76863.6,76852.99,76853.02,16.01125
2026-09-13 14:00:00,76853.01,76874.01,76850.56,76874.01,25.93187
2026-09-13 14:03:00,76874.0,76880.01,76864.04,76876.0,14.62621
2026-09-13 14:06:00,76876.0,76950.01,76875.99,76950.0,15.63627
2026-09-13 14:09:00,76950.01,76980.01,76950.0,76958.03,23.80645
2026-09-13 14:12:00,76958.02,77016.46,76958.02,77009.52,44.45995
2026-09-13 14:15:00,77009.51,77109.94,77009.51,77072.93,45.02411
2026-09-13 14:18:00,77072.93,77086.49,77048.0,77086.49,17.80115
2026-09-13 14:21:00,77086.49,77099.24,77068.0,77076.99,29.07356
2026-09-13 14:24:00,77076.99,77079.13,77067.07,77075.42,20.94373
2026-09-13 14:27:00,77075.43,77120.01,77075.42,77110.01,15.75626
2026-09-13 14:30:00,77110.0,77120.69,77098.13,77120.69,15.68511
2026-09-13 14:33:00,77120.69,77134.14,77092.03,77134.14,23.48358
2026-09-13 14:36:00,77134.14,77208.62,77122.0,77208.62,31.28958
2026-09-13 14:39:00,77208.62,77254.45,77156.64,77205.48,47.93916
2026-09-13 14:42:00,77205.48,77206.24,77186.0,77186.01,21.80641
2026-09-13 14:45:00,77186.0,77252.87,77186.0,77240.61,37.45045
2026-09-13 14:48:00,77240.61,77240.61,77208.01,77209.99,24.32655
2026-09-13 14:51:00,77210.0,77210.0,77166.29,77190.88,31.75001
2026-09-13 14:54:00,77190.87,77201.99,77178.0,77180.01,6.6046
2026-09-13 14:57:00,77180.0,77221.11,77180.0,77216.01,31.24542
2026-09-13 15:00:00,77216.01,77216.01,77145.16,77148.8,18.13708
2026-09-13 15:03:00,77148.8,77148.8,77122.28,77122.28,20.12599
2026-09-13 15:06:00,77122.28,77134.01,77114.63,77134.0,8.77038
2026-09-13 15:09:00,77134.0,77134.01,77122.1,77122.1,6.28169
2026-09-13 15:12:00,77122.1,77123.57,77098.63,77117.71,47.29137
2026-09-13 15:15:00,77117.7,77117.71,77052.0,77052.01,9.1188
2026-09-13 15:18:00,77052.0,77052.01,77011.33,77033.17,21.15779
2026-09-13 15:21:00,77033.18,77101.2,77029.9,77101.2,10.34413
2026-09-13 15:24:00,77101.2,77207.32,77101.2,77164.08,15.45924
2026-09-13 15:27:00,77164.09,77175.75,77026.62,77038.01,17.44879
2026-09-13 15:30:00,77038.0,77097.1,77038.0,77097.09,9.85231
2026-09-13 15:33:00,77097.1,77115.85,77097.09,77115.85,4.40141
2026-09-13 15:36:00,77115.85,77115.85,77080.73,77085.03,4.37539
2026-09-13 15:39:00,77085.03,77098.58,77069.03,77098.57,4.40933
2026-09-13 15:42:00,77098.58,77178.01,77098.57,77171.53,8.87632
2026-09-13 15:45:00,77171.53,77171.53,77142.0,77142.01,1.81631
2026-09-13 15:48:00,77142.0,77159.54,77142.0,77159.53,1.48977
2026-09-13 15:51:00,77159.53,77159.54,77137.12,77148.0,3.39352
2026-09-13 15:54:00,77148.0,77159.8,77122.0,77122.01,14.58524
2026-09-13 15:57:00,77122.0,77145.07,77122.0,77134.83,8.63568
2026-09-13 16:00:00,77134.82,77189.78,77134.82,77189.04,6.81721
2026-09-13 16:03:00,77189.04,77189.04,77157.0,77157.0,9.83807
2026-09-13 16:06:00,77157.0,77200.0,77143.61,77144.0,11.40531
2026-09-13 16:09:00,77144.0,77218.01,77125.66,77218.0,40.61167
2026-09-13 16:12:00,77218.0,77260.21,77206.0,77206.0,13.72571
2026-09-13 16:15:00,77206.0,77206.01,77190.33,77196.87,4.62275
2026-09-13 16:18:00,77196.88,77255.23,77196.87,77255.23,6.98153
2026-09-13 16:21:00,77255.23,77270.0,77249.46,77263.03,6.98227
2026-09-13 16:24:00,77263.03,77298.0,77260.0,77266.2,9.93867
2026-09-13 16:27:00,77266.01,77266.01,77244.0,77244.01,7.30027
2026-09-13 16:30:00,77244.01,77286.79,77244.0,77252.01,13.28411
2026-09-13 16:33:00,77252.0,77252.01,77235.44,77236.01,3.69397
2026-09-13 16:36:00,77236.0,77260.96,77236.0,77260.95,7.44531
2026-09-13 16:39:00,77260.95,77327.47,77260.95,77323.39,49.48582
2026-09-13 16:42:00,77323.39,77359.0,77294.0,77314.0,50.3451
2026-09-13 16:45:00,77314.01,77314.01,77275.34,77275.35,8.59593
2026-09-13 16:48:00,77275.36,77275.36,77248.18,77248.18,3.24491
2026-09-13 16:51:00,77248.19,77290.55,77248.18,77290.54,4.4437
2026-09-13 16:54:00,77290.55,77318.94,77276.0,77312.0,9.42622
2026-09-13 16:57:00,77312.01,77331.33,77276.04,77276.14,28.12313
2026-09-13 17:00:00,77276.14,77312.01,77276.13,77312.01,3.6023
2026-09-13 17:03:00,77312.01,77333.11,77307.71,77333.11,3.44841
2026-09-13 17:06:00,77333.11,77333.93,77333.1,77333.92,2.51195
2026-09-13 17:09:00,77333.92,77399.55,77333.92,77394.0,16.10897
2026-09-13 17:12:00,77394.0,77413.52,77360.0,77370.17,17.89327
2026-09-13 17:15:00,77370.16,77395.49,77348.0,77348.0,5.76037
2026-09-13 17:18:00,77348.0,77358.01,77348.0,77354.27,4.18922
2026-09-13 17:21:00,77354.27,77354.28,77325.19,77334.19,4.5719
2026-09-13 17:24:00,77334.19,77334.2,77320.0,77320.0,2.63272
2026-09-13 17:27:00,77320.01,77320.01,77302.01,77302.02,6.82433
2026-09-13 17:30:00,77302.02,77302.02,77268.27,77274.87,6.43277
2026-09-13 17:33:00,77274.87,77274.87,77249.35,77252.28,4.04848
2026-09-13 17:36:00,77252.28,77288.33,77252.27,77274.0,5.70675
2026-09-13 17:39:00,77274.0,77274.01,77274.0,77274.01,1.76831
2026-09-13 17:42:00,77274.01,77274.01,77274.0,77274.01,4.68762
2026-09-13 17:45:00,77274.0,77304.01,77274.0,77304.01,3.97017
2026-09-13 17:48:00,77304.01,77337.24,77304.0,77337.24,6.95734
2026-09-13 17:51:00,77337.24,77362.01,77337.24,77344.61,5.75029
2026-09-13 17:54:00,77344.62,77344.62,77329.84,77343.53,12.55526
2026-09-13 17:57:00,77343.53,77343.53,77318.94,77328.94,16.07677
2026-09-13 18:00:00,77328.94,77328.95,77318.0,77320.85,2.83087
2026-09-13 18:03:00,77320.85,77320.86,77312.12,77312.12,2.35187
2026-09-13 18:06:00,77312.13,77319.64,77312.12,77319.64,3.07771
2026-09-13 18:09:00,77319.64,77322.01,77317.48,77322.0,2.61759
2026-09-13 18:12:00,77322.01,77365.5,77312.32,77365.5,7.96732
2026-09-13 18:15:00,77365.49,77383.4,77352.0,77378.0,4.77749
2026-09-13 18:18:00,77378.0,77378.01,77352.13,77357.94,5.9216
2026-09-13 18:21:00,77357.94,77375.03,77357.94,77362.23,4.74485
2026-09-13 18:24:00,77362.24,77362.69,77338.0,77338.01,12.81154
2026-09-13 18:27:00,77338.01,77338.01,77332.54,77332.55,3.23818
2026-09-13 18:30:00,77332.55,77354.01,77332.54,77337.02,15.43809
2026-09-13 18:33:00,77337.02,77353.0,77319.0,77353.0,7.19356
2026-09-13 18:36:00,77353.0,77369.05,77352.99,77369.04,5.99171
2026-09-13 18:39:00,77369.05,77369.05,77369.04,77369.05,2.3444
2026-09-13 18:42:00,77369.05,77369.05,77350.37,77369.03,4.80413
2026-09-13 18:45:00,77369.03,77380.01,77369.03,77380.01,2.84302
2026-09-13 18:48:00,77380.01,77380.01,77368.63,77368.64,6.65072
2026-09-13 18:51:00,77368.64,77372.76,77368.63,77372.75,2.16932
2026-09-13 18:54:00,77372.76,77372.76,77354.0,77354.0,7.95541
2026-09-13 18:57:00,77354.01,77354.01,77338.7,77338.87,4.43826
2026-09-13 19:00:00,77338.87,77369.65,77338.86,77369.65,5.98712
2026-09-13 19:03:00,77369.65,77376.01,77364.0,77376.01,4.48675
2026-09-13 19:06:00,77376.01,77409.04,77322.0,77342.0,17.50371
2026-09-13 19:09:00,77342.0,77347.25,77322.0,77324.08,10.85731
2026-09-13 19:12:00,77324.09,77324.09,77284.0,77284.01,13.09466
2026-09-13 19:15:00,77284.01,77284.05,77255.75,77262.93,32.35137
2026-09-13 19:18:00,77262.92,77262.93,77250.0,77250.0,4.56516
2026-09-13 19:21:00,77250.0,77266.08,77223.16,77266.08,8.67584
2026-09-13 19:24:00,77266.08,77266.08,77266.07,77266.07,2.48545
2026-09-13 19:27:00,77266.07,77269.5,77266.07,77269.49,2.70209
2026-09-13 19:30:00,77269.49,77272.01,77249.16,77252.0,6.25509
2026-09-13 19:33:00,77251.99,77252.0,77233.76,77237.48,3.92368
2026-09-13 19:36:00,77237.47,77244.01,77230.0,77235.12,5.87372
2026-09-13 19:39:00,77235.11,77237.51,77235.11,77237.51,3.75769
2026-09-13 19:42:00,77237.51,77245.67,77237.5,77245.66,3.34481
2026-09-13 19:45:00,77245.66,77245.7,77245.66,77245.7,3.67345
2026-09-13 19:48:00,77245.7,77255.96,77245.69,77252.43,4.78901
2026-09-13 19:51:00,77252.43,77264.0,77240.0,77264.0,8.63038
2026-09-13 19:54:00,77264.01,77279.78,77264.0,77279.78,2.34724
2026-09-13 19:57:00,77279.78,77284.01,77279.77,77284.0,3.68026
2026-09-13 20:00:00,77284.01,77299.66,77284.0,77299.66,3.88825
2026-09-13 20:03:00,77299.66,77299.66,77273.8,77276.14,6.06039
2026-09-13 20:06:00,77276.14,77278.83,77262.0,77278.83,3.54102
2026-09-13 20:09:00,77278.82,77280.0,77276.28,77276.28,2.86348
2026-09-13 20:12:00,77276.29,77300.0,77276.28,77300.0,5.73261
2026-09-13 20:15:00,77300.0,77300.0,77299.85,77299.86,3.17045
2026-09-13 20:18:00,77299.86,77323.52,77299.85,77323.52,3.57574
2026-09-13 20:21:00,77323.51,77323.52,77317.29,77317.3,6.86593
2026-09-13 20:24:00,77317.3,77320.0,77317.29,77320.0,2.12521
2026-09-13 20:27:00,77320.0,77332.01,77319.99,77326.01,13.45322
2026-09-13 20:30:00,77326.0,77361.83,77326.0,77361.83,3.2171
2026-09-13 20:33:00,77361.83,77362.0,77320.0,77320.01,8.07882
2026-09-13 20:36:00,77320.0,77320.01,77306.0,77306.0,1.88221
2026-09-13 20:39:00,77306.01,77309.89,77302.0,77302.0,5.43867
2026-09-13 20:42:00,77302.01,77326.01,77302.0,77326.01,3.78489
2026-09-13 20:45:00,77326.01,77357.0,77326.0,77356.99,2.63522
2026-09-13 20:48:00,77356.99,77368.0,77336.0,77336.0,13.76422
2026-09-13 20:51:00,77336.01,77347.95,77336.0,77347.94,2.86936
2026-09-13 20:54:00,77347.95,77350.74,77347.94,77350.73,1.12724
2026-09-13 20:57:00,77350.74,77350.74,77343.22,77348.01,9.36194
2026-09-13 21:00:00,77348.01,77350.74,77340.0,77340.01,5.12113
2026-09-13 21:03:00,77340.0,77340.01,77314.0,77316.0,5.44241
2026-09-13 21:06:00,77316.01,77316.01,77314.0,77314.0,1.19366
2026-09-13 21:09:00,77314.01,77368.01,77314.0,77358.0,11.90423
2026-09-13 21:12:00,77358.0,77366.26,77346.0,77362.81,9.71846
2026-09-13 21:15:00,77362.81,77386.31,77362.8,77376.01,11.48506
2026-09-13 21:18:00,77376.0,77396.0,77376.0,77396.0,3.68543
2026-09-13 21:21:00,77395.99,77450.0,77395.99,77444.01,8.96765
2026-09-13 21:24:00,77444.0,77444.01,77432.46,77432.46,11.51711
2026-09-13 21:27:00,77432.47,77432.47,77420.41,77420.41,8.79577
2026-09-13 21:30:00,77420.41,77420.42,77381.05,77402.0,12.57809
2026-09-13 21:33:00,77402.01,77404.0,77392.0,77392.0,6.60675
2026-09-13 21:36:00,77392.01,77392.01,77362.0,77362.0,6.99388
2026-09-13 21:39:00,77362.01,77400.81,77350.29,77392.03,14.59743
2026-09-13 21:42:00,77392.08,77404.01,77373.97,77385.49,7.28651
2026-09-13 21:45:00,77385.49,77385.86,77355.81,77379.36,11.87487
2026-09-13 21:48:00,77379.36,77379.36,77334.94,77336.0,7.80302
2026-09-13 21:51:00,77336.0,77337.57,77316.0,77328.0,5.46485
2026-09-13 21:54:00,77328.0,77332.01,77328.0,77332.01,1.65857
2026-09-13 21:57:00,77332.01,77336.0,77316.0,77316.0,8.70604
2026-09-13 22:00:00,77316.0,77316.0,77074.48,77130.16,57.81014
2026-09-13 22:03:00,77130.0,77130.0,77050.82,77066.09,31.10469
2026-09-13 22:06:00,77066.09,77109.6,76827.22,76936.0,127.89098
2026-09-13 22:09:00,76936.0,76988.01,76926.0,76966.1,16.83828
2026-09-13 22:12:00,76966.11,77012.01,76920.0,76934.0,20.02627
2026-09-13 22:15:00,76934.01,76934.01,76792.44,76794.0,63.87444
2026-09-13 22:18:00,76794.01,76828.43,76725.0,76763.83,23.13035
2026-09-13 22:21:00,76763.83,76806.01,76734.0,76777.27,36.25666
2026-09-13 22:24:00,76777.27,76842.01,76766.0,76820.01,9.86574
2026-09-13 22:27:00,76820.0,76846.01,76720.2,76836.0,28.77785
2026-09-13 22:30:00,76836.01,76850.53,76727.61,76727.61,17.40216
2026-09-13 22:33:00,76727.62,76886.01,76727.62,76824.01,55.60563
2026-09-13 22:36:00,76824.01,76879.56,76814.0,76844.0,20.63515
2026-09-13 22:39:00,76844.01,76846.01,76742.0,76750.0,16.68496
2026-09-13 22:42:00,76750.0,76784.01,76728.0,76740.0,13.32117
2026-09-13 22:45:00,76740.0,76784.0,76722.33,76722.33,30.76543
2026-09-13 22:48:00,76722.34,76760.01,76696.75,76746.01,12.75992
2026-09-13 22:51:00,76746.01,76816.01,76716.15,76785.33,62.9799
2026-09-13 22:54:00,76785.32,76785.33,76667.68,76667.68,13.41226
2026-09-13 22:57:00,76667.69,76735.95,76667.68,76714.0,27.80241
2026-09-13 23:00:00,76714.0,76753.33,76690.0,76740.32,19.1159
2026-09-13 23:03:00,76740.32,76770.59,76724.0,76724.0,19.31457
2026-09-13 23:06:00,76724.01,76730.01,76674.41,76706.01,14.06577
2026-09-13 23:09:00,76706.01,76756.01,76687.03,76738.01,19.15921
2026-09-13 23:12:00,76738.01,76741.9,76689.18,76728.0,31.69063
2026-09-13 23:15:00,76728.0,76759.64,76622.97,76672.01,20.30575
2026-09-13 23:18:00,76672.01,76672.01,76634.0,76635.2,15.19192
2026-09-13 23:21:00,76635.2,76700.01,76635.19,76676.0,15.26572
2026-09-13 23:24:00,76676.01,76746.01,76676.01,76710.27,7.58531
2026-09-13 23:27:00,76710.27,76743.84,76702.0,76743.83,12.43756
2026-09-13 23:30:00,76743.83,76875.68,76736.0,76830.2,33.10487
2026-09-13 23:33:00,76830.19,76858.03,76790.15,76800.97,64.41828
2026-09-13 23:36:00,76800.0,76859.18,76776.0,76847.17,19.34718
2026-09-13 23:39:00,76847.16,76847.17,76776.0,76792.0,12.65836
2026-09-13 23:42:00,76792.01,76844.01,76792.01,76828.57,17.1867
2026-09-13 23:45:00,76828.56,76867.12,76802.64,76834.01,16.55108
2026-09-13 23:48:00,76834.01,76847.68,76796.0,76796.01,6.98177
2026-09-13 23:51:00,76796.01,76824.64,76796.0,76824.64,5.40189
2026-09-13 23:54:00,76824.64,76824.64,76789.99,76800.0,21.05914
2026-09-13 23:57:00,76800.0,76876.8,76799.99,76842.01,13.89663
2026-09-14 00:00:00,76842.01,76892.01,76842.0,76846.0,8.6368
2026-09-14 00:03:00,76846.01,76894.01,76830.0,76884.0,9.83395
2026-09-14 00:06:00,76884.01,77083.34,76882.0,76998.01,48.57758
2026-09-14 00:09:00,76998.0,76998.01,76900.83,76914.15,19.93514
2026-09-14 00:12:00,76914.14,76958.67,76906.0,76906.0,7.17522
2026-09-14 00:15:00,76906.0,76934.01,76845.26,76876.0,21.18371
2026-09-14 00:18:00,76876.0,76898.01,76819.16,76848.76,48.53118
2026-09-14 00:21:00,76848.76,76848.76,76696.15,76756.01,77.37935
2026-09-14 00:24:00,76756.01,76756.01,76568.0,76612.62,30.44332
2026-09-14 00:27:00,76612.62,76612.63,76388.72,76472.96,180.02185
2026-09-14 00:30:00,76472.96,76735.29,76451.7,76698.0,45.3238
2026-09-14 00:33:00,76698.0,76815.97,76672.01,76716.01,33.52677
2026-09-14 00:36:00,76716.01,76794.01,76695.12,76764.44,32.0494
2026-09-14 00:39:00,76764.0,76810.42,76708.67,76810.42,15.76591
2026-09-14 00:42:00,76810.41,76810.42,76764.99,76801.11,6.86711
2026-09-14 00:45:00,76801.11,76885.72,76791.56,76847.67,29.43295
2026-09-14 00:48:00,76847.68,76847.68,76761.27,76791.78,21.26368
2026-09-14 00:51:00,76791.78,76796.01,76764.97,76796.01,6.79633
2026-09-14 00:54:00,76796.0,76841.05,76796.0,76820.01,17.47001
2026-09-14 00:57:00,76820.0,76845.01,76806.66,76808.0,24.71825
2026-09-14 01:00:00,76808.01,76834.01,76772.85,76834.0,14.13676
2026-09-14 01:03:00,76834.01,76839.87,76771.22,76780.01,9.42786
2026-09-14 01:06:00,76780.0,76780.01,76702.0,76734.35,23.61335
2026-09-14 01:09:00,76734.34,76884.01,76734.34,76858.01,16.43974
2026-09-14 01:12:00,76858.01,76858.01,76752.0,76758.0,6.8583
2026-09-14 01:15:00,76758.01,76758.01,76654.01,76685.69,37.51598
2026-09-14 01:18:00,76685.68,76750.01,76684.0,76712.01,17.49169
2026-09-14 01:21:00,76712.01,76796.01,76698.0,76776.01,16.17495
2026-09-14 01:24:00,76776.01,76832.94,76774.71,76832.94,11.08056
2026-09-14 01:27:00,76832.93,76902.37,76832.93,76854.01,10.43295
2026-09-14 01:30:00,76854.0,76861.4,76793.11,76793.12,14.02543
2026-09-14 01:33:00,76793.12,76793.12,76636.41,76690.01,37.003
2026-09-14 01:36:00,76690.01,76770.01,76690.01,76770.01,7.40757
2026-09-14 01:39:00,76770.01,76960.01,76770.01,76960.0,17.93219
2026-09-14 01:42:00,76960.01,76963.24,76804.54,76822.0,199.77637
2026-09-14 01:45:00,76822.0,76852.01,76774.94,76845.27,12.06082
2026-09-14 01:48:00,76845.28,76888.01,76838.0,76838.0,10.61278
2026-09-14 01:51:00,76838.0,76904.75,76823.99,76899.4,17.1246
2026-09-14 01:54:00,76899.4,77009.32,76899.4,76958.48,23.84295
2026-09-14 01:57:00,76958.48,77170.76,76958.48,77118.97,45.50794
2026-09-14 02:00:00,77118.96,77122.01,77050.0,77050.0,11.12808
2026-09-14 02:03:00,77050.0,77080.0,77016.0,77038.01,12.61793
2026-09-14 02:06:00,77038.01,77250.0,77038.0,77238.01,64.65582
2026-09-14 02:09:00,77238.0,77300.0,77172.0,77300.0,86.1541
2026-09-14 02:12:00,77300.0,77399.95,77298.0,77381.48,47.50477
2026-09-14 02:15:00,77381.47,77381.48,77279.89,77290.97,17.36495
2026-09-14 02:18:00,77290.98,77328.01,77286.21,77314.0,21.51027
2026-09-14 02:21:00,77314.01,77423.87,77314.0,77423.86,24.71907
2026-09-14 02:24:00,77423.86,77666.66,77410.0,77644.64,118.25049
2026-09-14 02:27:00,77644.65,77663.22,77506.45,77533.99,41.65229
2026-09-14 02:30:00,77534.0,77665.0,77534.0,77612.21,45.71033
2026-09-14 02:33:00,77612.21,77624.19,77547.39,77549.52,37.88404
2026-09-14 02:36:00,77549.52,77560.48,77451.99,77459.72,17.14464
2026-09-14 02:39:00,77459.72,77477.0,77440.0,77467.87,32.986
2026-09-14 02:42:00,77467.87,77511.43,77460.0,77496.74,146.36532
2026-09-14 02:45:00,77496.74,77590.01,77494.26,77580.0,136.0672
2026-09-14 02:48:00,77580.0,77636.43,77561.76,77618.13,45.78673
2026-09-14 02:51:00,77618.13,77725.5,77601.21,77661.84,71.9434
2026-09-14 02:54:00,77661.84,77697.72,77591.08,77593.45,65.56871
2026-09-14 02:57:00,77593.45,77600.0,77553.58,77600.0,46.25254
2026-09-14 03:00:00,77600.0,77700.0,77582.72,77676.59,353.64847
2026-09-14 03:03:00,77676.59,77677.3,77616.0,77667.13,26.67406
2026-09-14 03:06:00,77667.13,77792.39,77645.24,77792.38,48.61899
2026-09-14 03:09:00,77792.39,77834.16,77778.16,77784.61,42.69477
2026-09-14 03:12:00,77784.61,77840.66,77784.61,77791.12,83.69013
2026-09-14 03:15:00,77791.12,77820.79,77755.36,77762.76,21.15548
2026-09-14 03:18:00,77762.76,77835.29,77750.0,77835.29,18.04012
2026-09-14 03:21:00,77835.29,77869.82,77809.18,77814.56,83.48209
2026-09-14 03:24:00,77814.57,77821.73,77741.39,77821.73,44.11427
2026-09-14 03:27:00,77821.72,77850.11,77810.04,77817.76,14.84498
2026-09-14 03:30:00,77817.76,77817.76,77735.35,77735.36,15.50834
2026-09-14 03:33:00,77735.36,77735.36,77645.56,77699.99,43.46496
2026-09-14 03:36:00,77700.0,77700.0,77621.24,77627.06,19.45345
2026-09-14 03:39:00,77627.06,77627.06,77551.75,77553.0,22.6936
2026-09-14 03:42:00,77553.01,77553.01,77526.37,77541.38,24.0662
2026-09-14 03:45:00,77541.38,77566.56,77541.38,77558.97,17.25852
2026-09-14 03:48:00,77558.98,77581.02,77504.01,77512.25,17.56971
2026-09-14 03:51:00,77512.25,77546.2,77512.24,77546.2,17.77978
2026-09-14 03:54:00,77546.19,77557.99,77530.0,77547.54,12.8983
2026-09-14 03:57:00,77547.53,77596.33,77532.63,77596.33,10.99384
2026-09-14 04:00:00,77596.32,77612.2,77565.96,77565.97,17.80663
2026-09-14 04:03:00,77565.96,77574.39,77537.8,77570.02,12.91637
2026-09-14 04:06:00,77570.02,77638.23,77570.01,77590.73,21.31212
2026-09-14 04:09:00,77590.74,77611.35,77570.68,77570.8,10.77341
2026-09-14 04:12:00,77570.8,77590.94,77564.53,77588.47,20.55249
2026-09-14 04:15:00,77588.47,77600.0,77549.88,77573.13,21.76299
2026-09-14 04:18:00,77573.13,77599.08,77549.88,77599.07,14.39206
2026-09-14 04:21:00,77599.08,77666.0,77593.0,77665.99,18.36941
2026-09-14 04:24:00,77665.99,77697.32,77636.0,77677.84,39.85388
2026-09-14 04:27:00,77677.84,77690.65,77621.84,77636.15,14.12415
2026-09-14 04:30:00,77636.15,77648.66,77563.69,77564.52,13.93614
2026-09-14 04:33:00,77564.51,77615.25,77541.8,77597.11,20.97461
2026-09-14 04:36:00,77597.12,77605.86,77583.38,77584.6,13.14361
2026-09-14 04:39:00,77584.61,77620.83,77584.6,77620.83,9.39752
2026-09-14 04:42:00,77620.83,77680.0,77609.96,77634.68,42.44157
2026-09-14 04:45:00,77634.69,77700.78,77634.68,77648.46,23.64154
2026-09-14 04:48:00,77648.46,77692.76,77648.45,77692.75,17.58383
2026-09-14 04:51:00,77692.75,77692.76,77642.49,77642.51,13.71473
2026-09-14 04:54:00,77642.51,77652.95,77640.08,77640.08,10.06813
2026-09-14 04:57:00,77640.08,77681.79,77580.81,77681.78,122.51244
2026-09-14 05:00:00,77681.79,77691.05,77604.29,77613.11,108.43346
2026-09-14 05:03:00,77613.11,77635.66,77613.1,77635.66,9.3442
2026-09-14 05:06:00,77635.66,77649.91,77606.9,77606.91,12.77139
2026-09-14 05:09:00,77606.91,77608.63,77564.83,77581.89,18.64092
2026-09-14 05:12:00,77581.9,77644.77,77581.9,77644.76,10.98628
2026-09-14 05:15:00,77644.77,77644.77,77575.88,77575.89,13.97253
2026-09-14 05:18:00,77575.88,77575.89,77565.38,77574.54,10.03865
2026-09-14 05:21:00,77574.55,77574.55,77545.63,77548.01,9.3341
2026-09-14 05:24:00,77548.01,77548.01,77516.57,77530.24,9.39871
2026-09-14 05:27:00,77530.24,77532.67,77514.18,77514.18,19.18137
2026-09-14 05:30:00,77514.19,77530.0,77514.19,77530.0,6.07608
2026-09-14 05:33:00,77530.0,77536.34,77517.52,77535.31,12.82362
2026-09-14 05:36:00,77535.3,77627.68,77519.43,77625.39,13.46043
2026-09-14 05:39:00,77625.38,77625.38,77587.0,77594.06,6.99659
2026-09-14 05:42:00,77594.06,77594.07,77522.72,77558.4,8.76251
2026-09-14 05:45:00,77558.4,77572.35,77543.27,77553.89,8.22249
2026-09-14 05:48:00,77553.88,77553.89,77495.73,77495.74,10.32385
2026-09-14 05:51:00,77495.73,77504.69,77494.34,77499.99,11.40357
2026-09-14 05:54:00,77500.0,77557.92,77499.99,77557.91,16.00871
2026-09-14 05:57:00,77557.92,77611.79,77557.91,77611.79,6.28306
2026-09-14 06:00:00,77611.79,77664.06,77599.95,77664.06,8.58325
2026-09-14 06:03:00,77664.06,77765.12,77662.82,77757.69,23.65187
2026-09-14 06:06:00,77757.69,77820.0,77750.28,77802.62,21.30339
2026-09-14 06:09:00,77802.63,77895.35,77764.26,77876.33,47.65205
2026-09-14 06:12:00,77876.33,77876.33,77751.96,77778.27,21.61055
2026-09-14 06:15:00,77778.26,77778.27,77743.85,77743.99,13.69134
2026-09-14 06:18:00,77743.99,77743.99,77706.17,77706.17,8.99498
2026-09-14 06:21:00,77706.18,77706.18,77663.45,77663.45,11.39861
2026-09-14 06:24:00,77663.46,77674.01,77661.89,77674.01,11.53336
2026-09-14 06:27:00,77674.0,77674.01,77569.9,77569.9,27.39356
2026-09-14 06:30:00,77569.9,77569.9,77379.41,77403.4,63.09041
2026-09-14 06:33:00,77403.4,77481.27,77403.4,77481.26,15.02023
2026-09-14 06:36:00,77481.26,77500.0,77448.0,77489.75,17.90471
2026-09-14 06:39:00,77489.75,77661.37,77487.34,77660.02,28.23933
2026-09-14 06:42:00,77660.03,77770.59,77645.42,77742.99,43.77092
2026-09-14 06:45:00,77742.99,77762.93,77694.39,77732.67,13.46901
2026-09-14 06:48:00,77732.67,77732.68,77644.2,77647.93,17.29279
2026-09-14 06:51:00,77647.94,77647.94,77609.4,77609.4,7.22895
2026-09-14 06:54:00,77609.4,77635.25,77598.57,77605.99,12.73753
2026-09-14 06:57:00,77605.99,77606.0,77593.14,77593.15,4.3157
2026-09-14 07:00:00,77593.15,77666.66,77524.41,77666.01,19.52971
2026-09-14 07:03:00,77666.01,77732.67,77666.0,77700.54,26.21803
2026-09-14 07:06:00,77700.54,77700.54,77627.96,77632.01,20.35213
2026-09-14 07:09:00,77632.0,77664.01,77598.0,77664.01,15.64754
2026-09-14 07:12:00,77664.01,77670.0,77647.01,77667.63,10.31944
2026-09-14 07:15:00,77667.63,77732.01,77650.04,77717.23,20.36593
2026-09-14 07:18:00,77717.22,77749.99,77704.0,77718.0,32.56519
2026-09-14 07:21:00,77718.01,77736.98,77700.0,77735.72,10.24723
2026-09-14 07:24:00,77735.73,77747.68,77728.77,77728.78,10.48467
2026-09-14 07:27:00,77728.77,77736.01,77706.0,77711.88,20.3359
2026-09-14 07:30:00,77711.89,77719.75,77700.0,77712.0,15.3172
2026-09-14 07:33:00,77712.0,77714.84,77690.0,77714.84,16.74493
2026-09-14 07:36:00,77714.83,77777.0,77714.83,77776.99,22.98517
2026-09-14 07:39:00,77776.99,77801.87,77766.58,77787.34,34.81763
2026-09-14 07:42:00,77787.34,77886.06,77787.34,77858.35,35.06
2026-09-14 07:45:00,77858.34,77859.72,77788.28,77842.0,37.82644
2026-09-14 07:48:00,77842.0,77850.48,77819.99,77849.99,28.06175
2026-09-14 07:51:00,77849.99,77866.01,77822.71,77854.0,26.28822
2026-09-14 07:54:00,77854.0,77870.34,77843.67,77862.64,25.87878
2026-09-14 07:57:00,77862.64,77892.24,77847.39,77892.24,24.47043
2026-09-14 08:00:00,77892.24,77895.0,77788.28,77799.32,30.4918
2026-09-14 08:03:00,77799.31,77812.0,77705.83,77759.25,35.28214
2026-09-14 08:06:00,77759.25,77842.01,77759.25,77823.87,46.18492
2026-09-14 08:09:00,77823.87,77880.37,77786.0,77794.0,44.74828
2026-09-14 08:12:00,77794.01,77802.01,77764.0,77774.1,28.0698
2026-09-14 08:15:00,77774.09,77774.09,77696.67,77770.01,53.56933
2026-09-14 08:18:00,77770.0,77770.0,77716.0,77762.24,9.27926
2026-09-14 08:21:00,77762.25,77820.55,77762.24,77820.54,12.31476
2026-09-14 08:24:00,77820.54,77999.99,77796.78,77860.01,101.10558
2026-09-14 08:27:00,77860.01,77886.01,77760.0,77760.0,22.06764
2026-09-14 08:30:00,77760.0,77804.01,77724.28,77760.01,25.44901
2026-09-14 08:33:00,77760.01,77760.01,77704.92,77738.01,16.10703
2026-09-14 08:36:00,77738.01,77754.81,77714.36,77738.03,9.68509
2026-09-14 08:39:00,77738.02,77790.01,77738.02,77788.0,11.15759
2026-09-14 08:42:00,77788.01,77798.01,77739.14,77752.0,8.3418
2026-09-14 08:45:00,77752.01,77764.01,77671.57,77688.01,14.13346
2026-09-14 08:48:00,77688.01,77696.01,77654.0,77675.83,15.15375
2026-09-14 08:51:00,77675.83,77712.01,77670.0,77682.01,6.92929
2026-09-14 08:54:00,77682.01,77708.18,77667.22,77700.71,24.84231
2026-09-14 08:57:00,77700.7,77728.8,77688.5,77728.8,11.89355
2026-09-14 09:00:00,77728.8,77768.01,77728.8,77744.28,11.14606
2026-09-14 09:03:00,77744.29,77775.59,77735.98,77738.03,14.36039
2026-09-14 09:06:00,77738.03,77782.23,77703.47,77782.23,12.56702
2026-09-14 09:09:00,77782.22,77826.01,77741.48,77741.48,27.06267
2026-09-14 09:12:00,77741.49,77741.49,77703.47,77708.01,8.75401
2026-09-14 09:15:00,77708.01,77708.01,77638.09,77692.0,26.65078
2026-09-14 09:18:00,77692.0,77723.83,77655.15,77723.83,32.00778
2026-09-14 09:21:00,77723.84,77723.84,77633.23,77640.01,27.5207
2026-09-14 09:24:00,77640.0,77662.01,77593.8,77662.0,29.43648
2026-09-14 09:27:00,77662.01,77778.0,77649.38,77778.0,9.98409
2026-09-14 09:30:00,77778.0,77890.0,77777.99,77811.53,46.94065
2026-09-14 09:33:00,77811.53,77877.0,77808.41,77808.41,17.54252
2026-09-14 09:36:00,77808.42,77826.01,77793.15,77811.89,9.05458
2026-09-14 09:39:00,77811.89,77878.01,77802.0,77872.0,18.77396
2026-09-14 09:42:00,77872.01,77924.01,77872.0,77892.01,22.47103
2026-09-14 09:45:00,77892.0,78026.64,77892.0,77974.0,57.06468
2026-09-14 09:48:00,77974.01,78100.0,77930.38,78080.58,44.50476
2026-09-14 09:51:00,78080.59,78366.66,78080.0,78337.5,180.83787
2026-09-14 09:54:00,78337.5,78374.01,78184.18,78238.01,67.13029
2026-09-14 09:57:00,78238.0,78268.01,78114.0,78141.57,54.85593
2026-09-14 10:00:00,78141.57,78167.87,78042.0,78042.01,21.76256
2026-09-14 10:03:00,78042.0,78122.0,78038.37,78040.01,31.2504
2026-09-14 10:06:00,78040.01,78117.74,78040.01,78074.01,25.95347
2026-09-14 10:09:00,78074.0,78074.01,78024.0,78052.75,19.43837
2026-09-14 10:12:00,78052.74,78052.75,78014.21,78039.79,20.30414
2026-09-14 10:15:00,78039.8,78068.26,78000.0,78011.96,22.18707
2026-09-14 10:18:00,78011.96,78041.96,77979.28,77979.28,14.24459
2026-09-14 10:21:00,77979.29,78049.0,77968.75,78002.0,22.27097
2026-09-14 10:24:00,78002.0,78002.0,77945.67,77945.67,19.36741
2026-09-14 10:27:00,77945.67,77971.17,77938.66,77971.16,13.26043
2026-09-14 10:30:00,77971.17,77975.09,77928.12,77938.01,12.561
2026-09-14 10:33:00,77938.01,77949.45,77938.0,77948.01,12.69828
2026-09-14 10:36:00,77948.0,78000.0,77948.0,77970.28,10.05988
2026-09-14 10:39:00,77970.28,77970.28,77928.0,77966.0,10.53173
2026-09-14 10:42:00,77966.01,78000.0,77954.32,77954.32,15.79997
2026-09-14 10:45:00,77954.33,78006.01,77954.32,77992.28,12.08726
2026-09-14 10:48:00,77992.28,78024.0,77992.27,78018.0,6.41627
2026-09-14 10:51:00,78017.99,78017.99,77900.47,77915.81,32.25051
2026-09-14 10:54:00,77915.82,77960.01,77900.0,77956.0,11.90808
2026-09-14 10:57:00,77956.0,77956.01,77900.0,77906.6,9.80103
2026-09-14 11:00:00,77906.61,77924.02,77844.99,77845.0,62.14483
2026-09-14 11:03:00,77845.0,77845.0,77756.0,77782.05,30.18488
2026-09-14 11:06:00,77782.05,77802.01,77718.0,77748.0,33.19593
2026-09-14 11:09:00,77748.0,77803.52,77743.5,77803.51,9.77225
2026-09-14 11:12:00,77803.51,77803.52,77761.8,77761.8,9.43027
2026-09-14 11:15:00,77761.8,77776.99,77752.0,77776.99,10.65359
2026-09-14 11:18:00,77776.99,77836.01,77776.99,77836.0,16.32103
2026-09-14 11:21:00,77836.01,77850.48,77836.01,77849.22,4.11091
2026-09-14 11:24:00,77849.22,77893.78,77849.22,77868.0,8.68697
2026-09-14 11:27:00,77868.01,77912.01,77868.01,77910.75,10.57953
2026-09-14 11:30:00,77910.76,77920.01,77818.75,77818.76,27.10282
2026-09-14 11:33:00,77818.75,77818.76,77699.95,77727.29,29.53138
2026-09-14 11:36:00,77727.3,77828.01,77727.3,77813.8,23.84368
2026-09-14 11:39:00,77813.81,77849.59,77789.01,77807.4,7.63682
2026-09-14 11:42:00,77807.22,77838.01,77807.21,77824.99,7.30141
2026-09-14 11:45:00,77825.0,77836.01,77806.92,77806.93,6.6855
2026-09-14 11:48:00,77806.93,77808.0,77752.0,77752.0,14.0714
2026-09-14 11:51:00,77752.0,77753.67,77692.55,77692.55,9.67834
2026-09-14 11:54:00,77692.55,77736.0,77692.55,77735.99,16.35649
2026-09-14 11:57:00,77736.0,77777.84,77735.99,77776.0,17.29397
2026-09-14 12:00:00,77776.0,77826.01,77710.47,77808.01,18.78507
2026-09-14 12:03:00,77808.01,77850.48,77800.82,77826.01,8.91587
2026-09-14 12:06:00,77826.01,77846.01,77776.0,77816.91,13.61337
2026-09-14 12:09:00,77816.91,77834.01,77806.29,77834.01,18.62397
2026-09-14 12:12:00,77834.0,77844.01,77812.0,77831.35,6.48986
2026-09-14 12:15:00,77831.35,77922.01,77831.35,77912.18,19.37235
2026-09-14 12:18:00,77912.17,77939.3,77880.0,77880.0,16.85888
2026-09-14 12:21:00,77880.01,77950.0,77851.4,77947.77,27.88586
2026-09-14 12:24:00,77947.77,77979.26,77920.41,77924.0,21.76511
2026-09-14 12:27:00,77924.01,78000.0,77921.83,77999.99,30.64312
2026-09-14 12:30:00,77999.99,78052.73,77978.0,78051.94,19.08286
2026-09-14 12:33:00,78052.0,78082.67,77807.1,77850.47,37.66285
2026-09-14 12:36:00,77850.47,77882.01,77762.0,77864.0,39.2989
2026-09-14 12:39:00,77863.99,77914.01,77782.49,77855.15,27.7826
2026-09-14 12:42:00,77855.14,77958.01,77848.6,77918.01,17.54075
2026-09-14 12:45:00,77918.0,77930.01,77820.0,77836.0,12.73149
2026-09-14 12:48:00,77836.0,77836.01,77745.34,77745.35,15.67477
2026-09-14 12:51:00,77745.34,77750.0,77702.31,77702.31,18.46118
2026-09-14 12:54:00,77702.31,77709.99,77615.06,77644.47,30.07728
2026-09-14 12:57:00,77644.46,77698.01,77644.46,77698.01,15.12426
2026-09-14 13:00:00,77698.01,77709.08,77616.0,77630.59,25.37638
2026-09-14 13:03:00,77630.59,77736.01,77619.99,77650.01,37.49383
2026-09-14 13:06:00,77650.01,77650.01,77481.98,77482.0,85.72693
2026-09-14 13:09:00,77482.0,77696.01,77481.99,77696.01,30.90329
2026-09-14 13:12:00,77696.01,77734.01,77664.64,77714.01,24.04184
2026-09-14 13:15:00,77714.01,77850.48,77714.01,77838.26,78.70645
2026-09-14 13:18:00,77838.27,77850.81,77766.0,77812.0,19.77723
2026-09-14 13:21:00,77812.0,77840.01,77800.0,77807.25,12.5613
2026-09-14 13:24:00,77807.26,77821.57,77766.0,77815.51,18.57364
2026-09-14 13:27:00,77815.5,77860.3,77812.0,77860.3,16.60345
2026-09-14 13:30:00,77860.74,78135.56,77840.0,78111.5,100.01221
2026-09-14 13:33:00,78110.25,78257.0,78084.0,78134.0,100.47639
2026-09-14 13:36:00,78134.0,78226.0,77874.0,78154.0,112.63917
2026-09-14 13:39:00,78154.0,78158.01,77908.0,77997.98,49.46356
2026-09-14 13:42:00,77997.98,78181.0,77980.0,78150.01,52.86293
2026-09-14 13:45:00,78150.01,78347.73,78128.16,78318.51,76.85835
2026-09-14 13:48:00,78318.51,78490.0,78312.0,78362.5,159.96335
2026-09-14 13:51:00,78362.5,78390.0,78197.58,78319.99,48.77894
2026-09-14 13:54:00,78319.99,78320.0,78122.0,78152.0,50.83213
2026-09-14 13:57:00,78152.01,78248.01,78054.0,78168.01,39.59437
2026-09-14 14:00:00,78168.01,78348.87,78164.01,78332.01,43.19746
2026-09-14 14:03:00,78332.01,78456.84,78323.6,78323.61,71.98636
2026-09-14 14:06:00,78323.6,78355.0,78300.0,78305.16,23.7346
2026-09-14 14:09:00,78305.15,78518.55,78305.15,78409.78,86.22133
2026-09-14 14:12:00,78409.78,78532.01,78377.9,78512.0,55.45231
2026-09-14 14:15:00,78512.0,78600.0,78504.0,78587.86,119.85925
2026-09-14 14:18:00,78587.86,78649.17,78487.61,78540.73,104.00385
2026-09-14 14:21:00,78540.72,78540.73,78362.0,78410.75,84.77603
2026-09-14 14:24:00,78410.75,78412.01,78212.0,78230.81,50.29443
2026-09-14 14:27:00,78230.81,78463.23,78230.8,78398.01,44.4856
2026-09-14 14:30:00,78398.01,78712.29,78376.5,78652.0,169.26837
2026-09-14 14:33:00,78651.85,78674.01,78500.0,78500.0,55.11433
2026-09-14 14:36:00,78500.01,78509.1,78412.0,78433.58,29.93169
2026-09-14 14:39:00,78433.59,78487.62,78388.05,78415.96,61.11579
2026-09-14 14:42:00,78415.96,78438.01,78340.57,78424.31,31.11981
2026-09-14 14:45:00,78424.31,78535.09,78402.0,78438.01,56.74245
2026-09-14 14:48:00,78438.01,78623.06,78438.01,78568.01,51.93326
2026-09-14 14:51:00,78568.01,78582.0,78438.8,78453.31,34.17021
2026-09-14 14:54:00,78453.31,78574.01,78429.14,78441.23,54.49886
2026-09-14 14:57:00,78441.22,78619.96,78441.22,78521.06,77.34198
2026-09-14 15:00:00,78521.05,78521.06,78353.0,78402.01,62.40646
2026-09-14 15:03:00,78402.0,78503.3,78301.41,78460.01,97.33592
2026-09-14 15:06:00,78460.01,78588.0,78460.01,78554.72,40.26324
2026-09-14 15:09:00,78554.72,78584.01,78392.0,78403.98,30.8578
2026-09-14 15:12:00,78403.98,78510.01,78376.0,78502.01,22.0438
2026-09-14 15:15:00,78502.0,78602.25,78438.0,78529.13,45.88626
2026-09-14 15:18:00,78529.13,78586.01,78494.0,78519.87,44.26672
2026-09-14 15:21:00,78519.87,78552.01,78484.0,78485.99,49.50155
2026-09-14 15:24:00,78485.99,78531.52,78457.45,78470.01,54.44783
2026-09-14 15:27:00,78470.01,78470.01,78401.0,78407.67,17.22844
2026-09-14 15:30:00,78407.67,78498.01,78372.0,78492.01,51.37576
2026-09-14 15:33:00,78492.01,78562.01,78406.45,78406.45,52.81252
2026-09-14 15:36:00,78406.45,78509.1,78342.0,78440.01,36.64171
2026-09-14 15:39:00,78440.0,78522.91,78400.0,78522.91,55.24366
2026-09-14 15:42:00,78522.9,78612.01,78508.0,78559.25,49.42506
2026-09-14 15:45:00,78559.26,78562.01,78360.0,78371.84,29.50527
2026-09-14 15:48:00,78372.0,78580.35,78372.0,78554.0,65.67902
2026-09-14 15:51:00,78554.0,78684.01,78548.0,78634.76,37.67701
2026-09-14 15:54:00,78634.76,78644.01,78555.55,78604.01,49.77825
2026-09-14 15:57:00,78604.0,78621.68,78556.0,78578.02,19.38107
2026-09-14 16:00:00,78578.02,78605.85,78502.29,78502.29,29.26318
2026-09-14 16:03:00,78502.3,78502.3,78450.0,78469.03,27.83706
2026-09-14 16:06:00,78469.03,78500.0,78434.66,78434.67,14.86204
2026-09-14 16:09:00,78434.67,78504.01,78434.66,78478.0,18.01377
2026-09-14 16:12:00,78478.01,78478.01,78426.17,78433.76,16.62603
2026-09-14 16:15:00,78433.76,78650.0,78433.76,78650.0,50.09356
2026-09-14 16:18:00,78650.0,78880.01,78649.99,78748.94,150.11804
2026-09-14 16:21:00,78748.94,78876.01,78738.0,78836.84,41.85404
2026-09-14 16:24:00,78836.84,78882.01,78659.55,78659.55,41.25516
2026-09-14 16:27:00,78659.55,78706.16,78612.0,78662.18,21.43586
2026-09-14 16:30:00,78662.19,78751.24,78662.18,78676.0,32.50527
2026-09-14 16:33:00,78676.0,78695.33,78652.0,78661.02,12.62588
2026-09-14 16:36:00,78661.02,78670.01,78622.05,78670.01,25.70044
2026-09-14 16:39:00,78670.0,78693.77,78640.67,78647.95,24.35818
2026-09-14 16:42:00,78647.94,78647.95,78622.0,78638.0,5.49183
2026-09-14 16:45:00,78638.0,78800.0,78638.0,78799.99,34.09519
2026-09-14 16:48:00,78800.0,78854.01,78768.0,78847.65,30.73729
2026-09-14 16:51:00,78847.66,78904.72,78798.0,78798.01,38.68798
2026-09-14 16:54:00,78798.01,78860.0,78774.0,78819.44,34.63283
2026-09-14 16:57:00,78819.44,78851.88,78764.0,78769.42,12.93641
2026-09-14 17:00:00,78769.42,78810.38,78734.96,78804.0,19.36221
2026-09-14 17:03:00,78804.0,78820.01,78788.0,78802.36,10.08177
2026-09-14 17:06:00,78802.36,78890.01,78750.0,78814.0,26.70119
2026-09-14 17:09:00,78814.0,78832.01,78782.0,78824.9,31.95853
2026-09-14 17:12:00,78824.9,78830.0,78806.0,78828.01,16.14802
2026-09-14 17:15:00,78828.0,78874.68,78824.0,78874.67,67.74258
2026-09-14 17:18:00,78874.68,78885.88,78787.42,78878.01,43.06965
2026-09-14 17:21:00,78878.0,78950.0,78816.0,78939.46,40.66174
2026-09-14 17:24:00,78939.45,78985.76,78888.0,78926.15,47.98134
2026-09-14 17:27:00,78926.15,78953.32,78847.99,78887.16,37.24651
2026-09-14 17:30:00,78887.16,78899.74,78813.67,78813.67,15.14855
2026-09-14 17:33:00,78813.61,78822.01,78698.37,78774.0,25.51592
2026-09-14 17:36:00,78774.01,78817.57,78770.0,78817.57,14.21868
2026-09-14 17:39:00,78817.56,78828.37,78801.72,78820.53,21.17898
2026-09-14 17:42:00,78820.53,78848.01,78818.38,78845.36,20.25255
2026-09-14 17:45:00,78845.37,78894.02,78832.0,78894.01,33.21789
2026-09-14 17:48:00,78894.01,79007.9,78894.01,78928.31,61.16841
2026-09-14 17:51:00,78928.31,78973.28,78902.8,78966.26,44.70366
2026-09-14 17:54:00,78966.25,79048.44,78946.1,78950.0,33.09245
2026-09-14 17:57:00,78950.01,78950.01,78893.24,78937.98,40.79271
2026-09-14 18:00:00,78937.98,78960.01,78893.25,78893.26,100.12394
2026-09-14 18:03:00,78893.25,78972.01,78893.25,78914.01,25.52669
2026-09-14 18:06:00,78914.0,79000.0,78914.0,78986.01,21.87933
2026-09-14 18:09:00,78986.01,78988.01,78880.0,78880.0,34.47094
2026-09-14 18:12:00,78880.0,78891.37,78848.18,78848.19,12.50163
2026-09-14 18:15:00,78848.18,78899.72,78844.0,78876.97,35.29684
2026-09-14 18:18:00,78876.97,79120.0,78838.57,79071.7,96.50262
2026-09-14 18:21:00,79071.71,79253.73,79071.7,79156.9,102.9087
2026-09-14 18:24:00,79156.9,79223.12,79084.0,79166.44,49.09499
2026-09-14 18:27:00,79166.44,79218.74,79133.77,79135.72,38.57644
2026-09-14 18:30:00,79135.72,79199.0,79128.46,79199.0,25.97406
2026-09-14 18:33:00,79198.99,79224.01,79144.3,79145.02,25.10057
2026-09-14 18:36:00,79145.03,79198.01,79108.16,79108.16,32.32313
2026-09-14 18:39:00,79108.16,79108.17,79034.46,79058.41,27.41996
2026-09-14 18:42:00,79058.42,79240.02,78990.0,79181.83,69.72341
2026-09-14 18:45:00,79181.83,79284.01,79180.26,79252.01,58.60841
2026-09-14 18:48:00,79252.01,79325.0,79228.0,79250.01,54.69992
2026-09-14 18:51:00,79250.0,79250.0,79188.06,79229.41,37.52478
2026-09-14 18:54:00,79229.4,79235.72,79177.12,79204.11,29.45479
2026-09-14 18:57:00,79204.11,79264.01,79197.9,79226.01,16.40576
2026-09-14 19:00:00,79226.0,79226.0,79122.46,79122.46,33.80438
2026-09-14 19:03:00,79122.46,79122.47,79040.75,79058.72,17.15849
2026-09-14 19:06:00,79058.73,79118.85,79021.97,79021.97,33.62464
2026-09-14 19:09:00,79021.83,79086.44,79014.0,79086.43,39.15737
2026-09-14 19:12:00,79086.44,79126.01,79072.09,79072.09,12.44407
2026-09-14 19:15:00,79072.1,79131.19,79072.1,79112.0,23.21533
2026-09-14 19:18:00,79112.0,79208.13,79108.86,79189.27,19.87009
2026-09-14 19:21:00,79189.28,79196.01,79165.9,79196.0,8.11035
2026-09-14 19:24:00,79196.01,79227.69,79164.0,79191.88,15.02449
2026-09-14 19:27:00,79191.87,79227.69,79143.03,79143.03,22.58706
2026-09-14 19:30:00,79143.03,79184.01,79096.16,79156.0,49.00483
2026-09-14 19:33:00,79156.0,79172.01,79094.0,79129.65,31.79856
2026-09-14 19:36:00,79129.64,79129.65,78951.67,78961.78,46.77708
2026-09-14 19:39:00,78962.01,79053.39,78962.01,79053.39,18.602
2026-09-14 19:42:00,79053.39,79136.01,79053.38,79136.0,31.6744
2026-09-14 19:45:00,79136.0,79150.01,79122.35,79142.24,26.72327
2026-09-14 19:48:00,79142.24,79142.24,79063.84,79077.54,21.19082
2026-09-14 19:51:00,79077.54,79082.01,79043.09,79045.63,11.05999
2026-09-14 19:54:00,79045.63,79060.55,78989.29,78989.29,22.40035
2026-09-14 19:57:00,78989.29,79017.25,78981.99,78982.0,15.58339
2026-09-14 20:00:00,78982.01,79012.01,78978.56,79002.01,14.24709
2026-09-14 20:03:00,79002.01,79050.0,79002.0,79049.99,7.30477
2026-09-14 20:06:00,79050.0,79050.0,79010.98,79042.01,9.81296
2026-09-14 20:09:00,79042.0,79050.0,79030.01,79049.99,6.76836
2026-09-14 20:12:00,79049.99,79227.69,79049.99,79184.0,61.79492
2026-09-14 20:15:00,79184.0,79379.65,79184.0,79379.64,42.10677
2026-09-14 20:18:00,79379.64,79447.38,79335.52,79421.02,58.17775
2026-09-14 20:21:00,79421.02,79600.0,79401.25,79493.45,96.34406
2026-09-14 20:24:00,79493.45,79514.01,79348.06,79373.81,42.6561
2026-09-14 20:27:00,79373.82,79442.11,79332.9,79438.0,31.599
2026-09-14 20:30:00,79438.0,79474.01,79366.46,79376.0,29.1561
2026-09-14 20:33:00,79376.0,79489.97,79363.1,79423.41,84.49634
2026-09-14 20:36:00,79423.4,79424.01,79377.08,79384.01,11.10914
2026-09-14 20:39:00,79384.01,79438.13,79377.2,79438.13,16.00349
2026-09-14 20:42:00,79438.12,79438.13,79334.84,79334.84,18.18148
2026-09-14 20:45:00,79334.84,79382.01,79304.69,79332.02,18.56143
2026-09-14 20:48:00,79332.01,79332.01,79219.29,79219.29,25.17222
2026-09-14 20:51:00,79219.29,79275.79,79206.34,79268.87,11.65989
2026-09-14 20:54:00,79268.87,79268.88,79131.47,79139.59,14.80978
2026-09-14 20:57:00,79139.59,79156.02,79088.0,79100.0,23.02949
2026-09-14 21:00:00,79100.0,79117.93,78761.27,78899.26,120.10037
2026-09-14 21:03:00,78899.26,78970.96,78851.01,78954.07,49.85785
2026-09-14 21:06:00,78954.06,79021.61,78951.41,79021.6,47.69362
2026-09-14 21:09:00,79021.61,79021.61,78912.03,78912.03,36.23353
2026-09-14 21:12:00,78912.03,78931.72,78850.0,78890.96,24.95637
2026-09-14 21:15:00,78890.95,78891.92,78815.91,78830.3,16.7955
2026-09-14 21:18:00,78830.3,78966.35,78830.3,78966.34,51.58768
2026-09-14 21:21:00,78966.35,78989.28,78950.0,78983.86,13.85557
2026-09-14 21:24:00,78983.86,78983.87,78880.0,78901.58,27.176
2026-09-14 21:27:00,78901.57,78948.02,78888.61,78907.23,29.91648
2026-09-14 21:30:00,78907.24,78960.47,78907.24,78926.47,10.01476
2026-09-14 21:33:00,78926.48,78926.48,78848.01,78848.01,23.01026
2026-09-14 21:36:00,78848.0,78848.01,78782.0,78803.02,35.05064
2026-09-14 21:39:00,78803.03,78866.01,78803.03,78866.0,15.721
2026-09-14 21:42:00,78866.0,78870.0,78817.13,78817.47,14.6454
2026-09-14 21:45:00,78817.48,78832.01,78787.81,78815.67,16.91466
2026-09-14 21:48:00,78815.66,78826.0,78793.23,78824.02,10.85477
2026-09-14 21:51:00,78824.02,78824.02,78769.84,78770.51,9.33842
2026-09-14 21:54:00,78770.5,78800.0,78766.0,78794.0,10.34109
2026-09-14 21:57:00,78794.01,78794.01,78746.0,78757.83,10.09349
2026-09-14 22:00:00,78757.82,78780.92,78730.99,78766.01,17.40631
2026-09-14 22:03:00,78766.0,78766.0,78716.27,78758.01,13.01997
2026-09-14 22:06:00,78758.0,78780.67,78718.0,78780.67,11.81363
2026-09-14 22:09:00,78780.67,78835.15,78770.0,78806.81,24.02358
2026-09-14 22:12:00,78806.82,78854.01,78806.82,78827.34,26.564
2026-09-14 22:15:00,78827.34,78836.45,78761.5,78761.51,11.92529
2026-09-14 22:18:00,78761.5,78761.51,78654.52,78659.9,30.34499
2026-09-14 22:21:00,78659.9,78659.91,78581.16,78581.16,33.3131
2026-09-14 22:24:00,78581.17,78632.01,78568.14,78604.01,34.25377
2026-09-14 22:27:00,78604.0,78604.0,78511.0,78590.0,20.27515
2026-09-14 22:30:00,78590.01,78593.02,78524.03,78563.09,27.25036
2026-09-14 22:33:00,78563.09,78566.26,78520.0,78541.05,18.53473
2026-09-14 22:36:00,78541.05,78627.79,78541.05,78600.65,34.2426
2026-09-14 22:39:00,78600.66,78659.9,78591.97,78638.32,40.634
2026-09-14 22:42:00,78638.32,78673.06,78638.32,78655.1,10.5447
2026-09-14 22:45:00,78655.09,78657.46,78572.51,78596.37,17.26633
2026-09-14 22:48:00,78596.38,78609.49,78566.0,78584.0,21.22998
2026-09-14 22:51:00,78584.01,78592.01,78562.62,78572.0,13.41248
2026-09-14 22:54:00,78572.0,78580.9,78560.57,78560.57,9.30637
2026-09-14 22:57:00,78560.57,78560.58,78557.98,78557.98,4.41618
2026-09-14 23:00:00,78557.99,78568.01,78505.23,78505.24,17.84393
2026-09-14 23:03:00,78505.24,78505.24,78442.97,78442.97,32.0698
2026-09-14 23:06:00,78442.97,78442.98,78353.5,78424.0,36.70534
2026-09-14 23:09:00,78424.0,78446.01,78413.93,78442.01,6.43459
2026-09-14 23:12:00,78442.01,78442.01,78425.8,78425.8,7.85353
2026-09-14 23:15:00,78425.8,78469.48,78409.13,78411.79,15.98997
2026-09-14 23:18:00,78411.78,78411.79,78372.8,78393.67,10.52023
2026-09-14 23:21:00,78393.67,78411.78,78364.3,78411.77,18.28987
2026-09-14 23:24:00,78411.77,78455.91,78408.33,78428.85,14.54114
2026-09-14 23:27:00,78428.86,78450.01,78377.33,78394.65,67.93328
2026-09-14 23:30:00,78394.14,78394.15,78294.67,78313.85,22.62804
2026-09-14 23:33:00,78313.85,78313.85,78285.21,78285.21,9.21379
2026-09-14 23:36:00,78285.22,78291.47,78260.0,78291.47,8.92666
2026-09-14 23:39:00,78291.47,78342.48,78288.65,78328.48,10.31875
2026-09-14 23:42:00,78328.48,78348.01,78311.18,78311.18,15.2269
2026-09-14 23:45:00,78311.19,78311.19,78283.28,78283.29,5.81098
2026-09-14 23:48:00,78283.28,78302.45,78250.01,78250.01,7.31496
2026-09-14 23:51:00,78250.01,78252.0,78131.3,78212.71,55.01137
2026-09-14 23:54:00,78212.71,78212.71,78161.2,78168.69,12.78597
2026-09-14 23:57:00,78168.68,78208.73,78166.92,78189.21,57.53987
2026-09-15 00:00:00,78189.2,78238.4,78176.65,78221.01,21.05652
2026-09-15 00:03:00,78221.02,78221.02,78142.99,78150.28,18.20596
2026-09-15 00:06:00,78150.29,78197.81,78131.3,78197.8,21.25954
2026-09-15 00:09:00,78197.8,78250.46,78134.38,78134.39,37.88137
2026-09-15 00:12:00,78134.38,78159.68,78120.0,78121.25,15.82917
2026-09-15 00:15:00,78121.25,78130.01,78100.15,78100.45,16.04884
2026-09-15 00:18:00,78100.44,78100.45,78009.49,78041.75,32.22646
2026-09-15 00:21:00,78041.75,78095.96,78021.99,78066.29,16.18041
2026-09-15 00:24:00,78066.23,78066.23,78001.0,78059.0,21.33788
2026-09-15 00:27:00,78058.99,78058.99,78000.0,78017.99,12.91391
2026-09-15 00:30:00,78017.99,78054.0,78002.52,78002.53,17.60007
2026-09-15 00:33:00,78002.53,78071.58,77990.0,78071.58,37.71779
2026-09-15 00:36:00,78071.57,78093.6,77968.99,78012.77,34.07393
2026-09-15 00:39:00,78012.77,78025.47,77996.8,78021.72,8.72629
2026-09-15 00:42:00,78021.71,78021.72,77941.18,77965.63,25.59518
2026-09-15 00:45:00,77965.09,78014.02,77952.69,77955.21,15.58387
2026-09-15 00:48:00,77955.22,78006.18,77943.97,77984.03,28.89672
2026-09-15 00:51:00,77984.04,78024.26,77976.4,77981.96,37.0829
2026-09-15 00:54:00,77981.96,77998.22,77950.41,77974.49,16.40756
2026-09-15 00:57:00,77974.49,77974.5,77945.96,77952.93,11.75465
2026-09-15 01:00:00,77952.92,77952.93,77841.29,77868.88,54.52799
2026-09-15 01:03:00,77868.87,77868.88,77808.93,77822.06,20.1841
2026-09-15 01:06:00,77822.06,77873.25,77805.45,77805.46,25.31382
2026-09-15 01:09:00,77805.45,77854.93,77750.0,77846.73,45.76975
2026-09-15 01:12:00,77846.74,77853.78,77801.61,77828.1,32.3167
2026-09-15 01:15:00,77828.1,77902.61,77800.0,77900.88,20.39113
2026-09-15 01:18:00,77900.89,77918.87,77835.83,77912.8,24.20869
2026-09-15 01:21:00,77912.79,78021.78,77894.71,78000.99,29.23837
2026-09-15 01:24:00,78000.99,78030.79,77952.92,77952.92,76.70872
2026-09-15 01:27:00,77952.93,77952.93,77811.48,77856.46,26.70971
2026-09-15 01:30:00,77856.47,78013.93,77845.16,78013.93,28.60857
2026-09-15 01:33:00,78013.92,78013.93,77937.98,77964.12,10.44092
2026-09-15 01:36:00,77964.13,77987.62,77936.0,77987.61,11.24633
2026-09-15 01:39:00,77987.61,77995.42,77957.1,77976.62,11.745
2026-09-15 01:42:00,77976.62,78024.84,77976.61,78017.52,8.58022
2026-09-15 01:45:00,78017.51,78017.52,77936.42,78000.59,20.95864
2026-09-15 01:48:00,78000.58,78080.0,77998.46,78049.31,25.69569
2026-09-15 01:51:00,78049.32,78049.32,77976.72,77991.54,9.43252
2026-09-15 01:54:00,77991.54,78011.94,77980.0,77993.01,15.64619
2026-09-15 01:57:00,77993.01,77993.01,77917.85,77917.86,6.60071
2026-09-15 02:00:00,77917.86,77970.27,77896.9,77967.76,13.64067
2026-09-15 02:03:00,77967.77,77967.77,77913.37,77941.25,12.86752
2026-09-15 02:06:00,77941.25,77944.69,77874.91,77944.69,7.92263
2026-09-15 02:09:00,77944.69,78008.88,77944.68,77998.58,6.04127
2026-09-15 02:12:00,77998.58,78015.77,77986.34,77986.34,8.71463
2026-09-15 02:15:00,77986.35,77992.4,77956.19,77968.15,8.07014
2026-09-15 02:18:00,77968.15,77968.15,77916.15,77916.15,9.74801
2026-09-15 02:21:00,77916.15,77971.29,77915.64,77971.29,10.77246
2026-09-15 02:24:00,77971.29,78011.26,77971.28,78009.03,11.1586
2026-09-15 02:27:00,78009.02,78018.04,77944.74,77956.59,6.1926
2026-09-15 02:30:00,77956.58,77959.94,77931.02,77937.75,13.78029
2026-09-15 02:33:00,77937.75,77956.45,77900.0,77906.1,10.27897
2026-09-15 02:36:00,77906.1,77906.1,77842.14,77878.47,21.58094
2026-09-15 02:39:00,77878.47,77905.98,77861.05,77861.06,11.6825
2026-09-15 02:42:00,77861.05,77887.1,77850.78,77878.5,9.21233
2026-09-15 02:45:00,77878.5,77878.51,77851.77,77851.77,6.21549
2026-09-15 02:48:00,77851.78,77866.76,77820.0,77831.88,19.16315
2026-09-15 02:51:00,77831.87,77881.61,77776.25,77865.78,18.85657
2026-09-15 02:54:00,77865.78,77919.4,77850.43,77893.59,34.73364
2026-09-15 02:57:00,77893.58,77919.44,77888.74,77913.72,20.4441
2026-09-15 03:00:00,77913.73,77913.73,77784.33,77792.4,31.3071
2026-09-15 03:03:00,77792.4,77833.33,77772.1,77781.32,22.89606
2026-09-15 03:06:00,77781.32,77858.52,77766.67,77786.84,30.42326
2026-09-15 03:09:00,77786.84,77816.7,77705.0,77705.01,26.26066
2026-09-15 03:12:00,77705.01,77739.52,77702.0,77720.01,15.07674
2026-09-15 03:15:00,77720.01,77780.43,77708.81,77741.29,38.85793
2026-09-15 03:18:00,77741.29,77799.71,77731.03,77799.7,12.51698
2026-09-15 03:21:00,77799.71,77842.17,77795.01,77835.36,11.09795
2026-09-15 03:24:00,77835.36,77843.78,77825.65,77825.66,7.18672
2026-09-15 03:27:00,77825.66,77842.89,77825.65,77842.88,11.03261
2026-09-15 03:30:00,77842.88,77842.89,77803.72,77842.75,7.80069
2026-09-15 03:33:00,77842.75,77849.1,77834.65,77836.07,13.12055
2026-09-15 03:36:00,77836.08,77864.46,77830.79,77841.36,11.02745
2026-09-15 03:39:00,77841.35,77841.36,77811.57,77812.83,7.33116
2026-09-15 03:42:00,77812.83,77816.98,77777.8,77801.75,13.22175
2026-09-15 03:45:00,77801.76,77811.25,77778.15,77778.16,8.67016
2026-09-15 03:48:00,77778.16,77778.16,77740.0,77740.0,9.96364
2026-09-15 03:51:00,77740.01,77770.95,77740.0,77748.0,17.67909
2026-09-15 03:54:00,77748.01,77748.01,77677.0,77677.0,20.01999
2026-09-15 03:57:00,77677.0,77677.0,77658.0,77676.99,54.9868
2026-09-15 04:00:00,77676.99,77720.82,77661.23,77698.0,24.23574
2026-09-15 04:03:00,77698.0,77744.31,77684.0,77741.81,10.73891
2026-09-15 04:06:00,77741.82,77741.82,77640.0,77653.59,71.93587
2026-09-15 04:09:00,77653.59,77673.99,77640.0,77664.84,80.05643
2026-09-15 04:12:00,77664.85,77678.84,77630.87,77642.39,89.52412
2026-09-15 04:15:00,77642.38,77672.02,77642.0,77642.0,90.0207
2026-09-15 04:18:00,77641.99,77673.78,77638.52,77662.0,77.52154
2026-09-15 04:21:00,77662.01,77686.01,77634.17,77634.18,89.12998
2026-09-15 04:24:00,77634.18,77634.18,77555.8,77601.87,72.98144
2026-09-15 04:27:00,77601.87,77636.01,77597.45,77624.21,25.04405
2026-09-15 04:30:00,77624.22,77665.97,77567.6,77571.14,17.98398
2026-09-15 04:33:00,77571.14,77591.0,77550.0,77568.85,36.5882
2026-09-15 04:36:00,77568.85,77572.01,77542.0,77572.01,12.76402
2026-09-15 04:39:00,77572.0,77634.94,77552.0,77626.01,22.89383
2026-09-15 04:42:00,77626.01,77650.0,77626.0,77646.65,8.83582
2026-09-15 04:45:00,77646.64,77646.65,77613.98,77616.74,14.96212
2026-09-15 04:48:00,77616.75,77616.75,77600.0,77600.0,12.24509
2026-09-15 04:51:00,77600.01,77600.01,77577.16,77577.17,14.10723
2026-09-15 04:54:00,77577.16,77594.01,77577.16,77586.51,6.20306
2026-09-15 04:57:00,77586.51,77586.51,77567.11,77567.12,6.91871
2026-09-15 05:00:00,77567.11,77611.4,77561.06,77611.4,9.75505
2026-09-15 05:03:00,77611.4,77646.01,77604.75,77646.01,9.80168
2026-09-15 05:06:00,77646.0,77646.01,77616.0,77622.82,9.20757
2026-09-15 05:09:00,77622.81,77622.82,77425.9,77500.01,85.55024
2026-09-15 05:12:00,77500.01,77500.01,77300.01,77409.46,63.61634
2026-09-15 05:15:00,77409.47,77458.01,77324.43,77324.43,23.23501
2026-09-15 05:18:00,77324.44,77398.01,77324.43,77398.01,20.87426
2026-09-15 05:21:00,77398.01,77422.01,77362.0,77376.0,16.06363
2026-09-15 05:24:00,77376.01,77416.01,77375.12,77416.0,23.28288
2026-09-15 05:27:00,77416.0,77466.01,77416.0,77465.99,7.85127
2026-09-15 05:30:00,77466.0,77466.0,77432.0,77450.0,10.48652
2026-09-15 05:33:00,77450.0,77472.01,77436.0,77436.01,12.01239
2026-09-15 05:36:00,77436.01,77442.39,77378.0,77378.0,9.46578
2026-09-15 05:39:00,77378.01,77485.64,77378.0,77485.63,20.79489
2026-09-15 05:42:00,77485.63,77500.0,77448.01,77462.0,16.70874
2026-09-15 05:45:00,77462.01,77488.01,77462.0,77488.0,8.06001
2026-09-15 05:48:00,77488.01,77525.95,77488.01,77516.19,31.90014
2026-09-15 05:51:00,77517.0,77608.49,77517.0,77600.0,32.55758
2026-09-15 05:54:00,77600.0,77619.82,77567.44,77619.81,22.16725
2026-09-15 05:57:00,77619.81,77666.66,77619.81,77630.0,28.40671
2026-09-15 06:00:00,77630.0,77725.71,77630.0,77715.46,19.142
2026-09-15 06:03:00,77715.45,77727.83,77682.0,77682.0,19.09414
2026-09-15 06:06:00,77682.0,77682.0,77654.0,77674.01,9.0699
2026-09-15 06:09:00,77674.0,77674.01,77589.4,77589.41,10.36331
2026-09-15 06:12:00,77589.4,77603.13,77573.55,77573.56,18.67377
2026-09-15 06:15:00,77573.55,77599.22,77572.21,77594.01,8.85226
2026-09-15 06:18:00,77594.01,77594.01,77536.0,77536.0,7.56034
2026-09-15 06:21:00,77536.0,77536.01,77474.0,77474.0,15.20207
2026-09-15 06:24:00,77474.0,77474.01,77422.08,77422.08,16.53264
2026-09-15 06:27:00,77422.09,77422.09,77392.26,77410.16,14.78015
2026-09-15 06:30:00,77410.16,77446.01,77403.06,77442.01,18.64601
2026-09-15 06:33:00,77442.01,77442.01,77408.82,77434.01,12.82522
2026-09-15 06:36:00,77434.01,77434.01,77416.0,77428.04,6.32275
2026-09-15 06:39:00,77428.04,77442.14,77400.0,77442.13,22.19623
2026-09-15 06:42:00,77442.14,77450.38,77423.45,77442.76,15.25196
2026-09-15 06:45:00,77442.75,77446.01,77380.0,77380.0,22.08846
2026-09-15 06:48:00,77380.0,77380.01,77260.01,77276.04,48.62278
2026-09-15 06:51:00,77276.03,77299.5,77203.82,77211.55,37.82805
2026-09-15 06:54:00,77211.56,77247.12,77191.02,77244.51,23.75461
2026-09-15 06:57:00,77244.51,77286.71,77244.5,77286.7,14.65428
2026-09-15 07:00:00,77286.71,77300.01,77234.37,77254.44,37.15429
2026-09-15 07:03:00,77254.44,77310.71,77239.59,77250.01,15.20257
2026-09-15 07:06:00,77250.01,77250.01,77164.57,77194.55,25.05012
2026-09-15 07:09:00,77194.55,77275.33,77194.54,77220.9,37.94807
2026-09-15 07:12:00,77220.9,77270.11,77193.54,77218.0,28.08647
2026-09-15 07:15:00,77217.99,77256.11,77193.56,77242.46,37.08145
2026-09-15 07:18:00,77242.47,77308.61,77242.46,77304.89,32.87049
2026-09-15 07:21:00,77304.88,77308.34,77253.38,77276.84,63.35048
2026-09-15 07:24:00,77276.84,77309.65,77275.28,77280.87,11.91308
2026-09-15 07:27:00,77280.87,77285.84,77279.54,77279.55,7.63158
2026-09-15 07:30:00,77279.55,77279.55,77200.0,77200.02,24.97176
2026-09-15 07:33:00,77200.02,77200.02,77019.79,77139.36,134.06118
2026-09-15 07:36:00,77139.36,77177.29,77099.19,77115.91,39.61972
2026-09-15 07:39:00,77115.91,77123.94,77041.17,77043.48,35.2645
2026-09-15 07:42:00,77043.48,77065.88,77019.79,77034.28,31.81868
2026-09-15 07:45:00,77034.29,77099.02,77025.93,77025.93,54.11484
2026-09-15 07:48:00,77025.94,77040.88,77000.0,77000.0,55.82457
2026-09-15 07:51:00,77000.01,77000.01,76911.99,76915.0,101.69715
2026-09-15 07:54:00,76915.01,76918.45,76889.22,76911.52,66.28582
2026-09-15 07:57:00,76911.52,76946.1,76889.22,76930.01,44.19948
2026-09-15 08:00:00,76930.0,76938.31,76840.67,76844.74,75.47706
2026-09-15 08:03:00,76844.74,76919.78,76841.69,76845.99,37.86646
2026-09-15 08:06:00,76845.98,76845.99,76730.0,76746.38,61.93268
2026-09-15 08:09:00,76746.38,76774.09,76703.59,76738.01,44.96108
2026-09-15 08:12:00,76738.0,76812.0,76717.58,76810.01,74.0144
2026-09-15 08:15:00,76810.01,76845.3,76707.62,76736.62,42.85229
2026-09-15 08:18:00,76736.62,76842.37,76717.35,76830.01,32.0584
2026-09-15 08:21:00,76830.0,76857.99,76787.22,76839.44,36.85311
2026-09-15 08:24:00,76839.43,76885.21,76800.01,76852.92,40.50234
2026-09-15 08:27:00,76852.91,76881.05,76830.0,76856.01,41.41747
2026-09-15 08:30:00,76856.01,76894.67,76845.92,76882.0,25.41023
2026-09-15 08:33:00,76881.99,76882.01,76861.53,76870.0,20.41468
2026-09-15 08:36:00,76870.0,76870.01,76832.0,76837.32,24.56607
2026-09-15 08:39:00,76837.31,76866.89,76834.0,76854.61,46.78887
2026-09-15 08:42:00,76854.6,76874.97,76844.0,76844.0,19.07779
2026-09-15 08:45:00,76844.01,76895.06,76844.0,76895.06,14.52635
2026-09-15 08:48:00,76895.05,76934.2,76858.0,76921.93,39.34388
2026-09-15 08:51:00,76921.94,76928.6,76876.37,76924.29,23.53037
2026-09-15 08:54:00,76924.29,76969.53,76923.61,76960.01,20.60468
2026-09-15 08:57:00,76960.01,77007.84,76959.14,77000.01,32.34572
2026-09-15 09:00:00,77000.01,77000.01,76902.0,76920.0,22.00667
2026-09-15 09:03:00,76920.0,76965.54,76920.0,76926.01,11.35139
2026-09-15 09:06:00,76926.01,76935.43,76916.0,76921.0,16.12264
2026-09-15 09:09:00,76921.0,76965.87,76906.55,76937.16,25.98587
2026-09-15 09:12:00,76937.15,76937.16,76900.0,76933.35,26.36586
2026-09-15 09:15:00,76933.35,76998.16,76929.82,76964.5,39.26179
2026-09-15 09:18:00,76964.5,76964.51,76900.0,76900.0,9.26511
2026-09-15 09:21:00,76900.0,76965.17,76896.0,76930.71,27.47047
2026-09-15 09:24:00,76930.7,76930.71,76882.0,76888.35,18.05091
2026-09-15 09:27:00,76888.35,76916.01,76869.99,76912.0,24.53007
2026-09-15 09:30:00,76912.0,76915.1,76906.17,76911.18,6.64618
2026-09-15 09:33:00,76911.18,76988.36,76910.0,76988.36,23.82667
2026-09-15 09:36:00,76988.35,76988.36,76938.0,76954.29,21.79571
2026-09-15 09:39:00,76954.28,76978.44,76954.28,76974.43,9.30487
2026-09-15 09:42:00,76974.42,76991.62,76950.0,76991.62,26.33629
2026-09-15 09:45:00,76991.62,77000.01,76978.0,77000.0,44.78693
2026-09-15 09:48:00,77000.0,77041.6,76995.06,77000.0,23.70981
2026-09-15 09:51:00,77000.0,77041.05,77000.0,77041.04,22.79317
2026-09-15 09:54:00,77041.04,77059.87,77020.0,77020.01,28.36527
2026-09-15 09:57:00,77020.0,77026.97,76959.99,76984.05,55.49501
2026-09-15 10:00:00,76984.05,76996.01,76930.0,76930.01,42.9217
2026-09-15 10:03:00,76930.0,76999.99,76910.0,76920.01,50.32065
2026-09-15 10:06:00,76920.01,77020.79,76920.0,77020.79,22.65258
2026-09-15 10:09:00,77020.79,77054.64,77009.99,77045.98,16.13677
2026-09-15 10:12:00,77045.99,77045.99,76992.0,76996.25,17.63714
2026-09-15 10:15:00,76996.25,77016.13,76990.0,77009.09,21.29011
2026-09-15 10:18:00,77009.09,77023.0,76960.01,76960.02,25.19553
2026-09-15 10:21:00,76960.01,76995.62,76926.31,76994.72,19.44355
2026-09-15 10:24:00,76996.01,77042.01,76996.0,77016.0,12.46402
2026-09-15 10:27:00,77016.0,77035.06,76892.0,76892.0,47.94999
2026-09-15 10:30:00,76892.0,76976.01,76872.9,76958.0,48.91979
2026-09-15 10:33:00,76958.0,76984.65,76942.01,76984.01,29.12277
2026-09-15 10:36:00,76984.01,76996.08,76916.71,76932.63,74.05948
2026-09-15 10:39:00,76932.63,76970.0,76931.38,76963.46,31.70924
2026-09-15 10:42:00,76963.46,77052.01,76963.45,77052.01,23.89024
2026-09-15 10:45:00,77052.01,77112.01,77052.01,77101.88,19.51466
2026-09-15 10:48:00,77101.88,77150.0,77080.0,77149.99,18.364
2026-09-15 10:51:00,77150.0,77176.07,77020.53,77025.77,24.89452
2026-09-15 10:54:00,77025.78,77062.01,77008.51,77044.01,26.38069
2026-09-15 10:57:00,77044.0,77113.57,77038.3,77053.8,31.03602
2026-09-15 11:00:00,77053.8,77120.01,77048.0,77116.3,20.72083
2026-09-15 11:03:00,77116.3,77128.24,77084.01,77128.24,26.1299
2026-09-15 11:06:00,77128.25,77158.95,77115.06,77158.95,14.46253
2026-09-15 11:09:00,77158.95,77223.32,77156.0,77156.01,32.51336
2026-09-15 11:12:00,77156.0,77156.01,77012.0,77038.51,35.7537
2026-09-15 11:15:00,77040.0,77110.34,77032.0,77096.03,28.99654
2026-09-15 11:18:00,77096.03,77107.09,77044.0,77051.39,29.65233
2026-09-15 11:21:00,77051.4,77054.52,76976.89,76976.9,19.46763
2026-09-15 11:24:00,76976.9,77009.56,76972.0,77002.02,15.26987
2026-09-15 11:27:00,77002.03,77002.03,76994.0,77001.08,14.97803
2026-09-15 11:30:00,77001.08,77001.09,76956.0,76956.42,8.94205
2026-09-15 11:33:00,76956.42,76956.43,76909.03,76939.29,27.95516
2026-09-15 11:36:00,76939.28,76948.79,76894.0,76894.01,12.73193
2026-09-15 11:39:00,76894.01,76952.3,76850.0,76908.6,65.76177
2026-09-15 11:42:00,76908.61,76942.01,76902.0,76926.33,32.12509
2026-09-15 11:45:00,76926.69,76926.7,76865.9,76865.9,7.96001
2026-09-15 11:48:00,76865.91,76865.91,76843.75,76852.5,15.12806
2026-09-15 11:51:00,76852.5,76942.01,76852.5,76926.13,14.91873
2026-09-15 11:54:00,76926.14,76926.14,76899.99,76910.0,29.45423
2026-09-15 11:57:00,76909.99,76951.63,76909.99,76940.01,11.00663
2026-09-15 12:00:00,76940.01,76970.13,76908.0,76908.01,15.06761
2026-09-15 12:03:00,76908.01,76949.22,76901.28,76901.28,23.54438
2026-09-15 12:06:00,76901.28,76930.49,76888.0,76918.88,12.345
2026-09-15 12:09:00,76918.87,76938.01,76859.64,76910.76,23.53702
2026-09-15 12:12:00,76910.77,76978.01,76910.77,76922.6,21.17222
2026-09-15 12:15:00,76922.59,76975.32,76902.0,76975.32,19.67613
2026-09-15 12:18:00,76975.31,76975.32,76932.58,76932.58,15.35187
2026-09-15 12:21:00,76932.0,76986.5,76931.95,76970.0,21.50941
2026-09-15 12:24:00,76970.01,76970.01,76930.26,76956.88,12.9158
2026-09-15 12:27:00,76956.87,76980.69,76914.0,76953.81,82.72069
2026-09-15 12:30:00,76953.8,76957.88,76862.6,76878.1,22.78849
2026-09-15 12:33:00,76878.11,76942.82,76858.66,76928.0,37.30169
2026-09-15 12:36:00,76928.01,76965.13,76920.0,76943.86,21.35005
2026-09-15 12:39:00,76943.97,76967.07,76921.52,76921.99,15.86088
2026-09-15 12:42:00,76922.0,76947.51,76920.01,76947.51,6.5451
2026-09-15 12:45:00,76947.5,76947.51,76910.0,76939.6,18.72788
2026-09-15 12:48:00,76939.6,77035.66,76934.76,77035.66,32.12079
2026-09-15 12:51:00,77035.65,77076.01,77024.56,77076.01,36.22838
2026-09-15 12:54:00,77076.01,77143.15,77038.0,77040.0,38.5552
2026-09-15 12:57:00,77040.0,77040.01,76878.17,76957.65,35.22923
2026-09-15 13:00:00,76956.75,77050.48,76954.28,77014.0,31.21073
2026-09-15 13:03:00,77014.0,77089.48,77008.0,77089.48,33.89896
2026-09-15 13:06:00,77089.47,77126.01,77016.07,77029.71,45.56235
2026-09-15 13:09:00,77029.72,77050.01,77019.99,77045.54,18.00702
2026-09-15 13:12:00,77045.54,77061.99,76960.0,76987.35,36.89871
2026-09-15 13:15:00,76987.36,77003.69,76976.0,76990.15,26.61445
2026-09-15 13:18:00,76990.14,76990.15,76919.99,76953.31,27.7451
2026-09-15 13:21:00,76953.31,76966.01,76926.85,76950.61,16.49785
2026-09-15 13:24:00,76950.61,76956.18,76910.12,76921.22,31.53502
2026-09-15 13:27:00,76921.22,76997.33,76920.2,76952.0,24.79036
2026-09-15 13:30:00,76952.01,76952.01,76750.0,76762.59,104.84705
2026-09-15 13:33:00,76762.59,76824.73,76633.43,76718.01,120.9544
2026-09-15 13:36:00,76718.01,76726.01,76321.25,76360.71,365.77562
2026-09-15 13:39:00,76360.71,76568.01,76123.42,76435.14,410.80289
2026-09-15 13:42:00,76435.13,76462.01,76290.3,76422.56,139.79276
2026-09-15 13:45:00,76422.56,76494.01,76237.33,76275.81,192.34971
2026-09-15 13:48:00,76275.81,76398.57,76186.86,76186.87,127.5801
2026-09-15 13:51:00,76186.86,76274.14,76152.0,76253.17,168.9709
2026-09-15 13:54:00,76253.17,76412.01,76166.36,76412.01,109.56024
2026-09-15 13:57:00,76412.01,76620.01,76394.06,76618.77,149.99273
2026-09-15 14:00:00,76618.77,76696.0,76482.18,76482.18,136.36022
2026-09-15 14:03:00,76482.18,76647.1,76340.6,76348.0,116.51313
2026-09-15 14:06:00,76348.01,76420.01,76329.6,76367.24,59.32123
2026-09-15 14:09:00,76367.24,76517.93,76367.23,76397.22,49.64563
2026-09-15 14:12:00,76397.22,76438.88,76394.0,76406.35,39.82385
2026-09-15 14:15:00,76406.35,76492.2,76322.41,76355.73,65.9936
2026-09-15 14:18:00,76355.73,76423.34,76326.22,76423.34,135.35395
2026-09-15 14:21:00,76423.34,76514.01,76307.47,76372.1,74.71937
2026-09-15 14:24:00,76372.09,76428.22,76362.87,76420.0,51.73965
2026-09-15 14:27:00,76420.01,76462.52,76335.23,76347.23,46.57343
2026-09-15 14:30:00,76347.22,76347.22,76188.0,76208.59,63.6674
2026-09-15 14:33:00,76208.59,76263.25,75889.16,76115.34,432.72216
2026-09-15 14:36:00,76115.33,76146.01,75976.47,75976.48,149.43516
2026-09-15 14:39:00,75976.48,75991.27,75700.87,75797.49,247.09337
2026-09-15 14:42:00,75797.49,75985.83,75756.8,75912.01,233.87562
2026-09-15 14:45:00,75912.01,75942.01,75754.18,75822.01,166.69022
2026-09-15 14:48:00,75822.01,75822.01,75666.0,75722.0,155.78512
2026-09-15 14:51:00,75722.01,75846.01,75605.0,75800.8,235.10737
2026-09-15 14:54:00,75800.79,75988.01,75790.0,75875.8,121.47785
2026-09-15 14:57:00,75875.79,75994.0,75875.79,75942.01,69.4135
2026-09-15 15:00:00,75942.01,75982.0,75832.0,75933.75,102.09269
2026-09-15 15:03:00,75933.75,76100.01,75930.0,76016.8,117.17365
2026-09-15 15:06:00,76016.8,76105.91,76000.0,76044.43,55.41742
2026-09-15 15:09:00,76044.43,76082.01,76020.0,76061.41,44.68276
2026-09-15 15:12:00,76061.41,76073.09,75985.0,76023.25,51.87775
2026-09-15 15:15:00,76023.25,76065.13,75904.63,76054.01,84.74738
2026-09-15 15:18:00,76054.0,76091.9,76026.0,76067.77,58.99657
2026-09-15 15:21:00,76067.77,76100.0,76034.0,76097.21,39.38112
2026-09-15 15:24:00,76097.21,76514.01,76097.21,76416.97,187.68525
2026-09-15 15:27:00,76416.0,76480.01,76348.0,76348.01,52.36796
2026-09-15 15:30:00,76348.01,76416.01,76278.0,76333.31,68.61751
2026-09-15 15:33:00,76333.31,76424.01,76318.0,76374.01,41.6034
2026-09-15 15:36:00,76374.01,76444.54,76332.01,76386.37,59.70418
2026-09-15 15:39:00,76386.37,76432.01,76386.36,76412.01,43.67503
2026-09-15 15:42:00,76412.0,76462.69,76390.0,76439.42,49.1297
2026-09-15 15:45:00,76439.42,76495.55,76426.0,76438.83,32.45935
2026-09-15 15:48:00,76438.84,76596.16,76434.49,76595.73,75.24291
2026-09-15 15:51:00,76595.73,76595.74,76516.0,76562.01,54.06915
2026-09-15 15:54:00,76562.0,76603.59,76440.01,76552.01,101.9333
2026-09-15 15:57:00,76552.0,76583.64,76512.0,76512.0,28.53954
2026-09-15 16:00:00,76512.01,76571.58,76457.6,76556.01,38.04821
2026-09-15 16:03:00,76556.01,76576.47,76444.14,76453.06,36.35958
2026-09-15 16:06:00,76453.06,76470.0,76370.01,76384.01,40.02376
2026-09-15 16:09:00,76384.01,76400.0,76324.41,76371.82,34.94872
2026-09-15 16:12:00,76371.82,76371.83,76274.0,76282.02,29.42436
2026-09-15 16:15:00,76282.01,76412.76,76282.01,76412.75,33.9324
2026-09-15 16:18:00,76412.76,76436.12,76384.01,76426.01,32.61765
2026-09-15 16:21:00,76426.01,76489.4,76426.0,76469.3,27.61078
2026-09-15 16:24:00,76469.29,76495.5,76432.0,76452.11,63.84348
2026-09-15 16:27:00,76452.11,76501.63,76447.63,76482.38,30.99589
2026-09-15 16:30:00,76482.38,76487.4,76407.09,76422.49,29.52694
2026-09-15 16:33:00,76422.49,76422.5,76356.0,76408.81,20.02222
2026-09-15 16:36:00,76408.81,76439.57,76392.0,76392.0,31.77097
2026-09-15 16:39:00,76392.01,76392.01,76300.0,76305.97,24.736
2026-09-15 16:42:00,76305.96,76368.01,76305.96,76368.0,13.871
2026-09-15 16:45:00,76368.0,76435.08,76366.5,76406.01,15.42806
2026-09-15 16:48:00,76406.0,76444.33,76376.46,76444.32,17.1665
2026-09-15 16:51:00,76444.33,76505.65,76440.0,76453.3,32.89548
2026-09-15 16:54:00,76453.3,76495.22,76429.52,76436.0,27.37382
2026-09-15 16:57:00,76436.01,76436.01,76381.96,76388.0,17.61843
2026-09-15 17:00:00,76388.01,76417.51,76318.9,76330.95,55.05293
2026-09-15 17:03:00,76330.95,76369.9,76286.0,76316.0,34.70244
2026-09-15 17:06:00,76316.01,76316.01,76194.21,76216.62,77.96818
2026-09-15 17:09:00,76216.61,76259.89,76197.2,76212.0,13.65845
2026-09-15 17:12:00,76212.0,76285.29,76212.0,76273.85,29.53238
2026-09-15 17:15:00,76273.85,76300.44,76242.03,76284.6,15.46146
2026-09-15 17:18:00,76284.59,76344.01,76251.89,76330.01,17.75145
2026-09-15 17:21:00,76330.01,76352.01,76296.32,76352.01,17.42353
2026-09-15 17:24:00,76352.01,76459.16,76352.0,76454.32,18.07875
2026-09-15 17:27:00,76454.33,76542.01,76454.32,76522.01,18.78491
2026-09-15 17:30:00,76522.01,76792.01,76522.0,76700.0,110.58419
2026-09-15 17:33:00,76700.0,77343.44,76700.0,77205.44,325.92905
2026-09-15 17:36:00,77205.43,77246.04,76969.69,76994.71,59.20438
2026-09-15 17:39:00,76994.72,77008.01,76859.83,76899.62,67.50441
2026-09-15 17:42:00,76899.61,76899.61,76741.57,76772.0,56.89459
2026-09-15 17:45:00,76772.01,76992.01,76772.0,76983.71,46.72008
2026-09-15 17:48:00,76983.72,77076.01,76983.71,77067.82,46.85151
2026-09-15 17:51:00,77067.81,77081.77,77012.0,77036.64,19.33698
2026-09-15 17:54:00,77036.64,77053.9,76924.0,76956.49,26.47654
2026-09-15 17:57:00,76956.5,77005.41,76956.49,76962.0,15.30977
2026-09-15 18:00:00,76962.0,76962.01,76856.0,76943.21,31.41797
2026-09-15 18:03:00,76943.21,76969.2,76863.67,76892.0,90.36657
2026-09-15 18:06:00,76892.01,76953.81,76852.0,76892.75,25.37197
2026-09-15 18:09:00,76892.75,76931.25,76852.31,76863.14,14.27294
2026-09-15 18:12:00,76863.14,76898.01,76830.0,76878.01,23.51964
2026-09-15 18:15:00,76878.0,76899.74,76544.0,76544.98,78.14505
2026-09-15 18:18:00,76544.98,76710.01,76495.54,76614.01,74.15135
2026-09-15 18:21:00,76614.0,76662.01,76596.0,76596.01,40.83301
2026-09-15 18:24:00,76596.0,76668.45,76581.44,76668.0,26.97098
2026-09-15 18:27:00,76668.0,77205.39,76628.55,76919.08,177.7398
2026-09-15 18:30:00,76919.08,76950.96,76768.98,76850.0,46.1706
2026-09-15 18:33:00,76850.0,76850.0,76463.4,76704.01,148.598
2026-09-15 18:36:00,76704.0,76704.0,75847.75,76349.34,431.57689
2026-09-15 18:39:00,76349.35,76433.27,75867.12,76142.23,243.26632
2026-09-15 18:42:00,76142.23,76161.69,75700.79,75773.02,261.98506
2026-09-15 18:45:00,75773.03,75828.66,75292.47,75352.72,628.24404
2026-09-15 18:48:00,75353.24,75377.51,74967.97,75278.96,678.16195
2026-09-15 18:51:00,75278.97,75795.91,75200.0,75699.39,316.39228
2026-09-15 18:54:00,75699.4,76205.14,75632.73,75988.25,236.38746
2026-09-15 18:57:00,75988.24,76073.95,75900.0,76000.0,94.41176
2026-09-15 19:00:00,76000.0,76069.39,75813.75,75993.99,128.63837
2026-09-15 19:03:00,75994.0,76269.76,75993.99,76001.3,116.91173
2026-09-15 19:06:00,76001.3,76145.07,75968.56,76013.8,58.50648
2026-09-15 19:09:00,76013.81,76097.92,76000.5,76065.06,58.67282
2026-09-15 19:12:00,76065.07,76081.98,75913.12,75978.93,64.79539
2026-09-15 19:15:00,75978.94,76305.99,75933.55,76270.21,90.10145
2026-09-15 19:18:00,76270.21,76292.52,76063.76,76072.18,42.19251
2026-09-15 19:21:00,76072.18,76265.0,76047.74,76193.76,57.38775
2026-09-15 19:24:00,76193.75,76193.75,76049.98,76052.9,42.37962
2026-09-15 19:27:00,76052.89,76068.31,75875.51,75919.82,58.5791
2026-09-15 19:30:00,75919.82,76063.77,75874.94,75919.31,57.10825
2026-09-15 19:33:00,75919.31,76022.64,75885.79,75915.68,50.69765
2026-09-15 19:36:00,75915.68,76011.19,75888.78,76011.19,28.08529
2026-09-15 19:39:00,76011.2,76049.96,75899.4,75909.34,51.38323
2026-09-15 19:42:00,75909.35,75959.57,75891.0,75897.53,36.11164
2026-09-15 19:45:00,75897.54,75939.15,75868.05,75934.32,26.93298
2026-09-15 19:48:00,75934.33,75969.64,75906.81,75968.41,45.29514
2026-09-15 19:51:00,75968.41,76049.96,75943.47,76036.62,53.21396
2026-09-15 19:54:00,76036.61,76114.45,76026.14,76109.21,42.77526
2026-09-15 19:57:00,76109.21,76187.75,76103.99,76186.48,35.99324
2026-09-15 20:00:00,76186.48,76245.98,76166.56,76176.8,26.33592
2026-09-15 20:03:00,76176.79,76176.79,76044.71,76053.08,26.7055
2026-09-15 20:06:00,76053.08,76053.08,75939.59,75939.59,31.17385
2026-09-15 20:09:00,75939.59,76110.01,75936.0,76048.06,27.80161
2026-09-15 20:12:00,76048.06,76080.77,75990.0,76042.0,70.5771
2026-09-15 20:15:00,76041.99,76042.0,75975.01,76010.53,17.88699
2026-09-15 20:18:00,76010.53,76010.54,75908.46,75909.09,17.94132
2026-09-15 20:21:00,75909.1,75909.1,75831.26,75881.36,32.52911
2026-09-15 20:24:00,75881.38,75946.33,75881.38,75887.17,23.53352
2026-09-15 20:27:00,75887.17,75887.17,75742.18,75744.94,20.38429
2026-09-15 20:30:00,75744.94,75826.44,75613.2,75703.54,55.506
2026-09-15 20:33:00,75703.54,75749.99,75647.05,75749.99,25.59392
2026-09-15 20:36:00,75750.0,75851.24,75726.08,75786.36,29.91445
2026-09-15 20:39:00,75785.68,75846.56,75710.19,75806.21,18.46598
2026-09-15 20:42:00,75806.21,75862.19,75792.3,75862.19,15.16994
2026-09-15 20:45:00,75862.19,75960.01,75862.19,75887.64,43.01791
2026-09-15 20:48:00,75887.65,76000.0,75887.64,75991.97,12.1438
2026-09-15 20:51:00,75991.98,75991.98,75926.0,75950.0,15.483
2026-09-15 20:54:00,75950.0,75998.01,75950.0,75960.85,8.85999
2026-09-15 20:57:00,75960.86,75960.86,75926.78,75935.24,7.77075
2026-09-15 21:00:00,75935.24,75935.24,75760.0,75797.32,55.05211
2026-09-15 21:03:00,75797.31,75847.76,75777.08,75807.75,27.57132
2026-09-15 21:06:00,75807.75,75807.75,75726.7,75767.83,24.78363
2026-09-15 21:09:00,75767.82,75874.75,75762.14,75874.74,8.13449
2026-09-15 21:12:00,75874.74,75956.58,75862.86,75874.76,22.91258
2026-09-15 21:15:00,75874.76,75874.76,75794.93,75867.54,14.84569
2026-09-15 21:18:00,75867.53,75901.21,75844.43,75870.69,7.05208
2026-09-15 21:21:00,75870.7,75870.7,75763.39,75815.4,21.25904
2026-09-15 21:24:00,75815.4,75815.4,75741.05,75741.06,20.86037
2026-09-15 21:27:00,75741.05,75741.06,75660.0,75680.51,40.44972
2026-09-15 21:30:00,75680.5,75713.22,75642.19,75713.21,18.36874
2026-09-15 21:33:00,75713.21,75721.6,75628.66,75639.89,21.89318
2026-09-15 21:36:00,75639.89,75725.08,75558.01,75680.79,30.109
2026-09-15 21:39:00,75680.79,75719.45,75660.0,75708.06,9.16637
2026-09-15 21:42:00,75708.06,75766.42,75708.05,75748.77,9.29136
2026-09-15 21:45:00,75748.78,75756.83,75689.47,75713.95,19.73252
2026-09-15 21:48:00,75713.94,75713.94,75637.2,75646.09,13.06279
2026-09-15 21:51:00,75646.09,75646.09,75425.55,75585.51,66.72209
2026-09-15 21:54:00,75585.52,75585.52,75490.54,75491.77,15.79959
2026-09-15 21:57:00,75491.77,75507.37,75392.35,75453.85,31.01478
2026-09-15 22:00:00,75453.85,75570.7,75392.34,75557.81,36.54443
2026-09-15 22:03:00,75557.81,75597.4,75431.87,75434.3,15.17441
2026-09-15 22:06:00,75434.29,75492.25,75400.0,75474.89,15.91435
2026-09-15 22:09:00,75474.88,75474.89,75302.11,75454.47,79.54295
2026-09-15 22:12:00,75454.46,75454.46,75375.0,75381.89,51.32932
2026-09-15 22:15:00,75381.88,75394.37,75250.0,75281.37,82.48857
2026-09-15 22:18:00,75281.38,75281.38,75167.21,75237.88,58.13617
2026-09-15 22:21:00,75237.88,75247.5,75140.64,75226.8,28.69246
2026-09-15 22:24:00,75226.81,75462.0,75209.81,75462.0,45.77876
2026-09-15 22:27:00,75462.0,75554.41,75461.99,75493.0,57.4798
2026-09-15 22:30:00,75493.0,75608.54,75492.99,75595.41,29.07856
2026-09-15 22:33:00,75595.42,75621.48,75489.36,75555.95,42.13274
2026-09-15 22:36:00,75555.94,75654.12,75532.88,75650.76,18.25819
2026-09-15 22:39:00,75650.76,75664.56,75591.4,75591.42,18.44599
2026-09-15 22:42:00,75591.42,75613.72,75570.69,75613.72,12.12871
2026-09-15 22:45:00,75613.72,75689.81,75600.0,75655.62,17.40897
2026-09-15 22:48:00,75655.61,75719.15,75655.61,75719.14,11.48667
2026-09-15 22:51:00,75719.15,75738.04,75711.27,75713.82,24.2775
2026-09-15 22:54:00,75713.82,75747.98,75672.63,75702.0,15.21056
2026-09-15 22:57:00,75702.0,75740.55,75656.35,75668.0,43.66595
2026-09-15 23:00:00,75667.99,75770.56,75658.47,75737.54,23.24252
2026-09-15 23:03:00,75737.55,75777.0,75728.96,75771.39,11.74938
2026-09-15 23:06:00,75771.39,75828.86,75762.54,75821.29,17.68672
2026-09-15 23:09:00,75821.28,75893.37,75809.71,75893.37,12.97712
2026-09-15 23:12:00,75893.36,75898.85,75865.42,75896.99,13.53038
2026-09-15 23:15:00,75896.99,75920.92,75870.81,75912.83,22.92986
2026-09-15 23:18:00,75912.82,75933.12,75883.92,75931.19,14.10103
2026-09-15 23:21:00,75931.19,75942.13,75888.02,75891.5,26.53216
2026-09-15 23:24:00,75891.5,75905.47,75817.26,75832.72,49.444
2026-09-15 23:27:00,75832.72,75832.72,75734.22,75734.22,20.95167
2026-09-15 23:30:00,75734.22,75734.22,75562.01,75617.96,45.67202
2026-09-15 23:33:00,75617.96,75741.06,75617.96,75688.24,24.71585
2026-09-15 23:36:00,75688.24,75688.25,75591.79,75599.32,17.03855
2026-09-15 23:39:00,75599.31,75689.98,75570.36,75672.97,24.71904
2026-09-15 23:42:00,75672.96,75696.94,75632.58,75673.74,13.07216
2026-09-15 23:45:00,75673.74,75718.91,75652.14,75652.14,18.80013
2026-09-15 23:48:00,75652.14,75700.05,75649.39,75700.04,7.16317
2026-09-15 23:51:00,75700.05,75716.51,75669.36,75700.0,10.86613
2026-09-15 23:54:00,75700.0,75704.2,75645.22,75645.23,10.64067
2026-09-15 23:57:00,75645.22,75668.94,75625.0,75644.48,26.80532
2026-09-16 00:00:00,75644.48,75657.0,75578.61,75650.13,25.95844
2026-09-16 00:03:00,75650.19,75793.59,75650.19,75760.41,18.50147
2026-09-16 00:06:00,75760.41,75787.34,75729.15,75757.5,21.96663
2026-09-16 00:09:00,75757.5,75757.51,75677.15,75752.5,14.13453
2026-09-16 00:12:00,75752.5,75762.26,75702.62,75702.64,8.71012
2026-09-16 00:15:00,75702.64,75788.98,75682.83,75782.69,14.17389
2026-09-16 00:18:00,75782.7,75803.0,75760.01,75760.01,9.04711
2026-09-16 00:21:00,75760.0,75813.79,75727.29,75813.79,17.05428
2026-09-16 00:24:00,75814.01,75845.27,75809.51,75844.05,10.65035
2026-09-16 00:27:00,75844.05,75850.07,75784.99,75850.07,16.11042
2026-09-16 00:30:00,75850.07,75867.05,75832.19,75839.72,25.83622
2026-09-16 00:33:00,75839.72,75848.74,75800.0,75811.46,9.02358
2026-09-16 00:36:00,75811.47,75874.64,75811.46,75872.21,12.1642
2026-09-16 00:39:00,75872.21,75915.49,75839.07,75839.08,13.94936
2026-09-16 00:42:00,75839.07,75839.08,75777.0,75802.27,10.01538
2026-09-16 00:45:00,75802.28,75827.95,75758.66,75807.59,17.88688
2026-09-16 00:48:00,75807.59,75878.87,75797.68,75804.67,13.30121
2026-09-16 00:51:00,75804.67,75830.72,75750.63,75750.63,26.03228
2026-09-16 00:54:00,75750.07,75793.44,75733.45,75769.28,36.8743
2026-09-16 00:57:00,75769.29,75807.41,75731.65,75772.1,19.1569
2026-09-16 01:00:00,75772.1,75862.43,75769.27,75776.07,19.06113
2026-09-16 01:03:00,75776.07,75791.28,75693.96,75722.12,19.18706
2026-09-16 01:06:00,75722.12,75792.03,75722.12,75770.2,10.34916
2026-09-16 01:09:00,75770.2,75827.6,75742.26,75814.57,12.38783
2026-09-16 01:12:00,75814.56,75815.02,75709.63,75786.07,18.58509
2026-09-16 01:15:00,75786.07,75789.01,75721.0,75773.15,21.96223
2026-09-16 01:18:00,75773.16,75817.24,75768.38,75817.24,8.1835
2026-09-16 01:21:00,75817.23,75883.16,75817.23,75883.16,26.69799
2026-09-16 01:24:00,75883.16,75964.01,75883.16,75886.61,17.56942
2026-09-16 01:27:00,75886.61,75926.01,75870.22,75871.46,16.84523
2026-09-16 01:30:00,75871.47,75871.47,75800.0,75825.67,14.25631
2026-09-16 01:33:00,75825.67,75825.67,75629.04,75688.05,45.4615
2026-09-16 01:36:00,75688.04,75688.04,75560.0,75613.26,39.4986
2026-09-16 01:39:00,75613.26,75633.47,75547.73,75625.14,12.29279
2026-09-16 01:42:00,75625.13,75670.28,75625.13,75659.55,12.04124
2026-09-16 01:45:00,75659.55,75714.01,75576.13,75615.89,40.77098
2026-09-16 01:48:00,75615.89,75615.9,75527.58,75539.13,39.06562
2026-09-16 01:51:00,75539.12,75545.66,75518.84,75518.84,13.78831
2026-09-16 01:54:00,75518.85,75518.85,75457.52,75467.7,57.4944
2026-09-16 01:57:00,75467.7,75523.48,75467.69,75489.14,25.96746
2026-09-16 02:00:00,75489.14,75625.3,75483.32,75625.3,31.04703
2026-09-16 02:03:00,75625.29,75662.17,75593.58,75648.3,15.06386
2026-09-16 02:06:00,75648.3,75657.37,75586.06,75617.87,27.77093
2026-09-16 02:09:00,75617.87,75660.2,75571.02,75573.45,12.48465
2026-09-16 02:12:00,75573.45,75674.04,75550.0,75659.07,22.19916
2026-09-16 02:15:00,75659.07,75840.01,75648.91,75803.96,39.52357
2026-09-16 02:18:00,75803.96,75848.28,75768.0,75848.28,12.01975
2026-09-16 02:21:00,75848.28,75848.28,75807.3,75818.05,14.25607
2026-09-16 02:24:00,75818.05,75873.66,75818.04,75873.66,15.58104
2026-09-16 02:27:00,75873.66,75940.5,75873.65,75940.5,15.68819
2026-09-16 02:30:00,75940.5,76048.21,75931.75,76000.0,44.64033
2026-09-16 02:33:00,76000.0,76056.01,75958.62,76055.29,21.10157
2026-09-16 02:36:00,76055.29,76111.0,76009.41,76042.0,35.88672
2026-09-16 02:39:00,76042.0,76070.01,76007.58,76040.35,14.33694
2026-09-16 02:42:00,76040.35,76040.36,75964.78,75964.78,15.71116
2026-09-16 02:45:00,75964.79,75964.79,75935.31,75950.89,11.83789
2026-09-16 02:48:00,75950.89,76000.0,75950.88,75966.01,10.32281
2026-09-16 02:51:00,75966.01,75987.79,75948.54,75954.28,13.36289
2026-09-16 02:54:00,75954.29,75954.29,75819.78,75822.22,27.9653
2026-09-16 02:57:00,75822.22,75894.81,75817.46,75886.35,30.42792
2026-09-16 03:00:00,75886.36,75960.02,75882.47,75960.02,29.24839
2026-09-16 03:03:00,75960.01,75988.01,75903.03,75934.23,27.45812
2026-09-16 03:06:00,75934.23,75947.04,75850.0,75850.01,18.43792
2026-09-16 03:09:00,75850.0,75912.41,75822.52,75909.99,29.09558
2026-09-16 03:12:00,75910.0,75956.98,75902.73,75956.98,18.73126
2026-09-16 03:15:00,75956.98,76046.01,75956.97,76046.01,29.13583
2026-09-16 03:18:00,76046.01,76058.07,76008.0,76050.6,37.45528
2026-09-16 03:21:00,76050.6,76076.01,76050.59,76058.14,17.14506
2026-09-16 03:24:00,76058.14,76058.15,75976.5,75976.51,12.81237
2026-09-16 03:27:00,75976.5,75976.5,75856.76,75856.77,21.84482
2026-09-16 03:30:00,75856.77,75904.01,75834.01,75904.0,32.86256
2026-09-16 03:33:00,75904.01,75908.01,75848.0,75848.01,10.99305
2026-09-16 03:36:00,75848.01,75848.6,75790.0,75796.01,17.10237
2026-09-16 03:39:00,75796.01,75829.16,75796.01,75813.99,15.31871
2026-09-16 03:42:00,75814.0,75814.0,75779.03,75792.02,12.48512
2026-09-16 03:45:00,75792.02,75830.71,75779.66,75779.67,6.68881
2026-09-16 03:48:00,75779.67,75800.01,75779.66,75790.0,8.59211
2026-09-16 03:51:00,75790.0,75790.01,75768.25,75774.65,9.19694
2026-09-16 03:54:00,75774.64,75792.01,75768.38,75792.0,6.11423
2026-09-16 03:57:00,75792.0,75832.01,75792.0,75824.01,8.554
2026-09-16 04:00:00,75824.0,75868.01,75819.7,75861.31,14.72014
2026-09-16 04:03:00,75861.3,75918.01,75857.02,75886.18,13.88056
2026-09-16 04:06:00,75886.18,75898.01,75881.48,75887.98,10.56349
2026-09-16 04:09:00,75887.97,75902.01,75846.0,75898.0,15.54501
2026-09-16 04:12:00,75898.01,75898.01,75870.32,75889.99,8.81174
2026-09-16 04:15:00,75889.99,75889.99,75856.52,75865.2,7.00673
2026-09-16 04:18:00,75865.2,75886.08,75838.0,75886.08,7.73572
2026-09-16 04:21:00,75886.08,75986.01,75884.0,75982.01,25.39174
2026-09-16 04:24:00,75982.02,75984.01,75955.98,75976.89,18.25501
2026-09-16 04:27:00,75976.9,75984.01,75870.1,75870.1,29.54863
2026-09-16 04:30:00,75870.1,75886.01,75870.1,75870.55,11.18449
2026-09-16 04:33:00,75870.55,75940.01,75853.37,75940.01,16.04725
2026-09-16 04:36:00,75940.0,75940.5,75912.0,75939.27,15.05063
2026-09-16 04:39:00,75939.28,76020.0,75939.27,76018.01,19.42182
2026-09-16 04:42:00,76018.0,76022.67,75929.01,75929.02,23.24353
2026-09-16 04:45:00,75929.02,75970.09,75925.52,75926.74,12.61315
2026-09-16 04:48:00,75926.75,75926.75,75876.38,75876.38,8.24288
2026-09-16 04:51:00,75876.39,75876.39,75830.71,75830.71,16.5247
2026-09-16 04:54:00,75830.72,75830.72,75805.7,75805.71,13.68147
2026-09-16 04:57:00,75805.71,75878.87,75805.7,75864.02,33.63096
2026-09-16 05:00:00,75864.02,75877.33,75688.0,75692.97,25.15213
2026-09-16 05:03:00,75692.97,75748.01,75677.64,75694.69,18.9665
2026-09-16 05:06:00,75694.69,75746.01,75694.1,75746.01,9.28109
2026-09-16 05:09:00,75746.01,75810.74,75746.0,75808.0,7.33532
2026-09-16 05:12:00,75808.0,75808.01,75780.0,75802.01,6.81369
2026-09-16 05:15:00,75802.01,75846.01,75802.0,75846.01,17.89007
2026-09-16 05:18:00,75846.01,75886.64,75824.6,75855.17,52.78976
2026-09-16 05:21:00,75855.17,75920.01,75844.99,75874.0,19.2906
2026-09-16 05:24:00,75874.01,75906.01,75874.0,75878.01,11.54038
2026-09-16 05:27:00,75878.01,75890.31,75856.0,75884.18,12.48359
2026-09-16 05:30:00,75884.18,75890.01,75836.7,75842.0,12.80486
2026-09-16 05:33:00,75842.0,75888.0,75842.0,75887.99,8.28839
2026-09-16 05:36:00,75888.0,75923.67,75887.99,75918.01,10.91178
2026-09-16 05:39:00,75918.01,75933.32,75918.0,75930.01,9.28439
2026-09-16 05:42:00,75930.0,75981.36,75917.43,75966.12,29.17247
2026-09-16 05:45:00,75966.11,75966.12,75944.0,75946.0,8.91126
2026-09-16 05:48:00,75946.01,75958.69,75910.0,75928.0,36.45146
2026-09-16 05:51:00,75928.0,75928.0,75890.51,75890.52,8.43017
2026-09-16 05:54:00,75890.52,75954.01,75886.08,75947.26,50.87589
2026-09-16 05:57:00,75947.27,75964.0,75938.66,75962.01,15.95746
2026-09-16 06:00:00,75962.01,76027.37,75962.0,76012.01,15.68315
2026-09-16 06:03:00,76012.02,76017.15,75960.37,75982.01,38.913
2026-09-16 06:06:00,75982.01,76012.01,75982.0,76012.0,11.73369
2026-09-16 06:09:00,76012.01,76016.47,75952.43,75978.0,44.48385
2026-09-16 06:12:00,75978.0,76028.67,75978.0,75996.02,19.45758
2026-09-16 06:15:00,75996.02,76012.13,75948.06,75998.01,14.63553
2026-09-16 06:18:00,75998.01,76015.38,75981.58,76015.37,15.24942
2026-09-16 06:21:00,76015.37,76015.38,75927.02,75938.27,29.8163
2026-09-16 06:24:00,75938.27,75938.27,75882.35,75913.38,37.2872
2026-09-16 06:27:00,75913.37,75916.81,75898.0,75916.81,9.13619
2026-09-16 06:30:00,75916.81,75930.01,75904.0,75906.67,16.06134
2026-09-16 06:33:00,75906.67,75944.01,75896.83,75896.84,10.7708
2026-09-16 06:36:00,75896.83,75896.84,75830.0,75830.0,9.16365
2026-09-16 06:39:00,75830.0,75882.01,75830.0,75882.01,26.33757
2026-09-16 06:42:00,75882.01,75932.01,75880.78,75932.01,6.53914
2026-09-16 06:45:00,75932.0,76008.01,75924.4,76008.01,15.88749
2026-09-16 06:48:00,76008.01,76008.01,75944.0,75944.0,17.56447
2026-09-16 06:51:00,75944.01,75951.6,75925.52,75937.55,10.8167
2026-09-16 06:54:00,75937.56,75957.01,75924.0,75957.0,17.90381
2026-09-16 06:57:00,75956.99,76038.83,75933.16,76030.01,32.42069
2026-09-16 07:00:00,76030.01,76049.52,75992.01,76049.51,13.76665
2026-09-16 07:03:00,76049.52,76097.54,76034.12,76062.01,52.38583
2026-09-16 07:06:00,76062.0,76062.0,76007.35,76007.35,19.88666
2026-09-16 07:09:00,76007.35,76007.36,75850.0,75850.0,41.63515
2026-09-16 07:12:00,75850.01,75880.02,75820.0,75880.02,24.7871
2026-09-16 07:15:00,75880.01,75928.01,75876.0,75912.01,30.94212
2026-09-16 07:18:00,75912.0,75912.01,75807.19,75826.01,60.5131
2026-09-16 07:21:00,75826.01,75848.92,75814.0,75814.0,14.34954
2026-09-16 07:24:00,75814.0,75870.01,75807.19,75860.01,28.56769
2026-09-16 07:27:00,75860.01,75860.01,75811.87,75817.86,8.80816
2026-09-16 07:30:00,75817.86,75844.01,75758.02,75842.48,69.23534
2026-09-16 07:33:00,75842.49,75842.49,75817.23,75822.56,24.4728
2026-09-16 07:36:00,75822.56,75854.72,75822.55,75849.26,32.40292
2026-09-16 07:39:00,75849.26,75912.01,75836.0,75891.21,42.5876
2026-09-16 07:42:00,75891.22,75904.0,75796.21,75819.67,43.44619
2026-09-16 07:45:00,75819.68,75894.01,75813.61,75894.0,37.32125
2026-09-16 07:48:00,75894.01,75894.01,75817.68,75824.0,50.64136
2026-09-16 07:51:00,75824.01,75824.01,75800.0,75814.0,25.7746
2026-09-16 07:54:00,75814.01,75814.01,75739.36,75750.01,52.79197
2026-09-16 07:57:00,75750.0,75782.13,75739.36,75766.63,47.63594
2026-09-16 08:00:00,75766.62,75766.62,75720.4,75722.01,29.93345
2026-09-16 08:03:00,75722.0,75722.0,75649.01,75649.01,22.53651
2026-09-16 08:06:00,75649.01,75649.01,75509.06,75511.99,130.17826
2026-09-16 08:09:00,75512.0,75570.7,75468.18,75542.89,52.35338
2026-09-16 08:12:00,75542.9,75604.55,75496.92,75523.47,39.64849
2026-09-16 08:15:00,75523.47,75632.34,75504.79,75590.1,50.32292
2026-09-16 08:18:00,75590.1,75590.1,75462.68,75499.21,48.2172
2026-09-16 08:21:00,75499.22,75586.95,75457.97,75457.98,26.72474
2026-09-16 08:24:00,75457.99,75459.0,75350.0,75377.22,107.12419
2026-09-16 08:27:00,75377.23,75450.0,75377.23,75436.78,35.53041
2026-09-16 08:30:00,75436.78,75516.93,75428.0,75500.7,23.25706
2026-09-16 08:33:00,75500.7,75509.87,75452.6,75509.87,21.31545
2026-09-16 08:36:00,75509.87,75547.3,75507.44,75547.23,14.73037
2026-09-16 08:39:00,75547.23,75547.3,75531.9,75531.91,12.30342
2026-09-16 08:42:00,75531.91,75574.78,75527.35,75558.41,20.42414
2026-09-16 08:45:00,75558.4,75568.18,75543.36,75552.97,7.58678
2026-09-16 08:48:00,75552.96,75580.59,75543.46,75562.72,11.40518
2026-09-16 08:51:00,75562.72,75588.21,75561.5,75586.99,15.27422
2026-09-16 08:54:00,75586.99,75722.89,75586.98,75693.97,14.9062
2026-09-16 08:57:00,75693.96,75736.01,75693.96,75736.01,6.99006
2026-09-16 09:00:00,75736.01,75811.21,75730.0,75811.21,20.15136
2026-09-16 09:03:00,75811.21,75950.0,75811.21,75950.0,81.08448
2026-09-16 09:06:00,75950.0,75950.0,75832.01,75832.07,46.62655
2026-09-16 09:09:00,75832.08,75860.01,75832.07,75850.02,17.27332
2026-09-16 09:12:00,75850.01,75850.03,75796.23,75796.23,82.93904
2026-09-16 09:15:00,75796.24,75828.97,75763.53,75792.87,35.59145
2026-09-16 09:18:00,75792.86,75834.84,75792.0,75834.84,9.896
2026-09-16 09:21:00,75834.84,75863.73,75824.46,75863.72,12.90823
2026-09-16 09:24:00,75863.73,75877.35,75826.0,75837.02,21.74442
2026-09-16 09:27:00,75837.01,75874.77,75826.0,75834.58,13.23391
2026-09-16 09:30:00,75834.58,75884.01,75830.03,75884.0,9.15335
2026-09-16 09:33:00,75884.0,75884.01,75856.0,75866.53,14.0783
2026-09-16 09:36:00,75866.53,75944.01,75866.53,75909.22,12.74063
2026-09-16 09:39:00,75909.22,75928.36,75900.0,75928.01,11.05753
2026-09-16 09:42:00,75928.01,75928.01,75919.0,75919.01,6.36378
2026-09-16 09:45:00,75919.01,75919.01,75892.43,75916.01,13.67576
2026-09-16 09:48:00,75916.01,75950.0,75916.0,75936.01,14.67837
2026-09-16 09:51:00,75936.01,75950.0,75922.97,75950.0,5.70037
2026-09-16 09:54:00,75950.0,75978.01,75949.99,75954.22,14.86191
2026-09-16 09:57:00,75954.23,75994.0,75954.22,75993.0,11.56775
2026-09-16 10:00:00,75993.01,76046.05,75989.63,76018.0,51.10728
2026-09-16 10:03:00,76018.0,76034.01,75974.21,75975.99,25.38638
2026-09-16 10:06:00,75975.99,76016.62,75972.01,75998.42,26.40131
2026-09-16 10:09:00,75998.42,76027.67,75958.0,75990.01,23.84352
2026-09-16 10:12:00,75990.01,75990.01,75933.11,75944.35,17.603
2026-09-16 10:15:00,75944.34,75990.24,75944.34,75984.01,19.65876
2026-09-16 10:18:00,75984.0,76015.75,75984.0,75992.01,15.43366
2026-09-16 10:21:00,75992.0,76008.98,75933.12,75938.63,11.96366
2026-09-16 10:24:00,75938.63,75974.01,75922.0,75974.01,8.74378
2026-09-16 10:27:00,75974.0,75982.01,75949.34,75972.01,9.99991
2026-09-16 10:30:00,75972.0,75996.0,75948.0,75948.0,8.0781
2026-09-16 10:33:00,75948.01,75992.44,75948.0,75971.51,13.79791
2026-09-16 10:36:00,75971.51,75996.0,75971.01,75971.02,11.99251
2026-09-16 10:39:00,75971.02,75989.81,75968.01,75989.81,7.26069
2026-09-16 10:42:00,75989.8,76008.98,75987.78,75987.79,10.27482
2026-09-16 10:45:00,75987.79,75987.79,75964.0,75964.01,15.72156
2026-09-16 10:48:00,75964.0,75964.01,75957.36,75957.36,6.53137
2026-09-16 10:51:00,75957.37,75957.37,75949.75,75949.76,3.77104
2026-09-16 10:54:00,75949.75,75949.76,75904.01,75904.01,8.72617
2026-09-16 10:57:00,75904.02,75993.52,75900.0,75990.2,18.48728
2026-09-16 11:00:00,75990.2,76049.94,75944.0,75956.14,26.03585
2026-09-16 11:03:00,75956.15,75996.01,75956.14,75970.0,11.92933
2026-09-16 11:06:00,75970.01,75989.0,75912.38,75916.01,14.1289
2026-09-16 11:09:00,75916.01,75953.08,75910.04,75953.08,16.91686
2026-09-16 11:12:00,75953.07,75953.08,75916.0,75916.0,9.13459
2026-09-16 11:15:00,75916.01,75936.01,75874.0,75930.01,18.35195
2026-09-16 11:18:00,75930.0,75977.97,75930.0,75974.09,16.86768
2026-09-16 11:21:00,75974.09,75994.01,75926.0,75926.01,18.39048
2026-09-16 11:24:00,75926.01,75990.01,75916.0,75990.0,22.54168
2026-09-16 11:27:00,75990.0,75990.01,75976.75,75978.01,6.59138
2026-09-16 11:30:00,75978.0,76057.04,75958.0,76004.01,23.17573
2026-09-16 11:33:00,76004.01,76040.16,76004.0,76040.16,7.55298
2026-09-16 11:36:00,76040.16,76100.0,75980.0,75989.11,27.88868
2026-09-16 11:39:00,75989.12,76072.01,75981.06,76056.01,29.61636
2026-09-16 11:42:00,76056.01,76278.64,76056.01,76236.0,73.2492
2026-09-16 11:45:00,76236.01,76249.81,76152.47,76237.01,49.76967
2026-09-16 11:48:00,76237.02,76293.0,76196.0,76274.01,63.82449
2026-09-16 11:51:00,76274.0,76304.01,76227.53,76274.83,36.51557
2026-09-16 11:54:00,76274.83,76274.83,76216.17,76248.66,27.4162
2026-09-16 11:57:00,76248.67,76256.01,76224.93,76250.0,23.77787
2026-09-16 12:00:00,76250.0,76288.94,76200.0,76218.0,49.86992
2026-09-16 12:03:00,76218.0,76300.0,76210.0,76212.57,55.5421
2026-09-16 12:06:00,76212.58,76240.36,76190.75,76193.7,18.454
2026-09-16 12:09:00,76193.7,76193.72,76125.39,76140.01,39.28485
2026-09-16 12:12:00,76140.01,76150.71,76114.0,76115.98,19.21734
2026-09-16 12:15:00,76115.98,76160.47,76097.72,76138.0,21.93374
2026-09-16 12:18:00,76138.01,76138.01,76058.35,76070.24,20.84624
2026-09-16 12:21:00,76070.23,76092.01,76058.0,76064.11,19.72902
2026-09-16 12:24:00,76064.11,76064.11,75971.82,75984.01,51.25845
2026-09-16 12:27:00,75984.0,75991.53,75912.5,75934.8,47.52243
2026-09-16 12:30:00,75934.8,75938.01,75794.02,75812.01,30.92966
2026-09-16 12:33:00,75812.01,76018.93,75812.01,76002.01,23.79113
2026-09-16 12:36:00,76002.01,76012.01,75926.0,75958.01,32.86807
2026-09-16 12:39:00,75958.01,76018.01,75958.01,76012.01,14.48961
2026-09-16 12:42:00,76012.02,76012.02,75954.68,75961.45,21.87729
2026-09-16 12:45:00,75961.46,75995.0,75934.0,75992.82,11.84988
2026-09-16 12:48:00,75992.82,76035.53,75980.0,76032.01,14.34826
2026-09-16 12:51:00,76032.01,76049.23,75985.77,75988.0,32.20933
2026-09-16 12:54:00,75988.01,76025.39,75904.95,76025.38,19.87565
2026-09-16 12:57:00,76025.38,76025.39,75916.0,75967.99,20.96814
2026-09-16 13:00:00,75967.98,75967.98,75767.9,75800.0,62.76347
2026-09-16 13:03:00,75800.01,75800.81,75687.6,75779.59,37.52749
2026-09-16 13:06:00,75779.59,75790.01,75750.0,75750.0,24.19046
2026-09-16 13:09:00,75750.01,75750.01,75684.3,75712.66,24.6581
2026-09-16 13:12:00,75712.66,75799.47,75693.44,75799.46,27.67552
2026-09-16 13:15:00,75799.46,75880.68,75766.16,75839.99,27.6309
2026-09-16 13:18:00,75840.0,75864.01,75756.0,75772.48,26.27211
2026-09-16 13:21:00,75772.49,75814.64,75742.68,75744.01,17.98461
2026-09-16 13:24:00,75744.01,75816.01,75709.03,75794.0,40.72518
2026-09-16 13:27:00,75794.01,75828.01,75770.29,75770.29,23.1516
2026-09-16 13:30:00,75770.29,75779.93,75650.0,75702.95,81.81186
2026-09-16 13:33:00,75702.94,75750.93,75647.05,75688.55,39.50392
2026-09-16 13:36:00,75688.55,75726.01,75589.47,75629.26,34.85217
2026-09-16 13:39:00,75629.27,75769.59,75585.09,75760.01,35.02831
2026-09-16 13:42:00,75760.0,75797.67,75687.7,75776.16,25.17702
2026-09-16 13:45:00,75776.16,75920.39,75640.29,75910.0,54.17452
2026-09-16 13:48:00,75910.01,75941.17,75800.01,75814.01,49.97182
2026-09-16 13:51:00,75814.01,75821.05,75681.58,75776.49,40.75768
2026-09-16 13:54:00,75776.5,75799.42,75693.96,75724.01,31.22309
2026-09-16 13:57:00,75724.01,75774.01,75612.27,75646.01,32.93456
2026-09-16 14:00:00,75646.01,75661.01,75534.51,75538.0,44.59303
2026-09-16 14:03:00,75538.01,75659.28,75520.02,75658.65,42.75572
2026-09-16 14:06:00,75658.65,75669.68,75505.88,75584.33,22.75969
2026-09-16 14:09:00,75584.78,75614.61,75500.0,75509.01,28.95242
2026-09-16 14:12:00,75509.02,75570.66,75423.04,75570.66,49.05729
2026-09-16 14:15:00,75570.66,75716.82,75569.53,75640.44,31.54793
2026-09-16 14:18:00,75640.45,75693.61,75543.72,75641.62,33.20579
2026-09-16 14:21:00,75641.62,75687.28,75587.55,75620.14,26.20058
2026-09-16 14:24:00,75620.14,75750.0,75581.01,75750.0,45.62649
2026-09-16 14:27:00,75750.0,75830.01,75725.0,75828.0,30.04432
2026-09-16 14:30:00,75828.01,75830.48,75616.42,75644.25,49.00803
2026-09-16 14:33:00,75644.48,75780.01,75644.48,75720.0,28.24138
2026-09-16 14:36:00,75720.01,75769.24,75665.47,75706.89,33.51736
2026-09-16 14:39:00,75706.88,75710.46,75625.88,75687.18,21.19804
2026-09-16 14:42:00,75687.18,75783.57,75674.47,75762.01,47.24793
2026-09-16 14:45:00,75762.0,75762.0,75670.01,75670.01,32.39043
2026-09-16 14:48:00,75670.02,75670.02,75545.75,75600.43,76.62214
2026-09-16 14:51:00,75600.43,75632.34,75476.17,75627.35,35.02131
2026-09-16 14:54:00,75627.35,75657.1,75574.56,75643.77,15.02193
2026-09-16 14:57:00,75643.77,75697.82,75600.0,75697.82,12.95617
2026-09-16 15:00:00,75697.83,75760.77,75688.28,75701.47,21.10862
2026-09-16 15:03:00,75701.47,75771.21,75607.3,75607.3,31.06391
2026-09-16 15:06:00,75607.31,75771.21,75552.79,75585.72,46.54641
2026-09-16 15:09:00,75585.73,75796.0,75585.72,75722.01,33.34703
2026-09-16 15:12:00,75722.01,75768.01,75698.61,75762.01,21.60639
2026-09-16 15:15:00,75762.0,75762.01,75640.82,75683.64,25.89186
2026-09-16 15:18:00,75683.64,75728.01,75656.56,75705.25,28.81063
2026-09-16 15:21:00,75705.24,75800.0,75697.47,75778.01,33.63632
2026-09-16 15:24:00,75778.01,75778.01,75702.23,75709.03,21.76837
2026-09-16 15:27:00,75707.32,75718.36,75638.52,75638.53,19.7273
2026-09-16 15:30:00,75638.52,75638.53,75556.45,75585.19,22.99883
2026-09-16 15:33:00,75585.2,75720.01,75574.25,75720.0,19.77631
2026-09-16 15:36:00,75720.01,75788.0,75712.0,75756.0,29.11541
2026-09-16 15:39:00,75756.0,75782.01,75736.0,75780.78,16.41908
2026-09-16 15:42:00,75780.78,75788.0,75730.0,75730.01,13.33984
2026-09-16 15:45:00,75730.0,75950.0,75724.01,75892.54,57.7566
2026-09-16 15:48:00,75892.54,75918.01,75806.0,75884.0,43.04561
2026-09-16 15:51:00,75884.0,75908.95,75850.0,75856.01,20.83395
2026-09-16 15:54:00,75856.01,75868.01,75780.33,75787.22,25.2669
2026-09-16 15:57:00,75787.21,75832.01,75744.0,75788.41,28.77767
2026-09-16 16:00:00,75788.41,75812.01,75758.0,75805.99,18.66993
2026-09-16 16:03:00,75805.98,75813.64,75747.64,75813.64,28.81558
2026-09-16 16:06:00,75813.63,75828.42,75650.0,75650.01,38.51843
2026-09-16 16:09:00,75650.01,75770.01,75650.01,75740.0,24.09321
2026-09-16 16:12:00,75740.0,75868.01,75740.0,75842.0,21.65619
2026-09-16 16:15:00,75842.01,75878.01,75752.0,75780.0,18.3785
2026-09-16 16:18:00,75780.01,75883.75,75780.01,75880.0,22.27094
2026-09-16 16:21:00,75880.01,75880.01,75806.0,75842.47,12.11178
2026-09-16 16:24:00,75842.46,75842.46,75800.0,75818.01,12.67254
2026-09-16 16:27:00,75818.01,75818.01,75750.0,75788.0,35.47824
2026-09-16 16:30:00,75788.01,75838.54,75739.36,75794.01,26.08501
2026-09-16 16:33:00,75794.0,75794.01,75728.29,75771.27,8.77684
2026-09-16 16:36:00,75771.26,75794.01,75734.12,75774.01,13.72033
2026-09-16 16:39:00,75774.0,75774.01,75688.0,75728.3,12.46115
2026-09-16 16:42:00,75728.29,75730.01,75682.94,75688.01,11.18853
2026-09-16 16:45:00,75688.01,75816.77,75682.94,75816.77,14.71262
2026-09-16 16:48:00,75816.77,75834.01,75736.0,75736.22,11.65369
2026-09-16 16:51:00,75736.22,75810.01,75736.22,75810.0,7.87451
