open_time,open,high,low,close,volume
2026-08-17 16:54:00,1906.16,1907.16,1905.37,1907.15,422.6499
2026-08-17 16:57:00,1907.15,1907.58,1906.83,1907.22,186.228
2026-08-17 17:00:00,1907.21,1907.22,1906.56,1907.01,220.9051
2026-08-17 17:03:00,1907.0,1907.01,1905.65,1906.55,288.9746
2026-08-17 17:06:00,1906.54,1906.76,1905.85,1906.55,373.9646
2026-08-17 17:09:00,1906.54,1907.0,1905.64,1905.93,252.6838
2026-08-17 17:12:00,1905.93,1906.24,1905.01,1905.21,1085.9417
2026-08-17 17:15:00,1905.21,1907.71,1905.0,1907.71,1095.2923
2026-08-17 17:18:00,1907.71,1911.68,1907.71,1911.63,898.3833
2026-08-17 17:21:00,1911.64,1914.19,1911.64,1913.36,881.0246
2026-08-17 17:24:00,1913.36,1914.1,1909.08,1910.96,852.748
2026-08-17 17:27:00,1910.96,1911.2,1908.56,1908.64,271.554
2026-08-17 17:30:00,1908.65,1908.65,1906.69,1908.14,153.7509
2026-08-17 17:33:00,1908.14,1908.25,1906.49,1906.5,338.1042
2026-08-17 17:36:00,1906.49,1909.55,1904.59,1909.54,756.9168
2026-08-17 17:39:00,1909.54,1909.54,1907.89,1909.22,329.9204
2026-08-17 17:42:00,1909.23,1909.44,1907.76,1907.86,258.3453
2026-08-17 17:45:00,1907.85,1909.77,1907.85,1908.31,175.8677
2026-08-17 17:48:00,1908.3,1909.3,1908.3,1908.87,143.4343
2026-08-17 17:51:00,1908.87,1909.37,1908.49,1908.49,359.8825
2026-08-17 17:54:00,1908.49,1909.52,1908.46,1909.19,132.1775
2026-08-17 17:57:00,1909.2,1909.37,1908.9,1908.91,56.8962
2026-08-17 18:00:00,1908.9,1909.19,1907.76,1908.34,132.7227
2026-08-17 18:03:00,1908.34,1909.18,1907.86,1908.37,320.9412
2026-08-17 18:06:00,1908.38,1908.92,1907.43,1907.43,226.5179
2026-08-17 18:09:00,1907.44,1908.26,1907.33,1908.01,161.61
2026-08-17 18:12:00,1908.01,1909.77,1908.01,1908.74,271.1335
2026-08-17 18:15:00,1908.75,1911.6,1908.54,1911.59,234.4195
2026-08-17 18:18:00,1911.59,1911.82,1909.21,1909.21,198.9532
2026-08-17 18:21:00,1909.22,1912.91,1909.08,1912.3,628.2933
2026-08-17 18:24:00,1912.3,1912.75,1910.5,1911.1,378.2219
2026-08-17 18:27:00,1911.1,1912.0,1910.1,1910.62,477.3271
2026-08-17 18:30:00,1910.63,1910.89,1909.53,1909.7,116.7484
2026-08-17 18:33:00,1909.71,1909.95,1908.54,1909.95,343.6384
2026-08-17 18:36:00,1909.95,1911.07,1909.87,1910.18,273.707
2026-08-17 18:39:00,1910.18,1910.35,1909.29,1909.91,328.8528
2026-08-17 18:42:00,1909.92,1911.02,1909.03,1910.82,357.1746
2026-08-17 18:45:00,1910.82,1910.82,1909.95,1909.95,131.7916
2026-08-17 18:48:00,1909.96,1910.85,1909.27,1910.48,137.9769
2026-08-17 18:51:00,1910.49,1911.52,1909.76,1909.79,617.8856
2026-08-17 18:54:00,1909.8,1910.65,1909.79,1910.3,130.6815
2026-08-17 18:57:00,1910.29,1910.29,1909.8,1910.01,126.2272
2026-08-17 19:00:00,1910.0,1910.0,1907.46,1907.89,166.2502
2026-08-17 19:03:00,1907.89,1908.52,1907.13,1908.12,351.0415
2026-08-17 19:06:00,1908.13,1910.2,1908.09,1909.81,156.2733
2026-08-17 19:09:00,1909.8,1909.8,1908.62,1908.62,207.6256
2026-08-17 19:12:00,1908.62,1908.62,1906.91,1906.92,123.5068
2026-08-17 19:15:00,1906.91,1908.68,1906.91,1908.35,309.6183
2026-08-17 19:18:00,1908.34,1908.34,1906.91,1907.35,167.876
2026-08-17 19:21:00,1907.35,1908.61,1906.69,1908.61,267.0823
2026-08-17 19:24:00,1908.61,1909.77,1907.82,1909.77,146.3873
2026-08-17 19:27:00,1909.77,1910.43,1909.77,1909.84,99.4858
2026-08-17 19:30:00,1909.83,1909.83,1908.36,1908.37,330.1101
2026-08-17 19:33:00,1908.36,1908.36,1907.73,1907.73,82.0181
2026-08-17 19:36:00,1907.74,1910.29,1907.74,1910.09,228.0904
2026-08-17 19:39:00,1910.09,1910.92,1910.09,1910.34,205.0844
2026-08-17 19:42:00,1910.33,1910.72,1909.39,1909.64,125.4313
2026-08-17 19:45:00,1909.63,1909.64,1909.01,1909.23,81.9528
2026-08-17 19:48:00,1909.22,1909.31,1908.68,1908.78,74.9137
2026-08-17 19:51:00,1908.78,1908.78,1907.86,1908.16,172.7464
2026-08-17 19:54:00,1908.16,1908.16,1907.41,1907.57,134.3622
2026-08-17 19:57:00,1907.58,1908.28,1907.1,1907.25,295.6242
2026-08-17 20:00:00,1907.24,1907.64,1906.73,1906.91,165.6457
2026-08-17 20:03:00,1906.91,1906.91,1906.12,1906.12,136.5548
2026-08-17 20:06:00,1906.12,1906.42,1905.88,1906.04,133.2582
2026-08-17 20:09:00,1906.04,1906.54,1906.04,1906.23,102.703
2026-08-17 20:12:00,1906.23,1906.9,1906.23,1906.62,76.4271
2026-08-17 20:15:00,1906.63,1906.63,1906.06,1906.15,211.6799
2026-08-17 20:18:00,1906.14,1906.75,1905.0,1906.75,486.1512
2026-08-17 20:21:00,1906.75,1906.76,1905.71,1905.8,71.6352
2026-08-17 20:24:00,1905.79,1907.9,1905.79,1907.36,429.0404
2026-08-17 20:27:00,1907.37,1909.18,1907.37,1908.81,175.3821
2026-08-17 20:30:00,1908.81,1909.1,1907.77,1907.79,155.2559
2026-08-17 20:33:00,1907.79,1908.34,1907.53,1908.01,139.8726
2026-08-17 20:36:00,1908.0,1908.62,1907.19,1908.09,145.5164
2026-08-17 20:39:00,1908.09,1909.03,1907.5,1909.02,431.5108
2026-08-17 20:42:00,1909.03,1910.6,1909.03,1910.6,215.8823
2026-08-17 20:45:00,1910.6,1910.77,1908.64,1908.65,332.9718
2026-08-17 20:48:00,1908.64,1908.77,1906.83,1906.84,158.7205
2026-08-17 20:51:00,1906.83,1907.36,1905.32,1906.36,420.7755
2026-08-17 20:54:00,1906.37,1906.93,1905.67,1906.93,258.4047
2026-08-17 20:57:00,1906.92,1907.2,1906.53,1906.73,237.1313
2026-08-17 21:00:00,1906.73,1907.89,1906.36,1907.85,319.5419
2026-08-17 21:03:00,1907.84,1907.89,1906.94,1907.71,162.0607
2026-08-17 21:06:00,1907.71,1908.04,1907.7,1907.89,522.4581
2026-08-17 21:09:00,1907.9,1908.82,1907.9,1908.22,167.0744
2026-08-17 21:12:00,1908.22,1908.61,1907.28,1908.15,290.0111
2026-08-17 21:15:00,1908.15,1908.49,1907.41,1907.41,90.3825
2026-08-17 21:18:00,1907.41,1907.45,1907.2,1907.45,62.1869
2026-08-17 21:21:00,1907.45,1907.45,1906.49,1906.49,46.3862
2026-08-17 21:24:00,1906.49,1906.49,1906.07,1906.27,136.9726
2026-08-17 21:27:00,1906.27,1906.28,1906.23,1906.24,41.9649
2026-08-17 21:30:00,1906.23,1907.62,1906.07,1907.62,189.1556
2026-08-17 21:33:00,1907.61,1907.62,1907.07,1907.08,50.3298
2026-08-17 21:36:00,1907.07,1907.07,1906.09,1906.68,147.2019
2026-08-17 21:39:00,1906.69,1906.69,1906.0,1906.41,88.3554
2026-08-17 21:42:00,1906.42,1907.35,1905.91,1906.31,163.4788
2026-08-17 21:45:00,1906.31,1906.64,1905.99,1906.43,135.8168
2026-08-17 21:48:00,1906.43,1906.87,1906.16,1906.71,131.7527
2026-08-17 21:51:00,1906.71,1907.06,1906.43,1906.96,58.7032
2026-08-17 21:54:00,1906.95,1906.96,1906.17,1906.55,57.3203
2026-08-17 21:57:00,1906.54,1906.93,1906.2,1906.35,96.8467
2026-08-17 22:00:00,1906.35,1908.03,1906.35,1907.07,213.6579
2026-08-17 22:03:00,1907.08,1907.27,1906.18,1906.19,175.0482
2026-08-17 22:06:00,1906.19,1906.56,1905.96,1906.18,100.5932
2026-08-17 22:09:00,1906.19,1906.39,1905.31,1905.35,121.4909
2026-08-17 22:12:00,1905.35,1905.35,1905.2,1905.23,187.5313
2026-08-17 22:15:00,1905.22,1905.24,1904.66,1904.66,64.13
2026-08-17 22:18:00,1904.66,1904.67,1903.59,1904.38,199.2464
2026-08-17 22:21:00,1904.38,1906.06,1903.87,1906.06,159.6875
2026-08-17 22:24:00,1906.05,1906.05,1904.49,1904.5,70.8762
2026-08-17 22:27:00,1904.5,1904.59,1904.22,1904.22,32.2796
2026-08-17 22:30:00,1904.21,1904.21,1903.67,1903.94,94.4447
2026-08-17 22:33:00,1903.93,1904.08,1903.59,1904.08,111.0105
2026-08-17 22:36:00,1904.08,1905.17,1904.07,1904.24,97.4652
2026-08-17 22:39:00,1904.23,1904.43,1904.16,1904.42,40.4624
2026-08-17 22:42:00,1904.42,1904.54,1904.34,1904.53,40.3156
2026-08-17 22:45:00,1904.53,1904.89,1904.34,1904.86,70.0699
2026-08-17 22:48:00,1904.85,1904.86,1904.4,1904.41,51.8011
2026-08-17 22:51:00,1904.4,1904.78,1904.24,1904.25,47.8084
2026-08-17 22:54:00,1904.24,1904.62,1904.24,1904.56,137.3563
2026-08-17 22:57:00,1904.55,1904.56,1904.37,1904.55,64.7539
2026-08-17 23:00:00,1904.56,1904.98,1904.01,1904.43,371.9943
2026-08-17 23:03:00,1904.43,1904.79,1904.43,1904.76,102.1605
2026-08-17 23:06:00,1904.75,1906.52,1904.75,1906.52,169.6917
2026-08-17 23:09:00,1906.52,1907.18,1906.52,1906.84,142.9339
2026-08-17 23:12:00,1906.84,1908.36,1906.84,1908.03,146.7607
2026-08-17 23:15:00,1908.03,1909.62,1908.0,1909.57,291.8553
2026-08-17 23:18:00,1909.57,1910.45,1909.57,1910.37,156.4892
2026-08-17 23:21:00,1910.37,1910.42,1910.29,1910.29,68.1184
2026-08-17 23:24:00,1910.3,1912.91,1910.3,1912.91,747.517
2026-08-17 23:27:00,1912.91,1915.33,1912.9,1915.33,794.3209
2026-08-17 23:30:00,1915.33,1918.71,1914.07,1918.29,2011.9834
2026-08-17 23:33:00,1918.3,1918.3,1915.44,1915.55,467.5395
2026-08-17 23:36:00,1915.55,1915.59,1914.66,1914.7,152.8451
2026-08-17 23:39:00,1914.7,1914.7,1912.65,1912.66,340.9729
2026-08-17 23:42:00,1912.66,1913.44,1912.54,1912.55,415.6156
2026-08-17 23:45:00,1912.55,1913.94,1912.44,1913.94,127.2233
2026-08-17 23:48:00,1913.94,1914.48,1913.93,1914.08,116.1079
2026-08-17 23:51:00,1914.07,1914.34,1913.14,1914.0,143.1591
2026-08-17 23:54:00,1914.0,1914.0,1912.41,1913.17,242.3012
2026-08-17 23:57:00,1913.17,1914.14,1913.17,1913.6,126.9506
2026-08-18 00:00:00,1913.59,1914.38,1912.35,1912.86,385.4792
2026-08-18 00:03:00,1912.85,1912.85,1911.33,1911.81,202.6024
2026-08-18 00:06:00,1911.81,1911.82,1910.38,1910.38,254.1371
2026-08-18 00:09:00,1910.37,1910.69,1910.21,1910.21,111.6705
2026-08-18 00:12:00,1910.21,1910.68,1910.21,1910.67,78.8026
2026-08-18 00:15:00,1910.68,1911.81,1910.67,1911.63,182.8892
2026-08-18 00:18:00,1911.62,1912.8,1911.0,1911.01,142.3833
2026-08-18 00:21:00,1911.0,1912.11,1911.0,1912.11,219.7088
2026-08-18 00:24:00,1912.12,1913.0,1911.11,1911.12,207.7179
2026-08-18 00:27:00,1911.12,1912.34,1911.12,1911.92,129.2683
2026-08-18 00:30:00,1911.92,1911.92,1910.69,1911.29,116.499
2026-08-18 00:33:00,1911.29,1911.64,1911.0,1911.22,99.4309
2026-08-18 00:36:00,1911.22,1911.26,1910.54,1911.17,141.6739
2026-08-18 00:39:00,1911.17,1911.18,1908.62,1909.23,538.6933
2026-08-18 00:42:00,1909.23,1910.12,1909.0,1909.88,143.6618
2026-08-18 00:45:00,1909.89,1909.89,1909.28,1909.59,66.958
2026-08-18 00:48:00,1909.59,1909.85,1909.3,1909.64,258.9928
2026-08-18 00:51:00,1909.65,1910.25,1909.53,1910.18,102.3383
2026-08-18 00:54:00,1910.17,1910.18,1909.01,1909.33,67.8738
2026-08-18 00:57:00,1909.34,1910.11,1909.1,1910.11,157.9402
2026-08-18 01:00:00,1910.12,1910.33,1908.95,1908.96,290.3815
2026-08-18 01:03:00,1908.96,1908.96,1907.75,1908.28,151.0096
2026-08-18 01:06:00,1908.28,1908.29,1907.0,1907.55,258.9717
2026-08-18 01:09:00,1907.54,1908.32,1906.21,1908.31,239.8233
2026-08-18 01:12:00,1908.31,1908.66,1908.23,1908.24,60.288
2026-08-18 01:15:00,1908.24,1908.47,1907.21,1908.0,79.2377
2026-08-18 01:18:00,1908.0,1908.0,1907.09,1907.6,144.0386
2026-08-18 01:21:00,1907.6,1908.12,1907.29,1907.85,97.7937
2026-08-18 01:24:00,1907.85,1908.1,1906.87,1906.9,74.8136
2026-08-18 01:27:00,1906.89,1907.31,1906.89,1907.31,114.7926
2026-08-18 01:30:00,1907.31,1907.95,1907.04,1907.28,148.3094
2026-08-18 01:33:00,1907.29,1907.56,1907.28,1907.41,60.7765
2026-08-18 01:36:00,1907.42,1907.42,1906.88,1906.95,144.5341
2026-08-18 01:39:00,1906.95,1906.96,1905.93,1905.93,169.1157
2026-08-18 01:42:00,1905.92,1905.93,1903.93,1905.14,316.9143
2026-08-18 01:45:00,1905.15,1905.15,1903.71,1903.72,124.4098
2026-08-18 01:48:00,1903.71,1904.1,1902.0,1903.45,854.2994
2026-08-18 01:51:00,1903.46,1903.46,1899.78,1900.76,943.5834
2026-08-18 01:54:00,1900.79,1901.07,1899.85,1900.91,883.5802
2026-08-18 01:57:00,1900.9,1901.54,1899.98,1901.54,229.7952
2026-08-18 02:00:00,1901.53,1902.13,1900.56,1901.82,376.4492
2026-08-18 02:03:00,1901.81,1903.31,1901.5,1902.99,243.9622
2026-08-18 02:06:00,1902.99,1903.6,1902.05,1902.19,327.3851
2026-08-18 02:09:00,1902.19,1902.5,1900.45,1900.46,254.337
2026-08-18 02:12:00,1900.45,1901.08,1899.77,1899.78,374.2534
2026-08-18 02:15:00,1899.77,1899.95,1899.0,1899.56,469.1862
2026-08-18 02:18:00,1899.56,1900.69,1899.0,1900.16,186.1441
2026-08-18 02:21:00,1900.16,1900.69,1900.0,1900.1,241.1294
2026-08-18 02:24:00,1900.1,1900.11,1898.66,1898.66,140.7534
2026-08-18 02:27:00,1898.66,1899.36,1897.75,1897.76,440.2352
2026-08-18 02:30:00,1897.75,1897.75,1896.18,1897.28,338.2101
2026-08-18 02:33:00,1897.28,1897.29,1896.12,1896.32,217.1601
2026-08-18 02:36:00,1896.31,1897.65,1896.31,1897.65,227.2935
2026-08-18 02:39:00,1897.65,1898.22,1897.61,1897.87,132.2179
2026-08-18 02:42:00,1897.86,1897.87,1894.06,1894.6,451.6805
2026-08-18 02:45:00,1894.6,1895.5,1889.28,1894.19,2327.9924
2026-08-18 02:48:00,1894.2,1896.03,1892.2,1896.03,959.1031
2026-08-18 02:51:00,1896.03,1896.64,1894.47,1895.17,362.1949
2026-08-18 02:54:00,1895.16,1895.16,1891.17,1891.55,955.1461
2026-08-18 02:57:00,1891.54,1893.2,1890.99,1893.19,316.3229
2026-08-18 03:00:00,1893.19,1894.79,1892.51,1894.79,358.6086
2026-08-18 03:03:00,1894.78,1895.3,1893.34,1893.84,266.6404
2026-08-18 03:06:00,1893.84,1894.16,1893.17,1893.23,260.5719
2026-08-18 03:09:00,1893.24,1893.26,1892.32,1892.33,272.1103
2026-08-18 03:12:00,1892.32,1892.59,1891.58,1891.66,269.5599
2026-08-18 03:15:00,1891.66,1892.7,1891.66,1891.7,336.7973
2026-08-18 03:18:00,1891.69,1893.9,1891.0,1891.19,404.756
2026-08-18 03:21:00,1891.19,1891.19,1889.25,1890.53,652.7626
2026-08-18 03:24:00,1890.53,1891.3,1890.03,1891.1,795.9363
2026-08-18 03:27:00,1891.11,1891.4,1890.72,1891.03,288.1776
2026-08-18 03:30:00,1891.03,1891.03,1887.25,1887.25,1150.7226
2026-08-18 03:33:00,1887.25,1890.17,1885.78,1890.17,1250.9816
2026-08-18 03:36:00,1890.18,1893.01,1890.17,1893.01,379.7681
2026-08-18 03:39:00,1893.01,1893.98,1892.66,1893.51,319.9769
2026-08-18 03:42:00,1893.51,1895.46,1893.13,1895.46,519.5482
2026-08-18 03:45:00,1895.45,1895.49,1893.72,1894.9,421.2274
2026-08-18 03:48:00,1894.89,1895.08,1894.01,1894.85,354.4626
2026-08-18 03:51:00,1894.85,1895.23,1894.63,1894.89,91.2054
2026-08-18 03:54:00,1894.9,1895.01,1893.99,1895.0,831.7142
2026-08-18 03:57:00,1895.0,1895.01,1894.23,1894.69,207.6185
2026-08-18 04:00:00,1894.68,1894.68,1891.75,1891.8,330.9113
2026-08-18 04:03:00,1891.8,1893.81,1891.53,1893.81,253.3705
2026-08-18 04:06:00,1893.81,1894.26,1893.8,1894.25,144.5996
2026-08-18 04:09:00,1894.26,1894.86,1893.95,1894.84,130.5108
2026-08-18 04:12:00,1894.84,1895.5,1894.75,1895.08,201.5182
2026-08-18 04:15:00,1895.08,1895.08,1894.75,1894.76,53.8847
2026-08-18 04:18:00,1894.75,1894.76,1893.95,1893.95,60.3265
2026-08-18 04:21:00,1893.95,1894.59,1893.88,1894.0,203.0857
2026-08-18 04:24:00,1894.01,1894.5,1894.0,1894.2,344.4892
2026-08-18 04:27:00,1894.2,1894.85,1894.0,1894.85,238.1315
2026-08-18 04:30:00,1894.85,1896.08,1894.85,1895.92,259.1672
2026-08-18 04:33:00,1895.92,1897.29,1895.91,1897.29,228.1129
2026-08-18 04:36:00,1897.28,1897.29,1896.53,1896.54,249.026
2026-08-18 04:39:00,1896.53,1897.43,1896.48,1897.43,499.8021
2026-08-18 04:42:00,1897.42,1897.43,1896.88,1896.88,271.5539
2026-08-18 04:45:00,1896.89,1897.7,1896.07,1896.18,158.2022
2026-08-18 04:48:00,1896.18,1896.41,1895.85,1896.4,122.2638
2026-08-18 04:51:00,1896.41,1896.66,1896.22,1896.51,133.2618
2026-08-18 04:54:00,1896.52,1897.18,1896.51,1896.67,75.9413
2026-08-18 04:57:00,1896.67,1896.67,1896.66,1896.66,54.0597
2026-08-18 05:00:00,1896.66,1896.67,1895.16,1896.28,228.0611
2026-08-18 05:03:00,1896.27,1896.75,1895.48,1896.56,127.9362
2026-08-18 05:06:00,1896.56,1897.74,1896.56,1897.73,107.8562
2026-08-18 05:09:00,1897.74,1898.95,1897.6,1897.97,316.1432
2026-08-18 05:12:00,1897.98,1898.45,1897.18,1897.84,257.3292
2026-08-18 05:15:00,1897.84,1898.59,1897.43,1897.52,352.8511
2026-08-18 05:18:00,1897.53,1898.14,1897.52,1897.81,82.4882
2026-08-18 05:21:00,1897.8,1897.8,1896.15,1896.15,283.8717
2026-08-18 05:24:00,1896.15,1896.23,1895.95,1896.22,279.5476
2026-08-18 05:27:00,1896.22,1896.52,1895.86,1896.11,389.8807
2026-08-18 05:30:00,1896.1,1896.11,1894.69,1895.14,389.9426
2026-08-18 05:33:00,1895.14,1895.3,1894.06,1894.06,350.033
2026-08-18 05:36:00,1894.06,1894.23,1892.75,1893.96,346.2126
2026-08-18 05:39:00,1893.96,1895.25,1893.95,1895.25,52.2417
2026-08-18 05:42:00,1895.24,1896.93,1894.94,1896.9,206.5948
2026-08-18 05:45:00,1896.9,1896.91,1895.37,1895.39,158.1144
2026-08-18 05:48:00,1895.4,1896.07,1895.14,1895.15,95.1456
2026-08-18 05:51:00,1895.14,1896.4,1895.11,1896.4,65.2414
2026-08-18 05:54:00,1896.4,1896.72,1895.67,1896.17,191.5043
2026-08-18 05:57:00,1896.18,1896.18,1895.63,1895.63,269.5506
2026-08-18 06:00:00,1895.62,1895.62,1893.97,1895.3,423.8333
2026-08-18 06:03:00,1895.3,1895.31,1894.41,1894.41,120.4339
2026-08-18 06:06:00,1894.41,1894.42,1893.64,1893.85,315.9845
2026-08-18 06:09:00,1893.84,1896.87,1893.84,1896.87,235.0774
2026-08-18 06:12:00,1896.87,1897.09,1896.17,1896.33,203.0843
2026-08-18 06:15:00,1896.33,1897.47,1896.32,1897.35,195.4178
2026-08-18 06:18:00,1897.35,1898.44,1897.34,1898.02,299.9235
2026-08-18 06:21:00,1898.02,1899.89,1898.02,1899.88,266.375
2026-08-18 06:24:00,1899.88,1900.6,1899.61,1899.64,372.8176
2026-08-18 06:27:00,1899.64,1900.11,1899.48,1900.08,187.2212
2026-08-18 06:30:00,1900.09,1902.73,1900.09,1901.92,312.3045
2026-08-18 06:33:00,1901.91,1901.92,1900.9,1901.28,105.2453
2026-08-18 06:36:00,1901.28,1903.05,1901.28,1903.04,174.3477
2026-08-18 06:39:00,1903.03,1904.28,1903.03,1904.06,336.3224
2026-08-18 06:42:00,1904.06,1906.94,1904.06,1905.49,746.6378
2026-08-18 06:45:00,1905.49,1906.16,1903.81,1904.0,270.5149
2026-08-18 06:48:00,1904.0,1904.22,1903.0,1903.0,132.9833
2026-08-18 06:51:00,1903.0,1903.11,1902.09,1902.37,151.714
2026-08-18 06:54:00,1902.37,1902.38,1901.09,1901.63,207.5622
2026-08-18 06:57:00,1901.63,1902.84,1901.62,1902.83,54.1235
2026-08-18 07:00:00,1902.84,1903.27,1902.4,1902.93,300.1549
2026-08-18 07:03:00,1902.94,1902.94,1901.53,1902.76,115.493
2026-08-18 07:06:00,1902.75,1902.84,1902.29,1902.4,187.441
2026-08-18 07:09:00,1902.4,1902.62,1901.92,1902.19,160.8866
2026-08-18 07:12:00,1902.19,1902.49,1901.99,1902.48,131.6495
2026-08-18 07:15:00,1902.48,1902.84,1901.96,1901.96,120.4329
2026-08-18 07:18:00,1901.96,1902.64,1901.21,1901.26,206.6607
2026-08-18 07:21:00,1901.26,1901.57,1900.86,1901.11,131.9854
2026-08-18 07:24:00,1901.1,1901.11,1900.8,1900.8,78.4076
2026-08-18 07:27:00,1900.8,1900.8,1899.48,1899.48,166.2662
2026-08-18 07:30:00,1899.48,1900.68,1898.92,1899.95,499.462
2026-08-18 07:33:00,1899.96,1899.96,1899.32,1899.72,194.1009
2026-08-18 07:36:00,1899.72,1901.77,1899.71,1901.77,320.7097
2026-08-18 07:39:00,1901.77,1902.34,1900.53,1901.22,368.9645
2026-08-18 07:42:00,1901.21,1901.42,1900.34,1900.35,328.2602
2026-08-18 07:45:00,1900.34,1900.35,1899.71,1899.89,336.3229
2026-08-18 07:48:00,1899.88,1899.88,1897.07,1898.34,773.869
2026-08-18 07:51:00,1898.33,1898.55,1897.45,1898.02,437.6841
2026-08-18 07:54:00,1898.02,1898.56,1898.02,1898.54,485.3254
2026-08-18 07:57:00,1898.55,1899.18,1898.54,1898.84,534.9796
2026-08-18 08:00:00,1898.83,1899.04,1897.26,1898.18,578.467
2026-08-18 08:03:00,1898.15,1898.15,1895.11,1895.39,334.3836
2026-08-18 08:06:00,1895.39,1895.59,1893.8,1894.83,317.9739
2026-08-18 08:09:00,1894.83,1895.67,1894.83,1895.27,208.2815
2026-08-18 08:12:00,1895.27,1897.28,1895.25,1897.18,239.5608
2026-08-18 08:15:00,1897.19,1899.28,1897.19,1897.47,650.5136
2026-08-18 08:18:00,1897.48,1900.4,1897.47,1899.12,521.7782
2026-08-18 08:21:00,1899.11,1899.12,1897.24,1897.25,469.672
2026-08-18 08:24:00,1897.24,1898.41,1897.21,1897.89,464.8827
2026-08-18 08:27:00,1897.89,1899.08,1897.42,1897.82,182.7681
2026-08-18 08:30:00,1897.82,1899.35,1897.43,1899.27,124.9033
2026-08-18 08:33:00,1899.26,1900.6,1898.38,1900.59,138.6061
2026-08-18 08:36:00,1900.59,1901.54,1900.04,1900.94,148.3799
2026-08-18 08:39:00,1900.95,1901.83,1900.46,1900.5,173.3256
2026-08-18 08:42:00,1900.51,1900.68,1900.0,1900.01,96.5686
2026-08-18 08:45:00,1900.0,1900.01,1899.28,1899.28,175.0105
2026-08-18 08:48:00,1899.28,1899.28,1898.1,1898.99,135.8719
2026-08-18 08:51:00,1898.99,1900.37,1898.99,1899.53,584.0153
2026-08-18 08:54:00,1899.53,1900.01,1899.52,1899.72,103.9869
2026-08-18 08:57:00,1899.72,1900.39,1899.71,1900.3,46.1279
2026-08-18 09:00:00,1900.31,1900.31,1899.55,1899.68,129.6138
2026-08-18 09:03:00,1899.67,1899.67,1898.71,1898.72,178.186
2026-08-18 09:06:00,1898.71,1899.14,1898.23,1898.42,236.6396
2026-08-18 09:09:00,1898.43,1899.32,1898.43,1899.11,140.2992
2026-08-18 09:12:00,1899.11,1899.26,1898.96,1898.97,41.4036
2026-08-18 09:15:00,1898.97,1899.11,1897.85,1897.85,313.9213
2026-08-18 09:18:00,1897.86,1898.14,1896.68,1897.03,146.8912
2026-08-18 09:21:00,1897.03,1897.07,1896.4,1896.77,723.216
2026-08-18 09:24:00,1896.76,1896.76,1895.82,1895.82,426.6797
2026-08-18 09:27:00,1895.82,1896.59,1895.58,1896.36,313.256
2026-08-18 09:30:00,1896.37,1897.02,1896.12,1897.01,449.3553
2026-08-18 09:33:00,1897.01,1897.75,1896.58,1897.26,228.398
2026-08-18 09:36:00,1897.25,1897.26,1896.56,1897.06,296.6466
2026-08-18 09:39:00,1897.05,1897.42,1896.09,1896.14,1077.0716
2026-08-18 09:42:00,1896.14,1896.58,1895.87,1896.58,192.7049
2026-08-18 09:45:00,1896.57,1896.71,1896.03,1896.7,285.0074
2026-08-18 09:48:00,1896.71,1897.52,1896.16,1896.16,153.8046
2026-08-18 09:51:00,1896.16,1897.21,1895.95,1897.04,154.7314
2026-08-18 09:54:00,1897.03,1897.09,1896.9,1897.08,65.1874
2026-08-18 09:57:00,1897.09,1897.29,1896.93,1896.93,188.5289
2026-08-18 10:00:00,1896.93,1897.07,1895.69,1895.74,152.5013
2026-08-18 10:03:00,1895.74,1898.38,1895.74,1896.84,342.2156
2026-08-18 10:06:00,1896.84,1896.85,1895.95,1896.09,101.143
2026-08-18 10:09:00,1896.1,1896.31,1895.98,1896.1,62.0619
2026-08-18 10:12:00,1896.1,1896.13,1895.21,1896.12,122.3855
2026-08-18 10:15:00,1896.12,1896.5,1896.12,1896.5,57.6028
2026-08-18 10:18:00,1896.5,1897.0,1896.44,1896.44,209.6813
2026-08-18 10:21:00,1896.45,1896.45,1895.4,1896.34,170.9035
2026-08-18 10:24:00,1896.33,1896.44,1896.0,1896.19,101.6664
2026-08-18 10:27:00,1896.19,1896.77,1896.19,1896.77,76.1863
2026-08-18 10:30:00,1896.78,1897.68,1896.69,1897.55,94.0198
2026-08-18 10:33:00,1897.55,1897.59,1897.11,1897.58,97.9229
2026-08-18 10:36:00,1897.58,1899.56,1897.58,1899.06,312.0495
2026-08-18 10:39:00,1899.06,1899.06,1897.81,1898.0,444.4467
2026-08-18 10:42:00,1898.0,1898.0,1897.49,1897.49,214.3809
2026-08-18 10:45:00,1897.49,1898.21,1897.49,1898.21,200.8818
2026-08-18 10:48:00,1898.2,1898.2,1897.96,1898.08,97.2401
2026-08-18 10:51:00,1898.08,1898.09,1897.93,1897.94,69.9942
2026-08-18 10:54:00,1897.93,1898.35,1897.93,1898.34,110.7405
2026-08-18 10:57:00,1898.35,1898.35,1898.01,1898.02,90.3509
2026-08-18 11:00:00,1898.01,1900.0,1897.65,1899.99,233.3655
2026-08-18 11:03:00,1900.0,1900.98,1899.53,1899.53,599.0964
2026-08-18 11:06:00,1899.53,1900.09,1899.23,1900.08,91.4298
2026-08-18 11:09:00,1900.09,1902.0,1900.08,1901.72,170.5764
2026-08-18 11:12:00,1901.72,1902.01,1900.76,1902.0,206.0752
2026-08-18 11:15:00,1902.01,1903.53,1902.0,1902.99,302.5745
2026-08-18 11:18:00,1903.0,1903.6,1902.99,1903.16,118.5903
2026-08-18 11:21:00,1903.17,1905.0,1903.16,1904.07,253.9724
2026-08-18 11:24:00,1904.08,1905.54,1904.07,1905.53,630.4851
2026-08-18 11:27:00,1905.54,1905.65,1904.89,1904.89,242.2092
2026-08-18 11:30:00,1904.89,1904.9,1904.3,1904.36,158.5792
2026-08-18 11:33:00,1904.36,1904.37,1903.91,1904.19,220.0597
2026-08-18 11:36:00,1904.2,1904.2,1904.19,1904.19,49.1114
2026-08-18 11:39:00,1904.2,1904.57,1904.19,1904.56,77.8569
2026-08-18 11:42:00,1904.57,1905.32,1904.38,1904.58,226.0956
2026-08-18 11:45:00,1904.58,1905.17,1904.35,1904.36,207.9244
2026-08-18 11:48:00,1904.35,1904.36,1903.71,1903.77,169.5926
2026-08-18 11:51:00,1903.77,1904.0,1903.18,1903.25,103.3294
2026-08-18 11:54:00,1903.25,1903.25,1902.77,1902.93,102.9527
2026-08-18 11:57:00,1902.93,1903.12,1902.93,1903.11,150.6106
2026-08-18 12:00:00,1903.12,1903.12,1902.5,1902.52,87.9663
2026-08-18 12:03:00,1902.52,1903.34,1901.74,1903.34,152.5604
2026-08-18 12:06:00,1903.34,1904.07,1902.15,1902.15,162.3817
2026-08-18 12:09:00,1902.15,1902.15,1901.05,1901.56,259.6004
2026-08-18 12:12:00,1901.55,1901.67,1901.55,1901.6,61.8072
2026-08-18 12:15:00,1901.6,1901.61,1900.84,1900.85,191.3976
2026-08-18 12:18:00,1900.85,1901.75,1900.72,1901.74,96.5775
2026-08-18 12:21:00,1901.75,1902.73,1901.74,1901.81,165.4478
2026-08-18 12:24:00,1901.81,1901.81,1901.29,1901.59,71.8275
2026-08-18 12:27:00,1901.6,1901.6,1901.59,1901.59,48.7852
2026-08-18 12:30:00,1901.59,1901.6,1900.41,1901.59,225.8988
2026-08-18 12:33:00,1901.6,1901.82,1901.26,1901.81,72.0528
2026-08-18 12:36:00,1901.81,1901.82,1900.48,1900.48,156.822
2026-08-18 12:39:00,1900.49,1900.65,1900.32,1900.65,56.0452
2026-08-18 12:42:00,1900.64,1900.75,1899.61,1899.61,277.2109
2026-08-18 12:45:00,1899.6,1899.95,1899.11,1899.95,110.3702
2026-08-18 12:48:00,1899.95,1900.8,1899.94,1900.8,100.7928
2026-08-18 12:51:00,1900.8,1900.96,1900.23,1900.23,53.5974
2026-08-18 12:54:00,1900.23,1900.37,1899.61,1899.61,100.755
2026-08-18 12:57:00,1899.61,1899.82,1899.48,1899.48,242.1811
2026-08-18 13:00:00,1899.48,1899.48,1897.16,1897.96,289.8441
2026-08-18 13:03:00,1897.96,1898.17,1897.79,1897.81,205.5986
2026-08-18 13:06:00,1897.81,1897.91,1897.5,1897.91,114.0986
2026-08-18 13:09:00,1897.91,1898.53,1897.73,1897.83,149.7537
2026-08-18 13:12:00,1897.82,1898.11,1897.81,1898.11,63.141
2026-08-18 13:15:00,1898.11,1898.11,1897.02,1897.11,94.364
2026-08-18 13:18:00,1897.11,1897.66,1897.05,1897.23,102.5673
2026-08-18 13:21:00,1897.23,1897.36,1896.17,1896.64,220.676
2026-08-18 13:24:00,1896.63,1897.2,1896.11,1896.79,148.5165
2026-08-18 13:27:00,1896.78,1896.84,1895.64,1895.8,293.2973
2026-08-18 13:30:00,1895.8,1898.49,1895.1,1895.11,1001.3378
2026-08-18 13:33:00,1895.1,1895.9,1894.15,1894.15,1246.5583
2026-08-18 13:36:00,1894.15,1898.22,1894.0,1898.21,412.7852
2026-08-18 13:39:00,1898.21,1900.0,1897.8,1898.68,391.08
2026-08-18 13:42:00,1898.68,1898.68,1896.57,1897.28,314.4517
2026-08-18 13:45:00,1897.27,1898.14,1896.34,1897.51,206.8097
2026-08-18 13:48:00,1897.51,1900.0,1896.5,1899.24,294.8294
2026-08-18 13:51:00,1899.25,1899.69,1895.56,1895.56,262.7178
2026-08-18 13:54:00,1895.56,1896.69,1894.72,1896.69,273.029
2026-08-18 13:57:00,1896.69,1898.27,1896.69,1897.84,207.6515
2026-08-18 14:00:00,1897.84,1900.67,1897.77,1900.14,601.3076
2026-08-18 14:03:00,1900.14,1902.32,1899.65,1900.01,247.8672
2026-08-18 14:06:00,1900.01,1902.06,1899.94,1900.62,274.7205
2026-08-18 14:09:00,1900.63,1900.63,1897.69,1897.94,256.7631
2026-08-18 14:12:00,1897.94,1898.66,1897.81,1897.93,133.5329
2026-08-18 14:15:00,1897.92,1899.05,1897.31,1898.12,122.1915
2026-08-18 14:18:00,1898.12,1904.49,1897.81,1903.63,676.2343
2026-08-18 14:21:00,1903.63,1908.1,1902.14,1907.8,1281.4508
2026-08-18 14:24:00,1907.8,1913.68,1907.8,1913.68,1627.3874
2026-08-18 14:27:00,1913.68,1919.7,1912.27,1918.23,4421.0262
2026-08-18 14:30:00,1918.23,1923.27,1914.1,1916.56,3993.8606
2026-08-18 14:33:00,1916.57,1916.93,1914.44,1914.67,1106.0351
2026-08-18 14:36:00,1914.67,1915.28,1912.2,1914.01,846.076
2026-08-18 14:39:00,1914.02,1915.0,1912.38,1915.0,1132.3947
2026-08-18 14:42:00,1915.0,1915.42,1911.22,1912.36,605.9279
2026-08-18 14:45:00,1912.36,1913.64,1912.11,1912.57,509.4577
2026-08-18 14:48:00,1912.57,1915.12,1912.38,1914.81,442.6412
2026-08-18 14:51:00,1914.8,1915.76,1909.22,1911.08,994.9563
2026-08-18 14:54:00,1911.08,1912.91,1910.6,1912.9,336.8724
2026-08-18 14:57:00,1912.91,1913.0,1910.9,1911.02,423.1014
2026-08-18 15:00:00,1911.03,1917.27,1911.03,1914.53,1831.7759
2026-08-18 15:03:00,1914.53,1915.92,1912.99,1914.38,1953.4326
2026-08-18 15:06:00,1914.51,1915.84,1911.46,1911.69,659.0191
2026-08-18 15:09:00,1911.68,1912.43,1908.44,1912.42,915.1813
2026-08-18 15:12:00,1912.43,1913.33,1911.81,1912.66,303.7351
2026-08-18 15:15:00,1912.66,1914.73,1912.33,1914.48,627.2691
2026-08-18 15:18:00,1914.49,1915.25,1913.87,1915.25,381.6942
2026-08-18 15:21:00,1915.25,1915.44,1913.23,1913.42,490.4423
2026-08-18 15:24:00,1913.42,1916.28,1912.71,1916.28,562.424
2026-08-18 15:27:00,1916.27,1917.0,1916.0,1916.01,488.8429
2026-08-18 15:30:00,1916.01,1917.58,1915.43,1915.62,566.1237
2026-08-18 15:33:00,1915.62,1919.0,1915.52,1918.43,1021.3142
2026-08-18 15:36:00,1918.43,1919.93,1917.73,1918.22,709.5446
2026-08-18 15:39:00,1918.21,1918.64,1917.74,1918.11,223.3037
2026-08-18 15:42:00,1918.11,1918.79,1916.96,1916.97,358.9371
2026-08-18 15:45:00,1916.96,1918.37,1916.51,1918.36,848.3682
2026-08-18 15:48:00,1918.37,1918.63,1915.7,1916.04,442.9854
2026-08-18 15:51:00,1916.04,1918.51,1916.04,1917.59,352.3143
2026-08-18 15:54:00,1917.58,1917.99,1916.66,1917.34,615.0939
2026-08-18 15:57:00,1917.34,1917.7,1916.49,1917.7,270.0706
2026-08-18 16:00:00,1917.71,1918.18,1917.07,1917.09,507.2539
2026-08-18 16:03:00,1917.1,1919.15,1916.44,1919.15,451.2689
2026-08-18 16:06:00,1919.15,1919.4,1916.05,1916.32,316.3944
2026-08-18 16:09:00,1916.31,1917.0,1914.68,1915.45,483.378
2026-08-18 16:12:00,1915.46,1915.78,1914.67,1914.95,199.5686
2026-08-18 16:15:00,1914.95,1914.96,1914.05,1914.39,351.0395
2026-08-18 16:18:00,1914.38,1915.67,1914.18,1915.25,154.447
2026-08-18 16:21:00,1915.26,1915.77,1915.07,1915.47,225.845
2026-08-18 16:24:00,1915.48,1915.92,1915.13,1915.48,176.0679
2026-08-18 16:27:00,1915.48,1915.48,1913.5,1913.68,313.2601
2026-08-18 16:30:00,1913.68,1914.47,1912.78,1913.46,597.3557
2026-08-18 16:33:00,1913.46,1915.83,1913.45,1915.34,813.7925
2026-08-18 16:36:00,1915.35,1916.84,1915.26,1916.84,398.6933
2026-08-18 16:39:00,1916.85,1917.99,1916.07,1917.64,382.0159
2026-08-18 16:42:00,1917.64,1918.9,1917.64,1918.27,384.7006
2026-08-18 16:45:00,1918.27,1919.61,1917.88,1918.57,292.4045
2026-08-18 16:48:00,1918.57,1922.3,1918.57,1919.08,1154.5214
2026-08-18 16:51:00,1919.09,1919.24,1918.21,1918.72,158.5711
2026-08-18 16:54:00,1918.72,1918.73,1917.98,1918.73,384.2986
2026-08-18 16:57:00,1918.73,1918.95,1918.05,1918.47,312.3633
2026-08-18 17:00:00,1918.47,1918.62,1915.82,1915.86,427.7167
2026-08-18 17:03:00,1915.87,1916.78,1915.67,1916.27,411.4113
2026-08-18 17:06:00,1916.28,1916.28,1915.06,1915.46,358.4229
2026-08-18 17:09:00,1915.46,1915.71,1914.78,1915.1,249.7716
2026-08-18 17:12:00,1915.09,1915.71,1914.78,1915.7,195.2784
2026-08-18 17:15:00,1915.71,1915.71,1914.53,1915.22,182.5729
2026-08-18 17:18:00,1915.22,1915.71,1915.1,1915.7,93.1287
2026-08-18 17:21:00,1915.71,1917.0,1915.71,1916.27,319.2578
2026-08-18 17:24:00,1916.28,1916.42,1915.62,1915.62,138.5508
2026-08-18 17:27:00,1915.62,1916.4,1915.62,1916.31,205.2003
2026-08-18 17:30:00,1916.31,1916.39,1914.1,1914.96,860.782
2026-08-18 17:33:00,1914.96,1914.97,1913.0,1913.37,415.8853
2026-08-18 17:36:00,1913.37,1914.86,1913.37,1914.86,402.178
2026-08-18 17:39:00,1914.86,1915.56,1913.5,1913.5,252.8969
2026-08-18 17:42:00,1913.5,1914.74,1913.5,1914.16,304.7663
2026-08-18 17:45:00,1914.15,1914.41,1913.3,1913.31,186.9983
2026-08-18 17:48:00,1913.3,1913.31,1913.09,1913.23,83.1111
2026-08-18 17:51:00,1913.23,1913.55,1912.65,1913.36,241.017
2026-08-18 17:54:00,1913.36,1913.73,1912.85,1912.94,133.5214
2026-08-18 17:57:00,1912.95,1912.97,1911.34,1911.38,218.7326
2026-08-18 18:00:00,1911.38,1911.8,1910.81,1911.79,218.1491
2026-08-18 18:03:00,1911.79,1912.73,1911.61,1912.49,90.0212
2026-08-18 18:06:00,1912.48,1913.3,1912.44,1913.03,121.5206
2026-08-18 18:09:00,1913.03,1913.25,1912.8,1912.86,106.9207
2026-08-18 18:12:00,1912.86,1914.32,1912.72,1914.32,155.3238
2026-08-18 18:15:00,1914.31,1914.86,1914.14,1914.86,142.3545
2026-08-18 18:18:00,1914.85,1915.93,1914.85,1915.85,167.7395
2026-08-18 18:21:00,1915.85,1916.12,1915.5,1915.5,102.4531
2026-08-18 18:24:00,1915.5,1916.05,1915.5,1916.05,99.0849
2026-08-18 18:27:00,1916.05,1916.4,1916.04,1916.39,82.9175
2026-08-18 18:30:00,1916.39,1916.6,1916.0,1916.19,320.9214
2026-08-18 18:33:00,1916.19,1916.8,1915.87,1915.88,349.5961
2026-08-18 18:36:00,1915.87,1917.54,1915.87,1916.86,257.1957
2026-08-18 18:39:00,1916.86,1917.11,1916.68,1916.85,103.4265
2026-08-18 18:42:00,1916.85,1916.85,1915.67,1915.99,284.9422
2026-08-18 18:45:00,1915.99,1917.02,1915.59,1916.9,299.157
2026-08-18 18:48:00,1916.9,1917.24,1916.36,1916.45,172.7027
2026-08-18 18:51:00,1916.44,1916.77,1916.2,1916.2,143.6419
2026-08-18 18:54:00,1916.21,1916.25,1915.8,1916.23,228.1464
2026-08-18 18:57:00,1916.24,1916.65,1916.23,1916.6,68.1689
2026-08-18 19:00:00,1916.6,1916.6,1915.19,1915.38,221.1257
2026-08-18 19:03:00,1915.39,1916.22,1915.38,1916.18,151.0294
2026-08-18 19:06:00,1916.19,1916.35,1915.61,1915.61,106.5975
2026-08-18 19:09:00,1915.62,1915.62,1914.67,1914.74,132.7593
2026-08-18 19:12:00,1914.75,1914.75,1914.18,1914.19,90.4726
2026-08-18 19:15:00,1914.19,1914.5,1913.33,1914.23,150.0562
2026-08-18 19:18:00,1914.22,1914.5,1913.5,1914.5,98.7802
2026-08-18 19:21:00,1914.5,1915.25,1914.49,1915.2,59.6173
2026-08-18 19:24:00,1915.21,1916.12,1915.2,1916.03,181.8849
2026-08-18 19:27:00,1916.03,1917.58,1916.02,1916.7,537.8712
2026-08-18 19:30:00,1916.7,1916.89,1916.12,1916.13,198.8119
2026-08-18 19:33:00,1916.12,1916.23,1915.5,1915.55,275.3877
2026-08-18 19:36:00,1915.55,1916.08,1914.86,1915.41,232.5657
2026-08-18 19:39:00,1915.4,1915.4,1914.58,1914.58,112.3958
2026-08-18 19:42:00,1914.58,1914.84,1914.58,1914.72,85.5411
2026-08-18 19:45:00,1914.72,1915.26,1914.59,1915.07,95.8173
2026-08-18 19:48:00,1915.08,1915.08,1914.31,1914.31,132.3982
2026-08-18 19:51:00,1914.31,1914.86,1914.31,1914.59,86.594
2026-08-18 19:54:00,1914.59,1914.6,1913.61,1913.7,233.773
2026-08-18 19:57:00,1913.69,1913.7,1913.14,1913.28,200.868
2026-08-18 20:00:00,1913.28,1913.83,1913.06,1913.66,176.7522
2026-08-18 20:03:00,1913.66,1913.66,1912.14,1912.14,119.7712
2026-08-18 20:06:00,1912.14,1913.24,1911.98,1913.23,98.723
2026-08-18 20:09:00,1913.24,1914.06,1913.23,1913.45,95.0276
2026-08-18 20:12:00,1913.46,1914.62,1913.45,1914.62,58.8434
2026-08-18 20:15:00,1914.61,1914.62,1913.64,1913.65,120.6209
2026-08-18 20:18:00,1913.64,1913.65,1912.58,1912.59,120.6634
2026-08-18 20:21:00,1912.58,1913.74,1912.27,1913.73,675.2312
2026-08-18 20:24:00,1913.74,1913.74,1913.73,1913.73,66.3599
2026-08-18 20:27:00,1913.74,1913.83,1913.05,1913.05,76.3793
2026-08-18 20:30:00,1913.05,1913.79,1912.84,1913.78,68.0879
2026-08-18 20:33:00,1913.79,1915.71,1913.79,1914.38,327.4356
2026-08-18 20:36:00,1914.38,1915.22,1914.38,1914.71,127.3392
2026-08-18 20:39:00,1914.71,1914.71,1914.12,1914.13,91.2138
2026-08-18 20:42:00,1914.12,1914.32,1913.93,1913.93,72.4255
2026-08-18 20:45:00,1913.94,1914.23,1913.24,1913.44,206.9813
2026-08-18 20:48:00,1913.44,1913.7,1912.48,1912.8,391.0723
2026-08-18 20:51:00,1912.8,1913.67,1911.81,1913.67,475.8471
2026-08-18 20:54:00,1913.66,1913.67,1913.63,1913.66,106.424
2026-08-18 20:57:00,1913.65,1913.68,1913.01,1913.02,225.0431
2026-08-18 21:00:00,1913.01,1913.92,1913.01,1913.71,235.7664
2026-08-18 21:03:00,1913.7,1914.14,1913.7,1914.1,130.497
2026-08-18 21:06:00,1914.09,1914.1,1913.97,1914.0,59.1919
2026-08-18 21:09:00,1914.01,1914.7,1914.0,1914.69,117.0137
2026-08-18 21:12:00,1914.7,1915.01,1913.55,1913.63,204.5532
2026-08-18 21:15:00,1913.63,1914.12,1913.41,1913.42,138.0523
2026-08-18 21:18:00,1913.41,1913.42,1913.01,1913.27,57.2489
2026-08-18 21:21:00,1913.27,1913.58,1913.25,1913.43,193.7293
2026-08-18 21:24:00,1913.44,1913.58,1913.43,1913.44,64.173
2026-08-18 21:27:00,1913.45,1913.45,1913.37,1913.37,61.3254
2026-08-18 21:30:00,1913.37,1913.38,1913.28,1913.28,65.2759
2026-08-18 21:33:00,1913.28,1913.29,1913.05,1913.06,122.0998
2026-08-18 21:36:00,1913.05,1913.2,1911.99,1912.0,186.4826
2026-08-18 21:39:00,1911.99,1912.56,1911.62,1912.56,139.0243
2026-08-18 21:42:00,1912.56,1912.56,1910.87,1911.82,424.0154
2026-08-18 21:45:00,1911.81,1912.3,1911.71,1911.8,149.3241
2026-08-18 21:48:00,1911.8,1912.35,1911.65,1912.35,146.8914
2026-08-18 21:51:00,1912.34,1912.41,1911.86,1912.17,177.5441
2026-08-18 21:54:00,1912.17,1912.17,1911.26,1911.4,174.2182
2026-08-18 21:57:00,1911.39,1912.25,1911.39,1912.22,111.1863
2026-08-18 22:00:00,1912.21,1913.38,1911.81,1912.8,255.065
2026-08-18 22:03:00,1912.8,1913.44,1912.37,1912.8,377.1418
2026-08-18 22:06:00,1912.79,1913.0,1912.66,1912.66,92.7391
2026-08-18 22:09:00,1912.66,1914.3,1912.66,1913.96,204.0599
2026-08-18 22:12:00,1913.96,1914.92,1913.92,1913.93,330.4133
2026-08-18 22:15:00,1913.92,1913.93,1913.65,1913.89,89.9277
2026-08-18 22:18:00,1913.89,1914.75,1913.88,1914.69,212.2151
2026-08-18 22:21:00,1914.7,1915.0,1914.4,1914.41,795.7513
2026-08-18 22:24:00,1914.41,1914.41,1913.07,1914.28,306.8233
2026-08-18 22:27:00,1914.29,1914.58,1914.19,1914.58,71.7036
2026-08-18 22:30:00,1914.58,1914.84,1914.48,1914.82,84.6858
2026-08-18 22:33:00,1914.82,1915.35,1914.37,1915.32,217.0666
2026-08-18 22:36:00,1915.31,1915.32,1913.71,1913.91,352.3044
2026-08-18 22:39:00,1913.91,1915.0,1913.9,1914.21,189.7847
2026-08-18 22:42:00,1914.22,1914.22,1913.78,1913.79,220.7778
2026-08-18 22:45:00,1913.78,1913.86,1913.26,1913.61,155.7697
2026-08-18 22:48:00,1913.62,1913.68,1913.5,1913.5,153.996
2026-08-18 22:51:00,1913.5,1913.51,1913.0,1913.01,115.3166
2026-08-18 22:54:00,1913.0,1913.78,1912.56,1913.78,337.075
2026-08-18 22:57:00,1913.77,1913.78,1913.36,1913.42,129.4441
2026-08-18 23:00:00,1913.42,1914.85,1912.97,1914.85,199.1732
2026-08-18 23:03:00,1914.85,1916.76,1914.85,1915.92,234.0863
2026-08-18 23:06:00,1915.93,1915.93,1914.96,1915.3,102.9957
2026-08-18 23:09:00,1915.29,1916.04,1915.29,1916.03,58.0183
2026-08-18 23:12:00,1916.03,1916.93,1916.03,1916.69,99.9783
2026-08-18 23:15:00,1916.7,1917.42,1916.7,1917.27,345.3642
2026-08-18 23:18:00,1917.28,1917.36,1917.15,1917.25,112.1599
2026-08-18 23:21:00,1917.25,1919.0,1917.24,1919.0,315.8779
2026-08-18 23:24:00,1918.99,1919.34,1918.65,1919.22,241.4337
2026-08-18 23:27:00,1919.21,1919.22,1918.65,1918.66,104.8281
2026-08-18 23:30:00,1918.65,1919.04,1918.65,1919.04,73.8293
2026-08-18 23:33:00,1919.04,1920.0,1919.03,1919.91,384.1624
2026-08-18 23:36:00,1919.9,1919.91,1919.13,1919.14,109.2176
2026-08-18 23:39:00,1919.14,1919.14,1919.08,1919.09,53.9768
2026-08-18 23:42:00,1919.09,1919.87,1919.08,1919.41,267.1071
2026-08-18 23:45:00,1919.4,1919.83,1918.68,1918.69,226.284
2026-08-18 23:48:00,1918.68,1920.1,1918.39,1919.85,274.3035
2026-08-18 23:51:00,1919.86,1919.86,1919.62,1919.62,75.8664
2026-08-18 23:54:00,1919.63,1919.63,1918.27,1918.28,101.3928
2026-08-18 23:57:00,1918.28,1918.28,1917.21,1917.85,224.1834
2026-08-19 00:00:00,1917.85,1918.8,1915.67,1915.95,530.2179
2026-08-19 00:03:00,1915.96,1915.96,1912.25,1912.43,538.2528
2026-08-19 00:06:00,1912.44,1915.58,1912.14,1915.58,283.873
2026-08-19 00:09:00,1915.58,1915.66,1913.03,1913.91,197.8599
2026-08-19 00:12:00,1913.9,1914.05,1913.1,1913.61,292.039
2026-08-19 00:15:00,1913.6,1914.73,1912.42,1914.73,306.2504
2026-08-19 00:18:00,1914.72,1915.5,1914.27,1915.49,93.7073
2026-08-19 00:21:00,1915.5,1919.15,1915.11,1917.35,452.2859
2026-08-19 00:24:00,1917.34,1918.26,1916.49,1916.53,241.8377
2026-08-19 00:27:00,1916.53,1917.0,1916.36,1916.48,122.4348
2026-08-19 00:30:00,1916.47,1918.0,1916.25,1917.27,260.1557
2026-08-19 00:33:00,1917.28,1917.66,1916.87,1917.14,263.7416
2026-08-19 00:36:00,1917.14,1917.5,1916.49,1917.07,238.4488
2026-08-19 00:39:00,1917.08,1917.08,1914.88,1914.88,170.9705
2026-08-19 00:42:00,1914.87,1914.91,1914.13,1914.89,158.0607
2026-08-19 00:45:00,1914.88,1914.89,1914.36,1914.54,136.5409
2026-08-19 00:48:00,1914.55,1915.52,1913.54,1913.94,204.6096
2026-08-19 00:51:00,1913.95,1915.24,1913.54,1915.07,185.37
2026-08-19 00:54:00,1915.06,1915.72,1914.48,1914.48,146.4305
2026-08-19 00:57:00,1914.48,1914.48,1913.3,1913.62,341.9369
2026-08-19 01:00:00,1913.62,1914.4,1912.76,1913.79,563.5721
2026-08-19 01:03:00,1913.78,1915.12,1913.47,1915.04,265.3191
2026-08-19 01:06:00,1915.04,1917.76,1915.04,1917.58,475.6899
2026-08-19 01:09:00,1917.59,1918.08,1916.58,1916.73,404.4812
2026-08-19 01:12:00,1916.74,1917.41,1916.0,1916.6,354.237
2026-08-19 01:15:00,1916.6,1916.6,1914.82,1914.83,117.233
2026-08-19 01:18:00,1914.82,1916.3,1913.66,1916.3,260.3963
2026-08-19 01:21:00,1916.31,1916.32,1914.56,1914.56,263.2052
2026-08-19 01:24:00,1914.56,1914.99,1912.28,1914.98,499.7621
2026-08-19 01:27:00,1914.98,1916.63,1914.67,1915.35,443.6073
2026-08-19 01:30:00,1915.35,1915.68,1913.47,1914.18,325.4187
2026-08-19 01:33:00,1914.18,1915.62,1914.09,1914.13,327.4014
2026-08-19 01:36:00,1914.14,1915.11,1914.01,1914.34,304.7187
2026-08-19 01:39:00,1914.34,1914.34,1913.23,1913.35,99.6233
2026-08-19 01:42:00,1913.36,1914.02,1912.8,1914.02,278.7156
2026-08-19 01:45:00,1914.02,1914.61,1913.44,1913.99,253.5018
2026-08-19 01:48:00,1914.0,1914.13,1913.08,1913.9,214.0315
2026-08-19 01:51:00,1913.91,1915.13,1913.9,1915.06,146.7786
2026-08-19 01:54:00,1915.05,1915.12,1914.35,1914.35,137.3894
2026-08-19 01:57:00,1914.34,1914.34,1912.98,1913.68,174.264
2026-08-19 02:00:00,1913.68,1913.68,1912.03,1912.03,237.1459
2026-08-19 02:03:00,1912.03,1912.54,1911.73,1911.87,177.0645
2026-08-19 02:06:00,1911.87,1912.13,1911.21,1911.5,258.9494
2026-08-19 02:09:00,1911.49,1913.11,1911.06,1912.87,447.2417
2026-08-19 02:12:00,1912.87,1913.88,1912.26,1912.73,230.9643
2026-08-19 02:15:00,1912.73,1912.73,1910.2,1910.21,564.5668
2026-08-19 02:18:00,1910.21,1910.35,1907.43,1907.98,772.0327
2026-08-19 02:21:00,1907.98,1910.56,1907.98,1910.52,300.5486
2026-08-19 02:24:00,1910.53,1911.12,1910.0,1911.11,260.5565
2026-08-19 02:27:00,1911.11,1911.11,1909.94,1910.38,156.6665
2026-08-19 02:30:00,1910.38,1910.51,1909.68,1909.68,190.2798
2026-08-19 02:33:00,1909.67,1909.67,1908.5,1909.27,277.2323
2026-08-19 02:36:00,1909.27,1910.36,1909.26,1909.53,166.7369
2026-08-19 02:39:00,1909.54,1909.78,1908.7,1908.7,172.7201
2026-08-19 02:42:00,1908.7,1909.78,1908.69,1909.07,484.3922
2026-08-19 02:45:00,1909.07,1910.48,1909.07,1910.2,212.0296
2026-08-19 02:48:00,1910.21,1910.21,1909.17,1909.17,106.8356
2026-08-19 02:51:00,1909.17,1909.18,1907.72,1908.12,281.619
2026-08-19 02:54:00,1908.12,1908.59,1907.51,1908.38,327.0854
2026-08-19 02:57:00,1908.38,1908.38,1907.7,1907.7,55.6542
2026-08-19 03:00:00,1907.71,1909.05,1907.7,1909.05,206.6612
2026-08-19 03:03:00,1909.04,1909.72,1908.66,1908.85,443.5748
2026-08-19 03:06:00,1908.85,1908.85,1906.19,1908.17,1066.4593
2026-08-19 03:09:00,1908.16,1908.93,1907.25,1908.91,347.7344
2026-08-19 03:12:00,1908.9,1911.81,1908.74,1911.6,221.92
2026-08-19 03:15:00,1911.6,1913.43,1911.52,1912.28,322.4728
2026-08-19 03:18:00,1912.29,1915.37,1912.29,1915.37,648.0568
2026-08-19 03:21:00,1915.37,1915.57,1913.36,1913.37,302.5465
2026-08-19 03:24:00,1913.37,1913.37,1912.63,1912.63,70.7755
2026-08-19 03:27:00,1912.64,1913.06,1912.63,1912.8,235.7411
2026-08-19 03:30:00,1912.8,1912.9,1911.92,1912.3,208.3562
2026-08-19 03:33:00,1912.3,1912.49,1910.95,1911.25,345.4432
2026-08-19 03:36:00,1911.24,1911.37,1910.72,1911.15,139.6358
2026-08-19 03:39:00,1911.14,1911.95,1911.14,1911.82,173.6896
2026-08-19 03:42:00,1911.82,1912.68,1911.82,1912.06,221.6968
2026-08-19 03:45:00,1912.06,1912.24,1911.32,1912.2,202.8647
2026-08-19 03:48:00,1912.2,1913.75,1911.93,1913.75,144.5178
2026-08-19 03:51:00,1913.75,1913.88,1912.66,1912.66,91.8107
2026-08-19 03:54:00,1912.67,1912.76,1911.92,1912.75,85.5925
2026-08-19 03:57:00,1912.75,1912.76,1912.15,1912.15,62.1828
2026-08-19 04:00:00,1912.15,1912.15,1911.5,1911.51,76.1249
2026-08-19 04:03:00,1911.5,1911.51,1911.0,1911.0,217.1535
2026-08-19 04:06:00,1911.0,1911.01,1910.38,1910.53,330.7754
2026-08-19 04:09:00,1910.53,1911.35,1910.53,1911.08,153.1661
2026-08-19 04:12:00,1911.08,1911.09,1910.82,1910.95,49.9914
2026-08-19 04:15:00,1910.96,1912.24,1910.95,1911.58,271.2102
2026-08-19 04:18:00,1911.58,1913.15,1911.58,1913.14,141.7014
2026-08-19 04:21:00,1913.14,1913.78,1913.1,1913.17,233.0586
2026-08-19 04:24:00,1913.17,1913.18,1912.98,1913.03,52.9627
2026-08-19 04:27:00,1913.02,1913.03,1912.08,1912.35,103.6264
2026-08-19 04:30:00,1912.34,1912.35,1911.38,1911.82,503.2063
2026-08-19 04:33:00,1911.81,1914.56,1911.5,1914.55,512.0217
2026-08-19 04:36:00,1914.55,1914.55,1911.75,1911.76,166.2296
2026-08-19 04:39:00,1911.76,1912.74,1911.76,1912.08,168.5562
2026-08-19 04:42:00,1912.08,1912.09,1911.4,1911.58,235.6352
2026-08-19 04:45:00,1911.59,1912.74,1911.59,1912.17,362.6457
2026-08-19 04:48:00,1912.16,1912.17,1911.04,1911.04,224.3508
2026-08-19 04:51:00,1911.04,1911.49,1910.35,1910.88,208.42
2026-08-19 04:54:00,1910.88,1910.88,1910.17,1910.18,114.192
2026-08-19 04:57:00,1910.19,1911.15,1910.18,1910.85,158.9487
2026-08-19 05:00:00,1910.84,1911.4,1910.36,1911.4,154.0189
2026-08-19 05:03:00,1911.41,1912.7,1911.02,1912.69,139.0892
2026-08-19 05:06:00,1912.69,1912.81,1912.01,1912.64,230.5189
2026-08-19 05:09:00,1912.63,1913.5,1912.63,1913.5,256.131
2026-08-19 05:12:00,1913.5,1914.14,1913.3,1913.31,162.0985
2026-08-19 05:15:00,1913.3,1913.3,1912.8,1913.05,105.9679
2026-08-19 05:18:00,1913.05,1913.05,1911.81,1911.81,122.4677
2026-08-19 05:21:00,1911.82,1912.3,1911.05,1911.9,251.6742
2026-08-19 05:24:00,1911.9,1913.04,1911.81,1913.03,99.1186
2026-08-19 05:27:00,1913.03,1913.79,1913.03,1913.6,159.2091
2026-08-19 05:30:00,1913.6,1914.12,1912.96,1912.97,108.2986
2026-08-19 05:33:00,1912.97,1913.42,1912.68,1912.95,317.3348
2026-08-19 05:36:00,1912.96,1912.96,1912.5,1912.54,71.8214
2026-08-19 05:39:00,1912.54,1912.95,1912.54,1912.64,153.332
2026-08-19 05:42:00,1912.63,1912.8,1912.13,1912.65,540.8389
2026-08-19 05:45:00,1912.64,1912.65,1911.67,1911.67,126.3397
2026-08-19 05:48:00,1911.68,1911.76,1911.67,1911.71,71.0418
2026-08-19 05:51:00,1911.71,1912.65,1911.2,1911.36,451.4459
2026-08-19 05:54:00,1911.36,1911.37,1910.67,1911.18,387.587
2026-08-19 05:57:00,1911.19,1911.19,1909.97,1910.27,178.1916
2026-08-19 06:00:00,1910.28,1911.17,1909.36,1909.6,553.5548
2026-08-19 06:03:00,1909.59,1909.59,1909.0,1909.51,198.1566
2026-08-19 06:06:00,1909.52,1909.52,1907.25,1907.38,633.3582
2026-08-19 06:09:00,1907.38,1907.46,1906.0,1906.59,672.6511
2026-08-19 06:12:00,1906.59,1907.07,1906.59,1907.06,187.3696
2026-08-19 06:15:00,1907.07,1911.11,1907.06,1910.53,412.9538
2026-08-19 06:18:00,1910.52,1911.67,1910.47,1911.67,265.9118
2026-08-19 06:21:00,1911.68,1912.97,1911.51,1912.01,331.7537
2026-08-19 06:24:00,1912.02,1912.8,1911.14,1911.14,187.0668
2026-08-19 06:27:00,1911.13,1911.34,1910.7,1910.91,116.6723
2026-08-19 06:30:00,1910.91,1911.16,1910.48,1910.76,270.8207
2026-08-19 06:33:00,1910.76,1911.12,1909.82,1910.87,465.4839
2026-08-19 06:36:00,1910.87,1911.7,1910.86,1911.7,112.6289
2026-08-19 06:39:00,1911.7,1912.18,1911.24,1911.36,198.3144
2026-08-19 06:42:00,1911.37,1912.14,1911.1,1912.13,267.6701
2026-08-19 06:45:00,1912.13,1913.88,1912.13,1913.87,242.1724
2026-08-19 06:48:00,1913.88,1916.56,1913.87,1914.39,1307.2601
2026-08-19 06:51:00,1914.39,1915.1,1914.05,1915.1,129.5152
2026-08-19 06:54:00,1915.09,1916.97,1915.09,1916.93,165.5134
2026-08-19 06:57:00,1916.93,1917.64,1915.97,1917.63,486.0253
2026-08-19 07:00:00,1917.64,1919.0,1916.0,1916.26,798.9079
2026-08-19 07:03:00,1916.27,1916.48,1915.4,1916.32,394.8885
2026-08-19 07:06:00,1916.32,1916.33,1915.59,1916.14,534.2385
2026-08-19 07:09:00,1916.14,1918.83,1916.14,1918.7,363.3694
2026-08-19 07:12:00,1918.7,1920.97,1918.51,1920.89,1323.3299
2026-08-19 07:15:00,1920.9,1920.91,1917.55,1917.95,785.6284
2026-08-19 07:18:00,1917.95,1918.6,1917.81,1918.43,210.8946
2026-08-19 07:21:00,1918.44,1919.0,1918.2,1918.99,270.9051
2026-08-19 07:24:00,1918.99,1919.25,1918.94,1919.02,443.8748
2026-08-19 07:27:00,1919.02,1919.02,1917.98,1917.98,227.8639
2026-08-19 07:30:00,1917.98,1918.65,1917.57,1918.65,198.2319
2026-08-19 07:33:00,1918.65,1920.0,1918.65,1919.91,645.9847
2026-08-19 07:36:00,1919.91,1921.0,1919.91,1920.99,948.912
2026-08-19 07:39:00,1920.99,1921.32,1920.77,1920.77,456.1991
2026-08-19 07:42:00,1920.76,1920.77,1919.57,1919.65,349.1654
2026-08-19 07:45:00,1919.65,1920.49,1919.51,1919.51,231.0399
2026-08-19 07:48:00,1919.51,1919.52,1918.3,1918.58,199.6553
2026-08-19 07:51:00,1918.58,1918.63,1917.66,1917.74,187.2661
2026-08-19 07:54:00,1917.73,1917.74,1915.71,1916.2,392.8659
2026-08-19 07:57:00,1916.2,1916.49,1915.92,1916.01,131.441
2026-08-19 08:00:00,1916.01,1916.34,1915.92,1916.34,112.792
2026-08-19 08:03:00,1916.34,1917.82,1916.05,1917.81,256.8957
2026-08-19 08:06:00,1917.81,1917.98,1917.06,1917.32,296.4412
2026-08-19 08:09:00,1917.32,1917.34,1916.67,1917.1,94.8973
2026-08-19 08:12:00,1917.09,1917.09,1915.92,1915.92,126.8737
2026-08-19 08:15:00,1915.92,1915.96,1915.32,1915.96,93.7939
2026-08-19 08:18:00,1915.97,1916.82,1915.96,1916.82,134.1838
2026-08-19 08:21:00,1916.81,1916.9,1916.21,1916.24,124.6573
2026-08-19 08:24:00,1916.24,1916.96,1916.01,1916.83,116.427
2026-08-19 08:27:00,1916.82,1917.17,1916.55,1917.16,148.341
2026-08-19 08:30:00,1917.16,1918.95,1917.16,1918.61,257.8296
2026-08-19 08:33:00,1918.61,1919.49,1918.35,1918.75,291.807
2026-08-19 08:36:00,1918.74,1927.94,1918.74,1927.31,3538.1762
2026-08-19 08:39:00,1927.31,1929.94,1924.3,1924.3,1967.1498
2026-08-19 08:42:00,1924.3,1924.64,1923.96,1924.35,453.3054
2026-08-19 08:45:00,1924.35,1926.71,1924.35,1925.49,662.0176
2026-08-19 08:48:00,1925.5,1925.84,1923.96,1923.96,787.3578
2026-08-19 08:51:00,1923.96,1924.42,1923.31,1923.86,358.7069
2026-08-19 08:54:00,1923.87,1923.87,1922.69,1922.69,239.3943
2026-08-19 08:57:00,1922.68,1922.69,1921.52,1921.52,295.3882
2026-08-19 09:00:00,1921.52,1923.47,1921.52,1923.46,429.1977
2026-08-19 09:03:00,1923.46,1923.85,1923.34,1923.34,308.5411
2026-08-19 09:06:00,1923.34,1923.35,1921.74,1921.74,259.6547
2026-08-19 09:09:00,1921.75,1922.71,1921.38,1922.71,195.743
2026-08-19 09:12:00,1922.7,1923.06,1922.36,1922.36,234.1451
2026-08-19 09:15:00,1922.36,1922.98,1921.51,1922.98,341.9
2026-08-19 09:18:00,1922.98,1923.55,1922.81,1923.05,259.0738
2026-08-19 09:21:00,1923.06,1923.06,1922.4,1922.4,134.5152
2026-08-19 09:24:00,1922.4,1922.55,1921.08,1921.08,166.605
2026-08-19 09:27:00,1921.08,1921.25,1921.02,1921.1,131.4174
2026-08-19 09:30:00,1921.11,1921.25,1920.97,1921.05,113.181
2026-08-19 09:33:00,1921.05,1921.05,1920.68,1920.81,92.3378
2026-08-19 09:36:00,1920.8,1920.81,1919.98,1919.99,142.6927
2026-08-19 09:39:00,1919.98,1919.99,1919.06,1919.47,257.2321
2026-08-19 09:42:00,1919.48,1919.48,1918.2,1918.49,420.5708
2026-08-19 09:45:00,1918.49,1918.87,1918.25,1918.37,164.4032
2026-08-19 09:48:00,1918.38,1918.76,1918.33,1918.41,177.0306
2026-08-19 09:51:00,1918.41,1918.79,1918.27,1918.28,241.7166
2026-08-19 09:54:00,1918.27,1919.39,1918.27,1919.09,413.7633
2026-08-19 09:57:00,1919.1,1919.48,1919.05,1919.3,131.3465
2026-08-19 10:00:00,1919.3,1919.3,1918.26,1918.43,117.6173
2026-08-19 10:03:00,1918.43,1918.61,1917.7,1918.59,262.7972
2026-08-19 10:06:00,1918.6,1918.77,1918.16,1918.24,165.0405
2026-08-19 10:09:00,1918.24,1918.7,1917.98,1918.68,422.5063
2026-08-19 10:12:00,1918.69,1919.14,1918.18,1918.83,163.6408
2026-08-19 10:15:00,1918.83,1918.85,1918.0,1918.85,237.5725
2026-08-19 10:18:00,1918.85,1919.19,1918.84,1919.03,96.2174
2026-08-19 10:21:00,1919.03,1919.46,1918.54,1918.54,196.4576
2026-08-19 10:24:00,1918.54,1918.55,1917.6,1917.61,56.7622
2026-08-19 10:27:00,1917.61,1918.38,1917.31,1918.37,140.7585
2026-08-19 10:30:00,1918.37,1918.38,1917.7,1918.19,93.6848
2026-08-19 10:33:00,1918.19,1918.52,1918.19,1918.35,56.545
2026-08-19 10:36:00,1918.35,1918.84,1918.35,1918.84,64.2939
2026-08-19 10:39:00,1918.84,1918.84,1918.54,1918.54,83.2371
2026-08-19 10:42:00,1918.54,1919.23,1918.39,1918.99,94.8292
2026-08-19 10:45:00,1918.98,1919.23,1918.92,1919.22,244.9582
2026-08-19 10:48:00,1919.21,1919.76,1919.21,1919.68,316.888
2026-08-19 10:51:00,1919.69,1919.85,1919.19,1919.26,106.1657
2026-08-19 10:54:00,1919.26,1919.91,1918.61,1919.9,300.6665
2026-08-19 10:57:00,1919.91,1920.24,1919.58,1920.22,181.7829
2026-08-19 11:00:00,1920.23,1920.23,1919.92,1920.15,101.8355
2026-08-19 11:03:00,1920.15,1922.66,1920.14,1922.66,327.6555
2026-08-19 11:06:00,1922.65,1924.97,1922.65,1924.55,716.8623
2026-08-19 11:09:00,1924.55,1924.56,1923.74,1924.28,403.3355
2026-08-19 11:12:00,1924.28,1926.43,1923.98,1924.75,644.8917
2026-08-19 11:15:00,1924.75,1924.76,1920.48,1920.62,713.9575
2026-08-19 11:18:00,1920.63,1922.4,1920.27,1922.09,377.6433
2026-08-19 11:21:00,1922.09,1923.25,1921.43,1922.99,189.1279
2026-08-19 11:24:00,1922.98,1923.29,1922.85,1923.08,99.6745
2026-08-19 11:27:00,1923.08,1923.14,1922.09,1922.1,174.8919
2026-08-19 11:30:00,1922.1,1923.45,1922.09,1923.29,134.2458
2026-08-19 11:33:00,1923.3,1924.02,1923.29,1923.93,152.8747
2026-08-19 11:36:00,1923.93,1924.15,1922.73,1922.88,287.3448
2026-08-19 11:39:00,1922.88,1922.94,1922.55,1922.93,130.3996
2026-08-19 11:42:00,1922.94,1922.94,1922.12,1922.15,127.2838
2026-08-19 11:45:00,1922.15,1922.86,1922.14,1922.65,167.094
2026-08-19 11:48:00,1922.65,1922.94,1922.2,1922.84,178.2064
2026-08-19 11:51:00,1922.85,1923.2,1922.52,1922.61,166.6969
2026-08-19 11:54:00,1922.61,1923.19,1922.52,1922.98,336.6518
2026-08-19 11:57:00,1922.97,1923.1,1922.97,1923.06,45.9941
2026-08-19 12:00:00,1923.06,1924.03,1922.91,1923.81,678.2799
2026-08-19 12:03:00,1923.81,1923.81,1922.53,1922.54,260.295
2026-08-19 12:06:00,1922.54,1924.15,1922.53,1924.15,112.1914
2026-08-19 12:09:00,1924.14,1924.15,1922.83,1923.01,210.1417
2026-08-19 12:12:00,1923.0,1924.15,1922.05,1924.14,405.5335
2026-08-19 12:15:00,1924.15,1924.15,1922.82,1923.12,463.2793
2026-08-19 12:18:00,1923.12,1923.82,1923.12,1923.59,158.9046
2026-08-19 12:21:00,1923.6,1924.15,1923.59,1923.82,206.5169
2026-08-19 12:24:00,1923.81,1923.82,1923.01,1923.23,139.9759
2026-08-19 12:27:00,1923.24,1923.78,1923.23,1923.32,148.7171
2026-08-19 12:30:00,1923.33,1923.93,1922.54,1923.71,262.5851
2026-08-19 12:33:00,1923.71,1927.0,1923.71,1926.57,1212.8502
2026-08-19 12:36:00,1926.57,1929.0,1926.56,1926.92,1497.1716
2026-08-19 12:39:00,1926.92,1928.65,1926.84,1928.65,1074.4255
2026-08-19 12:42:00,1928.66,1933.51,1928.38,1933.05,3142.2074
2026-08-19 12:45:00,1933.05,1939.21,1932.12,1937.45,4319.4699
2026-08-19 12:48:00,1937.44,1943.21,1936.19,1938.87,3754.7659
2026-08-19 12:51:00,1938.87,1939.28,1935.98,1937.82,879.1809
2026-08-19 12:54:00,1937.81,1937.82,1935.58,1936.35,1181.3425
2026-08-19 12:57:00,1936.35,1937.8,1936.35,1937.21,1536.8989
2026-08-19 13:00:00,1937.21,1937.68,1932.89,1932.9,1257.5751
2026-08-19 13:03:00,1932.89,1934.18,1932.74,1934.18,803.7155
2026-08-19 13:06:00,1934.18,1936.1,1934.18,1936.08,711.4218
2026-08-19 13:09:00,1936.08,1937.64,1934.98,1937.24,2465.2156
2026-08-19 13:12:00,1937.24,1938.44,1935.82,1935.83,3185.5426
2026-08-19 13:15:00,1935.82,1936.74,1935.68,1936.53,420.6555
2026-08-19 13:18:00,1936.53,1937.9,1936.0,1937.52,723.5879
2026-08-19 13:21:00,1937.51,1939.21,1937.08,1937.12,979.8602
2026-08-19 13:24:00,1937.12,1938.24,1937.12,1937.4,1098.7947
2026-08-19 13:27:00,1937.4,1938.47,1937.33,1937.55,2537.1356
2026-08-19 13:30:00,1937.56,1941.65,1935.69,1938.46,3405.0088
2026-08-19 13:33:00,1938.46,1938.66,1935.63,1937.29,971.7667
2026-08-19 13:36:00,1937.3,1937.3,1930.33,1931.23,1219.2639
2026-08-19 13:39:00,1931.24,1931.57,1928.1,1929.97,1536.008
2026-08-19 13:42:00,1929.98,1935.0,1929.8,1932.86,1044.6316
2026-08-19 13:45:00,1932.85,1934.5,1931.62,1934.01,642.9832
2026-08-19 13:48:00,1934.02,1934.89,1931.24,1931.95,1155.2002
2026-08-19 13:51:00,1931.95,1932.58,1928.69,1930.88,754.0693
2026-08-19 13:54:00,1930.89,1932.19,1929.21,1932.18,328.7999
2026-08-19 13:57:00,1932.18,1933.65,1932.05,1932.9,326.0622
2026-08-19 14:00:00,1932.91,1934.28,1932.79,1933.83,748.3816
2026-08-19 14:03:00,1933.83,1938.59,1933.83,1937.55,1319.0675
2026-08-19 14:06:00,1937.54,1938.95,1935.52,1937.0,1706.3481
2026-08-19 14:09:00,1937.01,1939.18,1936.83,1936.91,1345.5056
2026-08-19 14:12:00,1936.9,1937.65,1935.79,1937.05,1026.4587
2026-08-19 14:15:00,1937.05,1939.1,1936.62,1937.38,2298.8772
2026-08-19 14:18:00,1937.39,1939.53,1936.38,1938.9,1349.4959
2026-08-19 14:21:00,1938.9,1938.9,1935.56,1938.09,953.1045
2026-08-19 14:24:00,1938.09,1938.33,1935.7,1936.03,1486.6668
2026-08-19 14:27:00,1936.03,1938.0,1935.85,1936.31,697.5436
2026-08-19 14:30:00,1936.3,1936.46,1932.98,1935.68,1226.2527
2026-08-19 14:33:00,1935.68,1937.16,1934.49,1937.16,349.8768
2026-08-19 14:36:00,1937.16,1940.56,1937.15,1940.06,1026.8933
2026-08-19 14:39:00,1940.06,1941.39,1939.0,1939.0,1538.0227
2026-08-19 14:42:00,1939.0,1940.0,1938.32,1940.0,477.9495
2026-08-19 14:45:00,1939.99,1942.35,1939.59,1942.22,1103.4638
2026-08-19 14:48:00,1942.22,1948.19,1941.04,1946.49,3554.8839
2026-08-19 14:51:00,1946.48,1953.99,1945.57,1953.08,5153.9006
2026-08-19 14:54:00,1953.08,1980.0,1951.38,1976.56,16283.4194
2026-08-19 14:57:00,1976.56,1978.22,1961.86,1970.6,14855.3491
2026-08-19 15:00:00,1970.61,1974.86,1967.4,1974.18,3200.1545
2026-08-19 15:03:00,1974.17,2003.93,1973.39,2000.93,24431.694
2026-08-19 15:06:00,2000.94,2018.14,1996.8,2013.19,12696.8514
2026-08-19 15:09:00,2013.19,2019.9,2007.1,2008.87,7505.2747
2026-08-19 15:12:00,2008.87,2020.0,2008.29,2011.73,4854.9086
2026-08-19 15:15:00,2011.73,2018.68,2010.0,2010.73,11863.3948
2026-08-19 15:18:00,2010.73,2014.85,2008.45,2013.49,3730.5673
2026-08-19 15:21:00,2013.49,2024.68,2012.0,2020.51,7669.3232
2026-08-19 15:24:00,2020.51,2046.67,2020.32,2046.02,13223.2839
2026-08-19 15:27:00,2046.02,2115.0,2040.95,2074.79,47492.5202
2026-08-19 15:30:00,2074.78,2076.99,2056.99,2066.77,14474.7602
2026-08-19 15:33:00,2066.85,2082.87,2065.17,2073.93,8656.3094
2026-08-19 15:36:00,2073.94,2086.13,2071.13,2083.07,6608.8744
2026-08-19 15:39:00,2083.06,2087.0,2079.21,2085.56,4354.9087
2026-08-19 15:42:00,2085.56,2089.9,2081.31,2087.16,5176.3442
2026-08-19 15:45:00,2087.16,2087.67,2079.02,2083.55,4087.3733
2026-08-19 15:48:00,2083.56,2089.39,2082.12,2089.05,3809.3491
2026-08-19 15:51:00,2089.04,2089.04,2080.56,2081.9,2804.7697
2026-08-19 15:54:00,2081.9,2087.0,2076.52,2085.19,5855.4939
2026-08-19 15:57:00,2085.2,2087.41,2084.61,2085.83,2592.8198
2026-08-19 16:00:00,2085.83,2102.08,2082.24,2099.3,9925.2282
2026-08-19 16:03:00,2099.3,2108.0,2098.18,2101.49,8248.8506
2026-08-19 16:06:00,2101.47,2101.86,2092.42,2094.32,3066.0304
2026-08-19 16:09:00,2094.32,2095.44,2088.75,2091.02,2601.7512
2026-08-19 16:12:00,2091.01,2091.01,2086.69,2089.66,2393.9585
2026-08-19 16:15:00,2089.66,2099.41,2089.61,2097.68,3009.4356
2026-08-19 16:18:00,2097.68,2100.0,2096.77,2098.32,2189.944
2026-08-19 16:21:00,2098.32,2099.83,2089.46,2095.3,8281.0822
2026-08-19 16:24:00,2095.3,2101.97,2094.96,2099.84,2833.7865
2026-08-19 16:27:00,2099.84,2103.0,2098.53,2100.09,1607.3599
2026-08-19 16:30:00,2100.1,2100.71,2096.67,2098.68,1768.9174
2026-08-19 16:33:00,2098.68,2100.48,2096.03,2100.48,2179.0258
2026-08-19 16:36:00,2100.48,2101.3,2096.7,2096.85,1494.5982
2026-08-19 16:39:00,2096.85,2096.85,2085.46,2089.13,3357.8504
2026-08-19 16:42:00,2089.12,2094.5,2086.81,2089.02,3166.9113
2026-08-19 16:45:00,2089.01,2090.36,2087.31,2087.88,1306.7562
2026-08-19 16:48:00,2087.88,2089.55,2086.33,2086.44,1671.7893
2026-08-19 16:51:00,2086.44,2088.81,2086.0,2087.59,1790.1071
2026-08-19 16:54:00,2087.58,2093.6,2086.8,2093.02,1524.2749
2026-08-19 16:57:00,2093.02,2093.02,2087.26,2089.55,1133.3292
2026-08-19 17:00:00,2089.55,2090.62,2082.5,2082.94,1657.8451
2026-08-19 17:03:00,2082.94,2086.79,2080.0,2086.16,4711.8721
2026-08-19 17:06:00,2086.16,2086.41,2080.0,2080.4,1824.7816
2026-08-19 17:09:00,2080.39,2084.74,2080.39,2081.14,1077.202
2026-08-19 17:12:00,2081.14,2082.68,2078.52,2079.43,5080.0559
2026-08-19 17:15:00,2079.43,2079.97,2074.3,2075.13,1827.6813
2026-08-19 17:18:00,2075.12,2076.19,2067.43,2071.8,2767.5157
2026-08-19 17:21:00,2071.79,2074.6,2069.4,2072.71,1265.1389
2026-08-19 17:24:00,2072.71,2074.4,2070.42,2073.27,989.1798
2026-08-19 17:27:00,2073.26,2078.41,2072.76,2078.41,1361.6103
2026-08-19 17:30:00,2078.41,2079.17,2071.2,2071.44,1696.5966
2026-08-19 17:33:00,2071.43,2080.26,2071.43,2080.21,1284.8056
2026-08-19 17:36:00,2080.21,2082.49,2078.62,2082.18,1333.0729
2026-08-19 17:39:00,2082.18,2085.63,2080.89,2084.23,1194.3168
2026-08-19 17:42:00,2084.23,2087.0,2084.19,2085.77,1106.0821
2026-08-19 17:45:00,2085.77,2090.0,2085.23,2087.88,1075.8242
2026-08-19 17:48:00,2087.88,2091.53,2087.87,2090.85,1008.6972
2026-08-19 17:51:00,2090.85,2093.11,2089.73,2091.08,1137.9591
2026-08-19 17:54:00,2091.09,2092.09,2089.26,2090.76,1243.6317
2026-08-19 17:57:00,2090.77,2092.01,2090.0,2091.02,896.5962
2026-08-19 18:00:00,2091.03,2092.5,2088.32,2091.1,1946.6319
2026-08-19 18:03:00,2091.1,2091.11,2085.91,2086.66,1224.2642
2026-08-19 18:06:00,2086.65,2087.42,2084.99,2085.26,1117.5806
2026-08-19 18:09:00,2085.25,2085.26,2079.04,2080.82,1722.401
2026-08-19 18:12:00,2080.83,2086.3,2080.76,2085.42,664.817
2026-08-19 18:15:00,2085.43,2087.49,2085.14,2086.72,835.3269
2026-08-19 18:18:00,2086.71,2089.0,2086.23,2088.28,698.9791
2026-08-19 18:21:00,2088.28,2088.99,2086.0,2086.27,777.4544
2026-08-19 18:24:00,2086.27,2089.48,2085.67,2087.89,1086.647
2026-08-19 18:27:00,2087.9,2089.14,2084.81,2087.02,812.5098
2026-08-19 18:30:00,2087.03,2087.85,2085.78,2086.38,820.78
2026-08-19 18:33:00,2086.37,2088.75,2086.37,2087.63,385.4683
2026-08-19 18:36:00,2087.63,2088.84,2086.86,2087.38,297.0161
2026-08-19 18:39:00,2087.37,2089.74,2086.21,2089.03,719.5829
2026-08-19 18:42:00,2089.03,2091.31,2088.94,2090.28,732.8458
2026-08-19 18:45:00,2090.29,2091.99,2089.48,2089.85,854.5283
2026-08-19 18:48:00,2089.85,2091.51,2089.12,2089.98,1284.477
2026-08-19 18:51:00,2089.98,2090.71,2088.38,2090.43,567.0016
2026-08-19 18:54:00,2090.43,2091.69,2088.38,2088.4,644.7171
2026-08-19 18:57:00,2088.4,2092.6,2088.4,2091.93,778.8401
2026-08-19 19:00:00,2091.92,2093.29,2090.32,2092.46,1088.0546
2026-08-19 19:03:00,2092.47,2096.62,2092.47,2094.91,1510.3763
2026-08-19 19:06:00,2094.91,2097.25,2093.59,2097.25,1367.9466
2026-08-19 19:09:00,2097.25,2097.38,2092.16,2096.57,1374.5413
2026-08-19 19:12:00,2096.56,2102.48,2088.92,2090.15,5212.003
2026-08-19 19:15:00,2090.15,2094.5,2090.14,2093.06,1437.5102
2026-08-19 19:18:00,2093.06,2100.86,2093.06,2099.79,1260.5615
2026-08-19 19:21:00,2099.79,2100.97,2096.55,2097.54,761.6206
2026-08-19 19:24:00,2097.55,2098.7,2094.79,2094.8,452.7347
2026-08-19 19:27:00,2094.79,2096.77,2091.44,2092.95,1216.7528
2026-08-19 19:30:00,2092.95,2095.83,2091.49,2095.83,518.4369
2026-08-19 19:33:00,2095.83,2097.33,2095.27,2095.27,517.7531
2026-08-19 19:36:00,2095.26,2099.99,2095.26,2098.34,1896.7283
2026-08-19 19:39:00,2098.33,2101.36,2098.33,2100.47,979.2108
2026-08-19 19:42:00,2100.48,2100.53,2098.38,2099.45,861.5979
2026-08-19 19:45:00,2099.45,2099.85,2098.7,2098.95,589.6767
2026-08-19 19:48:00,2098.94,2099.32,2097.11,2099.32,430.6649
2026-08-19 19:51:00,2099.32,2102.55,2098.88,2100.93,1516.1672
2026-08-19 19:54:00,2100.92,2105.19,2100.92,2103.47,1148.632
2026-08-19 19:57:00,2103.46,2105.4,2101.32,2102.02,1184.6312
2026-08-19 20:00:00,2102.02,2106.41,2102.02,2106.29,1256.7036
2026-08-19 20:03:00,2106.29,2108.51,2105.16,2106.54,1463.6203
2026-08-19 20:06:00,2106.55,2119.82,2106.0,2115.01,5375.2875
2026-08-19 20:09:00,2115.01,2119.44,2113.09,2114.77,2097.8648
2026-08-19 20:12:00,2114.77,2115.07,2112.17,2113.35,1178.4267
2026-08-19 20:15:00,2113.35,2113.35,2109.6,2110.11,807.7332
2026-08-19 20:18:00,2110.1,2113.98,2108.3,2112.84,975.4437
2026-08-19 20:21:00,2112.84,2116.12,2112.83,2115.97,768.1732
2026-08-19 20:24:00,2115.97,2126.51,2115.4,2121.71,3236.7815
2026-08-19 20:27:00,2121.71,2132.95,2121.7,2125.95,3555.4532
2026-08-19 20:30:00,2125.95,2129.71,2121.75,2123.3,1419.2901
2026-08-19 20:33:00,2123.29,2127.5,2123.14,2124.49,637.3227
2026-08-19 20:36:00,2124.49,2125.57,2122.31,2125.12,646.5352
2026-08-19 20:39:00,2125.11,2126.66,2123.58,2124.09,673.2322
2026-08-19 20:42:00,2124.09,2125.95,2122.51,2124.55,697.7908
2026-08-19 20:45:00,2124.55,2125.91,2123.22,2123.4,592.0407
2026-08-19 20:48:00,2123.39,2186.99,2122.98,2181.71,14797.7998
2026-08-19 20:51:00,2181.71,2241.56,2177.81,2205.19,25691.0376
2026-08-19 20:54:00,2205.21,2215.71,2190.51,2215.24,5644.6717
2026-08-19 20:57:00,2215.23,2222.0,2205.54,2218.12,6623.7355
2026-08-19 21:00:00,2218.13,2230.6,2215.88,2224.95,8070.2898
2026-08-19 21:03:00,2224.94,2269.0,2220.95,2257.23,18839.9378
2026-08-19 21:06:00,2257.22,2333.65,2255.85,2297.74,34609.4736
2026-08-19 21:09:00,2297.75,2309.2,2255.19,2269.71,13969.7837
2026-08-19 21:12:00,2269.71,2270.64,2241.12,2259.69,9396.8782
2026-08-19 21:15:00,2259.7,2272.18,2254.3,2257.03,4892.4641
2026-08-19 21:18:00,2257.04,2273.76,2255.0,2260.24,4330.096
2026-08-19 21:21:00,2260.24,2272.0,2260.24,2269.77,2879.9419
2026-08-19 21:24:00,2269.77,2270.98,2264.25,2269.78,2351.274
2026-08-19 21:27:00,2269.79,2294.1,2269.0,2283.48,5745.2122
2026-08-19 21:30:00,2283.49,2298.78,2276.03,2276.22,6718.4963
2026-08-19 21:33:00,2276.22,2288.82,2268.76,2288.6,3369.3759
2026-08-19 21:36:00,2288.59,2288.72,2273.36,2275.35,3056.5919
2026-08-19 21:39:00,2275.35,2284.93,2271.7,2283.58,2615.9508
2026-08-19 21:42:00,2283.59,2285.0,2278.56,2284.99,1777.0118
2026-08-19 21:45:00,2284.99,2305.52,2282.08,2292.98,4310.9297
2026-08-19 21:48:00,2292.98,2295.62,2281.54,2290.54,2644.5696
2026-08-19 21:51:00,2290.54,2295.42,2288.33,2289.4,2350.762
2026-08-19 21:54:00,2289.4,2294.72,2287.83,2290.87,2929.7395
2026-08-19 21:57:00,2290.86,2291.68,2278.05,2286.0,3716.761
2026-08-19 22:00:00,2286.0,2290.0,2269.04,2275.85,5670.401
2026-08-19 22:03:00,2275.85,2276.81,2261.36,2269.6,4845.3197
2026-08-19 22:06:00,2269.61,2279.74,2269.37,2276.97,3739.4839
2026-08-19 22:09:00,2276.98,2278.18,2271.81,2274.8,2711.8587
2026-08-19 22:12:00,2274.8,2277.18,2267.97,2267.98,3424.5445
2026-08-19 22:15:00,2267.97,2273.72,2267.56,2272.12,3235.856
2026-08-19 22:18:00,2272.12,2273.48,2267.09,2267.41,1440.8106
2026-08-19 22:21:00,2267.42,2271.81,2262.01,2264.99,2464.3586
2026-08-19 22:24:00,2264.99,2265.68,2258.28,2258.63,2831.4014
2026-08-19 22:27:00,2258.63,2260.32,2256.86,2256.86,1912.3935
2026-08-19 22:30:00,2256.86,2259.93,2251.71,2254.16,2270.2837
2026-08-19 22:33:00,2254.17,2254.67,2241.27,2248.02,3466.6969
2026-08-19 22:36:00,2248.02,2259.86,2245.6,2256.98,2058.7511
2026-08-19 22:39:00,2256.98,2266.84,2256.98,2264.8,1510.5654
2026-08-19 22:42:00,2264.8,2266.24,2258.29,2258.74,1002.6213
2026-08-19 22:45:00,2258.74,2259.47,2250.57,2251.46,1698.4241
2026-08-19 22:48:00,2251.45,2251.91,2245.79,2251.9,1361.011
2026-08-19 22:51:00,2251.9,2251.9,2244.76,2244.76,889.9805
2026-08-19 22:54:00,2244.77,2249.69,2243.9,2249.08,1581.7366
2026-08-19 22:57:00,2249.08,2252.3,2248.83,2249.99,1176.3447
2026-08-19 23:00:00,2250.0,2251.86,2244.91,2246.65,1463.5626
2026-08-19 23:03:00,2246.64,2250.14,2243.36,2248.77,1062.2189
2026-08-19 23:06:00,2248.78,2252.28,2248.78,2252.04,1040.7906
2026-08-19 23:09:00,2252.04,2252.56,2248.83,2251.78,1008.2954
2026-08-19 23:12:00,2251.78,2252.52,2246.03,2246.32,1637.944
2026-08-19 23:15:00,2246.33,2250.58,2243.86,2249.09,1567.2897
2026-08-19 23:18:00,2249.09,2251.37,2247.72,2248.81,901.4788
2026-08-19 23:21:00,2248.81,2249.69,2246.91,2247.04,498.6604
2026-08-19 23:24:00,2247.05,2250.0,2245.5,2250.0,615.4018
2026-08-19 23:27:00,2250.0,2255.17,2250.0,2252.48,1083.8706
2026-08-19 23:30:00,2252.48,2253.34,2247.44,2248.02,974.4184
2026-08-19 23:33:00,2248.01,2248.82,2246.09,2248.0,682.4301
2026-08-19 23:36:00,2248.0,2252.0,2247.99,2251.71,1153.5043
2026-08-19 23:39:00,2251.72,2254.46,2250.84,2254.45,564.6754
2026-08-19 23:42:00,2254.46,2261.7,2254.45,2257.53,2160.5181
2026-08-19 23:45:00,2257.53,2257.7,2254.47,2255.73,463.6183
2026-08-19 23:48:00,2255.72,2255.72,2248.0,2249.88,906.2257
2026-08-19 23:51:00,2249.89,2252.41,2247.84,2251.89,865.3527
2026-08-19 23:54:00,2251.89,2255.6,2250.0,2254.04,916.6193
2026-08-19 23:57:00,2254.04,2254.58,2252.31,2252.8,970.7179
2026-08-20 00:00:00,2252.81,2255.73,2251.93,2255.0,1795.8321
2026-08-20 00:03:00,2255.01,2262.59,2254.11,2260.29,2776.1843
2026-08-20 00:06:00,2260.29,2260.5,2255.21,2256.93,2780.2788
2026-08-20 00:09:00,2256.94,2260.5,2256.93,2260.11,1248.5037
2026-08-20 00:12:00,2260.1,2260.11,2255.28,2259.51,646.6144
2026-08-20 00:15:00,2259.5,2264.56,2257.67,2264.28,1896.6261
2026-08-20 00:18:00,2264.28,2269.77,2263.7,2267.63,1590.1709
2026-08-20 00:21:00,2267.62,2269.53,2262.07,2263.28,1588.1118
2026-08-20 00:24:00,2263.27,2266.87,2261.93,2265.4,796.8762
2026-08-20 00:27:00,2265.39,2267.78,2261.46,2264.16,492.5344
2026-08-20 00:30:00,2264.17,2265.69,2261.66,2264.97,669.9337
2026-08-20 00:33:00,2264.97,2268.54,2264.83,2265.95,758.9489
2026-08-20 00:36:00,2265.95,2270.17,2265.42,2269.87,911.5456
2026-08-20 00:39:00,2269.86,2274.25,2263.89,2264.48,2264.3589
2026-08-20 00:42:00,2264.48,2269.58,2264.23,2268.84,747.2683
2026-08-20 00:45:00,2268.87,2272.58,2268.51,2272.58,833.978
2026-08-20 00:48:00,2272.58,2274.12,2270.18,2271.86,716.5031
2026-08-20 00:51:00,2271.86,2271.87,2255.83,2264.03,7230.5024
2026-08-20 00:54:00,2264.03,2268.12,2264.03,2265.62,1067.2412
2026-08-20 00:57:00,2265.63,2265.91,2259.41,2262.24,2741.5268
2026-08-20 01:00:00,2262.24,2267.99,2260.25,2266.93,1354.6431
2026-08-20 01:03:00,2266.93,2268.12,2263.08,2263.08,747.962
2026-08-20 01:06:00,2263.09,2263.09,2252.2,2254.58,2736.2169
2026-08-20 01:09:00,2254.58,2256.22,2250.0,2254.24,1680.6486
2026-08-20 01:12:00,2254.23,2258.92,2253.28,2257.43,2710.8957
2026-08-20 01:15:00,2257.44,2260.9,2252.76,2253.1,1415.9556
2026-08-20 01:18:00,2253.11,2260.52,2253.11,2259.36,644.8013
2026-08-20 01:21:00,2259.35,2259.77,2255.36,2259.44,364.6904
2026-08-20 01:24:00,2259.45,2259.53,2256.21,2256.74,618.2648
2026-08-20 01:27:00,2256.73,2256.73,2253.92,2254.68,464.9846
2026-08-20 01:30:00,2254.67,2256.66,2252.35,2256.65,939.7898
2026-08-20 01:33:00,2256.66,2264.99,2256.66,2262.98,3115.0296
2026-08-20 01:36:00,2262.98,2263.2,2260.35,2261.94,396.5131
2026-08-20 01:39:00,2261.95,2266.48,2261.94,2264.66,1278.3484
2026-08-20 01:42:00,2264.65,2265.99,2264.42,2265.78,653.5432
2026-08-20 01:45:00,2265.78,2268.08,2265.06,2268.0,601.1848
2026-08-20 01:48:00,2268.01,2270.94,2267.91,2269.6,1099.7421
2026-08-20 01:51:00,2269.6,2270.08,2265.47,2266.2,465.6482
2026-08-20 01:54:00,2266.2,2267.28,2265.97,2266.34,521.9014
2026-08-20 01:57:00,2266.35,2267.65,2266.27,2266.66,436.211
2026-08-20 02:00:00,2266.66,2270.44,2266.41,2269.94,873.2303
2026-08-20 02:03:00,2269.95,2270.68,2266.56,2266.57,1062.4038
2026-08-20 02:06:00,2266.56,2268.2,2266.54,2267.86,539.8915
2026-08-20 02:09:00,2267.86,2268.52,2264.66,2268.17,930.0291
2026-08-20 02:12:00,2268.18,2269.0,2266.37,2268.37,683.0
2026-08-20 02:15:00,2268.36,2268.88,2266.39,2267.98,671.8497
2026-08-20 02:18:00,2267.98,2268.67,2262.31,2262.31,671.2109
2026-08-20 02:21:00,2262.3,2262.76,2260.36,2262.66,848.5526
2026-08-20 02:24:00,2262.66,2262.88,2258.0,2259.94,577.0688
2026-08-20 02:27:00,2259.94,2260.0,2257.46,2258.28,648.4576
2026-08-20 02:30:00,2258.27,2260.34,2255.98,2259.51,758.5715
2026-08-20 02:33:00,2259.51,2262.51,2257.14,2257.24,490.3241
2026-08-20 02:36:00,2257.25,2258.81,2254.5,2255.03,680.8431
2026-08-20 02:39:00,2255.03,2257.78,2254.67,2257.13,590.1305
2026-08-20 02:42:00,2257.12,2258.72,2256.52,2257.29,346.7024
2026-08-20 02:45:00,2257.29,2258.0,2254.41,2254.68,431.0053
2026-08-20 02:48:00,2254.68,2255.54,2251.96,2251.97,461.294
2026-08-20 02:51:00,2251.97,2254.19,2250.5,2251.47,785.8359
2026-08-20 02:54:00,2251.47,2253.49,2250.0,2253.49,794.9725
2026-08-20 02:57:00,2253.49,2253.87,2251.68,2251.89,366.0064
2026-08-20 03:00:00,2251.88,2252.36,2243.89,2245.15,1896.8977
2026-08-20 03:03:00,2245.16,2247.34,2242.49,2246.69,1068.4985
2026-08-20 03:06:00,2246.69,2246.69,2233.21,2233.84,2276.9215
2026-08-20 03:09:00,2233.84,2238.28,2221.54,2223.0,11049.9343
2026-08-20 03:12:00,2223.0,2230.6,2221.99,2228.63,5635.9571
2026-08-20 03:15:00,2228.63,2234.17,2228.38,2233.23,1878.6608
2026-08-20 03:18:00,2233.23,2242.44,2232.39,2240.91,2189.8153
2026-08-20 03:21:00,2240.91,2243.01,2237.97,2239.49,1078.9824
2026-08-20 03:24:00,2239.5,2239.5,2234.88,2234.89,557.6783
2026-08-20 03:27:00,2234.88,2237.0,2233.99,2234.52,1248.4985
2026-08-20 03:30:00,2234.53,2241.48,2234.52,2241.48,1657.0756
2026-08-20 03:33:00,2241.48,2244.62,2239.59,2243.47,1111.5549
2026-08-20 03:36:00,2243.48,2248.33,2242.63,2246.53,1505.4746
2026-08-20 03:39:00,2246.54,2247.7,2245.88,2246.01,565.4262
2026-08-20 03:42:00,2246.02,2251.7,2244.33,2250.54,1488.3297
2026-08-20 03:45:00,2250.54,2257.58,2249.84,2253.36,1456.0422
2026-08-20 03:48:00,2253.36,2255.95,2253.35,2253.88,661.1466
2026-08-20 03:51:00,2253.88,2255.54,2253.21,2253.55,552.3243
2026-08-20 03:54:00,2253.55,2253.55,2251.42,2251.63,751.038
2026-08-20 03:57:00,2251.63,2252.9,2250.87,2251.21,506.8707
2026-08-20 04:00:00,2251.21,2252.27,2249.59,2252.0,1105.379
2026-08-20 04:03:00,2252.0,2253.18,2251.38,2252.31,534.8607
2026-08-20 04:06:00,2252.32,2258.39,2252.31,2255.28,1287.4945
2026-08-20 04:09:00,2255.28,2258.09,2255.28,2256.24,965.9693
2026-08-20 04:12:00,2256.25,2256.6,2254.88,2255.79,701.7343
2026-08-20 04:15:00,2255.79,2257.0,2254.02,2256.94,1032.8311
2026-08-20 04:18:00,2256.94,2257.21,2254.78,2256.11,750.2979
2026-08-20 04:21:00,2256.1,2256.47,2253.27,2254.47,556.2091
2026-08-20 04:24:00,2254.48,2256.12,2254.3,2255.34,328.6556
2026-08-20 04:27:00,2255.35,2257.0,2254.86,2255.92,517.9949
2026-08-20 04:30:00,2255.92,2256.54,2251.48,2251.48,528.4777
2026-08-20 04:33:00,2251.48,2251.99,2249.9,2250.23,553.5552
2026-08-20 04:36:00,2250.24,2252.07,2249.21,2251.18,406.1184
2026-08-20 04:39:00,2251.19,2252.6,2248.46,2252.33,618.9493
2026-08-20 04:42:00,2252.33,2252.72,2250.22,2251.0,1428.6197
2026-08-20 04:45:00,2251.0,2253.66,2250.66,2253.28,371.2575
2026-08-20 04:48:00,2253.29,2255.0,2251.94,2254.72,551.5315
2026-08-20 04:51:00,2254.73,2257.33,2253.0,2255.0,744.3619
2026-08-20 04:54:00,2255.0,2255.0,2251.6,2251.94,390.1944
2026-08-20 04:57:00,2251.94,2252.31,2250.27,2250.28,425.2303
2026-08-20 05:00:00,2250.27,2252.71,2249.67,2252.61,792.7498
2026-08-20 05:03:00,2252.61,2252.61,2250.27,2252.36,981.5335
2026-08-20 05:06:00,2252.36,2254.81,2252.36,2252.97,522.8579
2026-08-20 05:09:00,2252.98,2253.52,2252.02,2252.32,461.47
2026-08-20 05:12:00,2252.31,2252.31,2249.67,2249.67,383.5852
2026-08-20 05:15:00,2249.68,2253.63,2249.67,2252.81,556.2499
2026-08-20 05:18:00,2252.8,2255.21,2252.8,2253.58,2896.1127
2026-08-20 05:21:00,2253.59,2256.99,2253.59,2256.13,675.5618
2026-08-20 05:24:00,2256.14,2256.75,2255.0,2255.46,573.6048
2026-08-20 05:27:00,2255.46,2255.61,2252.01,2252.01,753.8642
2026-08-20 05:30:00,2252.01,2254.37,2251.48,2252.37,784.8745
2026-08-20 05:33:00,2252.37,2253.27,2251.79,2253.26,390.2537
2026-08-20 05:36:00,2253.27,2253.81,2251.47,2251.85,578.3572
2026-08-20 05:39:00,2251.85,2251.85,2250.6,2251.22,246.6191
2026-08-20 05:42:00,2251.22,2252.38,2251.22,2251.83,277.5704
2026-08-20 05:45:00,2251.83,2251.83,2246.09,2246.29,912.3814
2026-08-20 05:48:00,2246.29,2247.8,2245.84,2247.2,479.2317
2026-08-20 05:51:00,2247.2,2247.33,2243.86,2245.47,794.5479
2026-08-20 05:54:00,2245.46,2246.73,2244.63,2245.44,372.3399
2026-08-20 05:57:00,2245.43,2249.4,2245.27,2248.36,410.1617
2026-08-20 06:00:00,2248.36,2248.75,2244.41,2245.82,575.406
2026-08-20 06:03:00,2245.83,2245.83,2240.52,2244.42,3751.5842
2026-08-20 06:06:00,2244.4,2244.41,2240.85,2240.86,381.7223
2026-08-20 06:09:00,2240.85,2243.47,2238.97,2243.47,1208.745
2026-08-20 06:12:00,2243.47,2245.19,2241.9,2243.59,1375.4039
2026-08-20 06:15:00,2243.58,2246.78,2242.21,2246.45,1237.5772
2026-08-20 06:18:00,2246.45,2247.67,2242.54,2246.98,1235.3909
2026-08-20 06:21:00,2246.95,2253.78,2246.9,2253.11,1819.2416
2026-08-20 06:24:00,2253.11,2255.67,2252.97,2254.63,1641.5828
2026-08-20 06:27:00,2254.63,2255.31,2249.2,2251.41,681.0787
2026-08-20 06:30:00,2251.41,2255.61,2251.1,2254.85,1298.5888
2026-08-20 06:33:00,2254.85,2261.19,2252.63,2260.45,2560.0232
2026-08-20 06:36:00,2260.45,2262.05,2257.25,2258.99,1096.7403
2026-08-20 06:39:00,2259.0,2263.42,2258.1,2262.91,1097.3984
2026-08-20 06:42:00,2262.92,2263.68,2260.68,2262.19,529.8535
2026-08-20 06:45:00,2262.2,2267.3,2261.89,2262.3,2428.1767
2026-08-20 06:48:00,2262.29,2264.85,2261.85,2262.3,976.3399
2026-08-20 06:51:00,2262.29,2265.0,2261.6,2264.23,640.4239
2026-08-20 06:54:00,2264.23,2264.26,2262.52,2262.52,310.2589
2026-08-20 06:57:00,2262.53,2263.34,2262.0,2262.76,462.6936
2026-08-20 07:00:00,2262.77,2263.61,2260.94,2262.61,673.2724
2026-08-20 07:03:00,2262.6,2263.91,2260.0,2263.59,1021.6688
2026-08-20 07:06:00,2263.59,2263.97,2261.04,2262.99,922.9604
2026-08-20 07:09:00,2263.0,2264.77,2257.25,2257.25,1243.6405
2026-08-20 07:12:00,2257.26,2259.46,2256.58,2256.59,733.4731
2026-08-20 07:15:00,2256.58,2258.0,2252.6,2253.53,1190.5503
2026-08-20 07:18:00,2253.53,2254.81,2252.4,2253.66,639.5507
2026-08-20 07:21:00,2253.67,2256.41,2251.8,2251.81,993.3663
2026-08-20 07:24:00,2251.81,2252.75,2248.83,2251.65,1047.9253
2026-08-20 07:27:00,2251.65,2254.98,2251.26,2253.17,1005.5852
2026-08-20 07:30:00,2253.17,2253.17,2245.82,2248.26,1730.973
2026-08-20 07:33:00,2248.25,2250.61,2245.88,2248.32,1026.5588
2026-08-20 07:36:00,2248.31,2248.61,2245.78,2245.87,935.7617
2026-08-20 07:39:00,2245.87,2247.53,2245.0,2245.51,975.2685
2026-08-20 07:42:00,2245.5,2246.54,2244.94,2245.09,1195.7515
2026-08-20 07:45:00,2245.08,2248.0,2244.1,2248.0,1624.0384
2026-08-20 07:48:00,2247.99,2249.98,2247.3,2248.81,961.2928
2026-08-20 07:51:00,2248.81,2251.0,2247.52,2250.24,1028.2449
2026-08-20 07:54:00,2250.24,2251.6,2248.96,2250.47,986.5334
2026-08-20 07:57:00,2250.47,2251.81,2249.51,2251.81,1278.914
2026-08-20 08:00:00,2251.81,2253.73,2250.69,2253.25,704.4912
2026-08-20 08:03:00,2253.24,2253.24,2249.19,2252.14,514.9678
2026-08-20 08:06:00,2252.14,2262.64,2252.14,2260.0,2987.2511
2026-08-20 08:09:00,2260.0,2276.76,2260.0,2274.25,3769.8581
2026-08-20 08:12:00,2274.24,2287.26,2271.97,2284.03,7478.516
2026-08-20 08:15:00,2284.02,2284.64,2270.24,2283.3,5391.2701
2026-08-20 08:18:00,2283.3,2283.87,2272.76,2274.15,2894.1612
2026-08-20 08:21:00,2274.15,2276.16,2271.84,2274.06,1134.5708
2026-08-20 08:24:00,2274.11,2276.09,2273.1,2275.9,1569.4233
2026-08-20 08:27:00,2275.9,2281.25,2275.18,2278.34,1702.3608
2026-08-20 08:30:00,2278.35,2278.44,2272.92,2276.41,1353.5676
2026-08-20 08:33:00,2276.41,2276.41,2266.08,2267.05,1910.8699
2026-08-20 08:36:00,2267.05,2276.08,2266.87,2275.35,1159.2876
2026-08-20 08:39:00,2275.35,2276.52,2271.57,2272.51,888.9021
2026-08-20 08:42:00,2272.5,2275.49,2272.0,2275.45,746.9616
2026-08-20 08:45:00,2275.44,2279.88,2273.85,2278.43,1357.2063
2026-08-20 08:48:00,2278.42,2278.43,2274.17,2276.5,798.4064
2026-08-20 08:51:00,2276.49,2280.11,2275.47,2280.11,881.0655
2026-08-20 08:54:00,2280.11,2284.0,2279.64,2282.12,1177.7742
2026-08-20 08:57:00,2282.07,2286.09,2281.0,2282.25,1492.4287
2026-08-20 09:00:00,2282.26,2284.32,2278.98,2279.85,1245.9134
2026-08-20 09:03:00,2279.85,2281.25,2277.52,2281.25,886.579
2026-08-20 09:06:00,2281.24,2294.25,2280.87,2283.55,2961.6847
2026-08-20 09:09:00,2283.56,2295.59,2283.22,2288.84,2139.7
2026-08-20 09:12:00,2288.85,2297.38,2287.3,2294.99,2053.9463
2026-08-20 09:15:00,2295.0,2295.38,2287.58,2291.34,1823.4752
2026-08-20 09:18:00,2291.34,2295.12,2289.08,2291.19,2146.52
2026-08-20 09:21:00,2291.2,2295.38,2290.76,2291.91,2917.0177
2026-08-20 09:24:00,2291.91,2298.39,2291.9,2293.39,2451.5473
2026-08-20 09:27:00,2293.4,2294.28,2284.55,2284.56,1836.0622
2026-08-20 09:30:00,2284.56,2288.42,2278.63,2287.1,2422.2733
2026-08-20 09:33:00,2287.09,2291.35,2285.75,2290.36,1422.7813
2026-08-20 09:36:00,2290.36,2293.03,2290.0,2290.01,872.9279
2026-08-20 09:39:00,2290.0,2290.0,2285.69,2289.61,1251.1917
2026-08-20 09:42:00,2289.61,2294.13,2288.23,2289.33,1103.5015
2026-08-20 09:45:00,2289.32,2290.36,2288.04,2288.19,548.8705
2026-08-20 09:48:00,2288.19,2288.89,2283.26,2283.27,1067.028
2026-08-20 09:51:00,2283.27,2284.14,2276.51,2279.16,1595.7686
2026-08-20 09:54:00,2279.15,2279.15,2275.23,2275.59,927.8097
2026-08-20 09:57:00,2275.58,2279.92,2275.54,2278.56,2125.0865
2026-08-20 10:00:00,2278.56,2282.4,2275.54,2280.4,3228.1469
2026-08-20 10:03:00,2280.39,2282.39,2278.43,2281.57,2517.3541
2026-08-20 10:06:00,2281.57,2285.23,2280.74,2284.01,6307.4047
2026-08-20 10:09:00,2284.01,2286.24,2282.43,2285.41,2492.3477
2026-08-20 10:12:00,2285.42,2289.72,2285.29,2288.44,2239.4606
2026-08-20 10:15:00,2288.45,2295.87,2286.56,2290.0,2085.2888
2026-08-20 10:18:00,2290.0,2294.0,2289.37,2289.37,1796.7764
2026-08-20 10:21:00,2289.37,2289.56,2283.94,2288.61,1303.9738
2026-08-20 10:24:00,2288.63,2288.96,2285.01,2288.18,496.9331
2026-08-20 10:27:00,2288.18,2288.18,2282.51,2286.08,561.6199
2026-08-20 10:30:00,2286.08,2286.71,2282.61,2283.91,849.6472
2026-08-20 10:33:00,2283.9,2286.35,2282.49,2283.72,651.7234
2026-08-20 10:36:00,2283.71,2288.0,2283.25,2286.26,469.9793
2026-08-20 10:39:00,2286.27,2286.27,2282.5,2282.65,416.6844
2026-08-20 10:42:00,2282.66,2283.54,2281.0,2281.72,661.2728
2026-08-20 10:45:00,2281.73,2283.8,2280.78,2282.6,495.1271
2026-08-20 10:48:00,2282.61,2283.14,2281.07,2282.01,414.3553
2026-08-20 10:51:00,2282.01,2282.7,2281.22,2281.43,513.6645
2026-08-20 10:54:00,2281.44,2282.29,2280.54,2281.05,296.8493
2026-08-20 10:57:00,2281.05,2287.0,2281.04,2287.0,878.3704
2026-08-20 11:00:00,2286.99,2292.64,2282.31,2291.7,1840.8534
2026-08-20 11:03:00,2291.68,2295.49,2290.01,2294.84,1527.9557
2026-08-20 11:06:00,2294.84,2295.37,2288.07,2290.47,956.406
2026-08-20 11:09:00,2290.46,2291.9,2286.23,2288.22,710.1456
2026-08-20 11:12:00,2288.22,2288.85,2286.34,2288.83,453.2804
2026-08-20 11:15:00,2288.83,2290.83,2285.15,2288.75,679.4999
2026-08-20 11:18:00,2288.75,2292.18,2288.75,2291.93,945.0236
2026-08-20 11:21:00,2291.93,2295.81,2290.13,2293.01,1180.5862
2026-08-20 11:24:00,2293.01,2296.78,2291.62,2295.03,1196.3672
2026-08-20 11:27:00,2295.03,2296.71,2293.88,2295.37,1587.931
2026-08-20 11:30:00,2295.36,2314.2,2294.03,2310.57,7342.423
2026-08-20 11:33:00,2310.57,2315.81,2303.45,2307.68,3413.2746
2026-08-20 11:36:00,2307.68,2310.48,2305.48,2308.52,2482.9946
2026-08-20 11:39:00,2308.52,2313.16,2308.09,2310.04,5169.0395
2026-08-20 11:42:00,2310.05,2315.3,2307.0,2307.26,2801.6394
2026-08-20 11:45:00,2307.26,2313.56,2307.08,2313.55,1231.8979
2026-08-20 11:48:00,2313.55,2320.0,2311.8,2317.63,4916.2893
2026-08-20 11:51:00,2317.62,2317.62,2305.34,2305.36,2216.2586
2026-08-20 11:54:00,2305.35,2307.26,2295.37,2295.38,4213.4397
2026-08-20 11:57:00,2295.39,2298.11,2294.0,2296.58,1230.7598
2026-08-20 12:00:00,2296.59,2300.97,2292.91,2297.75,2786.3593
2026-08-20 12:03:00,2297.75,2300.28,2284.21,2286.35,5533.5613
2026-08-20 12:06:00,2286.35,2287.32,2272.45,2274.36,5079.4136
2026-08-20 12:09:00,2274.37,2280.0,2268.89,2276.53,1854.4023
2026-08-20 12:12:00,2276.52,2279.63,2274.43,2274.43,1085.9274
2026-08-20 12:15:00,2274.42,2278.17,2273.4,2273.52,780.9925
2026-08-20 12:18:00,2273.52,2277.76,2273.29,2276.79,881.2385
2026-08-20 12:21:00,2276.8,2279.76,2274.51,2278.79,990.2163
2026-08-20 12:24:00,2278.79,2282.08,2278.79,2279.58,937.159
2026-08-20 12:27:00,2279.58,2280.0,2276.82,2279.05,797.8878
2026-08-20 12:30:00,2279.05,2284.87,2276.61,2282.23,1373.6425
2026-08-20 12:33:00,2282.22,2282.52,2274.28,2275.99,958.5266
2026-08-20 12:36:00,2275.99,2278.93,2274.79,2277.99,583.7282
2026-08-20 12:39:00,2278.0,2283.27,2277.79,2283.05,1032.0917
2026-08-20 12:42:00,2283.04,2284.7,2280.24,2281.07,742.1295
2026-08-20 12:45:00,2281.07,2282.48,2272.9,2273.01,977.0479
2026-08-20 12:48:00,2273.01,2281.59,2268.0,2281.59,1283.5139
2026-08-20 12:51:00,2281.58,2288.99,2280.0,2288.34,1466.6601
2026-08-20 12:54:00,2288.33,2293.19,2287.34,2291.89,1019.3523
2026-08-20 12:57:00,2291.9,2292.15,2288.0,2290.23,474.1222
2026-08-20 13:00:00,2290.23,2290.94,2286.9,2289.0,1008.38
2026-08-20 13:03:00,2288.99,2294.89,2287.7,2294.3,994.2274
2026-08-20 13:06:00,2294.29,2298.19,2294.0,2296.08,1425.0249
2026-08-20 13:09:00,2296.08,2297.48,2289.43,2291.02,1156.8307
2026-08-20 13:12:00,2291.03,2295.28,2291.03,2294.6,601.0962
2026-08-20 13:15:00,2294.61,2295.58,2293.49,2294.29,931.8396
2026-08-20 13:18:00,2294.29,2295.99,2290.65,2294.08,1335.9185
2026-08-20 13:21:00,2294.07,2295.62,2290.5,2293.35,611.9446
2026-08-20 13:24:00,2293.36,2295.81,2287.7,2288.83,2196.8719
2026-08-20 13:27:00,2288.83,2292.0,2287.7,2288.36,1130.886
2026-08-20 13:30:00,2288.36,2288.66,2270.01,2274.53,4264.7336
2026-08-20 13:33:00,2274.54,2277.11,2271.16,2276.11,1509.4782
2026-08-20 13:36:00,2276.12,2277.57,2255.68,2265.08,5188.5254
2026-08-20 13:39:00,2265.09,2272.31,2262.62,2271.8,1693.7014
2026-08-20 13:42:00,2271.8,2276.46,2269.62,2274.91,1137.0677
2026-08-20 13:45:00,2274.9,2276.87,2269.3,2271.46,819.9953
2026-08-20 13:48:00,2271.33,2275.6,2266.0,2274.54,1305.7046
2026-08-20 13:51:00,2274.5,2281.74,2271.13,2277.39,2157.1797
2026-08-20 13:54:00,2277.4,2278.61,2274.34,2275.99,826.7537
2026-08-20 13:57:00,2275.98,2276.95,2274.62,2276.91,670.9099
2026-08-20 14:00:00,2276.92,2282.66,2275.69,2278.62,986.9285
2026-08-20 14:03:00,2278.62,2283.79,2278.1,2283.78,1063.1259
2026-08-20 14:06:00,2283.78,2286.98,2282.94,2284.96,1460.3682
2026-08-20 14:09:00,2284.96,2287.51,2283.27,2285.26,737.8434
2026-08-20 14:12:00,2285.25,2289.33,2281.03,2281.32,1515.788
2026-08-20 14:15:00,2281.33,2282.58,2276.42,2277.54,1397.4627
2026-08-20 14:18:00,2277.54,2280.95,2274.23,2280.51,1376.9086
2026-08-20 14:21:00,2280.51,2281.0,2276.88,2280.99,609.5571
2026-08-20 14:24:00,2280.98,2282.02,2277.99,2278.98,932.283
2026-08-20 14:27:00,2278.97,2279.86,2271.83,2274.32,1225.4524
2026-08-20 14:30:00,2274.32,2279.98,2273.71,2279.43,1166.521
2026-08-20 14:33:00,2279.44,2282.28,2278.0,2280.34,863.72
2026-08-20 14:36:00,2280.34,2285.96,2278.35,2280.27,983.1266
2026-08-20 14:39:00,2280.27,2281.25,2277.99,2279.48,775.3172
2026-08-20 14:42:00,2279.47,2279.71,2274.63,2276.87,1930.6638
2026-08-20 14:45:00,2276.88,2277.18,2271.48,2271.76,862.6944
2026-08-20 14:48:00,2271.76,2279.57,2271.76,2278.99,944.724
2026-08-20 14:51:00,2278.99,2280.26,2277.2,2279.69,666.912
2026-08-20 14:54:00,2279.69,2280.61,2277.54,2278.07,531.2289
2026-08-20 14:57:00,2278.07,2281.25,2275.18,2281.24,598.9309
2026-08-20 15:00:00,2281.24,2293.67,2281.24,2290.68,2615.5774
2026-08-20 15:03:00,2290.68,2307.05,2290.64,2293.4,4439.0679
2026-08-20 15:06:00,2293.4,2296.19,2287.56,2289.95,1752.1084
2026-08-20 15:09:00,2289.94,2294.68,2289.09,2294.31,982.9269
2026-08-20 15:12:00,2294.31,2299.62,2293.36,2297.82,1543.642
2026-08-20 15:15:00,2297.81,2298.87,2295.2,2296.6,1653.7228
2026-08-20 15:18:00,2296.6,2312.4,2292.62,2308.67,5326.2354
2026-08-20 15:21:00,2308.67,2309.33,2295.17,2295.17,2169.6694
2026-08-20 15:24:00,2295.17,2302.99,2295.01,2302.99,1360.9685
2026-08-20 15:27:00,2303.0,2314.2,2303.0,2313.78,3793.064
2026-08-20 15:30:00,2313.78,2323.49,2310.65,2316.44,4607.4923
2026-08-20 15:33:00,2316.45,2316.45,2303.61,2305.64,3027.4525
2026-08-20 15:36:00,2305.64,2305.83,2298.28,2298.52,3098.6289
2026-08-20 15:39:00,2298.54,2304.25,2298.01,2303.2,1738.4531
2026-08-20 15:42:00,2303.21,2307.27,2303.21,2303.46,1228.4986
2026-08-20 15:45:00,2303.45,2315.25,2303.01,2315.25,3115.87
2026-08-20 15:48:00,2315.24,2324.0,2313.12,2320.6,2798.5462
2026-08-20 15:51:00,2320.6,2333.68,2319.49,2332.97,6260.5587
2026-08-20 15:54:00,2332.97,2337.89,2327.28,2327.29,3209.775
2026-08-20 15:57:00,2327.28,2329.76,2324.31,2326.41,2281.1631
2026-08-20 16:00:00,2326.4,2327.4,2319.68,2325.07,2465.2514
2026-08-20 16:03:00,2325.07,2326.85,2317.71,2324.67,1756.5552
2026-08-20 16:06:00,2324.67,2331.6,2324.67,2326.78,3537.389
2026-08-20 16:09:00,2326.78,2329.05,2323.18,2324.85,1886.7762
2026-08-20 16:12:00,2324.85,2324.86,2318.42,2319.71,2111.5681
2026-08-20 16:15:00,2319.72,2323.16,2314.44,2318.8,2539.1186
2026-08-20 16:18:00,2318.81,2324.0,2317.6,2321.34,1641.369
2026-08-20 16:21:00,2321.34,2323.59,2317.78,2318.21,2212.2592
2026-08-20 16:24:00,2318.21,2322.0,2318.21,2321.92,1431.5908
2026-08-20 16:27:00,2321.91,2326.94,2321.63,2326.19,1666.1439
2026-08-20 16:30:00,2326.19,2326.19,2320.4,2324.04,1556.4365
2026-08-20 16:33:00,2324.04,2330.0,2323.71,2325.88,1600.8764
2026-08-20 16:36:00,2325.88,2331.39,2324.84,2329.69,1522.6631
2026-08-20 16:39:00,2329.68,2347.64,2327.99,2339.27,6669.7304
2026-08-20 16:42:00,2339.27,2360.0,2337.96,2348.94,10029.9629
2026-08-20 16:45:00,2348.94,2349.64,2343.22,2346.66,2318.9017
2026-08-20 16:48:00,2346.66,2348.3,2341.15,2345.49,2371.5604
2026-08-20 16:51:00,2345.48,2345.72,2339.5,2340.13,1614.7752
2026-08-20 16:54:00,2340.12,2345.52,2336.86,2344.24,2089.6948
2026-08-20 16:57:00,2344.23,2347.42,2342.0,2344.48,2165.4519
2026-08-20 17:00:00,2344.48,2345.0,2339.96,2341.68,2491.0313
2026-08-20 17:03:00,2341.69,2343.6,2337.16,2338.98,1699.6005
2026-08-20 17:06:00,2338.98,2341.92,2335.43,2339.57,1884.3653
2026-08-20 17:09:00,2339.57,2341.82,2332.44,2337.41,1580.883
2026-08-20 17:12:00,2337.41,2339.42,2336.1,2337.73,1046.8009
2026-08-20 17:15:00,2337.74,2342.64,2336.0,2342.51,1003.4931
2026-08-20 17:18:00,2342.52,2343.01,2335.07,2336.48,1697.5779
2026-08-20 17:21:00,2336.48,2343.41,2336.02,2339.41,1191.6703
2026-08-20 17:24:00,2339.42,2346.33,2339.42,2344.54,1355.3079
2026-08-20 17:27:00,2344.54,2345.73,2341.38,2344.19,852.5263
2026-08-20 17:30:00,2344.2,2348.0,2343.73,2345.32,1442.1851
2026-08-20 17:33:00,2345.33,2347.81,2341.19,2341.36,1058.9588
2026-08-20 17:36:00,2341.36,2343.85,2339.32,2343.85,1298.4019
2026-08-20 17:39:00,2343.85,2347.69,2343.41,2344.92,1225.519
2026-08-20 17:42:00,2344.91,2346.95,2341.93,2344.61,673.8824
2026-08-20 17:45:00,2344.61,2346.49,2342.52,2343.99,1009.5194
2026-08-20 17:48:00,2343.99,2347.16,2343.23,2346.86,681.1134
2026-08-20 17:51:00,2346.86,2351.28,2343.09,2345.77,1443.0425
2026-08-20 17:54:00,2345.78,2347.52,2343.64,2345.55,1096.6929
2026-08-20 17:57:00,2345.55,2349.79,2343.81,2344.26,1704.7436
2026-08-20 18:00:00,2344.25,2348.11,2333.33,2333.65,2927.3475
2026-08-20 18:03:00,2333.65,2338.36,2329.21,2329.91,2185.3717
2026-08-20 18:06:00,2329.92,2335.43,2328.28,2328.48,2217.3993
2026-08-20 18:09:00,2328.47,2330.49,2327.0,2327.5,1084.411
2026-08-20 18:12:00,2327.5,2331.61,2325.56,2331.42,1582.0318
2026-08-20 18:15:00,2331.42,2331.42,2320.0,2325.42,2018.4797
2026-08-20 18:18:00,2325.42,2332.44,2325.42,2331.02,1542.7562
2026-08-20 18:21:00,2331.02,2334.4,2331.02,2332.97,1142.3233
2026-08-20 18:24:00,2332.97,2333.54,2328.56,2328.57,1314.5068
2026-08-20 18:27:00,2328.56,2328.93,2325.18,2326.25,1281.7486
2026-08-20 18:30:00,2326.25,2326.87,2320.39,2321.02,2129.4127
2026-08-20 18:33:00,2321.01,2321.28,2310.44,2312.74,2204.3848
2026-08-20 18:36:00,2312.73,2318.41,2312.14,2316.38,1741.2713
2026-08-20 18:39:00,2316.39,2316.79,2310.57,2311.5,3933.2336
2026-08-20 18:42:00,2311.49,2317.88,2310.46,2316.79,747.2415
2026-08-20 18:45:00,2316.79,2318.0,2314.2,2317.83,971.951
2026-08-20 18:48:00,2317.84,2319.71,2316.83,2318.42,760.5103
2026-08-20 18:51:00,2318.43,2323.47,2318.42,2320.48,935.3287
2026-08-20 18:54:00,2320.49,2321.21,2318.31,2321.03,906.9299
2026-08-20 18:57:00,2321.02,2321.48,2315.86,2316.38,1062.5293
2026-08-20 19:00:00,2316.37,2318.12,2312.14,2316.47,1643.376
2026-08-20 19:03:00,2316.47,2318.62,2313.31,2318.62,1239.0718
2026-08-20 19:06:00,2318.62,2323.64,2317.14,2317.34,1400.5064
2026-08-20 19:09:00,2317.34,2323.6,2317.33,2323.24,1262.3343
2026-08-20 19:12:00,2323.24,2323.79,2319.27,2321.33,1058.3726
2026-08-20 19:15:00,2321.33,2327.45,2321.32,2324.92,1434.0289
2026-08-20 19:18:00,2324.92,2326.68,2324.21,2324.97,1269.4825
2026-08-20 19:21:00,2324.98,2329.33,2324.22,2329.33,1391.3097
2026-08-20 19:24:00,2329.34,2330.46,2328.17,2329.38,1336.8658
2026-08-20 19:27:00,2329.38,2329.39,2325.37,2328.15,1238.297
2026-08-20 19:30:00,2328.14,2328.67,2326.38,2326.86,1447.4386
2026-08-20 19:33:00,2326.86,2327.54,2323.16,2326.43,1661.9131
2026-08-20 19:36:00,2326.44,2330.15,2326.37,2330.15,1256.4241
2026-08-20 19:39:00,2330.15,2332.6,2329.08,2330.9,1153.4832
2026-08-20 19:42:00,2330.9,2332.6,2328.39,2329.95,1291.4257
2026-08-20 19:45:00,2329.95,2332.05,2326.25,2328.06,1119.3135
2026-08-20 19:48:00,2328.06,2328.06,2324.31,2326.42,1672.2969
2026-08-20 19:51:00,2326.42,2328.98,2324.89,2327.57,1041.124
2026-08-20 19:54:00,2327.56,2327.68,2324.97,2325.96,904.6383
2026-08-20 19:57:00,2325.97,2326.95,2320.52,2323.77,2459.9542
2026-08-20 20:00:00,2323.78,2325.68,2322.05,2322.96,396.444
2026-08-20 20:03:00,2322.96,2326.21,2322.96,2326.03,263.589
2026-08-20 20:06:00,2326.03,2326.06,2321.98,2322.95,581.478
2026-08-20 20:09:00,2322.95,2327.47,2322.84,2323.53,524.7132
2026-08-20 20:12:00,2323.59,2323.59,2319.93,2320.56,445.3388
2026-08-20 20:15:00,2320.56,2321.15,2317.9,2318.39,264.8422
2026-08-20 20:18:00,2318.4,2323.17,2318.4,2321.32,607.55
2026-08-20 20:21:00,2321.33,2324.07,2319.4,2323.92,425.5718
2026-08-20 20:24:00,2323.92,2330.0,2323.27,2329.07,993.2233
2026-08-20 20:27:00,2329.07,2329.41,2326.06,2327.28,252.7705
2026-08-20 20:30:00,2327.29,2331.5,2327.02,2329.78,482.1758
2026-08-20 20:33:00,2329.77,2330.5,2327.19,2328.16,321.3524
2026-08-20 20:36:00,2328.17,2330.5,2322.87,2322.88,673.0321
2026-08-20 20:39:00,2322.88,2323.19,2319.0,2320.68,513.2475
2026-08-20 20:42:00,2320.68,2321.53,2317.71,2320.35,367.7412
2026-08-20 20:45:00,2320.35,2320.74,2318.62,2319.59,213.774
2026-08-20 20:48:00,2319.59,2320.42,2315.54,2316.32,499.0667
2026-08-20 20:51:00,2316.32,2318.13,2313.81,2315.03,417.3385
2026-08-20 20:54:00,2315.03,2318.33,2314.2,2317.84,204.6743
2026-08-20 20:57:00,2317.85,2319.64,2317.24,2318.58,177.9666
2026-08-20 21:00:00,2318.58,2318.86,2316.98,2318.31,427.0869
2026-08-20 21:03:00,2318.31,2318.8,2315.9,2315.91,320.9925
2026-08-20 21:06:00,2315.91,2316.75,2313.32,2314.96,874.0853
2026-08-20 21:09:00,2314.96,2320.14,2314.96,2320.12,552.0896
2026-08-20 21:12:00,2320.13,2323.04,2319.92,2321.88,606.7507
2026-08-20 21:15:00,2321.88,2325.6,2321.88,2322.74,555.5035
2026-08-20 21:18:00,2322.73,2323.29,2319.44,2320.44,334.5019
2026-08-20 21:21:00,2320.45,2320.45,2316.0,2316.0,610.938
2026-08-20 21:24:00,2316.0,2318.65,2316.0,2317.45,698.059
2026-08-20 21:27:00,2317.46,2317.46,2314.23,2314.83,342.4608
2026-08-20 21:30:00,2314.83,2320.34,2314.36,2320.33,547.6353
2026-08-20 21:33:00,2320.34,2321.88,2320.15,2320.9,733.0913
2026-08-20 21:36:00,2320.89,2322.54,2319.26,2319.26,287.5891
2026-08-20 21:39:00,2319.26,2320.99,2317.96,2320.99,374.4794
2026-08-20 21:42:00,2320.98,2320.99,2318.1,2319.52,435.3641
2026-08-20 21:45:00,2319.52,2320.73,2319.52,2319.9,471.9772
2026-08-20 21:48:00,2319.89,2320.32,2318.71,2319.59,300.3639
2026-08-20 21:51:00,2319.59,2320.7,2318.65,2320.2,441.8811
2026-08-20 21:54:00,2320.21,2320.21,2316.47,2318.0,398.5328
2026-08-20 21:57:00,2318.0,2318.81,2316.27,2318.81,235.0175
2026-08-20 22:00:00,2318.81,2319.45,2312.54,2315.18,1228.8102
2026-08-20 22:03:00,2315.17,2318.13,2306.67,2318.12,1798.1238
2026-08-20 22:06:00,2318.13,2318.13,2313.7,2313.7,552.1475
2026-08-20 22:09:00,2313.7,2315.89,2313.5,2314.09,475.8116
2026-08-20 22:12:00,2314.09,2314.98,2311.69,2311.92,613.127
2026-08-20 22:15:00,2311.87,2312.52,2310.73,2312.52,452.0663
2026-08-20 22:18:00,2312.52,2312.81,2308.23,2312.09,804.4224
2026-08-20 22:21:00,2312.09,2314.89,2311.4,2314.88,627.3831
2026-08-20 22:24:00,2314.89,2317.99,2314.88,2317.48,618.6669
2026-08-20 22:27:00,2317.48,2317.48,2313.86,2314.85,292.8921
2026-08-20 22:30:00,2314.86,2315.51,2310.53,2313.46,468.3802
2026-08-20 22:33:00,2313.46,2315.27,2313.1,2315.27,263.7838
2026-08-20 22:36:00,2315.27,2315.79,2313.11,2315.13,343.5902
2026-08-20 22:39:00,2315.13,2315.62,2312.47,2314.5,200.4182
2026-08-20 22:42:00,2314.49,2314.49,2312.14,2312.14,165.1157
2026-08-20 22:45:00,2312.14,2313.65,2311.83,2313.26,284.7386
2026-08-20 22:48:00,2313.26,2314.69,2312.89,2313.24,259.6144
2026-08-20 22:51:00,2313.24,2318.89,2313.24,2318.31,759.7205
2026-08-20 22:54:00,2318.3,2318.3,2314.65,2315.43,183.5896
2026-08-20 22:57:00,2315.43,2315.48,2313.4,2314.42,234.5613
2026-08-20 23:00:00,2314.42,2316.27,2313.1,2315.38,253.8564
2026-08-20 23:03:00,2315.38,2316.66,2314.58,2316.66,460.503
2026-08-20 23:06:00,2316.67,2319.56,2316.67,2318.82,226.5659
2026-08-20 23:09:00,2318.81,2319.75,2317.71,2319.43,319.007
2026-08-20 23:12:00,2319.43,2322.53,2319.43,2322.53,490.2903
2026-08-20 23:15:00,2322.52,2323.17,2321.83,2322.07,345.7916
2026-08-20 23:18:00,2322.07,2327.54,2322.07,2326.3,622.3779
2026-08-20 23:21:00,2326.29,2329.8,2325.88,2329.39,544.2276
2026-08-20 23:24:00,2329.4,2340.0,2329.4,2331.29,2075.08
2026-08-20 23:27:00,2331.29,2334.6,2330.3,2331.45,587.6133
2026-08-20 23:30:00,2331.46,2334.85,2330.95,2333.14,350.1714
2026-08-20 23:33:00,2333.15,2333.15,2328.98,2329.93,550.5681
2026-08-20 23:36:00,2329.92,2329.95,2326.03,2326.03,520.593
2026-08-20 23:39:00,2326.03,2326.6,2325.33,2325.42,358.1278
2026-08-20 23:42:00,2325.43,2327.59,2324.84,2325.76,208.3203
2026-08-20 23:45:00,2325.77,2329.56,2324.88,2328.6,504.2388
2026-08-20 23:48:00,2328.61,2328.74,2326.2,2326.79,363.7378
2026-08-20 23:51:00,2326.79,2327.19,2323.58,2326.7,417.9015
2026-08-20 23:54:00,2326.69,2329.02,2324.91,2325.98,504.0013
2026-08-20 23:57:00,2325.98,2328.84,2325.6,2326.82,479.9599
2026-08-21 00:00:00,2326.83,2329.2,2325.91,2327.79,647.0514
2026-08-21 00:03:00,2327.8,2328.69,2324.99,2328.69,455.7168
2026-08-21 00:06:00,2328.69,2334.0,2328.69,2329.38,587.434
2026-08-21 00:09:00,2329.39,2333.28,2328.46,2331.73,595.8328
2026-08-21 00:12:00,2331.74,2338.43,2330.87,2337.67,790.0268
2026-08-21 00:15:00,2337.66,2337.66,2331.59,2333.5,941.3361
2026-08-21 00:18:00,2333.49,2348.0,2333.46,2340.28,2577.6098
2026-08-21 00:21:00,2340.28,2345.44,2340.08,2342.92,1576.5658
2026-08-21 00:24:00,2342.92,2344.94,2341.51,2344.38,959.8767
2026-08-21 00:27:00,2344.38,2346.67,2336.4,2337.62,1340.9148
2026-08-21 00:30:00,2337.62,2351.15,2336.86,2348.8,1781.3073
2026-08-21 00:33:00,2348.74,2348.74,2341.73,2342.34,848.008
2026-08-21 00:36:00,2342.35,2342.35,2334.45,2341.27,911.1161
2026-08-21 00:39:00,2341.26,2341.26,2332.03,2333.72,710.1641
2026-08-21 00:42:00,2333.72,2339.06,2332.87,2337.89,489.3232
2026-08-21 00:45:00,2337.86,2339.85,2334.7,2337.78,342.9064
2026-08-21 00:48:00,2337.78,2349.83,2337.78,2345.49,1341.8318
2026-08-21 00:51:00,2345.49,2350.87,2344.3,2345.68,702.7749
2026-08-21 00:54:00,2345.68,2345.93,2334.44,2337.67,1004.7167
2026-08-21 00:57:00,2337.67,2340.96,2335.31,2340.82,322.6925
2026-08-21 01:00:00,2340.82,2343.13,2338.0,2341.27,800.7127
2026-08-21 01:03:00,2341.26,2344.71,2340.42,2340.97,676.9509
2026-08-21 01:06:00,2340.97,2346.32,2340.97,2342.62,1663.7691
2026-08-21 01:09:00,2342.62,2346.87,2342.61,2346.64,440.2342
2026-08-21 01:12:00,2346.64,2348.49,2343.27,2345.75,500.0056
2026-08-21 01:15:00,2345.74,2354.61,2344.55,2352.81,1472.4931
2026-08-21 01:18:00,2352.82,2366.9,2346.46,2346.46,5975.2458
2026-08-21 01:21:00,2346.46,2350.67,2338.6,2342.84,1704.9786
2026-08-21 01:24:00,2342.84,2346.95,2342.84,2343.28,1200.073
2026-08-21 01:27:00,2343.28,2353.1,2343.1,2353.1,1299.0877
2026-08-21 01:30:00,2353.1,2364.75,2348.36,2361.97,3005.1645
2026-08-21 01:33:00,2361.97,2369.5,2358.82,2358.99,2770.6263
2026-08-21 01:36:00,2359.0,2360.99,2355.0,2356.02,1121.6788
2026-08-21 01:39:00,2356.03,2362.02,2352.75,2355.29,1205.7022
2026-08-21 01:42:00,2355.3,2360.0,2355.08,2357.37,1047.1173
2026-08-21 01:45:00,2357.37,2378.0,2356.04,2373.97,4396.8189
2026-08-21 01:48:00,2373.97,2380.82,2366.62,2368.79,5475.4187
2026-08-21 01:51:00,2368.79,2370.25,2365.89,2368.09,1482.9013
2026-08-21 01:54:00,2368.1,2369.34,2363.38,2364.12,1592.9248
2026-08-21 01:57:00,2364.11,2364.11,2359.04,2359.37,1619.3141
2026-08-21 02:00:00,2359.37,2359.71,2346.78,2348.59,2270.0138
2026-08-21 02:03:00,2348.6,2354.76,2343.17,2354.33,1636.8325
2026-08-21 02:06:00,2354.33,2362.71,2353.77,2355.03,1277.4008
2026-08-21 02:09:00,2355.03,2355.96,2347.62,2349.52,740.0797
2026-08-21 02:12:00,2349.53,2355.0,2346.48,2354.08,901.3638
2026-08-21 02:15:00,2354.09,2354.27,2340.0,2351.09,4126.1226
2026-08-21 02:18:00,2351.1,2351.1,2347.15,2349.78,734.8108
2026-08-21 02:21:00,2349.78,2352.7,2349.07,2351.09,620.6738
2026-08-21 02:24:00,2351.09,2356.38,2349.05,2355.88,809.76
2026-08-21 02:27:00,2355.88,2360.51,2355.47,2359.32,745.1706
2026-08-21 02:30:00,2359.32,2365.0,2357.12,2363.06,1570.6536
2026-08-21 02:33:00,2363.05,2363.05,2352.97,2357.61,1648.0083
2026-08-21 02:36:00,2357.61,2360.51,2357.35,2358.24,740.9877
2026-08-21 02:39:00,2358.25,2361.0,2357.35,2358.29,729.3311
2026-08-21 02:42:00,2358.29,2358.82,2355.74,2355.87,377.6357
2026-08-21 02:45:00,2355.88,2356.17,2345.81,2351.32,1362.419
2026-08-21 02:48:00,2351.31,2351.44,2346.75,2348.31,606.9487
2026-08-21 02:51:00,2348.32,2349.42,2346.11,2346.73,502.3054
2026-08-21 02:54:00,2346.74,2347.3,2345.01,2346.91,444.95
2026-08-21 02:57:00,2346.91,2347.47,2344.6,2345.75,673.1382
2026-08-21 03:00:00,2345.75,2346.99,2343.49,2346.91,471.4199
2026-08-21 03:03:00,2346.91,2346.91,2340.42,2342.23,874.4679
2026-08-21 03:06:00,2342.23,2342.23,2337.23,2340.74,1124.8581
2026-08-21 03:09:00,2340.74,2346.63,2339.1,2345.45,671.4644
2026-08-21 03:12:00,2345.45,2349.02,2345.16,2345.38,1750.4968
2026-08-21 03:15:00,2345.38,2346.57,2340.88,2346.57,474.1489
2026-08-21 03:18:00,2346.57,2347.4,2344.38,2347.07,396.6565
2026-08-21 03:21:00,2347.07,2350.24,2346.58,2349.75,1155.3149
2026-08-21 03:24:00,2349.75,2349.97,2346.08,2347.99,594.7396
2026-08-21 03:27:00,2348.0,2350.45,2347.09,2349.62,628.6109
2026-08-21 03:30:00,2349.63,2354.5,2348.26,2354.22,718.0374
2026-08-21 03:33:00,2354.23,2354.5,2350.44,2352.11,506.4236
2026-08-21 03:36:00,2352.11,2352.17,2346.05,2349.01,574.8281
2026-08-21 03:39:00,2349.01,2352.07,2347.9,2352.07,589.5267
2026-08-21 03:42:00,2352.07,2352.9,2349.52,2349.52,492.2255
2026-08-21 03:45:00,2349.51,2353.3,2349.3,2353.3,443.4327
2026-08-21 03:48:00,2353.3,2354.5,2352.21,2354.04,358.459
2026-08-21 03:51:00,2354.03,2354.06,2349.58,2351.46,994.2161
2026-08-21 03:54:00,2351.45,2351.63,2347.99,2348.28,559.6989
2026-08-21 03:57:00,2348.27,2348.76,2340.88,2341.04,1513.4641
2026-08-21 04:00:00,2341.05,2350.0,2341.05,2349.47,792.2692
2026-08-21 04:03:00,2349.47,2350.74,2344.01,2344.03,799.35
2026-08-21 04:06:00,2344.04,2346.87,2343.34,2346.85,410.664
2026-08-21 04:09:00,2346.85,2349.67,2344.68,2345.36,585.7256
2026-08-21 04:12:00,2345.36,2346.23,2343.69,2346.22,479.9654
2026-08-21 04:15:00,2346.22,2349.41,2345.43,2346.97,459.896
2026-08-21 04:18:00,2346.98,2350.36,2346.98,2348.28,627.3907
2026-08-21 04:21:00,2348.28,2350.0,2348.14,2348.89,376.6085
2026-08-21 04:24:00,2348.89,2349.23,2345.84,2347.53,521.6753
2026-08-21 04:27:00,2347.53,2347.54,2344.25,2344.72,621.6198
2026-08-21 04:30:00,2344.72,2350.0,2343.62,2349.75,322.6792
2026-08-21 04:33:00,2349.75,2351.07,2348.16,2349.22,362.4985
2026-08-21 04:36:00,2349.23,2349.92,2347.78,2349.08,265.9451
2026-08-21 04:39:00,2349.08,2349.08,2346.46,2347.07,352.5945
2026-08-21 04:42:00,2347.07,2351.0,2345.72,2350.38,552.4183
2026-08-21 04:45:00,2350.37,2354.56,2349.08,2353.98,728.1681
2026-08-21 04:48:00,2353.98,2356.0,2353.69,2354.56,693.822
2026-08-21 04:51:00,2354.57,2355.21,2353.4,2354.9,330.3224
2026-08-21 04:54:00,2354.9,2355.41,2353.42,2353.59,191.282
2026-08-21 04:57:00,2353.59,2354.42,2353.59,2354.42,200.4646
2026-08-21 05:00:00,2354.43,2355.03,2353.11,2354.94,314.2105
2026-08-21 05:03:00,2354.94,2356.0,2349.84,2355.44,921.3713
2026-08-21 05:06:00,2355.43,2355.98,2352.97,2353.2,263.4362
2026-08-21 05:09:00,2353.19,2357.35,2351.31,2356.75,454.8203
2026-08-21 05:12:00,2356.74,2359.96,2356.57,2359.0,511.2434
2026-08-21 05:15:00,2359.0,2360.43,2356.49,2359.66,665.9037
2026-08-21 05:18:00,2359.66,2362.5,2359.18,2359.68,1297.9975
2026-08-21 05:21:00,2359.68,2360.99,2354.91,2356.41,645.9014
2026-08-21 05:24:00,2356.41,2357.66,2352.14,2352.14,822.1821
2026-08-21 05:27:00,2352.14,2356.55,2349.67,2353.89,582.9395
2026-08-21 05:30:00,2353.89,2353.89,2351.52,2351.53,339.2066
2026-08-21 05:33:00,2351.52,2358.09,2351.52,2353.19,577.5491
2026-08-21 05:36:00,2353.19,2355.95,2352.59,2354.11,404.1463
2026-08-21 05:39:00,2354.1,2356.92,2352.1,2353.33,515.405
2026-08-21 05:42:00,2353.33,2356.87,2353.33,2354.61,261.017
2026-08-21 05:45:00,2354.62,2354.74,2352.8,2354.45,246.3065
2026-08-21 05:48:00,2354.45,2360.0,2354.45,2360.0,674.736
2026-08-21 05:51:00,2360.0,2361.86,2357.34,2361.23,781.4796
2026-08-21 05:54:00,2361.23,2364.42,2360.23,2362.06,691.533
2026-08-21 05:57:00,2362.06,2368.76,2362.01,2368.42,1352.3506
2026-08-21 06:00:00,2368.42,2369.92,2366.05,2366.21,1449.7884
2026-08-21 06:03:00,2366.2,2378.7,2366.1,2378.69,3211.324
2026-08-21 06:06:00,2378.69,2378.7,2373.43,2376.99,887.3958
2026-08-21 06:09:00,2377.0,2377.81,2368.25,2368.26,992.4501
2026-08-21 06:12:00,2368.26,2369.73,2364.09,2365.69,643.7992
2026-08-21 06:15:00,2365.69,2368.78,2365.2,2365.77,484.2492
2026-08-21 06:18:00,2365.77,2365.77,2361.19,2362.47,735.2643
2026-08-21 06:21:00,2362.46,2364.43,2356.65,2357.07,1010.2061
2026-08-21 06:24:00,2357.07,2364.88,2355.15,2363.39,1150.5762
2026-08-21 06:27:00,2363.38,2364.36,2360.0,2360.8,431.374
2026-08-21 06:30:00,2360.81,2369.15,2360.7,2368.76,684.3619
2026-08-21 06:33:00,2368.76,2372.12,2367.62,2372.11,1215.2538
2026-08-21 06:36:00,2372.1,2372.1,2368.01,2371.42,679.0706
2026-08-21 06:39:00,2371.43,2374.0,2368.78,2368.9,795.4918
2026-08-21 06:42:00,2368.89,2374.08,2363.39,2369.66,1809.1869
2026-08-21 06:45:00,2369.65,2372.42,2364.62,2371.31,1275.5395
2026-08-21 06:48:00,2371.31,2384.17,2370.21,2374.45,3299.1648
2026-08-21 06:51:00,2374.44,2374.61,2369.18,2370.75,813.1823
2026-08-21 06:54:00,2370.74,2373.44,2370.74,2372.56,371.9301
2026-08-21 06:57:00,2372.57,2373.38,2370.79,2372.47,333.6644
2026-08-21 07:00:00,2372.48,2379.25,2370.9,2377.51,1003.883
2026-08-21 07:03:00,2377.51,2377.57,2370.71,2372.7,2177.0311
2026-08-21 07:06:00,2372.7,2380.69,2372.4,2380.49,949.0004
2026-08-21 07:09:00,2380.48,2381.27,2375.44,2381.26,1376.2416
2026-08-21 07:12:00,2381.26,2387.22,2380.0,2386.47,3117.0
2026-08-21 07:15:00,2386.47,2398.71,2384.94,2389.04,6079.0756
2026-08-21 07:18:00,2389.0,2390.96,2381.25,2384.8,1790.0656
2026-08-21 07:21:00,2384.79,2384.8,2380.0,2382.08,2090.0354
2026-08-21 07:24:00,2382.07,2383.3,2377.94,2380.28,1140.5221
2026-08-21 07:27:00,2380.28,2382.2,2378.04,2381.74,1223.9089
2026-08-21 07:30:00,2381.73,2388.84,2380.2,2386.68,2727.5162
2026-08-21 07:33:00,2386.68,2389.32,2373.46,2376.79,3598.1819
2026-08-21 07:36:00,2376.78,2377.98,2372.18,2375.16,2122.3733
2026-08-21 07:39:00,2375.16,2384.3,2374.78,2380.99,3328.9229
2026-08-21 07:42:00,2380.99,2387.99,2380.21,2380.78,2135.0035
2026-08-21 07:45:00,2380.78,2382.67,2378.55,2382.46,2404.6867
2026-08-21 07:48:00,2382.46,2383.18,2374.2,2374.37,2067.1531
2026-08-21 07:51:00,2374.36,2374.91,2371.61,2371.62,2090.9515
2026-08-21 07:54:00,2371.62,2373.36,2370.6,2371.91,1972.5008
2026-08-21 07:57:00,2371.91,2372.32,2362.66,2371.66,3641.7545
2026-08-21 08:00:00,2371.67,2377.71,2370.24,2377.07,992.7683
2026-08-21 08:03:00,2377.07,2380.0,2376.0,2378.34,880.9698
2026-08-21 08:06:00,2378.35,2387.27,2375.9,2386.45,1440.9191
2026-08-21 08:09:00,2386.46,2387.23,2382.02,2382.95,1184.7536
2026-08-21 08:12:00,2382.95,2391.74,2382.85,2383.74,1725.6528
2026-08-21 08:15:00,2383.74,2389.0,2383.26,2387.97,1043.1606
2026-08-21 08:18:00,2387.97,2392.42,2387.28,2389.31,1514.7219
2026-08-21 08:21:00,2389.3,2389.3,2380.64,2382.05,1688.088
2026-08-21 08:24:00,2382.07,2389.97,2378.94,2386.01,1286.0847
2026-08-21 08:27:00,2386.0,2388.91,2383.48,2387.38,1135.1533
2026-08-21 08:30:00,2387.38,2395.5,2386.19,2395.49,2179.4631
2026-08-21 08:33:00,2395.5,2398.93,2391.77,2398.84,1844.5466
2026-08-21 08:36:00,2398.84,2410.14,2394.18,2407.53,7813.0924
2026-08-21 08:39:00,2407.52,2415.84,2402.4,2412.41,8103.1807
2026-08-21 08:42:00,2412.41,2415.0,2408.03,2409.71,4497.5245
2026-08-21 08:45:00,2409.71,2430.0,2408.06,2424.26,7561.7049
2026-08-21 08:48:00,2424.26,2432.12,2420.48,2430.11,5446.9035
2026-08-21 08:51:00,2430.11,2438.0,2427.93,2434.28,6135.6662
2026-08-21 08:54:00,2434.28,2440.0,2431.87,2439.9,4917.7373
2026-08-21 08:57:00,2439.91,2447.98,2435.08,2444.2,5541.9308
2026-08-21 09:00:00,2444.2,2446.23,2399.52,2406.14,10815.0031
2026-08-21 09:03:00,2406.14,2411.82,2389.0,2403.14,5964.987
2026-08-21 09:06:00,2403.13,2403.68,2376.32,2389.04,5337.9468
2026-08-21 09:09:00,2388.98,2403.0,2388.7,2402.64,3283.2575
2026-08-21 09:12:00,2402.64,2405.97,2396.81,2398.71,1997.1966
2026-08-21 09:15:00,2398.71,2399.28,2386.71,2393.72,1925.252
2026-08-21 09:18:00,2393.71,2400.0,2386.17,2391.8,1896.3015
2026-08-21 09:21:00,2391.79,2394.23,2384.01,2387.07,2298.7284
2026-08-21 09:24:00,2387.06,2391.88,2384.8,2385.72,1500.6556
2026-08-21 09:27:00,2385.72,2394.19,2385.72,2389.47,1150.5082
2026-08-21 09:30:00,2389.47,2399.58,2385.95,2396.85,1697.9898
2026-08-21 09:33:00,2396.84,2398.82,2393.67,2394.81,1386.2377
2026-08-21 09:36:00,2394.82,2402.0,2394.38,2398.05,1966.2807
2026-08-21 09:39:00,2398.04,2402.0,2397.78,2401.57,1227.5914
2026-08-21 09:42:00,2401.57,2411.66,2400.53,2407.99,2014.6292
2026-08-21 09:45:00,2407.98,2412.0,2405.28,2411.98,1766.4932
2026-08-21 09:48:00,2411.98,2414.47,2406.97,2406.97,1705.9036
2026-08-21 09:51:00,2406.98,2416.25,2406.05,2406.78,2546.4578
2026-08-21 09:54:00,2406.77,2410.9,2402.91,2407.71,1374.885
2026-08-21 09:57:00,2407.71,2407.76,2391.94,2404.0,1938.951
2026-08-21 10:00:00,2404.0,2405.09,2398.05,2399.05,1402.477
2026-08-21 10:03:00,2399.06,2402.48,2394.22,2400.19,1305.3254
2026-08-21 10:06:00,2400.18,2400.19,2394.82,2395.01,1385.9933
2026-08-21 10:09:00,2395.0,2406.22,2395.0,2405.36,1037.6822
2026-08-21 10:12:00,2405.37,2405.78,2400.79,2401.21,602.7057
2026-08-21 10:15:00,2401.21,2408.69,2401.12,2406.44,1079.6063
2026-08-21 10:18:00,2406.44,2411.84,2406.44,2406.61,760.6515
2026-08-21 10:21:00,2406.6,2408.33,2405.0,2405.4,1002.1839
2026-08-21 10:24:00,2405.39,2406.78,2392.0,2393.53,1712.0596
2026-08-21 10:27:00,2393.53,2400.91,2390.64,2400.3,1129.2787
2026-08-21 10:30:00,2400.3,2402.04,2396.14,2396.14,745.0911
2026-08-21 10:33:00,2396.13,2396.8,2391.31,2394.74,1010.5753
2026-08-21 10:36:00,2394.75,2399.52,2394.75,2396.83,693.4172
2026-08-21 10:39:00,2396.83,2399.07,2394.83,2397.86,625.2436
2026-08-21 10:42:00,2397.87,2398.98,2393.49,2397.72,644.7666
2026-08-21 10:45:00,2397.73,2405.54,2397.73,2402.66,1180.9143
2026-08-21 10:48:00,2402.66,2402.99,2397.78,2397.79,473.8521
2026-08-21 10:51:00,2397.78,2398.63,2395.47,2397.82,682.8132
2026-08-21 10:54:00,2397.83,2398.34,2395.56,2396.86,728.9109
2026-08-21 10:57:00,2396.85,2399.0,2393.78,2395.33,698.1524
2026-08-21 11:00:00,2395.32,2396.76,2389.44,2389.72,1081.6672
2026-08-21 11:03:00,2389.72,2399.18,2389.71,2396.97,796.5616
2026-08-21 11:06:00,2396.97,2397.51,2392.32,2392.61,498.5484
2026-08-21 11:09:00,2392.62,2392.91,2389.72,2389.73,558.1925
2026-08-21 11:12:00,2389.72,2389.72,2377.11,2386.34,2738.474
2026-08-21 11:15:00,2386.34,2386.35,2377.69,2381.51,1151.8802
2026-08-21 11:18:00,2381.51,2383.96,2372.45,2378.18,2227.2174
2026-08-21 11:21:00,2378.18,2389.0,2377.01,2386.44,1884.5709
2026-08-21 11:24:00,2386.44,2387.26,2380.69,2385.09,1753.7047
2026-08-21 11:27:00,2385.08,2385.79,2381.22,2385.78,799.0056
2026-08-21 11:30:00,2385.79,2386.76,2366.13,2370.81,2810.2431
2026-08-21 11:33:00,2370.82,2374.79,2357.18,2368.8,4259.3342
2026-08-21 11:36:00,2368.72,2379.25,2366.47,2377.94,1524.4165
2026-08-21 11:39:00,2377.95,2378.19,2373.84,2377.36,1200.4195
2026-08-21 11:42:00,2377.36,2377.43,2372.0,2374.1,1558.2094
2026-08-21 11:45:00,2374.09,2377.26,2362.05,2365.43,1527.5922
2026-08-21 11:48:00,2365.43,2372.47,2362.6,2372.4,1917.7816
2026-08-21 11:51:00,2372.41,2376.82,2369.04,2374.81,1785.4742
2026-08-21 11:54:00,2374.81,2377.49,2372.84,2373.83,754.619
2026-08-21 11:57:00,2373.83,2376.06,2363.91,2370.47,3387.1304
2026-08-21 12:00:00,2370.48,2371.76,2365.44,2369.01,1651.5497
2026-08-21 12:03:00,2369.01,2375.49,2367.42,2375.38,1773.305
2026-08-21 12:06:00,2375.39,2377.5,2373.39,2373.69,1117.3636
2026-08-21 12:09:00,2373.69,2374.8,2371.57,2374.79,667.0092
2026-08-21 12:12:00,2374.8,2380.56,2372.39,2379.01,833.6019
2026-08-21 12:15:00,2379.01,2379.46,2374.93,2375.71,620.0626
2026-08-21 12:18:00,2375.7,2377.77,2373.85,2375.75,976.5622
2026-08-21 12:21:00,2375.75,2376.96,2369.47,2370.96,1838.9577
2026-08-21 12:24:00,2370.97,2376.84,2370.97,2376.07,1217.9706
2026-08-21 12:27:00,2376.06,2377.01,2374.33,2375.19,554.7263
2026-08-21 12:30:00,2375.19,2376.95,2373.3,2375.89,1317.0551
2026-08-21 12:33:00,2375.88,2381.0,2373.64,2380.99,983.8653
2026-08-21 12:36:00,2380.99,2386.99,2380.25,2385.47,2125.5629
2026-08-21 12:39:00,2385.47,2395.71,2384.84,2394.46,2286.4817
2026-08-21 12:42:00,2394.46,2395.76,2390.07,2394.58,2552.2127
2026-08-21 12:45:00,2394.57,2394.79,2392.54,2392.87,1335.5352
2026-08-21 12:48:00,2392.87,2397.5,2389.55,2394.38,1629.0675
2026-08-21 12:51:00,2394.38,2394.6,2389.23,2389.89,3126.2859
2026-08-21 12:54:00,2389.88,2390.52,2385.17,2385.9,1429.5114
2026-08-21 12:57:00,2385.89,2389.25,2385.89,2388.62,471.0065
2026-08-21 13:00:00,2388.62,2389.4,2385.2,2385.53,735.6485
2026-08-21 13:03:00,2385.54,2390.64,2384.22,2390.13,1648.3357
2026-08-21 13:06:00,2390.12,2396.82,2389.86,2391.22,2252.1803
2026-08-21 13:09:00,2391.21,2391.79,2384.69,2386.91,775.0585
2026-08-21 13:12:00,2386.91,2391.3,2384.57,2390.93,770.6291
2026-08-21 13:15:00,2390.93,2391.06,2383.76,2384.58,708.4315
2026-08-21 13:18:00,2384.58,2386.66,2382.47,2383.62,676.6193
2026-08-21 13:21:00,2383.61,2385.01,2381.87,2382.22,989.3199
2026-08-21 13:24:00,2382.23,2390.0,2382.23,2389.33,1106.8518
2026-08-21 13:27:00,2389.33,2391.18,2385.0,2386.8,1298.1237
2026-08-21 13:30:00,2386.8,2386.8,2370.71,2376.65,4063.2114
2026-08-21 13:33:00,2376.65,2378.78,2368.08,2368.2,2020.0514
2026-08-21 13:36:00,2368.21,2387.39,2368.2,2385.2,2312.6988
2026-08-21 13:39:00,2385.16,2394.02,2382.66,2392.51,1980.9408
2026-08-21 13:42:00,2392.5,2399.0,2392.26,2395.42,1533.5229
2026-08-21 13:45:00,2395.41,2399.91,2391.61,2394.75,1271.0023
2026-08-21 13:48:00,2394.75,2406.41,2392.78,2402.31,3164.7474
2026-08-21 13:51:00,2402.34,2403.21,2392.69,2394.21,1678.7135
2026-08-21 13:54:00,2394.2,2394.31,2386.29,2390.45,1753.3212
2026-08-21 13:57:00,2390.45,2392.81,2382.11,2387.65,1502.536
2026-08-21 14:00:00,2387.65,2387.65,2376.01,2377.75,2129.0391
2026-08-21 14:03:00,2377.75,2382.25,2374.08,2382.1,2009.0016
2026-08-21 14:06:00,2382.09,2386.09,2380.59,2384.55,1069.3371
2026-08-21 14:09:00,2384.55,2385.98,2381.02,2385.69,890.4192
2026-08-21 14:12:00,2385.68,2387.03,2376.0,2379.29,964.9525
2026-08-21 14:15:00,2379.3,2385.48,2377.65,2380.17,958.3697
2026-08-21 14:18:00,2380.16,2380.79,2370.0,2370.44,1877.0765
2026-08-21 14:21:00,2370.44,2382.66,2369.41,2376.1,2137.0599
2026-08-21 14:24:00,2376.09,2384.54,2375.32,2384.31,1384.5694
2026-08-21 14:27:00,2384.32,2392.31,2384.31,2392.25,2263.5692
2026-08-21 14:30:00,2392.26,2396.8,2390.0,2395.81,1686.6729
2026-08-21 14:33:00,2395.81,2397.45,2389.52,2389.52,1057.6327
2026-08-21 14:36:00,2389.53,2393.75,2382.18,2383.61,1595.2769
2026-08-21 14:39:00,2383.61,2385.81,2376.87,2380.98,2110.6764
2026-08-21 14:42:00,2380.99,2386.43,2380.44,2385.85,966.5888
2026-08-21 14:45:00,2385.84,2391.64,2385.84,2389.84,864.0474
2026-08-21 14:48:00,2389.83,2392.85,2388.08,2392.85,819.1363
2026-08-21 14:51:00,2392.85,2392.86,2389.33,2389.42,788.6115
2026-08-21 14:54:00,2389.42,2393.25,2387.98,2393.24,649.0516
2026-08-21 14:57:00,2393.25,2394.44,2390.91,2393.67,588.7917
2026-08-21 15:00:00,2393.67,2394.6,2391.53,2393.8,462.6953
2026-08-21 15:03:00,2393.8,2400.49,2393.27,2400.01,1283.099
2026-08-21 15:06:00,2400.01,2402.89,2395.56,2399.77,996.2276
2026-08-21 15:09:00,2399.76,2402.99,2398.78,2399.4,669.1476
2026-08-21 15:12:00,2399.41,2406.31,2397.1,2402.74,1900.403
2026-08-21 15:15:00,2402.73,2408.55,2398.75,2399.87,2313.0027
2026-08-21 15:18:00,2399.87,2402.73,2397.29,2400.06,1648.4455
2026-08-21 15:21:00,2400.07,2404.16,2397.38,2402.66,2006.242
2026-08-21 15:24:00,2402.66,2402.67,2400.01,2402.42,1457.0107
2026-08-21 15:27:00,2402.42,2403.73,2397.97,2398.81,1385.7758
2026-08-21 15:30:00,2398.8,2402.66,2397.97,2402.55,1580.3181
2026-08-21 15:33:00,2402.54,2403.0,2394.64,2395.78,1599.7518
2026-08-21 15:36:00,2395.79,2401.34,2395.7,2401.34,1469.752
2026-08-21 15:39:00,2401.34,2403.81,2399.52,2402.51,1384.3987
2026-08-21 15:42:00,2402.51,2403.39,2399.57,2400.2,1329.6099
2026-08-21 15:45:00,2400.21,2402.38,2398.31,2400.28,1393.6832
2026-08-21 15:48:00,2400.28,2402.9,2398.02,2402.3,2480.1263
2026-08-21 15:51:00,2402.31,2404.0,2398.42,2398.95,1492.4983
2026-08-21 15:54:00,2398.95,2399.81,2389.02,2394.54,3295.326
2026-08-21 15:57:00,2394.53,2396.35,2391.76,2393.65,752.0939
2026-08-21 16:00:00,2393.64,2397.81,2390.73,2393.61,1705.992
2026-08-21 16:03:00,2393.61,2394.16,2389.67,2390.65,1069.1497
2026-08-21 16:06:00,2390.64,2391.09,2385.0,2388.49,1793.3601
2026-08-21 16:09:00,2388.48,2393.26,2386.98,2389.4,2400.6365
2026-08-21 16:12:00,2389.41,2393.2,2384.3,2384.74,2057.2963
2026-08-21 16:15:00,2384.73,2399.35,2384.0,2398.76,2405.9403
2026-08-21 16:18:00,2398.77,2402.7,2393.76,2394.69,1800.592
2026-08-21 16:21:00,2394.69,2401.4,2394.48,2397.63,1815.2043
2026-08-21 16:24:00,2397.65,2398.31,2395.17,2396.01,638.1487
2026-08-21 16:27:00,2396.01,2403.26,2396.0,2402.91,1711.282
2026-08-21 16:30:00,2402.91,2402.91,2399.13,2401.35,818.286
2026-08-21 16:33:00,2401.34,2403.55,2399.19,2401.45,1006.9486
2026-08-21 16:36:00,2401.45,2402.93,2400.0,2400.89,638.949
2026-08-21 16:39:00,2400.9,2402.5,2399.76,2401.76,426.8881
2026-08-21 16:42:00,2401.76,2402.49,2399.18,2401.6,758.6527
2026-08-21 16:45:00,2401.6,2405.0,2400.51,2404.69,1081.9471
2026-08-21 16:48:00,2404.69,2410.78,2404.69,2409.25,3475.9931
2026-08-21 16:51:00,2409.25,2413.14,2407.7,2408.84,1765.8346
2026-08-21 16:54:00,2408.84,2412.9,2406.95,2407.32,739.4756
2026-08-21 16:57:00,2407.32,2409.03,2405.97,2405.97,568.2849
2026-08-21 17:00:00,2405.97,2411.0,2404.62,2408.13,1499.1566
2026-08-21 17:03:00,2408.14,2409.61,2406.5,2409.21,1229.5015
2026-08-21 17:06:00,2409.2,2421.2,2408.48,2419.73,3340.5785
2026-08-21 17:09:00,2419.73,2421.47,2414.2,2416.95,1595.0295
2026-08-21 17:12:00,2416.95,2416.95,2412.18,2415.55,1044.7375
2026-08-21 17:15:00,2415.56,2415.66,2408.39,2415.54,2223.7832
2026-08-21 17:18:00,2415.54,2415.66,2406.3,2408.01,1158.3517
2026-08-21 17:21:00,2408.0,2409.84,2405.17,2406.69,950.0283
2026-08-21 17:24:00,2406.68,2410.11,2402.1,2410.04,2622.5853
2026-08-21 17:27:00,2410.03,2416.55,2409.41,2416.55,2693.1893
2026-08-21 17:30:00,2416.55,2421.92,2414.76,2419.88,2117.577
2026-08-21 17:33:00,2419.88,2422.07,2417.99,2420.68,1873.7529
2026-08-21 17:36:00,2420.68,2423.02,2417.16,2422.09,1522.3989
2026-08-21 17:39:00,2422.09,2426.61,2421.7,2426.01,1747.7433
2026-08-21 17:42:00,2426.0,2426.0,2417.59,2419.9,1371.1539
2026-08-21 17:45:00,2419.91,2424.17,2416.99,2424.15,961.6493
2026-08-21 17:48:00,2424.15,2428.0,2423.68,2425.92,2651.5926
2026-08-21 17:51:00,2425.93,2425.93,2423.0,2425.56,1501.8306
2026-08-21 17:54:00,2425.57,2426.0,2422.33,2425.99,1161.837
2026-08-21 17:57:00,2426.0,2427.5,2423.15,2423.61,691.8838
2026-08-21 18:00:00,2423.61,2426.22,2423.22,2425.55,819.5192
2026-08-21 18:03:00,2425.55,2427.3,2424.31,2424.72,1200.572
2026-08-21 18:06:00,2424.71,2427.69,2422.71,2422.71,1118.5371
2026-08-21 18:09:00,2422.7,2423.91,2417.61,2421.63,836.0671
2026-08-21 18:12:00,2421.63,2425.58,2420.09,2422.52,647.7635
2026-08-21 18:15:00,2422.52,2427.47,2422.52,2423.4,593.9929
2026-08-21 18:18:00,2423.4,2431.68,2423.31,2431.07,1560.6755
2026-08-21 18:21:00,2431.07,2432.35,2427.33,2427.73,672.1131
2026-08-21 18:24:00,2427.73,2428.6,2424.03,2427.23,831.0907
2026-08-21 18:27:00,2427.23,2427.71,2424.36,2424.67,1376.3162
2026-08-21 18:30:00,2424.68,2426.55,2422.64,2424.3,839.3825
2026-08-21 18:33:00,2424.29,2426.14,2422.38,2422.78,768.2695
2026-08-21 18:36:00,2422.77,2422.77,2417.22,2417.28,1058.412
2026-08-21 18:39:00,2417.28,2422.5,2417.28,2417.38,562.2603
2026-08-21 18:42:00,2417.37,2417.61,2406.4,2408.73,2164.9692
2026-08-21 18:45:00,2408.73,2408.73,2397.6,2404.46,2664.4776
2026-08-21 18:48:00,2404.46,2404.47,2395.89,2401.15,1392.1631
2026-08-21 18:51:00,2401.16,2410.64,2401.16,2407.21,2168.1703
2026-08-21 18:54:00,2407.21,2415.07,2406.92,2414.76,674.0011
2026-08-21 18:57:00,2414.76,2422.37,2414.52,2420.71,1204.2037
2026-08-21 19:00:00,2420.72,2420.92,2416.11,2416.69,646.8401
2026-08-21 19:03:00,2416.69,2416.71,2407.56,2411.52,1272.9391
2026-08-21 19:06:00,2411.52,2413.65,2407.73,2413.52,440.7527
2026-08-21 19:09:00,2413.52,2414.0,2410.9,2413.57,338.6268
2026-08-21 19:12:00,2413.56,2415.5,2413.56,2415.5,305.5417
2026-08-21 19:15:00,2415.49,2415.5,2408.07,2409.3,479.1901
2026-08-21 19:18:00,2409.31,2412.14,2409.31,2411.92,315.9751
2026-08-21 19:21:00,2411.92,2413.57,2410.11,2412.84,394.4237
2026-08-21 19:24:00,2412.84,2418.0,2412.84,2417.18,1105.0845
2026-08-21 19:27:00,2417.17,2419.99,2416.54,2418.66,1070.2873
2026-08-21 19:30:00,2418.66,2420.62,2416.18,2416.99,1464.9667
2026-08-21 19:33:00,2416.98,2418.09,2415.39,2416.49,442.9099
2026-08-21 19:36:00,2416.49,2419.89,2413.9,2419.79,507.9794
2026-08-21 19:39:00,2419.79,2420.07,2414.55,2418.06,473.9928
2026-08-21 19:42:00,2418.06,2418.74,2415.39,2417.49,517.0986
2026-08-21 19:45:00,2417.48,2418.75,2414.6,2417.51,778.9644
2026-08-21 19:48:00,2417.5,2418.63,2415.48,2416.41,591.5614
2026-08-21 19:51:00,2416.41,2417.26,2413.91,2414.22,632.3339
2026-08-21 19:54:00,2414.22,2416.01,2413.9,2415.81,847.9175
2026-08-21 19:57:00,2415.82,2415.84,2412.99,2413.55,1168.2276
2026-08-21 20:00:00,2413.54,2415.34,2408.86,2415.34,855.7816
2026-08-21 20:03:00,2415.34,2427.16,2415.07,2420.91,1489.3372
2026-08-21 20:06:00,2420.91,2429.45,2419.99,2427.61,669.9669
2026-08-21 20:09:00,2427.6,2430.66,2424.98,2425.84,1227.8049
2026-08-21 20:12:00,2425.85,2428.51,2425.0,2425.86,443.7117
2026-08-21 20:15:00,2425.86,2434.29,2425.86,2432.21,1225.0268
2026-08-21 20:18:00,2432.21,2432.75,2427.62,2431.57,625.2883
2026-08-21 20:21:00,2431.57,2439.0,2431.57,2435.91,2133.6172
2026-08-21 20:24:00,2435.91,2447.85,2435.91,2439.0,2640.064
2026-08-21 20:27:00,2439.0,2447.41,2436.75,2445.24,1730.3134
2026-08-21 20:30:00,2445.24,2445.24,2439.43,2441.15,648.2795
2026-08-21 20:33:00,2441.15,2441.81,2435.15,2435.5,825.1303
2026-08-21 20:36:00,2435.5,2442.1,2433.4,2433.53,599.3387
2026-08-21 20:39:00,2433.53,2438.87,2433.14,2437.87,794.8864
2026-08-21 20:42:00,2437.87,2439.38,2436.82,2437.79,713.8883
2026-08-21 20:45:00,2437.79,2437.79,2430.32,2431.87,713.3147
2026-08-21 20:48:00,2431.86,2438.76,2427.45,2438.76,874.9599
2026-08-21 20:51:00,2438.75,2445.0,2438.75,2441.39,886.8663
2026-08-21 20:54:00,2441.38,2441.65,2438.18,2439.6,581.4105
2026-08-21 20:57:00,2439.6,2441.57,2439.0,2441.05,361.867
2026-08-21 21:00:00,2441.05,2441.8,2439.76,2439.76,476.5759
2026-08-21 21:03:00,2439.75,2441.0,2438.55,2439.57,311.1451
2026-08-21 21:06:00,2439.59,2440.18,2434.71,2436.21,353.9707
2026-08-21 21:09:00,2436.22,2455.98,2435.86,2448.95,4116.4187
2026-08-21 21:12:00,2448.96,2459.9,2446.97,2449.61,3278.5987
2026-08-21 21:15:00,2449.61,2455.18,2444.68,2452.88,1064.629
2026-08-21 21:18:00,2453.03,2457.0,2449.0,2454.24,1256.4285
2026-08-21 21:21:00,2453.95,2473.0,2452.93,2466.29,4733.0579
2026-08-21 21:24:00,2466.29,2482.02,2466.13,2474.7,6166.5359
2026-08-21 21:27:00,2474.7,2489.0,2473.98,2479.99,4199.6918
2026-08-21 21:30:00,2479.99,2488.2,2476.76,2482.65,2495.6889
2026-08-21 21:33:00,2482.61,2497.0,2482.61,2487.17,4885.2069
2026-08-21 21:36:00,2487.15,2487.15,2474.63,2477.78,3033.0359
2026-08-21 21:39:00,2477.4,2482.7,2476.47,2481.2,1195.3797
2026-08-21 21:42:00,2481.2,2486.03,2480.38,2484.81,807.1602
2026-08-21 21:45:00,2484.89,2495.17,2482.98,2483.29,1545.6394
2026-08-21 21:48:00,2483.28,2491.59,2483.28,2490.16,626.942
2026-08-21 21:51:00,2490.17,2511.0,2486.88,2507.21,11326.7066
2026-08-21 21:54:00,2507.21,2520.86,2506.38,2508.88,5216.0895
2026-08-21 21:57:00,2508.87,2517.55,2508.16,2513.27,2614.7414
2026-08-21 22:00:00,2513.26,2521.02,2506.88,2520.47,3103.8311
2026-08-21 22:03:00,2520.48,2534.99,2520.1,2527.91,5888.2212
2026-08-21 22:06:00,2527.91,2545.24,2525.0,2535.03,7831.8129
2026-08-21 22:09:00,2535.03,2546.78,2531.34,2539.51,3885.2919
2026-08-21 22:12:00,2539.51,2544.87,2538.1,2541.63,3887.2527
2026-08-21 22:15:00,2541.62,2543.12,2528.3,2541.39,2911.9335
2026-08-21 22:18:00,2541.38,2542.57,2532.94,2535.36,1469.0872
2026-08-21 22:21:00,2535.37,2537.9,2529.92,2531.27,1662.9488
2026-08-21 22:24:00,2531.27,2535.46,2528.88,2535.46,1144.6648
2026-08-21 22:27:00,2535.46,2535.46,2529.44,2532.95,998.5479
2026-08-21 22:30:00,2532.96,2534.9,2509.23,2519.54,4658.2237
2026-08-21 22:33:00,2519.55,2525.0,2517.8,2523.42,1228.5805
2026-08-21 22:36:00,2523.44,2533.55,2523.44,2530.43,1396.4587
2026-08-21 22:39:00,2530.43,2533.0,2528.79,2530.15,1421.2312
2026-08-21 22:42:00,2530.15,2534.15,2526.24,2529.6,1991.0678
2026-08-21 22:45:00,2529.59,2529.59,2519.56,2525.48,1916.7943
2026-08-21 22:48:00,2525.49,2525.49,2513.68,2517.89,2156.6207
2026-08-21 22:51:00,2517.89,2529.5,2517.81,2526.22,2045.78
2026-08-21 22:54:00,2526.21,2527.83,2523.26,2527.08,1475.9057
2026-08-21 22:57:00,2527.08,2527.93,2519.64,2521.89,1898.7536
2026-08-21 23:00:00,2521.89,2523.18,2516.29,2521.12,1635.0824
2026-08-21 23:03:00,2521.11,2526.0,2515.44,2517.75,1326.6807
2026-08-21 23:06:00,2517.75,2522.01,2517.13,2519.73,562.1559
2026-08-21 23:09:00,2519.72,2527.0,2518.65,2525.91,4050.9704
2026-08-21 23:12:00,2525.9,2525.9,2520.99,2524.51,681.0292
2026-08-21 23:15:00,2524.52,2536.19,2524.27,2535.79,2709.386
2026-08-21 23:18:00,2535.84,2542.51,2533.17,2536.33,1446.0314
2026-08-21 23:21:00,2536.32,2546.42,2534.29,2537.15,2217.0122
2026-08-21 23:24:00,2537.14,2537.15,2532.82,2532.82,1149.9965
2026-08-21 23:27:00,2532.82,2532.82,2521.97,2525.6,2395.1585
2026-08-21 23:30:00,2525.61,2531.03,2521.96,2528.45,1056.364
2026-08-21 23:33:00,2528.45,2528.99,2522.13,2523.08,803.6783
2026-08-21 23:36:00,2523.08,2523.09,2517.1,2517.1,1671.0819
2026-08-21 23:39:00,2517.1,2519.92,2512.88,2516.53,1062.4116
2026-08-21 23:42:00,2516.53,2525.25,2512.46,2524.05,1592.6454
2026-08-21 23:45:00,2524.04,2525.57,2517.38,2517.98,679.3078
2026-08-21 23:48:00,2518.0,2522.67,2510.83,2511.48,1727.4074
2026-08-21 23:51:00,2511.48,2516.22,2510.0,2515.95,860.1463
2026-08-21 23:54:00,2515.94,2515.94,2511.59,2513.5,808.0192
2026-08-21 23:57:00,2513.5,2517.13,2513.49,2516.3,522.2109
2026-08-22 00:00:00,2516.31,2522.99,2512.88,2520.3,1318.1217
2026-08-22 00:03:00,2520.31,2520.63,2504.85,2505.76,1609.8509
2026-08-22 00:06:00,2505.77,2505.88,2491.11,2499.5,3509.6888
2026-08-22 00:09:00,2499.5,2506.67,2497.66,2503.43,1314.7702
2026-08-22 00:12:00,2503.43,2503.44,2494.87,2501.73,1049.1616
2026-08-22 00:15:00,2501.73,2507.93,2499.03,2502.53,1363.9784
2026-08-22 00:18:00,2502.53,2506.59,2501.67,2506.52,952.3001
2026-08-22 00:21:00,2506.53,2511.3,2505.73,2509.69,1847.4194
2026-08-22 00:24:00,2509.69,2511.31,2505.42,2505.91,994.5914
2026-08-22 00:27:00,2505.91,2512.09,2505.91,2506.89,873.0511
2026-08-22 00:30:00,2506.89,2513.46,2506.21,2511.3,899.0622
2026-08-22 00:33:00,2511.19,2516.2,2507.72,2512.84,1274.9955
2026-08-22 00:36:00,2512.84,2513.36,2509.58,2512.22,945.573
2026-08-22 00:39:00,2512.21,2513.26,2506.44,2506.55,1088.1944
2026-08-22 00:42:00,2506.56,2510.87,2504.09,2509.19,1449.8176
2026-08-22 00:45:00,2509.19,2512.02,2506.62,2509.84,1038.8325
2026-08-22 00:48:00,2509.85,2518.95,2504.17,2515.99,1958.5104
2026-08-22 00:51:00,2516.0,2516.95,2512.43,2514.41,1253.1799
2026-08-22 00:54:00,2514.41,2522.83,2514.4,2519.2,2453.3467
2026-08-22 00:57:00,2519.19,2522.93,2517.57,2522.44,2346.2395
2026-08-22 01:00:00,2522.44,2522.85,2518.35,2519.67,1701.1314
2026-08-22 01:03:00,2519.67,2528.58,2519.04,2527.31,2106.5039
2026-08-22 01:06:00,2527.32,2527.66,2521.02,2521.4,1094.0963
2026-08-22 01:09:00,2521.4,2524.47,2519.22,2523.37,844.6832
2026-08-22 01:12:00,2523.36,2523.36,2519.09,2520.27,797.5351
2026-08-22 01:15:00,2520.27,2525.09,2519.49,2519.98,962.3502
2026-08-22 01:18:00,2519.99,2520.83,2517.84,2518.95,1377.7603
2026-08-22 01:21:00,2518.94,2519.41,2515.99,2516.03,998.4527
2026-08-22 01:24:00,2516.04,2521.17,2515.5,2519.88,644.0718
2026-08-22 01:27:00,2519.88,2519.89,2517.21,2518.07,553.8871
2026-08-22 01:30:00,2518.07,2525.0,2517.77,2524.99,996.5984
2026-08-22 01:33:00,2524.99,2527.94,2516.55,2518.49,2048.684
2026-08-22 01:36:00,2518.49,2521.45,2516.39,2516.4,1453.4346
2026-08-22 01:39:00,2516.4,2517.74,2515.87,2516.33,433.7836
2026-08-22 01:42:00,2516.32,2517.84,2511.48,2514.24,903.5884
2026-08-22 01:45:00,2514.23,2518.43,2514.23,2516.01,649.5127
2026-08-22 01:48:00,2516.01,2516.97,2513.98,2516.08,543.4922
2026-08-22 01:51:00,2516.08,2517.82,2512.88,2517.82,770.1672
2026-08-22 01:54:00,2517.82,2521.45,2517.51,2521.16,1094.7187
2026-08-22 01:57:00,2521.16,2523.96,2506.97,2506.99,2335.626
2026-08-22 02:00:00,2506.99,2512.03,2504.11,2508.36,1816.4438
2026-08-22 02:03:00,2508.36,2511.96,2507.73,2511.96,466.3765
2026-08-22 02:06:00,2511.96,2512.5,2507.32,2509.94,596.7411
2026-08-22 02:09:00,2509.94,2510.68,2509.31,2510.14,482.2316
2026-08-22 02:12:00,2510.13,2510.68,2508.44,2508.99,500.8303
2026-08-22 02:15:00,2508.99,2515.53,2508.35,2515.28,623.5967
2026-08-22 02:18:00,2515.28,2516.17,2510.44,2512.16,444.8947
2026-08-22 02:21:00,2512.15,2514.52,2511.84,2513.24,485.7986
2026-08-22 02:24:00,2513.23,2517.99,2512.98,2516.28,474.0162
2026-08-22 02:27:00,2516.28,2523.24,2516.1,2519.5,1343.4015
2026-08-22 02:30:00,2519.5,2522.1,2510.16,2510.42,1671.1383
2026-08-22 02:33:00,2510.42,2513.27,2495.65,2502.12,2827.2495
2026-08-22 02:36:00,2502.12,2508.44,2500.68,2507.5,1368.7232
2026-08-22 02:39:00,2507.5,2510.92,2506.64,2510.51,586.8694
2026-08-22 02:42:00,2510.5,2511.46,2507.28,2510.25,769.4567
2026-08-22 02:45:00,2510.25,2511.62,2504.75,2506.08,842.1047
2026-08-22 02:48:00,2506.08,2510.07,2504.62,2509.96,622.2024
2026-08-22 02:51:00,2509.97,2512.09,2508.84,2512.09,876.3008
2026-08-22 02:54:00,2512.09,2515.0,2511.21,2514.12,719.1257
2026-08-22 02:57:00,2514.11,2516.02,2510.86,2516.02,599.2703
2026-08-22 03:00:00,2516.02,2516.4,2512.88,2515.31,843.2281
2026-08-22 03:03:00,2515.31,2521.64,2515.3,2517.95,1037.8578
2026-08-22 03:06:00,2517.95,2520.42,2516.02,2516.03,687.9307
2026-08-22 03:09:00,2516.02,2518.49,2512.89,2513.95,485.3262
2026-08-22 03:12:00,2513.95,2516.01,2512.64,2513.07,354.5674
2026-08-22 03:15:00,2513.08,2519.79,2512.88,2519.6,435.6344
2026-08-22 03:18:00,2519.6,2521.59,2518.31,2520.51,485.9234
2026-08-22 03:21:00,2520.5,2524.76,2520.46,2522.71,1181.3468
2026-08-22 03:24:00,2522.71,2526.68,2520.74,2525.7,883.5051
2026-08-22 03:27:00,2525.69,2525.9,2518.66,2520.0,1660.3584
2026-08-22 03:30:00,2519.99,2523.94,2519.99,2521.93,992.1614
2026-08-22 03:33:00,2521.92,2521.92,2517.25,2518.95,951.8826
2026-08-22 03:36:00,2518.94,2518.99,2515.61,2518.15,593.0782
2026-08-22 03:39:00,2518.16,2519.83,2513.49,2514.48,1029.1745
2026-08-22 03:42:00,2514.49,2518.2,2514.3,2517.75,1007.7329
2026-08-22 03:45:00,2517.74,2519.99,2515.61,2518.2,1006.2574
2026-08-22 03:48:00,2518.2,2521.74,2517.81,2521.45,634.3889
2026-08-22 03:51:00,2521.45,2523.01,2520.0,2521.74,698.4867
2026-08-22 03:54:00,2521.73,2521.73,2516.47,2518.39,664.3886
2026-08-22 03:57:00,2518.4,2519.63,2514.79,2515.06,770.4343
2026-08-22 04:00:00,2515.06,2518.7,2511.14,2511.65,821.5433
2026-08-22 04:03:00,2511.65,2518.6,2510.0,2517.78,2203.9356
2026-08-22 04:06:00,2517.78,2518.15,2514.71,2515.56,411.7348
2026-08-22 04:09:00,2515.57,2520.45,2515.01,2520.45,392.1367
2026-08-22 04:12:00,2520.44,2520.45,2518.88,2519.83,436.2633
2026-08-22 04:15:00,2519.82,2519.82,2510.19,2510.72,1273.6813
2026-08-22 04:18:00,2510.71,2513.55,2506.05,2512.98,1336.9217
2026-08-22 04:21:00,2512.98,2514.32,2510.1,2512.2,923.9616
2026-08-22 04:24:00,2512.19,2516.31,2511.01,2516.24,1709.0419
2026-08-22 04:27:00,2516.23,2517.27,2514.52,2517.19,750.8305
2026-08-22 04:30:00,2517.2,2520.56,2514.39,2520.25,2908.9771
2026-08-22 04:33:00,2520.25,2524.34,2519.25,2522.61,1459.7957
2026-08-22 04:36:00,2522.62,2528.8,2522.15,2527.72,1731.6366
2026-08-22 04:39:00,2527.72,2528.8,2522.0,2527.02,1469.9643
2026-08-22 04:42:00,2527.02,2529.99,2526.49,2527.8,1791.9382
2026-08-22 04:45:00,2527.8,2527.92,2519.92,2523.18,2165.4165
2026-08-22 04:48:00,2523.19,2523.19,2517.61,2517.82,1114.7467
2026-08-22 04:51:00,2517.82,2519.31,2515.93,2518.78,916.9681
2026-08-22 04:54:00,2518.77,2518.95,2517.4,2518.42,777.8193
2026-08-22 04:57:00,2518.42,2518.74,2514.23,2514.43,854.5448
2026-08-22 05:00:00,2514.43,2517.72,2514.11,2517.38,1277.0465
2026-08-22 05:03:00,2517.38,2518.31,2513.8,2517.11,605.0326
2026-08-22 05:06:00,2517.12,2517.77,2494.6,2495.22,3599.1183
2026-08-22 05:09:00,2495.25,2497.57,2385.0,2432.08,47859.9455
2026-08-22 05:12:00,2432.24,2454.43,2431.8,2445.19,8747.9082
2026-08-22 05:15:00,2445.19,2453.34,2409.48,2439.69,11526.812
2026-08-22 05:18:00,2439.48,2443.34,2433.96,2442.11,3461.8424
2026-08-22 05:21:00,2442.1,2445.0,2416.87,2431.6,5293.867
2026-08-22 05:24:00,2431.61,2446.55,2431.61,2444.92,3549.1201
2026-08-22 05:27:00,2444.93,2446.8,2437.44,2438.4,2073.8075
2026-08-22 05:30:00,2438.41,2439.77,2423.26,2439.77,3758.7146
2026-08-22 05:33:00,2439.78,2448.0,2434.92,2446.93,1822.6302
2026-08-22 05:36:00,2446.94,2449.22,2433.94,2435.09,2687.2963
2026-08-22 05:39:00,2435.08,2437.15,2428.96,2429.31,1883.7677
2026-08-22 05:42:00,2429.31,2433.24,2425.0,2433.23,2273.0213
2026-08-22 05:45:00,2433.24,2442.06,2428.12,2438.96,1648.6901
2026-08-22 05:48:00,2438.96,2443.63,2434.99,2441.33,1515.5448
2026-08-22 05:51:00,2441.33,2445.9,2436.0,2438.59,1901.1466
2026-08-22 05:54:00,2438.58,2439.02,2432.78,2435.79,1402.1089
2026-08-22 05:57:00,2435.79,2443.28,2435.35,2439.95,1328.426
2026-08-22 06:00:00,2439.95,2443.68,2436.41,2436.42,997.5559
2026-08-22 06:03:00,2436.41,2439.2,2431.77,2432.65,1290.3491
2026-08-22 06:06:00,2432.65,2437.17,2429.67,2433.65,1772.8388
2026-08-22 06:09:00,2433.65,2436.25,2430.49,2433.63,766.5912
2026-08-22 06:12:00,2433.64,2433.64,2427.15,2428.09,1122.6495
2026-08-22 06:15:00,2428.09,2433.9,2428.09,2430.46,1382.2199
2026-08-22 06:18:00,2430.46,2431.6,2427.0,2431.6,890.9683
2026-08-22 06:21:00,2431.59,2434.88,2429.08,2434.13,670.2829
2026-08-22 06:24:00,2434.12,2437.0,2433.23,2433.68,920.5785
2026-08-22 06:27:00,2433.67,2433.67,2429.43,2430.09,491.1181
2026-08-22 06:30:00,2430.08,2430.08,2412.18,2418.87,4272.0822
2026-08-22 06:33:00,2418.88,2422.0,2416.0,2420.06,3373.1333
2026-08-22 06:36:00,2420.06,2437.0,2420.06,2435.37,3735.114
2026-08-22 06:39:00,2435.36,2439.99,2433.82,2434.83,2080.0828
2026-08-22 06:42:00,2434.83,2434.98,2431.11,2431.11,1010.1722
2026-08-22 06:45:00,2431.11,2436.15,2430.98,2434.79,1503.5701
2026-08-22 06:48:00,2434.78,2439.35,2433.84,2438.2,1772.855
2026-08-22 06:51:00,2438.2,2439.47,2433.36,2436.75,1212.0244
2026-08-22 06:54:00,2436.75,2436.76,2434.52,2436.25,448.8152
2026-08-22 06:57:00,2436.25,2439.56,2436.02,2437.78,923.7175
2026-08-22 07:00:00,2437.79,2445.0,2436.14,2442.71,1075.2357
2026-08-22 07:03:00,2442.7,2447.6,2442.45,2443.96,1070.2105
2026-08-22 07:06:00,2443.99,2447.51,2441.62,2442.21,805.2023
2026-08-22 07:09:00,2442.2,2442.2,2433.68,2434.93,885.3504
2026-08-22 07:12:00,2434.94,2436.61,2428.07,2434.2,1433.0614
2026-08-22 07:15:00,2434.21,2435.23,2426.8,2427.21,744.5046
2026-08-22 07:18:00,2427.21,2435.47,2427.21,2435.47,781.1713
2026-08-22 07:21:00,2435.47,2438.92,2434.69,2437.89,845.3906
2026-08-22 07:24:00,2437.89,2440.97,2436.6,2438.17,736.0913
2026-08-22 07:27:00,2438.17,2441.99,2438.1,2441.99,531.1003
2026-08-22 07:30:00,2441.99,2442.0,2438.4,2440.91,1222.2388
2026-08-22 07:33:00,2440.91,2442.0,2438.16,2438.7,1612.8089
2026-08-22 07:36:00,2438.7,2440.69,2437.4,2438.82,424.6986
2026-08-22 07:39:00,2438.82,2438.83,2431.75,2435.56,858.0701
2026-08-22 07:42:00,2435.56,2438.17,2435.48,2436.8,593.7628
2026-08-22 07:45:00,2436.8,2438.5,2434.06,2435.0,521.4505
2026-08-22 07:48:00,2435.01,2437.25,2434.12,2435.48,660.542
2026-08-22 07:51:00,2435.49,2436.74,2433.32,2435.96,1256.9287
2026-08-22 07:54:00,2435.97,2438.85,2435.97,2437.14,557.6744
2026-08-22 07:57:00,2437.13,2437.13,2431.92,2433.31,682.9633
2026-08-22 08:00:00,2433.32,2436.99,2432.1,2436.99,731.112
2026-08-22 08:03:00,2436.99,2437.41,2428.76,2430.27,1039.2709
2026-08-22 08:06:00,2430.27,2433.42,2429.99,2433.4,542.8251
2026-08-22 08:09:00,2433.41,2441.1,2433.4,2439.76,966.9866
2026-08-22 08:12:00,2439.76,2441.09,2438.99,2439.82,300.2359
2026-08-22 08:15:00,2439.82,2440.16,2437.0,2437.01,156.8525
2026-08-22 08:18:00,2437.0,2437.15,2432.99,2434.12,486.7593
2026-08-22 08:21:00,2434.13,2436.77,2433.43,2435.02,691.7026
2026-08-22 08:24:00,2435.02,2435.02,2427.93,2427.93,1028.3759
2026-08-22 08:27:00,2427.94,2428.71,2423.91,2426.64,1745.1192
2026-08-22 08:30:00,2426.64,2426.64,2417.74,2419.66,2772.6486
2026-08-22 08:33:00,2419.66,2421.65,2415.43,2419.57,1954.3094
2026-08-22 08:36:00,2419.56,2420.71,2415.0,2419.22,1457.2649
2026-08-22 08:39:00,2419.22,2421.0,2418.09,2418.58,706.3513
2026-08-22 08:42:00,2418.57,2425.8,2412.16,2424.87,1673.0936
2026-08-22 08:45:00,2424.86,2424.86,2417.97,2419.48,1000.528
2026-08-22 08:48:00,2419.48,2424.63,2419.08,2424.63,1114.1118
2026-08-22 08:51:00,2424.64,2424.65,2420.77,2422.5,1540.5844
2026-08-22 08:54:00,2422.49,2423.8,2421.64,2423.72,1587.1238
2026-08-22 08:57:00,2423.72,2426.53,2422.91,2425.74,963.8067
2026-08-22 09:00:00,2425.74,2426.53,2419.24,2420.0,882.3094
2026-08-22 09:03:00,2420.01,2420.01,2412.84,2418.45,2170.5138
2026-08-22 09:06:00,2418.44,2421.05,2417.97,2420.81,941.3908
2026-08-22 09:09:00,2420.81,2425.99,2420.51,2424.79,1315.0292
2026-08-22 09:12:00,2424.79,2428.0,2424.79,2427.9,457.4902
2026-08-22 09:15:00,2427.91,2428.0,2424.76,2427.82,426.1684
2026-08-22 09:18:00,2427.84,2429.41,2425.02,2425.53,461.3267
2026-08-22 09:21:00,2425.54,2429.41,2425.28,2426.87,827.5263
2026-08-22 09:24:00,2426.87,2426.88,2423.85,2424.68,642.5363
2026-08-22 09:27:00,2424.68,2427.36,2422.01,2425.3,765.4694
2026-08-22 09:30:00,2425.29,2425.99,2423.47,2425.0,680.6349
2026-08-22 09:33:00,2425.0,2426.62,2423.55,2424.03,564.0373
2026-08-22 09:36:00,2424.03,2425.49,2421.76,2421.76,594.4347
2026-08-22 09:39:00,2421.76,2423.48,2420.01,2422.56,507.1257
2026-08-22 09:42:00,2422.57,2424.52,2421.4,2423.1,390.4013
2026-08-22 09:45:00,2423.1,2423.44,2414.66,2416.34,1343.236
2026-08-22 09:48:00,2416.34,2421.39,2414.76,2420.0,949.9809
2026-08-22 09:51:00,2419.99,2422.02,2416.0,2419.07,872.6087
2026-08-22 09:54:00,2419.08,2420.86,2416.72,2420.86,735.4658
2026-08-22 09:57:00,2420.87,2422.93,2420.0,2421.93,739.0635
2026-08-22 10:00:00,2421.93,2423.11,2413.78,2414.3,1158.4574
2026-08-22 10:03:00,2414.3,2417.52,2403.43,2413.4,3329.569
2026-08-22 10:06:00,2413.4,2413.4,2408.76,2409.46,900.3535
2026-08-22 10:09:00,2409.46,2410.67,2405.99,2406.79,954.2419
2026-08-22 10:12:00,2406.79,2407.47,2397.99,2400.93,3977.0434
2026-08-22 10:15:00,2400.93,2406.27,2400.93,2404.39,1013.0066
2026-08-22 10:18:00,2404.39,2405.42,2395.76,2397.88,1605.05
2026-08-22 10:21:00,2397.89,2401.68,2389.45,2396.76,2810.349
2026-08-22 10:24:00,2396.76,2399.66,2392.75,2396.83,2173.918
2026-08-22 10:27:00,2396.83,2408.3,2396.81,2406.95,1497.7545
2026-08-22 10:30:00,2406.95,2410.0,2405.22,2407.39,847.8113
2026-08-22 10:33:00,2407.38,2409.17,2403.03,2409.0,1084.4475
2026-08-22 10:36:00,2408.99,2411.09,2408.1,2410.32,671.0212
2026-08-22 10:39:00,2410.32,2415.11,2409.23,2414.93,980.4509
2026-08-22 10:42:00,2414.93,2415.96,2412.24,2415.39,552.29
2026-08-22 10:45:00,2415.38,2417.39,2411.36,2413.28,4160.4898
2026-08-22 10:48:00,2413.29,2413.8,2409.84,2412.81,542.8266
2026-08-22 10:51:00,2412.82,2413.3,2410.89,2412.13,374.8808
2026-08-22 10:54:00,2412.13,2413.56,2408.17,2408.85,752.4151
2026-08-22 10:57:00,2408.86,2414.17,2408.32,2412.73,931.5949
2026-08-22 11:00:00,2412.73,2413.79,2407.79,2407.79,568.2606
2026-08-22 11:03:00,2407.8,2415.77,2405.4,2414.23,1147.6333
2026-08-22 11:06:00,2414.23,2415.33,2410.77,2411.14,274.2285
2026-08-22 11:09:00,2411.15,2411.9,2408.29,2409.18,519.2619
2026-08-22 11:12:00,2409.17,2410.43,2408.02,2408.02,291.6176
2026-08-22 11:15:00,2408.0,2410.48,2406.66,2409.36,371.929
2026-08-22 11:18:00,2409.37,2412.28,2407.87,2412.27,308.7145
2026-08-22 11:21:00,2412.27,2412.88,2410.08,2412.02,463.1834
2026-08-22 11:24:00,2412.03,2415.0,2410.25,2414.99,508.36
2026-08-22 11:27:00,2414.99,2415.96,2411.91,2414.48,449.5561
2026-08-22 11:30:00,2414.48,2418.66,2413.08,2416.94,680.424
2026-08-22 11:33:00,2416.94,2420.28,2415.96,2418.31,840.9149
2026-08-22 11:36:00,2418.32,2422.42,2418.31,2420.14,718.9032
2026-08-22 11:39:00,2420.13,2424.06,2420.0,2423.2,566.1582
2026-08-22 11:42:00,2423.19,2425.41,2421.81,2425.0,710.1251
2026-08-22 11:45:00,2425.01,2426.73,2423.44,2424.26,974.4692
2026-08-22 11:48:00,2424.26,2424.52,2420.8,2421.36,679.0095
2026-08-22 11:51:00,2421.33,2423.53,2421.0,2423.52,538.6781
2026-08-22 11:54:00,2423.53,2424.48,2422.72,2424.04,440.9796
2026-08-22 11:57:00,2424.03,2425.62,2422.45,2423.93,620.475
2026-08-22 12:00:00,2423.92,2427.0,2419.1,2424.97,839.7876
2026-08-22 12:03:00,2424.96,2424.96,2421.56,2424.59,491.3238
2026-08-22 12:06:00,2424.6,2429.22,2424.57,2429.22,1053.3876
2026-08-22 12:09:00,2429.22,2435.0,2427.01,2431.36,3207.2637
2026-08-22 12:12:00,2431.36,2434.05,2430.25,2433.0,1856.3038
2026-08-22 12:15:00,2433.0,2433.46,2430.92,2431.25,408.7201
2026-08-22 12:18:00,2431.24,2435.71,2429.7,2432.52,622.6488
2026-08-22 12:21:00,2432.52,2435.0,2432.28,2434.49,418.7226
2026-08-22 12:24:00,2434.48,2437.76,2431.89,2433.34,1640.7063
2026-08-22 12:27:00,2433.34,2436.7,2432.21,2435.37,1229.3065
2026-08-22 12:30:00,2435.37,2437.43,2431.36,2432.17,1056.4674
2026-08-22 12:33:00,2432.18,2433.57,2429.45,2430.34,610.6115
2026-08-22 12:36:00,2430.34,2433.02,2428.92,2429.15,578.0949
2026-08-22 12:39:00,2429.16,2429.84,2427.65,2429.84,582.1601
2026-08-22 12:42:00,2429.84,2431.64,2429.43,2431.57,353.3524
2026-08-22 12:45:00,2431.57,2432.5,2429.1,2430.06,525.3997
2026-08-22 12:48:00,2430.06,2430.8,2428.15,2429.25,432.7309
2026-08-22 12:51:00,2429.24,2429.65,2427.62,2428.85,422.5573
2026-08-22 12:54:00,2428.84,2429.16,2427.09,2428.15,427.7555
2026-08-22 12:57:00,2428.16,2430.09,2427.39,2428.12,487.2054
2026-08-22 13:00:00,2428.11,2428.88,2424.95,2427.24,785.3289
2026-08-22 13:03:00,2427.24,2427.71,2424.6,2425.64,696.7236
2026-08-22 13:06:00,2425.64,2427.6,2425.0,2426.41,925.4455
2026-08-22 13:09:00,2426.41,2429.21,2426.04,2427.09,709.0017
2026-08-22 13:12:00,2427.09,2427.86,2426.05,2426.49,263.4146
2026-08-22 13:15:00,2426.49,2429.77,2424.61,2424.8,676.4016
2026-08-22 13:18:00,2424.8,2426.35,2422.27,2423.23,516.9677
2026-08-22 13:21:00,2423.23,2426.78,2423.02,2426.43,451.6903
2026-08-22 13:24:00,2426.43,2429.98,2426.3,2428.55,731.3366
2026-08-22 13:27:00,2428.54,2428.55,2425.71,2426.22,276.1392
2026-08-22 13:30:00,2426.23,2428.34,2425.71,2426.16,310.0495
2026-08-22 13:33:00,2426.16,2426.93,2423.9,2424.87,512.8666
2026-08-22 13:36:00,2424.87,2427.78,2423.55,2426.49,516.1779
2026-08-22 13:39:00,2426.49,2426.49,2423.64,2424.12,248.3183
2026-08-22 13:42:00,2424.12,2425.27,2421.71,2425.27,463.1573
2026-08-22 13:45:00,2425.27,2428.38,2424.43,2428.27,469.9552
2026-08-22 13:48:00,2428.27,2429.81,2426.05,2429.81,537.4404
2026-08-22 13:51:00,2429.81,2433.25,2428.55,2431.01,1116.0373
2026-08-22 13:54:00,2431.01,2431.01,2428.08,2428.21,582.7249
2026-08-22 13:57:00,2428.22,2430.75,2428.21,2430.09,354.0327
2026-08-22 14:00:00,2430.09,2431.48,2428.07,2428.08,444.2735
2026-08-22 14:03:00,2428.07,2428.08,2424.64,2424.65,652.731
2026-08-22 14:06:00,2424.64,2424.64,2414.4,2418.29,2422.2205
2026-08-22 14:09:00,2418.29,2421.63,2417.38,2418.8,732.1788
2026-08-22 14:12:00,2418.8,2419.93,2417.59,2418.68,361.0373
2026-08-22 14:15:00,2418.68,2420.19,2414.67,2414.68,693.5469
2026-08-22 14:18:00,2414.68,2418.4,2414.02,2414.98,499.487
2026-08-22 14:21:00,2414.98,2417.54,2414.52,2417.54,551.8042
2026-08-22 14:24:00,2417.54,2417.54,2415.17,2416.35,520.0559
2026-08-22 14:27:00,2416.36,2421.0,2415.38,2420.99,474.5327
2026-08-22 14:30:00,2420.99,2422.22,2418.13,2421.73,484.3754
2026-08-22 14:33:00,2421.74,2424.49,2421.17,2421.5,696.4846
2026-08-22 14:36:00,2421.51,2423.02,2418.98,2419.5,573.3419
2026-08-22 14:39:00,2419.51,2419.87,2414.87,2416.41,1131.4931
2026-08-22 14:42:00,2416.42,2416.51,2412.4,2412.41,746.8627
2026-08-22 14:45:00,2412.41,2414.96,2412.41,2413.25,511.6224
2026-08-22 14:48:00,2413.26,2413.94,2410.06,2413.68,617.742
2026-08-22 14:51:00,2413.68,2415.64,2410.53,2411.92,377.7375
2026-08-22 14:54:00,2411.91,2413.94,2409.36,2413.17,845.3865
2026-08-22 14:57:00,2413.17,2415.31,2411.91,2413.94,443.2726
2026-08-22 15:00:00,2413.93,2415.96,2410.2,2415.11,526.1744
2026-08-22 15:03:00,2415.11,2416.71,2412.46,2415.41,513.092
2026-08-22 15:06:00,2415.41,2415.41,2408.65,2410.24,1133.9158
2026-08-22 15:09:00,2410.24,2412.42,2407.61,2410.89,850.1502
2026-08-22 15:12:00,2410.9,2410.9,2406.32,2406.32,367.5993
2026-08-22 15:15:00,2406.32,2411.36,2405.81,2409.6,563.1375
2026-08-22 15:18:00,2409.6,2409.6,2407.78,2408.47,478.2643
2026-08-22 15:21:00,2408.48,2410.25,2405.62,2409.85,1093.5759
2026-08-22 15:24:00,2409.85,2411.87,2408.69,2410.1,548.8794
2026-08-22 15:27:00,2410.1,2411.65,2409.39,2410.9,1130.6491
2026-08-22 15:30:00,2410.91,2413.09,2410.48,2412.15,685.5139
2026-08-22 15:33:00,2412.15,2414.78,2411.91,2414.01,378.9814
2026-08-22 15:36:00,2414.02,2414.02,2410.65,2410.85,400.9233
2026-08-22 15:39:00,2410.85,2412.86,2410.1,2412.2,186.0577
2026-08-22 15:42:00,2412.2,2413.39,2410.72,2412.61,291.9288
2026-08-22 15:45:00,2412.61,2413.94,2412.11,2412.24,220.4047
2026-08-22 15:48:00,2412.24,2413.69,2410.69,2411.0,288.9835
2026-08-22 15:51:00,2411.0,2412.14,2409.23,2409.79,533.2167
2026-08-22 15:54:00,2409.8,2411.92,2409.4,2410.19,325.7643
2026-08-22 15:57:00,2410.19,2413.31,2410.19,2410.9,290.5498
2026-08-22 16:00:00,2410.89,2413.93,2410.01,2413.09,506.7691
2026-08-22 16:03:00,2413.1,2416.19,2410.86,2414.92,667.7271
2026-08-22 16:06:00,2414.93,2415.96,2413.93,2414.25,288.6071
2026-08-22 16:09:00,2414.24,2414.43,2412.24,2413.34,322.4489
2026-08-22 16:12:00,2413.33,2414.72,2409.0,2414.67,542.5606
2026-08-22 16:15:00,2414.67,2418.12,2414.67,2418.05,315.7196
2026-08-22 16:18:00,2418.05,2420.21,2417.37,2419.43,626.6598
2026-08-22 16:21:00,2419.42,2421.56,2419.17,2421.23,414.7369
2026-08-22 16:24:00,2421.23,2422.55,2419.76,2419.77,268.7634
2026-08-22 16:27:00,2419.78,2421.1,2419.77,2420.51,298.492
2026-08-22 16:30:00,2420.51,2422.02,2419.99,2421.36,527.8146
2026-08-22 16:33:00,2421.37,2422.55,2419.24,2420.86,488.6484
2026-08-22 16:36:00,2420.85,2424.29,2420.85,2423.02,856.4442
2026-08-22 16:39:00,2423.02,2429.0,2422.96,2425.55,1209.1787
2026-08-22 16:42:00,2425.55,2427.84,2424.19,2426.05,401.0323
2026-08-22 16:45:00,2426.05,2429.94,2425.87,2428.17,821.4099
2026-08-22 16:48:00,2428.16,2428.59,2424.46,2424.53,884.2323
2026-08-22 16:51:00,2424.54,2425.66,2422.95,2422.95,355.5164
2026-08-22 16:54:00,2422.95,2423.79,2422.48,2422.94,459.4051
2026-08-22 16:57:00,2422.95,2424.35,2422.63,2422.63,348.7513
2026-08-22 17:00:00,2422.64,2424.99,2422.61,2422.92,229.6061
2026-08-22 17:03:00,2422.91,2423.77,2421.84,2422.1,324.2784
2026-08-22 17:06:00,2422.09,2425.51,2421.84,2423.5,316.5116
2026-08-22 17:09:00,2423.5,2425.05,2423.04,2425.04,189.4362
2026-08-22 17:12:00,2425.04,2425.05,2423.39,2424.03,198.4101
2026-08-22 17:15:00,2424.04,2426.06,2424.04,2426.05,129.2605
2026-08-22 17:18:00,2426.05,2428.83,2426.05,2427.18,254.1214
2026-08-22 17:21:00,2427.19,2428.67,2424.7,2425.47,664.4704
2026-08-22 17:24:00,2425.47,2425.82,2424.43,2425.8,343.2402
2026-08-22 17:27:00,2425.79,2425.8,2417.27,2419.19,1100.8493
2026-08-22 17:30:00,2419.2,2424.26,2419.2,2424.17,277.8524
2026-08-22 17:33:00,2424.17,2425.47,2423.05,2425.46,226.4787
2026-08-22 17:36:00,2425.47,2425.47,2423.09,2423.09,236.6825
2026-08-22 17:39:00,2423.1,2424.98,2421.34,2424.95,150.6128
2026-08-22 17:42:00,2424.94,2425.34,2421.83,2424.85,783.7138
2026-08-22 17:45:00,2424.85,2425.13,2423.74,2425.11,316.9064
2026-08-22 17:48:00,2425.11,2429.53,2425.1,2429.53,533.7061
2026-08-22 17:51:00,2429.53,2431.55,2427.36,2427.67,575.1856
2026-08-22 17:54:00,2427.67,2428.38,2426.52,2426.53,238.7427
2026-08-22 17:57:00,2426.52,2427.74,2426.05,2426.32,223.096
2026-08-22 18:00:00,2426.33,2428.44,2426.11,2428.07,309.59
2026-08-22 18:03:00,2428.07,2430.95,2427.09,2430.93,364.0279
2026-08-22 18:06:00,2430.93,2430.98,2427.42,2427.51,217.7122
2026-08-22 18:09:00,2427.5,2428.42,2425.76,2426.04,155.1042
2026-08-22 18:12:00,2426.05,2427.41,2425.36,2427.04,175.4484
2026-08-22 18:15:00,2427.04,2429.35,2426.82,2427.63,246.8535
2026-08-22 18:18:00,2427.63,2429.99,2427.56,2429.14,304.87
2026-08-22 18:21:00,2429.14,2434.33,2428.94,2432.48,824.5399
2026-08-22 18:24:00,2432.48,2434.49,2431.17,2432.36,373.9353
2026-08-22 18:27:00,2432.35,2432.59,2430.21,2431.21,452.1321
2026-08-22 18:30:00,2431.2,2431.67,2430.39,2431.52,212.6562
2026-08-22 18:33:00,2431.53,2434.12,2430.73,2432.17,549.0426
2026-08-22 18:36:00,2432.17,2432.17,2429.27,2429.3,347.5048
2026-08-22 18:39:00,2429.3,2430.66,2427.54,2429.27,534.114
2026-08-22 18:42:00,2429.27,2430.43,2426.6,2426.61,290.5769
2026-08-22 18:45:00,2426.6,2428.63,2424.96,2425.8,897.6491
2026-08-22 18:48:00,2425.8,2426.54,2424.61,2424.93,374.4359
2026-08-22 18:51:00,2424.92,2425.17,2421.76,2421.79,482.9092
2026-08-22 18:54:00,2421.8,2425.8,2421.8,2425.67,366.1291
2026-08-22 18:57:00,2425.67,2427.74,2425.67,2427.13,249.9006
2026-08-22 19:00:00,2427.13,2428.08,2426.05,2427.7,385.2452
2026-08-22 19:03:00,2427.7,2428.08,2426.07,2427.34,142.0045
2026-08-22 19:06:00,2427.33,2427.34,2423.98,2424.71,344.9116
2026-08-22 19:09:00,2424.71,2428.27,2424.71,2428.26,436.8225
2026-08-22 19:12:00,2428.26,2430.3,2427.9,2429.51,600.3883
2026-08-22 19:15:00,2429.51,2431.0,2428.38,2428.94,629.8357
2026-08-22 19:18:00,2428.94,2430.45,2427.47,2428.16,712.2508
2026-08-22 19:21:00,2428.15,2429.12,2427.3,2429.11,444.692
2026-08-22 19:24:00,2429.11,2429.58,2427.06,2429.01,702.1961
2026-08-22 19:27:00,2429.01,2429.45,2428.2,2428.69,518.5143
2026-08-22 19:30:00,2428.69,2431.61,2428.68,2431.54,569.6585
2026-08-22 19:33:00,2431.54,2432.0,2430.8,2430.96,354.447
2026-08-22 19:36:00,2430.96,2432.11,2430.68,2432.11,132.068
2026-08-22 19:39:00,2432.1,2433.27,2431.66,2432.64,269.4779
2026-08-22 19:42:00,2432.64,2435.02,2431.78,2435.01,432.6034
2026-08-22 19:45:00,2435.0,2439.4,2433.75,2437.82,1498.5413
2026-08-22 19:48:00,2437.82,2439.61,2437.17,2439.6,786.2128
2026-08-22 19:51:00,2439.61,2444.71,2439.58,2443.52,1728.871
2026-08-22 19:54:00,2443.53,2443.53,2441.58,2442.73,754.228
2026-08-22 19:57:00,2442.72,2442.73,2438.9,2439.41,714.2542
2026-08-22 20:00:00,2439.41,2442.0,2437.16,2437.16,1322.6347
2026-08-22 20:03:00,2437.17,2439.3,2436.77,2437.94,436.5652
2026-08-22 20:06:00,2437.94,2441.26,2437.94,2440.97,276.2545
2026-08-22 20:09:00,2440.97,2442.86,2440.97,2442.61,676.9605
2026-08-22 20:12:00,2442.61,2443.72,2441.29,2441.3,617.8566
2026-08-22 20:15:00,2441.29,2441.96,2440.09,2440.24,752.0746
2026-08-22 20:18:00,2440.25,2440.25,2439.37,2439.45,673.5299
2026-08-22 20:21:00,2439.45,2439.51,2437.56,2438.26,378.01
2026-08-22 20:24:00,2438.27,2439.97,2437.84,2439.72,236.0643
2026-08-22 20:27:00,2439.73,2439.97,2437.91,2437.91,188.3898
2026-08-22 20:30:00,2437.91,2438.2,2436.87,2436.87,182.4809
2026-08-22 20:33:00,2436.88,2437.54,2435.24,2436.15,330.5595
2026-08-22 20:36:00,2436.14,2437.73,2435.41,2436.58,212.7138
2026-08-22 20:39:00,2436.59,2439.6,2436.56,2436.56,254.5461
2026-08-22 20:42:00,2436.55,2437.03,2435.4,2436.66,193.0252
2026-08-22 20:45:00,2436.66,2437.5,2435.41,2435.68,364.7648
2026-08-22 20:48:00,2435.69,2435.89,2435.42,2435.71,120.7986
2026-08-22 20:51:00,2435.71,2436.47,2435.6,2435.65,114.4004
2026-08-22 20:54:00,2435.64,2435.94,2429.38,2429.93,822.9331
2026-08-22 20:57:00,2429.93,2432.55,2429.7,2431.84,257.4362
2026-08-22 21:00:00,2431.83,2431.95,2422.79,2423.5,1052.4449
2026-08-22 21:03:00,2423.5,2423.76,2417.0,2423.28,1125.3817
2026-08-22 21:06:00,2423.29,2423.42,2419.21,2422.39,581.8726
2026-08-22 21:09:00,2422.4,2423.33,2414.4,2415.96,1535.4689
2026-08-22 21:12:00,2415.95,2416.74,2412.35,2412.73,797.2588
2026-08-22 21:15:00,2412.73,2419.57,2412.73,2419.33,1043.0377
2026-08-22 21:18:00,2419.33,2421.02,2417.64,2420.88,412.4659
2026-08-22 21:21:00,2420.87,2421.67,2417.0,2419.66,703.8908
2026-08-22 21:24:00,2419.65,2420.79,2417.66,2420.21,329.1119
2026-08-22 21:27:00,2420.21,2422.14,2420.21,2421.82,432.0315
2026-08-22 21:30:00,2421.83,2422.86,2415.17,2416.55,868.6702
2026-08-22 21:33:00,2416.55,2418.12,2415.25,2416.32,371.8229
2026-08-22 21:36:00,2416.33,2416.33,2410.68,2414.02,1010.4709
2026-08-22 21:39:00,2414.01,2414.4,2408.47,2412.17,1531.1798
2026-08-22 21:42:00,2412.16,2416.57,2410.53,2416.44,739.3505
2026-08-22 21:45:00,2416.45,2416.45,2410.69,2411.06,550.9017
2026-08-22 21:48:00,2411.07,2413.01,2410.08,2411.38,517.6971
2026-08-22 21:51:00,2411.38,2411.38,2407.87,2409.52,1030.1043
2026-08-22 21:54:00,2409.52,2409.52,2403.47,2406.92,1389.1199
2026-08-22 21:57:00,2406.93,2409.44,2406.93,2407.54,519.5089
2026-08-22 22:00:00,2407.54,2413.42,2404.35,2406.32,1389.3832
2026-08-22 22:03:00,2406.32,2417.33,2405.95,2417.17,1186.965
2026-08-22 22:06:00,2417.18,2421.04,2415.16,2421.02,1246.9779
2026-08-22 22:09:00,2421.01,2421.42,2416.4,2417.26,632.8971
2026-08-22 22:12:00,2417.27,2421.27,2417.27,2419.89,608.9333
2026-08-22 22:15:00,2419.88,2421.35,2417.97,2418.67,452.1724
2026-08-22 22:18:00,2418.67,2422.39,2417.47,2421.01,548.4882
2026-08-22 22:21:00,2421.0,2421.67,2419.23,2419.67,252.7481
2026-08-22 22:24:00,2419.68,2424.6,2419.68,2423.13,440.5188
2026-08-22 22:27:00,2423.13,2425.14,2422.83,2423.16,380.9824
2026-08-22 22:30:00,2423.16,2423.48,2413.47,2414.25,1301.6862
2026-08-22 22:33:00,2414.21,2415.58,2408.51,2414.63,1185.453
2026-08-22 22:36:00,2414.63,2418.04,2413.0,2416.94,539.2359
2026-08-22 22:39:00,2416.95,2416.95,2413.73,2414.51,268.6375
2026-08-22 22:42:00,2414.51,2416.57,2413.78,2414.61,305.9151
2026-08-22 22:45:00,2414.62,2416.99,2414.6,2416.0,481.1449
2026-08-22 22:48:00,2415.99,2415.99,2413.93,2414.01,283.4593
2026-08-22 22:51:00,2414.02,2418.36,2413.93,2415.64,557.6295
2026-08-22 22:54:00,2415.65,2416.58,2413.04,2413.56,190.3774
2026-08-22 22:57:00,2413.56,2414.41,2411.91,2414.16,371.2811
2026-08-22 23:00:00,2414.17,2415.92,2410.82,2414.93,348.8055
2026-08-22 23:03:00,2414.93,2416.76,2413.97,2415.15,487.8429
2026-08-22 23:06:00,2415.14,2416.76,2414.69,2416.75,262.6316
2026-08-22 23:09:00,2416.76,2417.0,2414.57,2415.77,279.322
2026-08-22 23:12:00,2415.78,2416.26,2413.69,2415.42,332.2156
2026-08-22 23:15:00,2415.42,2416.3,2414.17,2416.13,257.9748
2026-08-22 23:18:00,2416.13,2417.64,2415.75,2417.63,224.3892
2026-08-22 23:21:00,2417.63,2420.0,2416.93,2419.82,356.724
2026-08-22 23:24:00,2419.83,2420.4,2418.02,2419.42,584.5027
2026-08-22 23:27:00,2419.43,2419.43,2417.1,2417.67,262.4111
2026-08-22 23:30:00,2417.67,2419.25,2417.57,2417.58,297.2143
2026-08-22 23:33:00,2417.57,2418.0,2415.57,2417.05,279.3689
2026-08-22 23:36:00,2417.05,2419.62,2415.7,2419.62,511.4941
2026-08-22 23:39:00,2419.61,2421.02,2418.64,2421.02,443.7655
2026-08-22 23:42:00,2421.02,2422.07,2421.02,2421.27,388.463
2026-08-22 23:45:00,2421.27,2422.96,2420.95,2422.92,249.0653
2026-08-22 23:48:00,2422.91,2426.56,2422.69,2425.59,651.587
2026-08-22 23:51:00,2425.59,2427.9,2425.16,2426.52,1431.3632
2026-08-22 23:54:00,2426.51,2426.51,2424.25,2424.72,184.7039
2026-08-22 23:57:00,2424.71,2425.39,2422.6,2422.6,281.5277
2026-08-23 00:00:00,2422.6,2425.63,2422.59,2425.32,421.8459
2026-08-23 00:03:00,2425.32,2425.32,2423.14,2424.86,349.2771
2026-08-23 00:06:00,2424.87,2424.87,2423.3,2424.55,265.9553
2026-08-23 00:09:00,2424.54,2424.55,2421.24,2421.24,397.1555
2026-08-23 00:12:00,2421.25,2422.25,2419.99,2420.98,444.929
2026-08-23 00:15:00,2420.97,2421.47,2419.67,2420.52,343.957
2026-08-23 00:18:00,2420.53,2422.67,2420.3,2420.61,362.7748
2026-08-23 00:21:00,2420.62,2425.0,2420.62,2425.0,761.0896
2026-08-23 00:24:00,2424.99,2429.72,2424.5,2427.58,1372.4217
2026-08-23 00:27:00,2427.58,2429.34,2426.05,2426.76,548.0031
2026-08-23 00:30:00,2426.76,2428.56,2426.22,2427.29,371.5202
2026-08-23 00:33:00,2427.29,2428.74,2427.12,2427.83,201.0786
2026-08-23 00:36:00,2427.83,2434.0,2426.16,2429.92,1037.3456
2026-08-23 00:39:00,2429.93,2431.56,2426.95,2427.01,514.9035
2026-08-23 00:42:00,2427.02,2429.38,2427.02,2427.43,401.1441
2026-08-23 00:45:00,2427.43,2428.93,2426.71,2428.6,447.155
2026-08-23 00:48:00,2428.6,2432.47,2428.09,2430.66,760.2129
2026-08-23 00:51:00,2430.66,2435.53,2430.66,2433.87,849.6327
2026-08-23 00:54:00,2433.87,2435.48,2432.49,2433.44,569.5179
2026-08-23 00:57:00,2433.44,2434.74,2430.95,2430.96,703.7107
2026-08-23 01:00:00,2430.96,2431.02,2429.0,2429.73,347.1562
2026-08-23 01:03:00,2429.73,2429.73,2424.63,2428.87,624.8708
2026-08-23 01:06:00,2428.87,2428.87,2424.67,2427.58,611.3182
2026-08-23 01:09:00,2427.58,2428.62,2427.13,2427.13,217.0709
2026-08-23 01:12:00,2427.14,2430.74,2426.43,2430.19,307.9674
2026-08-23 01:15:00,2430.19,2430.19,2426.19,2426.67,215.4514
2026-08-23 01:18:00,2426.67,2431.0,2425.86,2430.08,633.8101
2026-08-23 01:21:00,2430.08,2433.0,2429.06,2431.4,485.9919
2026-08-23 01:24:00,2431.4,2433.34,2430.08,2431.26,230.6113
2026-08-23 01:27:00,2431.27,2431.27,2429.28,2429.98,189.4195
2026-08-23 01:30:00,2429.98,2433.16,2427.43,2427.91,434.744
2026-08-23 01:33:00,2427.91,2428.23,2420.92,2425.1,1352.8491
2026-08-23 01:36:00,2425.11,2426.98,2424.36,2426.06,319.18
2026-08-23 01:39:00,2426.05,2427.76,2424.91,2425.31,402.9995
2026-08-23 01:42:00,2425.32,2427.23,2422.53,2426.51,422.2777
2026-08-23 01:45:00,2426.5,2429.83,2425.55,2427.15,540.8568
2026-08-23 01:48:00,2427.14,2427.7,2425.13,2427.63,430.6133
2026-08-23 01:51:00,2427.63,2429.85,2427.27,2428.71,330.206
2026-08-23 01:54:00,2428.71,2429.67,2420.92,2421.6,1107.6045
2026-08-23 01:57:00,2421.6,2423.85,2420.35,2423.25,472.4169
2026-08-23 02:00:00,2423.26,2424.49,2422.39,2422.39,275.4552
2026-08-23 02:03:00,2422.4,2423.97,2420.02,2420.11,218.8019
2026-08-23 02:06:00,2420.12,2420.99,2418.11,2420.25,370.3908
2026-08-23 02:09:00,2420.25,2420.99,2417.66,2417.67,287.8773
2026-08-23 02:12:00,2417.67,2420.0,2413.48,2413.84,642.1581
2026-08-23 02:15:00,2413.84,2419.6,2413.83,2419.24,340.8412
2026-08-23 02:18:00,2419.25,2419.6,2416.16,2416.16,292.3487
2026-08-23 02:21:00,2416.16,2416.16,2408.0,2411.76,1490.4246
2026-08-23 02:24:00,2411.76,2416.52,2411.15,2415.83,338.9021
2026-08-23 02:27:00,2415.83,2416.17,2414.25,2416.17,138.7068
2026-08-23 02:30:00,2416.16,2419.6,2415.51,2419.59,242.7693
2026-08-23 02:33:00,2419.6,2420.55,2419.0,2419.1,204.2671
2026-08-23 02:36:00,2419.11,2420.92,2418.05,2419.62,218.107
2026-08-23 02:39:00,2419.61,2420.29,2419.23,2419.32,234.1633
2026-08-23 02:42:00,2419.33,2419.55,2417.74,2419.07,166.5359
2026-08-23 02:45:00,2419.07,2421.01,2418.21,2421.0,146.1762
2026-08-23 02:48:00,2421.01,2422.02,2418.46,2419.04,209.5652
2026-08-23 02:51:00,2419.05,2424.47,2417.43,2417.43,1061.06
2026-08-23 02:54:00,2417.43,2417.84,2416.26,2417.14,174.7363
2026-08-23 02:57:00,2417.15,2417.96,2416.66,2416.95,92.8425
2026-08-23 03:00:00,2416.96,2418.0,2416.01,2417.04,273.6774
2026-08-23 03:03:00,2417.03,2418.28,2415.45,2416.4,387.56
2026-08-23 03:06:00,2416.4,2416.68,2413.93,2414.08,285.793
2026-08-23 03:09:00,2414.08,2415.25,2413.37,2414.08,224.1474
2026-08-23 03:12:00,2414.08,2418.34,2414.08,2417.22,306.476
2026-08-23 03:15:00,2417.21,2419.05,2415.95,2418.12,358.8513
2026-08-23 03:18:00,2418.12,2419.05,2415.0,2415.22,158.1139
2026-08-23 03:21:00,2415.22,2415.96,2412.84,2412.85,566.1887
2026-08-23 03:24:00,2412.84,2415.08,2412.18,2415.07,223.1045
2026-08-23 03:27:00,2415.07,2415.23,2413.26,2413.26,228.9737
2026-08-23 03:30:00,2413.26,2413.53,2409.28,2410.53,479.1855
2026-08-23 03:33:00,2410.53,2411.77,2408.69,2410.89,518.6773
2026-08-23 03:36:00,2410.89,2412.98,2410.64,2412.76,213.5178
2026-08-23 03:39:00,2412.77,2413.0,2409.25,2410.53,359.824
2026-08-23 03:42:00,2410.54,2410.54,2408.4,2409.99,314.5618
2026-08-23 03:45:00,2409.99,2412.99,2409.99,2411.65,303.1388
2026-08-23 03:48:00,2411.65,2413.9,2410.86,2412.93,365.6687
2026-08-23 03:51:00,2412.92,2414.02,2412.37,2414.02,189.8581
2026-08-23 03:54:00,2414.02,2414.57,2412.34,2413.67,343.954
2026-08-23 03:57:00,2413.67,2414.19,2412.94,2413.98,216.6542
2026-08-23 04:00:00,2413.98,2417.02,2413.3,2413.82,406.6169
2026-08-23 04:03:00,2413.82,2413.82,2409.06,2409.2,652.6893
2026-08-23 04:06:00,2409.2,2412.34,2402.0,2406.02,1954.2172
2026-08-23 04:09:00,2406.05,2410.0,2404.33,2408.28,612.9634
2026-08-23 04:12:00,2408.28,2415.0,2408.28,2414.23,566.4551
2026-08-23 04:15:00,2414.24,2416.15,2411.67,2412.37,775.2325
2026-08-23 04:18:00,2412.36,2412.36,2405.41,2405.83,1388.8139
2026-08-23 04:21:00,2405.84,2409.0,2404.11,2408.32,683.3741
2026-08-23 04:24:00,2408.31,2411.01,2408.05,2411.0,206.9721
2026-08-23 04:27:00,2411.01,2412.0,2410.5,2410.59,321.3017
2026-08-23 04:30:00,2410.59,2410.83,2406.61,2406.61,228.6354
2026-08-23 04:33:00,2406.62,2406.88,2402.36,2403.0,649.8814
2026-08-23 04:36:00,2403.01,2405.98,2401.81,2405.52,895.4185
2026-08-23 04:39:00,2405.52,2407.25,2403.67,2405.04,873.2255
2026-08-23 04:42:00,2405.04,2405.49,2401.81,2402.46,615.6179
2026-08-23 04:45:00,2402.46,2403.02,2391.72,2392.42,2694.1998
2026-08-23 04:48:00,2392.41,2393.3,2372.17,2382.65,8040.2197
2026-08-23 04:51:00,2382.65,2389.95,2382.65,2387.0,1746.5577
2026-08-23 04:54:00,2386.99,2387.43,2383.86,2384.55,893.01
2026-08-23 04:57:00,2384.55,2385.83,2377.79,2378.66,1506.677
2026-08-23 05:00:00,2378.67,2384.8,2375.0,2375.48,1594.5306
2026-08-23 05:03:00,2375.48,2381.15,2373.81,2378.83,1392.4867
2026-08-23 05:06:00,2378.83,2379.88,2365.73,2367.97,3216.0551
2026-08-23 05:09:00,2367.96,2377.21,2363.26,2375.46,2383.9893
2026-08-23 05:12:00,2375.46,2377.0,2365.79,2366.41,1253.5149
2026-08-23 05:15:00,2366.49,2371.4,2355.71,2362.9,3761.3031
2026-08-23 05:18:00,2362.9,2380.9,2362.0,2378.01,2114.1421
2026-08-23 05:21:00,2378.01,2382.91,2377.72,2382.91,1605.0141
2026-08-23 05:24:00,2382.91,2387.0,2380.36,2381.65,1399.143
2026-08-23 05:27:00,2381.65,2385.27,2380.14,2380.27,501.2302
2026-08-23 05:30:00,2380.26,2384.17,2379.44,2381.82,536.3452
2026-08-23 05:33:00,2381.81,2383.06,2379.36,2382.5,547.0835
2026-08-23 05:36:00,2382.48,2382.48,2374.76,2375.53,845.249
2026-08-23 05:39:00,2375.53,2379.28,2373.18,2377.63,529.3749
2026-08-23 05:42:00,2377.63,2379.28,2374.71,2376.79,350.9886
2026-08-23 05:45:00,2376.78,2378.62,2375.0,2375.14,362.424
2026-08-23 05:48:00,2375.14,2378.22,2375.06,2376.47,407.7527
2026-08-23 05:51:00,2376.47,2377.1,2373.25,2376.33,449.0507
2026-08-23 05:54:00,2376.32,2376.96,2375.0,2375.65,242.724
2026-08-23 05:57:00,2375.65,2376.29,2372.53,2372.99,343.2732
2026-08-23 06:00:00,2372.99,2375.46,2370.0,2374.36,1570.8295
2026-08-23 06:03:00,2374.36,2376.17,2372.82,2375.15,470.0517
2026-08-23 06:06:00,2375.12,2375.12,2370.02,2371.88,562.2605
2026-08-23 06:09:00,2371.87,2373.52,2369.29,2371.7,711.14
2026-08-23 06:12:00,2371.69,2380.0,2371.62,2379.33,1112.275
2026-08-23 06:15:00,2379.33,2385.3,2378.44,2384.34,1356.7843
2026-08-23 06:18:00,2384.35,2390.9,2383.31,2389.71,1108.7834
2026-08-23 06:21:00,2389.72,2392.66,2385.6,2389.51,1277.8326
2026-08-23 06:24:00,2389.5,2389.85,2387.52,2387.55,542.4264
2026-08-23 06:27:00,2387.55,2390.58,2385.98,2390.11,958.3996
2026-08-23 06:30:00,2390.11,2395.42,2389.74,2393.97,936.8296
2026-08-23 06:33:00,2393.96,2396.67,2393.01,2393.03,332.9919
2026-08-23 06:36:00,2393.04,2393.26,2389.39,2389.66,783.3152
2026-08-23 06:39:00,2389.66,2393.67,2387.55,2392.4,951.2752
2026-08-23 06:42:00,2392.39,2393.94,2391.62,2392.04,804.5336
2026-08-23 06:45:00,2392.04,2393.31,2390.54,2392.42,787.0698
2026-08-23 06:48:00,2392.43,2392.6,2388.77,2390.63,680.8459
2026-08-23 06:51:00,2390.63,2390.8,2388.67,2388.68,753.4963
2026-08-23 06:54:00,2388.67,2388.93,2386.55,2386.81,860.6539
2026-08-23 06:57:00,2386.82,2390.0,2386.36,2389.99,619.1424
2026-08-23 07:00:00,2389.99,2390.79,2387.92,2389.83,678.2386
2026-08-23 07:03:00,2389.83,2392.0,2387.99,2392.0,831.3398
2026-08-23 07:06:00,2392.0,2394.66,2391.97,2392.22,516.1157
2026-08-23 07:09:00,2392.22,2393.29,2391.97,2393.29,282.3503
2026-08-23 07:12:00,2393.3,2396.78,2393.14,2394.73,599.8732
2026-08-23 07:15:00,2394.73,2397.2,2394.48,2396.58,540.8795
2026-08-23 07:18:00,2396.58,2397.19,2394.21,2394.53,311.1307
2026-08-23 07:21:00,2394.52,2394.55,2392.39,2394.53,272.1404
2026-08-23 07:24:00,2394.53,2395.81,2393.68,2394.73,323.2477
2026-08-23 07:27:00,2394.73,2395.34,2392.08,2393.23,434.8608
2026-08-23 07:30:00,2393.24,2393.27,2391.21,2392.59,345.9341
2026-08-23 07:33:00,2392.59,2392.66,2388.66,2390.55,610.8956
2026-08-23 07:36:00,2390.56,2390.81,2388.66,2388.92,522.6153
2026-08-23 07:39:00,2388.92,2391.33,2388.92,2390.05,509.8112
2026-08-23 07:42:00,2390.04,2391.07,2389.36,2389.74,663.9956
2026-08-23 07:45:00,2389.75,2391.52,2387.55,2389.36,845.3007
2026-08-23 07:48:00,2389.36,2390.83,2388.24,2389.85,424.757
2026-08-23 07:51:00,2389.85,2393.48,2389.85,2392.59,409.8296
2026-08-23 07:54:00,2392.59,2392.91,2388.23,2389.17,480.3456
2026-08-23 07:57:00,2389.17,2389.17,2386.84,2389.02,522.3233
2026-08-23 08:00:00,2389.01,2389.98,2386.96,2388.97,572.0818
2026-08-23 08:03:00,2388.97,2391.94,2387.7,2391.93,1687.7818
2026-08-23 08:06:00,2391.94,2397.08,2391.49,2395.68,927.8047
2026-08-23 08:09:00,2395.67,2413.32,2395.54,2408.42,4610.0777
2026-08-23 08:12:00,2408.41,2413.68,2406.02,2407.04,1469.8164
2026-08-23 08:15:00,2407.04,2411.15,2405.82,2410.63,691.1914
2026-08-23 08:18:00,2410.62,2410.62,2407.45,2407.57,522.6501
2026-08-23 08:21:00,2407.56,2408.11,2405.42,2407.02,335.4071
2026-08-23 08:24:00,2407.02,2407.7,2405.41,2405.85,221.0288
2026-08-23 08:27:00,2405.84,2407.02,2405.57,2406.79,272.4789
2026-08-23 08:30:00,2406.79,2410.66,2406.79,2410.38,518.0209
2026-08-23 08:33:00,2410.32,2419.27,2409.36,2414.55,2290.8776
2026-08-23 08:36:00,2414.54,2422.0,2413.99,2419.6,1602.0317
2026-08-23 08:39:00,2419.6,2426.03,2417.0,2420.76,1610.0653
2026-08-23 08:42:00,2420.76,2423.16,2419.68,2419.71,754.122
2026-08-23 08:45:00,2419.7,2421.66,2416.64,2417.4,671.6064
2026-08-23 08:48:00,2417.39,2418.2,2414.49,2414.5,449.284
2026-08-23 08:51:00,2414.5,2417.59,2414.23,2415.45,329.9272
2026-08-23 08:54:00,2415.45,2416.0,2411.38,2412.31,760.039
2026-08-23 08:57:00,2412.3,2412.46,2410.86,2412.46,411.3524
2026-08-23 09:00:00,2412.45,2415.06,2410.64,2414.63,433.2405
2026-08-23 09:03:00,2414.64,2416.17,2413.22,2415.91,389.1087
2026-08-23 09:06:00,2415.91,2415.91,2412.66,2412.9,249.0711
2026-08-23 09:09:00,2412.9,2414.02,2412.75,2413.0,280.5176
2026-08-23 09:12:00,2413.0,2413.85,2411.82,2412.97,278.1949
2026-08-23 09:15:00,2412.98,2413.61,2411.0,2411.86,268.438
2026-08-23 09:18:00,2411.86,2413.02,2408.0,2409.34,737.9688
2026-08-23 09:21:00,2409.34,2411.23,2407.26,2410.05,612.6304
2026-08-23 09:24:00,2410.06,2410.76,2407.65,2410.45,465.7613
2026-08-23 09:27:00,2410.46,2412.05,2410.42,2410.72,294.893
2026-08-23 09:30:00,2410.72,2410.72,2407.11,2407.9,160.8671
2026-08-23 09:33:00,2407.91,2408.48,2404.51,2406.91,747.05
2026-08-23 09:36:00,2406.91,2409.12,2406.36,2407.94,306.3279
2026-08-23 09:39:00,2407.94,2412.41,2407.47,2411.11,709.7108
2026-08-23 09:42:00,2411.11,2412.31,2410.66,2411.8,246.6448
2026-08-23 09:45:00,2411.8,2413.13,2410.0,2412.96,1329.4751
2026-08-23 09:48:00,2412.96,2415.0,2412.96,2414.99,501.3784
2026-08-23 09:51:00,2415.0,2415.7,2413.68,2413.68,413.7246
2026-08-23 09:54:00,2413.68,2414.28,2413.31,2413.31,157.0883
2026-08-23 09:57:00,2413.31,2413.8,2411.2,2411.2,753.1127
2026-08-23 10:00:00,2411.2,2413.43,2410.84,2413.43,419.2076
2026-08-23 10:03:00,2413.43,2416.08,2413.28,2416.07,212.6231
2026-08-23 10:06:00,2416.08,2417.14,2414.25,2414.25,647.9443
2026-08-23 10:09:00,2414.25,2415.01,2413.48,2413.49,292.3164
2026-08-23 10:12:00,2413.5,2414.57,2411.95,2414.02,413.373
2026-08-23 10:15:00,2414.02,2415.44,2414.01,2415.11,514.9974
2026-08-23 10:18:00,2415.11,2416.56,2414.13,2416.35,234.7426
2026-08-23 10:21:00,2416.38,2420.89,2415.5,2416.55,977.8668
2026-08-23 10:24:00,2416.55,2418.12,2415.76,2415.99,326.7144
2026-08-23 10:27:00,2415.98,2416.19,2413.22,2413.54,488.5639
2026-08-23 10:30:00,2413.54,2415.92,2412.81,2415.11,330.1886
2026-08-23 10:33:00,2415.12,2417.77,2415.12,2416.35,219.4992
2026-08-23 10:36:00,2416.34,2418.12,2415.82,2417.96,409.6107
2026-08-23 10:39:00,2417.95,2417.95,2415.01,2416.67,248.1036
2026-08-23 10:42:00,2416.67,2417.0,2415.96,2416.57,218.4593
2026-08-23 10:45:00,2416.57,2417.48,2416.09,2416.26,309.9085
2026-08-23 10:48:00,2416.26,2417.18,2416.25,2417.16,243.0996
2026-08-23 10:51:00,2417.15,2417.64,2415.56,2415.57,193.7318
2026-08-23 10:54:00,2415.57,2416.22,2414.38,2414.45,120.5746
2026-08-23 10:57:00,2414.44,2415.15,2414.18,2415.15,235.8523
2026-08-23 11:00:00,2415.15,2418.2,2415.14,2417.12,316.244
2026-08-23 11:03:00,2417.12,2417.12,2414.82,2416.71,290.9066
2026-08-23 11:06:00,2416.7,2418.88,2416.7,2418.08,241.1386
2026-08-23 11:09:00,2418.08,2418.25,2416.84,2418.23,179.9685
2026-08-23 11:12:00,2418.24,2420.77,2418.11,2420.21,360.2209
2026-08-23 11:15:00,2420.21,2420.54,2417.72,2419.42,366.922
2026-08-23 11:18:00,2419.43,2426.0,2419.02,2425.49,1105.1734
2026-08-23 11:21:00,2425.48,2431.82,2425.01,2428.28,2676.2352
2026-08-23 11:24:00,2428.27,2433.0,2428.0,2428.46,1214.6973
2026-08-23 11:27:00,2428.47,2428.89,2426.92,2427.43,444.8941
2026-08-23 11:30:00,2427.43,2430.99,2426.0,2429.95,780.1628
2026-08-23 11:33:00,2429.94,2430.24,2428.7,2430.11,460.4569
2026-08-23 11:36:00,2430.11,2436.75,2430.11,2434.5,1210.3784
2026-08-23 11:39:00,2434.49,2438.31,2434.1,2435.42,1819.1129
2026-08-23 11:42:00,2435.41,2436.66,2433.16,2433.8,511.0709
2026-08-23 11:45:00,2433.8,2433.97,2430.45,2430.46,603.8765
2026-08-23 11:48:00,2430.46,2430.46,2428.02,2429.15,350.763
2026-08-23 11:51:00,2429.15,2432.46,2429.03,2431.42,468.2358
2026-08-23 11:54:00,2431.42,2432.55,2430.03,2430.03,279.4841
2026-08-23 11:57:00,2430.03,2434.31,2429.41,2433.68,1375.7981
2026-08-23 12:00:00,2433.67,2433.68,2429.7,2431.62,554.1956
2026-08-23 12:03:00,2431.61,2431.61,2427.4,2427.5,500.2445
2026-08-23 12:06:00,2427.51,2427.51,2421.7,2424.73,1451.7474
2026-08-23 12:09:00,2424.73,2426.33,2419.15,2421.52,1222.7991
2026-08-23 12:12:00,2421.53,2423.16,2419.37,2422.9,524.8861
2026-08-23 12:15:00,2422.89,2423.91,2421.11,2423.57,291.2999
2026-08-23 12:18:00,2423.57,2424.6,2422.56,2424.01,288.2726
2026-08-23 12:21:00,2424.01,2424.85,2423.16,2424.74,208.6614
2026-08-23 12:24:00,2424.73,2424.74,2421.12,2421.13,256.2508
2026-08-23 12:27:00,2421.13,2423.5,2420.73,2423.05,338.6767
2026-08-23 12:30:00,2423.05,2424.61,2422.41,2424.11,508.9914
2026-08-23 12:33:00,2424.12,2425.51,2423.22,2424.06,594.6
2026-08-23 12:36:00,2424.07,2424.3,2422.7,2423.11,333.0164
2026-08-23 12:39:00,2423.11,2427.96,2423.1,2427.43,359.3166
2026-08-23 12:42:00,2427.43,2429.89,2426.59,2428.21,435.2292
2026-08-23 12:45:00,2428.21,2428.22,2426.19,2426.45,315.335
2026-08-23 12:48:00,2426.43,2426.5,2425.0,2426.17,138.5323
2026-08-23 12:51:00,2426.17,2426.64,2425.12,2425.39,105.1288
2026-08-23 12:54:00,2425.39,2427.14,2424.26,2427.01,144.3522
2026-08-23 12:57:00,2427.0,2427.47,2426.61,2427.05,123.7067
2026-08-23 13:00:00,2427.05,2428.8,2427.0,2428.79,264.3974
2026-08-23 13:03:00,2428.8,2428.94,2428.0,2428.53,144.2612
2026-08-23 13:06:00,2428.52,2429.39,2428.34,2428.96,295.9539
2026-08-23 13:09:00,2428.96,2432.0,2428.96,2431.99,472.2655
2026-08-23 13:12:00,2432.0,2432.9,2431.87,2432.23,349.6454
2026-08-23 13:15:00,2432.23,2447.0,2432.04,2444.21,3083.0838
2026-08-23 13:18:00,2444.21,2484.06,2443.56,2459.64,11898.2553
2026-08-23 13:21:00,2459.63,2470.83,2453.13,2463.28,4687.4062
2026-08-23 13:24:00,2463.28,2467.84,2458.8,2461.16,3418.6863
2026-08-23 13:27:00,2461.16,2463.01,2451.68,2454.33,2417.8936
2026-08-23 13:30:00,2454.32,2459.02,2449.51,2457.11,2097.0927
2026-08-23 13:33:00,2457.12,2457.37,2449.51,2451.67,1407.449
2026-08-23 13:36:00,2451.67,2456.97,2451.67,2456.2,1057.6429
2026-08-23 13:39:00,2456.19,2459.09,2454.93,2454.93,1681.7262
2026-08-23 13:42:00,2454.93,2456.31,2453.18,2456.04,1182.3098
2026-08-23 13:45:00,2456.04,2458.66,2451.74,2458.19,987.0075
2026-08-23 13:48:00,2458.19,2458.19,2452.39,2453.16,1088.1113
2026-08-23 13:51:00,2453.15,2455.57,2451.81,2454.38,886.2381
2026-08-23 13:54:00,2454.38,2459.16,2454.29,2458.03,1493.9343
2026-08-23 13:57:00,2458.04,2460.27,2457.08,2459.75,1069.8992
2026-08-23 14:00:00,2459.75,2465.0,2458.23,2464.47,1424.5324
2026-08-23 14:03:00,2464.47,2464.99,2460.24,2462.42,1080.8501
2026-08-23 14:06:00,2462.41,2463.3,2453.44,2459.57,2534.8957
2026-08-23 14:09:00,2459.56,2469.3,2458.24,2464.1,1545.4595
2026-08-23 14:12:00,2464.09,2468.82,2463.24,2464.19,1034.0502
2026-08-23 14:15:00,2464.2,2467.02,2463.9,2466.27,1112.0703
2026-08-23 14:18:00,2466.26,2467.65,2461.59,2463.61,1084.0395
2026-08-23 14:21:00,2463.61,2463.92,2457.48,2457.91,891.1244
2026-08-23 14:24:00,2457.91,2459.59,2455.25,2458.69,811.2458
2026-08-23 14:27:00,2458.69,2459.58,2456.0,2456.45,536.7144
2026-08-23 14:30:00,2456.45,2457.66,2452.64,2453.77,830.3667
2026-08-23 14:33:00,2453.77,2455.13,2453.66,2454.45,598.1021
2026-08-23 14:36:00,2454.44,2455.34,2452.13,2455.03,471.6673
2026-08-23 14:39:00,2455.04,2455.21,2452.0,2452.0,448.8512
2026-08-23 14:42:00,2452.0,2452.49,2389.85,2420.6,17347.3853
2026-08-23 14:45:00,2420.61,2432.92,2420.53,2430.81,3161.2555
2026-08-23 14:48:00,2430.81,2438.15,2429.36,2438.14,1815.0745
2026-08-23 14:51:00,2438.14,2438.84,2431.42,2436.13,1417.1174
2026-08-23 14:54:00,2436.13,2448.13,2435.42,2437.64,2740.5391
2026-08-23 14:57:00,2437.63,2442.0,2435.17,2438.95,822.0389
2026-08-23 15:00:00,2438.95,2439.94,2426.17,2434.49,2519.4303
2026-08-23 15:03:00,2434.48,2440.8,2432.84,2440.55,840.1167
2026-08-23 15:06:00,2440.54,2441.07,2437.58,2438.01,721.2818
2026-08-23 15:09:00,2438.01,2439.07,2434.75,2434.77,359.3756
2026-08-23 15:12:00,2434.77,2436.59,2432.41,2433.42,623.8526
2026-08-23 15:15:00,2433.43,2434.53,2429.76,2431.75,802.3742
2026-08-23 15:18:00,2431.75,2432.26,2421.87,2429.09,1714.8723
2026-08-23 15:21:00,2429.09,2437.06,2428.9,2433.32,1352.1391
2026-08-23 15:24:00,2433.32,2438.99,2433.31,2438.8,664.5427
2026-08-23 15:27:00,2438.8,2438.8,2436.34,2437.22,532.7433
2026-08-23 15:30:00,2437.21,2443.86,2437.11,2437.94,1054.7593
2026-08-23 15:33:00,2437.94,2439.91,2435.46,2439.1,559.2232
2026-08-23 15:36:00,2439.09,2441.86,2438.64,2441.86,442.0799
2026-08-23 15:39:00,2441.86,2448.56,2440.92,2445.35,944.1499
2026-08-23 15:42:00,2445.35,2452.86,2444.13,2446.68,1228.3242
2026-08-23 15:45:00,2446.68,2449.01,2443.77,2446.62,859.5519
2026-08-23 15:48:00,2446.63,2448.17,2444.37,2444.38,525.36
2026-08-23 15:51:00,2444.38,2445.48,2443.17,2443.17,489.2443
2026-08-23 15:54:00,2443.17,2443.58,2441.39,2443.28,455.3315
2026-08-23 15:57:00,2443.29,2443.32,2436.25,2438.62,786.9821
2026-08-23 16:00:00,2438.61,2442.73,2438.61,2441.74,447.6942
2026-08-23 16:03:00,2441.73,2445.3,2441.53,2444.33,435.5481
2026-08-23 16:06:00,2444.33,2445.06,2442.08,2443.65,189.4335
2026-08-23 16:09:00,2443.64,2445.85,2441.67,2445.84,340.7898
2026-08-23 16:12:00,2445.84,2446.83,2442.93,2444.76,648.5664
2026-08-23 16:15:00,2444.76,2445.9,2442.19,2445.43,465.1714
2026-08-23 16:18:00,2445.43,2445.44,2441.53,2444.69,462.8304
2026-08-23 16:21:00,2444.69,2445.9,2443.78,2444.83,173.8723
2026-08-23 16:24:00,2444.83,2446.32,2443.51,2445.07,291.8224
2026-08-23 16:27:00,2445.08,2446.84,2444.1,2446.83,262.46
2026-08-23 16:30:00,2446.83,2449.31,2444.98,2449.29,609.5832
2026-08-23 16:33:00,2449.29,2453.6,2448.73,2450.42,781.0411
2026-08-23 16:36:00,2450.43,2450.43,2446.08,2446.77,509.4642
2026-08-23 16:39:00,2446.77,2447.16,2446.27,2446.83,160.9479
2026-08-23 16:42:00,2446.83,2449.04,2446.49,2446.49,237.2513
2026-08-23 16:45:00,2446.49,2449.14,2445.53,2448.79,405.5015
2026-08-23 16:48:00,2448.79,2450.41,2447.68,2449.44,405.174
2026-08-23 16:51:00,2449.43,2459.22,2449.43,2452.38,2311.0521
2026-08-23 16:54:00,2452.39,2453.84,2452.38,2452.57,249.1067
2026-08-23 16:57:00,2452.56,2453.93,2450.44,2450.56,422.3823
2026-08-23 17:00:00,2450.56,2454.3,2444.56,2444.77,847.0454
2026-08-23 17:03:00,2444.77,2448.12,2432.81,2447.62,2319.7781
2026-08-23 17:06:00,2447.62,2449.6,2445.44,2449.52,468.2592
2026-08-23 17:09:00,2449.51,2451.19,2448.7,2448.8,266.5731
2026-08-23 17:12:00,2448.79,2449.44,2446.97,2447.57,376.7617
2026-08-23 17:15:00,2447.57,2448.4,2438.56,2446.37,1709.1065
2026-08-23 17:18:00,2446.37,2449.14,2443.48,2448.88,745.7766
2026-08-23 17:21:00,2448.89,2450.0,2447.81,2447.81,333.4479
2026-08-23 17:24:00,2447.8,2447.8,2441.62,2442.73,653.2369
2026-08-23 17:27:00,2442.73,2442.73,2439.07,2441.26,566.382
2026-08-23 17:30:00,2441.25,2441.25,2434.24,2439.64,853.825
2026-08-23 17:33:00,2439.65,2441.6,2438.74,2441.6,239.2851
2026-08-23 17:36:00,2441.59,2444.36,2441.59,2442.29,420.3353
2026-08-23 17:39:00,2442.28,2442.62,2437.64,2437.65,498.3619
2026-08-23 17:42:00,2437.65,2441.76,2437.64,2438.8,394.8386
2026-08-23 17:45:00,2438.8,2446.59,2438.56,2439.86,1124.0883
2026-08-23 17:48:00,2439.86,2441.54,2439.61,2440.2,556.4393
2026-08-23 17:51:00,2440.21,2442.21,2440.21,2441.51,614.7468
2026-08-23 17:54:00,2441.5,2441.91,2438.88,2440.02,267.1692
2026-08-23 17:57:00,2440.02,2441.76,2439.83,2440.12,151.55
2026-08-23 18:00:00,2440.11,2441.0,2438.79,2439.82,347.0922
2026-08-23 18:03:00,2439.82,2440.46,2438.62,2439.0,313.5532
2026-08-23 18:06:00,2439.0,2439.86,2434.83,2436.36,1008.9912
2026-08-23 18:09:00,2436.37,2445.35,2436.37,2443.77,659.7183
2026-08-23 18:12:00,2443.76,2449.26,2443.61,2445.16,694.5986
2026-08-23 18:15:00,2445.15,2448.68,2444.49,2447.27,544.003
2026-08-23 18:18:00,2447.27,2447.59,2444.23,2446.33,476.5322
2026-08-23 18:21:00,2446.33,2447.54,2443.99,2446.4,301.4522
2026-08-23 18:24:00,2446.4,2447.16,2445.53,2447.15,158.6227
2026-08-23 18:27:00,2447.16,2448.61,2446.57,2446.58,337.2078
2026-08-23 18:30:00,2446.58,2447.11,2444.8,2445.66,249.0286
2026-08-23 18:33:00,2445.65,2447.44,2444.24,2447.44,359.3777
2026-08-23 18:36:00,2447.43,2448.29,2446.15,2447.45,643.8386
2026-08-23 18:39:00,2447.44,2448.52,2445.87,2447.96,278.5129
2026-08-23 18:42:00,2447.96,2447.96,2446.98,2447.54,137.8344
2026-08-23 18:45:00,2447.54,2447.63,2444.96,2445.03,338.5794
2026-08-23 18:48:00,2445.02,2446.78,2444.96,2445.11,179.3047
2026-08-23 18:51:00,2445.1,2447.15,2445.1,2446.71,422.5561
2026-08-23 18:54:00,2446.71,2448.84,2446.7,2446.99,295.2065
2026-08-23 18:57:00,2447.0,2449.27,2446.99,2448.68,240.6848
2026-08-23 19:00:00,2448.68,2450.21,2446.63,2447.32,644.4038
2026-08-23 19:03:00,2447.33,2449.4,2447.0,2447.2,250.594
2026-08-23 19:06:00,2447.19,2447.56,2446.47,2446.7,221.5188
2026-08-23 19:09:00,2446.69,2446.69,2441.41,2441.76,445.7378
2026-08-23 19:12:00,2441.76,2443.43,2441.22,2443.26,322.0433
2026-08-23 19:15:00,2443.27,2444.27,2441.38,2444.26,499.3999
2026-08-23 19:18:00,2444.26,2444.78,2444.13,2444.78,96.4327
2026-08-23 19:21:00,2444.77,2444.95,2443.47,2444.63,234.9862
2026-08-23 19:24:00,2444.64,2444.64,2443.08,2443.47,206.9126
2026-08-23 19:27:00,2443.48,2443.48,2441.54,2443.04,223.9702
2026-08-23 19:30:00,2443.04,2443.04,2440.35,2440.35,363.9268
2026-08-23 19:33:00,2440.35,2442.9,2437.44,2442.63,835.8693
2026-08-23 19:36:00,2442.63,2444.52,2442.58,2444.52,202.7103
2026-08-23 19:39:00,2444.51,2447.18,2443.73,2446.01,389.8121
2026-08-23 19:42:00,2446.01,2448.16,2444.68,2448.13,344.8764
2026-08-23 19:45:00,2448.13,2454.16,2448.01,2451.0,1268.3475
2026-08-23 19:48:00,2451.0,2451.18,2449.23,2449.23,134.4901
2026-08-23 19:51:00,2449.23,2449.86,2447.38,2447.48,222.0692
2026-08-23 19:54:00,2447.48,2447.68,2445.94,2445.94,230.9014
2026-08-23 19:57:00,2445.94,2446.63,2444.95,2444.96,207.7854
2026-08-23 20:00:00,2444.95,2444.95,2438.32,2438.33,739.4181
2026-08-23 20:03:00,2438.33,2440.26,2436.41,2439.32,923.6548
2026-08-23 20:06:00,2439.33,2440.08,2436.71,2440.07,312.9986
2026-08-23 20:09:00,2440.07,2441.86,2440.07,2441.28,144.2499
2026-08-23 20:12:00,2441.29,2442.15,2440.79,2441.46,200.0623
2026-08-23 20:15:00,2441.45,2442.46,2440.78,2442.45,227.7713
2026-08-23 20:18:00,2442.45,2445.35,2441.4,2445.34,281.0238
2026-08-23 20:21:00,2445.35,2446.51,2445.15,2445.44,197.6053
2026-08-23 20:24:00,2445.43,2448.15,2445.42,2448.15,268.9492
2026-08-23 20:27:00,2448.15,2449.01,2445.34,2445.62,388.8437
2026-08-23 20:30:00,2445.62,2448.74,2445.62,2448.74,142.0622
2026-08-23 20:33:00,2448.74,2448.74,2447.12,2447.82,218.0554
2026-08-23 20:36:00,2447.82,2448.99,2446.65,2448.99,306.7708
2026-08-23 20:39:00,2448.98,2449.0,2447.84,2448.79,273.3754
2026-08-23 20:42:00,2448.79,2450.0,2448.56,2449.69,203.7224
2026-08-23 20:45:00,2449.69,2449.69,2446.6,2448.99,765.9217
2026-08-23 20:48:00,2448.99,2449.26,2447.7,2448.84,434.6439
2026-08-23 20:51:00,2448.83,2450.0,2448.51,2449.49,530.1402
2026-08-23 20:54:00,2449.5,2450.72,2448.33,2450.45,636.057
2026-08-23 20:57:00,2450.46,2450.48,2449.38,2450.48,527.7489
2026-08-23 21:00:00,2450.48,2456.25,2450.47,2455.61,1256.2961
2026-08-23 21:03:00,2455.6,2466.48,2455.42,2463.79,3632.2806
2026-08-23 21:06:00,2463.78,2464.34,2459.82,2463.7,1261.3332
2026-08-23 21:09:00,2463.7,2469.52,2461.83,2463.49,1817.1334
2026-08-23 21:12:00,2463.5,2466.2,2462.84,2466.17,906.5203
2026-08-23 21:15:00,2466.18,2476.12,2466.12,2472.05,4063.8621
2026-08-23 21:18:00,2472.04,2475.37,2470.96,2475.06,913.9175
2026-08-23 21:21:00,2475.05,2475.05,2468.24,2472.8,844.1361
2026-08-23 21:24:00,2472.8,2473.34,2468.43,2472.59,561.0235
2026-08-23 21:27:00,2472.58,2479.81,2469.61,2477.04,1834.8296
2026-08-23 21:30:00,2477.03,2483.12,2477.02,2482.24,1619.3676
2026-08-23 21:33:00,2482.23,2484.62,2464.26,2466.75,1929.0198
2026-08-23 21:36:00,2466.74,2474.9,2466.21,2468.27,2383.0171
2026-08-23 21:39:00,2468.27,2469.08,2459.49,2461.92,1662.1715
2026-08-23 21:42:00,2461.92,2464.0,2460.54,2461.38,515.0964
2026-08-23 21:45:00,2461.38,2468.21,2461.38,2464.94,563.4576
2026-08-23 21:48:00,2464.94,2469.0,2464.94,2468.99,362.7869
2026-08-23 21:51:00,2468.99,2478.96,2468.11,2477.62,1365.8044
2026-08-23 21:54:00,2477.62,2477.62,2470.08,2472.63,737.6493
2026-08-23 21:57:00,2472.63,2473.24,2466.22,2469.97,594.9939
2026-08-23 22:00:00,2469.96,2474.53,2457.31,2459.98,2152.4643
2026-08-23 22:03:00,2459.98,2462.48,2455.04,2458.7,1311.8721
2026-08-23 22:06:00,2458.7,2461.82,2457.23,2461.12,842.8025
2026-08-23 22:09:00,2461.13,2465.55,2460.21,2462.74,851.6309
2026-08-23 22:12:00,2462.73,2464.79,2460.33,2463.58,491.9433
2026-08-23 22:15:00,2463.57,2466.34,2458.24,2459.69,1260.9565
2026-08-23 22:18:00,2459.7,2465.29,2459.7,2464.72,670.9865
2026-08-23 22:21:00,2464.72,2465.1,2461.96,2463.74,708.3174
2026-08-23 22:24:00,2463.74,2464.42,2461.71,2461.81,300.3367
2026-08-23 22:27:00,2461.81,2467.29,2460.27,2460.35,457.0231
2026-08-23 22:30:00,2460.34,2463.12,2459.67,2460.43,359.2761
2026-08-23 22:33:00,2460.44,2461.9,2457.59,2459.45,672.3655
2026-08-23 22:36:00,2459.45,2459.59,2456.15,2457.54,382.8878
2026-08-23 22:39:00,2457.59,2461.76,2456.58,2457.3,560.9368
2026-08-23 22:42:00,2457.3,2459.88,2457.3,2459.13,323.7363
2026-08-23 22:45:00,2459.12,2460.62,2456.03,2460.17,581.0353
2026-08-23 22:48:00,2460.17,2461.1,2458.67,2458.68,580.6984
2026-08-23 22:51:00,2458.69,2460.88,2457.24,2457.71,741.2138
2026-08-23 22:54:00,2457.71,2458.34,2454.17,2454.68,1004.4817
2026-08-23 22:57:00,2454.67,2455.71,2451.89,2455.05,921.676
2026-08-23 23:00:00,2455.04,2455.69,2449.36,2450.25,862.3291
2026-08-23 23:03:00,2450.25,2450.77,2446.65,2448.84,1090.9613
2026-08-23 23:06:00,2448.84,2450.94,2441.78,2449.51,2267.7116
2026-08-23 23:09:00,2449.52,2454.38,2446.37,2446.37,636.1576
2026-08-23 23:12:00,2446.37,2449.48,2446.02,2448.69,876.4372
2026-08-23 23:15:00,2448.69,2453.79,2447.99,2452.14,785.4253
2026-08-23 23:18:00,2452.14,2457.45,2452.11,2454.39,718.0252
2026-08-23 23:21:00,2454.39,2454.72,2449.71,2450.93,470.442
2026-08-23 23:24:00,2450.94,2452.52,2448.8,2452.52,591.891
2026-08-23 23:27:00,2452.52,2459.48,2452.45,2458.49,776.7402
2026-08-23 23:30:00,2458.49,2471.02,2458.05,2464.65,2615.2913
2026-08-23 23:33:00,2464.64,2465.15,2460.0,2460.68,751.6726
2026-08-23 23:36:00,2460.69,2461.34,2456.49,2456.72,696.2485
2026-08-23 23:39:00,2456.71,2457.48,2454.14,2455.26,592.7249
2026-08-23 23:42:00,2455.26,2455.6,2448.85,2454.07,1111.8049
2026-08-23 23:45:00,2454.08,2457.84,2453.72,2456.58,380.2269
2026-08-23 23:48:00,2456.58,2459.2,2456.5,2459.2,140.4465
2026-08-23 23:51:00,2459.2,2466.29,2459.2,2459.81,1377.4539
2026-08-23 23:54:00,2459.82,2464.65,2459.55,2462.5,436.547
2026-08-23 23:57:00,2462.51,2465.42,2462.2,2463.41,256.7086
2026-08-24 00:00:00,2463.42,2464.0,2460.71,2460.94,563.6009
2026-08-24 00:03:00,2460.95,2461.21,2456.71,2457.28,1100.5263
2026-08-24 00:06:00,2457.28,2457.33,2452.85,2456.48,810.9945
2026-08-24 00:09:00,2456.48,2461.32,2456.05,2459.15,379.5745
2026-08-24 00:12:00,2459.15,2460.39,2457.27,2458.89,280.6251
2026-08-24 00:15:00,2458.89,2459.7,2453.46,2454.68,561.7628
2026-08-24 00:18:00,2454.68,2458.85,2453.0,2454.66,630.8585
2026-08-24 00:21:00,2454.65,2454.65,2450.12,2452.93,1792.7481
2026-08-24 00:24:00,2452.92,2452.92,2446.91,2447.93,661.1192
2026-08-24 00:27:00,2447.93,2451.78,2443.9,2451.28,1021.835
2026-08-24 00:30:00,2451.29,2454.28,2450.0,2454.11,396.815
2026-08-24 00:33:00,2454.12,2459.99,2454.11,2459.99,470.9955
2026-08-24 00:36:00,2460.0,2460.0,2453.89,2454.41,537.7598
2026-08-24 00:39:00,2454.41,2455.84,2450.93,2452.28,625.7253
2026-08-24 00:42:00,2452.27,2452.75,2444.08,2445.67,482.9988
2026-08-24 00:45:00,2445.68,2449.92,2442.35,2446.8,661.6807
2026-08-24 00:48:00,2446.8,2455.39,2445.82,2453.54,1020.7907
2026-08-24 00:51:00,2453.53,2458.58,2453.41,2458.09,555.1184
2026-08-24 00:54:00,2458.09,2460.0,2456.41,2459.4,439.4083
2026-08-24 00:57:00,2459.41,2465.9,2459.4,2465.11,930.7771
2026-08-24 01:00:00,2465.11,2466.0,2458.84,2459.89,718.6116
2026-08-24 01:03:00,2459.89,2466.98,2458.58,2461.02,946.6802
2026-08-24 01:06:00,2461.03,2462.65,2456.29,2456.89,498.2294
2026-08-24 01:09:00,2456.89,2458.96,2453.88,2458.93,668.6029
2026-08-24 01:12:00,2458.92,2459.53,2453.9,2453.9,277.5536
2026-08-24 01:15:00,2453.89,2453.89,2449.46,2451.01,836.9754
2026-08-24 01:18:00,2451.0,2454.1,2448.28,2448.56,425.8719
2026-08-24 01:21:00,2448.55,2451.77,2444.46,2448.39,1216.7826
2026-08-24 01:24:00,2448.4,2449.21,2442.51,2446.58,1183.9882
2026-08-24 01:27:00,2446.58,2447.04,2444.49,2444.61,646.9522
2026-08-24 01:30:00,2444.61,2448.31,2442.75,2447.92,492.6653
2026-08-24 01:33:00,2447.92,2449.7,2444.92,2444.92,486.9182
2026-08-24 01:36:00,2444.9,2444.9,2434.72,2436.36,2518.7867
2026-08-24 01:39:00,2436.36,2441.58,2436.36,2441.02,533.6182
2026-08-24 01:42:00,2441.02,2442.1,2438.41,2439.31,595.7742
2026-08-24 01:45:00,2439.31,2441.24,2435.23,2435.97,485.0865
2026-08-24 01:48:00,2435.97,2438.97,2435.61,2436.91,719.4716
2026-08-24 01:51:00,2436.91,2437.98,2433.5,2437.34,867.7551
2026-08-24 01:54:00,2437.34,2437.35,2430.42,2433.42,1390.2676
2026-08-24 01:57:00,2433.42,2433.42,2427.27,2429.4,1693.398
2026-08-24 02:00:00,2429.4,2432.0,2424.73,2428.46,1504.4407
2026-08-24 02:03:00,2428.46,2437.8,2425.31,2436.56,1359.5313
2026-08-24 02:06:00,2436.56,2437.56,2432.39,2435.19,680.285
2026-08-24 02:09:00,2435.2,2438.66,2434.33,2438.65,549.4996
2026-08-24 02:12:00,2438.66,2446.13,2438.23,2444.15,852.0339
2026-08-24 02:15:00,2444.16,2448.53,2444.16,2446.41,814.5637
2026-08-24 02:18:00,2446.41,2450.0,2445.82,2448.61,429.5662
2026-08-24 02:21:00,2448.61,2450.0,2445.63,2447.57,501.2585
2026-08-24 02:24:00,2447.57,2449.08,2446.33,2448.4,447.7903
2026-08-24 02:27:00,2448.4,2448.4,2445.83,2447.51,302.4687
2026-08-24 02:30:00,2447.52,2449.87,2446.96,2449.86,406.4405
2026-08-24 02:33:00,2449.85,2451.77,2448.22,2448.32,816.3635
2026-08-24 02:36:00,2448.31,2449.91,2445.56,2446.58,568.6631
2026-08-24 02:39:00,2446.63,2448.47,2445.18,2446.93,389.0557
2026-08-24 02:42:00,2446.93,2447.23,2444.81,2446.1,303.2372
2026-08-24 02:45:00,2446.1,2446.1,2438.79,2438.96,552.8722
2026-08-24 02:48:00,2438.96,2442.0,2435.53,2439.9,762.929
2026-08-24 02:51:00,2439.9,2441.39,2437.3,2440.02,418.7912
2026-08-24 02:54:00,2440.01,2445.0,2438.84,2444.0,481.7794
2026-08-24 02:57:00,2443.99,2443.99,2440.2,2443.78,191.1894
2026-08-24 03:00:00,2443.78,2445.62,2438.83,2439.28,603.6871
2026-08-24 03:03:00,2439.29,2440.0,2438.46,2438.47,170.7901
2026-08-24 03:06:00,2438.46,2438.47,2435.99,2435.99,407.3969
2026-08-24 03:09:00,2435.99,2439.2,2435.41,2435.68,334.6248
2026-08-24 03:12:00,2435.68,2438.4,2435.55,2436.39,488.7265
2026-08-24 03:15:00,2436.38,2436.89,2433.59,2436.52,636.4627
2026-08-24 03:18:00,2436.52,2436.79,2434.71,2436.79,645.0962
2026-08-24 03:21:00,2436.78,2440.87,2435.23,2440.17,642.9336
2026-08-24 03:24:00,2440.17,2443.8,2439.27,2439.93,692.006
2026-08-24 03:27:00,2439.93,2439.93,2434.18,2434.18,326.4705
2026-08-24 03:30:00,2434.17,2434.99,2426.49,2433.33,1811.9395
2026-08-24 03:33:00,2433.33,2434.73,2432.73,2434.06,379.2932
2026-08-24 03:36:00,2434.05,2438.19,2430.74,2437.49,726.4401
2026-08-24 03:39:00,2437.5,2438.18,2434.57,2435.76,392.893
2026-08-24 03:42:00,2435.77,2437.76,2435.37,2435.61,278.5283
2026-08-24 03:45:00,2435.61,2439.45,2435.13,2437.71,561.9586
2026-08-24 03:48:00,2437.71,2441.31,2437.26,2440.03,387.1931
2026-08-24 03:51:00,2440.02,2440.02,2433.67,2433.67,443.3097
2026-08-24 03:54:00,2433.65,2434.31,2431.47,2431.77,462.0241
2026-08-24 03:57:00,2431.77,2431.88,2427.95,2430.64,450.3008
2026-08-24 04:00:00,2430.65,2436.52,2430.64,2436.51,456.3465
2026-08-24 04:03:00,2436.52,2439.13,2435.4,2438.25,401.2009
2026-08-24 04:06:00,2438.26,2439.16,2437.14,2437.4,542.0691
2026-08-24 04:09:00,2437.4,2438.91,2435.5,2435.82,561.4491
2026-08-24 04:12:00,2435.83,2438.98,2435.73,2438.97,482.9968
2026-08-24 04:15:00,2438.97,2443.35,2438.96,2443.35,656.2978
2026-08-24 04:18:00,2443.36,2445.56,2442.27,2444.16,1150.1908
2026-08-24 04:21:00,2444.16,2445.07,2442.71,2443.18,616.0386
2026-08-24 04:24:00,2443.18,2443.87,2441.6,2442.64,713.4164
2026-08-24 04:27:00,2442.64,2446.34,2442.64,2445.92,426.5527
2026-08-24 04:30:00,2445.93,2446.42,2442.97,2443.58,740.3056
2026-08-24 04:33:00,2443.59,2444.54,2441.82,2441.9,454.3713
2026-08-24 04:36:00,2441.9,2443.14,2441.01,2442.73,563.7691
2026-08-24 04:39:00,2442.73,2442.74,2438.08,2441.73,891.5013
2026-08-24 04:42:00,2441.73,2442.74,2441.35,2442.73,496.254
2026-08-24 04:45:00,2442.73,2443.78,2439.08,2441.29,734.8683
2026-08-24 04:48:00,2441.28,2441.29,2436.89,2436.89,480.1886
2026-08-24 04:51:00,2436.89,2436.9,2428.11,2434.24,2384.4223
2026-08-24 04:54:00,2434.23,2436.04,2432.23,2432.29,775.8204
2026-08-24 04:57:00,2432.3,2438.08,2432.3,2438.08,575.7876
2026-08-24 05:00:00,2438.07,2438.63,2433.98,2438.48,545.2869
2026-08-24 05:03:00,2438.49,2438.63,2437.02,2437.92,544.1975
2026-08-24 05:06:00,2437.92,2442.09,2435.25,2441.91,870.7522
2026-08-24 05:09:00,2441.9,2450.47,2441.28,2450.46,1717.4101
2026-08-24 05:12:00,2450.47,2458.83,2449.38,2457.91,2042.0627
2026-08-24 05:15:00,2457.9,2459.82,2451.99,2451.99,1420.1434
2026-08-24 05:18:00,2451.99,2457.1,2451.4,2453.02,1438.5299
2026-08-24 05:21:00,2453.03,2453.42,2447.72,2451.43,1062.3017
2026-08-24 05:24:00,2451.43,2453.1,2448.89,2452.47,412.4118
2026-08-24 05:27:00,2452.47,2453.81,2450.18,2450.51,847.922
2026-08-24 05:30:00,2450.51,2450.51,2441.28,2444.05,1036.466
2026-08-24 05:33:00,2444.04,2444.69,2441.03,2441.03,503.1568
2026-08-24 05:36:00,2441.02,2447.69,2437.9,2447.06,1032.6985
2026-08-24 05:39:00,2447.06,2452.37,2445.01,2451.76,667.3311
2026-08-24 05:42:00,2451.76,2452.38,2448.03,2448.1,659.1563
2026-08-24 05:45:00,2448.1,2449.78,2447.7,2449.03,593.401
2026-08-24 05:48:00,2449.04,2449.33,2445.92,2445.92,345.3959
2026-08-24 05:51:00,2445.92,2448.11,2444.44,2446.55,801.648
2026-08-24 05:54:00,2446.56,2449.57,2446.54,2447.33,457.9125
2026-08-24 05:57:00,2447.34,2449.56,2447.34,2448.92,210.9764
2026-08-24 06:00:00,2448.92,2452.38,2446.83,2447.26,1083.4757
2026-08-24 06:03:00,2447.27,2447.51,2444.22,2446.57,438.9866
2026-08-24 06:06:00,2446.56,2448.12,2444.4,2447.54,909.8589
2026-08-24 06:09:00,2447.55,2453.66,2447.55,2453.65,551.7218
2026-08-24 06:12:00,2453.66,2457.47,2453.66,2456.42,1053.5491
2026-08-24 06:15:00,2456.42,2458.54,2454.11,2454.65,769.3469
2026-08-24 06:18:00,2454.65,2455.67,2452.66,2454.36,308.6594
2026-08-24 06:21:00,2454.36,2454.99,2451.95,2454.48,630.1792
2026-08-24 06:24:00,2454.47,2456.61,2453.8,2455.04,415.2924
2026-08-24 06:27:00,2455.05,2456.67,2453.71,2454.11,422.2146
2026-08-24 06:30:00,2454.11,2455.31,2449.2,2450.08,402.7881
2026-08-24 06:33:00,2450.09,2450.58,2447.89,2448.15,284.9542
2026-08-24 06:36:00,2448.14,2450.55,2447.5,2447.84,200.3697
2026-08-24 06:39:00,2447.85,2448.56,2445.44,2446.48,391.4805
2026-08-24 06:42:00,2446.44,2447.56,2445.55,2447.55,251.9872
2026-08-24 06:45:00,2447.55,2453.11,2446.84,2453.1,277.9331
2026-08-24 06:48:00,2453.11,2463.74,2452.5,2460.01,1754.439
2026-08-24 06:51:00,2460.0,2460.84,2457.32,2457.56,460.3109
2026-08-24 06:54:00,2457.55,2457.55,2455.04,2457.13,350.3203
2026-08-24 06:57:00,2457.14,2457.52,2456.34,2456.5,167.041
2026-08-24 07:00:00,2456.5,2458.51,2455.27,2457.12,320.539
2026-08-24 07:03:00,2457.12,2460.54,2456.7,2458.86,336.9326
2026-08-24 07:06:00,2458.86,2460.85,2458.81,2459.05,533.2074
2026-08-24 07:09:00,2459.05,2472.75,2458.43,2471.78,2173.0318
2026-08-24 07:12:00,2471.78,2474.09,2470.12,2470.3,797.6222
2026-08-24 07:15:00,2470.3,2470.3,2464.44,2464.45,700.4725
2026-08-24 07:18:00,2464.44,2465.78,2461.44,2461.45,497.7932
2026-08-24 07:21:00,2461.45,2464.88,2460.15,2464.88,540.1024
2026-08-24 07:24:00,2464.87,2465.76,2461.85,2462.02,678.9515
2026-08-24 07:27:00,2462.02,2462.71,2460.03,2462.37,889.3119
2026-08-24 07:30:00,2462.37,2462.37,2456.26,2458.51,1155.6101
2026-08-24 07:33:00,2458.5,2459.61,2456.31,2456.7,897.3972
2026-08-24 07:36:00,2456.69,2457.58,2454.07,2455.08,1120.5024
2026-08-24 07:39:00,2455.08,2455.79,2452.28,2453.75,1135.9766
2026-08-24 07:42:00,2453.74,2454.57,2452.96,2453.08,1009.6279
2026-08-24 07:45:00,2453.07,2458.84,2452.85,2458.44,1159.3074
2026-08-24 07:48:00,2458.43,2459.36,2457.52,2458.2,920.5572
2026-08-24 07:51:00,2458.19,2458.34,2453.53,2455.32,1109.6868
2026-08-24 07:54:00,2455.32,2457.54,2454.74,2455.01,477.0775
2026-08-24 07:57:00,2455.0,2455.71,2452.99,2454.64,853.0331
2026-08-24 08:00:00,2454.67,2456.34,2449.73,2451.95,883.0961
2026-08-24 08:03:00,2451.96,2453.04,2449.64,2452.45,716.1826
2026-08-24 08:06:00,2452.45,2459.33,2452.45,2455.2,728.4159
2026-08-24 08:09:00,2455.2,2455.44,2450.93,2450.99,542.5411
2026-08-24 08:12:00,2450.99,2451.0,2448.08,2449.22,784.5007
2026-08-24 08:15:00,2449.21,2449.48,2442.42,2443.07,1361.0741
2026-08-24 08:18:00,2443.07,2448.58,2442.1,2445.22,624.5587
2026-08-24 08:21:00,2445.23,2446.86,2441.52,2442.6,1178.6879
2026-08-24 08:24:00,2442.61,2443.46,2437.42,2438.54,1946.5817
2026-08-24 08:27:00,2438.54,2441.28,2436.41,2439.79,1376.2208
2026-08-24 08:30:00,2439.8,2444.92,2439.44,2444.72,1074.1471
2026-08-24 08:33:00,2444.71,2444.73,2442.85,2443.85,698.7446
2026-08-24 08:36:00,2443.84,2446.5,2443.48,2446.5,755.6357
2026-08-24 08:39:00,2446.51,2453.63,2446.51,2450.43,1005.2775
2026-08-24 08:42:00,2450.43,2453.38,2449.69,2453.37,751.7742
2026-08-24 08:45:00,2453.37,2453.38,2450.42,2451.1,916.8006
2026-08-24 08:48:00,2451.1,2457.0,2451.1,2454.86,1508.1884
2026-08-24 08:51:00,2454.85,2455.72,2453.71,2454.99,1066.8138
2026-08-24 08:54:00,2454.98,2456.17,2454.27,2455.42,1232.1138
2026-08-24 08:57:00,2455.42,2455.43,2453.45,2454.84,1041.8941
2026-08-24 09:00:00,2454.84,2457.64,2453.75,2457.37,1138.3014
2026-08-24 09:03:00,2457.37,2460.96,2456.8,2458.98,1721.4347
2026-08-24 09:06:00,2458.98,2463.13,2458.29,2462.28,1235.172
2026-08-24 09:09:00,2462.29,2463.21,2460.12,2460.73,855.9319
2026-08-24 09:12:00,2460.73,2462.79,2460.57,2462.04,1152.6671
2026-08-24 09:15:00,2462.03,2463.32,2459.76,2459.77,1074.8545
2026-08-24 09:18:00,2459.77,2461.86,2459.03,2461.86,840.8803
2026-08-24 09:21:00,2461.85,2461.86,2458.59,2459.0,379.9344
2026-08-24 09:24:00,2458.99,2459.23,2454.05,2458.66,887.0733
2026-08-24 09:27:00,2458.65,2460.73,2458.24,2460.09,446.3623
2026-08-24 09:30:00,2460.08,2464.58,2459.21,2463.53,636.022
2026-08-24 09:33:00,2463.54,2463.83,2461.09,2462.11,497.6749
2026-08-24 09:36:00,2462.1,2463.6,2460.78,2463.59,223.2996
2026-08-24 09:39:00,2463.59,2463.59,2461.65,2461.65,268.9896
2026-08-24 09:42:00,2461.65,2463.47,2461.28,2462.19,281.2069
2026-08-24 09:45:00,2462.19,2463.87,2461.29,2463.87,201.3325
2026-08-24 09:48:00,2463.87,2464.63,2461.32,2461.43,276.3036
2026-08-24 09:51:00,2461.43,2465.05,2461.43,2464.46,520.7923
2026-08-24 09:54:00,2464.6,2465.1,2462.6,2462.76,231.8534
2026-08-24 09:57:00,2462.75,2463.08,2461.29,2463.08,224.2665
2026-08-24 10:00:00,2463.07,2466.42,2462.28,2466.07,605.7517
2026-08-24 10:03:00,2466.06,2482.5,2466.06,2472.25,4999.7776
2026-08-24 10:06:00,2472.26,2479.56,2470.26,2474.26,1088.3975
2026-08-24 10:09:00,2474.26,2478.51,2473.31,2475.46,962.2899
2026-08-24 10:12:00,2475.47,2490.89,2474.46,2483.2,3498.1935
2026-08-24 10:15:00,2483.2,2483.85,2475.64,2477.44,941.8569
2026-08-24 10:18:00,2477.43,2479.34,2475.57,2476.01,456.5822
2026-08-24 10:21:00,2476.01,2476.01,2472.79,2474.43,1113.6721
2026-08-24 10:24:00,2474.44,2477.28,2473.52,2477.28,750.2098
2026-08-24 10:27:00,2477.28,2478.57,2470.32,2472.29,1342.7567
2026-08-24 10:30:00,2472.29,2477.47,2471.55,2475.17,1018.3715
2026-08-24 10:33:00,2475.17,2477.97,2475.16,2476.18,694.5413
2026-08-24 10:36:00,2476.18,2477.12,2471.57,2471.57,759.1691
2026-08-24 10:39:00,2471.57,2471.58,2463.77,2466.05,1398.0516
2026-08-24 10:42:00,2466.04,2467.75,2466.04,2466.52,404.6152
2026-08-24 10:45:00,2466.51,2470.47,2466.39,2469.34,487.9421
2026-08-24 10:48:00,2469.34,2470.08,2465.79,2465.79,516.6755
2026-08-24 10:51:00,2465.79,2465.8,2461.73,2463.86,737.2916
2026-08-24 10:54:00,2463.85,2464.55,2461.97,2462.71,293.5137
2026-08-24 10:57:00,2462.72,2465.8,2462.0,2465.2,253.1281
2026-08-24 11:00:00,2465.2,2465.61,2454.4,2458.64,2162.5812
2026-08-24 11:03:00,2458.64,2463.84,2456.26,2462.95,919.4165
2026-08-24 11:06:00,2462.92,2469.92,2462.27,2466.03,1091.7781
2026-08-24 11:09:00,2466.02,2469.88,2465.7,2468.89,391.8943
2026-08-24 11:12:00,2468.88,2470.78,2466.75,2469.01,387.6288
2026-08-24 11:15:00,2469.0,2469.0,2465.69,2467.69,399.4224
2026-08-24 11:18:00,2467.69,2469.74,2467.05,2469.03,250.8368
2026-08-24 11:21:00,2469.02,2469.87,2467.14,2467.77,431.5133
2026-08-24 11:24:00,2467.78,2473.31,2467.77,2471.48,533.3963
2026-08-24 11:27:00,2471.47,2472.88,2469.69,2472.26,596.6235
2026-08-24 11:30:00,2472.26,2481.99,2471.33,2480.34,1778.0743
2026-08-24 11:33:00,2480.34,2490.43,2478.22,2484.23,2064.6322
2026-08-24 11:36:00,2484.24,2497.65,2484.24,2494.18,3524.8859
2026-08-24 11:39:00,2494.17,2504.52,2491.0,2503.13,4650.3785
2026-08-24 11:42:00,2503.13,2506.95,2500.21,2506.53,2833.4554
2026-08-24 11:45:00,2506.53,2509.0,2489.48,2491.47,3665.7245
2026-08-24 11:48:00,2491.47,2494.03,2488.23,2490.43,1400.2912
2026-08-24 11:51:00,2490.42,2493.73,2488.65,2491.47,1006.3531
2026-08-24 11:54:00,2491.47,2492.4,2488.0,2488.62,587.8853
2026-08-24 11:57:00,2488.62,2494.53,2488.43,2494.18,732.3356
2026-08-24 12:00:00,2494.18,2494.27,2485.17,2487.33,939.0004
2026-08-24 12:03:00,2487.32,2488.64,2484.09,2485.35,933.5115
2026-08-24 12:06:00,2485.34,2487.38,2484.35,2485.97,642.9552
2026-08-24 12:09:00,2485.97,2489.25,2485.97,2488.68,879.7549
2026-08-24 12:12:00,2488.67,2488.67,2482.85,2484.51,763.1959
2026-08-24 12:15:00,2484.52,2486.34,2474.5,2479.82,3043.5604
2026-08-24 12:18:00,2479.82,2489.37,2479.82,2487.59,1027.8109
2026-08-24 12:21:00,2487.59,2491.85,2486.94,2491.85,725.9722
2026-08-24 12:24:00,2491.85,2494.52,2491.15,2493.48,830.5642
2026-08-24 12:27:00,2493.48,2494.5,2491.24,2493.47,1147.0709
2026-08-24 12:30:00,2493.46,2501.88,2492.24,2496.0,4441.3685
2026-08-24 12:33:00,2496.0,2497.75,2487.68,2496.5,1656.8471
2026-08-24 12:36:00,2496.53,2496.86,2493.05,2496.82,764.3357
2026-08-24 12:39:00,2496.82,2502.41,2496.6,2500.52,1897.3819
2026-08-24 12:42:00,2500.52,2506.17,2499.23,2500.1,1495.8622
2026-08-24 12:45:00,2500.1,2505.76,2498.95,2502.7,1086.9677
2026-08-24 12:48:00,2502.71,2507.98,2502.17,2507.56,1741.1105
2026-08-24 12:51:00,2507.57,2518.54,2503.05,2510.08,5111.5464
2026-08-24 12:54:00,2510.08,2516.0,2509.44,2516.0,1591.4031
2026-08-24 12:57:00,2515.99,2517.52,2509.94,2512.54,1492.0069
2026-08-24 13:00:00,2512.54,2513.76,2504.35,2505.27,1911.3965
2026-08-24 13:03:00,2505.27,2509.3,2502.05,2506.43,1338.6986
2026-08-24 13:06:00,2506.43,2510.0,2505.9,2509.99,1037.4085
2026-08-24 13:09:00,2510.0,2519.88,2509.47,2516.88,2703.9215
2026-08-24 13:12:00,2516.87,2517.98,2510.37,2515.71,1558.3956
2026-08-24 13:15:00,2515.71,2515.71,2504.76,2507.3,1945.491
2026-08-24 13:18:00,2507.31,2515.45,2506.02,2514.82,1370.7989
2026-08-24 13:21:00,2514.82,2517.04,2510.0,2510.08,942.7252
2026-08-24 13:24:00,2510.08,2510.87,2506.24,2507.99,1247.8423
2026-08-24 13:27:00,2507.98,2508.77,2504.89,2507.2,952.2486
2026-08-24 13:30:00,2507.2,2507.43,2493.89,2495.47,3338.1321
2026-08-24 13:33:00,2495.48,2502.08,2486.99,2501.1,2574.9102
2026-08-24 13:36:00,2501.09,2502.42,2492.55,2494.95,2282.2375
2026-08-24 13:39:00,2494.94,2496.51,2485.12,2494.39,1886.1758
2026-08-24 13:42:00,2494.4,2494.78,2483.07,2486.6,2459.4352
2026-08-24 13:45:00,2486.58,2493.19,2476.31,2490.96,3616.6231
2026-08-24 13:48:00,2490.96,2494.99,2490.21,2493.04,1303.7134
2026-08-24 13:51:00,2493.05,2494.33,2478.97,2484.0,2145.2894
2026-08-24 13:54:00,2484.01,2494.85,2482.62,2493.63,1362.1885
2026-08-24 13:57:00,2493.62,2495.8,2491.86,2493.83,1081.9135
2026-08-24 14:00:00,2493.83,2501.76,2493.2,2497.01,2066.9904
2026-08-24 14:03:00,2497.01,2499.32,2491.61,2499.32,1122.1392
2026-08-24 14:06:00,2499.31,2501.83,2496.35,2500.96,2452.9923
2026-08-24 14:09:00,2500.95,2510.16,2500.0,2506.57,2571.0908
2026-08-24 14:12:00,2506.57,2513.0,2503.52,2511.36,2325.8393
2026-08-24 14:15:00,2511.36,2514.57,2510.17,2512.97,1112.2266
2026-08-24 14:18:00,2512.97,2513.53,2504.95,2512.38,1527.8299
2026-08-24 14:21:00,2512.39,2528.0,2507.28,2513.48,6157.9834
2026-08-24 14:24:00,2513.48,2514.08,2502.62,2512.15,2769.0712
2026-08-24 14:27:00,2512.16,2517.58,2508.6,2516.86,1205.7513
2026-08-24 14:30:00,2516.85,2525.0,2515.58,2522.25,2857.7532
2026-08-24 14:33:00,2522.25,2528.89,2519.11,2525.85,3669.559
2026-08-24 14:36:00,2525.84,2532.12,2524.71,2528.04,3873.4398
2026-08-24 14:39:00,2528.04,2530.62,2522.9,2528.83,2905.2491
2026-08-24 14:42:00,2528.82,2529.68,2517.57,2522.58,1716.2985
2026-08-24 14:45:00,2522.57,2524.54,2518.07,2518.77,1236.2889
2026-08-24 14:48:00,2518.77,2518.96,2509.03,2512.54,1832.144
2026-08-24 14:51:00,2512.54,2514.0,2509.21,2513.88,1305.1574
2026-08-24 14:54:00,2513.87,2514.69,2509.32,2514.68,1234.835
2026-08-24 14:57:00,2514.68,2517.18,2513.94,2516.16,1336.1906
2026-08-24 15:00:00,2516.16,2517.29,2510.83,2515.51,1385.5633
2026-08-24 15:03:00,2515.5,2519.51,2510.88,2513.61,1251.5483
2026-08-24 15:06:00,2513.61,2520.94,2513.34,2515.49,1339.9178
2026-08-24 15:09:00,2515.49,2517.97,2514.22,2517.89,632.1533
2026-08-24 15:12:00,2517.89,2521.19,2515.6,2515.8,1077.497
2026-08-24 15:15:00,2515.8,2520.0,2514.73,2518.01,1344.3012
2026-08-24 15:18:00,2518.01,2520.69,2517.35,2519.4,881.7753
2026-08-24 15:21:00,2519.4,2530.46,2517.06,2526.68,2272.5032
2026-08-24 15:24:00,2526.68,2532.95,2521.31,2528.0,2023.8354
2026-08-24 15:27:00,2528.0,2532.23,2520.24,2525.34,2650.5495
2026-08-24 15:30:00,2525.28,2525.37,2519.61,2522.4,2389.6189
2026-08-24 15:33:00,2522.41,2524.26,2514.42,2516.47,1451.1555
2026-08-24 15:36:00,2516.47,2520.11,2505.78,2507.48,2142.2632
2026-08-24 15:39:00,2507.49,2510.0,2504.76,2505.42,1566.8805
2026-08-24 15:42:00,2505.42,2508.83,2489.0,2495.03,4819.6446
2026-08-24 15:45:00,2495.02,2502.51,2489.0,2500.45,2315.0543
2026-08-24 15:48:00,2500.46,2500.46,2492.54,2494.05,2007.1285
2026-08-24 15:51:00,2494.05,2494.12,2484.4,2489.65,2939.9191
2026-08-24 15:54:00,2489.65,2492.56,2481.61,2484.36,2110.1571
2026-08-24 15:57:00,2484.36,2488.0,2479.38,2487.99,2253.8752
2026-08-24 16:00:00,2487.99,2492.57,2486.49,2491.76,2835.4126
2026-08-24 16:03:00,2491.79,2498.17,2489.94,2497.34,2667.593
2026-08-24 16:06:00,2497.33,2506.0,2496.47,2502.08,3063.7908
2026-08-24 16:09:00,2502.07,2503.17,2498.12,2499.24,1014.1234
2026-08-24 16:12:00,2499.25,2499.92,2495.66,2498.75,930.5299
2026-08-24 16:15:00,2498.74,2503.35,2498.27,2501.97,1319.6481
2026-08-24 16:18:00,2501.96,2506.0,2499.58,2499.7,1153.2906
2026-08-24 16:21:00,2499.7,2504.19,2499.42,2503.7,784.2659
2026-08-24 16:24:00,2503.69,2504.67,2499.66,2501.49,809.1072
2026-08-24 16:27:00,2501.5,2503.19,2499.48,2499.48,546.0299
2026-08-24 16:30:00,2499.47,2500.86,2496.79,2496.79,674.3666
2026-08-24 16:33:00,2496.79,2500.03,2495.04,2499.84,828.9281
2026-08-24 16:36:00,2499.84,2499.84,2494.72,2496.99,1033.1088
2026-08-24 16:39:00,2497.0,2497.64,2489.27,2492.46,1211.875
2026-08-24 16:42:00,2492.46,2494.18,2489.48,2489.49,635.015
2026-08-24 16:45:00,2489.48,2491.18,2486.26,2491.18,887.8524
2026-08-24 16:48:00,2491.18,2491.34,2486.55,2486.91,899.8213
2026-08-24 16:51:00,2486.91,2486.91,2482.18,2485.21,846.7856
2026-08-24 16:54:00,2485.22,2485.22,2469.02,2478.2,5067.6885
2026-08-24 16:57:00,2478.21,2480.61,2477.39,2478.43,984.8028
2026-08-24 17:00:00,2478.43,2478.59,2463.71,2465.71,2723.8261
2026-08-24 17:03:00,2465.71,2474.02,2464.98,2473.94,1123.5372
2026-08-24 17:06:00,2473.95,2483.0,2473.68,2480.28,1482.4528
2026-08-24 17:09:00,2480.29,2484.29,2479.56,2482.75,752.2164
2026-08-24 17:12:00,2482.74,2482.8,2476.38,2476.75,815.9565
2026-08-24 17:15:00,2476.75,2478.25,2464.5,2478.25,2285.0716
2026-08-24 17:18:00,2478.25,2480.05,2468.0,2469.14,1545.097
2026-08-24 17:21:00,2469.15,2469.29,2455.55,2459.37,3183.7871
2026-08-24 17:24:00,2459.38,2463.9,2455.0,2463.47,1988.5901
2026-08-24 17:27:00,2463.47,2465.74,2456.9,2458.32,1272.3289
2026-08-24 17:30:00,2458.32,2462.3,2456.9,2459.12,1269.7904
2026-08-24 17:33:00,2459.11,2461.38,2457.25,2461.38,854.4209
2026-08-24 17:36:00,2461.37,2467.97,2461.37,2465.47,1440.9628
2026-08-24 17:39:00,2465.46,2469.7,2465.21,2467.7,612.243
2026-08-24 17:42:00,2467.72,2469.0,2460.97,2460.98,693.932
2026-08-24 17:45:00,2460.98,2465.64,2458.55,2465.64,1061.6884
2026-08-24 17:48:00,2465.63,2468.3,2464.48,2467.04,460.1368
2026-08-24 17:51:00,2467.03,2468.02,2464.87,2466.55,1031.1748
2026-08-24 17:54:00,2466.55,2467.25,2461.59,2464.38,699.8797
2026-08-24 17:57:00,2464.38,2470.34,2464.37,2468.97,1003.3411
2026-08-24 18:00:00,2468.97,2475.04,2468.97,2474.01,975.9059
2026-08-24 18:03:00,2474.0,2476.77,2472.23,2475.71,1211.8772
2026-08-24 18:06:00,2475.72,2480.59,2474.0,2474.67,1824.5688
2026-08-24 18:09:00,2474.68,2478.96,2473.92,2478.3,446.6556
2026-08-24 18:12:00,2478.29,2483.78,2477.99,2482.06,1071.9379
2026-08-24 18:15:00,2482.07,2482.33,2478.85,2480.31,832.4723
2026-08-24 18:18:00,2480.32,2483.21,2478.0,2479.74,1071.7348
2026-08-24 18:21:00,2479.75,2480.54,2477.6,2478.65,1076.3335
2026-08-24 18:24:00,2478.65,2481.73,2474.8,2481.31,793.5664
2026-08-24 18:27:00,2481.3,2482.09,2478.44,2479.54,345.7526
2026-08-24 18:30:00,2479.55,2482.21,2478.77,2481.4,554.5048
2026-08-24 18:33:00,2481.43,2481.7,2475.35,2475.38,345.0409
2026-08-24 18:36:00,2475.39,2477.09,2468.03,2468.03,1036.9613
2026-08-24 18:39:00,2468.04,2476.44,2467.19,2476.16,790.469
2026-08-24 18:42:00,2476.16,2476.49,2473.57,2476.48,500.7935
2026-08-24 18:45:00,2476.48,2479.02,2475.5,2476.1,658.8451
2026-08-24 18:48:00,2476.1,2480.42,2476.1,2479.13,490.5596
2026-08-24 18:51:00,2479.12,2479.12,2473.37,2473.37,581.6577
2026-08-24 18:54:00,2473.37,2476.97,2472.93,2473.99,1616.6435
2026-08-24 18:57:00,2473.98,2476.11,2473.08,2473.84,390.6178
2026-08-24 19:00:00,2473.85,2477.69,2472.58,2472.95,2643.9365
2026-08-24 19:03:00,2472.95,2473.62,2467.3,2468.64,1254.0984
2026-08-24 19:06:00,2468.62,2468.79,2464.52,2468.75,1400.926
2026-08-24 19:09:00,2468.75,2472.01,2466.01,2471.41,715.5412
2026-08-24 19:12:00,2471.41,2474.83,2471.4,2473.84,635.5715
2026-08-24 19:15:00,2473.83,2475.31,2468.91,2469.48,772.3913
2026-08-24 19:18:00,2469.49,2470.41,2462.94,2464.37,1351.6325
2026-08-24 19:21:00,2464.37,2465.86,2463.24,2465.25,463.116
2026-08-24 19:24:00,2465.25,2470.44,2461.87,2469.38,760.6186
2026-08-24 19:27:00,2469.39,2471.0,2469.39,2470.48,337.6325
2026-08-24 19:30:00,2470.48,2471.67,2468.81,2471.66,410.0725
2026-08-24 19:33:00,2471.65,2471.65,2469.47,2470.8,454.584
2026-08-24 19:36:00,2470.8,2474.16,2470.8,2473.56,766.3498
2026-08-24 19:39:00,2473.57,2474.46,2468.88,2469.29,472.9746
2026-08-24 19:42:00,2469.31,2471.78,2467.94,2471.77,462.8731
2026-08-24 19:45:00,2471.78,2472.44,2467.76,2468.97,540.038
2026-08-24 19:48:00,2468.96,2471.9,2468.34,2468.86,595.9308
2026-08-24 19:51:00,2468.86,2469.21,2465.0,2467.17,753.9406
2026-08-24 19:54:00,2467.17,2471.17,2466.88,2471.12,467.0833
2026-08-24 19:57:00,2471.11,2471.81,2469.92,2471.4,751.3459
2026-08-24 20:00:00,2471.48,2474.09,2465.65,2465.97,717.7389
2026-08-24 20:03:00,2465.97,2467.79,2465.46,2467.48,273.1098
2026-08-24 20:06:00,2467.48,2473.44,2467.48,2472.86,478.5575
2026-08-24 20:09:00,2472.85,2475.52,2472.52,2473.45,294.7826
2026-08-24 20:12:00,2473.44,2473.45,2470.35,2472.39,252.1605
2026-08-24 20:15:00,2472.38,2472.38,2469.0,2469.89,122.5403
2026-08-24 20:18:00,2469.89,2472.26,2469.42,2470.52,330.8039
2026-08-24 20:21:00,2470.61,2472.39,2469.14,2472.39,282.088
2026-08-24 20:24:00,2472.38,2472.38,2466.96,2468.0,383.5248
2026-08-24 20:27:00,2468.0,2468.88,2466.19,2468.46,301.4771
2026-08-24 20:30:00,2468.46,2468.87,2466.32,2468.65,293.9403
2026-08-24 20:33:00,2468.64,2474.69,2468.54,2473.48,479.8185
2026-08-24 20:36:00,2473.47,2479.21,2473.25,2478.72,810.5333
2026-08-24 20:39:00,2478.72,2478.91,2474.48,2474.6,272.8447
2026-08-24 20:42:00,2474.6,2475.76,2474.01,2474.05,257.001
2026-08-24 20:45:00,2474.04,2474.91,2473.35,2473.4,260.0361
2026-08-24 20:48:00,2473.4,2473.71,2471.98,2472.58,242.9182
2026-08-24 20:51:00,2472.57,2472.72,2471.4,2471.58,180.8765
2026-08-24 20:54:00,2471.59,2473.76,2471.59,2473.76,77.2889
2026-08-24 20:57:00,2473.75,2475.16,2473.61,2475.16,257.1431
2026-08-24 21:00:00,2475.16,2480.0,2475.16,2479.76,784.0237
2026-08-24 21:03:00,2479.76,2481.78,2479.76,2481.21,576.6015
2026-08-24 21:06:00,2481.21,2481.73,2479.04,2480.22,278.5388
2026-08-24 21:09:00,2480.23,2482.85,2479.63,2482.84,236.0908
2026-08-24 21:12:00,2482.84,2483.93,2482.21,2483.92,336.6482
2026-08-24 21:15:00,2483.93,2484.31,2479.61,2479.61,373.3329
2026-08-24 21:18:00,2479.61,2481.42,2479.03,2479.52,310.6283
2026-08-24 21:21:00,2479.52,2482.73,2479.52,2482.21,322.2521
2026-08-24 21:24:00,2482.2,2482.2,2479.69,2481.24,589.2728
2026-08-24 21:27:00,2481.24,2481.58,2480.39,2481.58,121.9462
2026-08-24 21:30:00,2481.58,2482.6,2480.69,2481.09,288.8153
2026-08-24 21:33:00,2481.08,2481.09,2480.18,2480.18,66.2808
2026-08-24 21:36:00,2480.19,2482.08,2480.03,2480.15,394.9854
2026-08-24 21:39:00,2480.15,2483.11,2480.15,2483.1,244.6411
2026-08-24 21:42:00,2483.1,2484.11,2482.64,2483.39,368.9201
2026-08-24 21:45:00,2483.36,2489.67,2483.17,2484.1,457.4566
2026-08-24 21:48:00,2484.1,2485.88,2484.02,2484.03,306.5821
2026-08-24 21:51:00,2484.02,2486.7,2482.09,2482.09,464.357
2026-08-24 21:54:00,2482.09,2483.05,2481.52,2482.88,141.1531
2026-08-24 21:57:00,2482.88,2483.69,2482.65,2483.56,281.2625
2026-08-24 22:00:00,2483.56,2485.38,2480.27,2482.09,584.0103
2026-08-24 22:03:00,2482.09,2484.12,2480.27,2482.61,334.7811
2026-08-24 22:06:00,2482.6,2484.43,2481.57,2482.78,229.0069
2026-08-24 22:09:00,2482.79,2482.79,2481.0,2481.02,164.3751
2026-08-24 22:12:00,2481.03,2481.23,2479.23,2481.22,325.3091
2026-08-24 22:15:00,2481.23,2482.45,2480.61,2480.99,195.877
2026-08-24 22:18:00,2480.99,2480.99,2477.4,2477.81,282.9135
2026-08-24 22:21:00,2477.81,2480.45,2477.81,2479.84,250.1079
2026-08-24 22:24:00,2479.85,2480.75,2476.43,2476.63,581.796
2026-08-24 22:27:00,2476.63,2478.22,2475.79,2477.67,295.895
2026-08-24 22:30:00,2477.68,2481.24,2477.68,2479.76,828.3413
2026-08-24 22:33:00,2479.77,2483.73,2479.4,2481.55,540.7276
2026-08-24 22:36:00,2481.54,2484.89,2480.42,2483.63,288.9795
2026-08-24 22:39:00,2483.63,2483.93,2479.69,2479.7,218.6037
2026-08-24 22:42:00,2479.7,2480.1,2476.63,2476.82,486.395
2026-08-24 22:45:00,2476.82,2479.5,2476.82,2479.35,138.9734
2026-08-24 22:48:00,2479.35,2480.15,2477.86,2478.8,239.6097
2026-08-24 22:51:00,2478.8,2479.97,2477.23,2478.65,267.6484
2026-08-24 22:54:00,2478.66,2478.66,2474.29,2476.02,371.9172
2026-08-24 22:57:00,2476.01,2476.36,2472.5,2474.26,370.2565
2026-08-24 23:00:00,2474.27,2475.36,2471.66,2471.95,277.8726
2026-08-24 23:03:00,2471.95,2476.63,2470.7,2474.92,606.0672
2026-08-24 23:06:00,2474.93,2477.85,2474.93,2477.69,193.7236
2026-08-24 23:09:00,2477.7,2478.9,2476.78,2478.74,262.8084
2026-08-24 23:12:00,2478.74,2479.34,2477.02,2477.65,340.3064
2026-08-24 23:15:00,2477.64,2478.8,2477.09,2477.82,309.2941
2026-08-24 23:18:00,2477.82,2480.32,2477.76,2480.32,420.8606
2026-08-24 23:21:00,2480.31,2481.44,2480.13,2481.25,323.685
2026-08-24 23:24:00,2481.26,2484.58,2481.26,2484.56,494.8064
2026-08-24 23:27:00,2484.57,2484.99,2483.0,2483.03,273.179
2026-08-24 23:30:00,2483.04,2485.97,2482.0,2485.8,723.3589
2026-08-24 23:33:00,2485.8,2485.8,2483.0,2483.19,353.4161
2026-08-24 23:36:00,2483.19,2486.47,2483.19,2485.79,288.7478
2026-08-24 23:39:00,2485.79,2487.24,2485.78,2485.82,500.1358
2026-08-24 23:42:00,2485.81,2486.35,2485.0,2485.12,279.366
2026-08-24 23:45:00,2485.13,2486.49,2482.36,2482.79,453.9633
2026-08-24 23:48:00,2482.8,2482.8,2478.04,2478.56,440.3945
2026-08-24 23:51:00,2478.56,2479.13,2476.99,2477.36,240.3333
2026-08-24 23:54:00,2477.35,2480.74,2477.14,2480.56,276.2804
2026-08-24 23:57:00,2480.59,2483.04,2480.24,2482.31,271.4301
2026-08-25 00:00:00,2482.31,2483.39,2480.5,2480.83,353.9118
2026-08-25 00:03:00,2480.82,2481.57,2477.95,2478.62,212.3196
2026-08-25 00:06:00,2478.61,2484.51,2477.61,2479.96,1060.808
2026-08-25 00:09:00,2479.96,2482.22,2477.63,2480.98,521.6185
2026-08-25 00:12:00,2480.99,2483.73,2479.02,2479.25,725.5743
2026-08-25 00:15:00,2479.26,2479.26,2473.67,2474.14,845.2181
2026-08-25 00:18:00,2474.13,2477.16,2472.18,2476.56,532.3412
2026-08-25 00:21:00,2476.56,2480.41,2475.84,2480.4,475.6757
2026-08-25 00:24:00,2480.41,2482.64,2478.72,2479.37,818.5749
2026-08-25 00:27:00,2479.37,2480.15,2477.57,2478.99,206.8295
2026-08-25 00:30:00,2478.98,2480.68,2476.69,2477.61,610.0027
2026-08-25 00:33:00,2477.61,2483.52,2476.89,2483.44,359.7945
2026-08-25 00:36:00,2483.41,2486.5,2480.36,2486.48,415.0449
2026-08-25 00:39:00,2486.48,2487.27,2481.27,2483.91,899.2881
2026-08-25 00:42:00,2483.91,2494.01,2483.44,2492.67,1476.6347
2026-08-25 00:45:00,2492.68,2504.74,2490.7,2500.39,2746.111
2026-08-25 00:48:00,2500.37,2500.37,2489.85,2495.56,1144.4099
2026-08-25 00:51:00,2495.59,2497.74,2491.25,2496.07,743.1913
2026-08-25 00:54:00,2496.06,2500.56,2494.9,2494.95,1173.0285
2026-08-25 00:57:00,2494.95,2497.25,2492.94,2493.61,513.2196
2026-08-25 01:00:00,2493.61,2498.13,2492.65,2497.6,486.6131
2026-08-25 01:03:00,2497.61,2499.99,2494.28,2494.67,528.4822
2026-08-25 01:06:00,2494.67,2496.74,2490.09,2491.31,946.7401
2026-08-25 01:09:00,2491.31,2493.31,2487.82,2490.38,607.797
2026-08-25 01:12:00,2490.38,2491.73,2487.84,2488.78,375.4566
2026-08-25 01:15:00,2488.79,2495.35,2484.88,2493.54,764.8739
2026-08-25 01:18:00,2493.54,2495.86,2491.53,2495.39,943.9242
2026-08-25 01:21:00,2495.4,2496.04,2492.67,2493.1,585.2172
2026-08-25 01:24:00,2493.1,2498.91,2492.5,2497.37,1490.8348
2026-08-25 01:27:00,2497.38,2504.62,2496.92,2498.58,1810.9949
2026-08-25 01:30:00,2498.59,2500.99,2497.26,2497.26,501.0372
2026-08-25 01:33:00,2497.27,2498.33,2495.51,2495.61,465.2079
2026-08-25 01:36:00,2495.6,2500.93,2494.94,2499.68,456.1587
2026-08-25 01:39:00,2499.68,2502.15,2498.28,2499.0,537.4655
2026-08-25 01:42:00,2499.01,2499.64,2494.16,2494.36,445.1146
2026-08-25 01:45:00,2494.32,2497.02,2493.98,2495.02,281.8536
2026-08-25 01:48:00,2495.01,2496.43,2493.2,2493.99,896.6099
2026-08-25 01:51:00,2493.99,2494.24,2489.24,2490.74,1189.1009
2026-08-25 01:54:00,2490.74,2493.74,2489.41,2492.65,410.0693
2026-08-25 01:57:00,2492.66,2496.59,2492.34,2495.99,285.7774
2026-08-25 02:00:00,2495.99,2498.17,2493.46,2497.62,431.1805
2026-08-25 02:03:00,2497.63,2498.74,2494.86,2494.86,343.7671
2026-08-25 02:06:00,2494.85,2495.39,2492.92,2493.79,435.4423
2026-08-25 02:09:00,2493.79,2497.6,2492.31,2495.49,315.5621
2026-08-25 02:12:00,2495.48,2495.48,2492.38,2494.39,318.3559
2026-08-25 02:15:00,2494.4,2513.31,2493.45,2512.56,2139.7625
2026-08-25 02:18:00,2512.88,2520.86,2509.08,2518.19,6639.9611
2026-08-25 02:21:00,2518.2,2521.75,2510.0,2511.48,2812.3151
2026-08-25 02:24:00,2511.47,2519.72,2510.12,2517.22,1341.3731
2026-08-25 02:27:00,2517.23,2532.5,2517.23,2529.61,3994.6103
2026-08-25 02:30:00,2529.6,2532.34,2521.93,2522.19,2121.3935
2026-08-25 02:33:00,2522.19,2522.2,2517.04,2517.87,864.9769
2026-08-25 02:36:00,2517.87,2519.54,2514.38,2518.21,805.4984
2026-08-25 02:39:00,2518.22,2528.33,2517.01,2527.57,1337.2631
2026-08-25 02:42:00,2527.58,2530.74,2516.75,2517.21,1656.4089
2026-08-25 02:45:00,2517.2,2518.82,2513.78,2518.46,1834.4751
2026-08-25 02:48:00,2518.45,2518.87,2501.96,2505.47,2389.1366
2026-08-25 02:51:00,2505.47,2510.71,2503.07,2510.05,881.5607
2026-08-25 02:54:00,2510.04,2510.49,2506.49,2509.0,593.8521
2026-08-25 02:57:00,2509.0,2510.71,2506.85,2507.69,1138.775
2026-08-25 03:00:00,2507.7,2510.71,2504.84,2507.04,868.2716
2026-08-25 03:03:00,2507.05,2512.9,2507.05,2511.31,393.8991
2026-08-25 03:06:00,2511.3,2514.55,2510.64,2512.15,616.6311
2026-08-25 03:09:00,2512.15,2513.74,2510.03,2511.38,431.3524
2026-08-25 03:12:00,2511.38,2513.17,2510.32,2511.0,282.1773
2026-08-25 03:15:00,2511.0,2511.81,2507.35,2507.64,528.8027
2026-08-25 03:18:00,2507.62,2511.81,2507.0,2507.42,733.6139
2026-08-25 03:21:00,2507.43,2511.08,2505.11,2510.73,781.4254
2026-08-25 03:24:00,2510.74,2510.74,2504.64,2507.02,679.6864
2026-08-25 03:27:00,2507.04,2508.97,2505.14,2505.73,368.6214
2026-08-25 03:30:00,2505.73,2509.28,2503.63,2508.29,790.4679
2026-08-25 03:33:00,2508.28,2508.91,2504.25,2504.25,304.6548
2026-08-25 03:36:00,2504.24,2507.94,2504.1,2505.88,553.3825
2026-08-25 03:39:00,2505.88,2508.08,2502.86,2505.96,736.9723
2026-08-25 03:42:00,2505.95,2505.96,2496.86,2498.77,1673.4971
2026-08-25 03:45:00,2498.77,2501.32,2496.0,2500.13,871.67
2026-08-25 03:48:00,2500.13,2500.52,2488.99,2496.19,1770.4605
2026-08-25 03:51:00,2496.2,2499.32,2494.8,2498.9,608.8603
2026-08-25 03:54:00,2498.9,2499.51,2495.66,2495.66,542.1711
2026-08-25 03:57:00,2495.66,2499.4,2493.57,2499.29,670.0576
2026-08-25 04:00:00,2499.3,2503.57,2498.33,2503.57,567.958
2026-08-25 04:03:00,2503.57,2504.09,2496.72,2498.08,663.6633
2026-08-25 04:06:00,2498.08,2498.79,2492.81,2496.85,644.872
2026-08-25 04:09:00,2496.85,2499.89,2496.1,2499.89,403.9606
2026-08-25 04:12:00,2499.89,2501.01,2498.37,2500.15,453.4041
2026-08-25 04:15:00,2500.15,2500.65,2491.94,2494.17,1214.1485
2026-08-25 04:18:00,2494.18,2496.64,2492.48,2496.1,884.9571
2026-08-25 04:21:00,2496.1,2497.91,2492.95,2496.76,656.177
2026-08-25 04:24:00,2496.75,2498.01,2495.05,2495.15,421.2042
2026-08-25 04:27:00,2495.15,2495.66,2493.35,2494.34,280.7332
2026-08-25 04:30:00,2494.35,2495.98,2488.96,2495.98,718.2551
2026-08-25 04:33:00,2495.98,2497.0,2493.05,2496.04,340.8534
2026-08-25 04:36:00,2496.04,2496.95,2495.08,2496.76,742.2558
2026-08-25 04:39:00,2496.76,2497.43,2490.48,2491.65,1115.2321
2026-08-25 04:42:00,2491.65,2491.94,2490.0,2491.77,383.6604
2026-08-25 04:45:00,2491.76,2494.48,2490.5,2494.01,595.375
2026-08-25 04:48:00,2494.0,2495.48,2492.33,2494.37,522.6327
2026-08-25 04:51:00,2494.41,2495.29,2493.42,2493.42,318.6368
2026-08-25 04:54:00,2493.42,2493.49,2491.35,2491.35,257.9414
2026-08-25 04:57:00,2491.34,2495.0,2490.34,2494.99,498.9397
2026-08-25 05:00:00,2494.99,2499.6,2493.77,2498.01,1138.0498
2026-08-25 05:03:00,2498.02,2500.0,2497.86,2499.93,573.9546
2026-08-25 05:06:00,2499.94,2501.93,2499.94,2501.55,455.8402
2026-08-25 05:09:00,2501.56,2501.95,2500.35,2500.42,357.3901
2026-08-25 05:12:00,2500.42,2501.3,2500.0,2500.85,473.5766
2026-08-25 05:15:00,2500.85,2503.01,2500.21,2501.31,578.8027
2026-08-25 05:18:00,2501.32,2504.64,2501.32,2503.59,738.5243
2026-08-25 05:21:00,2503.59,2504.64,2503.32,2503.71,297.9349
2026-08-25 05:24:00,2503.72,2508.51,2503.72,2507.53,541.0906
2026-08-25 05:27:00,2507.53,2511.82,2507.14,2508.71,682.8952
2026-08-25 05:30:00,2508.71,2511.5,2507.03,2509.69,793.9778
2026-08-25 05:33:00,2509.69,2511.02,2508.4,2511.02,361.4789
2026-08-25 05:36:00,2511.02,2511.78,2509.61,2510.37,773.5734
2026-08-25 05:39:00,2510.37,2511.39,2509.39,2510.35,335.2534
2026-08-25 05:42:00,2510.35,2510.41,2506.79,2506.79,515.6635
2026-08-25 05:45:00,2506.8,2508.18,2505.47,2506.69,285.9904
2026-08-25 05:48:00,2506.69,2509.84,2506.69,2507.9,387.4181
2026-08-25 05:51:00,2507.89,2510.71,2507.41,2509.3,500.6553
2026-08-25 05:54:00,2509.29,2510.29,2507.36,2509.84,308.7939
2026-08-25 05:57:00,2509.83,2510.31,2508.72,2508.73,210.8027
2026-08-25 06:00:00,2508.73,2509.67,2508.0,2508.85,206.0132
2026-08-25 06:03:00,2508.85,2510.57,2507.13,2507.46,457.9634
2026-08-25 06:06:00,2507.46,2510.04,2507.46,2507.81,319.9627
2026-08-25 06:09:00,2507.81,2508.96,2506.73,2507.54,270.9994
2026-08-25 06:12:00,2507.54,2510.14,2507.02,2510.12,296.2363
2026-08-25 06:15:00,2510.11,2512.77,2508.88,2512.76,307.8739
2026-08-25 06:18:00,2512.76,2513.54,2510.0,2510.01,429.9516
2026-08-25 06:21:00,2510.0,2515.43,2508.72,2514.4,526.3188
2026-08-25 06:24:00,2514.4,2514.71,2511.66,2513.87,271.6201
2026-08-25 06:27:00,2513.88,2513.88,2510.54,2510.54,96.6193
2026-08-25 06:30:00,2510.54,2510.54,2501.57,2502.07,1068.1154
2026-08-25 06:33:00,2502.07,2505.46,2501.88,2502.2,315.56
2026-08-25 06:36:00,2502.2,2502.21,2499.28,2501.25,610.3473
2026-08-25 06:39:00,2501.25,2503.69,2501.25,2503.55,345.1324
2026-08-25 06:42:00,2503.55,2504.43,2502.78,2504.24,431.8596
2026-08-25 06:45:00,2504.25,2504.66,2502.72,2503.19,493.8889
2026-08-25 06:48:00,2503.19,2503.38,2499.01,2500.14,408.4812
2026-08-25 06:51:00,2500.15,2501.08,2499.12,2500.14,351.3074
2026-08-25 06:54:00,2500.14,2500.15,2496.04,2497.99,510.1575
2026-08-25 06:57:00,2498.0,2500.88,2497.09,2500.88,148.2875
2026-08-25 07:00:00,2500.89,2504.89,2500.17,2504.65,412.4064
2026-08-25 07:03:00,2504.65,2513.0,2504.55,2512.85,1083.5638
2026-08-25 07:06:00,2512.85,2512.98,2507.36,2507.86,433.9842
2026-08-25 07:09:00,2507.86,2508.79,2507.26,2507.26,445.394
2026-08-25 07:12:00,2507.26,2508.81,2507.05,2507.24,239.4126
2026-08-25 07:15:00,2507.23,2508.11,2505.77,2505.92,178.3283
2026-08-25 07:18:00,2505.91,2505.91,2502.82,2504.34,330.2145
2026-08-25 07:21:00,2504.35,2506.88,2504.34,2505.37,117.7147
2026-08-25 07:24:00,2505.37,2505.41,2503.67,2503.99,211.9133
2026-08-25 07:27:00,2504.0,2505.85,2504.0,2504.87,209.0248
2026-08-25 07:30:00,2504.87,2504.87,2502.23,2502.23,797.7573
2026-08-25 07:33:00,2502.24,2502.61,2501.3,2501.96,735.26
2026-08-25 07:36:00,2501.95,2502.29,2498.8,2499.23,693.7298
2026-08-25 07:39:00,2499.23,2499.48,2496.41,2499.32,787.8145
2026-08-25 07:42:00,2499.32,2499.67,2498.6,2499.22,736.3517
2026-08-25 07:45:00,2499.21,2499.6,2497.54,2497.69,673.0497
2026-08-25 07:48:00,2497.68,2497.9,2476.0,2480.26,4784.1195
2026-08-25 07:51:00,2480.26,2482.52,2464.41,2482.08,5412.4057
2026-08-25 07:54:00,2482.08,2485.0,2479.61,2484.8,2441.4611
2026-08-25 07:57:00,2484.8,2485.28,2478.93,2478.94,894.7336
2026-08-25 08:00:00,2478.94,2482.61,2475.0,2478.55,1380.1383
2026-08-25 08:03:00,2478.55,2482.56,2478.55,2481.9,434.8269
2026-08-25 08:06:00,2481.89,2482.84,2480.21,2482.2,461.7728
2026-08-25 08:09:00,2482.19,2483.0,2481.83,2483.0,821.6487
2026-08-25 08:12:00,2483.0,2486.43,2483.0,2485.5,1295.3104
2026-08-25 08:15:00,2485.49,2490.6,2485.38,2489.12,349.588
2026-08-25 08:18:00,2489.13,2489.9,2486.77,2489.9,309.2311
2026-08-25 08:21:00,2489.89,2496.96,2489.09,2495.31,1199.033
2026-08-25 08:24:00,2495.3,2498.0,2491.75,2494.46,854.5987
2026-08-25 08:27:00,2494.46,2495.96,2493.97,2494.06,233.0679
2026-08-25 08:30:00,2494.07,2496.32,2493.09,2493.5,403.2159
2026-08-25 08:33:00,2493.51,2493.51,2490.56,2492.8,397.3454
2026-08-25 08:36:00,2492.8,2493.3,2488.27,2489.39,376.0714
2026-08-25 08:39:00,2489.39,2489.93,2485.69,2487.74,625.27
2026-08-25 08:42:00,2487.75,2490.99,2487.17,2490.35,482.2129
2026-08-25 08:45:00,2490.35,2490.95,2485.44,2485.63,405.2623
2026-08-25 08:48:00,2485.63,2486.01,2483.78,2484.73,779.2166
2026-08-25 08:51:00,2484.72,2484.72,2480.47,2481.3,1553.4431
2026-08-25 08:54:00,2481.3,2483.0,2481.13,2482.77,696.5252
2026-08-25 08:57:00,2482.78,2485.41,2482.77,2484.82,559.8551
2026-08-25 09:00:00,2484.82,2485.25,2481.57,2481.58,296.8867
2026-08-25 09:03:00,2481.57,2481.88,2479.58,2481.42,706.3798
2026-08-25 09:06:00,2481.42,2484.9,2481.08,2484.34,401.8902
2026-08-25 09:09:00,2484.34,2485.83,2483.45,2484.0,397.0586
2026-08-25 09:12:00,2484.01,2489.47,2483.61,2487.48,1473.1877
2026-08-25 09:15:00,2487.48,2489.5,2485.44,2488.48,197.123
2026-08-25 09:18:00,2488.48,2489.17,2487.33,2488.72,229.0592
2026-08-25 09:21:00,2488.71,2489.43,2487.47,2489.05,415.1029
2026-08-25 09:24:00,2489.05,2492.0,2486.0,2486.28,578.5321
2026-08-25 09:27:00,2486.27,2487.32,2484.14,2487.21,453.9444
2026-08-25 09:30:00,2487.2,2489.5,2487.2,2488.48,734.0148
2026-08-25 09:33:00,2488.47,2491.41,2487.7,2488.6,330.3569
2026-08-25 09:36:00,2488.61,2488.92,2487.08,2488.05,305.8937
2026-08-25 09:39:00,2488.05,2489.91,2487.47,2488.94,154.5736
2026-08-25 09:42:00,2488.93,2488.93,2486.03,2486.03,194.2243
2026-08-25 09:45:00,2486.03,2486.96,2482.95,2483.42,682.5429
2026-08-25 09:48:00,2483.42,2483.68,2477.94,2478.39,900.5191
2026-08-25 09:51:00,2478.4,2478.58,2462.81,2466.33,3934.7422
2026-08-25 09:54:00,2466.33,2475.29,2466.33,2473.73,1476.1584
2026-08-25 09:57:00,2473.71,2475.03,2470.2,2474.67,702.9966
2026-08-25 10:00:00,2474.67,2474.92,2469.87,2471.25,612.9441
2026-08-25 10:03:00,2471.26,2477.59,2470.69,2477.58,699.8388
2026-08-25 10:06:00,2477.59,2478.55,2474.05,2475.99,368.3095
2026-08-25 10:09:00,2475.99,2479.89,2475.29,2479.35,471.8137
2026-08-25 10:12:00,2479.35,2479.36,2475.95,2478.21,453.9116
2026-08-25 10:15:00,2478.21,2479.61,2476.81,2477.84,333.9322
2026-08-25 10:18:00,2477.85,2479.85,2477.32,2478.5,330.0833
2026-08-25 10:21:00,2478.5,2479.08,2475.8,2478.69,453.7042
2026-08-25 10:24:00,2478.68,2478.68,2476.2,2476.55,217.7233
2026-08-25 10:27:00,2476.55,2476.96,2475.15,2476.2,387.5912
2026-08-25 10:30:00,2476.19,2478.36,2474.16,2477.86,533.8817
2026-08-25 10:33:00,2477.86,2478.56,2476.65,2478.03,238.0148
2026-08-25 10:36:00,2478.03,2479.0,2476.72,2478.24,423.3168
2026-08-25 10:39:00,2478.25,2479.06,2477.32,2478.95,454.0785
2026-08-25 10:42:00,2478.95,2478.99,2477.02,2477.97,224.9342
2026-08-25 10:45:00,2477.96,2485.83,2477.96,2483.41,867.113
2026-08-25 10:48:00,2483.42,2483.83,2480.29,2482.17,361.3766
2026-08-25 10:51:00,2482.18,2485.57,2481.9,2483.41,749.9201
2026-08-25 10:54:00,2483.42,2484.78,2483.42,2483.78,272.7264
2026-08-25 10:57:00,2483.79,2483.98,2481.65,2481.82,176.5227
2026-08-25 11:00:00,2481.82,2482.0,2480.0,2480.01,206.844
2026-08-25 11:03:00,2480.0,2480.29,2479.42,2480.1,191.0845
2026-08-25 11:06:00,2480.11,2484.12,2480.11,2483.1,223.3615
2026-08-25 11:09:00,2483.1,2483.1,2475.0,2476.11,605.631
2026-08-25 11:12:00,2476.12,2478.81,2474.76,2475.3,415.9699
2026-08-25 11:15:00,2475.29,2476.87,2474.92,2476.61,485.0336
2026-08-25 11:18:00,2476.61,2478.17,2475.6,2477.83,269.9775
2026-08-25 11:21:00,2477.83,2479.14,2476.15,2479.14,376.8957
2026-08-25 11:24:00,2479.13,2479.13,2475.0,2477.24,272.1419
2026-08-25 11:27:00,2477.24,2478.22,2475.29,2478.22,356.0142
2026-08-25 11:30:00,2478.22,2481.39,2478.16,2480.11,423.5123
2026-08-25 11:33:00,2480.11,2482.77,2478.71,2482.51,257.4461
2026-08-25 11:36:00,2482.5,2486.16,2482.06,2483.6,774.8225
2026-08-25 11:39:00,2483.61,2483.66,2480.78,2480.99,346.461
2026-08-25 11:42:00,2481.0,2481.6,2479.16,2479.16,198.1022
2026-08-25 11:45:00,2479.16,2480.87,2477.15,2479.6,336.8532
2026-08-25 11:48:00,2479.59,2482.64,2479.35,2482.63,281.4699
2026-08-25 11:51:00,2482.63,2483.41,2479.58,2479.89,398.2112
2026-08-25 11:54:00,2479.9,2479.9,2477.37,2479.72,579.8087
2026-08-25 11:57:00,2479.73,2479.9,2477.55,2477.91,247.5478
2026-08-25 12:00:00,2477.9,2481.37,2477.08,2477.71,471.1141
2026-08-25 12:03:00,2477.71,2480.47,2473.55,2474.88,859.4598
2026-08-25 12:06:00,2474.87,2474.87,2467.14,2471.85,1579.2342
2026-08-25 12:09:00,2471.84,2478.04,2471.66,2478.04,578.9782
2026-08-25 12:12:00,2478.03,2478.03,2474.8,2477.96,385.1117
2026-08-25 12:15:00,2477.97,2477.97,2473.48,2473.59,347.5745
2026-08-25 12:18:00,2473.59,2473.87,2470.24,2471.6,844.7546
2026-08-25 12:21:00,2471.6,2472.41,2462.65,2467.89,1799.0249
2026-08-25 12:24:00,2467.89,2471.26,2458.01,2460.79,1736.3442
2026-08-25 12:27:00,2460.78,2468.23,2460.13,2468.23,1399.5915
2026-08-25 12:30:00,2468.24,2469.57,2464.41,2469.56,939.5274
2026-08-25 12:33:00,2469.57,2471.43,2468.51,2470.19,490.3208
2026-08-25 12:36:00,2470.18,2471.41,2467.33,2468.83,664.4501
2026-08-25 12:39:00,2468.82,2468.96,2460.48,2467.94,881.2825
2026-08-25 12:42:00,2467.94,2470.87,2467.93,2469.64,429.7148
2026-08-25 12:45:00,2469.65,2472.93,2468.2,2472.24,663.5972
2026-08-25 12:48:00,2472.23,2475.87,2472.23,2475.42,504.7938
2026-08-25 12:51:00,2475.43,2476.95,2474.3,2474.5,556.3287
2026-08-25 12:54:00,2474.5,2475.94,2472.18,2473.98,1570.7676
2026-08-25 12:57:00,2473.97,2474.62,2473.29,2473.5,291.9141
2026-08-25 13:00:00,2473.51,2475.3,2471.42,2473.11,470.086
2026-08-25 13:03:00,2473.1,2475.75,2473.1,2474.73,248.3336
2026-08-25 13:06:00,2474.72,2476.12,2469.43,2470.17,623.5562
2026-08-25 13:09:00,2470.18,2473.26,2467.29,2468.1,1249.8358
2026-08-25 13:12:00,2468.1,2471.14,2465.62,2467.67,844.0877
2026-08-25 13:15:00,2467.67,2467.67,2462.95,2462.95,874.2206
2026-08-25 13:18:00,2462.96,2465.61,2460.34,2464.53,1124.7398
2026-08-25 13:21:00,2464.53,2466.52,2456.93,2461.53,1446.0915
2026-08-25 13:24:00,2461.53,2462.62,2457.12,2459.43,834.1666
2026-08-25 13:27:00,2459.43,2460.29,2454.62,2457.62,1370.1036
2026-08-25 13:30:00,2457.62,2465.99,2455.69,2465.38,2212.8038
2026-08-25 13:33:00,2465.38,2474.7,2464.9,2474.57,1489.8972
2026-08-25 13:36:00,2474.56,2477.08,2471.06,2473.27,2438.7639
2026-08-25 13:39:00,2473.27,2473.84,2468.37,2472.44,1062.995
2026-08-25 13:42:00,2472.46,2475.67,2463.06,2464.62,1067.8758
2026-08-25 13:45:00,2464.63,2465.67,2457.17,2461.84,1817.9174
2026-08-25 13:48:00,2461.84,2465.59,2452.57,2452.93,1366.6181
2026-08-25 13:51:00,2452.94,2453.49,2440.0,2446.41,4666.7419
2026-08-25 13:54:00,2446.4,2456.65,2446.37,2456.28,1260.7094
2026-08-25 13:57:00,2456.27,2461.41,2455.01,2460.73,1125.0208
2026-08-25 14:00:00,2460.73,2463.99,2454.33,2454.93,1434.9753
2026-08-25 14:03:00,2454.95,2466.66,2454.95,2464.6,1241.1538
2026-08-25 14:06:00,2464.61,2467.05,2462.08,2465.25,794.3132
2026-08-25 14:09:00,2465.26,2472.99,2464.59,2469.22,1718.1595
2026-08-25 14:12:00,2469.22,2469.22,2466.96,2467.19,787.635
2026-08-25 14:15:00,2467.19,2472.0,2464.68,2468.97,1461.4053
2026-08-25 14:18:00,2468.97,2469.62,2464.73,2468.07,533.0649
2026-08-25 14:21:00,2468.09,2472.0,2467.08,2471.39,780.8915
2026-08-25 14:24:00,2471.39,2477.27,2470.6,2476.24,1192.7008
2026-08-25 14:27:00,2476.23,2480.34,2474.07,2475.9,1133.8957
2026-08-25 14:30:00,2475.9,2480.34,2470.42,2480.04,1774.0025
2026-08-25 14:33:00,2480.02,2484.0,2476.72,2476.96,1732.2123
2026-08-25 14:36:00,2476.95,2480.59,2475.41,2475.41,916.8157
2026-08-25 14:39:00,2475.41,2475.83,2473.0,2473.14,445.18
2026-08-25 14:42:00,2473.11,2475.3,2471.9,2474.58,702.9645
2026-08-25 14:45:00,2474.57,2478.8,2474.54,2478.79,547.4538
2026-08-25 14:48:00,2478.79,2479.02,2475.3,2477.25,499.2601
2026-08-25 14:51:00,2477.26,2479.63,2475.8,2477.36,703.4782
2026-08-25 14:54:00,2477.36,2479.32,2475.89,2478.67,305.1936
2026-08-25 14:57:00,2478.67,2479.08,2475.0,2476.91,574.6869
2026-08-25 15:00:00,2476.92,2477.43,2473.55,2475.17,540.4596
2026-08-25 15:03:00,2475.18,2478.34,2473.81,2474.22,632.3282
2026-08-25 15:06:00,2474.23,2477.77,2473.15,2473.79,938.9288
2026-08-25 15:09:00,2473.79,2474.54,2470.51,2471.73,561.5667
2026-08-25 15:12:00,2471.74,2471.74,2467.57,2467.61,714.558
2026-08-25 15:15:00,2467.61,2474.39,2466.14,2471.09,670.2627
2026-08-25 15:18:00,2471.1,2477.72,2471.1,2477.67,715.9264
2026-08-25 15:21:00,2477.67,2477.67,2473.26,2473.32,577.0926
2026-08-25 15:24:00,2473.33,2473.71,2468.97,2469.69,893.7504
2026-08-25 15:27:00,2469.69,2475.0,2469.62,2474.8,291.5571
2026-08-25 15:30:00,2474.8,2475.35,2470.4,2471.98,709.438
2026-08-25 15:33:00,2471.98,2478.0,2471.85,2476.97,925.607
2026-08-25 15:36:00,2476.98,2480.62,2475.5,2478.65,792.8772
2026-08-25 15:39:00,2478.65,2478.88,2473.08,2475.0,593.8168
2026-08-25 15:42:00,2475.0,2477.72,2474.48,2477.72,564.1546
2026-08-25 15:45:00,2477.71,2478.65,2475.62,2475.62,553.1738
2026-08-25 15:48:00,2475.62,2475.63,2472.53,2474.62,495.1101
2026-08-25 15:51:00,2474.61,2478.0,2474.16,2477.41,445.9193
2026-08-25 15:54:00,2477.41,2481.75,2477.41,2480.72,811.4566
2026-08-25 15:57:00,2480.73,2483.85,2480.4,2482.88,843.3694
2026-08-25 16:00:00,2482.89,2483.53,2478.93,2481.14,1269.0134
2026-08-25 16:03:00,2481.15,2485.6,2480.36,2480.52,821.7443
2026-08-25 16:06:00,2480.52,2480.89,2478.18,2478.33,428.9247
2026-08-25 16:09:00,2478.33,2478.33,2475.49,2475.72,426.7325
2026-08-25 16:12:00,2475.72,2475.73,2472.45,2473.91,683.7322
2026-08-25 16:15:00,2473.9,2475.58,2472.83,2474.18,260.1979
2026-08-25 16:18:00,2474.18,2476.98,2474.18,2474.68,241.8823
2026-08-25 16:21:00,2474.69,2475.05,2470.0,2470.0,512.291
2026-08-25 16:24:00,2470.0,2470.62,2467.1,2469.7,1516.546
2026-08-25 16:27:00,2469.7,2472.64,2469.7,2472.03,238.5815
2026-08-25 16:30:00,2472.02,2478.0,2471.51,2476.39,526.0014
2026-08-25 16:33:00,2476.38,2477.23,2473.35,2473.9,309.7286
2026-08-25 16:36:00,2473.9,2476.04,2473.26,2475.68,280.5306
2026-08-25 16:39:00,2475.68,2477.27,2474.61,2476.76,427.2542
2026-08-25 16:42:00,2476.74,2478.59,2475.68,2475.68,271.3037
2026-08-25 16:45:00,2475.68,2479.47,2475.29,2475.3,261.9952
2026-08-25 16:48:00,2475.3,2478.43,2475.3,2476.02,200.9442
2026-08-25 16:51:00,2476.03,2476.03,2472.96,2472.97,239.9416
2026-08-25 16:54:00,2472.97,2472.98,2470.47,2470.49,363.6624
2026-08-25 16:57:00,2470.5,2472.23,2469.21,2470.68,472.9369
2026-08-25 17:00:00,2470.68,2471.47,2463.46,2467.62,974.9221
2026-08-25 17:03:00,2467.62,2469.16,2465.23,2467.38,383.3924
2026-08-25 17:06:00,2467.37,2467.62,2458.18,2460.23,1731.0763
2026-08-25 17:09:00,2460.22,2462.49,2455.93,2457.21,1514.285
2026-08-25 17:12:00,2457.22,2463.07,2457.22,2463.06,500.3544
2026-08-25 17:15:00,2463.06,2466.11,2461.87,2466.1,512.5505
2026-08-25 17:18:00,2466.1,2466.11,2464.52,2466.11,325.6721
2026-08-25 17:21:00,2466.1,2466.59,2459.06,2459.6,649.1273
2026-08-25 17:24:00,2459.59,2460.25,2457.69,2457.8,452.961
2026-08-25 17:27:00,2457.79,2460.65,2457.56,2458.47,591.1516
2026-08-25 17:30:00,2458.47,2465.38,2458.47,2465.38,548.5157
2026-08-25 17:33:00,2465.39,2468.5,2463.5,2463.9,631.5802
2026-08-25 17:36:00,2463.9,2466.55,2463.9,2466.22,349.5365
2026-08-25 17:39:00,2466.22,2468.82,2464.31,2468.1,644.3405
2026-08-25 17:42:00,2468.1,2469.22,2467.51,2468.24,434.0914
2026-08-25 17:45:00,2468.23,2469.36,2467.59,2469.18,814.2823
2026-08-25 17:48:00,2469.18,2470.09,2468.04,2468.44,447.361
2026-08-25 17:51:00,2468.44,2469.62,2468.17,2468.55,507.0314
2026-08-25 17:54:00,2468.56,2471.19,2468.55,2468.9,825.8963
2026-08-25 17:57:00,2468.88,2471.13,2468.77,2471.03,242.5962
2026-08-25 18:00:00,2471.04,2473.19,2470.32,2472.49,835.0392
2026-08-25 18:03:00,2472.5,2474.64,2470.83,2472.28,613.1069
2026-08-25 18:06:00,2472.28,2473.14,2471.24,2471.52,357.8862
2026-08-25 18:09:00,2471.52,2473.11,2471.52,2472.6,491.3929
2026-08-25 18:12:00,2472.61,2474.67,2472.61,2473.62,619.532
2026-08-25 18:15:00,2473.63,2474.72,2472.64,2473.11,446.7653
2026-08-25 18:18:00,2473.12,2474.0,2471.53,2471.69,330.09
2026-08-25 18:21:00,2471.68,2474.8,2471.55,2474.38,268.6535
2026-08-25 18:24:00,2474.38,2474.44,2472.03,2472.34,294.3233
2026-08-25 18:27:00,2472.34,2473.07,2472.01,2472.86,305.2481
2026-08-25 18:30:00,2472.86,2472.86,2468.64,2469.26,952.9478
2026-08-25 18:33:00,2469.27,2469.86,2467.66,2468.84,480.4614
2026-08-25 18:36:00,2468.83,2468.84,2466.43,2468.1,376.2965
2026-08-25 18:39:00,2468.09,2469.53,2467.62,2467.63,391.582
2026-08-25 18:42:00,2467.62,2468.42,2467.0,2468.3,167.8533
2026-08-25 18:45:00,2468.31,2469.33,2468.11,2469.33,343.9071
2026-08-25 18:48:00,2469.33,2470.25,2468.09,2468.2,361.0409
2026-08-25 18:51:00,2468.19,2468.79,2464.54,2465.16,534.5648
2026-08-25 18:54:00,2465.15,2466.49,2464.23,2466.49,242.486
2026-08-25 18:57:00,2466.49,2468.03,2466.05,2467.44,341.2098
2026-08-25 19:00:00,2467.44,2469.53,2467.44,2469.41,318.2602
2026-08-25 19:03:00,2469.41,2469.42,2462.96,2466.11,546.3936
2026-08-25 19:06:00,2466.11,2466.12,2463.56,2465.05,341.9332
2026-08-25 19:09:00,2465.05,2468.52,2465.05,2467.07,445.0776
2026-08-25 19:12:00,2467.07,2468.57,2465.56,2468.27,267.6926
2026-08-25 19:15:00,2468.28,2468.74,2467.18,2468.4,271.7017
2026-08-25 19:18:00,2468.4,2470.13,2467.18,2467.19,532.5598
2026-08-25 19:21:00,2467.19,2468.52,2467.18,2467.83,287.34
2026-08-25 19:24:00,2467.84,2469.41,2464.49,2464.49,1755.8317
2026-08-25 19:27:00,2464.49,2464.58,2462.38,2462.57,530.5761
2026-08-25 19:30:00,2462.57,2462.67,2458.77,2459.18,582.1711
2026-08-25 19:33:00,2459.18,2462.41,2457.09,2460.75,717.0721
2026-08-25 19:36:00,2460.74,2462.02,2460.11,2461.23,292.7688
2026-08-25 19:39:00,2461.22,2461.44,2457.19,2458.95,664.625
2026-08-25 19:42:00,2458.95,2458.96,2455.54,2456.37,606.2681
2026-08-25 19:45:00,2456.38,2458.4,2456.38,2458.19,311.5034
2026-08-25 19:48:00,2458.19,2459.91,2457.54,2458.99,1098.0124
2026-08-25 19:51:00,2458.99,2462.51,2458.99,2462.16,519.9731
2026-08-25 19:54:00,2462.16,2462.98,2460.16,2461.93,381.3832
2026-08-25 19:57:00,2461.93,2463.86,2461.63,2463.42,755.0817
2026-08-25 20:00:00,2463.42,2464.24,2459.39,2459.45,294.7731
2026-08-25 20:03:00,2459.45,2460.61,2449.85,2456.62,1905.3568
2026-08-25 20:06:00,2456.62,2459.0,2455.88,2458.54,351.9075
2026-08-25 20:09:00,2458.54,2458.55,2456.0,2456.25,247.7769
2026-08-25 20:12:00,2456.25,2458.19,2455.92,2457.97,408.4119
2026-08-25 20:15:00,2457.98,2459.91,2456.91,2459.05,486.1377
2026-08-25 20:18:00,2459.07,2461.74,2459.07,2460.2,380.8378
2026-08-25 20:21:00,2460.2,2460.95,2458.33,2460.95,331.269
2026-08-25 20:24:00,2460.94,2461.57,2457.65,2457.87,396.1611
2026-08-25 20:27:00,2457.87,2458.27,2456.37,2456.38,373.5301
2026-08-25 20:30:00,2456.38,2456.96,2452.01,2453.58,795.567
2026-08-25 20:33:00,2453.57,2455.98,2453.38,2455.97,295.1578
2026-08-25 20:36:00,2455.97,2455.97,2450.52,2450.53,305.2277
2026-08-25 20:39:00,2450.53,2451.18,2445.0,2448.43,981.4485
2026-08-25 20:42:00,2448.42,2448.79,2442.8,2446.29,652.0658
2026-08-25 20:45:00,2446.3,2448.41,2437.0,2437.44,2348.1771
2026-08-25 20:48:00,2437.43,2443.2,2433.62,2442.12,2856.3157
2026-08-25 20:51:00,2442.12,2442.12,2439.4,2440.06,1073.0547
2026-08-25 20:54:00,2440.06,2441.9,2436.75,2438.06,1103.8203
2026-08-25 20:57:00,2438.07,2438.67,2435.75,2436.44,748.3866
2026-08-25 21:00:00,2436.44,2439.0,2434.77,2436.28,882.4613
2026-08-25 21:03:00,2436.29,2441.21,2435.46,2439.49,1358.8072
2026-08-25 21:06:00,2439.49,2439.84,2414.64,2420.92,7402.5785
2026-08-25 21:09:00,2420.92,2428.87,2416.19,2426.6,1509.4359
2026-08-25 21:12:00,2426.6,2430.84,2424.13,2430.75,759.0173
2026-08-25 21:15:00,2430.76,2432.74,2426.08,2432.32,945.0244
2026-08-25 21:18:00,2432.32,2434.82,2424.48,2426.27,975.2946
2026-08-25 21:21:00,2426.27,2429.86,2425.23,2426.5,817.5626
2026-08-25 21:24:00,2426.49,2432.0,2426.22,2430.38,811.6525
2026-08-25 21:27:00,2430.39,2434.46,2429.78,2433.9,468.6709
2026-08-25 21:30:00,2433.89,2435.1,2432.75,2433.56,296.0621
2026-08-25 21:33:00,2433.56,2439.44,2432.89,2439.09,723.3821
2026-08-25 21:36:00,2439.01,2441.55,2439.01,2441.51,630.7632
2026-08-25 21:39:00,2441.52,2442.52,2440.58,2441.82,285.561
2026-08-25 21:42:00,2441.81,2442.84,2440.35,2441.33,304.1327
2026-08-25 21:45:00,2441.33,2442.64,2440.8,2441.77,358.6881
2026-08-25 21:48:00,2441.77,2442.84,2441.07,2441.64,164.9321
2026-08-25 21:51:00,2441.63,2442.21,2439.58,2440.68,447.4601
2026-08-25 21:54:00,2440.68,2442.42,2439.5,2442.42,551.7521
2026-08-25 21:57:00,2442.43,2443.9,2440.8,2441.79,450.6773
2026-08-25 22:00:00,2441.8,2447.1,2441.8,2446.42,783.7199
2026-08-25 22:03:00,2446.42,2448.99,2446.42,2447.65,305.0769
2026-08-25 22:06:00,2447.65,2451.74,2447.64,2449.2,576.778
2026-08-25 22:09:00,2449.2,2450.94,2448.27,2450.93,351.198
2026-08-25 22:12:00,2450.94,2452.06,2449.82,2451.89,424.416
2026-08-25 22:15:00,2451.89,2452.98,2450.18,2450.27,284.4186
2026-08-25 22:18:00,2450.26,2451.19,2448.08,2448.18,476.5711
2026-08-25 22:21:00,2448.19,2448.62,2446.71,2448.08,295.8281
2026-08-25 22:24:00,2448.09,2448.84,2444.86,2444.93,271.7462
2026-08-25 22:27:00,2444.92,2446.58,2442.09,2446.51,501.7806
2026-08-25 22:30:00,2446.51,2447.46,2444.48,2447.46,384.9096
2026-08-25 22:33:00,2447.47,2450.12,2447.47,2450.12,274.7998
2026-08-25 22:36:00,2450.11,2450.77,2448.37,2449.02,332.6322
2026-08-25 22:39:00,2449.01,2450.03,2448.07,2448.98,210.5548
2026-08-25 22:42:00,2448.98,2450.32,2448.92,2450.32,83.2142
2026-08-25 22:45:00,2450.31,2453.02,2449.67,2453.01,249.3451
2026-08-25 22:48:00,2453.01,2453.85,2450.95,2453.85,127.8232
2026-08-25 22:51:00,2453.84,2454.41,2453.66,2454.4,133.8023
2026-08-25 22:54:00,2454.4,2455.78,2453.95,2454.24,192.3831
2026-08-25 22:57:00,2454.24,2455.31,2453.77,2453.84,126.4606
2026-08-25 23:00:00,2453.85,2455.44,2452.78,2454.79,246.2766
2026-08-25 23:03:00,2454.8,2455.75,2453.7,2455.65,174.7931
2026-08-25 23:06:00,2455.65,2456.51,2453.22,2454.23,905.4168
2026-08-25 23:09:00,2454.23,2454.23,2451.82,2453.76,415.8003
2026-08-25 23:12:00,2453.77,2455.23,2452.85,2454.92,419.1524
2026-08-25 23:15:00,2454.92,2456.3,2454.42,2455.01,297.6377
2026-08-25 23:18:00,2455.01,2455.29,2450.77,2451.43,289.9187
2026-08-25 23:21:00,2451.43,2451.98,2450.0,2450.5,332.5929
2026-08-25 23:24:00,2450.5,2450.79,2448.62,2450.14,244.1814
2026-08-25 23:27:00,2450.14,2452.65,2449.57,2452.38,172.7529
2026-08-25 23:30:00,2452.38,2452.38,2448.92,2450.87,242.3738
2026-08-25 23:33:00,2450.87,2451.73,2449.25,2449.55,196.1989
2026-08-25 23:36:00,2449.54,2450.44,2447.59,2447.98,176.9132
2026-08-25 23:39:00,2447.97,2447.98,2446.49,2446.49,170.3049
2026-08-25 23:42:00,2446.48,2446.48,2443.05,2444.44,345.3242
2026-08-25 23:45:00,2444.44,2444.44,2441.67,2442.71,436.7276
2026-08-25 23:48:00,2442.71,2443.11,2439.24,2439.24,314.901
2026-08-25 23:51:00,2439.24,2440.63,2437.07,2440.63,447.2991
2026-08-25 23:54:00,2440.63,2441.77,2438.38,2441.74,216.8659
2026-08-25 23:57:00,2441.75,2444.06,2441.75,2442.64,533.3658
2026-08-26 00:00:00,2442.65,2443.59,2439.74,2441.13,570.9043
2026-08-26 00:03:00,2441.12,2445.0,2438.8,2438.86,568.0229
2026-08-26 00:06:00,2438.86,2440.69,2436.54,2436.57,340.1909
2026-08-26 00:09:00,2436.6,2441.26,2435.81,2441.26,492.9277
2026-08-26 00:12:00,2441.25,2441.25,2436.28,2437.26,308.9256
2026-08-26 00:15:00,2437.26,2441.32,2436.74,2440.0,334.2293
2026-08-26 00:18:00,2440.0,2443.0,2439.89,2442.15,161.5771
2026-08-26 00:21:00,2442.15,2442.5,2438.77,2442.5,149.1434
2026-08-26 00:24:00,2442.49,2443.46,2441.16,2443.04,125.2989
2026-08-26 00:27:00,2443.03,2443.81,2440.92,2443.73,191.4581
2026-08-26 00:30:00,2443.73,2446.11,2443.42,2444.52,294.5667
2026-08-26 00:33:00,2444.51,2446.11,2442.06,2442.84,245.9543
2026-08-26 00:36:00,2442.83,2444.27,2438.0,2438.53,1158.1841
2026-08-26 00:39:00,2438.53,2440.68,2437.04,2439.89,241.1004
2026-08-26 00:42:00,2439.89,2443.51,2439.35,2440.38,386.3351
2026-08-26 00:45:00,2440.39,2442.7,2439.1,2440.8,849.5596
2026-08-26 00:48:00,2440.79,2447.19,2440.79,2446.97,587.016
2026-08-26 00:51:00,2446.97,2450.07,2446.44,2449.04,533.737
2026-08-26 00:54:00,2449.03,2450.51,2447.86,2448.88,386.8034
2026-08-26 00:57:00,2448.89,2448.99,2446.24,2446.24,140.5875
2026-08-26 01:00:00,2446.24,2452.26,2445.0,2450.26,563.8387
2026-08-26 01:03:00,2450.27,2457.65,2450.14,2457.04,459.8867
2026-08-26 01:06:00,2457.04,2459.43,2455.74,2456.23,718.1143
2026-08-26 01:09:00,2456.23,2456.24,2454.08,2455.85,369.4124
2026-08-26 01:12:00,2455.86,2455.86,2452.55,2453.78,217.5676
2026-08-26 01:15:00,2453.78,2457.65,2452.69,2455.93,552.8907
2026-08-26 01:18:00,2455.94,2456.73,2454.65,2455.49,145.9441
2026-08-26 01:21:00,2455.48,2456.72,2454.46,2456.71,245.9811
2026-08-26 01:24:00,2456.71,2456.71,2452.64,2453.01,91.9456
2026-08-26 01:27:00,2453.01,2453.58,2452.5,2453.3,305.3844
2026-08-26 01:30:00,2453.3,2458.41,2453.3,2458.01,183.4965
2026-08-26 01:33:00,2458.0,2462.32,2456.87,2460.14,1377.2995
2026-08-26 01:36:00,2460.14,2462.01,2459.06,2459.07,380.1949
2026-08-26 01:39:00,2459.07,2460.0,2457.04,2457.04,100.2699
2026-08-26 01:42:00,2457.04,2458.49,2456.25,2457.64,165.8887
2026-08-26 01:45:00,2457.64,2457.7,2455.41,2456.12,219.3426
2026-08-26 01:48:00,2456.12,2456.22,2454.16,2454.44,173.9266
2026-08-26 01:51:00,2454.44,2455.69,2454.29,2455.26,158.9845
2026-08-26 01:54:00,2455.25,2456.0,2454.18,2455.3,71.0504
2026-08-26 01:57:00,2455.31,2455.99,2454.01,2455.99,40.4013
2026-08-26 02:00:00,2455.98,2459.07,2455.7,2457.68,248.9041
2026-08-26 02:03:00,2457.68,2457.68,2455.61,2457.23,249.6698
2026-08-26 02:06:00,2457.22,2457.36,2454.05,2454.59,124.3431
2026-08-26 02:09:00,2454.58,2455.96,2454.18,2455.23,77.1533
2026-08-26 02:12:00,2455.22,2456.93,2454.48,2455.43,98.6654
2026-08-26 02:15:00,2455.42,2461.77,2455.2,2461.63,613.4584
2026-08-26 02:18:00,2461.61,2463.13,2460.25,2462.41,296.3579
2026-08-26 02:21:00,2462.42,2462.42,2460.37,2461.93,315.2493
2026-08-26 02:24:00,2461.93,2467.01,2461.72,2464.18,512.8391
2026-08-26 02:27:00,2464.18,2468.12,2463.64,2468.08,359.4233
2026-08-26 02:30:00,2468.08,2468.58,2464.97,2468.17,598.8696
2026-08-26 02:33:00,2468.17,2469.82,2467.43,2468.51,286.2793
2026-08-26 02:36:00,2468.5,2468.51,2465.98,2467.93,193.2924
2026-08-26 02:39:00,2467.93,2468.32,2467.18,2467.47,95.4587
2026-08-26 02:42:00,2467.47,2467.91,2466.71,2467.05,117.1486
2026-08-26 02:45:00,2467.06,2468.81,2467.06,2467.24,149.2752
2026-08-26 02:48:00,2467.24,2467.67,2464.56,2464.97,244.9703
2026-08-26 02:51:00,2464.96,2466.27,2464.94,2464.95,121.8549
2026-08-26 02:54:00,2464.95,2466.84,2464.21,2465.9,232.816
2026-08-26 02:57:00,2465.91,2466.2,2465.21,2465.21,50.0742
2026-08-26 03:00:00,2465.21,2468.0,2464.57,2466.5,153.942
2026-08-26 03:03:00,2466.5,2466.82,2464.54,2465.03,120.9028
2026-08-26 03:06:00,2465.02,2465.58,2462.85,2462.98,285.8027
2026-08-26 03:09:00,2462.99,2463.59,2462.54,2463.37,339.8215
2026-08-26 03:12:00,2463.37,2463.74,2462.17,2463.13,332.7912
2026-08-26 03:15:00,2463.13,2464.56,2461.82,2461.82,264.3785
2026-08-26 03:18:00,2461.83,2462.48,2460.2,2462.26,254.3528
2026-08-26 03:21:00,2462.26,2466.32,2462.15,2465.38,169.2314
2026-08-26 03:24:00,2465.37,2465.38,2463.94,2464.5,153.6204
2026-08-26 03:27:00,2464.5,2464.5,2463.0,2463.48,103.2019
2026-08-26 03:30:00,2463.48,2463.48,2458.66,2460.63,358.4252
2026-08-26 03:33:00,2460.62,2464.68,2459.91,2464.68,117.8205
2026-08-26 03:36:00,2464.68,2467.64,2463.52,2466.67,439.4948
2026-08-26 03:39:00,2466.68,2466.68,2462.23,2464.03,353.4797
2026-08-26 03:42:00,2464.04,2465.28,2463.87,2464.88,108.0221
2026-08-26 03:45:00,2464.89,2465.5,2462.23,2462.53,238.4879
2026-08-26 03:48:00,2462.54,2462.87,2461.09,2462.87,246.0518
2026-08-26 03:51:00,2462.86,2465.0,2462.86,2463.2,220.8014
2026-08-26 03:54:00,2463.21,2467.19,2463.2,2465.8,383.0852
2026-08-26 03:57:00,2465.79,2466.43,2465.3,2465.57,114.3148
2026-08-26 04:00:00,2465.56,2465.77,2462.03,2464.0,386.4994
2026-08-26 04:03:00,2464.0,2464.99,2462.74,2464.99,369.2472
2026-08-26 04:06:00,2464.98,2469.2,2464.87,2467.96,633.3118
2026-08-26 04:09:00,2467.95,2472.86,2467.18,2467.18,686.9908
2026-08-26 04:12:00,2467.18,2467.85,2464.69,2466.31,253.8847
2026-08-26 04:15:00,2466.31,2467.91,2465.15,2467.91,454.9998
2026-08-26 04:18:00,2467.91,2470.0,2467.65,2467.91,197.9932
2026-08-26 04:21:00,2467.91,2468.39,2466.55,2467.97,214.8024
2026-08-26 04:24:00,2467.98,2470.0,2466.69,2466.69,82.6495
2026-08-26 04:27:00,2466.69,2467.78,2465.79,2466.4,454.026
2026-08-26 04:30:00,2466.41,2467.2,2464.9,2464.91,471.1403
2026-08-26 04:33:00,2464.9,2465.41,2462.73,2463.99,413.9654
2026-08-26 04:36:00,2463.99,2466.44,2463.75,2466.44,164.868
2026-08-26 04:39:00,2466.44,2466.89,2463.58,2465.28,250.7687
2026-08-26 04:42:00,2465.33,2465.6,2464.36,2464.4,177.5604
2026-08-26 04:45:00,2464.41,2464.41,2459.16,2459.17,419.2814
2026-08-26 04:48:00,2459.17,2461.66,2457.43,2461.42,847.5216
2026-08-26 04:51:00,2461.42,2462.1,2458.74,2460.71,389.7674
2026-08-26 04:54:00,2460.71,2461.19,2456.54,2456.55,364.5906
2026-08-26 04:57:00,2456.54,2458.34,2455.68,2456.9,230.7736
2026-08-26 05:00:00,2456.89,2458.76,2455.6,2458.61,461.3444
2026-08-26 05:03:00,2458.6,2458.98,2452.74,2452.75,370.4705
2026-08-26 05:06:00,2452.74,2453.98,2451.49,2453.34,367.8941
2026-08-26 05:09:00,2453.34,2458.45,2453.16,2457.82,215.7126
2026-08-26 05:12:00,2457.81,2460.33,2457.34,2457.79,252.2281
2026-08-26 05:15:00,2457.78,2459.25,2454.46,2454.46,513.6256
2026-08-26 05:18:00,2454.46,2456.54,2453.95,2456.52,225.7252
2026-08-26 05:21:00,2456.52,2460.22,2454.69,2460.18,517.5429
2026-08-26 05:24:00,2460.18,2463.99,2459.49,2460.29,479.2536
2026-08-26 05:27:00,2460.29,2463.56,2460.29,2463.11,105.9267
2026-08-26 05:30:00,2463.11,2468.0,2462.16,2467.75,386.9224
2026-08-26 05:33:00,2467.76,2468.0,2464.53,2465.04,326.7235
2026-08-26 05:36:00,2465.03,2465.39,2462.24,2463.84,259.4764
2026-08-26 05:39:00,2463.83,2465.07,2463.12,2464.74,136.3751
2026-08-26 05:42:00,2464.75,2465.78,2463.59,2465.24,354.3574
2026-08-26 05:45:00,2465.24,2465.24,2463.59,2463.62,146.1374
2026-08-26 05:48:00,2463.62,2464.87,2463.12,2464.26,264.1165
2026-08-26 05:51:00,2464.27,2464.52,2462.07,2462.07,151.6461
2026-08-26 05:54:00,2462.07,2462.99,2461.22,2462.87,311.3576
2026-08-26 05:57:00,2462.87,2464.92,2462.59,2464.92,110.2372
2026-08-26 06:00:00,2464.91,2467.0,2464.08,2464.5,569.8097
2026-08-26 06:03:00,2464.49,2466.72,2463.12,2466.61,339.4917
2026-08-26 06:06:00,2466.6,2467.47,2466.02,2467.46,243.9452
2026-08-26 06:09:00,2467.46,2467.46,2462.62,2463.3,505.0628
2026-08-26 06:12:00,2463.29,2463.3,2461.16,2461.8,225.3078
2026-08-26 06:15:00,2461.8,2462.25,2460.01,2460.01,225.1306
2026-08-26 06:18:00,2460.0,2460.0,2456.35,2459.61,352.554
2026-08-26 06:21:00,2459.61,2459.62,2457.26,2457.28,118.2452
2026-08-26 06:24:00,2457.28,2457.29,2454.61,2456.97,318.4344
2026-08-26 06:27:00,2456.96,2458.19,2455.45,2456.92,340.8298
2026-08-26 06:30:00,2456.91,2459.91,2456.27,2458.56,453.29
2026-08-26 06:33:00,2458.56,2458.6,2456.46,2456.55,282.441
2026-08-26 06:36:00,2456.55,2456.55,2453.59,2456.1,563.1269
2026-08-26 06:39:00,2456.1,2459.69,2455.74,2459.65,250.309
2026-08-26 06:42:00,2459.66,2460.64,2459.4,2460.27,313.9347
2026-08-26 06:45:00,2460.27,2461.36,2459.8,2460.78,74.1531
2026-08-26 06:48:00,2460.78,2460.78,2457.6,2459.6,284.8236
2026-08-26 06:51:00,2459.59,2459.75,2458.55,2459.33,197.4194
2026-08-26 06:54:00,2459.33,2460.73,2458.87,2459.84,219.2015
2026-08-26 06:57:00,2459.85,2460.25,2459.47,2460.13,148.2362
2026-08-26 07:00:00,2460.14,2460.95,2457.22,2460.95,711.9183
2026-08-26 07:03:00,2460.94,2465.94,2460.14,2465.6,680.4228
2026-08-26 07:06:00,2465.6,2468.66,2464.21,2464.25,668.8747
2026-08-26 07:09:00,2464.24,2465.79,2462.28,2465.47,426.8972
2026-08-26 07:12:00,2465.47,2465.47,2463.61,2464.72,240.7469
2026-08-26 07:15:00,2464.73,2466.0,2464.48,2464.7,228.9897
2026-08-26 07:18:00,2464.69,2465.7,2463.0,2463.0,276.893
2026-08-26 07:21:00,2462.99,2465.9,2461.47,2465.07,481.7238
2026-08-26 07:24:00,2465.06,2466.78,2463.48,2466.13,488.2946
2026-08-26 07:27:00,2466.13,2466.82,2463.12,2463.39,302.5545
2026-08-26 07:30:00,2463.4,2463.46,2461.75,2461.75,342.4695
2026-08-26 07:33:00,2461.75,2465.0,2461.55,2465.0,384.4847
2026-08-26 07:36:00,2465.0,2467.0,2464.31,2466.02,557.3396
2026-08-26 07:39:00,2466.01,2466.63,2464.81,2466.37,944.9217
2026-08-26 07:42:00,2466.38,2466.51,2464.31,2465.06,576.2976
2026-08-26 07:45:00,2465.07,2465.45,2463.35,2465.22,231.0724
2026-08-26 07:48:00,2465.22,2466.6,2464.49,2466.6,342.8371
2026-08-26 07:51:00,2466.6,2466.99,2465.41,2465.41,568.2137
2026-08-26 07:54:00,2465.41,2465.42,2461.48,2463.4,577.007
2026-08-26 07:57:00,2463.41,2464.56,2461.62,2461.78,319.9731
2026-08-26 08:00:00,2461.78,2463.24,2459.36,2459.4,320.4689
2026-08-26 08:03:00,2459.41,2461.98,2459.41,2459.89,385.7627
2026-08-26 08:06:00,2459.9,2464.81,2459.9,2463.72,414.3878
2026-08-26 08:09:00,2463.72,2470.0,2463.71,2466.57,1461.589
2026-08-26 08:12:00,2466.56,2468.98,2465.18,2465.18,1961.7233
2026-08-26 08:15:00,2465.19,2466.49,2463.75,2464.36,388.3927
2026-08-26 08:18:00,2464.36,2464.4,2462.41,2462.65,298.6856
2026-08-26 08:21:00,2462.64,2463.02,2458.33,2460.11,383.0738
2026-08-26 08:24:00,2460.11,2463.43,2459.64,2463.43,335.704
2026-08-26 08:27:00,2463.42,2464.08,2462.56,2462.83,203.5684
2026-08-26 08:30:00,2462.83,2463.69,2460.21,2463.17,393.1197
2026-08-26 08:33:00,2463.17,2463.67,2461.61,2461.77,466.5622
2026-08-26 08:36:00,2461.77,2462.88,2461.09,2461.52,743.6041
2026-08-26 08:39:00,2461.52,2462.54,2461.09,2461.99,566.8145
2026-08-26 08:42:00,2461.99,2464.63,2461.84,2464.2,617.7012
2026-08-26 08:45:00,2464.19,2464.19,2461.43,2461.47,425.4096
2026-08-26 08:48:00,2461.47,2462.0,2460.54,2461.34,135.3971
2026-08-26 08:51:00,2461.34,2461.34,2457.35,2458.74,751.9824
2026-08-26 08:54:00,2458.74,2458.74,2454.21,2456.51,417.8513
2026-08-26 08:57:00,2456.51,2456.51,2453.66,2456.29,578.0771
2026-08-26 09:00:00,2456.29,2459.84,2454.6,2458.58,865.2037
2026-08-26 09:03:00,2458.58,2460.5,2458.01,2459.68,314.5062
2026-08-26 09:06:00,2459.69,2461.0,2458.13,2458.61,303.9822
2026-08-26 09:09:00,2458.61,2459.45,2458.13,2459.39,162.8037
2026-08-26 09:12:00,2459.38,2459.39,2456.09,2456.09,157.531
2026-08-26 09:15:00,2456.1,2456.44,2447.88,2450.76,926.1072
2026-08-26 09:18:00,2450.76,2453.0,2445.24,2449.58,999.3222
2026-08-26 09:21:00,2449.58,2450.63,2445.87,2446.0,489.5507
2026-08-26 09:24:00,2446.01,2451.42,2446.01,2450.28,412.1916
2026-08-26 09:27:00,2450.28,2450.75,2449.59,2450.61,1263.5872
2026-08-26 09:30:00,2450.61,2452.44,2448.11,2451.47,504.6892
2026-08-26 09:33:00,2451.48,2453.2,2451.14,2451.14,282.2747
2026-08-26 09:36:00,2451.14,2451.42,2448.19,2449.39,239.9963
2026-08-26 09:39:00,2449.4,2449.89,2446.39,2448.25,469.16
2026-08-26 09:42:00,2448.25,2448.25,2444.25,2444.85,379.2582
2026-08-26 09:45:00,2444.86,2447.44,2442.76,2445.91,779.4902
2026-08-26 09:48:00,2445.92,2448.79,2445.35,2448.5,314.809
2026-08-26 09:51:00,2448.5,2449.57,2446.8,2447.11,237.2128
2026-08-26 09:54:00,2447.1,2447.79,2446.08,2447.45,183.1624
2026-08-26 09:57:00,2447.45,2448.22,2447.44,2447.87,121.0487
2026-08-26 10:00:00,2447.86,2447.86,2446.01,2446.69,391.5243
2026-08-26 10:03:00,2446.68,2447.34,2444.86,2445.84,240.7181
2026-08-26 10:06:00,2445.85,2447.03,2445.19,2445.2,199.2085
2026-08-26 10:09:00,2445.19,2446.21,2444.69,2446.21,376.5654
2026-08-26 10:12:00,2446.21,2450.0,2445.71,2449.47,230.6222
2026-08-26 10:15:00,2449.47,2452.01,2449.23,2451.49,542.7902
2026-08-26 10:18:00,2451.48,2452.87,2450.86,2450.86,272.5795
2026-08-26 10:21:00,2450.86,2452.21,2450.0,2452.2,242.6669
2026-08-26 10:24:00,2452.21,2454.03,2452.18,2453.98,281.1819
2026-08-26 10:27:00,2453.98,2454.66,2453.98,2454.39,246.9518
2026-08-26 10:30:00,2454.4,2455.7,2453.65,2455.7,356.0148
2026-08-26 10:33:00,2455.69,2458.94,2455.13,2458.51,599.9267
2026-08-26 10:36:00,2458.51,2463.13,2458.33,2462.84,887.2753
2026-08-26 10:39:00,2462.84,2470.31,2462.84,2466.12,2536.1556
2026-08-26 10:42:00,2466.12,2466.83,2463.3,2465.01,997.9969
2026-08-26 10:45:00,2465.02,2466.26,2464.08,2466.13,942.054
2026-08-26 10:48:00,2466.14,2475.61,2466.14,2473.44,1133.2167
2026-08-26 10:51:00,2473.44,2473.83,2469.25,2472.61,950.9056
2026-08-26 10:54:00,2472.61,2472.61,2468.8,2469.03,306.1512
2026-08-26 10:57:00,2469.03,2469.57,2468.38,2468.96,240.1198
2026-08-26 11:00:00,2468.97,2471.94,2468.75,2471.27,435.6667
2026-08-26 11:03:00,2471.27,2473.25,2470.67,2472.42,293.2
2026-08-26 11:06:00,2472.41,2472.41,2469.55,2469.66,229.1527
2026-08-26 11:09:00,2469.67,2469.67,2467.32,2469.22,485.2701
2026-08-26 11:12:00,2469.23,2470.0,2466.87,2468.22,373.0752
2026-08-26 11:15:00,2468.23,2468.97,2467.18,2468.57,211.269
2026-08-26 11:18:00,2468.57,2468.57,2465.63,2465.86,283.2609
2026-08-26 11:21:00,2465.86,2468.17,2465.64,2466.94,331.7514
2026-08-26 11:24:00,2466.95,2467.19,2465.06,2465.44,311.2799
2026-08-26 11:27:00,2465.44,2466.36,2465.44,2466.19,154.4177
2026-08-26 11:30:00,2466.19,2466.19,2464.41,2464.83,701.112
2026-08-26 11:33:00,2464.82,2467.01,2464.73,2467.01,228.9171
2026-08-26 11:36:00,2467.01,2467.65,2456.32,2458.49,897.7833
2026-08-26 11:39:00,2458.49,2460.3,2456.6,2459.77,279.9155
2026-08-26 11:42:00,2459.78,2463.13,2458.82,2461.85,266.7838
2026-08-26 11:45:00,2461.85,2461.99,2459.71,2460.3,148.7912
2026-08-26 11:48:00,2460.3,2461.4,2459.44,2461.4,132.1021
2026-08-26 11:51:00,2461.4,2465.69,2461.09,2465.68,219.6103
2026-08-26 11:54:00,2465.69,2467.84,2464.73,2467.29,321.4667
2026-08-26 11:57:00,2467.28,2468.78,2462.62,2463.09,416.5205
2026-08-26 12:00:00,2463.09,2465.63,2463.09,2464.85,348.6679
2026-08-26 12:03:00,2464.81,2464.81,2460.86,2461.1,198.6207
2026-08-26 12:06:00,2461.09,2461.45,2458.58,2461.06,351.3654
2026-08-26 12:09:00,2461.05,2462.48,2460.46,2462.0,290.9707
2026-08-26 12:12:00,2462.01,2463.81,2460.42,2460.58,252.0384
2026-08-26 12:15:00,2460.57,2461.67,2457.59,2461.08,452.3855
2026-08-26 12:18:00,2461.07,2462.7,2459.41,2462.7,209.0952
2026-08-26 12:21:00,2462.7,2467.19,2461.96,2466.81,294.8365
2026-08-26 12:24:00,2466.8,2472.05,2466.8,2468.83,735.4981
2026-08-26 12:27:00,2468.83,2471.43,2468.81,2471.21,371.7466
2026-08-26 12:30:00,2471.21,2471.22,2443.76,2462.58,4379.3747
2026-08-26 12:33:00,2462.58,2466.41,2460.28,2462.06,694.3967
2026-08-26 12:36:00,2462.06,2462.06,2452.69,2456.6,652.4163
2026-08-26 12:39:00,2456.6,2460.12,2453.99,2457.81,851.3353
2026-08-26 12:42:00,2457.82,2459.99,2455.01,2455.01,237.7773
2026-08-26 12:45:00,2455.01,2459.47,2452.79,2455.27,608.9861
2026-08-26 12:48:00,2455.27,2460.27,2455.27,2460.27,465.9606
2026-08-26 12:51:00,2460.28,2460.41,2454.45,2454.45,314.7084
2026-08-26 12:54:00,2454.46,2457.64,2452.58,2457.46,449.1868
2026-08-26 12:57:00,2457.45,2458.04,2455.01,2455.01,321.3762
2026-08-26 13:00:00,2455.01,2458.29,2453.65,2454.77,569.4891
2026-08-26 13:03:00,2454.77,2455.02,2451.38,2452.3,367.3927
2026-08-26 13:06:00,2452.3,2454.58,2448.0,2448.83,516.1137
2026-08-26 13:09:00,2448.82,2449.87,2444.17,2445.53,1237.2739
2026-08-26 13:12:00,2445.52,2447.62,2442.0,2446.06,1242.6838
2026-08-26 13:15:00,2446.06,2448.09,2443.16,2443.86,550.6625
2026-08-26 13:18:00,2443.85,2447.45,2442.14,2444.64,603.2861
2026-08-26 13:21:00,2444.65,2447.73,2438.77,2442.31,1570.779
2026-08-26 13:24:00,2442.32,2444.04,2437.11,2441.87,1565.2065
2026-08-26 13:27:00,2441.87,2446.01,2441.87,2444.29,601.1842
2026-08-26 13:30:00,2444.29,2451.61,2443.61,2447.69,1294.8252
2026-08-26 13:33:00,2447.7,2454.56,2447.29,2451.1,1155.4792
2026-08-26 13:36:00,2451.07,2457.81,2450.46,2454.87,788.6648
2026-08-26 13:39:00,2454.86,2456.97,2451.6,2453.99,571.289
2026-08-26 13:42:00,2453.99,2459.27,2451.5,2458.82,1239.4873
2026-08-26 13:45:00,2458.82,2462.76,2455.65,2458.1,1569.9962
2026-08-26 13:48:00,2458.1,2458.47,2452.83,2453.73,882.2232
2026-08-26 13:51:00,2453.73,2454.91,2450.0,2454.91,608.5562
2026-08-26 13:54:00,2454.91,2454.92,2451.33,2452.8,327.5504
2026-08-26 13:57:00,2452.8,2457.94,2452.4,2457.3,408.864
2026-08-26 14:00:00,2457.3,2462.14,2453.63,2460.42,879.6106
2026-08-26 14:03:00,2460.43,2461.67,2458.61,2459.51,1003.1621
2026-08-26 14:06:00,2459.51,2461.65,2457.16,2460.82,711.4775
2026-08-26 14:09:00,2460.81,2461.2,2456.32,2461.0,462.4497
2026-08-26 14:12:00,2461.0,2461.0,2455.73,2456.3,498.0817
2026-08-26 14:15:00,2456.31,2461.9,2455.65,2460.07,556.0042
2026-08-26 14:18:00,2460.07,2460.07,2457.57,2459.03,393.6409
2026-08-26 14:21:00,2459.03,2459.03,2456.05,2456.39,357.6553
2026-08-26 14:24:00,2456.39,2456.93,2450.0,2450.97,810.4554
2026-08-26 14:27:00,2450.95,2452.25,2448.82,2450.76,813.642
2026-08-26 14:30:00,2450.75,2452.91,2449.01,2451.82,551.8832
2026-08-26 14:33:00,2451.79,2451.79,2446.9,2448.4,619.2327
2026-08-26 14:36:00,2448.4,2452.57,2448.07,2449.17,399.4393
2026-08-26 14:39:00,2449.16,2450.51,2447.41,2448.42,411.3646
2026-08-26 14:42:00,2448.41,2449.17,2444.5,2445.0,795.4365
2026-08-26 14:45:00,2445.01,2445.95,2442.2,2442.91,697.5582
2026-08-26 14:48:00,2442.91,2447.49,2440.05,2445.06,892.1897
2026-08-26 14:51:00,2445.07,2446.52,2443.84,2443.84,620.826
2026-08-26 14:54:00,2443.85,2444.8,2439.16,2439.52,678.9167
2026-08-26 14:57:00,2439.52,2441.25,2438.41,2439.38,683.8581
2026-08-26 15:00:00,2439.38,2442.0,2436.08,2436.69,1088.2777
2026-08-26 15:03:00,2436.7,2439.67,2432.32,2439.67,2371.9938
2026-08-26 15:06:00,2439.67,2442.12,2436.83,2439.81,684.0396
2026-08-26 15:09:00,2439.81,2443.39,2439.8,2442.73,1225.3195
2026-08-26 15:12:00,2442.73,2442.73,2439.84,2441.21,478.7289
2026-08-26 15:15:00,2441.21,2441.91,2436.26,2440.59,646.4715
2026-08-26 15:18:00,2440.58,2441.53,2437.45,2441.27,387.3351
2026-08-26 15:21:00,2441.27,2444.47,2440.6,2444.07,406.7284
2026-08-26 15:24:00,2444.06,2451.22,2443.75,2450.15,1125.5691
2026-08-26 15:27:00,2450.15,2455.38,2450.14,2454.4,1126.6258
2026-08-26 15:30:00,2454.4,2454.74,2448.59,2448.6,919.5726
2026-08-26 15:33:00,2448.59,2449.35,2441.81,2443.8,1188.7967
2026-08-26 15:36:00,2443.79,2446.84,2443.71,2445.67,542.5111
2026-08-26 15:39:00,2445.67,2450.96,2445.66,2449.58,559.4713
2026-08-26 15:42:00,2449.59,2450.35,2447.92,2448.0,288.8656
2026-08-26 15:45:00,2448.0,2450.57,2448.0,2449.52,275.2753
2026-08-26 15:48:00,2449.53,2453.04,2449.52,2451.67,482.005
2026-08-26 15:51:00,2451.67,2451.67,2449.0,2449.01,1000.0922
2026-08-26 15:54:00,2449.0,2451.62,2448.99,2451.62,1078.7202
2026-08-26 15:57:00,2451.61,2451.84,2448.92,2449.85,280.6721
2026-08-26 16:00:00,2449.85,2451.11,2447.65,2447.97,235.764
2026-08-26 16:03:00,2447.96,2452.58,2447.31,2452.58,259.0512
2026-08-26 16:06:00,2452.58,2455.36,2451.35,2454.66,439.5853
2026-08-26 16:09:00,2454.67,2454.97,2451.46,2451.47,294.0876
2026-08-26 16:12:00,2451.47,2451.47,2449.69,2450.4,446.3164
2026-08-26 16:15:00,2450.4,2451.0,2447.82,2448.55,460.0475
2026-08-26 16:18:00,2448.55,2453.25,2448.54,2452.96,215.8608
2026-08-26 16:21:00,2452.97,2453.25,2449.17,2449.43,526.5037
2026-08-26 16:24:00,2449.44,2450.5,2448.35,2448.35,278.6018
2026-08-26 16:27:00,2448.36,2449.33,2447.41,2449.29,654.2406
2026-08-26 16:30:00,2449.28,2450.74,2447.75,2450.73,254.3096
2026-08-26 16:33:00,2450.74,2453.28,2449.35,2453.25,336.1134
2026-08-26 16:36:00,2453.24,2453.76,2445.07,2446.61,586.7461
2026-08-26 16:39:00,2446.61,2446.61,2439.8,2442.9,1021.5173
2026-08-26 16:42:00,2442.91,2442.91,2438.1,2438.69,560.4477
2026-08-26 16:45:00,2438.7,2445.32,2438.7,2445.12,450.7347
2026-08-26 16:48:00,2445.12,2451.5,2444.7,2450.06,931.4692
2026-08-26 16:51:00,2450.07,2450.07,2444.86,2445.77,175.8716
2026-08-26 16:54:00,2445.76,2446.78,2444.5,2444.94,183.966
2026-08-26 16:57:00,2444.95,2447.3,2444.53,2444.64,238.2062
2026-08-26 17:00:00,2444.65,2447.18,2444.5,2445.1,235.6136
2026-08-26 17:03:00,2445.09,2446.19,2444.08,2446.18,249.7872
2026-08-26 17:06:00,2446.18,2447.41,2443.8,2447.39,164.3437
2026-08-26 17:09:00,2447.39,2448.39,2444.0,2444.52,435.3117
2026-08-26 17:12:00,2444.51,2447.36,2444.51,2447.35,229.9967
2026-08-26 17:15:00,2447.36,2451.22,2447.36,2451.2,296.9112
2026-08-26 17:18:00,2451.2,2454.63,2450.95,2452.39,435.5896
2026-08-26 17:21:00,2452.4,2454.7,2451.62,2454.63,299.3903
2026-08-26 17:24:00,2454.64,2458.74,2454.63,2456.73,993.1371
2026-08-26 17:27:00,2456.73,2463.45,2456.72,2463.08,1455.6273
2026-08-26 17:30:00,2463.09,2467.03,2461.81,2463.75,873.5691
2026-08-26 17:33:00,2463.76,2465.29,2462.17,2462.85,900.8932
2026-08-26 17:36:00,2462.85,2463.32,2461.49,2463.13,363.8262
2026-08-26 17:39:00,2463.13,2466.36,2462.99,2464.08,840.4381
2026-08-26 17:42:00,2464.08,2464.08,2461.05,2461.44,859.6667
2026-08-26 17:45:00,2461.44,2461.67,2456.09,2456.09,477.5013
2026-08-26 17:48:00,2456.09,2459.23,2455.72,2458.98,509.1641
2026-08-26 17:51:00,2458.98,2460.67,2458.79,2460.67,201.3892
2026-08-26 17:54:00,2460.66,2462.54,2460.66,2462.52,235.8032
2026-08-26 17:57:00,2462.52,2462.78,2459.93,2460.84,255.3069
2026-08-26 18:00:00,2460.84,2462.03,2458.85,2462.03,208.6891
2026-08-26 18:03:00,2462.02,2463.55,2461.68,2461.98,269.553
2026-08-26 18:06:00,2461.97,2465.16,2461.97,2465.15,268.7303
2026-08-26 18:09:00,2465.15,2471.28,2465.15,2467.75,1229.917
2026-08-26 18:12:00,2467.75,2470.42,2466.71,2467.21,438.3105
2026-08-26 18:15:00,2467.22,2468.68,2465.35,2468.01,511.9311
2026-08-26 18:18:00,2468.03,2468.7,2466.6,2467.0,254.0115
2026-08-26 18:21:00,2467.01,2469.22,2466.35,2466.36,510.7204
2026-08-26 18:24:00,2466.35,2466.36,2463.7,2463.7,155.0613
2026-08-26 18:27:00,2463.71,2464.22,2461.67,2462.9,551.0877
2026-08-26 18:30:00,2462.9,2464.46,2462.43,2464.14,437.4167
2026-08-26 18:33:00,2464.14,2466.2,2463.57,2465.26,313.2122
2026-08-26 18:36:00,2465.26,2467.11,2463.98,2464.5,431.1536
2026-08-26 18:39:00,2464.5,2464.95,2462.37,2463.28,251.5474
2026-08-26 18:42:00,2463.28,2464.71,2462.99,2464.62,187.4149
2026-08-26 18:45:00,2464.63,2469.13,2464.46,2469.12,394.5809
2026-08-26 18:48:00,2469.12,2471.2,2468.17,2470.94,755.7303
2026-08-26 18:51:00,2470.93,2472.0,2468.18,2471.01,757.7696
2026-08-26 18:54:00,2471.0,2472.59,2470.81,2472.21,307.4555
2026-08-26 18:57:00,2472.22,2474.34,2471.94,2472.69,623.3242
2026-08-26 19:00:00,2472.69,2473.5,2471.11,2473.49,663.7485
2026-08-26 19:03:00,2473.5,2473.5,2471.43,2472.17,503.7238
2026-08-26 19:06:00,2472.18,2472.91,2469.43,2469.53,488.0189
2026-08-26 19:09:00,2469.51,2473.0,2469.21,2470.99,571.2799
2026-08-26 19:12:00,2470.98,2470.98,2470.08,2470.52,239.0897
2026-08-26 19:15:00,2470.51,2472.23,2470.26,2470.8,425.0992
2026-08-26 19:18:00,2470.79,2473.59,2470.79,2472.66,535.1709
2026-08-26 19:21:00,2472.67,2473.13,2471.39,2472.36,661.2751
2026-08-26 19:24:00,2472.35,2483.52,2470.85,2482.79,2979.5768
2026-08-26 19:27:00,2482.79,2482.84,2478.8,2480.33,967.1442
2026-08-26 19:30:00,2480.33,2480.66,2475.62,2478.11,792.5377
2026-08-26 19:33:00,2478.1,2478.11,2474.4,2474.44,661.739
2026-08-26 19:36:00,2474.44,2474.92,2470.67,2470.67,513.1273
2026-08-26 19:39:00,2470.67,2471.27,2468.0,2469.82,413.3386
2026-08-26 19:42:00,2469.83,2471.89,2469.82,2471.25,818.2005
2026-08-26 19:45:00,2471.26,2473.7,2470.65,2472.7,675.3438
2026-08-26 19:48:00,2472.7,2473.75,2471.81,2471.96,354.6578
2026-08-26 19:51:00,2471.96,2473.89,2470.84,2470.84,389.5586
2026-08-26 19:54:00,2470.85,2472.72,2470.15,2471.37,401.8785
2026-08-26 19:57:00,2471.37,2471.51,2469.08,2470.79,718.3954
2026-08-26 20:00:00,2470.79,2471.72,2468.83,2470.43,913.9733
2026-08-26 20:03:00,2470.44,2473.91,2470.44,2473.44,164.5514
2026-08-26 20:06:00,2473.44,2474.49,2472.6,2472.61,189.9703
2026-08-26 20:09:00,2472.6,2472.81,2470.48,2470.85,387.5788
2026-08-26 20:12:00,2470.85,2471.4,2469.15,2469.15,228.7388
2026-08-26 20:15:00,2469.16,2470.78,2468.63,2468.63,225.8137
2026-08-26 20:18:00,2468.64,2469.83,2465.26,2466.29,610.5268
2026-08-26 20:21:00,2466.28,2466.28,2460.29,2463.7,1194.0201
2026-08-26 20:24:00,2463.7,2469.13,2463.69,2466.79,395.2199
2026-08-26 20:27:00,2466.79,2469.1,2466.59,2469.1,107.461
2026-08-26 20:30:00,2469.1,2469.75,2466.03,2466.3,265.6633
2026-08-26 20:33:00,2466.3,2467.21,2464.68,2464.69,810.4123
2026-08-26 20:36:00,2464.68,2466.44,2464.29,2466.15,1110.701
2026-08-26 20:39:00,2466.15,2469.75,2465.72,2469.74,770.7711
2026-08-26 20:42:00,2469.74,2469.74,2468.13,2468.76,277.686
2026-08-26 20:45:00,2468.76,2470.06,2468.41,2469.76,172.7692
2026-08-26 20:48:00,2469.77,2470.41,2468.51,2468.73,133.0654
2026-08-26 20:51:00,2468.73,2470.18,2468.73,2470.17,174.6654
2026-08-26 20:54:00,2470.18,2472.87,2470.17,2471.97,2320.6782
2026-08-26 20:57:00,2471.97,2472.8,2471.78,2472.27,228.4496
2026-08-26 21:00:00,2472.27,2473.0,2470.56,2471.86,304.4998
2026-08-26 21:03:00,2471.86,2475.43,2470.85,2475.29,292.8492
2026-08-26 21:06:00,2475.29,2485.96,2475.27,2485.46,1509.5588
2026-08-26 21:09:00,2485.45,2492.0,2480.37,2489.14,2057.1507
2026-08-26 21:12:00,2489.14,2494.68,2485.49,2492.5,1355.2375
2026-08-26 21:15:00,2492.51,2494.99,2490.02,2494.98,947.0005
2026-08-26 21:18:00,2494.98,2495.98,2488.31,2492.06,1779.273
2026-08-26 21:21:00,2492.05,2495.59,2490.8,2492.61,1703.431
2026-08-26 21:24:00,2492.62,2498.29,2491.7,2495.05,2428.1851
2026-08-26 21:27:00,2495.06,2505.0,2493.13,2500.81,3970.2854
2026-08-26 21:30:00,2500.81,2501.13,2495.34,2497.38,835.4904
2026-08-26 21:33:00,2497.38,2498.13,2495.11,2498.13,465.5647
2026-08-26 21:36:00,2498.12,2501.1,2495.94,2495.94,575.1901
2026-08-26 21:39:00,2495.94,2497.35,2494.78,2495.94,384.1037
2026-08-26 21:42:00,2495.94,2496.14,2493.73,2494.15,415.1469
2026-08-26 21:45:00,2494.16,2495.0,2492.59,2492.6,361.6785
2026-08-26 21:48:00,2492.59,2494.15,2491.67,2494.09,341.3747
2026-08-26 21:51:00,2494.08,2496.64,2493.72,2496.59,238.4469
2026-08-26 21:54:00,2496.59,2497.96,2495.54,2495.54,176.669
2026-08-26 21:57:00,2495.54,2498.39,2495.54,2496.82,449.5432
2026-08-26 22:00:00,2496.82,2501.68,2494.66,2499.58,742.6451
2026-08-26 22:03:00,2499.59,2504.61,2499.34,2504.6,1044.3067
2026-08-26 22:06:00,2504.61,2507.0,2502.85,2503.67,958.0396
2026-08-26 22:09:00,2503.68,2503.68,2500.0,2500.0,370.9752
2026-08-26 22:12:00,2500.01,2503.71,2499.98,2503.42,836.9016
2026-08-26 22:15:00,2503.42,2512.02,2502.78,2506.84,2827.396
2026-08-26 22:18:00,2506.85,2514.83,2505.97,2511.75,1067.6488
2026-08-26 22:21:00,2511.75,2515.38,2508.17,2508.17,717.0946
2026-08-26 22:24:00,2508.17,2508.56,2506.1,2508.03,497.1317
2026-08-26 22:27:00,2508.03,2508.03,2505.29,2506.13,335.4351
2026-08-26 22:30:00,2506.13,2506.6,2500.5,2500.61,683.7716
2026-08-26 22:33:00,2500.61,2501.12,2499.62,2499.94,530.072
2026-08-26 22:36:00,2499.94,2500.13,2496.29,2498.43,386.59
2026-08-26 22:39:00,2498.43,2498.43,2494.72,2495.99,472.1245
2026-08-26 22:42:00,2496.0,2499.37,2495.89,2497.66,303.0649
2026-08-26 22:45:00,2497.66,2497.66,2495.94,2496.12,218.8705
2026-08-26 22:48:00,2496.12,2496.13,2491.07,2491.19,502.1485
2026-08-26 22:51:00,2491.19,2492.22,2489.49,2490.4,603.9131
2026-08-26 22:54:00,2490.39,2491.07,2489.57,2490.22,160.0117
2026-08-26 22:57:00,2490.23,2496.0,2490.23,2493.73,329.4105
2026-08-26 23:00:00,2493.72,2493.72,2490.29,2492.9,529.2737
2026-08-26 23:03:00,2492.9,2495.72,2492.9,2493.34,207.925
2026-08-26 23:06:00,2493.34,2493.6,2488.33,2489.46,400.7221
2026-08-26 23:09:00,2489.46,2491.4,2488.49,2489.67,304.4995
2026-08-26 23:12:00,2489.69,2490.9,2488.98,2490.45,311.9408
2026-08-26 23:15:00,2490.44,2494.04,2489.95,2493.52,333.9509
2026-08-26 23:18:00,2493.51,2494.4,2492.82,2494.32,442.919
2026-08-26 23:21:00,2494.31,2496.58,2493.51,2496.07,538.043
2026-08-26 23:24:00,2496.06,2500.13,2494.85,2499.54,659.0892
2026-08-26 23:27:00,2499.53,2500.84,2498.91,2498.92,532.8032
2026-08-26 23:30:00,2498.91,2502.0,2498.91,2499.5,496.319
2026-08-26 23:33:00,2499.5,2502.0,2497.96,2501.84,712.2595
2026-08-26 23:36:00,2501.85,2506.15,2501.45,2505.78,667.3373
2026-08-26 23:39:00,2505.79,2505.79,2502.29,2504.78,569.3387
2026-08-26 23:42:00,2504.78,2507.76,2504.75,2507.35,583.6232
2026-08-26 23:45:00,2507.35,2512.69,2507.08,2508.19,961.7779
2026-08-26 23:48:00,2508.19,2508.19,2501.59,2503.16,1505.3891
2026-08-26 23:51:00,2503.16,2506.79,2503.16,2505.68,858.3189
2026-08-26 23:54:00,2505.68,2507.6,2503.93,2507.59,464.0809
2026-08-26 23:57:00,2507.59,2508.21,2505.41,2506.78,1500.1762
2026-08-27 00:00:00,2506.78,2507.18,2502.95,2505.0,534.2095
2026-08-27 00:03:00,2505.0,2505.14,2500.0,2503.03,884.5358
2026-08-27 00:06:00,2503.03,2509.0,2501.53,2508.78,860.8813
2026-08-27 00:09:00,2508.78,2510.64,2503.8,2504.69,1491.2403
2026-08-27 00:12:00,2504.69,2506.37,2502.15,2502.61,437.805
2026-08-27 00:15:00,2502.61,2502.83,2500.73,2501.94,534.6335
2026-08-27 00:18:00,2501.94,2506.64,2501.93,2505.63,334.0786
2026-08-27 00:21:00,2505.63,2505.64,2502.36,2502.36,359.1108
2026-08-27 00:24:00,2502.36,2502.36,2499.49,2499.63,266.3626
2026-08-27 00:27:00,2499.64,2500.92,2499.01,2500.92,311.2849
2026-08-27 00:30:00,2500.92,2501.68,2499.17,2499.18,247.466
2026-08-27 00:33:00,2499.18,2500.58,2498.42,2498.72,286.7586
2026-08-27 00:36:00,2498.72,2499.63,2495.76,2495.77,449.7113
2026-08-27 00:39:00,2495.77,2496.99,2494.83,2495.04,363.3508
2026-08-27 00:42:00,2495.05,2497.98,2494.15,2496.2,392.4729
2026-08-27 00:45:00,2496.2,2496.2,2493.16,2493.16,458.626
2026-08-27 00:48:00,2493.16,2496.53,2492.88,2496.46,398.0628
2026-08-27 00:51:00,2496.45,2497.24,2492.23,2492.27,369.7981
2026-08-27 00:54:00,2492.26,2493.88,2492.26,2492.77,373.9203
2026-08-27 00:57:00,2492.77,2494.4,2492.0,2492.01,684.0932
2026-08-27 01:00:00,2492.0,2493.83,2491.67,2493.3,305.9417
2026-08-27 01:03:00,2493.3,2493.59,2488.7,2491.24,798.504
2026-08-27 01:06:00,2491.24,2495.04,2489.03,2489.21,313.2246
2026-08-27 01:09:00,2489.21,2491.9,2489.11,2490.58,507.742
2026-08-27 01:12:00,2490.59,2490.63,2487.03,2489.5,291.3131
2026-08-27 01:15:00,2489.49,2491.08,2487.48,2488.62,158.8434
2026-08-27 01:18:00,2488.63,2493.56,2488.63,2493.16,349.9338
2026-08-27 01:21:00,2493.16,2496.14,2493.16,2496.03,263.5684
2026-08-27 01:24:00,2496.03,2498.76,2496.03,2498.76,309.6319
2026-08-27 01:27:00,2498.76,2505.64,2498.08,2503.04,930.0647
2026-08-27 01:30:00,2503.05,2505.74,2498.08,2499.57,725.1972
2026-08-27 01:33:00,2499.59,2501.67,2498.26,2499.15,332.9302
2026-08-27 01:36:00,2499.14,2502.9,2499.04,2500.34,562.353
2026-08-27 01:39:00,2500.34,2500.56,2496.46,2496.84,204.5407
2026-08-27 01:42:00,2496.85,2497.0,2493.0,2493.0,520.8463
2026-08-27 01:45:00,2493.0,2497.62,2492.82,2497.62,526.7632
2026-08-27 01:48:00,2497.62,2504.33,2497.62,2504.33,488.922
2026-08-27 01:51:00,2504.33,2506.15,2502.12,2502.9,2025.376
2026-08-27 01:54:00,2502.91,2503.71,2500.96,2502.22,256.2354
2026-08-27 01:57:00,2502.23,2502.23,2497.76,2497.87,399.387
2026-08-27 02:00:00,2497.87,2502.53,2497.44,2501.0,679.1551
2026-08-27 02:03:00,2501.01,2502.64,2501.0,2502.64,277.3459
2026-08-27 02:06:00,2502.64,2503.71,2501.81,2503.7,225.1626
2026-08-27 02:09:00,2503.7,2504.95,2501.25,2502.19,362.4439
2026-08-27 02:12:00,2502.19,2503.95,2501.2,2502.12,387.135
2026-08-27 02:15:00,2502.08,2502.36,2500.0,2501.94,176.9374
2026-08-27 02:18:00,2501.94,2502.48,2500.6,2501.09,147.0665
2026-08-27 02:21:00,2501.09,2501.55,2498.3,2498.67,153.8718
2026-08-27 02:24:00,2498.67,2498.67,2494.31,2495.88,548.656
2026-08-27 02:27:00,2495.87,2496.11,2495.32,2495.97,130.2775
2026-08-27 02:30:00,2495.97,2497.61,2494.88,2497.51,281.8254
2026-08-27 02:33:00,2497.51,2498.16,2496.13,2496.37,91.693
2026-08-27 02:36:00,2496.37,2497.2,2494.57,2495.94,106.9664
2026-08-27 02:39:00,2495.93,2495.93,2494.04,2494.42,170.0243
2026-08-27 02:42:00,2494.43,2494.51,2493.12,2494.0,188.9062
2026-08-27 02:45:00,2493.99,2495.58,2493.99,2495.36,178.3767
2026-08-27 02:48:00,2495.36,2495.36,2493.37,2495.11,228.6641
2026-08-27 02:51:00,2495.11,2495.92,2494.0,2494.01,163.5515
2026-08-27 02:54:00,2494.01,2494.63,2493.55,2494.27,207.2502
2026-08-27 02:57:00,2494.27,2494.73,2493.62,2494.73,121.8231
2026-08-27 03:00:00,2494.73,2495.16,2493.72,2494.77,180.0075
2026-08-27 03:03:00,2494.77,2494.77,2493.91,2494.32,109.1871
2026-08-27 03:06:00,2494.32,2497.0,2494.31,2494.86,228.0846
2026-08-27 03:09:00,2494.85,2495.49,2493.64,2494.51,168.7305
2026-08-27 03:12:00,2494.51,2494.51,2490.61,2491.09,281.4135
2026-08-27 03:15:00,2491.09,2491.84,2489.2,2489.36,374.6936
2026-08-27 03:18:00,2489.36,2495.93,2489.36,2492.95,371.8011
2026-08-27 03:21:00,2492.95,2494.84,2491.52,2494.01,731.3579
2026-08-27 03:24:00,2494.02,2498.33,2494.02,2496.77,1149.4725
2026-08-27 03:27:00,2496.76,2499.03,2496.76,2497.91,389.7905
2026-08-27 03:30:00,2497.91,2498.45,2494.41,2494.83,291.4204
2026-08-27 03:33:00,2494.83,2496.19,2494.54,2494.75,152.7626
2026-08-27 03:36:00,2494.76,2495.95,2493.92,2494.06,226.3533
2026-08-27 03:39:00,2494.07,2494.07,2492.41,2492.52,286.4438
2026-08-27 03:42:00,2492.52,2494.1,2492.46,2492.46,289.5716
2026-08-27 03:45:00,2492.47,2494.73,2491.74,2491.75,749.7265
2026-08-27 03:48:00,2491.74,2491.75,2489.32,2490.63,1046.0791
2026-08-27 03:51:00,2490.63,2491.11,2489.45,2491.11,391.4801
2026-08-27 03:54:00,2491.1,2492.0,2490.74,2491.99,155.5606
2026-08-27 03:57:00,2492.0,2492.89,2491.7,2492.89,134.4615
2026-08-27 04:00:00,2492.89,2494.22,2492.89,2493.38,389.01
2026-08-27 04:03:00,2493.38,2494.66,2492.41,2492.44,187.2081
2026-08-27 04:06:00,2492.43,2492.69,2491.52,2491.53,132.3408
2026-08-27 04:09:00,2491.53,2494.99,2491.53,2493.88,273.9935
2026-08-27 04:12:00,2493.89,2494.7,2493.63,2494.17,319.8538
2026-08-27 04:15:00,2494.18,2495.38,2494.09,2494.94,322.2683
2026-08-27 04:18:00,2494.95,2495.75,2494.6,2494.61,105.5838
2026-08-27 04:21:00,2494.6,2494.95,2493.21,2494.36,171.7887
2026-08-27 04:24:00,2494.36,2494.77,2493.62,2493.66,220.565
2026-08-27 04:27:00,2493.67,2493.67,2491.92,2491.92,128.7373
2026-08-27 04:30:00,2491.92,2491.92,2489.24,2489.94,405.9919
2026-08-27 04:33:00,2489.94,2490.0,2486.42,2487.03,649.2307
2026-08-27 04:36:00,2487.04,2487.8,2484.41,2486.3,800.6937
2026-08-27 04:39:00,2486.3,2487.73,2485.9,2487.36,732.7567
2026-08-27 04:42:00,2487.35,2489.29,2487.35,2489.15,207.4587
2026-08-27 04:45:00,2489.16,2491.12,2486.81,2487.17,257.6902
2026-08-27 04:48:00,2487.16,2487.17,2484.95,2485.1,197.6817
2026-08-27 04:51:00,2485.1,2486.34,2484.24,2486.34,232.3668
2026-08-27 04:54:00,2486.33,2487.12,2486.33,2486.77,121.6137
2026-08-27 04:57:00,2486.77,2487.39,2486.77,2487.38,414.2667
2026-08-27 05:00:00,2487.39,2488.61,2487.12,2487.55,411.6441
2026-08-27 05:03:00,2487.55,2487.55,2483.5,2483.5,273.9017
2026-08-27 05:06:00,2483.51,2486.41,2483.51,2486.2,304.3984
2026-08-27 05:09:00,2486.19,2487.35,2485.44,2486.28,114.2272
2026-08-27 05:12:00,2486.27,2487.63,2485.44,2485.44,117.5679
2026-08-27 05:15:00,2485.44,2485.45,2483.65,2483.65,106.0998
2026-08-27 05:18:00,2483.66,2485.78,2483.65,2485.78,86.12
2026-08-27 05:21:00,2485.78,2487.12,2485.78,2486.81,81.3221
2026-08-27 05:24:00,2486.81,2491.36,2486.81,2489.67,317.375
2026-08-27 05:27:00,2489.67,2489.67,2483.9,2485.28,552.68
2026-08-27 05:30:00,2485.27,2486.14,2483.5,2483.5,298.5828
2026-08-27 05:33:00,2483.5,2484.61,2481.74,2483.76,299.4717
2026-08-27 05:36:00,2483.76,2488.54,2483.61,2488.42,142.0784
2026-08-27 05:39:00,2488.42,2490.64,2487.36,2489.05,406.5966
2026-08-27 05:42:00,2489.05,2489.06,2486.34,2488.14,205.3591
2026-08-27 05:45:00,2488.14,2492.53,2487.94,2492.19,231.4276
2026-08-27 05:48:00,2492.18,2495.0,2492.18,2493.79,660.1404
2026-08-27 05:51:00,2493.8,2497.94,2493.79,2495.25,1057.0444
2026-08-27 05:54:00,2495.26,2495.26,2493.13,2493.33,148.9236
2026-08-27 05:57:00,2493.34,2496.94,2493.33,2496.63,648.1161
2026-08-27 06:00:00,2496.63,2496.63,2494.0,2494.19,143.0982
2026-08-27 06:03:00,2494.2,2494.2,2492.94,2492.95,192.6384
2026-08-27 06:06:00,2492.94,2493.73,2491.81,2491.81,81.5668
2026-08-27 06:09:00,2491.82,2491.82,2488.72,2489.03,325.9779
2026-08-27 06:12:00,2489.04,2489.45,2485.3,2488.5,488.2789
2026-08-27 06:15:00,2488.5,2488.5,2484.2,2486.52,980.6149
2026-08-27 06:18:00,2486.52,2486.52,2485.0,2485.25,184.1898
2026-08-27 06:21:00,2485.25,2487.48,2485.24,2485.83,224.4047
2026-08-27 06:24:00,2485.83,2486.01,2485.07,2485.83,203.9528
2026-08-27 06:27:00,2485.82,2485.83,2484.34,2485.61,190.5106
2026-08-27 06:30:00,2485.62,2488.64,2485.61,2486.13,210.0217
2026-08-27 06:33:00,2486.12,2488.62,2485.8,2488.61,106.8942
2026-08-27 06:36:00,2488.61,2488.61,2487.8,2488.43,161.6055
2026-08-27 06:39:00,2488.42,2488.71,2487.06,2487.09,158.5279
2026-08-27 06:42:00,2487.09,2488.39,2487.08,2488.39,107.0845
2026-08-27 06:45:00,2488.39,2489.96,2488.39,2489.88,188.3654
2026-08-27 06:48:00,2489.88,2492.08,2489.22,2492.07,383.1466
2026-08-27 06:51:00,2492.08,2492.32,2490.93,2491.69,183.0438
2026-08-27 06:54:00,2491.69,2493.34,2491.52,2492.45,97.1267
2026-08-27 06:57:00,2492.46,2493.22,2492.11,2493.11,62.2569
2026-08-27 07:00:00,2493.11,2493.11,2491.26,2491.82,113.9806
2026-08-27 07:03:00,2491.83,2492.48,2490.9,2492.22,177.0708
2026-08-27 07:06:00,2492.22,2492.23,2490.79,2491.47,196.2942
2026-08-27 07:09:00,2491.47,2492.9,2490.84,2492.5,106.3318
2026-08-27 07:12:00,2492.5,2495.34,2492.07,2494.24,279.1449
2026-08-27 07:15:00,2494.24,2494.24,2493.19,2493.36,111.0531
2026-08-27 07:18:00,2493.36,2494.34,2493.19,2493.46,88.9538
2026-08-27 07:21:00,2493.45,2493.93,2492.66,2493.2,80.9901
2026-08-27 07:24:00,2493.2,2493.21,2488.86,2490.2,422.4918
2026-08-27 07:27:00,2490.21,2491.08,2490.2,2490.79,128.4934
2026-08-27 07:30:00,2490.79,2494.42,2490.64,2493.13,201.8516
2026-08-27 07:33:00,2493.12,2493.58,2491.08,2491.31,1214.1041
2026-08-27 07:36:00,2491.31,2492.5,2490.41,2490.83,669.9677
2026-08-27 07:39:00,2490.82,2493.09,2490.7,2492.21,453.0668
2026-08-27 07:42:00,2492.21,2492.65,2491.55,2491.65,235.5414
2026-08-27 07:45:00,2491.64,2492.7,2491.29,2492.7,263.6422
2026-08-27 07:48:00,2492.7,2493.46,2492.01,2493.46,251.2984
2026-08-27 07:51:00,2493.46,2496.0,2493.45,2494.51,361.97
2026-08-27 07:54:00,2494.51,2499.0,2494.35,2499.0,526.3274
2026-08-27 07:57:00,2498.99,2499.0,2496.75,2497.16,385.6884
2026-08-27 08:00:00,2497.17,2503.21,2497.05,2503.2,2262.9634
2026-08-27 08:03:00,2503.2,2518.99,2502.75,2507.57,3680.366
2026-08-27 08:06:00,2507.57,2516.69,2506.61,2516.3,1259.0206
2026-08-27 08:09:00,2516.29,2529.0,2515.71,2524.12,6436.9615
2026-08-27 08:12:00,2524.12,2524.54,2517.22,2520.0,1607.4541
2026-08-27 08:15:00,2520.0,2520.63,2514.59,2516.19,1277.9476
2026-08-27 08:18:00,2516.18,2517.86,2514.61,2515.19,1117.6801
2026-08-27 08:21:00,2515.19,2518.76,2512.44,2516.5,1492.3177
2026-08-27 08:24:00,2516.51,2523.65,2516.51,2521.28,1342.8045
2026-08-27 08:27:00,2521.29,2535.0,2520.36,2533.88,4138.5097
2026-08-27 08:30:00,2533.88,2546.84,2533.69,2538.1,5679.54
2026-08-27 08:33:00,2538.1,2540.66,2530.42,2533.69,1731.7374
2026-08-27 08:36:00,2533.69,2533.69,2527.08,2529.73,1108.1966
2026-08-27 08:39:00,2529.73,2536.48,2528.85,2533.34,1075.7409
2026-08-27 08:42:00,2533.34,2538.98,2530.69,2536.42,1288.1527
2026-08-27 08:45:00,2536.42,2540.58,2533.39,2535.65,1636.1643
2026-08-27 08:48:00,2535.64,2538.62,2534.42,2534.69,921.6867
2026-08-27 08:51:00,2534.68,2538.92,2532.75,2534.37,885.7885
2026-08-27 08:54:00,2534.37,2535.58,2528.79,2532.12,820.0822
2026-08-27 08:57:00,2532.12,2532.95,2530.55,2531.05,547.5434
2026-08-27 09:00:00,2531.05,2532.33,2525.45,2527.07,1042.6602
2026-08-27 09:03:00,2527.08,2532.08,2526.81,2530.29,2707.2831
2026-08-27 09:06:00,2530.29,2533.36,2526.85,2533.25,793.628
2026-08-27 09:09:00,2533.26,2536.91,2531.44,2535.65,730.3877
2026-08-27 09:12:00,2535.65,2536.14,2533.6,2535.61,616.7016
2026-08-27 09:15:00,2535.62,2536.0,2532.31,2535.61,868.592
2026-08-27 09:18:00,2535.61,2542.23,2531.16,2541.99,1538.6624
2026-08-27 09:21:00,2541.98,2541.99,2536.5,2538.21,891.2871
2026-08-27 09:24:00,2538.21,2560.0,2538.21,2558.59,8638.8754
2026-08-27 09:27:00,2558.59,2566.53,2549.1,2554.44,6129.7601
2026-08-27 09:30:00,2554.44,2556.58,2549.39,2550.45,1378.1991
2026-08-27 09:33:00,2550.5,2551.17,2545.67,2546.37,1194.7266
2026-08-27 09:36:00,2546.37,2548.56,2543.66,2544.67,999.3903
2026-08-27 09:39:00,2544.67,2548.91,2544.66,2544.96,600.6335
2026-08-27 09:42:00,2544.96,2544.96,2538.82,2541.54,1126.4139
2026-08-27 09:45:00,2541.54,2545.54,2541.48,2545.09,243.0535
2026-08-27 09:48:00,2545.08,2545.09,2536.8,2537.6,487.2213
2026-08-27 09:51:00,2537.61,2539.42,2536.43,2538.74,401.5391
2026-08-27 09:54:00,2538.74,2538.93,2533.53,2533.66,509.8638
2026-08-27 09:57:00,2533.65,2535.75,2532.53,2534.94,538.5615
2026-08-27 10:00:00,2534.94,2535.4,2531.72,2532.89,896.358
2026-08-27 10:03:00,2532.9,2536.09,2529.45,2535.34,3080.7944
2026-08-27 10:06:00,2535.33,2539.76,2534.9,2539.31,750.2124
2026-08-27 10:09:00,2539.3,2539.98,2536.24,2536.24,336.6243
2026-08-27 10:12:00,2536.24,2536.24,2525.57,2529.95,1031.3714
2026-08-27 10:15:00,2529.96,2532.03,2527.04,2530.32,582.8627
2026-08-27 10:18:00,2530.32,2531.11,2528.64,2529.77,547.8771
2026-08-27 10:21:00,2529.78,2530.65,2526.16,2526.16,541.4115
2026-08-27 10:24:00,2526.16,2526.23,2486.97,2499.68,9688.0633
2026-08-27 10:27:00,2499.69,2511.76,2498.84,2510.91,3789.4511
2026-08-27 10:30:00,2510.91,2512.48,2504.79,2512.41,1051.7837
2026-08-27 10:33:00,2512.41,2513.0,2505.92,2505.93,796.9725
2026-08-27 10:36:00,2505.93,2506.57,2496.98,2501.67,2562.608
2026-08-27 10:39:00,2501.67,2505.65,2499.01,2505.4,883.6672
2026-08-27 10:42:00,2505.4,2507.86,2503.95,2505.86,418.6877
2026-08-27 10:45:00,2505.85,2506.58,2501.09,2502.15,539.0232
2026-08-27 10:48:00,2502.14,2504.06,2501.11,2503.32,355.2108
2026-08-27 10:51:00,2503.33,2505.27,2502.0,2505.12,408.5729
2026-08-27 10:54:00,2505.11,2505.99,2504.34,2504.34,936.1186
2026-08-27 10:57:00,2504.34,2505.62,2502.13,2503.6,531.9426
2026-08-27 11:00:00,2503.6,2508.12,2501.81,2506.07,975.2858
2026-08-27 11:03:00,2506.07,2509.1,2505.0,2507.41,406.1633
2026-08-27 11:06:00,2507.4,2508.46,2505.14,2506.7,356.7314
2026-08-27 11:09:00,2506.7,2507.8,2505.63,2505.95,239.6853
2026-08-27 11:12:00,2505.95,2508.1,2505.92,2508.1,560.2555
2026-08-27 11:15:00,2508.1,2509.4,2505.41,2506.11,639.4636
2026-08-27 11:18:00,2506.1,2508.03,2504.36,2508.03,297.0995
2026-08-27 11:21:00,2508.03,2508.91,2505.58,2507.34,181.3805
2026-08-27 11:24:00,2507.35,2510.18,2504.6,2504.6,795.6791
2026-08-27 11:27:00,2504.6,2505.42,2499.07,2501.24,1949.0026
2026-08-27 11:30:00,2501.23,2501.67,2498.39,2501.27,469.4143
2026-08-27 11:33:00,2501.27,2505.36,2501.26,2504.22,268.7321
2026-08-27 11:36:00,2504.22,2504.78,2499.58,2499.96,258.5986
2026-08-27 11:39:00,2499.95,2502.25,2499.58,2502.24,383.2099
2026-08-27 11:42:00,2502.24,2503.93,2501.27,2503.38,470.3705
2026-08-27 11:45:00,2503.37,2503.37,2500.29,2501.16,500.3688
2026-08-27 11:48:00,2501.17,2501.59,2497.3,2497.48,1214.353
2026-08-27 11:51:00,2497.48,2502.0,2492.56,2501.99,1064.6534
2026-08-27 11:54:00,2502.0,2502.5,2501.03,2501.81,191.3435
2026-08-27 11:57:00,2501.8,2502.01,2501.46,2501.73,123.213
2026-08-27 12:00:00,2501.74,2503.49,2501.0,2502.59,526.4245
2026-08-27 12:03:00,2502.59,2503.14,2500.9,2502.19,498.6224
2026-08-27 12:06:00,2502.18,2503.03,2500.0,2500.0,418.1299
2026-08-27 12:09:00,2500.0,2506.8,2500.0,2505.24,433.3511
2026-08-27 12:12:00,2505.25,2506.13,2503.14,2505.36,346.5022
2026-08-27 12:15:00,2505.36,2507.18,2503.15,2503.73,389.5829
2026-08-27 12:18:00,2503.73,2504.41,2502.74,2504.29,215.7395
2026-08-27 12:21:00,2504.3,2505.52,2502.99,2504.32,341.0379
2026-08-27 12:24:00,2504.33,2507.55,2503.81,2507.29,388.8727
2026-08-27 12:27:00,2507.29,2507.51,2505.0,2505.88,815.1456
2026-08-27 12:30:00,2505.89,2506.16,2502.35,2502.35,665.9458
2026-08-27 12:33:00,2502.35,2502.53,2498.1,2498.65,2762.699
2026-08-27 12:36:00,2498.66,2499.83,2496.27,2498.9,493.85
2026-08-27 12:39:00,2498.9,2501.1,2498.9,2499.5,310.9871
2026-08-27 12:42:00,2499.49,2500.18,2496.29,2496.3,490.7392
2026-08-27 12:45:00,2496.3,2498.86,2496.29,2498.07,388.2206
2026-08-27 12:48:00,2498.07,2499.59,2497.68,2499.59,577.5903
2026-08-27 12:51:00,2499.58,2500.0,2497.41,2497.79,243.476
2026-08-27 12:54:00,2497.8,2499.2,2497.8,2498.42,170.9752
2026-08-27 12:57:00,2498.41,2498.72,2492.28,2494.9,860.3664
2026-08-27 13:00:00,2494.9,2498.17,2494.9,2497.65,282.5273
2026-08-27 13:03:00,2497.65,2498.45,2495.14,2496.46,192.8534
2026-08-27 13:06:00,2496.46,2500.0,2496.45,2499.21,175.349
2026-08-27 13:09:00,2499.21,2499.21,2496.36,2497.87,186.9481
2026-08-27 13:12:00,2497.88,2498.75,2497.71,2497.94,257.7683
2026-08-27 13:15:00,2497.94,2502.0,2497.94,2498.36,509.8617
2026-08-27 13:18:00,2498.35,2499.23,2496.87,2499.23,191.3479
2026-08-27 13:21:00,2499.22,2503.04,2499.03,2502.3,494.9063
2026-08-27 13:24:00,2502.3,2506.86,2501.4,2506.64,1294.4316
2026-08-27 13:27:00,2506.63,2506.85,2502.44,2503.09,505.478
2026-08-27 13:30:00,2503.09,2503.15,2491.4,2491.79,1387.346
2026-08-27 13:33:00,2491.79,2496.3,2489.54,2492.11,1470.1918
2026-08-27 13:36:00,2492.11,2495.02,2486.81,2488.23,1292.2004
2026-08-27 13:39:00,2488.23,2492.84,2486.66,2487.79,1268.4949
2026-08-27 13:42:00,2487.79,2493.8,2484.61,2489.97,1361.4265
2026-08-27 13:45:00,2489.96,2495.89,2485.62,2486.8,1390.1928
2026-08-27 13:48:00,2486.79,2491.14,2482.54,2491.14,1610.7917
2026-08-27 13:51:00,2491.15,2495.46,2489.38,2493.35,565.0031
2026-08-27 13:54:00,2493.36,2497.91,2491.91,2494.01,847.7028
2026-08-27 13:57:00,2494.01,2498.21,2491.0,2496.68,970.6396
2026-08-27 14:00:00,2496.69,2500.66,2494.21,2498.4,774.6326
2026-08-27 14:03:00,2498.4,2504.68,2497.75,2502.7,1221.4619
2026-08-27 14:06:00,2502.73,2503.13,2492.78,2494.08,1333.5743
2026-08-27 14:09:00,2494.08,2495.38,2491.81,2491.88,1257.9769
2026-08-27 14:12:00,2491.88,2492.57,2489.04,2492.47,1338.4328
2026-08-27 14:15:00,2492.47,2496.53,2490.58,2496.16,438.6144
2026-08-27 14:18:00,2496.15,2504.45,2495.75,2504.18,1349.5202
2026-08-27 14:21:00,2504.18,2508.74,2500.53,2507.46,1313.6783
2026-08-27 14:24:00,2507.45,2507.47,2505.0,2506.55,1279.2457
2026-08-27 14:27:00,2506.55,2508.63,2504.58,2508.4,448.183
2026-08-27 14:30:00,2508.4,2508.61,2504.45,2504.7,1130.9259
2026-08-27 14:33:00,2504.71,2514.73,2504.71,2513.21,1193.3144
2026-08-27 14:36:00,2513.22,2518.22,2512.32,2517.48,2624.5278
2026-08-27 14:39:00,2517.48,2519.36,2515.55,2518.57,1369.7555
2026-08-27 14:42:00,2518.57,2523.46,2517.79,2520.8,3691.3902
2026-08-27 14:45:00,2520.79,2520.79,2512.0,2512.34,1888.3009
2026-08-27 14:48:00,2512.33,2515.23,2512.33,2514.06,566.9652
2026-08-27 14:51:00,2514.06,2517.14,2511.35,2512.76,430.7339
2026-08-27 14:54:00,2512.76,2514.82,2511.58,2514.71,607.4644
2026-08-27 14:57:00,2514.71,2518.93,2514.23,2517.44,496.3882
2026-08-27 15:00:00,2517.44,2521.02,2516.26,2517.62,721.8753
2026-08-27 15:03:00,2517.62,2524.15,2513.62,2524.01,1066.8118
2026-08-27 15:06:00,2524.01,2524.91,2517.97,2519.97,864.5727
2026-08-27 15:09:00,2519.98,2523.49,2519.66,2522.6,696.5351
2026-08-27 15:12:00,2522.61,2530.32,2521.83,2526.38,1600.8737
2026-08-27 15:15:00,2526.38,2527.18,2519.78,2527.18,1067.3046
2026-08-27 15:18:00,2527.19,2527.84,2520.0,2520.45,881.1853
2026-08-27 15:21:00,2520.44,2521.8,2516.46,2519.77,966.1883
2026-08-27 15:24:00,2519.77,2521.29,2518.46,2521.29,3318.3392
2026-08-27 15:27:00,2521.29,2524.78,2521.01,2523.1,446.7932
2026-08-27 15:30:00,2523.1,2523.49,2518.25,2519.33,728.3437
2026-08-27 15:33:00,2519.32,2520.27,2515.23,2518.27,622.3285
2026-08-27 15:36:00,2518.27,2531.84,2516.59,2528.66,2115.4228
2026-08-27 15:39:00,2528.67,2530.76,2521.87,2526.76,857.9407
2026-08-27 15:42:00,2526.75,2529.56,2524.82,2525.79,2263.5812
2026-08-27 15:45:00,2525.79,2526.37,2519.82,2519.91,1389.3335
2026-08-27 15:48:00,2519.91,2524.36,2519.91,2523.59,442.3708
2026-08-27 15:51:00,2523.58,2523.58,2520.71,2521.24,557.6966
2026-08-27 15:54:00,2521.24,2523.05,2519.78,2521.38,466.3491
2026-08-27 15:57:00,2521.39,2523.56,2521.21,2521.68,547.1883
2026-08-27 16:00:00,2521.68,2524.77,2521.67,2524.32,504.0224
2026-08-27 16:03:00,2524.32,2526.88,2523.42,2525.76,1760.8408
2026-08-27 16:06:00,2525.75,2525.75,2516.32,2518.2,953.7198
2026-08-27 16:09:00,2518.19,2523.49,2517.49,2523.21,1068.8282
2026-08-27 16:12:00,2523.21,2527.0,2521.75,2523.95,888.8729
2026-08-27 16:15:00,2523.95,2527.5,2523.52,2526.64,411.6334
2026-08-27 16:18:00,2526.64,2527.35,2524.61,2527.25,476.5639
2026-08-27 16:21:00,2527.25,2528.15,2526.04,2526.6,601.0422
2026-08-27 16:24:00,2526.6,2527.35,2524.68,2525.88,842.855
2026-08-27 16:27:00,2525.87,2526.77,2522.02,2522.06,488.2548
2026-08-27 16:30:00,2522.06,2523.48,2520.1,2521.65,628.2028
2026-08-27 16:33:00,2521.65,2523.1,2518.82,2521.18,352.8122
2026-08-27 16:36:00,2521.17,2524.16,2519.63,2523.11,396.538
2026-08-27 16:39:00,2523.12,2530.56,2522.93,2529.65,777.5893
2026-08-27 16:42:00,2529.65,2533.24,2527.52,2531.14,875.3374
2026-08-27 16:45:00,2531.13,2531.16,2525.83,2525.83,409.2704
2026-08-27 16:48:00,2525.82,2527.0,2525.0,2526.19,432.4332
2026-08-27 16:51:00,2526.19,2528.25,2525.4,2528.07,305.3688
2026-08-27 16:54:00,2528.07,2528.07,2522.79,2523.53,650.1622
2026-08-27 16:57:00,2523.54,2523.86,2522.18,2522.31,474.8627
2026-08-27 17:00:00,2522.31,2522.34,2516.12,2517.72,941.1426
2026-08-27 17:03:00,2517.72,2520.29,2516.41,2519.02,472.7954
2026-08-27 17:06:00,2519.02,2524.13,2519.02,2523.55,506.7934
2026-08-27 17:09:00,2523.56,2528.0,2523.56,2526.13,605.5312
2026-08-27 17:12:00,2526.13,2531.54,2525.6,2529.27,1151.277
2026-08-27 17:15:00,2529.27,2532.85,2528.3,2532.09,595.2378
2026-08-27 17:18:00,2532.09,2533.78,2530.29,2530.47,3185.3145
2026-08-27 17:21:00,2530.47,2531.09,2526.58,2527.41,662.9728
2026-08-27 17:24:00,2527.41,2529.63,2527.41,2528.34,390.6533
2026-08-27 17:27:00,2528.34,2528.34,2523.97,2523.98,801.5869
2026-08-27 17:30:00,2523.98,2526.35,2523.97,2525.48,700.8873
2026-08-27 17:33:00,2525.47,2526.35,2521.89,2523.92,668.8412
2026-08-27 17:36:00,2523.92,2524.64,2520.84,2521.05,558.5777
2026-08-27 17:39:00,2521.04,2522.76,2520.74,2520.74,329.0045
2026-08-27 17:42:00,2520.74,2520.74,2517.34,2518.31,691.0297
2026-08-27 17:45:00,2518.3,2520.0,2515.36,2519.36,816.445
2026-08-27 17:48:00,2519.36,2522.13,2518.52,2522.12,516.8498
2026-08-27 17:51:00,2522.11,2522.11,2519.34,2519.35,510.2787
2026-08-27 17:54:00,2519.35,2521.58,2519.03,2521.41,407.0535
2026-08-27 17:57:00,2521.41,2521.41,2517.92,2518.07,404.067
2026-08-27 18:00:00,2518.07,2518.21,2513.37,2516.98,742.5972
2026-08-27 18:03:00,2516.99,2517.83,2514.94,2515.15,448.1195
2026-08-27 18:06:00,2515.15,2516.64,2514.72,2515.41,373.0474
2026-08-27 18:09:00,2515.41,2515.41,2511.89,2513.0,603.9869
2026-08-27 18:12:00,2512.99,2512.99,2494.36,2500.12,3618.728
2026-08-27 18:15:00,2500.12,2503.36,2490.0,2490.95,2642.6292
2026-08-27 18:18:00,2490.95,2494.44,2490.0,2491.9,3261.1925
2026-08-27 18:21:00,2491.9,2497.16,2488.74,2494.4,2435.9412
2026-08-27 18:24:00,2494.4,2497.16,2493.71,2496.08,721.8187
2026-08-27 18:27:00,2496.09,2497.03,2493.0,2493.45,835.0394
2026-08-27 18:30:00,2493.45,2496.31,2492.38,2495.7,671.2867
2026-08-27 18:33:00,2495.7,2495.71,2491.39,2495.06,883.2607
2026-08-27 18:36:00,2495.07,2497.81,2494.96,2497.67,827.4188
2026-08-27 18:39:00,2497.67,2497.9,2495.64,2497.03,776.1389
2026-08-27 18:42:00,2497.03,2497.51,2493.72,2496.9,706.3425
2026-08-27 18:45:00,2496.89,2498.19,2495.48,2498.14,1138.1918
2026-08-27 18:48:00,2498.15,2499.51,2495.81,2497.58,793.4341
2026-08-27 18:51:00,2497.58,2501.79,2497.3,2501.44,1384.4006
2026-08-27 18:54:00,2501.43,2502.5,2500.31,2502.49,642.8879
2026-08-27 18:57:00,2502.5,2506.98,2502.49,2506.69,497.2861
2026-08-27 19:00:00,2506.69,2507.79,2505.05,2507.04,846.7617
2026-08-27 19:03:00,2507.04,2509.52,2505.74,2508.79,580.1661
2026-08-27 19:06:00,2508.8,2510.71,2507.82,2510.7,611.8353
2026-08-27 19:09:00,2510.71,2512.6,2509.38,2510.33,677.6475
2026-08-27 19:12:00,2510.33,2511.39,2508.59,2510.12,660.2943
2026-08-27 19:15:00,2510.12,2510.13,2507.58,2509.59,608.1012
2026-08-27 19:18:00,2509.59,2512.12,2509.04,2509.38,584.9636
2026-08-27 19:21:00,2509.38,2511.46,2508.27,2509.08,611.8717
2026-08-27 19:24:00,2509.08,2510.93,2509.07,2510.82,505.6904
2026-08-27 19:27:00,2510.82,2511.78,2509.29,2511.78,952.6728
2026-08-27 19:30:00,2511.78,2513.65,2510.82,2510.82,1018.4064
2026-08-27 19:33:00,2510.78,2514.34,2509.6,2510.59,938.8443
2026-08-27 19:36:00,2510.59,2511.91,2507.82,2508.87,700.1126
2026-08-27 19:39:00,2508.87,2510.1,2508.48,2508.97,499.0543
2026-08-27 19:42:00,2508.97,2510.65,2508.83,2510.41,466.467
2026-08-27 19:45:00,2510.4,2511.76,2507.01,2507.39,741.6065
2026-08-27 19:48:00,2507.39,2508.99,2504.48,2505.58,1122.6325
2026-08-27 19:51:00,2505.58,2506.62,2503.41,2505.68,640.3126
2026-08-27 19:54:00,2505.69,2507.94,2504.17,2504.17,949.3315
2026-08-27 19:57:00,2504.17,2504.41,2497.51,2498.21,1746.072
2026-08-27 20:00:00,2498.22,2501.17,2496.93,2497.49,533.4765
2026-08-27 20:03:00,2497.48,2500.6,2495.06,2500.48,761.2437
2026-08-27 20:06:00,2500.47,2500.68,2496.52,2497.21,344.1404
2026-08-27 20:09:00,2497.21,2499.24,2497.08,2498.75,167.3424
2026-08-27 20:12:00,2498.75,2498.75,2496.66,2496.66,228.5855
2026-08-27 20:15:00,2496.66,2500.55,2496.19,2499.71,211.3837
2026-08-27 20:18:00,2499.71,2501.84,2498.64,2501.83,224.607
2026-08-27 20:21:00,2501.83,2504.68,2501.83,2502.73,396.1943
2026-08-27 20:24:00,2502.72,2504.42,2501.72,2502.77,329.4335
2026-08-27 20:27:00,2502.78,2505.5,2502.78,2502.95,256.8066
2026-08-27 20:30:00,2502.95,2504.58,2502.73,2504.54,170.6597
2026-08-27 20:33:00,2504.55,2504.89,2502.77,2503.73,178.9066
2026-08-27 20:36:00,2503.74,2505.42,2503.74,2505.01,149.6972
2026-08-27 20:39:00,2505.01,2505.5,2504.65,2505.05,61.232
2026-08-27 20:42:00,2505.05,2506.56,2504.58,2506.32,193.1837
2026-08-27 20:45:00,2506.33,2507.91,2505.52,2506.77,307.573
2026-08-27 20:48:00,2506.77,2506.77,2504.77,2505.67,149.2609
2026-08-27 20:51:00,2505.67,2506.31,2502.09,2502.09,170.6081
2026-08-27 20:54:00,2502.09,2504.24,2501.72,2504.01,241.5354
2026-08-27 20:57:00,2504.02,2507.83,2504.02,2507.83,297.0658
2026-08-27 21:00:00,2507.84,2508.75,2503.53,2504.54,510.0759
2026-08-27 21:03:00,2504.54,2505.91,2504.48,2504.48,207.2481
2026-08-27 21:06:00,2504.47,2508.09,2504.47,2506.76,433.0598
2026-08-27 21:09:00,2506.76,2508.38,2506.12,2508.38,237.883
2026-08-27 21:12:00,2508.39,2508.79,2505.75,2505.87,596.0011
2026-08-27 21:15:00,2505.87,2505.87,2503.6,2504.28,206.0405
2026-08-27 21:18:00,2504.27,2504.28,2501.44,2501.44,361.6138
2026-08-27 21:21:00,2501.43,2505.28,2500.43,2503.27,516.6316
2026-08-27 21:24:00,2503.27,2503.44,2502.67,2503.21,118.4593
2026-08-27 21:27:00,2503.21,2503.65,2501.69,2502.06,179.0287
2026-08-27 21:30:00,2502.06,2504.21,2502.02,2504.2,105.1998
2026-08-27 21:33:00,2504.2,2504.87,2501.71,2502.47,163.126
2026-08-27 21:36:00,2502.47,2502.48,2500.0,2500.42,273.7947
2026-08-27 21:39:00,2500.41,2501.36,2499.22,2501.35,378.6648
2026-08-27 21:42:00,2501.36,2501.36,2499.41,2499.62,172.0671
2026-08-27 21:45:00,2499.63,2502.6,2499.22,2502.0,411.2488
2026-08-27 21:48:00,2501.99,2502.6,2501.09,2501.1,558.3635
2026-08-27 21:51:00,2501.1,2501.1,2499.49,2500.64,95.2432
2026-08-27 21:54:00,2500.64,2503.56,2500.64,2503.43,151.8326
2026-08-27 21:57:00,2503.43,2504.86,2503.06,2504.12,212.2894
2026-08-27 22:00:00,2504.12,2509.21,2504.12,2509.21,439.2736
2026-08-27 22:03:00,2509.21,2511.1,2509.03,2509.68,353.694
2026-08-27 22:06:00,2509.67,2512.68,2509.26,2510.1,382.6508
2026-08-27 22:09:00,2510.11,2510.88,2508.55,2510.47,438.0523
2026-08-27 22:12:00,2510.46,2510.52,2509.2,2509.9,149.4296
2026-08-27 22:15:00,2509.91,2515.72,2509.9,2515.06,2541.9918
2026-08-27 22:18:00,2515.07,2516.98,2513.84,2515.01,490.5598
2026-08-27 22:21:00,2515.01,2515.23,2512.83,2513.18,364.2057
2026-08-27 22:24:00,2513.18,2513.53,2511.3,2511.48,472.12
2026-08-27 22:27:00,2511.48,2512.99,2510.0,2512.96,677.6339
2026-08-27 22:30:00,2512.96,2512.96,2510.54,2512.83,332.2465
2026-08-27 22:33:00,2512.83,2514.36,2512.77,2513.11,227.8269
2026-08-27 22:36:00,2513.11,2513.17,2510.16,2512.68,355.1423
2026-08-27 22:39:00,2512.67,2513.82,2511.45,2511.46,138.5912
2026-08-27 22:42:00,2511.45,2514.02,2511.45,2513.05,179.7273
2026-08-27 22:45:00,2513.05,2513.05,2511.23,2512.99,167.9865
2026-08-27 22:48:00,2512.99,2514.0,2512.45,2512.77,188.8162
2026-08-27 22:51:00,2512.78,2515.0,2512.55,2515.0,487.7889
2026-08-27 22:54:00,2514.99,2514.99,2514.22,2514.62,240.5579
2026-08-27 22:57:00,2514.62,2515.18,2514.61,2515.15,1294.7632
2026-08-27 23:00:00,2515.16,2516.81,2513.86,2516.8,797.39
2026-08-27 23:03:00,2516.81,2516.81,2513.64,2514.46,287.6116
2026-08-27 23:06:00,2514.46,2515.83,2514.09,2515.76,228.2724
2026-08-27 23:09:00,2515.75,2515.77,2512.62,2513.17,470.5458
2026-08-27 23:12:00,2513.17,2513.54,2510.67,2511.11,254.2239
2026-08-27 23:15:00,2511.11,2514.07,2509.05,2514.07,280.245
2026-08-27 23:18:00,2514.06,2515.89,2513.39,2515.89,271.7569
2026-08-27 23:21:00,2515.9,2515.93,2512.1,2514.58,261.2295
2026-08-27 23:24:00,2514.58,2514.58,2512.66,2513.79,315.8436
2026-08-27 23:27:00,2513.8,2514.63,2512.89,2514.17,192.1731
2026-08-27 23:30:00,2514.16,2514.5,2513.19,2513.93,178.1899
2026-08-27 23:33:00,2513.94,2514.14,2512.38,2512.39,96.5588
2026-08-27 23:36:00,2512.39,2513.42,2511.86,2512.67,63.0166
2026-08-27 23:39:00,2512.67,2513.41,2512.66,2512.93,51.1538
2026-08-27 23:42:00,2512.93,2513.44,2510.69,2510.94,204.7343
2026-08-27 23:45:00,2510.93,2511.61,2509.67,2509.67,213.5975
2026-08-27 23:48:00,2509.67,2511.64,2509.67,2511.64,71.4532
2026-08-27 23:51:00,2511.65,2512.64,2510.52,2512.06,165.039
2026-08-27 23:54:00,2512.05,2512.31,2510.26,2510.27,114.6328
2026-08-27 23:57:00,2510.27,2510.97,2509.66,2510.94,216.831
2026-08-28 00:00:00,2510.94,2511.4,2508.56,2508.56,213.46
2026-08-28 00:03:00,2508.56,2509.1,2506.97,2508.35,296.7735
2026-08-28 00:06:00,2508.35,2508.36,2506.02,2506.97,160.8408
2026-08-28 00:09:00,2506.97,2509.21,2506.97,2508.64,160.5185
2026-08-28 00:12:00,2508.63,2509.0,2508.11,2508.4,185.8794
2026-08-28 00:15:00,2508.4,2512.81,2508.39,2512.77,202.4448
2026-08-28 00:18:00,2512.77,2514.02,2511.15,2512.68,277.8294
2026-08-28 00:21:00,2512.68,2513.32,2511.2,2511.27,285.881
2026-08-28 00:24:00,2511.28,2511.76,2508.2,2511.76,387.4028
2026-08-28 00:27:00,2511.76,2513.29,2511.36,2513.29,152.2181
2026-08-28 00:30:00,2513.29,2515.8,2511.75,2515.58,428.4956
2026-08-28 00:33:00,2515.58,2518.47,2509.99,2515.34,1225.2737
2026-08-28 00:36:00,2515.34,2518.8,2513.84,2517.46,429.2325
2026-08-28 00:39:00,2517.46,2518.7,2515.52,2515.68,336.9942
2026-08-28 00:42:00,2515.67,2517.21,2514.78,2515.23,472.3669
2026-08-28 00:45:00,2515.23,2515.23,2513.61,2514.18,113.5326
2026-08-28 00:48:00,2514.18,2515.67,2513.52,2514.56,179.4665
2026-08-28 00:51:00,2514.56,2514.92,2512.65,2514.53,221.5735
2026-08-28 00:54:00,2514.53,2516.28,2513.2,2515.8,188.3453
2026-08-28 00:57:00,2515.81,2519.91,2514.41,2515.61,400.6966
2026-08-28 01:00:00,2515.61,2521.67,2515.6,2520.45,524.6533
2026-08-28 01:03:00,2520.46,2521.77,2519.06,2520.48,389.4307
2026-08-28 01:06:00,2520.47,2520.48,2517.21,2518.44,246.4644
2026-08-28 01:09:00,2518.44,2525.08,2518.2,2522.3,1377.7728
2026-08-28 01:12:00,2522.29,2523.94,2521.82,2521.82,206.7341
2026-08-28 01:15:00,2521.82,2523.26,2520.1,2522.7,231.6358
2026-08-28 01:18:00,2522.7,2529.53,2522.18,2528.44,1289.7628
2026-08-28 01:21:00,2528.43,2529.0,2525.52,2526.71,674.5286
2026-08-28 01:24:00,2526.7,2528.45,2525.63,2527.53,410.6173
2026-08-28 01:27:00,2527.53,2529.39,2526.42,2528.8,319.5374
2026-08-28 01:30:00,2528.79,2530.54,2526.76,2530.54,1400.5129
2026-08-28 01:33:00,2530.53,2535.05,2525.27,2527.61,2173.8853
2026-08-28 01:36:00,2527.61,2527.99,2518.01,2519.65,1470.6034
2026-08-28 01:39:00,2519.71,2521.81,2518.81,2520.76,225.9538
2026-08-28 01:42:00,2520.76,2522.19,2519.01,2519.01,281.357
2026-08-28 01:45:00,2519.0,2520.0,2516.62,2517.3,412.1338
2026-08-28 01:48:00,2517.29,2518.35,2514.91,2516.57,376.0689
2026-08-28 01:51:00,2516.57,2516.99,2510.99,2514.49,645.7546
2026-08-28 01:54:00,2514.5,2516.29,2511.5,2511.51,551.1152
2026-08-28 01:57:00,2511.5,2513.13,2507.83,2512.44,1455.8939
2026-08-28 02:00:00,2512.44,2512.44,2507.91,2509.08,939.9527
2026-08-28 02:03:00,2509.07,2510.8,2508.22,2508.61,501.2155
2026-08-28 02:06:00,2508.6,2510.2,2506.98,2507.05,617.4391
2026-08-28 02:09:00,2507.05,2510.89,2507.05,2507.15,241.7448
2026-08-28 02:12:00,2507.15,2507.94,2502.77,2502.96,749.3563
2026-08-28 02:15:00,2502.95,2504.93,2499.47,2501.51,978.6789
2026-08-28 02:18:00,2501.51,2501.72,2498.61,2500.35,768.296
2026-08-28 02:21:00,2500.34,2500.81,2491.0,2494.55,1415.7754
2026-08-28 02:24:00,2494.55,2498.88,2494.55,2497.48,983.9151
2026-08-28 02:27:00,2497.48,2498.9,2494.67,2494.72,1023.458
2026-08-28 02:30:00,2494.72,2496.36,2490.15,2494.8,938.6933
2026-08-28 02:33:00,2494.79,2498.94,2494.08,2498.94,285.0974
2026-08-28 02:36:00,2498.94,2499.9,2498.41,2498.99,442.2231
2026-08-28 02:39:00,2498.99,2499.77,2497.82,2498.62,341.9095
2026-08-28 02:42:00,2498.61,2498.95,2495.69,2496.56,158.5564
2026-08-28 02:45:00,2496.56,2496.57,2488.03,2494.9,1746.5943
2026-08-28 02:48:00,2494.9,2494.9,2488.89,2488.89,561.9467
2026-08-28 02:51:00,2488.9,2491.99,2486.09,2491.99,820.5666
2026-08-28 02:54:00,2492.0,2492.67,2489.4,2490.76,368.2416
2026-08-28 02:57:00,2490.76,2494.39,2490.48,2492.26,837.4207
2026-08-28 03:00:00,2492.26,2492.32,2490.13,2490.3,389.9078
2026-08-28 03:03:00,2490.3,2492.74,2489.0,2492.7,233.0006
2026-08-28 03:06:00,2492.7,2493.39,2487.36,2487.75,364.4032
2026-08-28 03:09:00,2487.76,2490.13,2486.24,2490.12,583.4031
2026-08-28 03:12:00,2490.13,2492.54,2490.12,2490.54,174.5182
2026-08-28 03:15:00,2490.54,2492.18,2490.2,2491.53,132.9914
2026-08-28 03:18:00,2491.52,2495.12,2491.29,2495.0,323.3105
2026-08-28 03:21:00,2495.01,2495.51,2493.51,2495.18,270.786
2026-08-28 03:24:00,2495.18,2495.6,2494.36,2494.36,265.9727
2026-08-28 03:27:00,2494.36,2494.36,2492.56,2492.57,170.048
2026-08-28 03:30:00,2492.57,2494.91,2491.94,2493.15,299.1786
2026-08-28 03:33:00,2493.15,2493.16,2490.67,2492.07,250.2145
2026-08-28 03:36:00,2492.07,2492.23,2489.67,2489.68,270.528
2026-08-28 03:39:00,2489.67,2491.56,2489.67,2491.3,386.9269
2026-08-28 03:42:00,2491.3,2491.56,2489.01,2489.26,343.9187
2026-08-28 03:45:00,2489.27,2492.41,2489.0,2492.39,314.5981
2026-08-28 03:48:00,2492.38,2492.72,2490.41,2490.43,235.1444
2026-08-28 03:51:00,2490.43,2492.09,2490.22,2491.81,122.3417
2026-08-28 03:54:00,2491.81,2492.09,2488.93,2489.66,254.1404
2026-08-28 03:57:00,2489.65,2490.5,2489.12,2489.92,275.0379
2026-08-28 04:00:00,2489.91,2491.28,2489.59,2490.0,307.4231
2026-08-28 04:03:00,2490.01,2490.03,2487.04,2487.06,533.3156
2026-08-28 04:06:00,2487.06,2488.79,2486.04,2486.05,339.7211
2026-08-28 04:09:00,2486.05,2487.17,2477.49,2487.17,2925.0624
2026-08-28 04:12:00,2487.16,2492.23,2487.16,2492.23,227.6425
2026-08-28 04:15:00,2492.22,2495.86,2492.04,2495.41,393.735
2026-08-28 04:18:00,2495.4,2496.17,2492.47,2492.78,447.9562
2026-08-28 04:21:00,2492.79,2495.45,2488.0,2489.07,539.5305
2026-08-28 04:24:00,2489.07,2491.1,2488.38,2490.42,174.2523
2026-08-28 04:27:00,2490.41,2491.0,2490.41,2490.69,47.6331
2026-08-28 04:30:00,2490.69,2491.0,2487.62,2487.69,246.8986
2026-08-28 04:33:00,2487.69,2488.18,2484.49,2484.54,448.5352
2026-08-28 04:36:00,2484.54,2486.27,2483.56,2483.93,295.4757
2026-08-28 04:39:00,2483.93,2487.88,2483.93,2487.51,161.8844
2026-08-28 04:42:00,2487.51,2488.33,2486.37,2486.9,193.1814
2026-08-28 04:45:00,2486.91,2488.12,2486.15,2486.32,257.2004
2026-08-28 04:48:00,2486.32,2487.49,2485.18,2487.45,198.1507
2026-08-28 04:51:00,2487.46,2489.0,2487.07,2487.14,239.144
2026-08-28 04:54:00,2487.13,2487.16,2486.69,2486.69,133.7908
2026-08-28 04:57:00,2486.69,2486.69,2485.04,2486.18,201.5788
2026-08-28 05:00:00,2486.18,2486.18,2484.18,2484.68,233.7873
2026-08-28 05:03:00,2484.68,2488.34,2484.0,2486.56,293.2979
2026-08-28 05:06:00,2486.57,2486.94,2482.23,2483.85,335.4056
2026-08-28 05:09:00,2483.85,2485.37,2482.78,2484.33,215.1935
2026-08-28 05:12:00,2484.32,2485.54,2483.03,2485.54,94.4635
2026-08-28 05:15:00,2485.54,2486.27,2484.62,2485.25,147.1572
2026-08-28 05:18:00,2485.24,2485.68,2484.06,2484.38,129.9154
2026-08-28 05:21:00,2484.37,2484.65,2483.28,2483.98,117.7536
2026-08-28 05:24:00,2483.98,2486.9,2483.92,2486.9,116.9437
2026-08-28 05:27:00,2486.89,2491.0,2485.85,2490.17,784.5984
2026-08-28 05:30:00,2490.18,2494.43,2489.67,2493.02,686.955
2026-08-28 05:33:00,2493.02,2495.3,2492.15,2494.63,421.1621
2026-08-28 05:36:00,2494.64,2494.9,2493.39,2494.23,189.1354
2026-08-28 05:39:00,2494.24,2494.74,2493.41,2493.55,271.5745
2026-08-28 05:42:00,2493.55,2495.65,2493.28,2495.28,254.1175
2026-08-28 05:45:00,2495.29,2497.44,2494.96,2496.48,556.2025
2026-08-28 05:48:00,2496.48,2497.44,2495.56,2495.72,475.7341
2026-08-28 05:51:00,2495.72,2497.43,2494.88,2496.45,411.3851
2026-08-28 05:54:00,2496.44,2496.45,2493.11,2493.63,399.6284
2026-08-28 05:57:00,2493.64,2493.72,2492.0,2493.32,224.537
2026-08-28 06:00:00,2493.32,2498.11,2493.31,2497.4,351.0255
2026-08-28 06:03:00,2497.4,2498.92,2497.37,2497.71,329.4481
2026-08-28 06:06:00,2497.71,2501.99,2497.68,2501.71,489.0318
2026-08-28 06:09:00,2501.71,2502.53,2499.73,2501.34,822.2689
2026-08-28 06:12:00,2501.35,2503.77,2501.35,2503.57,514.9857
2026-08-28 06:15:00,2503.56,2503.56,2501.16,2501.16,209.9274
2026-08-28 06:18:00,2501.16,2502.45,2500.91,2501.59,229.1578
2026-08-28 06:21:00,2501.58,2503.15,2501.04,2501.96,306.205
2026-08-28 06:24:00,2501.96,2502.6,2501.96,2502.21,92.3332
2026-08-28 06:27:00,2502.21,2502.28,2500.98,2500.98,261.5096
2026-08-28 06:30:00,2500.99,2501.0,2499.34,2501.0,213.0348
2026-08-28 06:33:00,2501.0,2502.32,2500.17,2502.14,343.1824
2026-08-28 06:36:00,2502.14,2502.84,2501.08,2501.08,270.8713
2026-08-28 06:39:00,2501.08,2501.42,2499.3,2499.64,307.4759
2026-08-28 06:42:00,2499.63,2501.45,2499.17,2501.32,346.4353
2026-08-28 06:45:00,2501.32,2503.76,2501.1,2503.76,691.0326
2026-08-28 06:48:00,2503.76,2505.0,2503.58,2504.55,669.2944
2026-08-28 06:51:00,2504.55,2505.37,2503.87,2503.87,374.6531
2026-08-28 06:54:00,2503.88,2503.88,2503.21,2503.35,173.6309
2026-08-28 06:57:00,2503.34,2504.4,2503.0,2503.0,178.1295
2026-08-28 07:00:00,2503.01,2503.42,2502.24,2502.24,265.4419
2026-08-28 07:03:00,2502.24,2502.25,2498.65,2498.65,196.6034
2026-08-28 07:06:00,2498.66,2498.66,2494.27,2494.96,1072.5343
2026-08-28 07:09:00,2494.97,2497.06,2494.1,2496.31,423.0937
2026-08-28 07:12:00,2496.31,2496.6,2495.3,2496.6,312.4591
2026-08-28 07:15:00,2496.59,2497.87,2496.35,2496.63,260.0303
2026-08-28 07:18:00,2496.62,2496.89,2496.0,2496.68,453.8689
2026-08-28 07:21:00,2496.68,2496.95,2494.97,2496.61,449.3698
2026-08-28 07:24:00,2496.61,2497.67,2495.14,2497.22,221.6102
2026-08-28 07:27:00,2497.22,2498.96,2497.21,2498.61,231.9269
2026-08-28 07:30:00,2498.61,2498.94,2497.4,2497.4,546.2096
2026-08-28 07:33:00,2497.4,2497.4,2496.38,2496.88,364.9101
2026-08-28 07:36:00,2496.88,2496.89,2495.88,2496.44,358.0288
2026-08-28 07:39:00,2496.44,2496.72,2496.11,2496.42,392.8182
2026-08-28 07:42:00,2496.42,2496.74,2494.86,2494.86,892.7732
2026-08-28 07:45:00,2494.86,2496.87,2494.77,2495.9,505.1163
2026-08-28 07:48:00,2495.9,2496.51,2495.9,2495.95,488.5569
2026-08-28 07:51:00,2495.95,2496.44,2495.63,2495.91,554.1685
2026-08-28 07:54:00,2495.9,2495.9,2494.8,2495.57,626.1341
2026-08-28 07:57:00,2495.57,2496.48,2495.25,2496.48,684.9316
2026-08-28 08:00:00,2496.47,2500.55,2496.47,2500.54,613.5699
2026-08-28 08:03:00,2500.55,2503.66,2497.88,2498.34,742.3884
2026-08-28 08:06:00,2498.35,2499.06,2497.81,2498.67,467.9265
2026-08-28 08:09:00,2498.67,2499.77,2498.39,2498.56,775.6195
2026-08-28 08:12:00,2498.56,2498.57,2497.02,2497.02,526.7611
2026-08-28 08:15:00,2497.02,2501.65,2497.02,2501.65,1456.7735
2026-08-28 08:18:00,2501.65,2501.65,2499.96,2499.97,559.4477
2026-08-28 08:21:00,2499.97,2500.45,2498.28,2498.92,551.0969
2026-08-28 08:24:00,2498.91,2499.59,2498.18,2498.18,546.6408
2026-08-28 08:27:00,2498.18,2498.57,2497.8,2497.8,174.5502
2026-08-28 08:30:00,2497.8,2498.36,2497.38,2497.63,383.4175
2026-08-28 08:33:00,2497.63,2498.17,2496.5,2496.66,430.2686
2026-08-28 08:36:00,2496.66,2496.67,2495.44,2495.94,310.9168
2026-08-28 08:39:00,2495.95,2496.76,2494.84,2495.96,274.164
2026-08-28 08:42:00,2495.96,2496.31,2494.13,2494.13,304.581
2026-08-28 08:45:00,2494.13,2495.0,2490.0,2491.08,655.9901
2026-08-28 08:48:00,2491.09,2491.7,2486.91,2488.98,911.4338
2026-08-28 08:51:00,2488.98,2490.8,2488.98,2490.79,187.1535
2026-08-28 08:54:00,2490.8,2490.84,2486.52,2486.52,312.0123
2026-08-28 08:57:00,2486.53,2488.28,2486.53,2488.05,154.6356
2026-08-28 09:00:00,2488.05,2488.52,2483.4,2484.01,3667.0573
2026-08-28 09:03:00,2484.0,2489.74,2483.44,2489.73,787.852
2026-08-28 09:06:00,2489.73,2492.89,2489.73,2491.92,429.9243
2026-08-28 09:09:00,2491.93,2493.02,2489.49,2492.3,244.9494
2026-08-28 09:12:00,2492.31,2492.31,2489.44,2489.59,270.798
2026-08-28 09:15:00,2489.58,2491.82,2489.58,2491.82,648.9972
2026-08-28 09:18:00,2491.81,2492.52,2491.31,2491.47,110.4481
2026-08-28 09:21:00,2491.46,2491.47,2490.89,2491.45,125.2216
2026-08-28 09:24:00,2491.46,2492.98,2491.45,2491.49,175.1066
2026-08-28 09:27:00,2491.49,2491.62,2490.64,2491.62,125.0975
2026-08-28 09:30:00,2491.61,2492.08,2490.0,2490.07,142.8068
2026-08-28 09:33:00,2490.08,2491.76,2490.07,2490.34,112.8952
2026-08-28 09:36:00,2490.34,2492.48,2490.26,2492.24,160.2403
2026-08-28 09:39:00,2492.24,2493.24,2490.2,2490.52,407.3017
2026-08-28 09:42:00,2490.52,2490.52,2488.36,2489.05,142.9828
2026-08-28 09:45:00,2489.04,2490.88,2488.56,2488.63,377.9242
2026-08-28 09:48:00,2488.63,2489.11,2488.58,2488.78,92.4614
2026-08-28 09:51:00,2488.79,2491.52,2488.78,2491.34,309.3955
2026-08-28 09:54:00,2491.34,2491.35,2490.04,2490.1,204.8991
2026-08-28 09:57:00,2490.1,2490.1,2489.31,2489.58,196.286
2026-08-28 10:00:00,2489.57,2490.09,2487.4,2487.4,364.3828
2026-08-28 10:03:00,2487.4,2487.4,2483.35,2485.22,491.8796
2026-08-28 10:06:00,2485.22,2485.97,2482.17,2484.17,425.2118
2026-08-28 10:09:00,2484.17,2486.87,2482.22,2486.87,395.9048
2026-08-28 10:12:00,2486.87,2489.19,2486.55,2487.59,343.9933
2026-08-28 10:15:00,2487.59,2487.95,2485.44,2485.76,233.0492
2026-08-28 10:18:00,2485.77,2486.7,2485.76,2485.99,88.8136
2026-08-28 10:21:00,2485.99,2486.7,2484.63,2485.21,152.6075
2026-08-28 10:24:00,2485.2,2486.24,2484.39,2486.23,174.8482
2026-08-28 10:27:00,2486.24,2489.29,2486.23,2489.06,113.2058
2026-08-28 10:30:00,2489.06,2493.5,2489.06,2493.34,288.5684
2026-08-28 10:33:00,2493.35,2495.22,2492.65,2493.66,1545.1407
2026-08-28 10:36:00,2493.67,2495.14,2493.66,2494.49,109.5172
2026-08-28 10:39:00,2494.49,2494.94,2494.48,2494.85,112.2793
2026-08-28 10:42:00,2494.85,2495.12,2494.01,2494.02,259.3252
2026-08-28 10:45:00,2494.01,2495.62,2493.83,2495.61,115.3795
2026-08-28 10:48:00,2495.62,2497.16,2495.61,2496.44,237.039
2026-08-28 10:51:00,2496.43,2498.42,2496.4,2498.22,379.9928
2026-08-28 10:54:00,2498.22,2503.52,2498.22,2502.22,1376.4228
2026-08-28 10:57:00,2502.22,2509.08,2502.22,2506.56,1265.5836
2026-08-28 11:00:00,2506.57,2510.0,2505.79,2508.39,837.9388
2026-08-28 11:03:00,2508.4,2511.51,2507.27,2509.97,1037.7817
2026-08-28 11:06:00,2509.96,2510.01,2508.36,2510.01,307.038
2026-08-28 11:09:00,2510.0,2510.01,2508.68,2508.68,447.0943
2026-08-28 11:12:00,2508.69,2510.12,2508.44,2509.68,294.2623
2026-08-28 11:15:00,2509.68,2510.42,2508.53,2508.53,366.0549
2026-08-28 11:18:00,2508.53,2510.16,2508.1,2509.22,350.2519
2026-08-28 11:21:00,2509.23,2509.23,2506.85,2508.75,341.1793
2026-08-28 11:24:00,2508.74,2509.21,2506.07,2506.66,383.8809
2026-08-28 11:27:00,2506.66,2506.67,2504.3,2505.49,274.882
2026-08-28 11:30:00,2505.49,2506.96,2504.82,2506.96,371.6046
2026-08-28 11:33:00,2506.97,2508.11,2504.58,2504.59,297.3496
2026-08-28 11:36:00,2504.58,2505.74,2502.44,2502.5,522.0338
2026-08-28 11:39:00,2502.5,2503.92,2502.43,2503.92,204.8826
2026-08-28 11:42:00,2503.91,2505.61,2503.91,2505.61,237.7483
2026-08-28 11:45:00,2505.61,2506.72,2505.6,2506.22,272.4203
2026-08-28 11:48:00,2506.22,2506.47,2504.89,2504.89,283.038
2026-08-28 11:51:00,2504.89,2505.22,2503.01,2504.7,268.637
2026-08-28 11:54:00,2504.71,2505.34,2504.07,2504.93,154.6565
2026-08-28 11:57:00,2504.93,2505.39,2504.33,2505.1,162.4533
2026-08-28 12:00:00,2505.1,2505.89,2504.1,2504.47,349.7103
2026-08-28 12:03:00,2504.48,2506.54,2504.11,2506.27,96.6415
2026-08-28 12:06:00,2506.26,2506.51,2503.51,2503.51,188.2208
2026-08-28 12:09:00,2503.51,2503.51,2500.11,2500.45,291.0239
2026-08-28 12:12:00,2500.45,2501.61,2500.01,2501.61,120.5826
2026-08-28 12:15:00,2501.61,2507.39,2501.61,2506.8,369.7472
2026-08-28 12:18:00,2506.81,2508.41,2502.89,2504.16,375.1569
2026-08-28 12:21:00,2504.15,2505.52,2501.99,2502.1,272.0562
2026-08-28 12:24:00,2502.11,2503.41,2502.08,2503.03,210.2447
2026-08-28 12:27:00,2503.03,2503.03,2500.81,2501.18,228.301
2026-08-28 12:30:00,2501.18,2501.28,2499.47,2499.47,253.8564
2026-08-28 12:33:00,2499.48,2500.4,2498.65,2498.65,273.764
2026-08-28 12:36:00,2498.65,2498.66,2496.47,2496.82,433.7108
2026-08-28 12:39:00,2496.82,2497.9,2495.4,2495.78,268.8659
2026-08-28 12:42:00,2495.78,2499.0,2495.29,2498.96,417.0526
2026-08-28 12:45:00,2498.97,2499.24,2497.77,2498.91,136.7976
2026-08-28 12:48:00,2498.92,2498.92,2496.54,2497.18,296.4177
2026-08-28 12:51:00,2497.18,2498.68,2497.18,2497.57,185.9138
2026-08-28 12:54:00,2497.58,2498.63,2497.57,2497.78,85.8644
2026-08-28 12:57:00,2497.79,2499.12,2497.78,2499.11,125.1743
2026-08-28 13:00:00,2499.1,2502.02,2497.57,2502.02,392.9517
2026-08-28 13:03:00,2502.02,2504.12,2501.8,2503.14,1176.7145
2026-08-28 13:06:00,2503.11,2503.11,2499.3,2499.62,586.5651
2026-08-28 13:09:00,2499.62,2500.36,2497.28,2500.0,282.656
2026-08-28 13:12:00,2499.99,2500.58,2499.61,2500.58,288.6574
2026-08-28 13:15:00,2500.58,2500.58,2496.9,2499.66,276.1167
2026-08-28 13:18:00,2499.66,2500.26,2499.23,2499.84,199.5499
2026-08-28 13:21:00,2499.84,2500.15,2497.39,2497.76,233.5923
2026-08-28 13:24:00,2497.76,2499.3,2497.15,2498.01,265.9012
2026-08-28 13:27:00,2498.0,2501.67,2495.22,2498.89,1379.2761
2026-08-28 13:30:00,2498.89,2503.33,2498.33,2501.82,907.876
2026-08-28 13:33:00,2501.83,2505.02,2500.5,2503.4,766.6281
2026-08-28 13:36:00,2503.39,2503.39,2498.49,2500.45,552.8922
2026-08-28 13:39:00,2500.45,2500.88,2496.86,2499.19,730.4384
2026-08-28 13:42:00,2499.2,2499.67,2496.24,2497.68,533.9618
2026-08-28 13:45:00,2497.67,2502.96,2496.24,2501.71,857.4446
2026-08-28 13:48:00,2501.71,2505.8,2501.41,2504.35,1048.6862
2026-08-28 13:51:00,2504.35,2509.79,2503.21,2509.34,1138.3138
2026-08-28 13:54:00,2509.34,2516.4,2508.0,2512.38,4013.3298
2026-08-28 13:57:00,2512.38,2518.26,2509.16,2509.17,2595.5764
2026-08-28 14:00:00,2509.17,2525.0,2490.5,2498.86,7767.8834
2026-08-28 14:03:00,2499.01,2500.13,2485.0,2485.31,3207.1794
2026-08-28 14:06:00,2485.32,2492.45,2480.59,2492.43,6449.0844
2026-08-28 14:09:00,2492.44,2495.38,2479.05,2482.96,3571.4978
2026-08-28 14:12:00,2482.96,2483.31,2468.0,2477.91,4474.2013
2026-08-28 14:15:00,2477.91,2483.49,2472.01,2481.4,1425.4399
2026-08-28 14:18:00,2481.4,2488.3,2480.4,2487.82,1663.622
2026-08-28 14:21:00,2487.83,2493.07,2484.61,2485.12,1246.7082
2026-08-28 14:24:00,2485.12,2491.11,2482.4,2487.15,776.188
2026-08-28 14:27:00,2487.16,2493.35,2481.81,2492.12,1065.1946
2026-08-28 14:30:00,2492.11,2496.51,2486.67,2495.11,1180.2407
2026-08-28 14:33:00,2495.11,2509.08,2494.11,2504.96,2312.5954
2026-08-28 14:36:00,2504.95,2526.64,2503.37,2518.01,6727.1256
2026-08-28 14:39:00,2518.01,2518.94,2511.68,2513.74,1288.7272
2026-08-28 14:42:00,2513.74,2514.08,2506.41,2510.0,1464.7116
2026-08-28 14:45:00,2510.01,2511.66,2504.08,2505.61,898.2506
2026-08-28 14:48:00,2505.62,2506.78,2500.0,2505.68,1025.5521
2026-08-28 14:51:00,2505.68,2510.45,2502.98,2510.31,684.2348
2026-08-28 14:54:00,2510.32,2515.0,2509.44,2514.32,737.0026
2026-08-28 14:57:00,2514.33,2515.0,2510.75,2513.0,1244.9853
2026-08-28 15:00:00,2513.0,2519.25,2506.16,2508.68,2985.1825
2026-08-28 15:03:00,2508.68,2510.31,2506.89,2507.59,379.2302
2026-08-28 15:06:00,2507.59,2508.55,2504.41,2505.07,337.24
2026-08-28 15:09:00,2505.08,2507.55,2502.28,2507.15,362.3245
2026-08-28 15:12:00,2507.14,2507.56,2502.52,2503.6,715.8604
2026-08-28 15:15:00,2503.6,2506.95,2503.41,2506.8,568.2034
2026-08-28 15:18:00,2506.79,2510.81,2504.62,2507.52,1355.0374
2026-08-28 15:21:00,2507.52,2508.0,2502.64,2505.5,809.5599
2026-08-28 15:24:00,2505.51,2512.56,2505.12,2511.04,526.4669
2026-08-28 15:27:00,2511.04,2511.05,2503.18,2507.14,775.7618
2026-08-28 15:30:00,2507.14,2508.1,2501.59,2504.45,767.0132
2026-08-28 15:33:00,2504.44,2506.68,2501.84,2503.35,242.4265
2026-08-28 15:36:00,2503.35,2507.15,2503.01,2505.3,3068.8076
2026-08-28 15:39:00,2505.3,2505.63,2489.8,2491.07,3939.4299
2026-08-28 15:42:00,2491.39,2492.63,2487.68,2489.14,2674.6711
2026-08-28 15:45:00,2489.14,2495.41,2486.51,2492.42,1021.6066
2026-08-28 15:48:00,2492.42,2492.72,2485.0,2486.78,1118.6004
2026-08-28 15:51:00,2486.77,2486.77,2476.86,2479.19,6326.4594
2026-08-28 15:54:00,2479.19,2481.54,2477.84,2481.53,2028.194
2026-08-28 15:57:00,2481.53,2481.54,2470.0,2471.89,3013.7648
2026-08-28 16:00:00,2471.89,2473.95,2455.45,2458.93,7638.0992
2026-08-28 16:03:00,2458.93,2461.87,2445.4,2460.71,8851.2532
2026-08-28 16:06:00,2460.72,2464.63,2457.72,2458.61,2892.165
2026-08-28 16:09:00,2458.62,2460.09,2449.4,2449.92,1714.9314
2026-08-28 16:12:00,2449.92,2450.66,2444.59,2445.35,4084.7713
2026-08-28 16:15:00,2445.35,2447.19,2437.5,2439.44,4655.1303
2026-08-28 16:18:00,2439.44,2450.29,2438.01,2445.95,4353.7355
2026-08-28 16:21:00,2445.94,2447.4,2435.0,2437.3,3657.1142
2026-08-28 16:24:00,2437.3,2437.37,2405.97,2421.28,17402.2567
2026-08-28 16:27:00,2421.27,2435.24,2418.72,2430.45,5983.1895
2026-08-28 16:30:00,2430.45,2441.0,2429.47,2440.31,3257.5364
2026-08-28 16:33:00,2440.31,2441.32,2430.35,2435.53,2220.8679
2026-08-28 16:36:00,2435.52,2442.0,2432.3,2441.99,2547.7599
2026-08-28 16:39:00,2442.0,2446.71,2438.16,2439.88,2472.6103
2026-08-28 16:42:00,2439.88,2442.0,2436.55,2436.84,922.1683
2026-08-28 16:45:00,2436.85,2443.25,2436.85,2442.92,1232.1206
2026-08-28 16:48:00,2442.91,2444.52,2437.92,2438.22,902.5434
2026-08-28 16:51:00,2438.22,2443.65,2436.64,2440.21,819.6297
2026-08-28 16:54:00,2440.21,2445.17,2439.83,2444.9,852.7372
2026-08-28 16:57:00,2444.9,2444.9,2442.13,2442.29,579.87
2026-08-28 17:00:00,2442.3,2443.17,2437.5,2441.76,907.2491
2026-08-28 17:03:00,2441.76,2442.01,2437.52,2437.98,1275.2318
2026-08-28 17:06:00,2437.98,2443.65,2437.68,2441.25,1085.948
2026-08-28 17:09:00,2441.25,2444.1,2438.44,2444.1,961.1198
2026-08-28 17:12:00,2444.1,2445.64,2442.94,2445.64,738.7491
2026-08-28 17:15:00,2445.64,2447.29,2443.23,2446.98,947.4061
2026-08-28 17:18:00,2446.97,2448.22,2444.28,2447.21,606.3294
2026-08-28 17:21:00,2447.22,2447.79,2442.04,2443.01,722.0007
2026-08-28 17:24:00,2443.01,2443.98,2438.19,2440.0,1144.4165
2026-08-28 17:27:00,2439.99,2444.71,2439.15,2442.75,364.8289
2026-08-28 17:30:00,2442.75,2443.9,2439.76,2443.89,441.9322
2026-08-28 17:33:00,2443.89,2445.67,2440.68,2440.69,340.7008
2026-08-28 17:36:00,2440.68,2441.64,2437.43,2439.28,893.7794
2026-08-28 17:39:00,2439.28,2440.74,2438.58,2440.07,307.7675
2026-08-28 17:42:00,2440.08,2440.2,2437.71,2438.79,249.9572
2026-08-28 17:45:00,2438.78,2444.76,2438.78,2444.66,520.165
2026-08-28 17:48:00,2444.65,2446.56,2443.28,2445.22,523.1419
2026-08-28 17:51:00,2445.21,2445.68,2443.06,2443.12,227.5244
2026-08-28 17:54:00,2443.11,2444.77,2442.52,2444.77,364.0062
2026-08-28 17:57:00,2444.77,2445.1,2442.84,2443.79,622.9435
2026-08-28 18:00:00,2443.79,2445.02,2441.47,2442.42,598.5177
2026-08-28 18:03:00,2442.41,2443.45,2440.96,2441.28,410.2922
2026-08-28 18:06:00,2441.28,2441.62,2439.0,2441.24,334.4318
2026-08-28 18:09:00,2441.24,2442.62,2438.91,2440.98,801.4046
2026-08-28 18:12:00,2440.98,2440.99,2438.03,2438.26,1043.4607
2026-08-28 18:15:00,2438.27,2439.71,2436.95,2439.14,1366.4381
2026-08-28 18:18:00,2439.15,2439.64,2430.11,2434.32,1651.4062
2026-08-28 18:21:00,2434.31,2434.31,2430.0,2430.74,1033.4146
2026-08-28 18:24:00,2430.75,2433.96,2430.74,2433.96,544.2458
2026-08-28 18:27:00,2433.96,2434.66,2431.46,2431.47,279.3632
2026-08-28 18:30:00,2431.46,2432.85,2428.62,2431.02,1466.8875
2026-08-28 18:33:00,2431.01,2432.85,2428.29,2428.38,506.5421
2026-08-28 18:36:00,2428.38,2428.39,2421.1,2422.15,1424.0771
2026-08-28 18:39:00,2422.15,2427.63,2419.42,2425.07,2306.9518
2026-08-28 18:42:00,2425.07,2425.07,2422.91,2423.4,2224.0911
2026-08-28 18:45:00,2423.4,2424.87,2418.08,2419.32,1905.603
2026-08-28 18:48:00,2419.32,2421.6,2418.12,2420.06,976.8977
2026-08-28 18:51:00,2420.05,2426.79,2419.42,2426.21,1272.7766
2026-08-28 18:54:00,2426.21,2426.98,2424.34,2426.98,386.3742
2026-08-28 18:57:00,2426.98,2429.05,2425.37,2428.68,263.8047
2026-08-28 19:00:00,2428.67,2432.88,2428.67,2430.87,914.6311
2026-08-28 19:03:00,2430.86,2431.95,2428.62,2430.93,556.8747
2026-08-28 19:06:00,2430.93,2434.95,2430.33,2434.63,612.4289
2026-08-28 19:09:00,2434.63,2437.89,2434.41,2436.52,553.2596
2026-08-28 19:12:00,2436.52,2436.73,2434.77,2435.86,252.5042
2026-08-28 19:15:00,2435.86,2435.86,2434.18,2435.52,563.0875
2026-08-28 19:18:00,2435.51,2437.15,2434.13,2437.14,248.9135
2026-08-28 19:21:00,2437.14,2443.1,2437.14,2437.68,1226.2511
2026-08-28 19:24:00,2437.68,2440.33,2437.63,2440.12,250.4851
2026-08-28 19:27:00,2440.12,2440.83,2438.7,2438.71,301.7124
2026-08-28 19:30:00,2438.7,2438.7,2436.32,2436.67,453.2674
2026-08-28 19:33:00,2436.67,2437.72,2435.42,2436.74,1900.6377
2026-08-28 19:36:00,2436.73,2438.94,2436.49,2438.14,1003.7875
2026-08-28 19:39:00,2438.13,2438.98,2437.92,2438.27,184.1195
2026-08-28 19:42:00,2438.27,2439.01,2436.16,2436.25,263.0231
2026-08-28 19:45:00,2436.25,2436.87,2434.52,2435.21,397.9763
2026-08-28 19:48:00,2435.2,2435.2,2432.56,2432.97,631.0559
2026-08-28 19:51:00,2432.98,2433.92,2431.84,2431.84,358.9431
2026-08-28 19:54:00,2431.85,2435.41,2431.07,2435.41,434.7297
2026-08-28 19:57:00,2435.42,2436.97,2434.56,2435.69,535.6435
2026-08-28 20:00:00,2435.68,2436.1,2433.38,2434.5,317.3903
2026-08-28 20:03:00,2434.49,2434.5,2430.77,2431.84,370.8873
2026-08-28 20:06:00,2431.85,2435.4,2431.14,2435.33,297.3009
2026-08-28 20:09:00,2435.33,2436.12,2433.34,2434.24,591.7251
2026-08-28 20:12:00,2434.24,2435.99,2433.73,2435.93,124.8975
2026-08-28 20:15:00,2435.93,2435.93,2433.0,2433.08,163.7836
2026-08-28 20:18:00,2433.08,2434.65,2430.77,2431.06,169.5206
2026-08-28 20:21:00,2431.06,2433.85,2431.05,2432.65,235.0033
2026-08-28 20:24:00,2432.66,2433.86,2432.65,2433.59,267.6241
2026-08-28 20:27:00,2433.58,2433.59,2432.39,2432.4,72.3183
2026-08-28 20:30:00,2432.39,2432.39,2426.9,2427.41,316.7234
2026-08-28 20:33:00,2427.4,2427.5,2424.68,2424.69,641.7205
2026-08-28 20:36:00,2424.69,2428.11,2424.03,2427.36,612.4851
2026-08-28 20:39:00,2427.36,2429.25,2427.12,2427.61,281.0036
2026-08-28 20:42:00,2427.61,2428.47,2427.45,2427.46,122.0498
2026-08-28 20:45:00,2427.45,2429.36,2427.28,2428.39,190.5087
2026-08-28 20:48:00,2428.4,2431.12,2427.41,2427.47,309.0281
2026-08-28 20:51:00,2427.48,2428.68,2426.43,2427.34,161.5283
2026-08-28 20:54:00,2427.34,2428.58,2427.14,2427.61,140.1052
2026-08-28 20:57:00,2427.62,2427.62,2426.89,2427.61,337.1421
2026-08-28 21:00:00,2427.61,2428.65,2426.05,2426.72,192.7596
2026-08-28 21:03:00,2426.72,2427.79,2425.62,2427.79,198.8734
2026-08-28 21:06:00,2427.8,2429.56,2427.79,2429.19,150.8151
2026-08-28 21:09:00,2429.19,2429.19,2426.28,2427.37,187.7099
2026-08-28 21:12:00,2427.37,2428.28,2426.65,2428.18,112.1471
2026-08-28 21:15:00,2428.17,2428.51,2427.75,2427.75,69.7524
2026-08-28 21:18:00,2427.75,2427.75,2426.14,2426.4,171.6044
2026-08-28 21:21:00,2426.4,2427.26,2424.25,2426.6,304.5879
2026-08-28 21:24:00,2426.6,2429.29,2426.44,2429.07,141.3131
2026-08-28 21:27:00,2429.07,2430.06,2428.02,2428.21,246.969
2026-08-28 21:30:00,2428.21,2431.86,2428.17,2431.76,205.1944
2026-08-28 21:33:00,2431.75,2432.14,2431.37,2431.37,74.303
2026-08-28 21:36:00,2431.38,2431.68,2430.42,2430.42,170.3637
2026-08-28 21:39:00,2430.42,2431.62,2427.75,2428.56,208.2699
2026-08-28 21:42:00,2428.55,2430.26,2426.82,2428.8,589.6577
2026-08-28 21:45:00,2428.8,2428.8,2426.45,2426.76,208.1175
2026-08-28 21:48:00,2426.76,2426.76,2425.05,2425.84,208.5631
2026-08-28 21:51:00,2425.84,2425.86,2422.36,2424.71,837.5237
2026-08-28 21:54:00,2424.71,2425.26,2423.32,2423.32,259.8723
2026-08-28 21:57:00,2423.33,2424.91,2422.42,2424.9,184.3783
2026-08-28 22:00:00,2424.91,2425.65,2422.68,2423.66,469.6264
2026-08-28 22:03:00,2423.66,2424.5,2423.01,2424.43,183.907
2026-08-28 22:06:00,2424.43,2427.88,2424.43,2427.54,262.0503
2026-08-28 22:09:00,2427.53,2428.28,2427.03,2427.07,135.3595
2026-08-28 22:12:00,2427.07,2430.05,2426.92,2430.05,247.1824
2026-08-28 22:15:00,2430.06,2430.15,2426.8,2428.26,362.6707
2026-08-28 22:18:00,2428.25,2429.56,2427.59,2429.36,365.5962
2026-08-28 22:21:00,2429.37,2429.52,2428.63,2428.99,65.5178
2026-08-28 22:24:00,2428.99,2433.58,2428.99,2433.0,630.5643
2026-08-28 22:27:00,2433.0,2436.57,2433.0,2434.38,474.885
2026-08-28 22:30:00,2434.37,2435.63,2434.21,2434.9,266.7679
2026-08-28 22:33:00,2434.89,2436.57,2433.75,2436.57,335.1986
2026-08-28 22:36:00,2436.57,2438.0,2436.24,2437.88,796.3976
2026-08-28 22:39:00,2437.88,2438.84,2437.07,2438.03,811.6956
2026-08-28 22:42:00,2438.04,2440.0,2437.37,2439.92,885.2129
2026-08-28 22:45:00,2439.92,2441.61,2439.92,2441.47,515.3482
2026-08-28 22:48:00,2441.48,2442.0,2440.5,2440.51,269.8669
2026-08-28 22:51:00,2440.51,2441.37,2440.0,2440.31,260.9705
2026-08-28 22:54:00,2440.31,2445.0,2440.18,2442.5,1817.5776
2026-08-28 22:57:00,2442.51,2442.94,2441.81,2442.01,180.1624
2026-08-28 23:00:00,2442.01,2442.01,2439.03,2439.39,533.1442
2026-08-28 23:03:00,2439.38,2440.15,2439.01,2440.07,163.1898
2026-08-28 23:06:00,2440.07,2440.45,2438.85,2438.86,233.5163
2026-08-28 23:09:00,2438.86,2440.2,2438.61,2440.18,539.1724
2026-08-28 23:12:00,2440.17,2441.82,2439.65,2441.79,716.6427
2026-08-28 23:15:00,2441.79,2442.1,2438.8,2439.15,465.3952
2026-08-28 23:18:00,2439.15,2439.15,2438.5,2438.5,112.1613
2026-08-28 23:21:00,2438.51,2438.51,2436.47,2436.97,306.0236
2026-08-28 23:24:00,2436.97,2438.85,2436.97,2438.71,396.8801
2026-08-28 23:27:00,2438.7,2439.0,2437.65,2437.88,157.273
2026-08-28 23:30:00,2437.88,2438.32,2437.83,2437.98,87.7655
2026-08-28 23:33:00,2437.97,2438.78,2437.97,2438.42,118.5427
2026-08-28 23:36:00,2438.42,2439.44,2438.23,2439.44,145.1197
2026-08-28 23:39:00,2439.43,2439.43,2438.14,2438.47,389.1576
2026-08-28 23:42:00,2438.46,2439.54,2438.46,2439.45,204.295
2026-08-28 23:45:00,2439.45,2439.45,2437.34,2437.62,224.1412
2026-08-28 23:48:00,2437.62,2438.91,2437.28,2438.9,177.8732
2026-08-28 23:51:00,2438.91,2442.58,2438.91,2441.59,320.3884
2026-08-28 23:54:00,2441.59,2442.83,2441.54,2442.61,253.9896
2026-08-28 23:57:00,2442.61,2442.8,2442.34,2442.8,126.5222
2026-08-29 00:00:00,2442.79,2444.32,2442.69,2442.7,448.3069
2026-08-29 00:03:00,2442.69,2444.32,2442.69,2442.95,161.0823
2026-08-29 00:06:00,2442.96,2445.37,2442.95,2444.65,245.1687
2026-08-29 00:09:00,2444.65,2444.88,2443.1,2443.1,243.4196
2026-08-29 00:12:00,2443.1,2443.11,2442.11,2442.19,144.1546
2026-08-29 00:15:00,2442.18,2444.43,2442.18,2443.83,296.2393
2026-08-29 00:18:00,2443.83,2445.82,2443.68,2445.82,87.0578
2026-08-29 00:21:00,2445.82,2447.3,2445.05,2445.3,1519.7679
2026-08-29 00:24:00,2445.29,2448.05,2445.29,2448.01,255.8604
2026-08-29 00:27:00,2448.01,2448.01,2445.46,2445.64,229.217
2026-08-29 00:30:00,2445.65,2445.65,2442.57,2443.58,565.728
2026-08-29 00:33:00,2443.57,2443.92,2443.27,2443.92,81.7556
2026-08-29 00:36:00,2443.93,2444.88,2443.62,2443.63,84.9658
2026-08-29 00:39:00,2443.63,2444.43,2443.63,2444.43,91.9084
2026-08-29 00:42:00,2444.43,2444.83,2443.91,2444.4,113.2929
2026-08-29 00:45:00,2444.4,2444.49,2442.69,2442.89,225.8886
2026-08-29 00:48:00,2442.88,2443.08,2441.02,2441.03,262.4157
2026-08-29 00:51:00,2441.02,2441.81,2441.02,2441.8,93.4829
2026-08-29 00:54:00,2441.81,2444.98,2441.81,2443.83,141.6587
2026-08-29 00:57:00,2443.82,2443.82,2442.47,2442.47,42.0753
2026-08-29 01:00:00,2442.47,2442.75,2441.33,2442.75,74.8278
2026-08-29 01:03:00,2442.76,2442.76,2441.73,2442.14,58.4801
2026-08-29 01:06:00,2442.13,2442.13,2441.28,2441.37,141.0138
2026-08-29 01:09:00,2441.37,2441.39,2440.86,2440.86,319.2949
2026-08-29 01:12:00,2440.85,2440.99,2439.18,2439.78,537.5708
2026-08-29 01:15:00,2439.77,2441.0,2439.49,2440.98,454.9536
2026-08-29 01:18:00,2440.98,2442.0,2440.67,2441.41,189.9622
2026-08-29 01:21:00,2441.42,2442.36,2441.41,2442.36,63.2707
2026-08-29 01:24:00,2442.35,2443.92,2442.35,2443.91,152.6668
2026-08-29 01:27:00,2443.92,2444.16,2442.92,2444.16,132.9187
2026-08-29 01:30:00,2444.16,2444.45,2443.62,2443.79,42.7072
2026-08-29 01:33:00,2443.78,2444.13,2443.67,2444.11,50.8059
2026-08-29 01:36:00,2444.11,2444.13,2442.21,2443.24,120.8252
2026-08-29 01:39:00,2443.25,2444.0,2443.24,2444.0,133.1585
2026-08-29 01:42:00,2444.0,2445.12,2443.99,2444.58,220.8843
2026-08-29 01:45:00,2444.58,2444.58,2442.15,2444.03,284.6076
2026-08-29 01:48:00,2444.02,2444.58,2443.85,2444.58,81.2517
2026-08-29 01:51:00,2444.59,2445.92,2443.5,2444.23,479.5191
2026-08-29 01:54:00,2444.23,2444.23,2443.22,2443.23,36.6443
2026-08-29 01:57:00,2443.22,2443.97,2442.55,2443.78,268.0995
2026-08-29 02:00:00,2443.77,2444.17,2443.26,2444.16,30.7668
2026-08-29 02:03:00,2444.17,2444.95,2442.37,2444.1,192.3992
2026-08-29 02:06:00,2444.09,2444.1,2442.17,2442.17,72.7892
2026-08-29 02:09:00,2442.17,2443.63,2442.17,2442.9,327.2396
2026-08-29 02:12:00,2442.9,2443.0,2441.81,2441.82,207.5301
2026-08-29 02:15:00,2441.82,2441.92,2440.51,2440.63,148.608
2026-08-29 02:18:00,2440.63,2440.63,2437.92,2437.94,330.9061
2026-08-29 02:21:00,2437.94,2439.2,2437.53,2437.53,288.3531
2026-08-29 02:24:00,2437.53,2437.94,2437.26,2437.26,82.026
2026-08-29 02:27:00,2437.25,2438.51,2436.99,2438.4,427.1279
2026-08-29 02:30:00,2438.39,2439.16,2438.13,2438.82,147.4359
2026-08-29 02:33:00,2438.82,2438.82,2435.59,2436.48,241.7263
2026-08-29 02:36:00,2436.49,2439.45,2436.49,2439.36,252.5515
2026-08-29 02:39:00,2439.36,2439.61,2439.07,2439.08,36.493
2026-08-29 02:42:00,2439.08,2439.36,2437.79,2437.91,66.1453
2026-08-29 02:45:00,2437.91,2438.54,2437.16,2438.54,76.165
2026-08-29 02:48:00,2438.54,2438.54,2438.03,2438.04,77.4127
2026-08-29 02:51:00,2438.04,2439.42,2437.9,2439.31,116.5874
2026-08-29 02:54:00,2439.31,2440.32,2438.7,2438.86,465.0089
2026-08-29 02:57:00,2438.86,2438.86,2438.7,2438.73,316.4341
2026-08-29 03:00:00,2438.72,2439.89,2438.72,2439.87,169.12
2026-08-29 03:03:00,2439.86,2439.87,2438.72,2439.06,128.7018
2026-08-29 03:06:00,2439.06,2439.1,2438.93,2439.09,36.0374
2026-08-29 03:09:00,2439.09,2439.26,2439.05,2439.06,238.1662
2026-08-29 03:12:00,2439.07,2440.02,2438.91,2438.93,279.7437
2026-08-29 03:15:00,2438.93,2439.18,2437.19,2438.45,365.0142
2026-08-29 03:18:00,2438.45,2439.64,2438.11,2439.64,59.5948
2026-08-29 03:21:00,2439.64,2441.62,2439.5,2439.68,232.7844
2026-08-29 03:24:00,2439.68,2440.76,2439.67,2440.43,63.8044
2026-08-29 03:27:00,2440.42,2440.86,2439.48,2440.39,208.696
2026-08-29 03:30:00,2440.39,2441.37,2439.82,2439.82,232.7534
2026-08-29 03:33:00,2439.8,2439.8,2438.9,2438.91,72.1695
2026-08-29 03:36:00,2438.9,2438.91,2437.3,2438.9,292.5768
2026-08-29 03:39:00,2438.91,2439.08,2437.91,2437.91,65.8579
2026-08-29 03:42:00,2437.92,2439.99,2437.91,2438.44,481.2997
2026-08-29 03:45:00,2438.44,2438.44,2437.02,2437.49,96.8113
2026-08-29 03:48:00,2437.49,2438.45,2436.13,2436.16,247.6584
2026-08-29 03:51:00,2436.16,2436.71,2434.56,2435.62,374.6298
2026-08-29 03:54:00,2435.62,2435.62,2435.32,2435.61,77.9448
2026-08-29 03:57:00,2435.62,2435.62,2435.04,2435.23,105.3801
2026-08-29 04:00:00,2435.24,2435.99,2434.65,2435.0,110.9154
2026-08-29 04:03:00,2435.0,2436.78,2435.0,2436.67,199.4375
2026-08-29 04:06:00,2436.67,2437.31,2436.21,2436.22,84.4402
2026-08-29 04:09:00,2436.22,2437.76,2436.21,2437.76,73.1358
2026-08-29 04:12:00,2437.76,2437.77,2436.7,2436.84,237.8628
2026-08-29 04:15:00,2436.85,2436.92,2436.46,2436.7,61.7477
2026-08-29 04:18:00,2436.7,2437.44,2436.7,2437.43,51.8587
2026-08-29 04:21:00,2437.43,2438.2,2437.26,2438.19,43.0448
2026-08-29 04:24:00,2438.19,2438.2,2438.0,2438.01,18.5687
2026-08-29 04:27:00,2438.0,2438.35,2437.61,2438.01,54.5937
2026-08-29 04:30:00,2438.01,2439.24,2438.01,2438.87,655.466
2026-08-29 04:33:00,2438.88,2438.88,2438.17,2438.83,77.5615
2026-08-29 04:36:00,2438.83,2439.4,2437.74,2439.03,225.7559
2026-08-29 04:39:00,2439.04,2439.47,2439.03,2439.24,38.6182
2026-08-29 04:42:00,2439.23,2439.61,2438.47,2438.94,134.2021
2026-08-29 04:45:00,2438.93,2439.62,2438.11,2439.36,222.1079
2026-08-29 04:48:00,2439.37,2439.62,2439.25,2439.38,78.6689
2026-08-29 04:51:00,2439.39,2440.55,2438.99,2439.84,425.1646
2026-08-29 04:54:00,2439.83,2441.13,2439.83,2440.36,92.7154
2026-08-29 04:57:00,2440.37,2440.77,2439.29,2440.45,289.5322
2026-08-29 05:00:00,2440.45,2440.88,2439.18,2440.87,217.6972
2026-08-29 05:03:00,2440.87,2441.42,2440.33,2440.8,298.5396
2026-08-29 05:06:00,2440.8,2441.79,2440.31,2441.19,189.6902
2026-08-29 05:09:00,2441.19,2441.46,2440.68,2441.28,104.3994
2026-08-29 05:12:00,2441.28,2442.03,2441.22,2441.41,120.4382
2026-08-29 05:15:00,2441.41,2441.42,2440.43,2440.87,142.119
2026-08-29 05:18:00,2440.88,2440.88,2440.0,2440.01,135.581
2026-08-29 05:21:00,2440.01,2440.13,2439.18,2440.12,433.5096
2026-08-29 05:24:00,2440.13,2440.5,2440.13,2440.5,29.3448
2026-08-29 05:27:00,2440.5,2441.0,2439.75,2439.76,382.2694
2026-08-29 05:30:00,2439.76,2439.76,2439.56,2439.56,49.9165
2026-08-29 05:33:00,2439.56,2440.14,2438.72,2440.14,256.8899
2026-08-29 05:36:00,2440.15,2441.0,2440.15,2441.0,152.5184
2026-08-29 05:39:00,2441.0,2441.62,2440.01,2440.06,401.6908
2026-08-29 05:42:00,2440.07,2440.98,2440.06,2440.97,56.4228
2026-08-29 05:45:00,2440.97,2441.24,2440.96,2441.23,76.4025
2026-08-29 05:48:00,2441.24,2441.26,2440.31,2440.33,220.7061
2026-08-29 05:51:00,2440.32,2440.32,2439.1,2439.1,300.2174
2026-08-29 05:54:00,2439.1,2439.11,2437.99,2437.99,137.0242
2026-08-29 05:57:00,2437.99,2438.63,2437.98,2438.62,267.1976
2026-08-29 06:00:00,2438.62,2439.05,2436.35,2436.51,186.8203
2026-08-29 06:03:00,2436.5,2437.53,2436.5,2437.23,59.6423
2026-08-29 06:06:00,2437.24,2437.93,2436.35,2436.35,185.8857
2026-08-29 06:09:00,2436.36,2437.3,2436.12,2436.35,82.2627
2026-08-29 06:12:00,2436.34,2436.35,2430.45,2431.79,979.047
2026-08-29 06:15:00,2431.78,2433.65,2431.72,2433.64,260.273
2026-08-29 06:18:00,2433.64,2434.05,2432.24,2432.47,138.707
2026-08-29 06:21:00,2432.48,2432.53,2430.57,2430.77,249.3697
2026-08-29 06:24:00,2430.77,2432.09,2430.6,2430.73,229.0037
2026-08-29 06:27:00,2430.73,2431.58,2430.73,2431.58,127.556
2026-08-29 06:30:00,2431.57,2433.18,2431.57,2433.17,111.0018
2026-08-29 06:33:00,2433.17,2433.5,2432.63,2433.23,165.827
2026-08-29 06:36:00,2433.22,2433.23,2433.06,2433.23,52.2099
2026-08-29 06:39:00,2433.23,2433.53,2432.58,2433.53,41.2058
2026-08-29 06:42:00,2433.53,2434.95,2433.52,2433.94,98.2006
2026-08-29 06:45:00,2433.94,2434.96,2433.94,2434.96,44.8144
2026-08-29 06:48:00,2434.96,2435.12,2434.45,2435.07,162.991
2026-08-29 06:51:00,2435.07,2435.42,2434.44,2434.45,164.3137
2026-08-29 06:54:00,2434.45,2435.26,2434.14,2435.25,111.9717
2026-08-29 06:57:00,2435.25,2435.25,2434.2,2435.16,152.1851
2026-08-29 07:00:00,2435.17,2435.91,2435.0,2435.9,66.8309
2026-08-29 07:03:00,2435.91,2437.42,2435.91,2437.42,164.4177
2026-08-29 07:06:00,2437.42,2437.68,2434.72,2434.73,471.9205
2026-08-29 07:09:00,2434.72,2434.94,2434.16,2434.94,112.0374
2026-08-29 07:12:00,2434.93,2434.94,2434.66,2434.7,68.3645
2026-08-29 07:15:00,2434.69,2434.97,2434.17,2434.97,160.5031
2026-08-29 07:18:00,2434.96,2436.41,2434.96,2436.05,274.8762
2026-08-29 07:21:00,2436.06,2436.6,2435.91,2436.16,58.8205
2026-08-29 07:24:00,2436.16,2436.16,2435.85,2435.85,46.1279
2026-08-29 07:27:00,2435.85,2435.86,2435.31,2435.31,72.9552
2026-08-29 07:30:00,2435.31,2435.94,2434.71,2435.94,152.0086
2026-08-29 07:33:00,2435.94,2435.99,2435.68,2435.99,87.7185
2026-08-29 07:36:00,2435.99,2437.22,2435.98,2437.22,134.8217
2026-08-29 07:39:00,2437.22,2438.0,2436.16,2436.72,240.6459
2026-08-29 07:42:00,2436.72,2436.96,2435.26,2436.94,433.9167
2026-08-29 07:45:00,2436.94,2438.0,2436.88,2437.0,269.763
2026-08-29 07:48:00,2436.99,2436.99,2436.0,2436.01,104.78
2026-08-29 07:51:00,2436.01,2436.54,2435.88,2435.89,156.015
2026-08-29 07:54:00,2435.89,2436.3,2435.88,2436.3,118.9097
2026-08-29 07:57:00,2436.29,2436.89,2436.29,2436.41,162.273
2026-08-29 08:00:00,2436.4,2436.4,2433.73,2433.74,150.2557
2026-08-29 08:03:00,2433.74,2433.75,2431.2,2432.94,625.1786
2026-08-29 08:06:00,2432.94,2433.83,2432.65,2432.84,125.6509
2026-08-29 08:09:00,2432.84,2433.09,2432.65,2433.09,116.8194
2026-08-29 08:12:00,2433.08,2434.07,2432.4,2433.56,471.0893
2026-08-29 08:15:00,2433.57,2433.57,2432.53,2432.66,92.0848
2026-08-29 08:18:00,2432.66,2434.02,2432.65,2434.02,48.6903
2026-08-29 08:21:00,2434.02,2435.14,2433.33,2435.13,142.9618
2026-08-29 08:24:00,2435.13,2435.53,2435.07,2435.46,184.3129
2026-08-29 08:27:00,2435.46,2435.69,2435.46,2435.67,95.5055
2026-08-29 08:30:00,2435.68,2435.68,2433.13,2433.46,218.0718
2026-08-29 08:33:00,2433.45,2434.15,2433.16,2434.0,87.1626
2026-08-29 08:36:00,2433.99,2434.0,2433.49,2433.5,16.3429
2026-08-29 08:39:00,2433.5,2434.47,2433.49,2434.47,376.2863
2026-08-29 08:42:00,2434.46,2434.47,2432.53,2433.03,122.3002
2026-08-29 08:45:00,2433.04,2433.3,2431.26,2433.29,155.5482
2026-08-29 08:48:00,2433.3,2434.38,2432.0,2432.5,242.3269
2026-08-29 08:51:00,2432.49,2432.62,2432.09,2432.09,98.2626
2026-08-29 08:54:00,2432.1,2432.69,2431.26,2432.67,307.7779
2026-08-29 08:57:00,2432.67,2434.15,2432.67,2434.15,126.553
2026-08-29 09:00:00,2434.14,2434.99,2433.65,2434.74,316.6115
2026-08-29 09:03:00,2434.74,2436.38,2434.37,2436.38,86.5716
2026-08-29 09:06:00,2436.37,2436.38,2433.75,2434.55,359.9138
2026-08-29 09:09:00,2434.56,2435.17,2434.26,2435.16,150.7807
2026-08-29 09:12:00,2435.16,2435.59,2434.77,2435.58,234.5129
2026-08-29 09:15:00,2435.58,2436.01,2435.53,2435.59,98.6319
2026-08-29 09:18:00,2435.58,2435.99,2435.25,2435.25,176.0067
2026-08-29 09:21:00,2435.26,2435.26,2435.0,2435.02,41.3673
2026-08-29 09:24:00,2435.01,2435.02,2434.1,2434.11,105.0064
2026-08-29 09:27:00,2434.11,2434.11,2434.1,2434.1,48.1375
2026-08-29 09:30:00,2434.11,2435.32,2434.1,2435.32,119.9844
2026-08-29 09:33:00,2435.32,2435.8,2435.22,2435.8,136.7745
2026-08-29 09:36:00,2435.8,2436.81,2435.79,2436.81,89.0281
2026-08-29 09:39:00,2436.8,2437.29,2436.51,2436.52,123.3032
2026-08-29 09:42:00,2436.51,2437.21,2435.83,2435.83,496.6732
2026-08-29 09:45:00,2435.83,2435.84,2435.37,2435.38,252.2444
2026-08-29 09:48:00,2435.38,2436.37,2435.37,2436.37,107.2419
2026-08-29 09:51:00,2436.36,2436.68,2435.89,2435.9,146.3959
2026-08-29 09:54:00,2435.89,2436.3,2435.31,2435.82,234.5585
2026-08-29 09:57:00,2435.81,2436.55,2435.43,2435.44,261.4286
2026-08-29 10:00:00,2435.43,2435.43,2434.48,2434.55,98.2283
2026-08-29 10:03:00,2434.55,2434.55,2432.26,2432.27,221.3547
2026-08-29 10:06:00,2432.26,2432.89,2431.43,2432.88,419.5801
2026-08-29 10:09:00,2432.88,2433.36,2432.87,2433.36,72.8049
2026-08-29 10:12:00,2433.37,2434.21,2433.36,2434.2,59.7704
2026-08-29 10:15:00,2434.2,2437.0,2434.2,2436.99,171.0407
2026-08-29 10:18:00,2436.99,2437.96,2436.99,2437.72,198.6047
2026-08-29 10:21:00,2437.72,2438.41,2436.0,2436.91,493.8816
2026-08-29 10:24:00,2436.9,2437.37,2436.54,2436.62,90.1889
2026-08-29 10:27:00,2436.61,2436.88,2436.5,2436.54,100.8704
2026-08-29 10:30:00,2436.53,2436.54,2436.05,2436.11,139.3984
2026-08-29 10:33:00,2436.1,2436.33,2436.09,2436.11,98.9893
2026-08-29 10:36:00,2436.1,2436.82,2436.02,2436.02,99.1193
2026-08-29 10:39:00,2436.02,2436.02,2435.46,2435.5,52.6432
2026-08-29 10:42:00,2435.5,2435.5,2435.15,2435.35,58.5634
2026-08-29 10:45:00,2435.35,2436.41,2435.35,2436.41,71.8961
2026-08-29 10:48:00,2436.41,2436.52,2436.4,2436.51,47.6759
2026-08-29 10:51:00,2436.51,2436.59,2435.64,2436.14,122.6348
2026-08-29 10:54:00,2436.13,2436.14,2436.13,2436.13,44.9148
2026-08-29 10:57:00,2436.13,2436.14,2434.71,2434.72,178.408
2026-08-29 11:00:00,2434.71,2434.72,2433.63,2434.51,193.3968
2026-08-29 11:03:00,2434.52,2435.33,2434.46,2434.96,43.0522
2026-08-29 11:06:00,2434.97,2434.98,2434.34,2434.53,42.0504
2026-08-29 11:09:00,2434.53,2435.51,2434.53,2435.5,94.2373
2026-08-29 11:12:00,2435.5,2438.42,2435.5,2438.02,161.6509
2026-08-29 11:15:00,2438.03,2438.5,2437.88,2437.88,62.0176
2026-08-29 11:18:00,2437.88,2437.95,2437.55,2437.7,129.2078
2026-08-29 11:21:00,2437.7,2437.71,2437.3,2437.31,106.5528
2026-08-29 11:24:00,2437.3,2437.48,2437.01,2437.47,96.741
2026-08-29 11:27:00,2437.48,2437.49,2437.36,2437.48,93.1544
2026-08-29 11:30:00,2437.48,2437.49,2437.11,2437.48,169.4403
2026-08-29 11:33:00,2437.48,2437.49,2437.39,2437.39,70.0501
2026-08-29 11:36:00,2437.4,2437.4,2436.09,2436.59,209.9689
2026-08-29 11:39:00,2436.59,2437.49,2436.2,2436.2,145.092
2026-08-29 11:42:00,2436.19,2436.19,2435.87,2435.88,64.9071
2026-08-29 11:45:00,2435.87,2436.64,2435.87,2436.63,174.1839
2026-08-29 11:48:00,2436.63,2436.87,2436.57,2436.58,154.3798
2026-08-29 11:51:00,2436.58,2436.87,2436.34,2436.35,82.8366
2026-08-29 11:54:00,2436.34,2436.35,2435.19,2435.2,103.5272
2026-08-29 11:57:00,2435.19,2435.89,2435.19,2435.87,95.3425
2026-08-29 12:00:00,2435.88,2435.94,2435.81,2435.93,68.1119
2026-08-29 12:03:00,2435.93,2436.62,2435.92,2436.62,102.8922
2026-08-29 12:06:00,2436.62,2436.75,2435.62,2435.62,47.1429
2026-08-29 12:09:00,2435.63,2435.75,2435.29,2435.29,61.5439
2026-08-29 12:12:00,2435.29,2436.73,2435.29,2436.73,72.4869
2026-08-29 12:15:00,2436.72,2437.49,2436.72,2437.49,168.2963
2026-08-29 12:18:00,2437.48,2438.96,2437.48,2438.96,335.7118
2026-08-29 12:21:00,2438.96,2438.96,2436.02,2436.03,145.7877
2026-08-29 12:24:00,2436.02,2436.03,2433.93,2434.79,336.5876
2026-08-29 12:27:00,2434.8,2435.72,2434.66,2435.72,206.8543
2026-08-29 12:30:00,2435.72,2436.15,2434.15,2434.76,70.8195
2026-08-29 12:33:00,2434.76,2434.76,2434.16,2434.74,52.1527
2026-08-29 12:36:00,2434.75,2435.17,2434.74,2435.17,48.2183
2026-08-29 12:39:00,2435.17,2435.17,2434.77,2435.05,72.9965
2026-08-29 12:42:00,2435.05,2435.25,2434.45,2434.45,102.5188
2026-08-29 12:45:00,2434.46,2434.61,2434.38,2434.39,51.2914
2026-08-29 12:48:00,2434.38,2435.14,2434.38,2434.57,122.527
2026-08-29 12:51:00,2434.58,2434.93,2433.14,2433.52,87.5393
2026-08-29 12:54:00,2433.51,2434.0,2433.51,2433.99,106.7173
2026-08-29 12:57:00,2434.0,2434.37,2433.99,2434.33,45.9769
2026-08-29 13:00:00,2434.33,2434.9,2434.33,2434.89,63.5655
2026-08-29 13:03:00,2434.9,2434.9,2434.1,2434.44,81.2378
2026-08-29 13:06:00,2434.44,2434.6,2433.42,2433.65,1059.5876
2026-08-29 13:09:00,2433.66,2434.17,2433.03,2434.16,1261.1786
2026-08-29 13:12:00,2434.17,2434.49,2433.37,2434.0,1216.4957
2026-08-29 13:15:00,2433.99,2435.78,2433.92,2433.92,185.217
2026-08-29 13:18:00,2433.91,2433.91,2432.42,2433.2,281.5836
2026-08-29 13:21:00,2433.21,2434.68,2433.2,2434.67,62.6858
2026-08-29 13:24:00,2434.68,2434.91,2434.63,2434.73,137.9966
2026-08-29 13:27:00,2434.73,2435.0,2433.07,2434.35,278.6587
2026-08-29 13:30:00,2434.35,2434.36,2433.73,2433.99,79.6036
2026-08-29 13:33:00,2434.0,2434.91,2433.67,2434.75,128.6027
2026-08-29 13:36:00,2434.75,2436.0,2434.74,2435.02,131.9395
2026-08-29 13:39:00,2435.02,2435.02,2433.76,2434.31,126.0931
2026-08-29 13:42:00,2434.3,2434.56,2433.99,2434.55,141.1808
2026-08-29 13:45:00,2434.56,2435.32,2434.38,2435.32,61.6305
2026-08-29 13:48:00,2435.32,2436.0,2435.31,2435.73,76.4177
2026-08-29 13:51:00,2435.72,2436.19,2435.72,2436.19,57.1683
2026-08-29 13:54:00,2436.19,2436.35,2435.99,2436.0,116.1887
2026-08-29 13:57:00,2436.0,2436.51,2435.62,2435.63,215.1167
2026-08-29 14:00:00,2435.63,2436.16,2435.62,2436.16,60.9523
2026-08-29 14:03:00,2436.16,2436.16,2435.05,2435.82,80.9979
2026-08-29 14:06:00,2435.82,2436.5,2435.81,2436.5,80.627
2026-08-29 14:09:00,2436.49,2436.74,2435.2,2435.47,381.7433
2026-08-29 14:12:00,2435.46,2436.5,2435.46,2436.08,81.7495
2026-08-29 14:15:00,2436.08,2436.87,2435.96,2436.21,88.833
2026-08-29 14:18:00,2436.21,2436.22,2435.48,2435.95,92.7599
2026-08-29 14:21:00,2435.95,2437.07,2435.95,2437.07,168.5846
2026-08-29 14:24:00,2437.07,2437.24,2437.06,2437.24,75.1051
2026-08-29 14:27:00,2437.24,2437.24,2435.54,2435.9,78.8198
2026-08-29 14:30:00,2435.9,2436.6,2435.89,2436.13,92.9481
2026-08-29 14:33:00,2436.13,2437.2,2436.12,2436.68,94.8692
2026-08-29 14:36:00,2436.68,2437.16,2436.38,2437.16,101.2748
2026-08-29 14:39:00,2437.16,2441.43,2437.04,2441.22,417.2451
2026-08-29 14:42:00,2441.23,2448.68,2441.23,2444.69,2792.5977
2026-08-29 14:45:00,2444.7,2452.64,2444.7,2450.22,869.8098
2026-08-29 14:48:00,2450.23,2450.33,2446.24,2447.96,536.6842
2026-08-29 14:51:00,2447.96,2448.66,2446.65,2447.52,576.9724
2026-08-29 14:54:00,2447.52,2447.9,2447.0,2447.9,277.8594
2026-08-29 14:57:00,2447.9,2450.0,2447.9,2448.58,466.9901
2026-08-29 15:00:00,2448.59,2449.35,2444.88,2444.88,522.366
2026-08-29 15:03:00,2444.89,2445.15,2441.03,2442.96,648.2226
2026-08-29 15:06:00,2442.95,2444.66,2441.91,2443.4,181.6333
2026-08-29 15:09:00,2443.4,2445.16,2443.13,2445.16,115.8947
2026-08-29 15:12:00,2445.16,2445.25,2444.09,2444.85,176.6725
2026-08-29 15:15:00,2444.84,2445.79,2444.43,2444.43,169.3464
2026-08-29 15:18:00,2444.43,2446.12,2441.31,2445.48,360.7225
2026-08-29 15:21:00,2445.48,2446.08,2444.52,2446.08,240.9827
2026-08-29 15:24:00,2446.08,2447.05,2444.85,2445.12,213.0576
2026-08-29 15:27:00,2445.12,2445.52,2444.78,2444.78,84.0051
2026-08-29 15:30:00,2444.78,2444.78,2442.28,2442.64,131.7418
2026-08-29 15:33:00,2442.65,2443.44,2442.63,2443.44,180.0186
2026-08-29 15:36:00,2443.43,2444.23,2443.43,2444.22,50.0714
2026-08-29 15:39:00,2444.23,2446.07,2443.73,2446.04,257.4866
2026-08-29 15:42:00,2446.04,2446.04,2443.88,2443.89,215.2768
2026-08-29 15:45:00,2443.88,2446.08,2443.46,2446.06,237.3348
2026-08-29 15:48:00,2446.07,2446.94,2445.7,2446.44,254.1064
2026-08-29 15:51:00,2446.45,2446.45,2444.18,2444.92,228.0738
2026-08-29 15:54:00,2444.92,2445.02,2442.82,2444.17,270.2146
2026-08-29 15:57:00,2444.18,2444.76,2444.13,2444.76,57.553
2026-08-29 16:00:00,2444.75,2446.52,2444.75,2446.51,145.8756
2026-08-29 16:03:00,2446.52,2446.78,2444.52,2445.65,430.4833
2026-08-29 16:06:00,2445.65,2447.25,2445.32,2446.32,170.8378
2026-08-29 16:09:00,2446.31,2448.52,2446.31,2447.37,212.3116
2026-08-29 16:12:00,2447.37,2448.49,2446.68,2448.47,296.1333
2026-08-29 16:15:00,2448.47,2457.77,2448.46,2451.72,1714.8024
2026-08-29 16:18:00,2451.72,2451.89,2450.16,2451.04,803.6448
2026-08-29 16:21:00,2451.04,2451.48,2448.02,2448.31,320.9859
2026-08-29 16:24:00,2448.31,2448.81,2445.59,2445.62,374.3695
2026-08-29 16:27:00,2445.62,2448.0,2445.62,2447.99,168.5851
2026-08-29 16:30:00,2448.0,2448.99,2445.87,2448.99,219.3013
2026-08-29 16:33:00,2448.99,2450.88,2448.54,2448.97,248.0906
2026-08-29 16:36:00,2448.97,2449.9,2447.32,2448.89,246.5167
2026-08-29 16:39:00,2448.9,2451.66,2448.89,2450.74,228.1791
2026-08-29 16:42:00,2450.75,2450.75,2449.72,2450.6,680.0944
2026-08-29 16:45:00,2450.6,2451.17,2449.75,2450.25,329.2095
2026-08-29 16:48:00,2450.25,2453.67,2450.25,2453.54,691.5626
2026-08-29 16:51:00,2453.55,2454.81,2451.79,2452.09,967.3994
2026-08-29 16:54:00,2452.09,2452.55,2450.64,2450.93,230.5111
2026-08-29 16:57:00,2450.93,2451.29,2450.44,2450.98,327.0719
2026-08-29 17:00:00,2450.99,2452.32,2450.99,2452.3,581.6687
2026-08-29 17:03:00,2452.3,2454.45,2451.32,2453.02,2311.8205
2026-08-29 17:06:00,2453.02,2453.17,2452.0,2452.0,647.0525
2026-08-29 17:09:00,2452.0,2453.8,2451.2,2453.2,472.1747
2026-08-29 17:12:00,2453.2,2454.17,2452.39,2453.16,386.2801
2026-08-29 17:15:00,2453.16,2455.44,2453.16,2455.23,346.006
2026-08-29 17:18:00,2455.23,2455.24,2450.92,2450.93,278.0734
2026-08-29 17:21:00,2450.92,2451.6,2449.35,2451.56,395.6712
2026-08-29 17:24:00,2451.56,2451.87,2449.71,2449.84,166.7365
2026-08-29 17:27:00,2449.84,2449.88,2448.12,2448.39,340.5307
2026-08-29 17:30:00,2448.38,2449.8,2448.36,2448.41,151.9709
2026-08-29 17:33:00,2448.41,2448.41,2445.57,2447.14,342.7399
2026-08-29 17:36:00,2447.14,2449.61,2447.14,2447.77,90.795
2026-08-29 17:39:00,2447.76,2450.0,2447.43,2449.66,196.3191
2026-08-29 17:42:00,2449.65,2450.0,2448.58,2449.35,186.0684
2026-08-29 17:45:00,2449.35,2450.78,2449.35,2450.05,105.171
2026-08-29 17:48:00,2450.05,2450.63,2449.69,2450.03,198.9774
2026-08-29 17:51:00,2450.02,2450.03,2448.0,2448.22,472.2811
2026-08-29 17:54:00,2448.22,2449.0,2447.53,2447.95,231.3864
2026-08-29 17:57:00,2447.95,2450.74,2447.9,2450.74,108.224
2026-08-29 18:00:00,2450.74,2451.92,2450.04,2450.75,257.2219
2026-08-29 18:03:00,2450.75,2450.84,2448.46,2448.93,98.2115
2026-08-29 18:06:00,2448.93,2449.35,2448.81,2448.95,77.5938
2026-08-29 18:09:00,2448.96,2448.96,2448.24,2448.24,35.3304
2026-08-29 18:12:00,2448.24,2448.25,2448.08,2448.13,53.8359
2026-08-29 18:15:00,2448.13,2448.48,2446.56,2447.24,98.7613
2026-08-29 18:18:00,2447.24,2447.38,2445.97,2446.12,93.3511
2026-08-29 18:21:00,2446.11,2449.35,2446.11,2448.37,342.9114
2026-08-29 18:24:00,2448.37,2448.72,2447.56,2447.72,66.003
2026-08-29 18:27:00,2447.71,2448.18,2447.01,2447.01,66.7729
2026-08-29 18:30:00,2447.0,2447.88,2445.6,2447.44,346.7181
2026-08-29 18:33:00,2447.43,2448.87,2447.43,2448.86,90.8377
2026-08-29 18:36:00,2448.87,2453.01,2448.86,2452.83,1069.8222
2026-08-29 18:39:00,2452.83,2455.01,2451.29,2453.9,2659.4153
2026-08-29 18:42:00,2453.89,2455.01,2452.01,2453.01,1817.4244
2026-08-29 18:45:00,2453.02,2454.62,2452.68,2454.62,160.8339
2026-08-29 18:48:00,2454.62,2455.83,2454.29,2454.84,451.0974
2026-08-29 18:51:00,2454.83,2455.36,2453.84,2453.84,361.0676
2026-08-29 18:54:00,2453.85,2453.85,2452.56,2452.6,131.6804
2026-08-29 18:57:00,2452.6,2452.66,2451.96,2452.45,260.2228
2026-08-29 19:00:00,2452.45,2453.42,2452.44,2453.15,351.6649
2026-08-29 19:03:00,2453.15,2454.11,2453.05,2453.63,203.9649
2026-08-29 19:06:00,2453.63,2454.75,2453.62,2453.9,158.7911
2026-08-29 19:09:00,2453.9,2455.0,2453.9,2455.0,128.6007
2026-08-29 19:12:00,2455.0,2457.01,2454.99,2457.0,226.5142
2026-08-29 19:15:00,2457.01,2458.43,2456.0,2457.07,592.5548
2026-08-29 19:18:00,2457.07,2458.69,2457.07,2458.69,166.2743
2026-08-29 19:21:00,2458.68,2458.69,2457.13,2458.3,321.154
2026-08-29 19:24:00,2458.3,2458.69,2457.08,2457.08,115.986
2026-08-29 19:27:00,2457.08,2457.65,2456.9,2457.64,93.8046
2026-08-29 19:30:00,2457.65,2458.67,2456.03,2456.07,258.1926
2026-08-29 19:33:00,2456.07,2456.32,2455.55,2455.61,59.4871
2026-08-29 19:36:00,2455.6,2458.9,2454.25,2454.38,520.5084
2026-08-29 19:39:00,2454.39,2456.37,2454.26,2456.37,207.0527
2026-08-29 19:42:00,2456.37,2456.89,2455.22,2455.66,93.0137
2026-08-29 19:45:00,2455.67,2455.67,2455.11,2455.19,58.9057
2026-08-29 19:48:00,2455.2,2455.55,2454.15,2454.16,74.6078
2026-08-29 19:51:00,2454.16,2454.25,2453.69,2453.8,70.9024
2026-08-29 19:54:00,2453.81,2453.81,2451.7,2452.8,142.0544
2026-08-29 19:57:00,2452.8,2453.51,2452.62,2453.51,53.5106
2026-08-29 20:00:00,2453.51,2453.62,2452.22,2453.61,86.9745
2026-08-29 20:03:00,2453.62,2455.01,2453.39,2453.97,78.5779
2026-08-29 20:06:00,2453.97,2455.71,2453.84,2455.71,220.0601
2026-08-29 20:09:00,2455.71,2456.14,2455.58,2456.14,418.1557
2026-08-29 20:12:00,2456.13,2456.48,2455.44,2456.34,88.5491
2026-08-29 20:15:00,2456.35,2457.1,2455.67,2457.09,130.1485
2026-08-29 20:18:00,2457.1,2458.24,2457.1,2457.79,115.7211
2026-08-29 20:21:00,2457.79,2457.79,2454.9,2454.94,156.0715
2026-08-29 20:24:00,2454.93,2454.93,2454.61,2454.63,31.7316
2026-08-29 20:27:00,2454.63,2454.63,2453.24,2453.24,144.1408
2026-08-29 20:30:00,2453.19,2453.2,2451.77,2451.86,59.7482
2026-08-29 20:33:00,2451.86,2453.76,2451.7,2453.6,215.3924
2026-08-29 20:36:00,2453.61,2453.61,2452.3,2452.67,68.926
2026-08-29 20:39:00,2452.67,2453.26,2452.67,2453.25,103.974
2026-08-29 20:42:00,2453.25,2453.78,2453.25,2453.34,130.419
2026-08-29 20:45:00,2453.34,2453.35,2452.66,2453.18,114.7785
2026-08-29 20:48:00,2453.17,2453.71,2452.41,2453.08,93.4133
2026-08-29 20:51:00,2453.08,2453.52,2452.9,2453.27,91.5971
2026-08-29 20:54:00,2453.27,2453.27,2452.91,2452.96,35.7402
2026-08-29 20:57:00,2452.97,2453.12,2452.82,2452.82,136.8818
2026-08-29 21:00:00,2452.82,2452.83,2450.79,2450.88,536.3616
2026-08-29 21:03:00,2450.88,2450.88,2449.08,2450.25,428.8057
2026-08-29 21:06:00,2450.25,2453.8,2450.25,2452.09,127.8692
2026-08-29 21:09:00,2452.08,2452.48,2451.87,2452.11,54.0028
2026-08-29 21:12:00,2452.1,2454.09,2451.48,2451.64,289.2268
2026-08-29 21:15:00,2451.64,2452.44,2451.39,2452.25,179.5063
2026-08-29 21:18:00,2452.24,2452.64,2452.24,2452.64,25.8202
2026-08-29 21:21:00,2452.64,2452.64,2451.63,2451.63,23.5157
2026-08-29 21:24:00,2451.64,2451.69,2450.42,2450.47,65.0083
2026-08-29 21:27:00,2450.47,2450.67,2450.26,2450.26,39.8297
2026-08-29 21:30:00,2450.27,2450.94,2450.26,2450.94,32.2522
2026-08-29 21:33:00,2450.93,2450.94,2450.2,2450.21,54.9196
2026-08-29 21:36:00,2450.21,2451.18,2450.17,2451.17,51.1797
2026-08-29 21:39:00,2451.17,2451.23,2450.15,2451.23,40.47
2026-08-29 21:42:00,2451.24,2451.44,2450.15,2451.44,56.8015
2026-08-29 21:45:00,2451.44,2452.61,2450.88,2450.88,83.9697
2026-08-29 21:48:00,2450.89,2451.99,2450.7,2451.98,36.7867
2026-08-29 21:51:00,2451.99,2452.64,2451.6,2452.64,27.0723
2026-08-29 21:54:00,2452.63,2452.72,2451.82,2452.65,57.1476
2026-08-29 21:57:00,2452.66,2452.66,2450.78,2451.47,54.471
2026-08-29 22:00:00,2451.47,2451.93,2450.28,2451.93,127.3141
2026-08-29 22:03:00,2451.93,2451.93,2450.77,2450.77,170.9018
2026-08-29 22:06:00,2450.77,2452.7,2450.77,2452.59,106.9989
2026-08-29 22:09:00,2452.59,2453.12,2452.44,2452.5,59.993
2026-08-29 22:12:00,2452.5,2452.85,2450.77,2451.04,215.2637
2026-08-29 22:15:00,2451.04,2451.56,2450.83,2450.83,63.3624
2026-08-29 22:18:00,2450.82,2450.82,2449.37,2449.38,58.0414
2026-08-29 22:21:00,2449.38,2450.08,2449.38,2450.08,53.82
2026-08-29 22:24:00,2450.08,2450.08,2449.61,2449.62,20.6296
2026-08-29 22:27:00,2449.62,2451.11,2449.61,2450.99,247.6782
2026-08-29 22:30:00,2451.0,2451.44,2450.99,2451.12,46.2085
2026-08-29 22:33:00,2451.12,2451.35,2451.12,2451.25,41.142
2026-08-29 22:36:00,2451.25,2451.6,2451.12,2451.12,171.4868
2026-08-29 22:39:00,2451.13,2451.56,2451.12,2451.37,50.97
2026-08-29 22:42:00,2451.38,2451.38,2451.37,2451.38,11.6569
2026-08-29 22:45:00,2451.38,2452.45,2451.38,2452.4,50.5127
2026-08-29 22:48:00,2452.4,2452.41,2452.17,2452.3,24.6323
2026-08-29 22:51:00,2452.3,2452.3,2452.09,2452.09,100.0028
2026-08-29 22:54:00,2452.1,2452.74,2452.09,2452.74,50.4421
2026-08-29 22:57:00,2452.74,2453.25,2452.63,2452.64,192.7962
2026-08-29 23:00:00,2452.63,2454.07,2452.63,2454.07,106.5796
2026-08-29 23:03:00,2454.07,2455.54,2453.93,2454.53,380.0673
2026-08-29 23:06:00,2454.52,2456.01,2454.36,2454.66,630.6857
2026-08-29 23:09:00,2454.66,2456.14,2454.66,2455.25,166.0849
2026-08-29 23:12:00,2455.25,2456.17,2454.44,2455.65,259.5426
2026-08-29 23:15:00,2455.65,2455.93,2455.06,2455.93,54.5793
2026-08-29 23:18:00,2455.93,2456.47,2454.87,2454.88,236.4092
2026-08-29 23:21:00,2454.88,2454.93,2452.88,2453.11,272.4839
2026-08-29 23:24:00,2453.11,2453.6,2452.74,2452.99,176.5911
2026-08-29 23:27:00,2452.99,2455.27,2452.98,2455.25,250.5196
2026-08-29 23:30:00,2455.25,2455.53,2455.12,2455.13,42.2601
2026-08-29 23:33:00,2455.13,2455.44,2453.44,2454.0,359.3768
2026-08-29 23:36:00,2454.0,2456.16,2454.0,2455.57,109.6625
2026-08-29 23:39:00,2455.56,2457.52,2455.56,2457.41,196.0684
2026-08-29 23:42:00,2457.4,2457.4,2456.54,2456.55,128.8779
2026-08-29 23:45:00,2456.55,2457.96,2456.54,2457.96,150.7749
2026-08-29 23:48:00,2457.95,2459.53,2457.95,2459.01,131.1116
2026-08-29 23:51:00,2459.01,2459.76,2458.18,2458.18,101.763
2026-08-29 23:54:00,2458.17,2458.37,2457.48,2457.48,128.6543
2026-08-29 23:57:00,2457.48,2457.68,2457.07,2457.67,119.8252
2026-08-30 00:00:00,2457.67,2457.68,2456.75,2457.05,140.8152
2026-08-30 00:03:00,2457.04,2457.22,2456.32,2456.52,54.0214
2026-08-30 00:06:00,2456.52,2456.58,2455.87,2455.94,121.5154
2026-08-30 00:09:00,2455.94,2456.13,2454.53,2455.56,189.1113
2026-08-30 00:12:00,2455.56,2456.26,2455.56,2456.26,42.0086
2026-08-30 00:15:00,2456.26,2467.4,2456.25,2467.34,1334.6406
2026-08-30 00:18:00,2467.34,2467.93,2461.68,2461.68,760.5492
2026-08-30 00:21:00,2461.69,2463.27,2461.49,2461.79,218.0608
2026-08-30 00:24:00,2461.79,2461.85,2460.71,2461.78,173.8917
2026-08-30 00:27:00,2461.79,2462.63,2461.26,2462.63,81.9523
2026-08-30 00:30:00,2462.64,2462.93,2460.83,2460.84,200.2534
2026-08-30 00:33:00,2460.84,2461.91,2460.17,2461.91,246.17
2026-08-30 00:36:00,2461.91,2465.32,2461.91,2462.33,555.9358
2026-08-30 00:39:00,2462.33,2464.2,2462.22,2463.03,81.7672
2026-08-30 00:42:00,2463.03,2463.03,2460.55,2460.82,321.9568
2026-08-30 00:45:00,2460.83,2461.79,2460.58,2461.0,53.5834
2026-08-30 00:48:00,2460.99,2463.55,2460.76,2462.69,313.922
2026-08-30 00:51:00,2462.69,2462.7,2460.69,2461.52,159.3858
2026-08-30 00:54:00,2461.51,2461.52,2459.6,2460.12,190.4818
2026-08-30 00:57:00,2460.12,2460.12,2458.83,2458.95,249.2137
2026-08-30 01:00:00,2458.94,2459.45,2457.73,2459.44,115.5783
2026-08-30 01:03:00,2459.44,2460.62,2459.44,2459.68,165.5945
2026-08-30 01:06:00,2459.67,2459.68,2457.27,2457.27,97.1544
2026-08-30 01:09:00,2457.28,2458.1,2457.02,2457.02,94.7807
2026-08-30 01:12:00,2457.01,2457.16,2456.28,2456.39,128.0461
2026-08-30 01:15:00,2456.39,2456.71,2453.15,2454.23,595.8081
2026-08-30 01:18:00,2454.24,2456.52,2454.24,2456.52,270.6839
2026-08-30 01:21:00,2456.52,2456.71,2456.36,2456.7,31.7261
2026-08-30 01:24:00,2456.71,2456.71,2453.08,2453.18,339.4439
2026-08-30 01:27:00,2453.18,2454.25,2453.18,2454.18,108.3437
2026-08-30 01:30:00,2454.18,2455.47,2453.41,2455.45,203.5725
2026-08-30 01:33:00,2455.44,2456.05,2455.09,2456.05,66.8674
2026-08-30 01:36:00,2456.04,2458.21,2455.62,2456.96,313.6082
2026-08-30 01:39:00,2456.96,2457.46,2456.56,2456.57,153.5944
2026-08-30 01:42:00,2456.56,2456.75,2455.98,2456.29,135.5734
2026-08-30 01:45:00,2456.29,2459.21,2456.29,2458.04,622.6715
2026-08-30 01:48:00,2458.04,2459.41,2457.9,2459.01,65.2611
2026-08-30 01:51:00,2459.01,2459.01,2456.08,2456.39,366.1151
2026-08-30 01:54:00,2456.4,2456.55,2455.43,2455.43,53.4276
2026-08-30 01:57:00,2455.43,2456.84,2455.21,2456.37,402.1167
2026-08-30 02:00:00,2456.37,2456.82,2455.05,2456.77,115.7618
2026-08-30 02:03:00,2456.76,2458.5,2456.76,2458.5,174.3505
2026-08-30 02:06:00,2458.49,2458.57,2456.05,2456.88,206.4503
2026-08-30 02:09:00,2456.89,2457.39,2456.44,2456.45,139.9698
2026-08-30 02:12:00,2456.45,2458.45,2456.45,2458.35,116.1943
2026-08-30 02:15:00,2458.36,2458.58,2457.23,2458.16,96.9644
2026-08-30 02:18:00,2458.17,2458.17,2457.82,2457.82,27.8324
2026-08-30 02:21:00,2457.82,2458.0,2455.5,2455.53,206.0496
2026-08-30 02:24:00,2455.53,2455.61,2453.6,2453.74,104.2395
2026-08-30 02:27:00,2453.73,2456.85,2453.73,2455.55,135.5803
2026-08-30 02:30:00,2455.56,2456.16,2453.9,2454.49,180.4032
2026-08-30 02:33:00,2454.49,2455.32,2453.76,2454.54,229.1959
2026-08-30 02:36:00,2454.55,2455.32,2454.54,2455.3,67.0461
2026-08-30 02:39:00,2455.31,2458.04,2455.3,2456.48,371.381
2026-08-30 02:42:00,2456.49,2456.55,2455.74,2456.18,146.2217
2026-08-30 02:45:00,2456.18,2456.32,2454.82,2455.62,417.259
2026-08-30 02:48:00,2455.63,2457.18,2455.12,2457.18,115.2599
2026-08-30 02:51:00,2457.18,2458.99,2457.18,2457.64,256.8536
2026-08-30 02:54:00,2457.65,2457.93,2457.45,2457.45,94.4282
2026-08-30 02:57:00,2457.45,2457.45,2454.79,2454.97,169.5356
2026-08-30 03:00:00,2454.97,2456.0,2454.17,2454.67,379.1368
2026-08-30 03:03:00,2454.66,2455.48,2454.47,2455.37,144.1761
2026-08-30 03:06:00,2455.37,2455.5,2454.22,2455.49,76.0972
2026-08-30 03:09:00,2455.49,2455.99,2455.49,2455.63,37.5387
2026-08-30 03:12:00,2455.62,2456.17,2455.53,2456.14,30.5997
2026-08-30 03:15:00,2456.13,2456.14,2455.57,2456.03,45.627
2026-08-30 03:18:00,2456.04,2456.87,2455.51,2455.51,273.3105
2026-08-30 03:21:00,2455.51,2456.81,2455.37,2456.8,242.5492
2026-08-30 03:24:00,2456.81,2457.51,2456.81,2457.11,95.4026
2026-08-30 03:27:00,2457.1,2459.11,2457.09,2459.11,425.6173
2026-08-30 03:30:00,2459.11,2459.97,2458.17,2459.96,355.8222
2026-08-30 03:33:00,2459.97,2460.72,2459.07,2459.32,307.2725
2026-08-30 03:36:00,2459.33,2459.33,2458.64,2458.8,168.3447
2026-08-30 03:39:00,2458.79,2460.44,2458.49,2460.44,295.0567
2026-08-30 03:42:00,2460.44,2460.72,2458.2,2458.5,182.266
2026-08-30 03:45:00,2458.49,2458.5,2457.88,2457.89,33.1937
2026-08-30 03:48:00,2457.89,2458.0,2457.88,2457.88,41.3702
2026-08-30 03:51:00,2457.88,2457.88,2457.15,2457.16,37.7158
2026-08-30 03:54:00,2457.16,2457.51,2456.85,2457.15,116.2194
2026-08-30 03:57:00,2457.15,2457.16,2457.01,2457.15,125.7415
2026-08-30 04:00:00,2457.14,2457.99,2456.99,2457.85,212.364
2026-08-30 04:03:00,2457.85,2458.75,2457.85,2458.66,128.6069
2026-08-30 04:06:00,2458.66,2458.67,2456.48,2457.07,201.1161
2026-08-30 04:09:00,2457.08,2457.08,2457.05,2457.06,25.5533
2026-08-30 04:12:00,2457.06,2457.21,2457.05,2457.21,32.267
2026-08-30 04:15:00,2457.21,2458.69,2457.05,2457.86,311.1893
2026-08-30 04:18:00,2457.85,2457.85,2457.05,2457.05,330.4616
2026-08-30 04:21:00,2457.05,2457.05,2455.67,2455.68,248.4093
2026-08-30 04:24:00,2455.67,2456.26,2454.54,2456.21,755.5242
2026-08-30 04:27:00,2456.21,2456.6,2455.54,2455.55,195.3638
2026-08-30 04:30:00,2455.54,2455.93,2454.59,2455.49,95.8819
2026-08-30 04:33:00,2455.5,2455.5,2454.0,2454.0,149.9729
2026-08-30 04:36:00,2454.01,2456.18,2453.78,2455.0,563.9412
2026-08-30 04:39:00,2455.0,2455.2,2452.92,2455.19,1704.1642
2026-08-30 04:42:00,2455.19,2455.75,2453.38,2453.39,468.9173
2026-08-30 04:45:00,2453.39,2454.27,2452.02,2452.3,463.1488
2026-08-30 04:48:00,2452.29,2452.89,2451.55,2452.57,295.1875
2026-08-30 04:51:00,2452.57,2453.78,2452.32,2452.32,227.0234
2026-08-30 04:54:00,2452.32,2454.01,2452.08,2453.91,463.8146
2026-08-30 04:57:00,2453.91,2455.87,2453.85,2455.87,97.7698
2026-08-30 05:00:00,2455.86,2457.68,2455.67,2457.68,219.7368
2026-08-30 05:03:00,2457.67,2460.0,2457.54,2458.03,909.7265
2026-08-30 05:06:00,2458.03,2458.52,2457.25,2457.9,103.4598
2026-08-30 05:09:00,2457.9,2457.9,2456.75,2456.76,108.953
2026-08-30 05:12:00,2456.76,2457.14,2456.76,2457.03,40.5684
2026-08-30 05:15:00,2457.02,2457.03,2455.84,2455.85,77.2227
2026-08-30 05:18:00,2455.84,2455.85,2455.82,2455.83,53.7663
2026-08-30 05:21:00,2455.83,2455.9,2455.82,2455.89,55.5826
2026-08-30 05:24:00,2455.88,2455.91,2455.57,2455.58,151.4435
2026-08-30 05:27:00,2455.58,2455.87,2455.57,2455.87,47.2056
2026-08-30 05:30:00,2455.86,2455.87,2455.61,2455.62,55.6682
2026-08-30 05:33:00,2455.62,2455.62,2455.29,2455.34,163.5895
2026-08-30 05:36:00,2455.34,2455.59,2455.11,2455.27,137.0315
2026-08-30 05:39:00,2455.26,2456.37,2455.26,2456.29,63.0182
2026-08-30 05:42:00,2456.29,2456.88,2455.8,2455.86,316.7823
2026-08-30 05:45:00,2455.85,2456.16,2455.49,2456.15,211.0858
2026-08-30 05:48:00,2456.15,2456.17,2455.88,2455.89,43.9004
2026-08-30 05:51:00,2455.88,2455.89,2455.19,2455.79,86.6651
2026-08-30 05:54:00,2455.79,2456.02,2455.54,2455.61,94.1658
2026-08-30 05:57:00,2455.61,2456.36,2455.6,2456.36,163.0027
2026-08-30 06:00:00,2456.35,2456.36,2455.01,2455.3,161.095
2026-08-30 06:03:00,2455.3,2456.43,2455.2,2455.62,81.0236
2026-08-30 06:06:00,2455.61,2455.66,2455.61,2455.65,41.928
2026-08-30 06:09:00,2455.65,2455.65,2455.39,2455.4,182.9435
2026-08-30 06:12:00,2455.39,2455.87,2455.39,2455.87,48.6501
2026-08-30 06:15:00,2455.87,2456.41,2455.87,2456.4,49.6241
2026-08-30 06:18:00,2456.4,2456.56,2456.29,2456.55,40.4386
2026-08-30 06:21:00,2456.56,2456.88,2456.55,2456.88,39.4788
2026-08-30 06:24:00,2456.88,2457.85,2456.88,2456.97,132.2106
2026-08-30 06:27:00,2456.98,2457.23,2456.55,2456.66,235.5055
2026-08-30 06:30:00,2456.66,2457.13,2456.66,2457.13,44.2181
2026-08-30 06:33:00,2457.13,2457.75,2457.12,2457.75,67.6412
2026-08-30 06:36:00,2457.74,2459.0,2457.44,2458.93,299.9058
2026-08-30 06:39:00,2458.93,2460.26,2458.61,2459.83,275.5771
2026-08-30 06:42:00,2459.84,2460.01,2458.23,2459.42,796.0994
2026-08-30 06:45:00,2459.43,2459.69,2459.05,2459.46,121.4245
2026-08-30 06:48:00,2459.46,2461.52,2458.89,2459.72,345.8523
2026-08-30 06:51:00,2459.73,2460.56,2459.72,2459.76,106.4763
2026-08-30 06:54:00,2459.76,2460.22,2459.73,2459.74,143.4029
2026-08-30 06:57:00,2459.73,2461.07,2459.73,2461.07,101.9489
2026-08-30 07:00:00,2461.07,2461.29,2459.0,2459.0,384.8926
2026-08-30 07:03:00,2459.0,2459.5,2459.0,2459.44,390.4581
2026-08-30 07:06:00,2459.44,2459.44,2458.78,2458.79,34.1444
2026-08-30 07:09:00,2458.78,2458.95,2458.7,2458.95,43.4363
2026-08-30 07:12:00,2458.95,2459.58,2458.95,2459.57,70.1842
2026-08-30 07:15:00,2459.57,2459.58,2458.1,2458.21,89.8808
2026-08-30 07:18:00,2458.21,2458.21,2458.0,2458.2,60.1328
2026-08-30 07:21:00,2458.21,2458.21,2458.0,2458.01,64.3535
2026-08-30 07:24:00,2458.01,2458.01,2458.0,2458.0,48.9706
2026-08-30 07:27:00,2458.0,2458.02,2458.0,2458.01,25.2245
2026-08-30 07:30:00,2458.01,2458.52,2457.75,2457.75,209.3074
2026-08-30 07:33:00,2457.76,2457.76,2456.98,2457.23,116.0563
2026-08-30 07:36:00,2457.24,2458.94,2456.53,2456.64,509.5077
2026-08-30 07:39:00,2456.64,2457.03,2456.64,2456.87,50.2499
2026-08-30 07:42:00,2456.87,2457.33,2456.15,2456.2,294.7919
2026-08-30 07:45:00,2456.2,2456.21,2455.36,2455.62,304.4048
2026-08-30 07:48:00,2455.62,2456.6,2455.0,2456.0,368.169
2026-08-30 07:51:00,2456.01,2457.24,2456.0,2457.23,79.0892
2026-08-30 07:54:00,2457.24,2457.47,2455.67,2455.76,225.516
2026-08-30 07:57:00,2455.76,2456.21,2455.28,2455.28,44.5324
2026-08-30 08:00:00,2455.28,2457.6,2455.28,2457.38,410.3769
2026-08-30 08:03:00,2457.37,2457.49,2457.03,2457.43,100.5861
2026-08-30 08:06:00,2457.43,2458.9,2457.43,2458.89,137.1977
2026-08-30 08:09:00,2458.9,2458.94,2456.69,2456.7,361.9498
2026-08-30 08:12:00,2456.69,2457.0,2456.53,2456.53,83.8277
2026-08-30 08:15:00,2456.54,2457.96,2456.53,2457.37,68.9318
2026-08-30 08:18:00,2457.36,2459.9,2457.36,2459.16,169.3618
2026-08-30 08:21:00,2459.16,2459.17,2457.61,2457.61,126.0814
2026-08-30 08:24:00,2457.62,2459.03,2457.61,2458.76,146.8107
2026-08-30 08:27:00,2458.75,2458.76,2458.53,2458.6,39.7683
2026-08-30 08:30:00,2458.6,2458.6,2458.0,2458.41,105.1284
2026-08-30 08:33:00,2458.41,2458.66,2457.52,2457.61,122.6053
2026-08-30 08:36:00,2457.61,2457.61,2455.68,2455.96,66.6582
2026-08-30 08:39:00,2455.97,2455.97,2455.0,2455.39,109.6148
2026-08-30 08:42:00,2455.4,2455.96,2455.34,2455.96,69.0604
2026-08-30 08:45:00,2455.95,2455.96,2454.72,2455.54,107.7519
2026-08-30 08:48:00,2455.53,2455.88,2455.31,2455.31,58.7865
2026-08-30 08:51:00,2455.32,2455.62,2455.26,2455.62,62.7555
2026-08-30 08:54:00,2455.61,2457.05,2455.47,2457.04,145.4363
2026-08-30 08:57:00,2457.04,2457.16,2456.84,2456.86,121.638
2026-08-30 09:00:00,2456.87,2457.59,2455.89,2457.29,303.797
2026-08-30 09:03:00,2457.29,2457.6,2457.28,2457.56,59.716
2026-08-30 09:06:00,2457.55,2457.56,2456.52,2456.53,69.1323
2026-08-30 09:09:00,2456.53,2456.75,2456.52,2456.75,57.2804
2026-08-30 09:12:00,2456.75,2457.03,2456.74,2457.03,38.221
2026-08-30 09:15:00,2457.03,2457.13,2456.12,2456.45,115.7678
2026-08-30 09:18:00,2456.46,2457.14,2456.38,2457.14,261.0277
2026-08-30 09:21:00,2457.14,2458.24,2455.05,2455.05,196.1708
2026-08-30 09:24:00,2455.05,2455.72,2454.59,2455.04,126.9289
2026-08-30 09:27:00,2455.03,2455.7,2453.13,2453.34,264.9646
2026-08-30 09:30:00,2453.34,2455.36,2453.34,2455.36,105.7297
2026-08-30 09:33:00,2455.35,2455.59,2453.67,2454.0,351.2309
2026-08-30 09:36:00,2454.0,2454.35,2452.67,2453.52,249.7417
2026-08-30 09:39:00,2453.52,2455.19,2451.79,2455.19,529.8348
2026-08-30 09:42:00,2455.19,2455.19,2453.55,2454.0,144.8384
2026-08-30 09:45:00,2454.01,2454.68,2453.54,2453.79,252.6608
2026-08-30 09:48:00,2453.79,2455.77,2452.92,2453.37,390.9538
2026-08-30 09:51:00,2453.37,2453.88,2453.37,2453.43,125.7316
2026-08-30 09:54:00,2453.44,2453.61,2453.11,2453.61,116.46
2026-08-30 09:57:00,2453.61,2453.71,2453.54,2453.54,54.5606
2026-08-30 10:00:00,2453.54,2453.6,2453.05,2453.05,117.8537
2026-08-30 10:03:00,2453.05,2453.72,2452.58,2453.72,104.048
2026-08-30 10:06:00,2453.72,2454.92,2453.71,2454.74,123.2164
2026-08-30 10:09:00,2454.75,2455.65,2454.11,2454.12,245.0428
2026-08-30 10:12:00,2454.11,2454.12,2453.47,2453.47,73.8961
2026-08-30 10:15:00,2453.48,2453.92,2453.47,2453.9,47.3051
2026-08-30 10:18:00,2453.9,2454.71,2452.5,2454.7,298.6687
2026-08-30 10:21:00,2454.7,2455.05,2454.12,2455.02,82.4332
2026-08-30 10:24:00,2455.02,2456.1,2455.02,2456.09,134.9706
2026-08-30 10:27:00,2456.1,2458.75,2454.6,2455.5,902.948
2026-08-30 10:30:00,2455.49,2456.99,2455.31,2456.56,289.9383
2026-08-30 10:33:00,2456.56,2456.56,2456.06,2456.41,108.5611
2026-08-30 10:36:00,2456.41,2456.76,2456.39,2456.66,78.9699
2026-08-30 10:39:00,2456.65,2457.94,2456.62,2457.94,290.4832
2026-08-30 10:42:00,2457.94,2458.43,2457.82,2457.91,235.606
2026-08-30 10:45:00,2457.91,2459.14,2457.91,2459.14,183.6488
2026-08-30 10:48:00,2459.14,2459.57,2458.17,2458.41,191.1629
2026-08-30 10:51:00,2458.42,2459.8,2458.41,2459.21,181.9033
2026-08-30 10:54:00,2459.22,2459.57,2459.16,2459.37,96.531
2026-08-30 10:57:00,2459.36,2459.68,2459.36,2459.68,82.4172
2026-08-30 11:00:00,2459.68,2459.92,2459.31,2459.32,86.621
2026-08-30 11:03:00,2459.32,2459.32,2458.2,2458.76,132.5618
2026-08-30 11:06:00,2458.76,2460.0,2458.76,2459.99,91.493
2026-08-30 11:09:00,2460.0,2460.29,2458.06,2458.3,310.7257
2026-08-30 11:12:00,2458.3,2459.02,2457.84,2459.02,136.6375
2026-08-30 11:15:00,2459.01,2459.02,2457.91,2458.88,161.6981
2026-08-30 11:18:00,2458.87,2459.55,2458.87,2459.55,158.3663
2026-08-30 11:21:00,2459.54,2459.55,2459.2,2459.21,159.1075
2026-08-30 11:24:00,2459.2,2460.16,2459.2,2460.01,296.6474
2026-08-30 11:27:00,2460.01,2461.81,2459.58,2461.36,632.7378
2026-08-30 11:30:00,2461.36,2461.39,2459.49,2459.95,353.3986
2026-08-30 11:33:00,2459.95,2461.02,2459.0,2459.01,200.0728
2026-08-30 11:36:00,2459.0,2459.7,2457.79,2457.99,265.472
2026-08-30 11:39:00,2457.98,2459.67,2457.98,2459.66,64.2656
2026-08-30 11:42:00,2459.67,2460.9,2459.55,2459.75,441.6624
2026-08-30 11:45:00,2459.75,2460.15,2459.5,2459.61,105.1217
2026-08-30 11:48:00,2459.61,2459.62,2458.06,2458.06,131.5835
2026-08-30 11:51:00,2458.06,2458.3,2456.51,2458.25,458.5197
2026-08-30 11:54:00,2458.24,2458.44,2458.02,2458.43,137.0792
2026-08-30 11:57:00,2458.44,2460.42,2458.43,2460.41,164.0015
2026-08-30 12:00:00,2460.42,2462.95,2460.19,2460.19,589.0833
2026-08-30 12:03:00,2460.2,2469.48,2460.19,2465.2,1076.7921
2026-08-30 12:06:00,2465.2,2470.0,2465.2,2467.7,1285.2743
2026-08-30 12:09:00,2467.7,2470.64,2467.7,2470.35,1263.8058
2026-08-30 12:12:00,2470.36,2473.3,2469.0,2470.1,1201.3278
2026-08-30 12:15:00,2470.09,2470.09,2466.74,2467.85,403.0793
2026-08-30 12:18:00,2467.84,2467.85,2465.18,2466.33,412.6759
2026-08-30 12:21:00,2466.32,2467.16,2464.36,2464.81,400.9633
2026-08-30 12:24:00,2464.81,2465.04,2462.64,2463.36,350.2641
2026-08-30 12:27:00,2463.36,2466.29,2463.35,2466.29,156.2916
2026-08-30 12:30:00,2466.29,2467.25,2463.63,2465.79,788.6003
2026-08-30 12:33:00,2465.79,2467.15,2458.73,2461.82,780.0618
2026-08-30 12:36:00,2461.82,2462.96,2460.24,2462.01,608.8562
2026-08-30 12:39:00,2462.02,2464.28,2462.02,2464.28,269.3154
2026-08-30 12:42:00,2464.27,2466.55,2463.89,2464.77,735.9645
2026-08-30 12:45:00,2464.77,2464.86,2463.26,2463.58,437.7357
2026-08-30 12:48:00,2463.57,2465.79,2463.32,2463.75,316.7978
2026-08-30 12:51:00,2463.76,2465.03,2462.69,2464.83,496.7139
2026-08-30 12:54:00,2464.83,2467.82,2464.57,2467.82,434.1774
2026-08-30 12:57:00,2467.81,2469.71,2467.11,2469.47,1600.2947
2026-08-30 13:00:00,2469.47,2469.93,2466.4,2467.99,635.8721
2026-08-30 13:03:00,2467.99,2470.92,2466.0,2466.92,594.9278
2026-08-30 13:06:00,2466.92,2467.99,2466.0,2466.96,280.4323
2026-08-30 13:09:00,2466.95,2466.96,2463.76,2464.24,344.5236
2026-08-30 13:12:00,2464.23,2464.23,2462.11,2462.12,291.8271
2026-08-30 13:15:00,2462.11,2463.58,2460.87,2463.58,169.9102
2026-08-30 13:18:00,2463.58,2464.28,2463.05,2464.19,165.4089
2026-08-30 13:21:00,2464.19,2466.1,2464.19,2466.01,200.5384
2026-08-30 13:24:00,2466.0,2467.08,2465.47,2465.52,184.4744
2026-08-30 13:27:00,2465.52,2466.78,2465.52,2466.72,65.5718
2026-08-30 13:30:00,2466.73,2467.93,2465.16,2467.73,193.1873
2026-08-30 13:33:00,2467.72,2468.58,2466.19,2466.68,443.5867
2026-08-30 13:36:00,2466.67,2468.91,2466.18,2468.91,230.5807
2026-08-30 13:39:00,2468.9,2468.9,2467.52,2468.78,606.5944
2026-08-30 13:42:00,2468.79,2471.77,2468.79,2470.22,423.2105
2026-08-30 13:45:00,2470.21,2474.71,2470.2,2472.94,828.6952
2026-08-30 13:48:00,2472.93,2478.44,2472.93,2474.57,1776.6485
2026-08-30 13:51:00,2474.57,2474.85,2472.51,2474.09,799.8505
2026-08-30 13:54:00,2474.08,2475.52,2473.23,2475.51,619.3278
2026-08-30 13:57:00,2475.51,2477.66,2475.51,2475.59,970.1953
2026-08-30 14:00:00,2475.58,2476.22,2473.01,2476.2,742.5433
2026-08-30 14:03:00,2476.2,2476.33,2472.65,2472.65,557.7976
2026-08-30 14:06:00,2472.65,2475.88,2470.91,2474.62,722.8511
2026-08-30 14:09:00,2474.63,2476.02,2474.03,2475.44,496.1104
2026-08-30 14:12:00,2475.43,2479.61,2475.32,2478.7,919.2485
2026-08-30 14:15:00,2478.7,2479.45,2476.07,2477.42,1113.1959
2026-08-30 14:18:00,2477.43,2477.43,2475.0,2475.79,345.3991
2026-08-30 14:21:00,2475.78,2476.03,2475.0,2476.03,338.6326
2026-08-30 14:24:00,2476.02,2478.25,2475.57,2476.0,390.192
2026-08-30 14:27:00,2476.0,2477.28,2475.55,2476.75,287.6616
2026-08-30 14:30:00,2476.76,2479.71,2476.76,2479.0,682.0049
2026-08-30 14:33:00,2478.99,2478.99,2474.33,2474.96,519.1
2026-08-30 14:36:00,2474.95,2476.44,2473.52,2473.58,683.6882
2026-08-30 14:39:00,2473.59,2475.78,2473.58,2475.77,299.4338
2026-08-30 14:42:00,2475.78,2476.7,2475.59,2475.59,507.8409
2026-08-30 14:45:00,2475.59,2475.74,2474.4,2475.73,427.9178
2026-08-30 14:48:00,2475.73,2477.57,2475.41,2476.06,475.9973
2026-08-30 14:51:00,2476.06,2478.32,2476.06,2477.59,370.7406
2026-08-30 14:54:00,2477.59,2479.04,2476.68,2478.15,626.7428
2026-08-30 14:57:00,2478.15,2478.91,2476.06,2477.12,575.8803
2026-08-30 15:00:00,2477.13,2478.35,2474.98,2476.52,731.6959
2026-08-30 15:03:00,2476.52,2477.28,2475.31,2475.75,429.2235
2026-08-30 15:06:00,2475.76,2479.62,2475.76,2479.47,663.0726
2026-08-30 15:09:00,2479.47,2482.2,2476.06,2476.06,1192.0797
2026-08-30 15:12:00,2476.07,2476.36,2473.15,2473.79,828.6879
2026-08-30 15:15:00,2473.79,2478.04,2471.86,2477.5,1126.1597
2026-08-30 15:18:00,2477.5,2477.92,2475.41,2475.84,465.9531
2026-08-30 15:21:00,2475.84,2478.04,2475.84,2478.04,343.8595
2026-08-30 15:24:00,2478.04,2479.88,2477.78,2479.88,473.6307
2026-08-30 15:27:00,2479.89,2480.2,2476.89,2477.59,560.9376
2026-08-30 15:30:00,2477.58,2479.82,2477.58,2479.38,286.6865
2026-08-30 15:33:00,2479.37,2479.64,2478.0,2478.0,201.0283
2026-08-30 15:36:00,2478.0,2478.48,2476.15,2477.55,145.122
2026-08-30 15:39:00,2477.54,2478.84,2477.54,2478.74,232.6037
2026-08-30 15:42:00,2478.73,2479.95,2478.25,2479.95,147.1686
2026-08-30 15:45:00,2479.95,2481.13,2479.35,2481.12,299.2182
2026-08-30 15:48:00,2481.12,2484.0,2478.82,2479.6,730.426
2026-08-30 15:51:00,2479.61,2481.1,2478.36,2481.1,252.3542
2026-08-30 15:54:00,2481.1,2481.1,2478.75,2478.83,238.2298
2026-08-30 15:57:00,2478.83,2481.11,2478.82,2481.11,121.7701
2026-08-30 16:00:00,2481.11,2483.92,2479.28,2483.25,406.4406
2026-08-30 16:03:00,2483.24,2488.85,2482.53,2486.76,1032.7883
2026-08-30 16:06:00,2486.75,2486.75,2483.76,2484.37,486.7634
2026-08-30 16:09:00,2484.36,2487.72,2482.93,2487.72,391.3715
2026-08-30 16:12:00,2487.72,2513.0,2487.72,2510.7,7015.0712
2026-08-30 16:15:00,2510.7,2519.68,2507.02,2517.52,4497.2276
2026-08-30 16:18:00,2517.51,2518.0,2512.44,2512.56,1990.0506
2026-08-30 16:21:00,2512.55,2514.73,2509.04,2511.32,1225.9169
2026-08-30 16:24:00,2511.32,2517.85,2510.64,2513.09,1631.6799
2026-08-30 16:27:00,2513.08,2515.72,2513.03,2513.67,617.9584
2026-08-30 16:30:00,2513.68,2516.7,2512.34,2516.42,764.4815
2026-08-30 16:33:00,2516.42,2521.0,2514.79,2519.56,2550.5833
2026-08-30 16:36:00,2519.55,2526.96,2519.55,2521.11,5067.0298
2026-08-30 16:39:00,2521.11,2534.1,2519.56,2531.85,5682.9589
2026-08-30 16:42:00,2531.86,2534.98,2525.22,2529.15,1766.97
2026-08-30 16:45:00,2529.15,2530.98,2526.6,2526.99,1115.291
2026-08-30 16:48:00,2526.98,2529.99,2525.49,2527.24,664.4886
2026-08-30 16:51:00,2527.23,2527.24,2521.63,2524.07,1376.3434
2026-08-30 16:54:00,2524.07,2525.34,2520.45,2525.33,1104.4939
2026-08-30 16:57:00,2525.34,2530.0,2525.34,2529.28,1287.4186
2026-08-30 17:00:00,2529.27,2529.27,2522.25,2522.27,548.0664
2026-08-30 17:03:00,2522.26,2524.39,2521.97,2522.61,519.6336
2026-08-30 17:06:00,2522.62,2524.15,2519.25,2523.81,1195.3089
2026-08-30 17:09:00,2523.82,2524.0,2520.74,2523.34,891.6213
2026-08-30 17:12:00,2523.35,2524.16,2520.08,2521.09,709.4803
2026-08-30 17:15:00,2521.09,2521.1,2509.25,2509.48,2255.5608
2026-08-30 17:18:00,2509.49,2511.12,2504.52,2508.31,2469.542
2026-08-30 17:21:00,2508.31,2508.75,2505.39,2505.39,935.9325
2026-08-30 17:24:00,2505.39,2506.15,2494.71,2497.73,2703.1914
2026-08-30 17:27:00,2497.73,2500.69,2494.36,2498.07,727.0315
2026-08-30 17:30:00,2498.08,2501.92,2494.84,2500.17,653.4165
2026-08-30 17:33:00,2500.18,2505.17,2499.75,2504.83,695.6453
2026-08-30 17:36:00,2504.83,2506.63,2503.7,2505.2,357.4184
2026-08-30 17:39:00,2505.2,2506.36,2503.63,2505.27,560.6617
2026-08-30 17:42:00,2505.27,2508.26,2503.9,2506.91,586.864
2026-08-30 17:45:00,2506.91,2509.52,2505.16,2507.1,511.6759
2026-08-30 17:48:00,2507.11,2507.77,2505.24,2506.01,170.3531
2026-08-30 17:51:00,2506.0,2506.83,2501.45,2501.49,443.273
2026-08-30 17:54:00,2501.49,2505.08,2501.49,2503.66,317.8619
2026-08-30 17:57:00,2503.66,2506.09,2503.12,2505.73,326.7858
2026-08-30 18:00:00,2505.73,2508.34,2504.59,2504.65,559.685
2026-08-30 18:03:00,2504.64,2508.34,2502.91,2503.08,167.561
2026-08-30 18:06:00,2503.08,2503.08,2500.0,2500.44,300.7063
2026-08-30 18:09:00,2500.43,2500.44,2496.59,2499.25,864.6506
2026-08-30 18:12:00,2499.26,2500.0,2497.86,2499.69,211.9463
2026-08-30 18:15:00,2499.69,2501.22,2498.69,2501.22,279.5655
2026-08-30 18:18:00,2501.22,2503.43,2501.2,2502.54,274.858
2026-08-30 18:21:00,2502.53,2503.07,2501.76,2502.49,116.1182
2026-08-30 18:24:00,2502.5,2504.42,2502.49,2503.42,142.9634
2026-08-30 18:27:00,2503.42,2512.82,2503.42,2511.8,1073.4733
2026-08-30 18:30:00,2511.81,2514.64,2510.7,2513.88,1097.6383
2026-08-30 18:33:00,2513.88,2516.47,2512.38,2515.89,1004.3352
2026-08-30 18:36:00,2515.89,2517.54,2513.83,2515.81,551.142
2026-08-30 18:39:00,2515.8,2516.63,2513.41,2513.94,142.2048
2026-08-30 18:42:00,2513.93,2515.33,2512.27,2514.17,166.6716
2026-08-30 18:45:00,2514.17,2514.66,2511.7,2512.26,221.3928
2026-08-30 18:48:00,2512.27,2514.18,2512.21,2512.22,238.2299
2026-08-30 18:51:00,2512.22,2512.62,2509.86,2509.86,124.6103
2026-08-30 18:54:00,2509.87,2511.3,2509.21,2510.53,222.8022
2026-08-30 18:57:00,2510.53,2512.23,2509.67,2510.64,251.7665
2026-08-30 19:00:00,2510.64,2510.84,2508.97,2508.98,174.0552
2026-08-30 19:03:00,2508.99,2509.14,2506.46,2507.92,328.8556
2026-08-30 19:06:00,2507.92,2510.69,2506.11,2509.23,516.5109
2026-08-30 19:09:00,2509.22,2510.67,2507.83,2510.66,151.0916
2026-08-30 19:12:00,2510.67,2512.15,2510.66,2512.15,133.6088
2026-08-30 19:15:00,2512.15,2513.33,2508.97,2510.59,347.98
2026-08-30 19:18:00,2510.59,2510.83,2508.31,2508.31,79.8938
2026-08-30 19:21:00,2508.32,2508.84,2505.99,2507.03,184.828
2026-08-30 19:24:00,2507.03,2507.25,2505.68,2506.26,183.1745
2026-08-30 19:27:00,2506.25,2506.73,2506.15,2506.17,103.893
2026-08-30 19:30:00,2506.17,2507.38,2505.0,2505.22,467.6024
2026-08-30 19:33:00,2505.21,2506.54,2504.17,2504.55,230.5856
2026-08-30 19:36:00,2504.55,2504.64,2500.66,2501.59,376.5581
2026-08-30 19:39:00,2501.59,2502.75,2500.0,2502.05,371.6282
2026-08-30 19:42:00,2502.04,2502.04,2499.37,2499.37,189.9785
2026-08-30 19:45:00,2499.36,2501.57,2496.25,2501.08,458.1352
2026-08-30 19:48:00,2501.09,2501.47,2497.83,2499.74,207.074
2026-08-30 19:51:00,2499.74,2500.71,2498.6,2499.86,279.4916
2026-08-30 19:54:00,2499.86,2501.79,2499.86,2500.98,116.7241
2026-08-30 19:57:00,2500.98,2503.83,2500.97,2503.83,329.4957
2026-08-30 20:00:00,2503.82,2507.57,2503.52,2506.78,443.7051
2026-08-30 20:03:00,2506.78,2507.45,2504.58,2505.55,284.8177
2026-08-30 20:06:00,2505.55,2505.73,2504.45,2505.56,80.917
2026-08-30 20:09:00,2505.56,2506.63,2504.97,2505.15,73.736
2026-08-30 20:12:00,2505.15,2507.88,2504.49,2504.72,238.5456
2026-08-30 20:15:00,2504.72,2506.03,2504.42,2505.61,113.1579
2026-08-30 20:18:00,2505.61,2505.98,2503.13,2505.11,190.8838
2026-08-30 20:21:00,2505.11,2507.12,2504.99,2507.12,146.1136
2026-08-30 20:24:00,2507.13,2508.6,2505.46,2505.46,445.7024
2026-08-30 20:27:00,2505.47,2506.01,2503.58,2503.58,425.0138
2026-08-30 20:30:00,2503.58,2503.58,2496.64,2497.61,1037.6726
2026-08-30 20:33:00,2497.62,2502.0,2497.62,2502.0,110.3105
2026-08-30 20:36:00,2502.0,2504.46,2499.8,2499.8,405.6215
2026-08-30 20:39:00,2499.81,2500.55,2491.54,2495.33,570.0151
2026-08-30 20:42:00,2495.32,2495.32,2485.28,2488.46,2871.0999
2026-08-30 20:45:00,2488.46,2493.05,2487.37,2493.04,536.6799
2026-08-30 20:48:00,2493.04,2496.21,2493.03,2495.61,259.704
2026-08-30 20:51:00,2495.62,2499.9,2495.62,2497.55,841.3034
2026-08-30 20:54:00,2497.46,2497.46,2491.22,2492.98,477.7148
2026-08-30 20:57:00,2492.97,2493.4,2490.81,2490.81,194.4412
2026-08-30 21:00:00,2490.82,2490.82,2460.18,2468.98,8872.1613
2026-08-30 21:03:00,2468.98,2476.17,2468.98,2471.29,862.6686
2026-08-30 21:06:00,2471.3,2475.88,2470.87,2473.22,650.2818
2026-08-30 21:09:00,2473.22,2475.91,2466.57,2472.82,1296.9851
2026-08-30 21:12:00,2472.82,2475.61,2472.78,2474.23,436.4063
2026-08-30 21:15:00,2474.24,2479.06,2474.23,2478.5,440.6409
2026-08-30 21:18:00,2478.5,2478.5,2474.05,2478.18,408.5539
2026-08-30 21:21:00,2478.19,2478.19,2471.95,2472.38,390.2921
2026-08-30 21:24:00,2472.38,2477.87,2471.48,2477.72,408.9071
2026-08-30 21:27:00,2477.71,2479.02,2476.27,2477.7,363.4514
2026-08-30 21:30:00,2477.7,2481.02,2476.77,2478.96,490.6063
2026-08-30 21:33:00,2478.96,2483.72,2478.36,2480.32,557.9126
2026-08-30 21:36:00,2480.33,2480.76,2478.07,2478.23,261.0067
2026-08-30 21:39:00,2478.22,2479.67,2477.58,2478.97,367.4053
2026-08-30 21:42:00,2478.97,2480.0,2477.75,2480.0,257.7209
2026-08-30 21:45:00,2479.99,2480.0,2475.88,2475.89,243.0094
2026-08-30 21:48:00,2475.88,2476.87,2474.97,2475.68,248.5236
2026-08-30 21:51:00,2475.69,2478.76,2475.21,2478.28,228.1777
2026-08-30 21:54:00,2478.29,2483.02,2478.27,2480.36,550.1946
2026-08-30 21:57:00,2480.35,2482.62,2480.35,2481.56,245.5862
2026-08-30 22:00:00,2481.57,2488.77,2476.94,2487.92,846.3763
2026-08-30 22:03:00,2487.91,2487.91,2483.49,2483.57,473.3381
2026-08-30 22:06:00,2483.57,2483.57,2480.24,2480.88,383.6117
2026-08-30 22:09:00,2480.88,2480.88,2474.56,2474.57,842.5616
2026-08-30 22:12:00,2474.56,2477.03,2474.56,2474.57,588.2977
2026-08-30 22:15:00,2474.57,2474.57,2469.31,2470.17,549.0701
2026-08-30 22:18:00,2470.17,2476.13,2468.8,2474.63,328.6024
2026-08-30 22:21:00,2474.62,2475.23,2468.21,2470.8,404.9752
2026-08-30 22:24:00,2470.79,2470.81,2465.52,2467.29,747.5341
2026-08-30 22:27:00,2467.29,2467.43,2465.15,2467.41,322.261
2026-08-30 22:30:00,2467.4,2467.97,2460.4,2466.92,1453.0644
2026-08-30 22:33:00,2466.95,2467.2,2463.65,2465.64,371.8456
2026-08-30 22:36:00,2465.64,2469.54,2465.25,2469.54,729.747
2026-08-30 22:39:00,2469.53,2475.26,2469.53,2474.07,558.1009
2026-08-30 22:42:00,2474.06,2474.06,2470.48,2471.66,245.1456
2026-08-30 22:45:00,2471.65,2473.11,2469.28,2470.06,594.9686
2026-08-30 22:48:00,2470.06,2471.56,2466.72,2467.85,590.2389
2026-08-30 22:51:00,2467.85,2468.59,2465.96,2467.9,405.614
2026-08-30 22:54:00,2467.9,2470.29,2467.21,2470.28,734.8825
2026-08-30 22:57:00,2470.28,2472.71,2469.7,2470.63,714.3911
2026-08-30 23:00:00,2470.62,2470.62,2465.1,2467.82,677.4711
2026-08-30 23:03:00,2467.82,2467.82,2464.28,2466.12,384.6578
2026-08-30 23:06:00,2466.13,2467.55,2464.43,2466.77,455.7776
2026-08-30 23:09:00,2466.77,2468.13,2465.05,2468.06,571.7017
2026-08-30 23:12:00,2468.06,2468.67,2463.86,2464.73,372.5742
2026-08-30 23:15:00,2464.72,2465.88,2452.58,2457.99,2981.769
2026-08-30 23:18:00,2457.99,2463.66,2454.83,2461.84,1125.8388
2026-08-30 23:21:00,2461.84,2461.84,2435.53,2442.88,6907.5695
2026-08-30 23:24:00,2442.89,2443.45,2435.19,2441.8,4796.2233
2026-08-30 23:27:00,2441.8,2442.36,2422.75,2426.74,6096.3071
2026-08-30 23:30:00,2426.74,2435.72,2421.18,2427.86,6059.9946
2026-08-30 23:33:00,2427.86,2429.8,2416.83,2420.89,3958.3242
2026-08-30 23:36:00,2420.89,2423.58,2411.0,2413.98,5426.0154
2026-08-30 23:39:00,2413.98,2415.44,2403.43,2410.11,5050.3631
2026-08-30 23:42:00,2410.1,2414.8,2406.68,2412.07,2144.6133
2026-08-30 23:45:00,2412.08,2414.0,2387.28,2396.75,9115.2885
2026-08-30 23:48:00,2396.76,2407.43,2392.26,2406.81,3368.4633
2026-08-30 23:51:00,2406.81,2416.59,2403.01,2411.79,3109.2185
2026-08-30 23:54:00,2411.79,2419.45,2410.17,2417.55,1758.872
2026-08-30 23:57:00,2417.55,2420.01,2416.88,2416.88,1048.4791
2026-08-31 00:00:00,2416.89,2419.14,2410.62,2417.3,2017.0034
2026-08-31 00:03:00,2417.3,2421.71,2417.3,2419.44,1738.8826
2026-08-31 00:06:00,2419.45,2419.86,2410.26,2411.99,1610.34
2026-08-31 00:09:00,2411.99,2416.75,2406.53,2416.75,1307.628
2026-08-31 00:12:00,2416.76,2421.74,2414.19,2420.35,1276.3981
2026-08-31 00:15:00,2420.35,2430.53,2419.12,2427.41,2198.2061
2026-08-31 00:18:00,2427.42,2429.58,2425.99,2428.76,713.4392
2026-08-31 00:21:00,2428.76,2431.38,2427.84,2431.37,777.0434
2026-08-31 00:24:00,2431.37,2432.33,2428.12,2430.17,1456.9963
2026-08-31 00:27:00,2430.18,2431.63,2428.83,2430.48,269.8505
2026-08-31 00:30:00,2430.48,2431.42,2428.95,2430.89,408.0096
2026-08-31 00:33:00,2430.9,2436.52,2430.42,2435.41,845.4356
2026-08-31 00:36:00,2435.41,2441.9,2433.95,2434.1,3093.5638
2026-08-31 00:39:00,2434.1,2434.1,2431.8,2433.93,886.3025
2026-08-31 00:42:00,2433.93,2433.93,2432.23,2432.32,351.887
2026-08-31 00:45:00,2432.33,2432.33,2428.75,2428.9,702.4876
2026-08-31 00:48:00,2428.91,2432.14,2428.38,2432.09,383.7362
2026-08-31 00:51:00,2432.09,2433.14,2429.51,2433.03,225.2114
2026-08-31 00:54:00,2433.03,2433.59,2430.58,2430.58,234.7882
2026-08-31 00:57:00,2430.58,2430.63,2426.29,2428.25,1304.2498
2026-08-31 01:00:00,2428.24,2430.75,2425.73,2428.56,478.0744
2026-08-31 01:03:00,2428.56,2428.82,2419.81,2420.38,1856.184
2026-08-31 01:06:00,2420.38,2420.56,2415.96,2416.7,2872.9733
2026-08-31 01:09:00,2416.69,2419.67,2415.84,2417.56,1295.6631
2026-08-31 01:12:00,2417.55,2418.87,2413.59,2418.0,879.8981
2026-08-31 01:15:00,2418.0,2418.18,2415.0,2415.2,368.2106
2026-08-31 01:18:00,2415.19,2423.0,2415.19,2420.23,2424.6496
2026-08-31 01:21:00,2420.22,2422.58,2416.8,2419.89,459.9783
2026-08-31 01:24:00,2419.82,2423.0,2419.02,2421.52,553.3156
2026-08-31 01:27:00,2421.52,2423.15,2419.45,2420.08,782.0252
2026-08-31 01:30:00,2420.07,2420.97,2415.97,2419.62,585.1401
2026-08-31 01:33:00,2419.62,2420.45,2415.16,2416.85,470.1219
2026-08-31 01:36:00,2416.85,2421.08,2416.84,2417.28,528.7589
2026-08-31 01:39:00,2417.27,2426.66,2417.0,2421.01,839.2506
2026-08-31 01:42:00,2421.01,2421.18,2417.23,2418.44,535.3697
2026-08-31 01:45:00,2418.44,2421.81,2417.0,2417.24,306.1574
2026-08-31 01:48:00,2417.23,2419.9,2416.77,2419.0,455.1567
2026-08-31 01:51:00,2418.99,2420.09,2416.18,2416.97,522.781
2026-08-31 01:54:00,2416.97,2417.72,2414.21,2415.25,547.5645
2026-08-31 01:57:00,2415.24,2415.24,2409.49,2412.95,688.3741
2026-08-31 02:00:00,2412.95,2413.64,2410.53,2411.71,632.9603
2026-08-31 02:03:00,2411.71,2416.11,2408.18,2415.96,858.486
2026-08-31 02:06:00,2415.96,2418.0,2414.16,2416.01,487.2847
2026-08-31 02:09:00,2416.01,2420.49,2416.0,2420.07,329.0931
2026-08-31 02:12:00,2420.07,2425.31,2419.72,2422.73,634.1609
2026-08-31 02:15:00,2422.72,2423.47,2419.92,2420.73,580.2231
2026-08-31 02:18:00,2420.73,2421.8,2417.56,2418.63,564.5746
2026-08-31 02:21:00,2418.64,2418.64,2415.89,2417.1,468.104
2026-08-31 02:24:00,2417.09,2418.0,2415.0,2415.82,385.4101
2026-08-31 02:27:00,2415.83,2417.0,2415.83,2416.57,78.637
2026-08-31 02:30:00,2416.58,2418.95,2415.58,2417.5,324.7425
2026-08-31 02:33:00,2417.5,2418.08,2413.66,2413.8,378.7491
2026-08-31 02:36:00,2413.81,2416.29,2413.18,2415.43,187.4227
2026-08-31 02:39:00,2415.42,2415.42,2412.78,2413.19,161.8065
2026-08-31 02:42:00,2413.18,2414.34,2412.41,2413.3,222.6047
2026-08-31 02:45:00,2413.31,2414.24,2410.43,2410.5,389.9366
2026-08-31 02:48:00,2410.5,2410.5,2404.04,2405.3,1110.2047
2026-08-31 02:51:00,2405.31,2405.67,2403.21,2405.66,471.8583
2026-08-31 02:54:00,2405.66,2405.66,2401.35,2404.33,610.0424
2026-08-31 02:57:00,2404.33,2408.4,2404.33,2407.9,719.0553
2026-08-31 03:00:00,2407.91,2409.43,2405.03,2409.4,724.9559
2026-08-31 03:03:00,2409.41,2412.33,2409.41,2410.0,375.02
2026-08-31 03:06:00,2410.0,2412.56,2409.23,2412.26,480.5122
2026-08-31 03:09:00,2412.26,2416.33,2411.78,2415.61,506.63
2026-08-31 03:12:00,2415.61,2416.71,2414.85,2415.41,303.4958
2026-08-31 03:15:00,2415.4,2417.43,2413.75,2413.98,240.3551
2026-08-31 03:18:00,2413.99,2416.93,2413.82,2416.92,126.4432
2026-08-31 03:21:00,2416.91,2420.03,2416.91,2420.0,291.8694
2026-08-31 03:24:00,2420.0,2422.4,2419.08,2419.82,532.0962
2026-08-31 03:27:00,2419.82,2420.82,2419.36,2420.13,153.7351
2026-08-31 03:30:00,2420.12,2420.13,2418.45,2420.03,314.7018
2026-08-31 03:33:00,2420.04,2420.21,2418.65,2419.42,146.6156
2026-08-31 03:36:00,2419.42,2423.2,2419.41,2421.57,328.6231
2026-08-31 03:39:00,2421.57,2423.04,2420.51,2420.73,212.5783
2026-08-31 03:42:00,2420.73,2423.57,2420.51,2423.38,316.5199
2026-08-31 03:45:00,2423.39,2424.24,2423.29,2423.46,211.5891
2026-08-31 03:48:00,2423.46,2424.08,2422.31,2422.32,259.089
2026-08-31 03:51:00,2422.31,2422.82,2421.13,2422.2,243.4793
2026-08-31 03:54:00,2422.21,2422.21,2421.18,2421.81,172.3728
2026-08-31 03:57:00,2421.8,2421.81,2420.67,2420.94,192.8951
2026-08-31 04:00:00,2420.94,2421.29,2415.15,2415.38,571.6024
2026-08-31 04:03:00,2415.37,2416.2,2413.99,2414.8,540.966
2026-08-31 04:06:00,2414.8,2418.36,2414.04,2414.25,359.1704
2026-08-31 04:09:00,2414.25,2415.42,2414.14,2415.23,154.1691
2026-08-31 04:12:00,2415.24,2415.24,2413.44,2414.74,174.9322
2026-08-31 04:15:00,2414.75,2415.06,2413.0,2413.42,662.8462
2026-08-31 04:18:00,2413.42,2414.25,2412.19,2414.03,347.847
2026-08-31 04:21:00,2414.03,2414.08,2411.34,2411.35,381.529
2026-08-31 04:24:00,2411.35,2414.48,2411.34,2411.99,491.505
2026-08-31 04:27:00,2411.99,2414.32,2411.8,2412.62,345.976
2026-08-31 04:30:00,2412.62,2414.76,2412.62,2414.16,721.131
2026-08-31 04:33:00,2414.15,2414.34,2412.27,2413.33,893.9815
2026-08-31 04:36:00,2413.33,2415.72,2412.9,2412.92,294.1952
2026-08-31 04:39:00,2412.91,2415.45,2412.05,2414.2,335.683
2026-08-31 04:42:00,2414.21,2416.2,2412.88,2415.37,347.5108
2026-08-31 04:45:00,2415.37,2415.38,2413.48,2413.86,398.5151
2026-08-31 04:48:00,2413.86,2414.24,2411.43,2413.97,362.489
2026-08-31 04:51:00,2413.97,2416.79,2413.03,2416.34,361.4551
2026-08-31 04:54:00,2416.35,2418.43,2416.15,2416.52,360.1805
2026-08-31 04:57:00,2416.53,2418.46,2416.53,2417.68,213.2727
2026-08-31 05:00:00,2417.67,2417.67,2414.1,2416.09,404.5705
2026-08-31 05:03:00,2416.09,2422.0,2416.09,2419.8,495.2612
2026-08-31 05:06:00,2419.79,2420.8,2419.13,2420.79,250.9738
2026-08-31 05:09:00,2420.79,2421.63,2419.25,2420.83,333.915
2026-08-31 05:12:00,2420.84,2423.7,2420.83,2422.48,365.3067
2026-08-31 05:15:00,2422.48,2427.64,2422.37,2425.42,1036.3376
2026-08-31 05:18:00,2425.42,2432.74,2425.42,2432.17,1016.9315
2026-08-31 05:21:00,2432.17,2433.42,2428.46,2433.4,952.7721
2026-08-31 05:24:00,2433.4,2441.93,2433.4,2437.2,1815.9463
2026-08-31 05:27:00,2437.19,2437.2,2432.57,2434.99,1005.277
2026-08-31 05:30:00,2435.0,2437.73,2433.72,2434.44,676.3199
2026-08-31 05:33:00,2434.44,2436.84,2434.06,2435.0,222.2507
2026-08-31 05:36:00,2435.01,2436.82,2429.16,2430.15,1159.5579
2026-08-31 05:39:00,2430.15,2435.83,2429.87,2433.81,653.6695
2026-08-31 05:42:00,2433.81,2437.0,2433.81,2435.72,499.134
2026-08-31 05:45:00,2435.73,2437.82,2435.73,2437.12,342.365
2026-08-31 05:48:00,2437.12,2438.41,2435.62,2436.82,302.2692
2026-08-31 05:51:00,2436.82,2438.59,2436.31,2438.02,200.8428
2026-08-31 05:54:00,2438.02,2438.02,2433.63,2434.2,236.3682
2026-08-31 05:57:00,2434.21,2437.47,2433.73,2435.99,390.4424
2026-08-31 06:00:00,2436.0,2437.65,2434.58,2437.65,279.7109
2026-08-31 06:03:00,2437.66,2437.68,2435.0,2435.27,248.282
2026-08-31 06:06:00,2435.28,2435.49,2431.32,2433.45,592.8603
2026-08-31 06:09:00,2433.47,2435.86,2433.47,2435.86,188.6442
2026-08-31 06:12:00,2435.85,2437.37,2435.48,2436.2,317.9933
2026-08-31 06:15:00,2436.2,2441.51,2436.2,2439.45,477.4204
2026-08-31 06:18:00,2439.46,2444.39,2437.75,2437.75,1159.526
2026-08-31 06:21:00,2437.75,2439.94,2436.17,2436.73,466.2867
2026-08-31 06:24:00,2436.72,2443.1,2436.72,2442.8,1079.432
2026-08-31 06:27:00,2442.8,2444.83,2440.71,2441.59,543.1892
2026-08-31 06:30:00,2441.59,2441.59,2437.05,2439.94,693.8944
2026-08-31 06:33:00,2439.94,2440.87,2437.71,2438.06,380.8873
2026-08-31 06:36:00,2438.05,2444.28,2437.98,2441.46,954.3688
2026-08-31 06:39:00,2441.47,2444.38,2441.01,2444.37,404.0273
2026-08-31 06:42:00,2444.38,2444.38,2442.37,2442.37,162.9288
2026-08-31 06:45:00,2442.37,2443.37,2441.55,2443.01,124.6405
2026-08-31 06:48:00,2443.0,2443.6,2440.21,2440.54,227.1161
2026-08-31 06:51:00,2440.55,2441.48,2439.73,2440.7,153.3671
2026-08-31 06:54:00,2440.7,2441.15,2439.13,2439.2,260.9142
2026-08-31 06:57:00,2439.2,2440.09,2438.38,2438.66,364.786
2026-08-31 07:00:00,2438.66,2440.7,2437.48,2438.72,284.3132
2026-08-31 07:03:00,2438.73,2438.73,2436.43,2438.06,335.4515
2026-08-31 07:06:00,2438.07,2438.67,2436.17,2438.67,238.9548
2026-08-31 07:09:00,2438.67,2441.71,2438.66,2441.7,126.7954
2026-08-31 07:12:00,2441.69,2441.79,2438.51,2439.7,517.943
2026-08-31 07:15:00,2439.69,2444.19,2439.69,2443.33,272.3317
2026-08-31 07:18:00,2443.33,2444.43,2441.59,2442.36,945.7399
2026-08-31 07:21:00,2442.37,2444.48,2441.5,2442.39,301.4675
2026-08-31 07:24:00,2442.38,2446.6,2442.38,2443.3,715.6091
2026-08-31 07:27:00,2443.31,2444.87,2442.97,2442.97,273.7076
2026-08-31 07:30:00,2442.97,2443.0,2440.35,2440.44,425.569
2026-08-31 07:33:00,2440.45,2442.0,2438.83,2441.99,417.3999
2026-08-31 07:36:00,2442.0,2442.75,2440.27,2441.39,202.7398
2026-08-31 07:39:00,2441.39,2442.8,2438.99,2438.99,455.8402
2026-08-31 07:42:00,2439.0,2441.86,2438.83,2441.15,269.9108
2026-08-31 07:45:00,2441.15,2441.67,2439.32,2440.01,307.8582
2026-08-31 07:48:00,2440.01,2441.02,2438.83,2439.39,412.341
2026-08-31 07:51:00,2439.4,2440.49,2439.39,2439.41,459.9546
2026-08-31 07:54:00,2439.42,2440.19,2439.4,2439.52,409.2463
2026-08-31 07:57:00,2439.52,2440.9,2439.52,2440.38,225.2941
2026-08-31 08:00:00,2440.38,2442.22,2438.83,2438.83,409.4029
2026-08-31 08:03:00,2438.83,2438.83,2436.58,2436.66,612.2234
2026-08-31 08:06:00,2436.65,2437.85,2434.16,2437.85,808.5233
2026-08-31 08:09:00,2437.85,2444.6,2437.84,2443.55,654.691
2026-08-31 08:12:00,2443.56,2445.83,2440.34,2440.81,796.1962
2026-08-31 08:15:00,2440.81,2440.81,2437.12,2437.64,474.6282
2026-08-31 08:18:00,2437.65,2438.98,2433.63,2434.54,494.0396
2026-08-31 08:21:00,2434.54,2436.35,2433.73,2434.68,419.1276
2026-08-31 08:24:00,2434.68,2436.36,2434.05,2434.06,302.6311
2026-08-31 08:27:00,2434.07,2436.98,2433.56,2436.25,584.1914
2026-08-31 08:30:00,2436.24,2438.99,2435.54,2438.77,839.4319
2026-08-31 08:33:00,2438.76,2439.08,2437.0,2438.18,224.9826
2026-08-31 08:36:00,2438.18,2438.22,2436.77,2436.83,154.549
2026-08-31 08:39:00,2436.82,2442.06,2436.81,2441.41,385.3629
2026-08-31 08:42:00,2441.4,2449.69,2441.34,2443.21,1321.4498
2026-08-31 08:45:00,2443.21,2445.01,2442.63,2443.48,457.5223
2026-08-31 08:48:00,2443.49,2445.92,2443.32,2444.39,303.7422
2026-08-31 08:51:00,2444.36,2448.25,2443.96,2447.33,284.0335
2026-08-31 08:54:00,2447.33,2448.0,2445.8,2446.6,348.0802
2026-08-31 08:57:00,2446.6,2447.67,2446.0,2446.14,200.1854
2026-08-31 09:00:00,2446.15,2446.65,2444.77,2445.37,237.2838
2026-08-31 09:03:00,2445.36,2447.48,2443.03,2447.06,322.2601
2026-08-31 09:06:00,2447.06,2453.13,2444.18,2452.57,635.2366
2026-08-31 09:09:00,2452.57,2453.13,2446.41,2446.63,1151.8685
2026-08-31 09:12:00,2446.62,2446.82,2444.76,2445.7,335.2008
2026-08-31 09:15:00,2445.69,2448.33,2444.15,2448.32,429.8348
2026-08-31 09:18:00,2448.33,2448.86,2446.74,2447.81,384.5793
2026-08-31 09:21:00,2447.81,2451.28,2447.8,2450.17,672.2472
2026-08-31 09:24:00,2450.16,2452.32,2447.18,2448.29,621.8029
2026-08-31 09:27:00,2448.3,2449.67,2446.97,2446.97,229.2958
2026-08-31 09:30:00,2446.98,2448.44,2446.5,2447.34,302.8206
2026-08-31 09:33:00,2447.35,2449.0,2446.85,2447.68,285.7297
2026-08-31 09:36:00,2447.68,2448.14,2446.33,2447.01,432.1439
2026-08-31 09:39:00,2447.02,2447.76,2446.33,2446.72,199.9758
2026-08-31 09:42:00,2446.72,2449.64,2446.72,2449.27,331.0236
2026-08-31 09:45:00,2449.27,2456.7,2449.27,2452.67,1421.1244
2026-08-31 09:48:00,2452.66,2453.6,2449.08,2449.08,622.4932
2026-08-31 09:51:00,2449.08,2449.08,2446.98,2447.43,288.0617
2026-08-31 09:54:00,2447.43,2448.06,2446.32,2446.32,236.0773
2026-08-31 09:57:00,2446.32,2447.41,2446.32,2446.7,214.0535
2026-08-31 10:00:00,2446.71,2447.05,2443.0,2443.93,559.4718
2026-08-31 10:03:00,2443.92,2444.28,2442.33,2443.11,459.42
2026-08-31 10:06:00,2443.11,2443.68,2441.28,2441.66,509.6472
2026-08-31 10:09:00,2441.66,2446.76,2440.82,2446.29,664.7127
2026-08-31 10:12:00,2446.29,2449.49,2446.11,2449.48,477.9595
2026-08-31 10:15:00,2449.48,2449.48,2445.39,2446.91,429.7547
2026-08-31 10:18:00,2446.91,2449.29,2446.9,2448.46,549.2113
2026-08-31 10:21:00,2448.47,2448.47,2446.17,2447.36,252.0623
2026-08-31 10:24:00,2447.36,2449.13,2446.25,2449.01,409.5837
2026-08-31 10:27:00,2449.02,2449.49,2448.77,2449.19,309.7474
2026-08-31 10:30:00,2449.19,2449.2,2446.26,2446.58,574.114
2026-08-31 10:33:00,2446.58,2447.97,2446.08,2447.81,196.2613
2026-08-31 10:36:00,2447.8,2450.59,2447.8,2449.98,750.437
2026-08-31 10:39:00,2449.97,2451.02,2449.14,2449.59,506.9807
2026-08-31 10:42:00,2449.6,2451.79,2449.44,2450.91,442.2594
2026-08-31 10:45:00,2450.91,2451.37,2449.83,2451.15,346.4878
2026-08-31 10:48:00,2451.15,2452.06,2449.98,2449.98,1294.5522
2026-08-31 10:51:00,2449.98,2456.52,2449.98,2455.13,2082.0172
2026-08-31 10:54:00,2455.13,2456.9,2454.83,2454.85,1525.5753
2026-08-31 10:57:00,2454.84,2456.2,2454.84,2455.63,536.3262
2026-08-31 11:00:00,2455.64,2456.8,2452.67,2455.22,942.6098
2026-08-31 11:03:00,2455.21,2455.56,2453.31,2453.61,644.8392
2026-08-31 11:06:00,2453.62,2458.02,2452.93,2452.93,660.5634
2026-08-31 11:09:00,2452.93,2455.45,2452.31,2454.66,178.9786
2026-08-31 11:12:00,2454.67,2456.4,2453.8,2454.64,212.8618
2026-08-31 11:15:00,2454.65,2456.55,2452.66,2454.45,450.6987
2026-08-31 11:18:00,2454.44,2457.0,2454.44,2455.71,656.1425
2026-08-31 11:21:00,2455.71,2455.72,2454.16,2454.81,388.5896
2026-08-31 11:24:00,2454.82,2455.16,2452.75,2453.13,250.7744
2026-08-31 11:27:00,2453.13,2453.13,2450.96,2452.19,283.5663
2026-08-31 11:30:00,2452.19,2452.31,2450.0,2450.0,525.1254
2026-08-31 11:33:00,2450.0,2450.43,2447.8,2448.56,422.1094
2026-08-31 11:36:00,2448.56,2449.62,2447.62,2448.8,264.8297
2026-08-31 11:39:00,2448.81,2449.78,2447.84,2448.23,212.5637
2026-08-31 11:42:00,2448.23,2448.24,2446.64,2447.33,240.7255
2026-08-31 11:45:00,2447.33,2448.38,2446.37,2446.8,275.6094
2026-08-31 11:48:00,2446.79,2447.22,2445.78,2447.08,266.1416
2026-08-31 11:51:00,2447.08,2447.09,2444.48,2444.49,196.4299
2026-08-31 11:54:00,2444.48,2446.48,2444.02,2445.44,172.9863
2026-08-31 11:57:00,2445.45,2446.62,2444.8,2446.35,149.3479
2026-08-31 12:00:00,2446.36,2450.87,2444.8,2450.87,351.7281
2026-08-31 12:03:00,2450.87,2457.25,2450.87,2454.38,1027.6915
2026-08-31 12:06:00,2454.39,2457.25,2452.1,2456.59,577.1676
2026-08-31 12:09:00,2456.59,2456.59,2451.45,2455.12,1240.308
2026-08-31 12:12:00,2455.11,2455.11,2452.58,2453.21,346.6526
2026-08-31 12:15:00,2453.21,2454.18,2452.05,2452.8,351.6078
2026-08-31 12:18:00,2452.84,2464.27,2452.84,2459.72,1324.6658
2026-08-31 12:21:00,2459.71,2462.23,2455.88,2457.96,586.2675
2026-08-31 12:24:00,2457.97,2459.59,2447.36,2451.64,1402.5267
2026-08-31 12:27:00,2451.67,2457.33,2451.5,2454.62,757.8889
2026-08-31 12:30:00,2454.61,2456.76,2449.85,2456.19,1333.6899
2026-08-31 12:33:00,2456.18,2458.21,2454.55,2458.21,471.5402
2026-08-31 12:36:00,2458.21,2458.92,2453.0,2453.01,810.9736
2026-08-31 12:39:00,2453.01,2453.01,2444.59,2448.42,1279.2138
2026-08-31 12:42:00,2448.42,2451.47,2448.0,2450.94,422.2701
2026-08-31 12:45:00,2450.95,2451.48,2448.17,2451.36,321.0303
2026-08-31 12:48:00,2451.35,2451.36,2446.84,2449.58,567.4606
2026-08-31 12:51:00,2449.58,2452.21,2448.83,2449.17,275.9552
2026-08-31 12:54:00,2449.17,2449.98,2446.47,2449.63,224.722
2026-08-31 12:57:00,2449.64,2451.79,2449.63,2451.55,233.6892
2026-08-31 13:00:00,2451.55,2459.03,2451.43,2457.6,1233.7674
2026-08-31 13:03:00,2457.59,2457.59,2453.12,2454.17,210.2978
2026-08-31 13:06:00,2454.17,2455.39,2453.19,2453.41,156.3006
2026-08-31 13:09:00,2453.44,2453.75,2452.36,2452.87,348.1256
2026-08-31 13:12:00,2452.88,2454.72,2452.87,2453.71,133.6395
2026-08-31 13:15:00,2453.71,2454.79,2452.08,2452.48,291.4522
2026-08-31 13:18:00,2452.46,2452.47,2448.91,2451.24,314.8508
2026-08-31 13:21:00,2451.25,2453.77,2450.2,2452.13,333.0573
2026-08-31 13:24:00,2452.13,2452.69,2446.8,2447.34,389.2762
2026-08-31 13:27:00,2447.34,2451.15,2445.37,2450.46,929.6952
2026-08-31 13:30:00,2450.46,2458.56,2448.91,2449.13,1219.472
2026-08-31 13:33:00,2449.13,2451.74,2445.48,2445.76,768.1765
2026-08-31 13:36:00,2445.77,2450.58,2445.12,2448.61,841.8877
2026-08-31 13:39:00,2448.62,2454.95,2448.62,2452.97,623.5874
2026-08-31 13:42:00,2452.97,2456.06,2447.85,2447.96,595.1942
2026-08-31 13:45:00,2447.96,2448.72,2441.66,2445.96,1310.6277
2026-08-31 13:48:00,2445.96,2449.38,2440.22,2441.86,919.11
2026-08-31 13:51:00,2441.87,2442.66,2437.05,2439.93,1353.4738
2026-08-31 13:54:00,2439.94,2446.07,2439.15,2444.9,787.002
2026-08-31 13:57:00,2444.9,2445.19,2438.86,2440.28,413.5676
2026-08-31 14:00:00,2440.29,2443.44,2438.52,2443.07,739.2045
2026-08-31 14:03:00,2443.07,2447.0,2442.4,2445.61,517.2407
2026-08-31 14:06:00,2445.61,2447.9,2438.28,2447.25,790.2379
2026-08-31 14:09:00,2447.25,2447.85,2441.22,2441.22,411.7236
2026-08-31 14:12:00,2441.21,2442.88,2439.19,2440.54,772.3706
2026-08-31 14:15:00,2440.55,2443.0,2437.75,2442.99,753.1334
2026-08-31 14:18:00,2442.99,2446.65,2442.69,2444.09,773.8199
2026-08-31 14:21:00,2444.08,2448.93,2440.75,2442.46,848.8843
2026-08-31 14:24:00,2442.46,2442.46,2437.76,2439.53,703.5186
2026-08-31 14:27:00,2439.52,2445.87,2439.44,2445.48,837.1495
2026-08-31 14:30:00,2445.48,2450.65,2444.0,2446.86,820.6407
2026-08-31 14:33:00,2446.85,2450.47,2444.47,2450.4,1061.9789
2026-08-31 14:36:00,2450.41,2456.32,2449.54,2454.56,1368.3585
2026-08-31 14:39:00,2454.57,2472.3,2453.87,2468.23,4312.1425
2026-08-31 14:42:00,2468.23,2475.0,2465.07,2465.32,3362.8535
2026-08-31 14:45:00,2465.32,2468.75,2461.44,2467.95,1574.9411
2026-08-31 14:48:00,2467.95,2470.56,2461.91,2462.4,1443.9397
2026-08-31 14:51:00,2462.4,2466.24,2462.39,2463.28,813.5876
2026-08-31 14:54:00,2463.28,2469.85,2460.75,2469.76,1057.7607
2026-08-31 14:57:00,2469.77,2471.32,2466.45,2467.56,1126.8594
2026-08-31 15:00:00,2467.57,2470.96,2466.01,2466.85,910.6447
2026-08-31 15:03:00,2466.85,2468.95,2462.64,2462.64,1135.0292
2026-08-31 15:06:00,2462.65,2468.6,2462.64,2466.59,740.8791
2026-08-31 15:09:00,2466.6,2468.0,2462.27,2463.06,697.3337
2026-08-31 15:12:00,2463.05,2463.33,2458.89,2459.49,913.9804
2026-08-31 15:15:00,2459.49,2463.69,2458.28,2461.48,949.2893
2026-08-31 15:18:00,2461.47,2462.97,2458.76,2462.96,409.0269
2026-08-31 15:21:00,2462.96,2467.61,2462.37,2465.69,847.8327
2026-08-31 15:24:00,2465.68,2466.9,2464.0,2465.1,521.0785
2026-08-31 15:27:00,2465.1,2470.5,2465.09,2468.54,927.9372
2026-08-31 15:30:00,2468.54,2474.48,2465.96,2471.98,933.6223
2026-08-31 15:33:00,2471.93,2473.44,2469.66,2470.72,797.4374
2026-08-31 15:36:00,2470.71,2471.56,2468.35,2468.75,405.4198
2026-08-31 15:39:00,2468.76,2469.99,2466.45,2469.48,583.1587
2026-08-31 15:42:00,2469.48,2478.09,2469.47,2476.61,1969.4531
2026-08-31 15:45:00,2476.62,2477.64,2471.73,2472.48,764.8121
2026-08-31 15:48:00,2472.47,2473.5,2470.91,2472.97,577.1012
2026-08-31 15:51:00,2472.97,2474.24,2471.0,2471.0,322.4729
2026-08-31 15:54:00,2471.0,2472.11,2469.4,2470.05,569.1292
2026-08-31 15:57:00,2470.04,2470.31,2467.14,2467.68,498.0117
2026-08-31 16:00:00,2467.68,2472.6,2464.82,2471.45,837.9703
2026-08-31 16:03:00,2471.45,2471.85,2468.14,2469.55,398.6192
2026-08-31 16:06:00,2469.56,2471.71,2465.06,2465.73,427.4647
2026-08-31 16:09:00,2465.73,2471.31,2465.68,2469.47,641.4561
2026-08-31 16:12:00,2469.48,2470.28,2464.59,2465.55,781.0237
2026-08-31 16:15:00,2465.55,2465.67,2462.27,2462.29,551.4042
2026-08-31 16:18:00,2462.28,2471.0,2462.05,2466.73,939.1004
2026-08-31 16:21:00,2466.72,2467.36,2464.05,2465.94,435.1035
2026-08-31 16:24:00,2465.94,2466.97,2462.3,2463.7,715.198
2026-08-31 16:27:00,2463.69,2465.88,2463.43,2464.77,513.6909
2026-08-31 16:30:00,2464.78,2467.34,2464.0,2466.78,757.8097
2026-08-31 16:33:00,2466.78,2467.07,2464.79,2466.17,507.2028
2026-08-31 16:36:00,2466.16,2468.38,2465.74,2466.07,486.7762
2026-08-31 16:39:00,2466.06,2468.13,2464.93,2468.04,373.3381
2026-08-31 16:42:00,2468.03,2472.33,2467.79,2471.52,679.3447
2026-08-31 16:45:00,2471.52,2472.7,2468.5,2471.78,343.775
2026-08-31 16:48:00,2471.78,2472.1,2470.16,2470.29,469.5025
2026-08-31 16:51:00,2470.29,2472.0,2469.24,2472.0,494.4078
2026-08-31 16:54:00,2471.99,2477.24,2471.06,2471.52,843.1406
2026-08-31 16:57:00,2471.52,2472.23,2469.05,2469.2,554.6036
2026-08-31 17:00:00,2469.19,2470.78,2468.18,2470.49,285.3511
2026-08-31 17:03:00,2470.5,2471.7,2468.36,2470.31,195.621
2026-08-31 17:06:00,2470.3,2471.32,2469.22,2470.62,315.031
2026-08-31 17:09:00,2470.62,2472.22,2469.54,2471.16,380.1878
2026-08-31 17:12:00,2471.16,2473.85,2471.13,2471.69,403.1756
2026-08-31 17:15:00,2471.7,2472.05,2466.62,2466.62,514.927
2026-08-31 17:18:00,2466.62,2469.14,2464.24,2468.03,561.2431
2026-08-31 17:21:00,2468.04,2470.55,2467.88,2468.87,541.0423
2026-08-31 17:24:00,2468.88,2469.31,2463.75,2463.76,421.5734
2026-08-31 17:27:00,2463.76,2464.77,2461.26,2463.73,702.1777
2026-08-31 17:30:00,2463.74,2465.4,2462.38,2463.68,276.4644
2026-08-31 17:33:00,2463.68,2465.11,2462.44,2463.56,462.7025
2026-08-31 17:36:00,2463.56,2468.0,2462.7,2468.0,226.7551
2026-08-31 17:39:00,2468.0,2474.63,2466.92,2470.19,839.3141
2026-08-31 17:42:00,2470.18,2472.78,2469.93,2471.28,493.6289
2026-08-31 17:45:00,2471.28,2471.95,2469.61,2471.94,619.1963
2026-08-31 17:48:00,2471.94,2474.83,2471.54,2473.17,693.3346
2026-08-31 17:51:00,2473.16,2477.37,2473.16,2474.81,614.9564
2026-08-31 17:54:00,2474.82,2476.16,2474.82,2476.15,333.357
2026-08-31 17:57:00,2476.16,2476.36,2474.5,2475.42,720.1042
2026-08-31 18:00:00,2475.41,2475.41,2472.36,2472.61,494.0367
2026-08-31 18:03:00,2472.62,2473.07,2469.82,2469.82,416.3459
2026-08-31 18:06:00,2469.82,2472.47,2469.81,2471.19,239.3416
2026-08-31 18:09:00,2471.19,2472.0,2470.68,2472.0,191.4741
2026-08-31 18:12:00,2471.99,2473.77,2470.2,2473.47,307.2137
2026-08-31 18:15:00,2473.47,2479.91,2473.12,2477.86,1144.3586
2026-08-31 18:18:00,2477.86,2480.75,2476.99,2477.59,1997.7786
2026-08-31 18:21:00,2477.59,2478.6,2470.98,2471.79,479.3927
2026-08-31 18:24:00,2471.79,2472.4,2468.98,2470.25,340.6299
2026-08-31 18:27:00,2470.26,2472.41,2469.92,2471.09,490.3578
2026-08-31 18:30:00,2471.09,2472.65,2470.24,2472.65,134.1381
2026-08-31 18:33:00,2472.65,2472.65,2470.95,2472.4,207.064
2026-08-31 18:36:00,2472.41,2476.52,2472.4,2474.16,492.4413
2026-08-31 18:39:00,2474.16,2478.99,2473.88,2478.26,620.6373
2026-08-31 18:42:00,2478.27,2489.89,2478.26,2487.89,2709.0976
2026-08-31 18:45:00,2487.89,2487.9,2478.78,2480.41,1339.8723
2026-08-31 18:48:00,2480.41,2481.46,2479.04,2479.51,354.0846
2026-08-31 18:51:00,2479.52,2480.1,2476.73,2477.27,310.7682
2026-08-31 18:54:00,2477.26,2479.06,2476.26,2479.05,305.5402
2026-08-31 18:57:00,2479.06,2479.37,2477.47,2477.8,266.158
2026-08-31 19:00:00,2477.81,2480.76,2477.8,2480.76,387.6016
2026-08-31 19:03:00,2480.76,2481.85,2478.83,2481.73,442.2397
2026-08-31 19:06:00,2481.73,2486.56,2480.77,2485.75,1310.6451
2026-08-31 19:09:00,2485.75,2489.95,2485.67,2485.91,1088.3617
2026-08-31 19:12:00,2485.92,2489.67,2485.92,2486.44,570.9695
2026-08-31 19:15:00,2486.43,2486.44,2483.62,2484.07,579.4887
2026-08-31 19:18:00,2484.08,2484.1,2481.77,2483.07,845.2034
2026-08-31 19:21:00,2483.06,2485.34,2482.2,2484.87,385.9139
2026-08-31 19:24:00,2484.88,2485.78,2482.9,2483.29,524.2918
2026-08-31 19:27:00,2483.29,2486.01,2482.63,2485.53,408.448
2026-08-31 19:30:00,2485.53,2486.05,2482.01,2483.86,1099.1124
2026-08-31 19:33:00,2483.86,2485.49,2482.68,2483.33,420.161
2026-08-31 19:36:00,2483.32,2485.27,2483.16,2484.17,527.5855
2026-08-31 19:39:00,2484.18,2484.18,2478.79,2479.03,512.354
2026-08-31 19:42:00,2479.03,2480.57,2478.4,2480.37,627.0631
2026-08-31 19:45:00,2480.37,2482.34,2479.65,2481.19,337.9208
2026-08-31 19:48:00,2481.19,2485.4,2480.82,2481.76,658.6268
2026-08-31 19:51:00,2481.75,2483.0,2480.96,2481.05,519.9806
2026-08-31 19:54:00,2481.05,2481.05,2477.4,2479.73,731.8581
2026-08-31 19:57:00,2479.79,2483.97,2479.79,2481.84,522.4031
2026-08-31 20:00:00,2481.84,2483.35,2480.12,2482.33,277.6354
2026-08-31 20:03:00,2482.34,2482.34,2478.71,2479.09,317.3698
2026-08-31 20:06:00,2479.09,2480.96,2479.05,2480.74,146.8677
2026-08-31 20:09:00,2480.73,2480.73,2478.33,2478.33,117.1506
2026-08-31 20:12:00,2478.33,2480.0,2478.1,2480.0,95.2377
2026-08-31 20:15:00,2479.99,2481.81,2479.54,2481.8,219.0563
2026-08-31 20:18:00,2481.81,2487.0,2481.81,2486.02,528.7329
2026-08-31 20:21:00,2486.01,2486.01,2480.96,2481.35,220.5836
2026-08-31 20:24:00,2481.35,2481.55,2477.8,2478.7,311.6132
2026-08-31 20:27:00,2478.7,2478.98,2475.26,2476.12,402.7876
2026-08-31 20:30:00,2476.11,2477.76,2474.97,2474.97,326.9094
2026-08-31 20:33:00,2474.98,2475.45,2472.64,2472.64,475.6415
2026-08-31 20:36:00,2472.65,2472.65,2470.06,2471.5,536.1064
2026-08-31 20:39:00,2471.5,2472.19,2470.65,2472.18,139.4099
2026-08-31 20:42:00,2472.18,2475.47,2472.17,2473.87,366.3118
2026-08-31 20:45:00,2473.87,2474.67,2472.37,2472.48,139.386
2026-08-31 20:48:00,2472.48,2473.4,2470.94,2472.43,519.6486
2026-08-31 20:51:00,2472.42,2473.76,2471.85,2473.76,136.8279
2026-08-31 20:54:00,2473.75,2475.06,2471.71,2471.72,362.7368
2026-08-31 20:57:00,2471.72,2473.31,2471.57,2472.62,140.9532
2026-08-31 21:00:00,2472.63,2473.25,2470.5,2470.5,203.6057
2026-08-31 21:03:00,2470.5,2472.45,2467.64,2469.69,624.2064
2026-08-31 21:06:00,2469.69,2475.78,2468.8,2475.78,565.5384
2026-08-31 21:09:00,2475.77,2476.23,2472.16,2473.18,515.7215
2026-08-31 21:12:00,2473.17,2473.74,2472.5,2472.65,79.8025
2026-08-31 21:15:00,2472.64,2473.39,2471.19,2471.26,119.1747
2026-08-31 21:18:00,2471.26,2473.74,2470.58,2473.51,495.6316
2026-08-31 21:21:00,2473.51,2473.74,2472.62,2473.32,105.5826
2026-08-31 21:24:00,2473.32,2476.56,2472.72,2476.56,192.3186
2026-08-31 21:27:00,2476.55,2478.52,2476.52,2478.51,259.9033
2026-08-31 21:30:00,2478.52,2482.21,2477.89,2479.01,950.3853
2026-08-31 21:33:00,2479.02,2481.97,2479.01,2481.58,143.6141
2026-08-31 21:36:00,2481.58,2483.51,2480.94,2481.31,234.5075
2026-08-31 21:39:00,2481.32,2481.32,2479.55,2480.91,223.8221
2026-08-31 21:42:00,2480.9,2481.51,2480.1,2481.48,230.1574
2026-08-31 21:45:00,2481.48,2483.19,2480.3,2480.3,244.9826
2026-08-31 21:48:00,2480.29,2481.46,2479.5,2480.09,288.0365
2026-08-31 21:51:00,2480.09,2481.45,2479.38,2479.76,324.943
2026-08-31 21:54:00,2479.75,2479.84,2478.81,2478.96,199.322
2026-08-31 21:57:00,2478.95,2479.54,2478.26,2478.27,284.2862
2026-08-31 22:00:00,2478.27,2480.91,2475.17,2477.63,379.4003
2026-08-31 22:03:00,2477.63,2477.92,2475.17,2477.37,181.6159
2026-08-31 22:06:00,2477.38,2477.86,2475.76,2476.89,132.35
2026-08-31 22:09:00,2476.89,2477.76,2476.01,2477.52,110.7635
2026-08-31 22:12:00,2477.52,2477.52,2474.38,2474.7,152.3499
2026-08-31 22:15:00,2474.7,2474.96,2473.0,2473.0,210.6362
2026-08-31 22:18:00,2473.01,2473.09,2471.2,2471.45,208.799
2026-08-31 22:21:00,2471.45,2472.09,2471.2,2471.42,459.4884
2026-08-31 22:24:00,2471.43,2471.74,2470.91,2470.99,114.266
2026-08-31 22:27:00,2471.0,2471.13,2470.73,2471.12,80.2794
2026-08-31 22:30:00,2471.13,2471.86,2470.13,2470.34,126.8633
2026-08-31 22:33:00,2470.34,2471.37,2469.75,2469.85,136.0519
2026-08-31 22:36:00,2469.85,2470.84,2468.97,2470.12,140.4976
2026-08-31 22:39:00,2470.13,2470.13,2468.16,2468.69,458.8135
2026-08-31 22:42:00,2468.7,2469.57,2468.0,2468.86,162.5827
2026-08-31 22:45:00,2468.86,2468.86,2467.72,2468.73,197.5538
2026-08-31 22:48:00,2468.72,2469.36,2468.15,2469.36,91.484
2026-08-31 22:51:00,2469.36,2470.68,2468.65,2469.93,263.7735
2026-08-31 22:54:00,2469.92,2470.59,2469.23,2469.8,173.7787
2026-08-31 22:57:00,2469.81,2470.32,2469.39,2469.45,84.1776
2026-08-31 23:00:00,2469.45,2469.45,2462.5,2462.67,754.7915
2026-08-31 23:03:00,2462.68,2465.24,2462.0,2464.49,416.428
2026-08-31 23:06:00,2464.48,2466.49,2464.08,2466.37,230.0448
2026-08-31 23:09:00,2466.37,2467.05,2464.99,2465.31,132.7924
2026-08-31 23:12:00,2465.31,2465.6,2464.4,2464.4,264.1588
2026-08-31 23:15:00,2464.41,2465.49,2463.43,2464.1,212.7357
2026-08-31 23:18:00,2464.17,2465.97,2464.17,2465.56,185.2658
2026-08-31 23:21:00,2465.56,2465.99,2465.11,2465.5,78.9116
2026-08-31 23:24:00,2465.51,2466.8,2465.5,2466.79,64.2046
2026-08-31 23:27:00,2466.8,2466.8,2466.49,2466.49,60.5494
2026-08-31 23:30:00,2466.49,2467.02,2466.49,2467.01,132.1185
2026-08-31 23:33:00,2467.01,2467.02,2465.62,2466.59,136.3938
2026-08-31 23:36:00,2466.6,2466.6,2464.52,2464.8,170.9194
2026-08-31 23:39:00,2464.81,2467.02,2464.81,2467.01,104.1549
2026-08-31 23:42:00,2467.02,2468.05,2467.01,2467.41,187.8961
2026-08-31 23:45:00,2467.41,2467.42,2466.61,2466.61,98.7688
2026-08-31 23:48:00,2466.61,2467.73,2466.6,2467.72,153.3704
2026-08-31 23:51:00,2467.72,2467.73,2467.61,2467.61,132.166
2026-08-31 23:54:00,2467.61,2467.61,2465.99,2466.24,233.6601
2026-08-31 23:57:00,2466.24,2468.05,2466.23,2467.65,166.414
2026-09-01 00:00:00,2467.64,2467.65,2465.42,2465.92,341.7862
2026-09-01 00:03:00,2465.92,2469.69,2465.91,2469.37,280.5589
2026-09-01 00:06:00,2469.36,2470.0,2467.55,2470.0,116.0998
2026-09-01 00:09:00,2470.0,2473.8,2469.99,2473.11,792.6596
2026-09-01 00:12:00,2473.11,2473.11,2471.62,2472.47,203.5855
2026-09-01 00:15:00,2472.47,2473.8,2471.58,2473.35,194.8466
2026-09-01 00:18:00,2473.34,2475.28,2473.0,2474.86,331.8028
2026-09-01 00:21:00,2474.87,2477.55,2474.86,2476.65,411.2351
2026-09-01 00:24:00,2476.65,2476.65,2475.31,2475.32,555.6348
2026-09-01 00:27:00,2475.31,2477.0,2475.0,2475.49,209.9755
2026-09-01 00:30:00,2475.49,2476.8,2470.92,2471.8,597.5164
2026-09-01 00:33:00,2471.8,2474.33,2471.15,2473.6,284.4668
2026-09-01 00:36:00,2473.6,2475.96,2473.52,2473.58,402.8028
2026-09-01 00:39:00,2473.58,2473.59,2471.45,2473.19,188.7605
2026-09-01 00:42:00,2473.19,2473.2,2471.07,2472.04,359.1935
2026-09-01 00:45:00,2472.04,2474.21,2472.04,2472.47,140.2794
2026-09-01 00:48:00,2472.46,2475.9,2472.46,2474.27,337.7422
2026-09-01 00:51:00,2474.28,2474.28,2471.46,2471.47,148.6651
2026-09-01 00:54:00,2471.47,2471.79,2470.81,2470.94,134.2476
2026-09-01 00:57:00,2470.94,2471.84,2468.75,2471.61,523.8987
2026-09-01 01:00:00,2471.62,2474.18,2469.93,2470.81,200.8033
2026-09-01 01:03:00,2470.81,2475.5,2470.45,2474.6,508.7893
2026-09-01 01:06:00,2474.6,2476.22,2471.31,2472.93,555.1512
2026-09-01 01:09:00,2472.93,2472.93,2470.59,2470.6,101.5505
2026-09-01 01:12:00,2470.59,2471.01,2467.01,2467.84,337.2848
2026-09-01 01:15:00,2467.84,2468.48,2465.33,2466.89,422.0871
2026-09-01 01:18:00,2466.88,2470.14,2466.88,2469.0,354.678
2026-09-01 01:21:00,2468.99,2469.67,2467.83,2468.71,231.2384
2026-09-01 01:24:00,2468.71,2468.71,2458.18,2460.81,1023.4812
2026-09-01 01:27:00,2460.82,2463.73,2460.76,2461.13,382.0017
2026-09-01 01:30:00,2461.13,2461.48,2458.27,2461.13,716.4758
2026-09-01 01:33:00,2461.14,2464.67,2458.92,2464.25,381.7745
2026-09-01 01:36:00,2464.26,2466.07,2463.74,2464.61,270.9214
2026-09-01 01:39:00,2464.61,2467.52,2464.61,2466.45,304.3204
2026-09-01 01:42:00,2466.45,2468.0,2466.21,2467.4,196.2036
2026-09-01 01:45:00,2467.4,2467.8,2464.63,2467.05,265.6407
2026-09-01 01:48:00,2467.05,2467.05,2464.86,2464.87,198.4551
2026-09-01 01:51:00,2464.86,2464.87,2462.67,2462.73,186.2224
2026-09-01 01:54:00,2462.72,2463.49,2461.92,2462.5,279.7681
2026-09-01 01:57:00,2462.49,2463.0,2461.45,2462.86,265.424
2026-09-01 02:00:00,2462.85,2462.85,2459.1,2460.35,370.169
2026-09-01 02:03:00,2460.35,2461.99,2457.05,2460.66,629.6507
2026-09-01 02:06:00,2460.66,2460.71,2458.43,2458.82,311.4931
2026-09-01 02:09:00,2458.81,2459.63,2457.51,2458.93,208.0255
2026-09-01 02:12:00,2458.94,2458.94,2454.66,2457.94,783.8467
2026-09-01 02:15:00,2457.94,2458.19,2455.92,2456.04,321.2071
2026-09-01 02:18:00,2456.04,2458.23,2455.0,2458.13,379.5729
2026-09-01 02:21:00,2458.14,2459.97,2457.65,2459.97,445.8334
2026-09-01 02:24:00,2459.96,2460.97,2459.04,2460.32,454.5614
2026-09-01 02:27:00,2460.32,2462.76,2458.46,2458.5,791.9263
2026-09-01 02:30:00,2458.5,2463.3,2458.5,2462.14,362.4696
2026-09-01 02:33:00,2462.14,2463.29,2460.65,2460.66,394.4695
2026-09-01 02:36:00,2460.66,2461.18,2459.69,2460.13,105.1598
2026-09-01 02:39:00,2460.12,2461.08,2459.96,2460.53,73.5576
2026-09-01 02:42:00,2460.54,2461.86,2459.98,2460.38,194.0827
2026-09-01 02:45:00,2460.37,2461.36,2459.27,2459.98,465.8331
2026-09-01 02:48:00,2459.98,2463.3,2459.98,2462.7,316.4442
2026-09-01 02:51:00,2462.7,2463.29,2462.0,2462.6,191.0388
2026-09-01 02:54:00,2462.6,2464.51,2462.34,2463.84,252.3409
2026-09-01 02:57:00,2463.84,2465.34,2463.77,2465.08,163.8774
2026-09-01 03:00:00,2465.09,2465.53,2464.88,2465.2,211.4392
2026-09-01 03:03:00,2465.19,2466.36,2464.83,2466.35,172.9221
2026-09-01 03:06:00,2466.35,2466.88,2464.15,2464.34,197.2765
2026-09-01 03:09:00,2464.33,2466.43,2464.33,2466.22,155.2023
2026-09-01 03:12:00,2466.21,2467.31,2464.7,2466.12,188.3471
2026-09-01 03:15:00,2466.11,2466.96,2464.5,2464.56,108.8543
2026-09-01 03:18:00,2464.57,2467.31,2464.56,2465.67,226.1026
2026-09-01 03:21:00,2465.67,2465.67,2464.05,2464.12,84.2942
2026-09-01 03:24:00,2464.11,2464.54,2463.3,2464.54,233.8104
2026-09-01 03:27:00,2464.53,2466.91,2464.53,2466.8,135.1454
2026-09-01 03:30:00,2466.79,2473.45,2466.39,2471.51,799.6144
2026-09-01 03:33:00,2471.52,2480.67,2471.52,2478.26,1564.6642
2026-09-01 03:36:00,2478.26,2482.8,2477.9,2479.13,1437.3611
2026-09-01 03:39:00,2479.14,2480.85,2478.16,2478.48,354.2816
2026-09-01 03:42:00,2478.49,2479.52,2475.92,2476.56,1036.6374
2026-09-01 03:45:00,2476.55,2476.55,2473.27,2474.21,497.3518
2026-09-01 03:48:00,2474.21,2474.89,2473.11,2473.98,468.1331
2026-09-01 03:51:00,2474.02,2474.61,2473.2,2473.2,201.8633
2026-09-01 03:54:00,2473.2,2473.32,2472.46,2472.46,122.9496
2026-09-01 03:57:00,2472.46,2472.47,2471.03,2472.21,347.2107
2026-09-01 04:00:00,2472.21,2474.07,2472.21,2474.06,225.8207
2026-09-01 04:03:00,2474.06,2474.07,2471.36,2471.5,498.3203
2026-09-01 04:06:00,2471.51,2473.4,2470.39,2473.38,413.6474
2026-09-01 04:09:00,2473.38,2475.18,2472.6,2472.6,230.2003
2026-09-01 04:12:00,2472.6,2473.15,2471.69,2473.03,164.4602
2026-09-01 04:15:00,2473.04,2476.63,2473.03,2476.01,428.7117
2026-09-01 04:18:00,2476.0,2476.01,2474.54,2474.89,129.7586
2026-09-01 04:21:00,2474.9,2476.05,2474.73,2475.38,240.3444
2026-09-01 04:24:00,2475.38,2478.2,2475.12,2477.57,235.4989
2026-09-01 04:27:00,2477.57,2477.58,2475.68,2476.13,196.6611
2026-09-01 04:30:00,2476.13,2477.0,2474.82,2474.82,411.5192
2026-09-01 04:33:00,2474.8,2474.8,2472.52,2473.47,168.4241
2026-09-01 04:36:00,2473.47,2474.34,2473.46,2473.92,201.9384
2026-09-01 04:39:00,2473.91,2474.03,2471.87,2471.93,117.4756
2026-09-01 04:42:00,2471.95,2472.28,2470.77,2471.21,283.689
2026-09-01 04:45:00,2471.21,2472.0,2470.61,2471.92,247.7339
2026-09-01 04:48:00,2471.92,2472.3,2470.38,2470.38,162.4496
2026-09-01 04:51:00,2470.38,2472.49,2469.38,2471.09,504.402
2026-09-01 04:54:00,2471.08,2471.43,2469.75,2470.13,131.8507
2026-09-01 04:57:00,2470.13,2470.2,2468.72,2470.02,929.8841
2026-09-01 05:00:00,2470.02,2472.17,2468.73,2472.16,177.3625
2026-09-01 05:03:00,2472.16,2476.55,2472.16,2476.55,476.8353
2026-09-01 05:06:00,2476.55,2477.01,2474.3,2475.12,405.9344
2026-09-01 05:09:00,2475.13,2476.26,2473.66,2473.67,400.7352
2026-09-01 05:12:00,2473.66,2473.66,2472.81,2472.82,107.4653
2026-09-01 05:15:00,2472.82,2474.66,2472.45,2472.89,328.1478
2026-09-01 05:18:00,2472.89,2473.92,2471.67,2471.68,214.5968
2026-09-01 05:21:00,2471.68,2472.18,2471.32,2471.33,250.0935
2026-09-01 05:24:00,2471.32,2472.9,2470.56,2472.9,227.8622
2026-09-01 05:27:00,2472.9,2475.79,2472.89,2475.53,261.7341
2026-09-01 05:30:00,2475.53,2478.04,2475.28,2478.04,607.9131
2026-09-01 05:33:00,2478.04,2478.73,2477.17,2478.69,310.1443
2026-09-01 05:36:00,2478.68,2480.46,2478.68,2480.34,481.9891
2026-09-01 05:39:00,2480.34,2481.04,2477.95,2480.83,277.875
2026-09-01 05:42:00,2480.83,2482.0,2480.7,2481.99,366.6206
2026-09-01 05:45:00,2481.99,2482.0,2479.55,2479.97,162.5585
2026-09-01 05:48:00,2479.98,2485.01,2479.98,2482.95,1833.9424
2026-09-01 05:51:00,2482.96,2485.5,2482.18,2482.64,686.4365
2026-09-01 05:54:00,2482.63,2485.41,2482.63,2484.07,305.734
2026-09-01 05:57:00,2484.07,2484.73,2483.32,2484.54,889.263
2026-09-01 06:00:00,2484.54,2484.55,2482.44,2482.44,214.5664
2026-09-01 06:03:00,2482.44,2483.74,2482.0,2482.78,431.077
2026-09-01 06:06:00,2482.78,2482.88,2480.85,2481.17,525.2509
2026-09-01 06:09:00,2481.16,2481.17,2478.39,2479.85,410.1865
2026-09-01 06:12:00,2479.85,2480.32,2478.93,2479.76,155.5578
2026-09-01 06:15:00,2479.76,2479.77,2477.0,2477.65,252.0227
2026-09-01 06:18:00,2477.65,2477.66,2475.38,2475.99,296.0908
2026-09-01 06:21:00,2475.99,2476.29,2473.38,2474.0,411.0186
2026-09-01 06:24:00,2473.99,2475.85,2473.77,2475.44,353.2413
2026-09-01 06:27:00,2475.43,2477.07,2475.0,2475.69,395.1337
2026-09-01 06:30:00,2475.68,2477.7,2475.68,2477.13,295.453
2026-09-01 06:33:00,2477.13,2477.77,2475.99,2476.0,383.0541
2026-09-01 06:36:00,2476.0,2476.79,2475.35,2476.58,238.618
2026-09-01 06:39:00,2476.58,2477.8,2476.29,2476.87,325.0917
2026-09-01 06:42:00,2476.87,2476.89,2476.23,2476.71,169.6386
2026-09-01 06:45:00,2476.7,2476.71,2474.25,2474.26,226.7971
2026-09-01 06:48:00,2474.25,2476.0,2474.25,2476.0,189.2439
2026-09-01 06:51:00,2476.0,2476.0,2474.0,2474.63,186.5978
2026-09-01 06:54:00,2474.63,2474.64,2472.25,2472.26,288.5375
2026-09-01 06:57:00,2472.26,2472.75,2471.61,2471.61,367.9578
2026-09-01 07:00:00,2471.61,2474.66,2471.29,2473.74,388.3812
2026-09-01 07:03:00,2473.73,2474.21,2472.09,2473.28,168.4796
2026-09-01 07:06:00,2473.28,2475.27,2472.0,2474.46,443.4466
2026-09-01 07:09:00,2474.43,2474.44,2472.79,2472.98,218.278
2026-09-01 07:12:00,2472.99,2473.97,2472.79,2473.97,195.8039
2026-09-01 07:15:00,2473.97,2476.19,2473.97,2475.15,204.3637
2026-09-01 07:18:00,2475.15,2475.27,2473.73,2474.8,423.3389
2026-09-01 07:21:00,2474.8,2476.26,2473.96,2476.26,200.7061
2026-09-01 07:24:00,2476.26,2477.22,2474.92,2477.22,227.4889
2026-09-01 07:27:00,2477.22,2477.22,2473.14,2475.13,329.0988
2026-09-01 07:30:00,2475.13,2475.42,2474.3,2474.77,172.1062
2026-09-01 07:33:00,2474.76,2476.02,2474.64,2475.31,285.602
2026-09-01 07:36:00,2475.31,2475.37,2468.79,2469.56,636.7678
2026-09-01 07:39:00,2469.55,2469.56,2466.57,2467.28,730.4311
2026-09-01 07:42:00,2467.27,2470.78,2467.27,2470.6,404.9562
2026-09-01 07:45:00,2470.59,2470.6,2468.74,2469.98,237.231
2026-09-01 07:48:00,2469.98,2473.93,2469.76,2472.87,227.2204
2026-09-01 07:51:00,2472.87,2473.22,2471.26,2472.17,169.5329
2026-09-01 07:54:00,2472.17,2473.44,2471.88,2472.84,555.4125
2026-09-01 07:57:00,2472.84,2472.85,2471.28,2472.72,215.423
2026-09-01 08:00:00,2472.72,2473.42,2471.72,2472.83,454.557
2026-09-01 08:03:00,2472.84,2473.62,2469.5,2469.51,314.3278
2026-09-01 08:06:00,2469.5,2469.5,2461.43,2463.16,1160.1215
2026-09-01 08:09:00,2463.16,2465.28,2461.43,2464.31,1046.512
2026-09-01 08:12:00,2464.3,2466.03,2463.12,2464.15,387.4396
2026-09-01 08:15:00,2464.15,2464.99,2461.43,2461.44,293.135
2026-09-01 08:18:00,2461.43,2464.16,2456.96,2463.98,1189.1246
2026-09-01 08:21:00,2463.97,2463.97,2460.0,2460.0,533.3097
2026-09-01 08:24:00,2460.0,2460.5,2452.79,2454.02,2061.7612
2026-09-01 08:27:00,2454.02,2455.68,2447.83,2448.11,2030.0626
2026-09-01 08:30:00,2448.1,2450.89,2444.92,2445.75,2056.9561
2026-09-01 08:33:00,2445.74,2453.04,2445.18,2452.5,814.5678
2026-09-01 08:36:00,2452.49,2455.67,2451.48,2452.74,867.9438
2026-09-01 08:39:00,2452.73,2453.14,2447.0,2448.0,1033.3322
2026-09-01 08:42:00,2448.0,2451.84,2446.9,2451.65,1475.1983
2026-09-01 08:45:00,2451.65,2454.36,2450.9,2454.36,1199.5398
2026-09-01 08:48:00,2454.36,2454.36,2448.23,2448.79,1100.7574
2026-09-01 08:51:00,2448.8,2451.43,2446.2,2449.7,1542.2959
2026-09-01 08:54:00,2449.7,2451.59,2449.69,2450.17,558.2439
2026-09-01 08:57:00,2450.17,2450.18,2447.81,2448.17,958.8392
2026-09-01 09:00:00,2448.18,2450.09,2444.61,2447.22,563.1032
2026-09-01 09:03:00,2447.21,2448.82,2443.46,2445.28,449.0025
2026-09-01 09:06:00,2445.27,2447.49,2443.44,2446.69,330.0951
2026-09-01 09:09:00,2446.68,2447.58,2444.53,2445.78,242.4097
2026-09-01 09:12:00,2445.77,2446.59,2444.7,2444.73,395.6479
2026-09-01 09:15:00,2444.72,2446.82,2444.25,2445.54,915.6882
2026-09-01 09:18:00,2445.53,2445.53,2444.4,2445.12,384.6313
2026-09-01 09:21:00,2445.12,2450.28,2445.11,2450.23,363.057
2026-09-01 09:24:00,2450.23,2453.1,2449.27,2453.09,747.92
2026-09-01 09:27:00,2453.09,2453.3,2451.24,2451.34,500.0458
2026-09-01 09:30:00,2451.34,2452.56,2450.22,2451.87,531.0659
2026-09-01 09:33:00,2451.87,2452.56,2450.16,2450.16,232.6383
2026-09-01 09:36:00,2450.16,2452.1,2449.15,2451.88,336.9619
2026-09-01 09:39:00,2451.89,2453.13,2450.36,2452.81,262.4157
2026-09-01 09:42:00,2452.81,2455.0,2452.66,2454.65,509.4761
2026-09-01 09:45:00,2454.7,2454.92,2452.07,2452.67,409.2888
2026-09-01 09:48:00,2452.68,2453.36,2452.0,2452.98,168.0812
2026-09-01 09:51:00,2452.93,2454.17,2451.83,2452.31,224.2307
2026-09-01 09:54:00,2452.32,2453.4,2451.74,2452.38,219.8674
2026-09-01 09:57:00,2452.38,2453.8,2452.21,2452.44,496.1789
2026-09-01 10:00:00,2452.44,2454.75,2452.06,2454.47,345.3323
2026-09-01 10:03:00,2454.48,2454.48,2451.35,2452.98,435.1528
2026-09-01 10:06:00,2452.98,2453.28,2451.51,2451.85,417.6654
2026-09-01 10:09:00,2451.85,2452.31,2449.3,2451.66,298.8501
2026-09-01 10:12:00,2451.65,2455.11,2451.43,2452.32,755.1913
2026-09-01 10:15:00,2452.33,2453.44,2450.22,2450.23,1233.8004
2026-09-01 10:18:00,2450.24,2454.02,2448.35,2454.02,1376.9306
2026-09-01 10:21:00,2454.02,2457.56,2454.01,2456.37,714.4707
2026-09-01 10:24:00,2456.38,2459.48,2456.38,2457.36,614.829
2026-09-01 10:27:00,2457.36,2458.02,2455.9,2458.02,192.6849
2026-09-01 10:30:00,2458.01,2463.35,2458.01,2461.26,505.4445
2026-09-01 10:33:00,2461.27,2461.55,2459.6,2460.04,280.511
2026-09-01 10:36:00,2460.05,2462.63,2459.73,2462.43,337.5896
2026-09-01 10:39:00,2462.43,2463.55,2462.08,2463.26,277.1396
2026-09-01 10:42:00,2463.26,2463.26,2460.49,2460.49,247.6875
2026-09-01 10:45:00,2460.5,2462.61,2460.49,2461.91,313.5613
2026-09-01 10:48:00,2461.91,2461.91,2458.59,2459.38,345.0221
2026-09-01 10:51:00,2459.39,2459.84,2456.37,2456.47,692.4753
2026-09-01 10:54:00,2456.47,2457.2,2456.02,2456.51,200.2206
2026-09-01 10:57:00,2456.51,2457.52,2456.51,2456.97,130.4927
2026-09-01 11:00:00,2456.97,2456.97,2453.16,2455.75,824.0392
2026-09-01 11:03:00,2455.75,2457.05,2454.3,2454.81,308.8784
2026-09-01 11:06:00,2454.82,2456.84,2453.67,2454.13,359.1287
2026-09-01 11:09:00,2454.14,2455.07,2453.97,2454.23,242.6086
2026-09-01 11:12:00,2454.22,2455.42,2454.22,2454.73,171.5717
2026-09-01 11:15:00,2454.74,2456.21,2454.74,2455.34,220.4591
2026-09-01 11:18:00,2455.35,2456.19,2455.34,2455.41,111.3668
2026-09-01 11:21:00,2455.4,2456.13,2452.77,2456.09,348.4008
2026-09-01 11:24:00,2456.09,2456.55,2454.99,2455.58,170.783
2026-09-01 11:27:00,2455.57,2457.02,2454.66,2456.43,117.5077
2026-09-01 11:30:00,2456.44,2458.55,2454.61,2458.18,292.038
2026-09-01 11:33:00,2458.18,2460.75,2458.18,2460.38,217.9478
2026-09-01 11:36:00,2460.38,2462.32,2460.37,2460.58,264.2563
2026-09-01 11:39:00,2460.58,2463.56,2460.58,2462.52,309.4039
2026-09-01 11:42:00,2462.52,2463.0,2459.96,2460.23,390.5962
2026-09-01 11:45:00,2460.23,2462.16,2459.96,2460.41,324.8492
2026-09-01 11:48:00,2460.4,2462.4,2459.57,2462.29,407.4386
2026-09-01 11:51:00,2462.29,2463.7,2462.29,2463.41,295.9919
2026-09-01 11:54:00,2463.41,2464.73,2458.14,2458.68,765.6474
2026-09-01 11:57:00,2458.68,2459.31,2458.4,2459.18,241.4376
2026-09-01 12:00:00,2459.18,2459.32,2453.39,2456.78,764.7053
2026-09-01 12:03:00,2456.78,2457.04,2455.68,2456.03,188.2342
2026-09-01 12:06:00,2456.03,2458.29,2455.16,2457.91,354.4875
2026-09-01 12:09:00,2457.93,2459.09,2456.18,2457.08,387.6204
2026-09-01 12:12:00,2457.08,2457.08,2454.33,2455.61,381.3007
2026-09-01 12:15:00,2455.62,2458.58,2455.62,2457.55,381.3685
2026-09-01 12:18:00,2457.56,2457.56,2452.2,2454.44,589.2242
2026-09-01 12:21:00,2454.44,2456.21,2453.52,2455.24,288.5793
2026-09-01 12:24:00,2455.24,2456.72,2454.02,2456.55,145.0958
2026-09-01 12:27:00,2456.56,2457.04,2455.29,2455.3,194.1849
2026-09-01 12:30:00,2455.29,2455.3,2448.96,2451.61,723.2896
2026-09-01 12:33:00,2451.61,2452.03,2446.71,2448.19,573.8915
2026-09-01 12:36:00,2448.19,2448.37,2441.5,2445.05,2149.9313
2026-09-01 12:39:00,2445.04,2447.18,2438.43,2444.18,2238.2038
2026-09-01 12:42:00,2444.18,2447.14,2443.87,2446.22,536.1462
2026-09-01 12:45:00,2446.22,2448.5,2444.42,2448.18,397.2481
2026-09-01 12:48:00,2448.18,2449.48,2445.4,2446.6,544.2309
2026-09-01 12:51:00,2446.6,2448.0,2445.51,2446.56,411.965
2026-09-01 12:54:00,2446.56,2448.01,2446.06,2447.7,614.361
2026-09-01 12:57:00,2447.7,2447.7,2446.0,2446.61,241.917
2026-09-01 13:00:00,2446.62,2447.3,2441.23,2441.32,652.8304
2026-09-01 13:03:00,2441.31,2443.15,2439.05,2442.68,1548.5554
2026-09-01 13:06:00,2442.68,2442.8,2426.58,2440.79,4742.3829
2026-09-01 13:09:00,2440.79,2443.49,2437.04,2442.14,995.5474
2026-09-01 13:12:00,2442.14,2443.43,2440.0,2441.51,456.4438
2026-09-01 13:15:00,2441.51,2444.51,2440.31,2443.33,761.0155
2026-09-01 13:18:00,2443.33,2443.33,2438.78,2440.86,789.6354
2026-09-01 13:21:00,2440.85,2441.29,2439.32,2441.0,448.5322
2026-09-01 13:24:00,2440.99,2443.64,2439.36,2443.64,567.9693
2026-09-01 13:27:00,2443.64,2445.0,2440.47,2444.31,445.3336
2026-09-01 13:30:00,2444.31,2450.0,2443.8,2445.88,1134.7091
2026-09-01 13:33:00,2445.88,2446.09,2442.08,2442.87,638.8982
2026-09-01 13:36:00,2442.87,2442.87,2434.08,2435.37,1119.481
2026-09-01 13:39:00,2435.37,2437.56,2431.5,2433.71,1221.2461
2026-09-01 13:42:00,2433.72,2443.97,2432.52,2442.63,1515.5811
2026-09-01 13:45:00,2442.63,2446.95,2440.47,2445.96,813.8791
2026-09-01 13:48:00,2445.97,2449.5,2442.5,2447.95,943.3049
2026-09-01 13:51:00,2447.94,2448.16,2441.56,2442.29,1276.77
2026-09-01 13:54:00,2442.3,2443.37,2441.14,2443.09,338.85
2026-09-01 13:57:00,2443.09,2444.42,2440.19,2444.41,558.3069
2026-09-01 14:00:00,2444.42,2452.23,2442.05,2446.93,1901.7855
2026-09-01 14:03:00,2446.93,2450.18,2445.56,2448.91,1106.2482
2026-09-01 14:06:00,2448.92,2453.68,2448.8,2451.78,1257.6965
2026-09-01 14:09:00,2451.79,2456.65,2451.79,2452.25,2192.6963
2026-09-01 14:12:00,2452.25,2452.59,2450.42,2451.36,844.6353
2026-09-01 14:15:00,2451.35,2454.79,2450.95,2450.95,681.4254
2026-09-01 14:18:00,2450.95,2450.96,2446.72,2448.73,806.9673
2026-09-01 14:21:00,2448.73,2450.53,2446.68,2448.36,492.3752
2026-09-01 14:24:00,2448.35,2455.0,2448.35,2454.0,883.8922
2026-09-01 14:27:00,2453.99,2454.09,2450.95,2451.37,571.044
2026-09-01 14:30:00,2451.36,2454.35,2451.04,2453.3,389.536
2026-09-01 14:33:00,2453.32,2455.83,2450.19,2453.83,731.3269
2026-09-01 14:36:00,2453.83,2455.66,2453.01,2453.33,437.439
2026-09-01 14:39:00,2453.34,2454.61,2451.87,2451.87,745.604
2026-09-01 14:42:00,2451.87,2455.0,2451.5,2455.0,257.6055
2026-09-01 14:45:00,2455.0,2457.64,2454.03,2456.41,496.4589
2026-09-01 14:48:00,2456.41,2457.64,2453.32,2453.86,598.5899
2026-09-01 14:51:00,2453.85,2454.66,2450.73,2453.44,511.8641
2026-09-01 14:54:00,2453.44,2453.45,2447.44,2449.46,888.883
2026-09-01 14:57:00,2449.46,2450.16,2447.55,2449.29,314.3141
2026-09-01 15:00:00,2449.3,2449.58,2439.19,2440.89,1529.3147
2026-09-01 15:03:00,2440.88,2441.53,2438.09,2439.32,948.9665
2026-09-01 15:06:00,2439.32,2440.63,2435.0,2436.57,1135.0527
2026-09-01 15:09:00,2436.57,2439.4,2435.64,2436.63,919.6722
2026-09-01 15:12:00,2436.64,2438.8,2435.5,2438.01,471.467
2026-09-01 15:15:00,2438.01,2439.68,2435.5,2435.92,479.1184
2026-09-01 15:18:00,2435.91,2440.03,2435.91,2439.09,461.5976
2026-09-01 15:21:00,2439.1,2440.74,2438.38,2439.01,471.7109
2026-09-01 15:24:00,2439.01,2441.24,2439.01,2439.61,381.3539
2026-09-01 15:27:00,2439.6,2443.43,2439.6,2443.43,487.7984
2026-09-01 15:30:00,2443.43,2444.0,2441.44,2443.54,443.101
2026-09-01 15:33:00,2443.54,2446.52,2443.54,2446.52,516.2558
2026-09-01 15:36:00,2446.52,2447.25,2444.83,2445.82,367.8413
2026-09-01 15:39:00,2445.82,2446.81,2444.78,2445.91,260.855
2026-09-01 15:42:00,2445.91,2449.23,2445.22,2449.22,395.0031
2026-09-01 15:45:00,2449.22,2449.23,2448.22,2449.15,336.485
2026-09-01 15:48:00,2449.16,2452.0,2449.15,2451.99,452.0432
2026-09-01 15:51:00,2452.0,2454.68,2451.42,2452.0,807.3532
2026-09-01 15:54:00,2451.99,2452.44,2450.77,2451.5,315.3368
2026-09-01 15:57:00,2451.5,2451.5,2448.95,2448.97,196.4678
2026-09-01 16:00:00,2448.97,2449.6,2444.0,2444.01,890.5654
2026-09-01 16:03:00,2444.02,2448.1,2443.57,2446.79,468.5126
2026-09-01 16:06:00,2446.79,2446.8,2441.68,2443.38,487.0695
2026-09-01 16:09:00,2443.38,2443.62,2439.0,2439.64,627.4135
2026-09-01 16:12:00,2439.64,2439.64,2434.4,2434.69,1043.1909
2026-09-01 16:15:00,2434.69,2438.68,2434.4,2435.0,782.3841
2026-09-01 16:18:00,2434.99,2435.77,2430.43,2430.44,1048.316
2026-09-01 16:21:00,2430.44,2432.18,2426.0,2432.17,1672.9821
2026-09-01 16:24:00,2432.17,2434.57,2428.76,2432.83,1168.8974
2026-09-01 16:27:00,2432.82,2435.13,2432.17,2433.59,462.9192
2026-09-01 16:30:00,2433.58,2433.85,2428.35,2432.19,610.5321
2026-09-01 16:33:00,2432.19,2433.47,2429.58,2430.14,502.0255
2026-09-01 16:36:00,2430.14,2430.14,2420.01,2429.42,2519.6436
2026-09-01 16:39:00,2429.42,2434.99,2429.42,2434.44,899.5462
2026-09-01 16:42:00,2434.43,2435.57,2427.79,2429.2,676.2999
2026-09-01 16:45:00,2429.2,2432.95,2428.2,2431.8,439.7999
2026-09-01 16:48:00,2431.8,2433.41,2430.44,2433.4,347.0136
2026-09-01 16:51:00,2433.41,2433.75,2431.42,2433.14,299.9544
2026-09-01 16:54:00,2433.14,2435.0,2432.73,2433.24,514.7296
2026-09-01 16:57:00,2433.25,2434.25,2432.82,2432.83,201.0044
2026-09-01 17:00:00,2432.83,2434.25,2431.72,2433.5,321.363
2026-09-01 17:03:00,2433.5,2434.7,2431.93,2432.75,152.3238
2026-09-01 17:06:00,2432.75,2433.77,2431.01,2433.27,316.0137
2026-09-01 17:09:00,2433.27,2434.3,2432.2,2433.63,365.5751
2026-09-01 17:12:00,2433.62,2434.05,2432.91,2432.94,166.049
2026-09-01 17:15:00,2432.93,2434.04,2428.46,2432.0,695.8479
2026-09-01 17:18:00,2432.01,2436.91,2432.0,2436.69,338.1533
2026-09-01 17:21:00,2436.69,2436.69,2433.3,2435.17,406.0168
2026-09-01 17:24:00,2435.17,2435.91,2431.75,2431.76,442.2188
2026-09-01 17:27:00,2431.76,2434.48,2431.76,2432.99,170.5322
2026-09-01 17:30:00,2432.99,2437.1,2432.65,2435.53,234.5569
2026-09-01 17:33:00,2435.52,2439.53,2435.52,2436.81,302.0231
2026-09-01 17:36:00,2436.81,2437.5,2434.7,2434.8,174.9623
2026-09-01 17:39:00,2434.8,2436.57,2434.49,2435.68,211.8971
2026-09-01 17:42:00,2435.68,2436.99,2433.37,2433.37,288.0649
2026-09-01 17:45:00,2433.37,2433.37,2425.01,2428.49,1504.2712
2026-09-01 17:48:00,2428.49,2431.0,2427.49,2428.99,348.5665
2026-09-01 17:51:00,2428.99,2429.37,2421.6,2423.23,986.7923
2026-09-01 17:54:00,2423.23,2424.5,2422.41,2422.5,502.5239
2026-09-01 17:57:00,2422.5,2423.4,2416.85,2418.18,4158.4498
2026-09-01 18:00:00,2418.18,2421.98,2415.6,2421.09,2336.6801
2026-09-01 18:03:00,2421.08,2421.09,2415.03,2415.53,1155.3614
2026-09-01 18:06:00,2415.52,2417.14,2410.21,2411.09,1912.0124
2026-09-01 18:09:00,2411.09,2414.97,2408.56,2412.71,1334.4606
2026-09-01 18:12:00,2412.7,2417.33,2412.67,2416.93,534.1294
2026-09-01 18:15:00,2416.92,2418.4,2413.28,2414.85,635.2914
2026-09-01 18:18:00,2414.84,2415.22,2412.23,2414.45,459.8641
2026-09-01 18:21:00,2414.45,2416.58,2413.02,2416.52,258.2639
2026-09-01 18:24:00,2416.52,2416.98,2414.5,2415.03,335.7244
2026-09-01 18:27:00,2415.02,2416.13,2401.76,2414.8,3863.2151
2026-09-01 18:30:00,2414.8,2417.13,2410.59,2412.14,1279.4183
2026-09-01 18:33:00,2412.13,2412.43,2408.52,2408.52,1115.4682
2026-09-01 18:36:00,2408.52,2408.53,2394.75,2395.63,5494.4057
2026-09-01 18:39:00,2395.62,2397.15,2390.0,2395.48,2695.2783
2026-09-01 18:42:00,2395.48,2396.06,2389.33,2389.76,2238.2594
2026-09-01 18:45:00,2389.75,2390.8,2383.34,2389.54,3719.8475
2026-09-01 18:48:00,2389.55,2404.32,2387.64,2404.0,1499.1846
2026-09-01 18:51:00,2404.0,2409.28,2403.0,2409.27,1949.2868
2026-09-01 18:54:00,2409.28,2412.24,2405.1,2411.8,1934.1056
2026-09-01 18:57:00,2411.8,2413.25,2410.06,2412.83,1255.2929
2026-09-01 19:00:00,2412.83,2418.56,2412.24,2414.02,1309.1444
2026-09-01 19:03:00,2414.02,2420.24,2412.64,2416.31,1301.9384
2026-09-01 19:06:00,2416.31,2416.81,2413.33,2414.26,507.2905
2026-09-01 19:09:00,2414.26,2417.25,2413.86,2415.15,431.6633
2026-09-01 19:12:00,2415.15,2416.34,2414.95,2415.62,302.1896
2026-09-01 19:15:00,2415.62,2422.09,2412.67,2417.47,1255.0626
2026-09-01 19:18:00,2417.47,2418.6,2415.87,2418.43,802.6699
2026-09-01 19:21:00,2418.43,2424.89,2417.16,2420.94,1299.8886
2026-09-01 19:24:00,2420.94,2422.69,2418.7,2422.68,657.9654
2026-09-01 19:27:00,2422.69,2424.7,2420.51,2420.68,602.7173
2026-09-01 19:30:00,2420.67,2422.13,2419.38,2419.38,396.9839
2026-09-01 19:33:00,2419.38,2420.6,2419.0,2420.6,172.3631
2026-09-01 19:36:00,2420.6,2420.6,2417.33,2418.31,357.3006
2026-09-01 19:39:00,2418.3,2419.0,2416.99,2418.54,164.4669
2026-09-01 19:42:00,2418.54,2418.55,2416.86,2417.42,165.4348
2026-09-01 19:45:00,2417.42,2418.71,2415.62,2415.72,307.9967
2026-09-01 19:48:00,2415.71,2417.51,2415.62,2415.63,237.0678
2026-09-01 19:51:00,2415.63,2416.14,2413.0,2413.01,383.2802
2026-09-01 19:54:00,2413.01,2417.26,2413.01,2415.55,381.4024
2026-09-01 19:57:00,2415.56,2419.27,2415.43,2419.18,546.4466
2026-09-01 20:00:00,2419.19,2419.77,2415.06,2415.06,825.0195
2026-09-01 20:03:00,2415.07,2419.43,2414.19,2416.54,364.3488
2026-09-01 20:06:00,2416.54,2416.64,2413.08,2413.19,482.8356
2026-09-01 20:09:00,2413.18,2415.1,2413.07,2414.7,168.3044
2026-09-01 20:12:00,2414.7,2420.4,2414.7,2420.4,588.3176
2026-09-01 20:15:00,2420.4,2421.28,2416.56,2417.69,482.7138
2026-09-01 20:18:00,2417.69,2422.43,2417.69,2420.82,462.2957
2026-09-01 20:21:00,2420.81,2420.81,2419.08,2419.09,142.139
2026-09-01 20:24:00,2419.08,2420.0,2418.25,2418.42,151.9688
2026-09-01 20:27:00,2418.41,2420.16,2416.88,2420.16,454.6035
2026-09-01 20:30:00,2420.16,2421.34,2419.44,2420.21,176.8225
2026-09-01 20:33:00,2420.2,2422.22,2419.89,2422.22,147.1263
2026-09-01 20:36:00,2422.21,2423.12,2419.32,2420.79,820.458
2026-09-01 20:39:00,2420.79,2422.15,2418.58,2418.58,241.6336
2026-09-01 20:42:00,2418.59,2420.39,2418.5,2419.36,203.8489
2026-09-01 20:45:00,2419.36,2419.48,2417.06,2417.07,224.6211
2026-09-01 20:48:00,2417.08,2418.77,2417.07,2417.61,398.2188
2026-09-01 20:51:00,2417.6,2419.35,2416.88,2419.34,142.693
2026-09-01 20:54:00,2419.35,2421.17,2419.35,2420.79,215.7249
2026-09-01 20:57:00,2420.79,2421.56,2420.65,2421.32,300.5266
2026-09-01 21:00:00,2421.33,2423.39,2417.97,2421.12,689.8161
2026-09-01 21:03:00,2421.12,2421.25,2415.62,2416.32,449.4991
2026-09-01 21:06:00,2416.33,2416.6,2414.93,2416.51,444.8743
2026-09-01 21:09:00,2416.5,2416.51,2407.76,2407.76,1180.0933
2026-09-01 21:12:00,2407.75,2408.76,2405.0,2408.7,909.7479
2026-09-01 21:15:00,2408.71,2409.46,2400.42,2401.4,800.4973
2026-09-01 21:18:00,2401.4,2411.74,2401.38,2411.27,1513.3135
2026-09-01 21:21:00,2411.28,2416.32,2410.31,2415.02,775.7064
2026-09-01 21:24:00,2415.02,2417.32,2413.33,2415.79,263.1212
2026-09-01 21:27:00,2415.79,2415.8,2413.24,2414.78,156.6919
2026-09-01 21:30:00,2414.77,2414.78,2408.91,2409.45,579.2541
2026-09-01 21:33:00,2409.45,2410.0,2407.63,2410.0,489.4686
2026-09-01 21:36:00,2410.0,2410.6,2408.67,2410.5,354.0289
2026-09-01 21:39:00,2410.5,2412.83,2410.5,2412.3,299.409
2026-09-01 21:42:00,2412.3,2413.06,2411.07,2412.49,317.8626
2026-09-01 21:45:00,2412.49,2414.97,2412.49,2414.06,446.9909
2026-09-01 21:48:00,2414.06,2415.0,2413.92,2414.96,321.5252
2026-09-01 21:51:00,2414.96,2417.29,2414.86,2416.2,858.304
2026-09-01 21:54:00,2416.2,2417.66,2415.69,2417.04,344.6391
2026-09-01 21:57:00,2417.04,2417.04,2414.31,2415.46,265.0125
2026-09-01 22:00:00,2415.46,2416.73,2414.09,2416.41,362.7694
2026-09-01 22:03:00,2416.41,2418.7,2415.19,2415.3,357.3022
2026-09-01 22:06:00,2415.3,2417.16,2413.82,2416.59,340.3257
2026-09-01 22:09:00,2416.59,2417.39,2415.76,2417.37,86.6822
2026-09-01 22:12:00,2417.37,2417.5,2416.34,2416.35,68.2484
2026-09-01 22:15:00,2416.35,2416.35,2414.1,2414.98,1001.278
2026-09-01 22:18:00,2414.99,2415.19,2413.97,2414.86,245.3618
2026-09-01 22:21:00,2414.85,2414.86,2409.94,2410.8,1073.1355
2026-09-01 22:24:00,2410.8,2412.16,2409.81,2410.19,1214.0412
2026-09-01 22:27:00,2410.19,2411.02,2407.23,2407.66,549.3924
2026-09-01 22:30:00,2407.65,2409.66,2405.85,2407.25,1810.6514
2026-09-01 22:33:00,2407.24,2408.78,2407.0,2408.77,830.1447
2026-09-01 22:36:00,2408.77,2410.04,2407.63,2408.0,446.7174
2026-09-01 22:39:00,2407.99,2408.0,2406.42,2407.06,922.9248
2026-09-01 22:42:00,2407.05,2408.46,2405.9,2407.76,1194.2773
2026-09-01 22:45:00,2407.75,2411.55,2407.75,2411.54,278.6718
2026-09-01 22:48:00,2411.54,2415.88,2411.54,2414.96,517.2611
2026-09-01 22:51:00,2414.96,2415.87,2413.56,2414.33,488.6719
2026-09-01 22:54:00,2414.33,2414.33,2413.22,2413.3,321.7387
2026-09-01 22:57:00,2413.29,2413.74,2413.0,2413.18,168.1419
2026-09-01 23:00:00,2413.17,2414.29,2411.55,2412.4,397.0891
2026-09-01 23:03:00,2412.4,2413.2,2411.0,2412.34,208.5932
2026-09-01 23:06:00,2412.35,2414.92,2412.34,2414.92,218.2996
2026-09-01 23:09:00,2414.91,2414.91,2412.96,2414.29,260.6223
2026-09-01 23:12:00,2414.3,2414.3,2412.72,2412.98,71.3838
2026-09-01 23:15:00,2412.98,2414.52,2412.98,2414.52,103.2035
2026-09-01 23:18:00,2414.51,2415.12,2413.18,2415.12,318.3467
2026-09-01 23:21:00,2415.11,2415.11,2412.8,2413.61,235.2858
2026-09-01 23:24:00,2413.6,2415.18,2413.6,2414.31,235.4748
2026-09-01 23:27:00,2414.31,2417.25,2413.84,2417.25,495.4949
2026-09-01 23:30:00,2417.24,2419.9,2416.55,2419.56,321.4039
2026-09-01 23:33:00,2419.57,2422.23,2418.72,2421.96,650.3726
2026-09-01 23:36:00,2421.96,2427.15,2421.89,2423.24,1634.8741
2026-09-01 23:39:00,2423.23,2425.22,2422.86,2424.64,268.222
2026-09-01 23:42:00,2424.64,2424.87,2423.24,2423.24,139.7114
2026-09-01 23:45:00,2423.23,2423.44,2421.93,2422.67,300.7707
2026-09-01 23:48:00,2422.68,2425.59,2422.68,2423.49,417.4081
2026-09-01 23:51:00,2423.49,2423.5,2418.41,2419.53,1088.2039
2026-09-01 23:54:00,2419.54,2419.54,2418.57,2418.58,283.7569
2026-09-01 23:57:00,2418.58,2419.28,2418.57,2418.57,105.5654
2026-09-02 00:00:00,2418.58,2420.99,2417.85,2417.85,406.7852
2026-09-02 00:03:00,2417.85,2420.07,2416.91,2419.37,372.471
2026-09-02 00:06:00,2419.37,2420.41,2418.23,2419.34,166.1933
2026-09-02 00:09:00,2419.35,2420.1,2418.79,2419.06,155.3648
2026-09-02 00:12:00,2419.05,2420.38,2418.3,2420.15,152.9531
2026-09-02 00:15:00,2420.15,2421.79,2420.05,2421.5,228.051
2026-09-02 00:18:00,2421.5,2422.32,2418.19,2418.95,339.1262
2026-09-02 00:21:00,2418.95,2421.12,2416.91,2418.75,343.1341
2026-09-02 00:24:00,2418.75,2419.53,2416.98,2416.99,201.1782
2026-09-02 00:27:00,2416.99,2416.99,2410.86,2412.34,888.7685
2026-09-02 00:30:00,2412.33,2415.53,2410.04,2415.27,393.4644
2026-09-02 00:33:00,2415.27,2415.28,2411.93,2413.46,451.3628
2026-09-02 00:36:00,2413.46,2413.5,2408.79,2409.34,418.422
2026-09-02 00:39:00,2409.34,2410.0,2405.87,2406.87,1085.1726
2026-09-02 00:42:00,2406.87,2411.07,2406.87,2409.14,344.6155
2026-09-02 00:45:00,2409.14,2410.83,2409.14,2410.07,345.5081
2026-09-02 00:48:00,2410.06,2410.88,2406.96,2408.07,345.585
2026-09-02 00:51:00,2408.07,2409.91,2408.07,2409.46,365.7199
2026-09-02 00:54:00,2409.46,2411.47,2408.0,2411.47,127.149
2026-09-02 00:57:00,2411.46,2411.75,2408.84,2408.85,143.2447
2026-09-02 01:00:00,2408.84,2410.33,2407.95,2409.49,220.6251
2026-09-02 01:03:00,2409.48,2410.38,2407.3,2409.1,576.5802
2026-09-02 01:06:00,2409.09,2409.46,2407.06,2407.58,206.5979
2026-09-02 01:09:00,2407.59,2412.1,2407.58,2411.55,520.2669
2026-09-02 01:12:00,2411.56,2415.0,2410.78,2413.14,554.4843
2026-09-02 01:15:00,2413.14,2413.14,2410.3,2412.0,315.7542
2026-09-02 01:18:00,2412.0,2414.9,2412.0,2412.43,490.9402
2026-09-02 01:21:00,2412.42,2413.16,2411.18,2412.54,250.3921
2026-09-02 01:24:00,2412.55,2415.0,2411.32,2411.34,634.3998
2026-09-02 01:27:00,2411.34,2411.34,2408.99,2409.21,321.5706
2026-09-02 01:30:00,2409.21,2411.64,2408.28,2411.14,556.1827
2026-09-02 01:33:00,2411.13,2411.13,2404.6,2405.11,640.8689
2026-09-02 01:36:00,2405.12,2405.68,2402.0,2402.55,764.3919
2026-09-02 01:39:00,2402.55,2402.93,2391.09,2400.47,2789.597
2026-09-02 01:42:00,2400.46,2401.31,2394.08,2395.15,654.4086
2026-09-02 01:45:00,2395.16,2398.27,2392.44,2392.87,702.9947
2026-09-02 01:48:00,2392.87,2395.65,2386.74,2390.26,2277.1158
2026-09-02 01:51:00,2390.27,2393.07,2386.74,2390.8,807.5951
2026-09-02 01:54:00,2390.79,2397.1,2390.79,2396.14,713.0741
2026-09-02 01:57:00,2396.13,2400.79,2395.61,2399.32,813.8515
2026-09-02 02:00:00,2399.32,2401.06,2396.91,2400.55,496.2766
2026-09-02 02:03:00,2400.54,2400.54,2395.0,2396.76,549.5495
2026-09-02 02:06:00,2396.76,2406.0,2396.32,2401.67,863.0021
2026-09-02 02:09:00,2401.67,2401.68,2399.76,2400.7,354.1469
2026-09-02 02:12:00,2400.7,2404.85,2400.7,2402.06,581.4854
2026-09-02 02:15:00,2402.07,2406.06,2401.37,2404.58,414.946
2026-09-02 02:18:00,2404.58,2407.31,2402.4,2406.85,597.2744
2026-09-02 02:21:00,2406.85,2407.63,2405.05,2406.54,444.0606
2026-09-02 02:24:00,2406.54,2408.54,2405.69,2406.38,526.3448
2026-09-02 02:27:00,2406.38,2411.01,2406.37,2409.97,834.4904
2026-09-02 02:30:00,2409.96,2409.96,2406.37,2408.61,477.8188
2026-09-02 02:33:00,2408.6,2409.86,2407.74,2409.19,275.3189
2026-09-02 02:36:00,2409.19,2410.53,2406.75,2408.52,863.8494
2026-09-02 02:39:00,2408.54,2408.89,2405.8,2405.8,231.5606
2026-09-02 02:42:00,2405.8,2407.25,2404.49,2406.96,653.238
2026-09-02 02:45:00,2406.96,2407.66,2406.31,2407.13,205.3589
2026-09-02 02:48:00,2407.12,2407.72,2406.81,2406.81,213.8497
2026-09-02 02:51:00,2406.8,2408.33,2406.26,2407.94,210.5852
2026-09-02 02:54:00,2407.93,2408.66,2407.07,2407.86,266.651
2026-09-02 02:57:00,2407.86,2409.93,2407.83,2409.92,341.6756
2026-09-02 03:00:00,2409.93,2412.0,2408.64,2409.85,568.7463
2026-09-02 03:03:00,2409.86,2412.0,2409.85,2411.69,244.7212
2026-09-02 03:06:00,2411.69,2412.81,2410.19,2412.35,958.5025
2026-09-02 03:09:00,2412.35,2420.56,2411.88,2415.66,1564.8889
2026-09-02 03:12:00,2415.66,2416.25,2414.21,2415.61,715.3695
2026-09-02 03:15:00,2415.62,2417.28,2412.8,2417.05,1485.5568
2026-09-02 03:18:00,2417.05,2419.62,2416.18,2418.51,925.0456
2026-09-02 03:21:00,2418.51,2419.01,2417.14,2417.34,306.2246
2026-09-02 03:24:00,2417.34,2424.3,2417.34,2422.94,1382.7486
2026-09-02 03:27:00,2422.94,2422.94,2420.0,2420.0,356.7354
2026-09-02 03:30:00,2420.0,2420.3,2417.01,2417.49,415.1223
2026-09-02 03:33:00,2417.5,2417.5,2416.02,2416.83,222.9127
2026-09-02 03:36:00,2416.8,2416.99,2415.29,2415.64,329.1434
2026-09-02 03:39:00,2415.64,2419.53,2415.64,2417.1,234.5715
2026-09-02 03:42:00,2417.08,2417.08,2413.92,2414.77,749.2055
2026-09-02 03:45:00,2414.76,2417.24,2414.76,2415.63,302.4286
2026-09-02 03:48:00,2415.62,2416.84,2414.46,2414.87,639.6504
2026-09-02 03:51:00,2414.87,2414.87,2413.23,2414.42,205.3114
2026-09-02 03:54:00,2414.41,2414.7,2412.04,2412.05,260.5327
2026-09-02 03:57:00,2412.04,2414.88,2412.04,2414.42,284.3099
2026-09-02 04:00:00,2414.42,2414.42,2412.05,2412.82,381.3601
2026-09-02 04:03:00,2412.82,2415.46,2412.82,2412.85,659.4057
2026-09-02 04:06:00,2412.85,2413.46,2411.22,2411.95,312.2272
2026-09-02 04:09:00,2411.95,2412.06,2407.88,2407.89,538.5828
2026-09-02 04:12:00,2407.88,2408.89,2406.52,2408.17,490.8491
2026-09-02 04:15:00,2408.16,2409.7,2405.44,2407.72,346.2281
2026-09-02 04:18:00,2407.71,2410.68,2407.7,2410.68,251.4798
2026-09-02 04:21:00,2410.69,2412.26,2409.68,2410.75,487.0566
2026-09-02 04:24:00,2410.74,2412.2,2410.74,2412.02,341.8903
2026-09-02 04:27:00,2412.03,2413.43,2412.03,2412.44,287.0182
2026-09-02 04:30:00,2412.45,2415.3,2412.01,2415.16,655.0229
2026-09-02 04:33:00,2415.16,2415.63,2413.8,2414.2,564.4025
2026-09-02 04:36:00,2414.21,2415.34,2414.17,2415.0,344.9
2026-09-02 04:39:00,2415.0,2416.46,2414.3,2414.79,289.1828
2026-09-02 04:42:00,2414.79,2416.0,2414.79,2415.69,223.7132
2026-09-02 04:45:00,2415.69,2415.94,2414.8,2415.67,151.1742
2026-09-02 04:48:00,2415.66,2416.49,2415.11,2415.11,344.5946
2026-09-02 04:51:00,2415.12,2415.36,2414.65,2414.97,210.2694
2026-09-02 04:54:00,2414.97,2415.84,2414.24,2415.63,314.4774
2026-09-02 04:57:00,2415.63,2415.93,2414.64,2415.23,165.6617
2026-09-02 05:00:00,2415.23,2416.33,2411.92,2411.93,359.822
2026-09-02 05:03:00,2411.93,2413.56,2410.16,2410.68,484.9969
2026-09-02 05:06:00,2410.68,2411.33,2409.45,2411.23,315.2541
2026-09-02 05:09:00,2411.23,2412.45,2410.77,2411.49,374.5973
2026-09-02 05:12:00,2411.49,2415.32,2411.45,2415.3,203.0131
2026-09-02 05:15:00,2415.3,2423.23,2415.08,2420.47,1108.72
2026-09-02 05:18:00,2420.46,2420.47,2417.7,2420.02,311.3447
2026-09-02 05:21:00,2420.01,2421.78,2418.97,2420.64,263.4509
2026-09-02 05:24:00,2420.64,2421.67,2419.64,2419.9,238.4779
2026-09-02 05:27:00,2419.91,2423.33,2419.89,2422.52,334.8267
2026-09-02 05:30:00,2422.52,2423.23,2420.03,2421.1,226.961
2026-09-02 05:33:00,2421.1,2421.1,2419.54,2420.02,233.4921
2026-09-02 05:36:00,2420.02,2421.23,2419.73,2420.09,445.572
2026-09-02 05:39:00,2420.09,2421.61,2420.09,2421.33,97.3907
2026-09-02 05:42:00,2421.33,2422.38,2420.0,2420.77,429.3859
2026-09-02 05:45:00,2420.78,2423.94,2420.77,2423.91,360.4222
2026-09-02 05:48:00,2423.91,2425.0,2422.04,2422.35,390.1478
2026-09-02 05:51:00,2422.35,2423.39,2422.34,2423.35,141.2572
2026-09-02 05:54:00,2423.36,2423.48,2420.46,2421.68,311.8659
2026-09-02 05:57:00,2421.67,2422.63,2420.74,2422.53,262.6881
2026-09-02 06:00:00,2422.53,2424.72,2422.44,2423.01,460.4549
2026-09-02 06:03:00,2423.0,2423.16,2420.52,2422.4,483.3155
2026-09-02 06:06:00,2422.4,2422.42,2419.31,2420.31,539.4638
2026-09-02 06:09:00,2420.31,2422.53,2420.31,2422.29,299.1145
2026-09-02 06:12:00,2422.28,2422.53,2418.48,2418.55,484.8401
2026-09-02 06:15:00,2418.55,2419.94,2418.1,2418.78,167.2256
2026-09-02 06:18:00,2418.78,2418.78,2416.4,2418.4,829.397
2026-09-02 06:21:00,2418.4,2418.41,2417.0,2417.57,104.9057
2026-09-02 06:24:00,2417.56,2420.86,2417.56,2420.86,109.6781
2026-09-02 06:27:00,2420.86,2422.53,2418.26,2418.3,478.8194
2026-09-02 06:30:00,2418.3,2418.3,2415.63,2416.39,580.0791
2026-09-02 06:33:00,2416.39,2418.14,2414.98,2417.84,535.1741
2026-09-02 06:36:00,2417.83,2418.71,2417.0,2418.7,326.3088
2026-09-02 06:39:00,2418.7,2423.57,2418.7,2422.85,605.9037
2026-09-02 06:42:00,2422.84,2425.5,2422.17,2422.44,730.2851
2026-09-02 06:45:00,2422.44,2422.89,2421.36,2422.01,430.9726
2026-09-02 06:48:00,2422.01,2422.46,2420.78,2421.13,243.412
2026-09-02 06:51:00,2421.14,2421.79,2418.3,2418.6,315.8523
2026-09-02 06:54:00,2418.59,2419.19,2417.03,2419.18,660.6329
2026-09-02 06:57:00,2419.18,2420.91,2419.18,2420.73,103.9457
2026-09-02 07:00:00,2420.73,2422.28,2420.44,2421.89,168.2355
2026-09-02 07:03:00,2421.88,2422.25,2421.01,2421.41,157.5999
2026-09-02 07:06:00,2421.41,2421.79,2420.87,2421.11,111.7946
2026-09-02 07:09:00,2421.11,2428.77,2421.11,2426.55,1400.4344
2026-09-02 07:12:00,2426.55,2429.0,2425.48,2426.69,453.6952
2026-09-02 07:15:00,2426.69,2426.69,2423.42,2423.43,350.4727
2026-09-02 07:18:00,2423.43,2424.87,2423.25,2424.01,313.7767
2026-09-02 07:21:00,2424.01,2425.99,2422.7,2423.17,276.4617
2026-09-02 07:24:00,2423.17,2423.5,2421.24,2422.11,300.3869
2026-09-02 07:27:00,2422.11,2423.28,2421.78,2421.79,156.5089
2026-09-02 07:30:00,2421.79,2423.82,2421.78,2423.36,209.1588
2026-09-02 07:33:00,2423.37,2423.37,2420.88,2422.52,224.2547
2026-09-02 07:36:00,2422.51,2423.05,2421.89,2422.83,149.4125
2026-09-02 07:39:00,2422.84,2424.25,2422.3,2424.25,186.6856
2026-09-02 07:42:00,2424.26,2424.8,2421.74,2421.74,290.714
2026-09-02 07:45:00,2421.74,2422.85,2420.88,2422.83,319.417
2026-09-02 07:48:00,2422.84,2422.84,2421.13,2422.18,316.0169
2026-09-02 07:51:00,2422.18,2422.29,2419.16,2420.14,220.7672
2026-09-02 07:54:00,2420.15,2421.23,2419.8,2421.23,230.8991
2026-09-02 07:57:00,2421.23,2421.31,2417.6,2417.9,491.8723
2026-09-02 08:00:00,2417.9,2419.17,2415.2,2415.21,359.2413
2026-09-02 08:03:00,2415.2,2419.78,2414.89,2419.63,362.3415
2026-09-02 08:06:00,2419.63,2420.64,2418.6,2419.0,836.5368
2026-09-02 08:09:00,2419.0,2419.91,2417.1,2417.1,659.7214
2026-09-02 08:12:00,2417.11,2418.34,2416.19,2417.45,280.5428
2026-09-02 08:15:00,2417.46,2419.1,2417.46,2417.62,225.8416
2026-09-02 08:18:00,2417.62,2417.99,2414.89,2414.9,194.1473
2026-09-02 08:21:00,2414.89,2415.0,2413.63,2414.35,890.5772
2026-09-02 08:24:00,2414.36,2415.59,2414.35,2415.21,425.6538
2026-09-02 08:27:00,2415.22,2416.27,2414.0,2414.01,185.5445
2026-09-02 08:30:00,2414.0,2414.01,2409.45,2409.45,1515.2376
2026-09-02 08:33:00,2409.45,2409.46,2404.76,2405.69,854.6068
2026-09-02 08:36:00,2405.69,2408.45,2403.82,2404.17,613.4464
2026-09-02 08:39:00,2404.17,2405.93,2401.89,2402.97,580.1322
2026-09-02 08:42:00,2402.96,2402.96,2395.36,2396.23,2383.9959
2026-09-02 08:45:00,2396.23,2400.69,2392.77,2392.86,1622.1606
2026-09-02 08:48:00,2392.85,2395.96,2391.3,2395.26,1381.7277
2026-09-02 08:51:00,2395.27,2395.27,2391.02,2393.32,1440.3342
2026-09-02 08:54:00,2393.31,2394.67,2390.09,2392.91,1148.0639
2026-09-02 08:57:00,2392.92,2394.55,2392.4,2393.16,715.5791
2026-09-02 09:00:00,2393.15,2400.0,2393.05,2399.46,1171.0367
2026-09-02 09:03:00,2399.47,2400.0,2397.01,2399.39,565.8677
2026-09-02 09:06:00,2399.39,2400.0,2398.16,2399.28,295.1271
2026-09-02 09:09:00,2399.27,2399.42,2397.77,2398.38,475.3701
2026-09-02 09:12:00,2398.39,2398.39,2395.44,2395.6,449.5596
2026-09-02 09:15:00,2395.6,2395.94,2389.02,2393.15,1641.0831
2026-09-02 09:18:00,2393.16,2394.01,2389.85,2391.71,1080.8937
2026-09-02 09:21:00,2391.71,2391.91,2379.75,2384.88,3586.3826
2026-09-02 09:24:00,2384.87,2387.0,2378.0,2385.68,2166.0525
2026-09-02 09:27:00,2385.68,2388.29,2383.55,2388.0,728.7635
2026-09-02 09:30:00,2388.0,2388.65,2372.42,2373.0,5102.9965
2026-09-02 09:33:00,2372.99,2377.35,2369.7,2373.85,2496.9829
2026-09-02 09:36:00,2373.85,2373.85,2369.7,2372.85,1686.1101
2026-09-02 09:39:00,2372.86,2374.19,2372.0,2373.02,1148.06
2026-09-02 09:42:00,2373.02,2373.02,2368.11,2369.85,1016.1697
2026-09-02 09:45:00,2369.84,2373.13,2366.9,2372.6,1319.3793
2026-09-02 09:48:00,2372.6,2377.05,2372.0,2375.67,975.7854
2026-09-02 09:51:00,2375.67,2377.31,2374.68,2376.21,1126.2118
2026-09-02 09:54:00,2376.21,2376.96,2373.37,2376.96,983.7772
2026-09-02 09:57:00,2376.97,2377.22,2375.18,2376.61,558.0008
2026-09-02 10:00:00,2376.62,2376.89,2372.88,2372.89,548.2102
2026-09-02 10:03:00,2372.88,2374.73,2371.98,2372.94,705.3155
2026-09-02 10:06:00,2372.95,2373.77,2370.59,2373.04,676.3125
2026-09-02 10:09:00,2373.03,2373.72,2370.0,2372.77,798.3461
2026-09-02 10:12:00,2372.77,2373.18,2370.61,2373.0,539.188
2026-09-02 10:15:00,2373.0,2373.76,2371.65,2373.49,372.4523
2026-09-02 10:18:00,2373.5,2376.02,2373.5,2375.13,462.8196
2026-09-02 10:21:00,2375.14,2375.95,2372.11,2374.33,1060.0899
2026-09-02 10:24:00,2374.33,2374.33,2370.51,2371.95,997.8765
2026-09-02 10:27:00,2371.94,2373.08,2369.4,2369.8,553.637
2026-09-02 10:30:00,2369.79,2370.53,2362.13,2362.5,2226.3513
2026-09-02 10:33:00,2362.49,2367.34,2360.0,2366.87,1577.8201
2026-09-02 10:36:00,2366.87,2367.89,2364.99,2366.21,626.6169
2026-09-02 10:39:00,2366.2,2366.21,2361.3,2362.76,478.9875
2026-09-02 10:42:00,2362.75,2366.33,2362.5,2366.32,560.33
2026-09-02 10:45:00,2366.32,2366.32,2362.1,2362.12,1008.8948
2026-09-02 10:48:00,2362.12,2362.61,2357.0,2360.79,2203.5152
2026-09-02 10:51:00,2360.8,2363.49,2356.41,2363.49,982.3139
2026-09-02 10:54:00,2363.49,2369.14,2363.48,2366.9,1361.6759
2026-09-02 10:57:00,2366.9,2373.31,2366.9,2372.76,1044.6781
2026-09-02 11:00:00,2372.73,2375.0,2368.29,2371.18,882.6995
2026-09-02 11:03:00,2371.18,2371.18,2368.15,2368.15,570.7366
2026-09-02 11:06:00,2368.16,2373.72,2367.52,2373.72,595.4982
2026-09-02 11:09:00,2373.71,2376.78,2372.43,2374.06,850.6952
2026-09-02 11:12:00,2374.05,2377.17,2372.48,2376.08,1656.8606
2026-09-02 11:15:00,2376.08,2377.17,2373.35,2373.67,512.5356
2026-09-02 11:18:00,2373.67,2373.79,2371.62,2371.62,2439.9475
2026-09-02 11:21:00,2371.6,2372.16,2369.16,2369.64,936.2678
2026-09-02 11:24:00,2369.64,2372.07,2369.24,2369.95,942.1634
2026-09-02 11:27:00,2369.94,2374.48,2369.94,2374.3,644.063
2026-09-02 11:30:00,2374.3,2376.39,2373.4,2376.39,372.8648
2026-09-02 11:33:00,2376.39,2381.73,2376.14,2379.44,971.3467
2026-09-02 11:36:00,2379.44,2382.28,2378.65,2380.82,622.5141
2026-09-02 11:39:00,2380.82,2382.17,2378.86,2379.17,1438.8483
2026-09-02 11:42:00,2379.18,2379.67,2376.87,2377.92,458.3399
2026-09-02 11:45:00,2377.91,2377.92,2376.04,2377.53,686.6945
2026-09-02 11:48:00,2377.54,2379.53,2377.53,2377.53,454.8963
2026-09-02 11:51:00,2377.53,2379.97,2377.53,2379.16,260.4443
2026-09-02 11:54:00,2379.15,2380.57,2378.04,2379.63,279.535
2026-09-02 11:57:00,2379.63,2382.09,2379.63,2381.88,773.5427
2026-09-02 12:00:00,2381.87,2381.87,2378.99,2379.61,741.7665
2026-09-02 12:03:00,2379.61,2379.84,2377.53,2379.24,547.6712
2026-09-02 12:06:00,2379.24,2381.39,2378.62,2378.62,532.0062
2026-09-02 12:09:00,2378.63,2382.19,2377.83,2381.33,765.2118
2026-09-02 12:12:00,2381.32,2383.0,2380.05,2382.42,594.3304
2026-09-02 12:15:00,2382.42,2386.24,2379.32,2386.22,1569.5119
2026-09-02 12:18:00,2386.21,2388.23,2383.51,2388.23,891.6257
2026-09-02 12:21:00,2388.22,2390.0,2385.58,2387.37,1967.1071
2026-09-02 12:24:00,2387.38,2387.84,2385.96,2386.9,669.5512
2026-09-02 12:27:00,2386.9,2388.11,2385.96,2386.6,590.4013
2026-09-02 12:30:00,2386.6,2386.92,2384.36,2384.38,474.6452
2026-09-02 12:33:00,2384.38,2385.37,2383.12,2384.81,356.1464
2026-09-02 12:36:00,2384.81,2384.81,2380.3,2380.3,413.5574
2026-09-02 12:39:00,2380.31,2383.08,2380.05,2382.56,427.5132
2026-09-02 12:42:00,2382.55,2382.55,2381.45,2382.25,218.2861
2026-09-02 12:45:00,2382.25,2382.26,2379.66,2380.68,543.7649
2026-09-02 12:48:00,2380.69,2380.69,2378.25,2379.63,758.3506
2026-09-02 12:51:00,2379.63,2379.63,2377.63,2378.53,267.1625
2026-09-02 12:54:00,2378.52,2378.52,2377.53,2377.95,319.3078
2026-09-02 12:57:00,2377.95,2377.95,2377.21,2377.65,353.6628
2026-09-02 13:00:00,2377.65,2384.53,2377.64,2382.83,770.7543
2026-09-02 13:03:00,2382.83,2385.5,2382.54,2385.5,603.7077
2026-09-02 13:06:00,2385.5,2385.58,2382.76,2382.77,392.904
2026-09-02 13:09:00,2382.77,2384.05,2381.91,2383.98,171.3002
2026-09-02 13:12:00,2383.97,2383.98,2381.94,2381.96,369.803
2026-09-02 13:15:00,2381.96,2384.5,2381.95,2384.5,270.8409
2026-09-02 13:18:00,2384.5,2387.0,2384.5,2385.34,659.4025
2026-09-02 13:21:00,2385.35,2386.29,2384.14,2384.26,508.3737
2026-09-02 13:24:00,2384.26,2389.12,2384.26,2389.11,860.1588
2026-09-02 13:27:00,2389.11,2389.82,2388.08,2388.08,1136.3252
2026-09-02 13:30:00,2388.09,2388.71,2384.75,2385.47,862.0779
2026-09-02 13:33:00,2385.46,2386.08,2383.31,2384.21,655.7131
2026-09-02 13:36:00,2384.21,2384.82,2380.0,2381.05,996.1022
2026-09-02 13:39:00,2381.04,2389.11,2380.73,2388.52,890.7903
2026-09-02 13:42:00,2388.52,2417.52,2388.52,2417.17,5404.8048
2026-09-02 13:45:00,2417.17,2419.72,2406.28,2406.46,5643.5985
2026-09-02 13:48:00,2406.46,2409.46,2400.69,2401.14,1712.9836
2026-09-02 13:51:00,2401.14,2408.74,2400.21,2405.1,2134.5429
2026-09-02 13:54:00,2405.1,2405.1,2397.86,2401.92,1478.4034
2026-09-02 13:57:00,2401.92,2403.0,2397.54,2402.99,758.0299
2026-09-02 14:00:00,2403.0,2404.33,2398.53,2404.33,981.0248
2026-09-02 14:03:00,2404.32,2404.32,2394.82,2402.19,2428.0933
2026-09-02 14:06:00,2402.19,2408.04,2401.97,2407.9,1005.7418
2026-09-02 14:09:00,2407.88,2408.51,2403.06,2404.67,707.9273
2026-09-02 14:12:00,2404.67,2406.83,2402.65,2406.82,575.319
2026-09-02 14:15:00,2406.83,2408.4,2403.29,2403.69,388.4299
2026-09-02 14:18:00,2403.69,2406.64,2403.07,2405.71,426.4528
2026-09-02 14:21:00,2405.72,2410.9,2404.44,2405.69,828.4908
2026-09-02 14:24:00,2405.69,2405.69,2401.0,2402.44,526.4747
2026-09-02 14:27:00,2402.44,2405.18,2402.44,2404.29,384.6467
2026-09-02 14:30:00,2404.29,2404.29,2394.16,2396.03,1146.8129
2026-09-02 14:33:00,2396.02,2398.86,2393.15,2398.46,529.2711
2026-09-02 14:36:00,2398.46,2398.74,2395.65,2395.71,348.5397
2026-09-02 14:39:00,2395.71,2400.22,2395.71,2400.03,361.6211
2026-09-02 14:42:00,2400.03,2404.59,2398.73,2403.75,724.6151
2026-09-02 14:45:00,2403.76,2404.72,2399.57,2400.89,499.3207
2026-09-02 14:48:00,2400.89,2402.45,2399.98,2399.98,336.1668
2026-09-02 14:51:00,2399.97,2400.45,2395.85,2395.86,435.4481
2026-09-02 14:54:00,2395.85,2398.93,2395.34,2396.8,605.0554
2026-09-02 14:57:00,2396.81,2397.39,2393.93,2394.45,360.2506
2026-09-02 15:00:00,2394.46,2394.47,2384.8,2392.06,2183.403
2026-09-02 15:03:00,2392.06,2397.67,2392.06,2395.6,518.5752
2026-09-02 15:06:00,2395.61,2396.72,2384.88,2385.05,912.3893
2026-09-02 15:09:00,2385.05,2386.3,2381.27,2382.52,1381.7124
2026-09-02 15:12:00,2382.53,2385.31,2379.01,2385.15,1240.1758
2026-09-02 15:15:00,2385.15,2388.74,2384.57,2386.05,604.005
2026-09-02 15:18:00,2386.05,2394.0,2386.05,2387.52,1036.046
2026-09-02 15:21:00,2387.51,2389.87,2384.81,2386.41,585.2033
2026-09-02 15:24:00,2386.4,2388.32,2385.69,2387.93,541.2395
2026-09-02 15:27:00,2387.93,2391.11,2386.82,2388.57,326.0186
2026-09-02 15:30:00,2388.58,2391.11,2385.46,2390.27,599.586
2026-09-02 15:33:00,2390.3,2396.99,2390.3,2394.12,1078.0155
2026-09-02 15:36:00,2394.14,2395.77,2391.22,2391.79,604.7692
2026-09-02 15:39:00,2391.8,2392.36,2388.16,2392.19,620.0152
2026-09-02 15:42:00,2392.18,2399.09,2391.75,2397.7,1215.7969
2026-09-02 15:45:00,2397.71,2397.92,2388.0,2388.72,799.442
2026-09-02 15:48:00,2388.72,2389.8,2385.01,2385.9,579.5737
2026-09-02 15:51:00,2385.9,2387.1,2384.0,2386.56,1062.2786
2026-09-02 15:54:00,2386.56,2388.54,2386.08,2387.51,254.8163
2026-09-02 15:57:00,2387.51,2391.21,2387.51,2390.98,920.4116
2026-09-02 16:00:00,2390.98,2391.18,2386.68,2388.31,1220.3549
2026-09-02 16:03:00,2388.31,2392.77,2387.33,2388.79,934.7459
2026-09-02 16:06:00,2388.78,2392.26,2387.61,2392.12,444.752
2026-09-02 16:09:00,2392.12,2396.16,2391.61,2394.76,712.8442
2026-09-02 16:12:00,2394.76,2396.76,2394.17,2394.23,694.0221
2026-09-02 16:15:00,2394.23,2396.11,2392.56,2395.28,350.5011
2026-09-02 16:18:00,2395.28,2400.22,2395.17,2398.83,591.4382
2026-09-02 16:21:00,2398.83,2403.0,2396.54,2400.91,880.6177
2026-09-02 16:24:00,2400.92,2404.8,2400.56,2401.89,923.8467
2026-09-02 16:27:00,2401.89,2401.89,2396.86,2398.31,534.9784
2026-09-02 16:30:00,2398.32,2402.73,2398.32,2402.05,380.4766
2026-09-02 16:33:00,2402.05,2402.45,2398.13,2399.0,445.1923
2026-09-02 16:36:00,2399.01,2400.11,2393.74,2394.42,1176.3722
2026-09-02 16:39:00,2394.42,2395.56,2391.82,2392.0,353.5217
2026-09-02 16:42:00,2392.0,2392.75,2388.42,2388.42,425.852
2026-09-02 16:45:00,2388.43,2391.42,2388.42,2389.15,252.1316
2026-09-02 16:48:00,2389.15,2392.0,2388.27,2389.33,264.4542
2026-09-02 16:51:00,2389.34,2389.87,2388.3,2389.6,345.9505
2026-09-02 16:54:00,2389.6,2389.6,2385.94,2387.48,550.1269
2026-09-02 16:57:00,2387.47,2388.3,2384.81,2386.2,1096.9206
2026-09-02 17:00:00,2386.21,2388.16,2381.03,2383.04,1204.378
2026-09-02 17:03:00,2383.04,2383.91,2380.15,2381.27,842.5942
2026-09-02 17:06:00,2381.27,2381.95,2375.51,2375.69,1828.9281
2026-09-02 17:09:00,2375.69,2381.28,2375.69,2381.28,725.0318
2026-09-02 17:12:00,2381.27,2382.12,2378.64,2380.25,713.8577
2026-09-02 17:15:00,2380.24,2381.18,2376.54,2376.55,350.9855
2026-09-02 17:18:00,2376.54,2376.99,2374.0,2374.0,871.1251
2026-09-02 17:21:00,2374.0,2378.3,2372.55,2378.22,478.6399
2026-09-02 17:24:00,2378.23,2378.81,2376.7,2377.19,252.2978
2026-09-02 17:27:00,2377.19,2379.6,2375.83,2379.6,521.4568
2026-09-02 17:30:00,2379.59,2381.75,2378.6,2381.75,323.7706
2026-09-02 17:33:00,2381.75,2385.02,2381.74,2383.75,362.0815
2026-09-02 17:36:00,2383.74,2386.18,2383.65,2384.2,303.0263
2026-09-02 17:39:00,2384.2,2385.67,2383.18,2383.96,342.0457
2026-09-02 17:42:00,2383.96,2389.47,2383.63,2389.47,895.9171
2026-09-02 17:45:00,2389.47,2394.04,2389.47,2391.83,744.6093
2026-09-02 17:48:00,2391.82,2394.3,2391.82,2393.26,331.4468
2026-09-02 17:51:00,2393.26,2394.06,2392.15,2392.32,244.8402
2026-09-02 17:54:00,2392.31,2392.54,2391.0,2391.02,219.7591
2026-09-02 17:57:00,2391.03,2393.87,2391.03,2393.77,286.3313
2026-09-02 18:00:00,2393.77,2394.87,2391.45,2394.85,856.6014
2026-09-02 18:03:00,2394.84,2394.85,2392.51,2393.26,408.5704
2026-09-02 18:06:00,2393.26,2394.55,2391.74,2393.87,560.7108
2026-09-02 18:09:00,2393.88,2396.89,2393.88,2394.24,627.5989
2026-09-02 18:12:00,2394.24,2395.25,2393.57,2395.24,404.3739
2026-09-02 18:15:00,2395.25,2397.94,2394.37,2394.66,511.7472
2026-09-02 18:18:00,2394.66,2399.91,2394.66,2395.84,717.1526
2026-09-02 18:21:00,2395.85,2397.75,2393.95,2395.86,549.5877
2026-09-02 18:24:00,2395.86,2397.65,2395.61,2397.38,215.6117
2026-09-02 18:27:00,2397.38,2398.37,2395.88,2396.38,288.4876
2026-09-02 18:30:00,2396.37,2396.59,2395.0,2395.56,153.1767
2026-09-02 18:33:00,2395.56,2397.82,2394.97,2396.09,270.0069
2026-09-02 18:36:00,2396.09,2396.1,2392.23,2392.79,541.9032
2026-09-02 18:39:00,2392.79,2393.61,2391.02,2393.6,764.9351
2026-09-02 18:42:00,2393.61,2393.61,2392.01,2392.02,176.7544
2026-09-02 18:45:00,2392.02,2392.67,2390.39,2391.39,217.0652
2026-09-02 18:48:00,2391.39,2395.64,2391.39,2394.22,189.1824
2026-09-02 18:51:00,2394.22,2394.24,2392.82,2393.81,190.9937
2026-09-02 18:54:00,2393.81,2395.64,2393.8,2395.63,146.7337
2026-09-02 18:57:00,2395.64,2395.64,2393.6,2394.93,193.7999
2026-09-02 19:00:00,2394.92,2395.4,2393.45,2394.17,163.7355
2026-09-02 19:03:00,2394.17,2395.39,2393.85,2394.42,106.4316
2026-09-02 19:06:00,2394.42,2396.25,2394.41,2395.86,130.1214
2026-09-02 19:09:00,2395.86,2396.64,2394.28,2394.3,194.7486
2026-09-02 19:12:00,2394.29,2396.36,2394.29,2396.02,308.5435
2026-09-02 19:15:00,2396.01,2396.67,2393.11,2393.11,166.4209
2026-09-02 19:18:00,2393.1,2393.12,2390.97,2391.46,262.0036
2026-09-02 19:21:00,2391.46,2393.2,2391.23,2391.92,192.9335
2026-09-02 19:24:00,2391.92,2392.34,2389.38,2389.51,358.0397
2026-09-02 19:27:00,2389.51,2389.52,2386.68,2386.69,235.5244
2026-09-02 19:30:00,2386.68,2387.07,2384.17,2385.55,820.3784
2026-09-02 19:33:00,2385.56,2386.52,2383.89,2384.74,206.1419
2026-09-02 19:36:00,2384.74,2384.82,2383.14,2383.84,276.3357
2026-09-02 19:39:00,2383.84,2387.61,2383.62,2386.5,226.1293
2026-09-02 19:42:00,2386.51,2388.16,2386.47,2387.06,129.8475
2026-09-02 19:45:00,2387.06,2388.52,2386.8,2386.8,166.7897
2026-09-02 19:48:00,2386.8,2388.27,2386.42,2387.64,257.1748
2026-09-02 19:51:00,2387.63,2389.85,2387.18,2387.18,391.93
2026-09-02 19:54:00,2387.19,2388.13,2386.07,2387.61,560.1561
2026-09-02 19:57:00,2387.61,2393.0,2387.61,2392.99,1723.488
2026-09-02 20:00:00,2393.0,2395.25,2391.11,2394.81,499.5155
2026-09-02 20:03:00,2394.81,2398.72,2394.54,2397.05,701.5953
2026-09-02 20:06:00,2397.04,2399.74,2395.08,2395.08,362.013
2026-09-02 20:09:00,2395.08,2395.4,2394.22,2394.23,152.0712
2026-09-02 20:12:00,2394.22,2394.22,2390.79,2393.03,434.7928
2026-09-02 20:15:00,2393.04,2393.04,2389.26,2389.26,294.5503
2026-09-02 20:18:00,2389.27,2392.0,2386.08,2392.0,622.6633
2026-09-02 20:21:00,2392.0,2395.33,2391.97,2395.02,387.8849
2026-09-02 20:24:00,2395.02,2396.89,2393.5,2393.72,461.6112
2026-09-02 20:27:00,2393.72,2393.72,2391.56,2391.56,105.2176
2026-09-02 20:30:00,2391.56,2394.38,2391.12,2394.38,582.1346
2026-09-02 20:33:00,2394.38,2395.52,2393.23,2395.51,320.4692
2026-09-02 20:36:00,2395.52,2395.52,2393.79,2395.0,217.1783
2026-09-02 20:39:00,2395.01,2395.18,2391.56,2392.03,477.8177
2026-09-02 20:42:00,2392.03,2392.52,2390.33,2390.95,456.5453
2026-09-02 20:45:00,2390.94,2391.4,2388.74,2391.4,567.7212
2026-09-02 20:48:00,2391.4,2392.91,2391.37,2391.72,206.677
2026-09-02 20:51:00,2391.72,2395.12,2391.71,2394.5,219.2477
2026-09-02 20:54:00,2394.5,2395.43,2391.63,2393.82,460.0871
2026-09-02 20:57:00,2393.83,2394.87,2393.48,2393.56,193.5706
2026-09-02 21:00:00,2393.56,2393.56,2391.67,2392.94,122.2552
2026-09-02 21:03:00,2392.94,2393.01,2391.9,2391.9,141.5716
2026-09-02 21:06:00,2391.91,2393.56,2391.13,2393.54,197.4114
2026-09-02 21:09:00,2393.54,2393.79,2391.87,2393.78,157.2133
2026-09-02 21:12:00,2393.78,2394.46,2392.6,2392.61,92.3575
2026-09-02 21:15:00,2392.61,2393.12,2391.3,2391.35,156.5432
2026-09-02 21:18:00,2391.34,2392.03,2390.81,2392.02,145.0682
2026-09-02 21:21:00,2392.03,2392.6,2392.02,2392.46,60.8591
2026-09-02 21:24:00,2392.49,2393.16,2391.13,2391.49,249.9615
2026-09-02 21:27:00,2391.49,2392.1,2391.09,2391.1,76.762
2026-09-02 21:30:00,2391.09,2391.51,2389.97,2390.14,397.9999
2026-09-02 21:33:00,2390.15,2390.58,2389.38,2390.57,185.1567
2026-09-02 21:36:00,2390.57,2392.46,2390.45,2392.46,179.5828
2026-09-02 21:39:00,2392.45,2394.63,2392.45,2393.88,247.444
2026-09-02 21:42:00,2393.88,2395.09,2393.87,2394.01,284.0303
2026-09-02 21:45:00,2394.01,2394.02,2391.03,2391.03,390.4516
2026-09-02 21:48:00,2391.03,2391.64,2390.38,2391.33,340.35
2026-09-02 21:51:00,2391.33,2392.36,2390.06,2391.49,324.3031
2026-09-02 21:54:00,2391.49,2392.78,2390.79,2392.01,194.6157
2026-09-02 21:57:00,2392.01,2392.02,2390.14,2390.15,148.9582
2026-09-02 22:00:00,2390.14,2390.15,2387.27,2387.27,656.7369
2026-09-02 22:03:00,2387.27,2387.52,2383.89,2384.34,650.4558
2026-09-02 22:06:00,2384.34,2385.1,2383.67,2383.67,370.0337
2026-09-02 22:09:00,2383.67,2384.59,2381.79,2384.57,419.9635
2026-09-02 22:12:00,2384.57,2385.83,2383.97,2385.03,186.5562
2026-09-02 22:15:00,2385.03,2385.94,2382.99,2384.76,232.2925
2026-09-02 22:18:00,2384.77,2385.0,2382.27,2382.28,215.7314
2026-09-02 22:21:00,2382.28,2382.31,2381.34,2382.06,252.5798
2026-09-02 22:24:00,2382.05,2382.47,2380.29,2381.24,288.305
2026-09-02 22:27:00,2381.25,2381.3,2378.64,2379.1,398.8176
2026-09-02 22:30:00,2379.11,2381.16,2379.11,2380.95,559.6797
2026-09-02 22:33:00,2380.95,2381.18,2380.32,2380.86,148.8473
2026-09-02 22:36:00,2380.87,2385.03,2380.87,2383.22,247.821
2026-09-02 22:39:00,2383.22,2385.24,2383.21,2383.83,201.2516
2026-09-02 22:42:00,2383.83,2384.81,2383.29,2383.3,165.9327
2026-09-02 22:45:00,2383.3,2383.6,2381.38,2382.51,273.4671
2026-09-02 22:48:00,2382.5,2382.51,2380.83,2381.38,193.0632
2026-09-02 22:51:00,2381.38,2382.05,2379.77,2379.78,301.6029
2026-09-02 22:54:00,2379.77,2380.49,2379.46,2379.48,275.2819
2026-09-02 22:57:00,2379.47,2379.82,2379.47,2379.81,74.9283
2026-09-02 23:00:00,2379.81,2380.09,2377.77,2379.19,563.5878
2026-09-02 23:03:00,2379.19,2385.02,2379.18,2383.86,492.1105
2026-09-02 23:06:00,2383.87,2386.06,2383.87,2385.65,306.8901
2026-09-02 23:09:00,2385.65,2386.6,2385.64,2386.6,244.7894
2026-09-02 23:12:00,2386.6,2386.97,2386.18,2386.96,270.8523
2026-09-02 23:15:00,2386.96,2387.02,2383.56,2384.03,444.877
2026-09-02 23:18:00,2384.02,2385.28,2384.02,2384.5,162.4811
2026-09-02 23:21:00,2384.5,2384.69,2383.81,2384.27,121.15
2026-09-02 23:24:00,2384.28,2385.34,2383.25,2385.34,224.9694
2026-09-02 23:27:00,2385.33,2386.26,2385.33,2386.05,316.8171
2026-09-02 23:30:00,2386.06,2388.54,2384.53,2384.53,362.3689
2026-09-02 23:33:00,2384.54,2385.34,2383.97,2384.48,137.9012
2026-09-02 23:36:00,2384.48,2384.9,2384.21,2384.22,142.9744
2026-09-02 23:39:00,2384.22,2384.22,2383.33,2383.51,73.9009
2026-09-02 23:42:00,2383.51,2384.36,2383.5,2384.35,47.7027
2026-09-02 23:45:00,2384.35,2386.4,2384.35,2386.4,146.0398
2026-09-02 23:48:00,2386.39,2389.55,2386.38,2389.54,241.4638
2026-09-02 23:51:00,2389.55,2392.0,2389.0,2390.66,368.3195
2026-09-02 23:54:00,2390.66,2391.86,2389.83,2391.75,221.3419
2026-09-02 23:57:00,2391.76,2393.63,2391.75,2391.92,464.37
2026-09-03 00:00:00,2391.91,2395.41,2391.06,2394.84,394.1864
2026-09-03 00:03:00,2394.84,2395.38,2393.4,2393.71,443.6186
2026-09-03 00:06:00,2393.7,2393.7,2388.9,2388.9,328.5182
2026-09-03 00:09:00,2388.9,2390.83,2388.06,2390.61,468.954
2026-09-03 00:12:00,2390.61,2390.61,2387.8,2387.8,167.109
2026-09-03 00:15:00,2387.81,2387.81,2385.91,2386.12,313.6563
2026-09-03 00:18:00,2386.12,2386.88,2383.52,2383.53,586.8733
2026-09-03 00:21:00,2383.53,2385.05,2383.0,2384.11,200.2115
2026-09-03 00:24:00,2384.12,2385.54,2382.02,2382.11,656.651
2026-09-03 00:27:00,2382.1,2382.11,2380.58,2381.02,696.2357
2026-09-03 00:30:00,2381.01,2381.82,2379.26,2381.18,746.6104
2026-09-03 00:33:00,2381.18,2381.69,2379.9,2381.15,127.4019
2026-09-03 00:36:00,2381.15,2384.0,2379.72,2382.53,152.0931
2026-09-03 00:39:00,2382.52,2385.81,2382.51,2384.64,244.0078
2026-09-03 00:42:00,2384.64,2384.64,2383.11,2383.93,170.2877
2026-09-03 00:45:00,2383.92,2384.56,2382.7,2383.82,137.7901
2026-09-03 00:48:00,2383.83,2384.82,2382.13,2383.51,150.8148
2026-09-03 00:51:00,2383.51,2383.51,2380.67,2381.97,224.3616
2026-09-03 00:54:00,2381.98,2382.12,2380.32,2380.48,127.6752
2026-09-03 00:57:00,2380.48,2383.02,2379.56,2379.84,506.9984
2026-09-03 01:00:00,2379.82,2380.99,2370.14,2376.53,2226.7235
2026-09-03 01:03:00,2376.54,2383.71,2375.34,2383.35,813.0223
2026-09-03 01:06:00,2383.35,2387.49,2383.35,2386.73,500.7253
2026-09-03 01:09:00,2386.73,2387.9,2384.16,2386.53,536.6858
2026-09-03 01:12:00,2386.54,2391.56,2386.54,2390.77,1062.3598
2026-09-03 01:15:00,2390.76,2390.81,2387.57,2389.8,409.8436
2026-09-03 01:18:00,2389.81,2389.81,2386.11,2388.25,217.2261
2026-09-03 01:21:00,2388.26,2391.65,2387.35,2391.54,226.8444
2026-09-03 01:24:00,2391.53,2391.53,2388.58,2389.5,453.9574
2026-09-03 01:27:00,2389.51,2392.45,2388.97,2392.45,325.0682
2026-09-03 01:30:00,2392.46,2394.26,2390.97,2392.85,687.51
2026-09-03 01:33:00,2392.86,2394.61,2390.15,2390.59,367.6949
2026-09-03 01:36:00,2390.59,2391.73,2387.67,2391.07,591.2574
2026-09-03 01:39:00,2391.08,2393.04,2391.08,2391.84,300.9237
2026-09-03 01:42:00,2391.82,2394.15,2389.05,2389.17,541.6346
2026-09-03 01:45:00,2389.16,2389.17,2386.51,2386.52,318.4173
2026-09-03 01:48:00,2386.53,2387.28,2384.69,2384.7,277.7719
2026-09-03 01:51:00,2384.7,2391.53,2384.69,2389.86,501.0804
2026-09-03 01:54:00,2389.86,2390.98,2388.3,2389.46,369.8706
2026-09-03 01:57:00,2389.47,2389.6,2386.8,2386.81,153.1123
2026-09-03 02:00:00,2386.8,2387.38,2384.81,2384.96,227.8697
2026-09-03 02:03:00,2384.96,2386.29,2382.9,2385.11,414.8533
2026-09-03 02:06:00,2385.11,2387.47,2383.0,2383.2,578.1907
2026-09-03 02:09:00,2383.19,2387.32,2382.53,2387.32,288.1881
2026-09-03 02:12:00,2387.33,2391.6,2386.81,2391.18,321.7782
2026-09-03 02:15:00,2391.19,2391.19,2389.0,2389.48,165.4188
2026-09-03 02:18:00,2389.48,2390.84,2389.1,2390.84,104.0998
2026-09-03 02:21:00,2390.84,2392.0,2390.01,2391.33,303.9592
2026-09-03 02:24:00,2391.34,2394.5,2391.24,2392.16,391.8473
2026-09-03 02:27:00,2392.17,2396.75,2392.16,2395.77,486.0103
2026-09-03 02:30:00,2395.76,2402.84,2394.26,2399.12,1287.9785
2026-09-03 02:33:00,2399.13,2407.57,2399.13,2404.07,1347.0825
2026-09-03 02:36:00,2404.06,2405.47,2400.22,2400.79,540.3559
2026-09-03 02:39:00,2400.79,2405.75,2400.08,2405.26,459.6631
2026-09-03 02:42:00,2405.27,2406.16,2403.52,2405.18,401.4803
2026-09-03 02:45:00,2405.15,2405.15,2402.75,2404.82,557.4619
2026-09-03 02:48:00,2404.82,2408.0,2404.6,2408.0,527.3702
2026-09-03 02:51:00,2408.0,2409.73,2406.38,2406.38,1044.1774
2026-09-03 02:54:00,2406.37,2407.67,2405.29,2405.47,457.9148
2026-09-03 02:57:00,2405.47,2406.08,2404.47,2406.08,328.1414
2026-09-03 03:00:00,2406.09,2406.38,2403.88,2404.91,367.922
2026-09-03 03:03:00,2404.9,2404.96,2403.8,2404.26,349.6308
2026-09-03 03:06:00,2404.27,2405.48,2403.49,2404.37,377.5477
2026-09-03 03:09:00,2404.37,2404.37,2403.19,2403.19,293.7286
2026-09-03 03:12:00,2403.19,2409.01,2403.19,2407.76,1381.0109
2026-09-03 03:15:00,2407.76,2408.01,2404.89,2407.93,337.1512
2026-09-03 03:18:00,2407.93,2410.94,2407.48,2407.79,1520.0135
2026-09-03 03:21:00,2407.79,2407.92,2404.36,2404.36,387.5304
2026-09-03 03:24:00,2404.36,2405.91,2403.99,2404.72,301.5596
2026-09-03 03:27:00,2404.73,2405.16,2403.99,2403.99,223.6786
2026-09-03 03:30:00,2403.99,2405.61,2402.84,2404.5,658.275
2026-09-03 03:33:00,2404.51,2404.51,2401.11,2401.57,156.718
2026-09-03 03:36:00,2401.56,2402.26,2400.76,2400.77,121.7408
2026-09-03 03:39:00,2400.76,2401.5,2399.8,2399.81,257.8801
2026-09-03 03:42:00,2399.82,2401.08,2399.8,2400.41,265.0057
2026-09-03 03:45:00,2400.42,2401.0,2399.78,2400.98,217.3727
2026-09-03 03:48:00,2400.98,2402.79,2400.98,2402.36,162.3061
2026-09-03 03:51:00,2402.35,2403.18,2402.04,2403.18,130.9767
2026-09-03 03:54:00,2403.18,2403.55,2402.21,2403.55,109.5242
2026-09-03 03:57:00,2403.54,2403.55,2402.53,2403.3,112.7852
2026-09-03 04:00:00,2403.29,2404.55,2403.29,2404.54,235.363
2026-09-03 04:03:00,2404.54,2405.52,2403.83,2404.85,200.846
2026-09-03 04:06:00,2404.84,2406.23,2404.84,2406.22,216.304
2026-09-03 04:09:00,2406.23,2407.1,2405.1,2405.33,403.3714
2026-09-03 04:12:00,2405.33,2405.33,2401.33,2401.62,293.3714
2026-09-03 04:15:00,2401.63,2402.09,2398.0,2400.29,635.2847
2026-09-03 04:18:00,2400.28,2400.45,2396.94,2397.93,285.8052
2026-09-03 04:21:00,2397.93,2400.31,2396.99,2399.99,381.3057
2026-09-03 04:24:00,2400.0,2400.0,2398.95,2399.08,123.0818
2026-09-03 04:27:00,2399.07,2399.24,2398.09,2398.26,272.4249
2026-09-03 04:30:00,2398.26,2399.89,2398.25,2399.88,105.9799
2026-09-03 04:33:00,2399.88,2400.0,2398.34,2398.6,176.8819
2026-09-03 04:36:00,2398.59,2398.78,2398.1,2398.77,55.6232
2026-09-03 04:39:00,2398.78,2399.13,2398.77,2398.78,127.2345
2026-09-03 04:42:00,2398.77,2398.77,2397.55,2397.71,118.4843
2026-09-03 04:45:00,2397.71,2400.22,2397.7,2399.89,367.6336
2026-09-03 04:48:00,2399.88,2400.65,2399.88,2400.65,85.8421
2026-09-03 04:51:00,2400.64,2406.62,2400.64,2406.62,705.7106
2026-09-03 04:54:00,2406.61,2408.31,2403.79,2406.44,749.3351
2026-09-03 04:57:00,2406.44,2408.31,2405.84,2408.31,703.6221
2026-09-03 05:00:00,2408.3,2410.0,2407.22,2409.04,473.5582
2026-09-03 05:03:00,2409.03,2410.0,2406.98,2406.98,476.9274
2026-09-03 05:06:00,2406.98,2406.98,2405.04,2406.0,181.9934
2026-09-03 05:09:00,2406.0,2406.21,2403.37,2403.87,352.1466
2026-09-03 05:12:00,2403.86,2403.87,2400.92,2402.18,363.74
2026-09-03 05:15:00,2402.19,2402.85,2396.85,2398.81,634.1607
2026-09-03 05:18:00,2398.81,2399.85,2391.55,2391.55,921.2362
2026-09-03 05:21:00,2391.56,2391.56,2379.41,2383.59,1737.0604
2026-09-03 05:24:00,2383.59,2385.3,2382.27,2383.32,593.7578
2026-09-03 05:27:00,2383.32,2385.41,2379.59,2385.27,638.0233
2026-09-03 05:30:00,2385.26,2389.05,2384.25,2389.05,508.8478
2026-09-03 05:33:00,2389.04,2392.55,2389.02,2392.3,402.5125
2026-09-03 05:36:00,2392.3,2395.51,2391.96,2395.5,522.3291
2026-09-03 05:39:00,2395.51,2396.66,2393.92,2396.17,333.8438
2026-09-03 05:42:00,2396.18,2397.68,2394.98,2396.24,206.9158
2026-09-03 05:45:00,2396.23,2396.23,2393.8,2396.12,196.2228
2026-09-03 05:48:00,2396.13,2399.68,2396.12,2399.52,398.901
2026-09-03 05:51:00,2399.53,2404.97,2399.53,2401.42,1100.4533
2026-09-03 05:54:00,2401.43,2405.11,2401.15,2405.1,553.1067
2026-09-03 05:57:00,2405.1,2405.49,2403.7,2404.81,600.0351
2026-09-03 06:00:00,2404.82,2406.49,2401.77,2402.2,358.197
2026-09-03 06:03:00,2402.2,2402.36,2401.34,2401.66,113.9899
2026-09-03 06:06:00,2401.67,2403.77,2400.69,2400.79,502.485
2026-09-03 06:09:00,2400.78,2403.3,2400.78,2401.09,680.7372
2026-09-03 06:12:00,2401.09,2402.11,2401.08,2401.4,148.8515
2026-09-03 06:15:00,2401.41,2403.75,2400.37,2402.54,394.8366
2026-09-03 06:18:00,2402.54,2405.73,2402.54,2404.21,494.5756
2026-09-03 06:21:00,2404.22,2405.97,2403.28,2405.8,317.8498
2026-09-03 06:24:00,2405.8,2406.38,2404.69,2406.16,390.6314
2026-09-03 06:27:00,2406.15,2408.59,2405.9,2407.89,1336.199
2026-09-03 06:30:00,2407.9,2407.9,2406.08,2406.85,454.6262
2026-09-03 06:33:00,2406.85,2409.22,2406.75,2408.29,873.4421
2026-09-03 06:36:00,2408.29,2409.72,2407.46,2409.72,551.3518
2026-09-03 06:39:00,2409.72,2409.72,2407.14,2408.23,274.477
2026-09-03 06:42:00,2408.23,2409.93,2408.23,2409.93,325.3337
2026-09-03 06:45:00,2409.93,2410.24,2407.6,2409.62,521.5575
2026-09-03 06:48:00,2409.62,2409.81,2407.37,2407.37,286.2755
2026-09-03 06:51:00,2407.37,2409.22,2407.16,2407.41,409.2265
2026-09-03 06:54:00,2407.41,2408.76,2407.11,2408.28,312.5934
2026-09-03 06:57:00,2408.28,2408.68,2407.97,2408.6,318.43
2026-09-03 07:00:00,2408.6,2409.99,2407.8,2409.56,648.9918
2026-09-03 07:03:00,2409.56,2419.33,2409.05,2419.08,2074.6674
2026-09-03 07:06:00,2419.08,2419.08,2412.41,2413.42,807.8786
2026-09-03 07:09:00,2413.41,2414.52,2409.56,2413.76,709.002
2026-09-03 07:12:00,2413.75,2414.68,2413.02,2413.03,289.172
2026-09-03 07:15:00,2413.03,2413.05,2409.13,2410.16,685.0005
2026-09-03 07:18:00,2410.16,2411.96,2409.99,2410.66,522.3264
2026-09-03 07:21:00,2410.65,2412.92,2409.51,2411.66,631.6235
2026-09-03 07:24:00,2411.66,2411.99,2404.96,2406.48,1145.2428
2026-09-03 07:27:00,2406.47,2409.46,2406.27,2408.06,429.6499
2026-09-03 07:30:00,2408.05,2408.07,2403.6,2405.31,474.0884
2026-09-03 07:33:00,2405.31,2407.47,2404.59,2406.79,583.2359
2026-09-03 07:36:00,2406.79,2408.04,2406.22,2407.88,306.6029
2026-09-03 07:39:00,2407.89,2412.54,2407.88,2412.53,527.5119
2026-09-03 07:42:00,2412.54,2412.99,2408.0,2408.01,780.3613
2026-09-03 07:45:00,2408.01,2409.46,2404.3,2404.78,366.619
2026-09-03 07:48:00,2404.78,2404.78,2399.77,2401.41,776.5239
2026-09-03 07:51:00,2401.37,2401.5,2399.25,2400.13,416.0612
2026-09-03 07:54:00,2400.13,2400.64,2395.85,2397.25,1051.1811
2026-09-03 07:57:00,2397.25,2399.76,2396.13,2398.68,797.1368
2026-09-03 08:00:00,2398.68,2401.81,2398.67,2401.51,546.2889
2026-09-03 08:03:00,2401.52,2409.95,2401.51,2408.25,1041.8223
2026-09-03 08:06:00,2408.25,2413.04,2407.05,2410.62,868.1744
2026-09-03 08:09:00,2410.62,2410.62,2406.58,2409.0,362.2212
2026-09-03 08:12:00,2409.0,2409.26,2404.05,2405.73,747.5669
2026-09-03 08:15:00,2405.72,2405.73,2403.0,2403.73,803.1473
2026-09-03 08:18:00,2403.74,2405.34,2402.36,2403.23,632.9014
2026-09-03 08:21:00,2403.23,2403.23,2400.44,2401.6,395.0588
2026-09-03 08:24:00,2401.6,2403.53,2401.32,2402.9,383.8664
2026-09-03 08:27:00,2402.9,2409.17,2402.9,2408.81,807.929
2026-09-03 08:30:00,2408.81,2409.68,2406.35,2407.62,580.5388
2026-09-03 08:33:00,2407.62,2408.71,2406.22,2406.74,352.4451
2026-09-03 08:36:00,2406.74,2408.29,2406.32,2407.1,256.5975
2026-09-03 08:39:00,2407.1,2407.79,2405.15,2406.15,398.5965
2026-09-03 08:42:00,2406.16,2406.26,2405.21,2405.7,151.8252
2026-09-03 08:45:00,2405.7,2407.46,2405.5,2406.68,426.0168
2026-09-03 08:48:00,2406.69,2406.69,2403.07,2403.67,513.9663
2026-09-03 08:51:00,2403.68,2403.77,2401.19,2403.76,820.4315
2026-09-03 08:54:00,2403.77,2404.03,2403.41,2403.96,158.1061
2026-09-03 08:57:00,2403.97,2404.46,2403.37,2403.69,205.7381
2026-09-03 09:00:00,2403.69,2403.77,2402.07,2403.0,276.8889
2026-09-03 09:03:00,2403.0,2403.0,2401.58,2401.58,139.2145
2026-09-03 09:06:00,2401.59,2405.25,2401.33,2405.2,273.987
2026-09-03 09:09:00,2405.19,2406.73,2403.97,2406.73,526.8435
2026-09-03 09:12:00,2406.73,2407.64,2403.82,2404.9,559.1447
2026-09-03 09:15:00,2404.91,2406.49,2404.21,2405.67,597.3795
2026-09-03 09:18:00,2405.67,2405.67,2401.19,2403.25,618.5464
2026-09-03 09:21:00,2403.26,2403.51,2401.91,2402.08,270.6238
2026-09-03 09:24:00,2402.08,2403.26,2401.91,2402.89,262.6914
2026-09-03 09:27:00,2402.89,2402.89,2399.15,2399.16,466.1159
2026-09-03 09:30:00,2399.16,2399.91,2398.23,2398.62,375.7311
2026-09-03 09:33:00,2398.63,2399.47,2397.85,2397.85,249.3244
2026-09-03 09:36:00,2397.85,2399.07,2397.37,2397.4,383.8762
2026-09-03 09:39:00,2397.4,2397.77,2393.98,2394.64,531.158
2026-09-03 09:42:00,2394.65,2397.68,2394.54,2396.81,866.7299
2026-09-03 09:45:00,2396.81,2399.4,2396.81,2397.8,505.0995
2026-09-03 09:48:00,2397.8,2397.8,2394.84,2395.18,543.0682
2026-09-03 09:51:00,2395.18,2396.99,2394.57,2394.86,360.501
2026-09-03 09:54:00,2394.87,2395.56,2393.74,2393.9,762.3287
2026-09-03 09:57:00,2393.9,2395.01,2393.57,2393.58,216.0701
2026-09-03 10:00:00,2393.57,2394.8,2392.21,2393.65,511.7016
2026-09-03 10:03:00,2393.64,2395.44,2393.17,2394.55,407.9731
2026-09-03 10:06:00,2394.54,2396.94,2393.7,2393.71,588.5703
2026-09-03 10:09:00,2393.71,2394.87,2391.7,2393.32,375.4321
2026-09-03 10:12:00,2393.32,2393.32,2390.68,2391.66,324.0442
2026-09-03 10:15:00,2391.66,2392.54,2390.11,2391.37,173.7682
2026-09-03 10:18:00,2391.36,2398.45,2391.06,2397.12,1062.7189
2026-09-03 10:21:00,2397.12,2398.86,2396.05,2397.64,443.6891
2026-09-03 10:24:00,2397.63,2397.64,2395.02,2397.31,265.2792
2026-09-03 10:27:00,2397.31,2397.67,2396.29,2396.5,447.9893
2026-09-03 10:30:00,2396.5,2397.14,2395.0,2396.23,193.9299
2026-09-03 10:33:00,2396.23,2396.89,2391.71,2392.52,421.6428
2026-09-03 10:36:00,2392.52,2392.74,2390.43,2391.43,469.0772
2026-09-03 10:39:00,2391.43,2393.3,2391.42,2391.65,455.536
2026-09-03 10:42:00,2391.65,2392.29,2390.0,2391.61,409.2557
2026-09-03 10:45:00,2391.6,2392.79,2391.28,2391.49,244.715
2026-09-03 10:48:00,2391.49,2393.29,2391.48,2392.54,287.6539
2026-09-03 10:51:00,2392.55,2397.5,2392.28,2395.97,454.9433
2026-09-03 10:54:00,2395.97,2397.36,2395.54,2396.88,333.04
2026-09-03 10:57:00,2396.88,2397.4,2395.83,2396.83,203.615
2026-09-03 11:00:00,2396.83,2398.83,2395.85,2398.51,430.2209
2026-09-03 11:03:00,2398.51,2398.88,2395.71,2398.38,387.3478
2026-09-03 11:06:00,2398.38,2398.74,2396.54,2398.32,673.4506
2026-09-03 11:09:00,2398.32,2400.39,2397.88,2398.34,551.9951
2026-09-03 11:12:00,2398.34,2400.07,2398.33,2399.85,359.2683
2026-09-03 11:15:00,2399.85,2403.01,2399.85,2400.97,476.6879
2026-09-03 11:18:00,2400.97,2404.78,2400.97,2403.62,464.219
2026-09-03 11:21:00,2403.63,2403.63,2401.18,2401.29,178.7139
2026-09-03 11:24:00,2401.29,2405.43,2401.28,2405.42,802.045
2026-09-03 11:27:00,2405.41,2406.1,2404.65,2405.66,259.845
2026-09-03 11:30:00,2405.67,2407.24,2402.47,2406.12,953.3968
2026-09-03 11:33:00,2406.12,2407.12,2405.0,2405.01,173.1543
2026-09-03 11:36:00,2405.0,2406.1,2404.49,2405.29,157.7156
2026-09-03 11:39:00,2405.29,2407.0,2404.78,2407.0,336.1867
2026-09-03 11:42:00,2407.0,2409.17,2406.85,2408.71,749.1389
2026-09-03 11:45:00,2408.71,2411.35,2408.56,2408.57,858.6597
2026-09-03 11:48:00,2408.56,2408.98,2405.95,2406.62,401.9871
2026-09-03 11:51:00,2406.63,2408.66,2406.63,2406.79,242.3858
2026-09-03 11:54:00,2406.79,2407.81,2405.65,2406.65,549.68
2026-09-03 11:57:00,2406.66,2408.94,2406.65,2407.2,407.1062
2026-09-03 12:00:00,2407.2,2407.71,2405.86,2407.71,259.4026
2026-09-03 12:03:00,2407.7,2407.71,2405.4,2407.59,193.2385
2026-09-03 12:06:00,2407.59,2407.59,2405.09,2405.59,486.066
2026-09-03 12:09:00,2405.6,2411.13,2405.6,2410.33,365.7383
2026-09-03 12:12:00,2410.33,2410.33,2407.92,2409.77,320.9804
2026-09-03 12:15:00,2409.76,2411.93,2407.94,2407.99,496.9558
2026-09-03 12:18:00,2407.98,2408.0,2405.87,2405.87,691.5728
2026-09-03 12:21:00,2405.87,2408.17,2405.63,2408.17,515.4766
2026-09-03 12:24:00,2408.17,2408.79,2407.45,2407.68,337.8776
2026-09-03 12:27:00,2407.68,2408.4,2407.68,2408.09,390.8883
2026-09-03 12:30:00,2408.1,2423.61,2408.09,2415.93,3541.9644
2026-09-03 12:33:00,2415.93,2417.96,2413.55,2413.64,1420.1561
2026-09-03 12:36:00,2413.63,2418.56,2413.52,2417.62,970.8632
2026-09-03 12:39:00,2417.62,2418.28,2412.24,2412.42,782.4583
2026-09-03 12:42:00,2412.42,2414.26,2411.99,2413.75,681.5856
2026-09-03 12:45:00,2413.75,2417.99,2413.12,2417.6,671.7585
2026-09-03 12:48:00,2417.6,2419.08,2415.95,2416.67,1085.2485
2026-09-03 12:51:00,2416.67,2421.3,2416.45,2420.99,742.0235
2026-09-03 12:54:00,2421.0,2426.99,2421.0,2424.67,3468.8621
2026-09-03 12:57:00,2424.66,2427.0,2423.0,2423.27,968.2513
2026-09-03 13:00:00,2423.27,2424.9,2418.94,2419.85,1290.9686
2026-09-03 13:03:00,2419.85,2423.0,2419.58,2419.88,698.4396
2026-09-03 13:06:00,2419.87,2420.34,2417.28,2419.68,1112.6757
2026-09-03 13:09:00,2419.68,2422.36,2418.01,2421.85,501.4345
2026-09-03 13:12:00,2421.85,2421.86,2418.9,2419.69,387.5788
2026-09-03 13:15:00,2419.7,2420.86,2417.89,2417.9,394.8303
2026-09-03 13:18:00,2417.9,2418.3,2415.87,2417.93,327.3747
2026-09-03 13:21:00,2417.93,2421.54,2417.92,2420.6,470.3808
2026-09-03 13:24:00,2420.6,2421.26,2418.03,2418.97,463.2855
2026-09-03 13:27:00,2418.96,2420.9,2418.85,2420.11,348.9388
2026-09-03 13:30:00,2420.12,2426.97,2418.24,2426.46,1104.187
2026-09-03 13:33:00,2426.45,2433.91,2424.62,2425.99,3091.2932
2026-09-03 13:36:00,2426.0,2432.44,2422.5,2429.67,1745.801
2026-09-03 13:39:00,2429.67,2434.38,2429.67,2434.22,1396.1297
2026-09-03 13:42:00,2434.22,2435.76,2432.32,2435.07,1516.7281
2026-09-03 13:45:00,2435.06,2436.21,2428.71,2429.33,2137.7669
2026-09-03 13:48:00,2429.32,2432.23,2427.79,2431.66,1225.1787
2026-09-03 13:51:00,2431.66,2432.3,2427.53,2427.54,1040.3866
2026-09-03 13:54:00,2427.54,2427.54,2424.71,2425.84,1585.4737
2026-09-03 13:57:00,2425.84,2430.33,2425.83,2430.17,820.5889
2026-09-03 14:00:00,2430.17,2430.98,2425.71,2430.03,924.5945
2026-09-03 14:03:00,2430.04,2432.32,2428.32,2431.91,603.8044
2026-09-03 14:06:00,2431.9,2435.55,2431.62,2435.49,1057.7478
2026-09-03 14:09:00,2435.5,2438.0,2430.73,2437.57,1196.1382
2026-09-03 14:12:00,2437.56,2439.81,2436.0,2439.78,1571.977
2026-09-03 14:15:00,2439.78,2443.78,2438.45,2442.53,2689.583
2026-09-03 14:18:00,2442.53,2444.42,2438.31,2440.68,1754.9278
2026-09-03 14:21:00,2440.68,2445.65,2438.49,2445.63,2136.5184
2026-09-03 14:24:00,2445.64,2449.48,2445.64,2448.97,2502.8927
2026-09-03 14:27:00,2448.97,2451.36,2448.27,2450.79,2042.0223
2026-09-03 14:30:00,2450.79,2464.78,2448.44,2461.9,5780.2993
2026-09-03 14:33:00,2461.9,2463.87,2456.96,2457.17,1773.4872
2026-09-03 14:36:00,2457.18,2461.71,2454.99,2457.86,1906.5475
2026-09-03 14:39:00,2457.86,2459.74,2451.48,2455.24,1559.0339
2026-09-03 14:42:00,2455.25,2461.17,2455.25,2457.04,1428.1156
2026-09-03 14:45:00,2457.04,2467.49,2456.6,2465.29,2103.487
2026-09-03 14:48:00,2465.3,2488.0,2465.12,2479.23,8066.713
2026-09-03 14:51:00,2479.22,2480.4,2473.88,2478.9,2816.543
2026-09-03 14:54:00,2478.89,2481.47,2473.6,2479.99,2093.3192
2026-09-03 14:57:00,2479.99,2489.9,2478.39,2489.46,2998.5061
2026-09-03 15:00:00,2489.46,2503.43,2487.85,2497.09,8186.7469
2026-09-03 15:03:00,2497.09,2497.8,2490.01,2494.88,2717.9782
2026-09-03 15:06:00,2494.87,2496.2,2489.29,2494.07,1883.2825
2026-09-03 15:09:00,2494.06,2496.0,2482.8,2483.16,2560.6605
2026-09-03 15:12:00,2483.17,2488.49,2479.2,2486.27,2559.7434
2026-09-03 15:15:00,2486.27,2489.56,2483.79,2488.87,1654.7558
2026-09-03 15:18:00,2488.88,2489.2,2484.53,2485.45,1477.5213
2026-09-03 15:21:00,2485.44,2492.69,2482.24,2492.42,1388.9409
2026-09-03 15:24:00,2492.42,2493.0,2486.88,2488.82,941.2125
2026-09-03 15:27:00,2488.81,2491.82,2487.95,2490.46,652.351
2026-09-03 15:30:00,2490.46,2493.26,2488.42,2491.06,801.2494
2026-09-03 15:33:00,2491.05,2495.88,2490.88,2494.41,1757.4929
2026-09-03 15:36:00,2494.4,2496.66,2492.0,2494.84,939.2399
2026-09-03 15:39:00,2494.84,2497.57,2493.78,2495.6,882.6357
2026-09-03 15:42:00,2495.6,2497.33,2492.9,2492.9,909.8489
2026-09-03 15:45:00,2492.91,2494.58,2487.6,2489.62,853.4833
2026-09-03 15:48:00,2489.62,2493.94,2487.36,2493.94,685.3288
2026-09-03 15:51:00,2493.94,2512.0,2493.94,2511.32,5778.7849
2026-09-03 15:54:00,2511.32,2513.0,2506.99,2510.32,3776.6388
2026-09-03 15:57:00,2510.31,2517.17,2510.16,2516.58,2443.0696
2026-09-03 16:00:00,2516.58,2519.0,2507.1,2507.75,2937.9319
2026-09-03 16:03:00,2507.74,2508.05,2497.16,2501.39,2954.0946
2026-09-03 16:06:00,2501.39,2505.95,2496.43,2503.52,2069.6062
2026-09-03 16:09:00,2503.53,2504.69,2500.23,2502.48,2193.4134
2026-09-03 16:12:00,2502.47,2502.47,2499.0,2501.02,942.4195
2026-09-03 16:15:00,2501.01,2501.08,2495.29,2495.29,1289.695
2026-09-03 16:18:00,2495.3,2496.9,2492.79,2496.71,1341.7479
2026-09-03 16:21:00,2496.72,2497.21,2492.58,2492.58,817.6302
2026-09-03 16:24:00,2492.59,2494.4,2488.84,2490.45,1336.9064
2026-09-03 16:27:00,2490.45,2493.17,2488.89,2491.85,567.5187
2026-09-03 16:30:00,2491.85,2497.0,2491.85,2496.01,1109.3811
2026-09-03 16:33:00,2496.01,2497.94,2494.43,2494.64,494.5498
2026-09-03 16:36:00,2494.64,2496.35,2492.22,2495.45,917.5746
2026-09-03 16:39:00,2495.45,2495.46,2490.48,2491.79,529.977
2026-09-03 16:42:00,2491.8,2491.96,2488.84,2488.99,354.57
2026-09-03 16:45:00,2488.99,2494.54,2488.38,2494.54,513.4268
2026-09-03 16:48:00,2494.54,2495.77,2493.13,2494.52,371.3418
2026-09-03 16:51:00,2494.53,2496.0,2492.93,2494.17,508.9541
2026-09-03 16:54:00,2494.18,2496.0,2494.18,2494.52,442.1796
2026-09-03 16:57:00,2494.52,2494.69,2492.73,2494.09,364.3572
2026-09-03 17:00:00,2494.1,2494.54,2492.08,2492.3,323.3697
2026-09-03 17:03:00,2492.3,2497.09,2492.19,2497.09,514.3585
2026-09-03 17:06:00,2497.09,2497.09,2492.08,2494.93,374.3471
2026-09-03 17:09:00,2494.92,2497.09,2494.03,2497.07,412.2404
2026-09-03 17:12:00,2497.06,2499.44,2495.91,2499.42,644.4418
2026-09-03 17:15:00,2499.42,2501.4,2497.84,2499.31,946.1498
2026-09-03 17:18:00,2499.32,2499.83,2496.6,2498.64,583.0055
2026-09-03 17:21:00,2498.63,2499.34,2497.58,2497.91,248.2548
2026-09-03 17:24:00,2497.91,2502.61,2496.04,2502.17,716.3693
2026-09-03 17:27:00,2502.17,2503.25,2498.51,2499.61,589.3717
2026-09-03 17:30:00,2499.61,2502.22,2498.66,2502.21,331.8211
2026-09-03 17:33:00,2502.21,2504.12,2501.35,2502.58,494.7295
2026-09-03 17:36:00,2502.59,2505.42,2502.54,2503.72,584.7547
2026-09-03 17:39:00,2503.72,2506.0,2503.2,2503.4,406.3727
2026-09-03 17:42:00,2503.41,2504.17,2502.02,2502.02,1412.916
2026-09-03 17:45:00,2502.02,2505.52,2501.44,2504.92,430.0558
2026-09-03 17:48:00,2504.91,2505.47,2501.95,2503.43,308.448
2026-09-03 17:51:00,2503.44,2504.02,2501.3,2501.35,321.7707
2026-09-03 17:54:00,2501.35,2501.88,2499.71,2501.87,378.2908
2026-09-03 17:57:00,2501.88,2501.88,2499.98,2500.49,339.9948
2026-09-03 18:00:00,2500.49,2502.64,2499.95,2502.36,485.8872
2026-09-03 18:03:00,2502.36,2505.47,2502.36,2502.49,644.5077
2026-09-03 18:06:00,2502.5,2506.45,2502.49,2505.95,450.2416
2026-09-03 18:09:00,2505.95,2509.12,2504.32,2504.32,715.0342
2026-09-03 18:12:00,2504.32,2511.39,2504.27,2507.89,1667.6755
2026-09-03 18:15:00,2507.9,2508.96,2505.69,2505.77,353.4936
2026-09-03 18:18:00,2505.77,2506.59,2504.92,2506.43,358.9315
2026-09-03 18:21:00,2506.42,2506.7,2502.92,2503.4,431.8307
2026-09-03 18:24:00,2503.39,2505.0,2499.87,2500.34,1030.1564
2026-09-03 18:27:00,2500.34,2500.96,2499.71,2500.4,534.6104
2026-09-03 18:30:00,2500.4,2502.58,2499.23,2502.57,581.1152
2026-09-03 18:33:00,2502.58,2503.22,2501.16,2501.75,537.9585
2026-09-03 18:36:00,2501.76,2501.76,2499.41,2500.91,258.1164
2026-09-03 18:39:00,2500.9,2501.49,2499.5,2500.58,578.3747
2026-09-03 18:42:00,2500.58,2500.59,2498.37,2499.02,216.0904
2026-09-03 18:45:00,2499.02,2501.49,2499.01,2501.28,388.826
2026-09-03 18:48:00,2501.28,2506.57,2501.28,2506.56,635.3725
2026-09-03 18:51:00,2506.57,2510.46,2506.46,2510.46,551.1735
2026-09-03 18:54:00,2510.46,2511.71,2508.24,2510.66,571.6038
2026-09-03 18:57:00,2510.66,2514.45,2510.66,2512.8,565.1406
2026-09-03 19:00:00,2512.8,2516.77,2511.9,2514.99,1655.5164
2026-09-03 19:03:00,2514.99,2529.84,2514.99,2518.6,6015.1551
2026-09-03 19:06:00,2518.59,2519.59,2510.12,2510.77,2466.9699
2026-09-03 19:09:00,2510.77,2512.64,2508.89,2508.89,1260.6081
2026-09-03 19:12:00,2508.89,2512.27,2508.58,2509.09,1119.832
2026-09-03 19:15:00,2509.09,2510.2,2507.19,2510.11,790.8014
2026-09-03 19:18:00,2510.11,2517.8,2508.71,2517.8,786.619
2026-09-03 19:21:00,2517.81,2519.0,2515.68,2515.91,853.1417
2026-09-03 19:24:00,2515.9,2516.6,2511.59,2514.25,869.0415
2026-09-03 19:27:00,2514.24,2516.22,2513.98,2514.74,522.6445
2026-09-03 19:30:00,2514.75,2514.75,2508.36,2509.73,652.6118
2026-09-03 19:33:00,2509.74,2512.76,2509.73,2510.28,594.2227
2026-09-03 19:36:00,2510.29,2512.26,2509.55,2512.26,415.7229
2026-09-03 19:39:00,2512.25,2516.16,2512.09,2515.99,761.2221
2026-09-03 19:42:00,2516.0,2517.59,2515.02,2515.67,720.8775
2026-09-03 19:45:00,2515.66,2516.77,2512.44,2512.44,375.3857
2026-09-03 19:48:00,2512.43,2513.47,2510.3,2512.87,669.5445
2026-09-03 19:51:00,2512.86,2517.37,2512.29,2514.38,598.2175
2026-09-03 19:54:00,2514.38,2516.43,2513.46,2516.14,624.902
2026-09-03 19:57:00,2516.15,2518.18,2515.26,2518.18,912.2523
2026-09-03 20:00:00,2518.18,2518.3,2506.11,2511.0,2033.7762
2026-09-03 20:03:00,2511.0,2514.95,2509.98,2514.03,659.6897
2026-09-03 20:06:00,2514.04,2518.06,2512.67,2517.0,512.9993
2026-09-03 20:09:00,2516.99,2517.55,2511.6,2511.93,421.8986
2026-09-03 20:12:00,2511.93,2512.96,2510.56,2511.14,414.7502
2026-09-03 20:15:00,2511.13,2514.36,2510.5,2514.12,257.0342
2026-09-03 20:18:00,2514.12,2514.13,2510.06,2510.06,270.2706
2026-09-03 20:21:00,2510.06,2510.06,2506.92,2507.76,724.027
2026-09-03 20:24:00,2507.76,2510.31,2506.6,2510.3,1083.7921
2026-09-03 20:27:00,2510.31,2511.71,2509.5,2510.17,743.1434
2026-09-03 20:30:00,2510.18,2511.35,2506.66,2506.82,746.3346
2026-09-03 20:33:00,2506.82,2507.39,2505.27,2505.48,298.8969
2026-09-03 20:36:00,2505.47,2507.62,2502.37,2507.62,815.8526
2026-09-03 20:39:00,2507.61,2508.33,2505.95,2505.95,361.2373
2026-09-03 20:42:00,2505.95,2505.96,2503.78,2503.94,234.2124
2026-09-03 20:45:00,2503.95,2505.81,2503.67,2505.34,316.5917
2026-09-03 20:48:00,2505.34,2508.71,2505.33,2508.7,181.3078
2026-09-03 20:51:00,2508.7,2508.7,2505.47,2506.37,250.9509
2026-09-03 20:54:00,2506.38,2506.38,2504.64,2505.56,258.6002
2026-09-03 20:57:00,2505.55,2505.56,2503.67,2505.13,229.3512
2026-09-03 21:00:00,2505.13,2506.53,2504.58,2504.58,248.7934
2026-09-03 21:03:00,2504.59,2504.59,2500.62,2502.72,330.7831
2026-09-03 21:06:00,2502.72,2505.0,2501.0,2502.02,480.9024
2026-09-03 21:09:00,2502.03,2508.0,2502.02,2506.39,421.9559
2026-09-03 21:12:00,2506.38,2512.0,2506.38,2511.78,706.8442
2026-09-03 21:15:00,2511.77,2513.31,2509.78,2512.97,863.3091
2026-09-03 21:18:00,2512.97,2512.97,2509.74,2510.42,584.952
2026-09-03 21:21:00,2510.41,2510.64,2506.99,2506.99,631.7137
2026-09-03 21:24:00,2507.0,2509.0,2506.99,2509.0,733.1582
2026-09-03 21:27:00,2509.0,2513.16,2507.88,2513.15,890.977
2026-09-03 21:30:00,2513.16,2518.62,2513.16,2516.5,1501.8942
2026-09-03 21:33:00,2516.5,2526.19,2516.49,2519.72,2433.327
2026-09-03 21:36:00,2519.71,2519.71,2512.76,2513.32,1270.6765
2026-09-03 21:39:00,2513.33,2514.69,2509.87,2511.42,598.7158
2026-09-03 21:42:00,2511.41,2511.41,2509.0,2509.01,233.9402
2026-09-03 21:45:00,2509.01,2509.94,2506.22,2506.97,492.8118
2026-09-03 21:48:00,2506.97,2514.48,2506.9,2514.41,619.752
2026-09-03 21:51:00,2514.41,2515.5,2512.95,2514.63,347.1243
2026-09-03 21:54:00,2514.63,2516.13,2512.11,2512.42,394.6634
2026-09-03 21:57:00,2512.42,2513.2,2510.64,2511.19,285.9078
2026-09-03 22:00:00,2511.19,2512.57,2505.97,2508.11,608.4658
2026-09-03 22:03:00,2508.1,2512.03,2505.84,2509.9,465.0967
2026-09-03 22:06:00,2509.9,2510.28,2505.99,2506.92,312.3781
2026-09-03 22:09:00,2506.92,2507.0,2504.29,2505.28,503.4914
2026-09-03 22:12:00,2505.3,2505.55,2501.56,2504.26,538.9773
2026-09-03 22:15:00,2504.25,2505.87,2503.62,2505.8,257.2413
2026-09-03 22:18:00,2505.81,2506.24,2503.38,2503.39,440.3113
2026-09-03 22:21:00,2503.38,2505.32,2502.8,2503.01,329.2805
2026-09-03 22:24:00,2503.01,2503.1,2498.15,2498.54,731.8009
2026-09-03 22:27:00,2498.54,2498.55,2494.5,2494.68,724.2366
2026-09-03 22:30:00,2494.68,2496.58,2492.23,2492.4,957.1906
2026-09-03 22:33:00,2492.4,2492.9,2490.13,2492.18,970.8322
2026-09-03 22:36:00,2492.17,2496.47,2492.16,2493.28,575.6352
2026-09-03 22:39:00,2493.27,2495.85,2492.0,2495.85,339.597
2026-09-03 22:42:00,2495.85,2496.92,2495.55,2496.91,353.2048
2026-09-03 22:45:00,2496.92,2500.68,2496.92,2498.71,592.1946
2026-09-03 22:48:00,2498.7,2499.7,2498.17,2499.21,402.2159
2026-09-03 22:51:00,2499.21,2501.36,2498.74,2501.03,281.8468
2026-09-03 22:54:00,2501.03,2501.03,2496.73,2498.1,204.0216
2026-09-03 22:57:00,2498.11,2498.56,2496.44,2496.54,167.5216
2026-09-03 23:00:00,2496.54,2497.27,2495.52,2496.39,242.8874
2026-09-03 23:03:00,2496.4,2498.81,2495.66,2498.77,323.8594
2026-09-03 23:06:00,2498.78,2499.27,2496.81,2499.09,576.0959
2026-09-03 23:09:00,2499.09,2499.44,2495.5,2496.97,627.3589
2026-09-03 23:12:00,2496.98,2498.35,2496.07,2497.13,285.387
2026-09-03 23:15:00,2497.13,2498.93,2496.81,2498.93,336.1878
2026-09-03 23:18:00,2498.92,2499.16,2497.67,2498.83,161.5985
2026-09-03 23:21:00,2498.84,2498.84,2496.71,2497.11,334.9637
2026-09-03 23:24:00,2497.1,2498.9,2495.75,2498.9,136.0122
2026-09-03 23:27:00,2498.9,2502.0,2498.01,2501.99,241.3738
2026-09-03 23:30:00,2501.99,2502.39,2497.88,2499.37,208.7754
2026-09-03 23:33:00,2499.37,2502.83,2498.6,2502.83,200.8137
2026-09-03 23:36:00,2502.83,2504.74,2502.83,2504.32,194.9909
2026-09-03 23:39:00,2504.32,2507.33,2504.31,2506.8,483.7527
2026-09-03 23:42:00,2506.79,2508.33,2505.83,2506.84,345.7361
2026-09-03 23:45:00,2506.85,2508.44,2503.31,2503.57,1006.4078
2026-09-03 23:48:00,2503.58,2507.2,2503.57,2505.8,454.2966
2026-09-03 23:51:00,2505.81,2508.94,2505.81,2508.18,344.16
2026-09-03 23:54:00,2508.18,2509.16,2506.46,2509.14,379.5816
2026-09-03 23:57:00,2509.13,2509.13,2507.5,2507.51,126.6567
2026-09-04 00:00:00,2507.5,2507.63,2505.8,2506.02,816.3784
2026-09-04 00:03:00,2506.01,2506.27,2504.03,2505.75,245.1064
2026-09-04 00:06:00,2505.74,2507.43,2503.0,2503.33,279.0199
2026-09-04 00:09:00,2503.33,2506.73,2503.3,2506.4,529.0309
2026-09-04 00:12:00,2506.4,2509.51,2504.78,2507.76,589.8016
2026-09-04 00:15:00,2507.76,2512.27,2507.75,2510.47,441.1769
2026-09-04 00:18:00,2510.46,2510.71,2505.67,2509.35,673.9512
2026-09-04 00:21:00,2509.34,2509.91,2506.84,2509.48,265.0159
2026-09-04 00:24:00,2509.47,2510.0,2505.0,2506.01,357.3527
2026-09-04 00:27:00,2506.01,2507.45,2505.06,2506.47,249.2253
2026-09-04 00:30:00,2506.46,2510.99,2504.88,2510.8,711.3879
2026-09-04 00:33:00,2510.8,2512.5,2510.74,2512.4,303.9273
2026-09-04 00:36:00,2512.39,2514.59,2512.13,2513.67,549.1092
2026-09-04 00:39:00,2513.66,2515.76,2513.12,2515.34,433.8094
2026-09-04 00:42:00,2515.33,2515.34,2505.23,2506.39,1354.9068
2026-09-04 00:45:00,2506.4,2508.1,2503.92,2505.38,759.7697
2026-09-04 00:48:00,2505.38,2505.38,2502.66,2502.66,546.9285
2026-09-04 00:51:00,2502.67,2507.46,2501.08,2504.51,742.351
2026-09-04 00:54:00,2504.52,2505.48,2502.28,2502.36,499.7795
2026-09-04 00:57:00,2502.36,2503.25,2500.86,2501.48,456.4936
2026-09-04 01:00:00,2501.48,2505.09,2501.48,2502.43,752.7039
2026-09-04 01:03:00,2502.43,2502.43,2497.26,2500.62,626.761
2026-09-04 01:06:00,2500.63,2505.99,2500.63,2504.92,316.2843
2026-09-04 01:09:00,2504.93,2507.76,2504.49,2507.13,279.8963
2026-09-04 01:12:00,2507.13,2507.14,2503.45,2504.11,220.1372
2026-09-04 01:15:00,2504.11,2508.02,2504.11,2506.85,360.6618
2026-09-04 01:18:00,2506.84,2508.54,2506.02,2508.47,399.1037
2026-09-04 01:21:00,2508.48,2509.91,2505.74,2505.75,419.0332
2026-09-04 01:24:00,2505.75,2505.92,2502.31,2504.05,307.0475
2026-09-04 01:27:00,2504.05,2507.48,2502.62,2504.62,382.916
2026-09-04 01:30:00,2504.62,2508.61,2504.07,2504.36,444.2895
2026-09-04 01:33:00,2504.37,2504.49,2500.71,2502.0,319.9395
2026-09-04 01:36:00,2501.99,2503.98,2500.73,2501.86,298.6423
2026-09-04 01:39:00,2501.86,2501.87,2498.65,2500.19,423.4795
2026-09-04 01:42:00,2500.19,2500.19,2498.29,2499.56,196.4831
2026-09-04 01:45:00,2499.56,2500.0,2498.4,2500.0,370.122
2026-09-04 01:48:00,2500.0,2502.82,2500.0,2502.49,281.6859
2026-09-04 01:51:00,2502.5,2505.58,2502.04,2505.44,281.6467
2026-09-04 01:54:00,2505.44,2506.51,2504.59,2506.2,297.5539
2026-09-04 01:57:00,2506.21,2507.98,2506.2,2506.79,331.2321
2026-09-04 02:00:00,2506.79,2506.79,2501.49,2502.88,230.4176
2026-09-04 02:03:00,2502.87,2502.87,2500.31,2501.84,217.8729
2026-09-04 02:06:00,2501.85,2502.33,2500.0,2500.01,99.4479
2026-09-04 02:09:00,2500.01,2502.73,2499.96,2501.45,165.8785
2026-09-04 02:12:00,2501.44,2502.63,2501.33,2502.62,148.7669
2026-09-04 02:15:00,2502.63,2505.39,2502.62,2502.86,202.5579
2026-09-04 02:18:00,2502.86,2503.34,2500.32,2500.77,178.9985
2026-09-04 02:21:00,2500.76,2502.12,2500.21,2501.57,280.6225
2026-09-04 02:24:00,2501.56,2501.57,2499.71,2500.23,110.8499
2026-09-04 02:27:00,2500.24,2500.67,2497.05,2498.99,1496.6648
2026-09-04 02:30:00,2498.99,2501.77,2498.99,2501.75,384.3065
2026-09-04 02:33:00,2501.76,2502.5,2497.08,2498.82,671.4439
2026-09-04 02:36:00,2498.82,2502.64,2498.02,2502.56,322.1315
2026-09-04 02:39:00,2502.57,2504.8,2502.57,2503.49,290.0128
2026-09-04 02:42:00,2503.5,2503.5,2500.67,2500.67,288.6367
2026-09-04 02:45:00,2500.67,2500.68,2499.6,2500.27,342.7163
2026-09-04 02:48:00,2500.26,2500.67,2499.84,2500.54,360.4358
2026-09-04 02:51:00,2500.54,2503.37,2500.54,2503.36,539.9267
2026-09-04 02:54:00,2503.37,2505.19,2503.25,2504.96,440.5163
2026-09-04 02:57:00,2504.96,2507.74,2504.61,2507.74,420.8925
2026-09-04 03:00:00,2507.74,2512.63,2507.68,2512.29,1335.6662
2026-09-04 03:03:00,2512.29,2513.38,2510.79,2513.37,550.6755
2026-09-04 03:06:00,2513.38,2517.2,2512.02,2512.03,2747.3463
2026-09-04 03:09:00,2512.02,2514.08,2510.99,2510.99,772.1792
2026-09-04 03:12:00,2510.98,2511.33,2510.42,2510.99,347.0687
2026-09-04 03:15:00,2510.99,2511.48,2509.42,2510.21,336.0887
2026-09-04 03:18:00,2510.2,2511.84,2510.2,2511.58,498.7435
2026-09-04 03:21:00,2511.58,2511.81,2510.9,2511.25,304.5176
2026-09-04 03:24:00,2511.25,2511.25,2507.75,2507.75,319.6529
2026-09-04 03:27:00,2507.76,2509.23,2507.49,2507.54,274.3808
2026-09-04 03:30:00,2507.54,2509.13,2507.41,2508.37,263.4041
2026-09-04 03:33:00,2508.36,2508.36,2505.43,2507.51,352.5213
2026-09-04 03:36:00,2507.51,2507.51,2505.6,2506.4,225.2766
2026-09-04 03:39:00,2506.41,2506.41,2505.4,2505.79,286.0944
2026-09-04 03:42:00,2505.78,2507.23,2505.39,2506.98,355.9159
2026-09-04 03:45:00,2506.98,2507.23,2505.49,2507.09,302.355
2026-09-04 03:48:00,2507.09,2508.28,2506.08,2506.98,305.1557
2026-09-04 03:51:00,2506.97,2507.11,2505.58,2506.83,183.7391
2026-09-04 03:54:00,2506.83,2507.19,2505.18,2506.18,485.1946
2026-09-04 03:57:00,2506.18,2506.73,2505.13,2505.14,242.2546
2026-09-04 04:00:00,2505.14,2505.14,2502.69,2502.77,624.1613
2026-09-04 04:03:00,2502.76,2504.69,2502.55,2504.38,419.8372
2026-09-04 04:06:00,2504.39,2504.39,2503.07,2503.9,372.0018
2026-09-04 04:09:00,2503.9,2504.29,2502.86,2504.29,416.4209
2026-09-04 04:12:00,2504.29,2507.44,2504.28,2507.43,498.6486
2026-09-04 04:15:00,2507.43,2511.55,2506.94,2508.39,706.6861
2026-09-04 04:18:00,2508.4,2511.7,2508.39,2511.5,309.7583
2026-09-04 04:21:00,2511.5,2516.58,2511.49,2516.57,1158.0184
2026-09-04 04:24:00,2516.58,2518.78,2515.09,2516.99,971.4202
2026-09-04 04:27:00,2517.0,2524.0,2517.0,2523.57,2295.7668
2026-09-04 04:30:00,2523.58,2525.0,2518.33,2521.04,1569.5118
2026-09-04 04:33:00,2521.04,2523.46,2520.01,2520.52,620.7973
2026-09-04 04:36:00,2520.53,2520.73,2517.93,2517.93,433.1209
2026-09-04 04:39:00,2517.94,2518.1,2516.62,2517.44,442.9802
2026-09-04 04:42:00,2517.44,2517.44,2512.26,2512.27,446.5256
2026-09-04 04:45:00,2512.27,2513.67,2511.3,2511.31,438.4028
2026-09-04 04:48:00,2511.31,2511.31,2508.86,2508.87,461.1191
2026-09-04 04:51:00,2508.87,2509.87,2508.39,2509.16,401.4892
2026-09-04 04:54:00,2509.16,2510.49,2508.47,2509.7,649.7679
2026-09-04 04:57:00,2509.69,2509.86,2509.11,2509.4,311.2177
2026-09-04 05:00:00,2509.41,2509.41,2506.84,2508.51,463.1964
2026-09-04 05:03:00,2508.51,2508.74,2507.32,2508.69,406.2501
2026-09-04 05:06:00,2508.7,2514.16,2508.57,2512.49,609.2075
2026-09-04 05:09:00,2512.5,2514.35,2510.62,2511.77,957.9264
2026-09-04 05:12:00,2511.77,2513.27,2511.33,2511.38,287.0747
2026-09-04 05:15:00,2511.39,2513.54,2510.74,2513.53,441.8382
2026-09-04 05:18:00,2513.54,2515.82,2513.24,2513.25,398.3013
2026-09-04 05:21:00,2513.24,2514.73,2512.34,2514.5,399.5052
2026-09-04 05:24:00,2514.5,2516.56,2512.92,2514.01,645.3881
2026-09-04 05:27:00,2514.01,2514.02,2510.69,2511.01,380.6103
2026-09-04 05:30:00,2511.0,2511.09,2507.57,2510.76,682.4248
2026-09-04 05:33:00,2510.77,2511.79,2509.74,2509.75,418.2715
2026-09-04 05:36:00,2509.75,2512.34,2508.91,2510.97,546.8926
2026-09-04 05:39:00,2510.97,2511.31,2508.58,2511.3,386.2348
2026-09-04 05:42:00,2511.31,2512.54,2510.58,2512.53,435.131
2026-09-04 05:45:00,2512.54,2514.07,2509.28,2509.34,605.8573
2026-09-04 05:48:00,2509.33,2509.36,2504.73,2504.74,582.1534
2026-09-04 05:51:00,2504.74,2506.45,2504.52,2505.11,512.7766
2026-09-04 05:54:00,2505.11,2507.9,2504.61,2507.9,376.4295
2026-09-04 05:57:00,2507.91,2510.34,2507.56,2509.25,365.7789
2026-09-04 06:00:00,2509.25,2509.25,2507.05,2508.41,350.7405
2026-09-04 06:03:00,2508.41,2508.76,2507.36,2507.43,404.747
2026-09-04 06:06:00,2507.44,2509.74,2507.43,2509.74,348.404
2026-09-04 06:09:00,2509.73,2513.29,2509.73,2513.12,587.165
2026-09-04 06:12:00,2513.11,2519.08,2512.55,2514.89,1095.0419
2026-09-04 06:15:00,2514.9,2514.9,2512.95,2512.96,324.6673
2026-09-04 06:18:00,2512.96,2513.41,2511.49,2511.49,361.9873
2026-09-04 06:21:00,2511.5,2511.84,2510.71,2511.31,299.2667
2026-09-04 06:24:00,2511.31,2511.31,2505.77,2505.77,422.6292
2026-09-04 06:27:00,2505.78,2507.81,2504.99,2505.61,624.8338
2026-09-04 06:30:00,2505.61,2506.85,2504.99,2506.22,496.161
2026-09-04 06:33:00,2506.23,2506.59,2503.22,2505.24,706.9969
2026-09-04 06:36:00,2505.24,2505.8,2500.19,2505.73,1032.3745
2026-09-04 06:39:00,2505.74,2508.92,2505.73,2507.93,714.6226
2026-09-04 06:42:00,2507.92,2509.0,2507.56,2509.0,495.1437
2026-09-04 06:45:00,2509.0,2509.04,2506.4,2506.42,376.7651
2026-09-04 06:48:00,2506.42,2506.61,2505.38,2505.57,470.6912
2026-09-04 06:51:00,2505.57,2506.34,2504.53,2505.99,339.5925
2026-09-04 06:54:00,2505.99,2508.44,2505.98,2507.61,280.5955
2026-09-04 06:57:00,2507.61,2508.19,2506.99,2508.19,309.8042
2026-09-04 07:00:00,2508.19,2511.24,2507.76,2510.55,569.2751
2026-09-04 07:03:00,2510.54,2513.95,2510.54,2513.36,515.836
2026-09-04 07:06:00,2513.37,2514.77,2512.55,2514.35,889.7589
2026-09-04 07:09:00,2514.35,2515.77,2513.8,2515.58,999.032
2026-09-04 07:12:00,2515.58,2516.5,2514.64,2515.41,1054.4956
2026-09-04 07:15:00,2515.41,2515.41,2512.62,2513.83,880.9464
2026-09-04 07:18:00,2513.83,2515.83,2513.83,2514.5,485.6906
2026-09-04 07:21:00,2514.5,2514.51,2510.81,2510.81,361.9035
2026-09-04 07:24:00,2510.92,2511.45,2509.9,2511.07,313.6776
2026-09-04 07:27:00,2511.07,2513.0,2510.98,2511.34,255.1802
2026-09-04 07:30:00,2511.35,2513.0,2510.38,2511.64,1022.6428
2026-09-04 07:33:00,2511.63,2512.21,2508.94,2509.37,988.9487
2026-09-04 07:36:00,2509.36,2509.36,2506.49,2507.44,883.1286
2026-09-04 07:39:00,2507.44,2507.63,2505.24,2507.63,1114.6479
2026-09-04 07:42:00,2507.62,2507.62,2505.64,2507.16,1000.5977
2026-09-04 07:45:00,2507.15,2507.2,2504.66,2505.87,1249.5504
2026-09-04 07:48:00,2505.86,2508.71,2505.86,2506.34,1174.3588
2026-09-04 07:51:00,2506.35,2507.64,2504.84,2505.63,1282.4847
2026-09-04 07:54:00,2505.62,2505.68,2504.15,2504.51,1629.6477
2026-09-04 07:57:00,2504.5,2504.88,2503.86,2504.39,1288.6822
2026-09-04 08:00:00,2504.39,2506.53,2503.4,2506.28,1170.0221
2026-09-04 08:03:00,2506.27,2507.16,2503.48,2507.16,944.9597
2026-09-04 08:06:00,2507.16,2509.61,2507.14,2509.61,570.7938
2026-09-04 08:09:00,2509.61,2510.71,2508.88,2510.0,535.7048
2026-09-04 08:12:00,2510.0,2513.14,2509.99,2512.93,533.4437
2026-09-04 08:15:00,2512.93,2514.27,2511.58,2513.81,636.3044
2026-09-04 08:18:00,2513.81,2515.69,2513.48,2515.27,559.5125
2026-09-04 08:21:00,2515.26,2515.26,2512.6,2513.97,516.4242
2026-09-04 08:24:00,2513.97,2516.31,2513.97,2515.67,480.1306
2026-09-04 08:27:00,2515.66,2517.21,2514.67,2516.71,871.4993
2026-09-04 08:30:00,2516.71,2519.39,2514.46,2515.09,1019.2961
2026-09-04 08:33:00,2515.1,2520.49,2515.1,2518.44,801.998
2026-09-04 08:36:00,2518.44,2520.98,2517.93,2519.09,894.7235
2026-09-04 08:39:00,2519.1,2521.68,2517.92,2520.99,697.8152
2026-09-04 08:42:00,2520.98,2521.17,2519.07,2519.07,748.7934
2026-09-04 08:45:00,2519.07,2534.47,2516.18,2522.32,7656.5407
2026-09-04 08:48:00,2522.33,2532.63,2520.96,2528.14,1821.9039
2026-09-04 08:51:00,2528.13,2528.14,2522.56,2525.81,1532.1877
2026-09-04 08:54:00,2525.81,2530.77,2523.97,2523.98,1496.226
2026-09-04 08:57:00,2523.97,2527.71,2523.97,2527.15,1154.3571
2026-09-04 09:00:00,2527.16,2532.59,2525.26,2531.89,1968.5684
2026-09-04 09:03:00,2531.89,2532.37,2528.4,2531.45,2923.3586
2026-09-04 09:06:00,2531.44,2531.44,2527.54,2527.54,1208.4433
2026-09-04 09:09:00,2527.54,2532.07,2527.21,2531.78,1507.2709
2026-09-04 09:12:00,2531.77,2536.4,2528.23,2530.28,2192.8373
2026-09-04 09:15:00,2530.28,2544.62,2530.27,2543.59,3160.4163
2026-09-04 09:18:00,2543.58,2546.66,2532.2,2533.04,4450.1421
2026-09-04 09:21:00,2533.05,2533.84,2524.66,2526.38,1904.0402
2026-09-04 09:24:00,2526.39,2526.39,2519.5,2522.12,1512.7339
2026-09-04 09:27:00,2522.12,2525.07,2521.64,2522.37,899.2167
2026-09-04 09:30:00,2522.37,2528.28,2520.0,2527.71,1603.3717
2026-09-04 09:33:00,2527.71,2528.62,2525.0,2525.71,625.2718
2026-09-04 09:36:00,2525.71,2532.99,2525.71,2532.99,905.8538
2026-09-04 09:39:00,2532.99,2533.23,2528.36,2530.86,1208.7424
2026-09-04 09:42:00,2530.86,2530.93,2528.77,2529.48,473.3716
2026-09-04 09:45:00,2529.47,2531.23,2524.62,2524.62,747.1258
2026-09-04 09:48:00,2524.62,2525.03,2523.05,2523.22,597.1411
2026-09-04 09:51:00,2523.22,2523.22,2520.77,2521.99,674.6189
2026-09-04 09:54:00,2521.98,2526.25,2521.98,2524.44,1208.5349
2026-09-04 09:57:00,2524.44,2524.44,2521.33,2521.33,360.7106
2026-09-04 10:00:00,2521.33,2524.6,2518.41,2524.6,892.0203
2026-09-04 10:03:00,2524.59,2525.0,2521.45,2521.61,843.4238
2026-09-04 10:06:00,2521.62,2522.34,2519.52,2521.3,564.1444
2026-09-04 10:09:00,2521.29,2521.29,2516.98,2519.98,1077.3521
2026-09-04 10:12:00,2519.99,2521.62,2519.24,2519.99,464.7705
2026-09-04 10:15:00,2519.99,2520.35,2514.67,2515.29,813.3325
2026-09-04 10:18:00,2515.3,2518.66,2515.01,2517.3,739.7302
2026-09-04 10:21:00,2517.3,2518.98,2516.37,2516.38,437.6674
2026-09-04 10:24:00,2516.37,2518.61,2516.16,2516.76,709.2887
2026-09-04 10:27:00,2516.76,2522.03,2516.68,2521.06,834.3795
2026-09-04 10:30:00,2521.07,2524.21,2519.53,2524.16,444.176
2026-09-04 10:33:00,2524.17,2525.6,2522.35,2524.04,445.1759
2026-09-04 10:36:00,2524.05,2527.45,2523.2,2525.86,797.8029
2026-09-04 10:39:00,2525.86,2528.51,2525.73,2526.52,570.1024
2026-09-04 10:42:00,2526.52,2528.03,2526.52,2527.91,325.9829
2026-09-04 10:45:00,2527.92,2528.3,2526.29,2527.14,713.5852
2026-09-04 10:48:00,2527.15,2528.11,2523.45,2523.51,764.5528
2026-09-04 10:51:00,2523.51,2523.89,2522.84,2523.33,406.1812
2026-09-04 10:54:00,2523.34,2525.83,2523.33,2525.72,529.2335
2026-09-04 10:57:00,2525.72,2526.69,2525.53,2526.52,348.5489
2026-09-04 11:00:00,2526.52,2526.52,2522.12,2522.12,462.8324
2026-09-04 11:03:00,2522.13,2523.28,2520.43,2522.59,585.1296
2026-09-04 11:06:00,2522.6,2525.33,2521.97,2524.98,621.9703
2026-09-04 11:09:00,2524.98,2524.98,2522.12,2522.26,531.5949
2026-09-04 11:12:00,2522.26,2524.52,2522.25,2522.62,484.7038
2026-09-04 11:15:00,2522.62,2525.13,2521.75,2522.7,666.3669
2026-09-04 11:18:00,2522.69,2524.6,2521.58,2522.85,672.2834
2026-09-04 11:21:00,2522.85,2525.8,2521.8,2523.95,535.9717
2026-09-04 11:24:00,2523.95,2525.92,2523.92,2525.49,765.7786
2026-09-04 11:27:00,2525.49,2526.9,2525.12,2525.6,704.2281
2026-09-04 11:30:00,2525.59,2525.59,2523.35,2524.99,2355.2231
2026-09-04 11:33:00,2524.99,2524.99,2522.97,2524.22,560.698
2026-09-04 11:36:00,2524.22,2527.89,2523.99,2526.77,624.3219
2026-09-04 11:39:00,2526.77,2526.77,2525.05,2525.22,190.0667
2026-09-04 11:42:00,2525.22,2525.88,2523.03,2525.3,455.0318
2026-09-04 11:45:00,2525.29,2526.1,2524.36,2525.43,295.1162
2026-09-04 11:48:00,2525.43,2526.12,2524.86,2526.11,306.826
2026-09-04 11:51:00,2526.12,2527.78,2524.72,2525.08,378.6603
2026-09-04 11:54:00,2525.07,2525.6,2523.79,2524.01,816.0186
2026-09-04 11:57:00,2524.01,2524.01,2521.87,2523.02,239.1565
2026-09-04 12:00:00,2523.03,2524.74,2520.97,2523.8,1970.7732
2026-09-04 12:03:00,2523.8,2525.0,2522.51,2523.45,468.1688
2026-09-04 12:06:00,2523.44,2524.86,2521.0,2524.22,1174.489
2026-09-04 12:09:00,2524.23,2525.7,2521.0,2521.94,1413.3966
2026-09-04 12:12:00,2521.93,2525.22,2521.0,2524.64,742.7314
2026-09-04 12:15:00,2524.64,2524.65,2520.43,2522.22,1830.6574
2026-09-04 12:18:00,2522.22,2522.22,2519.61,2520.97,485.0335
2026-09-04 12:21:00,2520.96,2521.94,2519.73,2520.11,309.4723
2026-09-04 12:24:00,2520.11,2526.24,2520.11,2525.61,320.3201
2026-09-04 12:27:00,2525.61,2532.21,2524.22,2530.13,1141.0555
2026-09-04 12:30:00,2530.13,2530.13,2436.07,2454.66,38436.5982
2026-09-04 12:33:00,2454.65,2462.64,2445.34,2455.24,9614.0989
2026-09-04 12:36:00,2455.24,2457.93,2440.34,2452.12,7202.112
2026-09-04 12:39:00,2452.15,2464.68,2451.99,2463.2,5140.9876
2026-09-04 12:42:00,2463.21,2468.79,2448.78,2451.24,9781.8243
2026-09-04 12:45:00,2451.25,2451.53,2434.69,2444.41,12198.3738
2026-09-04 12:48:00,2444.42,2452.78,2442.25,2452.52,4126.2516
2026-09-04 12:51:00,2452.52,2456.9,2451.92,2456.74,2729.8516
2026-09-04 12:54:00,2456.74,2458.26,2446.35,2447.38,2864.2812
2026-09-04 12:57:00,2447.39,2454.23,2446.61,2451.24,1555.552
2026-09-04 13:00:00,2451.25,2454.0,2446.44,2454.0,2854.4159
2026-09-04 13:03:00,2454.0,2454.63,2446.43,2449.58,1789.0112
2026-09-04 13:06:00,2449.58,2451.56,2445.42,2451.24,1943.7791
2026-09-04 13:09:00,2451.24,2453.32,2446.42,2447.82,1495.1553
2026-09-04 13:12:00,2447.82,2449.51,2445.0,2446.05,1656.2065
2026-09-04 13:15:00,2446.06,2454.61,2445.03,2453.35,1696.5982
2026-09-04 13:18:00,2453.34,2453.5,2451.0,2452.17,1305.4474
2026-09-04 13:21:00,2452.17,2454.61,2451.46,2453.5,1107.0725
2026-09-04 13:24:00,2453.5,2455.43,2451.36,2452.45,821.834
2026-09-04 13:27:00,2452.45,2452.55,2448.89,2449.97,949.6381
2026-09-04 13:30:00,2449.98,2457.03,2449.28,2450.57,1745.0078
2026-09-04 13:33:00,2450.57,2451.09,2438.84,2439.06,2503.9743
2026-09-04 13:36:00,2439.06,2450.57,2435.38,2447.94,2606.0529
2026-09-04 13:39:00,2447.94,2450.38,2445.26,2448.23,1712.479
2026-09-04 13:42:00,2448.23,2451.7,2445.11,2450.56,1572.5609
2026-09-04 13:45:00,2450.56,2463.74,2448.25,2463.74,2739.6131
2026-09-04 13:48:00,2463.75,2463.86,2456.82,2456.83,1389.8983
2026-09-04 13:51:00,2456.83,2458.57,2447.72,2448.0,1633.8218
2026-09-04 13:54:00,2447.99,2452.87,2447.99,2452.1,1173.8203
2026-09-04 13:57:00,2452.11,2456.48,2450.56,2452.27,773.5645
2026-09-04 14:00:00,2452.26,2458.49,2451.4,2456.26,975.6
2026-09-04 14:03:00,2456.25,2456.77,2453.7,2455.29,834.8799
2026-09-04 14:06:00,2455.3,2457.14,2449.15,2450.94,1842.0651
2026-09-04 14:09:00,2450.95,2452.32,2450.0,2452.18,1280.5959
2026-09-04 14:12:00,2452.18,2455.37,2447.78,2453.95,1122.0462
2026-09-04 14:15:00,2453.95,2456.16,2448.07,2448.77,827.5132
2026-09-04 14:18:00,2448.78,2450.6,2443.4,2448.55,2424.8525
2026-09-04 14:21:00,2448.55,2454.67,2448.55,2453.72,2663.3181
2026-09-04 14:24:00,2453.73,2455.73,2450.83,2452.02,1008.0416
2026-09-04 14:27:00,2452.02,2454.82,2452.02,2453.81,496.5613
2026-09-04 14:30:00,2453.81,2455.69,2453.21,2455.68,666.7486
2026-09-04 14:33:00,2455.68,2458.12,2452.24,2457.25,857.4723
2026-09-04 14:36:00,2457.24,2457.92,2449.3,2450.6,1157.4955
2026-09-04 14:39:00,2450.6,2452.07,2446.0,2448.17,749.4315
2026-09-04 14:42:00,2448.17,2448.48,2438.85,2444.2,3018.3171
2026-09-04 14:45:00,2444.21,2448.13,2437.77,2439.35,1901.7998
2026-09-04 14:48:00,2439.36,2442.31,2431.61,2442.12,3482.2456
2026-09-04 14:51:00,2442.12,2442.13,2438.46,2440.06,1324.9724
2026-09-04 14:54:00,2440.07,2443.19,2437.94,2442.16,851.8802
2026-09-04 14:57:00,2442.15,2443.42,2440.0,2440.18,919.9826
2026-09-04 15:00:00,2440.19,2441.18,2437.95,2441.07,887.8214
2026-09-04 15:03:00,2441.07,2443.3,2440.3,2442.73,460.4881
2026-09-04 15:06:00,2442.72,2446.27,2442.1,2445.04,691.7109
2026-09-04 15:09:00,2445.04,2448.04,2445.04,2446.66,788.4975
2026-09-04 15:12:00,2446.66,2448.72,2445.48,2448.72,546.873
2026-09-04 15:15:00,2448.73,2450.43,2448.02,2450.12,516.3034
2026-09-04 15:18:00,2450.11,2452.05,2449.55,2451.25,747.8594
2026-09-04 15:21:00,2451.24,2451.44,2450.0,2451.02,383.515
2026-09-04 15:24:00,2451.01,2455.93,2451.01,2455.39,680.3002
2026-09-04 15:27:00,2455.39,2456.34,2453.38,2454.49,719.7622
2026-09-04 15:30:00,2454.5,2456.71,2453.28,2454.47,974.3976
2026-09-04 15:33:00,2454.46,2455.2,2452.68,2454.01,358.7938
2026-09-04 15:36:00,2454.01,2456.0,2453.27,2454.68,686.8227
2026-09-04 15:39:00,2454.67,2458.76,2454.67,2457.1,646.9559
2026-09-04 15:42:00,2457.09,2457.1,2455.62,2455.79,586.2751
2026-09-04 15:45:00,2455.79,2456.26,2452.57,2453.89,489.8933
2026-09-04 15:48:00,2453.88,2455.75,2450.39,2453.74,866.3518
2026-09-04 15:51:00,2453.73,2455.56,2452.85,2453.74,425.7521
2026-09-04 15:54:00,2453.75,2455.8,2453.04,2453.04,402.579
2026-09-04 15:57:00,2453.04,2453.23,2451.82,2451.98,322.1293
2026-09-04 16:00:00,2451.98,2452.81,2450.1,2451.91,559.9118
2026-09-04 16:03:00,2451.91,2452.81,2450.67,2452.66,195.9284
2026-09-04 16:06:00,2452.67,2454.45,2450.98,2452.72,331.1375
2026-09-04 16:09:00,2452.72,2453.37,2452.2,2453.36,311.4857
2026-09-04 16:12:00,2453.37,2453.49,2450.29,2450.58,659.5164
2026-09-04 16:15:00,2450.57,2452.89,2450.49,2452.25,368.9993
2026-09-04 16:18:00,2452.25,2453.0,2451.49,2452.99,312.876
2026-09-04 16:21:00,2453.0,2454.06,2451.16,2451.84,1139.8419
2026-09-04 16:24:00,2451.83,2452.53,2451.0,2451.34,1308.0311
2026-09-04 16:27:00,2451.35,2454.28,2451.34,2454.27,219.278
2026-09-04 16:30:00,2454.27,2458.06,2454.26,2457.92,461.3111
2026-09-04 16:33:00,2457.92,2462.03,2457.66,2459.6,1124.1455
2026-09-04 16:36:00,2459.6,2460.26,2456.18,2456.19,614.3637
2026-09-04 16:39:00,2456.18,2461.29,2456.18,2460.64,511.9264
2026-09-04 16:42:00,2460.63,2461.09,2458.69,2461.08,478.6808
2026-09-04 16:45:00,2461.09,2461.65,2459.38,2461.07,755.0807
2026-09-04 16:48:00,2461.07,2462.36,2460.34,2461.74,834.5881
2026-09-04 16:51:00,2461.73,2464.49,2460.66,2461.62,744.703
2026-09-04 16:54:00,2461.63,2463.33,2460.19,2460.2,1473.9069
2026-09-04 16:57:00,2460.21,2461.04,2459.02,2460.23,1248.7115
2026-09-04 17:00:00,2460.24,2460.81,2456.59,2457.0,979.0915
2026-09-04 17:03:00,2456.99,2457.84,2455.6,2457.23,1029.1434
2026-09-04 17:06:00,2457.22,2457.57,2456.41,2456.93,764.1504
2026-09-04 17:09:00,2456.93,2457.12,2454.82,2455.42,642.7058
2026-09-04 17:12:00,2455.39,2455.86,2451.41,2452.04,882.8269
2026-09-04 17:15:00,2452.04,2452.05,2448.91,2449.69,1113.8326
2026-09-04 17:18:00,2449.69,2452.24,2449.69,2451.14,726.3307
2026-09-04 17:21:00,2451.15,2452.05,2450.0,2450.27,597.9268
2026-09-04 17:24:00,2450.27,2450.76,2449.46,2450.59,1088.2464
2026-09-04 17:27:00,2450.59,2450.74,2447.08,2447.76,748.6853
2026-09-04 17:30:00,2447.77,2450.21,2447.76,2449.26,734.5107
2026-09-04 17:33:00,2449.27,2449.89,2448.0,2448.54,655.6701
2026-09-04 17:36:00,2448.54,2449.78,2446.68,2449.78,867.695
2026-09-04 17:39:00,2449.77,2449.78,2447.33,2447.33,657.6886
2026-09-04 17:42:00,2447.34,2447.8,2444.44,2447.03,1392.3384
2026-09-04 17:45:00,2447.03,2447.27,2445.22,2446.86,687.3842
2026-09-04 17:48:00,2446.86,2446.86,2444.37,2444.98,1131.5329
2026-09-04 17:51:00,2444.97,2444.98,2443.04,2444.95,614.6177
2026-09-04 17:54:00,2444.95,2446.56,2444.94,2446.18,447.2194
2026-09-04 17:57:00,2446.18,2446.56,2445.35,2445.36,404.4944
2026-09-04 18:00:00,2445.35,2448.9,2445.35,2447.51,663.9744
2026-09-04 18:03:00,2447.52,2449.82,2447.51,2449.82,478.3376
2026-09-04 18:06:00,2449.81,2450.0,2446.69,2447.98,776.8838
2026-09-04 18:09:00,2447.98,2448.43,2447.04,2447.58,336.0042
2026-09-04 18:12:00,2447.58,2447.58,2444.66,2445.19,501.1225
2026-09-04 18:15:00,2445.19,2448.75,2445.19,2448.74,461.1196
2026-09-04 18:18:00,2448.74,2449.4,2447.65,2449.23,342.0359
2026-09-04 18:21:00,2449.24,2449.44,2448.46,2448.84,328.8586
2026-09-04 18:24:00,2448.83,2449.15,2448.27,2448.28,428.9159
2026-09-04 18:27:00,2448.28,2449.2,2447.64,2448.0,520.7818
2026-09-04 18:30:00,2448.0,2451.11,2448.0,2450.93,511.1217
2026-09-04 18:33:00,2450.93,2451.12,2449.29,2449.63,542.0137
2026-09-04 18:36:00,2449.64,2451.0,2449.02,2451.0,344.8851
2026-09-04 18:39:00,2451.0,2452.13,2450.72,2450.94,484.3389
2026-09-04 18:42:00,2450.95,2451.71,2450.88,2451.18,325.1205
2026-09-04 18:45:00,2451.17,2451.5,2450.36,2450.94,411.5372
2026-09-04 18:48:00,2450.94,2451.0,2449.99,2450.05,331.3691
2026-09-04 18:51:00,2450.05,2450.3,2449.1,2449.99,482.7263
2026-09-04 18:54:00,2449.99,2450.38,2449.4,2449.4,257.4901
2026-09-04 18:57:00,2449.4,2451.0,2449.4,2450.74,338.3326
2026-09-04 19:00:00,2450.75,2455.0,2450.75,2454.69,495.2713
2026-09-04 19:03:00,2454.7,2455.3,2453.95,2454.19,588.2964
2026-09-04 19:06:00,2454.19,2455.2,2454.19,2454.76,408.4017
2026-09-04 19:09:00,2454.76,2454.76,2451.95,2452.29,490.9389
2026-09-04 19:12:00,2452.29,2454.25,2452.07,2454.25,301.8076
2026-09-04 19:15:00,2454.25,2455.66,2453.95,2455.65,889.7057
2026-09-04 19:18:00,2455.65,2456.63,2455.65,2456.62,475.2733
2026-09-04 19:21:00,2456.62,2456.63,2455.0,2456.25,324.1641
2026-09-04 19:24:00,2456.25,2457.45,2455.9,2456.94,651.9397
2026-09-04 19:27:00,2456.95,2457.75,2456.95,2457.56,327.934
2026-09-04 19:30:00,2457.56,2457.56,2455.24,2455.33,382.2985
2026-09-04 19:33:00,2455.33,2457.0,2455.28,2455.73,382.4739
2026-09-04 19:36:00,2455.73,2456.22,2454.17,2454.17,474.9532
2026-09-04 19:39:00,2454.18,2456.16,2454.0,2455.43,348.9373
2026-09-04 19:42:00,2455.43,2456.06,2453.05,2454.73,1064.8013
2026-09-04 19:45:00,2454.73,2455.96,2454.21,2455.96,364.8433
2026-09-04 19:48:00,2455.96,2457.0,2455.95,2456.46,458.837
2026-09-04 19:51:00,2456.47,2456.88,2454.0,2454.01,567.2796
2026-09-04 19:54:00,2454.01,2456.35,2454.01,2456.34,481.9947
2026-09-04 19:57:00,2456.34,2457.32,2454.83,2455.84,776.3884
2026-09-04 20:00:00,2455.85,2458.91,2455.13,2457.11,590.2542
2026-09-04 20:03:00,2457.1,2457.81,2456.37,2456.52,250.398
2026-09-04 20:06:00,2456.52,2456.53,2454.4,2455.66,189.485
2026-09-04 20:09:00,2455.65,2455.91,2454.74,2455.32,111.2972
2026-09-04 20:12:00,2455.32,2455.33,2453.04,2453.88,111.4289
2026-09-04 20:15:00,2453.88,2455.22,2453.2,2453.87,326.3488
2026-09-04 20:18:00,2453.86,2457.44,2453.42,2457.44,559.8136
2026-09-04 20:21:00,2457.44,2457.44,2454.5,2454.5,596.3358
2026-09-04 20:24:00,2454.51,2454.51,2452.98,2453.32,307.5769
2026-09-04 20:27:00,2453.33,2453.85,2452.63,2453.21,223.8951
2026-09-04 20:30:00,2453.2,2453.54,2452.51,2453.22,129.2727
2026-09-04 20:33:00,2453.22,2453.28,2452.22,2453.28,159.7891
2026-09-04 20:36:00,2453.27,2454.89,2452.81,2453.03,324.3697
2026-09-04 20:39:00,2453.03,2453.92,2453.03,2453.23,344.3393
2026-09-04 20:42:00,2453.23,2454.24,2452.43,2453.95,225.5498
2026-09-04 20:45:00,2453.96,2454.7,2453.66,2454.7,130.1243
2026-09-04 20:48:00,2454.69,2455.51,2452.8,2452.8,143.05
2026-09-04 20:51:00,2452.79,2452.81,2450.8,2452.27,271.9491
2026-09-04 20:54:00,2452.26,2452.73,2450.96,2451.39,156.9943
2026-09-04 20:57:00,2451.4,2452.28,2451.17,2451.18,148.0611
2026-09-04 21:00:00,2451.19,2452.82,2450.61,2452.72,265.5468
2026-09-04 21:03:00,2452.71,2453.19,2452.32,2452.71,167.4588
2026-09-04 21:06:00,2452.71,2454.7,2452.7,2454.69,305.2936
2026-09-04 21:09:00,2454.69,2454.69,2452.71,2454.24,178.5424
2026-09-04 21:12:00,2454.25,2454.57,2453.33,2453.34,290.4736
2026-09-04 21:15:00,2453.33,2454.43,2453.33,2454.42,135.0108
2026-09-04 21:18:00,2454.43,2454.91,2454.28,2454.91,246.8008
2026-09-04 21:21:00,2454.9,2454.91,2454.03,2454.03,149.7029
2026-09-04 21:24:00,2454.03,2454.04,2452.95,2453.25,166.1951
2026-09-04 21:27:00,2453.25,2453.88,2452.25,2452.8,378.5345
2026-09-04 21:30:00,2452.8,2454.91,2452.72,2454.87,354.2746
2026-09-04 21:33:00,2454.87,2455.41,2454.3,2455.4,421.3603
2026-09-04 21:36:00,2455.41,2455.72,2455.37,2455.69,117.012
2026-09-04 21:39:00,2455.7,2456.65,2454.77,2456.64,935.9752
2026-09-04 21:42:00,2456.64,2456.79,2455.5,2456.24,419.7504
2026-09-04 21:45:00,2456.25,2456.84,2455.96,2456.66,217.096
2026-09-04 21:48:00,2456.66,2456.83,2454.07,2455.65,262.8621
2026-09-04 21:51:00,2455.66,2455.76,2449.81,2450.94,631.992
2026-09-04 21:54:00,2450.94,2452.61,2450.94,2452.25,476.54
2026-09-04 21:57:00,2452.25,2453.17,2451.58,2451.8,435.5971
2026-09-04 22:00:00,2451.79,2454.57,2451.79,2453.79,810.7325
2026-09-04 22:03:00,2453.78,2454.26,2452.23,2452.23,135.4082
2026-09-04 22:06:00,2452.23,2452.74,2452.2,2452.47,204.6321
2026-09-04 22:09:00,2452.46,2452.89,2451.61,2451.72,116.409
2026-09-04 22:12:00,2451.72,2453.16,2451.41,2452.59,503.1232
2026-09-04 22:15:00,2452.58,2452.59,2451.03,2452.43,270.4423
2026-09-04 22:18:00,2452.44,2452.55,2451.43,2452.38,139.3606
2026-09-04 22:21:00,2452.39,2453.05,2452.38,2453.04,76.0935
2026-09-04 22:24:00,2453.05,2453.05,2451.51,2451.86,242.2728
2026-09-04 22:27:00,2451.86,2452.47,2451.29,2452.47,208.4858
2026-09-04 22:30:00,2452.47,2453.04,2452.46,2452.83,72.4256
2026-09-04 22:33:00,2452.84,2454.23,2452.83,2454.22,141.338
2026-09-04 22:36:00,2454.22,2454.41,2453.9,2453.91,111.0357
2026-09-04 22:39:00,2453.91,2453.91,2453.44,2453.44,50.796
2026-09-04 22:42:00,2453.45,2453.45,2452.17,2452.18,109.421
2026-09-04 22:45:00,2452.17,2452.19,2451.0,2451.21,133.6624
2026-09-04 22:48:00,2451.2,2451.78,2451.2,2451.77,120.3862
2026-09-04 22:51:00,2451.78,2452.48,2451.66,2451.67,71.8358
2026-09-04 22:54:00,2451.67,2451.67,2451.03,2451.04,146.878
2026-09-04 22:57:00,2451.04,2451.5,2450.56,2451.31,146.4688
2026-09-04 23:00:00,2451.32,2451.32,2450.0,2450.0,79.5658
2026-09-04 23:03:00,2450.01,2451.75,2450.0,2450.91,210.8349
2026-09-04 23:06:00,2450.91,2451.21,2450.86,2451.15,87.6933
2026-09-04 23:09:00,2451.15,2451.16,2450.73,2450.73,140.5009
2026-09-04 23:12:00,2450.74,2451.08,2450.13,2450.57,122.4925
2026-09-04 23:15:00,2450.57,2451.21,2450.56,2451.09,62.3605
2026-09-04 23:18:00,2451.08,2453.15,2450.49,2452.93,394.0426
2026-09-04 23:21:00,2452.93,2454.26,2452.92,2454.11,175.0803
2026-09-04 23:24:00,2454.11,2454.66,2453.57,2454.34,180.6353
2026-09-04 23:27:00,2454.34,2455.02,2453.8,2453.8,95.2595
2026-09-04 23:30:00,2453.81,2453.81,2452.69,2452.69,63.8605
2026-09-04 23:33:00,2452.69,2453.72,2452.69,2453.72,122.1806
2026-09-04 23:36:00,2453.71,2453.87,2453.62,2453.62,70.0388
2026-09-04 23:39:00,2453.63,2453.64,2453.62,2453.64,38.5821
2026-09-04 23:42:00,2453.63,2453.64,2453.41,2453.49,69.9835
2026-09-04 23:45:00,2453.49,2454.67,2453.48,2454.55,288.9701
2026-09-04 23:48:00,2454.55,2454.76,2454.44,2454.67,147.2977
2026-09-04 23:51:00,2454.68,2455.0,2454.19,2454.36,306.29
2026-09-04 23:54:00,2454.35,2456.02,2454.23,2455.91,309.3523
2026-09-04 23:57:00,2455.91,2455.92,2455.72,2455.85,131.351
2026-09-05 00:00:00,2455.86,2455.91,2454.94,2454.94,153.8144
2026-09-05 00:03:00,2454.95,2454.95,2454.94,2454.95,91.6264
2026-09-05 00:06:00,2454.94,2454.95,2453.38,2453.57,285.5905
2026-09-05 00:09:00,2453.58,2456.22,2453.58,2456.21,124.914
2026-09-05 00:12:00,2456.22,2456.58,2454.32,2454.61,284.7024
2026-09-05 00:15:00,2454.61,2454.61,2453.23,2453.24,60.2474
2026-09-05 00:18:00,2453.24,2454.24,2453.23,2453.85,140.089
2026-09-05 00:21:00,2453.84,2454.1,2453.26,2453.26,83.7682
2026-09-05 00:24:00,2453.27,2453.63,2453.0,2453.58,106.1095
2026-09-05 00:27:00,2453.59,2453.59,2452.59,2452.95,100.0646
2026-09-05 00:30:00,2452.95,2453.88,2452.94,2452.95,113.4966
2026-09-05 00:33:00,2452.94,2453.01,2451.82,2452.25,147.2439
2026-09-05 00:36:00,2452.25,2454.15,2452.24,2454.15,84.454
2026-09-05 00:39:00,2454.16,2455.86,2454.16,2455.05,349.2668
2026-09-05 00:42:00,2455.05,2455.67,2454.22,2454.22,257.3595
2026-09-05 00:45:00,2454.22,2454.23,2451.69,2453.07,331.6808
2026-09-05 00:48:00,2453.06,2454.02,2452.61,2453.85,79.893
2026-09-05 00:51:00,2453.84,2455.08,2453.84,2454.38,108.2211
2026-09-05 00:54:00,2454.37,2455.26,2453.33,2453.53,260.7136
2026-09-05 00:57:00,2453.53,2453.78,2451.7,2452.14,131.9365
2026-09-05 01:00:00,2452.15,2453.09,2451.99,2451.99,63.9182
2026-09-05 01:03:00,2451.99,2454.09,2451.51,2454.09,302.9591
2026-09-05 01:06:00,2454.1,2455.13,2453.43,2454.77,135.181
2026-09-05 01:09:00,2454.78,2455.6,2454.77,2455.59,79.7079
2026-09-05 01:12:00,2455.59,2455.73,2453.37,2453.37,407.0497
2026-09-05 01:15:00,2453.37,2455.65,2453.37,2455.64,110.1924
2026-09-05 01:18:00,2455.64,2455.65,2453.66,2453.66,101.8151
2026-09-05 01:21:00,2453.66,2453.67,2453.0,2453.01,207.6673
2026-09-05 01:24:00,2453.0,2453.84,2452.89,2452.89,129.2726
2026-09-05 01:27:00,2452.89,2456.21,2452.49,2456.2,393.3104
2026-09-05 01:30:00,2456.21,2456.21,2455.0,2455.41,172.7527
2026-09-05 01:33:00,2455.41,2455.62,2454.46,2454.47,129.2913
2026-09-05 01:36:00,2454.46,2454.91,2453.8,2454.27,141.3546
2026-09-05 01:39:00,2454.27,2454.63,2453.36,2454.53,184.8786
2026-09-05 01:42:00,2454.52,2454.52,2453.51,2453.88,89.8534
2026-09-05 01:45:00,2453.88,2454.86,2453.87,2454.85,74.3503
2026-09-05 01:48:00,2454.85,2454.96,2452.04,2452.61,589.0032
2026-09-05 01:51:00,2452.62,2453.87,2452.62,2453.55,150.701
2026-09-05 01:54:00,2453.55,2453.56,2452.5,2452.5,90.0032
2026-09-05 01:57:00,2452.5,2452.51,2451.95,2451.95,131.5096
2026-09-05 02:00:00,2451.95,2451.96,2450.5,2450.54,296.427
2026-09-05 02:03:00,2450.53,2451.06,2450.12,2450.86,149.8358
2026-09-05 02:06:00,2450.85,2451.41,2450.68,2451.37,176.2104
2026-09-05 02:09:00,2451.37,2452.23,2451.36,2452.0,103.6387
2026-09-05 02:12:00,2452.0,2452.65,2452.0,2452.03,76.109
2026-09-05 02:15:00,2452.04,2452.9,2452.03,2452.88,105.0828
2026-09-05 02:18:00,2452.88,2452.89,2452.12,2452.12,46.8256
2026-09-05 02:21:00,2452.13,2453.04,2452.12,2453.03,120.8657
2026-09-05 02:24:00,2453.04,2453.06,2453.03,2453.06,27.7737
2026-09-05 02:27:00,2453.05,2453.07,2450.67,2450.84,369.7068
2026-09-05 02:30:00,2450.84,2451.95,2450.84,2451.91,79.8354
2026-09-05 02:33:00,2451.9,2452.38,2450.34,2451.66,313.665
2026-09-05 02:36:00,2451.67,2452.77,2451.67,2452.6,80.6769
2026-09-05 02:39:00,2452.61,2453.12,2452.55,2453.11,171.3632
2026-09-05 02:42:00,2453.11,2453.12,2453.0,2453.0,130.4121
2026-09-05 02:45:00,2453.01,2453.01,2451.34,2451.34,112.767
2026-09-05 02:48:00,2451.35,2451.77,2450.6,2450.61,290.0644
2026-09-05 02:51:00,2450.6,2451.91,2450.39,2451.9,64.316
2026-09-05 02:54:00,2451.9,2452.53,2451.9,2452.4,159.4878
2026-09-05 02:57:00,2452.4,2453.17,2452.4,2453.17,60.0103
2026-09-05 03:00:00,2453.17,2453.17,2452.05,2452.12,128.612
2026-09-05 03:03:00,2452.12,2452.34,2452.06,2452.33,22.2532
2026-09-05 03:06:00,2452.34,2452.34,2451.56,2451.56,106.187
2026-09-05 03:09:00,2451.57,2452.75,2451.09,2451.86,223.9355
2026-09-05 03:12:00,2451.86,2452.48,2451.85,2452.46,121.6062
2026-09-05 03:15:00,2452.46,2453.88,2452.46,2452.47,289.4606
2026-09-05 03:18:00,2452.48,2453.07,2452.47,2452.87,92.2384
2026-09-05 03:21:00,2452.86,2453.62,2452.09,2453.61,272.406
2026-09-05 03:24:00,2453.61,2453.62,2452.78,2453.05,85.7819
2026-09-05 03:27:00,2453.05,2455.02,2452.96,2453.55,322.0305
2026-09-05 03:30:00,2453.54,2456.0,2453.54,2454.48,728.5286
2026-09-05 03:33:00,2454.48,2454.58,2454.1,2454.5,96.8981
2026-09-05 03:36:00,2454.5,2455.06,2454.49,2455.0,47.4176
2026-09-05 03:39:00,2455.01,2455.01,2453.71,2453.72,55.5939
2026-09-05 03:42:00,2453.72,2454.04,2453.3,2454.04,117.504
2026-09-05 03:45:00,2454.05,2454.24,2454.05,2454.23,64.2329
2026-09-05 03:48:00,2454.22,2454.54,2454.22,2454.53,45.6477
2026-09-05 03:51:00,2454.54,2454.54,2453.24,2453.25,67.8856
2026-09-05 03:54:00,2453.24,2453.8,2452.84,2452.85,108.6573
2026-09-05 03:57:00,2452.84,2452.89,2452.15,2452.49,392.9212
2026-09-05 04:00:00,2452.5,2452.5,2451.46,2451.68,270.7148
2026-09-05 04:03:00,2451.69,2453.0,2451.45,2452.79,599.3432
2026-09-05 04:06:00,2452.79,2452.79,2452.06,2452.55,155.2778
2026-09-05 04:09:00,2452.54,2452.69,2450.56,2450.74,417.8908
2026-09-05 04:12:00,2450.74,2451.11,2450.16,2450.97,232.1725
2026-09-05 04:15:00,2450.96,2452.5,2450.96,2452.22,220.1139
2026-09-05 04:18:00,2452.23,2452.42,2451.94,2451.96,66.6754
2026-09-05 04:21:00,2451.95,2452.02,2451.73,2452.01,145.6229
2026-09-05 04:24:00,2452.01,2452.26,2452.01,2452.06,78.2735
2026-09-05 04:27:00,2452.06,2452.34,2451.52,2452.33,110.2365
2026-09-05 04:30:00,2452.34,2452.36,2451.71,2451.71,268.4551
2026-09-05 04:33:00,2451.72,2451.91,2450.33,2450.51,638.9053
2026-09-05 04:36:00,2450.51,2450.99,2450.31,2450.62,202.9491
2026-09-05 04:39:00,2450.62,2451.2,2450.61,2450.88,125.5348
2026-09-05 04:42:00,2450.88,2451.01,2450.77,2451.0,47.6199
2026-09-05 04:45:00,2451.01,2451.31,2450.01,2450.01,314.5503
2026-09-05 04:48:00,2450.02,2450.39,2447.9,2449.36,653.0069
2026-09-05 04:51:00,2449.36,2450.74,2449.18,2450.34,241.5101
2026-09-05 04:54:00,2450.35,2450.61,2450.31,2450.32,72.5743
2026-09-05 04:57:00,2450.32,2450.57,2448.6,2448.95,350.5142
2026-09-05 05:00:00,2448.95,2449.15,2446.56,2446.61,484.3625
2026-09-05 05:03:00,2446.62,2447.01,2445.75,2446.68,928.1128
2026-09-05 05:06:00,2446.68,2447.12,2444.47,2446.3,667.3005
2026-09-05 05:09:00,2446.3,2449.0,2446.29,2448.54,337.0159
2026-09-05 05:12:00,2448.54,2450.07,2448.54,2450.0,62.4053
2026-09-05 05:15:00,2450.0,2450.81,2449.99,2450.75,69.5569
2026-09-05 05:18:00,2450.76,2450.76,2448.89,2449.76,358.7907
2026-09-05 05:21:00,2449.76,2449.77,2448.7,2448.7,41.8068
2026-09-05 05:24:00,2448.7,2449.44,2448.7,2449.23,75.224
2026-09-05 05:27:00,2449.23,2450.88,2449.23,2450.88,156.6912
2026-09-05 05:30:00,2450.87,2450.96,2450.37,2450.38,127.4471
2026-09-05 05:33:00,2450.38,2450.71,2450.31,2450.69,128.1038
2026-09-05 05:36:00,2450.69,2450.69,2450.07,2450.07,60.8686
2026-09-05 05:39:00,2450.08,2451.58,2450.07,2451.58,114.5369
2026-09-05 05:42:00,2451.58,2452.17,2450.08,2450.08,345.215
2026-09-05 05:45:00,2450.08,2450.09,2449.53,2449.53,57.6184
2026-09-05 05:48:00,2449.53,2450.22,2448.64,2449.85,269.9854
2026-09-05 05:51:00,2449.82,2451.0,2449.65,2450.97,136.7608
2026-09-05 05:54:00,2450.97,2451.43,2450.97,2451.43,135.0282
2026-09-05 05:57:00,2451.43,2451.8,2450.44,2450.93,281.7779
2026-09-05 06:00:00,2450.93,2451.47,2450.44,2451.47,87.1255
2026-09-05 06:03:00,2451.47,2451.58,2451.46,2451.57,35.8692
2026-09-05 06:06:00,2451.57,2451.58,2451.2,2451.2,83.5145
2026-09-05 06:09:00,2451.21,2452.95,2450.8,2452.0,419.6904
2026-09-05 06:12:00,2452.01,2452.4,2451.79,2451.79,140.5211
2026-09-05 06:15:00,2451.79,2451.8,2451.18,2451.73,178.7753
2026-09-05 06:18:00,2451.73,2451.89,2451.53,2451.83,80.481
2026-09-05 06:21:00,2451.84,2451.85,2451.83,2451.85,38.8044
2026-09-05 06:24:00,2451.85,2451.85,2450.79,2451.05,293.7753
2026-09-05 06:27:00,2451.05,2451.72,2450.98,2451.14,157.2162
2026-09-05 06:30:00,2451.13,2451.9,2451.13,2451.89,115.1048
2026-09-05 06:33:00,2451.9,2453.2,2451.9,2452.4,164.8132
2026-09-05 06:36:00,2452.4,2453.76,2452.09,2453.44,405.6231
2026-09-05 06:39:00,2453.44,2454.71,2452.58,2452.59,343.5715
2026-09-05 06:42:00,2452.58,2453.07,2452.58,2452.65,123.4615
2026-09-05 06:45:00,2452.65,2452.66,2452.58,2452.58,104.831
2026-09-05 06:48:00,2452.59,2452.59,2452.58,2452.59,102.5114
2026-09-05 06:51:00,2452.58,2453.18,2452.58,2453.14,203.6746
2026-09-05 06:54:00,2453.14,2453.53,2452.86,2453.53,148.4647
2026-09-05 06:57:00,2453.52,2453.88,2453.4,2453.4,118.7887
2026-09-05 07:00:00,2453.41,2453.88,2453.19,2453.78,195.29
2026-09-05 07:03:00,2453.78,2454.55,2453.78,2454.54,130.8137
2026-09-05 07:06:00,2454.54,2454.56,2453.89,2454.29,205.9263
2026-09-05 07:09:00,2454.3,2454.3,2452.94,2453.47,382.5447
2026-09-05 07:12:00,2453.47,2455.0,2453.46,2455.0,467.3537
2026-09-05 07:15:00,2455.0,2455.15,2454.76,2454.77,156.879
2026-09-05 07:18:00,2454.77,2454.77,2453.73,2454.47,174.7583
2026-09-05 07:21:00,2454.46,2455.16,2454.36,2455.16,79.3834
2026-09-05 07:24:00,2455.15,2455.52,2455.15,2455.52,135.7549
2026-09-05 07:27:00,2455.51,2458.14,2455.51,2456.87,360.778
2026-09-05 07:30:00,2456.87,2457.29,2456.32,2456.59,265.002
2026-09-05 07:33:00,2456.58,2459.0,2456.58,2458.0,320.5159
2026-09-05 07:36:00,2458.0,2459.18,2457.99,2458.99,311.2768
2026-09-05 07:39:00,2459.0,2459.05,2458.45,2458.45,197.4186
2026-09-05 07:42:00,2458.46,2459.02,2456.83,2458.38,351.5627
2026-09-05 07:45:00,2458.38,2459.18,2457.79,2459.17,210.0253
2026-09-05 07:48:00,2459.18,2459.33,2457.59,2457.59,414.9167
2026-09-05 07:51:00,2457.59,2458.04,2457.2,2457.22,206.1235
2026-09-05 07:54:00,2457.22,2458.25,2456.94,2458.14,146.861
2026-09-05 07:57:00,2458.14,2458.14,2456.78,2457.53,308.6553
2026-09-05 08:00:00,2457.53,2457.6,2455.81,2456.94,1060.7484
2026-09-05 08:03:00,2456.95,2457.42,2455.34,2455.35,301.2211
2026-09-05 08:06:00,2455.35,2455.98,2455.0,2455.48,150.2199
2026-09-05 08:09:00,2455.48,2457.01,2455.1,2456.87,255.4109
2026-09-05 08:12:00,2456.88,2457.0,2455.1,2455.1,215.4803
2026-09-05 08:15:00,2455.11,2456.77,2455.11,2456.76,155.3512
2026-09-05 08:18:00,2456.76,2457.34,2455.45,2455.46,330.0091
2026-09-05 08:21:00,2455.45,2456.19,2454.59,2455.15,335.5313
2026-09-05 08:24:00,2455.15,2455.15,2453.46,2453.88,203.9813
2026-09-05 08:27:00,2453.88,2455.54,2453.87,2455.54,359.2066
2026-09-05 08:30:00,2455.54,2455.54,2453.88,2454.23,258.1471
2026-09-05 08:33:00,2454.24,2454.4,2453.15,2453.45,117.6679
2026-09-05 08:36:00,2453.45,2455.09,2453.44,2455.09,235.3103
2026-09-05 08:39:00,2455.08,2455.65,2455.08,2455.46,134.1142
2026-09-05 08:42:00,2455.46,2455.68,2455.08,2455.38,247.6832
2026-09-05 08:45:00,2455.38,2455.61,2455.38,2455.52,134.0343
2026-09-05 08:48:00,2455.52,2455.52,2453.96,2454.55,111.4837
2026-09-05 08:51:00,2454.55,2455.63,2454.46,2455.63,221.0314
2026-09-05 08:54:00,2455.63,2455.63,2455.62,2455.63,79.9634
2026-09-05 08:57:00,2455.63,2456.91,2455.62,2456.84,139.0412
2026-09-05 09:00:00,2456.85,2458.21,2456.83,2458.21,197.6344
2026-09-05 09:03:00,2458.21,2458.71,2457.79,2458.18,205.6792
2026-09-05 09:06:00,2458.17,2458.72,2458.17,2458.31,231.6047
2026-09-05 09:09:00,2458.31,2458.92,2458.3,2458.91,168.9822
2026-09-05 09:12:00,2458.92,2460.21,2458.91,2459.04,495.8436
2026-09-05 09:15:00,2459.04,2459.05,2457.65,2458.04,391.086
2026-09-05 09:18:00,2458.04,2458.42,2457.81,2457.98,100.3734
2026-09-05 09:21:00,2457.99,2458.7,2457.99,2458.0,171.7472
2026-09-05 09:24:00,2458.01,2458.01,2457.67,2457.96,144.3508
2026-09-05 09:27:00,2457.96,2458.25,2457.91,2458.25,116.7093
2026-09-05 09:30:00,2458.24,2458.25,2457.91,2457.92,131.4223
2026-09-05 09:33:00,2457.92,2459.13,2457.91,2459.0,373.23
2026-09-05 09:36:00,2459.0,2459.45,2458.94,2458.94,162.4167
2026-09-05 09:39:00,2458.95,2458.99,2457.91,2458.99,264.0066
2026-09-05 09:42:00,2458.99,2460.11,2458.98,2459.99,277.8119
2026-09-05 09:45:00,2459.98,2460.28,2459.33,2460.27,263.6917
2026-09-05 09:48:00,2460.28,2460.28,2459.49,2459.79,143.6824
2026-09-05 09:51:00,2459.8,2460.07,2459.79,2459.79,114.292
2026-09-05 09:54:00,2459.8,2459.8,2459.04,2459.04,156.6675
2026-09-05 09:57:00,2459.03,2459.04,2458.52,2458.55,135.6442
2026-09-05 10:00:00,2458.54,2458.55,2458.45,2458.46,208.1542
2026-09-05 10:03:00,2458.45,2458.46,2458.07,2458.11,89.3946
2026-09-05 10:06:00,2458.1,2458.11,2458.07,2458.08,67.1986
2026-09-05 10:09:00,2458.08,2458.09,2458.0,2458.0,197.1549
2026-09-05 10:12:00,2458.01,2458.01,2457.39,2457.51,121.3435
2026-09-05 10:15:00,2457.5,2457.52,2457.5,2457.52,152.8618
2026-09-05 10:18:00,2457.52,2457.52,2456.39,2456.55,610.3886
2026-09-05 10:21:00,2456.56,2456.56,2455.23,2456.54,313.3224
2026-09-05 10:24:00,2456.53,2456.76,2455.56,2456.01,209.2335
2026-09-05 10:27:00,2456.0,2456.01,2454.7,2454.71,292.5477
2026-09-05 10:30:00,2454.71,2456.06,2454.71,2456.06,430.1796
2026-09-05 10:33:00,2456.07,2456.66,2454.05,2454.06,449.2479
2026-09-05 10:36:00,2454.05,2454.9,2454.05,2454.74,164.2476
2026-09-05 10:39:00,2454.74,2455.29,2454.48,2455.28,222.2096
2026-09-05 10:42:00,2455.29,2455.45,2454.61,2455.45,126.2759
2026-09-05 10:45:00,2455.44,2455.45,2455.13,2455.19,126.2718
2026-09-05 10:48:00,2455.19,2455.19,2454.27,2454.27,119.071
2026-09-05 10:51:00,2454.27,2455.57,2454.24,2455.43,274.4451
2026-09-05 10:54:00,2455.42,2455.56,2455.42,2455.55,157.5306
2026-09-05 10:57:00,2455.56,2455.56,2454.14,2454.15,297.6243
2026-09-05 11:00:00,2454.15,2454.59,2454.0,2454.59,135.6254
2026-09-05 11:03:00,2454.58,2454.58,2453.97,2453.97,295.0792
2026-09-05 11:06:00,2453.97,2455.27,2453.97,2454.68,331.0562
2026-09-05 11:09:00,2454.67,2455.28,2454.0,2455.27,341.7591
2026-09-05 11:12:00,2455.27,2455.46,2454.02,2454.21,113.962
2026-09-05 11:15:00,2454.2,2454.28,2453.0,2453.0,205.2889
2026-09-05 11:18:00,2453.0,2453.17,2453.0,2453.17,126.2783
2026-09-05 11:21:00,2453.16,2453.17,2453.16,2453.17,49.271
2026-09-05 11:24:00,2453.17,2453.17,2453.16,2453.17,35.3054
2026-09-05 11:27:00,2453.17,2453.88,2453.16,2453.86,117.2036
2026-09-05 11:30:00,2453.87,2454.01,2453.67,2454.0,119.6885
2026-09-05 11:33:00,2454.01,2454.02,2454.0,2454.01,54.8929
2026-09-05 11:36:00,2454.02,2454.02,2454.01,2454.02,61.2222
2026-09-05 11:39:00,2454.01,2454.02,2453.9,2453.91,79.2192
2026-09-05 11:42:00,2453.9,2453.91,2453.36,2453.79,176.2299
2026-09-05 11:45:00,2453.79,2453.8,2453.4,2453.4,125.4848
2026-09-05 11:48:00,2453.41,2454.6,2453.4,2454.24,176.9618
2026-09-05 11:51:00,2454.24,2455.73,2454.23,2455.73,93.2194
2026-09-05 11:54:00,2455.72,2456.17,2454.5,2454.76,385.3792
2026-09-05 11:57:00,2454.76,2454.77,2453.67,2453.67,125.1296
2026-09-05 12:00:00,2453.67,2455.58,2453.67,2455.56,289.7821
2026-09-05 12:03:00,2455.56,2455.57,2455.55,2455.55,62.8795
2026-09-05 12:06:00,2455.55,2455.57,2455.55,2455.56,49.7587
2026-09-05 12:09:00,2455.56,2455.57,2455.11,2455.12,98.8127
2026-09-05 12:12:00,2455.12,2455.12,2455.11,2455.11,67.2903
2026-09-05 12:15:00,2455.11,2455.12,2455.06,2455.06,89.4915
2026-09-05 12:18:00,2455.07,2455.07,2454.73,2454.74,86.7423
2026-09-05 12:21:00,2454.73,2454.74,2454.73,2454.74,275.3068
2026-09-05 12:24:00,2454.74,2455.45,2454.73,2454.73,205.4659
2026-09-05 12:27:00,2454.73,2455.05,2454.64,2454.64,188.9781
2026-09-05 12:30:00,2454.65,2455.04,2453.0,2455.03,593.0699
2026-09-05 12:33:00,2455.03,2458.49,2455.03,2457.84,279.0162
2026-09-05 12:36:00,2457.84,2458.51,2457.15,2457.79,522.5204
2026-09-05 12:39:00,2457.79,2459.68,2457.79,2459.67,475.0532
2026-09-05 12:42:00,2459.67,2459.99,2458.6,2458.88,323.6992
2026-09-05 12:45:00,2458.88,2461.69,2458.87,2459.15,1021.7864
2026-09-05 12:48:00,2459.15,2459.16,2458.19,2458.3,355.3256
2026-09-05 12:51:00,2458.29,2458.63,2458.29,2458.63,215.9798
2026-09-05 12:54:00,2458.62,2461.19,2458.62,2460.81,452.549
2026-09-05 12:57:00,2460.81,2460.82,2458.8,2458.94,560.0424
2026-09-05 13:00:00,2458.93,2459.42,2458.8,2458.81,260.1773
2026-09-05 13:03:00,2458.81,2461.26,2458.8,2460.39,354.3038
2026-09-05 13:06:00,2460.38,2460.48,2459.52,2459.59,358.1555
2026-09-05 13:09:00,2459.59,2459.6,2458.02,2458.67,350.9222
2026-09-05 13:12:00,2458.67,2459.67,2458.34,2459.64,261.3469
2026-09-05 13:15:00,2459.65,2459.76,2458.04,2458.15,296.2872
2026-09-05 13:18:00,2458.14,2458.45,2458.0,2458.45,119.8808
2026-09-05 13:21:00,2458.45,2461.73,2458.45,2461.41,312.4626
2026-09-05 13:24:00,2461.4,2462.0,2459.99,2460.19,344.6234
2026-09-05 13:27:00,2460.2,2460.57,2459.61,2459.62,228.7813
2026-09-05 13:30:00,2459.62,2460.22,2459.62,2460.22,239.1275
2026-09-05 13:33:00,2460.22,2460.58,2458.82,2459.23,395.262
2026-09-05 13:36:00,2459.24,2460.08,2457.33,2457.34,455.8572
2026-09-05 13:39:00,2457.33,2459.99,2456.83,2458.33,633.8063
2026-09-05 13:42:00,2458.33,2458.33,2456.04,2456.84,340.5057
2026-09-05 13:45:00,2456.84,2457.8,2456.69,2457.51,220.2335
2026-09-05 13:48:00,2457.51,2457.61,2450.0,2451.58,1555.8042
2026-09-05 13:51:00,2451.57,2453.55,2450.06,2452.22,586.9544
2026-09-05 13:54:00,2452.21,2453.64,2452.21,2452.67,307.4844
2026-09-05 13:57:00,2452.67,2454.15,2452.39,2454.15,184.9277
2026-09-05 14:00:00,2454.15,2456.3,2453.93,2455.78,510.1663
2026-09-05 14:03:00,2455.77,2455.78,2454.37,2454.83,182.6297
2026-09-05 14:06:00,2454.84,2455.88,2454.83,2455.88,99.2672
2026-09-05 14:09:00,2455.88,2456.01,2455.26,2455.26,171.9277
2026-09-05 14:12:00,2455.27,2455.29,2455.08,2455.08,170.6576
2026-09-05 14:15:00,2455.09,2455.35,2455.0,2455.01,102.3664
2026-09-05 14:18:00,2455.0,2455.01,2454.78,2454.8,108.5537
2026-09-05 14:21:00,2454.8,2455.0,2454.38,2455.0,217.0011
2026-09-05 14:24:00,2454.99,2456.6,2454.99,2456.59,112.0203
2026-09-05 14:27:00,2456.6,2457.08,2456.59,2457.08,78.6358
2026-09-05 14:30:00,2457.08,2457.72,2457.07,2457.45,202.493
2026-09-05 14:33:00,2457.46,2457.87,2457.38,2457.87,117.9757
2026-09-05 14:36:00,2457.86,2457.87,2457.28,2457.78,75.119
2026-09-05 14:39:00,2457.77,2458.0,2457.77,2457.98,177.833
2026-09-05 14:42:00,2457.97,2458.32,2456.04,2456.35,805.9638
2026-09-05 14:45:00,2456.35,2457.4,2455.42,2456.17,953.5611
2026-09-05 14:48:00,2456.17,2456.81,2456.17,2456.8,117.5253
2026-09-05 14:51:00,2456.8,2456.85,2456.75,2456.76,201.4686
2026-09-05 14:54:00,2456.77,2458.3,2456.76,2457.8,316.8308
2026-09-05 14:57:00,2457.8,2459.79,2457.26,2457.26,1011.3294
2026-09-05 15:00:00,2457.26,2457.94,2456.76,2457.92,259.3166
2026-09-05 15:03:00,2457.92,2458.84,2457.48,2458.84,347.561
2026-09-05 15:06:00,2458.84,2459.41,2458.01,2458.02,375.0689
2026-09-05 15:09:00,2458.02,2459.8,2457.8,2458.18,447.7629
2026-09-05 15:12:00,2458.19,2459.16,2458.18,2459.15,271.4587
2026-09-05 15:15:00,2459.15,2459.16,2456.95,2456.96,229.7963
2026-09-05 15:18:00,2456.96,2459.04,2455.86,2458.9,513.6886
2026-09-05 15:21:00,2458.91,2459.46,2457.91,2458.67,339.0959
2026-09-05 15:24:00,2458.66,2460.12,2458.66,2459.82,310.631
2026-09-05 15:27:00,2459.82,2459.82,2457.5,2457.71,316.0883
2026-09-05 15:30:00,2457.71,2458.52,2457.71,2458.52,53.6187
2026-09-05 15:33:00,2458.52,2459.0,2458.13,2458.55,143.0884
2026-09-05 15:36:00,2458.55,2458.92,2457.83,2458.65,230.6759
2026-09-05 15:39:00,2458.64,2459.17,2458.44,2459.16,116.0404
2026-09-05 15:42:00,2459.16,2459.97,2458.53,2458.53,359.6417
2026-09-05 15:45:00,2458.54,2459.78,2458.54,2459.31,168.8764
2026-09-05 15:48:00,2459.31,2459.56,2458.33,2459.55,170.9481
2026-09-05 15:51:00,2459.56,2459.56,2458.46,2459.19,287.5343
2026-09-05 15:54:00,2459.19,2459.48,2458.8,2459.2,135.3983
2026-09-05 15:57:00,2459.2,2460.0,2459.15,2460.0,198.0932
2026-09-05 16:00:00,2459.99,2460.31,2459.42,2460.3,268.2672
2026-09-05 16:03:00,2460.31,2460.67,2460.24,2460.25,124.2299
2026-09-05 16:06:00,2460.25,2460.25,2458.89,2459.28,82.2099
2026-09-05 16:09:00,2459.29,2460.0,2459.28,2460.0,125.4559
2026-09-05 16:12:00,2459.99,2460.26,2459.07,2459.59,125.1118
2026-09-05 16:15:00,2459.6,2460.17,2459.59,2459.73,120.3264
2026-09-05 16:18:00,2459.72,2460.76,2459.55,2460.76,128.3223
2026-09-05 16:21:00,2460.77,2461.7,2460.76,2461.35,177.6078
2026-09-05 16:24:00,2461.36,2463.17,2461.28,2463.17,408.8765
2026-09-05 16:27:00,2463.17,2463.74,2461.52,2463.54,653.4542
2026-09-05 16:30:00,2463.55,2470.01,2463.55,2469.1,4803.4706
2026-09-05 16:33:00,2469.1,2469.25,2466.33,2467.12,1194.7705
2026-09-05 16:36:00,2467.12,2467.38,2466.19,2466.6,661.373
2026-09-05 16:39:00,2466.6,2467.62,2466.22,2467.62,479.5045
2026-09-05 16:42:00,2467.61,2467.84,2466.11,2466.47,410.7639
2026-09-05 16:45:00,2466.47,2469.21,2466.38,2467.2,755.3539
2026-09-05 16:48:00,2467.21,2472.42,2467.07,2471.13,1404.9648
2026-09-05 16:51:00,2471.13,2473.26,2469.69,2473.25,832.0755
2026-09-05 16:54:00,2473.25,2474.44,2471.34,2473.19,1044.914
2026-09-05 16:57:00,2473.18,2474.11,2470.04,2471.15,814.2068
2026-09-05 17:00:00,2471.15,2482.2,2471.05,2475.1,2326.8773
2026-09-05 17:03:00,2475.1,2477.4,2474.9,2476.4,450.5295
2026-09-05 17:06:00,2476.41,2479.84,2475.0,2478.37,611.6864
2026-09-05 17:09:00,2478.36,2481.18,2478.14,2480.73,592.4518
2026-09-05 17:12:00,2480.73,2480.79,2478.17,2480.47,504.8128
2026-09-05 17:15:00,2480.47,2481.5,2477.25,2477.25,359.6789
2026-09-05 17:18:00,2477.25,2478.73,2477.19,2477.86,441.2606
2026-09-05 17:21:00,2477.86,2479.58,2477.71,2479.58,362.4881
2026-09-05 17:24:00,2479.57,2481.5,2478.45,2479.54,314.0009
2026-09-05 17:27:00,2479.54,2479.54,2475.9,2477.93,337.0129
2026-09-05 17:30:00,2477.92,2482.76,2477.92,2482.75,547.7612
2026-09-05 17:33:00,2482.75,2485.34,2478.38,2478.8,984.535
2026-09-05 17:36:00,2478.79,2479.1,2474.94,2475.59,571.3761
2026-09-05 17:39:00,2475.6,2476.45,2475.25,2475.72,395.7879
2026-09-05 17:42:00,2475.72,2478.18,2475.4,2476.86,288.9814
2026-09-05 17:45:00,2476.87,2479.0,2476.82,2478.41,236.1647
2026-09-05 17:48:00,2478.41,2479.51,2477.55,2479.24,163.1977
2026-09-05 17:51:00,2479.24,2479.97,2478.32,2479.95,315.9418
2026-09-05 17:54:00,2479.96,2480.66,2478.37,2479.67,419.9027
2026-09-05 17:57:00,2479.66,2481.87,2479.63,2481.01,385.3782
2026-09-05 18:00:00,2481.01,2482.17,2478.43,2480.73,338.1294
2026-09-05 18:03:00,2480.74,2480.94,2479.38,2480.94,198.1947
2026-09-05 18:06:00,2480.94,2481.24,2479.4,2479.79,189.344
2026-09-05 18:09:00,2479.78,2479.79,2477.62,2479.0,202.9958
2026-09-05 18:12:00,2478.99,2479.0,2478.13,2478.71,104.1791
2026-09-05 18:15:00,2478.71,2479.0,2477.33,2477.49,215.8587
2026-09-05 18:18:00,2477.5,2479.31,2477.0,2478.85,334.5567
2026-09-05 18:21:00,2478.85,2479.49,2478.29,2478.3,337.1861
2026-09-05 18:24:00,2478.3,2478.62,2478.1,2478.61,109.0995
2026-09-05 18:27:00,2478.62,2478.62,2475.59,2476.55,1530.8947
2026-09-05 18:30:00,2476.55,2479.73,2476.54,2477.76,261.4814
2026-09-05 18:33:00,2477.77,2478.02,2477.05,2477.05,231.5359
2026-09-05 18:36:00,2477.05,2478.0,2477.05,2477.19,108.2935
2026-09-05 18:39:00,2477.2,2477.29,2476.3,2476.74,142.2692
2026-09-05 18:42:00,2476.74,2478.61,2476.2,2477.71,226.9189
2026-09-05 18:45:00,2477.7,2478.12,2477.34,2477.6,170.0432
2026-09-05 18:48:00,2477.6,2477.6,2476.06,2476.81,114.5866
2026-09-05 18:51:00,2476.81,2477.26,2476.8,2477.12,125.7768
2026-09-05 18:54:00,2477.12,2480.0,2477.12,2480.0,173.8506
2026-09-05 18:57:00,2480.0,2480.63,2479.99,2480.5,148.6776
2026-09-05 19:00:00,2480.5,2480.5,2477.07,2477.25,460.7026
2026-09-05 19:03:00,2477.25,2477.27,2476.09,2477.26,139.6712
2026-09-05 19:06:00,2477.27,2479.02,2477.26,2478.37,171.6712
2026-09-05 19:09:00,2478.37,2479.58,2478.32,2479.48,130.4566
2026-09-05 19:12:00,2479.48,2479.48,2478.1,2478.16,71.7835
2026-09-05 19:15:00,2478.16,2479.27,2478.16,2478.62,72.1771
2026-09-05 19:18:00,2478.62,2479.2,2478.61,2478.62,65.3569
2026-09-05 19:21:00,2478.61,2479.87,2477.39,2479.86,125.9735
2026-09-05 19:24:00,2479.85,2482.65,2479.85,2481.68,302.8921
2026-09-05 19:27:00,2481.68,2481.68,2479.69,2479.7,196.4268
2026-09-05 19:30:00,2479.7,2481.29,2479.7,2480.66,126.1602
2026-09-05 19:33:00,2480.67,2481.23,2477.15,2478.18,308.5784
2026-09-05 19:36:00,2478.18,2478.19,2474.28,2474.8,411.3698
2026-09-05 19:39:00,2474.79,2476.93,2473.43,2476.68,360.8969
2026-09-05 19:42:00,2476.69,2477.45,2476.59,2477.39,89.4414
2026-09-05 19:45:00,2477.39,2477.77,2474.24,2475.21,408.5813
2026-09-05 19:48:00,2475.21,2475.29,2472.86,2474.58,418.8586
2026-09-05 19:51:00,2474.57,2475.94,2474.57,2474.92,273.2215
2026-09-05 19:54:00,2474.91,2475.6,2474.56,2475.6,98.8876
2026-09-05 19:57:00,2475.6,2478.53,2475.6,2477.57,864.9
2026-09-05 20:00:00,2477.57,2478.95,2476.53,2476.54,201.7615
2026-09-05 20:03:00,2476.53,2478.95,2475.51,2478.94,460.4325
2026-09-05 20:06:00,2478.95,2479.18,2477.64,2477.65,143.8707
2026-09-05 20:09:00,2477.64,2482.71,2477.11,2482.7,484.2226
2026-09-05 20:12:00,2482.7,2483.64,2478.65,2479.28,738.5248
2026-09-05 20:15:00,2479.29,2479.29,2477.65,2477.76,318.1119
2026-09-05 20:18:00,2477.76,2478.06,2475.13,2478.05,718.1416
2026-09-05 20:21:00,2478.06,2478.19,2476.6,2476.61,94.1387
2026-09-05 20:24:00,2476.6,2479.81,2476.6,2479.53,474.6853
2026-09-05 20:27:00,2479.53,2479.68,2476.67,2476.67,481.4602
2026-09-05 20:30:00,2476.68,2477.41,2475.83,2475.83,113.8415
2026-09-05 20:33:00,2475.83,2477.83,2475.0,2476.14,276.709
2026-09-05 20:36:00,2476.13,2479.0,2476.13,2476.7,368.0727
2026-09-05 20:39:00,2476.69,2478.14,2476.6,2478.01,237.1081
2026-09-05 20:42:00,2478.01,2479.73,2478.0,2479.72,188.3201
2026-09-05 20:45:00,2479.72,2480.5,2479.39,2479.39,202.1218
2026-09-05 20:48:00,2479.39,2479.83,2479.39,2479.75,119.8696
2026-09-05 20:51:00,2479.75,2480.47,2477.35,2477.35,616.6135
2026-09-05 20:54:00,2477.36,2477.36,2476.73,2477.35,28.0412
2026-09-05 20:57:00,2477.35,2478.18,2477.06,2477.5,113.907
2026-09-05 21:00:00,2477.5,2478.13,2477.21,2477.62,73.4967
2026-09-05 21:03:00,2477.63,2477.63,2476.77,2477.11,120.6297
2026-09-05 21:06:00,2477.11,2478.21,2477.11,2477.87,137.9868
2026-09-05 21:09:00,2477.87,2477.97,2477.56,2477.97,68.7055
2026-09-05 21:12:00,2477.96,2478.2,2476.81,2477.16,161.6118
2026-09-05 21:15:00,2477.15,2478.05,2476.92,2478.04,60.3957
2026-09-05 21:18:00,2478.04,2479.75,2478.04,2479.74,99.8344
2026-09-05 21:21:00,2479.75,2481.09,2479.7,2481.09,117.2243
2026-09-05 21:24:00,2481.08,2481.32,2480.06,2481.11,195.3501
2026-09-05 21:27:00,2481.11,2481.96,2481.11,2481.41,108.8173
2026-09-05 21:30:00,2481.41,2482.87,2481.14,2481.15,236.5784
2026-09-05 21:33:00,2481.14,2481.15,2480.69,2480.94,85.4425
2026-09-05 21:36:00,2480.93,2482.67,2480.93,2482.66,131.0538
2026-09-05 21:39:00,2482.65,2484.58,2482.65,2484.57,395.3908
2026-09-05 21:42:00,2484.58,2493.57,2484.57,2491.19,1896.96
2026-09-05 21:45:00,2491.19,2491.19,2488.85,2489.25,336.4069
2026-09-05 21:48:00,2489.25,2491.44,2488.5,2491.33,372.7138
2026-09-05 21:51:00,2491.33,2491.33,2489.26,2489.43,170.0857
2026-09-05 21:54:00,2489.44,2489.44,2488.59,2488.69,122.9626
2026-09-05 21:57:00,2488.69,2490.44,2488.12,2489.12,363.1589
2026-09-05 22:00:00,2489.13,2491.05,2488.51,2489.44,257.1588
2026-09-05 22:03:00,2489.45,2489.77,2487.05,2488.24,387.4892
2026-09-05 22:06:00,2488.24,2488.53,2486.49,2486.49,174.0649
2026-09-05 22:09:00,2486.49,2487.85,2484.4,2487.25,388.3679
2026-09-05 22:12:00,2487.25,2488.46,2486.51,2487.27,220.6759
2026-09-05 22:15:00,2487.29,2488.52,2486.21,2486.21,389.654
2026-09-05 22:18:00,2486.21,2486.4,2485.0,2485.01,108.8873
2026-09-05 22:21:00,2485.0,2485.0,2483.44,2483.45,178.7688
2026-09-05 22:24:00,2483.45,2484.06,2481.68,2481.68,336.9569
2026-09-05 22:27:00,2481.69,2481.69,2478.9,2480.83,580.6982
2026-09-05 22:30:00,2480.82,2484.84,2480.81,2484.17,644.0842
2026-09-05 22:33:00,2484.17,2484.76,2482.9,2482.91,220.2937
2026-09-05 22:36:00,2482.91,2483.0,2482.34,2482.42,112.3576
2026-09-05 22:39:00,2482.42,2483.31,2482.16,2482.37,258.7987
2026-09-05 22:42:00,2482.37,2483.24,2481.8,2482.01,225.7746
2026-09-05 22:45:00,2482.0,2482.12,2480.63,2481.59,275.432
2026-09-05 22:48:00,2481.6,2481.6,2480.0,2480.0,92.8607
2026-09-05 22:51:00,2480.0,2481.73,2479.96,2481.72,107.8603
2026-09-05 22:54:00,2481.72,2481.73,2480.64,2480.84,158.5734
2026-09-05 22:57:00,2480.84,2481.78,2480.7,2480.98,135.6825
2026-09-05 23:00:00,2480.98,2480.98,2480.56,2480.7,87.5122
2026-09-05 23:03:00,2480.7,2480.71,2478.7,2478.71,182.42
2026-09-05 23:06:00,2478.7,2480.24,2477.94,2479.82,251.2593
2026-09-05 23:09:00,2479.83,2479.83,2478.99,2479.18,36.849
2026-09-05 23:12:00,2479.18,2479.18,2478.47,2478.84,53.4173
2026-09-05 23:15:00,2478.85,2480.42,2478.2,2480.42,137.0962
2026-09-05 23:18:00,2480.41,2481.63,2479.99,2481.63,193.7183
2026-09-05 23:21:00,2481.63,2482.18,2479.27,2479.29,228.0475
2026-09-05 23:24:00,2479.29,2479.73,2479.29,2479.44,70.2136
2026-09-05 23:27:00,2479.44,2481.24,2479.35,2480.87,200.7754
2026-09-05 23:30:00,2480.87,2482.2,2480.86,2482.2,96.9028
2026-09-05 23:33:00,2482.2,2483.52,2482.1,2483.52,163.4681
2026-09-05 23:36:00,2483.52,2483.66,2477.6,2479.98,414.3725
2026-09-05 23:39:00,2479.97,2480.95,2479.17,2479.58,201.4436
2026-09-05 23:42:00,2479.57,2481.5,2479.35,2480.95,288.9458
2026-09-05 23:45:00,2480.95,2482.42,2479.88,2482.37,424.9264
2026-09-05 23:48:00,2482.36,2482.37,2480.84,2481.6,123.6015
2026-09-05 23:51:00,2481.61,2482.79,2481.5,2482.78,168.303
2026-09-05 23:54:00,2482.79,2483.4,2479.84,2479.84,301.2657
2026-09-05 23:57:00,2479.84,2481.16,2479.3,2480.34,174.3809
2026-09-06 00:00:00,2480.33,2480.78,2480.12,2480.28,123.8779
2026-09-06 00:03:00,2480.28,2480.6,2479.27,2479.96,233.971
2026-09-06 00:06:00,2479.97,2480.46,2479.27,2480.3,140.9792
2026-09-06 00:09:00,2480.29,2480.74,2480.25,2480.74,98.6595
2026-09-06 00:12:00,2480.73,2482.26,2480.73,2481.58,861.0327
2026-09-06 00:15:00,2481.59,2481.98,2481.48,2481.77,170.6554
2026-09-06 00:18:00,2481.77,2482.96,2481.76,2482.96,74.5991
2026-09-06 00:21:00,2482.95,2483.19,2482.31,2483.14,172.0067
2026-09-06 00:24:00,2483.14,2484.62,2483.13,2484.62,181.7541
2026-09-06 00:27:00,2484.62,2488.39,2484.61,2487.29,469.8559
2026-09-06 00:30:00,2487.3,2487.49,2485.51,2487.49,220.0202
2026-09-06 00:33:00,2487.49,2488.82,2486.0,2487.38,366.9808
2026-09-06 00:36:00,2487.37,2488.58,2486.8,2487.55,321.179
2026-09-06 00:39:00,2487.55,2488.58,2485.69,2488.5,334.0286
2026-09-06 00:42:00,2488.49,2490.0,2487.55,2487.55,399.5922
2026-09-06 00:45:00,2487.55,2488.47,2486.87,2487.98,327.4792
2026-09-06 00:48:00,2487.99,2489.05,2487.99,2488.45,291.686
2026-09-06 00:51:00,2488.45,2491.42,2488.03,2488.03,500.2834
2026-09-06 00:54:00,2488.04,2491.24,2488.04,2491.24,391.5629
2026-09-06 00:57:00,2491.23,2492.6,2489.95,2490.2,632.5212
2026-09-06 01:00:00,2490.21,2491.3,2489.3,2489.93,345.3632
2026-09-06 01:03:00,2489.94,2498.11,2489.93,2495.1,1441.8241
2026-09-06 01:06:00,2495.1,2497.9,2494.3,2497.56,371.7703
2026-09-06 01:09:00,2497.56,2497.57,2494.2,2496.39,305.645
2026-09-06 01:12:00,2496.39,2500.07,2495.89,2497.54,3866.7008
2026-09-06 01:15:00,2497.54,2497.54,2495.8,2496.52,428.0965
2026-09-06 01:18:00,2496.51,2497.13,2494.08,2494.76,1431.0504
2026-09-06 01:21:00,2494.75,2494.75,2491.2,2492.58,756.2858
2026-09-06 01:24:00,2492.57,2494.13,2492.57,2494.13,254.8838
2026-09-06 01:27:00,2494.12,2494.51,2493.9,2493.91,187.2753
2026-09-06 01:30:00,2493.9,2494.99,2493.9,2494.97,256.9206
2026-09-06 01:33:00,2494.96,2498.74,2494.96,2498.1,509.3845
2026-09-06 01:36:00,2498.09,2502.41,2498.09,2500.81,1553.8691
2026-09-06 01:39:00,2500.81,2508.05,2500.8,2502.25,1803.797
2026-09-06 01:42:00,2502.25,2503.01,2501.16,2501.92,497.586
2026-09-06 01:45:00,2501.92,2504.8,2500.76,2502.5,1200.4915
2026-09-06 01:48:00,2502.5,2503.1,2501.98,2502.24,174.1081
2026-09-06 01:51:00,2502.25,2507.13,2502.24,2507.05,710.9686
2026-09-06 01:54:00,2507.04,2507.12,2503.29,2507.03,739.5249
2026-09-06 01:57:00,2507.03,2507.56,2502.88,2505.57,1216.5876
2026-09-06 02:00:00,2505.58,2511.2,2505.58,2505.92,1177.0959
2026-09-06 02:03:00,2505.91,2506.29,2501.69,2504.75,1217.9435
2026-09-06 02:06:00,2504.75,2508.48,2504.75,2507.88,734.2605
2026-09-06 02:09:00,2507.89,2509.56,2507.61,2508.18,464.9909
2026-09-06 02:12:00,2508.18,2508.18,2504.0,2507.03,2535.7721
2026-09-06 02:15:00,2507.03,2508.01,2504.0,2504.0,2206.4832
2026-09-06 02:18:00,2504.0,2504.0,2501.83,2502.09,1317.2439
2026-09-06 02:21:00,2502.09,2503.28,2501.56,2502.65,307.7621
2026-09-06 02:24:00,2502.66,2502.66,2501.38,2501.94,295.6298
2026-09-06 02:27:00,2501.93,2503.06,2501.9,2501.9,200.4655
2026-09-06 02:30:00,2501.89,2502.8,2501.66,2502.8,187.7692
2026-09-06 02:33:00,2502.79,2503.85,2502.22,2502.5,267.2676
2026-09-06 02:36:00,2502.51,2503.44,2499.93,2503.43,1324.0031
2026-09-06 02:39:00,2503.44,2504.45,2502.07,2503.01,236.6275
2026-09-06 02:42:00,2503.01,2503.48,2501.84,2502.06,263.8058
2026-09-06 02:45:00,2502.07,2502.99,2501.65,2501.66,202.8553
2026-09-06 02:48:00,2501.65,2502.27,2501.08,2501.09,162.0998
2026-09-06 02:51:00,2501.09,2502.47,2501.0,2502.47,250.9651
2026-09-06 02:54:00,2502.46,2502.87,2501.95,2502.86,179.5675
2026-09-06 02:57:00,2502.87,2503.83,2502.19,2503.38,198.8711
2026-09-06 03:00:00,2503.38,2503.5,2501.3,2501.78,170.3687
2026-09-06 03:03:00,2501.77,2503.31,2501.77,2502.53,144.2549
2026-09-06 03:06:00,2502.52,2502.97,2502.41,2502.84,157.0569
2026-09-06 03:09:00,2502.84,2503.45,2502.83,2503.45,90.8511
2026-09-06 03:12:00,2503.45,2505.54,2503.44,2505.54,201.5463
2026-09-06 03:15:00,2505.54,2506.43,2505.35,2505.42,194.3456
2026-09-06 03:18:00,2505.42,2507.23,2505.23,2505.24,373.4076
2026-09-06 03:21:00,2505.24,2505.51,2504.33,2505.35,159.609
2026-09-06 03:24:00,2505.35,2505.55,2502.0,2502.01,221.2153
2026-09-06 03:27:00,2502.01,2502.11,2500.35,2501.58,329.8843
2026-09-06 03:30:00,2501.58,2504.84,2501.58,2503.72,326.3525
2026-09-06 03:33:00,2503.72,2504.68,2503.06,2504.67,223.6608
2026-09-06 03:36:00,2504.68,2510.0,2504.23,2508.73,664.4116
2026-09-06 03:39:00,2508.73,2514.55,2508.73,2512.66,1130.6633
2026-09-06 03:42:00,2512.66,2514.08,2511.97,2512.72,384.8058
2026-09-06 03:45:00,2512.71,2514.37,2508.74,2508.85,480.3844
2026-09-06 03:48:00,2508.85,2508.98,2507.21,2507.22,395.7762
2026-09-06 03:51:00,2507.21,2511.04,2507.21,2510.26,218.6172
2026-09-06 03:54:00,2510.26,2511.1,2510.25,2510.85,201.4342
2026-09-06 03:57:00,2510.84,2510.84,2509.34,2509.68,215.0942
2026-09-06 04:00:00,2509.68,2510.52,2508.27,2508.27,470.4198
2026-09-06 04:03:00,2508.28,2509.89,2508.27,2509.36,193.0952
2026-09-06 04:06:00,2509.36,2509.36,2506.75,2507.02,370.0819
2026-09-06 04:09:00,2507.02,2508.91,2507.01,2508.51,273.8874
2026-09-06 04:12:00,2508.51,2508.52,2507.01,2507.44,176.3036
2026-09-06 04:15:00,2507.44,2508.29,2505.6,2506.78,204.4753
2026-09-06 04:18:00,2506.77,2506.78,2503.25,2504.63,354.8327
2026-09-06 04:21:00,2504.63,2504.63,2502.11,2502.39,510.2677
2026-09-06 04:24:00,2502.39,2502.39,2498.49,2502.31,1003.9816
2026-09-06 04:27:00,2502.31,2503.13,2501.47,2503.13,137.5872
2026-09-06 04:30:00,2503.12,2503.16,2502.2,2502.2,130.6514
2026-09-06 04:33:00,2502.2,2502.87,2501.53,2502.42,330.0146
2026-09-06 04:36:00,2502.42,2502.88,2501.69,2501.69,271.0358
2026-09-06 04:39:00,2501.7,2502.74,2501.59,2502.68,203.5994
2026-09-06 04:42:00,2502.67,2504.08,2502.67,2504.0,270.0268
2026-09-06 04:45:00,2504.0,2505.83,2503.99,2504.6,226.0169
2026-09-06 04:48:00,2504.6,2505.2,2504.59,2504.59,219.3362
2026-09-06 04:51:00,2504.59,2504.6,2502.99,2503.19,254.8174
2026-09-06 04:54:00,2503.18,2504.17,2502.31,2503.85,241.1565
2026-09-06 04:57:00,2503.84,2504.51,2503.62,2504.44,210.7136
2026-09-06 05:00:00,2504.45,2504.75,2503.25,2503.78,266.7159
2026-09-06 05:03:00,2503.77,2505.72,2503.65,2505.54,222.6111
2026-09-06 05:06:00,2505.54,2506.24,2505.45,2505.62,166.3261
2026-09-06 05:09:00,2505.61,2505.62,2502.39,2502.4,153.3444
2026-09-06 05:12:00,2502.4,2503.39,2502.4,2502.53,230.221
2026-09-06 05:15:00,2502.52,2502.56,2501.19,2501.2,180.5056
2026-09-06 05:18:00,2501.19,2503.09,2501.19,2503.09,619.9111
2026-09-06 05:21:00,2503.08,2505.22,2502.82,2505.22,155.4771
2026-09-06 05:24:00,2505.21,2507.1,2503.66,2504.97,467.6125
2026-09-06 05:27:00,2504.97,2505.56,2504.52,2505.2,156.0629
2026-09-06 05:30:00,2505.2,2507.28,2505.2,2506.9,303.9218
2026-09-06 05:33:00,2506.91,2515.89,2506.38,2515.65,1883.7967
2026-09-06 05:36:00,2515.64,2520.22,2515.42,2518.87,1925.4166
2026-09-06 05:39:00,2518.88,2523.97,2518.88,2519.4,2862.9714
2026-09-06 05:42:00,2519.4,2520.1,2513.88,2515.88,918.6147
2026-09-06 05:45:00,2515.88,2517.28,2513.29,2513.48,513.5919
2026-09-06 05:48:00,2513.48,2515.32,2513.23,2515.32,259.9381
2026-09-06 05:51:00,2515.32,2516.18,2514.01,2514.83,458.1867
2026-09-06 05:54:00,2514.82,2515.0,2510.87,2511.12,479.5797
2026-09-06 05:57:00,2511.12,2513.5,2511.12,2513.5,130.133
2026-09-06 06:00:00,2513.52,2513.53,2511.0,2511.33,174.4239
2026-09-06 06:03:00,2511.32,2511.86,2511.0,2511.86,175.6927
2026-09-06 06:06:00,2511.85,2511.86,2510.79,2510.8,229.5303
2026-09-06 06:09:00,2510.8,2510.8,2509.8,2510.8,263.7391
2026-09-06 06:12:00,2510.79,2511.97,2509.32,2509.44,378.5711
2026-09-06 06:15:00,2509.45,2509.79,2508.92,2509.1,272.4593
2026-09-06 06:18:00,2509.09,2509.23,2507.64,2508.24,431.5499
2026-09-06 06:21:00,2508.25,2508.25,2506.5,2507.3,377.2292
2026-09-06 06:24:00,2507.3,2507.31,2505.9,2506.69,630.2382
2026-09-06 06:27:00,2506.69,2506.87,2506.26,2506.5,223.1791
2026-09-06 06:30:00,2506.49,2507.3,2505.46,2507.04,432.0944
2026-09-06 06:33:00,2507.03,2507.84,2506.4,2506.89,600.3749
2026-09-06 06:36:00,2506.88,2507.81,2506.48,2507.81,107.1393
2026-09-06 06:39:00,2507.8,2508.15,2506.0,2506.41,181.4941
2026-09-06 06:42:00,2506.42,2508.63,2506.41,2508.63,243.7479
2026-09-06 06:45:00,2508.62,2508.76,2506.29,2506.89,363.4526
2026-09-06 06:48:00,2506.9,2507.34,2503.3,2507.33,621.6275
2026-09-06 06:51:00,2507.34,2507.34,2505.3,2506.7,201.8606
2026-09-06 06:54:00,2506.71,2507.76,2505.36,2505.53,389.563
2026-09-06 06:57:00,2505.53,2506.37,2504.97,2505.81,248.9556
2026-09-06 07:00:00,2505.82,2507.22,2505.43,2506.99,289.571
2026-09-06 07:03:00,2506.99,2506.99,2506.0,2506.13,137.4438
2026-09-06 07:06:00,2506.12,2507.98,2504.74,2504.96,629.3437
2026-09-06 07:09:00,2504.96,2504.96,2502.24,2502.47,478.5482
2026-09-06 07:12:00,2502.47,2502.48,2482.6,2489.67,5622.3375
2026-09-06 07:15:00,2489.67,2497.55,2489.67,2496.94,938.8072
2026-09-06 07:18:00,2496.94,2498.0,2494.9,2497.99,377.2488
2026-09-06 07:21:00,2497.99,2499.44,2497.27,2499.43,439.8082
2026-09-06 07:24:00,2499.44,2499.44,2495.01,2496.02,657.767
2026-09-06 07:27:00,2496.01,2497.01,2495.54,2495.55,292.0617
2026-09-06 07:30:00,2495.55,2496.0,2494.03,2494.3,380.3572
2026-09-06 07:33:00,2494.31,2494.69,2492.85,2493.77,496.2319
2026-09-06 07:36:00,2493.77,2493.89,2492.35,2493.57,286.1404
2026-09-06 07:39:00,2493.57,2494.76,2493.56,2494.21,412.7836
2026-09-06 07:42:00,2494.21,2496.58,2494.21,2496.06,474.5055
2026-09-06 07:45:00,2496.07,2496.54,2495.42,2495.66,328.341
2026-09-06 07:48:00,2495.67,2495.77,2495.0,2495.01,263.8317
2026-09-06 07:51:00,2495.0,2495.99,2495.0,2495.98,170.3288
2026-09-06 07:54:00,2495.99,2497.88,2495.98,2497.88,297.2271
2026-09-06 07:57:00,2497.88,2497.96,2496.48,2496.79,229.5253
2026-09-06 08:00:00,2496.8,2497.71,2495.04,2495.15,252.1118
2026-09-06 08:03:00,2495.15,2497.95,2495.14,2497.47,199.2741
2026-09-06 08:06:00,2497.46,2498.0,2496.78,2497.66,200.4512
2026-09-06 08:09:00,2497.67,2499.99,2497.32,2498.08,439.8434
2026-09-06 08:12:00,2498.08,2499.05,2497.58,2498.6,108.6642
2026-09-06 08:15:00,2498.6,2499.18,2497.13,2497.55,211.9452
2026-09-06 08:18:00,2497.56,2498.37,2497.49,2497.5,92.2978
2026-09-06 08:21:00,2497.49,2497.63,2495.88,2496.37,222.05
2026-09-06 08:24:00,2496.38,2496.38,2495.23,2495.23,89.7466
2026-09-06 08:27:00,2495.22,2495.72,2495.0,2495.01,109.3608
2026-09-06 08:30:00,2495.01,2495.01,2493.96,2494.04,170.9844
2026-09-06 08:33:00,2494.04,2494.52,2493.56,2493.56,138.1615
2026-09-06 08:36:00,2493.56,2493.75,2493.0,2493.75,210.2765
2026-09-06 08:39:00,2493.74,2494.0,2492.64,2492.65,220.9815
2026-09-06 08:42:00,2492.64,2494.31,2492.35,2493.87,216.8427
2026-09-06 08:45:00,2493.88,2493.88,2492.35,2492.5,138.4843
2026-09-06 08:48:00,2492.51,2493.32,2491.95,2493.32,232.8322
2026-09-06 08:51:00,2493.33,2495.0,2493.32,2494.82,179.1752
2026-09-06 08:54:00,2494.82,2497.27,2494.67,2494.96,450.4236
2026-09-06 08:57:00,2494.91,2495.67,2494.44,2495.67,98.459
2026-09-06 09:00:00,2495.66,2495.94,2494.06,2495.94,492.9748
2026-09-06 09:03:00,2495.93,2497.05,2495.93,2496.76,143.0759
2026-09-06 09:06:00,2496.77,2496.82,2496.18,2496.81,99.5993
2026-09-06 09:09:00,2496.82,2498.0,2496.14,2497.99,477.5912
2026-09-06 09:12:00,2497.99,2499.35,2497.19,2499.05,350.2435
2026-09-06 09:15:00,2499.05,2501.5,2498.12,2500.99,821.4908
2026-09-06 09:18:00,2500.98,2501.89,2500.52,2501.22,432.1662
2026-09-06 09:21:00,2501.22,2503.59,2500.81,2501.62,602.2123
2026-09-06 09:24:00,2501.61,2502.57,2501.16,2501.17,164.8431
2026-09-06 09:27:00,2501.17,2502.89,2500.97,2502.02,221.9075
2026-09-06 09:30:00,2502.01,2503.68,2501.49,2502.69,230.3498
2026-09-06 09:33:00,2502.69,2503.3,2501.21,2501.22,197.9274
2026-09-06 09:36:00,2501.22,2501.22,2497.94,2498.4,201.7857
2026-09-06 09:39:00,2498.41,2498.41,2496.71,2497.57,345.5578
2026-09-06 09:42:00,2497.57,2497.57,2493.88,2496.17,335.0232
2026-09-06 09:45:00,2496.17,2496.96,2495.61,2496.92,274.232
2026-09-06 09:48:00,2496.92,2497.06,2496.25,2496.95,96.1531
2026-09-06 09:51:00,2496.95,2498.06,2496.34,2498.0,235.084
2026-09-06 09:54:00,2498.01,2498.36,2497.83,2498.29,734.2816
2026-09-06 09:57:00,2498.29,2499.65,2498.26,2499.13,248.5956
2026-09-06 10:00:00,2499.12,2501.17,2499.12,2499.88,333.3565
2026-09-06 10:03:00,2499.88,2502.6,2498.93,2502.37,469.6923
2026-09-06 10:06:00,2502.36,2502.36,2500.0,2501.33,270.4933
2026-09-06 10:09:00,2501.32,2501.33,2500.0,2500.0,616.1041
2026-09-06 10:12:00,2500.01,2500.01,2498.93,2498.94,86.5164
2026-09-06 10:15:00,2498.94,2500.36,2498.8,2498.85,284.5774
2026-09-06 10:18:00,2498.85,2500.1,2498.31,2499.83,276.0169
2026-09-06 10:21:00,2499.82,2500.27,2499.34,2500.16,208.0853
2026-09-06 10:24:00,2500.15,2500.16,2498.01,2498.55,117.6358
2026-09-06 10:27:00,2498.55,2499.34,2498.13,2498.32,123.3424
2026-09-06 10:30:00,2498.32,2498.47,2497.73,2498.16,238.9332
2026-09-06 10:33:00,2498.16,2499.33,2497.99,2499.32,255.5551
2026-09-06 10:36:00,2499.32,2499.33,2497.9,2498.03,136.0371
2026-09-06 10:39:00,2498.04,2499.68,2498.04,2499.68,151.2422
2026-09-06 10:42:00,2499.68,2500.79,2499.67,2500.78,105.4445
2026-09-06 10:45:00,2500.78,2500.8,2500.13,2500.79,234.0204
2026-09-06 10:48:00,2500.79,2500.8,2499.84,2500.63,123.9075
2026-09-06 10:51:00,2500.63,2500.64,2499.36,2500.49,250.3493
2026-09-06 10:54:00,2500.5,2502.51,2500.49,2500.92,349.2232
2026-09-06 10:57:00,2500.92,2502.14,2500.92,2501.7,151.0711
2026-09-06 11:00:00,2501.7,2502.06,2500.13,2502.06,254.9081
2026-09-06 11:03:00,2502.05,2502.91,2501.9,2502.5,161.6243
2026-09-06 11:06:00,2502.5,2504.25,2501.98,2502.68,324.6513
2026-09-06 11:09:00,2502.68,2503.03,2501.58,2501.73,187.1448
2026-09-06 11:12:00,2501.73,2502.78,2499.54,2502.77,450.7527
2026-09-06 11:15:00,2502.77,2503.2,2502.35,2502.96,151.0525
2026-09-06 11:18:00,2502.96,2504.14,2501.6,2501.94,423.8968
2026-09-06 11:21:00,2501.94,2503.29,2501.72,2503.29,122.7271
2026-09-06 11:24:00,2503.29,2503.29,2500.61,2500.62,164.7635
2026-09-06 11:27:00,2500.62,2503.18,2500.28,2500.78,458.424
2026-09-06 11:30:00,2500.78,2501.88,2500.0,2501.87,159.507
2026-09-06 11:33:00,2501.88,2502.89,2500.29,2500.55,392.3811
2026-09-06 11:36:00,2500.54,2500.55,2500.21,2500.22,60.6723
2026-09-06 11:39:00,2500.22,2500.99,2500.19,2500.92,150.7358
2026-09-06 11:42:00,2500.92,2502.37,2500.01,2502.36,335.7211
2026-09-06 11:45:00,2502.36,2503.01,2500.64,2502.5,251.5104
2026-09-06 11:48:00,2502.5,2503.24,2502.01,2502.14,260.0101
2026-09-06 11:51:00,2502.14,2502.22,2501.17,2501.17,95.5136
2026-09-06 11:54:00,2501.17,2501.67,2501.17,2501.39,221.131
2026-09-06 11:57:00,2501.39,2501.94,2501.37,2501.93,99.5382
2026-09-06 12:00:00,2501.94,2501.96,2501.37,2501.37,117.3067
2026-09-06 12:03:00,2501.38,2501.38,2500.0,2500.0,121.1625
2026-09-06 12:06:00,2500.01,2500.01,2499.49,2499.65,117.6459
2026-09-06 12:09:00,2499.65,2501.38,2499.56,2499.56,209.4134
2026-09-06 12:12:00,2499.72,2503.32,2499.51,2503.32,437.7948
2026-09-06 12:15:00,2503.33,2504.99,2503.0,2504.69,292.498
2026-09-06 12:18:00,2504.68,2504.69,2502.42,2503.16,180.7886
2026-09-06 12:21:00,2503.15,2504.66,2502.89,2503.18,267.1694
2026-09-06 12:24:00,2503.18,2503.19,2501.73,2501.73,95.7602
2026-09-06 12:27:00,2501.73,2503.91,2501.5,2501.89,233.584
2026-09-06 12:30:00,2501.89,2504.6,2501.88,2503.02,291.0722
2026-09-06 12:33:00,2503.02,2504.37,2502.73,2504.37,148.0567
2026-09-06 12:36:00,2504.37,2504.37,2501.68,2503.01,287.2837
2026-09-06 12:39:00,2503.01,2503.18,2500.26,2500.86,398.0659
2026-09-06 12:42:00,2500.86,2502.29,2499.62,2499.97,347.1324
2026-09-06 12:45:00,2499.96,2500.56,2499.82,2499.82,151.7102
2026-09-06 12:48:00,2499.83,2500.29,2497.52,2500.28,544.6997
2026-09-06 12:51:00,2500.29,2501.15,2500.09,2501.14,99.2002
2026-09-06 12:54:00,2501.15,2503.11,2500.46,2500.47,367.8898
2026-09-06 12:57:00,2500.46,2501.37,2499.86,2500.47,110.9279
2026-09-06 13:00:00,2500.48,2500.63,2496.53,2498.86,662.4326
2026-09-06 13:03:00,2498.85,2498.85,2497.43,2497.43,210.269
2026-09-06 13:06:00,2497.44,2500.75,2497.43,2500.75,267.9436
2026-09-06 13:09:00,2500.75,2500.94,2498.09,2498.33,511.2964
2026-09-06 13:12:00,2498.33,2498.33,2497.3,2497.3,291.5519
2026-09-06 13:15:00,2497.3,2497.31,2493.43,2493.9,234.6561
2026-09-06 13:18:00,2493.9,2495.0,2492.51,2493.52,283.9797
2026-09-06 13:21:00,2493.52,2494.29,2492.73,2494.07,255.0112
2026-09-06 13:24:00,2494.08,2494.08,2491.57,2493.55,630.5279
2026-09-06 13:27:00,2493.55,2493.56,2491.43,2491.59,197.8328
2026-09-06 13:30:00,2491.59,2492.28,2490.45,2491.9,437.5558
2026-09-06 13:33:00,2491.91,2491.91,2486.76,2490.97,1212.7291
2026-09-06 13:36:00,2490.96,2494.14,2490.72,2494.1,331.3302
2026-09-06 13:39:00,2494.09,2494.14,2491.59,2493.61,325.7351
2026-09-06 13:42:00,2493.6,2493.93,2492.73,2492.74,148.0424
2026-09-06 13:45:00,2492.74,2494.61,2492.09,2494.32,328.7892
2026-09-06 13:48:00,2494.32,2494.8,2492.68,2493.69,195.0177
2026-09-06 13:51:00,2493.68,2495.4,2493.68,2494.62,291.2883
2026-09-06 13:54:00,2494.62,2495.16,2494.0,2495.16,178.47
2026-09-06 13:57:00,2495.15,2495.82,2494.0,2494.85,429.7237
2026-09-06 14:00:00,2494.84,2495.02,2492.6,2492.81,241.2161
2026-09-06 14:03:00,2492.81,2494.16,2492.42,2492.62,661.8236
2026-09-06 14:06:00,2492.63,2492.63,2491.19,2491.33,162.6993
2026-09-06 14:09:00,2491.33,2491.33,2488.46,2489.43,1201.8698
2026-09-06 14:12:00,2489.42,2490.36,2487.04,2488.07,1457.9926
2026-09-06 14:15:00,2488.06,2488.89,2475.03,2484.89,3060.2903
2026-09-06 14:18:00,2484.89,2487.65,2480.02,2480.26,1084.7269
2026-09-06 14:21:00,2480.27,2482.77,2477.25,2482.61,2089.6113
2026-09-06 14:24:00,2482.6,2484.18,2481.69,2484.18,681.163
2026-09-06 14:27:00,2484.18,2484.36,2481.98,2481.99,453.0263
2026-09-06 14:30:00,2481.98,2481.99,2460.92,2474.12,4564.0774
2026-09-06 14:33:00,2474.12,2479.83,2470.85,2479.23,1175.0868
2026-09-06 14:36:00,2479.22,2481.1,2477.93,2480.7,933.76
2026-09-06 14:39:00,2480.7,2484.93,2479.92,2482.2,969.6947
2026-09-06 14:42:00,2482.2,2485.54,2481.4,2485.18,445.5421
2026-09-06 14:45:00,2485.18,2485.18,2477.39,2479.57,1454.7537
2026-09-06 14:48:00,2479.57,2484.58,2479.57,2484.57,622.2568
2026-09-06 14:51:00,2484.57,2485.87,2483.02,2484.83,704.2235
2026-09-06 14:54:00,2484.84,2485.27,2480.03,2480.14,712.579
2026-09-06 14:57:00,2480.15,2481.44,2477.9,2478.4,753.878
2026-09-06 15:00:00,2478.4,2478.41,2470.12,2475.74,1569.7251
2026-09-06 15:03:00,2475.73,2478.96,2474.68,2478.71,753.6518
2026-09-06 15:06:00,2478.71,2478.71,2475.98,2477.48,600.5065
2026-09-06 15:09:00,2477.47,2478.25,2474.75,2475.34,509.4934
2026-09-06 15:12:00,2475.35,2476.82,2475.15,2476.82,333.9793
2026-09-06 15:15:00,2476.81,2479.62,2476.71,2477.61,484.6345
2026-09-06 15:18:00,2477.61,2479.66,2476.93,2479.43,266.7518
2026-09-06 15:21:00,2479.43,2481.0,2478.09,2478.6,468.5183
2026-09-06 15:24:00,2478.59,2479.73,2478.59,2479.39,229.3485
2026-09-06 15:27:00,2479.39,2479.4,2478.39,2479.08,224.2485
2026-09-06 15:30:00,2479.08,2479.65,2477.01,2477.01,173.8075
2026-09-06 15:33:00,2477.02,2478.25,2475.95,2477.51,258.2775
2026-09-06 15:36:00,2477.5,2481.45,2477.5,2481.04,345.5971
2026-09-06 15:39:00,2481.05,2481.49,2480.14,2480.41,340.9539
2026-09-06 15:42:00,2480.41,2480.89,2480.4,2480.89,88.0967
2026-09-06 15:45:00,2480.88,2481.48,2480.3,2480.31,275.1444
2026-09-06 15:48:00,2480.31,2481.43,2480.0,2480.0,238.1528
2026-09-06 15:51:00,2480.0,2482.74,2480.0,2482.35,415.3972
2026-09-06 15:54:00,2482.35,2482.36,2479.03,2479.59,442.1395
2026-09-06 15:57:00,2479.58,2480.18,2479.58,2479.79,137.4545
2026-09-06 16:00:00,2479.78,2480.14,2478.06,2478.23,526.2127
2026-09-06 16:03:00,2478.22,2479.13,2475.26,2479.13,537.2786
2026-09-06 16:06:00,2479.12,2479.13,2477.01,2477.28,350.9762
2026-09-06 16:09:00,2477.28,2482.17,2476.74,2482.17,329.6563
2026-09-06 16:12:00,2482.17,2483.4,2481.69,2482.83,275.4895
2026-09-06 16:15:00,2482.83,2483.3,2481.71,2482.43,153.2827
2026-09-06 16:18:00,2482.43,2483.01,2480.89,2480.9,302.073
2026-09-06 16:21:00,2480.9,2481.38,2480.0,2480.0,242.5967
2026-09-06 16:24:00,2480.01,2481.56,2478.64,2481.23,328.1533
2026-09-06 16:27:00,2481.23,2482.92,2481.15,2482.83,414.8198
2026-09-06 16:30:00,2482.83,2484.18,2481.26,2484.18,199.5376
2026-09-06 16:33:00,2484.18,2487.54,2483.93,2484.35,435.5132
2026-09-06 16:36:00,2484.36,2485.17,2483.19,2485.16,303.2944
2026-09-06 16:39:00,2485.16,2486.16,2484.43,2485.29,266.2157
2026-09-06 16:42:00,2485.29,2485.3,2483.52,2484.01,241.2387
2026-09-06 16:45:00,2484.0,2484.0,2482.26,2482.79,216.2184
2026-09-06 16:48:00,2482.79,2483.49,2482.45,2482.61,161.9716
2026-09-06 16:51:00,2482.62,2483.36,2482.61,2483.36,84.0598
2026-09-06 16:54:00,2483.36,2484.13,2482.35,2482.37,148.6992
2026-09-06 16:57:00,2482.37,2484.85,2481.85,2484.57,314.4261
2026-09-06 17:00:00,2484.57,2484.9,2483.82,2483.82,120.1652
2026-09-06 17:03:00,2483.82,2484.95,2483.33,2484.95,243.8858
2026-09-06 17:06:00,2484.94,2486.15,2483.31,2483.31,373.7556
2026-09-06 17:09:00,2483.31,2485.7,2480.45,2485.7,693.9563
2026-09-06 17:12:00,2485.69,2485.7,2484.43,2485.34,243.4052
2026-09-06 17:15:00,2485.34,2487.79,2485.33,2487.43,342.0517
2026-09-06 17:18:00,2487.44,2492.76,2487.0,2488.26,1391.1292
2026-09-06 17:21:00,2488.26,2492.27,2488.25,2491.91,473.5452
2026-09-06 17:24:00,2491.92,2494.68,2491.32,2491.72,723.3691
2026-09-06 17:27:00,2491.72,2491.72,2489.38,2489.5,155.1243
2026-09-06 17:30:00,2489.5,2490.5,2487.84,2490.49,409.2489
2026-09-06 17:33:00,2490.5,2493.09,2490.15,2490.33,249.2893
2026-09-06 17:36:00,2490.33,2494.45,2490.33,2493.03,269.392
2026-09-06 17:39:00,2493.03,2493.93,2492.13,2492.75,206.9692
2026-09-06 17:42:00,2492.74,2493.21,2491.41,2492.96,195.7759
2026-09-06 17:45:00,2492.97,2493.13,2491.65,2493.13,200.0105
2026-09-06 17:48:00,2493.12,2493.13,2491.4,2492.86,190.4459
2026-09-06 17:51:00,2492.86,2493.03,2491.44,2491.46,145.5716
2026-09-06 17:54:00,2491.46,2492.51,2491.02,2492.51,173.5332
2026-09-06 17:57:00,2492.51,2493.9,2490.93,2491.25,166.3068
2026-09-06 18:00:00,2491.25,2493.24,2491.25,2493.22,271.7024
2026-09-06 18:03:00,2493.22,2494.58,2493.12,2494.19,289.2637
2026-09-06 18:06:00,2494.19,2494.99,2493.19,2494.01,235.0986
2026-09-06 18:09:00,2494.02,2494.56,2493.26,2493.27,159.7899
2026-09-06 18:12:00,2493.27,2494.8,2493.26,2493.49,133.039
2026-09-06 18:15:00,2493.5,2495.0,2493.26,2495.0,183.8518
2026-09-06 18:18:00,2494.99,2495.0,2493.56,2494.65,152.4767
2026-09-06 18:21:00,2494.65,2495.6,2494.43,2494.5,349.4724
2026-09-06 18:24:00,2494.51,2496.8,2494.28,2494.41,473.3927
2026-09-06 18:27:00,2494.42,2495.75,2494.41,2495.52,414.0589
2026-09-06 18:30:00,2495.53,2500.0,2495.53,2498.4,626.9668
2026-09-06 18:33:00,2498.41,2498.93,2495.9,2496.81,531.2839
2026-09-06 18:36:00,2496.81,2498.45,2496.6,2498.09,438.8289
2026-09-06 18:39:00,2498.09,2499.56,2497.19,2498.68,370.3939
2026-09-06 18:42:00,2498.69,2499.5,2496.79,2497.66,494.2081
2026-09-06 18:45:00,2497.67,2497.67,2493.56,2494.18,469.9792
2026-09-06 18:48:00,2494.19,2495.15,2493.92,2494.36,321.5498
2026-09-06 18:51:00,2494.36,2496.07,2493.83,2494.09,350.1286
2026-09-06 18:54:00,2494.09,2494.61,2493.21,2494.61,382.9097
2026-09-06 18:57:00,2494.6,2495.18,2493.43,2494.15,413.1314
2026-09-06 19:00:00,2494.15,2494.42,2492.34,2492.58,456.9594
2026-09-06 19:03:00,2492.57,2493.03,2492.33,2493.03,391.9213
2026-09-06 19:06:00,2493.02,2493.03,2491.66,2491.67,364.6484
2026-09-06 19:09:00,2491.66,2492.09,2491.32,2491.92,302.7174
2026-09-06 19:12:00,2491.91,2492.36,2491.41,2491.41,313.0218
2026-09-06 19:15:00,2491.41,2491.9,2491.23,2491.89,288.1153
2026-09-06 19:18:00,2491.89,2492.4,2490.44,2491.79,486.1507
2026-09-06 19:21:00,2491.79,2491.98,2490.01,2491.98,392.3911
2026-09-06 19:24:00,2491.97,2493.33,2491.66,2492.27,507.193
2026-09-06 19:27:00,2492.26,2492.26,2491.26,2492.16,314.3929
2026-09-06 19:30:00,2492.17,2492.17,2491.01,2491.91,319.9243
2026-09-06 19:33:00,2491.91,2491.92,2490.81,2490.81,267.4667
2026-09-06 19:36:00,2490.8,2490.9,2490.36,2490.36,371.0141
2026-09-06 19:39:00,2490.36,2490.37,2489.81,2489.99,286.592
2026-09-06 19:42:00,2489.99,2490.68,2489.99,2490.26,349.1653
2026-09-06 19:45:00,2490.26,2490.83,2488.88,2490.41,528.4569
2026-09-06 19:48:00,2490.41,2490.56,2489.93,2490.53,334.8809
2026-09-06 19:51:00,2490.53,2490.54,2489.92,2490.16,361.1498
2026-09-06 19:54:00,2490.17,2490.75,2489.66,2489.72,321.5565
2026-09-06 19:57:00,2489.71,2490.44,2489.65,2490.42,391.3574
2026-09-06 20:00:00,2490.42,2491.2,2490.27,2490.47,402.3325
2026-09-06 20:03:00,2490.47,2490.75,2489.47,2490.09,342.4738
2026-09-06 20:06:00,2490.08,2490.63,2488.89,2488.89,427.1154
2026-09-06 20:09:00,2488.89,2489.91,2488.55,2489.35,368.3318
2026-09-06 20:12:00,2489.35,2492.67,2489.34,2492.29,411.8178
2026-09-06 20:15:00,2492.29,2492.48,2491.29,2491.29,281.006
2026-09-06 20:18:00,2491.3,2494.84,2491.29,2494.56,656.3515
2026-09-06 20:21:00,2494.56,2496.72,2494.55,2495.88,705.9188
2026-09-06 20:24:00,2495.88,2495.89,2495.17,2495.38,323.9766
2026-09-06 20:27:00,2495.39,2497.0,2495.38,2495.82,482.1102
2026-09-06 20:30:00,2495.83,2497.23,2495.82,2496.02,599.4862
2026-09-06 20:33:00,2496.02,2497.04,2495.65,2495.65,409.3425
2026-09-06 20:36:00,2495.65,2497.15,2494.51,2495.33,438.1555
2026-09-06 20:39:00,2495.34,2496.51,2494.71,2495.42,342.3943
2026-09-06 20:42:00,2495.43,2496.95,2495.09,2496.94,298.6562
2026-09-06 20:45:00,2496.95,2499.47,2496.95,2498.16,602.5323
2026-09-06 20:48:00,2498.17,2499.58,2498.03,2499.58,435.0062
2026-09-06 20:51:00,2499.58,2500.0,2497.99,2498.25,377.3265
2026-09-06 20:54:00,2498.26,2498.43,2498.25,2498.25,258.0314
2026-09-06 20:57:00,2498.25,2499.44,2498.25,2499.44,273.1419
2026-09-06 21:00:00,2499.43,2502.38,2499.36,2502.37,1011.5268
2026-09-06 21:03:00,2502.37,2504.69,2502.37,2504.47,573.5954
2026-09-06 21:06:00,2504.46,2511.77,2503.11,2510.65,2178.0657
2026-09-06 21:09:00,2510.65,2513.46,2509.38,2509.38,931.3327
2026-09-06 21:12:00,2509.38,2511.97,2507.83,2510.98,554.2519
2026-09-06 21:15:00,2510.97,2514.88,2509.36,2512.51,778.9963
2026-09-06 21:18:00,2512.51,2515.69,2512.51,2514.54,481.4039
2026-09-06 21:21:00,2514.54,2514.72,2509.04,2509.7,540.4384
2026-09-06 21:24:00,2509.7,2511.58,2509.44,2509.45,308.4098
2026-09-06 21:27:00,2509.45,2509.45,2505.44,2506.04,436.7865
2026-09-06 21:30:00,2506.03,2506.67,2504.45,2505.79,357.4046
2026-09-06 21:33:00,2505.79,2507.78,2504.84,2507.78,225.0102
2026-09-06 21:36:00,2507.78,2509.13,2507.12,2507.2,201.3267
2026-09-06 21:39:00,2507.21,2508.28,2506.01,2507.51,204.7111
2026-09-06 21:42:00,2507.52,2510.52,2506.31,2507.42,374.5642
2026-09-06 21:45:00,2507.43,2512.15,2507.43,2510.35,349.6961
2026-09-06 21:48:00,2510.35,2511.01,2506.13,2507.93,318.9554
2026-09-06 21:51:00,2507.93,2507.93,2506.0,2507.17,106.5757
2026-09-06 21:54:00,2507.18,2507.4,2506.03,2506.03,80.8847
2026-09-06 21:57:00,2506.04,2508.46,2506.04,2508.09,400.5525
2026-09-06 22:00:00,2508.08,2508.33,2502.46,2502.46,463.1925
2026-09-06 22:03:00,2502.46,2505.57,2501.79,2504.71,458.2348
2026-09-06 22:06:00,2504.72,2505.03,2498.65,2500.69,887.6818
2026-09-06 22:09:00,2500.69,2501.04,2495.29,2498.36,1070.0962
2026-09-06 22:12:00,2498.37,2498.37,2495.76,2497.91,333.6811
2026-09-06 22:15:00,2497.91,2499.1,2495.87,2495.88,283.2155
2026-09-06 22:18:00,2495.88,2495.88,2488.8,2494.12,1403.9755
2026-09-06 22:21:00,2494.13,2496.84,2493.72,2496.84,316.9671
2026-09-06 22:24:00,2496.85,2498.89,2496.15,2498.89,302.3414
2026-09-06 22:27:00,2498.89,2499.84,2497.16,2498.9,378.4184
2026-09-06 22:30:00,2498.89,2501.9,2498.73,2501.89,521.2352
2026-09-06 22:33:00,2501.9,2506.59,2501.05,2504.76,1095.2026
2026-09-06 22:36:00,2504.75,2507.49,2503.31,2506.5,479.0805
2026-09-06 22:39:00,2506.49,2507.08,2504.8,2505.71,628.3066
2026-09-06 22:42:00,2505.72,2507.01,2504.78,2506.7,276.4967
2026-09-06 22:45:00,2506.7,2508.32,2505.25,2505.31,815.2901
2026-09-06 22:48:00,2505.31,2507.1,2505.0,2505.92,472.0292
2026-09-06 22:51:00,2505.92,2508.32,2505.34,2507.63,606.3088
2026-09-06 22:54:00,2507.64,2510.71,2507.63,2510.7,607.396
2026-09-06 22:57:00,2510.7,2510.89,2507.6,2508.32,777.8717
2026-09-06 23:00:00,2508.33,2509.92,2506.79,2509.53,621.5165
2026-09-06 23:03:00,2509.52,2516.52,2509.52,2510.53,988.9394
2026-09-06 23:06:00,2510.52,2511.09,2508.74,2509.96,729.1964
2026-09-06 23:09:00,2509.95,2511.47,2509.93,2510.27,361.8694
2026-09-06 23:12:00,2510.27,2511.97,2510.26,2510.89,168.2914
2026-09-06 23:15:00,2510.9,2511.79,2509.11,2511.35,314.9616
2026-09-06 23:18:00,2511.35,2515.0,2511.35,2513.45,265.9072
2026-09-06 23:21:00,2513.46,2513.51,2511.49,2511.73,231.7265
2026-09-06 23:24:00,2511.74,2513.02,2510.01,2512.7,388.4201
2026-09-06 23:27:00,2512.69,2513.99,2512.36,2512.62,200.491
2026-09-06 23:30:00,2512.62,2514.74,2512.27,2513.78,298.7262
2026-09-06 23:33:00,2513.78,2519.41,2513.45,2517.7,851.2239
2026-09-06 23:36:00,2517.69,2521.66,2517.67,2521.44,1313.3626
2026-09-06 23:39:00,2521.44,2522.51,2516.23,2518.13,1313.2251
2026-09-06 23:42:00,2518.13,2522.6,2518.13,2520.08,727.3309
2026-09-06 23:45:00,2520.08,2526.2,2520.08,2520.96,1580.2776
2026-09-06 23:48:00,2520.96,2522.53,2518.21,2519.02,915.7479
2026-09-06 23:51:00,2519.02,2519.02,2516.37,2516.38,578.4742
2026-09-06 23:54:00,2516.37,2518.34,2512.5,2513.11,831.4475
2026-09-06 23:57:00,2513.1,2515.24,2512.89,2514.48,211.0108
2026-09-07 00:00:00,2514.48,2515.01,2510.23,2512.92,630.0595
2026-09-07 00:03:00,2512.93,2514.33,2511.15,2514.12,249.018
2026-09-07 00:06:00,2514.12,2515.99,2512.12,2515.99,698.3944
2026-09-07 00:09:00,2515.99,2518.09,2515.42,2516.96,545.9432
2026-09-07 00:12:00,2516.95,2517.78,2515.57,2515.63,250.0185
2026-09-07 00:15:00,2515.62,2515.63,2510.45,2511.53,393.7261
2026-09-07 00:18:00,2511.53,2511.71,2509.38,2511.32,556.7705
2026-09-07 00:21:00,2511.32,2516.76,2511.31,2513.65,474.8213
2026-09-07 00:24:00,2513.66,2516.2,2513.4,2516.2,172.4177
2026-09-07 00:27:00,2516.2,2518.0,2516.17,2517.7,260.8573
2026-09-07 00:30:00,2517.71,2522.52,2516.87,2518.72,519.5664
2026-09-07 00:33:00,2518.73,2519.15,2513.3,2515.63,578.9819
2026-09-07 00:36:00,2515.63,2516.43,2513.62,2513.63,339.8024
2026-09-07 00:39:00,2513.63,2515.44,2512.64,2513.72,260.3217
2026-09-07 00:42:00,2513.73,2516.17,2513.73,2515.18,473.6538
2026-09-07 00:45:00,2515.17,2516.93,2512.32,2516.04,431.829
2026-09-07 00:48:00,2516.04,2516.04,2513.52,2513.85,299.7618
2026-09-07 00:51:00,2513.86,2516.88,2513.55,2513.55,440.138
2026-09-07 00:54:00,2513.55,2513.92,2512.32,2512.32,302.0767
2026-09-07 00:57:00,2512.33,2513.17,2509.54,2513.17,521.4466
2026-09-07 01:00:00,2513.17,2515.0,2510.4,2514.99,645.5389
2026-09-07 01:03:00,2515.0,2516.34,2511.29,2512.35,502.4989
2026-09-07 01:06:00,2512.34,2512.34,2506.69,2507.04,536.888
2026-09-07 01:09:00,2507.04,2510.5,2503.15,2508.96,1987.5829
2026-09-07 01:12:00,2508.97,2509.19,2505.88,2507.31,552.7026
2026-09-07 01:15:00,2507.31,2508.0,2503.01,2507.99,624.1623
2026-09-07 01:18:00,2508.0,2509.72,2502.07,2502.08,934.8639
2026-09-07 01:21:00,2502.07,2506.4,2501.97,2504.21,435.0508
2026-09-07 01:24:00,2504.22,2504.95,2501.25,2502.05,442.6239
2026-09-07 01:27:00,2502.06,2505.1,2501.93,2504.81,332.0539
2026-09-07 01:30:00,2504.81,2505.59,2502.1,2505.59,299.7496
2026-09-07 01:33:00,2505.59,2507.83,2505.38,2505.38,286.2861
2026-09-07 01:36:00,2505.37,2505.9,2504.13,2504.92,479.7719
2026-09-07 01:39:00,2504.92,2505.18,2502.05,2502.05,339.1525
2026-09-07 01:42:00,2502.06,2503.2,2499.36,2500.76,1216.1302
2026-09-07 01:45:00,2500.76,2501.96,2500.49,2501.46,439.8244
2026-09-07 01:48:00,2501.45,2501.45,2499.71,2500.89,373.5165
2026-09-07 01:51:00,2500.89,2503.49,2500.89,2503.49,265.9128
2026-09-07 01:54:00,2503.49,2505.39,2503.18,2504.41,212.8473
2026-09-07 01:57:00,2504.42,2505.09,2503.87,2503.87,129.4605
2026-09-07 02:00:00,2503.87,2504.66,2503.23,2503.24,123.5202
2026-09-07 02:03:00,2503.23,2503.24,2501.2,2502.1,125.7025
2026-09-07 02:06:00,2502.09,2502.09,2498.66,2501.64,358.7459
2026-09-07 02:09:00,2501.63,2501.85,2498.95,2500.79,362.5213
2026-09-07 02:12:00,2500.78,2501.14,2498.56,2500.75,479.5657
2026-09-07 02:15:00,2500.74,2502.69,2500.64,2501.81,125.793
2026-09-07 02:18:00,2501.82,2506.0,2501.81,2505.83,435.8812
2026-09-07 02:21:00,2505.82,2506.0,2503.56,2503.78,169.483
2026-09-07 02:24:00,2503.77,2507.38,2503.56,2506.82,425.4468
2026-09-07 02:27:00,2506.81,2511.66,2506.48,2510.86,865.0065
2026-09-07 02:30:00,2510.86,2512.6,2509.39,2510.62,472.8775
2026-09-07 02:33:00,2510.63,2515.0,2510.17,2514.88,341.4593
2026-09-07 02:36:00,2514.88,2528.69,2514.88,2527.45,3041.7857
2026-09-07 02:39:00,2527.45,2536.64,2527.44,2528.89,4823.451
2026-09-07 02:42:00,2528.89,2530.71,2526.35,2527.05,1058.2898
2026-09-07 02:45:00,2527.05,2527.85,2525.77,2526.26,731.305
2026-09-07 02:48:00,2526.26,2526.48,2523.04,2523.8,702.6359
2026-09-07 02:51:00,2523.81,2524.67,2517.91,2518.58,973.3669
2026-09-07 02:54:00,2518.58,2518.76,2515.96,2516.92,598.0336
2026-09-07 02:57:00,2516.92,2516.92,2510.66,2511.77,957.6354
2026-09-07 03:00:00,2511.76,2515.82,2507.19,2515.52,1383.6742
2026-09-07 03:03:00,2515.52,2516.23,2513.35,2513.83,618.5416
2026-09-07 03:06:00,2513.83,2514.66,2508.89,2510.17,378.1626
2026-09-07 03:09:00,2510.17,2510.19,2508.0,2508.01,428.6975
2026-09-07 03:12:00,2508.0,2508.79,2506.93,2507.49,401.1608
2026-09-07 03:15:00,2507.5,2508.84,2506.92,2507.2,471.9695
2026-09-07 03:18:00,2507.19,2510.0,2506.0,2510.0,389.9467
2026-09-07 03:21:00,2510.0,2511.17,2509.48,2509.64,476.0898
2026-09-07 03:24:00,2509.64,2509.64,2504.24,2506.76,735.4159
2026-09-07 03:27:00,2506.75,2506.75,2504.41,2504.45,304.6543
2026-09-07 03:30:00,2504.45,2506.55,2503.08,2503.83,692.9335
2026-09-07 03:33:00,2503.83,2504.62,2502.37,2502.38,485.1969
2026-09-07 03:36:00,2502.38,2503.43,2500.0,2500.37,762.0446
2026-09-07 03:39:00,2500.36,2500.89,2496.88,2499.32,1209.6375
2026-09-07 03:42:00,2499.33,2500.84,2496.73,2497.76,670.3059
2026-09-07 03:45:00,2497.77,2500.19,2497.07,2499.99,697.2557
2026-09-07 03:48:00,2499.98,2499.98,2497.53,2499.07,611.3409
2026-09-07 03:51:00,2499.07,2499.07,2496.72,2497.65,476.3191
2026-09-07 03:54:00,2497.65,2500.86,2497.64,2499.6,524.3001
2026-09-07 03:57:00,2499.6,2500.09,2497.43,2497.43,852.4633
2026-09-07 04:00:00,2497.43,2498.39,2496.5,2496.51,720.9343
2026-09-07 04:03:00,2496.51,2498.58,2496.23,2497.12,581.4272
2026-09-07 04:06:00,2497.12,2498.62,2496.63,2498.54,277.3026
2026-09-07 04:09:00,2498.54,2498.87,2497.21,2497.46,540.0276
2026-09-07 04:12:00,2497.45,2498.42,2493.95,2498.37,958.8746
2026-09-07 04:15:00,2498.38,2498.65,2496.93,2497.56,351.9326
2026-09-07 04:18:00,2497.56,2499.01,2497.22,2498.89,388.228
2026-09-07 04:21:00,2498.89,2499.26,2498.71,2499.26,401.4437
2026-09-07 04:24:00,2499.26,2499.26,2497.18,2498.65,612.4432
2026-09-07 04:27:00,2498.64,2499.89,2496.6,2496.61,712.2301
2026-09-07 04:30:00,2496.61,2497.73,2495.39,2495.39,388.6551
2026-09-07 04:33:00,2495.4,2497.15,2492.39,2493.83,770.3204
2026-09-07 04:36:00,2493.84,2498.19,2493.76,2496.78,577.3104
2026-09-07 04:39:00,2496.78,2497.12,2495.36,2496.12,457.5475
2026-09-07 04:42:00,2496.12,2497.7,2495.38,2497.5,322.7454
2026-09-07 04:45:00,2497.49,2499.22,2497.19,2498.07,578.3076
2026-09-07 04:48:00,2498.07,2498.22,2496.84,2497.49,354.6311
2026-09-07 04:51:00,2497.5,2497.5,2495.27,2495.38,403.9346
2026-09-07 04:54:00,2495.37,2496.56,2494.6,2496.24,561.6946
2026-09-07 04:57:00,2496.24,2498.33,2496.17,2498.33,296.4851
2026-09-07 05:00:00,2498.33,2500.34,2497.25,2499.31,578.716
2026-09-07 05:03:00,2499.31,2505.19,2499.31,2505.03,704.6912
2026-09-07 05:06:00,2505.03,2505.54,2501.63,2502.1,789.8667
2026-09-07 05:09:00,2502.1,2503.67,2501.7,2501.83,340.2347
2026-09-07 05:12:00,2501.83,2503.97,2500.7,2503.96,606.021
2026-09-07 05:15:00,2503.97,2509.4,2503.76,2509.35,1014.4183
2026-09-07 05:18:00,2509.35,2509.57,2506.79,2506.8,317.6554
2026-09-07 05:21:00,2506.8,2510.67,2506.63,2510.67,444.4688
2026-09-07 05:24:00,2510.67,2514.03,2510.66,2511.47,1043.7549
2026-09-07 05:27:00,2511.46,2513.06,2510.23,2512.72,1003.2278
2026-09-07 05:30:00,2512.71,2513.55,2510.85,2511.42,366.673
2026-09-07 05:33:00,2511.42,2512.68,2510.79,2511.76,310.831
2026-09-07 05:36:00,2511.77,2512.37,2510.79,2511.16,655.6354
2026-09-07 05:39:00,2511.15,2511.16,2509.44,2510.71,373.1288
2026-09-07 05:42:00,2510.7,2511.81,2510.39,2511.81,481.1679
2026-09-07 05:45:00,2511.8,2511.81,2510.1,2510.42,444.2054
2026-09-07 05:48:00,2510.43,2511.0,2506.07,2506.07,425.039
2026-09-07 05:51:00,2506.06,2507.98,2505.31,2506.83,493.052
2026-09-07 05:54:00,2506.82,2506.82,2504.2,2504.2,447.9583
2026-09-07 05:57:00,2504.21,2505.42,2504.2,2504.8,407.7349
2026-09-07 06:00:00,2504.81,2505.08,2503.83,2504.93,209.8698
2026-09-07 06:03:00,2504.93,2506.87,2504.93,2506.73,602.062
2026-09-07 06:06:00,2506.72,2506.76,2503.83,2505.23,159.7962
2026-09-07 06:09:00,2505.22,2508.28,2505.22,2508.28,262.5833
2026-09-07 06:12:00,2508.28,2510.0,2508.28,2509.79,235.7111
2026-09-07 06:15:00,2509.78,2509.79,2507.44,2507.45,124.0258
2026-09-07 06:18:00,2507.45,2507.45,2504.31,2504.68,208.5981
2026-09-07 06:21:00,2504.69,2505.98,2504.23,2505.87,282.7471
2026-09-07 06:24:00,2505.86,2507.32,2504.33,2504.41,387.7863
2026-09-07 06:27:00,2504.41,2504.41,2503.68,2503.7,222.4337
2026-09-07 06:30:00,2503.71,2504.85,2502.48,2502.68,548.4203
2026-09-07 06:33:00,2502.67,2503.26,2502.1,2502.52,320.3017
2026-09-07 06:36:00,2502.52,2503.44,2500.8,2501.13,578.4656
2026-09-07 06:39:00,2501.12,2502.3,2500.66,2500.73,499.3835
2026-09-07 06:42:00,2500.74,2500.74,2499.09,2499.35,363.8808
2026-09-07 06:45:00,2499.34,2500.0,2498.78,2499.13,468.5164
2026-09-07 06:48:00,2499.13,2500.37,2499.12,2500.01,337.4587
2026-09-07 06:51:00,2500.01,2500.02,2498.8,2499.39,453.0993
2026-09-07 06:54:00,2499.39,2499.98,2499.33,2499.69,374.7331
2026-09-07 06:57:00,2499.7,2499.76,2497.69,2497.74,1155.6779
2026-09-07 07:00:00,2497.75,2498.11,2496.24,2497.23,609.8528
2026-09-07 07:03:00,2497.24,2497.88,2495.65,2497.57,802.4752
2026-09-07 07:06:00,2497.58,2499.57,2496.42,2499.57,470.0222
2026-09-07 07:09:00,2499.56,2501.12,2499.56,2500.0,597.0482
2026-09-07 07:12:00,2500.0,2502.0,2498.76,2499.82,816.7427
2026-09-07 07:15:00,2499.81,2501.03,2498.94,2499.84,535.932
2026-09-07 07:18:00,2499.85,2499.89,2498.52,2499.4,711.3221
2026-09-07 07:21:00,2499.41,2499.41,2493.48,2493.8,802.013
2026-09-07 07:24:00,2493.8,2496.51,2492.0,2494.22,1010.4019
2026-09-07 07:27:00,2494.23,2494.26,2486.16,2488.74,2423.1371
2026-09-07 07:30:00,2488.74,2493.06,2487.03,2492.32,1096.6842
2026-09-07 07:33:00,2492.32,2492.32,2482.0,2483.39,2601.3323
2026-09-07 07:36:00,2483.4,2486.54,2482.36,2482.37,1105.4427
2026-09-07 07:39:00,2482.37,2482.43,2475.12,2478.24,2936.7414
2026-09-07 07:42:00,2478.25,2486.1,2478.24,2485.59,1427.0469
2026-09-07 07:45:00,2485.59,2488.65,2485.59,2487.92,761.5807
2026-09-07 07:48:00,2487.92,2489.2,2487.09,2487.39,855.7115
2026-09-07 07:51:00,2487.39,2488.84,2487.06,2487.17,627.4433
2026-09-07 07:54:00,2487.18,2489.44,2485.61,2488.88,1106.5061
2026-09-07 07:57:00,2488.88,2489.4,2487.71,2489.35,703.4234
2026-09-07 08:00:00,2489.34,2491.18,2488.85,2489.89,726.1969
2026-09-07 08:03:00,2489.89,2491.41,2489.88,2490.56,419.6079
2026-09-07 08:06:00,2490.56,2491.36,2489.78,2489.78,476.6449
2026-09-07 08:09:00,2489.78,2491.24,2489.78,2491.06,263.8174
2026-09-07 08:12:00,2491.06,2491.17,2489.17,2489.18,446.9478
2026-09-07 08:15:00,2489.17,2490.8,2488.96,2490.13,298.5894
2026-09-07 08:18:00,2490.13,2492.84,2490.02,2490.42,492.209
2026-09-07 08:21:00,2490.41,2490.69,2489.54,2490.04,313.2518
2026-09-07 08:24:00,2490.05,2491.91,2489.74,2491.7,514.0946
2026-09-07 08:27:00,2491.7,2491.7,2489.26,2490.64,437.0898
2026-09-07 08:30:00,2490.64,2493.61,2490.37,2492.19,720.2167
2026-09-07 08:33:00,2492.19,2493.55,2491.74,2492.19,502.0826
2026-09-07 08:36:00,2492.19,2492.2,2489.79,2490.94,309.2804
2026-09-07 08:39:00,2490.94,2493.11,2490.24,2491.68,494.2018
2026-09-07 08:42:00,2491.67,2493.0,2491.67,2493.0,234.4075
2026-09-07 08:45:00,2493.0,2494.0,2492.11,2493.65,601.9892
2026-09-07 08:48:00,2493.65,2493.73,2490.7,2492.41,990.8805
2026-09-07 08:51:00,2492.41,2492.44,2491.29,2491.6,256.5683
2026-09-07 08:54:00,2491.6,2492.16,2491.6,2492.16,154.4717
2026-09-07 08:57:00,2492.16,2492.22,2491.04,2491.56,235.2444
2026-09-07 09:00:00,2491.56,2492.22,2490.69,2490.99,245.5393
2026-09-07 09:03:00,2490.98,2492.84,2490.81,2491.77,212.7027
2026-09-07 09:06:00,2491.77,2493.57,2491.15,2493.56,247.5972
2026-09-07 09:09:00,2493.57,2495.92,2493.56,2495.31,375.3008
2026-09-07 09:12:00,2495.32,2497.02,2494.49,2496.27,581.7158
2026-09-07 09:15:00,2496.28,2497.46,2495.7,2495.7,448.5577
2026-09-07 09:18:00,2495.69,2495.86,2494.32,2495.3,461.4449
2026-09-07 09:21:00,2495.3,2495.3,2493.85,2494.66,358.8968
2026-09-07 09:24:00,2494.67,2494.83,2493.46,2494.46,461.348
2026-09-07 09:27:00,2494.47,2495.58,2494.46,2494.87,355.5697
2026-09-07 09:30:00,2494.87,2494.96,2493.61,2493.61,339.5855
2026-09-07 09:33:00,2493.61,2493.63,2490.81,2491.24,528.7985
2026-09-07 09:36:00,2491.24,2491.25,2489.39,2490.62,465.7911
2026-09-07 09:39:00,2490.62,2492.0,2490.62,2491.77,435.2081
2026-09-07 09:42:00,2491.76,2491.77,2490.65,2490.93,285.2745
2026-09-07 09:45:00,2490.93,2491.99,2490.93,2491.99,431.6696
2026-09-07 09:48:00,2491.98,2492.51,2490.88,2492.51,326.5526
2026-09-07 09:51:00,2492.51,2493.28,2486.78,2487.36,945.4145
2026-09-07 09:54:00,2487.35,2487.76,2485.42,2486.17,704.2913
2026-09-07 09:57:00,2486.17,2486.93,2484.42,2484.76,1143.6481
2026-09-07 10:00:00,2484.76,2488.76,2484.76,2485.84,1130.7753
2026-09-07 10:03:00,2485.84,2488.08,2485.83,2487.86,252.6204
2026-09-07 10:06:00,2487.85,2489.51,2486.26,2486.26,721.5144
2026-09-07 10:09:00,2486.27,2488.44,2485.52,2487.9,652.7844
2026-09-07 10:12:00,2487.9,2488.84,2487.6,2487.61,536.8911
2026-09-07 10:15:00,2487.6,2489.28,2487.12,2488.95,370.4834
2026-09-07 10:18:00,2488.96,2490.21,2488.6,2490.14,256.5858
2026-09-07 10:21:00,2490.15,2490.15,2489.44,2489.69,395.8689
2026-09-07 10:24:00,2489.69,2490.12,2488.71,2490.06,504.9892
2026-09-07 10:27:00,2490.06,2490.14,2489.9,2489.91,114.614
2026-09-07 10:30:00,2489.91,2490.36,2489.52,2489.78,283.6801
2026-09-07 10:33:00,2489.79,2489.79,2488.95,2488.98,183.9684
2026-09-07 10:36:00,2488.98,2490.12,2488.26,2489.59,330.3415
2026-09-07 10:39:00,2489.59,2491.08,2489.58,2490.74,278.789
2026-09-07 10:42:00,2490.74,2491.72,2490.68,2491.71,197.7594
2026-09-07 10:45:00,2491.7,2492.2,2491.0,2491.01,128.0031
2026-09-07 10:48:00,2491.0,2491.18,2490.23,2491.18,302.6926
2026-09-07 10:51:00,2491.17,2492.64,2491.15,2491.66,231.784
2026-09-07 10:54:00,2491.67,2492.44,2487.64,2488.73,2198.4861
2026-09-07 10:57:00,2488.73,2489.34,2488.73,2489.01,218.4892
2026-09-07 11:00:00,2489.01,2490.34,2487.72,2487.72,591.6938
2026-09-07 11:03:00,2487.72,2488.52,2487.47,2488.36,147.3398
2026-09-07 11:06:00,2488.36,2488.82,2486.75,2486.75,372.5826
2026-09-07 11:09:00,2486.75,2489.98,2486.42,2489.91,513.1451
2026-09-07 11:12:00,2489.9,2490.72,2489.51,2490.72,441.1693
2026-09-07 11:15:00,2490.72,2491.66,2489.98,2491.5,509.4485
2026-09-07 11:18:00,2491.5,2492.06,2491.32,2492.0,449.0829
2026-09-07 11:21:00,2491.99,2493.14,2491.5,2491.5,496.317
2026-09-07 11:24:00,2491.5,2492.78,2491.08,2492.21,410.6855
2026-09-07 11:27:00,2492.2,2492.65,2491.2,2492.29,639.25
2026-09-07 11:30:00,2492.3,2493.62,2491.59,2493.62,493.021
2026-09-07 11:33:00,2493.62,2493.62,2492.19,2492.19,455.7373
2026-09-07 11:36:00,2492.19,2492.2,2490.25,2490.25,334.2259
2026-09-07 11:39:00,2490.25,2490.87,2490.21,2490.75,191.4804
2026-09-07 11:42:00,2490.76,2491.4,2490.49,2490.5,194.1215
2026-09-07 11:45:00,2490.5,2491.08,2490.0,2491.06,384.7819
2026-09-07 11:48:00,2491.06,2491.08,2490.29,2490.3,260.1057
2026-09-07 11:51:00,2490.29,2491.01,2487.98,2490.49,692.52
2026-09-07 11:54:00,2490.5,2490.5,2487.98,2488.89,505.2597
2026-09-07 11:57:00,2488.89,2489.99,2488.28,2489.15,503.6679
2026-09-07 12:00:00,2489.16,2490.39,2489.12,2489.92,504.6988
2026-09-07 12:03:00,2489.92,2490.04,2489.04,2490.04,737.6018
2026-09-07 12:06:00,2490.04,2492.42,2490.04,2491.32,743.4169
2026-09-07 12:09:00,2491.31,2491.9,2489.0,2489.0,761.7168
2026-09-07 12:12:00,2489.01,2489.47,2488.5,2488.51,713.857
2026-09-07 12:15:00,2488.5,2489.96,2488.5,2489.96,625.4079
2026-09-07 12:18:00,2489.95,2492.95,2489.75,2492.84,272.0065
2026-09-07 12:21:00,2492.84,2493.79,2491.32,2491.44,331.0313
2026-09-07 12:24:00,2491.44,2493.33,2491.43,2493.26,114.7701
2026-09-07 12:27:00,2493.26,2493.79,2493.18,2493.5,183.937
2026-09-07 12:30:00,2493.51,2494.11,2493.01,2493.99,146.8508
2026-09-07 12:33:00,2493.99,2494.37,2493.32,2493.33,188.2148
2026-09-07 12:36:00,2493.32,2494.37,2493.32,2493.72,187.9518
2026-09-07 12:39:00,2493.73,2494.11,2493.27,2493.95,211.1199
2026-09-07 12:42:00,2493.96,2494.11,2493.95,2494.07,168.5673
2026-09-07 12:45:00,2494.08,2497.71,2494.07,2496.91,721.9993
2026-09-07 12:48:00,2496.92,2499.77,2496.92,2498.76,604.2766
2026-09-07 12:51:00,2498.76,2503.95,2498.32,2503.27,2047.4417
2026-09-07 12:54:00,2503.27,2506.61,2502.18,2505.31,1452.8766
2026-09-07 12:57:00,2505.31,2507.6,2505.23,2505.48,522.9595
2026-09-07 13:00:00,2505.48,2507.26,2503.0,2503.7,577.391
2026-09-07 13:03:00,2503.71,2506.86,2503.29,2504.39,450.6141
2026-09-07 13:06:00,2504.39,2505.57,2504.0,2504.8,317.8671
2026-09-07 13:09:00,2504.81,2510.0,2504.81,2508.02,1143.5716
2026-09-07 13:12:00,2508.01,2510.04,2506.56,2510.04,401.5637
2026-09-07 13:15:00,2510.04,2511.4,2505.97,2506.28,549.8309
2026-09-07 13:18:00,2506.28,2509.62,2506.25,2509.61,284.5831
2026-09-07 13:21:00,2509.61,2510.08,2508.6,2509.19,340.3162
2026-09-07 13:24:00,2509.19,2509.31,2508.25,2508.72,218.5149
2026-09-07 13:27:00,2508.72,2508.72,2506.95,2508.59,278.4493
2026-09-07 13:30:00,2508.6,2508.74,2504.46,2504.67,455.1544
2026-09-07 13:33:00,2504.66,2504.66,2497.5,2498.13,1652.677
2026-09-07 13:36:00,2498.12,2499.98,2495.7,2499.73,833.8511
2026-09-07 13:39:00,2499.73,2500.48,2497.11,2499.47,385.7494
2026-09-07 13:42:00,2499.47,2500.59,2498.35,2498.47,246.6622
2026-09-07 13:45:00,2498.46,2499.0,2496.83,2497.33,236.3163
2026-09-07 13:48:00,2497.32,2498.5,2496.78,2496.87,493.031
2026-09-07 13:51:00,2496.87,2500.64,2496.86,2500.63,206.52
2026-09-07 13:54:00,2500.63,2502.42,2500.34,2500.73,391.3827
2026-09-07 13:57:00,2500.73,2500.82,2498.45,2498.86,263.1743
2026-09-07 14:00:00,2498.87,2499.75,2497.73,2499.26,277.0034
2026-09-07 14:03:00,2499.27,2499.46,2490.81,2492.47,1392.4879
2026-09-07 14:06:00,2492.46,2492.7,2485.69,2488.43,1346.8821
2026-09-07 14:09:00,2488.43,2490.43,2485.51,2489.51,834.6417
2026-09-07 14:12:00,2489.51,2489.78,2483.79,2487.34,1284.8327
2026-09-07 14:15:00,2487.35,2490.25,2486.03,2487.62,445.627
2026-09-07 14:18:00,2487.62,2488.2,2483.37,2485.59,902.5321
2026-09-07 14:21:00,2485.58,2486.67,2483.19,2484.92,792.7789
2026-09-07 14:24:00,2484.93,2486.78,2483.86,2486.78,579.069
2026-09-07 14:27:00,2486.78,2486.78,2482.69,2483.04,791.9289
2026-09-07 14:30:00,2483.04,2484.38,2480.62,2482.15,972.0032
2026-09-07 14:33:00,2482.14,2483.33,2479.88,2482.86,1622.472
2026-09-07 14:36:00,2482.87,2482.87,2479.83,2479.84,826.9292
2026-09-07 14:39:00,2479.84,2480.87,2478.71,2478.76,613.4163
2026-09-07 14:42:00,2478.76,2482.09,2476.4,2481.61,1367.3697
2026-09-07 14:45:00,2481.62,2483.58,2481.22,2482.88,604.7562
2026-09-07 14:48:00,2482.89,2485.26,2482.88,2484.66,380.3458
2026-09-07 14:51:00,2484.67,2489.87,2484.66,2489.86,613.3997
2026-09-07 14:54:00,2489.86,2491.66,2488.51,2490.89,701.3309
2026-09-07 14:57:00,2490.89,2491.08,2489.5,2490.29,343.9934
2026-09-07 15:00:00,2490.29,2490.29,2486.82,2487.21,350.0364
2026-09-07 15:03:00,2487.21,2487.21,2483.89,2484.42,499.917
2026-09-07 15:06:00,2484.42,2485.2,2482.58,2484.37,381.8246
2026-09-07 15:09:00,2484.36,2485.93,2484.35,2484.83,421.7874
2026-09-07 15:12:00,2484.83,2485.52,2483.51,2483.51,361.6781
2026-09-07 15:15:00,2483.51,2484.4,2481.13,2481.13,616.7729
2026-09-07 15:18:00,2481.14,2488.97,2475.28,2485.8,1665.743
2026-09-07 15:21:00,2485.81,2487.28,2485.5,2486.48,290.6013
2026-09-07 15:24:00,2486.47,2486.87,2484.59,2485.04,253.8002
2026-09-07 15:27:00,2485.03,2485.04,2481.48,2482.01,400.4534
2026-09-07 15:30:00,2482.0,2482.32,2476.36,2476.58,1229.465
2026-09-07 15:33:00,2476.58,2476.59,2470.0,2476.34,2617.7158
2026-09-07 15:36:00,2476.33,2476.64,2469.0,2471.18,1821.2301
2026-09-07 15:39:00,2471.17,2472.53,2466.0,2467.43,2094.1664
2026-09-07 15:42:00,2467.43,2471.57,2467.25,2469.99,924.9611
2026-09-07 15:45:00,2470.0,2471.78,2468.33,2471.08,1030.7351
2026-09-07 15:48:00,2471.08,2474.7,2471.08,2473.37,1141.7412
2026-09-07 15:51:00,2473.37,2473.37,2471.71,2472.66,554.3991
2026-09-07 15:54:00,2472.65,2473.79,2466.74,2466.74,1934.5357
2026-09-07 15:57:00,2466.74,2471.8,2466.74,2470.43,994.2947
2026-09-07 16:00:00,2470.44,2476.13,2470.3,2475.67,909.9535
2026-09-07 16:03:00,2475.68,2475.68,2473.31,2474.21,485.9254
2026-09-07 16:06:00,2474.22,2475.55,2472.68,2475.1,1173.4632
2026-09-07 16:09:00,2475.1,2475.54,2474.62,2474.84,464.1058
2026-09-07 16:12:00,2474.85,2475.99,2474.84,2475.03,410.1403
2026-09-07 16:15:00,2475.03,2475.49,2473.21,2474.81,585.9761
2026-09-07 16:18:00,2474.82,2475.62,2474.81,2475.13,287.989
2026-09-07 16:21:00,2475.14,2475.14,2472.26,2472.67,448.0542
2026-09-07 16:24:00,2472.68,2473.24,2471.35,2471.36,461.5365
2026-09-07 16:27:00,2471.35,2472.42,2471.04,2471.05,213.9929
2026-09-07 16:30:00,2471.05,2474.83,2470.34,2473.98,409.2833
2026-09-07 16:33:00,2473.97,2477.25,2472.77,2477.24,316.5304
2026-09-07 16:36:00,2477.25,2481.54,2477.24,2480.42,1062.9212
2026-09-07 16:39:00,2480.42,2481.52,2479.87,2481.45,285.2931
2026-09-07 16:42:00,2481.45,2481.45,2480.42,2480.66,294.6811
2026-09-07 16:45:00,2480.66,2481.3,2479.71,2479.72,389.4175
2026-09-07 16:48:00,2479.72,2480.7,2479.43,2480.33,411.9929
2026-09-07 16:51:00,2480.32,2481.82,2479.86,2481.56,225.3226
2026-09-07 16:54:00,2481.56,2482.32,2480.96,2481.48,275.6633
2026-09-07 16:57:00,2481.48,2483.03,2480.09,2482.8,436.1907
2026-09-07 17:00:00,2482.81,2483.91,2482.23,2482.76,417.0183
2026-09-07 17:03:00,2482.77,2483.88,2482.38,2482.75,228.1783
2026-09-07 17:06:00,2482.75,2486.71,2482.74,2486.54,502.9977
2026-09-07 17:09:00,2486.54,2488.5,2486.14,2487.52,458.4073
2026-09-07 17:12:00,2487.52,2490.81,2487.28,2490.0,1087.6845
2026-09-07 17:15:00,2490.0,2490.79,2488.5,2490.3,632.5123
2026-09-07 17:18:00,2490.3,2491.67,2490.29,2491.03,603.5681
2026-09-07 17:21:00,2491.03,2491.03,2488.53,2488.87,545.1881
2026-09-07 17:24:00,2488.86,2489.4,2486.52,2488.65,614.4652
2026-09-07 17:27:00,2488.65,2490.18,2487.4,2488.57,394.6763
2026-09-07 17:30:00,2488.57,2489.0,2487.42,2487.42,347.3028
2026-09-07 17:33:00,2487.42,2487.83,2486.26,2486.26,390.7416
2026-09-07 17:36:00,2486.27,2488.98,2485.8,2488.38,363.68
2026-09-07 17:39:00,2488.38,2491.2,2487.77,2491.16,460.1541
2026-09-07 17:42:00,2491.17,2494.23,2490.39,2493.15,701.5144
2026-09-07 17:45:00,2493.15,2494.39,2492.03,2493.1,386.6729
2026-09-07 17:48:00,2493.11,2499.4,2492.96,2497.32,1004.3762
2026-09-07 17:51:00,2497.31,2498.68,2495.2,2495.39,466.6677
2026-09-07 17:54:00,2495.4,2496.54,2495.2,2495.69,608.4286
2026-09-07 17:57:00,2495.69,2495.69,2494.22,2495.42,481.9789
2026-09-07 18:00:00,2495.42,2497.26,2495.0,2495.13,452.2197
2026-09-07 18:03:00,2495.13,2495.8,2495.06,2495.78,123.076
2026-09-07 18:06:00,2495.78,2497.31,2494.23,2494.24,362.2589
2026-09-07 18:09:00,2494.24,2496.7,2493.45,2496.7,316.8196
2026-09-07 18:12:00,2496.69,2496.7,2494.45,2494.45,395.0752
2026-09-07 18:15:00,2494.46,2495.12,2493.07,2493.08,337.9878
2026-09-07 18:18:00,2493.08,2495.0,2493.03,2495.0,233.1101
2026-09-07 18:21:00,2495.0,2495.3,2492.0,2492.13,477.5643
2026-09-07 18:24:00,2492.15,2493.64,2491.54,2491.77,415.1005
2026-09-07 18:27:00,2491.76,2491.76,2489.67,2490.46,398.272
2026-09-07 18:30:00,2490.47,2490.47,2487.58,2487.72,237.1995
2026-09-07 18:33:00,2487.71,2489.09,2487.31,2489.09,254.4098
2026-09-07 18:36:00,2489.08,2489.08,2487.38,2487.6,237.938
2026-09-07 18:39:00,2487.59,2488.32,2487.33,2487.34,150.8168
2026-09-07 18:42:00,2487.34,2489.4,2487.33,2489.16,205.5617
2026-09-07 18:45:00,2489.17,2489.49,2488.19,2488.43,140.949
2026-09-07 18:48:00,2488.43,2492.34,2488.27,2492.26,341.0046
2026-09-07 18:51:00,2492.26,2494.51,2491.66,2493.85,266.7409
2026-09-07 18:54:00,2493.84,2494.05,2490.96,2490.97,220.2004
2026-09-07 18:57:00,2490.97,2492.12,2490.96,2491.79,90.3348
2026-09-07 19:00:00,2491.79,2491.8,2489.61,2489.97,261.6521
2026-09-07 19:03:00,2489.96,2491.56,2489.64,2491.39,141.2997
2026-09-07 19:06:00,2491.4,2492.0,2490.05,2490.43,140.0735
2026-09-07 19:09:00,2490.43,2490.73,2489.2,2489.75,237.6692
2026-09-07 19:12:00,2489.76,2490.82,2489.75,2490.81,241.214
2026-09-07 19:15:00,2490.81,2491.53,2490.73,2491.53,331.5282
2026-09-07 19:18:00,2491.52,2491.53,2490.81,2491.19,286.6808
2026-09-07 19:21:00,2491.18,2492.77,2491.18,2492.74,356.2814
2026-09-07 19:24:00,2492.74,2493.35,2491.99,2491.99,410.6428
2026-09-07 19:27:00,2491.99,2492.33,2491.58,2492.1,322.8774
2026-09-07 19:30:00,2492.09,2496.48,2492.09,2495.88,540.7692
2026-09-07 19:33:00,2495.89,2497.65,2495.02,2497.65,563.2143
2026-09-07 19:36:00,2497.64,2497.74,2496.3,2496.73,534.2662
2026-09-07 19:39:00,2496.73,2497.19,2495.28,2495.28,698.2932
2026-09-07 19:42:00,2495.29,2496.46,2495.28,2495.98,487.0128
2026-09-07 19:45:00,2495.98,2496.92,2495.76,2496.06,507.5989
2026-09-07 19:48:00,2496.07,2496.43,2495.44,2496.3,422.1588
2026-09-07 19:51:00,2496.3,2496.31,2495.64,2495.94,410.5486
2026-09-07 19:54:00,2495.94,2495.95,2494.26,2494.49,555.1878
2026-09-07 19:57:00,2494.48,2495.99,2494.48,2495.98,538.1103
2026-09-07 20:00:00,2495.98,2497.3,2494.82,2495.03,535.7706
2026-09-07 20:03:00,2495.03,2495.38,2493.0,2493.02,784.6818
2026-09-07 20:06:00,2493.03,2493.03,2489.26,2492.04,842.7579
2026-09-07 20:09:00,2492.04,2492.05,2490.45,2490.99,635.7604
2026-09-07 20:12:00,2491.0,2491.0,2488.51,2489.25,640.5871
2026-09-07 20:15:00,2489.25,2489.57,2488.56,2489.57,380.6026
2026-09-07 20:18:00,2489.56,2489.82,2488.4,2488.81,281.5899
2026-09-07 20:21:00,2488.81,2488.82,2487.1,2487.1,392.1742
2026-09-07 20:24:00,2487.1,2488.26,2487.1,2488.26,351.0221
2026-09-07 20:27:00,2488.27,2489.56,2488.26,2489.32,375.4185
2026-09-07 20:30:00,2489.32,2490.63,2488.99,2490.62,409.412
2026-09-07 20:33:00,2490.63,2491.34,2490.62,2491.33,367.8108
2026-09-07 20:36:00,2491.34,2491.66,2490.46,2491.49,315.2575
2026-09-07 20:39:00,2491.49,2492.47,2491.22,2492.43,522.679
2026-09-07 20:42:00,2492.43,2492.43,2491.15,2491.68,379.9031
2026-09-07 20:45:00,2491.69,2492.63,2490.07,2491.93,1167.3261
2026-09-07 20:48:00,2491.94,2494.5,2491.66,2494.2,877.822
2026-09-07 20:51:00,2494.2,2496.18,2493.93,2493.93,658.7368
2026-09-07 20:54:00,2493.94,2496.08,2493.21,2495.52,528.4949
2026-09-07 20:57:00,2495.51,2495.52,2494.24,2494.76,437.2645
2026-09-07 21:00:00,2494.76,2495.93,2494.4,2494.4,525.8384
2026-09-07 21:03:00,2494.4,2494.7,2493.98,2494.14,271.1404
2026-09-07 21:06:00,2494.14,2494.15,2492.55,2492.71,409.2203
2026-09-07 21:09:00,2492.71,2493.11,2492.03,2493.11,573.2674
2026-09-07 21:12:00,2493.1,2496.0,2493.1,2496.0,243.9913
2026-09-07 21:15:00,2496.0,2496.69,2492.83,2493.63,405.9259
2026-09-07 21:18:00,2493.64,2495.12,2492.49,2494.97,568.7526
2026-09-07 21:21:00,2494.97,2495.17,2494.28,2494.29,143.3553
2026-09-07 21:24:00,2494.29,2494.53,2493.14,2493.14,212.7255
2026-09-07 21:27:00,2493.14,2493.15,2492.57,2492.88,127.7498
2026-09-07 21:30:00,2492.89,2493.73,2492.88,2493.22,105.9578
2026-09-07 21:33:00,2493.21,2493.22,2491.39,2492.13,289.3335
2026-09-07 21:36:00,2492.12,2492.97,2492.12,2492.97,129.8282
2026-09-07 21:39:00,2492.96,2493.26,2492.18,2492.61,197.2671
2026-09-07 21:42:00,2492.6,2493.53,2491.97,2492.88,356.2697
2026-09-07 21:45:00,2492.87,2493.39,2492.18,2492.23,227.4345
2026-09-07 21:48:00,2492.23,2492.79,2490.3,2490.58,287.9884
2026-09-07 21:51:00,2490.59,2492.91,2490.58,2491.94,148.3069
2026-09-07 21:54:00,2491.95,2492.33,2490.96,2491.74,121.7949
2026-09-07 21:57:00,2491.74,2492.26,2491.09,2491.09,151.6722
2026-09-07 22:00:00,2491.1,2491.37,2485.01,2487.03,624.1452
2026-09-07 22:03:00,2487.03,2489.49,2486.53,2487.3,220.9586
2026-09-07 22:06:00,2487.29,2490.2,2486.92,2490.19,211.0113
2026-09-07 22:09:00,2490.2,2492.13,2489.37,2489.54,383.5757
2026-09-07 22:12:00,2489.54,2491.15,2488.8,2489.27,160.6761
2026-09-07 22:15:00,2489.27,2489.27,2482.54,2485.41,581.2661
2026-09-07 22:18:00,2485.41,2486.1,2483.93,2485.18,288.0427
2026-09-07 22:21:00,2485.18,2489.52,2485.01,2489.4,351.5789
2026-09-07 22:24:00,2489.41,2491.38,2489.4,2491.37,351.6448
2026-09-07 22:27:00,2491.37,2492.13,2486.67,2486.67,820.5258
2026-09-07 22:30:00,2486.67,2486.67,2481.46,2484.69,653.7797
2026-09-07 22:33:00,2484.7,2485.0,2482.41,2482.92,201.1846
2026-09-07 22:36:00,2482.92,2482.92,2479.44,2479.44,595.4084
2026-09-07 22:39:00,2479.45,2479.55,2475.31,2479.12,851.2866
2026-09-07 22:42:00,2479.13,2480.23,2478.32,2479.0,275.6008
2026-09-07 22:45:00,2479.0,2482.95,2479.0,2481.9,315.9063
2026-09-07 22:48:00,2481.9,2483.22,2481.59,2482.88,294.0406
2026-09-07 22:51:00,2482.88,2483.24,2481.88,2481.88,82.7237
2026-09-07 22:54:00,2481.89,2483.17,2481.88,2482.66,65.7569
2026-09-07 22:57:00,2482.67,2483.48,2481.1,2483.06,118.6442
2026-09-07 23:00:00,2483.06,2484.48,2482.25,2484.47,166.5975
2026-09-07 23:03:00,2484.47,2486.18,2483.62,2484.78,456.9343
2026-09-07 23:06:00,2484.78,2489.39,2484.72,2488.36,460.9024
2026-09-07 23:09:00,2488.37,2488.37,2486.6,2488.09,390.6851
2026-09-07 23:12:00,2488.09,2488.86,2488.09,2488.46,188.7628
2026-09-07 23:15:00,2488.46,2489.04,2485.63,2486.12,581.8327
2026-09-07 23:18:00,2486.12,2488.66,2485.61,2486.32,252.8464
2026-09-07 23:21:00,2486.31,2486.31,2483.05,2483.05,171.0356
2026-09-07 23:24:00,2483.06,2485.3,2482.57,2485.3,158.8841
2026-09-07 23:27:00,2485.3,2485.79,2484.71,2484.72,116.5494
2026-09-07 23:30:00,2484.71,2485.05,2483.38,2484.13,116.1407
2026-09-07 23:33:00,2484.13,2485.53,2483.76,2485.52,148.5797
2026-09-07 23:36:00,2485.53,2486.68,2485.27,2486.05,189.3951
2026-09-07 23:39:00,2486.04,2487.56,2486.04,2487.56,51.9785
2026-09-07 23:42:00,2487.55,2490.81,2487.55,2490.8,291.8197
2026-09-07 23:45:00,2490.8,2492.49,2490.6,2492.13,189.8699
2026-09-07 23:48:00,2492.14,2493.91,2491.65,2492.53,252.6723
2026-09-07 23:51:00,2492.53,2492.87,2492.08,2492.44,174.0445
2026-09-07 23:54:00,2492.43,2492.61,2490.67,2490.87,253.5777
2026-09-07 23:57:00,2490.87,2491.63,2490.0,2490.16,268.818
2026-09-08 00:00:00,2490.16,2490.89,2488.72,2489.32,257.0185
2026-09-08 00:03:00,2489.32,2489.95,2486.84,2489.95,320.7276
2026-09-08 00:06:00,2489.95,2490.34,2485.32,2487.84,667.7726
2026-09-08 00:09:00,2487.85,2488.4,2486.48,2486.51,218.9167
2026-09-08 00:12:00,2486.52,2488.26,2485.56,2488.25,286.343
2026-09-08 00:15:00,2488.26,2489.34,2486.12,2489.34,264.3838
2026-09-08 00:18:00,2489.34,2491.16,2486.54,2486.73,433.5841
2026-09-08 00:21:00,2486.74,2487.16,2483.45,2483.86,238.8699
2026-09-08 00:24:00,2483.86,2486.16,2483.51,2485.92,426.4284
2026-09-08 00:27:00,2485.91,2486.6,2483.82,2483.83,151.6226
2026-09-08 00:30:00,2483.83,2487.51,2483.54,2487.51,107.7948
2026-09-08 00:33:00,2487.5,2492.51,2487.5,2491.91,820.3097
2026-09-08 00:36:00,2491.91,2493.38,2491.24,2492.44,344.5257
2026-09-08 00:39:00,2492.45,2494.26,2492.08,2494.25,370.3477
2026-09-08 00:42:00,2494.26,2494.26,2489.83,2490.55,283.8562
2026-09-08 00:45:00,2490.54,2491.71,2490.15,2491.43,119.5439
2026-09-08 00:48:00,2491.44,2492.49,2491.43,2491.97,94.1356
2026-09-08 00:51:00,2491.96,2495.0,2491.96,2493.42,473.2512
2026-09-08 00:54:00,2493.42,2494.37,2493.02,2493.87,198.0261
2026-09-08 00:57:00,2493.86,2495.72,2493.86,2495.71,428.724
2026-09-08 01:00:00,2495.71,2495.72,2493.58,2495.7,336.0727
2026-09-08 01:03:00,2495.7,2496.57,2494.44,2496.57,297.125
2026-09-08 01:06:00,2496.56,2497.13,2493.48,2497.07,280.7823
2026-09-08 01:09:00,2497.06,2497.44,2495.27,2496.97,465.2555
2026-09-08 01:12:00,2496.97,2497.54,2495.54,2496.5,302.4103
2026-09-08 01:15:00,2496.51,2499.09,2495.72,2497.08,839.4275
2026-09-08 01:18:00,2497.07,2499.82,2497.07,2498.77,262.3339
2026-09-08 01:21:00,2498.76,2505.0,2497.9,2503.07,726.9546
2026-09-08 01:24:00,2503.07,2505.46,2501.38,2504.2,622.3183
2026-09-08 01:27:00,2504.2,2504.2,2502.32,2502.7,246.2381
2026-09-08 01:30:00,2502.69,2502.69,2499.89,2501.6,658.4314
2026-09-08 01:33:00,2501.59,2501.69,2499.53,2500.48,330.7396
2026-09-08 01:36:00,2500.49,2501.7,2499.5,2500.07,254.3422
2026-09-08 01:39:00,2500.06,2500.06,2499.08,2499.4,131.9311
2026-09-08 01:42:00,2499.4,2500.3,2499.4,2499.84,229.6708
2026-09-08 01:45:00,2499.85,2500.3,2499.23,2499.91,112.7462
2026-09-08 01:48:00,2499.92,2502.18,2499.37,2499.37,1294.6208
2026-09-08 01:51:00,2499.38,2501.72,2499.15,2500.9,205.4439
2026-09-08 01:54:00,2500.9,2503.19,2500.69,2503.19,270.8112
2026-09-08 01:57:00,2503.19,2504.34,2502.24,2504.31,200.1776
2026-09-08 02:00:00,2504.32,2504.34,2501.9,2502.37,207.3617
2026-09-08 02:03:00,2502.37,2502.85,2499.7,2499.7,272.2839
2026-09-08 02:06:00,2499.71,2499.71,2498.28,2498.63,261.145
2026-09-08 02:09:00,2498.63,2499.14,2495.51,2495.52,266.647
2026-09-08 02:12:00,2495.51,2499.35,2494.62,2499.17,461.6639
2026-09-08 02:15:00,2499.17,2500.3,2498.53,2498.54,145.3274
2026-09-08 02:18:00,2498.54,2500.06,2497.65,2500.06,226.2624
2026-09-08 02:21:00,2500.06,2507.81,2499.92,2506.05,754.6216
2026-09-08 02:24:00,2506.04,2507.99,2502.15,2502.15,698.5103
2026-09-08 02:27:00,2502.16,2502.16,2496.04,2496.87,430.4552
2026-09-08 02:30:00,2496.87,2497.52,2494.9,2494.9,243.4445
2026-09-08 02:33:00,2494.9,2495.33,2493.17,2493.99,195.1739
2026-09-08 02:36:00,2493.98,2494.39,2491.19,2493.44,387.9309
2026-09-08 02:39:00,2493.43,2493.43,2491.4,2492.0,223.9378
2026-09-08 02:42:00,2492.0,2492.0,2490.07,2491.45,417.6855
2026-09-08 02:45:00,2491.45,2492.56,2490.2,2492.55,237.9535
2026-09-08 02:48:00,2492.55,2492.9,2490.63,2490.64,454.1011
2026-09-08 02:51:00,2490.64,2490.64,2486.57,2486.59,522.919
2026-09-08 02:54:00,2486.59,2488.43,2486.43,2487.8,469.3667
2026-09-08 02:57:00,2487.79,2487.83,2484.71,2484.72,820.0262
2026-09-08 03:00:00,2484.72,2486.91,2484.63,2485.11,575.4629
2026-09-08 03:03:00,2485.11,2485.97,2482.88,2485.65,680.9769
2026-09-08 03:06:00,2485.65,2486.28,2483.75,2485.96,455.6119
2026-09-08 03:09:00,2485.96,2487.36,2484.97,2484.98,290.448
2026-09-08 03:12:00,2484.98,2485.18,2483.0,2483.27,325.8159
2026-09-08 03:15:00,2483.27,2484.96,2483.18,2484.36,262.2725
2026-09-08 03:18:00,2484.36,2484.37,2481.0,2481.01,457.4871
2026-09-08 03:21:00,2481.0,2482.96,2478.0,2481.73,977.179
2026-09-08 03:24:00,2481.73,2483.09,2480.41,2482.52,329.8204
2026-09-08 03:27:00,2482.51,2482.52,2479.72,2480.7,416.3725
2026-09-08 03:30:00,2480.69,2485.67,2480.62,2484.83,905.466
2026-09-08 03:33:00,2484.82,2487.65,2484.82,2485.49,575.7028
2026-09-08 03:36:00,2485.49,2487.65,2485.48,2486.6,323.6828
2026-09-08 03:39:00,2486.59,2487.96,2485.62,2486.03,540.2132
2026-09-08 03:42:00,2486.02,2488.34,2485.74,2486.56,751.3935
2026-09-08 03:45:00,2486.57,2487.02,2484.4,2484.61,323.4239
2026-09-08 03:48:00,2484.6,2486.49,2484.14,2486.33,219.1858
2026-09-08 03:51:00,2486.33,2486.75,2484.49,2484.49,188.5151
2026-09-08 03:54:00,2484.49,2485.17,2484.15,2485.04,181.818
2026-09-08 03:57:00,2485.04,2486.38,2484.82,2486.04,166.306
2026-09-08 04:00:00,2486.05,2486.33,2484.58,2484.59,225.3402
2026-09-08 04:03:00,2484.59,2485.26,2484.04,2484.6,200.4431
2026-09-08 04:06:00,2484.6,2485.51,2483.35,2484.66,338.2755
2026-09-08 04:09:00,2484.66,2484.66,2483.26,2483.92,133.9901
2026-09-08 04:12:00,2483.93,2485.18,2481.69,2482.87,560.0315
2026-09-08 04:15:00,2482.87,2484.78,2481.58,2484.77,408.2306
2026-09-08 04:18:00,2484.77,2485.73,2483.06,2483.32,476.0584
2026-09-08 04:21:00,2483.31,2484.21,2481.91,2481.91,311.8274
2026-09-08 04:24:00,2481.91,2482.92,2480.45,2482.31,376.5152
2026-09-08 04:27:00,2482.31,2483.76,2481.52,2482.59,229.2384
2026-09-08 04:30:00,2482.58,2483.94,2481.96,2483.81,237.6027
2026-09-08 04:33:00,2483.76,2484.07,2482.0,2482.19,222.8942
2026-09-08 04:36:00,2482.19,2483.67,2481.41,2483.67,234.809
2026-09-08 04:39:00,2483.66,2485.34,2483.39,2483.39,364.0783
2026-09-08 04:42:00,2483.4,2483.4,2481.41,2483.07,297.6462
2026-09-08 04:45:00,2483.06,2484.29,2482.53,2483.85,223.746
2026-09-08 04:48:00,2483.86,2483.86,2482.76,2483.15,160.5686
2026-09-08 04:51:00,2483.14,2483.55,2480.88,2480.89,123.1025
2026-09-08 04:54:00,2480.89,2480.89,2478.91,2478.99,521.8656
2026-09-08 04:57:00,2479.0,2480.64,2478.96,2478.99,332.9251
2026-09-08 05:00:00,2478.99,2484.58,2475.79,2483.94,1104.2221
2026-09-08 05:03:00,2483.93,2484.49,2478.95,2480.02,373.0103
2026-09-08 05:06:00,2480.02,2482.99,2479.14,2479.15,408.2646
2026-09-08 05:09:00,2479.15,2482.16,2477.82,2479.65,646.368
2026-09-08 05:12:00,2479.65,2481.35,2477.98,2477.98,295.2083
2026-09-08 05:15:00,2477.99,2480.75,2476.57,2480.53,860.9955
2026-09-08 05:18:00,2480.53,2483.35,2480.53,2482.32,589.978
2026-09-08 05:21:00,2482.32,2482.98,2480.67,2481.94,497.7071
2026-09-08 05:24:00,2481.94,2483.88,2481.36,2483.88,181.4935
2026-09-08 05:27:00,2483.88,2484.58,2481.45,2482.11,648.4605
2026-09-08 05:30:00,2482.11,2482.43,2479.74,2480.43,753.9644
2026-09-08 05:33:00,2480.44,2480.44,2475.4,2477.33,560.0331
2026-09-08 05:36:00,2477.34,2478.67,2473.6,2478.66,962.0232
2026-09-08 05:39:00,2478.67,2479.13,2474.77,2477.42,600.8933
2026-09-08 05:42:00,2477.42,2477.87,2473.22,2473.91,418.4534
2026-09-08 05:45:00,2473.91,2476.2,2473.9,2475.85,259.9002
2026-09-08 05:48:00,2475.85,2478.23,2475.2,2476.99,301.953
2026-09-08 05:51:00,2476.99,2477.03,2474.2,2474.73,495.6463
2026-09-08 05:54:00,2474.73,2475.02,2472.5,2473.26,483.6474
2026-09-08 05:57:00,2473.26,2474.47,2472.73,2473.38,597.0508
2026-09-08 06:00:00,2473.39,2474.75,2470.91,2472.12,564.8409
2026-09-08 06:03:00,2472.12,2474.28,2470.25,2470.91,629.8632
2026-09-08 06:06:00,2470.9,2475.44,2470.12,2474.91,356.9097
2026-09-08 06:09:00,2474.91,2475.73,2471.52,2472.5,1344.5008
2026-09-08 06:12:00,2472.5,2475.1,2472.32,2475.1,371.7513
2026-09-08 06:15:00,2475.09,2477.22,2472.67,2472.67,726.8732
2026-09-08 06:18:00,2472.68,2472.68,2467.26,2468.13,1515.7663
2026-09-08 06:21:00,2468.13,2469.87,2463.0,2467.94,2215.2488
2026-09-08 06:24:00,2467.94,2470.27,2467.49,2469.48,584.2343
2026-09-08 06:27:00,2469.48,2469.96,2466.12,2466.49,737.4387
2026-09-08 06:30:00,2466.48,2468.27,2465.79,2467.99,660.1229
2026-09-08 06:33:00,2467.99,2468.74,2464.44,2464.76,717.9105
2026-09-08 06:36:00,2464.76,2467.31,2463.58,2466.3,446.5671
2026-09-08 06:39:00,2466.3,2466.87,2465.55,2465.87,357.8841
2026-09-08 06:42:00,2465.87,2466.5,2464.0,2465.68,430.3777
2026-09-08 06:45:00,2465.67,2469.14,2465.05,2468.96,881.0741
2026-09-08 06:48:00,2468.97,2468.97,2465.23,2467.85,844.5231
2026-09-08 06:51:00,2467.84,2468.18,2463.72,2463.77,780.7808
2026-09-08 06:54:00,2463.77,2468.96,2463.76,2468.22,832.461
2026-09-08 06:57:00,2468.23,2469.51,2467.42,2468.53,557.5524
2026-09-08 07:00:00,2468.52,2471.01,2467.99,2469.01,792.2123
2026-09-08 07:03:00,2469.0,2471.35,2469.0,2471.33,511.623
2026-09-08 07:06:00,2471.34,2475.47,2471.33,2473.65,852.2812
2026-09-08 07:09:00,2473.66,2474.74,2473.45,2474.41,382.0637
2026-09-08 07:12:00,2474.4,2474.66,2473.92,2474.32,454.1707
2026-09-08 07:15:00,2474.31,2474.95,2473.08,2474.94,461.0063
2026-09-08 07:18:00,2474.95,2475.5,2474.2,2475.49,312.8359
2026-09-08 07:21:00,2475.49,2476.37,2475.07,2475.8,446.1159
2026-09-08 07:24:00,2475.81,2478.83,2475.79,2478.18,709.2521
2026-09-08 07:27:00,2478.17,2479.55,2477.8,2478.05,559.341
2026-09-08 07:30:00,2478.06,2479.99,2478.0,2478.81,536.3585
2026-09-08 07:33:00,2478.81,2480.86,2478.08,2480.81,819.7751
2026-09-08 07:36:00,2480.81,2481.69,2480.62,2480.91,428.4173
2026-09-08 07:39:00,2480.91,2485.0,2480.91,2481.04,1020.4329
2026-09-08 07:42:00,2481.03,2481.04,2478.56,2479.03,734.6443
2026-09-08 07:45:00,2479.03,2479.03,2475.28,2475.44,683.9158
2026-09-08 07:48:00,2475.43,2475.71,2471.83,2472.16,517.6044
2026-09-08 07:51:00,2472.17,2476.6,2471.2,2476.06,567.7543
2026-09-08 07:54:00,2476.06,2480.0,2475.51,2478.68,537.4992
2026-09-08 07:57:00,2478.67,2480.0,2477.9,2479.63,461.795
2026-09-08 08:00:00,2479.63,2479.63,2472.05,2473.45,716.5661
2026-09-08 08:03:00,2473.45,2473.97,2471.23,2472.49,572.4712
2026-09-08 08:06:00,2472.49,2475.25,2471.25,2471.98,497.5445
2026-09-08 08:09:00,2471.97,2472.32,2469.08,2471.0,543.6425
2026-09-08 08:12:00,2471.0,2472.89,2470.64,2472.86,260.1982
2026-09-08 08:15:00,2472.86,2475.01,2470.8,2473.13,594.6349
2026-09-08 08:18:00,2473.13,2474.19,2471.64,2473.18,332.277
2026-09-08 08:21:00,2473.19,2473.42,2471.27,2473.42,331.7736
2026-09-08 08:24:00,2473.42,2475.84,2472.8,2475.23,877.873
2026-09-08 08:27:00,2475.22,2477.5,2475.22,2476.09,531.2444
2026-09-08 08:30:00,2476.09,2478.53,2474.61,2477.62,286.1674
2026-09-08 08:33:00,2477.62,2482.01,2477.15,2481.15,321.7937
2026-09-08 08:36:00,2481.14,2482.0,2479.72,2481.93,475.6036
2026-09-08 08:39:00,2481.92,2482.75,2481.2,2481.23,163.0619
2026-09-08 08:42:00,2481.23,2481.86,2480.06,2481.05,226.156
2026-09-08 08:45:00,2481.05,2483.53,2480.16,2481.29,293.0141
2026-09-08 08:48:00,2481.28,2481.28,2478.55,2479.19,160.9962
2026-09-08 08:51:00,2479.19,2479.35,2476.93,2477.75,154.4099
2026-09-08 08:54:00,2477.75,2479.46,2477.13,2479.28,83.9926
2026-09-08 08:57:00,2479.28,2479.28,2476.41,2477.58,224.6167
2026-09-08 09:00:00,2477.58,2477.72,2475.86,2477.35,264.656
2026-09-08 09:03:00,2477.35,2478.96,2475.88,2476.19,286.2074
2026-09-08 09:06:00,2476.19,2478.29,2475.86,2475.93,289.0381
2026-09-08 09:09:00,2475.93,2478.15,2475.86,2477.22,212.2178
2026-09-08 09:12:00,2477.23,2481.0,2477.22,2480.58,366.3854
2026-09-08 09:15:00,2480.58,2481.47,2480.04,2481.2,188.2423
2026-09-08 09:18:00,2481.21,2482.1,2479.64,2479.89,600.5243
2026-09-08 09:21:00,2479.88,2479.89,2476.91,2479.44,246.6391
2026-09-08 09:24:00,2479.44,2480.88,2479.44,2480.6,188.7984
2026-09-08 09:27:00,2480.59,2482.0,2480.59,2481.13,133.9437
2026-09-08 09:30:00,2481.12,2488.96,2480.6,2488.87,648.1003
2026-09-08 09:33:00,2488.86,2493.85,2488.12,2490.95,1314.6746
2026-09-08 09:36:00,2490.95,2494.55,2490.95,2493.78,1110.4858
2026-09-08 09:39:00,2493.78,2495.56,2492.13,2495.18,774.5035
2026-09-08 09:42:00,2495.17,2495.18,2492.7,2493.67,750.2788
2026-09-08 09:45:00,2493.66,2494.81,2492.79,2493.92,413.8909
2026-09-08 09:48:00,2493.92,2495.39,2493.66,2493.66,463.4713
2026-09-08 09:51:00,2493.66,2493.67,2491.18,2492.61,710.1512
2026-09-08 09:54:00,2492.61,2493.16,2491.36,2491.5,676.4189
2026-09-08 09:57:00,2491.5,2492.66,2490.92,2492.01,433.9292
2026-09-08 10:00:00,2492.0,2492.0,2487.57,2489.73,742.6661
2026-09-08 10:03:00,2489.73,2490.53,2488.31,2489.06,593.3184
2026-09-08 10:06:00,2489.06,2490.39,2487.16,2487.17,358.2581
2026-09-08 10:09:00,2487.16,2489.52,2486.97,2488.42,227.2723
2026-09-08 10:12:00,2488.42,2489.87,2488.42,2489.87,77.024
2026-09-08 10:15:00,2489.87,2490.13,2489.18,2489.24,147.2916
2026-09-08 10:18:00,2489.24,2500.0,2489.23,2498.42,1550.3122
2026-09-08 10:21:00,2498.42,2498.59,2488.5,2493.47,2379.2481
2026-09-08 10:24:00,2493.47,2495.26,2491.84,2491.85,541.4048
2026-09-08 10:27:00,2491.85,2492.9,2491.55,2492.24,429.5546
2026-09-08 10:30:00,2492.24,2492.9,2488.31,2488.85,685.1516
2026-09-08 10:33:00,2488.85,2488.86,2485.04,2485.05,290.0916
2026-09-08 10:36:00,2485.04,2486.71,2484.49,2486.4,388.6669
2026-09-08 10:39:00,2486.4,2486.41,2483.1,2484.44,252.0646
2026-09-08 10:42:00,2484.45,2485.7,2483.49,2484.3,405.502
2026-09-08 10:45:00,2484.3,2484.7,2484.1,2484.42,119.6181
2026-09-08 10:48:00,2484.42,2485.59,2484.41,2485.0,707.0358
2026-09-08 10:51:00,2484.99,2485.0,2483.14,2483.16,122.5299
2026-09-08 10:54:00,2483.16,2484.71,2482.31,2482.43,426.493
2026-09-08 10:57:00,2482.43,2483.52,2481.24,2481.24,361.8107
2026-09-08 11:00:00,2481.25,2482.56,2479.08,2481.9,376.2588
2026-09-08 11:03:00,2481.91,2482.1,2478.44,2479.05,230.9627
2026-09-08 11:06:00,2479.04,2479.54,2475.99,2475.99,785.1517
2026-09-08 11:09:00,2476.0,2479.81,2473.43,2473.74,914.3917
2026-09-08 11:12:00,2473.74,2473.74,2471.63,2472.42,493.3328
2026-09-08 11:15:00,2472.41,2475.12,2472.17,2473.77,686.8841
2026-09-08 11:18:00,2473.78,2476.39,2472.66,2476.21,541.975
2026-09-08 11:21:00,2476.21,2477.16,2474.57,2476.9,689.9346
2026-09-08 11:24:00,2476.9,2477.45,2475.0,2475.0,341.5117
2026-09-08 11:27:00,2475.0,2476.03,2474.54,2474.84,587.7157
2026-09-08 11:30:00,2474.84,2476.86,2474.56,2476.76,728.8717
2026-09-08 11:33:00,2476.77,2476.94,2476.09,2476.41,297.583
2026-09-08 11:36:00,2476.41,2477.41,2476.15,2476.3,261.7726
2026-09-08 11:39:00,2476.3,2476.3,2473.7,2474.97,485.4327
2026-09-08 11:42:00,2474.97,2476.28,2474.76,2474.79,192.6202
2026-09-08 11:45:00,2474.78,2474.88,2473.15,2473.71,426.6425
2026-09-08 11:48:00,2473.71,2474.66,2472.64,2473.67,505.8043
2026-09-08 11:51:00,2473.67,2474.55,2472.73,2474.55,294.0259
2026-09-08 11:54:00,2474.54,2474.79,2471.68,2474.79,467.3983
2026-09-08 11:57:00,2474.78,2475.34,2473.33,2474.76,378.4939
2026-09-08 12:00:00,2474.75,2474.75,2470.29,2470.71,414.1727
2026-09-08 12:03:00,2470.72,2472.22,2468.26,2470.41,940.3248
2026-09-08 12:06:00,2470.41,2472.45,2469.24,2471.82,648.5641
2026-09-08 12:09:00,2471.82,2474.26,2470.96,2471.4,350.6654
2026-09-08 12:12:00,2471.39,2471.96,2469.47,2469.51,422.173
2026-09-08 12:15:00,2469.51,2472.11,2469.51,2471.39,270.7061
2026-09-08 12:18:00,2471.39,2474.16,2470.97,2474.16,316.4904
2026-09-08 12:21:00,2474.16,2474.81,2473.76,2474.18,152.7535
2026-09-08 12:24:00,2474.18,2475.6,2473.43,2475.35,247.79
2026-09-08 12:27:00,2475.36,2476.24,2474.2,2475.78,456.0236
2026-09-08 12:30:00,2475.77,2475.91,2471.86,2475.67,662.917
2026-09-08 12:33:00,2475.66,2475.67,2473.47,2473.58,263.0737
2026-09-08 12:36:00,2473.58,2474.35,2472.3,2472.61,227.8909
2026-09-08 12:39:00,2472.6,2473.28,2470.73,2473.21,438.0709
2026-09-08 12:42:00,2473.21,2473.92,2472.41,2472.83,269.6094
2026-09-08 12:45:00,2472.84,2474.06,2472.02,2473.15,378.1026
2026-09-08 12:48:00,2473.14,2475.14,2472.0,2473.67,305.3674
2026-09-08 12:51:00,2473.67,2474.26,2471.73,2474.01,339.5135
2026-09-08 12:54:00,2474.0,2476.24,2472.31,2472.52,832.5074
2026-09-08 12:57:00,2472.52,2472.81,2472.19,2472.79,218.9747
2026-09-08 13:00:00,2472.8,2474.32,2470.96,2474.31,524.9753
2026-09-08 13:03:00,2474.31,2474.86,2473.9,2474.86,180.9395
2026-09-08 13:06:00,2474.86,2475.73,2473.69,2473.7,196.0138
2026-09-08 13:09:00,2473.69,2474.24,2472.0,2474.24,188.006
2026-09-08 13:12:00,2474.23,2474.23,2472.73,2473.17,160.6027
2026-09-08 13:15:00,2473.16,2474.19,2472.38,2472.75,217.7497
2026-09-08 13:18:00,2472.74,2472.74,2469.64,2469.81,273.0299
2026-09-08 13:21:00,2469.81,2470.29,2467.0,2469.93,1102.5534
2026-09-08 13:24:00,2469.93,2473.67,2468.51,2471.91,765.2804
2026-09-08 13:27:00,2471.9,2471.91,2469.69,2469.72,245.6071
2026-09-08 13:30:00,2469.71,2470.18,2456.78,2458.22,4072.8099
2026-09-08 13:33:00,2458.22,2459.93,2455.08,2457.01,1991.3293
2026-09-08 13:36:00,2457.01,2457.82,2451.53,2453.52,1783.4707
2026-09-08 13:39:00,2453.51,2453.52,2441.68,2444.57,5774.2966
2026-09-08 13:42:00,2444.58,2450.41,2442.65,2449.74,2329.5832
2026-09-08 13:45:00,2449.73,2452.9,2446.9,2452.89,1987.9703
2026-09-08 13:48:00,2452.9,2454.31,2450.25,2450.77,1088.3053
2026-09-08 13:51:00,2450.76,2451.13,2445.98,2447.96,1862.0582
2026-09-08 13:54:00,2447.95,2461.67,2447.95,2461.59,1354.971
2026-09-08 13:57:00,2461.59,2464.27,2457.5,2459.27,1039.6654
2026-09-08 14:00:00,2459.26,2461.85,2456.84,2460.15,1190.6018
2026-09-08 14:03:00,2460.15,2463.84,2457.39,2463.39,599.4696
2026-09-08 14:06:00,2463.39,2464.11,2459.59,2463.75,384.3799
2026-09-08 14:09:00,2463.74,2472.09,2461.09,2471.12,1698.4634
2026-09-08 14:12:00,2471.11,2476.15,2470.21,2472.57,1324.236
2026-09-08 14:15:00,2472.58,2480.85,2472.57,2479.0,1806.6952
2026-09-08 14:18:00,2479.0,2483.84,2478.11,2483.06,1433.7808
2026-09-08 14:21:00,2483.06,2483.56,2478.37,2479.37,821.6019
2026-09-08 14:24:00,2479.38,2479.54,2474.74,2474.79,630.71
2026-09-08 14:27:00,2474.8,2479.08,2474.22,2479.08,508.8481
2026-09-08 14:30:00,2479.08,2479.68,2476.61,2476.98,603.7101
2026-09-08 14:33:00,2476.97,2481.49,2475.69,2479.0,764.0754
2026-09-08 14:36:00,2479.0,2482.0,2477.02,2482.0,537.9453
2026-09-08 14:39:00,2481.99,2482.0,2477.86,2480.35,412.7635
2026-09-08 14:42:00,2480.35,2483.31,2480.2,2480.67,515.4291
2026-09-08 14:45:00,2480.68,2485.3,2480.0,2483.73,1161.7902
2026-09-08 14:48:00,2483.73,2486.66,2483.73,2485.49,1464.6463
2026-09-08 14:51:00,2485.5,2485.8,2481.54,2483.83,688.3958
2026-09-08 14:54:00,2483.84,2485.99,2483.26,2485.71,549.8522
2026-09-08 14:57:00,2485.7,2486.64,2484.37,2485.76,374.1414
2026-09-08 15:00:00,2485.76,2488.25,2485.0,2487.91,472.6122
2026-09-08 15:03:00,2487.9,2490.25,2484.01,2485.45,943.4063
2026-09-08 15:06:00,2485.46,2487.37,2484.5,2487.08,523.8149
2026-09-08 15:09:00,2487.09,2491.56,2486.18,2487.06,625.1604
2026-09-08 15:12:00,2487.07,2489.0,2486.19,2488.89,537.1444
2026-09-08 15:15:00,2488.89,2492.47,2487.65,2489.74,511.3896
2026-09-08 15:18:00,2489.74,2489.83,2487.24,2487.24,596.4027
2026-09-08 15:21:00,2487.25,2487.49,2479.94,2483.24,972.091
2026-09-08 15:24:00,2483.23,2486.38,2483.03,2483.16,578.1119
2026-09-08 15:27:00,2483.16,2484.2,2482.29,2482.29,409.8764
2026-09-08 15:30:00,2482.3,2485.16,2482.3,2484.15,482.7332
2026-09-08 15:33:00,2484.16,2488.74,2484.15,2488.74,508.2649
2026-09-08 15:36:00,2488.75,2494.45,2487.79,2493.52,989.1225
2026-09-08 15:39:00,2493.53,2494.54,2491.24,2492.88,710.6175
2026-09-08 15:42:00,2492.88,2497.42,2492.88,2496.0,1328.2698
2026-09-08 15:45:00,2496.0,2497.54,2493.76,2495.45,749.4937
2026-09-08 15:48:00,2495.45,2498.75,2495.0,2495.72,813.6304
2026-09-08 15:51:00,2495.73,2499.94,2494.56,2496.39,1347.5895
2026-09-08 15:54:00,2496.38,2500.19,2495.33,2499.34,1138.9726
2026-09-08 15:57:00,2499.34,2501.74,2496.64,2498.62,1198.0886
2026-09-08 16:00:00,2498.62,2498.93,2495.65,2496.49,769.5953
2026-09-08 16:03:00,2496.5,2498.6,2495.65,2496.6,496.7676
2026-09-08 16:06:00,2496.6,2498.05,2495.0,2495.74,610.2088
2026-09-08 16:09:00,2495.74,2495.74,2489.54,2490.39,928.8008
2026-09-08 16:12:00,2490.39,2490.49,2489.15,2490.02,228.6254
2026-09-08 16:15:00,2490.03,2490.26,2486.98,2488.43,352.7021
2026-09-08 16:18:00,2488.43,2491.66,2488.0,2489.01,412.0957
2026-09-08 16:21:00,2489.02,2492.31,2488.22,2489.62,244.9936
2026-09-08 16:24:00,2489.62,2492.85,2488.94,2492.18,370.9371
2026-09-08 16:27:00,2492.18,2492.18,2489.4,2490.21,144.2917
2026-09-08 16:30:00,2490.21,2492.98,2489.73,2492.62,259.5764
2026-09-08 16:33:00,2492.62,2494.65,2491.76,2494.65,255.5647
2026-09-08 16:36:00,2494.64,2500.33,2493.9,2500.1,986.5769
2026-09-08 16:39:00,2500.1,2505.0,2499.54,2501.72,1660.2926
2026-09-08 16:42:00,2501.72,2502.36,2496.53,2496.86,537.5155
2026-09-08 16:45:00,2496.86,2498.15,2494.48,2497.99,700.2619
2026-09-08 16:48:00,2497.99,2500.76,2497.27,2499.25,499.3033
2026-09-08 16:51:00,2499.24,2500.13,2494.83,2496.64,534.9996
2026-09-08 16:54:00,2496.63,2499.49,2493.5,2495.75,853.8901
2026-09-08 16:57:00,2495.75,2497.14,2495.12,2496.54,194.6386
2026-09-08 17:00:00,2496.54,2502.54,2496.54,2501.17,902.2558
2026-09-08 17:03:00,2501.16,2501.28,2498.43,2498.73,289.1618
2026-09-08 17:06:00,2498.74,2502.0,2495.11,2495.33,1235.0451
2026-09-08 17:09:00,2495.34,2495.94,2493.39,2494.87,912.3213
2026-09-08 17:12:00,2494.88,2496.32,2494.87,2496.06,200.3781
2026-09-08 17:15:00,2496.05,2496.52,2494.81,2496.04,269.3175
2026-09-08 17:18:00,2496.04,2496.04,2492.81,2492.82,277.9795
2026-09-08 17:21:00,2492.83,2493.11,2490.99,2491.75,952.2645
2026-09-08 17:24:00,2491.75,2492.19,2488.91,2489.16,336.5091
2026-09-08 17:27:00,2489.16,2491.54,2489.16,2491.54,186.405
2026-09-08 17:30:00,2491.54,2492.38,2490.14,2490.15,455.1932
2026-09-08 17:33:00,2490.14,2494.25,2490.14,2493.25,291.648
2026-09-08 17:36:00,2493.25,2494.83,2493.24,2493.58,208.2609
2026-09-08 17:39:00,2493.58,2493.58,2489.54,2491.31,423.8397
2026-09-08 17:42:00,2491.31,2491.32,2487.89,2487.89,421.534
2026-09-08 17:45:00,2487.9,2490.9,2487.89,2490.11,167.7213
2026-09-08 17:48:00,2490.11,2490.11,2487.9,2489.42,369.1919
2026-09-08 17:51:00,2489.43,2493.71,2489.43,2493.71,210.784
2026-09-08 17:54:00,2493.71,2494.62,2490.56,2490.67,644.3027
2026-09-08 17:57:00,2490.66,2490.67,2488.06,2488.07,128.6424
2026-09-08 18:00:00,2488.07,2491.29,2488.0,2490.76,744.5073
2026-09-08 18:03:00,2490.76,2492.75,2488.75,2492.75,222.0421
2026-09-08 18:06:00,2492.75,2497.31,2492.63,2496.14,1643.8068
2026-09-08 18:09:00,2496.14,2498.45,2495.38,2496.44,264.8119
2026-09-08 18:12:00,2496.44,2498.07,2496.06,2497.46,224.6666
2026-09-08 18:15:00,2497.46,2500.47,2497.45,2500.35,453.16
2026-09-08 18:18:00,2500.34,2502.33,2499.63,2501.76,575.4316
2026-09-08 18:21:00,2501.77,2503.0,2500.33,2502.46,775.9944
2026-09-08 18:24:00,2502.46,2507.54,2499.64,2499.65,1775.3105
2026-09-08 18:27:00,2499.64,2500.35,2498.88,2500.33,318.6977
2026-09-08 18:30:00,2500.33,2502.96,2499.86,2502.58,394.6845
2026-09-08 18:33:00,2502.59,2502.59,2497.5,2497.56,425.8834
2026-09-08 18:36:00,2497.57,2498.34,2495.66,2495.78,447.4922
2026-09-08 18:39:00,2495.77,2495.78,2493.7,2494.7,663.0619
2026-09-08 18:42:00,2494.71,2496.23,2494.52,2495.7,346.5542
2026-09-08 18:45:00,2495.71,2497.21,2491.86,2491.95,337.3986
2026-09-08 18:48:00,2491.94,2492.5,2479.76,2485.89,3390.6641
2026-09-08 18:51:00,2485.9,2487.32,2476.77,2484.67,1607.021
2026-09-08 18:54:00,2484.67,2484.78,2482.6,2483.78,404.8127
2026-09-08 18:57:00,2483.78,2487.6,2483.3,2486.94,559.9554
2026-09-08 19:00:00,2486.94,2489.68,2484.79,2489.68,361.1582
2026-09-08 19:03:00,2489.69,2491.91,2488.32,2488.32,513.3008
2026-09-08 19:06:00,2488.31,2489.47,2486.37,2488.66,293.729
2026-09-08 19:09:00,2488.66,2488.67,2485.0,2485.75,324.9263
2026-09-08 19:12:00,2485.75,2488.21,2485.0,2485.96,691.5881
2026-09-08 19:15:00,2485.95,2489.88,2485.2,2485.49,444.6378
2026-09-08 19:18:00,2485.49,2487.69,2485.06,2486.74,236.3389
2026-09-08 19:21:00,2486.75,2487.02,2482.32,2486.61,1520.9316
2026-09-08 19:24:00,2486.62,2486.91,2482.58,2484.34,278.5696
2026-09-08 19:27:00,2484.34,2486.76,2484.23,2486.76,535.647
2026-09-08 19:30:00,2486.77,2487.01,2484.44,2484.44,314.5869
2026-09-08 19:33:00,2484.43,2485.0,2479.37,2484.05,655.8713
2026-09-08 19:36:00,2484.05,2486.68,2482.67,2485.83,463.4705
2026-09-08 19:39:00,2485.83,2488.84,2483.49,2483.94,737.2458
2026-09-08 19:42:00,2483.94,2484.13,2482.0,2482.01,182.5499
2026-09-08 19:45:00,2482.0,2482.01,2478.99,2479.91,405.2351
2026-09-08 19:48:00,2479.92,2480.71,2476.57,2477.63,1384.6859
2026-09-08 19:51:00,2477.64,2479.93,2477.05,2479.08,266.3986
2026-09-08 19:54:00,2479.08,2479.18,2476.83,2478.87,338.655
2026-09-08 19:57:00,2478.88,2482.32,2478.14,2482.32,383.9966
2026-09-08 20:00:00,2482.31,2485.02,2482.16,2483.48,384.3549
2026-09-08 20:03:00,2483.49,2484.67,2480.56,2483.13,283.2914
2026-09-08 20:06:00,2483.12,2486.32,2483.12,2486.32,283.6794
2026-09-08 20:09:00,2486.32,2490.81,2486.31,2490.05,421.1001
2026-09-08 20:12:00,2490.05,2491.67,2489.01,2490.77,414.5472
2026-09-08 20:15:00,2490.77,2491.17,2486.4,2487.41,139.1407
2026-09-08 20:18:00,2487.41,2488.16,2484.4,2484.4,135.1953
2026-09-08 20:21:00,2484.4,2486.75,2484.4,2484.98,291.7352
2026-09-08 20:24:00,2484.98,2486.13,2483.13,2485.49,547.6835
2026-09-08 20:27:00,2485.5,2487.62,2485.28,2487.15,573.1299
2026-09-08 20:30:00,2487.14,2487.15,2483.16,2483.16,189.0132
2026-09-08 20:33:00,2483.15,2483.16,2480.92,2481.17,282.6582
2026-09-08 20:36:00,2481.18,2485.0,2481.18,2484.99,205.5282
2026-09-08 20:39:00,2484.99,2485.33,2481.71,2482.54,113.3994
2026-09-08 20:42:00,2482.54,2484.59,2482.17,2484.13,147.6931
2026-09-08 20:45:00,2484.13,2485.14,2483.32,2484.63,143.393
2026-09-08 20:48:00,2484.62,2485.05,2482.93,2484.57,146.0386
2026-09-08 20:51:00,2484.56,2486.24,2484.56,2486.06,50.024
2026-09-08 20:54:00,2486.14,2486.14,2483.64,2485.3,142.6426
2026-09-08 20:57:00,2485.3,2486.25,2482.87,2483.09,258.2899
2026-09-08 21:00:00,2483.09,2486.04,2482.71,2485.91,267.7979
2026-09-08 21:03:00,2485.91,2486.54,2483.83,2484.07,100.8805
2026-09-08 21:06:00,2484.07,2485.8,2484.07,2484.89,82.8422
2026-09-08 21:09:00,2484.9,2486.09,2484.89,2486.08,65.9634
2026-09-08 21:12:00,2486.09,2486.84,2485.33,2485.65,106.8661
2026-09-08 21:15:00,2485.65,2487.48,2485.0,2485.0,117.2643
2026-09-08 21:18:00,2485.01,2486.05,2484.16,2484.16,92.5997
2026-09-08 21:21:00,2484.16,2484.73,2482.31,2484.19,251.1532
2026-09-08 21:24:00,2484.2,2484.4,2482.66,2484.4,93.697
2026-09-08 21:27:00,2484.39,2486.42,2483.01,2483.01,313.5694
2026-09-08 21:30:00,2483.01,2483.74,2481.97,2481.97,92.0119
2026-09-08 21:33:00,2481.96,2483.02,2480.52,2480.72,503.1789
2026-09-08 21:36:00,2480.73,2483.84,2480.72,2483.48,163.4986
2026-09-08 21:39:00,2483.47,2484.17,2480.4,2482.84,309.0728
2026-09-08 21:42:00,2482.84,2484.59,2482.44,2483.14,109.6141
2026-09-08 21:45:00,2483.15,2484.27,2482.51,2483.5,102.8405
2026-09-08 21:48:00,2483.5,2484.09,2481.12,2481.13,109.6526
2026-09-08 21:51:00,2481.12,2481.13,2478.79,2479.42,283.1634
2026-09-08 21:54:00,2479.43,2480.71,2479.01,2480.71,84.7145
2026-09-08 21:57:00,2480.71,2483.01,2479.9,2482.93,228.8274
2026-09-08 22:00:00,2482.92,2487.73,2482.11,2487.72,402.0824
2026-09-08 22:03:00,2487.73,2489.03,2485.38,2485.56,310.756
2026-09-08 22:06:00,2485.55,2485.73,2482.43,2482.43,188.3745
2026-09-08 22:09:00,2482.43,2483.32,2481.74,2483.02,200.598
2026-09-08 22:12:00,2483.02,2483.89,2482.63,2483.89,101.3928
2026-09-08 22:15:00,2483.88,2486.07,2483.4,2484.03,466.2269
2026-09-08 22:18:00,2484.03,2484.48,2483.33,2484.48,191.0646
2026-09-08 22:21:00,2484.48,2486.87,2483.81,2484.56,373.785
2026-09-08 22:24:00,2484.57,2484.95,2483.81,2484.33,59.9933
2026-09-08 22:27:00,2484.33,2485.26,2484.26,2484.48,96.1323
2026-09-08 22:30:00,2484.48,2484.49,2483.35,2483.8,181.5714
2026-09-08 22:33:00,2483.8,2483.8,2482.81,2482.81,84.052
2026-09-08 22:36:00,2482.81,2484.84,2482.57,2483.69,147.5207
2026-09-08 22:39:00,2483.68,2486.42,2483.68,2486.42,308.6373
2026-09-08 22:42:00,2486.41,2487.15,2484.21,2484.59,234.7178
2026-09-08 22:45:00,2484.58,2486.37,2484.58,2486.37,105.0732
2026-09-08 22:48:00,2486.36,2487.4,2486.36,2486.76,187.5723
2026-09-08 22:51:00,2486.77,2487.97,2486.4,2487.38,152.7949
2026-09-08 22:54:00,2487.39,2487.87,2486.73,2487.63,153.0063
2026-09-08 22:57:00,2487.62,2490.0,2487.28,2489.01,184.3284
2026-09-08 23:00:00,2489.0,2490.52,2489.0,2490.51,180.8427
2026-09-08 23:03:00,2490.51,2490.51,2486.97,2487.49,770.5504
2026-09-08 23:06:00,2487.49,2487.49,2486.32,2486.32,150.5364
2026-09-08 23:09:00,2486.33,2487.21,2484.54,2484.55,331.8927
2026-09-08 23:12:00,2484.55,2486.62,2484.0,2485.33,433.7071
2026-09-08 23:15:00,2485.33,2485.33,2484.05,2484.12,123.9319
2026-09-08 23:18:00,2484.11,2484.72,2483.2,2483.21,156.4171
2026-09-08 23:21:00,2483.21,2484.86,2483.18,2483.74,238.9173
2026-09-08 23:24:00,2483.74,2484.49,2482.65,2482.91,313.2068
2026-09-08 23:27:00,2482.91,2484.6,2482.9,2484.52,156.7857
2026-09-08 23:30:00,2484.53,2485.18,2484.29,2484.71,116.6535
2026-09-08 23:33:00,2484.71,2485.09,2484.59,2484.88,72.8306
2026-09-08 23:36:00,2484.88,2485.76,2484.84,2484.84,64.202
2026-09-08 23:39:00,2484.84,2485.38,2484.78,2485.32,60.1352
2026-09-08 23:42:00,2485.32,2485.71,2485.01,2485.31,86.8577
2026-09-08 23:45:00,2485.32,2485.89,2485.25,2485.88,78.9686
2026-09-08 23:48:00,2485.88,2485.89,2485.0,2485.06,89.1962
2026-09-08 23:51:00,2485.06,2486.38,2484.93,2485.2,185.018
2026-09-08 23:54:00,2485.19,2485.19,2483.93,2484.14,73.6594
2026-09-08 23:57:00,2484.13,2485.43,2484.05,2485.06,144.38
2026-09-09 00:00:00,2485.07,2488.21,2485.07,2487.86,614.5661
2026-09-09 00:03:00,2487.87,2489.61,2487.87,2489.26,213.0916
2026-09-09 00:06:00,2489.27,2493.07,2489.27,2491.79,286.1402
2026-09-09 00:09:00,2491.8,2494.84,2491.41,2494.61,229.3476
2026-09-09 00:12:00,2494.62,2494.84,2493.9,2494.66,104.2262
2026-09-09 00:15:00,2494.67,2494.67,2491.31,2492.83,227.8168
2026-09-09 00:18:00,2492.82,2494.57,2492.41,2494.45,119.3738
2026-09-09 00:21:00,2494.45,2494.45,2491.64,2492.36,250.1684
2026-09-09 00:24:00,2492.36,2492.37,2490.35,2490.35,91.5923
2026-09-09 00:27:00,2490.35,2490.97,2489.07,2490.97,238.6003
2026-09-09 00:30:00,2490.96,2491.57,2488.54,2488.97,215.783
2026-09-09 00:33:00,2488.97,2490.0,2488.52,2488.84,129.3427
2026-09-09 00:36:00,2488.84,2490.27,2487.93,2490.27,173.2432
2026-09-09 00:39:00,2490.26,2491.73,2489.24,2489.3,176.4691
2026-09-09 00:42:00,2489.31,2493.27,2489.31,2493.27,168.7879
2026-09-09 00:45:00,2493.27,2495.61,2493.26,2495.6,224.9579
2026-09-09 00:48:00,2495.61,2496.51,2493.96,2496.51,346.0956
2026-09-09 00:51:00,2496.51,2496.51,2494.87,2496.49,336.7996
2026-09-09 00:54:00,2496.5,2497.34,2495.84,2496.21,256.2771
2026-09-09 00:57:00,2496.21,2497.31,2495.63,2496.28,362.5435
2026-09-09 01:00:00,2496.27,2497.05,2494.95,2495.46,191.5393
2026-09-09 01:03:00,2495.45,2496.37,2492.6,2495.3,331.6465
2026-09-09 01:06:00,2495.31,2495.64,2494.36,2494.9,158.0531
2026-09-09 01:09:00,2494.91,2498.25,2494.72,2498.2,447.0148
2026-09-09 01:12:00,2498.2,2499.11,2493.25,2494.47,541.209
2026-09-09 01:15:00,2494.46,2495.02,2491.09,2491.27,221.5095
2026-09-09 01:18:00,2491.27,2491.35,2490.0,2491.34,170.8482
2026-09-09 01:21:00,2491.35,2491.82,2489.43,2489.89,134.8963
2026-09-09 01:24:00,2489.89,2491.86,2489.89,2490.88,154.7532
2026-09-09 01:27:00,2490.89,2493.69,2490.89,2492.26,212.244
2026-09-09 01:30:00,2492.27,2492.27,2490.56,2491.95,102.3192
2026-09-09 01:33:00,2491.96,2493.74,2491.33,2493.69,142.9973
2026-09-09 01:36:00,2493.68,2498.75,2493.49,2495.92,243.3476
2026-09-09 01:39:00,2495.92,2498.99,2495.13,2495.14,167.6126
2026-09-09 01:42:00,2495.14,2497.03,2495.06,2496.58,158.8159
2026-09-09 01:45:00,2496.59,2499.7,2496.59,2498.91,316.181
2026-09-09 01:48:00,2498.91,2499.46,2496.39,2498.66,463.3921
2026-09-09 01:51:00,2498.67,2498.78,2495.74,2498.78,387.3812
2026-09-09 01:54:00,2498.79,2498.79,2496.39,2497.7,139.2653
2026-09-09 01:57:00,2497.7,2498.38,2495.76,2497.8,369.348
2026-09-09 02:00:00,2497.79,2498.98,2497.65,2497.66,161.0056
2026-09-09 02:03:00,2497.65,2498.02,2495.42,2495.49,343.2092
2026-09-09 02:06:00,2495.48,2497.61,2495.48,2496.78,132.1655
2026-09-09 02:09:00,2496.78,2500.0,2496.06,2496.13,534.3865
2026-09-09 02:12:00,2496.12,2496.12,2494.17,2494.76,310.6632
2026-09-09 02:15:00,2494.75,2494.75,2490.33,2491.12,445.701
2026-09-09 02:18:00,2491.11,2495.03,2490.0,2491.98,477.0255
2026-09-09 02:21:00,2491.98,2495.43,2490.96,2495.41,520.7942
2026-09-09 02:24:00,2495.41,2497.52,2494.5,2495.51,598.3431
2026-09-09 02:27:00,2495.51,2497.11,2495.5,2497.03,184.61
2026-09-09 02:30:00,2497.02,2497.19,2495.07,2497.19,207.8928
2026-09-09 02:33:00,2497.19,2497.52,2494.64,2495.99,231.5302
2026-09-09 02:36:00,2495.99,2496.68,2495.12,2495.65,154.0651
2026-09-09 02:39:00,2495.64,2495.76,2494.62,2495.66,189.0082
2026-09-09 02:42:00,2495.67,2497.52,2495.66,2497.07,122.4104
2026-09-09 02:45:00,2497.07,2497.08,2495.75,2496.6,244.5928
2026-09-09 02:48:00,2496.61,2497.38,2495.67,2496.18,128.3125
2026-09-09 02:51:00,2496.17,2497.43,2495.55,2496.46,101.6603
2026-09-09 02:54:00,2496.46,2496.46,2494.68,2494.97,173.9276
2026-09-09 02:57:00,2494.96,2495.15,2493.72,2493.74,133.2285
2026-09-09 03:00:00,2493.73,2493.74,2491.47,2491.92,72.2118
2026-09-09 03:03:00,2491.93,2492.65,2491.23,2492.64,197.8383
2026-09-09 03:06:00,2492.65,2493.5,2490.47,2491.06,424.0553
2026-09-09 03:09:00,2491.07,2491.07,2487.69,2489.82,719.9745
2026-09-09 03:12:00,2489.81,2490.3,2487.25,2487.67,334.2424
2026-09-09 03:15:00,2487.66,2489.19,2487.3,2489.19,261.6181
2026-09-09 03:18:00,2489.18,2490.0,2487.87,2489.07,221.8864
2026-09-09 03:21:00,2489.08,2489.08,2488.0,2488.34,151.2479
2026-09-09 03:24:00,2488.34,2488.67,2486.88,2486.88,204.1157
2026-09-09 03:27:00,2486.88,2487.88,2486.88,2487.8,245.4944
2026-09-09 03:30:00,2487.8,2488.92,2487.6,2488.53,260.2047
2026-09-09 03:33:00,2488.52,2489.16,2487.77,2488.96,126.8769
2026-09-09 03:36:00,2488.95,2489.52,2487.94,2489.02,410.7591
2026-09-09 03:39:00,2489.01,2491.67,2489.01,2491.67,98.8552
2026-09-09 03:42:00,2491.67,2491.67,2490.5,2490.66,195.3105
2026-09-09 03:45:00,2490.65,2492.47,2489.97,2490.98,865.2079
2026-09-09 03:48:00,2490.97,2490.97,2488.79,2489.12,231.6396
2026-09-09 03:51:00,2489.11,2489.12,2486.88,2488.67,504.5586
2026-09-09 03:54:00,2488.67,2489.13,2487.92,2487.93,95.8755
2026-09-09 03:57:00,2487.93,2490.39,2487.54,2488.9,312.8449
2026-09-09 04:00:00,2488.91,2501.51,2488.91,2499.49,1716.5652
2026-09-09 04:03:00,2499.49,2503.55,2498.58,2501.47,1494.863
2026-09-09 04:06:00,2501.46,2502.63,2496.76,2497.13,1228.3246
2026-09-09 04:09:00,2497.13,2497.87,2495.41,2497.87,389.3656
2026-09-09 04:12:00,2497.87,2498.98,2495.13,2496.93,500.7004
2026-09-09 04:15:00,2496.92,2497.58,2494.49,2494.54,140.8593
2026-09-09 04:18:00,2494.54,2496.61,2494.48,2495.72,509.2409
2026-09-09 04:21:00,2495.72,2498.72,2495.6,2498.72,231.5632
2026-09-09 04:24:00,2498.71,2499.52,2497.33,2497.72,532.8385
2026-09-09 04:27:00,2497.72,2499.48,2497.03,2497.03,417.2486
2026-09-09 04:30:00,2497.04,2497.85,2496.98,2497.66,295.5768
2026-09-09 04:33:00,2497.65,2498.55,2496.62,2498.38,210.8712
2026-09-09 04:36:00,2498.38,2499.32,2498.02,2499.31,428.1622
2026-09-09 04:39:00,2499.32,2499.61,2497.69,2498.86,661.3946
2026-09-09 04:42:00,2498.85,2513.0,2497.99,2512.11,5238.1324
2026-09-09 04:45:00,2512.12,2513.87,2505.48,2509.11,1457.3707
2026-09-09 04:48:00,2509.12,2510.08,2506.82,2508.25,738.2619
2026-09-09 04:51:00,2508.25,2512.01,2507.78,2510.99,1405.6237
2026-09-09 04:54:00,2511.0,2511.96,2509.51,2511.88,643.6126
2026-09-09 04:57:00,2511.88,2511.88,2508.69,2509.65,416.7368
2026-09-09 05:00:00,2509.65,2510.27,2504.35,2504.84,996.273
2026-09-09 05:03:00,2504.84,2506.39,2504.08,2504.29,492.3787
2026-09-09 05:06:00,2504.28,2505.96,2503.4,2504.9,853.5048
2026-09-09 05:09:00,2504.9,2505.6,2504.15,2505.17,329.3959
2026-09-09 05:12:00,2505.17,2509.11,2504.5,2508.19,519.7493
2026-09-09 05:15:00,2508.19,2511.35,2506.75,2508.97,947.4765
2026-09-09 05:18:00,2508.97,2508.98,2507.43,2508.36,246.104
2026-09-09 05:21:00,2508.35,2508.35,2504.9,2505.12,345.3018
2026-09-09 05:24:00,2505.11,2506.48,2503.01,2503.9,533.7087
2026-09-09 05:27:00,2503.89,2504.25,2502.38,2502.94,209.5411
2026-09-09 05:30:00,2502.95,2503.79,2496.21,2497.13,961.1694
2026-09-09 05:33:00,2497.12,2497.93,2495.34,2495.86,503.5872
2026-09-09 05:36:00,2495.86,2498.59,2495.77,2496.08,575.6388
2026-09-09 05:39:00,2496.09,2496.63,2494.5,2495.04,599.2351
2026-09-09 05:42:00,2495.04,2496.27,2493.51,2495.74,209.7468
2026-09-09 05:45:00,2495.74,2495.74,2491.35,2491.52,429.2156
2026-09-09 05:48:00,2491.53,2493.78,2491.38,2493.78,504.2199
2026-09-09 05:51:00,2493.78,2495.61,2493.31,2495.61,182.2606
2026-09-09 05:54:00,2495.6,2496.85,2495.1,2496.4,370.8232
2026-09-09 05:57:00,2496.4,2496.99,2495.41,2496.56,344.5908
2026-09-09 06:00:00,2496.56,2497.43,2494.87,2494.88,308.1652
2026-09-09 06:03:00,2494.88,2495.36,2492.52,2494.93,735.2206
2026-09-09 06:06:00,2494.92,2497.16,2494.53,2497.15,313.6677
2026-09-09 06:09:00,2497.16,2499.82,2495.72,2499.48,273.3342
2026-09-09 06:12:00,2499.47,2501.54,2499.3,2500.9,375.5423
2026-09-09 06:15:00,2500.91,2501.71,2500.11,2501.22,338.9488
2026-09-09 06:18:00,2501.21,2502.77,2500.97,2502.57,214.2444
2026-09-09 06:21:00,2502.56,2505.59,2501.86,2505.17,433.8469
2026-09-09 06:24:00,2505.16,2505.16,2500.58,2500.86,689.9162
2026-09-09 06:27:00,2500.86,2500.86,2499.8,2499.98,133.316
2026-09-09 06:30:00,2499.98,2501.62,2498.32,2498.32,195.879
2026-09-09 06:33:00,2498.32,2501.47,2498.29,2500.72,235.8754
2026-09-09 06:36:00,2500.71,2502.11,2500.01,2501.32,637.5591
2026-09-09 06:39:00,2501.31,2501.57,2500.34,2500.87,236.0976
2026-09-09 06:42:00,2500.87,2501.07,2500.12,2500.74,86.3609
2026-09-09 06:45:00,2500.74,2501.1,2500.0,2500.64,108.4856
2026-09-09 06:48:00,2500.64,2501.0,2499.19,2500.13,145.3678
2026-09-09 06:51:00,2500.13,2500.69,2499.19,2499.99,228.5824
2026-09-09 06:54:00,2499.98,2499.98,2499.31,2499.31,155.7199
2026-09-09 06:57:00,2499.31,2502.0,2499.31,2501.25,302.9364
2026-09-09 07:00:00,2501.25,2501.8,2500.1,2501.7,447.8692
2026-09-09 07:03:00,2501.7,2509.49,2501.49,2509.23,804.3462
2026-09-09 07:06:00,2509.23,2517.0,2508.76,2510.81,2175.8951
2026-09-09 07:09:00,2510.81,2516.99,2510.66,2513.0,2791.3776
2026-09-09 07:12:00,2513.0,2515.12,2510.81,2511.12,737.5553
2026-09-09 07:15:00,2511.11,2513.29,2510.11,2511.68,772.3263
2026-09-09 07:18:00,2511.67,2512.55,2509.65,2511.7,405.8517
2026-09-09 07:21:00,2511.7,2513.68,2511.36,2513.42,590.0213
2026-09-09 07:24:00,2513.42,2514.1,2509.94,2512.33,727.6646
2026-09-09 07:27:00,2512.34,2515.33,2512.13,2515.33,2311.5586
2026-09-09 07:30:00,2515.33,2516.35,2513.73,2514.27,1001.3389
2026-09-09 07:33:00,2514.26,2514.36,2512.71,2513.46,575.3872
2026-09-09 07:36:00,2513.45,2513.99,2512.62,2513.47,672.7245
2026-09-09 07:39:00,2513.46,2513.47,2512.35,2512.9,311.1635
2026-09-09 07:42:00,2512.91,2512.91,2510.64,2511.63,904.1313
2026-09-09 07:45:00,2511.62,2512.45,2510.65,2511.2,535.7743
2026-09-09 07:48:00,2511.19,2511.26,2509.73,2510.95,363.7054
2026-09-09 07:51:00,2510.94,2510.95,2509.45,2509.77,443.0597
2026-09-09 07:54:00,2509.77,2509.78,2509.05,2509.17,350.0509
2026-09-09 07:57:00,2509.17,2510.53,2508.85,2510.53,497.9423
2026-09-09 08:00:00,2510.53,2516.0,2509.95,2515.63,1035.7425
2026-09-09 08:03:00,2515.63,2516.54,2511.53,2515.14,757.6636
2026-09-09 08:06:00,2515.14,2515.14,2513.7,2515.0,808.9339
2026-09-09 08:09:00,2515.0,2518.73,2514.3,2517.4,1872.8964
2026-09-09 08:12:00,2517.4,2518.1,2514.71,2514.72,1050.9503
2026-09-09 08:15:00,2514.71,2517.12,2514.3,2516.45,781.5795
2026-09-09 08:18:00,2516.45,2517.59,2516.24,2516.73,275.8551
2026-09-09 08:21:00,2516.72,2520.0,2516.7,2517.8,2683.929
2026-09-09 08:24:00,2517.79,2518.61,2517.32,2518.6,643.7542
2026-09-09 08:27:00,2518.61,2521.72,2517.3,2521.03,1296.3192
2026-09-09 08:30:00,2521.02,2522.21,2518.47,2520.41,686.4843
2026-09-09 08:33:00,2520.41,2522.22,2520.41,2522.22,531.373
2026-09-09 08:36:00,2522.22,2523.3,2516.75,2518.88,839.8627
2026-09-09 08:39:00,2518.89,2520.0,2517.48,2518.76,316.941
2026-09-09 08:42:00,2518.76,2520.0,2517.13,2517.42,369.9374
2026-09-09 08:45:00,2517.43,2519.0,2517.43,2518.53,177.308
2026-09-09 08:48:00,2518.53,2518.54,2515.8,2516.19,335.475
2026-09-09 08:51:00,2516.18,2521.49,2516.18,2521.44,1102.796
2026-09-09 08:54:00,2521.45,2521.45,2519.84,2520.34,487.0697
2026-09-09 08:57:00,2520.34,2521.22,2519.23,2519.73,481.4093
2026-09-09 09:00:00,2519.72,2520.44,2518.0,2518.54,313.0648
2026-09-09 09:03:00,2518.54,2518.89,2517.0,2517.51,333.8092
2026-09-09 09:06:00,2517.51,2517.84,2512.79,2513.89,701.1959
2026-09-09 09:09:00,2513.9,2513.9,2510.51,2511.93,701.4354
2026-09-09 09:12:00,2511.92,2513.66,2511.7,2512.52,433.9119
2026-09-09 09:15:00,2512.52,2513.28,2511.07,2511.09,322.4151
2026-09-09 09:18:00,2511.09,2511.58,2509.68,2509.75,803.5754
2026-09-09 09:21:00,2509.76,2510.55,2509.71,2509.92,299.3968
2026-09-09 09:24:00,2509.92,2509.92,2508.87,2509.78,137.5764
2026-09-09 09:27:00,2509.79,2509.9,2508.85,2508.85,175.2146
2026-09-09 09:30:00,2508.85,2509.35,2507.52,2507.57,414.9313
2026-09-09 09:33:00,2507.56,2507.94,2504.65,2504.71,949.1889
2026-09-09 09:36:00,2504.71,2504.85,2502.52,2502.75,554.6649
2026-09-09 09:39:00,2502.74,2503.2,2492.82,2495.32,2091.2441
2026-09-09 09:42:00,2495.32,2497.95,2493.21,2495.33,835.8687
2026-09-09 09:45:00,2495.33,2497.52,2494.14,2496.01,1113.611
2026-09-09 09:48:00,2496.0,2496.86,2492.34,2495.19,790.3937
2026-09-09 09:51:00,2495.19,2496.19,2493.82,2495.03,396.7314
2026-09-09 09:54:00,2495.03,2495.26,2490.8,2492.21,823.1998
2026-09-09 09:57:00,2492.2,2492.2,2490.43,2490.62,378.933
2026-09-09 10:00:00,2490.61,2492.66,2490.0,2492.66,1492.5827
2026-09-09 10:03:00,2492.65,2494.39,2492.59,2493.77,518.3647
2026-09-09 10:06:00,2493.77,2494.22,2491.13,2491.58,627.1736
2026-09-09 10:09:00,2491.58,2492.78,2489.08,2491.96,1791.6116
2026-09-09 10:12:00,2491.96,2493.0,2490.71,2491.87,368.0209
2026-09-09 10:15:00,2491.88,2492.16,2487.07,2490.42,983.2446
2026-09-09 10:18:00,2490.41,2492.98,2489.39,2492.38,643.0104
2026-09-09 10:21:00,2492.38,2492.76,2490.48,2490.49,347.805
2026-09-09 10:24:00,2490.49,2491.59,2489.76,2491.13,817.8769
2026-09-09 10:27:00,2491.13,2492.7,2490.73,2490.98,812.9522
2026-09-09 10:30:00,2490.98,2493.28,2490.5,2492.34,566.6727
2026-09-09 10:33:00,2492.34,2493.1,2491.35,2493.02,547.9042
2026-09-09 10:36:00,2493.02,2493.27,2489.76,2492.59,512.3314
2026-09-09 10:39:00,2492.59,2493.63,2489.68,2489.69,592.5239
2026-09-09 10:42:00,2489.68,2491.24,2489.68,2490.51,480.4819
2026-09-09 10:45:00,2490.51,2490.51,2487.55,2488.08,1059.1904
2026-09-09 10:48:00,2488.09,2489.3,2486.9,2486.91,588.5204
2026-09-09 10:51:00,2486.91,2487.31,2482.56,2484.67,1959.8116
2026-09-09 10:54:00,2484.66,2487.69,2483.66,2487.63,806.3279
2026-09-09 10:57:00,2487.64,2487.97,2486.99,2487.4,309.3878
2026-09-09 11:00:00,2487.4,2488.11,2483.5,2483.5,301.7039
2026-09-09 11:03:00,2483.5,2485.4,2482.5,2484.06,474.7459
2026-09-09 11:06:00,2484.05,2486.4,2483.41,2486.4,549.5271
2026-09-09 11:09:00,2486.39,2487.89,2485.9,2487.67,352.5902
2026-09-09 11:12:00,2487.67,2488.23,2486.15,2486.83,677.572
2026-09-09 11:15:00,2486.83,2486.98,2484.0,2484.97,374.0246
2026-09-09 11:18:00,2484.97,2486.64,2484.93,2486.11,388.8115
2026-09-09 11:21:00,2486.11,2487.97,2485.1,2487.97,355.5832
2026-09-09 11:24:00,2487.97,2491.31,2487.97,2490.17,384.2613
2026-09-09 11:27:00,2490.17,2492.88,2490.16,2492.77,343.5266
2026-09-09 11:30:00,2492.76,2493.41,2490.86,2492.24,635.0921
2026-09-09 11:33:00,2492.25,2495.0,2492.2,2492.67,600.7485
2026-09-09 11:36:00,2492.67,2494.47,2492.28,2494.01,331.9097
2026-09-09 11:39:00,2494.01,2494.9,2493.02,2493.65,638.7271
2026-09-09 11:42:00,2493.65,2495.62,2493.47,2493.54,802.2939
2026-09-09 11:45:00,2493.55,2495.15,2493.55,2494.5,242.2065
2026-09-09 11:48:00,2494.51,2500.66,2494.5,2500.26,1009.4663
2026-09-09 11:51:00,2500.25,2505.88,2500.25,2504.18,2013.7272
2026-09-09 11:54:00,2504.18,2504.18,2501.4,2501.84,495.4209
2026-09-09 11:57:00,2501.83,2503.34,2501.0,2501.0,374.6998
2026-09-09 12:00:00,2501.01,2503.25,2501.01,2502.19,560.5859
2026-09-09 12:03:00,2502.2,2502.2,2498.7,2499.88,710.1334
2026-09-09 12:06:00,2499.88,2505.0,2499.88,2504.7,1086.4631
2026-09-09 12:09:00,2504.71,2504.71,2501.62,2502.3,628.713
2026-09-09 12:12:00,2502.31,2502.31,2500.74,2501.19,402.7587
2026-09-09 12:15:00,2501.19,2502.87,2501.13,2501.21,440.301
2026-09-09 12:18:00,2501.22,2501.22,2498.98,2501.21,415.3643
2026-09-09 12:21:00,2501.22,2502.71,2500.81,2502.03,343.4369
2026-09-09 12:24:00,2502.04,2502.04,2500.2,2501.52,496.4823
2026-09-09 12:27:00,2501.51,2501.75,2500.47,2501.75,304.4325
2026-09-09 12:30:00,2501.75,2506.73,2501.01,2506.15,1620.8207
2026-09-09 12:33:00,2506.16,2509.67,2505.19,2509.67,590.4115
2026-09-09 12:36:00,2509.67,2509.67,2504.96,2505.99,874.0428
2026-09-09 12:39:00,2506.0,2510.0,2505.97,2509.92,1220.2348
2026-09-09 12:42:00,2509.92,2510.65,2506.99,2507.82,1079.1465
2026-09-09 12:45:00,2507.81,2512.2,2507.81,2510.41,1024.4079
2026-09-09 12:48:00,2510.4,2511.98,2509.19,2511.64,477.7401
2026-09-09 12:51:00,2511.64,2512.69,2509.47,2511.5,900.9426
2026-09-09 12:54:00,2511.5,2512.58,2509.76,2512.15,1745.8671
2026-09-09 12:57:00,2512.15,2512.91,2510.08,2511.61,731.6667
2026-09-09 13:00:00,2511.61,2512.03,2508.13,2510.68,675.7078
2026-09-09 13:03:00,2510.68,2513.3,2509.53,2512.02,771.3343
2026-09-09 13:06:00,2512.01,2513.61,2511.1,2512.79,689.4682
2026-09-09 13:09:00,2512.78,2512.79,2510.72,2511.22,605.6307
2026-09-09 13:12:00,2511.22,2513.99,2511.18,2513.71,474.5383
2026-09-09 13:15:00,2513.71,2513.99,2510.94,2513.4,467.6194
2026-09-09 13:18:00,2513.4,2514.55,2512.44,2514.54,445.1003
2026-09-09 13:21:00,2514.54,2515.0,2513.51,2513.83,482.4651
2026-09-09 13:24:00,2513.84,2514.57,2513.26,2514.2,358.0271
2026-09-09 13:27:00,2514.2,2515.99,2514.2,2514.89,1074.1959
2026-09-09 13:30:00,2514.88,2517.42,2511.35,2515.88,1544.0839
2026-09-09 13:33:00,2515.87,2521.48,2512.15,2512.15,2923.6796
2026-09-09 13:36:00,2512.15,2512.27,2504.92,2507.4,1770.4467
2026-09-09 13:39:00,2507.41,2512.38,2506.73,2507.55,1167.8316
2026-09-09 13:42:00,2507.54,2507.54,2499.75,2504.41,1673.7366
2026-09-09 13:45:00,2504.41,2513.37,2504.03,2510.7,758.4967
2026-09-09 13:48:00,2510.7,2513.51,2508.73,2510.73,1054.1232
2026-09-09 13:51:00,2510.73,2512.24,2509.37,2510.54,325.6656
2026-09-09 13:54:00,2510.54,2510.55,2505.35,2506.59,647.2457
2026-09-09 13:57:00,2506.6,2508.59,2500.49,2502.52,854.5332
2026-09-09 14:00:00,2502.52,2504.6,2496.36,2498.28,1192.486
2026-09-09 14:03:00,2498.29,2508.76,2497.67,2507.66,1218.4755
2026-09-09 14:06:00,2507.66,2507.74,2501.62,2502.66,746.0287
2026-09-09 14:09:00,2502.65,2502.66,2495.16,2496.71,1075.3508
2026-09-09 14:12:00,2496.72,2502.44,2495.6,2502.43,706.3671
2026-09-09 14:15:00,2502.42,2502.63,2499.72,2501.85,420.5193
2026-09-09 14:18:00,2501.86,2501.86,2495.77,2496.45,546.4412
2026-09-09 14:21:00,2496.45,2500.21,2496.22,2498.55,466.5665
2026-09-09 14:24:00,2498.54,2506.0,2496.79,2505.91,669.4887
2026-09-09 14:27:00,2505.92,2512.55,2505.8,2512.55,1177.1972
2026-09-09 14:30:00,2512.54,2512.54,2509.18,2511.46,784.1625
2026-09-09 14:33:00,2511.47,2514.0,2508.54,2513.41,1251.0587
2026-09-09 14:36:00,2513.41,2514.32,2508.87,2509.01,889.5161
2026-09-09 14:39:00,2509.01,2511.45,2506.29,2506.91,842.0291
2026-09-09 14:42:00,2506.92,2507.81,2500.35,2501.55,793.1435
2026-09-09 14:45:00,2501.55,2505.75,2498.78,2503.84,625.2836
2026-09-09 14:48:00,2503.85,2507.83,2502.76,2506.08,690.5912
2026-09-09 14:51:00,2506.09,2506.3,2497.73,2500.29,623.5926
2026-09-09 14:54:00,2500.29,2500.59,2497.14,2497.9,688.42
2026-09-09 14:57:00,2497.9,2499.4,2496.38,2499.39,465.7976
2026-09-09 15:00:00,2499.4,2512.7,2490.0,2493.21,5824.7075
2026-09-09 15:03:00,2493.2,2499.14,2490.91,2492.53,1787.9822
2026-09-09 15:06:00,2492.53,2493.11,2485.67,2491.52,2094.7765
2026-09-09 15:09:00,2491.52,2493.68,2480.29,2481.18,2751.2149
2026-09-09 15:12:00,2481.18,2488.14,2480.0,2485.01,1459.3093
2026-09-09 15:15:00,2485.0,2491.19,2482.61,2489.59,1513.5066
2026-09-09 15:18:00,2489.6,2490.2,2485.06,2485.06,734.9049
2026-09-09 15:21:00,2485.07,2485.07,2470.57,2473.71,6632.796
2026-09-09 15:24:00,2473.71,2477.6,2471.0,2477.6,1675.7885
2026-09-09 15:27:00,2477.6,2480.35,2475.75,2479.49,1061.0932
2026-09-09 15:30:00,2479.5,2485.17,2478.8,2483.43,1370.6404
2026-09-09 15:33:00,2483.42,2491.51,2482.0,2489.03,1104.1623
2026-09-09 15:36:00,2489.03,2493.0,2488.06,2489.48,994.1095
2026-09-09 15:39:00,2489.48,2495.6,2488.43,2493.47,1188.0418
2026-09-09 15:42:00,2493.47,2494.6,2491.48,2493.09,365.5373
2026-09-09 15:45:00,2493.08,2494.81,2491.65,2491.8,399.3047
2026-09-09 15:48:00,2491.81,2494.06,2490.51,2492.43,391.812
2026-09-09 15:51:00,2492.4,2492.59,2490.0,2490.99,462.0203
2026-09-09 15:54:00,2490.99,2494.38,2490.86,2491.39,347.4197
2026-09-09 15:57:00,2491.39,2493.19,2490.02,2490.26,449.1249
2026-09-09 16:00:00,2490.26,2494.83,2489.73,2494.82,730.6434
2026-09-09 16:03:00,2494.83,2497.7,2494.51,2495.66,675.5911
2026-09-09 16:06:00,2495.66,2496.99,2489.45,2489.58,704.1388
2026-09-09 16:09:00,2489.59,2489.84,2486.96,2487.8,338.0377
2026-09-09 16:12:00,2487.8,2492.06,2487.42,2492.06,451.5136
2026-09-09 16:15:00,2492.05,2492.05,2485.44,2485.45,453.5412
2026-09-09 16:18:00,2485.45,2489.59,2485.06,2489.58,525.958
2026-09-09 16:21:00,2489.59,2492.02,2484.81,2485.89,476.4056
2026-09-09 16:24:00,2485.89,2491.16,2485.38,2488.98,582.9888
2026-09-09 16:27:00,2488.98,2490.88,2488.75,2490.69,199.2937
2026-09-09 16:30:00,2490.69,2495.68,2490.69,2495.67,440.1399
2026-09-09 16:33:00,2495.68,2499.4,2495.68,2497.17,1178.788
2026-09-09 16:36:00,2497.18,2498.15,2495.33,2496.7,306.7953
2026-09-09 16:39:00,2496.7,2498.69,2496.42,2497.81,192.9549
2026-09-09 16:42:00,2497.8,2498.68,2497.1,2498.67,227.4968
2026-09-09 16:45:00,2498.66,2498.67,2497.22,2498.25,215.0891
2026-09-09 16:48:00,2498.24,2498.48,2496.0,2496.86,125.8442
2026-09-09 16:51:00,2496.87,2497.33,2495.71,2495.71,126.2203
2026-09-09 16:54:00,2495.71,2495.73,2494.5,2494.65,197.3823
2026-09-09 16:57:00,2494.65,2496.64,2494.65,2495.88,204.6352
2026-09-09 17:00:00,2495.88,2497.05,2493.66,2497.05,298.5345
2026-09-09 17:03:00,2497.05,2497.83,2492.72,2497.15,427.4373
2026-09-09 17:06:00,2497.15,2497.68,2494.65,2496.4,470.3131
2026-09-09 17:09:00,2496.41,2496.9,2494.08,2496.89,341.7075
2026-09-09 17:12:00,2496.89,2499.74,2496.1,2496.65,1136.2953
2026-09-09 17:15:00,2496.66,2497.61,2495.85,2495.85,177.0468
2026-09-09 17:18:00,2495.85,2497.69,2495.25,2496.29,369.9426
2026-09-09 17:21:00,2496.29,2497.29,2494.69,2495.74,188.8649
2026-09-09 17:24:00,2495.74,2499.58,2495.74,2498.32,248.572
2026-09-09 17:27:00,2498.31,2498.4,2496.63,2496.63,311.5382
2026-09-09 17:30:00,2496.64,2496.89,2493.73,2494.01,237.606
2026-09-09 17:33:00,2494.01,2495.26,2493.32,2494.8,179.7941
2026-09-09 17:36:00,2494.8,2496.48,2492.72,2492.73,550.9042
2026-09-09 17:39:00,2492.73,2492.95,2490.25,2490.63,495.2948
2026-09-09 17:42:00,2490.62,2491.22,2490.44,2491.22,87.9163
2026-09-09 17:45:00,2491.22,2491.91,2488.5,2491.23,366.1008
2026-09-09 17:48:00,2491.23,2493.02,2490.37,2492.36,122.4501
2026-09-09 17:51:00,2492.36,2494.68,2491.63,2494.19,315.7399
2026-09-09 17:54:00,2494.18,2495.08,2493.75,2494.45,195.015
2026-09-09 17:57:00,2494.46,2495.75,2493.62,2493.62,171.9806
2026-09-09 18:00:00,2493.61,2495.2,2493.14,2494.59,655.4667
2026-09-09 18:03:00,2494.58,2495.81,2493.86,2495.23,175.2232
2026-09-09 18:06:00,2495.24,2495.24,2490.64,2491.07,277.0392
2026-09-09 18:09:00,2491.08,2491.83,2490.05,2490.05,125.0835
2026-09-09 18:12:00,2490.05,2490.59,2489.06,2490.06,270.5684
2026-09-09 18:15:00,2490.06,2491.1,2489.35,2491.1,96.2413
2026-09-09 18:18:00,2491.09,2491.1,2488.03,2489.56,118.9599
2026-09-09 18:21:00,2489.55,2492.04,2488.9,2488.98,208.0665
2026-09-09 18:24:00,2488.98,2490.88,2488.98,2490.54,224.2612
2026-09-09 18:27:00,2490.55,2491.37,2490.5,2491.2,70.5102
2026-09-09 18:30:00,2491.2,2491.51,2489.64,2490.44,89.6769
2026-09-09 18:33:00,2490.44,2492.09,2488.0,2488.0,179.3992
2026-09-09 18:36:00,2488.01,2489.27,2488.01,2489.26,111.975
2026-09-09 18:39:00,2489.27,2489.47,2487.77,2488.19,192.3062
2026-09-09 18:42:00,2488.19,2488.96,2487.69,2488.95,151.4168
2026-09-09 18:45:00,2488.96,2489.02,2487.08,2487.93,356.6502
2026-09-09 18:48:00,2487.93,2488.75,2486.53,2488.09,473.4064
2026-09-09 18:51:00,2488.1,2488.1,2485.57,2485.58,406.5978
2026-09-09 18:54:00,2485.58,2485.95,2482.14,2482.76,1167.6959
2026-09-09 18:57:00,2482.75,2483.36,2481.42,2481.43,211.6531
2026-09-09 19:00:00,2481.43,2482.8,2480.0,2480.01,1034.9424
2026-09-09 19:03:00,2480.01,2480.2,2476.18,2479.13,1591.8371
2026-09-09 19:06:00,2479.14,2480.88,2478.49,2479.17,561.3997
2026-09-09 19:09:00,2479.17,2480.97,2478.91,2480.69,443.546
2026-09-09 19:12:00,2480.69,2482.48,2480.64,2482.46,320.3493
2026-09-09 19:15:00,2482.46,2484.08,2482.02,2483.25,473.7945
2026-09-09 19:18:00,2483.25,2484.23,2482.39,2483.38,633.3357
2026-09-09 19:21:00,2483.38,2484.8,2483.13,2484.53,257.9724
2026-09-09 19:24:00,2484.54,2484.96,2484.31,2484.52,135.3417
2026-09-09 19:27:00,2484.51,2484.51,2482.91,2482.91,159.6634
2026-09-09 19:30:00,2482.91,2482.91,2480.55,2481.62,669.067
2026-09-09 19:33:00,2481.63,2482.05,2478.49,2478.8,403.8015
2026-09-09 19:36:00,2478.8,2478.81,2473.51,2473.51,959.7004
2026-09-09 19:39:00,2473.52,2474.83,2472.6,2474.0,884.7011
2026-09-09 19:42:00,2474.0,2475.13,2471.46,2471.71,572.2716
2026-09-09 19:45:00,2471.72,2472.63,2471.0,2471.49,767.5042
2026-09-09 19:48:00,2471.5,2472.46,2465.0,2466.12,3573.8489
2026-09-09 19:51:00,2466.11,2469.84,2462.52,2463.34,1406.1088
2026-09-09 19:54:00,2463.34,2466.25,2463.34,2464.75,812.8791
2026-09-09 19:57:00,2464.76,2465.49,2463.94,2465.49,957.1646
2026-09-09 20:00:00,2465.49,2469.09,2464.75,2468.46,788.0128
2026-09-09 20:03:00,2468.46,2468.73,2465.0,2467.0,538.79
2026-09-09 20:06:00,2467.01,2467.1,2464.07,2466.09,828.4686
2026-09-09 20:09:00,2466.09,2467.92,2465.9,2467.92,280.4435
2026-09-09 20:12:00,2467.92,2468.19,2466.09,2466.57,566.3197
2026-09-09 20:15:00,2466.58,2470.75,2466.57,2470.75,512.3245
2026-09-09 20:18:00,2470.75,2472.72,2468.12,2468.8,556.3651
2026-09-09 20:21:00,2468.79,2469.34,2466.49,2466.5,403.0572
2026-09-09 20:24:00,2466.5,2466.5,2462.09,2463.33,1409.4673
2026-09-09 20:27:00,2463.34,2467.58,2453.97,2461.8,2976.2201
2026-09-09 20:30:00,2461.81,2468.31,2460.6,2468.24,1080.405
2026-09-09 20:33:00,2468.24,2470.52,2467.07,2470.17,922.8072
2026-09-09 20:36:00,2470.18,2470.69,2469.21,2470.45,324.2926
2026-09-09 20:39:00,2470.46,2470.67,2468.87,2469.85,478.4262
2026-09-09 20:42:00,2469.84,2470.45,2466.86,2468.47,624.7337
2026-09-09 20:45:00,2468.47,2469.12,2467.52,2467.52,219.9008
2026-09-09 20:48:00,2467.52,2467.53,2460.15,2464.86,1584.6173
2026-09-09 20:51:00,2464.86,2468.26,2463.2,2465.98,614.2993
2026-09-09 20:54:00,2465.97,2469.55,2465.58,2469.51,626.8368
2026-09-09 20:57:00,2469.52,2472.1,2469.51,2471.82,312.9949
2026-09-09 21:00:00,2471.82,2471.82,2467.72,2470.29,852.8765
2026-09-09 21:03:00,2470.3,2472.38,2469.13,2472.31,234.5708
2026-09-09 21:06:00,2472.31,2472.38,2469.71,2469.71,248.8471
2026-09-09 21:09:00,2469.71,2470.12,2467.31,2467.58,348.2453
2026-09-09 21:12:00,2467.58,2469.89,2467.58,2469.89,209.585
2026-09-09 21:15:00,2469.89,2469.97,2465.63,2466.06,347.6692
2026-09-09 21:18:00,2466.07,2466.12,2463.93,2463.94,518.6354
2026-09-09 21:21:00,2463.93,2468.44,2463.93,2468.44,300.8915
2026-09-09 21:24:00,2468.43,2471.04,2468.43,2470.78,344.4845
2026-09-09 21:27:00,2470.79,2470.99,2469.85,2470.96,211.8657
2026-09-09 21:30:00,2470.96,2470.97,2469.34,2469.35,152.3906
2026-09-09 21:33:00,2469.34,2469.34,2465.28,2465.51,228.0252
2026-09-09 21:36:00,2465.51,2466.55,2463.75,2465.61,581.9312
2026-09-09 21:39:00,2465.61,2466.63,2465.24,2466.24,239.6836
2026-09-09 21:42:00,2466.23,2467.39,2464.7,2464.7,287.3435
2026-09-09 21:45:00,2464.7,2465.12,2463.45,2463.45,365.3603
2026-09-09 21:48:00,2463.45,2463.45,2456.57,2457.14,1118.1302
2026-09-09 21:51:00,2457.14,2460.11,2457.05,2460.1,429.1402
2026-09-09 21:54:00,2460.11,2460.31,2458.59,2460.3,400.0216
2026-09-09 21:57:00,2460.3,2461.89,2458.44,2461.89,517.5174
2026-09-09 22:00:00,2461.89,2463.46,2458.6,2459.12,764.6485
2026-09-09 22:03:00,2459.13,2460.08,2455.8,2456.06,745.118
2026-09-09 22:06:00,2456.06,2456.48,2446.0,2446.14,5298.8089
2026-09-09 22:09:00,2446.13,2454.58,2444.15,2453.71,2908.6352
2026-09-09 22:12:00,2453.71,2455.3,2447.57,2447.58,6092.9041
2026-09-09 22:15:00,2447.58,2448.8,2442.44,2445.71,1840.692
2026-09-09 22:18:00,2445.71,2453.02,2445.71,2453.01,472.6769
2026-09-09 22:21:00,2453.02,2454.05,2452.29,2453.66,308.118
2026-09-09 22:24:00,2453.67,2456.0,2453.66,2455.25,375.6025
2026-09-09 22:27:00,2455.24,2455.44,2454.56,2455.09,550.1728
2026-09-09 22:30:00,2455.1,2455.1,2452.56,2453.13,325.1039
2026-09-09 22:33:00,2453.13,2453.94,2452.0,2452.87,405.2002
2026-09-09 22:36:00,2452.86,2455.67,2452.36,2455.59,353.7311
2026-09-09 22:39:00,2455.59,2457.51,2455.59,2456.02,639.0446
2026-09-09 22:42:00,2456.02,2457.39,2454.77,2457.39,290.0144
2026-09-09 22:45:00,2457.39,2457.39,2454.51,2454.95,345.6543
2026-09-09 22:48:00,2454.95,2455.39,2453.04,2454.0,348.6538
2026-09-09 22:51:00,2454.0,2454.0,2452.51,2452.61,296.03
2026-09-09 22:54:00,2452.62,2453.06,2450.0,2451.16,671.3205
2026-09-09 22:57:00,2451.16,2451.51,2450.13,2450.37,183.4659
2026-09-09 23:00:00,2450.36,2454.79,2450.12,2454.79,247.9218
2026-09-09 23:03:00,2454.79,2458.04,2454.78,2457.91,549.9596
2026-09-09 23:06:00,2457.91,2458.91,2456.25,2458.05,264.3094
2026-09-09 23:09:00,2458.05,2461.52,2457.87,2460.02,447.9641
2026-09-09 23:12:00,2460.03,2461.0,2459.74,2460.6,234.4565
2026-09-09 23:15:00,2460.6,2460.7,2458.89,2460.69,328.0959
2026-09-09 23:18:00,2460.69,2462.27,2460.69,2461.18,219.1553
2026-09-09 23:21:00,2461.19,2461.9,2459.47,2460.25,357.3911
2026-09-09 23:24:00,2460.24,2461.15,2460.24,2461.09,147.4242
2026-09-09 23:27:00,2461.1,2462.5,2460.32,2462.5,131.9892
2026-09-09 23:30:00,2462.5,2463.84,2462.39,2463.67,171.8141
2026-09-09 23:33:00,2463.68,2467.72,2463.68,2465.87,392.722
2026-09-09 23:36:00,2465.87,2466.21,2465.4,2465.4,93.147
2026-09-09 23:39:00,2465.4,2466.93,2465.01,2465.01,216.5105
2026-09-09 23:42:00,2465.02,2465.94,2465.02,2465.73,148.4892
2026-09-09 23:45:00,2465.73,2468.0,2465.4,2468.0,265.3958
2026-09-09 23:48:00,2467.99,2468.48,2467.53,2467.53,116.8378
2026-09-09 23:51:00,2467.52,2469.0,2467.47,2468.77,197.9552
2026-09-09 23:54:00,2468.76,2468.82,2466.54,2467.35,331.4384
2026-09-09 23:57:00,2467.35,2468.53,2467.34,2468.13,146.6449
2026-09-10 00:00:00,2468.14,2469.87,2467.63,2469.61,384.2855
2026-09-10 00:03:00,2469.62,2470.96,2468.28,2469.5,307.6572
2026-09-10 00:06:00,2469.49,2470.01,2468.37,2468.64,173.1731
2026-09-10 00:09:00,2468.64,2470.88,2467.72,2470.17,262.4648
2026-09-10 00:12:00,2470.16,2470.16,2466.79,2467.7,298.6312
2026-09-10 00:15:00,2467.71,2469.65,2467.54,2467.62,132.7753
2026-09-10 00:18:00,2467.62,2468.79,2465.72,2465.73,154.3084
2026-09-10 00:21:00,2465.73,2469.65,2465.33,2469.59,344.6976
2026-09-10 00:24:00,2469.59,2469.77,2466.53,2466.87,220.427
2026-09-10 00:27:00,2466.87,2471.43,2466.87,2470.17,513.6614
2026-09-10 00:30:00,2470.16,2470.16,2466.58,2466.67,167.0889
2026-09-10 00:33:00,2466.68,2469.5,2464.23,2468.01,623.0536
2026-09-10 00:36:00,2468.01,2470.0,2467.93,2469.11,208.8857
2026-09-10 00:39:00,2469.11,2470.53,2465.57,2465.57,345.8175
2026-09-10 00:42:00,2465.57,2465.57,2463.94,2463.95,303.2801
2026-09-10 00:45:00,2463.95,2469.47,2462.88,2467.8,813.1386
2026-09-10 00:48:00,2467.79,2468.49,2463.96,2463.96,436.8589
2026-09-10 00:51:00,2463.93,2468.67,2463.93,2466.2,501.2273
2026-09-10 00:54:00,2466.21,2466.21,2465.02,2465.02,64.657
2026-09-10 00:57:00,2465.03,2466.4,2463.38,2465.01,258.2503
2026-09-10 01:00:00,2465.0,2470.24,2464.47,2466.83,548.0107
2026-09-10 01:03:00,2466.84,2475.84,2466.84,2474.29,530.6308
2026-09-10 01:06:00,2474.28,2479.29,2472.53,2478.76,751.7954
2026-09-10 01:09:00,2478.75,2479.08,2472.56,2472.61,1068.5699
2026-09-10 01:12:00,2472.6,2472.95,2469.18,2470.34,454.4259
2026-09-10 01:15:00,2470.33,2470.48,2466.95,2466.95,283.9749
2026-09-10 01:18:00,2466.96,2470.16,2464.78,2466.38,954.4327
2026-09-10 01:21:00,2466.39,2468.99,2464.17,2468.57,327.6779
2026-09-10 01:24:00,2468.58,2469.69,2466.39,2466.39,145.413
2026-09-10 01:27:00,2466.39,2466.41,2463.98,2463.98,196.4072
2026-09-10 01:30:00,2463.98,2466.62,2462.85,2462.85,373.9371
2026-09-10 01:33:00,2462.85,2462.86,2457.48,2457.94,2822.4152
2026-09-10 01:36:00,2457.93,2459.62,2456.65,2456.65,410.029
2026-09-10 01:39:00,2456.66,2465.3,2455.17,2465.29,923.1442
2026-09-10 01:42:00,2465.29,2465.62,2461.39,2462.55,1771.6328
2026-09-10 01:45:00,2462.55,2464.1,2459.99,2464.1,385.1092
2026-09-10 01:48:00,2464.1,2464.72,2461.74,2462.26,230.694
2026-09-10 01:51:00,2462.25,2462.25,2458.0,2458.31,367.2307
2026-09-10 01:54:00,2458.32,2463.63,2458.02,2462.92,294.4986
2026-09-10 01:57:00,2462.92,2465.0,2462.92,2463.73,411.078
2026-09-10 02:00:00,2463.73,2464.2,2462.0,2462.52,238.5788
2026-09-10 02:03:00,2462.52,2463.37,2461.04,2463.11,112.3213
2026-09-10 02:06:00,2463.11,2464.31,2461.72,2461.72,110.47
2026-09-10 02:09:00,2461.73,2463.32,2460.87,2463.32,177.3085
2026-09-10 02:12:00,2463.33,2463.58,2460.93,2463.11,112.913
2026-09-10 02:15:00,2463.1,2464.31,2459.91,2461.15,131.9811
2026-09-10 02:18:00,2461.15,2463.4,2460.9,2462.1,204.0619
2026-09-10 02:21:00,2462.11,2462.49,2460.76,2461.33,95.4664
2026-09-10 02:24:00,2461.32,2461.66,2460.14,2460.34,165.1501
2026-09-10 02:27:00,2460.34,2462.1,2459.74,2461.48,197.313
2026-09-10 02:30:00,2461.47,2466.0,2460.79,2465.99,196.0929
2026-09-10 02:33:00,2466.0,2468.68,2465.99,2467.87,181.3091
2026-09-10 02:36:00,2467.87,2471.06,2467.52,2471.05,275.7379
2026-09-10 02:39:00,2471.06,2471.06,2469.26,2470.26,123.573
2026-09-10 02:42:00,2470.26,2471.33,2469.44,2471.25,253.4913
2026-09-10 02:45:00,2471.25,2473.15,2471.24,2472.83,241.4738
2026-09-10 02:48:00,2472.83,2474.0,2472.31,2472.61,148.4542
2026-09-10 02:51:00,2472.61,2475.0,2472.6,2474.77,150.359
2026-09-10 02:54:00,2474.77,2476.11,2473.73,2474.68,298.675
2026-09-10 02:57:00,2474.67,2474.92,2474.03,2474.86,181.0775
2026-09-10 03:00:00,2474.86,2477.0,2474.86,2477.0,275.1566
2026-09-10 03:03:00,2477.0,2478.72,2476.18,2478.27,300.6721
2026-09-10 03:06:00,2478.28,2478.74,2475.74,2476.75,711.3796
2026-09-10 03:09:00,2476.75,2477.26,2475.85,2476.39,206.5084
2026-09-10 03:12:00,2476.38,2476.38,2475.07,2475.27,179.1593
2026-09-10 03:15:00,2475.27,2475.98,2474.13,2475.62,624.7229
2026-09-10 03:18:00,2475.61,2476.45,2475.6,2476.13,87.522
2026-09-10 03:21:00,2476.14,2476.66,2473.67,2473.68,320.9665
2026-09-10 03:24:00,2473.68,2473.95,2471.77,2472.14,479.7975
2026-09-10 03:27:00,2472.14,2476.64,2472.13,2476.56,431.8153
2026-09-10 03:30:00,2476.56,2477.29,2475.56,2477.29,193.123
2026-09-10 03:33:00,2477.29,2479.0,2473.68,2473.69,482.9588
2026-09-10 03:36:00,2473.69,2475.15,2472.34,2474.27,237.5463
2026-09-10 03:39:00,2474.27,2475.27,2474.01,2474.98,234.2768
2026-09-10 03:42:00,2474.97,2477.67,2474.97,2476.38,525.4077
2026-09-10 03:45:00,2476.39,2478.14,2476.24,2478.14,117.908
2026-09-10 03:48:00,2478.14,2479.14,2475.57,2476.39,479.9719
2026-09-10 03:51:00,2476.41,2476.41,2474.49,2474.9,91.1271
2026-09-10 03:54:00,2474.9,2475.33,2473.27,2473.77,251.7176
2026-09-10 03:57:00,2473.78,2475.78,2473.23,2475.41,480.1437
2026-09-10 04:00:00,2475.4,2476.46,2474.4,2475.49,390.4288
2026-09-10 04:03:00,2475.49,2479.03,2475.03,2477.83,288.4609
2026-09-10 04:06:00,2477.84,2478.23,2476.94,2477.05,263.0702
2026-09-10 04:09:00,2477.06,2477.22,2475.86,2475.88,117.8757
2026-09-10 04:12:00,2475.88,2475.88,2475.2,2475.2,112.5509
2026-09-10 04:15:00,2475.21,2476.2,2475.19,2475.75,130.8989
2026-09-10 04:18:00,2475.75,2477.81,2475.75,2477.2,173.5358
2026-09-10 04:21:00,2477.2,2477.21,2476.12,2476.54,89.698
2026-09-10 04:24:00,2476.55,2476.55,2476.2,2476.25,67.3272
2026-09-10 04:27:00,2476.24,2479.82,2476.24,2478.15,477.0156
2026-09-10 04:30:00,2478.16,2480.19,2477.76,2479.84,337.2805
2026-09-10 04:33:00,2479.84,2481.0,2477.64,2477.95,274.6505
2026-09-10 04:36:00,2477.94,2478.45,2477.22,2477.51,102.2804
2026-09-10 04:39:00,2477.5,2478.85,2477.48,2478.79,69.2187
2026-09-10 04:42:00,2478.79,2478.88,2476.98,2477.19,334.3158
2026-09-10 04:45:00,2477.18,2479.35,2477.01,2477.38,483.1703
2026-09-10 04:48:00,2477.38,2477.79,2477.15,2477.53,78.9509
2026-09-10 04:51:00,2477.54,2478.44,2475.67,2477.65,444.8373
2026-09-10 04:54:00,2477.66,2478.51,2477.03,2478.05,180.6853
2026-09-10 04:57:00,2478.06,2480.0,2477.82,2478.68,543.5546
2026-09-10 05:00:00,2478.68,2479.67,2477.34,2477.34,150.4276
2026-09-10 05:03:00,2477.33,2477.33,2473.95,2475.14,866.4126
2026-09-10 05:06:00,2475.14,2476.19,2474.89,2475.89,103.7634
2026-09-10 05:09:00,2475.89,2479.3,2475.89,2479.25,41.325
2026-09-10 05:12:00,2479.25,2482.0,2479.24,2481.72,607.8376
2026-09-10 05:15:00,2481.72,2481.99,2478.16,2478.8,415.4395
2026-09-10 05:18:00,2478.79,2478.87,2478.12,2478.13,77.6045
2026-09-10 05:21:00,2478.13,2478.87,2478.04,2478.86,131.2323
2026-09-10 05:24:00,2478.87,2478.87,2477.68,2477.69,84.993
2026-09-10 05:27:00,2477.69,2482.26,2477.68,2480.71,406.1662
2026-09-10 05:30:00,2480.71,2482.32,2479.63,2481.67,289.3236
2026-09-10 05:33:00,2481.67,2481.83,2480.0,2481.76,122.1408
2026-09-10 05:36:00,2481.77,2482.75,2480.23,2480.43,256.6286
2026-09-10 05:39:00,2480.42,2480.5,2479.13,2479.93,143.3104
2026-09-10 05:42:00,2479.93,2480.76,2479.93,2480.32,66.3445
2026-09-10 05:45:00,2480.31,2481.0,2480.12,2480.46,134.6578
2026-09-10 05:48:00,2480.46,2481.0,2480.35,2480.67,163.928
2026-09-10 05:51:00,2480.67,2483.3,2480.48,2483.15,152.3322
2026-09-10 05:54:00,2483.15,2483.83,2481.45,2481.46,227.6651
2026-09-10 05:57:00,2481.46,2483.0,2481.45,2482.13,225.7609
2026-09-10 06:00:00,2482.12,2482.64,2480.81,2481.08,416.201
2026-09-10 06:03:00,2481.08,2481.26,2478.7,2478.71,229.4504
2026-09-10 06:06:00,2478.71,2479.7,2478.28,2479.63,195.9794
2026-09-10 06:09:00,2479.64,2479.64,2475.96,2475.99,205.2565
2026-09-10 06:12:00,2475.99,2476.44,2475.48,2475.59,200.1077
2026-09-10 06:15:00,2475.59,2475.59,2473.03,2473.03,322.8735
2026-09-10 06:18:00,2473.02,2473.96,2472.0,2473.74,216.4867
2026-09-10 06:21:00,2473.73,2474.69,2472.52,2472.63,187.5415
2026-09-10 06:24:00,2472.63,2474.31,2472.63,2473.95,225.4102
2026-09-10 06:27:00,2473.96,2474.2,2473.32,2473.61,142.978
2026-09-10 06:30:00,2473.6,2474.26,2472.59,2472.75,118.6554
2026-09-10 06:33:00,2472.75,2473.54,2472.27,2473.54,119.1365
2026-09-10 06:36:00,2473.54,2474.49,2472.65,2473.9,353.057
2026-09-10 06:39:00,2473.9,2477.02,2473.9,2476.72,102.0731
2026-09-10 06:42:00,2476.71,2477.02,2475.13,2475.3,118.3582
2026-09-10 06:45:00,2475.3,2479.76,2475.29,2479.68,226.3853
2026-09-10 06:48:00,2479.68,2484.55,2479.09,2484.06,1047.5921
2026-09-10 06:51:00,2484.07,2484.76,2481.87,2481.87,393.5423
2026-09-10 06:54:00,2481.87,2481.87,2480.64,2480.96,131.8765
2026-09-10 06:57:00,2480.96,2481.24,2480.27,2480.3,124.5341
2026-09-10 07:00:00,2480.31,2480.31,2476.56,2476.7,382.959
2026-09-10 07:03:00,2476.69,2476.94,2473.96,2474.0,490.7469
2026-09-10 07:06:00,2474.01,2475.49,2473.37,2473.75,215.7316
2026-09-10 07:09:00,2473.74,2476.17,2473.51,2475.59,200.6004
2026-09-10 07:12:00,2475.6,2475.71,2474.9,2475.29,135.2373
2026-09-10 07:15:00,2475.29,2475.44,2474.52,2475.11,124.817
2026-09-10 07:18:00,2475.1,2475.6,2473.38,2473.38,423.369
2026-09-10 07:21:00,2473.37,2473.38,2470.32,2471.14,723.1266
2026-09-10 07:24:00,2471.13,2471.13,2467.91,2468.93,1016.2121
2026-09-10 07:27:00,2468.92,2469.66,2468.06,2468.06,352.0674
2026-09-10 07:30:00,2468.06,2468.52,2466.72,2466.73,1546.599
2026-09-10 07:33:00,2466.73,2466.84,2464.11,2466.59,820.2925
2026-09-10 07:36:00,2466.59,2466.63,2465.35,2466.02,446.163
2026-09-10 07:39:00,2466.02,2466.75,2464.31,2466.75,391.3279
2026-09-10 07:42:00,2466.75,2467.52,2466.05,2467.51,284.7605
2026-09-10 07:45:00,2467.52,2470.0,2467.51,2470.0,344.4357
2026-09-10 07:48:00,2470.0,2472.02,2469.99,2471.84,442.164
2026-09-10 07:51:00,2471.84,2473.68,2471.83,2472.34,262.3009
2026-09-10 07:54:00,2472.34,2474.07,2471.5,2472.34,288.7888
2026-09-10 07:57:00,2472.35,2472.97,2471.44,2472.97,457.2042
2026-09-10 08:00:00,2472.96,2473.88,2471.46,2472.71,450.7301
2026-09-10 08:03:00,2472.71,2472.71,2471.57,2472.13,179.9372
2026-09-10 08:06:00,2472.14,2474.82,2470.49,2474.82,709.1193
2026-09-10 08:09:00,2474.83,2474.83,2471.8,2472.04,155.3653
2026-09-10 08:12:00,2472.04,2472.4,2469.49,2470.5,358.2887
2026-09-10 08:15:00,2470.49,2471.29,2468.86,2471.1,555.3662
2026-09-10 08:18:00,2471.1,2471.65,2469.46,2471.45,488.8201
2026-09-10 08:21:00,2471.44,2474.54,2471.44,2474.53,112.1867
2026-09-10 08:24:00,2474.54,2474.98,2472.05,2474.05,515.5842
2026-09-10 08:27:00,2474.05,2474.71,2472.48,2474.64,131.973
2026-09-10 08:30:00,2474.63,2474.64,2471.07,2471.07,252.4745
2026-09-10 08:33:00,2471.07,2473.8,2469.3,2472.3,539.8655
2026-09-10 08:36:00,2472.31,2474.0,2471.7,2471.7,198.5558
2026-09-10 08:39:00,2471.7,2472.76,2470.52,2470.52,167.8552
2026-09-10 08:42:00,2470.52,2471.05,2469.9,2471.05,161.2257
2026-09-10 08:45:00,2471.07,2472.46,2470.58,2472.45,166.3243
2026-09-10 08:48:00,2472.46,2472.46,2470.91,2471.03,199.7577
2026-09-10 08:51:00,2471.03,2472.53,2471.03,2472.07,128.3962
2026-09-10 08:54:00,2472.07,2472.88,2471.25,2471.25,197.2909
2026-09-10 08:57:00,2471.26,2471.32,2470.92,2471.24,81.7029
2026-09-10 09:00:00,2471.25,2473.14,2471.25,2473.14,160.4168
2026-09-10 09:03:00,2473.15,2473.9,2473.14,2473.53,392.2871
2026-09-10 09:06:00,2473.54,2474.68,2472.6,2473.91,302.7439
2026-09-10 09:09:00,2473.91,2474.28,2472.63,2473.87,306.0283
2026-09-10 09:12:00,2473.88,2474.69,2473.88,2474.33,131.2218
2026-09-10 09:15:00,2474.33,2475.29,2474.15,2475.19,202.0683
2026-09-10 09:18:00,2475.18,2476.53,2475.18,2476.46,147.0519
2026-09-10 09:21:00,2476.47,2477.66,2475.78,2477.17,191.2609
2026-09-10 09:24:00,2477.16,2477.17,2475.58,2476.79,479.7983
2026-09-10 09:27:00,2476.79,2478.0,2476.2,2477.36,109.071
2026-09-10 09:30:00,2477.36,2477.36,2473.45,2473.8,640.3736
2026-09-10 09:33:00,2473.8,2473.82,2471.47,2471.48,627.7403
2026-09-10 09:36:00,2471.48,2472.31,2466.12,2466.38,1567.9198
2026-09-10 09:39:00,2466.38,2467.37,2466.0,2466.35,217.4562
2026-09-10 09:42:00,2466.35,2468.36,2464.86,2467.81,691.7582
2026-09-10 09:45:00,2467.81,2469.05,2467.44,2469.01,265.4123
2026-09-10 09:48:00,2469.01,2470.0,2468.18,2469.27,231.8077
2026-09-10 09:51:00,2469.28,2471.0,2468.7,2470.99,187.8659
2026-09-10 09:54:00,2471.0,2471.0,2469.73,2470.32,303.8873
2026-09-10 09:57:00,2470.32,2470.32,2466.83,2468.7,418.4219
2026-09-10 10:00:00,2468.7,2470.58,2467.91,2470.58,381.3608
2026-09-10 10:03:00,2470.57,2471.38,2469.48,2470.13,176.329
2026-09-10 10:06:00,2470.13,2472.0,2469.09,2469.18,462.274
2026-09-10 10:09:00,2469.17,2469.93,2467.85,2469.93,98.5656
2026-09-10 10:12:00,2469.93,2470.98,2468.71,2470.19,455.803
2026-09-10 10:15:00,2470.19,2470.99,2468.91,2468.92,232.2717
2026-09-10 10:18:00,2468.92,2470.03,2468.91,2470.03,157.9407
2026-09-10 10:21:00,2470.04,2470.81,2468.41,2468.49,104.2843
2026-09-10 10:24:00,2468.49,2468.65,2466.41,2467.45,478.0011
2026-09-10 10:27:00,2467.44,2468.15,2467.44,2468.15,441.8947
2026-09-10 10:30:00,2468.14,2468.15,2465.76,2465.76,659.72
2026-09-10 10:33:00,2465.76,2467.29,2463.0,2466.65,686.6465
2026-09-10 10:36:00,2466.64,2470.12,2466.2,2469.59,887.6404
2026-09-10 10:39:00,2469.58,2470.42,2469.48,2470.11,480.8169
2026-09-10 10:42:00,2470.12,2470.12,2467.95,2467.96,260.8149
2026-09-10 10:45:00,2467.96,2469.37,2467.48,2468.66,728.4363
2026-09-10 10:48:00,2468.66,2469.17,2468.49,2468.52,464.9741
2026-09-10 10:51:00,2468.53,2468.63,2465.95,2465.95,355.7885
2026-09-10 10:54:00,2465.95,2470.62,2465.0,2468.84,713.0748
2026-09-10 10:57:00,2468.85,2469.64,2464.2,2464.21,346.0
2026-09-10 11:00:00,2464.2,2464.2,2459.57,2462.66,1298.0465
2026-09-10 11:03:00,2462.66,2462.68,2458.23,2460.21,981.552
2026-09-10 11:06:00,2460.21,2461.63,2459.0,2461.04,526.8491
2026-09-10 11:09:00,2461.04,2462.1,2460.3,2460.31,730.3939
2026-09-10 11:12:00,2460.31,2462.07,2459.52,2462.06,609.3614
2026-09-10 11:15:00,2462.07,2467.89,2462.06,2465.3,587.1969
2026-09-10 11:18:00,2465.29,2467.1,2465.0,2467.1,113.1518
2026-09-10 11:21:00,2467.09,2467.38,2465.95,2466.96,98.5661
2026-09-10 11:24:00,2466.96,2468.06,2466.1,2466.7,147.8384
2026-09-10 11:27:00,2466.69,2467.94,2466.63,2467.38,309.6493
2026-09-10 11:30:00,2467.39,2469.3,2467.38,2469.29,186.3433
2026-09-10 11:33:00,2469.3,2469.4,2467.3,2469.04,426.7914
2026-09-10 11:36:00,2469.03,2470.08,2467.45,2469.47,819.9936
2026-09-10 11:39:00,2469.48,2469.79,2468.74,2469.06,105.0957
2026-09-10 11:42:00,2469.06,2469.58,2467.1,2467.77,345.9196
2026-09-10 11:45:00,2467.78,2468.59,2463.75,2463.76,177.6385
2026-09-10 11:48:00,2463.75,2466.54,2463.25,2464.18,524.6864
2026-09-10 11:51:00,2464.18,2466.71,2463.26,2466.71,298.4568
2026-09-10 11:54:00,2466.71,2466.74,2461.53,2461.54,454.3508
2026-09-10 11:57:00,2461.54,2464.18,2461.19,2462.21,286.408
2026-09-10 12:00:00,2462.21,2464.0,2461.33,2461.91,381.9403
2026-09-10 12:03:00,2461.91,2461.91,2457.36,2460.46,917.3927
2026-09-10 12:06:00,2460.46,2461.12,2457.47,2457.77,512.3625
2026-09-10 12:09:00,2457.78,2459.03,2456.71,2457.62,374.3865
2026-09-10 12:12:00,2457.61,2460.79,2457.21,2460.48,413.8694
2026-09-10 12:15:00,2460.49,2460.95,2457.72,2457.94,430.827
2026-09-10 12:18:00,2457.94,2459.0,2455.94,2456.63,681.6171
2026-09-10 12:21:00,2456.63,2458.4,2455.26,2458.4,399.1391
2026-09-10 12:24:00,2458.4,2458.42,2457.55,2457.6,183.4822
2026-09-10 12:27:00,2457.61,2460.78,2456.38,2459.85,434.5637
2026-09-10 12:30:00,2459.85,2466.75,2445.37,2449.68,5976.3148
2026-09-10 12:33:00,2449.68,2450.16,2436.62,2444.39,4895.3311
2026-09-10 12:36:00,2444.39,2447.34,2432.65,2432.72,5275.6308
2026-09-10 12:39:00,2432.71,2440.0,2430.45,2435.73,4584.9827
2026-09-10 12:42:00,2435.74,2439.9,2434.14,2437.52,1964.7702
2026-09-10 12:45:00,2437.52,2438.03,2408.01,2423.19,11276.6045
2026-09-10 12:48:00,2423.18,2431.79,2421.71,2431.56,3493.4376
2026-09-10 12:51:00,2431.56,2431.99,2420.0,2421.38,2167.7929
2026-09-10 12:54:00,2421.38,2422.7,2410.99,2415.14,3608.1077
2026-09-10 12:57:00,2415.15,2419.33,2412.1,2414.84,3039.1369
2026-09-10 13:00:00,2414.84,2424.9,2413.5,2423.17,2331.9626
2026-09-10 13:03:00,2423.18,2424.27,2418.12,2420.24,2517.8634
2026-09-10 13:06:00,2420.25,2422.16,2417.02,2418.47,2064.7174
2026-09-10 13:09:00,2418.48,2421.26,2417.41,2419.32,1456.433
2026-09-10 13:12:00,2419.32,2420.51,2405.85,2410.86,6654.0615
2026-09-10 13:15:00,2410.86,2417.14,2410.33,2415.1,1588.5208
2026-09-10 13:18:00,2415.1,2415.24,2409.28,2414.4,1954.0894
2026-09-10 13:21:00,2414.4,2420.5,2414.39,2418.9,2708.7952
2026-09-10 13:24:00,2418.89,2420.97,2417.98,2418.75,1653.375
2026-09-10 13:27:00,2418.75,2421.24,2418.61,2420.24,909.431
2026-09-10 13:30:00,2420.24,2421.87,2417.1,2420.95,2498.5543
2026-09-10 13:33:00,2420.95,2423.4,2418.82,2421.13,2759.793
2026-09-10 13:36:00,2421.13,2428.57,2420.59,2425.95,3051.2037
2026-09-10 13:39:00,2425.96,2430.0,2424.74,2427.61,3551.6606
2026-09-10 13:42:00,2427.61,2429.55,2425.39,2425.39,3347.4445
2026-09-10 13:45:00,2425.39,2430.59,2424.64,2430.28,5304.7735
2026-09-10 13:48:00,2430.28,2432.62,2425.81,2426.61,3885.7495
2026-09-10 13:51:00,2426.61,2436.02,2424.7,2433.21,6715.0753
2026-09-10 13:54:00,2433.21,2435.9,2431.74,2434.56,4148.2875
2026-09-10 13:57:00,2434.56,2436.9,2433.75,2435.43,3429.471
2026-09-10 14:00:00,2435.42,2440.92,2435.42,2438.69,2132.0795
2026-09-10 14:03:00,2438.69,2438.91,2433.0,2433.01,2753.5549
2026-09-10 14:06:00,2433.01,2434.59,2427.15,2430.91,4951.7789
2026-09-10 14:09:00,2430.92,2434.97,2430.0,2433.19,3104.9152
2026-09-10 14:12:00,2433.19,2436.22,2431.83,2432.07,2488.786
2026-09-10 14:15:00,2432.07,2432.08,2428.66,2430.15,2771.8879
2026-09-10 14:18:00,2430.16,2435.05,2428.86,2434.4,1837.6064
2026-09-10 14:21:00,2434.4,2438.75,2432.39,2437.98,1473.498
2026-09-10 14:24:00,2437.98,2444.84,2437.07,2440.14,2608.225
2026-09-10 14:27:00,2440.14,2444.05,2438.99,2439.46,2416.4824
2026-09-10 14:30:00,2439.45,2440.99,2438.86,2440.49,1692.5571
2026-09-10 14:33:00,2440.49,2442.96,2440.09,2442.05,486.5606
2026-09-10 14:36:00,2442.08,2442.59,2440.0,2440.26,1415.2423
2026-09-10 14:39:00,2440.25,2442.76,2440.12,2441.81,569.5244
2026-09-10 14:42:00,2441.81,2442.19,2439.72,2440.3,698.4718
2026-09-10 14:45:00,2440.29,2444.16,2440.29,2441.18,406.3192
2026-09-10 14:48:00,2441.18,2441.19,2438.0,2438.28,1072.9831
2026-09-10 14:51:00,2438.29,2442.07,2438.15,2442.02,1001.1556
2026-09-10 14:54:00,2442.03,2444.45,2441.82,2444.26,720.8284
2026-09-10 14:57:00,2444.27,2444.27,2442.57,2444.1,725.2985
2026-09-10 15:00:00,2444.11,2444.15,2438.84,2439.38,1274.3769
2026-09-10 15:03:00,2439.38,2442.47,2438.31,2442.46,1193.8574
2026-09-10 15:06:00,2442.46,2443.06,2441.04,2443.06,633.3883
2026-09-10 15:09:00,2443.06,2445.0,2442.22,2442.93,539.6437
2026-09-10 15:12:00,2442.93,2442.94,2441.45,2441.98,270.6389
2026-09-10 15:15:00,2441.97,2442.93,2439.6,2440.08,774.1428
2026-09-10 15:18:00,2440.08,2440.17,2438.17,2438.17,1673.3388
2026-09-10 15:21:00,2438.17,2439.42,2435.63,2435.64,1481.2023
2026-09-10 15:24:00,2435.63,2437.38,2432.88,2433.97,1362.6076
2026-09-10 15:27:00,2433.97,2437.23,2433.24,2435.45,986.9308
2026-09-10 15:30:00,2435.45,2437.15,2435.44,2437.15,667.0589
2026-09-10 15:33:00,2437.16,2440.54,2437.16,2438.57,1039.4027
2026-09-10 15:36:00,2438.56,2444.32,2438.56,2443.65,1109.7293
2026-09-10 15:39:00,2443.65,2443.65,2437.86,2438.41,840.3382
2026-09-10 15:42:00,2438.4,2439.39,2438.13,2438.14,360.9587
2026-09-10 15:45:00,2438.14,2439.99,2436.15,2436.34,1720.7062
2026-09-10 15:48:00,2436.34,2439.62,2435.99,2437.8,740.368
2026-09-10 15:51:00,2437.8,2439.95,2436.75,2437.68,414.3565
2026-09-10 15:54:00,2437.67,2439.68,2436.81,2439.48,1146.6555
2026-09-10 15:57:00,2439.49,2441.9,2439.36,2441.54,870.0031
2026-09-10 16:00:00,2441.54,2444.11,2440.32,2440.32,1711.6638
2026-09-10 16:03:00,2440.33,2440.76,2438.83,2440.41,2196.5191
2026-09-10 16:06:00,2440.42,2440.55,2436.11,2436.12,2496.324
2026-09-10 16:09:00,2436.12,2438.27,2435.01,2436.03,1590.0018
2026-09-10 16:12:00,2436.03,2440.51,2435.27,2437.97,947.771
2026-09-10 16:15:00,2437.98,2438.71,2436.02,2436.4,646.3942
2026-09-10 16:18:00,2436.4,2441.15,2433.18,2440.95,2412.0326
2026-09-10 16:21:00,2440.92,2442.71,2438.88,2439.68,1043.5306
2026-09-10 16:24:00,2439.67,2440.69,2439.13,2439.14,739.3384
2026-09-10 16:27:00,2439.13,2440.23,2438.99,2439.3,334.8571
2026-09-10 16:30:00,2439.29,2439.72,2437.31,2437.31,400.2814
2026-09-10 16:33:00,2437.31,2437.31,2432.91,2433.07,1323.0775
2026-09-10 16:36:00,2433.06,2439.78,2433.01,2438.45,473.7997
2026-09-10 16:39:00,2438.46,2442.0,2438.46,2441.31,454.6908
2026-09-10 16:42:00,2441.31,2441.88,2437.76,2440.54,289.6243
2026-09-10 16:45:00,2440.55,2450.81,2440.54,2447.94,1864.783
2026-09-10 16:48:00,2447.94,2448.35,2445.19,2445.6,383.3205
2026-09-10 16:51:00,2445.6,2446.17,2444.28,2445.05,288.0588
2026-09-10 16:54:00,2445.04,2447.56,2444.28,2447.14,307.5566
2026-09-10 16:57:00,2447.14,2448.79,2446.24,2448.78,197.8959
2026-09-10 17:00:00,2448.79,2450.14,2447.38,2449.08,576.9966
2026-09-10 17:03:00,2449.09,2449.78,2447.1,2449.26,436.6453
2026-09-10 17:06:00,2449.25,2450.48,2448.15,2449.92,704.7393
2026-09-10 17:09:00,2449.91,2452.89,2449.64,2452.64,736.6488
2026-09-10 17:12:00,2452.64,2454.6,2450.77,2453.15,1368.1386
2026-09-10 17:15:00,2453.15,2454.6,2453.14,2453.87,428.2859
2026-09-10 17:18:00,2453.88,2455.39,2452.27,2455.39,461.3608
2026-09-10 17:21:00,2455.38,2458.83,2454.94,2458.82,511.8555
2026-09-10 17:24:00,2458.83,2460.63,2455.4,2457.3,995.7949
2026-09-10 17:27:00,2457.3,2460.63,2457.3,2459.65,456.5923
2026-09-10 17:30:00,2459.64,2469.33,2459.64,2468.0,2869.3969
2026-09-10 17:33:00,2468.0,2474.38,2465.01,2473.92,2893.9322
2026-09-10 17:36:00,2473.91,2475.03,2465.98,2465.98,1520.5724
2026-09-10 17:39:00,2465.98,2468.34,2463.96,2466.89,1011.6955
2026-09-10 17:42:00,2466.89,2467.61,2463.37,2466.5,606.1028
2026-09-10 17:45:00,2466.51,2467.87,2463.86,2466.12,709.0715
2026-09-10 17:48:00,2466.11,2470.29,2466.11,2468.3,471.4858
2026-09-10 17:51:00,2468.29,2471.32,2468.29,2470.73,913.5365
2026-09-10 17:54:00,2470.72,2471.32,2467.96,2469.0,579.7932
2026-09-10 17:57:00,2469.0,2469.37,2465.74,2466.08,598.3458
2026-09-10 18:00:00,2466.09,2466.95,2461.94,2463.32,779.722
2026-09-10 18:03:00,2463.33,2463.44,2460.57,2462.06,686.2478
2026-09-10 18:06:00,2462.05,2462.37,2459.5,2459.51,663.7908
2026-09-10 18:09:00,2459.51,2459.51,2455.48,2457.04,1088.9745
2026-09-10 18:12:00,2457.02,2457.84,2455.99,2456.44,495.7346
2026-09-10 18:15:00,2456.43,2459.27,2455.59,2455.93,586.0081
2026-09-10 18:18:00,2455.92,2458.72,2455.0,2458.02,495.3041
2026-09-10 18:21:00,2458.02,2464.47,2457.81,2460.74,951.8233
2026-09-10 18:24:00,2460.75,2461.45,2460.39,2460.83,648.531
2026-09-10 18:27:00,2460.84,2462.69,2460.01,2460.01,407.2465
2026-09-10 18:30:00,2460.01,2460.01,2458.14,2458.73,387.2117
2026-09-10 18:33:00,2458.73,2458.73,2456.57,2457.86,494.0626
2026-09-10 18:36:00,2457.87,2463.68,2457.87,2463.67,549.4748
2026-09-10 18:39:00,2463.68,2464.7,2461.79,2463.67,582.9002
2026-09-10 18:42:00,2463.66,2463.67,2461.78,2462.76,724.9237
2026-09-10 18:45:00,2462.76,2462.76,2460.72,2461.65,538.8775
2026-09-10 18:48:00,2461.65,2464.19,2459.75,2461.91,720.3388
2026-09-10 18:51:00,2461.92,2467.17,2461.81,2467.1,967.6835
2026-09-10 18:54:00,2467.09,2469.17,2465.71,2466.83,1841.3597
2026-09-10 18:57:00,2466.83,2468.5,2465.31,2468.49,564.8515
2026-09-10 19:00:00,2468.49,2468.5,2465.06,2465.75,915.0347
2026-09-10 19:03:00,2465.74,2467.1,2464.49,2464.56,625.3028
2026-09-10 19:06:00,2464.57,2465.23,2463.36,2463.37,677.8176
2026-09-10 19:09:00,2463.38,2466.75,2462.93,2462.94,601.784
2026-09-10 19:12:00,2462.93,2465.25,2462.58,2464.77,344.2214
2026-09-10 19:15:00,2464.77,2466.24,2464.7,2464.97,384.1676
2026-09-10 19:18:00,2464.97,2465.04,2463.75,2463.79,317.6859
2026-09-10 19:21:00,2463.78,2465.0,2462.57,2462.57,476.3431
2026-09-10 19:24:00,2462.57,2468.0,2462.27,2466.4,881.7207
2026-09-10 19:27:00,2466.4,2468.29,2464.91,2466.71,1270.6587
2026-09-10 19:30:00,2466.71,2466.91,2463.38,2464.22,665.1952
2026-09-10 19:33:00,2464.22,2465.91,2462.11,2465.27,1329.8491
2026-09-10 19:36:00,2465.27,2465.81,2463.3,2464.64,592.1301
2026-09-10 19:39:00,2464.63,2468.42,2464.63,2468.38,772.7064
2026-09-10 19:42:00,2468.39,2472.0,2468.39,2469.72,1973.026
2026-09-10 19:45:00,2469.72,2469.72,2465.07,2467.14,701.5761
2026-09-10 19:48:00,2467.15,2468.77,2461.8,2461.8,776.2486
2026-09-10 19:51:00,2461.8,2464.99,2460.63,2460.63,1328.8057
2026-09-10 19:54:00,2460.64,2463.13,2460.36,2461.64,536.043
2026-09-10 19:57:00,2461.64,2464.01,2461.52,2462.54,1138.019
2026-09-10 20:00:00,2462.55,2463.82,2462.4,2462.4,803.6397
2026-09-10 20:03:00,2462.39,2463.17,2460.98,2463.17,670.9332
2026-09-10 20:06:00,2463.16,2465.64,2462.58,2465.33,477.3717
2026-09-10 20:09:00,2465.37,2467.33,2465.18,2465.91,575.9889
2026-09-10 20:12:00,2465.9,2468.39,2465.9,2468.39,363.7688
2026-09-10 20:15:00,2468.39,2469.0,2467.08,2467.51,368.2123
2026-09-10 20:18:00,2467.52,2468.68,2467.51,2468.68,265.9451
2026-09-10 20:21:00,2468.68,2469.12,2467.72,2467.96,421.2195
2026-09-10 20:24:00,2467.95,2467.96,2465.01,2466.72,393.629
2026-09-10 20:27:00,2466.71,2467.27,2465.98,2466.39,248.7564
2026-09-10 20:30:00,2466.39,2466.45,2464.12,2464.66,283.9125
2026-09-10 20:33:00,2464.67,2465.52,2463.92,2463.92,308.1891
2026-09-10 20:36:00,2463.92,2464.9,2463.7,2463.86,295.592
2026-09-10 20:39:00,2463.86,2464.56,2463.16,2463.99,326.5419
2026-09-10 20:42:00,2464.0,2465.76,2464.0,2464.69,283.8035
2026-09-10 20:45:00,2464.7,2464.99,2463.14,2463.14,117.2774
2026-09-10 20:48:00,2463.14,2463.15,2462.26,2462.33,338.7337
2026-09-10 20:51:00,2462.33,2463.21,2462.33,2462.82,134.9065
2026-09-10 20:54:00,2462.83,2463.27,2462.69,2462.75,96.3234
2026-09-10 20:57:00,2462.75,2462.76,2461.67,2461.79,158.0114
2026-09-10 21:00:00,2461.79,2462.92,2461.54,2461.64,285.8738
2026-09-10 21:03:00,2461.64,2462.28,2460.97,2462.27,70.7909
2026-09-10 21:06:00,2462.27,2462.28,2460.71,2461.55,227.259
2026-09-10 21:09:00,2461.55,2462.77,2461.55,2461.91,115.6779
2026-09-10 21:12:00,2461.9,2462.59,2460.13,2460.14,209.0726
2026-09-10 21:15:00,2460.13,2460.97,2460.0,2460.46,105.8125
2026-09-10 21:18:00,2460.45,2460.46,2459.94,2459.94,87.8991
2026-09-10 21:21:00,2459.95,2461.4,2459.94,2461.23,125.0554
2026-09-10 21:24:00,2461.24,2461.56,2460.67,2461.14,154.009
2026-09-10 21:27:00,2461.14,2461.79,2460.59,2461.78,101.8796
2026-09-10 21:30:00,2461.78,2461.79,2460.63,2460.64,107.4517
2026-09-10 21:33:00,2460.63,2461.44,2460.14,2460.15,128.3369
2026-09-10 21:36:00,2460.14,2460.41,2458.55,2459.06,170.8038
2026-09-10 21:39:00,2459.06,2460.66,2458.91,2460.17,174.3237
2026-09-10 21:42:00,2460.17,2460.17,2457.88,2459.26,314.1518
2026-09-10 21:45:00,2459.25,2461.75,2459.19,2461.74,181.1933
2026-09-10 21:48:00,2461.75,2463.13,2459.7,2459.99,279.1519
2026-09-10 21:51:00,2459.99,2460.72,2459.83,2460.71,94.9459
2026-09-10 21:54:00,2460.72,2460.72,2459.23,2459.36,112.6784
2026-09-10 21:57:00,2459.36,2460.36,2458.45,2460.27,133.2573
2026-09-10 22:00:00,2460.27,2460.38,2457.32,2457.32,179.9434
2026-09-10 22:03:00,2457.32,2460.35,2457.31,2459.03,171.6791
2026-09-10 22:06:00,2459.03,2460.6,2458.62,2460.6,316.7511
2026-09-10 22:09:00,2460.6,2462.24,2460.59,2461.33,115.2079
2026-09-10 22:12:00,2461.33,2461.33,2456.58,2458.71,629.531
2026-09-10 22:15:00,2458.7,2459.59,2457.6,2459.48,85.2495
2026-09-10 22:18:00,2459.49,2459.49,2458.51,2459.27,69.3796
2026-09-10 22:21:00,2459.28,2459.79,2457.56,2457.57,166.897
2026-09-10 22:24:00,2457.57,2457.74,2456.16,2456.16,337.0456
2026-09-10 22:27:00,2456.17,2456.17,2453.5,2453.68,239.7423
2026-09-10 22:30:00,2453.68,2455.64,2452.27,2452.85,519.9601
2026-09-10 22:33:00,2452.86,2452.86,2450.25,2450.36,657.5079
2026-09-10 22:36:00,2450.36,2450.62,2447.31,2448.48,458.2513
2026-09-10 22:39:00,2448.48,2449.08,2446.45,2446.93,480.3773
2026-09-10 22:42:00,2446.94,2447.2,2445.07,2447.0,562.1402
2026-09-10 22:45:00,2446.99,2451.25,2446.66,2451.25,396.9868
2026-09-10 22:48:00,2451.25,2451.58,2450.48,2450.67,155.2167
2026-09-10 22:51:00,2450.66,2450.67,2447.31,2447.31,254.9802
2026-09-10 22:54:00,2447.31,2447.83,2445.0,2446.51,373.5729
2026-09-10 22:57:00,2446.51,2446.78,2443.81,2445.08,283.0099
2026-09-10 23:00:00,2445.08,2448.41,2445.08,2447.01,720.6559
2026-09-10 23:03:00,2447.0,2447.01,2442.55,2446.8,297.3836
2026-09-10 23:06:00,2446.79,2446.79,2437.53,2439.44,698.041
2026-09-10 23:09:00,2439.44,2443.33,2438.44,2441.68,710.4314
2026-09-10 23:12:00,2441.67,2443.61,2436.0,2436.7,536.3849
2026-09-10 23:15:00,2436.7,2440.84,2435.0,2440.84,915.2482
2026-09-10 23:18:00,2440.84,2444.11,2438.67,2443.99,340.6426
2026-09-10 23:21:00,2443.98,2445.59,2443.01,2444.31,1061.6425
2026-09-10 23:24:00,2444.31,2444.64,2443.6,2444.46,129.8555
2026-09-10 23:27:00,2444.46,2446.08,2443.6,2443.61,289.6882
2026-09-10 23:30:00,2443.61,2445.07,2442.6,2443.71,214.0491
2026-09-10 23:33:00,2443.7,2444.63,2442.7,2443.55,206.262
2026-09-10 23:36:00,2443.56,2444.42,2442.73,2443.78,221.4828
2026-09-10 23:39:00,2443.78,2444.05,2440.62,2440.62,601.9424
2026-09-10 23:42:00,2440.62,2443.3,2440.62,2441.9,181.1395
2026-09-10 23:45:00,2441.91,2442.29,2441.13,2441.42,116.5805
2026-09-10 23:48:00,2441.41,2441.89,2440.0,2440.96,177.8925
2026-09-10 23:51:00,2440.96,2441.11,2439.58,2439.58,246.2366
2026-09-10 23:54:00,2439.59,2439.92,2436.75,2438.6,475.765
2026-09-10 23:57:00,2438.6,2438.61,2437.13,2438.27,267.7796
2026-09-11 00:00:00,2438.27,2441.38,2437.73,2441.24,533.2351
2026-09-11 00:03:00,2441.25,2442.95,2440.25,2441.5,307.473
2026-09-11 00:06:00,2441.49,2447.8,2441.07,2447.26,1253.5511
2026-09-11 00:09:00,2447.26,2449.39,2446.98,2448.28,355.1759
2026-09-11 00:12:00,2448.28,2450.44,2447.9,2448.75,589.4822
2026-09-11 00:15:00,2448.76,2450.39,2448.45,2449.89,261.5384
2026-09-11 00:18:00,2449.83,2449.89,2447.35,2447.74,230.9184
2026-09-11 00:21:00,2447.74,2454.05,2447.74,2452.69,716.7794
2026-09-11 00:24:00,2452.69,2452.69,2450.39,2451.38,363.8625
2026-09-11 00:27:00,2451.38,2452.43,2450.95,2451.91,332.1741
2026-09-11 00:30:00,2451.91,2451.92,2445.57,2446.56,338.4339
2026-09-11 00:33:00,2446.55,2450.97,2446.4,2449.81,931.512
2026-09-11 00:36:00,2449.8,2451.98,2449.72,2451.98,251.3085
2026-09-11 00:39:00,2451.98,2451.98,2450.26,2451.25,347.903
2026-09-11 00:42:00,2451.25,2453.27,2450.65,2450.65,315.6928
2026-09-11 00:45:00,2450.65,2451.78,2450.54,2451.35,241.9097
2026-09-11 00:48:00,2451.35,2452.98,2451.35,2452.98,153.8931
2026-09-11 00:51:00,2452.98,2456.17,2452.98,2456.1,426.5528
2026-09-11 00:54:00,2456.11,2458.62,2455.87,2457.73,641.929
2026-09-11 00:57:00,2457.72,2457.72,2455.61,2456.81,166.7835
2026-09-11 01:00:00,2456.81,2459.05,2455.98,2458.86,349.1534
2026-09-11 01:03:00,2458.86,2460.29,2457.76,2457.76,292.5105
2026-09-11 01:06:00,2457.77,2459.49,2457.76,2458.25,388.4128
2026-09-11 01:09:00,2458.25,2460.06,2457.61,2458.97,923.4861
2026-09-11 01:12:00,2458.97,2459.15,2456.0,2456.04,753.1308
2026-09-11 01:15:00,2456.04,2456.3,2454.82,2456.29,472.2763
2026-09-11 01:18:00,2456.3,2458.08,2455.55,2458.08,494.7669
2026-09-11 01:21:00,2458.07,2458.08,2452.25,2453.52,1039.2949
2026-09-11 01:24:00,2453.52,2455.66,2453.52,2454.24,243.7254
2026-09-11 01:27:00,2454.24,2454.24,2450.57,2450.57,281.3886
2026-09-11 01:30:00,2450.57,2451.1,2448.37,2448.69,745.0277
2026-09-11 01:33:00,2448.69,2453.58,2446.66,2453.58,752.0797
2026-09-11 01:36:00,2453.57,2454.58,2450.24,2450.24,401.495
2026-09-11 01:39:00,2450.24,2450.24,2446.52,2446.95,276.4171
2026-09-11 01:42:00,2446.95,2452.16,2446.95,2452.15,229.186
2026-09-11 01:45:00,2452.15,2452.16,2449.22,2450.84,356.7754
2026-09-11 01:48:00,2450.84,2452.92,2450.84,2452.86,185.7538
2026-09-11 01:51:00,2452.87,2453.71,2452.36,2453.31,123.7579
2026-09-11 01:54:00,2453.3,2454.57,2452.25,2454.28,538.2462
2026-09-11 01:57:00,2454.28,2454.42,2452.7,2454.41,178.4789
2026-09-11 02:00:00,2454.41,2454.58,2452.19,2452.2,217.3061
2026-09-11 02:03:00,2452.2,2455.25,2451.56,2454.67,345.0783
2026-09-11 02:06:00,2454.67,2454.67,2451.33,2453.92,165.6573
2026-09-11 02:09:00,2453.92,2453.93,2452.0,2452.55,156.8036
2026-09-11 02:12:00,2452.55,2455.25,2452.55,2454.35,451.5275
2026-09-11 02:15:00,2454.34,2454.35,2450.97,2450.97,402.6999
2026-09-11 02:18:00,2450.97,2451.23,2449.7,2450.36,431.3187
2026-09-11 02:21:00,2450.36,2451.34,2449.47,2449.47,405.4977
2026-09-11 02:24:00,2449.47,2449.48,2446.0,2446.1,488.7006
2026-09-11 02:27:00,2446.1,2447.99,2445.72,2447.07,304.5751
2026-09-11 02:30:00,2447.07,2447.58,2446.24,2446.55,392.1192
2026-09-11 02:33:00,2446.54,2446.68,2445.64,2446.4,487.9691
2026-09-11 02:36:00,2446.4,2449.95,2446.29,2449.79,519.1286
2026-09-11 02:39:00,2449.78,2450.03,2449.07,2449.68,358.2477
2026-09-11 02:42:00,2449.68,2450.0,2448.32,2448.51,507.6274
2026-09-11 02:45:00,2448.51,2450.0,2447.46,2449.28,453.4741
2026-09-11 02:48:00,2449.28,2450.87,2448.75,2450.21,569.0268
2026-09-11 02:51:00,2450.21,2450.41,2445.67,2446.18,638.704
2026-09-11 02:54:00,2446.18,2447.97,2444.61,2447.26,788.3772
2026-09-11 02:57:00,2447.26,2447.63,2446.28,2446.91,505.9966
2026-09-11 03:00:00,2446.91,2447.53,2446.07,2447.1,449.3132
2026-09-11 03:03:00,2447.08,2447.15,2443.13,2443.13,441.2085
2026-09-11 03:06:00,2443.13,2443.7,2441.74,2442.08,696.2101
2026-09-11 03:09:00,2442.08,2443.9,2441.64,2442.05,488.2967
2026-09-11 03:12:00,2442.05,2448.0,2441.34,2447.88,809.0326
2026-09-11 03:15:00,2447.88,2448.57,2444.01,2445.13,758.9949
2026-09-11 03:18:00,2445.13,2446.82,2445.13,2446.53,427.9192
2026-09-11 03:21:00,2446.53,2446.53,2442.84,2442.84,826.3621
2026-09-11 03:24:00,2442.84,2443.77,2441.43,2442.69,557.3426
2026-09-11 03:27:00,2442.69,2444.37,2442.48,2443.19,432.0416
2026-09-11 03:30:00,2443.18,2443.45,2440.56,2441.48,571.8051
2026-09-11 03:33:00,2441.48,2442.6,2440.19,2442.1,630.115
2026-09-11 03:36:00,2442.1,2446.42,2442.1,2446.35,558.5844
2026-09-11 03:39:00,2446.36,2447.07,2445.76,2446.61,594.1802
2026-09-11 03:42:00,2446.62,2447.11,2445.67,2447.05,733.7292
2026-09-11 03:45:00,2447.05,2447.06,2444.48,2444.48,509.5983
2026-09-11 03:48:00,2444.48,2444.89,2443.11,2443.46,646.6876
2026-09-11 03:51:00,2443.46,2444.49,2442.86,2444.22,689.001
2026-09-11 03:54:00,2444.22,2445.89,2443.62,2445.88,530.2417
2026-09-11 03:57:00,2445.88,2447.27,2445.12,2447.27,404.2923
2026-09-11 04:00:00,2447.27,2449.41,2446.24,2446.66,558.9753
2026-09-11 04:03:00,2446.67,2450.0,2446.58,2449.82,603.6808
2026-09-11 04:06:00,2449.82,2451.27,2449.44,2450.54,775.2671
2026-09-11 04:09:00,2450.54,2451.38,2447.9,2449.44,850.7348
2026-09-11 04:12:00,2449.44,2450.59,2448.73,2450.09,448.2241
2026-09-11 04:15:00,2450.09,2451.83,2449.08,2450.36,917.5581
2026-09-11 04:18:00,2450.36,2452.76,2450.36,2452.75,568.0924
2026-09-11 04:21:00,2452.75,2454.52,2451.71,2453.8,945.7792
2026-09-11 04:24:00,2453.8,2460.67,2453.69,2459.29,1712.9711
2026-09-11 04:27:00,2459.29,2462.35,2459.29,2461.99,1426.6682
2026-09-11 04:30:00,2462.0,2464.23,2462.0,2462.04,1086.0245
2026-09-11 04:33:00,2462.04,2462.09,2459.66,2460.08,692.5008
2026-09-11 04:36:00,2460.07,2461.44,2458.62,2458.74,1100.7265
2026-09-11 04:39:00,2458.73,2460.0,2458.73,2459.88,694.6656
2026-09-11 04:42:00,2459.88,2460.63,2456.27,2457.44,1015.2067
2026-09-11 04:45:00,2457.44,2457.91,2456.75,2457.39,549.3575
2026-09-11 04:48:00,2457.39,2458.95,2457.24,2458.94,902.1935
2026-09-11 04:51:00,2458.94,2459.35,2458.68,2459.01,650.3188
2026-09-11 04:54:00,2459.0,2460.0,2458.68,2459.99,647.3819
2026-09-11 04:57:00,2459.99,2460.29,2458.95,2459.05,462.7546
2026-09-11 05:00:00,2459.06,2459.64,2457.63,2457.95,349.1273
2026-09-11 05:03:00,2457.95,2459.1,2457.75,2459.1,362.4491
2026-09-11 05:06:00,2459.09,2460.36,2458.62,2458.93,308.9793
2026-09-11 05:09:00,2458.94,2461.32,2458.55,2461.32,591.9578
2026-09-11 05:12:00,2461.32,2462.31,2458.25,2461.44,1083.0577
2026-09-11 05:15:00,2461.44,2461.53,2459.7,2460.04,483.4261
2026-09-11 05:18:00,2460.03,2461.18,2459.88,2460.28,214.2594
2026-09-11 05:21:00,2460.29,2460.34,2458.26,2459.46,603.0485
2026-09-11 05:24:00,2459.45,2459.74,2457.54,2458.2,328.4198
2026-09-11 05:27:00,2458.21,2460.11,2457.8,2459.01,700.9797
2026-09-11 05:30:00,2459.01,2461.14,2458.5,2458.63,576.8681
2026-09-11 05:33:00,2458.63,2461.14,2458.5,2461.14,218.8903
2026-09-11 05:36:00,2461.14,2462.99,2461.13,2462.01,319.739
2026-09-11 05:39:00,2462.0,2463.72,2461.66,2463.37,755.8548
2026-09-11 05:42:00,2463.38,2465.49,2462.69,2465.49,373.7577
2026-09-11 05:45:00,2465.48,2466.34,2463.85,2466.33,464.8545
2026-09-11 05:48:00,2466.33,2466.83,2465.41,2466.25,378.3179
2026-09-11 05:51:00,2466.26,2466.96,2465.35,2466.26,270.1525
2026-09-11 05:54:00,2466.26,2467.64,2466.25,2466.94,472.8844
2026-09-11 05:57:00,2466.93,2468.85,2466.77,2468.84,474.57
2026-09-11 06:00:00,2468.84,2469.12,2467.35,2468.89,481.8038
2026-09-11 06:03:00,2468.89,2468.9,2466.93,2466.93,224.365
2026-09-11 06:06:00,2466.93,2469.81,2466.84,2469.56,358.1674
2026-09-11 06:09:00,2469.56,2470.0,2468.0,2469.54,247.8288
2026-09-11 06:12:00,2469.54,2471.26,2468.74,2470.2,1349.2263
2026-09-11 06:15:00,2470.2,2470.81,2469.34,2469.35,341.2813
2026-09-11 06:18:00,2469.34,2469.61,2467.49,2468.24,364.2426
2026-09-11 06:21:00,2468.25,2468.63,2466.55,2466.67,895.5126
2026-09-11 06:24:00,2466.67,2466.78,2466.06,2466.33,175.5174
2026-09-11 06:27:00,2466.34,2467.52,2465.67,2466.84,493.9886
2026-09-11 06:30:00,2466.85,2466.86,2464.49,2464.49,877.557
2026-09-11 06:33:00,2464.5,2465.42,2463.55,2465.42,441.3505
2026-09-11 06:36:00,2465.42,2466.66,2465.39,2466.66,178.8867
2026-09-11 06:39:00,2466.65,2466.91,2465.77,2465.78,58.6556
2026-09-11 06:42:00,2465.78,2466.5,2465.76,2466.5,120.1169
2026-09-11 06:45:00,2466.5,2467.18,2466.37,2467.15,94.9629
2026-09-11 06:48:00,2467.14,2467.84,2467.04,2467.04,399.8013
2026-09-11 06:51:00,2467.04,2467.72,2466.99,2467.13,73.7536
2026-09-11 06:54:00,2467.13,2467.52,2467.12,2467.51,41.3141
2026-09-11 06:57:00,2467.51,2467.52,2467.03,2467.03,95.4922
2026-09-11 07:00:00,2467.04,2467.04,2466.36,2466.83,91.8584
2026-09-11 07:03:00,2466.82,2468.51,2466.57,2468.33,252.3366
2026-09-11 07:06:00,2468.34,2470.0,2468.33,2469.9,196.4115
2026-09-11 07:09:00,2469.9,2470.93,2469.21,2469.71,392.0131
2026-09-11 07:12:00,2469.71,2470.36,2468.64,2468.65,506.2512
2026-09-11 07:15:00,2468.65,2469.46,2468.64,2469.45,104.4658
2026-09-11 07:18:00,2469.45,2470.0,2469.23,2469.74,134.1994
2026-09-11 07:21:00,2469.74,2471.25,2469.57,2471.24,375.3477
2026-09-11 07:24:00,2471.25,2473.52,2469.31,2469.61,2518.4273
2026-09-11 07:27:00,2469.63,2470.08,2468.97,2469.24,374.3971
2026-09-11 07:30:00,2469.23,2469.71,2467.34,2467.76,649.3616
2026-09-11 07:33:00,2467.76,2471.33,2467.0,2468.52,992.5969
2026-09-11 07:36:00,2468.52,2469.29,2467.91,2467.91,407.2899
2026-09-11 07:39:00,2467.92,2468.46,2467.72,2468.29,544.1547
2026-09-11 07:42:00,2468.29,2468.29,2467.64,2467.72,502.1
2026-09-11 07:45:00,2467.73,2467.73,2467.0,2467.45,331.6454
2026-09-11 07:48:00,2467.45,2467.57,2467.19,2467.56,270.5025
2026-09-11 07:51:00,2467.57,2467.64,2466.41,2466.47,936.9148
2026-09-11 07:54:00,2466.47,2468.97,2466.28,2468.97,827.9462
2026-09-11 07:57:00,2468.97,2468.97,2467.14,2467.52,776.0535
2026-09-11 08:00:00,2467.53,2469.04,2467.2,2467.52,1047.0385
2026-09-11 08:03:00,2467.51,2467.52,2465.37,2465.37,238.278
2026-09-11 08:06:00,2465.38,2466.16,2465.24,2465.27,139.5119
2026-09-11 08:09:00,2465.28,2465.61,2463.58,2464.15,545.7182
2026-09-11 08:12:00,2464.15,2465.91,2464.14,2465.37,242.2346
2026-09-11 08:15:00,2465.37,2467.94,2465.37,2467.94,191.1609
2026-09-11 08:18:00,2467.94,2468.28,2467.02,2467.67,198.751
2026-09-11 08:21:00,2467.67,2469.04,2467.66,2469.03,126.5227
2026-09-11 08:24:00,2469.03,2477.0,2469.03,2472.06,2519.3562
2026-09-11 08:27:00,2472.03,2475.15,2471.68,2474.52,430.9589
2026-09-11 08:30:00,2474.51,2484.62,2474.47,2481.27,4773.5411
2026-09-11 08:33:00,2481.26,2481.26,2477.41,2478.35,584.6883
2026-09-11 08:36:00,2478.36,2479.2,2477.48,2478.57,314.8549
2026-09-11 08:39:00,2478.57,2479.44,2477.81,2479.44,195.2233
2026-09-11 08:42:00,2479.43,2479.43,2478.05,2478.29,194.4941
2026-09-11 08:45:00,2478.28,2479.31,2477.27,2477.27,354.2819
2026-09-11 08:48:00,2477.27,2477.28,2475.26,2476.85,340.2742
2026-09-11 08:51:00,2476.84,2477.55,2476.83,2477.54,241.295
2026-09-11 08:54:00,2477.54,2477.55,2476.02,2476.66,145.7643
2026-09-11 08:57:00,2476.66,2476.97,2476.65,2476.72,143.9081
2026-09-11 09:00:00,2476.71,2477.68,2476.16,2476.17,334.7666
2026-09-11 09:03:00,2476.18,2476.27,2475.56,2475.6,338.3532
2026-09-11 09:06:00,2475.6,2475.6,2474.21,2474.34,764.5559
2026-09-11 09:09:00,2474.34,2474.35,2473.89,2474.18,245.828
2026-09-11 09:12:00,2474.17,2474.99,2473.81,2473.98,520.8895
2026-09-11 09:15:00,2473.98,2474.47,2473.9,2474.47,137.1754
2026-09-11 09:18:00,2474.46,2475.22,2473.91,2474.71,344.3517
2026-09-11 09:21:00,2474.72,2474.72,2473.74,2473.75,202.3298
2026-09-11 09:24:00,2473.74,2473.75,2472.94,2473.56,546.939
2026-09-11 09:27:00,2473.56,2473.93,2472.95,2472.95,352.9856
2026-09-11 09:30:00,2472.95,2473.82,2472.94,2473.82,238.3342
2026-09-11 09:33:00,2473.82,2473.82,2468.45,2468.7,628.1901
2026-09-11 09:36:00,2468.7,2468.88,2464.38,2465.27,646.7617
2026-09-11 09:39:00,2465.27,2466.28,2462.08,2462.58,324.7372
2026-09-11 09:42:00,2462.59,2466.27,2462.59,2465.81,325.7744
2026-09-11 09:45:00,2465.82,2468.05,2465.82,2468.05,375.4333
2026-09-11 09:48:00,2468.05,2468.05,2466.67,2467.37,409.8451
2026-09-11 09:51:00,2467.37,2469.85,2467.37,2469.61,218.7631
2026-09-11 09:54:00,2469.6,2470.22,2468.76,2469.31,251.9667
2026-09-11 09:57:00,2469.3,2470.52,2469.06,2469.52,198.526
2026-09-11 10:00:00,2469.52,2471.45,2465.61,2471.44,396.0888
2026-09-11 10:03:00,2471.44,2475.27,2471.02,2472.7,555.1627
2026-09-11 10:06:00,2472.69,2473.15,2472.2,2472.31,337.639
2026-09-11 10:09:00,2472.31,2472.55,2468.61,2469.16,513.1958
2026-09-11 10:12:00,2469.16,2469.7,2465.83,2468.01,777.7392
2026-09-11 10:15:00,2468.01,2468.57,2466.83,2468.56,244.8752
2026-09-11 10:18:00,2468.56,2469.48,2466.15,2467.59,497.2456
2026-09-11 10:21:00,2467.59,2468.0,2466.99,2466.99,231.3573
2026-09-11 10:24:00,2467.0,2467.26,2465.88,2465.88,213.3925
2026-09-11 10:27:00,2465.89,2465.89,2464.56,2465.18,285.2151
2026-09-11 10:30:00,2465.18,2465.18,2462.7,2463.64,407.3613
2026-09-11 10:33:00,2463.65,2466.29,2463.65,2466.28,360.4179
2026-09-11 10:36:00,2466.28,2466.29,2464.56,2465.81,381.9797
2026-09-11 10:39:00,2465.8,2465.98,2463.96,2464.3,300.4855
2026-09-11 10:42:00,2464.29,2464.67,2463.23,2464.06,318.2028
2026-09-11 10:45:00,2464.06,2465.51,2464.06,2464.59,89.2588
2026-09-11 10:48:00,2464.59,2464.7,2463.59,2463.71,165.7423
2026-09-11 10:51:00,2463.7,2465.26,2463.7,2464.21,340.7241
2026-09-11 10:54:00,2464.21,2464.53,2464.13,2464.52,175.5535
2026-09-11 10:57:00,2464.52,2464.52,2462.14,2462.14,198.2026
2026-09-11 11:00:00,2462.14,2462.19,2459.0,2459.01,876.3725
2026-09-11 11:03:00,2459.0,2459.01,2456.3,2458.22,918.2812
2026-09-11 11:06:00,2458.23,2459.34,2453.58,2453.64,1267.3162
2026-09-11 11:09:00,2453.64,2454.8,2452.56,2453.05,548.479
2026-09-11 11:12:00,2453.06,2455.37,2453.06,2453.93,517.386
2026-09-11 11:15:00,2453.93,2455.89,2453.04,2455.36,1043.3351
2026-09-11 11:18:00,2455.36,2456.61,2454.89,2454.89,355.6359
2026-09-11 11:21:00,2454.9,2455.89,2453.29,2455.87,373.3516
2026-09-11 11:24:00,2455.87,2459.29,2455.2,2458.45,401.9907
2026-09-11 11:27:00,2458.45,2458.45,2456.14,2456.15,114.8059
2026-09-11 11:30:00,2456.15,2456.16,2455.0,2455.08,226.3726
2026-09-11 11:33:00,2455.09,2456.53,2454.45,2454.86,298.9269
2026-09-11 11:36:00,2454.87,2457.66,2454.86,2457.25,124.4454
2026-09-11 11:39:00,2457.24,2459.29,2455.92,2459.28,117.8044
2026-09-11 11:42:00,2459.28,2459.28,2458.18,2459.13,95.9613
2026-09-11 11:45:00,2459.14,2460.36,2458.27,2458.32,458.9832
2026-09-11 11:48:00,2458.32,2458.61,2456.13,2456.13,145.3179
2026-09-11 11:51:00,2456.12,2458.97,2456.12,2458.32,189.1069
2026-09-11 11:54:00,2458.32,2458.33,2456.86,2457.85,388.2967
2026-09-11 11:57:00,2457.85,2458.69,2456.93,2458.27,584.489
2026-09-11 12:00:00,2458.27,2460.37,2457.15,2460.36,492.1528
2026-09-11 12:03:00,2460.37,2460.37,2455.43,2455.76,739.0993
2026-09-11 12:06:00,2455.75,2455.87,2452.04,2452.54,541.7042
2026-09-11 12:09:00,2452.53,2454.55,2450.93,2453.49,857.5518
2026-09-11 12:12:00,2453.48,2454.97,2451.28,2452.47,278.4892
2026-09-11 12:15:00,2452.47,2456.72,2451.4,2456.57,632.4888
2026-09-11 12:18:00,2456.58,2458.51,2454.53,2457.29,501.9237
2026-09-11 12:21:00,2457.28,2459.06,2456.85,2457.64,520.6599
2026-09-11 12:24:00,2457.64,2458.09,2454.64,2457.34,536.2475
2026-09-11 12:27:00,2457.34,2478.35,2454.64,2465.63,5022.1124
2026-09-11 12:30:00,2465.52,2470.19,2433.77,2460.72,13224.0841
2026-09-11 12:33:00,2460.73,2477.76,2458.92,2474.59,7465.7212
2026-09-11 12:36:00,2474.59,2500.0,2471.89,2491.8,12827.4366
2026-09-11 12:39:00,2491.8,2504.3,2488.35,2492.36,7605.1669
2026-09-11 12:42:00,2492.35,2496.66,2486.51,2493.97,2274.7794
2026-09-11 12:45:00,2493.97,2512.0,2493.52,2509.68,6853.0007
2026-09-11 12:48:00,2509.67,2514.36,2503.63,2512.8,5937.6171
2026-09-11 12:51:00,2512.8,2515.25,2507.26,2512.67,4487.147
2026-09-11 12:54:00,2512.67,2514.36,2504.92,2505.84,2924.9498
2026-09-11 12:57:00,2505.84,2511.58,2504.22,2511.22,2674.6315
2026-09-11 13:00:00,2511.22,2511.84,2502.5,2502.89,2171.1899
2026-09-11 13:03:00,2502.89,2507.82,2500.34,2507.47,1652.9173
2026-09-11 13:06:00,2507.47,2508.67,2499.71,2499.73,1514.6297
2026-09-11 13:09:00,2499.72,2501.59,2495.59,2498.82,1886.3377
2026-09-11 13:12:00,2498.82,2502.52,2496.17,2502.15,1931.3242
2026-09-11 13:15:00,2502.15,2502.45,2498.2,2498.63,1532.8015
2026-09-11 13:18:00,2498.63,2506.17,2498.63,2502.6,3061.5344
2026-09-11 13:21:00,2502.6,2512.45,2502.59,2509.01,7686.3556
2026-09-11 13:24:00,2509.0,2509.14,2505.96,2507.29,2885.5719
2026-09-11 13:27:00,2507.29,2507.29,2501.0,2501.08,2502.1923
2026-09-11 13:30:00,2501.08,2508.18,2497.89,2497.89,1601.7929
2026-09-11 13:33:00,2497.89,2506.42,2496.08,2501.32,1608.2426
2026-09-11 13:36:00,2501.32,2502.2,2490.49,2501.54,3197.2153
2026-09-11 13:39:00,2501.54,2517.72,2501.02,2516.14,5830.6471
2026-09-11 13:42:00,2516.15,2524.99,2514.08,2524.23,11580.1797
2026-09-11 13:45:00,2524.24,2535.0,2519.36,2531.89,9049.7761
2026-09-11 13:48:00,2531.89,2587.18,2531.89,2577.84,29312.7348
2026-09-11 13:51:00,2577.84,2604.51,2576.75,2597.73,19848.5536
2026-09-11 13:54:00,2597.72,2602.54,2590.68,2598.84,6457.8291
2026-09-11 13:57:00,2598.83,2647.91,2597.0,2629.62,22611.638
2026-09-11 14:00:00,2629.63,2663.6,2624.26,2655.75,16877.8549
2026-09-11 14:03:00,2655.76,2665.99,2627.0,2634.91,13495.2918
2026-09-11 14:06:00,2634.9,2638.0,2613.96,2613.96,8465.5302
2026-09-11 14:09:00,2613.97,2622.0,2603.11,2603.12,8485.9565
2026-09-11 14:12:00,2603.12,2615.53,2598.73,2612.45,5899.0045
2026-09-11 14:15:00,2612.46,2617.03,2604.44,2609.0,5987.38
2026-09-11 14:18:00,2608.99,2619.26,2608.5,2618.16,3174.7065
2026-09-11 14:21:00,2618.16,2620.01,2610.39,2615.03,3248.5007
2026-09-11 14:24:00,2615.04,2621.45,2612.4,2617.67,7624.1054
2026-09-11 14:27:00,2617.67,2624.49,2616.5,2618.68,3023.1614
2026-09-11 14:30:00,2618.69,2620.0,2610.36,2619.47,2607.2827
2026-09-11 14:33:00,2619.46,2619.47,2606.6,2606.62,2163.3492
2026-09-11 14:36:00,2606.62,2612.53,2603.78,2608.96,2210.9438
2026-09-11 14:39:00,2608.97,2613.41,2605.67,2609.15,1706.4224
2026-09-11 14:42:00,2609.13,2609.13,2602.13,2607.81,1947.3568
2026-09-11 14:45:00,2607.83,2613.59,2604.08,2605.34,3464.676
2026-09-11 14:48:00,2605.34,2606.75,2592.92,2595.42,6857.6029
2026-09-11 14:51:00,2595.43,2604.18,2595.27,2604.17,2020.5949
2026-09-11 14:54:00,2604.17,2605.82,2602.97,2605.53,1851.0708
2026-09-11 14:57:00,2605.53,2609.79,2604.25,2607.93,1333.3246
2026-09-11 15:00:00,2607.94,2610.0,2599.59,2606.16,1703.4576
2026-09-11 15:03:00,2606.15,2608.0,2602.68,2604.08,5068.2744
2026-09-11 15:06:00,2604.08,2611.97,2603.64,2609.2,2076.8008
2026-09-11 15:09:00,2609.19,2609.86,2585.96,2604.53,4604.8384
2026-09-11 15:12:00,2604.53,2608.32,2603.04,2603.15,1506.5481
2026-09-11 15:15:00,2603.15,2610.63,2602.71,2610.0,1537.4288
2026-09-11 15:18:00,2609.99,2617.03,2608.93,2615.71,5249.2756
2026-09-11 15:21:00,2615.7,2616.24,2610.42,2615.34,1909.382
2026-09-11 15:24:00,2615.34,2615.71,2611.53,2614.04,1066.1379
2026-09-11 15:27:00,2614.03,2615.0,2611.43,2611.43,1469.6569
2026-09-11 15:30:00,2611.43,2613.32,2608.5,2611.48,1272.6815
2026-09-11 15:33:00,2611.47,2615.72,2611.32,2613.91,685.5959
2026-09-11 15:36:00,2613.91,2614.28,2607.52,2612.7,1240.8627
2026-09-11 15:39:00,2612.69,2614.61,2611.04,2613.39,1613.7284
2026-09-11 15:42:00,2613.38,2613.38,2608.15,2608.39,1089.7892
2026-09-11 15:45:00,2608.38,2610.85,2606.94,2609.88,1897.3588
2026-09-11 15:48:00,2609.88,2609.88,2604.99,2605.43,1407.2655
2026-09-11 15:51:00,2605.43,2605.65,2566.69,2567.95,12812.3848
2026-09-11 15:54:00,2567.95,2571.74,2544.03,2557.72,11631.1356
2026-09-11 15:57:00,2557.71,2565.69,2553.72,2559.42,3778.9056
2026-09-11 16:00:00,2559.43,2575.05,2557.56,2571.6,4576.6434
2026-09-11 16:03:00,2571.59,2575.74,2564.18,2574.84,1662.396
2026-09-11 16:06:00,2574.85,2577.75,2566.25,2570.76,1735.4452
2026-09-11 16:09:00,2570.76,2574.69,2564.95,2567.43,1860.6589
2026-09-11 16:12:00,2567.43,2567.76,2560.37,2560.8,2259.3785
2026-09-11 16:15:00,2560.79,2565.84,2557.76,2558.2,1884.6938
2026-09-11 16:18:00,2558.21,2558.21,2546.82,2547.94,4709.7887
2026-09-11 16:21:00,2547.95,2554.71,2544.0,2552.88,2183.1258
2026-09-11 16:24:00,2552.88,2563.62,2550.09,2562.79,2050.7666
2026-09-11 16:27:00,2562.78,2568.0,2560.56,2564.69,1213.9561
2026-09-11 16:30:00,2564.7,2567.14,2559.88,2561.08,1694.6308
2026-09-11 16:33:00,2561.09,2572.33,2561.09,2568.61,1988.6816
2026-09-11 16:36:00,2568.62,2570.4,2564.35,2564.97,1537.647
2026-09-11 16:39:00,2564.98,2570.0,2564.35,2569.74,671.8929
2026-09-11 16:42:00,2569.75,2571.55,2569.44,2571.42,1047.7305
2026-09-11 16:45:00,2571.42,2583.86,2570.24,2580.46,4344.4228
2026-09-11 16:48:00,2580.47,2582.88,2576.86,2578.95,1401.9467
2026-09-11 16:51:00,2578.95,2581.27,2576.87,2579.01,550.3283
2026-09-11 16:54:00,2579.0,2581.78,2577.32,2577.79,1051.4762
2026-09-11 16:57:00,2577.79,2579.47,2575.22,2577.78,966.1271
2026-09-11 17:00:00,2577.78,2580.2,2574.64,2578.29,1174.743
2026-09-11 17:03:00,2578.29,2579.87,2576.47,2577.3,716.8065
2026-09-11 17:06:00,2577.29,2582.01,2576.55,2578.27,880.5981
2026-09-11 17:09:00,2578.26,2578.41,2572.67,2573.49,700.9208
2026-09-11 17:12:00,2573.49,2575.43,2570.47,2570.65,667.657
2026-09-11 17:15:00,2570.65,2579.08,2570.65,2576.02,870.2229
2026-09-11 17:18:00,2576.01,2579.91,2574.38,2576.4,698.6231
2026-09-11 17:21:00,2576.41,2577.01,2570.87,2577.0,820.5304
2026-09-11 17:24:00,2577.01,2578.9,2575.76,2578.66,497.9963
2026-09-11 17:27:00,2578.65,2579.0,2575.91,2576.03,388.8776
2026-09-11 17:30:00,2576.04,2579.41,2575.07,2576.19,446.1727
2026-09-11 17:33:00,2576.19,2577.97,2574.48,2574.48,340.7605
2026-09-11 17:36:00,2574.47,2574.48,2568.42,2568.88,1958.4831
2026-09-11 17:39:00,2568.88,2569.57,2567.48,2568.43,1071.3746
2026-09-11 17:42:00,2568.44,2571.43,2566.32,2569.18,901.8794
2026-09-11 17:45:00,2569.18,2571.25,2568.78,2570.1,529.3104
2026-09-11 17:48:00,2570.11,2572.99,2568.76,2569.32,314.2311
2026-09-11 17:51:00,2569.31,2570.0,2566.32,2566.51,482.5581
2026-09-11 17:54:00,2566.51,2567.66,2563.08,2566.89,790.3285
2026-09-11 17:57:00,2566.9,2569.97,2566.42,2566.72,401.9055
2026-09-11 18:00:00,2566.72,2568.37,2558.75,2559.6,995.6153
2026-09-11 18:03:00,2559.59,2559.59,2536.33,2539.31,5475.33
2026-09-11 18:06:00,2539.32,2547.57,2529.0,2544.66,4896.3214
2026-09-11 18:09:00,2544.66,2545.36,2535.0,2542.11,1571.2915
2026-09-11 18:12:00,2542.11,2542.12,2534.85,2539.68,1547.2712
2026-09-11 18:15:00,2539.67,2546.37,2536.32,2546.0,953.2701
2026-09-11 18:18:00,2546.01,2549.39,2542.76,2545.96,1460.1043
2026-09-11 18:21:00,2545.97,2548.02,2544.52,2545.08,606.768
2026-09-11 18:24:00,2545.07,2545.08,2540.61,2542.89,907.1598
2026-09-11 18:27:00,2542.9,2544.59,2538.25,2544.54,806.1025
2026-09-11 18:30:00,2544.53,2545.09,2541.03,2541.87,552.5306
2026-09-11 18:33:00,2541.88,2546.9,2541.23,2543.11,662.4827
2026-09-11 18:36:00,2543.11,2548.42,2542.7,2544.08,668.5327
2026-09-11 18:39:00,2544.08,2548.11,2541.76,2543.04,487.579
2026-09-11 18:42:00,2543.04,2545.3,2540.6,2541.78,403.4259
2026-09-11 18:45:00,2541.77,2550.53,2540.52,2540.53,1700.8393
2026-09-11 18:48:00,2540.52,2546.02,2538.9,2539.92,932.8967
2026-09-11 18:51:00,2539.93,2540.12,2533.52,2535.09,1125.4934
2026-09-11 18:54:00,2535.09,2535.22,2530.63,2535.15,2080.8956
2026-09-11 18:57:00,2535.16,2537.69,2534.81,2537.3,340.0065
2026-09-11 19:00:00,2537.31,2537.94,2532.94,2537.49,463.9234
2026-09-11 19:03:00,2537.5,2544.06,2536.07,2543.81,1042.1035
2026-09-11 19:06:00,2543.82,2546.62,2542.15,2546.37,568.485
2026-09-11 19:09:00,2546.36,2547.4,2542.61,2545.89,536.7321
2026-09-11 19:12:00,2545.89,2546.59,2544.54,2545.37,544.7336
2026-09-11 19:15:00,2545.37,2545.65,2538.13,2541.48,1317.7206
2026-09-11 19:18:00,2541.49,2543.33,2539.29,2539.85,333.9695
2026-09-11 19:21:00,2539.85,2543.1,2539.52,2542.87,220.7084
2026-09-11 19:24:00,2542.87,2547.87,2542.87,2547.57,556.5487
2026-09-11 19:27:00,2547.58,2548.34,2545.57,2545.75,295.7632
2026-09-11 19:30:00,2545.75,2547.13,2545.28,2546.72,440.5335
2026-09-11 19:33:00,2546.72,2546.97,2544.94,2546.49,452.9061
2026-09-11 19:36:00,2546.49,2547.23,2541.7,2542.14,882.4446
2026-09-11 19:39:00,2542.15,2546.69,2542.14,2543.98,389.3693
2026-09-11 19:42:00,2543.98,2544.39,2542.56,2543.79,280.444
2026-09-11 19:45:00,2543.78,2544.1,2540.05,2541.37,384.9791
2026-09-11 19:48:00,2541.37,2542.24,2539.07,2541.69,300.0951
2026-09-11 19:51:00,2541.69,2543.09,2539.84,2539.85,415.0331
2026-09-11 19:54:00,2539.86,2542.41,2539.43,2540.96,312.6499
2026-09-11 19:57:00,2540.96,2540.96,2538.1,2539.49,1222.2832
2026-09-11 20:00:00,2539.49,2543.7,2537.62,2543.26,548.5862
2026-09-11 20:03:00,2543.27,2546.05,2542.74,2545.65,442.6948
2026-09-11 20:06:00,2545.54,2546.24,2544.17,2544.18,456.71
2026-09-11 20:09:00,2544.17,2547.95,2542.01,2546.71,462.2227
2026-09-11 20:12:00,2546.72,2547.3,2544.64,2544.71,176.979
2026-09-11 20:15:00,2544.71,2544.71,2542.5,2542.5,210.9015
2026-09-11 20:18:00,2542.5,2542.5,2538.0,2538.34,696.3401
2026-09-11 20:21:00,2538.35,2540.49,2538.35,2539.38,234.2986
2026-09-11 20:24:00,2539.38,2541.62,2538.94,2539.83,363.9116
2026-09-11 20:27:00,2539.83,2539.85,2535.53,2536.69,517.6489
2026-09-11 20:30:00,2536.69,2536.69,2525.0,2528.16,2751.0569
2026-09-11 20:33:00,2528.17,2534.08,2528.17,2533.92,1662.2884
2026-09-11 20:36:00,2533.91,2537.94,2533.13,2537.94,529.5519
2026-09-11 20:39:00,2537.95,2541.66,2536.43,2536.7,1284.0071
2026-09-11 20:42:00,2536.7,2537.89,2536.35,2537.14,165.5716
2026-09-11 20:45:00,2537.14,2537.75,2532.97,2532.98,496.282
2026-09-11 20:48:00,2532.98,2532.98,2526.2,2527.26,820.2346
2026-09-11 20:51:00,2527.26,2531.18,2523.15,2528.71,1504.9571
2026-09-11 20:54:00,2528.71,2529.61,2526.77,2527.97,329.2571
2026-09-11 20:57:00,2527.98,2531.74,2526.69,2530.85,474.4276
2026-09-11 21:00:00,2530.85,2532.55,2530.7,2532.47,199.2144
2026-09-11 21:03:00,2532.47,2532.69,2531.32,2532.0,183.1308
2026-09-11 21:06:00,2532.0,2538.46,2531.53,2536.15,720.068
2026-09-11 21:09:00,2536.15,2540.63,2536.15,2540.62,635.6499
2026-09-11 21:12:00,2540.62,2540.62,2537.13,2539.23,264.0945
2026-09-11 21:15:00,2539.23,2540.34,2538.7,2539.63,572.2008
2026-09-11 21:18:00,2539.63,2539.64,2538.83,2539.3,86.066
2026-09-11 21:21:00,2539.31,2539.54,2537.32,2537.32,196.0689
2026-09-11 21:24:00,2537.32,2538.3,2536.49,2537.81,286.6415
2026-09-11 21:27:00,2537.81,2537.82,2535.94,2536.05,234.4881
2026-09-11 21:30:00,2536.04,2536.04,2534.19,2535.54,216.6843
2026-09-11 21:33:00,2535.53,2538.43,2535.36,2535.93,233.3397
2026-09-11 21:36:00,2535.92,2537.8,2535.23,2537.7,163.3639
2026-09-11 21:39:00,2537.7,2538.11,2535.26,2536.94,112.8777
2026-09-11 21:42:00,2536.94,2536.94,2534.35,2535.23,149.8855
2026-09-11 21:45:00,2535.23,2535.59,2532.09,2532.84,182.2341
2026-09-11 21:48:00,2532.84,2532.85,2528.61,2528.62,428.6303
2026-09-11 21:51:00,2528.61,2530.65,2522.62,2524.53,660.7734
2026-09-11 21:54:00,2524.54,2525.18,2514.4,2516.67,2457.2807
2026-09-11 21:57:00,2516.67,2518.9,2513.46,2516.69,1131.7006
2026-09-11 22:00:00,2516.68,2516.68,2506.3,2508.93,2559.6546
2026-09-11 22:03:00,2508.94,2520.41,2508.94,2515.62,1311.4937
2026-09-11 22:06:00,2515.63,2515.83,2512.79,2512.94,333.1804
2026-09-11 22:09:00,2512.94,2518.92,2510.28,2518.03,982.8387
2026-09-11 22:12:00,2518.03,2520.17,2518.0,2520.16,316.2637
2026-09-11 22:15:00,2520.16,2521.07,2516.78,2520.33,613.3674
2026-09-11 22:18:00,2520.33,2520.58,2519.11,2519.11,188.8912
2026-09-11 22:21:00,2519.11,2522.47,2519.0,2521.67,466.7391
2026-09-11 22:24:00,2521.68,2523.62,2521.25,2523.62,567.0124
2026-09-11 22:27:00,2523.61,2523.74,2517.01,2518.23,806.6301
2026-09-11 22:30:00,2518.22,2519.33,2516.32,2516.33,571.6387
2026-09-11 22:33:00,2516.32,2516.48,2510.4,2515.44,1319.8622
2026-09-11 22:36:00,2515.43,2520.0,2515.17,2518.89,481.3266
2026-09-11 22:39:00,2518.89,2520.88,2518.89,2520.87,190.9782
2026-09-11 22:42:00,2520.86,2523.06,2516.38,2517.31,1208.7163
2026-09-11 22:45:00,2517.3,2517.3,2515.42,2516.25,370.8302
2026-09-11 22:48:00,2516.26,2516.26,2511.39,2512.52,496.2916
2026-09-11 22:51:00,2512.51,2513.03,2506.86,2513.02,1232.5748
2026-09-11 22:54:00,2513.02,2515.9,2512.04,2513.94,781.962
2026-09-11 22:57:00,2513.94,2513.94,2508.96,2511.79,1078.8993
2026-09-11 23:00:00,2511.79,2512.51,2509.24,2511.88,730.9793
2026-09-11 23:03:00,2511.87,2514.6,2511.7,2512.88,333.6128
2026-09-11 23:06:00,2512.87,2512.87,2510.1,2511.72,626.6758
2026-09-11 23:09:00,2511.72,2515.05,2510.89,2513.48,484.8018
2026-09-11 23:12:00,2513.49,2515.05,2512.74,2512.99,494.5248
2026-09-11 23:15:00,2513.0,2515.32,2512.25,2514.85,398.7873
2026-09-11 23:18:00,2514.85,2515.31,2513.15,2514.37,323.5341
2026-09-11 23:21:00,2514.36,2514.48,2512.43,2512.5,312.0824
2026-09-11 23:24:00,2512.5,2513.7,2509.75,2513.69,500.3679
2026-09-11 23:27:00,2513.69,2514.74,2512.06,2512.06,342.2153
2026-09-11 23:30:00,2512.06,2512.68,2511.43,2512.67,257.2305
2026-09-11 23:33:00,2512.67,2512.67,2511.2,2511.89,315.2848
2026-09-11 23:36:00,2511.89,2513.72,2511.87,2513.24,222.8192
2026-09-11 23:39:00,2513.24,2514.24,2512.87,2512.87,233.9992
2026-09-11 23:42:00,2512.87,2513.39,2511.23,2511.34,673.8858
2026-09-11 23:45:00,2511.34,2512.65,2511.33,2511.67,236.0685
2026-09-11 23:48:00,2511.66,2512.92,2511.66,2512.61,289.8309
2026-09-11 23:51:00,2512.61,2514.2,2512.61,2514.16,372.6984
2026-09-11 23:54:00,2514.15,2516.34,2514.15,2515.98,630.6299
2026-09-11 23:57:00,2515.98,2516.59,2515.34,2516.43,353.4232
2026-09-12 00:00:00,2516.44,2516.61,2513.62,2516.6,841.3704
2026-09-12 00:03:00,2516.6,2517.74,2513.7,2513.72,648.2896
2026-09-12 00:06:00,2513.72,2514.04,2511.97,2513.31,374.6866
2026-09-12 00:09:00,2513.31,2513.95,2511.61,2513.94,329.2943
2026-09-12 00:12:00,2513.95,2517.25,2513.95,2517.25,339.907
2026-09-12 00:15:00,2517.24,2517.73,2515.84,2516.42,342.5867
2026-09-12 00:18:00,2516.42,2517.0,2515.54,2516.52,386.4019
2026-09-12 00:21:00,2516.53,2516.92,2515.36,2516.41,337.8193
2026-09-12 00:24:00,2516.41,2516.68,2515.26,2515.26,292.4353
2026-09-12 00:27:00,2515.26,2516.6,2515.26,2515.48,227.832
2026-09-12 00:30:00,2515.47,2515.48,2513.6,2513.6,244.7809
2026-09-12 00:33:00,2513.6,2515.24,2512.78,2513.04,363.3629
2026-09-12 00:36:00,2513.04,2514.95,2513.04,2513.29,230.6796
2026-09-12 00:39:00,2513.29,2514.63,2513.28,2513.29,217.6668
2026-09-12 00:42:00,2513.29,2514.26,2513.24,2513.53,223.9595
2026-09-12 00:45:00,2513.53,2513.53,2512.04,2512.78,289.2853
2026-09-12 00:48:00,2512.77,2512.78,2511.67,2511.74,242.6789
2026-09-12 00:51:00,2511.73,2512.48,2510.76,2511.53,306.6056
2026-09-12 00:54:00,2511.53,2513.91,2511.53,2512.25,332.7227
2026-09-12 00:57:00,2512.25,2512.62,2510.76,2510.77,247.1001
2026-09-12 01:00:00,2510.76,2511.4,2509.4,2510.45,367.3901
2026-09-12 01:03:00,2510.44,2513.84,2510.44,2513.63,377.7405
2026-09-12 01:06:00,2513.63,2515.25,2512.99,2514.93,209.9571
2026-09-12 01:09:00,2514.94,2515.22,2514.08,2514.21,168.4364
2026-09-12 01:12:00,2514.21,2516.14,2513.9,2516.14,327.9247
2026-09-12 01:15:00,2516.13,2517.07,2515.37,2515.86,274.5532
2026-09-12 01:18:00,2515.86,2517.07,2514.61,2514.9,343.7505
2026-09-12 01:21:00,2514.9,2515.98,2514.31,2514.31,329.6897
2026-09-12 01:24:00,2514.31,2515.97,2513.37,2513.37,197.1346
2026-09-12 01:27:00,2513.37,2515.04,2512.3,2514.08,457.0656
2026-09-12 01:30:00,2514.08,2514.55,2513.1,2514.54,97.079
2026-09-12 01:33:00,2514.55,2515.7,2514.55,2514.9,116.8855
2026-09-12 01:36:00,2514.89,2515.78,2512.16,2512.17,131.5013
2026-09-12 01:39:00,2512.17,2514.59,2511.72,2513.76,251.647
2026-09-12 01:42:00,2513.77,2514.88,2512.64,2513.7,119.3067
2026-09-12 01:45:00,2513.71,2515.79,2512.98,2515.78,184.9161
2026-09-12 01:48:00,2515.78,2516.23,2515.32,2515.85,343.9519
2026-09-12 01:51:00,2515.86,2516.96,2512.81,2514.35,586.9065
2026-09-12 01:54:00,2514.34,2515.21,2514.34,2514.71,91.3699
2026-09-12 01:57:00,2514.72,2514.95,2513.7,2513.71,162.1304
2026-09-12 02:00:00,2513.71,2515.58,2513.0,2514.32,72.7227
2026-09-12 02:03:00,2514.33,2514.33,2512.64,2513.55,156.9787
2026-09-12 02:06:00,2513.55,2514.69,2513.14,2514.6,65.8224
2026-09-12 02:09:00,2514.59,2515.9,2514.11,2515.33,94.9787
2026-09-12 02:12:00,2515.33,2515.43,2513.2,2513.2,53.2449
2026-09-12 02:15:00,2513.2,2513.82,2512.81,2513.4,94.3881
2026-09-12 02:18:00,2513.41,2513.82,2513.02,2513.02,147.5392
2026-09-12 02:21:00,2513.03,2514.56,2513.02,2514.56,157.0063
2026-09-12 02:24:00,2514.56,2515.0,2513.83,2514.61,67.7364
2026-09-12 02:27:00,2514.6,2515.11,2513.6,2514.08,164.2922
2026-09-12 02:30:00,2514.08,2514.86,2513.72,2514.85,140.1739
2026-09-12 02:33:00,2514.86,2514.86,2512.52,2513.07,293.8953
2026-09-12 02:36:00,2513.07,2514.69,2512.83,2512.83,706.7076
2026-09-12 02:39:00,2512.83,2515.75,2512.83,2513.38,384.816
2026-09-12 02:42:00,2513.38,2514.15,2512.13,2513.82,276.11
2026-09-12 02:45:00,2513.81,2515.35,2512.55,2514.23,378.4133
2026-09-12 02:48:00,2514.22,2514.61,2514.22,2514.5,101.0461
2026-09-12 02:51:00,2514.5,2514.88,2512.36,2514.09,255.4238
2026-09-12 02:54:00,2514.09,2514.58,2513.52,2513.52,93.5245
2026-09-12 02:57:00,2513.52,2515.56,2512.77,2514.54,402.4547
2026-09-12 03:00:00,2514.53,2514.53,2512.01,2512.73,115.7714
2026-09-12 03:03:00,2512.74,2515.79,2512.73,2515.77,206.4707
2026-09-12 03:06:00,2515.77,2515.83,2512.22,2513.48,510.7915
2026-09-12 03:09:00,2513.48,2516.04,2513.48,2515.41,139.0635
2026-09-12 03:12:00,2515.41,2515.41,2512.79,2513.73,277.2912
2026-09-12 03:15:00,2513.73,2516.29,2512.33,2514.5,511.9433
2026-09-12 03:18:00,2514.5,2514.67,2512.19,2512.2,259.0824
2026-09-12 03:21:00,2512.21,2512.43,2509.57,2511.99,459.3172
2026-09-12 03:24:00,2511.99,2512.0,2511.28,2511.47,95.3414
2026-09-12 03:27:00,2511.46,2513.54,2511.46,2513.53,114.4026
2026-09-12 03:30:00,2513.53,2513.83,2512.57,2513.2,175.2674
2026-09-12 03:33:00,2513.2,2513.55,2512.76,2513.01,118.8758
2026-09-12 03:36:00,2513.0,2513.33,2512.67,2512.67,126.1184
2026-09-12 03:39:00,2512.68,2513.17,2512.58,2513.16,63.9727
2026-09-12 03:42:00,2513.16,2513.17,2512.04,2512.8,74.2011
2026-09-12 03:45:00,2512.8,2512.8,2511.59,2512.11,87.6022
2026-09-12 03:48:00,2512.11,2512.52,2512.09,2512.38,80.8034
2026-09-12 03:51:00,2512.38,2513.69,2512.34,2513.62,107.4219
2026-09-12 03:54:00,2513.61,2513.69,2513.21,2513.69,82.5327
2026-09-12 03:57:00,2513.69,2513.69,2513.13,2513.29,88.5567
2026-09-12 04:00:00,2513.29,2513.64,2512.44,2513.63,199.2721
2026-09-12 04:03:00,2513.63,2513.64,2512.77,2513.15,94.8841
2026-09-12 04:06:00,2513.15,2513.66,2512.91,2513.65,34.4758
2026-09-12 04:09:00,2513.65,2513.66,2512.66,2513.21,69.6732
2026-09-12 04:12:00,2513.21,2513.23,2512.77,2513.1,58.5889
2026-09-12 04:15:00,2513.1,2513.57,2511.45,2512.2,329.5624
2026-09-12 04:18:00,2512.19,2512.2,2510.0,2511.38,334.5746
2026-09-12 04:21:00,2511.37,2511.38,2510.44,2510.95,56.5984
2026-09-12 04:24:00,2510.95,2510.95,2510.7,2510.7,48.1205
2026-09-12 04:27:00,2510.71,2512.2,2510.7,2512.2,162.0821
2026-09-12 04:30:00,2512.19,2514.26,2512.19,2513.54,203.9487
2026-09-12 04:33:00,2513.53,2514.16,2513.08,2513.35,131.7454
2026-09-12 04:36:00,2513.35,2514.87,2513.34,2514.82,237.5548
2026-09-12 04:39:00,2514.81,2515.13,2514.48,2514.6,377.7097
2026-09-12 04:42:00,2514.61,2514.96,2513.08,2513.08,376.6128
2026-09-12 04:45:00,2513.08,2513.37,2512.19,2512.44,437.1432
2026-09-12 04:48:00,2512.45,2513.55,2512.13,2513.54,180.3912
2026-09-12 04:51:00,2513.55,2513.55,2513.0,2513.01,171.9839
2026-09-12 04:54:00,2513.0,2513.01,2512.5,2512.83,112.272
2026-09-12 04:57:00,2512.82,2512.95,2512.57,2512.65,139.5631
2026-09-12 05:00:00,2512.65,2512.66,2511.62,2512.06,239.5055
2026-09-12 05:03:00,2512.07,2512.71,2512.0,2512.0,208.7758
2026-09-12 05:06:00,2512.0,2512.01,2511.5,2511.95,155.4698
2026-09-12 05:09:00,2511.96,2512.17,2510.39,2511.69,254.0476
2026-09-12 05:12:00,2511.7,2512.43,2511.22,2511.23,821.1057
2026-09-12 05:15:00,2511.23,2512.0,2509.63,2511.59,892.8504
2026-09-12 05:18:00,2511.6,2512.11,2511.43,2511.96,196.6349
2026-09-12 05:21:00,2511.96,2512.68,2510.26,2511.06,505.564
2026-09-12 05:24:00,2511.07,2511.32,2510.22,2511.31,488.8387
2026-09-12 05:27:00,2511.32,2511.75,2509.51,2509.52,363.4204
2026-09-12 05:30:00,2509.51,2511.39,2508.64,2510.37,599.6758
2026-09-12 05:33:00,2510.37,2512.8,2510.3,2512.79,409.2118
2026-09-12 05:36:00,2512.8,2513.04,2511.07,2512.32,434.1643
2026-09-12 05:39:00,2512.32,2512.33,2511.13,2511.14,187.4553
2026-09-12 05:42:00,2511.13,2511.55,2511.13,2511.55,173.0309
2026-09-12 05:45:00,2511.54,2512.38,2511.54,2511.73,206.701
2026-09-12 05:48:00,2511.73,2512.28,2511.73,2512.27,172.0097
2026-09-12 05:51:00,2512.27,2512.44,2512.19,2512.33,173.8286
2026-09-12 05:54:00,2512.33,2512.42,2511.91,2512.36,207.2447
2026-09-12 05:57:00,2512.37,2512.85,2511.52,2511.7,239.3346
2026-09-12 06:00:00,2511.7,2511.99,2511.44,2511.69,280.7316
2026-09-12 06:03:00,2511.69,2511.7,2511.43,2511.43,138.8309
2026-09-12 06:06:00,2511.44,2511.44,2510.61,2511.0,330.2809
2026-09-12 06:09:00,2510.99,2511.01,2510.4,2510.47,262.8561
2026-09-12 06:12:00,2510.48,2511.45,2510.48,2510.83,437.3194
2026-09-12 06:15:00,2510.83,2512.34,2510.54,2512.34,585.3138
2026-09-12 06:18:00,2512.34,2512.89,2512.17,2512.32,130.9965
2026-09-12 06:21:00,2512.33,2512.76,2511.82,2512.29,426.1548
2026-09-12 06:24:00,2512.3,2512.88,2511.75,2512.8,360.119
2026-09-12 06:27:00,2512.8,2512.81,2512.24,2512.24,78.8681
2026-09-12 06:30:00,2512.22,2514.54,2512.22,2514.46,526.6105
2026-09-12 06:33:00,2514.46,2516.06,2513.29,2513.87,709.2341
2026-09-12 06:36:00,2513.86,2514.9,2513.86,2514.73,202.3308
2026-09-12 06:39:00,2514.73,2515.61,2514.73,2515.2,257.1907
2026-09-12 06:42:00,2515.2,2518.72,2515.19,2518.72,1068.3913
2026-09-12 06:45:00,2518.71,2522.61,2518.18,2522.09,756.6937
2026-09-12 06:48:00,2522.09,2522.68,2520.49,2520.82,1028.1374
2026-09-12 06:51:00,2520.83,2521.9,2520.44,2520.78,717.8882
2026-09-12 06:54:00,2520.77,2520.78,2518.85,2519.11,339.9259
2026-09-12 06:57:00,2519.12,2520.96,2519.1,2519.63,653.0451
2026-09-12 07:00:00,2519.63,2522.02,2519.62,2522.02,629.3686
2026-09-12 07:03:00,2522.01,2524.44,2522.01,2522.62,683.0635
2026-09-12 07:06:00,2522.62,2524.21,2521.8,2524.2,762.7194
2026-09-12 07:09:00,2524.2,2525.04,2523.33,2523.33,442.0676
2026-09-12 07:12:00,2523.34,2525.39,2523.33,2524.65,809.5553
2026-09-12 07:15:00,2524.65,2524.65,2522.39,2523.53,386.2135
2026-09-12 07:18:00,2523.54,2523.54,2522.26,2522.52,333.8029
2026-09-12 07:21:00,2522.51,2525.0,2522.51,2524.36,1596.182
2026-09-12 07:24:00,2524.37,2524.37,2523.69,2523.69,312.2597
2026-09-12 07:27:00,2523.7,2523.81,2523.07,2523.23,342.8501
2026-09-12 07:30:00,2523.23,2523.46,2522.54,2522.54,339.2224
2026-09-12 07:33:00,2522.54,2522.68,2522.25,2522.67,179.1923
2026-09-12 07:36:00,2522.68,2523.36,2522.67,2522.78,238.8605
2026-09-12 07:39:00,2522.78,2522.89,2522.0,2522.88,323.4051
2026-09-12 07:42:00,2522.89,2523.23,2522.68,2523.1,222.9273
2026-09-12 07:45:00,2523.1,2523.11,2522.07,2522.36,137.1753
2026-09-12 07:48:00,2522.36,2523.08,2522.36,2523.07,221.6305
2026-09-12 07:51:00,2523.07,2523.88,2522.83,2523.85,139.6861
2026-09-12 07:54:00,2523.86,2524.3,2523.86,2524.13,88.8156
2026-09-12 07:57:00,2524.14,2524.42,2523.5,2524.19,292.6643
2026-09-12 08:00:00,2524.19,2524.19,2523.24,2523.25,189.474
2026-09-12 08:03:00,2523.25,2525.5,2523.24,2525.5,313.7783
2026-09-12 08:06:00,2525.5,2525.5,2525.3,2525.3,82.7617
2026-09-12 08:09:00,2525.3,2528.0,2524.86,2526.33,723.4514
2026-09-12 08:12:00,2526.32,2528.34,2524.99,2525.86,281.6559
2026-09-12 08:15:00,2525.87,2528.5,2525.69,2528.11,319.8621
2026-09-12 08:18:00,2528.12,2528.12,2527.0,2527.71,164.4318
2026-09-12 08:21:00,2527.72,2529.64,2527.46,2527.52,561.4356
2026-09-12 08:24:00,2527.52,2529.15,2527.23,2527.29,318.004
2026-09-12 08:27:00,2527.29,2529.18,2526.9,2529.17,251.7662
2026-09-12 08:30:00,2529.17,2530.0,2528.24,2528.25,273.0011
2026-09-12 08:33:00,2528.25,2529.53,2527.84,2527.84,319.114
2026-09-12 08:36:00,2527.85,2533.24,2527.85,2530.71,696.1304
2026-09-12 08:39:00,2530.72,2532.2,2530.71,2531.61,359.8782
2026-09-12 08:42:00,2531.62,2533.24,2531.61,2532.85,380.0377
2026-09-12 08:45:00,2532.84,2534.73,2532.39,2534.62,529.324
2026-09-12 08:48:00,2534.62,2535.51,2534.39,2535.5,1614.1629
2026-09-12 08:51:00,2535.5,2536.33,2534.7,2536.32,616.2625
2026-09-12 08:54:00,2536.32,2536.63,2532.59,2533.63,403.2651
2026-09-12 08:57:00,2533.64,2533.64,2532.43,2533.27,198.2182
2026-09-12 09:00:00,2533.28,2535.02,2532.01,2534.88,754.8905
2026-09-12 09:03:00,2534.89,2536.88,2534.5,2535.62,371.4619
2026-09-12 09:06:00,2535.62,2535.86,2532.29,2532.73,352.1864
2026-09-12 09:09:00,2532.74,2534.45,2532.13,2534.37,423.4511
2026-09-12 09:12:00,2534.36,2535.47,2533.24,2535.24,502.2059
2026-09-12 09:15:00,2535.24,2537.0,2534.47,2534.97,606.7942
2026-09-12 09:18:00,2534.97,2536.25,2534.19,2534.2,143.997
2026-09-12 09:21:00,2534.19,2534.48,2532.64,2533.12,193.7879
2026-09-12 09:24:00,2533.13,2536.34,2533.13,2536.33,646.0107
2026-09-12 09:27:00,2536.33,2537.02,2534.68,2535.64,711.3966
2026-09-12 09:30:00,2535.64,2537.02,2534.3,2534.3,316.2651
2026-09-12 09:33:00,2534.3,2534.3,2531.78,2531.9,318.0898
2026-09-12 09:36:00,2531.91,2535.77,2531.9,2534.45,504.3929
2026-09-12 09:39:00,2534.45,2534.56,2533.7,2533.87,87.4463
2026-09-12 09:42:00,2533.86,2534.72,2531.98,2532.41,454.4609
2026-09-12 09:45:00,2532.4,2532.88,2530.71,2530.73,442.367
2026-09-12 09:48:00,2530.72,2532.71,2530.06,2530.98,536.7049
2026-09-12 09:51:00,2530.98,2530.98,2530.0,2530.2,259.2034
2026-09-12 09:54:00,2530.19,2530.94,2529.21,2530.31,442.4726
2026-09-12 09:57:00,2530.31,2530.92,2530.3,2530.91,134.5955
2026-09-12 10:00:00,2530.91,2534.62,2530.91,2534.61,321.8097
2026-09-12 10:03:00,2534.62,2534.62,2532.92,2534.0,139.7418
2026-09-12 10:06:00,2534.0,2536.12,2534.0,2534.72,335.3671
2026-09-12 10:09:00,2534.72,2534.72,2533.65,2534.49,75.8207
2026-09-12 10:12:00,2534.49,2534.49,2534.14,2534.15,51.7705
2026-09-12 10:15:00,2534.14,2534.15,2533.37,2533.37,197.6971
2026-09-12 10:18:00,2533.37,2533.47,2533.0,2533.29,226.3113
2026-09-12 10:21:00,2533.3,2533.48,2532.04,2532.04,147.5916
2026-09-12 10:24:00,2532.04,2532.04,2531.99,2532.0,54.1823
2026-09-12 10:27:00,2531.99,2532.0,2531.88,2531.93,102.5571
2026-09-12 10:30:00,2531.93,2531.94,2531.4,2531.43,192.304
2026-09-12 10:33:00,2531.42,2531.43,2531.25,2531.26,106.5413
2026-09-12 10:36:00,2531.25,2531.69,2531.25,2531.68,210.4282
2026-09-12 10:39:00,2531.68,2533.7,2531.68,2533.66,666.8236
2026-09-12 10:42:00,2533.66,2533.67,2532.9,2533.16,61.3362
2026-09-12 10:45:00,2533.17,2534.5,2532.65,2533.43,515.9932
2026-09-12 10:48:00,2533.4,2533.4,2532.56,2533.2,113.9219
2026-09-12 10:51:00,2533.19,2533.2,2531.6,2531.93,127.8667
2026-09-12 10:54:00,2531.93,2533.95,2531.27,2532.53,413.6509
2026-09-12 10:57:00,2532.53,2533.56,2532.5,2533.42,152.9737
2026-09-12 11:00:00,2533.42,2535.0,2532.72,2532.73,405.9975
2026-09-12 11:03:00,2532.72,2533.05,2532.55,2532.99,133.3536
2026-09-12 11:06:00,2532.98,2532.99,2531.57,2531.66,85.3445
2026-09-12 11:09:00,2531.67,2531.88,2531.32,2531.88,59.653
2026-09-12 11:12:00,2531.88,2532.74,2531.87,2532.2,57.3744
2026-09-12 11:15:00,2532.2,2532.2,2531.03,2531.54,90.6924
2026-09-12 11:18:00,2531.55,2532.08,2531.21,2532.08,36.5631
2026-09-12 11:21:00,2532.08,2532.17,2532.07,2532.17,48.0316
2026-09-12 11:24:00,2532.16,2532.66,2532.14,2532.15,139.055
2026-09-12 11:27:00,2532.15,2532.99,2531.97,2532.98,52.9743
2026-09-12 11:30:00,2532.98,2535.0,2532.98,2535.0,183.3568
2026-09-12 11:33:00,2535.0,2535.68,2534.44,2535.67,128.847
2026-09-12 11:36:00,2535.68,2536.57,2534.42,2535.09,181.533
2026-09-12 11:39:00,2535.09,2535.47,2535.02,2535.15,106.073
2026-09-12 11:42:00,2535.14,2537.23,2535.14,2537.06,563.7482
2026-09-12 11:45:00,2537.06,2537.67,2535.84,2535.84,247.3461
2026-09-12 11:48:00,2535.85,2536.35,2535.84,2536.34,93.5365
2026-09-12 11:51:00,2536.35,2536.49,2535.51,2535.77,246.8488
2026-09-12 11:54:00,2535.77,2536.23,2535.71,2536.22,168.4644
2026-09-12 11:57:00,2536.22,2536.23,2535.61,2536.17,152.0743
2026-09-12 12:00:00,2536.17,2536.18,2534.72,2535.07,500.6647
2026-09-12 12:03:00,2535.07,2536.13,2534.94,2535.26,375.8677
2026-09-12 12:06:00,2535.27,2535.28,2535.26,2535.28,52.9265
2026-09-12 12:09:00,2535.28,2535.37,2533.49,2533.97,314.4566
2026-09-12 12:12:00,2533.97,2534.45,2533.71,2533.98,125.1082
2026-09-12 12:15:00,2533.99,2535.15,2533.25,2534.48,288.0461
2026-09-12 12:18:00,2534.49,2534.49,2533.56,2533.57,174.1831
2026-09-12 12:21:00,2533.56,2533.73,2533.56,2533.57,79.1668
2026-09-12 12:24:00,2533.56,2534.5,2533.56,2533.86,257.3027
2026-09-12 12:27:00,2533.86,2534.11,2533.56,2533.67,115.0917
2026-09-12 12:30:00,2533.68,2533.86,2533.67,2533.86,61.934
2026-09-12 12:33:00,2533.85,2534.88,2533.23,2534.88,105.0537
2026-09-12 12:36:00,2534.88,2536.01,2534.53,2536.0,273.3047
2026-09-12 12:39:00,2536.0,2536.44,2535.51,2536.21,192.851
2026-09-12 12:42:00,2536.22,2536.44,2534.09,2534.51,161.248
2026-09-12 12:45:00,2534.5,2537.08,2534.5,2536.05,664.5398
2026-09-12 12:48:00,2536.05,2536.3,2535.25,2535.25,205.0974
2026-09-12 12:51:00,2535.26,2535.26,2532.01,2533.17,264.0381
2026-09-12 12:54:00,2533.17,2533.96,2532.79,2533.59,194.3984
2026-09-12 12:57:00,2533.59,2535.54,2533.05,2535.54,249.8629
2026-09-12 13:00:00,2535.53,2536.32,2533.56,2535.35,603.4428
2026-09-12 13:03:00,2535.35,2535.91,2535.35,2535.89,59.6873
2026-09-12 13:06:00,2535.88,2545.98,2535.11,2542.34,1959.3218
2026-09-12 13:09:00,2542.34,2543.04,2540.0,2541.32,975.1545
2026-09-12 13:12:00,2541.35,2544.2,2539.1,2539.36,785.6756
2026-09-12 13:15:00,2539.36,2540.92,2537.87,2537.88,405.738
2026-09-12 13:18:00,2537.88,2540.59,2536.68,2540.59,729.1505
2026-09-12 13:21:00,2540.59,2540.99,2540.03,2540.73,219.6352
2026-09-12 13:24:00,2540.72,2542.11,2539.01,2539.01,717.2449
2026-09-12 13:27:00,2539.01,2541.34,2539.0,2540.98,232.2355
2026-09-12 13:30:00,2540.98,2541.9,2537.92,2539.0,929.5263
2026-09-12 13:33:00,2539.0,2541.58,2539.0,2540.66,488.1612
2026-09-12 13:36:00,2540.67,2540.67,2538.77,2538.78,180.4486
2026-09-12 13:39:00,2538.78,2540.46,2538.77,2540.01,443.8012
2026-09-12 13:42:00,2540.0,2540.01,2538.3,2538.75,235.286
2026-09-12 13:45:00,2538.74,2539.24,2537.9,2539.23,200.7312
2026-09-12 13:48:00,2539.23,2539.24,2537.49,2538.58,543.2484
2026-09-12 13:51:00,2538.58,2540.56,2538.57,2539.9,298.5363
2026-09-12 13:54:00,2539.91,2542.73,2539.5,2542.13,1290.8994
2026-09-12 13:57:00,2542.13,2546.01,2541.95,2544.58,1376.167
2026-09-12 14:00:00,2544.57,2545.55,2541.94,2541.96,861.4512
2026-09-12 14:03:00,2541.96,2543.0,2541.96,2542.53,332.7918
2026-09-12 14:06:00,2542.54,2544.87,2542.53,2543.3,389.9544
2026-09-12 14:09:00,2543.29,2543.31,2541.28,2541.61,762.916
2026-09-12 14:12:00,2541.61,2541.61,2540.78,2541.02,679.1862
2026-09-12 14:15:00,2541.02,2541.87,2541.02,2541.76,568.6963
2026-09-12 14:18:00,2541.76,2542.08,2541.01,2542.07,222.2317
2026-09-12 14:21:00,2542.08,2543.51,2541.43,2541.43,647.8806
2026-09-12 14:24:00,2541.43,2542.41,2541.01,2541.4,418.0849
2026-09-12 14:27:00,2541.41,2543.27,2540.84,2542.66,394.3787
2026-09-12 14:30:00,2542.66,2544.68,2542.13,2543.84,788.4875
2026-09-12 14:33:00,2543.84,2544.28,2540.98,2541.42,458.2273
2026-09-12 14:36:00,2541.42,2543.54,2541.41,2543.1,246.2688
2026-09-12 14:39:00,2543.1,2544.24,2541.99,2542.0,891.1251
2026-09-12 14:42:00,2541.99,2542.0,2539.03,2539.74,688.7018
2026-09-12 14:45:00,2539.74,2540.51,2539.13,2540.51,571.014
2026-09-12 14:48:00,2540.51,2541.19,2539.9,2540.32,352.3575
2026-09-12 14:51:00,2540.32,2541.89,2540.31,2541.05,476.377
2026-09-12 14:54:00,2541.06,2541.06,2539.62,2539.84,350.6897
2026-09-12 14:57:00,2539.85,2539.85,2539.5,2539.85,304.8907
2026-09-12 15:00:00,2539.85,2540.3,2539.85,2540.05,252.0317
2026-09-12 15:03:00,2540.04,2540.77,2540.04,2540.15,214.935
2026-09-12 15:06:00,2540.14,2540.23,2539.0,2539.08,572.1779
2026-09-12 15:09:00,2539.08,2539.08,2537.99,2538.0,286.2866
2026-09-12 15:12:00,2537.99,2541.12,2537.46,2540.17,481.2527
2026-09-12 15:15:00,2540.18,2541.18,2539.22,2541.18,303.558
2026-09-12 15:18:00,2541.17,2542.37,2540.05,2540.99,450.153
2026-09-12 15:21:00,2540.99,2540.99,2540.16,2540.29,172.3817
2026-09-12 15:24:00,2540.28,2542.39,2540.28,2541.53,509.5602
2026-09-12 15:27:00,2541.52,2541.99,2540.38,2540.39,317.2745
2026-09-12 15:30:00,2540.39,2540.93,2540.38,2540.93,325.7484
2026-09-12 15:33:00,2540.93,2540.93,2537.09,2538.07,462.3301
2026-09-12 15:36:00,2538.08,2538.08,2532.0,2533.15,1245.5636
2026-09-12 15:39:00,2533.15,2536.16,2532.85,2534.65,792.226
2026-09-12 15:42:00,2534.65,2536.14,2534.64,2535.22,452.7906
2026-09-12 15:45:00,2535.23,2536.0,2533.08,2533.56,591.1712
2026-09-12 15:48:00,2533.55,2533.89,2532.46,2533.08,364.118
2026-09-12 15:51:00,2533.09,2533.58,2533.09,2533.44,215.7702
2026-09-12 15:54:00,2533.46,2536.67,2533.02,2536.16,1009.825
2026-09-12 15:57:00,2536.16,2536.16,2534.61,2535.08,274.8075
2026-09-12 16:00:00,2535.09,2536.39,2535.08,2536.39,424.0785
2026-09-12 16:03:00,2536.39,2536.45,2532.84,2534.3,654.0557
2026-09-12 16:06:00,2534.3,2534.3,2532.57,2533.65,396.0649
2026-09-12 16:09:00,2533.64,2534.04,2533.64,2534.03,183.3335
2026-09-12 16:12:00,2534.04,2535.19,2534.04,2535.16,182.2265
2026-09-12 16:15:00,2535.17,2535.45,2534.76,2534.76,603.7585
2026-09-12 16:18:00,2534.76,2534.77,2534.39,2534.4,183.6982
2026-09-12 16:21:00,2534.39,2534.4,2533.83,2533.96,209.4883
2026-09-12 16:24:00,2533.97,2533.97,2533.07,2533.08,647.7117
2026-09-12 16:27:00,2533.07,2533.08,2532.56,2532.57,748.6006
2026-09-12 16:30:00,2532.56,2532.9,2532.4,2532.4,736.5935
2026-09-12 16:33:00,2532.4,2532.91,2532.38,2532.9,424.8709
2026-09-12 16:36:00,2532.91,2532.91,2531.14,2532.1,384.827
2026-09-12 16:39:00,2532.1,2532.71,2531.45,2532.71,247.6848
2026-09-12 16:42:00,2532.71,2532.71,2530.05,2530.5,620.4024
2026-09-12 16:45:00,2530.5,2531.48,2530.5,2531.42,284.2155
2026-09-12 16:48:00,2531.42,2531.61,2530.4,2530.79,398.524
2026-09-12 16:51:00,2530.79,2531.71,2530.79,2531.71,331.8559
2026-09-12 16:54:00,2531.7,2531.89,2531.7,2531.89,424.874
2026-09-12 16:57:00,2531.89,2532.7,2530.74,2531.78,771.1701
2026-09-12 17:00:00,2531.78,2532.97,2531.77,2532.13,303.9655
2026-09-12 17:03:00,2532.14,2533.36,2531.15,2532.81,581.9143
2026-09-12 17:06:00,2532.81,2533.09,2532.8,2533.09,243.1423
2026-09-12 17:09:00,2533.09,2534.58,2531.18,2531.19,677.6902
2026-09-12 17:12:00,2531.19,2532.37,2530.94,2532.12,405.9955
2026-09-12 17:15:00,2532.12,2533.51,2530.33,2530.77,405.3617
2026-09-12 17:18:00,2530.77,2531.12,2530.7,2530.71,214.7707
2026-09-12 17:21:00,2530.71,2530.71,2527.97,2528.69,1537.7807
2026-09-12 17:24:00,2528.69,2528.71,2527.5,2527.51,437.3702
2026-09-12 17:27:00,2527.5,2528.66,2527.5,2527.82,199.6256
2026-09-12 17:30:00,2527.82,2528.08,2524.78,2526.32,547.0112
2026-09-12 17:33:00,2526.32,2527.0,2526.0,2527.0,254.54
2026-09-12 17:36:00,2527.0,2527.46,2525.71,2525.71,371.7719
2026-09-12 17:39:00,2525.71,2525.77,2524.77,2525.76,458.7204
2026-09-12 17:42:00,2525.77,2527.0,2525.76,2526.99,178.9173
2026-09-12 17:45:00,2526.99,2526.99,2526.21,2526.43,312.0736
2026-09-12 17:48:00,2526.42,2526.43,2525.78,2525.86,263.5643
2026-09-12 17:51:00,2525.86,2525.86,2525.19,2525.55,257.339
2026-09-12 17:54:00,2525.54,2526.3,2525.54,2526.25,242.8545
2026-09-12 17:57:00,2526.26,2526.26,2525.9,2525.91,184.9164
2026-09-12 18:00:00,2525.9,2525.91,2525.32,2525.34,187.08
2026-09-12 18:03:00,2525.34,2527.61,2524.44,2527.6,483.3847
2026-09-12 18:06:00,2527.6,2527.61,2526.15,2526.97,642.6219
2026-09-12 18:09:00,2526.97,2526.98,2523.83,2524.87,528.8553
2026-09-12 18:12:00,2524.87,2525.44,2523.99,2524.0,566.8901
2026-09-12 18:15:00,2524.0,2525.45,2522.83,2523.07,1233.9522
2026-09-12 18:18:00,2523.06,2524.72,2522.26,2524.71,192.8688
2026-09-12 18:21:00,2524.72,2526.43,2524.71,2526.28,541.345
2026-09-12 18:24:00,2526.28,2528.01,2525.64,2525.65,1395.3136
2026-09-12 18:27:00,2525.65,2525.65,2524.14,2524.89,374.8095
2026-09-12 18:30:00,2524.88,2526.07,2523.45,2524.39,349.9896
2026-09-12 18:33:00,2524.4,2524.4,2523.09,2523.09,329.3803
2026-09-12 18:36:00,2523.08,2525.72,2521.49,2525.0,809.1851
2026-09-12 18:39:00,2525.0,2525.92,2523.84,2523.84,544.7768
2026-09-12 18:42:00,2523.84,2524.2,2523.84,2524.19,222.1844
2026-09-12 18:45:00,2524.19,2524.41,2524.19,2524.22,325.7147
2026-09-12 18:48:00,2524.23,2524.23,2523.37,2523.39,214.044
2026-09-12 18:51:00,2523.39,2523.39,2520.66,2520.89,372.4703
2026-09-12 18:54:00,2520.9,2522.36,2520.89,2522.36,161.1914
2026-09-12 18:57:00,2522.35,2522.5,2521.93,2522.38,198.038
2026-09-12 19:00:00,2522.38,2522.5,2520.79,2521.77,581.2891
2026-09-12 19:03:00,2521.78,2522.17,2520.77,2521.42,368.0195
2026-09-12 19:06:00,2521.42,2523.07,2520.77,2521.2,563.054
2026-09-12 19:09:00,2521.2,2521.76,2519.53,2521.76,457.0294
2026-09-12 19:12:00,2521.76,2522.91,2520.38,2522.9,396.8546
2026-09-12 19:15:00,2522.91,2522.91,2520.69,2520.92,202.3824
2026-09-12 19:18:00,2520.92,2522.09,2519.9,2520.2,360.2544
2026-09-12 19:21:00,2520.2,2520.52,2520.2,2520.51,120.8553
2026-09-12 19:24:00,2520.52,2520.52,2519.65,2519.66,251.6517
2026-09-12 19:27:00,2519.67,2521.69,2519.66,2520.05,536.6161
2026-09-12 19:30:00,2520.05,2520.39,2519.88,2520.12,232.2504
2026-09-12 19:33:00,2520.13,2520.6,2518.27,2519.58,683.4384
2026-09-12 19:36:00,2519.58,2519.58,2516.62,2516.62,572.5309
2026-09-12 19:39:00,2516.62,2517.74,2515.5,2515.73,765.3922
2026-09-12 19:42:00,2515.74,2515.8,2515.16,2515.57,268.7434
2026-09-12 19:45:00,2515.57,2517.27,2515.57,2517.27,201.1042
2026-09-12 19:48:00,2517.26,2517.95,2517.23,2517.56,350.0505
2026-09-12 19:51:00,2517.56,2520.0,2517.17,2517.45,762.8308
2026-09-12 19:54:00,2517.45,2519.76,2517.44,2519.39,187.1542
2026-09-12 19:57:00,2519.39,2519.64,2519.38,2519.63,128.8163
2026-09-12 20:00:00,2519.62,2520.95,2519.62,2520.94,437.2181
2026-09-12 20:03:00,2520.93,2521.67,2520.38,2521.62,391.8233
2026-09-12 20:06:00,2521.62,2522.6,2521.62,2522.6,440.7418
2026-09-12 20:09:00,2522.59,2522.6,2522.04,2522.38,314.6883
2026-09-12 20:12:00,2522.38,2522.56,2522.37,2522.56,154.2047
2026-09-12 20:15:00,2522.56,2524.23,2521.6,2521.61,494.3885
2026-09-12 20:18:00,2521.61,2522.01,2521.21,2521.83,251.8555
2026-09-12 20:21:00,2521.82,2522.87,2521.82,2522.69,220.1681
2026-09-12 20:24:00,2522.7,2522.7,2522.69,2522.7,369.0005
2026-09-12 20:27:00,2522.7,2523.56,2522.39,2523.2,230.9735
2026-09-12 20:30:00,2523.2,2523.32,2523.19,2523.32,138.1481
2026-09-12 20:33:00,2523.32,2523.56,2522.21,2522.25,224.6832
2026-09-12 20:36:00,2522.24,2522.93,2522.24,2522.55,194.6107
2026-09-12 20:39:00,2522.55,2522.55,2521.4,2521.52,233.3488
2026-09-12 20:42:00,2521.53,2523.56,2521.5,2522.63,514.0284
2026-09-12 20:45:00,2522.64,2523.01,2521.52,2523.01,326.4106
2026-09-12 20:48:00,2523.01,2523.28,2522.8,2523.04,231.517
2026-09-12 20:51:00,2523.04,2523.73,2520.53,2520.82,754.6992
2026-09-12 20:54:00,2520.82,2520.82,2520.81,2520.81,135.5317
2026-09-12 20:57:00,2520.82,2520.83,2520.81,2520.82,175.8622
2026-09-12 21:00:00,2520.83,2523.09,2520.03,2522.91,493.4353
2026-09-12 21:03:00,2522.91,2523.88,2522.91,2523.87,287.1486
2026-09-12 21:06:00,2523.88,2526.45,2523.87,2526.32,223.1684
2026-09-12 21:09:00,2526.32,2528.63,2526.1,2528.24,694.7712
2026-09-12 21:12:00,2528.23,2529.2,2524.31,2525.97,729.1616
2026-09-12 21:15:00,2525.97,2525.98,2524.07,2524.08,112.0252
2026-09-12 21:18:00,2524.07,2524.07,2523.38,2523.39,92.6564
2026-09-12 21:21:00,2523.38,2523.9,2523.37,2523.78,95.6885
2026-09-12 21:24:00,2523.77,2524.37,2523.77,2524.37,49.2065
2026-09-12 21:27:00,2524.36,2525.01,2524.36,2524.77,74.2613
2026-09-12 21:30:00,2524.78,2525.07,2524.77,2524.9,64.7433
2026-09-12 21:33:00,2524.9,2525.65,2524.9,2525.65,49.6148
2026-09-12 21:36:00,2525.64,2525.91,2525.12,2525.13,132.3905
2026-09-12 21:39:00,2525.13,2525.13,2524.9,2524.9,20.5878
2026-09-12 21:42:00,2524.91,2525.46,2523.81,2524.05,169.1924
2026-09-12 21:45:00,2524.06,2524.68,2522.86,2523.43,126.039
2026-09-12 21:48:00,2523.43,2524.17,2522.5,2522.79,67.2801
2026-09-12 21:51:00,2522.79,2523.26,2522.4,2523.25,45.0832
2026-09-12 21:54:00,2523.25,2524.55,2523.25,2524.55,107.4518
2026-09-12 21:57:00,2524.55,2524.55,2523.67,2524.0,97.4526
2026-09-12 22:00:00,2524.0,2524.01,2521.97,2523.93,436.1309
2026-09-12 22:03:00,2523.92,2524.56,2522.52,2522.67,115.7107
2026-09-12 22:06:00,2522.67,2523.83,2521.57,2522.3,278.2349
2026-09-12 22:09:00,2522.3,2523.83,2522.3,2523.83,133.481
2026-09-12 22:12:00,2523.83,2523.83,2522.01,2523.7,386.0435
2026-09-12 22:15:00,2523.71,2523.83,2522.88,2523.28,74.3005
2026-09-12 22:18:00,2523.28,2525.03,2523.27,2525.02,296.2669
2026-09-12 22:21:00,2525.03,2526.19,2524.95,2525.65,328.8002
2026-09-12 22:24:00,2525.66,2525.66,2522.72,2524.15,436.2831
2026-09-12 22:27:00,2524.15,2524.15,2521.1,2521.1,131.6252
2026-09-12 22:30:00,2521.09,2523.15,2520.67,2521.61,493.3895
2026-09-12 22:33:00,2521.61,2521.62,2520.6,2521.61,56.6048
2026-09-12 22:36:00,2521.61,2522.11,2521.16,2522.11,65.468
2026-09-12 22:39:00,2522.1,2522.11,2521.71,2521.85,41.6642
2026-09-12 22:42:00,2521.84,2521.85,2521.21,2521.67,68.4848
2026-09-12 22:45:00,2521.67,2521.92,2521.67,2521.92,34.5198
2026-09-12 22:48:00,2521.92,2522.16,2521.89,2521.91,94.1846
2026-09-12 22:51:00,2521.91,2523.48,2521.9,2523.3,88.4913
2026-09-12 22:54:00,2523.3,2523.62,2523.04,2523.61,118.8269
2026-09-12 22:57:00,2523.61,2523.61,2522.18,2523.0,85.6859
2026-09-12 23:00:00,2522.99,2523.56,2522.5,2523.46,131.8978
2026-09-12 23:03:00,2523.47,2524.31,2523.46,2523.76,62.8496
2026-09-12 23:06:00,2523.77,2524.34,2523.76,2524.33,61.8307
2026-09-12 23:09:00,2524.34,2524.47,2524.33,2524.46,52.0311
2026-09-12 23:12:00,2524.47,2524.85,2524.34,2524.72,177.4297
2026-09-12 23:15:00,2524.72,2525.27,2524.33,2524.33,93.2036
2026-09-12 23:18:00,2524.34,2524.8,2524.18,2524.19,90.8675
2026-09-12 23:21:00,2524.19,2524.68,2524.19,2524.25,56.0728
2026-09-12 23:24:00,2524.24,2524.66,2524.24,2524.5,47.0028
2026-09-12 23:27:00,2524.5,2524.5,2524.29,2524.49,71.721
2026-09-12 23:30:00,2524.5,2525.0,2524.49,2524.99,122.4895
2026-09-12 23:33:00,2525.0,2525.0,2524.28,2524.29,108.1451
2026-09-12 23:36:00,2524.28,2524.88,2524.28,2524.87,108.6202
2026-09-12 23:39:00,2524.88,2525.0,2524.47,2524.99,73.9416
2026-09-12 23:42:00,2525.0,2525.47,2524.99,2525.01,93.8242
2026-09-12 23:45:00,2525.0,2525.5,2525.0,2525.5,75.397
2026-09-12 23:48:00,2525.49,2526.01,2525.49,2526.01,100.7724
2026-09-12 23:51:00,2526.0,2526.33,2526.0,2526.32,75.9836
2026-09-12 23:54:00,2526.33,2526.33,2526.31,2526.32,57.1806
2026-09-12 23:57:00,2526.32,2527.33,2525.92,2525.93,484.0637
2026-09-13 00:00:00,2525.92,2526.22,2525.49,2526.22,200.5303
2026-09-13 00:03:00,2526.22,2526.71,2525.87,2526.71,70.7081
2026-09-13 00:06:00,2526.71,2526.89,2526.4,2526.59,73.0181
2026-09-13 00:09:00,2526.6,2527.24,2525.83,2525.84,104.7532
2026-09-13 00:12:00,2525.84,2525.84,2525.01,2525.02,58.1893
2026-09-13 00:15:00,2525.02,2525.21,2525.01,2525.13,353.4529
2026-09-13 00:18:00,2525.13,2525.75,2525.13,2525.26,97.978
2026-09-13 00:21:00,2525.26,2525.27,2525.04,2525.05,60.5809
2026-09-13 00:24:00,2525.05,2525.73,2525.04,2525.73,119.8259
2026-09-13 00:27:00,2525.73,2526.44,2525.67,2525.67,99.7359
2026-09-13 00:30:00,2525.68,2525.68,2525.67,2525.67,41.6161
2026-09-13 00:33:00,2525.67,2526.32,2525.67,2526.19,82.6459
2026-09-13 00:36:00,2526.2,2526.2,2526.1,2526.11,26.8916
2026-09-13 00:39:00,2526.1,2526.11,2523.35,2523.35,108.4509
2026-09-13 00:42:00,2523.36,2524.05,2523.35,2524.03,152.5191
2026-09-13 00:45:00,2524.03,2525.03,2524.03,2525.03,90.379
2026-09-13 00:48:00,2525.03,2525.38,2524.62,2524.84,39.604
2026-09-13 00:51:00,2524.84,2525.77,2524.84,2525.77,35.2307
2026-09-13 00:54:00,2525.77,2525.77,2525.76,2525.76,35.4691
2026-09-13 00:57:00,2525.76,2525.77,2525.22,2525.23,30.6436
2026-09-13 01:00:00,2525.22,2525.6,2524.57,2524.58,113.6076
2026-09-13 01:03:00,2524.58,2524.58,2524.06,2524.06,34.3628
2026-09-13 01:06:00,2524.07,2525.16,2523.81,2525.16,213.8326
2026-09-13 01:09:00,2525.17,2525.83,2524.99,2525.43,159.0062
2026-09-13 01:12:00,2525.43,2525.92,2524.16,2524.87,297.4416
2026-09-13 01:15:00,2524.87,2524.99,2523.83,2523.84,123.0755
2026-09-13 01:18:00,2523.84,2526.04,2523.54,2525.64,305.5179
2026-09-13 01:21:00,2525.63,2527.56,2525.63,2527.55,271.1296
2026-09-13 01:24:00,2527.56,2527.56,2527.29,2527.35,85.5892
2026-09-13 01:27:00,2527.36,2527.36,2524.15,2524.5,398.3146
2026-09-13 01:30:00,2524.5,2524.5,2523.68,2523.69,138.9958
2026-09-13 01:33:00,2523.7,2523.7,2522.96,2523.07,128.142
2026-09-13 01:36:00,2523.07,2523.24,2522.49,2522.68,71.9317
2026-09-13 01:39:00,2522.68,2525.66,2522.67,2525.62,380.7672
2026-09-13 01:42:00,2525.61,2525.62,2524.38,2525.19,134.9921
2026-09-13 01:45:00,2525.19,2527.39,2525.18,2526.33,263.2348
2026-09-13 01:48:00,2526.33,2526.33,2525.24,2525.25,110.3821
2026-09-13 01:51:00,2525.25,2526.14,2525.24,2525.96,193.5406
2026-09-13 01:54:00,2525.95,2525.96,2524.89,2525.38,187.7392
2026-09-13 01:57:00,2525.38,2526.35,2524.88,2525.95,268.4766
2026-09-13 02:00:00,2525.95,2525.95,2524.96,2525.02,194.2476
2026-09-13 02:03:00,2525.02,2525.02,2524.77,2524.77,80.0533
2026-09-13 02:06:00,2524.78,2524.78,2523.58,2523.64,147.1444
2026-09-13 02:09:00,2523.65,2524.0,2522.84,2523.29,161.3622
2026-09-13 02:12:00,2523.3,2523.3,2523.13,2523.13,37.7333
2026-09-13 02:15:00,2523.14,2523.14,2523.06,2523.07,81.4008
2026-09-13 02:18:00,2523.07,2523.08,2522.62,2522.62,130.2249
2026-09-13 02:21:00,2522.61,2523.08,2522.61,2523.08,72.5086
2026-09-13 02:24:00,2523.07,2523.14,2521.74,2522.01,199.8243
2026-09-13 02:27:00,2522.0,2522.46,2522.0,2522.45,23.1642
2026-09-13 02:30:00,2522.45,2523.48,2521.74,2522.24,350.7651
2026-09-13 02:33:00,2522.23,2522.85,2522.23,2522.85,81.9839
2026-09-13 02:36:00,2522.85,2523.18,2521.66,2521.92,627.8218
2026-09-13 02:39:00,2521.92,2521.92,2521.0,2521.18,116.6376
2026-09-13 02:42:00,2521.17,2523.56,2521.17,2523.22,497.1928
2026-09-13 02:45:00,2523.22,2523.44,2522.51,2522.51,219.84
2026-09-13 02:48:00,2522.52,2523.19,2522.51,2523.19,148.3729
2026-09-13 02:51:00,2523.19,2523.39,2521.02,2521.75,938.7481
2026-09-13 02:54:00,2521.74,2523.18,2521.74,2522.85,166.5097
2026-09-13 02:57:00,2522.75,2522.75,2521.71,2521.71,231.2075
2026-09-13 03:00:00,2521.72,2521.72,2520.32,2520.33,127.5838
2026-09-13 03:03:00,2520.33,2522.76,2519.99,2521.35,450.578
2026-09-13 03:06:00,2521.36,2521.36,2520.31,2520.31,44.4383
2026-09-13 03:09:00,2520.31,2521.2,2520.14,2521.19,61.2783
2026-09-13 03:12:00,2521.2,2521.47,2520.46,2520.81,115.7825
2026-09-13 03:15:00,2520.81,2520.81,2520.28,2520.4,157.1669
2026-09-13 03:18:00,2520.4,2520.93,2520.39,2520.93,77.1111
2026-09-13 03:21:00,2520.92,2521.36,2520.92,2521.35,25.3757
2026-09-13 03:24:00,2521.35,2522.17,2521.23,2522.16,248.4041
2026-09-13 03:27:00,2522.16,2522.16,2520.64,2520.84,241.3983
2026-09-13 03:30:00,2520.84,2520.85,2519.08,2519.88,176.2588
2026-09-13 03:33:00,2519.88,2521.06,2519.88,2520.7,153.8763
2026-09-13 03:36:00,2520.7,2520.9,2520.21,2520.63,188.3958
2026-09-13 03:39:00,2520.62,2520.62,2520.2,2520.32,103.9345
2026-09-13 03:42:00,2520.32,2521.92,2520.31,2521.91,119.1143
2026-09-13 03:45:00,2521.92,2522.78,2520.62,2520.65,332.568
2026-09-13 03:48:00,2520.64,2521.18,2520.64,2520.85,138.1445
2026-09-13 03:51:00,2520.85,2521.28,2519.72,2521.28,205.147
2026-09-13 03:54:00,2521.28,2521.51,2521.07,2521.07,134.2825
2026-09-13 03:57:00,2521.07,2522.07,2520.35,2520.82,348.8603
2026-09-13 04:00:00,2520.81,2520.98,2520.65,2520.73,96.5387
2026-09-13 04:03:00,2520.73,2522.65,2520.32,2521.75,400.6138
2026-09-13 04:06:00,2521.75,2521.75,2520.69,2521.27,132.8565
2026-09-13 04:09:00,2521.26,2522.75,2521.26,2522.75,94.3734
2026-09-13 04:12:00,2522.75,2523.29,2520.74,2521.42,435.1353
2026-09-13 04:15:00,2521.42,2523.02,2521.42,2522.87,151.9512
2026-09-13 04:18:00,2522.88,2523.3,2522.87,2523.16,152.0351
2026-09-13 04:21:00,2523.17,2523.17,2521.86,2522.42,114.1476
2026-09-13 04:24:00,2522.42,2523.2,2522.42,2523.19,28.1914
2026-09-13 04:27:00,2523.19,2523.2,2523.1,2523.11,43.6614
2026-09-13 04:30:00,2523.1,2523.11,2522.92,2522.93,46.2589
2026-09-13 04:33:00,2522.92,2522.92,2521.89,2521.97,46.1697
2026-09-13 04:36:00,2521.98,2521.98,2520.03,2520.54,230.0399
2026-09-13 04:39:00,2520.53,2520.54,2519.2,2519.75,424.647
2026-09-13 04:42:00,2519.74,2520.01,2519.74,2520.0,62.7827
2026-09-13 04:45:00,2520.01,2520.01,2520.0,2520.0,23.9004
2026-09-13 04:48:00,2520.0,2520.03,2519.84,2519.85,127.252
2026-09-13 04:51:00,2519.84,2519.85,2519.84,2519.85,51.709
2026-09-13 04:54:00,2519.85,2520.56,2519.84,2520.55,78.6933
2026-09-13 04:57:00,2520.55,2520.56,2519.84,2520.03,133.8283
2026-09-13 05:00:00,2520.04,2520.82,2520.03,2520.81,48.5081
2026-09-13 05:03:00,2520.8,2521.43,2520.8,2521.43,77.448
2026-09-13 05:06:00,2521.42,2521.76,2521.42,2521.75,80.633
2026-09-13 05:09:00,2521.75,2521.76,2521.75,2521.76,17.3558
2026-09-13 05:12:00,2521.76,2522.24,2521.75,2522.23,56.2171
2026-09-13 05:15:00,2522.23,2522.24,2522.23,2522.24,21.4143
2026-09-13 05:18:00,2522.24,2522.52,2522.23,2522.52,90.2315
2026-09-13 05:21:00,2522.52,2522.52,2522.38,2522.38,25.124
2026-09-13 05:24:00,2522.38,2522.39,2521.25,2521.74,355.6847
2026-09-13 05:27:00,2521.74,2522.9,2520.39,2522.61,592.667
2026-09-13 05:30:00,2522.6,2523.29,2522.6,2523.27,322.9555
2026-09-13 05:33:00,2523.28,2523.7,2523.27,2523.45,585.3984
2026-09-13 05:36:00,2523.44,2523.45,2523.27,2523.28,86.7621
2026-09-13 05:39:00,2523.28,2523.29,2523.27,2523.28,116.4882
2026-09-13 05:42:00,2523.28,2524.05,2523.22,2523.23,414.3159
2026-09-13 05:45:00,2523.23,2523.49,2523.22,2523.43,1197.9174
2026-09-13 05:48:00,2523.42,2523.43,2523.42,2523.43,112.9229
2026-09-13 05:51:00,2523.43,2523.43,2523.24,2523.26,211.1705
2026-09-13 05:54:00,2523.26,2523.26,2523.22,2523.22,84.7851
2026-09-13 05:57:00,2523.22,2523.23,2522.51,2522.52,90.6325
2026-09-13 06:00:00,2522.52,2522.52,2522.5,2522.5,107.133
2026-09-13 06:03:00,2522.51,2522.51,2522.5,2522.51,27.8895
2026-09-13 06:06:00,2522.5,2522.51,2522.5,2522.51,191.4802
2026-09-13 06:09:00,2522.5,2522.51,2522.33,2522.34,181.8296
2026-09-13 06:12:00,2522.33,2522.84,2522.33,2522.55,281.9942
2026-09-13 06:15:00,2522.55,2522.55,2521.5,2522.09,215.0143
2026-09-13 06:18:00,2522.1,2522.5,2522.09,2522.48,147.8096
2026-09-13 06:21:00,2522.48,2522.48,2521.28,2521.71,248.2569
2026-09-13 06:24:00,2521.71,2521.87,2521.71,2521.87,96.7698
2026-09-13 06:27:00,2521.87,2521.89,2521.86,2521.89,125.0393
2026-09-13 06:30:00,2521.88,2521.98,2521.31,2521.32,174.7485
2026-09-13 06:33:00,2521.32,2521.43,2521.23,2521.24,139.2795
2026-09-13 06:36:00,2521.23,2521.23,2520.96,2520.97,177.8063
2026-09-13 06:39:00,2520.97,2520.97,2518.64,2518.66,275.6772
2026-09-13 06:42:00,2518.66,2519.85,2518.66,2519.83,186.4707
2026-09-13 06:45:00,2519.83,2519.83,2517.15,2517.79,442.8171
2026-09-13 06:48:00,2517.79,2517.79,2515.0,2516.61,626.316
2026-09-13 06:51:00,2516.61,2516.62,2512.42,2513.25,690.7229
2026-09-13 06:54:00,2513.26,2513.28,2510.5,2511.22,742.3179
2026-09-13 06:57:00,2511.22,2513.37,2509.63,2513.19,489.2855
2026-09-13 07:00:00,2513.19,2514.15,2511.92,2513.16,283.9483
2026-09-13 07:03:00,2513.16,2513.81,2513.16,2513.81,199.3018
2026-09-13 07:06:00,2513.81,2515.0,2513.8,2515.0,320.1929
2026-09-13 07:09:00,2514.99,2515.51,2514.99,2515.25,230.3924
2026-09-13 07:12:00,2515.24,2515.25,2514.66,2515.24,192.2311
2026-09-13 07:15:00,2515.25,2515.52,2514.68,2515.52,166.2136
2026-09-13 07:18:00,2515.52,2515.52,2515.23,2515.23,250.4966
2026-09-13 07:21:00,2515.23,2515.77,2515.23,2515.77,130.3036
2026-09-13 07:24:00,2515.76,2515.77,2515.27,2515.39,151.9985
2026-09-13 07:27:00,2515.39,2515.92,2513.81,2515.91,418.6923
2026-09-13 07:30:00,2515.92,2515.92,2514.21,2515.12,270.301
2026-09-13 07:33:00,2515.12,2516.4,2515.11,2516.21,263.3964
2026-09-13 07:36:00,2516.2,2517.0,2514.6,2516.87,392.005
2026-09-13 07:39:00,2516.88,2519.85,2516.21,2519.42,266.7853
2026-09-13 07:42:00,2519.42,2520.44,2518.14,2519.98,397.4331
2026-09-13 07:45:00,2519.97,2519.98,2519.45,2519.51,51.9401
2026-09-13 07:48:00,2519.51,2520.26,2518.22,2519.81,241.797
2026-09-13 07:51:00,2519.8,2519.81,2518.05,2518.06,131.7749
2026-09-13 07:54:00,2518.06,2518.71,2517.11,2517.4,261.4202
2026-09-13 07:57:00,2517.4,2518.66,2517.39,2517.94,210.8604
2026-09-13 08:00:00,2517.94,2519.68,2517.1,2519.38,581.4694
2026-09-13 08:03:00,2519.37,2519.59,2517.31,2517.32,115.3566
2026-09-13 08:06:00,2517.32,2518.89,2517.31,2518.5,123.2169
2026-09-13 08:09:00,2518.5,2518.51,2514.9,2514.9,313.3243
2026-09-13 08:12:00,2514.9,2515.26,2512.89,2515.2,459.2303
2026-09-13 08:15:00,2515.19,2515.19,2511.37,2511.37,305.1237
2026-09-13 08:18:00,2511.37,2513.01,2510.5,2513.0,319.789
2026-09-13 08:21:00,2513.01,2513.01,2511.92,2512.3,134.6259
2026-09-13 08:24:00,2512.3,2512.3,2511.49,2511.49,84.255
2026-09-13 08:27:00,2511.49,2511.49,2510.55,2510.72,140.246
2026-09-13 08:30:00,2510.71,2510.71,2505.0,2506.09,1731.1786
2026-09-13 08:33:00,2506.09,2506.09,2497.19,2499.71,5761.6784
2026-09-13 08:36:00,2499.71,2501.44,2496.39,2497.4,3310.7871
2026-09-13 08:39:00,2497.41,2497.69,2487.82,2495.88,5419.2545
2026-09-13 08:42:00,2495.88,2495.94,2492.37,2493.02,703.6249
2026-09-13 08:45:00,2493.02,2495.54,2492.49,2495.54,544.4888
2026-09-13 08:48:00,2495.54,2496.42,2493.0,2495.82,1370.2041
2026-09-13 08:51:00,2495.82,2496.47,2492.96,2494.62,546.184
2026-09-13 08:54:00,2494.63,2495.34,2492.13,2492.14,569.0757
2026-09-13 08:57:00,2492.14,2494.76,2492.13,2494.29,219.369
2026-09-13 09:00:00,2494.3,2496.45,2494.14,2496.45,394.7573
2026-09-13 09:03:00,2496.45,2496.93,2495.85,2496.3,153.7376
2026-09-13 09:06:00,2496.3,2497.34,2496.3,2496.43,186.0097
2026-09-13 09:09:00,2496.42,2496.43,2493.05,2493.38,421.2682
2026-09-13 09:12:00,2493.38,2494.67,2493.0,2493.01,232.8703
2026-09-13 09:15:00,2493.01,2493.21,2489.63,2492.44,589.2421
2026-09-13 09:18:00,2492.42,2493.61,2492.42,2493.59,116.1002
2026-09-13 09:21:00,2493.59,2494.52,2491.6,2493.09,299.9531
2026-09-13 09:24:00,2493.09,2493.23,2475.0,2485.89,4682.0728
2026-09-13 09:27:00,2485.9,2485.9,2481.5,2481.61,401.1068
2026-09-13 09:30:00,2481.61,2483.51,2474.02,2476.16,2230.4775
2026-09-13 09:33:00,2476.16,2480.86,2470.78,2480.68,2062.6421
2026-09-13 09:36:00,2480.68,2484.65,2476.22,2478.71,1490.0503
2026-09-13 09:39:00,2478.71,2481.31,2478.71,2479.07,281.2471
2026-09-13 09:42:00,2479.08,2482.31,2479.07,2480.93,394.0647
2026-09-13 09:45:00,2480.93,2483.63,2479.8,2483.24,255.9577
2026-09-13 09:48:00,2483.24,2484.28,2483.0,2483.01,340.9492
2026-09-13 09:51:00,2483.0,2483.81,2481.26,2483.35,165.1554
2026-09-13 09:54:00,2483.35,2484.24,2482.77,2483.12,199.8163
2026-09-13 09:57:00,2483.11,2485.81,2483.11,2485.18,354.0783
2026-09-13 10:00:00,2485.18,2485.85,2484.42,2484.7,322.0337
2026-09-13 10:03:00,2484.7,2484.87,2483.84,2484.01,201.4132
2026-09-13 10:06:00,2484.0,2486.07,2483.61,2486.07,287.3863
2026-09-13 10:09:00,2486.07,2486.1,2483.47,2483.47,167.1442
2026-09-13 10:12:00,2483.47,2484.63,2482.17,2483.44,380.2907
2026-09-13 10:15:00,2483.44,2484.24,2482.92,2484.08,199.5077
2026-09-13 10:18:00,2484.09,2484.09,2480.26,2480.84,726.0953
2026-09-13 10:21:00,2480.84,2481.45,2480.45,2480.68,219.2573
2026-09-13 10:24:00,2480.68,2480.69,2480.5,2480.68,170.8659
2026-09-13 10:27:00,2480.68,2480.69,2480.0,2480.0,269.4845
2026-09-13 10:30:00,2480.01,2481.41,2479.82,2481.41,125.1391
2026-09-13 10:33:00,2481.41,2483.71,2481.4,2483.54,116.5444
2026-09-13 10:36:00,2483.55,2483.55,2480.43,2480.43,105.3664
2026-09-13 10:39:00,2480.44,2481.04,2479.82,2479.83,144.882
2026-09-13 10:42:00,2479.84,2479.84,2473.64,2475.35,819.3555
2026-09-13 10:45:00,2475.36,2478.69,2475.36,2478.69,144.4577
2026-09-13 10:48:00,2478.69,2478.99,2476.93,2476.99,131.6031
2026-09-13 10:51:00,2476.98,2477.0,2475.07,2475.33,322.9963
2026-09-13 10:54:00,2475.32,2476.69,2474.24,2474.53,552.7503
2026-09-13 10:57:00,2474.52,2475.69,2468.04,2472.18,6997.0768
2026-09-13 11:00:00,2472.19,2474.31,2467.5,2472.24,2234.2771
2026-09-13 11:03:00,2472.24,2477.76,2472.24,2475.4,791.6014
2026-09-13 11:06:00,2475.4,2476.2,2473.25,2473.48,536.4916
2026-09-13 11:09:00,2473.47,2474.0,2472.3,2472.3,898.5443
2026-09-13 11:12:00,2472.3,2472.89,2469.83,2469.83,571.1255
2026-09-13 11:15:00,2469.83,2474.4,2469.82,2474.3,1860.6703
2026-09-13 11:18:00,2474.3,2474.3,2472.05,2472.06,521.829
2026-09-13 11:21:00,2472.05,2474.35,2472.05,2473.98,522.5428
2026-09-13 11:24:00,2473.99,2476.3,2473.98,2475.72,366.186
2026-09-13 11:27:00,2475.72,2475.72,2474.65,2475.02,306.5974
2026-09-13 11:30:00,2475.02,2475.03,2473.6,2473.6,319.0171
2026-09-13 11:33:00,2473.61,2478.51,2473.6,2477.65,540.144
2026-09-13 11:36:00,2477.65,2478.32,2477.22,2478.03,321.5263
2026-09-13 11:39:00,2478.02,2479.86,2478.02,2479.0,530.2508
2026-09-13 11:42:00,2479.01,2480.26,2479.0,2480.25,465.5722
2026-09-13 11:45:00,2480.25,2481.67,2479.27,2479.27,603.7601
2026-09-13 11:48:00,2479.27,2482.14,2479.27,2480.96,464.5593
2026-09-13 11:51:00,2480.95,2481.05,2479.98,2480.17,505.1734
2026-09-13 11:54:00,2480.18,2480.8,2480.17,2480.62,244.4297
2026-09-13 11:57:00,2480.61,2481.05,2479.76,2481.05,231.7084
2026-09-13 12:00:00,2481.06,2481.09,2479.2,2479.67,358.6729
2026-09-13 12:03:00,2479.68,2480.64,2478.94,2479.83,394.9758
2026-09-13 12:06:00,2479.83,2480.17,2479.06,2479.1,267.8801
2026-09-13 12:09:00,2479.11,2481.51,2479.04,2481.5,621.6577
2026-09-13 12:12:00,2481.51,2481.91,2481.1,2481.26,262.6355
2026-09-13 12:15:00,2481.26,2483.31,2481.26,2483.16,291.7862
2026-09-13 12:18:00,2483.16,2483.16,2482.06,2482.07,505.5187
2026-09-13 12:21:00,2482.06,2482.84,2481.68,2482.68,535.6445
2026-09-13 12:24:00,2482.69,2482.69,2481.78,2481.79,181.21
2026-09-13 12:27:00,2481.79,2481.79,2480.78,2480.79,284.5152
2026-09-13 12:30:00,2480.79,2482.59,2480.78,2480.78,380.4393
2026-09-13 12:33:00,2480.78,2480.78,2476.16,2478.06,586.294
2026-09-13 12:36:00,2478.06,2478.33,2475.48,2475.49,410.9056
2026-09-13 12:39:00,2475.5,2477.67,2475.0,2476.01,288.105
2026-09-13 12:42:00,2476.02,2477.46,2476.01,2476.03,364.9828
2026-09-13 12:45:00,2476.04,2476.32,2475.61,2475.99,233.1646
2026-09-13 12:48:00,2475.99,2476.97,2475.27,2476.06,365.4088
2026-09-13 12:51:00,2476.06,2478.25,2475.53,2477.75,295.4847
2026-09-13 12:54:00,2477.76,2477.76,2476.42,2477.72,262.5141
2026-09-13 12:57:00,2477.72,2478.33,2477.36,2477.56,335.16
2026-09-13 13:00:00,2477.56,2477.57,2475.89,2475.9,188.4845
2026-09-13 13:03:00,2475.89,2475.9,2473.81,2475.77,480.9542
2026-09-13 13:06:00,2475.76,2475.76,2473.04,2475.46,523.6396
2026-09-13 13:09:00,2475.46,2476.36,2475.46,2476.35,235.5418
2026-09-13 13:12:00,2476.35,2478.14,2475.73,2477.51,492.0129
2026-09-13 13:15:00,2477.5,2477.5,2473.57,2473.8,532.8998
2026-09-13 13:18:00,2473.8,2474.16,2470.96,2471.51,798.2618
2026-09-13 13:21:00,2471.52,2471.77,2469.03,2469.04,1273.4546
2026-09-13 13:24:00,2469.03,2470.48,2462.02,2464.98,2964.6317
2026-09-13 13:27:00,2464.99,2467.15,2464.99,2467.14,508.4278
2026-09-13 13:30:00,2467.13,2469.27,2467.13,2468.21,479.3107
2026-09-13 13:33:00,2468.21,2472.12,2468.21,2471.69,531.1896
2026-09-13 13:36:00,2471.69,2473.59,2471.69,2473.45,390.3755
2026-09-13 13:39:00,2473.44,2475.51,2472.65,2473.53,438.5926
2026-09-13 13:42:00,2473.54,2476.62,2473.54,2476.0,403.7865
2026-09-13 13:45:00,2475.99,2478.55,2475.99,2478.55,436.9266
2026-09-13 13:48:00,2478.54,2480.23,2478.11,2478.79,539.8916
2026-09-13 13:51:00,2478.8,2483.48,2478.62,2479.78,1094.3407
2026-09-13 13:54:00,2479.77,2479.77,2478.14,2478.41,227.3387
2026-09-13 13:57:00,2478.41,2479.08,2478.41,2479.08,191.4249
2026-09-13 14:00:00,2479.08,2480.67,2478.78,2480.66,341.6841
2026-09-13 14:03:00,2480.66,2480.99,2479.4,2480.95,330.3009
2026-09-13 14:06:00,2480.95,2483.54,2480.95,2483.53,493.9162
2026-09-13 14:09:00,2483.53,2484.5,2483.18,2483.27,521.5088
2026-09-13 14:12:00,2483.28,2485.0,2483.27,2485.0,342.3161
2026-09-13 14:15:00,2485.0,2489.89,2484.99,2486.8,768.3436
2026-09-13 14:18:00,2486.79,2489.96,2485.68,2489.96,464.7102
2026-09-13 14:21:00,2489.95,2492.03,2488.79,2491.37,587.3716
2026-09-13 14:24:00,2491.36,2492.29,2489.2,2490.95,478.2961
2026-09-13 14:27:00,2490.95,2491.82,2490.03,2490.64,402.4488
2026-09-13 14:30:00,2490.64,2491.87,2490.0,2491.44,500.0102
2026-09-13 14:33:00,2491.45,2491.45,2489.01,2491.4,514.669
2026-09-13 14:36:00,2491.4,2493.13,2489.73,2493.12,496.4011
2026-09-13 14:39:00,2493.13,2495.04,2489.76,2492.25,971.4331
2026-09-13 14:42:00,2492.24,2493.46,2492.09,2492.79,666.1188
2026-09-13 14:45:00,2492.78,2495.68,2492.54,2494.0,942.1363
2026-09-13 14:48:00,2494.0,2494.0,2492.01,2492.02,455.1718
2026-09-13 14:51:00,2492.01,2492.34,2490.26,2491.77,887.9695
2026-09-13 14:54:00,2491.77,2492.45,2490.35,2491.38,327.0824
2026-09-13 14:57:00,2491.38,2493.18,2491.38,2492.76,694.5313
2026-09-13 15:00:00,2492.76,2492.8,2488.55,2489.05,1034.0965
2026-09-13 15:03:00,2489.05,2489.29,2485.91,2486.09,561.7022
2026-09-13 15:06:00,2486.08,2488.97,2485.42,2488.95,728.6488
2026-09-13 15:09:00,2488.94,2489.82,2488.02,2488.1,267.7696
2026-09-13 15:12:00,2488.1,2488.98,2486.98,2488.13,1438.3314
2026-09-13 15:15:00,2488.13,2488.13,2484.65,2485.44,519.5181
2026-09-13 15:18:00,2485.44,2485.79,2482.86,2485.78,878.6456
2026-09-13 15:21:00,2485.79,2488.76,2485.78,2488.22,608.0442
2026-09-13 15:24:00,2488.23,2492.37,2487.81,2489.48,698.4102
2026-09-13 15:27:00,2489.47,2489.48,2486.57,2486.95,725.8666
2026-09-13 15:30:00,2486.96,2489.7,2486.96,2489.7,273.8765
2026-09-13 15:33:00,2489.69,2490.96,2489.28,2490.0,824.8521
2026-09-13 15:36:00,2490.0,2490.01,2488.32,2489.42,589.4819
2026-09-13 15:39:00,2489.42,2489.42,2487.94,2489.27,337.4472
2026-09-13 15:42:00,2489.27,2491.37,2489.27,2490.82,618.6282
2026-09-13 15:45:00,2490.83,2490.86,2490.08,2490.08,422.9992
2026-09-13 15:48:00,2490.09,2491.17,2489.19,2490.54,581.6164
2026-09-13 15:51:00,2490.55,2491.96,2489.8,2490.99,584.0752
2026-09-13 15:54:00,2490.98,2491.52,2490.11,2490.32,265.8322
2026-09-13 15:57:00,2490.33,2492.85,2490.26,2491.1,751.4282
2026-09-13 16:00:00,2491.1,2494.86,2490.8,2494.71,648.4614
2026-09-13 16:03:00,2494.72,2496.51,2493.79,2493.8,800.7938
2026-09-13 16:06:00,2493.79,2500.2,2493.79,2497.05,1779.0634
2026-09-13 16:09:00,2497.05,2503.06,2496.67,2501.14,1344.5108
2026-09-13 16:12:00,2501.14,2505.86,2501.13,2501.32,3148.1294
2026-09-13 16:15:00,2501.33,2501.33,2498.63,2499.22,1117.9392
2026-09-13 16:18:00,2499.22,2501.4,2498.44,2501.0,757.2281
2026-09-13 16:21:00,2501.01,2502.17,2500.31,2501.78,778.9806
2026-09-13 16:24:00,2501.77,2503.68,2501.75,2502.75,527.3374
2026-09-13 16:27:00,2502.75,2504.56,2502.35,2502.85,840.1379
2026-09-13 16:30:00,2502.86,2504.06,2502.11,2502.11,828.1562
2026-09-13 16:33:00,2502.11,2502.12,2500.6,2501.19,1411.6984
2026-09-13 16:36:00,2501.2,2502.6,2501.19,2502.6,230.8746
2026-09-13 16:39:00,2502.6,2503.72,2502.59,2503.64,379.4242
2026-09-13 16:42:00,2503.64,2505.26,2503.15,2504.12,758.0976
2026-09-13 16:45:00,2504.12,2505.02,2502.23,2504.29,751.9203
2026-09-13 16:48:00,2504.29,2504.29,2503.15,2503.28,360.8194
2026-09-13 16:51:00,2503.28,2505.69,2503.28,2504.93,585.2143
2026-09-13 16:54:00,2504.93,2505.97,2504.43,2505.56,540.6707
2026-09-13 16:57:00,2505.56,2505.57,2504.59,2504.59,318.5575
2026-09-13 17:00:00,2504.6,2506.0,2504.19,2505.99,255.8304
2026-09-13 17:03:00,2506.0,2507.0,2505.55,2506.99,430.3072
2026-09-13 17:06:00,2506.99,2507.48,2506.61,2507.48,506.8224
2026-09-13 17:09:00,2507.49,2509.7,2507.42,2509.33,1069.6145
2026-09-13 17:12:00,2509.32,2513.06,2508.61,2509.43,1474.505
2026-09-13 17:15:00,2509.43,2510.81,2508.4,2508.4,647.7626
2026-09-13 17:18:00,2508.41,2509.81,2507.8,2507.81,637.4729
2026-09-13 17:21:00,2507.81,2508.22,2506.54,2507.46,856.1571
2026-09-13 17:24:00,2507.46,2507.47,2505.86,2505.91,669.6233
2026-09-13 17:27:00,2505.91,2506.25,2505.49,2505.5,538.4588
2026-09-13 17:30:00,2505.5,2506.13,2504.17,2504.17,1265.866
2026-09-13 17:33:00,2504.17,2504.17,2503.01,2503.01,553.529
2026-09-13 17:36:00,2503.02,2505.3,2503.01,2504.16,707.5888
2026-09-13 17:39:00,2504.16,2504.9,2504.15,2504.42,544.1771
2026-09-13 17:42:00,2504.43,2504.43,2503.73,2503.78,262.7369
2026-09-13 17:45:00,2503.77,2505.76,2503.77,2505.13,279.9807
2026-09-13 17:48:00,2505.13,2505.37,2504.53,2505.36,445.196
2026-09-13 17:51:00,2505.37,2505.97,2504.43,2504.44,301.5907
2026-09-13 17:54:00,2504.43,2505.82,2504.43,2505.34,568.7975
2026-09-13 17:57:00,2505.34,2505.35,2504.88,2504.89,236.8527
2026-09-13 18:00:00,2504.89,2506.68,2504.37,2505.39,1138.3778
2026-09-13 18:03:00,2505.38,2505.39,2505.0,2505.0,285.9334
2026-09-13 18:06:00,2505.01,2505.62,2504.73,2505.62,550.7503
2026-09-13 18:09:00,2505.62,2505.89,2505.09,2505.88,365.1356
2026-09-13 18:12:00,2505.88,2506.53,2504.81,2506.52,292.8474
2026-09-13 18:15:00,2506.52,2508.86,2505.96,2507.92,525.1441
2026-09-13 18:18:00,2507.93,2507.93,2506.93,2507.28,325.2813
2026-09-13 18:21:00,2507.28,2508.57,2507.28,2507.33,171.2457
2026-09-13 18:24:00,2507.33,2508.4,2507.04,2507.04,331.3029
2026-09-13 18:27:00,2507.04,2507.04,2506.25,2506.25,131.0611
2026-09-13 18:30:00,2506.25,2508.35,2506.25,2507.08,515.2
2026-09-13 18:33:00,2507.08,2508.36,2506.47,2508.35,253.6204
2026-09-13 18:36:00,2508.35,2509.08,2508.35,2508.9,247.2503
2026-09-13 18:39:00,2508.9,2509.08,2508.78,2508.79,325.688
2026-09-13 18:42:00,2508.78,2508.79,2507.81,2508.57,228.8871
2026-09-13 18:45:00,2508.58,2508.9,2508.57,2508.9,231.7374
2026-09-13 18:48:00,2508.9,2509.07,2508.57,2509.07,454.8079
2026-09-13 18:51:00,2509.07,2509.52,2509.0,2509.04,328.6807
2026-09-13 18:54:00,2509.05,2509.64,2508.43,2509.15,711.5131
2026-09-13 18:57:00,2509.15,2509.6,2509.14,2509.49,242.3681
2026-09-13 19:00:00,2509.48,2512.13,2509.48,2511.66,586.0597
2026-09-13 19:03:00,2511.66,2511.67,2509.47,2511.38,361.2234
2026-09-13 19:06:00,2511.38,2515.36,2511.38,2512.12,2566.4212
2026-09-13 19:09:00,2512.12,2512.65,2510.12,2510.67,892.6876
2026-09-13 19:12:00,2510.68,2510.68,2508.75,2508.76,544.6219
2026-09-13 19:15:00,2508.76,2510.24,2508.75,2508.93,329.2564
2026-09-13 19:18:00,2508.93,2508.93,2507.0,2507.0,352.1795
2026-09-13 19:21:00,2507.0,2507.56,2506.14,2507.55,994.7156
2026-09-13 19:24:00,2507.55,2507.74,2507.16,2507.73,211.9943
2026-09-13 19:27:00,2507.74,2507.74,2507.73,2507.73,149.4208
2026-09-13 19:30:00,2507.73,2507.74,2505.36,2505.59,574.5164
2026-09-13 19:33:00,2505.58,2505.59,2503.77,2503.96,770.6889
2026-09-13 19:36:00,2503.96,2504.99,2503.19,2504.52,674.2915
2026-09-13 19:39:00,2504.52,2505.45,2504.51,2505.44,173.835
2026-09-13 19:42:00,2505.44,2505.45,2504.11,2505.27,273.5404
2026-09-13 19:45:00,2505.28,2505.72,2505.27,2505.55,120.009
2026-09-13 19:48:00,2505.55,2505.67,2504.76,2505.43,230.4797
2026-09-13 19:51:00,2505.44,2505.58,2504.28,2505.15,155.6165
2026-09-13 19:54:00,2505.15,2506.0,2505.15,2506.0,30.2999
2026-09-13 19:57:00,2506.0,2506.03,2504.7,2506.02,200.0705
2026-09-13 20:00:00,2506.03,2507.19,2506.03,2507.18,137.7749
2026-09-13 20:03:00,2507.19,2507.19,2506.27,2506.49,146.9361
2026-09-13 20:06:00,2506.48,2507.26,2506.27,2507.25,217.7501
2026-09-13 20:09:00,2507.25,2507.47,2506.84,2506.84,77.0175
2026-09-13 20:12:00,2506.84,2507.88,2506.84,2507.87,40.6374
2026-09-13 20:15:00,2507.88,2507.88,2507.78,2507.8,81.6074
2026-09-13 20:18:00,2507.8,2509.16,2507.8,2509.15,73.1837
2026-09-13 20:21:00,2509.15,2509.16,2507.9,2509.16,102.2288
2026-09-13 20:24:00,2509.15,2509.96,2509.15,2509.95,101.0116
2026-09-13 20:27:00,2509.95,2510.43,2509.95,2510.02,113.7994
2026-09-13 20:30:00,2510.02,2512.0,2510.02,2511.55,217.7405
2026-09-13 20:33:00,2511.54,2512.58,2509.32,2509.69,175.7787
2026-09-13 20:36:00,2509.7,2510.23,2509.0,2509.01,277.9495
2026-09-13 20:39:00,2509.01,2510.23,2509.0,2510.11,48.1357
2026-09-13 20:42:00,2510.11,2511.71,2510.11,2511.71,42.8813
2026-09-13 20:45:00,2511.7,2513.0,2511.7,2512.99,105.8857
2026-09-13 20:48:00,2513.0,2515.2,2512.99,2513.74,313.1614
2026-09-13 20:51:00,2513.75,2514.27,2513.75,2514.19,37.9519
2026-09-13 20:54:00,2514.19,2514.71,2513.79,2513.95,313.0688
2026-09-13 20:57:00,2513.96,2513.96,2512.61,2512.85,167.0748
2026-09-13 21:00:00,2512.86,2513.68,2512.17,2513.08,68.7738
2026-09-13 21:03:00,2513.08,2513.08,2511.62,2512.05,320.453
2026-09-13 21:06:00,2512.05,2513.25,2511.73,2513.24,175.6999
2026-09-13 21:09:00,2513.25,2514.99,2513.24,2514.98,79.1739
2026-09-13 21:12:00,2514.99,2515.68,2514.23,2514.58,458.5018
2026-09-13 21:15:00,2514.58,2516.58,2514.58,2515.11,207.0942
2026-09-13 21:18:00,2515.1,2516.52,2514.58,2515.26,170.3932
2026-09-13 21:21:00,2515.26,2516.13,2514.37,2515.22,91.1543
2026-09-13 21:24:00,2515.22,2515.65,2513.91,2514.02,87.0941
2026-09-13 21:27:00,2514.02,2514.1,2513.49,2513.5,37.6947
2026-09-13 21:30:00,2513.5,2513.5,2511.98,2513.5,254.2666
2026-09-13 21:33:00,2513.49,2513.5,2512.1,2512.1,50.7707
2026-09-13 21:36:00,2512.11,2512.11,2511.66,2511.81,134.467
2026-09-13 21:39:00,2511.82,2511.99,2510.58,2511.97,382.2284
2026-09-13 21:42:00,2511.97,2513.05,2511.14,2512.11,206.8714
2026-09-13 21:45:00,2512.11,2512.12,2510.81,2511.56,67.351
2026-09-13 21:48:00,2511.55,2511.55,2509.71,2509.84,58.4786
2026-09-13 21:51:00,2509.84,2510.73,2509.29,2509.93,155.6246
2026-09-13 21:54:00,2509.94,2510.36,2509.56,2509.57,43.8896
2026-09-13 21:57:00,2509.56,2509.91,2508.63,2508.96,66.5279
2026-09-13 22:00:00,2508.95,2508.95,2497.69,2499.4,2749.5339
2026-09-13 22:03:00,2499.41,2499.52,2493.37,2495.54,697.5714
2026-09-13 22:06:00,2495.54,2496.27,2484.54,2489.4,2576.7028
2026-09-13 22:09:00,2489.31,2492.81,2488.48,2490.86,366.6336
2026-09-13 22:12:00,2490.85,2493.59,2487.93,2488.18,528.1933
2026-09-13 22:15:00,2488.19,2488.22,2478.52,2480.73,1771.8135
2026-09-13 22:18:00,2480.78,2483.58,2476.98,2479.5,580.735
2026-09-13 22:21:00,2479.5,2481.33,2478.08,2479.2,354.1739
2026-09-13 22:24:00,2479.19,2481.98,2478.4,2480.89,366.8502
2026-09-13 22:27:00,2480.73,2482.22,2474.76,2481.58,691.295
2026-09-13 22:30:00,2481.58,2482.05,2476.05,2476.05,537.0008
2026-09-13 22:33:00,2476.06,2483.51,2476.06,2481.14,757.6801
2026-09-13 22:36:00,2481.14,2482.85,2479.2,2480.46,384.1607
2026-09-13 22:39:00,2480.45,2480.45,2474.49,2474.65,483.4265
2026-09-13 22:42:00,2474.66,2476.38,2473.5,2474.76,290.425
2026-09-13 22:45:00,2474.77,2480.02,2474.76,2476.82,405.8809
2026-09-13 22:48:00,2476.82,2479.0,2475.62,2478.22,346.1882
2026-09-13 22:51:00,2478.22,2481.48,2477.22,2479.71,476.0816
2026-09-13 22:54:00,2479.72,2479.73,2472.46,2473.65,840.1246
2026-09-13 22:57:00,2473.66,2476.57,2473.66,2475.57,394.5328
2026-09-13 23:00:00,2475.56,2478.65,2475.2,2478.31,516.8002
2026-09-13 23:03:00,2478.31,2480.19,2477.75,2477.75,516.1955
2026-09-13 23:06:00,2477.75,2478.64,2476.62,2477.43,645.3431
2026-09-13 23:09:00,2477.42,2478.62,2475.56,2476.63,310.3389
2026-09-13 23:12:00,2476.63,2476.63,2473.44,2474.95,528.9162
2026-09-13 23:15:00,2474.95,2476.28,2471.0,2472.84,627.5682
2026-09-13 23:18:00,2472.84,2472.86,2470.68,2472.53,378.8933
2026-09-13 23:21:00,2472.54,2475.3,2472.17,2475.3,290.363
2026-09-13 23:24:00,2475.3,2478.14,2474.78,2475.01,537.1247
2026-09-13 23:27:00,2475.02,2476.25,2474.61,2474.89,198.3852
2026-09-13 23:30:00,2474.89,2481.37,2474.89,2480.04,854.8636
2026-09-13 23:33:00,2480.04,2480.32,2476.52,2477.73,347.1734
2026-09-13 23:36:00,2477.74,2481.8,2476.36,2478.84,506.5728
2026-09-13 23:39:00,2478.84,2478.84,2474.9,2475.84,326.056
2026-09-13 23:42:00,2475.85,2478.48,2475.85,2476.62,299.747
2026-09-13 23:45:00,2476.61,2478.06,2475.43,2477.45,431.3005
2026-09-13 23:48:00,2477.45,2478.27,2475.56,2475.56,183.1468
2026-09-13 23:51:00,2475.57,2476.98,2475.17,2476.97,219.8597
2026-09-13 23:54:00,2476.97,2477.34,2474.0,2475.46,414.4561
2026-09-13 23:57:00,2475.46,2478.37,2475.46,2477.1,138.6986
2026-09-14 00:00:00,2477.1,2479.13,2476.34,2477.44,366.7709
2026-09-14 00:03:00,2477.44,2479.82,2476.67,2479.13,451.3049
2026-09-14 00:06:00,2479.12,2491.63,2478.81,2487.59,1885.9938
2026-09-14 00:09:00,2487.6,2488.52,2481.8,2483.37,466.0383
2026-09-14 00:12:00,2483.37,2487.38,2483.3,2485.76,210.4692
2026-09-14 00:15:00,2485.76,2487.5,2484.35,2484.4,341.447
2026-09-14 00:18:00,2484.41,2486.67,2483.04,2483.98,206.7061
2026-09-14 00:21:00,2483.98,2483.98,2477.16,2479.96,514.0141
2026-09-14 00:24:00,2479.96,2479.96,2470.8,2473.05,842.6021
2026-09-14 00:27:00,2473.04,2473.45,2464.71,2469.48,3153.4389
2026-09-14 00:30:00,2469.48,2482.34,2468.17,2480.44,1001.2965
2026-09-14 00:33:00,2480.45,2485.92,2479.36,2481.33,862.1989
2026-09-14 00:36:00,2481.33,2483.52,2480.0,2482.32,229.721
2026-09-14 00:39:00,2482.32,2483.03,2480.61,2483.02,165.9701
2026-09-14 00:42:00,2483.03,2484.0,2481.64,2482.99,273.6385
2026-09-14 00:45:00,2482.99,2486.37,2482.55,2485.31,248.5277
2026-09-14 00:48:00,2485.31,2485.57,2482.29,2484.41,159.5466
2026-09-14 00:51:00,2484.4,2484.91,2483.17,2484.6,155.6062
2026-09-14 00:54:00,2484.61,2486.1,2484.59,2484.59,112.7461
2026-09-14 00:57:00,2484.58,2486.12,2484.31,2484.42,149.0951
2026-09-14 01:00:00,2484.41,2486.14,2482.7,2485.96,210.9474
2026-09-14 01:03:00,2485.97,2486.37,2482.58,2483.25,207.8247
2026-09-14 01:06:00,2483.24,2483.24,2480.27,2482.16,306.4253
2026-09-14 01:09:00,2482.15,2487.94,2482.0,2486.36,482.2154
2026-09-14 01:12:00,2486.36,2486.36,2481.23,2481.74,169.2264
2026-09-14 01:15:00,2481.73,2481.73,2476.31,2476.78,393.8967
2026-09-14 01:18:00,2476.74,2479.65,2476.74,2478.48,359.9254
2026-09-14 01:21:00,2478.48,2482.41,2477.26,2480.93,124.4339
2026-09-14 01:24:00,2480.93,2483.97,2480.58,2483.69,227.6452
2026-09-14 01:27:00,2483.68,2486.77,2483.68,2483.9,200.5055
2026-09-14 01:30:00,2483.9,2484.0,2480.12,2480.51,124.447
2026-09-14 01:33:00,2480.51,2480.51,2473.7,2475.86,465.0451
2026-09-14 01:36:00,2475.86,2480.48,2475.86,2480.48,235.9857
2026-09-14 01:39:00,2480.48,2486.06,2480.48,2486.06,219.4681
2026-09-14 01:42:00,2486.05,2486.36,2481.18,2481.2,196.6524
2026-09-14 01:45:00,2481.2,2483.62,2479.91,2483.62,149.5936
2026-09-14 01:48:00,2483.62,2484.91,2482.5,2482.64,137.9239
2026-09-14 01:51:00,2482.64,2486.42,2482.13,2486.36,291.5579
2026-09-14 01:54:00,2486.37,2491.06,2486.37,2489.13,506.8774
2026-09-14 01:57:00,2489.13,2495.97,2489.13,2493.56,605.3987
2026-09-14 02:00:00,2493.56,2493.56,2491.41,2491.55,342.3458
2026-09-14 02:03:00,2491.56,2492.87,2490.77,2491.41,153.6171
2026-09-14 02:06:00,2491.4,2497.86,2491.4,2497.86,390.4783
2026-09-14 02:09:00,2497.86,2502.17,2496.54,2502.06,959.4903
2026-09-14 02:12:00,2502.06,2506.0,2500.63,2504.35,1850.5627
2026-09-14 02:15:00,2504.36,2504.36,2500.23,2500.23,537.6733
2026-09-14 02:18:00,2500.24,2501.0,2499.15,2500.54,499.4514
2026-09-14 02:21:00,2500.53,2505.1,2500.36,2504.15,505.605
2026-09-14 02:24:00,2504.16,2510.65,2503.34,2509.12,1084.8665
2026-09-14 02:27:00,2509.13,2510.43,2504.19,2505.14,794.8431
2026-09-14 02:30:00,2505.15,2509.7,2505.15,2506.42,555.7841
2026-09-14 02:33:00,2506.42,2506.43,2504.02,2504.39,614.2988
2026-09-14 02:36:00,2504.4,2504.4,2500.32,2501.0,606.1823
2026-09-14 02:39:00,2501.0,2502.17,2500.43,2501.76,237.7862
2026-09-14 02:42:00,2501.76,2504.69,2501.75,2504.15,318.4622
2026-09-14 02:45:00,2504.15,2509.35,2504.15,2508.4,675.9944
2026-09-14 02:48:00,2508.4,2512.41,2508.02,2511.25,1019.9677
2026-09-14 02:51:00,2511.24,2513.01,2509.76,2512.24,718.7037
2026-09-14 02:54:00,2512.24,2513.57,2510.73,2511.25,465.5127
2026-09-14 02:57:00,2511.25,2511.56,2509.79,2511.42,116.2831
2026-09-14 03:00:00,2511.42,2514.69,2510.79,2514.41,303.3864
2026-09-14 03:03:00,2514.42,2514.42,2511.34,2513.33,155.7212
2026-09-14 03:06:00,2513.32,2518.8,2512.73,2518.78,1012.9754
2026-09-14 03:09:00,2518.78,2519.53,2516.59,2517.99,1048.8008
2026-09-14 03:12:00,2518.0,2520.0,2517.24,2518.45,896.9734
2026-09-14 03:15:00,2518.46,2519.54,2515.96,2516.44,896.4286
2026-09-14 03:18:00,2516.45,2519.83,2515.56,2519.47,624.0381
2026-09-14 03:21:00,2519.46,2519.53,2516.7,2516.83,260.202
2026-09-14 03:24:00,2516.84,2518.55,2516.16,2518.54,255.4975
2026-09-14 03:27:00,2518.55,2519.0,2516.39,2516.39,260.4036
2026-09-14 03:30:00,2516.4,2516.4,2513.11,2513.92,376.6582
2026-09-14 03:33:00,2513.92,2514.64,2511.42,2514.61,1316.6595
2026-09-14 03:36:00,2514.61,2514.61,2510.72,2510.72,189.6719
2026-09-14 03:39:00,2510.72,2510.72,2507.78,2508.06,463.3267
2026-09-14 03:42:00,2508.06,2509.9,2506.69,2509.54,510.2426
2026-09-14 03:45:00,2509.54,2510.99,2509.53,2510.99,214.5193
2026-09-14 03:48:00,2510.99,2511.48,2509.24,2510.05,190.9023
2026-09-14 03:51:00,2510.06,2512.58,2509.99,2512.44,363.324
2026-09-14 03:54:00,2512.43,2512.68,2511.65,2512.04,107.0116
2026-09-14 03:57:00,2512.04,2513.17,2511.02,2512.96,266.1888
2026-09-14 04:00:00,2512.96,2515.0,2511.71,2511.71,344.8392
2026-09-14 04:03:00,2511.7,2512.58,2511.7,2512.51,246.3023
2026-09-14 04:06:00,2512.51,2515.0,2511.89,2512.84,348.4885
2026-09-14 04:09:00,2512.84,2514.4,2512.26,2512.38,331.8688
2026-09-14 04:12:00,2512.39,2512.64,2511.41,2511.98,157.9288
2026-09-14 04:15:00,2511.98,2513.46,2511.15,2512.38,368.3583
2026-09-14 04:18:00,2512.39,2513.8,2511.64,2513.8,153.7158
2026-09-14 04:21:00,2513.8,2518.01,2513.67,2517.84,1650.4999
2026-09-14 04:24:00,2517.84,2518.25,2515.78,2516.01,409.6366
2026-09-14 04:27:00,2516.0,2516.66,2514.1,2514.1,229.9284
2026-09-14 04:30:00,2514.1,2514.68,2512.47,2512.47,110.0657
2026-09-14 04:33:00,2512.46,2515.32,2511.9,2515.02,445.0173
2026-09-14 04:36:00,2515.01,2515.3,2513.91,2514.38,159.6127
2026-09-14 04:39:00,2514.37,2516.25,2514.37,2516.25,113.0328
2026-09-14 04:42:00,2516.25,2517.16,2515.58,2516.01,168.7445
2026-09-14 04:45:00,2516.01,2518.0,2515.0,2515.69,447.6225
2026-09-14 04:48:00,2515.69,2517.58,2515.69,2516.97,429.8048
2026-09-14 04:51:00,2516.96,2516.96,2514.84,2514.92,95.1082
2026-09-14 04:54:00,2514.91,2515.38,2514.25,2514.26,492.2449
2026-09-14 04:57:00,2514.25,2514.98,2512.97,2514.97,168.0277
2026-09-14 05:00:00,2514.98,2515.74,2511.99,2513.07,1178.7687
2026-09-14 05:03:00,2513.07,2514.56,2512.94,2514.55,65.1498
2026-09-14 05:06:00,2514.56,2514.98,2513.12,2513.12,76.7517
2026-09-14 05:09:00,2513.11,2513.12,2511.09,2512.0,223.9847
2026-09-14 05:12:00,2512.0,2514.99,2511.82,2514.92,194.5537
2026-09-14 05:15:00,2514.92,2515.0,2512.34,2512.34,187.8552
2026-09-14 05:18:00,2512.35,2513.1,2511.73,2512.97,321.8289
2026-09-14 05:21:00,2512.97,2512.99,2512.06,2512.06,95.69
2026-09-14 05:24:00,2512.06,2512.06,2510.31,2511.2,257.6614
2026-09-14 05:27:00,2511.21,2511.46,2510.95,2511.16,198.4335
2026-09-14 05:30:00,2511.17,2511.98,2510.3,2511.75,131.091
2026-09-14 05:33:00,2511.74,2511.75,2510.27,2511.47,163.3795
2026-09-14 05:36:00,2511.46,2515.0,2509.94,2515.0,273.4842
2026-09-14 05:39:00,2515.0,2515.88,2514.6,2515.49,272.3155
2026-09-14 05:42:00,2515.5,2515.7,2512.5,2514.29,133.0217
2026-09-14 05:45:00,2514.29,2514.78,2513.18,2513.18,103.4474
2026-09-14 05:48:00,2513.18,2513.6,2511.0,2511.01,590.7958
2026-09-14 05:51:00,2511.0,2512.23,2511.0,2512.22,62.1392
2026-09-14 05:54:00,2512.22,2515.28,2512.21,2515.15,324.6752
2026-09-14 05:57:00,2515.15,2516.3,2514.96,2516.28,364.4555
2026-09-14 06:00:00,2516.29,2519.31,2514.91,2518.42,482.4563
2026-09-14 06:03:00,2518.42,2524.46,2518.23,2523.24,3487.7421
2026-09-14 06:06:00,2523.24,2527.12,2522.32,2524.84,3831.8406
2026-09-14 06:09:00,2524.84,2526.85,2522.17,2526.58,577.5408
2026-09-14 06:12:00,2526.58,2527.06,2522.13,2522.94,423.608
2026-09-14 06:15:00,2522.94,2523.92,2522.03,2523.12,298.715
2026-09-14 06:18:00,2523.11,2523.12,2520.55,2520.81,295.5044
2026-09-14 06:21:00,2520.81,2520.81,2518.2,2518.32,286.7294
2026-09-14 06:24:00,2518.32,2518.9,2518.31,2518.7,298.6871
2026-09-14 06:27:00,2518.69,2518.69,2514.92,2514.92,291.7122
2026-09-14 06:30:00,2514.92,2514.96,2508.12,2508.82,661.2502
2026-09-14 06:33:00,2508.83,2513.17,2508.12,2513.09,243.0187
2026-09-14 06:36:00,2513.09,2514.06,2512.23,2513.95,648.2325
2026-09-14 06:39:00,2513.95,2520.0,2513.71,2519.45,686.2069
2026-09-14 06:42:00,2519.45,2522.44,2518.82,2521.07,815.5958
2026-09-14 06:45:00,2521.07,2521.31,2518.78,2520.48,397.4035
2026-09-14 06:48:00,2520.48,2520.48,2516.94,2517.29,477.2928
2026-09-14 06:51:00,2517.29,2517.71,2515.8,2515.94,393.0659
2026-09-14 06:54:00,2515.95,2517.0,2515.48,2515.56,233.417
2026-09-14 06:57:00,2515.57,2515.57,2514.54,2514.72,418.0153
2026-09-14 07:00:00,2514.73,2516.0,2511.5,2516.0,461.5641
2026-09-14 07:03:00,2516.0,2519.28,2516.0,2518.57,510.5175
2026-09-14 07:06:00,2518.58,2519.0,2517.06,2518.61,1110.5619
2026-09-14 07:09:00,2518.6,2518.87,2517.12,2518.87,413.8009
2026-09-14 07:12:00,2518.87,2520.0,2518.11,2519.96,418.7549
2026-09-14 07:15:00,2519.96,2524.0,2519.42,2521.98,2231.6183
2026-09-14 07:18:00,2521.98,2523.65,2521.41,2521.41,392.2289
2026-09-14 07:21:00,2521.42,2522.21,2521.07,2522.06,165.7388
2026-09-14 07:24:00,2522.06,2522.15,2520.73,2521.08,265.8745
2026-09-14 07:27:00,2521.08,2521.95,2520.25,2520.38,573.2363
2026-09-14 07:30:00,2520.38,2520.38,2519.54,2519.54,242.0791
2026-09-14 07:33:00,2519.54,2520.05,2518.59,2520.04,270.241
2026-09-14 07:36:00,2520.04,2522.03,2520.04,2521.58,416.194
2026-09-14 07:39:00,2521.57,2523.57,2521.27,2522.99,863.5111
2026-09-14 07:42:00,2522.98,2526.66,2522.98,2525.18,1114.903
2026-09-14 07:45:00,2525.18,2525.36,2521.72,2523.29,611.5836
2026-09-14 07:48:00,2523.29,2523.5,2522.28,2522.58,527.2803
2026-09-14 07:51:00,2522.58,2522.85,2520.49,2521.57,750.8814
2026-09-14 07:54:00,2521.57,2522.59,2521.08,2521.93,428.5165
2026-09-14 07:57:00,2521.93,2523.48,2521.44,2523.47,717.1427
2026-09-14 08:00:00,2523.48,2523.94,2520.17,2520.18,1284.9165
2026-09-14 08:03:00,2520.18,2520.78,2516.64,2520.04,994.7103
2026-09-14 08:06:00,2520.04,2522.93,2519.92,2522.13,821.3183
2026-09-14 08:09:00,2522.14,2530.0,2519.0,2524.2,6411.5188
2026-09-14 08:12:00,2524.2,2524.21,2521.88,2521.88,727.4135
2026-09-14 08:15:00,2521.88,2522.4,2519.24,2522.34,1354.9148
2026-09-14 08:18:00,2522.33,2522.75,2520.24,2522.43,378.2381
2026-09-14 08:21:00,2522.44,2525.13,2522.43,2524.55,379.7106
2026-09-14 08:24:00,2524.55,2532.91,2523.22,2525.79,2810.2817
2026-09-14 08:27:00,2525.79,2526.93,2521.77,2521.77,425.7849
2026-09-14 08:30:00,2521.76,2523.96,2520.82,2521.66,652.7369
2026-09-14 08:33:00,2521.67,2521.72,2520.0,2520.59,415.2142
2026-09-14 08:36:00,2520.59,2522.78,2520.18,2521.53,209.3169
2026-09-14 08:39:00,2521.52,2524.7,2521.52,2524.7,501.8524
2026-09-14 08:42:00,2524.7,2524.85,2521.58,2521.93,215.0664
2026-09-14 08:45:00,2521.92,2522.32,2518.93,2518.93,486.7885
2026-09-14 08:48:00,2518.93,2518.94,2517.21,2517.21,453.7846
2026-09-14 08:51:00,2517.21,2518.05,2516.6,2516.6,356.6654
2026-09-14 08:54:00,2516.6,2517.93,2516.06,2517.43,439.847
2026-09-14 08:57:00,2517.43,2518.65,2516.77,2518.64,104.6553
2026-09-14 09:00:00,2518.65,2520.39,2518.15,2518.16,215.2327
2026-09-14 09:03:00,2518.16,2519.54,2517.62,2518.38,267.9755
2026-09-14 09:06:00,2518.37,2518.66,2515.28,2518.42,294.3496
2026-09-14 09:09:00,2518.42,2519.98,2515.88,2515.89,551.5946
2026-09-14 09:12:00,2515.89,2516.07,2514.39,2515.04,263.9532
2026-09-14 09:15:00,2515.03,2515.44,2511.92,2514.74,924.043
2026-09-14 09:18:00,2514.74,2516.2,2512.9,2516.19,258.9667
2026-09-14 09:21:00,2516.19,2516.19,2511.47,2512.74,626.9437
2026-09-14 09:24:00,2512.73,2514.74,2511.24,2514.74,627.0686
2026-09-14 09:27:00,2514.74,2519.61,2513.66,2519.29,335.7582
2026-09-14 09:30:00,2519.3,2524.94,2519.02,2519.52,1230.868
2026-09-14 09:33:00,2519.52,2522.46,2519.52,2520.81,267.6987
2026-09-14 09:36:00,2520.81,2521.36,2518.94,2519.37,256.7434
2026-09-14 09:39:00,2519.36,2521.97,2518.94,2520.61,416.7588
2026-09-14 09:42:00,2520.61,2523.84,2520.61,2522.15,364.3582
2026-09-14 09:45:00,2522.15,2524.78,2521.99,2523.81,311.3637
2026-09-14 09:48:00,2523.81,2528.62,2522.71,2528.33,794.2015
2026-09-14 09:51:00,2528.33,2535.0,2528.21,2532.01,2015.6037
2026-09-14 09:54:00,2532.03,2533.81,2525.85,2528.47,1047.7425
2026-09-14 09:57:00,2528.48,2529.43,2522.84,2523.94,761.0519
2026-09-14 10:00:00,2523.93,2525.07,2521.0,2521.0,312.0554
2026-09-14 10:03:00,2521.01,2525.45,2520.63,2520.84,646.6061
2026-09-14 10:06:00,2520.82,2523.39,2520.42,2520.73,544.8521
2026-09-14 10:09:00,2520.73,2521.03,2519.11,2520.51,300.7447
2026-09-14 10:12:00,2520.52,2520.52,2519.53,2520.05,151.6067
2026-09-14 10:15:00,2520.05,2520.63,2518.42,2518.86,244.0898
2026-09-14 10:18:00,2518.87,2518.89,2516.54,2517.37,270.6009
2026-09-14 10:21:00,2517.37,2519.34,2516.96,2518.05,172.8116
2026-09-14 10:24:00,2518.05,2518.08,2516.33,2516.43,265.2367
2026-09-14 10:27:00,2516.43,2517.16,2516.43,2517.15,120.7707
2026-09-14 10:30:00,2517.15,2517.52,2516.03,2516.38,221.013
2026-09-14 10:33:00,2516.37,2517.13,2515.99,2516.37,453.4741
2026-09-14 10:36:00,2516.36,2518.27,2516.36,2517.14,169.8282
2026-09-14 10:39:00,2517.14,2517.7,2515.87,2516.66,147.421
2026-09-14 10:42:00,2516.66,2518.44,2516.64,2517.14,638.7019
2026-09-14 10:45:00,2517.14,2519.18,2517.14,2518.18,124.9315
2026-09-14 10:48:00,2518.18,2519.32,2518.17,2518.84,319.6464
2026-09-14 10:51:00,2518.83,2518.83,2513.22,2514.25,811.0189
2026-09-14 10:54:00,2514.26,2515.81,2514.26,2515.45,184.7477
2026-09-14 10:57:00,2515.44,2515.45,2513.0,2513.17,148.1665
2026-09-14 11:00:00,2513.18,2515.11,2512.72,2513.03,505.4868
2026-09-14 11:03:00,2513.04,2513.04,2509.0,2509.92,654.7594
2026-09-14 11:06:00,2509.91,2511.17,2507.6,2510.04,680.4795
2026-09-14 11:09:00,2510.05,2513.48,2509.88,2513.42,273.1014
2026-09-14 11:12:00,2513.42,2513.77,2511.64,2511.64,212.0307
2026-09-14 11:15:00,2511.64,2512.99,2511.63,2512.98,257.992
2026-09-14 11:18:00,2512.98,2514.25,2512.44,2514.05,192.5844
2026-09-14 11:21:00,2514.05,2514.05,2513.5,2513.59,117.9054
2026-09-14 11:24:00,2513.6,2515.57,2513.59,2514.49,297.3475
2026-09-14 11:27:00,2514.49,2516.14,2514.48,2515.7,614.9785
2026-09-14 11:30:00,2515.7,2516.55,2514.09,2514.1,553.485
2026-09-14 11:33:00,2514.1,2514.1,2510.74,2512.04,391.9033
2026-09-14 11:36:00,2512.05,2514.53,2512.05,2513.59,231.8374
2026-09-14 11:39:00,2513.58,2514.57,2512.64,2512.7,148.7499
2026-09-14 11:42:00,2512.7,2513.1,2512.53,2512.54,57.4596
2026-09-14 11:45:00,2512.54,2512.55,2511.93,2512.06,128.9976
2026-09-14 11:48:00,2512.06,2512.77,2510.74,2510.74,211.1943
2026-09-14 11:51:00,2510.74,2510.75,2505.86,2506.37,629.5371
2026-09-14 11:54:00,2506.37,2508.75,2506.36,2508.37,472.7338
2026-09-14 11:57:00,2508.38,2509.21,2507.9,2509.21,292.4837
2026-09-14 12:00:00,2509.21,2510.82,2506.5,2510.02,320.3117
2026-09-14 12:03:00,2510.02,2511.17,2508.85,2510.48,257.2731
2026-09-14 12:06:00,2510.49,2511.96,2509.4,2510.91,447.1034
2026-09-14 12:09:00,2510.92,2513.09,2510.43,2512.4,664.7881
2026-09-14 12:12:00,2512.41,2513.0,2510.43,2512.13,664.3553
2026-09-14 12:15:00,2512.13,2514.53,2511.27,2514.52,606.4149
2026-09-14 12:18:00,2514.52,2515.41,2512.14,2512.15,493.9625
2026-09-14 12:21:00,2512.15,2515.03,2511.68,2514.88,178.2309
2026-09-14 12:24:00,2514.87,2515.29,2512.42,2512.43,308.0747
2026-09-14 12:27:00,2512.42,2516.02,2512.14,2515.93,497.6655
2026-09-14 12:30:00,2515.92,2518.0,2514.82,2518.0,424.8897
2026-09-14 12:33:00,2517.99,2518.71,2507.33,2509.95,1184.86
2026-09-14 12:36:00,2509.95,2511.43,2506.22,2509.88,760.5086
2026-09-14 12:39:00,2509.89,2512.15,2507.06,2510.68,602.2387
2026-09-14 12:42:00,2510.68,2514.16,2509.51,2512.21,412.5343
2026-09-14 12:45:00,2512.2,2514.22,2509.79,2510.72,254.8062
2026-09-14 12:48:00,2510.72,2510.73,2506.71,2507.47,426.8082
2026-09-14 12:51:00,2507.46,2507.47,2505.44,2505.48,317.2448
2026-09-14 12:54:00,2505.47,2506.14,2499.53,2504.08,3659.6366
2026-09-14 12:57:00,2504.07,2505.68,2504.07,2505.67,340.976
2026-09-14 13:00:00,2505.68,2505.68,2498.65,2499.05,1439.5922
2026-09-14 13:03:00,2499.05,2502.81,2496.63,2498.73,887.9857
2026-09-14 13:06:00,2498.72,2498.72,2487.84,2490.15,2110.0163
2026-09-14 13:09:00,2490.15,2498.9,2489.49,2497.86,543.1974
2026-09-14 13:12:00,2497.87,2501.75,2497.56,2498.73,594.1652
2026-09-14 13:15:00,2498.74,2504.47,2498.74,2504.27,716.3596
2026-09-14 13:18:00,2504.26,2505.11,2500.2,2501.49,404.8379
2026-09-14 13:21:00,2501.5,2502.77,2500.28,2501.28,304.7931
2026-09-14 13:24:00,2501.28,2501.43,2500.0,2500.89,269.1213
2026-09-14 13:27:00,2500.9,2504.28,2500.89,2504.18,525.6156
2026-09-14 13:30:00,2504.18,2515.34,2503.16,2514.36,3022.7832
2026-09-14 13:33:00,2514.36,2517.77,2509.01,2509.01,1616.4066
2026-09-14 13:36:00,2509.0,2510.84,2496.59,2508.24,2514.8529
2026-09-14 13:39:00,2508.25,2508.49,2499.77,2501.99,846.6543
2026-09-14 13:42:00,2501.99,2509.25,2501.89,2508.84,795.2842
2026-09-14 13:45:00,2508.83,2515.38,2507.49,2513.87,837.4433
2026-09-14 13:48:00,2513.86,2516.38,2511.36,2513.27,1108.05
2026-09-14 13:51:00,2513.28,2514.51,2504.48,2508.06,1479.9216
2026-09-14 13:54:00,2508.05,2508.13,2499.31,2501.46,1212.6199
2026-09-14 13:57:00,2501.45,2503.83,2496.42,2500.64,1137.6812
2026-09-14 14:00:00,2500.63,2506.1,2500.0,2505.39,728.2727
2026-09-14 14:03:00,2505.39,2512.8,2505.39,2506.93,1056.0456
2026-09-14 14:06:00,2506.93,2510.03,2506.66,2507.45,877.0652
2026-09-14 14:09:00,2507.45,2514.1,2506.54,2511.75,773.3413
2026-09-14 14:12:00,2511.76,2515.7,2510.16,2514.39,782.7365
2026-09-14 14:15:00,2514.39,2518.0,2513.52,2514.18,1445.0896
2026-09-14 14:18:00,2514.18,2515.77,2510.36,2513.0,2076.9212
2026-09-14 14:21:00,2513.0,2513.0,2503.84,2505.05,3110.3898
2026-09-14 14:24:00,2505.05,2505.47,2495.0,2496.73,2861.0584
2026-09-14 14:27:00,2496.74,2507.43,2496.73,2505.29,1424.9713
2026-09-14 14:30:00,2505.29,2513.15,2504.36,2511.45,1923.7455
2026-09-14 14:33:00,2511.44,2513.0,2506.99,2507.11,947.7871
2026-09-14 14:36:00,2507.11,2507.56,2500.4,2502.6,1182.7079
2026-09-14 14:39:00,2502.6,2503.21,2498.0,2498.7,1492.6176
2026-09-14 14:42:00,2498.7,2501.17,2496.75,2500.11,1054.8752
2026-09-14 14:45:00,2500.11,2508.58,2500.11,2504.57,1177.8071
2026-09-14 14:48:00,2504.57,2509.37,2504.57,2506.48,543.9894
2026-09-14 14:51:00,2506.48,2506.9,2502.1,2502.11,362.1983
2026-09-14 14:54:00,2502.1,2506.64,2500.0,2500.42,1360.399
2026-09-14 14:57:00,2500.42,2504.4,2500.0,2501.74,523.1212
2026-09-14 15:00:00,2501.75,2503.27,2496.49,2501.18,1741.3636
2026-09-14 15:03:00,2501.17,2505.91,2498.1,2504.05,1097.8158
2026-09-14 15:06:00,2504.05,2509.78,2504.05,2508.1,1242.4723
2026-09-14 15:09:00,2508.1,2509.35,2502.47,2503.07,425.7464
2026-09-14 15:12:00,2503.07,2505.61,2502.48,2504.58,143.8814
2026-09-14 15:15:00,2504.59,2508.42,2502.83,2505.47,277.8576
2026-09-14 15:18:00,2505.48,2507.2,2504.01,2505.01,246.9836
2026-09-14 15:21:00,2505.01,2505.85,2502.92,2503.28,192.9846
2026-09-14 15:24:00,2503.29,2505.14,2501.25,2502.88,829.3257
2026-09-14 15:27:00,2502.89,2502.89,2499.78,2500.91,291.7355
2026-09-14 15:30:00,2500.91,2504.34,2498.86,2504.11,920.8611
2026-09-14 15:33:00,2504.11,2508.99,2503.54,2503.54,740.4646
2026-09-14 15:36:00,2503.54,2506.45,2500.83,2503.99,361.4105
2026-09-14 15:39:00,2503.99,2510.86,2503.99,2510.77,1132.3497
2026-09-14 15:42:00,2510.76,2513.32,2508.61,2510.5,877.4413
2026-09-14 15:45:00,2510.51,2510.65,2503.98,2504.1,509.7602
2026-09-14 15:48:00,2504.1,2508.71,2504.1,2507.31,533.2948
2026-09-14 15:51:00,2507.31,2511.25,2507.2,2510.24,1856.2411
2026-09-14 15:54:00,2510.24,2510.61,2508.24,2509.5,659.8618
2026-09-14 15:57:00,2509.51,2510.48,2507.74,2508.48,202.6457
2026-09-14 16:00:00,2508.49,2510.08,2505.19,2505.19,432.5779
2026-09-14 16:03:00,2505.18,2505.86,2504.48,2505.5,164.0735
2026-09-14 16:06:00,2505.5,2506.65,2504.68,2504.68,143.2035
2026-09-14 16:09:00,2504.68,2509.29,2504.67,2509.22,141.9078
2026-09-14 16:12:00,2509.22,2509.69,2507.24,2507.83,216.5683
2026-09-14 16:15:00,2507.84,2516.58,2507.84,2516.58,1618.5371
2026-09-14 16:18:00,2516.58,2529.63,2516.57,2521.04,4082.2062
2026-09-14 16:21:00,2521.03,2528.0,2520.0,2527.07,1036.3204
2026-09-14 16:24:00,2527.07,2532.0,2520.47,2520.69,2397.1681
2026-09-14 16:27:00,2520.69,2523.18,2518.45,2521.41,687.0834
2026-09-14 16:30:00,2521.41,2526.72,2521.4,2524.19,817.9657
2026-09-14 16:33:00,2524.19,2525.74,2521.33,2522.77,350.395
2026-09-14 16:36:00,2522.77,2522.78,2520.96,2522.25,638.4513
2026-09-14 16:39:00,2522.26,2524.72,2522.09,2522.1,452.0249
2026-09-14 16:42:00,2522.09,2522.95,2521.45,2522.63,223.3251
2026-09-14 16:45:00,2522.64,2530.32,2522.64,2530.17,917.1156
2026-09-14 16:48:00,2530.17,2532.34,2528.91,2531.87,940.1765
2026-09-14 16:51:00,2531.87,2537.69,2531.09,2533.28,1392.1357
2026-09-14 16:54:00,2533.29,2535.77,2530.19,2530.99,1064.7261
2026-09-14 16:57:00,2530.99,2532.01,2528.17,2529.05,367.6096
2026-09-14 17:00:00,2529.04,2529.43,2526.86,2528.68,324.3597
2026-09-14 17:03:00,2528.68,2528.68,2526.45,2526.73,329.1064
2026-09-14 17:06:00,2526.74,2529.61,2525.43,2527.09,293.3482
2026-09-14 17:09:00,2527.1,2530.48,2525.83,2530.0,282.5681
2026-09-14 17:12:00,2530.0,2533.45,2530.0,2533.04,709.6272
2026-09-14 17:15:00,2533.04,2534.95,2532.28,2533.83,795.4375
2026-09-14 17:18:00,2533.83,2534.0,2529.14,2534.0,684.7633
2026-09-14 17:21:00,2533.99,2535.57,2530.68,2533.3,771.1549
2026-09-14 17:24:00,2533.28,2535.57,2531.18,2532.82,697.5944
2026-09-14 17:27:00,2532.82,2533.44,2529.56,2530.5,872.9159
2026-09-14 17:30:00,2530.5,2530.8,2526.82,2526.83,639.6966
2026-09-14 17:33:00,2526.82,2528.39,2522.84,2526.0,771.872
2026-09-14 17:36:00,2525.99,2527.26,2525.63,2526.76,230.068
2026-09-14 17:39:00,2526.76,2526.77,2524.09,2525.27,218.6953
2026-09-14 17:42:00,2525.27,2527.22,2524.84,2526.57,529.8944
2026-09-14 17:45:00,2526.57,2530.0,2526.57,2529.33,473.3248
2026-09-14 17:48:00,2529.34,2532.0,2528.47,2528.48,478.1303
2026-09-14 17:51:00,2528.47,2531.9,2528.41,2531.8,528.9667
2026-09-14 17:54:00,2531.8,2535.13,2531.79,2533.11,992.6075
2026-09-14 17:57:00,2533.11,2533.89,2531.22,2533.37,822.3634
2026-09-14 18:00:00,2533.37,2535.67,2532.14,2533.04,804.5516
2026-09-14 18:03:00,2533.04,2534.8,2531.62,2531.97,972.0351
2026-09-14 18:06:00,2531.97,2536.68,2531.96,2535.96,811.9573
2026-09-14 18:09:00,2535.96,2537.0,2530.92,2530.92,1090.2333
2026-09-14 18:12:00,2530.91,2533.31,2530.91,2530.97,345.509
2026-09-14 18:15:00,2530.97,2533.93,2530.91,2531.9,893.9074
2026-09-14 18:18:00,2531.89,2537.5,2529.78,2536.62,718.7825
2026-09-14 18:21:00,2536.62,2540.0,2535.36,2536.32,1421.1709
2026-09-14 18:24:00,2536.33,2538.53,2533.95,2537.37,991.429
2026-09-14 18:27:00,2537.37,2539.95,2537.31,2539.68,1290.0724
2026-09-14 18:30:00,2539.68,2542.3,2538.4,2541.83,4088.709
2026-09-14 18:33:00,2541.83,2543.49,2540.67,2540.74,1689.6589
2026-09-14 18:36:00,2540.74,2543.46,2539.59,2540.13,1704.7292
2026-09-14 18:39:00,2540.13,2540.67,2536.63,2536.72,1238.3433
2026-09-14 18:42:00,2536.72,2541.91,2534.94,2539.27,1090.8916
2026-09-14 18:45:00,2539.27,2543.33,2539.26,2542.64,1649.6529
2026-09-14 18:48:00,2542.64,2544.66,2541.77,2543.13,1128.0012
2026-09-14 18:51:00,2543.12,2543.12,2539.29,2540.06,927.1155
2026-09-14 18:54:00,2540.06,2540.06,2536.94,2537.88,1065.7513
2026-09-14 18:57:00,2537.88,2539.54,2537.88,2538.86,219.1651
2026-09-14 19:00:00,2538.86,2538.96,2535.99,2536.52,1442.4729
2026-09-14 19:03:00,2536.53,2537.03,2534.56,2536.15,536.9146
2026-09-14 19:06:00,2536.15,2538.53,2535.25,2535.25,749.9554
2026-09-14 19:09:00,2535.25,2538.03,2535.04,2537.98,631.4893
2026-09-14 19:12:00,2537.99,2540.37,2537.98,2538.88,369.6704
2026-09-14 19:15:00,2538.88,2541.05,2538.54,2540.16,507.1795
2026-09-14 19:18:00,2540.15,2544.42,2540.15,2543.86,573.5733
2026-09-14 19:21:00,2543.86,2544.42,2542.0,2544.42,536.7127
2026-09-14 19:24:00,2544.42,2547.14,2543.58,2546.2,1123.6684
2026-09-14 19:27:00,2546.19,2549.61,2544.62,2545.24,1466.4001
2026-09-14 19:30:00,2545.25,2545.69,2541.0,2544.52,758.899
2026-09-14 19:33:00,2544.51,2545.7,2541.5,2542.03,649.24
2026-09-14 19:36:00,2542.03,2542.14,2536.5,2536.69,939.4123
2026-09-14 19:39:00,2536.69,2540.52,2536.05,2540.27,437.3692
2026-09-14 19:42:00,2540.27,2544.47,2540.02,2544.46,538.8183
2026-09-14 19:45:00,2544.46,2545.99,2543.46,2544.81,607.9218
2026-09-14 19:48:00,2544.82,2544.93,2543.0,2544.03,826.7299
2026-09-14 19:51:00,2544.04,2544.27,2541.71,2541.78,357.8523
2026-09-14 19:54:00,2541.79,2542.18,2539.5,2539.5,479.7272
2026-09-14 19:57:00,2539.51,2541.51,2539.22,2540.0,477.7756
2026-09-14 20:00:00,2540.01,2542.55,2540.0,2542.46,670.3575
2026-09-14 20:03:00,2542.47,2544.77,2542.47,2544.23,139.5686
2026-09-14 20:06:00,2544.23,2544.77,2543.01,2543.95,139.2297
2026-09-14 20:09:00,2543.96,2548.0,2543.76,2547.99,422.3473
2026-09-14 20:12:00,2547.99,2573.17,2547.99,2565.28,9172.2388
2026-09-14 20:15:00,2565.27,2588.79,2565.19,2586.68,5463.149
2026-09-14 20:18:00,2586.68,2596.0,2585.31,2596.0,3995.209
2026-09-14 20:21:00,2596.0,2615.0,2590.83,2607.12,6364.5891
2026-09-14 20:24:00,2607.12,2614.38,2598.2,2600.29,4032.8681
2026-09-14 20:27:00,2600.29,2601.96,2592.87,2599.05,2330.6264
2026-09-14 20:30:00,2599.06,2602.8,2590.02,2592.71,1508.4017
2026-09-14 20:33:00,2592.71,2600.5,2589.49,2595.42,3408.2493
2026-09-14 20:36:00,2595.42,2598.04,2592.43,2596.2,1210.9081
2026-09-14 20:39:00,2596.2,2596.66,2591.07,2594.74,882.4187
2026-09-14 20:42:00,2594.75,2595.05,2585.93,2587.42,1007.3973
2026-09-14 20:45:00,2587.43,2592.0,2585.42,2586.32,1210.6467
2026-09-14 20:48:00,2586.32,2586.32,2579.23,2579.44,1294.5222
2026-09-14 20:51:00,2579.45,2583.1,2578.68,2580.54,792.9062
2026-09-14 20:54:00,2580.54,2580.55,2568.51,2571.36,2312.56
2026-09-14 20:57:00,2571.36,2572.88,2567.33,2570.64,862.3988
2026-09-14 21:00:00,2570.64,2571.64,2537.98,2549.34,6504.0067
2026-09-14 21:03:00,2549.34,2561.76,2548.37,2559.71,2011.4704
2026-09-14 21:06:00,2559.71,2562.66,2556.74,2562.21,1349.9981
2026-09-14 21:09:00,2562.21,2562.21,2553.8,2553.81,1123.9068
2026-09-14 21:12:00,2553.81,2556.66,2548.02,2551.95,1089.7381
2026-09-14 21:15:00,2551.94,2554.02,2548.29,2551.8,910.3394
2026-09-14 21:18:00,2551.81,2559.26,2551.38,2558.25,1070.0504
2026-09-14 21:21:00,2558.24,2560.2,2557.64,2558.63,395.5614
2026-09-14 21:24:00,2558.62,2559.31,2554.65,2557.12,513.1886
2026-09-14 21:27:00,2557.11,2558.97,2555.28,2555.99,588.5885
2026-09-14 21:30:00,2556.0,2559.53,2555.01,2555.39,347.3909
2026-09-14 21:33:00,2555.38,2555.38,2550.72,2550.72,907.8642
2026-09-14 21:36:00,2550.71,2550.71,2543.65,2546.0,1230.7031
2026-09-14 21:39:00,2546.03,2550.11,2546.03,2549.76,613.3449
2026-09-14 21:42:00,2549.76,2550.22,2547.52,2547.53,291.9912
2026-09-14 21:45:00,2547.52,2549.81,2545.61,2547.95,673.9341
2026-09-14 21:48:00,2547.95,2550.44,2546.45,2549.44,459.5423
2026-09-14 21:51:00,2549.44,2549.44,2545.0,2547.46,403.9202
2026-09-14 21:54:00,2547.45,2549.11,2547.0,2548.01,223.2975
2026-09-14 21:57:00,2548.0,2549.46,2546.14,2547.13,215.7004
2026-09-14 22:00:00,2547.14,2547.98,2543.11,2544.26,669.4366
2026-09-14 22:03:00,2544.26,2549.04,2542.43,2548.8,464.4083
2026-09-14 22:06:00,2548.79,2552.75,2546.61,2552.69,570.0989
2026-09-14 22:09:00,2552.7,2556.0,2551.16,2552.6,670.536
2026-09-14 22:12:00,2552.6,2556.53,2552.6,2554.87,858.9636
2026-09-14 22:15:00,2554.87,2555.28,2550.41,2550.42,191.621
2026-09-14 22:18:00,2550.41,2550.73,2546.0,2546.18,477.3679
2026-09-14 22:21:00,2546.18,2546.18,2543.42,2544.91,592.2389
2026-09-14 22:24:00,2544.91,2546.54,2542.4,2544.33,580.5233
2026-09-14 22:27:00,2544.34,2544.54,2541.8,2544.53,252.9124
2026-09-14 22:30:00,2544.54,2544.54,2538.51,2541.0,1037.1889
2026-09-14 22:33:00,2541.0,2541.0,2535.19,2539.48,742.5288
2026-09-14 22:36:00,2539.49,2541.45,2536.39,2538.38,325.7242
2026-09-14 22:39:00,2538.37,2539.64,2536.8,2537.61,294.9058
2026-09-14 22:42:00,2537.62,2541.38,2537.61,2539.39,281.4422
2026-09-14 22:45:00,2539.4,2539.4,2533.04,2535.75,1021.3563
2026-09-14 22:48:00,2535.76,2536.98,2533.66,2534.93,597.2355
2026-09-14 22:51:00,2534.93,2535.77,2533.03,2534.03,336.0336
2026-09-14 22:54:00,2534.04,2534.2,2532.68,2532.97,225.1566
2026-09-14 22:57:00,2532.97,2533.27,2532.56,2533.27,133.4699
2026-09-14 23:00:00,2533.27,2534.7,2530.01,2530.04,814.5377
2026-09-14 23:03:00,2530.04,2530.39,2527.6,2528.4,1069.1565
2026-09-14 23:06:00,2528.41,2529.22,2525.75,2527.81,556.1681
2026-09-14 23:09:00,2527.8,2528.23,2526.44,2526.54,339.72
2026-09-14 23:12:00,2526.54,2526.88,2524.61,2524.82,414.8084
2026-09-14 23:15:00,2524.82,2526.97,2524.28,2525.53,547.4447
2026-09-14 23:18:00,2525.53,2525.87,2523.03,2524.68,367.8011
2026-09-14 23:21:00,2524.68,2525.34,2524.0,2525.34,199.3
2026-09-14 23:24:00,2525.33,2526.12,2524.95,2526.07,342.7675
2026-09-14 23:27:00,2526.06,2526.15,2523.03,2525.31,835.0987
2026-09-14 23:30:00,2525.3,2525.3,2520.22,2521.36,714.4374
2026-09-14 23:33:00,2521.36,2521.44,2518.88,2518.89,599.6547
2026-09-14 23:36:00,2518.89,2518.98,2514.65,2517.86,895.9954
2026-09-14 23:39:00,2517.87,2521.14,2517.86,2520.69,351.0479
2026-09-14 23:42:00,2520.69,2521.45,2519.5,2519.71,247.7799
2026-09-14 23:45:00,2519.71,2519.71,2516.28,2517.05,346.4092
2026-09-14 23:48:00,2517.04,2517.81,2515.0,2515.01,436.8519
2026-09-14 23:51:00,2515.01,2517.84,2513.45,2517.7,481.6917
2026-09-14 23:54:00,2517.69,2517.69,2514.9,2514.98,358.2106
2026-09-14 23:57:00,2514.98,2516.15,2513.8,2515.75,333.0742
2026-09-15 00:00:00,2515.72,2516.3,2513.83,2514.0,480.2191
2026-09-15 00:03:00,2514.0,2514.6,2511.9,2511.9,637.6396
2026-09-15 00:06:00,2511.91,2514.6,2510.73,2514.6,1066.304
2026-09-15 00:09:00,2514.59,2517.46,2514.59,2515.05,1771.8431
2026-09-15 00:12:00,2515.05,2515.46,2512.37,2512.67,453.3792
2026-09-15 00:15:00,2512.67,2512.74,2510.49,2510.49,275.3138
2026-09-15 00:18:00,2510.5,2511.44,2506.8,2508.37,927.0474
2026-09-15 00:21:00,2508.37,2511.71,2507.68,2510.6,536.1566
2026-09-15 00:24:00,2510.6,2510.95,2507.19,2510.94,387.1118
2026-09-15 00:27:00,2510.94,2510.94,2509.04,2509.86,290.4724
2026-09-15 00:30:00,2509.86,2512.48,2509.86,2511.2,395.5878
2026-09-15 00:33:00,2511.2,2516.12,2510.49,2516.11,1545.371
2026-09-15 00:36:00,2516.12,2516.6,2511.44,2514.72,660.5621
2026-09-15 00:39:00,2514.72,2516.34,2514.72,2515.51,312.4427
2026-09-15 00:42:00,2515.51,2515.52,2510.18,2513.79,403.6663
2026-09-15 00:45:00,2513.78,2515.31,2512.77,2513.2,415.4912
2026-09-15 00:48:00,2513.2,2516.21,2512.4,2516.2,469.9489
2026-09-15 00:51:00,2516.21,2516.98,2515.65,2515.96,341.3194
2026-09-15 00:54:00,2515.96,2516.13,2514.06,2514.58,328.1667
2026-09-15 00:57:00,2514.58,2516.74,2514.21,2515.93,256.971
2026-09-15 01:00:00,2515.93,2515.94,2512.09,2513.98,591.8972
2026-09-15 01:03:00,2513.98,2514.38,2511.54,2511.73,326.0351
2026-09-15 01:06:00,2511.74,2513.38,2509.99,2510.16,683.4817
2026-09-15 01:09:00,2510.15,2513.7,2508.19,2512.83,471.6626
2026-09-15 01:12:00,2512.84,2513.7,2511.52,2512.13,386.634
2026-09-15 01:15:00,2512.13,2514.75,2510.36,2514.75,632.5781
2026-09-15 01:18:00,2514.75,2514.75,2511.32,2514.46,497.2691
2026-09-15 01:21:00,2514.46,2518.24,2513.37,2517.35,411.0075
2026-09-15 01:24:00,2517.36,2518.77,2515.73,2516.34,1048.8009
2026-09-15 01:27:00,2516.34,2516.34,2508.29,2511.3,2586.7479
2026-09-15 01:30:00,2511.29,2516.66,2510.0,2516.65,729.6219
2026-09-15 01:33:00,2516.65,2516.65,2512.72,2514.19,346.3506
2026-09-15 01:36:00,2514.18,2515.03,2513.11,2514.45,281.5239
2026-09-15 01:39:00,2514.44,2515.21,2513.21,2514.92,245.0839
2026-09-15 01:42:00,2514.92,2516.84,2514.52,2516.83,241.7839
2026-09-15 01:45:00,2516.83,2518.61,2513.49,2517.98,838.8741
2026-09-15 01:48:00,2517.99,2520.0,2517.42,2518.23,404.6137
2026-09-15 01:51:00,2518.22,2518.55,2516.47,2517.9,185.0154
2026-09-15 01:54:00,2517.89,2518.39,2517.0,2517.47,461.0633
2026-09-15 01:57:00,2517.46,2517.56,2515.0,2515.36,379.5909
2026-09-15 02:00:00,2515.36,2518.54,2514.62,2518.05,327.9051
2026-09-15 02:03:00,2518.05,2519.52,2516.54,2518.2,464.6274
2026-09-15 02:06:00,2518.2,2518.2,2514.85,2517.17,269.7487
2026-09-15 02:09:00,2517.17,2519.55,2517.17,2519.47,266.9247
2026-09-15 02:12:00,2519.47,2519.92,2518.08,2518.19,265.4491
2026-09-15 02:15:00,2518.2,2519.85,2517.57,2519.45,269.365
2026-09-15 02:18:00,2519.44,2519.45,2517.7,2517.89,268.5216
2026-09-15 02:21:00,2517.9,2518.8,2516.61,2517.5,397.3755
2026-09-15 02:24:00,2517.49,2519.27,2517.48,2518.76,228.331
2026-09-15 02:27:00,2518.77,2518.88,2515.88,2516.54,185.1974
2026-09-15 02:30:00,2516.55,2516.91,2515.59,2516.25,177.6889
2026-09-15 02:33:00,2516.25,2517.63,2515.25,2515.96,317.9054
2026-09-15 02:36:00,2515.95,2515.95,2511.0,2512.77,884.8187
2026-09-15 02:39:00,2512.77,2514.18,2512.34,2512.34,217.0886
2026-09-15 02:42:00,2512.35,2514.0,2512.03,2512.6,251.2548
2026-09-15 02:45:00,2512.6,2513.05,2511.5,2511.76,213.2379
2026-09-15 02:48:00,2511.76,2512.2,2510.98,2511.17,359.5421
2026-09-15 02:51:00,2511.16,2513.12,2509.48,2512.35,471.8389
2026-09-15 02:54:00,2512.36,2513.33,2511.28,2512.48,576.653
2026-09-15 02:57:00,2512.48,2512.76,2512.03,2512.57,139.1706
2026-09-15 03:00:00,2512.58,2512.58,2503.3,2505.28,1565.6168
2026-09-15 03:03:00,2505.28,2507.61,2503.99,2505.1,636.9361
2026-09-15 03:06:00,2505.09,2505.71,2502.15,2502.16,622.2473
2026-09-15 03:09:00,2502.16,2502.56,2496.32,2498.08,2841.597
2026-09-15 03:12:00,2498.09,2501.22,2496.0,2498.66,601.0108
2026-09-15 03:15:00,2498.66,2499.33,2497.14,2498.49,765.3418
2026-09-15 03:18:00,2498.5,2502.07,2498.1,2502.07,371.9236
2026-09-15 03:21:00,2502.07,2502.17,2500.2,2501.67,535.0208
2026-09-15 03:24:00,2501.67,2501.68,2501.06,2501.21,252.7706
2026-09-15 03:27:00,2501.21,2502.78,2501.21,2502.77,276.7657
2026-09-15 03:30:00,2502.78,2503.56,2501.32,2503.55,230.1973
2026-09-15 03:33:00,2503.55,2505.13,2503.37,2505.12,370.7516
2026-09-15 03:36:00,2505.13,2505.69,2504.27,2505.54,507.3377
2026-09-15 03:39:00,2505.54,2505.54,2503.58,2504.31,247.4101
2026-09-15 03:42:00,2504.32,2504.64,2503.18,2504.1,424.0849
2026-09-15 03:45:00,2504.09,2505.31,2503.44,2504.06,401.8481
2026-09-15 03:48:00,2504.06,2504.07,2501.46,2501.46,243.3004
2026-09-15 03:51:00,2501.47,2503.14,2501.42,2501.94,301.9652
2026-09-15 03:54:00,2501.94,2502.34,2498.88,2498.88,818.3093
2026-09-15 03:57:00,2498.89,2499.51,2497.8,2498.62,1844.3835
2026-09-15 04:00:00,2498.63,2500.04,2496.81,2498.99,897.8941
2026-09-15 04:03:00,2498.99,2500.39,2498.0,2500.17,339.7469
2026-09-15 04:06:00,2500.17,2500.56,2496.13,2498.26,1195.9912
2026-09-15 04:09:00,2498.25,2500.34,2498.25,2499.55,319.8933
2026-09-15 04:12:00,2499.56,2499.89,2498.53,2498.53,477.9697
2026-09-15 04:15:00,2498.54,2499.36,2498.01,2498.15,272.5367
2026-09-15 04:18:00,2498.15,2500.32,2497.98,2499.98,348.0513
2026-09-15 04:21:00,2499.97,2500.16,2496.24,2496.95,437.4861
2026-09-15 04:24:00,2496.96,2496.96,2493.6,2494.11,788.361
2026-09-15 04:27:00,2494.1,2494.78,2493.2,2493.71,709.152
2026-09-15 04:30:00,2493.71,2495.21,2493.34,2493.74,442.9253
2026-09-15 04:33:00,2493.74,2493.75,2491.01,2491.67,1682.2583
2026-09-15 04:36:00,2491.66,2492.43,2490.0,2491.45,1124.7839
2026-09-15 04:39:00,2491.45,2494.09,2490.31,2494.04,855.6925
2026-09-15 04:42:00,2494.05,2495.37,2494.01,2494.24,309.2924
2026-09-15 04:45:00,2494.24,2494.55,2492.97,2493.99,432.8693
2026-09-15 04:48:00,2493.99,2494.54,2492.98,2492.98,343.9871
2026-09-15 04:51:00,2492.98,2492.98,2492.14,2492.67,127.7896
2026-09-15 04:54:00,2492.67,2493.23,2492.2,2492.2,133.059
2026-09-15 04:57:00,2492.2,2492.49,2490.71,2490.72,385.489
2026-09-15 05:00:00,2490.71,2493.0,2490.05,2492.92,412.3505
2026-09-15 05:03:00,2492.92,2494.21,2492.19,2493.64,191.4333
2026-09-15 05:06:00,2493.65,2493.65,2491.06,2491.07,228.8631
2026-09-15 05:09:00,2491.06,2491.12,2484.54,2486.53,3779.0334
2026-09-15 05:12:00,2486.54,2486.54,2479.2,2484.1,2727.6746
2026-09-15 05:15:00,2484.11,2484.75,2479.65,2479.65,871.1588
2026-09-15 05:18:00,2479.66,2484.05,2479.65,2484.05,968.2863
2026-09-15 05:21:00,2484.05,2485.65,2483.25,2483.72,549.0709
2026-09-15 05:24:00,2483.72,2487.15,2483.72,2487.14,454.5868
2026-09-15 05:27:00,2487.15,2490.2,2487.14,2488.68,434.5733
2026-09-15 05:30:00,2488.69,2489.85,2488.09,2488.96,254.2337
2026-09-15 05:33:00,2488.96,2489.92,2488.05,2488.91,294.3459
2026-09-15 05:36:00,2488.9,2489.03,2486.0,2486.01,432.575
2026-09-15 05:39:00,2486.01,2489.78,2486.01,2489.78,254.3774
2026-09-15 05:42:00,2489.78,2490.77,2488.8,2490.72,580.9399
2026-09-15 05:45:00,2490.72,2491.49,2490.72,2491.28,187.2274
2026-09-15 05:48:00,2491.29,2494.23,2491.29,2494.23,490.0792
2026-09-15 05:51:00,2494.24,2496.94,2494.24,2496.91,297.8048
2026-09-15 05:54:00,2496.91,2497.63,2496.12,2497.63,483.4734
2026-09-15 05:57:00,2497.62,2498.0,2496.29,2496.53,626.8945
2026-09-15 06:00:00,2496.53,2501.02,2496.52,2500.0,883.3539
2026-09-15 06:03:00,2500.0,2500.4,2498.72,2499.69,632.6829
2026-09-15 06:06:00,2499.7,2499.7,2497.99,2498.35,800.148
2026-09-15 06:09:00,2498.36,2498.69,2496.35,2496.36,227.0818
2026-09-15 06:12:00,2496.35,2497.1,2496.07,2496.22,316.0655
2026-09-15 06:15:00,2496.22,2496.22,2494.6,2495.1,418.0163
2026-09-15 06:18:00,2495.1,2495.1,2492.32,2492.98,536.6104
2026-09-15 06:21:00,2492.98,2492.99,2491.12,2491.25,475.2097
2026-09-15 06:24:00,2491.24,2491.75,2489.23,2489.32,407.5907
2026-09-15 06:27:00,2489.32,2489.91,2488.56,2489.05,336.8953
2026-09-15 06:30:00,2489.04,2490.61,2488.2,2490.02,398.0026
2026-09-15 06:33:00,2490.01,2490.02,2487.99,2488.37,1992.5211
2026-09-15 06:36:00,2488.37,2489.43,2488.0,2489.42,299.1969
2026-09-15 06:39:00,2489.42,2489.42,2488.0,2488.83,625.5973
2026-09-15 06:42:00,2488.82,2489.98,2488.04,2489.98,1395.3652
2026-09-15 06:45:00,2489.98,2490.52,2488.0,2488.0,538.9261
2026-09-15 06:48:00,2488.0,2488.01,2486.0,2486.01,847.4828
2026-09-15 06:51:00,2486.01,2486.63,2482.06,2482.41,833.5973
2026-09-15 06:54:00,2482.42,2484.36,2481.72,2484.36,654.6479
2026-09-15 06:57:00,2484.36,2486.05,2484.35,2486.05,1466.3559
2026-09-15 07:00:00,2486.06,2486.06,2482.79,2482.94,540.0828
2026-09-15 07:03:00,2482.94,2486.04,2482.56,2483.94,218.176
2026-09-15 07:06:00,2483.94,2483.95,2480.38,2481.47,519.3833
2026-09-15 07:09:00,2481.46,2483.15,2480.51,2481.4,241.8908
2026-09-15 07:12:00,2481.41,2482.29,2479.35,2481.14,1229.5468
2026-09-15 07:15:00,2481.15,2483.29,2477.57,2481.14,1652.5151
2026-09-15 07:18:00,2481.15,2484.69,2481.15,2484.65,351.1039
2026-09-15 07:21:00,2484.65,2484.69,2481.44,2483.83,563.7696
2026-09-15 07:24:00,2483.84,2484.49,2483.78,2484.09,114.861
2026-09-15 07:27:00,2484.09,2484.71,2483.78,2483.78,393.7246
2026-09-15 07:30:00,2483.79,2483.79,2479.24,2479.9,405.9028
2026-09-15 07:33:00,2479.9,2480.8,2475.65,2480.11,1085.4755
2026-09-15 07:36:00,2480.11,2480.3,2476.74,2477.52,609.1354
2026-09-15 07:39:00,2477.52,2479.98,2477.52,2478.16,866.3481
2026-09-15 07:42:00,2478.16,2479.43,2477.59,2478.35,623.2821
2026-09-15 07:45:00,2478.36,2482.02,2478.36,2481.21,756.6835
2026-09-15 07:48:00,2481.21,2481.21,2476.0,2476.0,590.5162
2026-09-15 07:51:00,2476.01,2476.01,2471.13,2471.18,2943.199
2026-09-15 07:54:00,2471.18,2472.5,2471.0,2472.21,1504.3415
2026-09-15 07:57:00,2472.22,2474.63,2471.78,2474.3,485.54
2026-09-15 08:00:00,2474.29,2474.29,2470.0,2470.01,806.0899
2026-09-15 08:03:00,2470.0,2472.71,2468.8,2469.7,1492.6126
2026-09-15 08:06:00,2469.7,2469.71,2465.6,2465.6,1171.796
2026-09-15 08:09:00,2465.6,2467.58,2465.6,2465.82,1051.9482
2026-09-15 08:12:00,2465.81,2472.09,2465.62,2471.74,856.4561
2026-09-15 08:15:00,2471.74,2473.01,2467.29,2469.03,672.1135
2026-09-15 08:18:00,2469.03,2474.4,2469.03,2473.99,413.283
2026-09-15 08:21:00,2473.98,2474.28,2471.88,2473.71,339.6469
2026-09-15 08:24:00,2473.72,2474.35,2472.14,2474.19,310.591
2026-09-15 08:27:00,2474.2,2474.71,2472.48,2472.48,634.2262
2026-09-15 08:30:00,2472.49,2473.54,2470.46,2473.06,503.9298
2026-09-15 08:33:00,2473.06,2474.99,2472.89,2473.36,531.8369
2026-09-15 08:36:00,2473.36,2473.84,2471.75,2472.57,619.3054
2026-09-15 08:39:00,2472.57,2473.58,2472.57,2473.54,185.4079
2026-09-15 08:42:00,2473.53,2476.23,2472.81,2472.99,641.2919
2026-09-15 08:45:00,2472.98,2475.87,2472.98,2475.86,358.1589
2026-09-15 08:48:00,2475.87,2476.66,2473.0,2474.09,963.0364
2026-09-15 08:51:00,2474.1,2476.73,2473.54,2475.31,243.7233
2026-09-15 08:54:00,2475.31,2477.08,2475.31,2476.41,264.5407
2026-09-15 08:57:00,2476.4,2477.58,2476.01,2477.36,512.3364
2026-09-15 09:00:00,2477.37,2477.37,2474.0,2474.54,302.4602
2026-09-15 09:03:00,2474.54,2475.58,2474.05,2474.06,227.7851
2026-09-15 09:06:00,2474.05,2474.5,2473.92,2474.15,259.3986
2026-09-15 09:09:00,2474.14,2475.16,2473.6,2473.8,461.5821
2026-09-15 09:12:00,2473.81,2474.34,2473.2,2474.33,261.7976
2026-09-15 09:15:00,2474.34,2475.97,2474.03,2474.84,129.8784
2026-09-15 09:18:00,2474.84,2474.86,2473.61,2474.04,230.4903
2026-09-15 09:21:00,2474.04,2475.82,2474.04,2474.72,178.8491
2026-09-15 09:24:00,2474.71,2474.71,2473.6,2474.53,179.4126
2026-09-15 09:27:00,2474.53,2475.41,2473.72,2475.4,240.9834
2026-09-15 09:30:00,2475.4,2475.41,2474.78,2475.0,195.2988
2026-09-15 09:33:00,2475.01,2477.54,2474.28,2477.53,225.4805
2026-09-15 09:36:00,2477.53,2477.59,2474.82,2475.26,405.2175
2026-09-15 09:39:00,2475.26,2475.81,2475.26,2475.73,111.8526
2026-09-15 09:42:00,2475.74,2476.3,2474.27,2476.3,314.4055
2026-09-15 09:45:00,2476.29,2476.55,2475.36,2476.55,348.4324
2026-09-15 09:48:00,2476.54,2479.17,2476.54,2477.51,453.4758
2026-09-15 09:51:00,2477.51,2479.71,2477.51,2479.7,245.0056
2026-09-15 09:54:00,2479.7,2480.5,2477.67,2478.02,800.7477
2026-09-15 09:57:00,2478.01,2478.02,2473.67,2474.33,289.0802
2026-09-15 10:00:00,2474.34,2475.61,2472.54,2472.61,878.5881
2026-09-15 10:03:00,2472.61,2477.83,2472.0,2474.76,1196.7882
2026-09-15 10:06:00,2474.77,2478.22,2474.54,2478.21,241.2117
2026-09-15 10:09:00,2478.22,2479.22,2476.59,2478.66,389.2062
2026-09-15 10:12:00,2478.66,2479.09,2475.3,2475.41,307.1156
2026-09-15 10:15:00,2475.42,2476.37,2474.76,2476.36,246.0092
2026-09-15 10:18:00,2476.36,2477.97,2475.75,2476.11,209.3959
2026-09-15 10:21:00,2476.12,2476.62,2475.0,2476.62,256.8198
2026-09-15 10:24:00,2476.62,2477.31,2476.62,2476.95,182.7451
2026-09-15 10:27:00,2476.95,2477.37,2474.27,2474.44,377.3345
2026-09-15 10:30:00,2474.45,2475.76,2473.73,2475.12,239.1036
2026-09-15 10:33:00,2475.12,2476.09,2474.6,2475.62,445.2102
2026-09-15 10:36:00,2475.62,2476.45,2474.77,2475.47,651.4705
2026-09-15 10:39:00,2475.48,2476.9,2475.0,2476.54,92.4585
2026-09-15 10:42:00,2476.53,2480.15,2476.53,2479.21,539.3968
2026-09-15 10:45:00,2479.21,2481.77,2479.2,2481.68,354.0044
2026-09-15 10:48:00,2481.67,2484.24,2481.0,2483.21,1033.0993
2026-09-15 10:51:00,2483.22,2486.33,2482.43,2483.31,721.6842
2026-09-15 10:54:00,2483.31,2484.87,2482.96,2483.94,718.699
2026-09-15 10:57:00,2483.93,2485.74,2483.49,2483.68,207.2685
2026-09-15 11:00:00,2483.68,2486.92,2483.68,2486.16,182.1143
2026-09-15 11:03:00,2486.15,2486.16,2484.12,2485.43,244.5851
2026-09-15 11:06:00,2485.43,2486.41,2484.85,2486.2,189.489
2026-09-15 11:09:00,2486.2,2488.18,2486.18,2486.18,296.3608
2026-09-15 11:12:00,2486.18,2486.25,2481.6,2482.39,404.5503
2026-09-15 11:15:00,2482.4,2484.96,2482.4,2484.89,388.8436
2026-09-15 11:18:00,2484.9,2485.57,2482.32,2483.14,676.8075
2026-09-15 11:21:00,2483.13,2483.6,2480.72,2480.72,216.5676
2026-09-15 11:24:00,2480.73,2481.35,2480.0,2480.4,115.4616
2026-09-15 11:27:00,2480.39,2480.59,2480.0,2480.39,128.5978
2026-09-15 11:30:00,2480.39,2481.29,2477.2,2477.2,680.8123
2026-09-15 11:33:00,2477.2,2477.21,2475.11,2476.54,660.6014
2026-09-15 11:36:00,2476.54,2476.58,2474.38,2474.39,604.0299
2026-09-15 11:39:00,2474.38,2477.52,2473.83,2474.09,840.099
2026-09-15 11:42:00,2474.08,2475.42,2473.86,2475.42,565.1682
2026-09-15 11:45:00,2475.42,2475.73,2473.37,2473.37,464.439
2026-09-15 11:48:00,2473.36,2473.91,2472.56,2473.1,468.1722
2026-09-15 11:51:00,2473.11,2476.7,2473.1,2476.05,286.3042
2026-09-15 11:54:00,2476.04,2476.39,2475.27,2476.06,292.8542
2026-09-15 11:57:00,2476.06,2476.98,2476.05,2476.41,223.2259
2026-09-15 12:00:00,2476.41,2477.97,2475.33,2475.48,368.6833
2026-09-15 12:03:00,2475.48,2479.68,2475.15,2477.82,621.7481
2026-09-15 12:06:00,2477.82,2479.1,2477.2,2478.59,473.8642
2026-09-15 12:09:00,2478.59,2480.76,2477.22,2480.16,864.0016
2026-09-15 12:12:00,2480.17,2481.51,2479.36,2480.26,498.5288
2026-09-15 12:15:00,2480.25,2481.64,2478.52,2480.7,572.1666
2026-09-15 12:18:00,2480.69,2480.9,2477.37,2477.37,312.0003
2026-09-15 12:21:00,2477.37,2480.47,2477.37,2479.75,539.4217
2026-09-15 12:24:00,2479.75,2479.86,2477.76,2479.85,309.5136
2026-09-15 12:27:00,2479.86,2481.56,2478.05,2479.22,687.1803
2026-09-15 12:30:00,2479.22,2479.69,2475.86,2476.33,409.5759
2026-09-15 12:33:00,2476.33,2478.88,2475.02,2477.03,719.958
2026-09-15 12:36:00,2477.04,2478.48,2476.74,2477.07,545.7956
2026-09-15 12:39:00,2477.07,2477.57,2475.68,2475.89,359.575
2026-09-15 12:42:00,2475.89,2476.26,2475.56,2476.24,397.0544
2026-09-15 12:45:00,2476.24,2477.99,2475.03,2477.23,845.5419
2026-09-15 12:48:00,2477.22,2482.32,2477.0,2482.32,548.8072
2026-09-15 12:51:00,2482.31,2484.7,2481.98,2484.59,667.09
2026-09-15 12:54:00,2484.59,2485.99,2482.8,2482.9,801.4832
2026-09-15 12:57:00,2482.9,2482.91,2477.62,2479.19,634.7611
2026-09-15 13:00:00,2479.18,2482.5,2479.0,2481.95,490.325
2026-09-15 13:03:00,2481.96,2485.2,2481.56,2485.19,579.9411
2026-09-15 13:06:00,2485.2,2486.45,2480.44,2481.2,1312.3442
2026-09-15 13:09:00,2481.19,2481.68,2480.0,2480.26,368.5944
2026-09-15 13:12:00,2480.27,2481.09,2476.71,2478.68,677.0657
2026-09-15 13:15:00,2478.67,2479.8,2477.55,2479.79,287.4351
2026-09-15 13:18:00,2479.79,2479.8,2477.69,2478.79,431.7856
2026-09-15 13:21:00,2478.8,2479.72,2478.57,2479.43,369.134
2026-09-15 13:24:00,2479.43,2479.87,2477.99,2478.48,340.6154
2026-09-15 13:27:00,2478.47,2479.7,2478.16,2478.57,303.5086
2026-09-15 13:30:00,2478.56,2478.57,2469.0,2471.37,2090.8458
2026-09-15 13:33:00,2471.38,2473.19,2456.65,2465.04,7575.205
2026-09-15 13:36:00,2465.03,2465.61,2443.8,2445.01,9072.3749
2026-09-15 13:39:00,2445.0,2451.37,2433.0,2447.64,7968.2927
2026-09-15 13:42:00,2447.64,2452.0,2443.03,2450.2,2877.5848
2026-09-15 13:45:00,2450.19,2453.5,2446.34,2446.78,2441.4696
2026-09-15 13:48:00,2446.78,2449.96,2441.16,2441.16,1510.3577
2026-09-15 13:51:00,2441.15,2446.15,2440.0,2445.97,1477.9214
2026-09-15 13:54:00,2445.98,2449.88,2442.67,2449.88,975.4586
2026-09-15 13:57:00,2449.87,2454.05,2449.19,2454.04,953.3394
2026-09-15 14:00:00,2454.05,2458.0,2450.63,2451.58,1891.538
2026-09-15 14:03:00,2451.59,2456.83,2445.83,2447.16,1569.9616
2026-09-15 14:06:00,2447.15,2450.94,2446.43,2448.95,919.8151
2026-09-15 14:09:00,2448.94,2453.82,2448.91,2449.5,885.8936
2026-09-15 14:12:00,2449.5,2449.69,2446.47,2446.86,949.3966
2026-09-15 14:15:00,2446.87,2450.2,2443.86,2445.3,1662.8316
2026-09-15 14:18:00,2445.3,2445.3,2442.1,2444.25,1254.0451
2026-09-15 14:21:00,2444.25,2445.7,2435.92,2438.24,2385.0247
2026-09-15 14:24:00,2438.24,2442.67,2437.64,2441.97,1064.7068
2026-09-15 14:27:00,2441.96,2444.11,2439.0,2439.21,860.4647
2026-09-15 14:30:00,2439.21,2439.21,2433.0,2434.72,1801.3933
2026-09-15 14:33:00,2434.72,2436.18,2426.08,2431.0,3050.2505
2026-09-15 14:36:00,2430.99,2431.31,2420.05,2420.86,3435.7726
2026-09-15 14:39:00,2420.86,2421.37,2411.63,2413.45,4698.6985
2026-09-15 14:42:00,2413.45,2420.29,2411.29,2416.82,2714.9445
2026-09-15 14:45:00,2416.82,2418.36,2407.76,2409.36,3165.9113
2026-09-15 14:48:00,2409.43,2411.34,2402.48,2404.82,3322.7263
2026-09-15 14:51:00,2404.81,2406.1,2389.72,2395.33,8112.4348
2026-09-15 14:54:00,2395.34,2404.11,2395.34,2400.7,3910.6483
2026-09-15 14:57:00,2400.71,2410.34,2400.43,2408.39,2674.5332
2026-09-15 15:00:00,2408.38,2412.32,2398.0,2404.67,2370.3563
2026-09-15 15:03:00,2404.67,2413.37,2404.67,2410.66,1648.092
2026-09-15 15:06:00,2410.67,2414.12,2409.74,2413.28,790.3132
2026-09-15 15:09:00,2413.28,2414.12,2411.66,2412.9,1242.1881
2026-09-15 15:12:00,2412.9,2414.37,2411.39,2413.43,973.6619
2026-09-15 15:15:00,2413.42,2416.54,2410.71,2415.83,959.3333
2026-09-15 15:18:00,2415.83,2417.03,2413.7,2415.03,855.8308
2026-09-15 15:21:00,2415.03,2418.01,2414.01,2417.96,727.07
2026-09-15 15:24:00,2417.97,2428.49,2417.37,2426.16,2369.5931
2026-09-15 15:27:00,2426.17,2429.99,2425.52,2425.52,1206.3522
2026-09-15 15:30:00,2425.52,2428.7,2423.76,2425.82,1216.3253
2026-09-15 15:33:00,2425.82,2430.28,2425.82,2428.53,730.4072
2026-09-15 15:36:00,2428.53,2431.44,2426.69,2428.0,822.7953
2026-09-15 15:39:00,2428.0,2429.15,2426.61,2427.12,384.4765
2026-09-15 15:42:00,2427.11,2429.27,2425.64,2427.38,1279.5181
2026-09-15 15:45:00,2427.37,2429.19,2426.4,2426.47,1261.4703
2026-09-15 15:48:00,2426.47,2432.27,2426.0,2432.27,1425.2803
2026-09-15 15:51:00,2432.27,2432.27,2427.62,2427.98,826.6937
2026-09-15 15:54:00,2427.98,2429.3,2422.79,2426.75,1537.9026
2026-09-15 15:57:00,2426.74,2428.0,2424.1,2424.46,275.1831
2026-09-15 16:00:00,2424.47,2425.51,2422.05,2424.92,606.5155
2026-09-15 16:03:00,2424.92,2425.12,2422.0,2422.3,469.446
2026-09-15 16:06:00,2422.3,2422.98,2419.46,2419.46,801.9711
2026-09-15 16:09:00,2419.46,2419.89,2415.0,2419.22,985.4337
2026-09-15 16:12:00,2419.22,2419.22,2412.87,2413.75,620.7234
2026-09-15 16:15:00,2413.76,2420.0,2413.76,2419.99,485.7879
2026-09-15 16:18:00,2419.99,2421.26,2417.7,2418.98,480.8612
2026-09-15 16:21:00,2418.98,2425.08,2418.82,2423.59,455.521
2026-09-15 16:24:00,2423.59,2425.08,2420.92,2422.88,609.121
2026-09-15 16:27:00,2422.88,2425.41,2422.78,2424.33,625.094
2026-09-15 16:30:00,2424.33,2425.32,2421.23,2422.49,853.2682
2026-09-15 16:33:00,2422.49,2423.3,2419.86,2421.3,649.6509
2026-09-15 16:36:00,2421.3,2423.29,2420.92,2420.92,448.3272
2026-09-15 16:39:00,2420.92,2420.94,2417.7,2417.74,420.4191
2026-09-15 16:42:00,2417.74,2420.0,2417.58,2420.0,424.5614
2026-09-15 16:45:00,2419.99,2423.26,2419.89,2421.92,490.8873
2026-09-15 16:48:00,2421.92,2424.09,2420.53,2424.09,300.1024
2026-09-15 16:51:00,2424.08,2425.85,2423.4,2423.77,361.759
2026-09-15 16:54:00,2423.76,2425.82,2423.46,2423.99,596.9489
2026-09-15 16:57:00,2424.0,2424.0,2421.86,2422.34,456.7116
2026-09-15 17:00:00,2422.34,2423.88,2420.0,2420.37,358.7341
2026-09-15 17:03:00,2420.37,2421.83,2417.99,2419.13,489.7465
2026-09-15 17:06:00,2419.12,2419.15,2413.01,2414.18,568.6744
2026-09-15 17:09:00,2414.19,2414.77,2413.01,2413.37,337.1931
2026-09-15 17:12:00,2413.37,2417.89,2413.14,2416.88,264.3972
2026-09-15 17:15:00,2416.88,2418.07,2415.25,2417.55,279.9864
2026-09-15 17:18:00,2417.54,2418.87,2415.9,2418.45,256.233
2026-09-15 17:21:00,2418.46,2419.08,2416.83,2419.07,230.0814
2026-09-15 17:24:00,2419.08,2422.53,2418.17,2422.12,356.7092
2026-09-15 17:27:00,2422.12,2425.57,2422.12,2425.1,447.4516
2026-09-15 17:30:00,2425.1,2433.18,2423.61,2429.62,1234.8367
2026-09-15 17:33:00,2429.62,2448.48,2429.62,2445.81,1867.3084
2026-09-15 17:36:00,2445.81,2449.0,2436.44,2437.04,4011.3836
2026-09-15 17:39:00,2437.03,2437.04,2430.85,2433.56,2164.0729
2026-09-15 17:42:00,2433.55,2433.55,2428.01,2429.58,1410.2206
2026-09-15 17:45:00,2429.59,2439.24,2429.58,2439.23,2236.9323
2026-09-15 17:48:00,2439.24,2445.0,2439.23,2444.76,884.4144
2026-09-15 17:51:00,2444.76,2445.0,2441.44,2442.31,624.7261
2026-09-15 17:54:00,2442.3,2443.12,2438.14,2441.11,631.9778
2026-09-15 17:57:00,2441.11,2442.79,2440.77,2441.21,553.0959
2026-09-15 18:00:00,2441.2,2441.94,2436.87,2441.92,619.4877
2026-09-15 18:03:00,2441.92,2443.01,2437.68,2438.76,349.0676
2026-09-15 18:06:00,2438.75,2440.83,2433.76,2436.36,897.6992
2026-09-15 18:09:00,2436.36,2438.32,2435.76,2436.17,246.0629
2026-09-15 18:12:00,2436.17,2437.3,2434.0,2436.06,525.2481
2026-09-15 18:15:00,2436.07,2436.94,2424.54,2424.55,994.5996
2026-09-15 18:18:00,2424.54,2431.7,2422.67,2427.92,1217.843
2026-09-15 18:21:00,2427.93,2429.56,2426.41,2426.45,446.7158
2026-09-15 18:24:00,2426.46,2429.1,2425.41,2428.49,517.5424
2026-09-15 18:27:00,2428.5,2446.88,2425.85,2435.84,3412.7467
2026-09-15 18:30:00,2435.84,2437.04,2427.58,2432.5,1178.8671
2026-09-15 18:33:00,2432.45,2432.57,2418.0,2428.97,2245.6034
2026-09-15 18:36:00,2428.95,2428.95,2380.0,2408.35,13983.2567
2026-09-15 18:39:00,2408.36,2413.64,2384.57,2399.18,10234.0058
2026-09-15 18:42:00,2399.19,2400.24,2381.35,2387.33,6556.6269
2026-09-15 18:45:00,2387.33,2389.58,2369.87,2375.12,11142.0473
2026-09-15 18:48:00,2375.12,2376.25,2358.88,2373.07,7663.8265
2026-09-15 18:51:00,2373.07,2401.78,2369.71,2398.55,7892.3672
2026-09-15 18:54:00,2398.54,2417.58,2396.49,2403.0,5603.4894
2026-09-15 18:57:00,2403.0,2405.3,2396.99,2403.14,2316.1409
2026-09-15 19:00:00,2403.14,2407.27,2398.0,2403.36,3057.679
2026-09-15 19:03:00,2403.35,2413.73,2402.53,2402.98,2520.4281
2026-09-15 19:06:00,2402.99,2409.3,2402.01,2404.97,1118.3816
2026-09-15 19:09:00,2404.97,2408.54,2403.77,2407.13,920.3151
2026-09-15 19:12:00,2407.2,2407.67,2403.0,2405.58,1176.4217
2026-09-15 19:15:00,2405.59,2420.13,2403.33,2417.48,1904.7145
2026-09-15 19:18:00,2417.48,2417.59,2406.71,2407.37,4713.2794
2026-09-15 19:21:00,2407.37,2415.16,2405.39,2410.99,1411.5398
2026-09-15 19:24:00,2410.99,2411.33,2406.02,2406.08,923.8765
2026-09-15 19:27:00,2406.08,2407.47,2402.19,2404.92,1006.1523
2026-09-15 19:30:00,2404.92,2407.28,2401.81,2402.24,837.0784
2026-09-15 19:33:00,2402.26,2407.72,2400.0,2403.84,1374.3221
2026-09-15 19:36:00,2403.85,2409.25,2403.0,2409.25,564.1444
2026-09-15 19:39:00,2409.24,2409.88,2403.76,2404.2,845.5738
2026-09-15 19:42:00,2404.21,2406.36,2403.19,2404.52,885.6985
2026-09-15 19:45:00,2404.52,2406.62,2403.11,2406.33,301.7011
2026-09-15 19:48:00,2406.33,2407.29,2404.67,2406.37,466.697
2026-09-15 19:51:00,2406.37,2410.57,2405.56,2410.26,664.5697
2026-09-15 19:54:00,2410.26,2414.12,2409.3,2414.09,551.2397
2026-09-15 19:57:00,2414.1,2416.77,2413.39,2416.65,1036.0633
2026-09-15 20:00:00,2416.66,2418.63,2414.46,2414.46,406.433
2026-09-15 20:03:00,2414.46,2414.46,2407.49,2408.35,702.4771
2026-09-15 20:06:00,2408.34,2410.15,2405.98,2405.98,565.8317
2026-09-15 20:09:00,2405.99,2412.47,2405.98,2409.09,467.6249
2026-09-15 20:12:00,2409.1,2411.3,2408.15,2410.1,365.2108
2026-09-15 20:15:00,2410.11,2410.11,2406.37,2407.33,419.4524
2026-09-15 20:18:00,2407.33,2407.33,2402.15,2402.15,722.7871
2026-09-15 20:21:00,2402.15,2403.37,2398.69,2403.37,1311.0745
2026-09-15 20:24:00,2403.36,2406.48,2402.14,2402.56,541.4509
2026-09-15 20:27:00,2402.56,2403.25,2399.52,2399.53,646.5905
2026-09-15 20:30:00,2399.52,2405.05,2395.65,2398.64,2335.54
2026-09-15 20:33:00,2398.65,2401.0,2397.01,2400.84,793.4881
2026-09-15 20:36:00,2400.85,2405.78,2400.0,2402.87,808.9456
2026-09-15 20:39:00,2402.87,2406.0,2401.07,2404.74,710.5142
2026-09-15 20:42:00,2404.74,2405.89,2402.99,2405.88,284.3621
2026-09-15 20:45:00,2405.89,2409.53,2405.72,2406.62,829.1497
2026-09-15 20:48:00,2406.62,2410.41,2406.62,2409.89,481.8471
2026-09-15 20:51:00,2409.89,2409.89,2408.09,2408.33,116.2677
2026-09-15 20:54:00,2408.33,2410.88,2408.32,2408.6,535.5237
2026-09-15 20:57:00,2408.59,2408.6,2406.87,2407.96,307.5552
2026-09-15 21:00:00,2407.97,2407.97,2399.73,2401.55,967.1503
2026-09-15 21:03:00,2401.54,2403.35,2400.83,2402.6,500.3951
2026-09-15 21:06:00,2402.59,2402.59,2400.0,2401.06,164.4206
2026-09-15 21:09:00,2401.07,2403.9,2399.49,2403.62,659.426
2026-09-15 21:12:00,2403.62,2406.45,2401.5,2401.67,465.0623
2026-09-15 21:15:00,2401.66,2403.19,2399.05,2403.18,412.5696
2026-09-15 21:18:00,2403.19,2404.85,2402.27,2403.81,172.9212
2026-09-15 21:21:00,2403.81,2403.81,2399.0,2400.45,551.778
2026-09-15 21:24:00,2400.45,2400.58,2398.4,2399.55,388.6948
2026-09-15 21:27:00,2399.55,2399.56,2396.45,2398.41,1103.0284
2026-09-15 21:30:00,2398.4,2400.19,2397.89,2400.18,319.5269
2026-09-15 21:33:00,2400.19,2400.31,2396.32,2398.03,877.3769
2026-09-15 21:36:00,2398.03,2402.1,2396.38,2400.81,505.9858
2026-09-15 21:39:00,2400.81,2402.09,2400.44,2401.47,444.0405
2026-09-15 21:42:00,2401.47,2402.62,2401.42,2401.73,178.0682
2026-09-15 21:45:00,2401.73,2401.74,2397.63,2399.19,314.6523
2026-09-15 21:48:00,2399.19,2399.58,2397.01,2397.91,176.2649
2026-09-15 21:51:00,2397.91,2397.91,2393.89,2397.46,1021.945
2026-09-15 21:54:00,2397.45,2397.46,2393.98,2394.35,543.9683
2026-09-15 21:57:00,2394.34,2394.55,2390.41,2390.83,723.2016
2026-09-15 22:00:00,2390.83,2397.69,2387.88,2395.64,1754.7294
2026-09-15 22:03:00,2395.65,2398.05,2390.08,2390.32,592.9025
2026-09-15 22:06:00,2390.31,2392.22,2388.21,2391.21,365.4332
2026-09-15 22:09:00,2391.21,2392.22,2386.67,2390.32,638.9414
2026-09-15 22:12:00,2390.32,2390.32,2387.15,2388.28,459.6084
2026-09-15 22:15:00,2388.28,2388.89,2382.98,2384.69,954.547
2026-09-15 22:18:00,2384.69,2385.07,2381.92,2383.89,685.6057
2026-09-15 22:21:00,2383.89,2385.41,2381.78,2383.13,345.9062
2026-09-15 22:24:00,2383.13,2395.85,2383.13,2395.85,937.69
2026-09-15 22:27:00,2395.84,2398.2,2393.52,2394.03,851.9289
2026-09-15 22:30:00,2394.03,2400.01,2393.91,2398.25,563.9768
2026-09-15 22:33:00,2398.24,2399.77,2395.49,2396.43,801.4604
2026-09-15 22:36:00,2396.42,2401.08,2395.46,2400.86,774.955
2026-09-15 22:39:00,2400.85,2402.32,2397.34,2397.35,671.5692
2026-09-15 22:42:00,2397.35,2397.7,2395.38,2396.19,492.6261
2026-09-15 22:45:00,2396.18,2399.09,2395.92,2397.25,399.5908
2026-09-15 22:48:00,2397.25,2399.57,2397.2,2399.57,237.1209
2026-09-15 22:51:00,2399.57,2401.52,2399.56,2400.24,261.426
2026-09-15 22:54:00,2400.24,2401.5,2397.59,2399.41,544.1493
2026-09-15 22:57:00,2399.42,2400.67,2395.57,2396.95,453.6976
2026-09-15 23:00:00,2396.94,2400.94,2396.58,2399.97,310.4086
2026-09-15 23:03:00,2399.98,2403.62,2399.92,2403.55,437.0974
2026-09-15 23:06:00,2403.56,2404.66,2402.54,2404.16,275.5655
2026-09-15 23:09:00,2404.16,2408.35,2403.81,2408.35,607.377
2026-09-15 23:12:00,2408.34,2409.98,2406.58,2409.72,568.9378
2026-09-15 23:15:00,2409.72,2411.49,2408.36,2410.88,685.5741
2026-09-15 23:18:00,2410.89,2412.75,2409.68,2410.93,290.6853
2026-09-15 23:21:00,2410.93,2412.43,2409.4,2410.74,497.5787
2026-09-15 23:24:00,2410.74,2410.75,2408.63,2409.19,226.6758
2026-09-15 23:27:00,2409.19,2410.4,2405.99,2406.24,587.5431
2026-09-15 23:30:00,2406.24,2406.24,2398.61,2400.67,1855.633
2026-09-15 23:33:00,2400.67,2405.67,2400.15,2402.19,408.5599
2026-09-15 23:36:00,2402.18,2402.19,2398.67,2399.52,299.0681
2026-09-15 23:39:00,2399.52,2401.76,2397.3,2401.22,645.9827
2026-09-15 23:42:00,2401.21,2402.06,2399.71,2401.28,423.5248
2026-09-15 23:45:00,2401.27,2402.44,2400.0,2400.07,320.1712
2026-09-15 23:48:00,2400.08,2402.01,2400.07,2402.01,89.7422
2026-09-15 23:51:00,2402.01,2402.47,2400.07,2401.28,297.9163
2026-09-15 23:54:00,2401.27,2401.34,2399.55,2399.89,97.3907
2026-09-15 23:57:00,2399.88,2400.66,2398.12,2398.26,184.4608
2026-09-16 00:00:00,2398.26,2400.35,2397.44,2400.35,455.5718
2026-09-16 00:03:00,2400.36,2405.24,2400.36,2404.59,347.2312
2026-09-16 00:06:00,2404.59,2404.89,2401.8,2402.5,282.9561
2026-09-16 00:09:00,2402.49,2403.31,2400.94,2403.31,218.7817
2026-09-16 00:12:00,2403.3,2403.65,2401.12,2401.36,198.1251
2026-09-16 00:15:00,2401.35,2404.91,2400.76,2404.44,210.8272
2026-09-16 00:18:00,2404.44,2405.75,2403.55,2403.55,318.4932
2026-09-16 00:21:00,2403.48,2404.56,2401.68,2404.39,287.5661
2026-09-16 00:24:00,2404.39,2405.35,2403.62,2404.56,144.7816
2026-09-16 00:27:00,2404.56,2405.1,2402.28,2404.84,187.4454
2026-09-16 00:30:00,2404.83,2405.35,2403.08,2403.6,238.4882
2026-09-16 00:33:00,2403.6,2404.69,2402.12,2402.74,209.3167
2026-09-16 00:36:00,2402.73,2404.96,2402.57,2404.59,117.3967
2026-09-16 00:39:00,2404.59,2406.0,2403.98,2403.98,249.559
2026-09-16 00:42:00,2403.98,2403.98,2402.1,2403.73,174.4216
2026-09-16 00:45:00,2403.73,2404.38,2400.0,2402.84,799.6274
2026-09-16 00:48:00,2402.84,2405.52,2402.15,2402.72,229.7912
2026-09-16 00:51:00,2402.72,2404.37,2400.64,2400.64,415.7191
2026-09-16 00:54:00,2400.61,2401.04,2400.0,2400.57,211.805
2026-09-16 00:57:00,2400.56,2401.85,2398.82,2399.15,494.1487
2026-09-16 01:00:00,2399.14,2403.41,2399.14,2399.55,268.2798
2026-09-16 01:03:00,2399.55,2400.89,2395.71,2396.99,411.0786
2026-09-16 01:06:00,2397.0,2399.56,2396.91,2397.99,159.4855
2026-09-16 01:09:00,2398.0,2401.25,2397.75,2400.69,157.1281
2026-09-16 01:12:00,2400.69,2401.17,2396.87,2400.38,393.8122
2026-09-16 01:15:00,2400.38,2401.18,2398.55,2401.17,227.6078
2026-09-16 01:18:00,2401.17,2402.99,2400.73,2402.99,162.5752
2026-09-16 01:21:00,2403.0,2405.36,2402.78,2404.29,488.117
2026-09-16 01:24:00,2404.29,2407.59,2404.29,2404.68,428.2146
2026-09-16 01:27:00,2404.68,2406.1,2403.35,2403.88,353.285
2026-09-16 01:30:00,2403.88,2403.88,2401.25,2402.53,159.9866
2026-09-16 01:33:00,2402.53,2402.53,2396.63,2398.81,851.2584
2026-09-16 01:36:00,2398.8,2398.8,2393.97,2395.92,679.2574
2026-09-16 01:39:00,2395.91,2397.65,2393.48,2397.16,361.475
2026-09-16 01:42:00,2397.16,2398.68,2397.0,2398.05,197.4302
2026-09-16 01:45:00,2398.05,2400.44,2395.9,2396.54,607.9486
2026-09-16 01:48:00,2396.53,2396.99,2393.0,2393.4,281.6242
2026-09-16 01:51:00,2393.4,2394.0,2392.56,2392.77,183.8712
2026-09-16 01:54:00,2392.77,2392.84,2390.56,2390.8,380.9781
2026-09-16 01:57:00,2390.81,2392.44,2390.55,2391.0,343.2921
2026-09-16 02:00:00,2391.0,2395.47,2390.04,2395.47,321.9931
2026-09-16 02:03:00,2395.46,2396.74,2393.34,2395.19,320.4958
2026-09-16 02:06:00,2395.18,2395.44,2392.38,2393.58,606.874
2026-09-16 02:09:00,2393.58,2394.08,2390.77,2390.93,336.6754
2026-09-16 02:12:00,2390.92,2394.46,2388.21,2393.6,732.4694
2026-09-16 02:15:00,2393.6,2399.77,2393.14,2398.8,546.716
2026-09-16 02:18:00,2398.79,2399.88,2396.99,2399.82,253.0927
2026-09-16 02:21:00,2399.81,2400.0,2398.46,2398.74,197.0124
2026-09-16 02:24:00,2398.75,2400.45,2398.08,2399.72,318.3256
2026-09-16 02:27:00,2399.73,2402.37,2399.73,2402.37,239.2273
2026-09-16 02:30:00,2402.37,2407.69,2402.05,2405.44,811.35
2026-09-16 02:33:00,2405.43,2409.54,2404.32,2409.21,330.4898
2026-09-16 02:36:00,2409.21,2411.31,2407.4,2409.22,738.5223
2026-09-16 02:39:00,2409.21,2410.46,2408.28,2409.32,265.9715
2026-09-16 02:42:00,2409.32,2409.33,2405.99,2406.44,290.5371
2026-09-16 02:45:00,2406.43,2406.67,2405.08,2405.75,424.6503
2026-09-16 02:48:00,2405.75,2407.68,2405.57,2406.6,163.6029
2026-09-16 02:51:00,2406.59,2407.57,2405.79,2406.08,145.8523
2026-09-16 02:54:00,2406.07,2406.08,2400.31,2400.41,520.8011
2026-09-16 02:57:00,2400.41,2403.24,2400.0,2403.0,297.5942
2026-09-16 03:00:00,2403.01,2407.09,2402.57,2407.09,584.5144
2026-09-16 03:03:00,2407.09,2407.09,2403.32,2404.81,530.2835
2026-09-16 03:06:00,2404.81,2405.24,2401.46,2401.69,287.5172
2026-09-16 03:09:00,2401.7,2405.17,2400.59,2405.16,568.5865
2026-09-16 03:12:00,2405.17,2406.8,2404.88,2406.79,131.8893
2026-09-16 03:15:00,2406.8,2410.74,2406.64,2410.73,394.8929
2026-09-16 03:18:00,2410.74,2411.4,2408.28,2409.84,598.1332
2026-09-16 03:21:00,2409.83,2411.53,2408.67,2410.89,442.4801
2026-09-16 03:24:00,2410.89,2410.89,2408.67,2408.67,167.1794
2026-09-16 03:27:00,2408.67,2408.85,2404.75,2404.75,246.3534
2026-09-16 03:30:00,2404.76,2406.46,2403.29,2406.46,703.6109
2026-09-16 03:33:00,2406.46,2406.68,2403.5,2403.59,248.6245
2026-09-16 03:36:00,2403.58,2403.74,2400.56,2401.38,179.6754
2026-09-16 03:39:00,2401.38,2402.93,2401.25,2401.88,201.4372
2026-09-16 03:42:00,2401.88,2402.68,2400.15,2401.79,748.3127
2026-09-16 03:45:00,2401.8,2403.4,2401.45,2401.53,139.9061
2026-09-16 03:48:00,2401.52,2402.51,2401.0,2401.77,100.2849
2026-09-16 03:51:00,2401.76,2401.77,2400.52,2401.0,185.8692
2026-09-16 03:54:00,2401.01,2401.99,2400.65,2401.93,103.7817
2026-09-16 03:57:00,2401.92,2402.81,2401.73,2401.96,196.5816
2026-09-16 04:00:00,2401.96,2403.43,2401.96,2403.39,306.5593
2026-09-16 04:03:00,2403.38,2405.76,2403.11,2404.34,137.3908
2026-09-16 04:06:00,2404.34,2405.16,2403.47,2404.0,264.5427
2026-09-16 04:09:00,2404.0,2404.32,2402.51,2404.32,349.066
2026-09-16 04:12:00,2404.32,2404.32,2403.0,2404.0,165.3811
2026-09-16 04:15:00,2403.99,2403.99,2402.12,2403.11,131.7015
2026-09-16 04:18:00,2403.1,2404.81,2402.16,2404.81,106.8566
2026-09-16 04:21:00,2404.81,2409.57,2404.8,2407.89,640.4846
2026-09-16 04:24:00,2407.88,2408.2,2407.17,2407.93,161.4137
2026-09-16 04:27:00,2407.92,2408.0,2404.08,2404.49,398.5686
2026-09-16 04:30:00,2404.48,2404.61,2403.24,2403.25,100.7869
2026-09-16 04:33:00,2403.24,2406.0,2402.45,2405.9,453.6836
2026-09-16 04:36:00,2405.9,2406.18,2404.51,2405.41,265.1424
2026-09-16 04:39:00,2405.41,2410.0,2405.41,2409.6,310.9684
2026-09-16 04:42:00,2409.6,2410.45,2406.07,2406.11,697.2834
2026-09-16 04:45:00,2406.11,2408.51,2406.11,2406.48,144.2344
2026-09-16 04:48:00,2406.48,2406.49,2405.33,2405.34,360.5447
2026-09-16 04:51:00,2405.33,2405.34,2403.73,2403.74,148.4115
2026-09-16 04:54:00,2403.73,2404.34,2402.87,2402.88,112.5215
2026-09-16 04:57:00,2402.88,2405.71,2402.88,2403.89,637.7286
2026-09-16 05:00:00,2403.88,2404.78,2395.92,2396.57,747.4468
2026-09-16 05:03:00,2396.57,2399.64,2395.26,2395.5,776.3888
2026-09-16 05:06:00,2395.51,2398.79,2393.61,2398.78,310.2566
2026-09-16 05:09:00,2398.79,2401.08,2398.78,2400.93,145.5676
2026-09-16 05:12:00,2400.92,2401.06,2399.5,2400.45,112.5688
2026-09-16 05:15:00,2400.44,2401.74,2400.18,2401.71,401.322
2026-09-16 05:18:00,2401.71,2402.05,2401.04,2401.24,217.734
2026-09-16 05:21:00,2401.24,2404.6,2401.23,2403.2,319.4281
2026-09-16 05:24:00,2403.21,2404.49,2403.18,2403.96,159.4696
2026-09-16 05:27:00,2403.96,2404.41,2403.01,2404.41,120.0747
2026-09-16 05:30:00,2404.4,2404.41,2402.95,2403.83,346.4379
2026-09-16 05:33:00,2403.82,2404.75,2403.05,2404.75,124.9746
2026-09-16 05:36:00,2404.75,2405.98,2404.71,2405.89,261.9682
2026-09-16 05:39:00,2405.89,2406.17,2404.91,2404.92,232.5784
2026-09-16 05:42:00,2404.92,2406.83,2404.29,2406.74,349.7757
2026-09-16 05:45:00,2406.75,2407.05,2405.62,2405.77,115.4446
2026-09-16 05:48:00,2405.77,2406.58,2404.19,2405.41,387.7453
2026-09-16 05:51:00,2405.41,2405.51,2404.03,2404.4,72.2643
2026-09-16 05:54:00,2404.39,2407.04,2403.96,2406.38,711.2651
2026-09-16 05:57:00,2406.38,2407.42,2406.17,2407.37,93.9372
2026-09-16 06:00:00,2407.37,2409.0,2407.36,2408.11,253.3844
2026-09-16 06:03:00,2408.11,2408.12,2405.12,2406.13,438.886
2026-09-16 06:06:00,2406.13,2406.5,2405.6,2406.01,72.3164
2026-09-16 06:09:00,2406.01,2406.01,2403.64,2404.61,114.2979
2026-09-16 06:12:00,2404.61,2406.24,2404.24,2404.24,162.25
2026-09-16 06:15:00,2404.25,2405.05,2402.66,2404.04,281.7218
2026-09-16 06:18:00,2404.03,2405.03,2403.45,2404.77,155.0619
2026-09-16 06:21:00,2404.77,2404.77,2402.09,2402.28,113.5959
2026-09-16 06:24:00,2402.29,2402.43,2401.31,2402.1,104.3351
2026-09-16 06:27:00,2402.1,2402.11,2401.01,2401.44,80.5435
2026-09-16 06:30:00,2401.44,2401.44,2398.95,2399.29,492.089
2026-09-16 06:33:00,2399.29,2400.83,2397.91,2397.91,540.6962
2026-09-16 06:36:00,2397.92,2398.44,2393.78,2394.9,558.2377
2026-09-16 06:39:00,2394.9,2397.33,2394.49,2397.05,171.4304
2026-09-16 06:42:00,2397.05,2399.13,2396.61,2398.69,140.9736
2026-09-16 06:45:00,2398.69,2400.89,2398.69,2400.89,183.1057
2026-09-16 06:48:00,2400.89,2401.0,2398.74,2398.75,216.7425
2026-09-16 06:51:00,2398.75,2399.75,2398.75,2399.05,138.9317
2026-09-16 06:54:00,2399.04,2401.05,2399.04,2400.86,114.8435
2026-09-16 06:57:00,2400.85,2407.66,2400.36,2406.77,815.2613
2026-09-16 07:00:00,2406.77,2409.25,2404.67,2406.44,390.8944
2026-09-16 07:03:00,2406.44,2411.25,2406.44,2408.56,926.5808
2026-09-16 07:06:00,2408.56,2408.95,2406.62,2406.68,211.6966
2026-09-16 07:09:00,2406.69,2406.99,2399.15,2400.3,1221.8925
2026-09-16 07:12:00,2400.31,2402.5,2399.52,2402.5,188.3205
2026-09-16 07:15:00,2402.5,2404.83,2402.16,2402.78,330.9649
2026-09-16 07:18:00,2402.79,2402.79,2398.7,2399.4,225.46
2026-09-16 07:21:00,2399.39,2400.31,2398.88,2398.96,237.5384
2026-09-16 07:24:00,2398.96,2402.66,2398.95,2401.97,855.2285
2026-09-16 07:27:00,2401.96,2401.96,2398.73,2399.39,399.8187
2026-09-16 07:30:00,2399.4,2400.57,2398.48,2399.73,476.9467
2026-09-16 07:33:00,2399.73,2400.27,2398.76,2399.75,405.0653
2026-09-16 07:36:00,2399.76,2401.49,2399.54,2400.92,411.7533
2026-09-16 07:39:00,2400.92,2401.72,2400.62,2401.0,330.5379
2026-09-16 07:42:00,2401.01,2401.04,2398.51,2399.41,500.0701
2026-09-16 07:45:00,2399.41,2400.13,2398.23,2399.81,1011.0509
2026-09-16 07:48:00,2399.8,2399.81,2397.77,2397.78,1089.8611
2026-09-16 07:51:00,2397.78,2398.82,2397.54,2398.3,629.1786
2026-09-16 07:54:00,2398.3,2398.44,2396.99,2397.21,1105.3751
2026-09-16 07:57:00,2397.21,2397.73,2396.72,2396.96,1513.3631
2026-09-16 08:00:00,2396.96,2397.32,2395.32,2395.44,736.2449
2026-09-16 08:03:00,2395.44,2395.46,2390.13,2391.69,1699.0931
2026-09-16 08:06:00,2391.69,2391.69,2385.25,2386.56,2621.3371
2026-09-16 08:09:00,2386.56,2387.97,2382.7,2387.14,1679.8394
2026-09-16 08:12:00,2387.14,2389.67,2386.58,2387.71,1133.9475
2026-09-16 08:15:00,2387.72,2393.18,2387.66,2392.17,1026.9771
2026-09-16 08:18:00,2392.17,2392.53,2388.54,2390.09,1386.6375
2026-09-16 08:21:00,2390.09,2393.52,2390.09,2390.12,658.2171
2026-09-16 08:24:00,2390.11,2390.12,2385.41,2386.38,1353.0537
2026-09-16 08:27:00,2386.38,2390.14,2386.37,2388.79,1155.7806
2026-09-16 08:30:00,2388.78,2391.07,2388.6,2390.51,838.3831
2026-09-16 08:33:00,2390.52,2391.01,2389.51,2390.88,502.8961
2026-09-16 08:36:00,2390.89,2391.9,2390.23,2391.84,421.014
2026-09-16 08:39:00,2391.83,2393.0,2391.83,2392.23,891.5024
2026-09-16 08:42:00,2392.22,2394.03,2391.85,2394.02,669.1383
2026-09-16 08:45:00,2394.02,2394.64,2393.44,2394.08,298.1103
2026-09-16 08:48:00,2394.09,2395.32,2393.6,2395.1,313.5428
2026-09-16 08:51:00,2395.1,2395.85,2395.03,2395.85,737.4642
2026-09-16 08:54:00,2395.85,2403.52,2395.84,2401.77,1380.1841
2026-09-16 08:57:00,2401.77,2403.22,2401.77,2402.97,227.8143
2026-09-16 09:00:00,2402.97,2404.68,2402.29,2404.67,386.0297
2026-09-16 09:03:00,2404.68,2407.05,2404.68,2406.45,445.6344
2026-09-16 09:06:00,2406.44,2406.44,2401.22,2401.64,433.5407
2026-09-16 09:09:00,2401.63,2403.12,2401.63,2403.12,223.3252
2026-09-16 09:12:00,2403.12,2403.13,2401.45,2401.53,316.4849
2026-09-16 09:15:00,2401.52,2402.7,2399.12,2401.04,482.4336
2026-09-16 09:18:00,2401.04,2403.02,2401.04,2402.99,211.326
2026-09-16 09:21:00,2402.99,2404.47,2402.32,2404.19,191.3998
2026-09-16 09:24:00,2404.18,2405.0,2402.0,2402.87,486.7603
2026-09-16 09:27:00,2402.87,2404.8,2401.92,2402.12,390.2023
2026-09-16 09:30:00,2402.12,2403.88,2402.12,2403.33,372.3317
2026-09-16 09:33:00,2403.34,2403.34,2401.35,2401.79,194.0854
2026-09-16 09:36:00,2401.79,2404.58,2401.79,2402.91,232.8976
2026-09-16 09:39:00,2402.9,2404.92,2402.71,2404.19,150.057
2026-09-16 09:42:00,2404.19,2404.19,2402.72,2403.47,220.3134
2026-09-16 09:45:00,2403.47,2403.48,2401.89,2402.7,132.5494
2026-09-16 09:48:00,2402.69,2404.59,2401.82,2403.96,336.9315
2026-09-16 09:51:00,2403.96,2404.86,2402.79,2404.76,260.8039
2026-09-16 09:54:00,2404.77,2406.0,2404.77,2405.76,332.7953
2026-09-16 09:57:00,2405.77,2406.6,2405.42,2405.93,427.263
2026-09-16 10:00:00,2405.93,2406.59,2403.95,2404.19,323.5395
2026-09-16 10:03:00,2404.2,2405.01,2401.85,2401.85,195.8386
2026-09-16 10:06:00,2401.85,2404.06,2401.85,2403.07,351.5188
2026-09-16 10:09:00,2403.08,2404.57,2401.68,2402.87,266.7909
2026-09-16 10:12:00,2402.87,2403.27,2398.53,2399.9,721.5741
2026-09-16 10:15:00,2399.9,2402.51,2399.04,2402.51,367.7846
2026-09-16 10:18:00,2402.5,2404.06,2402.28,2403.16,264.7234
2026-09-16 10:21:00,2403.16,2403.9,2400.24,2400.79,730.7025
2026-09-16 10:24:00,2400.79,2402.56,2400.38,2402.43,243.0827
2026-09-16 10:27:00,2402.43,2402.67,2402.0,2402.58,168.3216
2026-09-16 10:30:00,2402.57,2403.38,2402.0,2402.05,137.6538
2026-09-16 10:33:00,2402.05,2403.55,2402.05,2402.89,207.3219
2026-09-16 10:36:00,2402.88,2404.81,2402.74,2403.97,303.8744
2026-09-16 10:39:00,2403.98,2406.0,2403.73,2405.75,369.1445
2026-09-16 10:42:00,2405.74,2407.21,2405.74,2406.5,340.1551
2026-09-16 10:45:00,2406.5,2406.89,2405.53,2405.95,294.0927
2026-09-16 10:48:00,2405.95,2405.95,2405.27,2405.33,178.8329
2026-09-16 10:51:00,2405.33,2405.34,2404.56,2404.57,160.9622
2026-09-16 10:54:00,2404.58,2404.58,2401.76,2402.6,179.1921
2026-09-16 10:57:00,2402.59,2406.58,2402.47,2406.55,258.829
2026-09-16 11:00:00,2406.55,2409.15,2405.3,2406.64,650.4812
2026-09-16 11:03:00,2406.64,2409.16,2406.64,2408.52,238.3144
2026-09-16 11:06:00,2408.52,2408.53,2405.5,2405.5,200.5249
2026-09-16 11:09:00,2405.49,2406.97,2405.12,2406.89,181.0288
2026-09-16 11:12:00,2406.88,2406.88,2404.67,2404.67,132.9191
2026-09-16 11:15:00,2404.67,2405.76,2402.99,2404.97,290.3938
2026-09-16 11:18:00,2404.88,2406.83,2404.87,2406.58,875.5351
2026-09-16 11:21:00,2406.59,2407.28,2404.83,2405.96,655.9155
2026-09-16 11:24:00,2405.96,2407.52,2404.21,2407.51,496.7556
2026-09-16 11:27:00,2407.51,2407.81,2406.94,2407.51,177.7026
2026-09-16 11:30:00,2407.51,2414.26,2406.86,2410.87,1119.0329
2026-09-16 11:33:00,2410.88,2413.1,2410.73,2412.7,286.4814
2026-09-16 11:36:00,2412.71,2417.95,2412.69,2413.92,1191.8528
2026-09-16 11:39:00,2413.92,2417.24,2413.02,2416.14,547.1179
2026-09-16 11:42:00,2416.14,2430.0,2416.13,2426.05,3019.364
2026-09-16 11:45:00,2426.04,2427.2,2421.53,2424.17,1098.3998
2026-09-16 11:48:00,2424.17,2424.17,2421.73,2423.11,1127.9097
2026-09-16 11:51:00,2423.1,2424.86,2420.91,2421.36,527.0223
2026-09-16 11:54:00,2421.35,2421.35,2419.48,2420.65,437.2481
2026-09-16 11:57:00,2420.64,2423.08,2420.64,2422.61,508.9135
2026-09-16 12:00:00,2422.6,2423.68,2420.01,2420.02,573.9602
2026-09-16 12:03:00,2420.01,2423.41,2419.65,2419.65,223.6697
2026-09-16 12:06:00,2419.64,2420.52,2416.66,2417.03,625.3644
2026-09-16 12:09:00,2417.02,2417.34,2415.16,2415.24,432.2745
2026-09-16 12:12:00,2415.24,2415.29,2412.81,2413.71,684.9441
2026-09-16 12:15:00,2413.71,2418.43,2413.08,2416.37,1440.153
2026-09-16 12:18:00,2416.37,2416.37,2412.61,2413.93,563.4837
2026-09-16 12:21:00,2413.92,2413.93,2410.95,2411.09,694.5708
2026-09-16 12:24:00,2411.08,2411.09,2407.42,2407.43,1233.135
2026-09-16 12:27:00,2407.42,2408.27,2405.94,2407.23,279.2345
2026-09-16 12:30:00,2407.24,2407.24,2402.99,2404.39,1039.0908
2026-09-16 12:33:00,2404.39,2410.92,2404.39,2410.2,1460.5951
2026-09-16 12:36:00,2410.2,2410.2,2405.52,2406.89,239.5311
2026-09-16 12:39:00,2406.9,2408.41,2405.78,2408.2,166.4567
2026-09-16 12:42:00,2408.16,2408.16,2406.66,2406.9,108.8346
2026-09-16 12:45:00,2406.9,2408.61,2405.76,2407.72,287.647
2026-09-16 12:48:00,2407.71,2409.65,2407.24,2409.02,1015.0995
2026-09-16 12:51:00,2409.01,2410.11,2407.63,2407.64,562.27
2026-09-16 12:54:00,2407.64,2408.33,2403.78,2408.27,434.2119
2026-09-16 12:57:00,2408.27,2408.27,2404.57,2406.77,324.3916
2026-09-16 13:00:00,2406.76,2406.77,2400.57,2401.32,541.1192
2026-09-16 13:03:00,2401.35,2401.73,2397.09,2400.38,2339.8882
2026-09-16 13:06:00,2400.38,2400.99,2399.3,2400.15,350.1566
2026-09-16 13:09:00,2400.15,2400.16,2396.83,2397.57,325.4985
2026-09-16 13:12:00,2397.57,2402.22,2395.29,2401.88,922.9256
2026-09-16 13:15:00,2401.88,2405.97,2400.48,2404.07,801.7198
2026-09-16 13:18:00,2404.07,2405.0,2400.0,2401.06,567.7217
2026-09-16 13:21:00,2401.06,2403.34,2399.54,2399.89,192.9017
2026-09-16 13:24:00,2399.89,2403.31,2398.56,2402.19,828.0666
2026-09-16 13:27:00,2402.19,2403.97,2400.98,2400.98,108.4155
2026-09-16 13:30:00,2400.98,2402.4,2396.2,2398.11,1344.8369
2026-09-16 13:33:00,2398.11,2399.68,2395.59,2397.01,986.0088
2026-09-16 13:36:00,2397.01,2397.01,2390.0,2393.38,895.8233
2026-09-16 13:39:00,2393.39,2398.39,2390.72,2397.84,500.9564
2026-09-16 13:42:00,2397.83,2400.08,2395.16,2399.12,568.0426
2026-09-16 13:45:00,2399.12,2402.51,2392.07,2402.31,895.2323
2026-09-16 13:48:00,2402.31,2404.31,2398.01,2400.06,511.2085
2026-09-16 13:51:00,2400.07,2400.23,2394.32,2397.86,418.3894
2026-09-16 13:54:00,2397.85,2398.81,2395.45,2397.37,362.1013
2026-09-16 13:57:00,2397.37,2398.73,2392.56,2394.01,240.106
2026-09-16 14:00:00,2394.01,2394.63,2388.05,2388.66,1085.803
2026-09-16 14:03:00,2388.66,2394.98,2386.05,2394.26,1588.4848
2026-09-16 14:06:00,2394.26,2394.26,2387.7,2390.27,612.5671
2026-09-16 14:09:00,2390.28,2391.54,2386.0,2387.69,327.0372
2026-09-16 14:12:00,2387.69,2390.13,2383.33,2390.13,1891.6826
2026-09-16 14:15:00,2390.13,2396.75,2390.12,2393.51,1127.5231
2026-09-16 14:18:00,2393.51,2395.31,2387.86,2392.02,768.4159
2026-09-16 14:21:00,2392.02,2392.96,2388.24,2389.87,253.4836
2026-09-16 14:24:00,2389.87,2394.86,2388.66,2394.86,717.3057
2026-09-16 14:27:00,2394.86,2398.87,2393.22,2398.2,718.6406
2026-09-16 14:30:00,2398.2,2398.5,2388.93,2389.9,842.109
2026-09-16 14:33:00,2389.91,2396.52,2389.5,2392.24,681.1268
2026-09-16 14:36:00,2392.25,2394.72,2389.51,2390.1,835.4413
2026-09-16 14:39:00,2390.09,2390.09,2384.78,2388.9,815.9801
2026-09-16 14:42:00,2388.89,2393.16,2387.99,2391.89,845.7689
2026-09-16 14:45:00,2391.88,2391.88,2387.83,2387.84,240.385
2026-09-16 14:48:00,2387.84,2389.68,2378.78,2386.27,2422.0175
2026-09-16 14:51:00,2386.26,2388.52,2381.28,2388.34,675.3171
2026-09-16 14:54:00,2388.34,2389.83,2383.92,2387.46,394.3587
2026-09-16 14:57:00,2387.45,2390.43,2385.51,2390.43,451.77
2026-09-16 15:00:00,2390.43,2394.99,2389.91,2392.51,1594.0639
2026-09-16 15:03:00,2392.51,2395.0,2388.17,2388.18,484.1752
2026-09-16 15:06:00,2388.18,2395.53,2386.5,2388.69,1048.2771
2026-09-16 15:09:00,2388.7,2396.33,2388.35,2392.92,510.7035
2026-09-16 15:12:00,2392.91,2394.69,2392.07,2393.99,298.4878
2026-09-16 15:15:00,2393.99,2393.99,2388.38,2390.25,477.3688
2026-09-16 15:18:00,2390.26,2390.94,2388.43,2388.82,290.273
2026-09-16 15:21:00,2388.82,2394.66,2388.82,2391.92,394.7581
2026-09-16 15:24:00,2391.93,2391.93,2388.43,2388.68,201.1182
2026-09-16 15:27:00,2388.65,2389.03,2387.08,2387.38,188.3628
2026-09-16 15:30:00,2387.38,2387.44,2384.0,2384.76,542.7705
2026-09-16 15:33:00,2384.76,2391.6,2384.11,2391.59,277.9594
2026-09-16 15:36:00,2391.59,2394.44,2391.59,2394.44,445.0242
2026-09-16 15:39:00,2394.44,2395.7,2392.5,2394.13,287.205
2026-09-16 15:42:00,2394.12,2394.49,2390.77,2390.78,151.4144
2026-09-16 15:45:00,2390.78,2402.17,2390.55,2398.56,1192.5992
2026-09-16 15:48:00,2398.59,2400.99,2396.4,2398.68,744.0768
2026-09-16 15:51:00,2398.68,2399.48,2396.34,2397.42,431.8967
2026-09-16 15:54:00,2397.41,2397.51,2393.34,2393.5,269.1244
2026-09-16 15:57:00,2393.51,2395.12,2390.48,2392.76,964.791
2026-09-16 16:00:00,2392.76,2393.84,2390.8,2393.52,197.1816
2026-09-16 16:03:00,2393.52,2396.81,2392.55,2396.8,373.4427
2026-09-16 16:06:00,2396.81,2397.09,2388.57,2389.42,931.9194
2026-09-16 16:09:00,2389.42,2394.69,2389.42,2394.54,314.5507
2026-09-16 16:12:00,2394.54,2397.58,2394.54,2396.88,311.0811
2026-09-16 16:15:00,2396.87,2398.94,2393.92,2395.61,307.0805
2026-09-16 16:18:00,2395.61,2399.51,2395.61,2398.29,407.5598
2026-09-16 16:21:00,2398.3,2398.78,2395.47,2396.58,210.5847
2026-09-16 16:24:00,2396.57,2396.89,2394.6,2395.76,316.0133
2026-09-16 16:27:00,2395.76,2396.19,2392.86,2396.19,408.9792
2026-09-16 16:30:00,2396.18,2398.21,2392.79,2394.67,298.2207
2026-09-16 16:33:00,2394.67,2394.88,2391.54,2393.84,377.9348
2026-09-16 16:36:00,2393.83,2394.54,2391.3,2393.41,345.6947
2026-09-16 16:39:00,2393.4,2393.49,2387.64,2389.21,778.1562
2026-09-16 16:42:00,2389.2,2389.21,2387.07,2388.35,411.4511
2026-09-16 16:45:00,2388.35,2395.0,2388.22,2395.0,415.8635
2026-09-16 16:48:00,2395.0,2395.78,2391.73,2391.74,216.8448
2026-09-16 16:51:00,2391.74,2395.2,2391.55,2394.44,112.0796
