open_time,open,high,low,close,volume
2026-08-17 16:55:00,1905.38,1907.58,1905.38,1907.22,493.134
2026-08-17 17:00:00,1907.21,1907.22,1905.73,1905.74,405.7372
2026-08-17 17:05:00,1905.73,1906.76,1905.65,1906.07,525.793
2026-08-17 17:10:00,1906.08,1907.0,1905.01,1905.21,1290.9396
2026-08-17 17:15:00,1905.21,1911.68,1905.0,1910.72,1853.6222
2026-08-17 17:20:00,1910.72,1914.19,1910.61,1912.06,1278.6898
2026-08-17 17:25:00,1912.06,1912.06,1908.56,1908.64,866.6902
2026-08-17 17:30:00,1908.65,1908.65,1906.69,1907.25,332.9876
2026-08-17 17:35:00,1907.24,1909.55,1904.59,1908.11,1092.5808
2026-08-17 17:40:00,1908.11,1909.44,1907.76,1907.86,411.4692
2026-08-17 17:45:00,1907.85,1909.77,1907.85,1908.93,241.6677
2026-08-17 17:50:00,1908.93,1909.37,1908.46,1909.07,489.2784
2026-08-17 17:55:00,1909.08,1909.52,1908.9,1908.91,137.3121
2026-08-17 18:00:00,1908.9,1909.19,1907.76,1909.02,308.0542
2026-08-17 18:05:00,1909.02,1909.18,1907.33,1907.71,397.5511
2026-08-17 18:10:00,1907.71,1909.77,1907.36,1908.74,407.32
2026-08-17 18:15:00,1908.75,1911.82,1908.54,1909.79,388.6543
2026-08-17 18:20:00,1909.79,1912.91,1909.08,1911.2,888.021
2026-08-17 18:25:00,1911.19,1912.0,1910.1,1910.62,640.5397
2026-08-17 18:30:00,1910.63,1910.89,1908.54,1909.57,378.9096
2026-08-17 18:35:00,1909.57,1911.07,1909.26,1909.53,557.5817
2026-08-17 18:40:00,1909.54,1911.02,1909.03,1910.82,483.6299
2026-08-17 18:45:00,1910.82,1910.82,1909.27,1910.17,221.4009
2026-08-17 18:50:00,1910.17,1911.52,1909.76,1910.3,714.3158
2026-08-17 18:55:00,1910.29,1910.65,1909.8,1910.01,208.8461
2026-08-17 19:00:00,1910.0,1910.0,1907.13,1907.97,503.4546
2026-08-17 19:05:00,1907.97,1910.2,1907.97,1909.62,278.4509
2026-08-17 19:10:00,1909.61,1909.61,1906.91,1906.92,222.7919
2026-08-17 19:15:00,1906.91,1908.68,1906.91,1907.01,433.7701
2026-08-17 19:20:00,1907.01,1908.61,1906.69,1908.09,355.978
2026-08-17 19:25:00,1908.09,1910.43,1907.82,1909.84,200.7016
2026-08-17 19:30:00,1909.83,1909.83,1907.85,1908.0,373.5624
2026-08-17 19:35:00,1908.0,1910.6,1907.73,1910.37,322.5033
2026-08-17 19:40:00,1910.36,1910.92,1909.39,1909.64,274.6686
2026-08-17 19:45:00,1909.63,1909.64,1908.88,1908.89,128.4999
2026-08-17 19:50:00,1908.89,1908.98,1907.86,1908.03,217.4818
2026-08-17 19:55:00,1908.04,1908.28,1907.1,1907.25,413.6176
2026-08-17 20:00:00,1907.24,1907.64,1906.13,1906.62,243.5867
2026-08-17 20:05:00,1906.61,1906.66,1905.88,1906.54,223.8303
2026-08-17 20:10:00,1906.53,1906.9,1906.11,1906.62,147.1718
2026-08-17 20:15:00,1906.63,1906.63,1905.0,1905.38,473.8838
2026-08-17 20:20:00,1905.37,1907.27,1905.24,1907.26,351.3036
2026-08-17 20:25:00,1907.26,1909.18,1906.9,1908.81,548.7014
2026-08-17 20:30:00,1908.81,1909.1,1907.53,1907.84,273.3032
2026-08-17 20:35:00,1907.85,1908.62,1907.19,1907.87,442.5303
2026-08-17 20:40:00,1907.86,1910.6,1907.86,1910.6,372.2045
2026-08-17 20:45:00,1910.6,1910.77,1907.91,1907.93,432.2411
2026-08-17 20:50:00,1907.92,1907.93,1905.32,1905.74,615.0
2026-08-17 20:55:00,1905.74,1907.2,1905.67,1906.73,360.7627
2026-08-17 21:00:00,1906.73,1907.89,1906.36,1907.89,431.1986
2026-08-17 21:05:00,1907.89,1908.7,1907.7,1908.7,645.5646
2026-08-17 21:10:00,1908.71,1908.82,1907.28,1908.15,384.383
2026-08-17 21:15:00,1908.15,1908.49,1907.2,1907.36,141.5374
2026-08-17 21:20:00,1907.37,1907.45,1906.07,1906.36,90.7837
2026-08-17 21:25:00,1906.37,1906.37,1906.11,1906.24,145.572
2026-08-17 21:30:00,1906.23,1907.62,1906.07,1907.15,235.038
2026-08-17 21:35:00,1907.14,1907.15,1906.09,1906.69,159.3694
2026-08-17 21:40:00,1906.69,1907.35,1905.91,1906.31,244.1141
2026-08-17 21:45:00,1906.31,1906.87,1905.99,1906.21,245.5449
2026-08-17 21:50:00,1906.2,1907.06,1906.17,1906.3,101.8696
2026-08-17 21:55:00,1906.29,1906.93,1906.17,1906.35,133.0252
2026-08-17 22:00:00,1906.35,1908.03,1906.32,1906.7,322.9639
2026-08-17 22:05:00,1906.7,1906.7,1905.64,1905.68,233.6483
2026-08-17 22:10:00,1905.68,1905.69,1905.2,1905.23,241.7093
2026-08-17 22:15:00,1905.22,1905.24,1903.95,1904.03,154.1991
2026-08-17 22:20:00,1904.03,1906.06,1903.59,1905.52,312.0301
2026-08-17 22:25:00,1905.52,1905.52,1904.22,1904.22,59.9905
2026-08-17 22:30:00,1904.21,1904.21,1903.59,1903.94,165.1957
2026-08-17 22:35:00,1903.93,1905.17,1903.82,1904.23,153.4731
2026-08-17 22:40:00,1904.24,1904.54,1904.16,1904.53,65.0296
2026-08-17 22:45:00,1904.53,1904.89,1904.34,1904.41,93.6948
2026-08-17 22:50:00,1904.4,1904.78,1904.24,1904.61,191.258
2026-08-17 22:55:00,1904.61,1904.62,1904.37,1904.55,86.8368
2026-08-17 23:00:00,1904.56,1904.98,1904.01,1904.75,457.3028
2026-08-17 23:05:00,1904.76,1906.77,1904.75,1906.77,192.4429
2026-08-17 23:10:00,1906.76,1908.36,1906.76,1908.03,283.7954
2026-08-17 23:15:00,1908.03,1910.45,1908.0,1910.37,399.4906
2026-08-17 23:20:00,1910.36,1911.56,1910.25,1911.43,236.7785
2026-08-17 23:25:00,1911.42,1915.33,1911.42,1915.33,1422.0317
2026-08-17 23:30:00,1915.33,1918.71,1914.07,1917.81,2362.2382
2026-08-17 23:35:00,1917.82,1917.82,1914.64,1914.64,288.896
2026-08-17 23:40:00,1914.64,1914.65,1912.54,1912.55,737.8223
2026-08-17 23:45:00,1912.55,1914.48,1912.44,1914.36,222.1838
2026-08-17 23:50:00,1914.37,1914.37,1913.14,1913.78,210.3521
2026-08-17 23:55:00,1913.77,1914.14,1912.41,1913.6,323.2062
2026-08-18 00:00:00,1913.59,1914.38,1911.33,1911.81,576.2585
2026-08-18 00:05:00,1911.82,1911.82,1910.37,1910.68,304.126
2026-08-18 00:10:00,1910.69,1910.69,1910.21,1910.67,152.3073
2026-08-18 00:15:00,1910.68,1912.8,1910.67,1911.34,318.0808
2026-08-18 00:20:00,1911.33,1913.0,1911.0,1911.62,347.8303
2026-08-18 00:25:00,1911.63,1912.34,1911.11,1911.92,216.0564
2026-08-18 00:30:00,1911.92,1911.92,1910.69,1911.24,165.3813
2026-08-18 00:35:00,1911.25,1911.26,1909.76,1909.76,405.7839
2026-08-18 00:40:00,1909.77,1910.12,1908.62,1909.88,468.7937
2026-08-18 00:45:00,1909.89,1909.89,1909.28,1909.66,174.0173
2026-08-18 00:50:00,1909.66,1910.25,1909.01,1909.01,291.0503
2026-08-18 00:55:00,1909.01,1910.11,1909.01,1910.11,189.0355
2026-08-18 01:00:00,1910.12,1910.33,1908.26,1908.26,374.6291
2026-08-18 01:05:00,1908.25,1908.29,1906.81,1907.01,406.0802
2026-08-18 01:10:00,1907.0,1908.66,1906.21,1908.24,219.7648
2026-08-18 01:15:00,1908.24,1908.47,1907.09,1907.12,202.7984
2026-08-18 01:20:00,1907.13,1908.12,1907.13,1908.0,137.723
2026-08-18 01:25:00,1908.0,1908.01,1906.87,1907.31,170.1548
2026-08-18 01:30:00,1907.31,1907.95,1907.04,1907.41,200.8801
2026-08-18 01:35:00,1907.41,1907.42,1906.88,1906.96,164.5263
2026-08-18 01:40:00,1906.96,1906.96,1903.93,1905.14,474.2436
2026-08-18 01:45:00,1905.15,1905.15,1902.0,1903.38,810.2348
2026-08-18 01:50:00,1903.39,1903.75,1899.78,1900.29,1560.1599
2026-08-18 01:55:00,1900.28,1901.54,1899.85,1901.54,665.2733
2026-08-18 02:00:00,1901.53,1902.13,1900.56,1901.56,439.6368
2026-08-18 02:05:00,1901.56,1903.6,1901.56,1902.24,530.5025
2026-08-18 02:10:00,1902.24,1902.24,1899.77,1899.78,606.2476
2026-08-18 02:15:00,1899.77,1900.0,1899.0,1900.0,619.7237
2026-08-18 02:20:00,1899.99,1900.69,1899.99,1900.01,293.6463
2026-08-18 02:25:00,1900.01,1900.01,1897.75,1897.76,564.0783
2026-08-18 02:30:00,1897.75,1897.75,1896.18,1897.16,480.0058
2026-08-18 02:35:00,1897.16,1898.22,1896.12,1897.62,370.9931
2026-08-18 02:40:00,1897.62,1898.18,1894.06,1894.6,515.5632
2026-08-18 02:45:00,1894.6,1895.87,1889.28,1895.87,3101.1949
2026-08-18 02:50:00,1895.87,1896.64,1894.29,1894.73,624.7191
2026-08-18 02:55:00,1894.74,1894.74,1890.99,1893.19,1194.8454
2026-08-18 03:00:00,1893.19,1895.3,1892.51,1893.57,544.0003
2026-08-18 03:05:00,1893.56,1894.33,1893.0,1893.05,423.7335
2026-08-18 03:10:00,1893.05,1893.18,1891.58,1891.66,459.7573
2026-08-18 03:15:00,1891.66,1893.9,1891.66,1893.9,473.9306
2026-08-18 03:20:00,1893.89,1893.89,1889.25,1890.42,1063.9175
2026-08-18 03:25:00,1890.42,1891.4,1890.27,1891.03,940.5817
2026-08-18 03:30:00,1891.03,1891.03,1885.78,1888.6,2094.9059
2026-08-18 03:35:00,1888.6,1893.54,1887.95,1893.31,862.7007
2026-08-18 03:40:00,1893.31,1895.46,1893.13,1895.46,663.3908
2026-08-18 03:45:00,1895.45,1895.49,1893.72,1894.45,521.3278
2026-08-18 03:50:00,1894.44,1895.23,1894.01,1894.51,385.6511
2026-08-18 03:55:00,1894.51,1895.01,1893.99,1894.69,999.2492
2026-08-18 04:00:00,1894.68,1894.68,1891.53,1892.56,522.2776
2026-08-18 04:05:00,1892.55,1894.33,1892.55,1893.96,237.6014
2026-08-18 04:10:00,1893.96,1895.5,1893.95,1895.08,301.0314
2026-08-18 04:15:00,1895.08,1895.08,1894.03,1894.04,107.2552
2026-08-18 04:20:00,1894.04,1894.59,1893.88,1894.19,237.2121
2026-08-18 04:25:00,1894.19,1894.85,1894.0,1894.85,555.4503
2026-08-18 04:30:00,1894.85,1897.03,1894.85,1896.73,355.5491
2026-08-18 04:35:00,1896.72,1897.29,1896.48,1896.49,635.7449
2026-08-18 04:40:00,1896.49,1897.43,1896.48,1896.88,516.3681
2026-08-18 04:45:00,1896.89,1897.7,1895.85,1895.86,221.7227
2026-08-18 04:50:00,1895.85,1896.84,1895.85,1896.83,209.5913
2026-08-18 04:55:00,1896.84,1897.18,1896.66,1896.66,112.4148
2026-08-18 05:00:00,1896.66,1896.67,1895.16,1896.56,335.5399
2026-08-18 05:05:00,1896.57,1898.95,1896.56,1898.77,311.073
2026-08-18 05:10:00,1898.78,1898.78,1897.18,1897.84,390.713
2026-08-18 05:15:00,1897.84,1898.59,1897.43,1897.95,408.4059
2026-08-18 05:20:00,1897.96,1898.14,1896.0,1896.01,332.1467
2026-08-18 05:25:00,1896.0,1896.52,1895.86,1896.11,648.0867
2026-08-18 05:30:00,1896.1,1896.11,1894.46,1894.47,557.6952
2026-08-18 05:35:00,1894.46,1894.56,1892.75,1894.4,542.0526
2026-08-18 05:40:00,1894.41,1896.93,1894.4,1896.9,245.2769
2026-08-18 05:45:00,1896.9,1896.91,1895.37,1896.06,196.2266
2026-08-18 05:50:00,1896.07,1896.72,1895.11,1896.54,155.3924
2026-08-18 05:55:00,1896.54,1896.54,1895.63,1895.63,427.9373
2026-08-18 06:00:00,1895.62,1895.62,1893.97,1894.42,523.3103
2026-08-18 06:05:00,1894.41,1895.37,1893.64,1895.37,436.9524
2026-08-18 06:10:00,1895.37,1897.09,1894.98,1896.33,338.1507
2026-08-18 06:15:00,1896.33,1898.44,1896.32,1897.34,458.5659
2026-08-18 06:20:00,1897.35,1900.0,1897.34,1899.92,388.6318
2026-08-18 06:25:00,1899.93,1900.6,1899.48,1900.08,474.5574
2026-08-18 06:30:00,1900.09,1902.73,1900.09,1901.19,381.0703
2026-08-18 06:35:00,1901.2,1903.34,1900.9,1903.11,266.9462
2026-08-18 06:40:00,1903.11,1906.94,1903.11,1905.49,1026.8412
2026-08-18 06:45:00,1905.49,1906.16,1903.04,1903.23,398.4287
2026-08-18 06:50:00,1903.23,1903.24,1902.06,1902.06,166.0021
2026-08-18 06:55:00,1902.07,1902.84,1901.09,1902.83,252.4671
2026-08-18 07:00:00,1902.84,1903.27,1901.53,1902.46,396.496
2026-08-18 07:05:00,1902.47,1902.84,1902.27,1902.32,257.8854
2026-08-18 07:10:00,1902.32,1902.49,1901.92,1902.48,241.2436
2026-08-18 07:15:00,1902.48,1902.84,1901.82,1901.91,207.0667
2026-08-18 07:20:00,1901.91,1901.91,1900.86,1900.96,261.4363
2026-08-18 07:25:00,1900.95,1901.06,1899.48,1899.48,235.2498
2026-08-18 07:30:00,1899.48,1900.68,1898.92,1899.52,632.5977
2026-08-18 07:35:00,1899.53,1902.34,1899.52,1900.9,570.6565
2026-08-18 07:40:00,1900.91,1901.42,1900.34,1900.35,508.2431
2026-08-18 07:45:00,1900.34,1900.35,1897.63,1897.64,722.9268
2026-08-18 07:50:00,1897.63,1898.92,1897.07,1898.24,960.8146
2026-08-18 07:55:00,1898.25,1899.18,1898.09,1898.84,884.4396
2026-08-18 08:00:00,1898.83,1899.04,1896.23,1896.54,734.7758
2026-08-18 08:05:00,1896.54,1896.54,1893.8,1895.58,546.9821
2026-08-18 08:10:00,1895.59,1897.28,1894.9,1897.18,396.9089
2026-08-18 08:15:00,1897.19,1900.4,1897.19,1900.39,1037.3365
2026-08-18 08:20:00,1900.4,1900.4,1897.21,1897.57,834.2398
2026-08-18 08:25:00,1897.57,1899.08,1897.42,1897.82,418.0383
2026-08-18 08:30:00,1897.82,1899.35,1897.43,1898.94,212.9998
2026-08-18 08:35:00,1898.95,1901.83,1898.94,1901.62,260.2406
2026-08-18 08:40:00,1901.62,1901.62,1900.0,1900.01,208.5431
2026-08-18 08:45:00,1900.0,1900.01,1898.1,1898.37,246.2151
2026-08-18 08:50:00,1898.37,1900.37,1898.25,1899.87,699.0139
2026-08-18 08:55:00,1899.87,1900.39,1899.71,1900.3,99.7835
2026-08-18 09:00:00,1900.31,1900.31,1898.76,1899.12,241.7741
2026-08-18 09:05:00,1899.12,1899.14,1898.23,1898.57,340.0092
2026-08-18 09:10:00,1898.58,1899.32,1898.58,1898.97,144.3589
2026-08-18 09:15:00,1898.97,1899.11,1896.73,1896.74,419.4394
2026-08-18 09:20:00,1896.73,1897.07,1896.02,1896.06,982.6084
2026-08-18 09:25:00,1896.06,1896.62,1895.58,1896.36,521.9164
2026-08-18 09:30:00,1896.37,1897.46,1896.12,1897.45,610.0591
2026-08-18 09:35:00,1897.45,1897.75,1896.56,1896.82,402.5009
2026-08-18 09:40:00,1896.81,1897.42,1895.87,1896.58,1231.6164
2026-08-18 09:45:00,1896.57,1897.52,1896.03,1896.84,407.6823
2026-08-18 09:50:00,1896.84,1897.21,1895.95,1896.9,220.8271
2026-08-18 09:55:00,1896.9,1897.29,1896.9,1896.93,218.7503
2026-08-18 10:00:00,1896.93,1898.38,1895.69,1898.07,431.8747
2026-08-18 10:05:00,1898.07,1898.07,1895.95,1896.3,185.4786
2026-08-18 10:10:00,1896.3,1896.31,1895.21,1896.12,162.954
2026-08-18 10:15:00,1896.12,1897.0,1896.12,1896.69,192.0048
2026-08-18 10:20:00,1896.69,1896.69,1895.4,1896.01,266.9365
2026-08-18 10:25:00,1896.01,1896.77,1896.01,1896.77,157.099
2026-08-18 10:30:00,1896.78,1897.68,1896.69,1897.46,152.5431
2026-08-18 10:35:00,1897.46,1899.56,1897.46,1898.2,429.6916
2026-08-18 10:40:00,1898.2,1898.38,1897.49,1897.49,580.5851
2026-08-18 10:45:00,1897.49,1898.21,1897.49,1898.07,264.6646
2026-08-18 10:50:00,1898.07,1898.09,1897.93,1897.94,158.9169
2026-08-18 10:55:00,1897.94,1898.35,1897.93,1898.02,145.626
2026-08-18 11:00:00,1898.01,1900.98,1897.65,1900.14,809.8059
2026-08-18 11:05:00,1900.13,1900.53,1899.23,1900.52,127.8823
2026-08-18 11:10:00,1900.53,1902.01,1900.52,1902.0,362.8551
2026-08-18 11:15:00,1902.01,1903.6,1902.0,1903.27,401.8655
2026-08-18 11:20:00,1903.27,1905.0,1903.13,1905.0,397.4598
2026-08-18 11:25:00,1905.0,1905.65,1904.82,1904.89,748.5062
2026-08-18 11:30:00,1904.89,1904.9,1903.91,1904.36,311.3134
2026-08-18 11:35:00,1904.37,1904.37,1904.0,1904.19,129.5162
2026-08-18 11:40:00,1904.2,1905.32,1904.2,1904.58,290.8732
2026-08-18 11:45:00,1904.58,1905.17,1903.71,1903.87,344.3657
2026-08-18 11:50:00,1903.88,1904.11,1903.01,1903.23,168.8373
2026-08-18 11:55:00,1903.23,1903.24,1902.77,1903.11,221.2067
2026-08-18 12:00:00,1903.12,1903.12,1901.74,1902.92,225.3536
2026-08-18 12:05:00,1902.93,1904.07,1901.53,1901.74,212.2253
2026-08-18 12:10:00,1901.74,1901.74,1901.05,1901.6,286.7371
2026-08-18 12:15:00,1901.6,1901.61,1900.72,1900.73,238.3649
2026-08-18 12:20:00,1900.73,1902.73,1900.72,1901.3,255.4486
2026-08-18 12:25:00,1901.3,1901.6,1901.29,1901.59,80.2221
2026-08-18 12:30:00,1901.59,1901.78,1900.41,1901.78,287.8109
2026-08-18 12:35:00,1901.78,1901.82,1900.32,1900.6,186.2203
2026-08-18 12:40:00,1900.61,1900.75,1899.61,1899.61,313.9985
2026-08-18 12:45:00,1899.6,1900.36,1899.11,1900.15,161.6413
2026-08-18 12:50:00,1900.16,1900.96,1900.15,1900.23,125.6582
2026-08-18 12:55:00,1900.22,1900.22,1899.48,1899.48,320.397
2026-08-18 13:00:00,1899.48,1899.48,1897.16,1897.87,422.2523
2026-08-18 13:05:00,1897.87,1897.91,1897.5,1897.74,221.8509
2026-08-18 13:10:00,1897.74,1898.53,1897.73,1898.11,178.3328
2026-08-18 13:15:00,1898.11,1898.11,1897.02,1897.44,163.5573
2026-08-18 13:20:00,1897.45,1897.45,1896.17,1896.67,315.7183
2026-08-18 13:25:00,1896.67,1897.2,1895.64,1895.8,380.1455
2026-08-18 13:30:00,1895.8,1898.49,1894.28,1895.81,1751.0021
2026-08-18 13:35:00,1895.81,1899.71,1894.0,1899.7,1023.3294
2026-08-18 13:40:00,1899.7,1900.0,1896.57,1897.28,591.8815
2026-08-18 13:45:00,1897.27,1899.24,1896.34,1898.08,347.1216
2026-08-18 13:50:00,1898.09,1900.0,1895.14,1895.38,463.3819
2026-08-18 13:55:00,1895.37,1898.27,1894.72,1897.84,434.5339
2026-08-18 14:00:00,1897.84,1902.08,1897.77,1902.06,767.5402
2026-08-18 14:05:00,1902.06,1902.32,1898.91,1898.91,401.7229
2026-08-18 14:10:00,1898.91,1898.91,1897.69,1897.93,344.9282
2026-08-18 14:15:00,1897.92,1903.43,1897.31,1902.8,516.2808
2026-08-18 14:20:00,1902.8,1909.48,1902.14,1909.19,2083.6105
2026-08-18 14:25:00,1909.18,1919.7,1909.11,1918.23,5528.3989
2026-08-18 14:30:00,1918.23,1923.27,1914.1,1914.66,4848.2111
2026-08-18 14:35:00,1914.67,1915.48,1912.2,1912.72,1233.6622
2026-08-18 14:40:00,1912.73,1915.42,1911.22,1912.36,1602.421
2026-08-18 14:45:00,1912.36,1914.13,1912.11,1914.13,873.5954
2026-08-18 14:50:00,1914.14,1915.76,1909.22,1912.4,1210.4828
2026-08-18 14:55:00,1912.39,1913.0,1910.9,1911.02,622.9508
2026-08-18 15:00:00,1911.03,1917.27,1911.03,1915.44,3502.7383
2026-08-18 15:05:00,1915.44,1915.92,1910.21,1910.45,1180.4831
2026-08-18 15:10:00,1910.45,1913.33,1908.44,1912.66,979.9226
2026-08-18 15:15:00,1912.66,1915.0,1912.33,1914.47,850.2479
2026-08-18 15:20:00,1914.46,1915.44,1912.71,1913.93,855.4004
2026-08-18 15:25:00,1913.93,1917.0,1913.18,1916.01,845.0242
2026-08-18 15:30:00,1916.01,1918.51,1915.43,1918.5,1092.3849
2026-08-18 15:35:00,1918.51,1919.93,1917.45,1917.91,1283.8249
2026-08-18 15:40:00,1917.91,1918.79,1916.96,1916.97,503.0135
2026-08-18 15:45:00,1916.96,1918.63,1915.92,1915.93,1160.8955
2026-08-18 15:50:00,1915.93,1918.51,1915.7,1917.88,820.8799
2026-08-18 15:55:00,1917.88,1917.88,1916.49,1917.7,547.057
2026-08-18 16:00:00,1917.71,1918.18,1916.44,1916.99,695.4045
2026-08-18 16:05:00,1916.99,1919.4,1916.05,1916.68,670.358
2026-08-18 16:10:00,1916.68,1916.69,1914.67,1914.95,592.1013
2026-08-18 16:15:00,1914.95,1915.25,1914.05,1915.25,454.9662
2026-08-18 16:20:00,1915.26,1915.77,1915.07,1915.73,323.1567
2026-08-18 16:25:00,1915.73,1915.92,1913.5,1913.68,442.5366
2026-08-18 16:30:00,1913.68,1915.83,1912.78,1915.17,1164.1096
2026-08-18 16:35:00,1915.18,1916.85,1914.62,1916.58,785.1582
2026-08-18 16:40:00,1916.57,1918.9,1916.5,1918.27,627.2902
2026-08-18 16:45:00,1918.27,1922.3,1917.88,1919.57,1366.1976
2026-08-18 16:50:00,1919.56,1919.57,1918.21,1918.31,321.9535
2026-08-18 16:55:00,1918.3,1918.95,1917.98,1918.47,614.0078
2026-08-18 17:00:00,1918.47,1918.62,1915.67,1916.69,667.3718
2026-08-18 17:05:00,1916.69,1916.69,1915.06,1915.71,615.8941
2026-08-18 17:10:00,1915.71,1915.71,1914.78,1915.7,359.335
2026-08-18 17:15:00,1915.71,1915.71,1914.53,1915.7,261.2014
2026-08-18 17:20:00,1915.71,1917.0,1915.7,1915.97,396.2901
2026-08-18 17:25:00,1915.97,1916.4,1915.62,1916.31,281.219
2026-08-18 17:30:00,1916.31,1916.39,1914.09,1914.1,1009.8788
2026-08-18 17:35:00,1914.09,1915.56,1913.0,1915.2,810.698
2026-08-18 17:40:00,1915.19,1915.19,1913.5,1914.16,415.9317
2026-08-18 17:45:00,1914.15,1914.41,1913.09,1913.18,230.2819
2026-08-18 17:50:00,1913.19,1913.73,1912.65,1913.08,347.342
2026-08-18 17:55:00,1913.08,1913.09,1911.34,1911.38,285.7565
2026-08-18 18:00:00,1911.38,1912.36,1910.81,1912.36,280.5387
2026-08-18 18:05:00,1912.35,1913.3,1912.35,1913.24,199.7225
2026-08-18 18:10:00,1913.25,1914.32,1912.72,1914.32,211.6742
2026-08-18 18:15:00,1914.31,1915.79,1914.14,1915.79,252.4272
2026-08-18 18:20:00,1915.79,1916.12,1915.5,1915.96,195.8963
2026-08-18 18:25:00,1915.95,1916.4,1915.59,1916.39,146.226
2026-08-18 18:30:00,1916.39,1916.6,1915.92,1916.43,492.9363
2026-08-18 18:35:00,1916.43,1917.54,1915.87,1917.1,467.5275
2026-08-18 18:40:00,1917.1,1917.11,1915.67,1915.99,355.6181
2026-08-18 18:45:00,1915.99,1917.24,1915.59,1916.99,416.5574
2026-08-18 18:50:00,1916.99,1917.0,1916.2,1916.24,245.3732
2026-08-18 18:55:00,1916.24,1916.65,1915.8,1916.6,249.8863
2026-08-18 19:00:00,1916.6,1916.6,1915.19,1915.96,334.46
2026-08-18 19:05:00,1915.97,1916.35,1914.67,1914.68,232.6606
2026-08-18 19:10:00,1914.68,1915.11,1914.18,1914.19,134.8639
2026-08-18 19:15:00,1914.19,1914.5,1913.33,1913.63,213.3265
2026-08-18 19:20:00,1913.63,1915.36,1913.62,1915.35,104.7939
2026-08-18 19:25:00,1915.35,1917.58,1915.35,1916.7,710.0894
2026-08-18 19:30:00,1916.7,1916.89,1915.94,1915.95,426.9634
2026-08-18 19:35:00,1915.94,1916.08,1914.86,1915.12,312.1115
2026-08-18 19:40:00,1915.12,1915.24,1914.58,1914.72,165.6273
2026-08-18 19:45:00,1914.72,1915.26,1914.42,1914.68,191.8048
2026-08-18 19:50:00,1914.69,1914.86,1913.82,1913.83,222.4975
2026-08-18 19:55:00,1913.83,1914.03,1913.14,1913.28,335.1482
2026-08-18 20:00:00,1913.28,1913.83,1912.39,1912.39,275.8943
2026-08-18 20:05:00,1912.4,1913.99,1911.98,1913.99,157.8551
2026-08-18 20:10:00,1913.98,1914.62,1913.43,1914.62,115.368
2026-08-18 20:15:00,1914.61,1914.62,1913.23,1913.23,167.8185
2026-08-18 20:20:00,1913.23,1913.74,1912.27,1913.74,765.1765
2026-08-18 20:25:00,1913.73,1913.83,1913.05,1913.05,126.2597
2026-08-18 20:30:00,1913.05,1915.71,1912.84,1915.0,343.6912
2026-08-18 20:35:00,1915.01,1915.22,1914.38,1914.71,191.2576
2026-08-18 20:40:00,1914.7,1914.71,1913.93,1913.93,151.5532
2026-08-18 20:45:00,1913.94,1914.23,1912.58,1912.59,365.2908
2026-08-18 20:50:00,1912.58,1913.67,1911.81,1913.65,787.6892
2026-08-18 20:55:00,1913.65,1913.68,1913.01,1913.02,252.3878
2026-08-18 21:00:00,1913.01,1913.92,1913.01,1913.87,261.0434
2026-08-18 21:05:00,1913.87,1914.14,1913.86,1914.0,211.8206
2026-08-18 21:10:00,1914.0,1915.01,1913.55,1913.63,274.1582
2026-08-18 21:15:00,1913.63,1914.12,1913.01,1913.26,192.1197
2026-08-18 21:20:00,1913.27,1913.58,1913.25,1913.43,214.0217
2026-08-18 21:25:00,1913.44,1913.58,1913.37,1913.37,108.3875
2026-08-18 21:30:00,1913.37,1913.38,1913.05,1913.05,178.0426
2026-08-18 21:35:00,1913.05,1913.2,1911.62,1912.0,254.2056
2026-08-18 21:40:00,1911.99,1912.56,1910.87,1911.82,504.6498
2026-08-18 21:45:00,1911.81,1912.3,1911.65,1911.67,266.757
2026-08-18 21:50:00,1911.66,1912.41,1911.65,1911.92,317.8644
2026-08-18 21:55:00,1911.93,1912.25,1911.26,1912.22,174.5427
2026-08-18 22:00:00,1912.21,1913.44,1911.81,1913.07,567.995
2026-08-18 22:05:00,1913.07,1913.74,1912.45,1913.73,209.9943
2026-08-18 22:10:00,1913.73,1914.92,1913.56,1913.93,481.4298
2026-08-18 22:15:00,1913.92,1914.75,1913.65,1914.75,173.2356
2026-08-18 22:20:00,1914.74,1915.0,1913.6,1913.61,954.4875
2026-08-18 22:25:00,1913.6,1914.58,1913.07,1914.58,348.6979
2026-08-18 22:30:00,1914.58,1914.85,1914.37,1914.85,241.6629
2026-08-18 22:35:00,1914.85,1915.35,1913.71,1914.9,504.6325
2026-08-18 22:40:00,1914.91,1914.91,1913.78,1913.79,318.3239
2026-08-18 22:45:00,1913.78,1913.86,1913.26,1913.61,270.6068
2026-08-18 22:50:00,1913.6,1913.6,1912.98,1912.99,196.6658
2026-08-18 22:55:00,1912.99,1913.78,1912.56,1913.42,424.3288
2026-08-18 23:00:00,1913.42,1915.81,1912.97,1915.81,277.7193
2026-08-18 23:05:00,1915.81,1916.76,1914.96,1915.62,266.8833
2026-08-18 23:10:00,1915.62,1916.93,1915.62,1916.69,149.6492
2026-08-18 23:15:00,1916.7,1917.42,1916.7,1917.35,413.5196
2026-08-18 23:20:00,1917.35,1919.0,1917.18,1918.71,431.9337
2026-08-18 23:25:00,1918.7,1919.34,1918.65,1918.66,274.2105
2026-08-18 23:30:00,1918.65,1919.55,1918.65,1919.55,356.691
2026-08-18 23:35:00,1919.54,1920.0,1919.09,1919.1,238.8769
2026-08-18 23:40:00,1919.1,1919.87,1919.08,1919.41,292.7253
2026-08-18 23:45:00,1919.4,1920.1,1918.39,1919.86,491.9102
2026-08-18 23:50:00,1919.85,1919.86,1919.38,1919.38,99.5878
2026-08-18 23:55:00,1919.39,1919.39,1917.21,1917.85,310.5321
2026-08-19 00:00:00,1917.85,1918.8,1913.5,1913.5,857.9842
2026-08-19 00:05:00,1913.51,1915.66,1912.14,1914.48,605.2761
2026-08-19 00:10:00,1914.47,1914.48,1913.03,1913.61,378.9823
2026-08-19 00:15:00,1913.6,1914.8,1912.42,1914.79,375.8962
2026-08-19 00:20:00,1914.79,1919.15,1914.79,1917.2,644.0675
2026-08-19 00:25:00,1917.19,1917.19,1916.36,1916.48,196.5524
2026-08-19 00:30:00,1916.47,1918.0,1916.25,1917.04,471.3155
2026-08-19 00:35:00,1917.04,1917.5,1916.49,1916.71,331.2822
2026-08-19 00:40:00,1916.72,1916.78,1914.13,1914.89,288.7796
2026-08-19 00:45:00,1914.88,1915.52,1914.36,1915.03,233.1151
2026-08-19 00:50:00,1915.03,1915.72,1913.54,1915.53,391.267
2026-08-19 00:55:00,1915.53,1915.53,1913.3,1913.62,390.5058
2026-08-19 01:00:00,1913.62,1914.96,1912.76,1914.69,784.3109
2026-08-19 01:05:00,1914.69,1918.08,1914.69,1918.08,828.0073
2026-08-19 01:10:00,1918.07,1918.07,1916.0,1916.6,450.9811
2026-08-19 01:15:00,1916.6,1916.6,1913.66,1915.56,341.9204
2026-08-19 01:20:00,1915.56,1916.32,1914.05,1914.05,319.7949
2026-08-19 01:25:00,1914.06,1916.63,1912.28,1915.35,922.4886
2026-08-19 01:30:00,1915.35,1915.68,1913.47,1914.94,609.0403
2026-08-19 01:35:00,1914.95,1915.11,1914.01,1914.09,364.9301
2026-08-19 01:40:00,1914.1,1914.1,1912.8,1914.02,361.9073
2026-08-19 01:45:00,1914.02,1914.61,1913.08,1913.9,441.4579
2026-08-19 01:50:00,1913.91,1915.13,1913.9,1914.47,204.0765
2026-08-19 01:55:00,1914.47,1915.12,1912.98,1913.68,280.4309
2026-08-19 02:00:00,1913.68,1913.68,1911.73,1912.21,393.4293
2026-08-19 02:05:00,1912.21,1912.21,1911.21,1911.42,321.417
2026-08-19 02:10:00,1911.42,1913.88,1911.06,1912.73,636.5195
2026-08-19 02:15:00,1912.73,1912.73,1908.66,1908.66,905.319
2026-08-19 02:20:00,1908.67,1911.0,1907.43,1910.27,790.5792
2026-08-19 02:25:00,1910.26,1911.12,1909.94,1910.38,358.4729
2026-08-19 02:30:00,1910.38,1910.51,1908.5,1908.63,387.5328
2026-08-19 02:35:00,1908.62,1910.36,1908.62,1909.77,329.0213
2026-08-19 02:40:00,1909.78,1909.78,1908.69,1909.07,574.8072
2026-08-19 02:45:00,1909.07,1910.48,1909.07,1909.17,317.1036
2026-08-19 02:50:00,1909.18,1909.18,1907.51,1907.52,398.6445
2026-08-19 02:55:00,1907.52,1908.59,1907.51,1907.7,267.4757
2026-08-19 03:00:00,1907.71,1909.48,1907.7,1909.14,389.2698
2026-08-19 03:05:00,1909.13,1909.72,1906.19,1907.37,1528.215
2026-08-19 03:10:00,1907.38,1911.81,1907.37,1911.6,368.8649
2026-08-19 03:15:00,1911.6,1914.77,1911.52,1914.56,837.1333
2026-08-19 03:20:00,1914.56,1915.57,1912.86,1912.87,466.6385
2026-08-19 03:25:00,1912.87,1913.08,1912.63,1912.8,275.8209
2026-08-19 03:30:00,1912.8,1912.9,1910.95,1911.24,358.5946
2026-08-19 03:35:00,1911.23,1911.74,1910.72,1911.18,375.9602
2026-08-19 03:40:00,1911.19,1912.68,1911.18,1912.06,354.2668
2026-08-19 03:45:00,1912.06,1913.07,1911.32,1913.07,283.7143
2026-08-19 03:50:00,1913.07,1913.88,1911.97,1911.97,170.4615
2026-08-19 03:55:00,1911.97,1912.76,1911.92,1912.15,132.7927
2026-08-19 04:00:00,1912.15,1912.15,1911.02,1911.19,278.749
2026-08-19 04:05:00,1911.18,1911.19,1910.38,1910.53,355.5212
2026-08-19 04:10:00,1910.53,1911.35,1910.53,1910.95,192.9411
2026-08-19 04:15:00,1910.96,1912.24,1910.95,1912.14,385.3215
2026-08-19 04:20:00,1912.15,1913.78,1912.15,1913.02,281.626
2026-08-19 04:25:00,1913.03,1913.03,1912.08,1912.35,135.6118
2026-08-19 04:30:00,1912.34,1913.4,1911.38,1913.39,947.3995
2026-08-19 04:35:00,1913.4,1914.56,1911.75,1912.49,302.454
2026-08-19 04:40:00,1912.49,1912.74,1911.4,1911.58,335.7955
2026-08-19 04:45:00,1911.59,1912.74,1911.46,1911.48,448.8417
2026-08-19 04:50:00,1911.48,1911.49,1910.35,1910.86,413.277
2026-08-19 04:55:00,1910.86,1911.15,1910.17,1910.85,206.4385
2026-08-19 05:00:00,1910.84,1912.29,1910.36,1911.95,238.1358
2026-08-19 05:05:00,1911.95,1912.95,1911.95,1912.74,359.7267
2026-08-19 05:10:00,1912.74,1914.14,1912.64,1913.31,343.994
2026-08-19 05:15:00,1913.3,1913.3,1911.85,1911.85,202.2507
2026-08-19 05:20:00,1911.85,1912.3,1911.05,1912.03,290.5829
2026-08-19 05:25:00,1912.03,1913.79,1911.81,1913.6,245.6039
2026-08-19 05:30:00,1913.6,1914.12,1912.68,1912.95,189.4618
2026-08-19 05:35:00,1912.95,1913.42,1912.5,1912.89,324.1924
2026-08-19 05:40:00,1912.9,1912.95,1912.13,1912.65,677.9715
2026-08-19 05:45:00,1912.64,1912.65,1911.67,1911.67,174.1886
2026-08-19 05:50:00,1911.68,1912.65,1911.18,1911.18,534.0561
2026-08-19 05:55:00,1911.18,1911.37,1909.97,1910.27,506.3613
2026-08-19 06:00:00,1910.28,1911.17,1909.0,1909.07,674.8005
2026-08-19 06:05:00,1909.07,1909.55,1906.0,1906.85,1142.9069
2026-08-19 06:10:00,1906.85,1907.46,1906.59,1907.06,427.3829
2026-08-19 06:15:00,1907.07,1911.11,1907.06,1910.67,605.5929
2026-08-19 06:20:00,1910.68,1912.97,1910.68,1912.48,478.3339
2026-08-19 06:25:00,1912.48,1912.48,1910.7,1910.91,230.4316
2026-08-19 06:30:00,1910.91,1911.16,1909.82,1911.0,717.5772
2026-08-19 06:35:00,1911.0,1912.18,1910.86,1912.13,174.3479
2026-08-19 06:40:00,1912.14,1912.14,1911.1,1912.13,422.9929
2026-08-19 06:45:00,1912.13,1916.56,1912.13,1914.66,1414.5136
2026-08-19 06:50:00,1914.67,1915.37,1914.05,1915.26,309.3181
2026-08-19 06:55:00,1915.26,1917.64,1915.25,1917.63,606.6547
2026-08-19 07:00:00,1917.64,1919.0,1915.71,1915.82,1061.2769
2026-08-19 07:05:00,1915.81,1916.33,1915.4,1916.26,688.4967
2026-08-19 07:10:00,1916.25,1920.97,1916.25,1920.89,1664.9606
2026-08-19 07:15:00,1920.9,1920.91,1917.55,1917.98,888.3255
2026-08-19 07:20:00,1917.99,1919.0,1917.99,1918.99,488.628
2026-08-19 07:25:00,1918.99,1919.25,1917.98,1917.98,562.2133
2026-08-19 07:30:00,1917.98,1920.0,1917.57,1919.92,829.0044
2026-08-19 07:35:00,1919.91,1921.32,1919.91,1921.01,1063.1313
2026-08-19 07:40:00,1921.0,1921.22,1919.57,1919.65,706.3574
2026-08-19 07:45:00,1919.65,1920.49,1918.95,1918.99,297.7006
2026-08-19 07:50:00,1918.99,1919.0,1917.19,1917.2,394.2595
2026-08-19 07:55:00,1917.19,1917.19,1915.71,1916.01,450.3081
2026-08-19 08:00:00,1916.01,1917.13,1915.92,1917.12,292.6091
2026-08-19 08:05:00,1917.12,1917.98,1916.67,1916.67,424.4325
2026-08-19 08:10:00,1916.67,1917.1,1915.92,1915.92,170.8583
2026-08-19 08:15:00,1915.92,1916.77,1915.32,1916.77,206.623
2026-08-19 08:20:00,1916.76,1916.9,1916.01,1916.02,167.1413
2026-08-19 08:25:00,1916.01,1917.17,1916.01,1917.16,243.6387
2026-08-19 08:30:00,1917.16,1919.4,1917.16,1919.22,457.1052
2026-08-19 08:35:00,1919.22,1929.94,1918.65,1925.33,5014.137
2026-08-19 08:40:00,1925.33,1926.0,1923.96,1924.35,1037.0258
2026-08-19 08:45:00,1924.35,1926.71,1924.35,1924.45,1118.0736
2026-08-19 08:50:00,1924.45,1924.87,1923.12,1923.12,750.467
2026-08-19 08:55:00,1923.12,1923.25,1921.52,1921.52,474.3242
2026-08-19 09:00:00,1921.52,1923.85,1921.52,1923.69,666.2088
2026-08-19 09:05:00,1923.69,1923.85,1921.38,1921.53,432.1674
2026-08-19 09:10:00,1921.53,1923.06,1921.53,1922.36,328.9054
2026-08-19 09:15:00,1922.36,1923.38,1921.51,1923.38,513.5428
2026-08-19 09:20:00,1923.38,1923.55,1922.4,1922.4,238.327
2026-08-19 09:25:00,1922.41,1922.55,1921.02,1921.1,281.6416
2026-08-19 09:30:00,1921.11,1921.25,1920.68,1920.78,176.3406
2026-08-19 09:35:00,1920.78,1920.81,1919.75,1919.76,224.1222
2026-08-19 09:40:00,1919.76,1919.76,1918.2,1918.49,625.5516
2026-08-19 09:45:00,1918.49,1918.87,1918.25,1918.75,265.746
2026-08-19 09:50:00,1918.75,1919.11,1918.27,1918.99,579.6164
2026-08-19 09:55:00,1918.99,1919.48,1918.78,1919.3,282.8978
2026-08-19 10:00:00,1919.3,1919.3,1918.25,1918.25,188.1644
2026-08-19 10:05:00,1918.24,1918.77,1917.7,1918.32,393.0803
2026-08-19 10:10:00,1918.32,1919.14,1917.98,1918.83,550.3574
2026-08-19 10:15:00,1918.83,1919.19,1918.0,1919.19,297.8388
2026-08-19 10:20:00,1919.18,1919.46,1918.21,1918.22,245.2151
2026-08-19 10:25:00,1918.21,1918.38,1917.31,1918.37,184.7143
2026-08-19 10:30:00,1918.37,1918.38,1917.7,1918.31,113.3039
2026-08-19 10:35:00,1918.32,1918.84,1918.31,1918.83,105.3073
2026-08-19 10:40:00,1918.83,1919.23,1918.39,1918.99,173.9788
2026-08-19 10:45:00,1918.98,1919.63,1918.92,1919.24,351.1581
2026-08-19 10:50:00,1919.23,1919.85,1918.61,1919.11,479.588
2026-08-19 10:55:00,1919.12,1920.24,1919.11,1920.22,319.7152
2026-08-19 11:00:00,1920.23,1921.54,1919.92,1921.53,207.4751
2026-08-19 11:05:00,1921.54,1924.97,1921.54,1923.78,1297.1936
2026-08-19 11:10:00,1923.78,1926.43,1923.78,1924.75,689.9118
2026-08-19 11:15:00,1924.75,1924.76,1920.27,1922.39,1036.7057
2026-08-19 11:20:00,1922.39,1923.29,1921.43,1923.09,307.1715
2026-08-19 11:25:00,1923.09,1923.14,1922.09,1922.1,211.4179
2026-08-19 11:30:00,1922.1,1923.94,1922.09,1923.94,230.0149
2026-08-19 11:35:00,1923.93,1924.15,1922.73,1922.91,371.8578
2026-08-19 11:40:00,1922.91,1922.94,1922.12,1922.15,230.276
2026-08-19 11:45:00,1922.15,1922.86,1922.14,1922.66,294.5977
2026-08-19 11:50:00,1922.66,1923.2,1922.52,1922.89,429.9281
2026-08-19 11:55:00,1922.88,1923.19,1922.7,1923.06,170.1174
2026-08-19 12:00:00,1923.06,1924.03,1922.91,1923.01,903.3496
2026-08-19 12:05:00,1923.01,1924.15,1922.53,1923.29,214.1005
2026-08-19 12:10:00,1923.29,1924.15,1922.05,1924.14,548.9914
2026-08-19 12:15:00,1924.15,1924.15,1922.82,1923.63,563.3851
2026-08-19 12:20:00,1923.63,1924.15,1923.2,1923.22,327.3381
2026-08-19 12:25:00,1923.22,1923.78,1923.01,1923.32,226.6706
2026-08-19 12:30:00,1923.33,1927.0,1922.54,1926.97,1091.0095
2026-08-19 12:35:00,1926.96,1929.0,1924.74,1927.11,2121.3517
2026-08-19 12:40:00,1927.11,1933.51,1926.84,1933.05,3976.8786
2026-08-19 12:45:00,1933.05,1943.21,1932.12,1942.43,7081.3173
2026-08-19 12:50:00,1942.44,1943.13,1935.58,1936.3,2169.0549
2026-08-19 12:55:00,1936.31,1937.8,1935.64,1937.21,2421.2859
2026-08-19 13:00:00,1937.21,1937.68,1932.74,1933.82,1659.8555
2026-08-19 13:05:00,1933.82,1936.77,1933.18,1935.72,1686.5115
2026-08-19 13:10:00,1935.73,1938.44,1934.98,1935.83,5077.1036
2026-08-19 13:15:00,1935.82,1937.52,1935.68,1937.24,981.7413
2026-08-19 13:20:00,1937.23,1939.21,1937.08,1938.18,1262.1522
2026-08-19 13:25:00,1938.18,1938.47,1937.19,1937.55,3516.1404
2026-08-19 13:30:00,1937.56,1941.65,1935.63,1936.93,4242.3382
2026-08-19 13:35:00,1936.93,1937.64,1928.1,1929.44,2422.9421
2026-08-19 13:40:00,1929.44,1935.0,1928.46,1932.86,1511.3987
2026-08-19 13:45:00,1932.85,1934.89,1931.24,1932.51,1446.1807
2026-08-19 13:50:00,1932.51,1933.35,1928.69,1929.94,1244.0327
2026-08-19 13:55:00,1929.94,1933.65,1929.94,1932.9,516.9014
2026-08-19 14:00:00,1932.91,1936.36,1932.79,1936.28,1352.1133
2026-08-19 14:05:00,1936.28,1938.95,1935.52,1937.8,2672.686
2026-08-19 14:10:00,1937.79,1939.18,1935.79,1937.05,2120.9622
2026-08-19 14:15:00,1937.05,1939.1,1936.38,1938.83,3222.5591
2026-08-19 14:20:00,1938.83,1939.53,1935.56,1937.39,1807.9084
2026-08-19 14:25:00,1937.39,1938.15,1935.7,1936.31,1755.2205
2026-08-19 14:30:00,1936.3,1936.46,1932.98,1934.57,1468.2478
2026-08-19 14:35:00,1934.57,1941.16,1934.57,1941.13,1569.0729
2026-08-19 14:40:00,1941.13,1941.39,1938.32,1940.0,1581.6743
2026-08-19 14:45:00,1939.99,1942.35,1939.59,1941.89,1797.2985
2026-08-19 14:50:00,1941.89,1959.81,1941.89,1959.71,10397.4438
2026-08-19 14:55:00,1959.71,1980.0,1959.54,1970.6,28756.2745
2026-08-19 15:00:00,1970.61,1988.2,1967.4,1986.18,11922.6034
2026-08-19 15:05:00,1986.18,2019.9,1984.87,2016.26,30706.1946
2026-08-19 15:10:00,2016.27,2020.0,2007.1,2011.73,10060.0852
2026-08-19 15:15:00,2011.73,2018.68,2008.45,2010.52,14441.7731
2026-08-19 15:20:00,2010.53,2034.0,2010.45,2028.14,14676.8578
2026-08-19 15:25:00,2028.14,2115.0,2024.5,2074.79,54860.4585
2026-08-19 15:30:00,2074.78,2076.99,2056.99,2073.31,19417.2634
2026-08-19 15:35:00,2073.33,2087.0,2070.0,2083.91,11741.8289
2026-08-19 15:40:00,2083.91,2089.9,2079.21,2087.16,8112.1046
2026-08-19 15:45:00,2087.16,2088.89,2079.02,2083.83,6344.1961
2026-08-19 15:50:00,2083.84,2089.39,2076.57,2076.91,6320.1118
2026-08-19 15:55:00,2076.9,2087.41,2076.52,2085.83,6485.4979
2026-08-19 16:00:00,2085.83,2107.95,2082.24,2103.02,15859.549
2026-08-19 16:05:00,2103.02,2108.0,2092.42,2095.36,6029.9999
2026-08-19 16:10:00,2095.35,2095.36,2086.69,2089.66,4346.27
2026-08-19 16:15:00,2089.66,2100.0,2089.61,2099.52,4631.7012
2026-08-19 16:20:00,2099.53,2099.83,2089.46,2099.47,9745.683
2026-08-19 16:25:00,2099.46,2103.0,2097.87,2100.09,3544.224
2026-08-19 16:30:00,2100.1,2100.71,2096.03,2098.21,3124.5355
2026-08-19 16:35:00,2098.2,2101.3,2094.07,2094.09,2791.8287
2026-08-19 16:40:00,2094.09,2094.5,2085.46,2089.02,6050.9389
2026-08-19 16:45:00,2089.01,2090.36,2087.1,2088.03,2061.943
2026-08-19 16:50:00,2088.04,2090.32,2086.0,2090.31,3208.4785
2026-08-19 16:55:00,2090.31,2093.6,2087.26,2089.55,2155.8352
2026-08-19 17:00:00,2089.55,2090.62,2080.0,2083.13,5571.0097
2026-08-19 17:05:00,2083.13,2086.79,2080.0,2082.19,3098.5555
2026-08-19 17:10:00,2082.2,2084.74,2078.52,2079.43,5682.1915
2026-08-19 17:15:00,2079.43,2079.97,2067.43,2069.31,3803.8703
2026-08-19 17:20:00,2069.31,2074.6,2068.65,2071.7,2338.61
2026-08-19 17:25:00,2071.69,2078.41,2070.42,2078.41,2068.6457
2026-08-19 17:30:00,2078.41,2079.17,2071.2,2077.26,2479.2848
2026-08-19 17:35:00,2077.26,2085.33,2077.26,2084.38,2459.9569
2026-08-19 17:40:00,2084.37,2087.0,2083.0,2085.77,1675.6323
2026-08-19 17:45:00,2085.77,2091.53,2085.23,2089.35,1738.3265
2026-08-19 17:50:00,2089.36,2093.11,2089.01,2089.26,1818.7798
2026-08-19 17:55:00,2089.27,2092.09,2089.27,2091.02,1805.6021
2026-08-19 18:00:00,2091.03,2092.5,2088.32,2089.15,2675.1669
2026-08-19 18:05:00,2089.16,2089.75,2080.02,2081.77,2527.5644
2026-08-19 18:10:00,2081.78,2086.3,2079.04,2085.42,1472.9634
2026-08-19 18:15:00,2085.43,2089.0,2085.14,2088.31,1329.2409
2026-08-19 18:20:00,2088.32,2088.99,2085.67,2086.13,1341.2854
2026-08-19 18:25:00,2086.14,2089.48,2084.81,2087.02,1540.3909
2026-08-19 18:30:00,2087.03,2087.93,2085.78,2087.92,994.2597
2026-08-19 18:35:00,2087.92,2088.84,2086.21,2086.99,644.7898
2026-08-19 18:40:00,2086.99,2091.31,2086.98,2090.28,1316.6436
2026-08-19 18:45:00,2090.29,2091.99,2089.12,2091.1,1371.8549
2026-08-19 18:50:00,2091.09,2091.69,2088.38,2091.0,1421.9132
2026-08-19 18:55:00,2091.0,2092.6,2088.38,2091.93,1335.796
2026-08-19 19:00:00,2091.92,2094.48,2090.32,2093.54,1757.9941
2026-08-19 19:05:00,2093.54,2097.38,2093.27,2094.7,2638.4141
2026-08-19 19:10:00,2094.7,2102.48,2088.92,2090.15,6156.5136
2026-08-19 19:15:00,2090.15,2100.86,2090.14,2096.75,2327.5593
2026-08-19 19:20:00,2096.74,2100.97,2096.55,2097.87,1303.3448
2026-08-19 19:25:00,2097.86,2097.87,2091.44,2092.95,1498.2757
2026-08-19 19:30:00,2092.95,2097.33,2091.49,2095.83,925.2188
2026-08-19 19:35:00,2095.83,2099.99,2095.26,2099.19,2269.4215
2026-08-19 19:40:00,2099.19,2101.36,2098.38,2099.45,1579.0867
2026-08-19 19:45:00,2099.45,2099.85,2097.11,2097.73,876.8011
2026-08-19 19:50:00,2097.73,2102.55,2097.39,2101.86,1833.414
2026-08-19 19:55:00,2101.85,2105.4,2101.32,2102.02,2159.5569
2026-08-19 20:00:00,2102.02,2108.51,2102.02,2108.04,2367.2334
2026-08-19 20:05:00,2108.04,2119.82,2105.74,2117.05,6442.6029
2026-08-19 20:10:00,2117.06,2117.06,2112.17,2113.35,2562.0666
2026-08-19 20:15:00,2113.35,2113.98,2108.3,2112.29,1457.8572
2026-08-19 20:20:00,2112.29,2117.02,2111.56,2116.82,1244.7862
2026-08-19 20:25:00,2116.82,2132.95,2116.82,2125.95,6640.9414
2026-08-19 20:30:00,2125.95,2129.71,2121.75,2126.17,1927.6899
2026-08-19 20:35:00,2126.17,2126.54,2122.31,2124.81,981.3545
2026-08-19 20:40:00,2124.82,2126.66,2122.51,2124.55,1165.1266
2026-08-19 20:45:00,2124.55,2130.59,2122.98,2129.61,1358.8764
2026-08-19 20:50:00,2129.6,2241.56,2128.91,2204.35,42329.3172
2026-08-19 20:55:00,2204.35,2222.0,2197.27,2218.12,9661.0917
2026-08-19 21:00:00,2218.13,2269.0,2215.88,2262.04,22737.9756
2026-08-19 21:05:00,2262.03,2333.65,2245.77,2300.42,42577.3195
2026-08-19 21:10:00,2300.41,2302.19,2241.12,2259.69,19571.068
2026-08-19 21:15:00,2259.7,2272.18,2254.3,2268.16,7778.752
2026-08-19 21:20:00,2268.16,2273.76,2259.72,2264.79,5069.2451
2026-08-19 21:25:00,2264.78,2294.1,2264.78,2283.48,7350.9911
2026-08-19 21:30:00,2283.49,2298.78,2268.76,2285.33,9020.2378
2026-08-19 21:35:00,2285.33,2288.82,2271.7,2276.44,5131.2715
2026-08-19 21:40:00,2276.45,2285.0,2273.27,2284.99,3385.9174
2026-08-19 21:45:00,2284.99,2305.52,2281.54,2294.35,6095.5705
2026-08-19 21:50:00,2294.34,2295.42,2287.13,2291.56,4371.105
2026-08-19 21:55:00,2291.57,2294.72,2278.05,2286.0,5486.0863
2026-08-19 22:00:00,2286.0,2290.0,2267.65,2269.25,8372.3006
2026-08-19 22:05:00,2269.26,2279.74,2261.36,2274.63,6931.009
2026-08-19 22:10:00,2274.63,2277.98,2267.97,2267.98,5088.2982
2026-08-19 22:15:00,2267.97,2273.72,2267.56,2268.87,3952.541
2026-08-19 22:20:00,2268.88,2271.81,2262.01,2263.58,3570.935
2026-08-19 22:25:00,2263.58,2265.21,2256.86,2256.86,4361.3441
2026-08-19 22:30:00,2256.86,2259.93,2241.27,2249.48,5456.6604
2026-08-19 22:35:00,2249.49,2262.95,2245.6,2261.38,2726.8577
2026-08-19 22:40:00,2261.37,2266.84,2258.29,2258.74,2125.4003
2026-08-19 22:45:00,2258.74,2259.47,2245.79,2247.46,2713.9715
2026-08-19 22:50:00,2247.45,2251.91,2243.95,2244.21,1693.822
2026-08-19 22:55:00,2244.21,2252.3,2243.9,2249.99,2299.7034
2026-08-19 23:00:00,2250.0,2251.86,2243.36,2249.07,2309.6745
2026-08-19 23:05:00,2249.07,2252.28,2247.73,2249.87,1626.3789
2026-08-19 23:10:00,2249.88,2252.56,2246.03,2246.32,2276.7581
2026-08-19 23:15:00,2246.33,2251.37,2243.86,2250.29,2237.4373
2026-08-19 23:20:00,2250.3,2250.94,2246.91,2247.12,888.4394
2026-08-19 23:25:00,2247.13,2255.17,2245.5,2252.48,1540.8246
2026-08-19 23:30:00,2252.48,2253.34,2246.45,2246.45,1501.8695
2026-08-19 23:35:00,2246.45,2253.33,2246.09,2251.48,1592.0998
2026-08-19 23:40:00,2251.48,2261.7,2250.84,2257.53,2441.577
2026-08-19 23:45:00,2257.53,2257.7,2248.0,2248.9,1075.1579
2026-08-19 23:50:00,2248.91,2252.64,2247.84,2250.63,1328.1761
2026-08-19 23:55:00,2250.62,2255.6,2250.0,2252.8,1719.1999
2026-08-20 00:00:00,2252.81,2262.59,2251.93,2257.74,3470.7614
2026-08-20 00:05:00,2257.75,2260.5,2255.21,2258.58,4241.207
2026-08-20 00:10:00,2258.63,2260.41,2255.28,2259.51,1535.4449
2026-08-20 00:15:00,2259.5,2268.57,2257.67,2267.66,2949.2404
2026-08-20 00:20:00,2267.66,2269.77,2262.07,2264.18,2351.0804
2026-08-20 00:25:00,2264.18,2267.78,2261.46,2264.16,1063.9986
2026-08-20 00:30:00,2264.17,2268.54,2261.66,2267.52,1281.2985
2026-08-20 00:35:00,2267.52,2274.25,2265.01,2272.91,1998.5718
2026-08-20 00:40:00,2272.91,2272.91,2263.89,2268.84,2072.1851
2026-08-20 00:45:00,2268.87,2274.12,2268.51,2271.63,1379.3928
2026-08-20 00:50:00,2271.62,2272.9,2255.83,2267.44,7812.3079
2026-08-20 00:55:00,2267.45,2268.12,2259.41,2262.24,3398.0508
2026-08-20 01:00:00,2262.24,2268.12,2260.25,2265.03,1934.214
2026-08-20 01:05:00,2265.04,2265.11,2252.2,2254.33,3348.3768
2026-08-20 01:10:00,2254.33,2258.92,2250.0,2257.43,3947.7755
2026-08-20 01:15:00,2257.44,2260.9,2252.76,2258.94,1871.609
2026-08-20 01:20:00,2258.94,2260.52,2255.36,2256.9,665.5822
2026-08-20 01:25:00,2256.89,2257.74,2253.92,2254.68,971.5055
2026-08-20 01:30:00,2254.67,2261.1,2252.35,2261.1,2266.5076
2026-08-20 01:35:00,2261.1,2265.82,2260.35,2263.57,2878.477
2026-08-20 01:40:00,2263.57,2266.48,2263.16,2265.78,1238.2395
2026-08-20 01:45:00,2265.78,2270.94,2265.06,2269.34,1462.8691
2026-08-20 01:50:00,2269.34,2270.59,2265.47,2266.61,909.4542
2026-08-20 01:55:00,2266.61,2267.65,2265.97,2266.66,752.3642
2026-08-20 02:00:00,2266.66,2270.68,2266.41,2269.36,1650.0812
2026-08-20 02:05:00,2269.36,2269.37,2266.54,2267.43,995.6119
2026-08-20 02:10:00,2267.42,2269.0,2264.66,2268.37,1442.8616
2026-08-20 02:15:00,2268.36,2268.88,2264.8,2266.4,970.6343
2026-08-20 02:20:00,2266.4,2266.4,2260.36,2261.06,1325.9561
2026-08-20 02:25:00,2261.06,2261.58,2257.46,2258.28,1120.5492
2026-08-20 02:30:00,2258.27,2262.51,2255.98,2262.29,1064.1567
2026-08-20 02:35:00,2262.29,2262.3,2254.5,2256.82,1211.0589
2026-08-20 02:40:00,2256.81,2258.72,2255.72,2257.29,591.356
2026-08-20 02:45:00,2257.29,2258.0,2253.37,2253.48,673.1893
2026-08-20 02:50:00,2253.48,2254.3,2250.5,2251.61,1210.6855
2026-08-20 02:55:00,2251.6,2253.87,2250.0,2251.89,955.2393
2026-08-20 03:00:00,2251.88,2252.36,2242.49,2244.49,2588.1941
2026-08-20 03:05:00,2244.48,2247.34,2232.95,2233.56,4457.0225
2026-08-20 03:10:00,2233.56,2234.64,2221.54,2228.63,14882.9925
2026-08-20 03:15:00,2228.63,2238.69,2228.38,2238.69,3172.7159
2026-08-20 03:20:00,2238.69,2243.01,2237.97,2239.49,2064.2703
2026-08-20 03:25:00,2239.5,2239.5,2233.99,2234.52,1716.6491
2026-08-20 03:30:00,2234.53,2244.62,2234.52,2242.19,2447.2812
2026-08-20 03:35:00,2242.19,2248.33,2239.59,2246.01,2002.6511
2026-08-20 03:40:00,2246.02,2251.7,2244.33,2250.54,1877.9287
2026-08-20 03:45:00,2250.54,2257.58,2249.84,2255.54,1909.2783
2026-08-20 03:50:00,2255.55,2255.95,2251.48,2253.09,1061.5786
2026-08-20 03:55:00,2253.09,2253.09,2250.87,2251.21,956.5649
2026-08-20 04:00:00,2251.21,2253.18,2249.59,2252.84,1448.8437
2026-08-20 04:05:00,2252.85,2258.39,2251.55,2258.03,2021.8354
2026-08-20 04:10:00,2258.03,2258.09,2254.88,2255.79,1124.7587
2026-08-20 04:15:00,2255.79,2257.21,2254.02,2256.17,1502.8241
2026-08-20 04:20:00,2256.18,2256.53,2253.27,2254.6,965.0771
2026-08-20 04:25:00,2254.6,2257.0,2254.59,2255.92,718.0874
2026-08-20 04:30:00,2255.92,2256.54,2249.9,2250.25,895.5449
2026-08-20 04:35:00,2250.25,2252.07,2249.21,2250.14,855.5161
2026-08-20 04:40:00,2250.14,2252.72,2248.46,2251.0,1784.6593
2026-08-20 04:45:00,2251.0,2253.66,2250.66,2252.61,671.2625
2026-08-20 04:50:00,2252.62,2257.33,2252.01,2252.73,1166.0263
2026-08-20 04:55:00,2252.73,2252.93,2250.27,2250.28,645.2868
2026-08-20 05:00:00,2250.27,2252.71,2249.67,2251.74,1586.4154
2026-08-20 05:05:00,2251.74,2254.81,2251.0,2253.51,767.6396
2026-08-20 05:10:00,2253.51,2253.51,2249.67,2249.67,788.1414
2026-08-20 05:15:00,2249.68,2255.21,2249.67,2254.17,1618.4373
2026-08-20 05:20:00,2254.17,2256.99,2253.3,2256.46,2795.4715
2026-08-20 05:25:00,2256.46,2256.54,2252.01,2252.01,1041.4846
2026-08-20 05:30:00,2252.01,2254.37,2251.48,2252.64,1045.9824
2026-08-20 05:35:00,2252.63,2253.81,2250.83,2250.83,818.3119
2026-08-20 05:40:00,2250.83,2252.38,2250.6,2251.83,413.3806
2026-08-20 05:45:00,2251.83,2251.83,2245.84,2246.3,1274.475
2026-08-20 05:50:00,2246.3,2247.33,2243.86,2246.28,1044.3128
2026-08-20 05:55:00,2246.28,2249.4,2244.63,2248.36,649.8748
2026-08-20 06:00:00,2248.36,2248.75,2240.52,2240.61,1849.3151
2026-08-20 06:05:00,2240.61,2244.62,2238.97,2238.97,3314.2395
2026-08-20 06:10:00,2238.98,2245.19,2238.97,2243.59,2129.3068
2026-08-20 06:15:00,2243.58,2247.67,2242.21,2247.12,1944.7697
2026-08-20 06:20:00,2247.12,2255.44,2244.71,2254.96,2840.9026
2026-08-20 06:25:00,2254.95,2255.67,2249.2,2251.41,1829.1989
2026-08-20 06:30:00,2251.41,2255.61,2251.1,2253.67,2261.4697
2026-08-20 06:35:00,2253.67,2262.05,2253.06,2258.6,2854.3382
2026-08-20 06:40:00,2258.61,2263.68,2258.37,2262.19,1466.7963
2026-08-20 06:45:00,2262.2,2267.3,2261.85,2263.28,2651.3629
2026-08-20 06:50:00,2263.28,2265.0,2261.6,2263.58,1451.3002
2026-08-20 06:55:00,2263.58,2263.58,2262.0,2262.76,715.2299
2026-08-20 07:00:00,2262.77,2263.61,2260.0,2261.64,1356.0062
2026-08-20 07:05:00,2261.64,2264.77,2261.04,2263.2,1741.0552
2026-08-20 07:10:00,2263.18,2263.66,2256.58,2256.59,1497.9538
2026-08-20 07:15:00,2256.58,2258.0,2252.6,2252.64,1706.1434
2026-08-20 07:20:00,2252.64,2256.41,2248.83,2251.41,1876.254
2026-08-20 07:25:00,2251.41,2254.98,2250.95,2253.17,1294.5804
2026-08-20 07:30:00,2253.17,2253.17,2245.82,2249.6,2464.8882
2026-08-20 07:35:00,2249.61,2250.61,2245.0,2245.01,1553.9284
2026-08-20 07:40:00,2245.0,2247.53,2244.94,2245.09,1845.4969
2026-08-20 07:45:00,2245.08,2249.98,2244.1,2249.45,2341.7582
2026-08-20 07:50:00,2249.45,2251.6,2247.52,2251.37,1600.5981
2026-08-20 07:55:00,2251.38,2251.81,2248.96,2251.81,1936.6672
2026-08-20 08:00:00,2251.81,2253.73,2249.19,2251.15,1071.8252
2026-08-20 08:05:00,2251.16,2268.0,2250.51,2265.9,4224.4627
2026-08-20 08:10:00,2265.89,2287.26,2263.47,2284.03,10158.7963
2026-08-20 08:15:00,2284.02,2284.64,2270.24,2278.6,7460.2815
2026-08-20 08:20:00,2278.59,2278.59,2271.84,2275.19,2465.6661
2026-08-20 08:25:00,2275.19,2281.25,2273.1,2278.34,2765.8386
2026-08-20 08:30:00,2278.35,2278.44,2270.94,2271.07,2539.8557
2026-08-20 08:35:00,2271.07,2276.52,2266.08,2273.17,2328.5462
2026-08-20 08:40:00,2273.19,2276.23,2271.57,2275.45,1191.1869
2026-08-20 08:45:00,2275.44,2279.88,2273.85,2276.39,1923.4599
2026-08-20 08:50:00,2276.39,2280.87,2274.17,2280.86,1403.3557
2026-08-20 08:55:00,2280.87,2286.09,2280.45,2282.25,2380.0655
2026-08-20 09:00:00,2282.26,2284.32,2277.52,2279.42,1792.3392
2026-08-20 09:05:00,2279.41,2294.25,2278.86,2289.6,4164.5276
2026-08-20 09:10:00,2289.6,2297.38,2286.47,2294.99,3330.9566
2026-08-20 09:15:00,2295.0,2295.38,2287.58,2290.82,2623.9962
2026-08-20 09:20:00,2290.8,2298.29,2289.08,2298.28,5273.0485
2026-08-20 09:25:00,2298.29,2298.39,2284.55,2284.56,3277.5777
2026-08-20 09:30:00,2284.56,2290.28,2278.63,2286.65,2977.9689
2026-08-20 09:35:00,2286.65,2293.03,2285.75,2287.07,2244.1246
2026-08-20 09:40:00,2287.06,2294.13,2285.69,2289.33,1850.5822
2026-08-20 09:45:00,2289.32,2290.36,2284.98,2284.99,1353.5347
2026-08-20 09:50:00,2284.99,2284.99,2276.51,2277.56,2011.4227
2026-08-20 09:55:00,2277.56,2279.92,2275.23,2278.56,2899.6059
2026-08-20 10:00:00,2278.56,2282.4,2275.54,2279.75,4674.4257
2026-08-20 10:05:00,2279.75,2285.23,2278.43,2284.01,8164.7798
2026-08-20 10:10:00,2284.0,2289.72,2282.43,2288.44,3945.5085
2026-08-20 10:15:00,2288.45,2295.87,2286.56,2291.15,3392.3956
2026-08-20 10:20:00,2291.14,2292.95,2283.94,2286.91,1896.8977
2026-08-20 10:25:00,2286.9,2288.84,2282.51,2286.08,955.2987
2026-08-20 10:30:00,2286.08,2286.71,2282.61,2285.22,1221.3217
2026-08-20 10:35:00,2285.21,2288.0,2282.49,2284.35,830.8808
2026-08-20 10:40:00,2284.36,2285.08,2281.0,2281.72,997.1046
2026-08-20 10:45:00,2281.73,2283.8,2280.78,2281.25,786.0744
2026-08-20 10:50:00,2281.24,2282.7,2281.07,2281.85,693.2286
2026-08-20 10:55:00,2281.84,2287.0,2280.54,2287.0,1119.0636
2026-08-20 11:00:00,2286.99,2295.49,2282.31,2293.35,2703.7828
2026-08-20 11:05:00,2293.36,2295.37,2288.07,2289.33,1993.1371
2026-08-20 11:10:00,2289.33,2289.73,2286.23,2288.83,791.7212
2026-08-20 11:15:00,2288.83,2292.18,2285.15,2291.45,1207.9029
2026-08-20 11:20:00,2291.44,2295.81,2290.0,2293.36,1807.4762
2026-08-20 11:25:00,2293.35,2296.78,2291.62,2295.37,2574.0288
2026-08-20 11:30:00,2295.36,2315.81,2294.03,2304.33,9715.2037
2026-08-20 11:35:00,2304.33,2313.01,2303.86,2311.67,4468.7419
2026-08-20 11:40:00,2311.67,2315.3,2307.0,2307.26,7025.4255
2026-08-20 11:45:00,2307.26,2320.0,2307.08,2317.23,5258.1744
2026-08-20 11:50:00,2317.23,2319.88,2304.34,2304.49,4088.8266
2026-08-20 11:55:00,2304.49,2305.28,2294.0,2296.58,4461.6443
2026-08-20 12:00:00,2296.59,2300.97,2284.91,2289.64,7218.1551
2026-08-20 12:05:00,2289.64,2291.51,2268.89,2275.02,7123.4897
2026-08-20 12:10:00,2275.03,2280.0,2274.42,2274.43,1998.0191
2026-08-20 12:15:00,2274.42,2278.17,2273.29,2275.44,1337.5013
2026-08-20 12:20:00,2275.45,2280.52,2274.51,2280.51,1629.4189
2026-08-20 12:25:00,2280.52,2282.08,2276.82,2279.05,1420.5739
2026-08-20 12:30:00,2279.05,2284.87,2276.61,2278.81,1941.0963
2026-08-20 12:35:00,2278.81,2281.55,2274.28,2281.55,1428.8941
2026-08-20 12:40:00,2281.55,2284.7,2280.24,2281.07,1320.1281
2026-08-20 12:45:00,2281.07,2282.48,2268.0,2276.01,1859.0338
2026-08-20 12:50:00,2276.02,2289.26,2276.02,2288.84,2041.9045
2026-08-20 12:55:00,2288.84,2293.19,2287.61,2290.23,1319.7581
2026-08-20 13:00:00,2290.23,2294.14,2286.9,2290.96,1674.9542
2026-08-20 13:05:00,2290.96,2298.19,2290.96,2292.93,2244.8424
2026-08-20 13:10:00,2292.93,2295.28,2289.43,2294.6,1265.7626
2026-08-20 13:15:00,2294.61,2295.58,2290.65,2292.68,1715.2439
2026-08-20 13:20:00,2292.69,2295.99,2290.5,2294.31,1781.0151
2026-08-20 13:25:00,2294.31,2294.31,2287.7,2288.36,2711.2016
2026-08-20 13:30:00,2288.36,2288.66,2270.01,2271.61,5092.1415
2026-08-20 13:35:00,2271.6,2277.57,2255.68,2268.13,6322.511
2026-08-20 13:40:00,2268.13,2276.46,2262.62,2274.91,2378.8538
2026-08-20 13:45:00,2274.9,2276.87,2266.0,2274.0,1867.2765
2026-08-20 13:50:00,2273.99,2281.74,2271.13,2276.79,2640.5426
2026-08-20 13:55:00,2276.79,2278.61,2274.34,2276.91,1272.7241
2026-08-20 14:00:00,2276.92,2282.66,2275.69,2280.76,1720.0923
2026-08-20 14:05:00,2280.76,2286.98,2279.5,2284.3,1966.0718
2026-08-20 14:10:00,2284.3,2289.33,2281.03,2281.32,2077.8899
2026-08-20 14:15:00,2281.33,2282.58,2276.42,2276.89,2150.8533
2026-08-20 14:20:00,2276.9,2282.02,2274.23,2281.25,1556.9104
2026-08-20 14:25:00,2281.25,2281.49,2271.83,2274.32,1833.9001
2026-08-20 14:30:00,2274.32,2282.28,2273.71,2278.71,1701.1737
2026-08-20 14:35:00,2278.71,2285.96,2278.0,2280.77,1558.6841
2026-08-20 14:40:00,2280.78,2281.25,2274.63,2276.87,2459.4908
2026-08-20 14:45:00,2276.88,2277.18,2271.48,2274.28,1353.7143
2026-08-20 14:50:00,2274.28,2280.26,2273.94,2278.96,1288.9974
2026-08-20 14:55:00,2278.97,2281.25,2275.18,2281.24,961.7785
2026-08-20 15:00:00,2281.24,2307.05,2281.24,2298.58,6043.814
2026-08-20 15:05:00,2298.58,2302.67,2287.56,2291.81,3194.4583
2026-08-20 15:10:00,2291.8,2299.62,2290.96,2297.82,2095.0503
2026-08-20 15:15:00,2297.81,2301.59,2292.62,2301.03,3871.0795
2026-08-20 15:20:00,2301.04,2312.4,2295.01,2298.32,5883.9936
2026-08-20 15:25:00,2298.32,2314.2,2297.79,2313.78,4548.587
2026-08-20 15:30:00,2313.78,2323.49,2306.51,2310.84,6706.1393
2026-08-20 15:35:00,2310.84,2311.47,2298.01,2301.69,4558.552
2026-08-20 15:40:00,2301.69,2307.27,2301.67,2303.46,2435.8341
2026-08-20 15:45:00,2303.45,2319.08,2303.01,2318.11,4553.5517
2026-08-20 15:50:00,2318.1,2337.89,2317.28,2332.21,9069.2382
2026-08-20 15:55:00,2332.21,2333.75,2324.31,2326.41,4043.1231
2026-08-20 16:00:00,2326.4,2327.4,2317.71,2318.44,3604.8573
2026-08-20 16:05:00,2318.45,2331.6,2318.44,2328.16,4624.096
2026-08-20 16:10:00,2328.15,2328.33,2318.42,2319.71,3528.5866
2026-08-20 16:15:00,2319.72,2324.0,2314.44,2321.78,3667.9106
2026-08-20 16:20:00,2321.79,2323.59,2317.78,2319.33,3150.1217
2026-08-20 16:25:00,2319.33,2326.94,2318.62,2326.19,2672.4492
2026-08-20 16:30:00,2326.19,2330.0,2320.4,2327.71,2859.4628
2026-08-20 16:35:00,2327.72,2331.39,2324.84,2329.63,2305.1939
2026-08-20 16:40:00,2329.64,2360.0,2329.42,2348.94,16215.0126
2026-08-20 16:45:00,2348.94,2349.64,2341.15,2342.79,3792.7074
2026-08-20 16:50:00,2342.79,2346.25,2339.5,2341.17,3303.698
2026-08-20 16:55:00,2341.18,2347.42,2336.86,2344.48,3463.9786
2026-08-20 17:00:00,2344.48,2345.0,2339.29,2339.29,3462.7559
2026-08-20 17:05:00,2339.29,2341.92,2335.43,2339.38,2851.3135
2026-08-20 17:10:00,2339.38,2339.93,2332.44,2337.73,2388.6116
2026-08-20 17:15:00,2337.74,2343.01,2336.0,2338.23,2090.0956
2026-08-20 17:20:00,2338.22,2343.41,2335.07,2341.76,2251.7414
2026-08-20 17:25:00,2341.76,2346.33,2341.38,2344.19,1758.7385
2026-08-20 17:30:00,2344.2,2348.0,2343.64,2343.64,2161.8798
2026-08-20 17:35:00,2343.64,2347.69,2339.32,2346.5,1932.0939
2026-08-20 17:40:00,2346.5,2347.66,2341.93,2344.61,1604.9735
2026-08-20 17:45:00,2344.61,2346.74,2342.52,2346.33,1446.0046
2026-08-20 17:50:00,2346.33,2351.28,2343.09,2346.32,1953.6411
2026-08-20 17:55:00,2346.33,2349.79,2343.64,2344.26,2535.4661
2026-08-20 18:00:00,2344.25,2348.11,2333.33,2335.51,4096.9544
2026-08-20 18:05:00,2335.51,2335.68,2327.0,2328.34,3649.5864
2026-08-20 18:10:00,2328.34,2331.61,2325.56,2331.42,2250.0205
2026-08-20 18:15:00,2331.42,2331.42,2320.0,2328.67,2831.9335
2026-08-20 18:20:00,2328.68,2334.4,2328.68,2332.58,2229.4436
2026-08-20 18:25:00,2332.58,2333.05,2325.18,2326.25,2238.4375
2026-08-20 18:30:00,2326.25,2326.87,2310.44,2312.34,3865.0287
2026-08-20 18:35:00,2312.35,2318.41,2312.07,2312.53,3596.4687
2026-08-20 18:40:00,2312.53,2317.88,2310.46,2316.79,3294.0465
2026-08-20 18:45:00,2316.79,2319.71,2314.2,2319.07,1498.1085
2026-08-20 18:50:00,2319.06,2323.47,2317.58,2320.61,1365.6206
2026-08-20 18:55:00,2320.62,2321.48,2315.86,2316.38,1773.5201
2026-08-20 19:00:00,2316.37,2318.12,2312.14,2317.58,2473.9862
2026-08-20 19:05:00,2317.58,2323.64,2315.06,2320.75,2381.4928
2026-08-20 19:10:00,2320.75,2323.79,2319.27,2321.33,1748.1821
2026-08-20 19:15:00,2321.33,2327.45,2321.32,2325.95,2183.1246
2026-08-20 19:20:00,2325.95,2330.1,2324.22,2329.61,2457.3574
2026-08-20 19:25:00,2329.61,2330.46,2325.37,2328.15,2029.5019
2026-08-20 19:30:00,2328.14,2328.67,2324.39,2325.34,2494.3494
2026-08-20 19:35:00,2325.35,2330.87,2323.16,2329.92,2351.8261
2026-08-20 19:40:00,2329.92,2332.6,2328.39,2329.95,1964.5092
2026-08-20 19:45:00,2329.95,2332.05,2324.31,2326.37,2399.9997
2026-08-20 19:50:00,2326.37,2328.98,2324.8,2326.93,1870.1202
2026-08-20 19:55:00,2326.92,2326.95,2320.52,2323.77,2927.207
2026-08-20 20:00:00,2323.78,2325.73,2322.05,2325.33,571.6588
2026-08-20 20:05:00,2325.33,2326.21,2321.98,2324.14,726.576
2026-08-20 20:10:00,2324.14,2327.47,2319.93,2320.56,913.3282
2026-08-20 20:15:00,2320.56,2323.17,2317.9,2322.35,663.2132
2026-08-20 20:20:00,2322.36,2326.0,2319.4,2325.99,936.7821
2026-08-20 20:25:00,2326.0,2330.0,2325.6,2327.28,943.9625
2026-08-20 20:30:00,2327.29,2331.5,2327.02,2327.5,726.4971
2026-08-20 20:35:00,2327.49,2330.5,2321.15,2321.15,941.544
2026-08-20 20:40:00,2321.15,2321.78,2317.71,2320.35,689.5079
2026-08-20 20:45:00,2320.35,2320.74,2318.32,2319.61,358.6406
2026-08-20 20:50:00,2319.61,2319.99,2313.81,2315.65,867.2615
2026-08-20 20:55:00,2315.66,2319.64,2315.66,2318.58,286.918
2026-08-20 21:00:00,2318.58,2318.86,2316.22,2316.87,578.0728
2026-08-20 21:05:00,2316.86,2317.77,2313.32,2317.66,1224.1549
2026-08-20 21:10:00,2317.66,2323.04,2317.66,2321.88,978.7773
2026-08-20 21:15:00,2321.88,2325.6,2319.57,2319.57,814.7881
2026-08-20 21:20:00,2319.56,2320.48,2316.0,2316.84,1152.9871
2026-08-20 21:25:00,2316.83,2318.65,2314.23,2314.83,573.688
2026-08-20 21:30:00,2314.83,2321.88,2314.36,2321.34,1128.4392
2026-08-20 21:35:00,2321.33,2322.54,2317.96,2318.31,659.4013
2026-08-20 21:40:00,2318.31,2320.99,2317.96,2319.52,590.3187
2026-08-20 21:45:00,2319.52,2320.73,2318.79,2318.79,658.8188
2026-08-20 21:50:00,2318.8,2320.7,2318.43,2318.44,700.4893
2026-08-20 21:55:00,2318.43,2319.49,2316.27,2318.81,488.4644
2026-08-20 22:00:00,2318.81,2319.45,2306.67,2310.17,2630.9087
2026-08-20 22:05:00,2310.17,2318.13,2310.17,2314.38,1067.6954
2026-08-20 22:10:00,2314.37,2315.89,2311.69,2311.92,969.416
2026-08-20 22:15:00,2311.87,2312.81,2308.23,2308.95,1051.5862
2026-08-20 22:20:00,2308.95,2316.21,2308.95,2315.77,1017.279
2026-08-20 22:25:00,2315.76,2317.99,2313.86,2314.85,726.5656
2026-08-20 22:30:00,2314.86,2315.51,2310.53,2313.92,649.4639
2026-08-20 22:35:00,2313.93,2315.79,2313.11,2314.21,497.308
2026-08-20 22:40:00,2314.22,2314.75,2312.14,2312.14,294.5162
2026-08-20 22:45:00,2312.14,2314.35,2311.83,2313.84,422.1717
2026-08-20 22:50:00,2313.85,2318.89,2313.15,2318.0,928.6632
2026-08-20 22:55:00,2318.0,2318.2,2313.4,2314.42,371.3895
2026-08-20 23:00:00,2314.42,2316.27,2313.1,2315.25,612.2876
2026-08-20 23:05:00,2315.25,2319.56,2315.24,2317.72,465.6446
2026-08-20 23:10:00,2317.71,2322.53,2317.71,2322.53,672.2904
2026-08-20 23:15:00,2322.52,2327.19,2321.83,2326.78,767.393
2026-08-20 23:20:00,2326.79,2330.34,2325.8,2329.57,852.6837
2026-08-20 23:25:00,2329.58,2340.0,2329.58,2331.45,2555.0137
2026-08-20 23:30:00,2331.46,2334.85,2328.98,2329.19,633.8146
2026-08-20 23:35:00,2329.19,2330.64,2325.68,2326.01,972.5527
2026-08-20 23:40:00,2326.01,2327.59,2324.84,2325.76,381.4133
2026-08-20 23:45:00,2325.77,2329.56,2324.88,2327.56,740.0102
2026-08-20 23:50:00,2327.56,2329.02,2323.58,2328.76,653.72
2026-08-20 23:55:00,2328.76,2328.84,2324.91,2326.82,876.1091
2026-08-21 00:00:00,2326.83,2329.2,2324.99,2325.35,894.9447
2026-08-21 00:05:00,2325.34,2334.0,2325.34,2331.08,935.1882
2026-08-21 00:10:00,2331.09,2338.43,2330.55,2337.67,1245.9289
2026-08-21 00:15:00,2337.66,2348.0,2331.59,2340.88,3220.3035
2026-08-21 00:20:00,2340.89,2345.44,2337.94,2342.02,2202.9106
2026-08-21 00:25:00,2342.03,2346.67,2336.4,2337.62,1973.0891
2026-08-21 00:30:00,2337.62,2351.15,2336.86,2342.77,2337.5636
2026-08-21 00:35:00,2342.77,2343.65,2334.45,2338.24,1331.0127
2026-08-21 00:40:00,2338.23,2339.06,2332.03,2337.89,1071.3424
2026-08-21 00:45:00,2337.86,2349.83,2334.7,2347.29,1423.6382
2026-08-21 00:50:00,2347.29,2350.87,2340.36,2341.81,1196.1936
2026-08-21 00:55:00,2341.81,2342.3,2334.44,2340.82,1095.0905
2026-08-21 01:00:00,2340.82,2344.71,2338.0,2342.65,1290.8513
2026-08-21 01:05:00,2342.65,2346.33,2340.42,2346.32,1976.2559
2026-08-21 01:10:00,2346.32,2348.49,2343.27,2345.75,814.5653
2026-08-21 01:15:00,2345.74,2366.9,2344.55,2357.72,6369.0129
2026-08-21 01:20:00,2357.72,2358.54,2338.6,2345.41,3471.2085
2026-08-21 01:25:00,2345.41,2353.1,2343.1,2353.1,1811.6568
2026-08-21 01:30:00,2353.1,2369.5,2348.36,2360.76,5554.866
2026-08-21 01:35:00,2360.75,2361.11,2352.75,2357.83,1801.1332
2026-08-21 01:40:00,2357.83,2362.02,2354.21,2357.37,1794.2899
2026-08-21 01:45:00,2357.37,2380.82,2356.04,2374.14,8979.3856
2026-08-21 01:50:00,2374.14,2375.38,2365.6,2365.6,2767.2608
2026-08-21 01:55:00,2365.6,2366.7,2359.04,2359.37,2820.7314
2026-08-21 02:00:00,2359.37,2359.71,2343.17,2353.71,3720.1774
2026-08-21 02:05:00,2353.71,2362.71,2349.59,2353.9,1644.6841
2026-08-21 02:10:00,2353.89,2355.0,2346.48,2354.08,1460.8291
2026-08-21 02:15:00,2354.09,2354.27,2340.0,2349.01,4568.8179
2026-08-21 02:20:00,2349.0,2352.7,2347.15,2350.68,1042.3122
2026-08-21 02:25:00,2350.69,2360.51,2350.68,2359.32,1425.4077
2026-08-21 02:30:00,2359.32,2365.0,2352.97,2359.99,2931.7716
2026-08-21 02:35:00,2360.0,2360.51,2356.12,2358.26,1312.8153
2026-08-21 02:40:00,2358.26,2361.0,2355.74,2355.87,822.0295
2026-08-21 02:45:00,2355.88,2356.17,2345.81,2348.43,1766.1835
2026-08-21 02:50:00,2348.42,2351.15,2345.01,2345.7,866.5028
2026-08-21 02:55:00,2345.71,2347.47,2344.6,2345.75,957.075
2026-08-21 03:00:00,2345.75,2346.99,2341.81,2343.05,1041.6153
2026-08-21 03:05:00,2343.05,2343.09,2337.23,2340.96,1631.9582
2026-08-21 03:10:00,2340.97,2349.02,2339.87,2345.38,2219.1336
2026-08-21 03:15:00,2345.38,2346.72,2340.88,2344.65,711.9962
2026-08-21 03:20:00,2344.65,2350.24,2344.6,2348.26,1583.7913
2026-08-21 03:25:00,2348.27,2350.45,2346.08,2349.62,953.6833
2026-08-21 03:30:00,2349.63,2354.5,2348.26,2350.66,1000.7182
2026-08-21 03:35:00,2350.66,2353.1,2346.05,2349.01,897.0162
2026-08-21 03:40:00,2349.01,2352.9,2347.9,2349.52,983.3069
2026-08-21 03:45:00,2349.51,2354.5,2349.3,2352.71,721.0695
2026-08-21 03:50:00,2352.71,2354.07,2348.4,2349.83,1311.1193
2026-08-21 03:55:00,2349.83,2350.39,2340.88,2341.04,1837.082
2026-08-21 04:00:00,2341.05,2350.74,2341.05,2349.05,1309.122
2026-08-21 04:05:00,2349.05,2349.19,2343.34,2347.53,808.2246
2026-08-21 04:10:00,2347.53,2349.67,2343.69,2346.22,950.6276
2026-08-21 04:15:00,2346.22,2350.36,2345.43,2348.01,942.8651
2026-08-21 04:20:00,2348.01,2350.0,2347.18,2347.18,624.5314
2026-08-21 04:25:00,2347.17,2349.19,2344.25,2344.72,1039.7938
2026-08-21 04:30:00,2344.72,2351.07,2343.62,2348.87,552.3041
2026-08-21 04:35:00,2348.87,2349.92,2347.55,2347.55,499.8801
2026-08-21 04:40:00,2347.56,2351.0,2345.72,2350.38,803.9514
2026-08-21 04:45:00,2350.37,2356.0,2349.08,2353.9,1210.0145
2026-08-21 04:50:00,2353.9,2355.41,2353.4,2355.05,590.2995
2026-08-21 04:55:00,2355.06,2355.41,2353.42,2354.42,343.7451
2026-08-21 05:00:00,2354.43,2356.0,2349.84,2350.04,931.9994
2026-08-21 05:05:00,2350.05,2355.98,2350.05,2352.46,716.377
2026-08-21 05:10:00,2352.47,2359.96,2352.15,2359.0,816.7053
2026-08-21 05:15:00,2359.0,2362.5,2356.49,2360.2,1136.464
2026-08-21 05:20:00,2360.19,2362.47,2354.91,2357.29,1650.5388
2026-08-21 05:25:00,2357.3,2357.66,2349.67,2353.89,1227.9214
2026-08-21 05:30:00,2353.89,2358.09,2351.52,2356.45,639.0301
2026-08-21 05:35:00,2356.45,2356.94,2352.47,2355.8,825.5094
2026-08-21 05:40:00,2355.8,2356.92,2352.1,2354.61,632.7845
2026-08-21 05:45:00,2354.62,2357.35,2352.8,2357.34,575.474
2026-08-21 05:50:00,2357.34,2361.86,2356.77,2360.5,1394.373
2026-08-21 05:55:00,2360.51,2368.76,2360.51,2368.42,1776.5587
2026-08-21 06:00:00,2368.42,2374.83,2366.05,2373.66,3799.0794
2026-08-21 06:05:00,2373.65,2378.7,2370.75,2373.94,2258.8431
2026-08-21 06:10:00,2373.94,2373.97,2364.09,2365.69,1126.835
2026-08-21 06:15:00,2365.69,2368.78,2362.74,2365.39,943.0801
2026-08-21 06:20:00,2365.39,2365.39,2355.15,2359.35,1917.3169
2026-08-21 06:25:00,2359.36,2364.88,2357.9,2360.8,951.2728
2026-08-21 06:30:00,2360.81,2370.72,2360.7,2370.71,1566.8578
2026-08-21 06:35:00,2370.72,2374.0,2368.01,2372.79,1393.0646
2026-08-21 06:40:00,2372.79,2374.08,2363.39,2369.66,2223.4426
2026-08-21 06:45:00,2369.65,2384.17,2364.62,2377.38,4208.098
2026-08-21 06:50:00,2377.39,2378.72,2369.18,2371.0,1327.128
2026-08-21 06:55:00,2371.0,2373.44,2370.79,2372.47,558.2551
2026-08-21 07:00:00,2372.48,2379.25,2370.71,2373.77,2942.633
2026-08-21 07:05:00,2373.76,2380.71,2372.25,2376.23,1618.3838
2026-08-21 07:10:00,2376.23,2387.22,2376.23,2386.47,4062.1393
2026-08-21 07:15:00,2386.47,2398.71,2384.94,2386.33,7256.4268
2026-08-21 07:20:00,2386.33,2388.25,2378.19,2378.19,3259.6436
2026-08-21 07:25:00,2378.19,2383.3,2377.94,2381.74,1807.5372
2026-08-21 07:30:00,2381.73,2389.32,2378.06,2379.36,5240.8862
2026-08-21 07:35:00,2379.35,2384.3,2372.18,2382.15,4493.5912
2026-08-21 07:40:00,2382.15,2387.99,2378.55,2380.78,4177.5204
2026-08-21 07:45:00,2380.78,2383.18,2375.32,2376.53,3843.0453
2026-08-21 07:50:00,2376.52,2376.9,2371.2,2372.42,3352.4719
2026-08-21 07:55:00,2372.41,2373.35,2362.66,2371.66,4981.5294
2026-08-21 08:00:00,2371.67,2380.0,2370.24,2377.33,1636.1598
2026-08-21 08:05:00,2377.32,2387.27,2375.9,2385.9,2136.0262
2026-08-21 08:10:00,2385.89,2391.74,2382.02,2383.74,2452.8776
2026-08-21 08:15:00,2383.74,2392.42,2383.26,2390.1,2336.0671
2026-08-21 08:20:00,2390.11,2391.2,2378.94,2379.99,2388.4727
2026-08-21 08:25:00,2380.0,2389.97,2379.99,2387.38,1942.6687
2026-08-21 08:30:00,2387.38,2398.93,2386.19,2396.95,3577.6405
2026-08-21 08:35:00,2396.96,2410.3,2394.18,2408.49,10086.7052
2026-08-21 08:40:00,2408.5,2415.84,2406.15,2409.71,10773.4616
2026-08-21 08:45:00,2409.71,2430.0,2408.06,2424.74,10699.1436
2026-08-21 08:50:00,2424.75,2440.0,2423.04,2440.0,10196.0488
2026-08-21 08:55:00,2440.0,2447.98,2433.0,2444.2,8708.7503
2026-08-21 09:00:00,2444.2,2446.23,2389.0,2404.58,15123.093
2026-08-21 09:05:00,2404.58,2411.82,2376.32,2392.12,8514.3623
2026-08-21 09:10:00,2392.12,2405.97,2392.12,2398.71,3760.9357
2026-08-21 09:15:00,2398.71,2400.0,2386.71,2389.79,3156.1256
2026-08-21 09:20:00,2389.78,2394.23,2384.01,2387.79,3576.0892
2026-08-21 09:25:00,2387.79,2394.19,2384.8,2389.47,2039.2309
2026-08-21 09:30:00,2389.47,2399.58,2385.95,2395.42,2609.4458
2026-08-21 09:35:00,2395.42,2402.0,2393.67,2399.94,2739.8426
2026-08-21 09:40:00,2399.94,2411.66,2398.26,2407.99,2943.4404
2026-08-21 09:45:00,2407.98,2414.47,2405.28,2412.01,2975.5919
2026-08-21 09:50:00,2412.01,2416.25,2406.05,2407.55,3410.3307
2026-08-21 09:55:00,2407.56,2409.01,2391.94,2404.0,2946.768
2026-08-21 10:00:00,2404.0,2405.09,2394.22,2396.58,2385.4937
2026-08-21 10:05:00,2396.57,2402.48,2394.82,2396.17,2069.6061
2026-08-21 10:10:00,2396.17,2406.22,2396.17,2401.21,1279.0838
2026-08-21 10:15:00,2401.21,2411.84,2401.12,2411.18,1634.8095
2026-08-21 10:20:00,2411.18,2411.29,2404.73,2404.74,1423.3673
2026-08-21 10:25:00,2404.73,2405.65,2390.64,2400.3,2625.6032
2026-08-21 10:30:00,2400.3,2402.04,2392.72,2393.02,1433.8647
2026-08-21 10:35:00,2393.01,2399.52,2391.31,2396.66,1215.4831
2026-08-21 10:40:00,2396.66,2399.07,2393.49,2397.72,1069.746
2026-08-21 10:45:00,2397.73,2405.54,2397.73,2399.7,1482.283
2026-08-21 10:50:00,2399.7,2399.7,2395.47,2397.57,1147.437
2026-08-21 10:55:00,2397.57,2399.0,2393.78,2395.33,1134.9229
2026-08-21 11:00:00,2395.32,2397.42,2389.44,2397.0,1671.1896
2026-08-21 11:05:00,2396.97,2399.18,2391.75,2392.13,847.803
2026-08-21 11:10:00,2392.12,2392.91,2377.11,2386.34,3154.4511
2026-08-21 11:15:00,2386.34,2386.35,2372.45,2374.94,2560.8483
2026-08-21 11:20:00,2374.95,2389.0,2373.85,2384.25,3405.4825
2026-08-21 11:25:00,2384.25,2386.06,2380.69,2385.78,1850.048
2026-08-21 11:30:00,2385.79,2386.76,2357.18,2360.7,5817.9435
2026-08-21 11:35:00,2360.7,2379.25,2360.05,2375.0,3005.4149
2026-08-21 11:40:00,2375.0,2378.19,2372.0,2374.1,2529.2643
2026-08-21 11:45:00,2374.09,2377.26,2362.05,2369.57,2985.0526
2026-08-21 11:50:00,2369.58,2377.45,2366.73,2377.36,2559.2709
2026-08-21 11:55:00,2377.36,2377.49,2363.91,2370.47,3828.2739
2026-08-21 12:00:00,2370.48,2375.16,2365.44,2370.22,2549.0064
2026-08-21 12:05:00,2370.23,2377.5,2370.23,2373.03,2154.623
2026-08-21 12:10:00,2373.03,2380.56,2371.57,2379.01,1339.2
2026-08-21 12:15:00,2379.01,2379.46,2373.85,2375.0,1280.2604
2026-08-21 12:20:00,2375.0,2376.96,2369.47,2375.94,2494.1129
2026-08-21 12:25:00,2375.95,2377.01,2373.26,2375.19,1433.9061
2026-08-21 12:30:00,2375.19,2376.95,2373.3,2375.59,1763.5246
2026-08-21 12:35:00,2375.58,2389.84,2375.58,2389.7,3290.0725
2026-08-21 12:40:00,2389.7,2395.76,2388.0,2394.58,4211.5806
2026-08-21 12:45:00,2394.57,2395.45,2389.55,2394.88,2552.5336
2026-08-21 12:50:00,2394.88,2397.5,2385.17,2386.64,4074.0272
2026-08-21 12:55:00,2386.64,2390.52,2385.24,2388.62,1364.8457
2026-08-21 13:00:00,2388.62,2390.64,2384.22,2390.64,1806.7817
2026-08-21 13:05:00,2390.63,2396.82,2389.4,2390.92,3045.9177
2026-08-21 13:10:00,2390.91,2391.3,2384.57,2390.93,1329.1527
2026-08-21 13:15:00,2390.93,2391.06,2382.47,2386.0,1155.9268
2026-08-21 13:20:00,2385.99,2385.99,2381.87,2384.55,1670.7165
2026-08-21 13:25:00,2384.54,2391.18,2383.0,2386.8,1952.7029
2026-08-21 13:30:00,2386.8,2386.8,2370.71,2375.65,5318.2739
2026-08-21 13:35:00,2375.65,2389.33,2368.08,2388.89,3597.6436
2026-08-21 13:40:00,2388.89,2399.0,2388.89,2395.42,2994.5078
2026-08-21 13:45:00,2395.41,2402.51,2391.61,2402.51,3527.9265
2026-08-21 13:50:00,2402.52,2406.41,2386.78,2389.35,3641.4349
2026-08-21 13:55:00,2389.36,2392.81,2382.11,2387.65,2200.959
2026-08-21 14:00:00,2387.65,2387.65,2374.86,2374.92,3732.8686
2026-08-21 14:05:00,2374.92,2386.09,2374.08,2381.04,1661.3714
2026-08-21 14:10:00,2381.04,2387.03,2376.0,2379.29,1668.5095
2026-08-21 14:15:00,2379.3,2385.48,2371.74,2372.01,2124.7719
2026-08-21 14:20:00,2372.01,2383.5,2369.41,2381.46,3502.0433
2026-08-21 14:25:00,2381.47,2392.31,2379.63,2392.25,2993.8295
2026-08-21 14:30:00,2392.26,2397.45,2390.0,2392.51,2428.5384
2026-08-21 14:35:00,2392.51,2393.75,2376.87,2379.2,3370.0779
2026-08-21 14:40:00,2379.2,2386.43,2378.73,2385.85,1618.2314
2026-08-21 14:45:00,2385.84,2391.64,2385.84,2390.55,1341.9426
2026-08-21 14:50:00,2390.55,2392.86,2388.17,2388.48,1369.5972
2026-08-21 14:55:00,2388.48,2394.44,2387.98,2393.67,998.0987
2026-08-21 15:00:00,2393.67,2397.17,2391.53,2395.55,1140.443
2026-08-21 15:05:00,2395.56,2402.89,2393.82,2402.44,1879.1664
2026-08-21 15:10:00,2402.44,2406.31,2397.1,2402.74,2291.9631
2026-08-21 15:15:00,2402.73,2408.55,2397.29,2401.93,3396.9915
2026-08-21 15:20:00,2401.93,2404.16,2397.38,2400.43,3112.6791
2026-08-21 15:25:00,2400.43,2403.73,2397.97,2398.81,2300.8061
2026-08-21 15:30:00,2398.8,2403.0,2396.0,2397.04,2509.1741
2026-08-21 15:35:00,2397.04,2401.8,2394.64,2400.81,2528.9998
2026-08-21 15:40:00,2400.8,2403.81,2399.57,2400.2,2325.6566
2026-08-21 15:45:00,2400.21,2402.9,2398.31,2399.71,3124.6385
2026-08-21 15:50:00,2399.71,2404.0,2389.02,2396.61,5132.0999
2026-08-21 15:55:00,2396.6,2397.54,2391.76,2393.65,1156.9893
2026-08-21 16:00:00,2393.64,2397.81,2389.75,2391.15,2438.8653
2026-08-21 16:05:00,2391.15,2392.34,2385.0,2387.52,2453.8751
2026-08-21 16:10:00,2387.52,2393.26,2384.3,2384.74,4133.6942
2026-08-21 16:15:00,2384.73,2402.7,2384.0,2395.68,3863.5444
2026-08-21 16:20:00,2395.68,2401.4,2393.76,2396.75,2324.6046
2026-08-21 16:25:00,2396.75,2403.26,2395.17,2402.91,2183.0183
2026-08-21 16:30:00,2402.91,2403.55,2399.13,2402.31,1485.2924
2026-08-21 16:35:00,2402.31,2402.93,2400.0,2401.5,1154.8427
2026-08-21 16:40:00,2401.51,2402.49,2399.18,2401.6,1009.5893
2026-08-21 16:45:00,2401.6,2410.78,2400.51,2408.8,4265.5649
2026-08-21 16:50:00,2408.79,2413.14,2407.7,2409.91,2419.1098
2026-08-21 16:55:00,2409.92,2409.92,2405.97,2405.97,946.8606
2026-08-21 17:00:00,2405.97,2411.0,2404.62,2408.22,2294.7667
2026-08-21 17:05:00,2408.22,2421.47,2407.56,2415.75,4601.3906
2026-08-21 17:10:00,2415.75,2418.95,2412.18,2415.55,1812.8463
2026-08-21 17:15:00,2415.56,2415.66,2408.39,2409.88,3004.1837
2026-08-21 17:20:00,2409.88,2409.89,2403.23,2403.94,1824.2595
2026-08-21 17:25:00,2403.93,2416.55,2402.1,2416.55,4819.4946
2026-08-21 17:30:00,2416.55,2421.92,2414.76,2421.08,3325.806
2026-08-21 17:35:00,2421.08,2424.0,2417.16,2424.0,2834.9434
2026-08-21 17:40:00,2424.0,2426.61,2417.59,2419.9,2471.8766
2026-08-21 17:45:00,2419.91,2428.0,2416.99,2424.19,3164.0912
2026-08-21 17:50:00,2424.18,2426.08,2422.33,2423.0,2465.5135
2026-08-21 17:55:00,2423.0,2427.5,2422.64,2423.61,1339.1886
2026-08-21 18:00:00,2423.61,2427.3,2423.22,2425.98,1588.2884
2026-08-21 18:05:00,2425.98,2427.69,2421.3,2421.32,1733.1297
2026-08-21 18:10:00,2421.32,2425.58,2417.61,2422.52,1301.0408
2026-08-21 18:15:00,2422.52,2427.78,2422.52,2427.78,1252.4704
2026-08-21 18:20:00,2427.78,2432.35,2426.88,2426.88,1798.8857
2026-08-21 18:25:00,2426.87,2427.95,2424.03,2424.67,1982.8323
2026-08-21 18:30:00,2424.68,2426.55,2422.64,2425.71,1348.4114
2026-08-21 18:35:00,2425.71,2425.71,2417.22,2422.03,1557.2254
2026-08-21 18:40:00,2422.04,2422.5,2406.4,2408.73,2487.6567
2026-08-21 18:45:00,2408.73,2408.73,2395.89,2397.73,3745.587
2026-08-21 18:50:00,2397.73,2410.64,2397.73,2408.48,2552.1545
2026-08-21 18:55:00,2408.48,2422.37,2407.73,2420.71,1805.2743
2026-08-21 19:00:00,2420.72,2420.92,2407.56,2408.22,1791.4235
2026-08-21 19:05:00,2408.23,2414.0,2407.73,2413.27,628.3989
2026-08-21 19:10:00,2413.27,2415.5,2410.9,2415.5,584.878
2026-08-21 19:15:00,2415.49,2415.5,2408.07,2412.13,699.1147
2026-08-21 19:20:00,2412.13,2415.73,2410.0,2414.0,840.2855
2026-08-21 19:25:00,2414.01,2419.99,2414.01,2418.66,1825.5605
2026-08-21 19:30:00,2418.66,2420.62,2415.39,2415.39,1787.7909
2026-08-21 19:35:00,2415.4,2420.07,2413.9,2418.45,759.3044
2026-08-21 19:40:00,2418.44,2418.74,2414.55,2417.49,859.8521
2026-08-21 19:45:00,2417.48,2418.75,2414.6,2418.57,1066.7579
2026-08-21 19:50:00,2418.57,2418.63,2413.9,2415.69,1095.8796
2026-08-21 19:55:00,2415.69,2415.84,2412.99,2413.55,1856.3673
2026-08-21 20:00:00,2413.54,2427.16,2408.86,2426.87,2098.3085
2026-08-21 20:05:00,2426.85,2430.66,2419.99,2427.51,1530.0152
2026-08-21 20:10:00,2427.52,2430.05,2424.98,2425.86,1058.2786
2026-08-21 20:15:00,2425.86,2434.29,2425.86,2431.22,1749.7984
2026-08-21 20:20:00,2431.23,2447.85,2430.5,2444.29,4312.03
2026-08-21 20:25:00,2444.28,2447.41,2436.75,2445.24,2292.4813
2026-08-21 20:30:00,2445.24,2445.24,2437.54,2438.57,1273.6718
2026-08-21 20:35:00,2438.57,2442.1,2433.14,2434.05,1122.4779
2026-08-21 20:40:00,2434.04,2439.38,2434.04,2437.79,1185.3735
2026-08-21 20:45:00,2437.79,2437.79,2427.45,2434.37,1259.9329
2026-08-21 20:50:00,2434.38,2445.0,2433.97,2439.52,1394.0428
2026-08-21 20:55:00,2439.53,2441.57,2438.18,2441.05,764.4427
2026-08-21 21:00:00,2441.05,2441.8,2439.55,2440.43,634.5842
2026-08-21 21:05:00,2440.43,2440.57,2434.71,2436.66,591.1766
2026-08-21 21:10:00,2436.67,2459.9,2436.41,2449.61,7310.9483
2026-08-21 21:15:00,2449.61,2456.92,2444.68,2456.62,1811.7474
2026-08-21 21:20:00,2456.62,2482.02,2449.0,2482.01,9835.5082
2026-08-21 21:25:00,2482.01,2489.0,2473.08,2479.99,5773.0875
2026-08-21 21:30:00,2479.99,2497.0,2476.76,2491.96,6489.0128
2026-08-21 21:35:00,2491.96,2494.45,2474.63,2477.64,4168.7507
2026-08-21 21:40:00,2477.65,2486.03,2476.54,2484.81,1758.7081
2026-08-21 21:45:00,2484.89,2495.17,2482.98,2490.53,2009.3902
2026-08-21 21:50:00,2490.52,2520.0,2486.68,2519.99,14312.6101
2026-08-21 21:55:00,2519.99,2520.86,2506.88,2513.27,5008.1186
2026-08-21 22:00:00,2513.26,2534.99,2506.88,2527.37,8286.6772
2026-08-21 22:05:00,2527.37,2546.78,2523.99,2541.74,9935.1677
2026-08-21 22:10:00,2541.74,2544.87,2531.34,2541.63,6374.5649
2026-08-21 22:15:00,2541.62,2543.12,2528.3,2541.62,3896.3467
2026-08-21 22:20:00,2541.62,2541.62,2529.92,2530.54,2508.4162
2026-08-21 22:25:00,2530.54,2535.46,2528.88,2532.95,1782.4193
2026-08-21 22:30:00,2532.96,2534.9,2509.23,2522.43,5599.3755
2026-08-21 22:35:00,2522.43,2533.55,2520.09,2529.64,2139.7565
2026-08-21 22:40:00,2529.66,2534.15,2526.24,2529.6,2956.4299
2026-08-21 22:45:00,2529.59,2529.59,2517.86,2519.18,3175.2617
2026-08-21 22:50:00,2519.17,2529.5,2513.68,2524.67,3403.3775
2026-08-21 22:55:00,2524.68,2527.93,2519.64,2521.89,2915.2151
2026-08-21 23:00:00,2521.89,2526.0,2515.44,2518.09,2739.6177
2026-08-21 23:05:00,2518.09,2523.11,2516.73,2520.49,2876.357
2026-08-21 23:10:00,2520.49,2527.0,2520.13,2524.51,2639.9439
2026-08-21 23:15:00,2524.52,2538.09,2524.27,2535.06,3402.3178
2026-08-21 23:20:00,2535.06,2546.42,2533.86,2536.33,3363.2221
2026-08-21 23:25:00,2536.33,2537.13,2521.97,2525.6,3152.0447
2026-08-21 23:30:00,2525.61,2531.03,2521.96,2524.99,1671.5945
2026-08-21 23:35:00,2524.99,2525.0,2516.32,2516.59,2198.2869
2026-08-21 23:40:00,2516.6,2525.25,2512.46,2524.05,2316.2998
2026-08-21 23:45:00,2524.04,2525.57,2517.38,2521.23,1228.3021
2026-08-21 23:50:00,2521.24,2521.24,2510.0,2514.48,2558.2164
2026-08-21 23:55:00,2514.47,2517.13,2511.59,2516.3,810.5731
2026-08-22 00:00:00,2516.31,2522.99,2507.15,2512.57,2366.857
2026-08-22 00:05:00,2512.58,2512.58,2491.11,2498.48,4382.3189
2026-08-22 00:10:00,2498.47,2506.67,2494.87,2501.73,2052.4173
2026-08-22 00:15:00,2501.73,2507.93,2499.03,2505.1,2108.2474
2026-08-22 00:20:00,2505.11,2511.3,2504.81,2510.76,2355.1042
2026-08-22 00:25:00,2510.75,2512.09,2505.42,2506.89,1567.9888
2026-08-22 00:30:00,2506.89,2516.2,2506.21,2510.29,1933.0091
2026-08-22 00:35:00,2510.29,2513.36,2509.19,2511.67,1476.7813
2026-08-22 00:40:00,2511.67,2512.41,2504.09,2509.19,2247.8523
2026-08-22 00:45:00,2509.19,2515.74,2504.17,2514.75,2318.6117
2026-08-22 00:50:00,2514.74,2518.95,2512.43,2515.37,2609.9529
2026-08-22 00:55:00,2515.37,2522.93,2515.37,2522.44,4121.5444
2026-08-22 01:00:00,2522.44,2527.34,2518.35,2527.21,3147.756
2026-08-22 01:05:00,2527.21,2528.58,2519.22,2520.77,2073.2885
2026-08-22 01:10:00,2520.78,2524.47,2519.09,2520.27,1322.9054
2026-08-22 01:15:00,2520.27,2525.09,2517.84,2519.07,1717.8979
2026-08-22 01:20:00,2519.07,2520.51,2515.5,2518.31,1827.0643
2026-08-22 01:25:00,2518.31,2521.17,2517.19,2518.07,991.5599
2026-08-22 01:30:00,2518.07,2527.94,2517.77,2521.8,2136.7642
2026-08-22 01:35:00,2521.8,2522.31,2515.87,2516.21,2501.9379
2026-08-22 01:40:00,2516.21,2517.84,2511.48,2514.24,1197.3869
2026-08-22 01:45:00,2514.23,2518.43,2514.23,2514.68,1034.7959
2026-08-22 01:50:00,2514.68,2519.62,2512.88,2519.55,1282.7807
2026-08-22 01:55:00,2519.55,2523.96,2506.97,2506.99,3075.9402
2026-08-22 02:00:00,2506.99,2512.03,2504.11,2510.21,2182.4414
2026-08-22 02:05:00,2510.21,2512.5,2507.32,2510.44,802.4996
2026-08-22 02:10:00,2510.43,2510.68,2508.44,2508.99,877.6823
2026-08-22 02:15:00,2508.99,2516.17,2508.35,2511.16,989.9468
2026-08-22 02:20:00,2511.16,2514.52,2510.44,2514.2,648.1158
2026-08-22 02:25:00,2514.21,2523.24,2513.89,2519.5,1733.6451
2026-08-22 02:30:00,2519.5,2522.1,2508.28,2509.31,2456.1211
2026-08-22 02:35:00,2509.31,2509.31,2495.65,2508.8,3554.8798
2026-08-22 02:40:00,2508.79,2511.46,2506.64,2510.25,1212.4362
2026-08-22 02:45:00,2510.25,2511.62,2504.62,2508.98,1202.5506
2026-08-22 02:50:00,2508.99,2512.56,2507.04,2512.56,1434.4274
2026-08-22 02:55:00,2512.55,2516.02,2510.86,2516.02,1022.0259
2026-08-22 03:00:00,2516.02,2521.64,2512.88,2517.33,1635.7832
2026-08-22 03:05:00,2517.33,2520.42,2515.57,2516.36,1037.6283
2026-08-22 03:10:00,2516.36,2516.75,2512.64,2513.07,735.4987
2026-08-22 03:15:00,2513.08,2521.53,2512.88,2521.52,710.1861
2026-08-22 03:20:00,2521.52,2524.76,2519.48,2522.22,1551.4532
2026-08-22 03:25:00,2522.23,2526.68,2518.66,2520.0,2385.1288
2026-08-22 03:30:00,2519.99,2523.94,2517.25,2519.2,1807.5464
2026-08-22 03:35:00,2519.21,2520.15,2515.61,2519.34,922.6774
2026-08-22 03:40:00,2519.35,2519.35,2513.49,2517.75,1843.8058
2026-08-22 03:45:00,2517.74,2519.99,2515.61,2518.33,1316.9099
2026-08-22 03:50:00,2518.33,2523.01,2517.81,2520.01,1200.3428
2026-08-22 03:55:00,2520.01,2520.45,2514.79,2515.06,1256.7032
2026-08-22 04:00:00,2515.06,2518.7,2510.0,2513.96,1521.8323
2026-08-22 04:05:00,2513.96,2518.6,2513.96,2516.56,1943.5779
2026-08-22 04:10:00,2516.56,2520.45,2516.56,2519.83,800.2035
2026-08-22 04:15:00,2519.82,2519.82,2506.05,2508.3,2231.2818
2026-08-22 04:20:00,2508.3,2514.32,2508.3,2511.51,1395.2949
2026-08-22 04:25:00,2511.52,2517.27,2511.01,2517.19,2367.8603
2026-08-22 04:30:00,2517.2,2524.34,2514.39,2522.08,4102.3377
2026-08-22 04:35:00,2522.09,2528.8,2519.25,2522.22,2497.6391
2026-08-22 04:40:00,2522.22,2529.99,2522.22,2527.8,2762.3351
2026-08-22 04:45:00,2527.8,2527.92,2517.65,2518.24,3074.0254
2026-08-22 04:50:00,2518.23,2519.31,2515.93,2518.94,1238.9982
2026-08-22 04:55:00,2518.94,2518.95,2514.23,2514.43,1516.4718
2026-08-22 05:00:00,2514.43,2518.31,2514.11,2516.06,1614.7529
2026-08-22 05:05:00,2516.06,2517.77,2452.94,2452.94,15488.9016
2026-08-22 05:10:00,2452.94,2461.62,2385.0,2445.19,44985.3966
2026-08-22 05:15:00,2445.19,2453.34,2409.48,2436.42,14025.0901
2026-08-22 05:20:00,2436.43,2445.0,2416.87,2432.49,7399.5199
2026-08-22 05:25:00,2432.49,2446.8,2432.1,2438.4,4480.839
2026-08-22 05:30:00,2438.41,2443.32,2423.26,2443.09,4839.1811
2026-08-22 05:35:00,2443.09,2449.22,2432.16,2432.17,3867.4062
2026-08-22 05:40:00,2432.29,2436.28,2425.0,2433.23,3718.8428
2026-08-22 05:45:00,2433.24,2442.6,2428.12,2440.78,2811.4759
2026-08-22 05:50:00,2440.79,2445.9,2432.78,2436.59,2758.4438
2026-08-22 05:55:00,2436.59,2443.28,2434.96,2439.95,2225.9967
2026-08-22 06:00:00,2439.95,2443.68,2436.14,2437.0,1448.9239
2026-08-22 06:05:00,2437.0,2437.17,2429.67,2435.21,2899.0023
2026-08-22 06:10:00,2435.21,2435.83,2427.15,2428.09,1602.0583
2026-08-22 06:15:00,2428.09,2433.9,2427.0,2428.62,2108.1735
2026-08-22 06:20:00,2428.63,2436.99,2428.63,2436.89,1261.513
2026-08-22 06:25:00,2436.89,2437.0,2429.43,2430.09,985.4812
2026-08-22 06:30:00,2430.08,2430.08,2412.18,2417.78,7225.7484
2026-08-22 06:35:00,2417.79,2437.0,2416.0,2434.32,4575.4896
2026-08-22 06:40:00,2434.32,2439.99,2431.11,2431.11,2669.3465
2026-08-22 06:45:00,2431.11,2436.15,2430.98,2435.16,2192.6897
2026-08-22 06:50:00,2435.16,2439.47,2433.36,2435.63,2402.2179
2026-08-22 06:55:00,2435.64,2439.56,2434.52,2437.78,1266.0746
2026-08-22 07:00:00,2437.79,2447.6,2436.14,2446.02,1985.0575
2026-08-22 07:05:00,2446.01,2447.51,2436.39,2437.15,1514.3741
2026-08-22 07:10:00,2437.14,2438.93,2428.07,2434.2,1769.6287
2026-08-22 07:15:00,2434.21,2435.23,2426.8,2429.95,1143.0738
2026-08-22 07:20:00,2429.96,2439.51,2429.96,2439.02,1391.5004
2026-08-22 07:25:00,2439.03,2441.99,2436.6,2441.99,1103.6839
2026-08-22 07:30:00,2441.99,2442.0,2438.4,2440.1,1949.5278
2026-08-22 07:35:00,2440.1,2440.69,2437.4,2438.29,1563.7289
2026-08-22 07:40:00,2438.3,2438.67,2431.75,2436.8,1198.3225
2026-08-22 07:45:00,2436.8,2438.5,2434.06,2435.52,798.808
2026-08-22 07:50:00,2435.52,2438.85,2433.32,2437.43,1948.1027
2026-08-22 07:55:00,2437.44,2438.43,2431.92,2433.31,932.6482
2026-08-22 08:00:00,2433.32,2437.41,2429.57,2429.79,1324.1202
2026-08-22 08:05:00,2429.79,2435.0,2428.76,2433.79,1148.4322
2026-08-22 08:10:00,2433.79,2441.1,2433.79,2439.82,1107.8781
2026-08-22 08:15:00,2439.82,2440.16,2432.99,2433.44,400.8103
2026-08-22 08:20:00,2433.44,2436.77,2432.67,2433.2,1156.775
2026-08-22 08:25:00,2433.19,2433.87,2423.91,2426.64,2551.2242
2026-08-22 08:30:00,2426.64,2426.64,2415.43,2418.71,4355.606
2026-08-22 08:35:00,2418.71,2421.65,2415.0,2420.43,2058.583
2026-08-22 08:40:00,2420.42,2425.8,2412.16,2424.87,2149.4788
2026-08-22 08:45:00,2424.86,2424.86,2417.97,2423.53,1865.139
2026-08-22 08:50:00,2423.53,2424.65,2420.77,2422.01,2016.5103
2026-08-22 08:55:00,2422.01,2426.53,2421.64,2425.74,2324.5054
2026-08-22 09:00:00,2425.74,2426.53,2412.84,2416.8,2767.8845
2026-08-22 09:05:00,2416.79,2424.05,2414.62,2423.35,1848.1353
2026-08-22 09:10:00,2423.34,2428.0,2421.0,2427.9,1150.7136
2026-08-22 09:15:00,2427.91,2429.41,2424.76,2425.91,776.2358
2026-08-22 09:20:00,2425.92,2429.41,2425.02,2425.83,1142.479
2026-08-22 09:25:00,2425.84,2427.36,2422.01,2425.3,1204.3123
2026-08-22 09:30:00,2425.29,2426.62,2423.47,2423.55,1094.6569
2026-08-22 09:35:00,2423.55,2425.49,2420.01,2420.91,988.6559
2026-08-22 09:40:00,2420.92,2424.52,2420.92,2423.1,653.3211
2026-08-22 09:45:00,2423.1,2423.44,2414.66,2417.97,2082.5416
2026-08-22 09:50:00,2417.97,2422.02,2416.0,2417.04,1274.2211
2026-08-22 09:55:00,2417.04,2422.93,2416.73,2421.93,1283.5922
2026-08-22 10:00:00,2421.93,2423.11,2403.43,2414.02,4208.0278
2026-08-22 10:05:00,2414.01,2415.1,2405.99,2407.5,1635.5688
2026-08-22 10:10:00,2407.51,2410.67,2397.99,2400.93,4476.0686
2026-08-22 10:15:00,2400.93,2406.27,2395.76,2395.77,2104.6289
2026-08-22 10:20:00,2395.77,2401.68,2389.45,2394.25,3735.7905
2026-08-22 10:25:00,2394.33,2408.3,2392.75,2406.95,3259.6587
2026-08-22 10:30:00,2406.95,2410.0,2403.03,2405.65,1714.4314
2026-08-22 10:35:00,2405.65,2411.92,2405.65,2410.52,1115.7152
2026-08-22 10:40:00,2410.52,2415.96,2410.17,2415.39,1305.8743
2026-08-22 10:45:00,2415.38,2417.39,2409.84,2412.45,4614.9214
2026-08-22 10:50:00,2412.47,2413.8,2410.89,2412.62,628.7865
2026-08-22 10:55:00,2412.63,2414.17,2408.17,2412.73,1518.4993
2026-08-22 11:00:00,2412.73,2413.79,2405.4,2411.95,1259.7206
2026-08-22 11:05:00,2411.95,2415.77,2408.44,2408.52,952.1131
2026-08-22 11:10:00,2408.52,2411.17,2408.02,2408.02,589.1682
2026-08-22 11:15:00,2408.0,2410.48,2406.66,2408.65,576.4679
2026-08-22 11:20:00,2408.65,2412.88,2408.65,2410.26,676.8739
2026-08-22 11:25:00,2410.26,2415.96,2410.26,2414.48,848.4012
2026-08-22 11:30:00,2414.48,2418.92,2413.08,2418.91,1196.026
2026-08-22 11:35:00,2418.91,2422.42,2417.69,2420.11,1156.1469
2026-08-22 11:40:00,2420.12,2425.41,2420.12,2425.0,1164.3525
2026-08-22 11:45:00,2425.01,2426.73,2421.85,2422.48,1509.0535
2026-08-22 11:50:00,2422.47,2423.53,2420.8,2423.0,873.7916
2026-08-22 11:55:00,2423.01,2425.62,2422.45,2423.93,870.7663
2026-08-22 12:00:00,2423.92,2427.0,2419.1,2423.2,1215.8346
2026-08-22 12:05:00,2423.2,2429.58,2423.19,2428.81,1465.3683
2026-08-22 12:10:00,2428.82,2435.0,2428.79,2433.0,4766.8636
2026-08-22 12:15:00,2433.0,2435.71,2429.7,2434.13,808.0333
2026-08-22 12:20:00,2434.13,2436.0,2432.28,2435.01,843.8108
2026-08-22 12:25:00,2435.01,2437.76,2431.89,2435.37,2668.2602
2026-08-22 12:30:00,2435.37,2437.43,2430.25,2430.85,1482.7273
2026-08-22 12:35:00,2430.85,2433.02,2427.65,2428.57,986.5987
2026-08-22 12:40:00,2428.58,2431.64,2428.07,2431.57,711.3603
2026-08-22 12:45:00,2431.57,2432.5,2429.03,2429.5,759.3996
2026-08-22 12:50:00,2429.51,2430.0,2427.62,2429.16,749.8417
2026-08-22 12:55:00,2429.16,2430.09,2427.09,2428.12,786.4075
2026-08-22 13:00:00,2428.11,2428.88,2424.6,2425.95,1298.0411
2026-08-22 13:05:00,2425.95,2428.5,2425.0,2428.5,1486.2561
2026-08-22 13:10:00,2428.5,2429.21,2426.04,2426.49,595.6171
2026-08-22 13:15:00,2426.49,2429.77,2424.39,2425.14,902.6853
2026-08-22 13:20:00,2425.13,2427.9,2422.27,2426.86,892.7763
2026-08-22 13:25:00,2426.86,2429.98,2425.71,2426.22,857.0738
2026-08-22 13:30:00,2426.23,2428.34,2423.9,2424.91,653.5429
2026-08-22 13:35:00,2424.91,2427.78,2423.55,2424.09,789.578
2026-08-22 13:40:00,2424.09,2425.27,2421.71,2425.27,607.4487
2026-08-22 13:45:00,2425.27,2429.44,2424.43,2428.02,896.3578
2026-08-22 13:50:00,2428.02,2433.25,2428.02,2429.68,1540.364
2026-08-22 13:55:00,2429.68,2430.75,2428.08,2430.09,623.4687
2026-08-22 14:00:00,2430.09,2431.48,2425.47,2426.04,931.4064
2026-08-22 14:05:00,2426.05,2426.96,2414.4,2419.33,2805.7492
2026-08-22 14:10:00,2419.33,2421.63,2417.38,2418.68,875.2855
2026-08-22 14:15:00,2418.68,2420.19,2414.02,2416.89,1014.2468
2026-08-22 14:20:00,2416.9,2418.4,2414.52,2416.61,1033.5074
2026-08-22 14:25:00,2416.62,2421.0,2415.38,2420.99,691.6725
2026-08-22 14:30:00,2420.99,2424.02,2418.13,2423.29,796.008
2026-08-22 14:35:00,2423.3,2424.49,2414.87,2415.86,1356.4087
2026-08-22 14:40:00,2415.87,2418.88,2412.4,2412.41,1480.141
2026-08-22 14:45:00,2412.41,2414.96,2410.06,2411.96,1009.9699
2026-08-22 14:50:00,2411.96,2415.64,2409.36,2409.91,941.164
2026-08-22 14:55:00,2409.91,2415.31,2409.39,2413.94,844.6271
2026-08-22 15:00:00,2413.93,2416.71,2410.2,2413.32,939.7228
2026-08-22 15:05:00,2413.32,2415.42,2407.61,2408.41,1529.3049
2026-08-22 15:10:00,2408.42,2412.42,2406.32,2406.32,921.904
2026-08-22 15:15:00,2406.32,2411.36,2405.81,2408.25,958.8116
2026-08-22 15:20:00,2408.24,2411.87,2405.62,2409.52,1421.1931
2026-08-22 15:25:00,2409.53,2411.65,2408.69,2410.9,1434.5015
2026-08-22 15:30:00,2410.91,2414.78,2410.48,2414.49,975.7101
2026-08-22 15:35:00,2414.49,2414.68,2410.6,2412.51,539.0728
2026-08-22 15:40:00,2412.52,2413.39,2410.1,2412.61,428.6222
2026-08-22 15:45:00,2412.61,2413.94,2410.69,2411.07,436.9402
2026-08-22 15:50:00,2411.07,2412.14,2409.23,2410.35,678.0371
2026-08-22 15:55:00,2410.35,2413.31,2409.4,2410.9,543.9417
2026-08-22 16:00:00,2410.89,2416.19,2410.01,2415.05,985.8037
2026-08-22 16:05:00,2415.05,2415.96,2413.14,2413.15,554.1461
2026-08-22 16:10:00,2413.15,2414.72,2409.0,2414.67,788.163
2026-08-22 16:15:00,2414.67,2420.21,2414.67,2419.4,807.6556
2026-08-22 16:20:00,2419.41,2422.55,2419.0,2421.21,676.6549
2026-08-22 16:25:00,2421.22,2422.15,2419.76,2420.51,440.0612
2026-08-22 16:30:00,2420.51,2422.55,2419.24,2419.24,867.05
2026-08-22 16:35:00,2419.24,2424.29,2419.24,2423.21,1146.1919
2026-08-22 16:40:00,2423.21,2429.0,2423.19,2426.05,1469.8763
2026-08-22 16:45:00,2426.05,2429.94,2425.63,2427.08,1311.4843
2026-08-22 16:50:00,2427.09,2427.71,2422.94,2422.94,854.5444
2026-08-22 16:55:00,2422.95,2424.35,2422.48,2422.63,703.2863
2026-08-22 17:00:00,2422.64,2424.99,2421.84,2423.18,461.382
2026-08-22 17:05:00,2423.19,2425.51,2421.84,2423.75,477.9302
2026-08-22 17:10:00,2423.74,2425.05,2423.39,2424.03,318.9302
2026-08-22 17:15:00,2424.04,2428.83,2424.04,2428.71,316.9013
2026-08-22 17:20:00,2428.71,2428.83,2424.43,2425.38,916.8007
2026-08-22 17:25:00,2425.37,2425.82,2417.27,2419.19,1258.2398
2026-08-22 17:30:00,2419.2,2424.37,2419.2,2423.42,416.4313
2026-08-22 17:35:00,2423.43,2425.47,2421.47,2421.47,368.1852
2026-08-22 17:40:00,2421.47,2425.34,2421.34,2424.85,890.7237
2026-08-22 17:45:00,2424.85,2426.99,2423.74,2426.32,490.5287
2026-08-22 17:50:00,2426.33,2431.55,2426.32,2428.12,1059.3862
2026-08-22 17:55:00,2428.13,2428.38,2426.05,2426.32,337.7219
2026-08-22 18:00:00,2426.33,2429.55,2426.11,2429.27,628.6383
2026-08-22 18:05:00,2429.28,2430.98,2426.74,2426.74,298.9383
2026-08-22 18:10:00,2426.74,2428.39,2425.36,2427.04,294.3061
2026-08-22 18:15:00,2427.04,2429.99,2426.82,2428.75,398.2043
2026-08-22 18:20:00,2428.75,2434.33,2428.54,2431.17,1071.5201
2026-08-22 18:25:00,2431.18,2434.49,2430.21,2431.21,732.6064
2026-08-22 18:30:00,2431.2,2434.12,2430.39,2433.63,695.2789
2026-08-22 18:35:00,2433.62,2433.62,2428.8,2429.2,558.4245
2026-08-22 18:40:00,2429.2,2430.66,2426.6,2426.61,680.1911
2026-08-22 18:45:00,2426.6,2428.63,2424.61,2426.45,1178.9254
2026-08-22 18:50:00,2426.45,2426.54,2421.76,2424.71,809.6457
2026-08-22 18:55:00,2424.71,2427.74,2424.69,2427.13,382.4528
2026-08-22 19:00:00,2427.13,2428.08,2426.05,2426.47,457.2183
2026-08-22 19:05:00,2426.46,2427.41,2423.98,2427.2,748.267
2026-08-22 19:10:00,2427.21,2430.3,2426.69,2429.51,703.8868
2026-08-22 19:15:00,2429.51,2431.0,2427.47,2429.0,1200.2447
2026-08-22 19:20:00,2429.0,2429.58,2427.3,2428.17,767.8569
2026-08-22 19:25:00,2428.17,2429.5,2427.06,2428.69,1039.3873
2026-08-22 19:30:00,2428.69,2432.0,2428.68,2431.38,897.283
2026-08-22 19:35:00,2431.37,2432.11,2430.68,2431.77,184.4092
2026-08-22 19:40:00,2431.77,2435.02,2431.77,2435.01,676.5626
2026-08-22 19:45:00,2435.0,2439.4,2433.75,2438.17,2033.1257
2026-08-22 19:50:00,2438.17,2444.71,2437.6,2442.83,2292.9842
2026-08-22 19:55:00,2442.84,2442.84,2438.9,2439.41,1155.9974
2026-08-22 20:00:00,2439.41,2442.0,2436.77,2438.99,1619.1231
2026-08-22 20:05:00,2439.0,2442.18,2437.94,2441.3,595.3389
2026-08-22 20:10:00,2441.3,2443.72,2441.29,2441.3,1115.8095
2026-08-22 20:15:00,2441.29,2441.96,2439.58,2439.87,1168.7071
2026-08-22 20:20:00,2439.86,2439.9,2437.56,2437.97,710.9642
2026-08-22 20:25:00,2437.97,2439.97,2437.91,2437.91,348.3973
2026-08-22 20:30:00,2437.91,2438.2,2435.24,2435.94,465.9896
2026-08-22 20:35:00,2435.94,2438.63,2435.41,2438.63,323.908
2026-08-22 20:40:00,2438.63,2439.6,2435.4,2436.66,383.4279
2026-08-22 20:45:00,2436.66,2437.5,2435.41,2435.88,437.1183
2026-08-22 20:50:00,2435.89,2436.47,2435.54,2435.54,187.2717
2026-08-22 20:55:00,2435.53,2435.53,2429.38,2431.84,1055.9431
2026-08-22 21:00:00,2431.83,2431.95,2417.0,2420.18,1904.8158
2026-08-22 21:05:00,2420.19,2423.42,2419.21,2422.4,1276.9656
2026-08-22 21:10:00,2422.4,2422.51,2412.35,2412.73,1910.6455
2026-08-22 21:15:00,2412.73,2419.58,2412.73,2419.58,1187.7414
2026-08-22 21:20:00,2419.58,2421.67,2417.0,2418.74,1068.4768
2026-08-22 21:25:00,2418.73,2422.14,2417.66,2421.82,664.3196
2026-08-22 21:30:00,2421.83,2422.86,2415.17,2418.11,1117.0784
2026-08-22 21:35:00,2418.11,2418.12,2410.68,2413.08,1269.416
2026-08-22 21:40:00,2413.08,2416.57,2408.47,2416.44,2134.9999
2026-08-22 21:45:00,2416.45,2416.45,2410.08,2412.31,864.0473
2026-08-22 21:50:00,2412.32,2413.01,2407.66,2409.15,1490.8267
2026-08-22 21:55:00,2409.16,2409.45,2403.47,2407.54,1652.4579
2026-08-22 22:00:00,2407.54,2413.42,2404.35,2410.79,2177.5441
2026-08-22 22:05:00,2410.78,2421.42,2410.56,2419.11,1973.7221
2026-08-22 22:10:00,2419.1,2421.27,2416.4,2419.89,913.8903
2026-08-22 22:15:00,2419.88,2421.35,2417.47,2418.09,779.7826
2026-08-22 22:20:00,2418.1,2422.39,2418.09,2422.21,559.4968
2026-08-22 22:25:00,2422.22,2425.14,2422.15,2423.16,735.6305
2026-08-22 22:30:00,2423.16,2423.48,2408.51,2414.28,2298.239
2026-08-22 22:35:00,2414.29,2418.04,2413.0,2414.03,908.2391
2026-08-22 22:40:00,2414.04,2416.57,2413.78,2414.61,394.4496
2026-08-22 22:45:00,2414.62,2416.99,2414.08,2414.89,654.7806
2026-08-22 22:50:00,2414.88,2418.36,2413.93,2416.03,748.0453
2026-08-22 22:55:00,2416.04,2416.58,2411.91,2414.16,481.0663
2026-08-22 23:00:00,2414.17,2415.92,2410.82,2415.75,519.7895
2026-08-22 23:05:00,2415.74,2417.0,2414.69,2415.86,680.187
2026-08-22 23:10:00,2415.85,2416.51,2413.69,2415.42,510.8411
2026-08-22 23:15:00,2415.42,2416.93,2414.17,2416.92,402.0625
2026-08-22 23:20:00,2416.92,2420.0,2416.92,2419.14,535.615
2026-08-22 23:25:00,2419.14,2420.4,2417.1,2417.67,748.3243
2026-08-22 23:30:00,2417.67,2419.25,2415.57,2415.8,468.9273
2026-08-22 23:35:00,2415.8,2420.93,2415.57,2420.5,784.5005
2026-08-22 23:40:00,2420.5,2422.07,2420.23,2421.27,666.878
2026-08-22 23:45:00,2421.27,2425.31,2420.95,2425.31,637.2527
2026-08-22 23:50:00,2425.3,2427.9,2424.08,2426.08,1758.5757
2026-08-22 23:55:00,2426.08,2426.2,2422.6,2422.6,402.4187
2026-08-23 00:00:00,2422.6,2425.63,2422.59,2424.03,667.1111
2026-08-23 00:05:00,2424.03,2424.87,2422.95,2423.3,516.9032
2026-08-23 00:10:00,2423.29,2423.4,2419.99,2420.98,695.1485
2026-08-23 00:15:00,2420.97,2422.67,2419.67,2420.9,583.6291
2026-08-23 00:20:00,2420.9,2429.72,2420.61,2427.86,1918.0273
2026-08-23 00:25:00,2427.86,2429.34,2425.32,2426.76,886.5898
2026-08-23 00:30:00,2426.76,2428.74,2426.22,2427.73,493.659
2026-08-23 00:35:00,2427.73,2434.0,2426.16,2430.31,1317.6948
2026-08-23 00:40:00,2430.32,2431.56,2426.95,2427.43,714.6382
2026-08-23 00:45:00,2427.43,2432.47,2426.71,2431.61,1120.1544
2026-08-23 00:50:00,2431.61,2435.53,2430.46,2434.09,1066.4997
2026-08-23 00:55:00,2434.09,2435.48,2430.95,2430.96,1143.5751
2026-08-23 01:00:00,2430.96,2431.02,2424.63,2425.19,922.117
2026-08-23 01:05:00,2425.2,2428.88,2424.67,2427.41,801.6969
2026-08-23 01:10:00,2427.41,2430.74,2426.43,2430.19,384.5696
2026-08-23 01:15:00,2430.19,2430.19,2425.86,2427.2,376.4089
2026-08-23 01:20:00,2427.21,2433.34,2427.07,2432.31,1086.1131
2026-08-23 01:25:00,2432.3,2432.3,2429.28,2429.98,292.7622
2026-08-23 01:30:00,2429.98,2433.16,2420.92,2424.86,1593.9563
2026-08-23 01:35:00,2424.87,2426.98,2423.67,2426.48,545.6672
2026-08-23 01:40:00,2426.48,2427.76,2422.53,2426.51,792.4268
2026-08-23 01:45:00,2426.5,2429.83,2425.55,2426.63,717.6092
2026-08-23 01:50:00,2426.56,2429.85,2425.13,2428.74,847.7688
2026-08-23 01:55:00,2428.74,2428.74,2420.35,2423.25,1316.3195
2026-08-23 02:00:00,2423.26,2424.49,2420.74,2420.74,435.2546
2026-08-23 02:05:00,2420.75,2420.99,2418.11,2419.07,512.295
2026-08-23 02:10:00,2419.06,2420.0,2413.48,2413.84,847.1337
2026-08-23 02:15:00,2413.84,2419.6,2413.83,2416.81,544.1382
2026-08-23 02:20:00,2416.82,2417.29,2408.0,2413.2,1650.6594
2026-08-23 02:25:00,2413.19,2416.52,2413.19,2416.17,406.4258
2026-08-23 02:30:00,2416.16,2420.55,2415.51,2419.97,408.7057
2026-08-23 02:35:00,2419.96,2420.92,2418.05,2419.23,367.2207
2026-08-23 02:40:00,2419.24,2420.29,2417.74,2419.07,289.9162
2026-08-23 02:45:00,2419.07,2422.02,2418.21,2420.88,273.7676
2026-08-23 02:50:00,2420.88,2424.47,2416.58,2416.68,1232.0983
2026-08-23 02:55:00,2416.69,2417.96,2416.26,2416.95,178.5143
2026-08-23 03:00:00,2416.96,2418.28,2415.45,2416.23,602.1977
2026-08-23 03:05:00,2416.23,2416.68,2413.37,2414.43,437.414
2026-08-23 03:10:00,2414.43,2418.34,2413.38,2417.22,438.0421
2026-08-23 03:15:00,2417.21,2419.05,2415.95,2416.99,467.9937
2026-08-23 03:20:00,2416.98,2416.98,2412.18,2413.44,743.0393
2026-08-23 03:25:00,2413.45,2415.23,2413.26,2413.26,324.1991
2026-08-23 03:30:00,2413.26,2413.53,2408.69,2411.02,868.6022
2026-08-23 03:35:00,2411.02,2413.0,2410.0,2410.64,491.1277
2026-08-23 03:40:00,2410.65,2411.42,2408.4,2409.99,526.0365
2026-08-23 03:45:00,2409.99,2413.9,2409.99,2413.62,487.6981
2026-08-23 03:50:00,2413.62,2414.57,2412.37,2414.02,463.0849
2026-08-23 03:55:00,2414.03,2414.19,2412.34,2413.98,468.4908
2026-08-23 04:00:00,2413.98,2417.02,2409.12,2409.12,862.7744
2026-08-23 04:05:00,2409.13,2412.34,2402.0,2407.29,2377.9191
2026-08-23 04:10:00,2407.29,2415.0,2406.71,2414.23,952.2484
2026-08-23 04:15:00,2414.24,2416.15,2406.33,2406.34,1610.2586
2026-08-23 04:20:00,2406.34,2409.9,2404.11,2409.89,1296.6195
2026-08-23 04:25:00,2409.89,2412.0,2409.89,2410.59,468.8162
2026-08-23 04:30:00,2410.59,2410.83,2403.59,2405.2,689.5408
2026-08-23 04:35:00,2405.2,2406.82,2401.81,2406.2,1116.4787
2026-08-23 04:40:00,2406.19,2407.25,2401.81,2402.46,1456.7592
2026-08-23 04:45:00,2402.46,2403.02,2372.17,2375.96,9620.4004
2026-08-23 04:50:00,2375.96,2389.95,2375.38,2386.25,3195.0948
2026-08-23 04:55:00,2386.24,2387.12,2377.79,2378.66,2065.169
2026-08-23 05:00:00,2378.67,2384.8,2373.81,2378.49,2757.5281
2026-08-23 05:05:00,2378.48,2380.9,2363.26,2372.6,4711.3062
2026-08-23 05:10:00,2372.58,2377.21,2365.79,2366.41,2371.7423
2026-08-23 05:15:00,2366.49,2379.6,2355.71,2379.43,5285.1208
2026-08-23 05:20:00,2379.43,2384.67,2376.08,2383.77,2583.1013
2026-08-23 05:25:00,2383.77,2387.0,2380.14,2380.27,1512.6104
2026-08-23 05:30:00,2380.26,2384.17,2379.36,2380.78,956.867
2026-08-23 05:35:00,2380.78,2383.06,2373.18,2375.62,1185.405
2026-08-23 05:40:00,2375.63,2379.28,2373.57,2376.79,666.7692
2026-08-23 05:45:00,2376.78,2378.62,2375.0,2376.56,559.9629
2026-08-23 05:50:00,2376.57,2378.22,2373.25,2376.59,701.603
2026-08-23 05:55:00,2376.58,2376.96,2372.53,2372.99,543.6587
2026-08-23 06:00:00,2372.99,2376.02,2370.0,2375.21,1924.5673
2026-08-23 06:05:00,2375.22,2376.17,2369.29,2370.83,1105.7805
2026-08-23 06:10:00,2370.83,2380.0,2369.91,2379.33,1396.2089
2026-08-23 06:15:00,2379.33,2388.86,2378.44,2388.07,2046.2571
2026-08-23 06:20:00,2388.06,2392.66,2385.6,2388.94,1943.4556
2026-08-23 06:25:00,2388.93,2390.58,2385.98,2390.11,1254.5136
2026-08-23 06:30:00,2390.11,2396.67,2389.74,2393.42,1221.0651
2026-08-23 06:35:00,2393.42,2393.77,2387.55,2389.32,1249.4055
2026-08-23 06:40:00,2389.32,2393.94,2389.32,2392.04,1338.4749
2026-08-23 06:45:00,2392.04,2393.31,2388.77,2390.45,1244.325
2026-08-23 06:50:00,2390.46,2390.8,2387.22,2388.23,1254.5889
2026-08-23 06:55:00,2388.23,2390.0,2386.36,2389.99,1202.2944
2026-08-23 07:00:00,2389.99,2390.79,2387.92,2390.15,1273.7074
2026-08-23 07:05:00,2390.15,2394.66,2389.68,2392.56,813.5702
2026-08-23 07:10:00,2392.55,2396.78,2392.07,2394.73,820.64
2026-08-23 07:15:00,2394.73,2397.2,2394.48,2396.4,749.1202
2026-08-23 07:20:00,2396.4,2396.41,2392.39,2393.68,508.4183
2026-08-23 07:25:00,2393.69,2395.81,2392.08,2393.23,624.7206
2026-08-23 07:30:00,2393.24,2393.27,2389.92,2389.93,696.3225
2026-08-23 07:35:00,2389.93,2391.0,2388.66,2391.0,937.1482
2026-08-23 07:40:00,2391.0,2391.33,2389.31,2389.74,1019.7811
2026-08-23 07:45:00,2389.75,2391.52,2387.55,2390.74,1113.0776
2026-08-23 07:50:00,2390.74,2393.48,2389.71,2390.78,682.2111
2026-08-23 07:55:00,2390.78,2390.78,2386.84,2389.02,887.2675
2026-08-23 08:00:00,2389.01,2390.19,2386.96,2390.19,1279.4085
2026-08-23 08:05:00,2390.19,2409.3,2389.56,2408.01,4737.969
2026-08-23 08:10:00,2408.01,2413.68,2404.78,2407.04,3250.1849
2026-08-23 08:15:00,2407.04,2411.15,2405.82,2407.83,1111.0452
2026-08-23 08:20:00,2407.84,2408.25,2405.42,2406.76,486.4745
2026-08-23 08:25:00,2406.75,2407.7,2405.41,2406.79,445.2366
2026-08-23 08:30:00,2406.79,2419.27,2406.79,2414.48,2377.9424
2026-08-23 08:35:00,2414.41,2422.0,2412.57,2418.12,2348.0118
2026-08-23 08:40:00,2418.12,2426.03,2417.15,2419.71,2049.1633
2026-08-23 08:45:00,2419.7,2421.66,2415.2,2415.21,964.7257
2026-08-23 08:50:00,2415.2,2417.59,2414.23,2415.66,527.535
2026-08-23 08:55:00,2415.65,2416.0,2410.86,2412.46,1129.9483
2026-08-23 09:00:00,2412.45,2416.17,2410.64,2415.09,747.9231
2026-08-23 09:05:00,2415.08,2415.92,2412.66,2413.3,377.3329
2026-08-23 09:10:00,2413.3,2413.85,2411.82,2412.97,504.8768
2026-08-23 09:15:00,2412.98,2413.61,2410.98,2411.99,443.5556
2026-08-23 09:20:00,2412.0,2412.0,2407.26,2408.12,1332.4836
2026-08-23 09:25:00,2408.13,2412.05,2408.13,2410.72,603.6523
2026-08-23 09:30:00,2410.72,2410.72,2407.11,2407.7,265.3804
2026-08-23 09:35:00,2407.71,2409.28,2404.51,2409.28,1030.4959
2026-08-23 09:40:00,2409.28,2412.41,2409.28,2411.8,874.7243
2026-08-23 09:45:00,2411.8,2415.0,2410.0,2414.06,1744.4878
2026-08-23 09:50:00,2414.05,2415.7,2413.58,2413.83,576.5442
2026-08-23 09:55:00,2413.83,2414.28,2411.2,2411.2,833.7471
2026-08-23 10:00:00,2411.2,2414.5,2410.84,2413.86,516.2187
2026-08-23 10:05:00,2413.86,2417.14,2413.86,2414.17,801.6604
2026-08-23 10:10:00,2414.17,2415.01,2411.95,2414.02,667.5853
2026-08-23 10:15:00,2414.02,2415.68,2414.01,2414.97,662.6067
2026-08-23 10:20:00,2414.97,2420.89,2414.78,2417.16,1151.1185
2026-08-23 10:25:00,2417.18,2418.12,2413.22,2413.54,729.1599
2026-08-23 10:30:00,2413.54,2417.72,2412.81,2417.4,499.6714
2026-08-23 10:35:00,2417.41,2418.12,2415.59,2415.81,541.8003
2026-08-23 10:40:00,2415.81,2417.2,2415.01,2416.57,384.3897
2026-08-23 10:45:00,2416.57,2417.48,2416.09,2416.42,489.4787
2026-08-23 10:50:00,2416.42,2417.64,2415.56,2416.11,286.9945
2026-08-23 10:55:00,2416.11,2416.22,2414.18,2415.15,326.6936
2026-08-23 11:00:00,2415.15,2418.2,2414.82,2414.9,545.9629
2026-08-23 11:05:00,2414.9,2418.88,2414.9,2417.77,374.8673
2026-08-23 11:10:00,2417.77,2420.77,2417.11,2420.21,467.6484
2026-08-23 11:15:00,2420.21,2423.66,2417.72,2423.54,929.2412
2026-08-23 11:20:00,2423.55,2433.0,2423.13,2432.3,3814.7688
2026-08-23 11:25:00,2432.29,2432.55,2426.92,2427.43,1063.912
2026-08-23 11:30:00,2427.43,2430.99,2426.0,2429.7,1167.8078
2026-08-23 11:35:00,2429.7,2438.31,2429.67,2437.8,1901.6288
2026-08-23 11:40:00,2437.8,2438.31,2433.16,2433.8,1711.7453
2026-08-23 11:45:00,2433.8,2433.97,2428.02,2428.62,903.6967
2026-08-23 11:50:00,2428.62,2432.55,2428.35,2431.2,614.5901
2026-08-23 11:55:00,2431.21,2434.31,2429.41,2433.68,1559.8707
2026-08-23 12:00:00,2433.67,2433.68,2427.4,2427.42,913.6742
2026-08-23 12:05:00,2427.41,2428.44,2421.7,2425.18,1661.5615
2026-08-23 12:10:00,2425.19,2426.33,2419.15,2422.9,1678.637
2026-08-23 12:15:00,2422.89,2424.48,2421.11,2423.94,460.9869
2026-08-23 12:20:00,2423.93,2424.85,2423.16,2423.3,373.0986
2026-08-23 12:25:00,2423.31,2423.5,2420.73,2423.05,549.0759
2026-08-23 12:30:00,2423.05,2425.51,2422.41,2424.64,880.0787
2026-08-23 12:35:00,2424.63,2425.76,2422.7,2425.76,673.4881
2026-08-23 12:40:00,2425.76,2429.89,2425.75,2428.21,677.5868
2026-08-23 12:45:00,2428.21,2428.22,2425.0,2425.62,395.4864
2026-08-23 12:50:00,2425.61,2426.64,2424.26,2425.08,200.5886
2026-08-23 12:55:00,2425.08,2427.47,2425.08,2427.05,230.98
2026-08-23 13:00:00,2427.05,2428.91,2427.0,2428.28,371.3958
2026-08-23 13:05:00,2428.28,2431.17,2428.03,2430.68,527.5894
2026-08-23 13:10:00,2430.68,2432.9,2430.68,2432.23,627.5382
2026-08-23 13:15:00,2432.23,2484.06,2432.04,2469.3,13164.9378
2026-08-23 13:20:00,2469.31,2470.83,2453.13,2463.38,7764.0987
2026-08-23 13:25:00,2463.37,2463.38,2451.68,2454.33,4576.2887
2026-08-23 13:30:00,2454.32,2459.02,2449.51,2454.34,2918.7829
2026-08-23 13:35:00,2454.34,2458.87,2449.51,2457.15,2156.9119
2026-08-23 13:40:00,2457.15,2459.09,2453.18,2456.04,2350.5258
2026-08-23 13:45:00,2456.04,2458.66,2451.74,2452.56,1866.3484
2026-08-23 13:50:00,2452.56,2457.23,2451.81,2456.4,1375.7975
2026-08-23 13:55:00,2456.41,2460.27,2455.74,2459.75,2283.0445
2026-08-23 14:00:00,2459.75,2465.0,2458.23,2463.87,2189.48
2026-08-23 14:05:00,2463.86,2464.99,2453.44,2459.0,3093.0422
2026-08-23 14:10:00,2459.01,2469.3,2458.92,2464.19,2337.2657
2026-08-23 14:15:00,2464.2,2467.65,2461.59,2461.6,1967.0903
2026-08-23 14:20:00,2461.6,2464.29,2455.25,2456.8,1416.5319
2026-08-23 14:25:00,2456.8,2459.59,2456.0,2456.45,1051.5722
2026-08-23 14:30:00,2456.45,2457.66,2452.64,2453.66,1169.7833
2026-08-23 14:35:00,2453.67,2455.34,2452.13,2452.96,921.5728
2026-08-23 14:40:00,2452.96,2454.24,2389.85,2420.6,17605.0165
2026-08-23 14:45:00,2420.61,2436.15,2420.53,2433.59,4110.0462
2026-08-23 14:50:00,2433.59,2448.13,2431.42,2445.52,4080.3735
2026-08-23 14:55:00,2445.5,2445.5,2435.17,2438.95,1765.6057
2026-08-23 15:00:00,2438.95,2439.94,2426.17,2436.7,3105.1436
2026-08-23 15:05:00,2436.71,2441.07,2436.42,2439.07,1114.2243
2026-08-23 15:10:00,2439.06,2439.06,2432.41,2433.42,844.6891
2026-08-23 15:15:00,2433.43,2434.53,2421.87,2427.61,2244.7789
2026-08-23 15:20:00,2427.61,2437.06,2425.01,2435.42,1817.4932
2026-08-23 15:25:00,2435.42,2438.99,2435.42,2437.22,1004.3995
2026-08-23 15:30:00,2437.21,2443.86,2435.46,2437.18,1388.356
2026-08-23 15:35:00,2437.18,2444.3,2437.17,2444.27,948.1265
2026-08-23 15:40:00,2444.28,2452.86,2443.37,2446.68,1892.054
2026-08-23 15:45:00,2446.68,2449.01,2443.77,2445.5,1283.7661
2026-08-23 15:50:00,2445.5,2445.5,2441.39,2441.88,795.0108
2026-08-23 15:55:00,2441.87,2443.58,2436.25,2438.62,1037.6929
2026-08-23 16:00:00,2438.61,2445.3,2438.61,2444.11,820.5989
2026-08-23 16:05:00,2444.11,2445.06,2441.86,2441.86,290.6331
2026-08-23 16:10:00,2441.86,2446.83,2441.67,2444.76,950.8
2026-08-23 16:15:00,2444.76,2445.9,2442.19,2442.45,820.0113
2026-08-23 16:20:00,2442.45,2445.9,2441.53,2444.45,360.126
2026-08-23 16:25:00,2444.45,2446.84,2443.51,2446.83,476.0192
2026-08-23 16:30:00,2446.83,2453.6,2444.98,2449.93,1292.3017
2026-08-23 16:35:00,2449.93,2450.94,2446.08,2447.07,664.0869
2026-08-23 16:40:00,2447.08,2449.04,2446.27,2446.49,341.8991
2026-08-23 16:45:00,2446.49,2449.83,2445.53,2449.1,722.5673
2026-08-23 16:50:00,2449.11,2459.22,2449.11,2452.48,2441.3263
2026-08-23 16:55:00,2452.47,2453.93,2450.44,2450.56,629.323
2026-08-23 17:00:00,2450.56,2454.3,2432.81,2441.97,2641.4873
2026-08-23 17:05:00,2441.97,2450.94,2441.19,2450.93,1094.2235
2026-08-23 17:10:00,2450.93,2451.19,2446.97,2447.57,542.7067
2026-08-23 17:15:00,2447.57,2449.14,2438.56,2448.98,2275.0009
2026-08-23 17:20:00,2448.99,2450.0,2444.29,2444.29,648.7142
2026-08-23 17:25:00,2444.3,2445.14,2439.07,2441.26,1084.2348
2026-08-23 17:30:00,2441.25,2441.25,2434.24,2440.57,1062.7126
2026-08-23 17:35:00,2440.57,2444.36,2440.21,2440.48,616.0715
2026-08-23 17:40:00,2440.48,2441.76,2437.64,2438.8,727.8618
2026-08-23 17:45:00,2438.8,2446.59,2438.56,2440.73,1606.7585
2026-08-23 17:50:00,2440.72,2442.21,2439.45,2439.46,830.8758
2026-08-23 17:55:00,2439.46,2441.76,2438.88,2440.12,276.3593
2026-08-23 18:00:00,2440.11,2441.0,2438.79,2439.76,463.1768
2026-08-23 18:05:00,2439.77,2440.2,2434.83,2440.2,1387.3956
2026-08-23 18:10:00,2440.19,2449.26,2439.73,2445.16,1173.3811
2026-08-23 18:15:00,2445.15,2448.68,2444.23,2444.77,880.603
2026-08-23 18:20:00,2444.77,2447.54,2443.99,2446.0,482.4417
2026-08-23 18:25:00,2445.99,2448.61,2445.53,2446.58,454.7732
2026-08-23 18:30:00,2446.58,2447.11,2444.24,2444.24,522.0654
2026-08-23 18:35:00,2444.24,2448.29,2444.24,2445.88,779.8089
2026-08-23 18:40:00,2445.88,2448.52,2445.87,2447.54,366.7179
2026-08-23 18:45:00,2447.54,2447.63,2444.96,2446.14,409.9054
2026-08-23 18:50:00,2446.15,2447.15,2445.1,2446.84,552.409
2026-08-23 18:55:00,2446.84,2449.27,2446.83,2448.68,514.0171
2026-08-23 19:00:00,2448.68,2450.21,2446.63,2447.56,813.5035
2026-08-23 19:05:00,2447.56,2447.93,2445.54,2445.54,370.453
2026-08-23 19:10:00,2445.53,2445.55,2441.22,2443.26,700.3412
2026-08-23 19:15:00,2443.27,2444.78,2441.38,2444.6,582.5514
2026-08-23 19:20:00,2444.6,2444.95,2443.47,2443.63,383.53
2026-08-23 19:25:00,2443.64,2443.84,2441.54,2443.04,295.6202
2026-08-23 19:30:00,2443.04,2443.04,2437.44,2442.89,1051.5607
2026-08-23 19:35:00,2442.89,2445.0,2441.84,2445.0,472.623
2026-08-23 19:40:00,2444.99,2448.16,2444.68,2448.13,613.0112
2026-08-23 19:45:00,2448.13,2454.16,2448.01,2449.95,1358.0305
2026-08-23 19:50:00,2449.95,2449.96,2447.33,2447.34,319.2992
2026-08-23 19:55:00,2447.33,2447.34,2444.95,2444.96,386.2639
2026-08-23 20:00:00,2444.95,2444.95,2436.41,2437.3,1562.6127
2026-08-23 20:05:00,2437.29,2440.45,2436.71,2440.44,436.0979
2026-08-23 20:10:00,2440.45,2442.15,2440.44,2441.46,321.6731
2026-08-23 20:15:00,2441.45,2442.85,2440.78,2442.73,398.3172
2026-08-23 20:20:00,2442.73,2447.38,2442.73,2447.37,408.7761
2026-08-23 20:25:00,2447.37,2449.01,2445.34,2445.62,557.1
2026-08-23 20:30:00,2445.62,2448.74,2445.62,2447.28,331.8721
2026-08-23 20:35:00,2447.28,2448.99,2446.65,2448.89,397.2074
2026-08-23 20:40:00,2448.89,2450.0,2447.84,2449.69,414.9067
2026-08-23 20:45:00,2449.69,2449.69,2446.6,2448.1,1033.5973
2026-08-23 20:50:00,2448.1,2450.0,2448.06,2449.24,908.7296
2026-08-23 20:55:00,2449.24,2450.72,2449.03,2450.48,952.1848
2026-08-23 21:00:00,2450.48,2466.48,2450.47,2466.17,4246.1059
2026-08-23 21:05:00,2466.17,2469.52,2459.82,2465.48,2810.2275
2026-08-23 21:10:00,2465.47,2467.07,2461.83,2466.17,1817.2302
2026-08-23 21:15:00,2466.18,2476.12,2466.12,2474.24,4843.0141
2026-08-23 21:20:00,2474.24,2475.37,2468.24,2470.53,1085.7191
2026-08-23 21:25:00,2470.54,2479.81,2468.43,2477.04,2289.0356
2026-08-23 21:30:00,2477.03,2484.62,2477.02,2478.67,2770.5081
2026-08-23 21:35:00,2478.68,2478.68,2459.49,2461.7,4102.4742
2026-08-23 21:40:00,2461.71,2464.3,2460.12,2461.38,1235.6901
2026-08-23 21:45:00,2461.38,2468.21,2461.38,2467.52,849.226
2026-08-23 21:50:00,2467.53,2478.96,2466.61,2473.97,1817.6154
2026-08-23 21:55:00,2473.97,2474.24,2466.22,2469.97,957.8507
2026-08-23 22:00:00,2469.96,2474.53,2455.04,2459.86,3098.9121
2026-08-23 22:05:00,2459.86,2463.25,2456.86,2462.61,1542.0829
2026-08-23 22:10:00,2462.6,2465.55,2460.33,2463.58,1009.7181
2026-08-23 22:15:00,2463.57,2466.34,2458.24,2464.6,1753.5485
2026-08-23 22:20:00,2464.59,2465.29,2461.96,2463.99,981.4833
2026-08-23 22:25:00,2463.99,2467.29,2460.27,2460.35,662.5884
2026-08-23 22:30:00,2460.34,2463.12,2457.59,2460.1,918.8634
2026-08-23 22:35:00,2460.11,2461.9,2456.15,2461.14,656.1145
2026-08-23 22:40:00,2461.14,2461.76,2456.58,2459.13,724.2246
2026-08-23 22:45:00,2459.12,2461.0,2456.03,2460.88,761.119
2026-08-23 22:50:00,2460.89,2461.1,2456.48,2457.04,1389.6007
2026-08-23 22:55:00,2457.04,2457.48,2451.89,2455.05,1678.3855
2026-08-23 23:00:00,2455.04,2455.69,2446.65,2449.46,1708.0448
2026-08-23 23:05:00,2449.47,2452.11,2441.78,2451.94,2672.2415
2026-08-23 23:10:00,2451.94,2454.38,2446.02,2448.69,1353.3105
2026-08-23 23:15:00,2448.69,2457.45,2447.99,2454.24,1383.1095
2026-08-23 23:20:00,2454.25,2454.72,2449.71,2450.94,762.9686
2026-08-23 23:25:00,2450.94,2459.48,2448.8,2458.49,1196.4456
2026-08-23 23:30:00,2458.49,2471.02,2458.05,2461.5,3147.5381
2026-08-23 23:35:00,2461.51,2464.13,2454.14,2455.97,1224.7498
2026-08-23 23:40:00,2455.98,2457.48,2448.85,2454.07,1395.4543
2026-08-23 23:45:00,2454.08,2457.84,2453.72,2457.84,436.8666
2026-08-23 23:50:00,2457.83,2466.29,2457.83,2462.12,1589.4888
2026-08-23 23:55:00,2462.11,2465.42,2461.92,2463.41,565.0275
2026-08-24 00:00:00,2463.42,2464.0,2456.71,2457.54,1519.3286
2026-08-24 00:05:00,2457.53,2461.1,2452.85,2460.89,1116.199
2026-08-24 00:10:00,2460.88,2461.32,2457.27,2458.89,499.7937
2026-08-24 00:15:00,2458.89,2459.7,2453.0,2456.58,958.5276
2026-08-24 00:20:00,2456.58,2456.6,2450.12,2451.41,2147.1777
2026-08-24 00:25:00,2451.4,2451.78,2443.9,2451.28,1562.6183
2026-08-24 00:30:00,2451.29,2456.92,2450.0,2456.89,662.1047
2026-08-24 00:35:00,2456.89,2460.0,2451.8,2452.23,1017.1335
2026-08-24 00:40:00,2452.24,2453.56,2444.08,2445.67,835.0562
2026-08-24 00:45:00,2445.68,2453.93,2442.35,2452.2,1518.7953
2026-08-24 00:50:00,2452.21,2458.58,2451.66,2458.36,776.1385
2026-08-24 00:55:00,2458.36,2465.9,2456.41,2465.11,1312.8414
2026-08-24 01:00:00,2465.11,2466.98,2458.58,2463.04,1478.2536
2026-08-24 01:05:00,2463.05,2464.29,2453.88,2454.91,1157.9471
2026-08-24 01:10:00,2454.93,2459.53,2453.9,2453.9,473.477
2026-08-24 01:15:00,2453.89,2454.1,2449.46,2451.47,1054.5152
2026-08-24 01:20:00,2451.47,2451.77,2442.51,2444.06,2325.6137
2026-08-24 01:25:00,2444.05,2449.19,2443.95,2444.61,930.4414
2026-08-24 01:30:00,2444.61,2449.7,2442.75,2449.29,828.9686
2026-08-24 01:35:00,2449.29,2449.67,2434.72,2440.42,2892.6721
2026-08-24 01:40:00,2440.42,2442.1,2438.41,2439.31,906.1219
2026-08-24 01:45:00,2439.31,2441.24,2435.23,2437.36,863.7165
2026-08-24 01:50:00,2437.35,2438.0,2433.5,2436.8,1283.2746
2026-08-24 01:55:00,2436.79,2437.14,2427.27,2429.4,3008.9877
2026-08-24 02:00:00,2429.4,2435.37,2424.73,2435.25,2445.8156
2026-08-24 02:05:00,2435.2,2437.8,2432.39,2435.99,1227.7305
2026-08-24 02:10:00,2435.99,2446.13,2434.33,2444.15,1272.2444
2026-08-24 02:15:00,2444.16,2449.85,2444.16,2449.84,1089.1773
2026-08-24 02:20:00,2449.84,2450.0,2445.63,2447.66,779.9388
2026-08-24 02:25:00,2447.66,2449.08,2445.83,2447.51,626.5313
2026-08-24 02:30:00,2447.52,2451.77,2446.96,2449.24,1049.3842
2026-08-24 02:35:00,2449.23,2449.99,2445.29,2446.56,866.548
2026-08-24 02:40:00,2446.67,2448.47,2444.81,2446.1,567.8278
2026-08-24 02:45:00,2446.1,2446.1,2435.53,2441.49,1259.3038
2026-08-24 02:50:00,2441.48,2442.0,2437.3,2440.24,609.6122
2026-08-24 02:55:00,2440.23,2445.0,2440.17,2443.78,538.6452
2026-08-24 03:00:00,2443.78,2445.62,2438.83,2439.73,700.0665
2026-08-24 03:05:00,2439.73,2439.74,2435.99,2437.34,540.2428
2026-08-24 03:10:00,2437.34,2439.2,2435.41,2436.39,764.9161
2026-08-24 03:15:00,2436.38,2436.89,2433.59,2435.9,1129.7179
2026-08-24 03:20:00,2435.9,2441.49,2435.23,2440.62,947.5815
2026-08-24 03:25:00,2440.63,2443.8,2434.18,2434.18,865.6696
2026-08-24 03:30:00,2434.17,2434.99,2426.49,2434.52,2096.7579
2026-08-24 03:35:00,2434.53,2438.19,2430.74,2436.87,947.5324
2026-08-24 03:40:00,2436.86,2437.76,2434.57,2435.61,544.8038
2026-08-24 03:45:00,2435.61,2439.45,2435.13,2437.78,764.5663
2026-08-24 03:50:00,2437.79,2441.31,2432.9,2433.42,819.5671
2026-08-24 03:55:00,2433.42,2433.64,2427.95,2430.64,720.6529
2026-08-24 04:00:00,2430.65,2437.9,2430.64,2437.84,635.1931
2026-08-24 04:05:00,2437.83,2439.16,2435.8,2435.81,1096.873
2026-08-24 04:10:00,2435.8,2438.98,2435.5,2438.97,711.9963
2026-08-24 04:15:00,2438.97,2445.56,2438.96,2442.71,1624.9002
2026-08-24 04:20:00,2442.72,2445.07,2441.6,2441.89,1061.0324
2026-08-24 04:25:00,2441.88,2446.34,2441.87,2445.92,876.5637
2026-08-24 04:30:00,2445.93,2446.42,2442.94,2443.33,1040.4888
2026-08-24 04:35:00,2443.33,2443.53,2441.01,2441.89,1067.417
2026-08-24 04:40:00,2441.89,2442.74,2438.08,2442.73,1038.2955
2026-08-24 04:45:00,2442.73,2443.78,2438.08,2438.08,967.276
2026-08-24 04:50:00,2438.09,2438.6,2428.11,2435.38,3014.9811
2026-08-24 04:55:00,2435.38,2438.08,2432.23,2438.08,968.8301
2026-08-24 05:00:00,2438.07,2438.63,2433.98,2438.05,944.5633
2026-08-24 05:05:00,2438.05,2444.84,2435.25,2443.37,1568.3695
2026-08-24 05:10:00,2443.36,2458.83,2442.77,2457.91,3206.7766
2026-08-24 05:15:00,2457.9,2459.82,2451.4,2452.96,2437.7639
2026-08-24 05:20:00,2452.95,2455.68,2447.72,2449.94,1564.894
2026-08-24 05:25:00,2449.94,2453.81,2448.89,2450.51,1178.6509
2026-08-24 05:30:00,2450.51,2450.51,2441.28,2442.73,1374.5918
2026-08-24 05:35:00,2442.72,2448.1,2437.9,2445.84,1450.8658
2026-08-24 05:40:00,2445.83,2452.38,2445.01,2448.1,1073.3511
2026-08-24 05:45:00,2448.1,2449.78,2447.27,2447.27,788.278
2026-08-24 05:50:00,2447.27,2449.51,2444.44,2449.28,1036.9606
2026-08-24 05:55:00,2449.27,2449.57,2447.25,2448.92,584.0952
2026-08-24 06:00:00,2448.92,2452.38,2444.22,2445.16,1417.9005
2026-08-24 06:05:00,2445.16,2451.99,2444.4,2450.22,1169.4377
2026-08-24 06:10:00,2450.21,2457.47,2447.99,2456.42,1450.2539
2026-08-24 06:15:00,2456.42,2458.54,2453.47,2453.51,947.4152
2026-08-24 06:20:00,2453.51,2456.33,2451.95,2455.9,907.2927
2026-08-24 06:25:00,2455.9,2456.67,2453.71,2454.11,690.9846
2026-08-24 06:30:00,2454.11,2455.31,2449.2,2449.63,585.9155
2026-08-24 06:35:00,2449.62,2450.55,2446.18,2446.67,413.7102
2026-08-24 06:40:00,2446.68,2448.56,2445.44,2447.55,531.954
2026-08-24 06:45:00,2447.55,2463.74,2446.84,2460.97,1762.4074
2026-08-24 06:50:00,2460.97,2462.15,2456.48,2457.17,866.8724
2026-08-24 06:55:00,2457.16,2457.52,2455.04,2456.5,380.7645
2026-08-24 07:00:00,2456.5,2460.54,2455.27,2459.66,557.3055
2026-08-24 07:05:00,2459.65,2462.09,2458.39,2461.85,1116.3954
2026-08-24 07:10:00,2461.85,2474.09,2461.85,2470.3,2487.6321
2026-08-24 07:15:00,2470.3,2470.3,2462.66,2464.35,1105.1723
2026-08-24 07:20:00,2464.35,2465.76,2460.15,2463.25,899.2504
2026-08-24 07:25:00,2463.25,2464.98,2460.03,2462.37,1302.2088
2026-08-24 07:30:00,2462.37,2462.37,2456.26,2458.25,1741.252
2026-08-24 07:35:00,2458.25,2458.25,2454.07,2455.73,1732.3269
2026-08-24 07:40:00,2455.72,2455.73,2452.28,2453.08,1845.5353
2026-08-24 07:45:00,2453.07,2459.36,2452.85,2458.14,1726.4144
2026-08-24 07:50:00,2458.13,2459.29,2453.53,2457.12,1690.3922
2026-08-24 07:55:00,2457.12,2457.13,2452.99,2454.64,1102.8554
2026-08-24 08:00:00,2454.67,2456.34,2449.64,2449.8,1375.9633
2026-08-24 08:05:00,2449.79,2459.33,2449.79,2454.15,1059.9523
2026-08-24 08:10:00,2454.15,2454.15,2448.08,2449.22,1218.8208
2026-08-24 08:15:00,2449.21,2449.48,2442.1,2446.22,1815.7536
2026-08-24 08:20:00,2446.21,2446.86,2440.38,2440.38,1853.7299
2026-08-24 08:25:00,2440.38,2441.28,2436.41,2439.79,2817.6397
2026-08-24 08:30:00,2439.8,2444.92,2439.44,2444.16,1535.2794
2026-08-24 08:35:00,2444.15,2453.63,2443.48,2451.6,1498.925
2026-08-24 08:40:00,2451.6,2453.38,2449.62,2453.37,1251.3747
2026-08-24 08:45:00,2453.37,2457.0,2450.42,2456.54,1935.6585
2026-08-24 08:50:00,2456.53,2456.53,2453.71,2455.23,2000.2879
2026-08-24 08:55:00,2455.22,2456.05,2453.45,2454.84,1829.8643
2026-08-24 09:00:00,2454.84,2460.96,2453.75,2459.29,2417.1759
2026-08-24 09:05:00,2459.28,2463.21,2458.29,2462.11,1928.6941
2026-08-24 09:10:00,2462.12,2462.79,2460.12,2462.04,1757.6371
2026-08-24 09:15:00,2462.03,2463.32,2459.03,2461.15,1660.8988
2026-08-24 09:20:00,2461.16,2461.86,2456.65,2456.67,950.2832
2026-08-24 09:25:00,2456.66,2460.73,2454.05,2460.09,1017.9228
2026-08-24 09:30:00,2460.08,2464.58,2459.21,2463.46,1008.2329
2026-08-24 09:35:00,2463.46,2463.83,2460.78,2463.17,451.5324
2026-08-24 09:40:00,2463.17,2463.57,2461.28,2462.19,447.4277
2026-08-24 09:45:00,2462.19,2464.63,2461.29,2462.61,396.2486
2026-08-24 09:50:00,2462.6,2465.1,2461.32,2464.65,700.4667
2026-08-24 09:55:00,2464.61,2464.61,2461.29,2463.08,357.833
2026-08-24 10:00:00,2463.07,2482.5,2462.28,2475.54,5376.1162
2026-08-24 10:05:00,2475.54,2479.56,2470.26,2473.62,1653.344
2026-08-24 10:10:00,2473.63,2490.89,2473.31,2483.2,4124.95
2026-08-24 10:15:00,2483.2,2483.85,2475.64,2479.26,1242.9734
2026-08-24 10:20:00,2479.26,2479.34,2472.79,2474.85,1476.4855
2026-08-24 10:25:00,2474.84,2478.57,2470.32,2472.29,1885.6188
2026-08-24 10:30:00,2472.29,2477.56,2471.55,2477.17,1467.6684
2026-08-24 10:35:00,2477.17,2477.97,2467.98,2468.26,1488.9738
2026-08-24 10:40:00,2468.26,2469.43,2463.77,2466.52,1318.1065
2026-08-24 10:45:00,2466.51,2470.47,2466.39,2468.13,943.2542
2026-08-24 10:50:00,2468.14,2469.2,2461.73,2464.45,905.4347
2026-08-24 10:55:00,2464.45,2465.8,2461.97,2465.2,439.8621
2026-08-24 11:00:00,2465.2,2465.61,2454.4,2463.23,2732.4855
2026-08-24 11:05:00,2463.23,2469.92,2461.75,2468.03,1586.1545
2026-08-24 11:10:00,2468.03,2470.78,2466.75,2469.01,634.6589
2026-08-24 11:15:00,2469.0,2469.72,2465.69,2469.24,539.3119
2026-08-24 11:20:00,2469.27,2471.43,2467.14,2469.9,762.74
2026-08-24 11:25:00,2469.91,2473.31,2469.69,2472.26,909.7404
2026-08-24 11:30:00,2472.26,2484.13,2471.33,2484.13,2386.6716
2026-08-24 11:35:00,2484.13,2497.65,2483.86,2493.19,5643.1429
2026-08-24 11:40:00,2493.2,2506.95,2491.0,2506.53,6821.6118
2026-08-24 11:45:00,2506.53,2509.0,2488.23,2491.12,4559.0952
2026-08-24 11:50:00,2491.12,2494.03,2488.65,2491.1,1691.2756
2026-08-24 11:55:00,2491.1,2494.53,2488.0,2494.18,1142.2189
2026-08-24 12:00:00,2494.18,2494.27,2485.17,2486.07,1405.0276
2026-08-24 12:05:00,2486.07,2488.48,2484.09,2488.25,1295.4444
2026-08-24 12:10:00,2488.26,2489.25,2482.85,2484.51,1457.9459
2026-08-24 12:15:00,2484.52,2487.02,2474.5,2487.02,3734.3745
2026-08-24 12:20:00,2487.01,2492.7,2485.79,2491.96,1380.1771
2026-08-24 12:25:00,2491.97,2494.52,2491.15,2493.47,1660.427
2026-08-24 12:30:00,2493.46,2501.88,2487.68,2493.72,5756.9215
2026-08-24 12:35:00,2493.71,2500.31,2493.05,2498.37,1562.5518
2026-08-24 12:40:00,2498.37,2506.17,2496.6,2500.1,2936.3221
2026-08-24 12:45:00,2500.1,2507.65,2498.95,2506.98,2320.7796
2026-08-24 12:50:00,2506.99,2518.54,2503.05,2513.99,6191.074
2026-08-24 12:55:00,2513.99,2517.52,2509.94,2512.54,2511.181
2026-08-24 13:00:00,2512.54,2513.76,2502.05,2503.63,2893.2126
2026-08-24 13:05:00,2503.63,2511.71,2503.63,2511.28,1671.3158
2026-08-24 13:10:00,2511.28,2519.88,2510.37,2515.71,3985.2923
2026-08-24 13:15:00,2515.71,2515.71,2504.76,2511.18,2553.4381
2026-08-24 13:20:00,2511.18,2517.04,2507.83,2509.91,2362.9611
2026-08-24 13:25:00,2509.9,2509.91,2504.89,2507.2,1542.7068
2026-08-24 13:30:00,2507.2,2507.43,2486.99,2498.74,5417.2069
2026-08-24 13:35:00,2498.74,2502.42,2492.09,2494.75,3144.4441
2026-08-24 13:40:00,2494.75,2494.78,2483.07,2486.6,3979.2398
2026-08-24 13:45:00,2486.58,2494.92,2476.31,2492.41,4363.207
2026-08-24 13:50:00,2492.41,2494.99,2478.97,2488.51,3280.936
2026-08-24 13:55:00,2488.52,2495.8,2488.39,2493.83,1865.5849
2026-08-24 14:00:00,2493.83,2501.76,2491.61,2495.43,2855.4968
2026-08-24 14:05:00,2495.43,2504.79,2494.09,2504.11,3641.9903
2026-08-24 14:10:00,2504.1,2513.0,2503.28,2511.36,4041.5649
2026-08-24 14:15:00,2511.36,2514.57,2504.95,2508.2,1965.9103
2026-08-24 14:20:00,2508.2,2528.0,2502.62,2503.69,7984.9678
2026-08-24 14:25:00,2503.69,2517.58,2503.69,2516.86,2821.9843
2026-08-24 14:30:00,2516.85,2528.89,2515.58,2523.25,5459.3561
2026-08-24 14:35:00,2523.25,2532.12,2522.08,2525.63,6123.9326
2026-08-24 14:40:00,2525.63,2530.62,2517.57,2522.58,3439.0109
2026-08-24 14:45:00,2522.57,2524.54,2515.67,2516.8,2080.1538
2026-08-24 14:50:00,2516.81,2517.08,2509.03,2510.13,2666.4786
2026-08-24 14:55:00,2510.12,2517.18,2509.48,2516.16,2197.9835
2026-08-24 15:00:00,2516.16,2519.51,2510.83,2514.15,2186.6486
2026-08-24 15:05:00,2514.16,2520.94,2510.88,2516.4,1946.2738
2026-08-24 15:10:00,2516.4,2521.19,2514.22,2515.8,1553.7573
2026-08-24 15:15:00,2515.8,2520.62,2514.73,2519.51,1815.9776
2026-08-24 15:20:00,2519.52,2532.95,2517.06,2531.9,3226.3863
2026-08-24 15:25:00,2531.9,2532.23,2520.24,2525.34,4130.6007
2026-08-24 15:30:00,2525.28,2525.37,2514.42,2515.18,3331.3676
2026-08-24 15:35:00,2515.15,2520.11,2505.78,2508.2,3068.1338
2026-08-24 15:40:00,2508.21,2510.0,2489.0,2495.03,5970.0613
2026-08-24 15:45:00,2495.02,2502.51,2489.0,2496.04,3408.6646
2026-08-24 15:50:00,2496.03,2497.34,2484.4,2486.64,4202.5868
2026-08-24 15:55:00,2486.64,2488.0,2479.38,2487.99,4014.8828
2026-08-24 16:00:00,2487.99,2494.53,2486.49,2493.9,4539.6225
2026-08-24 16:05:00,2493.89,2506.0,2493.08,2500.19,4357.758
2026-08-24 16:10:00,2500.19,2501.64,2495.66,2498.75,1614.0692
2026-08-24 16:15:00,2498.74,2506.0,2498.27,2504.16,2093.2107
2026-08-24 16:20:00,2504.16,2504.67,2499.42,2503.67,1386.4595
2026-08-24 16:25:00,2503.67,2503.83,2499.48,2499.48,1132.6715
2026-08-24 16:30:00,2499.47,2500.86,2495.04,2496.59,1322.2614
2026-08-24 16:35:00,2496.58,2500.03,2494.72,2495.41,1324.9722
2026-08-24 16:40:00,2495.4,2495.4,2489.27,2489.49,1736.0599
2026-08-24 16:45:00,2489.48,2491.34,2486.26,2488.0,1446.0138
2026-08-24 16:50:00,2487.99,2489.64,2469.02,2475.24,4535.3798
2026-08-24 16:55:00,2475.18,2480.61,2470.49,2478.43,2705.557
2026-08-24 17:00:00,2478.43,2478.59,2463.71,2470.58,3601.1928
2026-08-24 17:05:00,2470.67,2484.29,2470.66,2483.4,2087.9566
2026-08-24 17:10:00,2483.41,2483.49,2476.38,2476.75,1208.8396
2026-08-24 17:15:00,2476.75,2480.05,2464.5,2476.21,2908.0783
2026-08-24 17:20:00,2476.21,2476.21,2455.23,2459.79,4692.5495
2026-08-24 17:25:00,2459.78,2465.74,2455.0,2458.32,2674.2469
2026-08-24 17:30:00,2458.32,2462.3,2456.9,2459.99,1930.1126
2026-08-24 17:35:00,2459.98,2468.03,2459.06,2467.13,1837.0126
2026-08-24 17:40:00,2467.14,2469.7,2460.97,2460.98,1104.2239
2026-08-24 17:45:00,2460.98,2466.51,2458.55,2465.61,1307.8414
2026-08-24 17:50:00,2465.61,2468.3,2464.87,2465.04,1378.5597
2026-08-24 17:55:00,2465.04,2470.34,2461.59,2468.97,1569.8197
2026-08-24 18:00:00,2468.97,2475.51,2468.97,2475.38,1337.3881
2026-08-24 18:05:00,2475.37,2480.59,2473.92,2476.6,2842.1284
2026-08-24 18:10:00,2476.6,2483.78,2476.56,2482.06,1351.4289
2026-08-24 18:15:00,2482.07,2483.21,2478.72,2480.34,1411.8964
2026-08-24 18:20:00,2480.34,2480.99,2477.01,2477.01,1667.786
2026-08-24 18:25:00,2477.0,2482.09,2474.8,2479.54,1040.1772
2026-08-24 18:30:00,2479.55,2482.21,2475.85,2475.85,755.817
2026-08-24 18:35:00,2475.85,2477.15,2467.19,2471.1,1520.3527
2026-08-24 18:40:00,2471.1,2476.49,2471.1,2476.48,951.5998
2026-08-24 18:45:00,2476.48,2480.42,2475.5,2479.59,993.467
2026-08-24 18:50:00,2479.59,2480.39,2472.93,2476.19,2073.6742
2026-08-24 18:55:00,2476.19,2476.97,2473.08,2473.84,671.1825
2026-08-24 19:00:00,2473.85,2477.69,2470.88,2470.88,3366.2172
2026-08-24 19:05:00,2470.88,2472.01,2464.52,2466.98,2333.5992
2026-08-24 19:10:00,2466.97,2474.83,2466.01,2473.84,950.2572
2026-08-24 19:15:00,2473.83,2475.31,2463.89,2463.99,1713.8791
2026-08-24 19:20:00,2463.99,2467.59,2461.87,2466.01,1331.2045
2026-08-24 19:25:00,2466.01,2471.0,2466.01,2470.48,640.3073
2026-08-24 19:30:00,2470.48,2471.67,2468.81,2470.46,749.259
2026-08-24 19:35:00,2470.45,2474.46,2469.47,2472.23,1074.9048
2026-08-24 19:40:00,2472.24,2472.63,2467.94,2471.77,742.6902
2026-08-24 19:45:00,2471.78,2472.44,2467.76,2470.37,900.1827
2026-08-24 19:50:00,2470.37,2471.16,2465.0,2469.96,1162.0727
2026-08-24 19:55:00,2469.96,2471.81,2468.78,2471.4,1046.0832
2026-08-24 20:00:00,2471.48,2474.09,2465.46,2465.81,894.0645
2026-08-24 20:05:00,2465.8,2474.96,2465.8,2474.96,689.7327
2026-08-24 20:10:00,2474.96,2475.52,2470.35,2472.39,432.5521
2026-08-24 20:15:00,2472.38,2472.38,2469.0,2471.41,235.7929
2026-08-24 20:20:00,2471.4,2472.39,2469.14,2470.25,582.9947
2026-08-24 20:25:00,2470.25,2470.68,2466.19,2468.46,601.6465
2026-08-24 20:30:00,2468.46,2471.17,2466.32,2470.94,473.5415
2026-08-24 20:35:00,2470.93,2479.21,2470.93,2476.13,1243.4594
2026-08-24 20:40:00,2476.13,2476.23,2474.01,2474.05,397.1369
2026-08-24 20:45:00,2474.04,2474.91,2472.27,2472.41,426.4021
2026-08-24 20:50:00,2472.41,2472.72,2471.4,2472.58,295.5135
2026-08-24 20:55:00,2472.58,2475.16,2472.58,2475.16,296.3472
2026-08-24 21:00:00,2475.16,2481.78,2475.16,2481.28,1214.7784
2026-08-24 21:05:00,2481.29,2481.73,2479.04,2479.84,488.1055
2026-08-24 21:10:00,2479.84,2483.93,2479.63,2483.92,509.0191
2026-08-24 21:15:00,2483.93,2484.31,2479.25,2479.26,607.483
2026-08-24 21:20:00,2479.25,2482.73,2479.03,2481.08,449.7166
2026-08-24 21:25:00,2481.09,2482.13,2479.69,2481.58,660.2327
2026-08-24 21:30:00,2481.58,2482.6,2480.69,2481.08,315.8391
2026-08-24 21:35:00,2481.09,2482.08,2480.03,2481.25,505.5057
2026-08-24 21:40:00,2481.25,2484.11,2481.25,2483.39,542.2979
2026-08-24 21:45:00,2483.36,2489.67,2483.17,2485.44,736.527
2026-08-24 21:50:00,2485.45,2486.7,2481.52,2482.77,578.5656
2026-08-24 21:55:00,2482.77,2483.69,2482.65,2483.56,335.7187
2026-08-24 22:00:00,2483.56,2485.38,2480.27,2481.92,853.3677
2026-08-24 22:05:00,2481.91,2484.43,2481.57,2481.58,355.9129
2026-08-24 22:10:00,2481.59,2482.29,2479.23,2481.22,428.2019
2026-08-24 22:15:00,2481.23,2482.45,2477.4,2477.85,406.861
2026-08-24 22:20:00,2477.86,2480.75,2477.75,2479.47,695.556
2026-08-24 22:25:00,2479.47,2479.47,2475.79,2477.67,504.1724
2026-08-24 22:30:00,2477.68,2483.73,2477.68,2482.26,1281.7963
2026-08-24 22:35:00,2482.25,2484.89,2480.42,2482.15,441.8422
2026-08-24 22:40:00,2482.15,2482.15,2476.63,2476.82,639.4086
2026-08-24 22:45:00,2476.82,2480.11,2476.82,2479.26,308.3063
2026-08-24 22:50:00,2479.26,2480.15,2477.23,2477.79,363.1826
2026-08-24 22:55:00,2477.79,2477.8,2472.5,2474.26,716.9163
2026-08-24 23:00:00,2474.27,2476.63,2470.7,2474.83,825.7821
2026-08-24 23:05:00,2474.82,2478.55,2474.26,2477.85,342.308
2026-08-24 23:10:00,2477.85,2479.34,2476.78,2477.65,512.6881
2026-08-24 23:15:00,2477.64,2479.07,2477.09,2478.55,571.7253
2026-08-24 23:20:00,2478.56,2484.26,2478.56,2482.96,765.4095
2026-08-24 23:25:00,2482.95,2484.99,2482.81,2483.03,484.6903
2026-08-24 23:30:00,2483.04,2485.97,2482.0,2483.57,912.384
2026-08-24 23:35:00,2483.56,2486.91,2483.0,2486.5,668.6252
2026-08-24 23:40:00,2486.5,2487.24,2485.0,2485.12,564.0154
2026-08-24 23:45:00,2485.13,2486.49,2479.0,2479.28,805.0199
2026-08-24 23:50:00,2479.27,2479.62,2476.99,2479.61,419.6337
2026-08-24 23:55:00,2479.61,2483.04,2478.0,2482.31,457.748
2026-08-25 00:00:00,2482.31,2483.39,2479.73,2479.74,490.2383
2026-08-25 00:05:00,2479.73,2484.51,2477.61,2478.6,1272.6448
2026-08-25 00:10:00,2478.61,2483.73,2477.63,2479.25,1111.3491
2026-08-25 00:15:00,2479.26,2479.26,2472.18,2476.41,1317.4791
2026-08-25 00:20:00,2476.42,2480.65,2475.43,2478.92,794.1754
2026-08-25 00:25:00,2478.93,2482.64,2477.57,2478.99,766.9849
2026-08-25 00:30:00,2478.98,2480.68,2476.69,2479.73,726.8453
2026-08-25 00:35:00,2479.73,2486.63,2479.73,2484.05,960.7336
2026-08-25 00:40:00,2484.05,2494.01,2481.27,2492.67,2073.186
2026-08-25 00:45:00,2492.68,2504.74,2490.7,2493.53,3581.2054
2026-08-25 00:50:00,2493.53,2499.92,2489.85,2499.92,1381.6425
2026-08-25 00:55:00,2499.92,2500.56,2492.94,2493.61,1357.1124
2026-08-25 01:00:00,2493.61,2499.99,2492.65,2497.43,847.2975
2026-08-25 01:05:00,2497.43,2497.43,2490.09,2492.57,1254.9673
2026-08-25 01:10:00,2492.56,2492.56,2487.82,2488.78,842.8242
2026-08-25 01:15:00,2488.79,2495.35,2484.88,2494.27,1010.7383
2026-08-25 01:20:00,2494.28,2498.33,2492.5,2494.13,2219.9332
2026-08-25 01:25:00,2494.13,2504.62,2493.2,2498.58,2365.1735
2026-08-25 01:30:00,2498.59,2500.99,2495.57,2496.88,898.0651
2026-08-25 01:35:00,2496.87,2500.93,2494.94,2499.47,633.3036
2026-08-25 01:40:00,2499.47,2502.15,2494.16,2494.36,873.6152
2026-08-25 01:45:00,2494.32,2497.02,2493.98,2495.44,536.2659
2026-08-25 01:50:00,2495.4,2495.4,2489.24,2492.45,2095.1468
2026-08-25 01:55:00,2492.45,2496.59,2492.14,2495.99,431.9984
2026-08-25 02:00:00,2495.99,2498.74,2493.46,2496.31,705.5621
2026-08-25 02:05:00,2496.3,2497.44,2492.31,2494.5,604.1274
2026-08-25 02:10:00,2494.52,2497.6,2492.38,2494.39,534.6184
2026-08-25 02:15:00,2494.4,2519.48,2493.45,2519.21,5063.6742
2026-08-25 02:20:00,2519.22,2521.75,2510.0,2515.75,6964.7793
2026-08-25 02:25:00,2515.75,2532.5,2513.89,2529.61,4899.5686
2026-08-25 02:30:00,2529.6,2532.34,2517.46,2519.05,2753.4884
2026-08-25 02:35:00,2519.04,2520.11,2514.38,2518.89,1282.0062
2026-08-25 02:40:00,2518.89,2530.74,2516.75,2517.21,2750.0462
2026-08-25 02:45:00,2517.2,2518.87,2507.88,2509.3,3308.9134
2026-08-25 02:50:00,2509.3,2510.71,2501.96,2507.47,1956.7689
2026-08-25 02:55:00,2507.46,2510.71,2506.49,2507.69,1572.1172
2026-08-25 03:00:00,2507.7,2510.71,2504.84,2509.22,1040.8158
2026-08-25 03:05:00,2509.21,2514.55,2509.21,2511.52,940.9875
2026-08-25 03:10:00,2511.52,2513.74,2510.03,2511.0,610.5282
2026-08-25 03:15:00,2511.0,2511.81,2507.0,2510.21,915.7129
2026-08-25 03:20:00,2510.22,2511.81,2505.11,2507.26,1420.9857
2026-08-25 03:25:00,2507.27,2508.97,2504.64,2505.73,755.4512
2026-08-25 03:30:00,2505.73,2509.28,2503.63,2506.4,884.9409
2026-08-25 03:35:00,2506.39,2508.08,2504.1,2506.98,856.5896
2026-08-25 03:40:00,2506.98,2507.05,2496.86,2498.77,2317.4441
2026-08-25 03:45:00,2498.77,2501.32,2488.99,2494.15,2485.5525
2026-08-25 03:50:00,2494.16,2499.51,2494.16,2498.51,881.7758
2026-08-25 03:55:00,2498.5,2499.4,2493.57,2499.29,1095.8912
2026-08-25 04:00:00,2499.3,2504.09,2497.68,2497.69,1130.7845
2026-08-25 04:05:00,2497.68,2499.04,2492.81,2499.04,879.2638
2026-08-25 04:10:00,2499.04,2501.01,2497.08,2500.15,723.8097
2026-08-25 04:15:00,2500.15,2500.65,2491.94,2493.54,1673.0212
2026-08-25 04:20:00,2493.55,2497.91,2492.95,2497.59,1264.4306
2026-08-25 04:25:00,2497.59,2498.01,2493.35,2494.34,519.7682
2026-08-25 04:30:00,2494.35,2497.0,2488.96,2494.0,929.8861
2026-08-25 04:35:00,2493.99,2497.43,2491.07,2492.31,1397.5005
2026-08-25 04:40:00,2492.3,2494.44,2490.0,2491.77,972.8702
2026-08-25 04:45:00,2491.76,2494.48,2490.5,2494.35,764.8755
2026-08-25 04:50:00,2494.35,2495.48,2492.37,2492.37,723.1315
2026-08-25 04:55:00,2492.38,2495.0,2490.34,2494.99,705.5186
2026-08-25 05:00:00,2494.99,2499.68,2493.77,2498.97,1625.877
2026-08-25 05:05:00,2498.97,2501.95,2498.96,2500.95,627.6945
2026-08-25 05:10:00,2500.95,2501.52,2500.0,2500.85,745.2398
2026-08-25 05:15:00,2500.85,2504.64,2500.21,2503.68,1255.5857
2026-08-25 05:20:00,2503.69,2505.0,2503.27,2505.0,434.3902
2026-08-25 05:25:00,2505.0,2511.82,2505.0,2508.71,1149.2718
2026-08-25 05:30:00,2508.71,2511.5,2507.03,2510.97,1044.3466
2026-08-25 05:35:00,2510.97,2511.78,2509.09,2510.22,930.8772
2026-08-25 05:40:00,2510.21,2511.39,2506.79,2506.79,804.7232
2026-08-25 05:45:00,2506.8,2509.03,2505.47,2509.02,522.4741
2026-08-25 05:50:00,2509.03,2510.71,2507.36,2507.65,710.7225
2026-08-25 05:55:00,2507.66,2510.31,2507.66,2508.73,460.4638
2026-08-25 06:00:00,2508.73,2510.57,2508.0,2508.72,581.859
2026-08-25 06:05:00,2508.71,2510.04,2507.13,2508.84,525.73
2026-08-25 06:10:00,2508.85,2510.14,2506.73,2510.12,443.586
2026-08-25 06:15:00,2510.11,2513.54,2508.88,2510.96,563.034
2026-08-25 06:20:00,2510.95,2515.43,2508.72,2513.34,849.0239
2026-08-25 06:25:00,2513.34,2513.88,2510.54,2510.54,220.3258
2026-08-25 06:30:00,2510.54,2510.54,2501.57,2505.01,1246.2367
2026-08-25 06:35:00,2505.01,2505.01,2499.28,2503.69,787.7122
2026-08-25 06:40:00,2503.68,2504.43,2501.81,2504.24,737.0658
2026-08-25 06:45:00,2504.25,2504.66,2500.0,2500.34,838.7651
2026-08-25 06:50:00,2500.34,2501.08,2499.01,2499.65,543.1829
2026-08-25 06:55:00,2499.65,2500.88,2496.04,2500.88,530.1745
2026-08-25 07:00:00,2500.89,2511.61,2500.17,2510.74,1266.1479
2026-08-25 07:05:00,2510.75,2513.0,2507.36,2508.37,803.8167
2026-08-25 07:10:00,2508.37,2508.81,2507.05,2507.24,544.7964
2026-08-25 07:15:00,2507.23,2508.11,2502.82,2503.91,469.8395
2026-08-25 07:20:00,2503.91,2506.88,2503.91,2504.04,185.4476
2026-08-25 07:25:00,2504.05,2505.85,2503.67,2504.87,391.9085
2026-08-25 07:30:00,2504.87,2504.87,2501.3,2501.94,1340.4356
2026-08-25 07:35:00,2501.95,2502.29,2496.41,2497.72,1233.0866
2026-08-25 07:40:00,2497.73,2499.67,2497.72,2499.22,1177.3911
2026-08-25 07:45:00,2499.21,2499.6,2476.0,2481.52,4808.4101
2026-08-25 07:50:00,2481.52,2483.85,2464.41,2483.59,7687.1625
2026-08-25 07:55:00,2483.6,2485.28,2478.93,2478.94,1710.197
2026-08-25 08:00:00,2478.94,2482.61,2475.0,2482.11,1647.3962
2026-08-25 08:05:00,2482.13,2482.84,2480.12,2482.06,671.7457
2026-08-25 08:10:00,2482.06,2486.43,2481.83,2485.5,2074.5552
2026-08-25 08:15:00,2485.49,2490.6,2485.38,2487.31,575.6276
2026-08-25 08:20:00,2487.32,2496.96,2487.31,2494.53,1635.9386
2026-08-25 08:25:00,2494.51,2498.0,2493.92,2494.06,733.9525
2026-08-25 08:30:00,2494.07,2496.32,2490.56,2492.75,723.2198
2026-08-25 08:35:00,2492.76,2493.3,2486.39,2486.54,699.3264
2026-08-25 08:40:00,2486.55,2490.99,2485.69,2490.35,861.5694
2026-08-25 08:45:00,2490.35,2490.95,2483.78,2484.06,990.2012
2026-08-25 08:50:00,2484.06,2485.07,2480.47,2482.43,1982.0009
2026-08-25 08:55:00,2482.43,2485.41,2481.13,2484.82,1022.1002
2026-08-25 09:00:00,2484.82,2485.25,2479.58,2481.37,782.2212
2026-08-25 09:05:00,2481.37,2485.83,2479.87,2485.66,701.8904
2026-08-25 09:10:00,2485.65,2489.47,2483.61,2487.48,1791.2914
2026-08-25 09:15:00,2487.48,2489.5,2485.44,2487.59,372.6199
2026-08-25 09:20:00,2487.6,2492.0,2487.33,2489.79,825.7332
2026-08-25 09:25:00,2489.79,2489.79,2484.14,2487.21,675.4085
2026-08-25 09:30:00,2487.2,2491.41,2487.2,2489.69,980.7958
2026-08-25 09:35:00,2489.67,2489.79,2487.08,2487.48,432.0768
2026-08-25 09:40:00,2487.47,2489.91,2486.03,2486.03,306.1907
2026-08-25 09:45:00,2486.03,2486.96,2481.4,2481.83,922.0253
2026-08-25 09:50:00,2481.84,2481.87,2462.81,2471.09,5484.1343
2026-08-25 09:55:00,2471.08,2475.29,2468.9,2474.67,1290.7996
2026-08-25 10:00:00,2474.67,2476.01,2469.87,2476.0,1071.131
2026-08-25 10:05:00,2476.0,2478.55,2474.05,2476.19,685.5608
2026-08-25 10:10:00,2476.19,2479.89,2475.95,2478.21,850.1259
2026-08-25 10:15:00,2478.21,2479.85,2476.81,2479.19,528.4357
2026-08-25 10:20:00,2479.19,2479.56,2475.8,2477.5,662.1863
2026-08-25 10:25:00,2477.5,2477.72,2475.15,2476.2,532.4122
2026-08-25 10:30:00,2476.19,2478.56,2474.16,2477.82,710.1366
2026-08-25 10:35:00,2477.81,2479.0,2476.72,2478.24,612.3225
2026-08-25 10:40:00,2478.24,2479.06,2477.02,2477.97,551.7669
2026-08-25 10:45:00,2477.96,2485.83,2477.96,2482.3,1173.2434
2026-08-25 10:50:00,2482.29,2485.57,2481.24,2483.85,855.7261
2026-08-25 10:55:00,2483.84,2484.78,2481.65,2481.82,398.6893
2026-08-25 11:00:00,2481.82,2482.0,2479.42,2480.0,352.8415
2026-08-25 11:05:00,2479.99,2484.12,2478.37,2479.88,459.6008
2026-08-25 11:10:00,2479.88,2479.89,2474.76,2475.3,830.4486
2026-08-25 11:15:00,2475.29,2478.17,2474.92,2475.6,657.6431
2026-08-25 11:20:00,2475.61,2479.14,2475.61,2478.3,536.13
2026-08-25 11:25:00,2478.31,2478.31,2475.0,2478.22,566.2898
2026-08-25 11:30:00,2478.22,2481.68,2478.16,2481.35,616.6514
2026-08-25 11:35:00,2481.35,2486.16,2481.21,2482.78,1027.4459
2026-08-25 11:40:00,2482.78,2482.79,2479.16,2479.16,356.2468
2026-08-25 11:45:00,2479.16,2480.95,2477.15,2479.67,478.4634
2026-08-25 11:50:00,2479.66,2483.41,2478.63,2478.83,767.19
2026-08-25 11:55:00,2478.83,2479.9,2477.37,2477.91,598.2374
2026-08-25 12:00:00,2477.9,2481.37,2473.55,2477.76,1177.1892
2026-08-25 12:05:00,2477.8,2477.8,2467.14,2473.71,1998.2081
2026-08-25 12:10:00,2473.71,2478.04,2472.4,2477.96,698.5007
2026-08-25 12:15:00,2477.97,2477.97,2470.24,2471.51,985.4797
2026-08-25 12:20:00,2471.51,2472.63,2462.65,2470.09,2160.8193
2026-08-25 12:25:00,2470.09,2471.26,2458.01,2468.23,2980.9907
2026-08-25 12:30:00,2468.24,2471.43,2464.41,2469.6,1304.7111
2026-08-25 12:35:00,2469.6,2471.41,2466.22,2466.44,957.0643
2026-08-25 12:40:00,2466.45,2470.87,2460.48,2469.64,1143.5202
2026-08-25 12:45:00,2469.65,2475.01,2468.2,2473.42,997.1729
2026-08-25 12:50:00,2473.41,2476.95,2473.26,2475.29,803.9175
2026-08-25 12:55:00,2475.29,2475.94,2472.18,2473.5,1786.311
2026-08-25 13:00:00,2473.51,2475.75,2471.42,2475.43,659.003
2026-08-25 13:05:00,2475.44,2476.12,2469.43,2471.54,823.5202
2026-08-25 13:10:00,2471.53,2472.98,2465.62,2467.67,1953.3761
2026-08-25 13:15:00,2467.67,2467.67,2460.34,2463.98,1687.7936
2026-08-25 13:20:00,2463.98,2466.52,2456.93,2459.49,1919.7429
2026-08-25 13:25:00,2459.49,2462.0,2454.62,2457.62,2041.7856
2026-08-25 13:30:00,2457.62,2471.33,2455.69,2471.3,3110.905
2026-08-25 13:35:00,2471.32,2477.08,2469.28,2471.88,3404.4443
2026-08-25 13:40:00,2471.87,2475.67,2463.06,2464.62,1756.9864
2026-08-25 13:45:00,2464.63,2465.67,2455.23,2458.02,2572.0525
2026-08-25 13:50:00,2458.02,2458.34,2440.0,2448.95,5572.4233
2026-08-25 13:55:00,2448.96,2461.41,2446.5,2460.73,2092.5318
2026-08-25 14:00:00,2460.73,2463.99,2454.33,2463.74,2121.8282
2026-08-25 14:05:00,2463.74,2467.41,2462.08,2467.3,1706.1394
2026-08-25 14:10:00,2467.3,2472.99,2466.96,2467.19,2148.2692
2026-08-25 14:15:00,2467.19,2472.0,2464.68,2465.6,1863.5092
2026-08-25 14:20:00,2465.59,2473.24,2464.73,2473.24,1483.5449
2026-08-25 14:25:00,2473.23,2480.34,2471.89,2475.9,1754.9041
2026-08-25 14:30:00,2475.9,2484.0,2470.42,2478.47,3159.4187
2026-08-25 14:35:00,2478.47,2480.59,2473.38,2474.03,1399.5044
2026-08-25 14:40:00,2474.04,2475.54,2471.9,2474.58,1012.2519
2026-08-25 14:45:00,2474.57,2479.02,2474.54,2476.07,946.9806
2026-08-25 14:50:00,2476.06,2479.63,2475.3,2476.47,904.1145
2026-08-25 14:55:00,2476.46,2479.32,2475.0,2476.91,778.9775
2026-08-25 15:00:00,2476.92,2478.34,2473.55,2475.26,843.5669
2026-08-25 15:05:00,2475.27,2477.77,2472.55,2473.16,1455.7024
2026-08-25 15:10:00,2473.15,2474.22,2467.57,2467.61,1088.572
2026-08-25 15:15:00,2467.61,2476.53,2466.14,2475.05,1144.4976
2026-08-25 15:20:00,2475.05,2477.72,2471.81,2471.82,1213.9732
2026-08-25 15:25:00,2471.81,2475.0,2468.97,2474.8,790.1184
2026-08-25 15:30:00,2474.8,2475.84,2470.4,2473.41,1161.4632
2026-08-25 15:35:00,2473.41,2480.62,2473.41,2476.19,1519.8966
2026-08-25 15:40:00,2476.19,2477.72,2473.08,2477.72,904.5338
2026-08-25 15:45:00,2477.71,2478.65,2472.87,2473.92,924.4686
2026-08-25 15:50:00,2473.93,2478.89,2472.53,2478.06,754.2417
2026-08-25 15:55:00,2478.07,2483.85,2478.06,2482.88,1470.3189
2026-08-25 16:00:00,2482.89,2485.6,2478.93,2481.73,1955.3342
2026-08-25 16:05:00,2481.73,2481.91,2476.73,2476.73,733.1954
2026-08-25 16:10:00,2476.74,2477.72,2472.45,2473.91,941.6175
2026-08-25 16:15:00,2473.9,2476.98,2472.83,2476.09,422.3983
2026-08-25 16:20:00,2476.09,2476.61,2467.1,2470.61,1092.6289
2026-08-25 16:25:00,2470.61,2472.64,2468.52,2472.03,1254.4715
2026-08-25 16:30:00,2472.02,2478.0,2471.51,2475.08,747.8394
2026-08-25 16:35:00,2475.08,2476.26,2473.26,2475.31,586.7701
2026-08-25 16:40:00,2475.32,2478.59,2474.61,2475.68,480.209
2026-08-25 16:45:00,2475.68,2479.47,2475.29,2476.99,417.3902
2026-08-25 16:50:00,2476.98,2476.99,2472.02,2472.07,386.7042
2026-08-25 16:55:00,2472.07,2472.33,2469.21,2470.68,735.3859
2026-08-25 17:00:00,2470.68,2471.47,2463.46,2466.32,1190.3606
2026-08-25 17:05:00,2466.33,2469.16,2458.18,2460.83,2306.6302
2026-08-25 17:10:00,2460.83,2463.07,2455.93,2463.06,1607.0394
2026-08-25 17:15:00,2463.06,2466.11,2461.87,2465.28,730.7321
2026-08-25 17:20:00,2465.27,2466.59,2458.85,2459.94,897.5714
2026-08-25 17:25:00,2459.94,2460.65,2457.56,2458.47,903.159
2026-08-25 17:30:00,2458.47,2468.5,2458.47,2465.99,1056.6334
2026-08-25 17:35:00,2466.0,2466.55,2463.5,2464.96,683.485
2026-08-25 17:40:00,2464.96,2469.22,2464.65,2468.24,867.9459
2026-08-25 17:45:00,2468.23,2470.09,2467.59,2469.3,1065.6491
2026-08-25 17:50:00,2469.29,2470.0,2468.04,2469.06,848.1702
2026-08-25 17:55:00,2469.06,2471.19,2468.77,2471.03,923.3479
2026-08-25 18:00:00,2471.04,2474.64,2470.32,2471.12,1294.4897
2026-08-25 18:05:00,2471.12,2473.14,2470.83,2473.02,624.0691
2026-08-25 18:10:00,2473.01,2474.67,2471.68,2473.62,998.3984
2026-08-25 18:15:00,2473.63,2474.72,2471.79,2472.28,701.6361
2026-08-25 18:20:00,2472.29,2474.8,2471.53,2473.04,447.2898
2026-08-25 18:25:00,2473.04,2473.07,2472.01,2472.86,496.1543
2026-08-25 18:30:00,2472.86,2472.86,2467.66,2467.9,1254.3281
2026-08-25 18:35:00,2467.91,2469.53,2466.43,2469.03,668.2436
2026-08-25 18:40:00,2469.03,2469.21,2467.0,2468.3,446.5693
2026-08-25 18:45:00,2468.31,2470.25,2468.09,2468.7,633.9596
2026-08-25 18:50:00,2468.72,2468.99,2464.23,2464.85,742.6861
2026-08-25 18:55:00,2464.86,2468.03,2464.86,2467.44,446.5629
2026-08-25 19:00:00,2467.44,2469.53,2463.12,2463.12,679.5213
2026-08-25 19:05:00,2463.13,2467.19,2462.96,2467.05,701.7489
2026-08-25 19:10:00,2467.06,2468.57,2465.56,2468.27,538.087
2026-08-25 19:15:00,2468.28,2470.11,2467.18,2470.11,648.2194
2026-08-25 19:20:00,2470.11,2470.13,2467.18,2469.4,1440.3148
2026-08-25 19:25:00,2469.4,2469.4,2462.38,2462.57,1289.4751
2026-08-25 19:30:00,2462.57,2462.67,2457.09,2460.31,978.6306
2026-08-25 19:35:00,2460.33,2462.41,2459.6,2459.61,830.0664
2026-08-25 19:40:00,2459.61,2459.75,2455.54,2456.37,1054.2081
2026-08-25 19:45:00,2456.38,2459.91,2456.38,2458.39,1294.4632
2026-08-25 19:50:00,2458.38,2462.98,2457.76,2461.56,787.6249
2026-08-25 19:55:00,2461.56,2463.86,2460.16,2463.42,983.8657
2026-08-25 20:00:00,2463.42,2464.24,2449.85,2455.55,1932.2766
2026-08-25 20:05:00,2455.54,2459.0,2452.97,2458.12,739.1889
2026-08-25 20:10:00,2458.11,2458.55,2455.92,2457.97,536.7607
2026-08-25 20:15:00,2457.98,2461.74,2456.91,2461.59,682.8733
2026-08-25 20:20:00,2461.58,2461.61,2458.33,2460.77,666.4588
2026-08-25 20:25:00,2460.76,2461.04,2456.37,2456.38,618.6036
2026-08-25 20:30:00,2456.38,2456.96,2452.01,2453.79,970.2159
2026-08-25 20:35:00,2453.78,2455.98,2445.0,2447.3,1110.4794
2026-08-25 20:40:00,2447.31,2448.79,2442.8,2446.29,948.7715
2026-08-25 20:45:00,2446.3,2448.41,2433.62,2435.82,4570.5157
2026-08-25 20:50:00,2435.85,2443.2,2434.95,2439.2,1978.9216
2026-08-25 20:55:00,2439.21,2441.9,2435.75,2436.44,1580.3171
2026-08-25 21:00:00,2436.44,2441.21,2434.77,2437.4,2111.5354
2026-08-25 21:05:00,2437.4,2439.98,2414.64,2418.5,8082.1489
2026-08-25 21:10:00,2418.5,2430.84,2416.19,2430.75,1718.6159
2026-08-25 21:15:00,2430.76,2434.82,2426.08,2433.9,1377.8628
2026-08-25 21:20:00,2433.9,2433.9,2424.48,2428.97,1610.8443
2026-08-25 21:25:00,2428.97,2434.46,2426.52,2433.9,1029.4979
2026-08-25 21:30:00,2433.89,2438.03,2432.75,2436.32,824.628
2026-08-25 21:35:00,2436.33,2442.52,2436.32,2442.52,917.6701
2026-08-25 21:40:00,2442.51,2442.84,2440.35,2441.33,497.603
2026-08-25 21:45:00,2441.33,2442.84,2440.8,2442.83,431.8171
2026-08-25 21:50:00,2442.83,2442.83,2439.58,2441.43,638.9579
2026-08-25 21:55:00,2441.44,2443.9,2439.5,2441.79,902.7347
2026-08-25 22:00:00,2441.8,2448.69,2441.8,2448.68,988.4117
2026-08-25 22:05:00,2448.68,2451.74,2447.64,2448.51,759.5411
2026-08-25 22:10:00,2448.5,2452.06,2448.27,2451.89,693.236
2026-08-25 22:15:00,2451.89,2452.98,2449.41,2450.87,513.551
2026-08-25 22:20:00,2450.87,2451.19,2446.71,2448.36,624.0102
2026-08-25 22:25:00,2448.37,2448.37,2442.09,2446.51,692.7834
2026-08-25 22:30:00,2446.51,2449.84,2444.48,2449.59,598.9024
2026-08-25 22:35:00,2449.58,2450.77,2448.37,2448.82,491.0073
2026-08-25 22:40:00,2448.82,2450.32,2448.07,2450.32,196.2009
2026-08-25 22:45:00,2450.31,2453.22,2449.67,2452.89,339.2309
2026-08-25 22:50:00,2452.89,2454.41,2452.88,2453.96,206.8147
2026-08-25 22:55:00,2453.96,2455.78,2453.77,2453.84,283.7687
2026-08-25 23:00:00,2453.85,2455.44,2452.78,2455.21,372.433
2026-08-25 23:05:00,2455.22,2456.51,2452.68,2453.25,1133.7591
2026-08-25 23:10:00,2453.24,2455.23,2451.82,2454.92,655.2471
2026-08-25 23:15:00,2454.92,2456.3,2451.04,2451.8,537.9905
2026-08-25 23:20:00,2451.82,2451.98,2449.36,2449.64,483.6705
2026-08-25 23:25:00,2449.64,2452.65,2448.62,2452.38,315.4226
2026-08-25 23:30:00,2452.38,2452.38,2448.92,2451.1,393.4276
2026-08-25 23:35:00,2451.1,2451.2,2447.59,2447.92,261.5581
2026-08-25 23:40:00,2447.92,2447.98,2443.05,2444.44,476.1293
2026-08-25 23:45:00,2444.44,2444.44,2439.71,2440.59,685.8127
2026-08-25 23:50:00,2440.6,2441.13,2437.07,2439.22,552.4661
2026-08-25 23:55:00,2439.21,2444.06,2438.6,2442.64,710.8806
2026-08-26 00:00:00,2442.65,2445.0,2439.63,2444.4,1051.5315
2026-08-26 00:05:00,2444.4,2444.4,2435.81,2437.8,706.6441
2026-08-26 00:10:00,2437.81,2441.26,2436.28,2437.26,522.7958
2026-08-26 00:15:00,2437.26,2443.0,2436.74,2441.74,459.7493
2026-08-26 00:20:00,2441.74,2443.44,2438.77,2443.44,233.874
2026-08-26 00:25:00,2443.45,2443.81,2440.92,2443.73,268.0835
2026-08-26 00:30:00,2443.73,2446.11,2443.42,2443.78,510.8206
2026-08-26 00:35:00,2443.78,2444.27,2438.0,2438.02,1258.2665
2026-08-26 00:40:00,2438.02,2443.51,2437.04,2440.38,557.0535
2026-08-26 00:45:00,2440.39,2445.41,2439.1,2444.56,1245.1397
2026-08-26 00:50:00,2444.56,2450.51,2444.56,2449.94,1040.5245
2026-08-26 00:55:00,2449.93,2449.93,2446.24,2446.24,212.0393
2026-08-26 01:00:00,2446.24,2452.99,2445.0,2452.99,696.4972
2026-08-26 01:05:00,2452.99,2459.43,2452.99,2455.01,1279.877
2026-08-26 01:10:00,2455.0,2456.03,2452.55,2453.78,352.4455
2026-08-26 01:15:00,2453.78,2457.65,2452.69,2456.31,607.4172
2026-08-26 01:20:00,2456.3,2456.72,2454.46,2455.31,374.5167
2026-08-26 01:25:00,2455.28,2455.28,2452.5,2453.3,360.212
2026-08-26 01:30:00,2453.3,2462.32,2453.3,2459.39,1381.9682
2026-08-26 01:35:00,2459.39,2462.01,2459.06,2459.07,581.4643
2026-08-26 01:40:00,2459.06,2459.61,2456.25,2457.64,243.717
2026-08-26 01:45:00,2457.64,2457.7,2455.0,2455.66,280.5754
2026-08-26 01:50:00,2455.65,2456.0,2454.16,2455.05,286.7522
2026-08-26 01:55:00,2455.05,2455.99,2454.01,2455.99,96.3778
2026-08-26 02:00:00,2455.98,2459.07,2455.61,2457.4,436.9857
2026-08-26 02:05:00,2457.4,2457.55,2454.05,2454.35,198.6906
2026-08-26 02:10:00,2454.35,2456.93,2454.18,2455.43,163.0594
2026-08-26 02:15:00,2455.42,2463.13,2455.2,2460.69,761.4987
2026-08-26 02:20:00,2460.69,2462.42,2460.37,2462.0,532.8853
2026-08-26 02:25:00,2462.01,2468.12,2462.0,2468.08,802.944
2026-08-26 02:30:00,2468.08,2469.82,2464.97,2468.24,758.5557
2026-08-26 02:35:00,2468.24,2469.43,2465.98,2467.65,346.1391
2026-08-26 02:40:00,2467.64,2468.32,2466.71,2467.05,186.3538
2026-08-26 02:45:00,2467.06,2468.81,2464.56,2465.9,329.0378
2026-08-26 02:50:00,2465.9,2466.27,2464.21,2464.58,233.7629
2026-08-26 02:55:00,2464.59,2466.84,2464.59,2465.21,236.1899
2026-08-26 03:00:00,2465.21,2468.0,2464.54,2464.55,246.389
2026-08-26 03:05:00,2464.54,2465.58,2462.54,2462.7,505.0184
2026-08-26 03:10:00,2462.69,2463.74,2462.17,2463.13,481.8528
2026-08-26 03:15:00,2463.13,2464.56,2460.2,2461.15,366.5607
2026-08-26 03:20:00,2461.15,2466.32,2461.15,2465.09,356.5011
2026-08-26 03:25:00,2465.08,2465.08,2463.0,2463.48,221.7232
2026-08-26 03:30:00,2463.48,2463.48,2458.66,2461.83,435.9182
2026-08-26 03:35:00,2461.84,2467.64,2461.84,2464.97,601.2075
2026-08-26 03:40:00,2464.98,2465.28,2462.23,2464.88,340.1166
2026-08-26 03:45:00,2464.89,2465.5,2461.42,2461.73,313.3423
2026-08-26 03:50:00,2461.72,2465.3,2461.09,2465.3,458.5152
2026-08-26 03:55:00,2465.3,2467.19,2465.3,2465.57,430.8836
2026-08-26 04:00:00,2465.56,2465.77,2462.03,2464.6,591.3291
2026-08-26 04:05:00,2464.6,2472.86,2463.1,2472.76,1159.0536
2026-08-26 04:10:00,2472.76,2472.76,2464.69,2466.31,579.5512
2026-08-26 04:15:00,2466.31,2470.0,2465.15,2469.98,539.8692
2026-08-26 04:20:00,2469.98,2470.0,2466.55,2469.22,359.345
2026-08-26 04:25:00,2469.22,2470.0,2465.79,2466.4,505.2567
2026-08-26 04:30:00,2466.41,2467.2,2462.73,2464.34,863.866
2026-08-26 04:35:00,2464.35,2466.89,2463.59,2463.92,288.1962
2026-08-26 04:40:00,2463.91,2465.6,2463.58,2464.4,326.2406
2026-08-26 04:45:00,2464.41,2464.41,2457.43,2460.52,1228.6612
2026-08-26 04:50:00,2460.52,2462.1,2458.74,2460.48,457.2556
2026-08-26 04:55:00,2460.48,2460.48,2455.68,2456.9,566.0178
2026-08-26 05:00:00,2456.89,2458.98,2455.6,2456.73,549.7952
2026-08-26 05:05:00,2456.72,2456.98,2451.49,2455.86,700.5817
2026-08-26 05:10:00,2455.86,2460.33,2455.81,2457.79,417.2728
2026-08-26 05:15:00,2457.78,2459.25,2453.95,2454.13,683.8361
2026-08-26 05:20:00,2454.13,2462.4,2454.13,2461.95,739.6298
2026-08-26 05:25:00,2461.95,2463.99,2460.28,2463.11,418.6081
2026-08-26 05:30:00,2463.11,2468.0,2462.16,2465.73,621.1132
2026-08-26 05:35:00,2465.74,2465.98,2462.24,2463.85,399.3157
2026-08-26 05:40:00,2463.85,2465.78,2463.47,2465.24,443.4259
2026-08-26 05:45:00,2465.24,2465.24,2463.12,2464.67,331.452
2026-08-26 05:50:00,2464.67,2464.87,2461.22,2461.32,292.1625
2026-08-26 05:55:00,2461.32,2464.92,2461.31,2464.92,359.8803
2026-08-26 06:00:00,2464.91,2467.0,2463.12,2464.86,852.3498
2026-08-26 06:05:00,2464.86,2467.47,2464.85,2467.19,441.0541
2026-08-26 06:10:00,2467.16,2467.16,2461.16,2461.8,590.2133
2026-08-26 06:15:00,2461.8,2462.25,2457.26,2457.26,456.1801
2026-08-26 06:20:00,2457.26,2459.85,2455.89,2456.16,359.9843
2026-08-26 06:25:00,2456.16,2458.19,2454.61,2456.92,539.0296
2026-08-26 06:30:00,2456.91,2459.91,2456.27,2456.82,679.7105
2026-08-26 06:35:00,2456.82,2457.49,2453.59,2456.78,717.9249
2026-08-26 06:40:00,2456.83,2460.64,2456.51,2460.27,465.4662
2026-08-26 06:45:00,2460.27,2461.36,2457.6,2458.73,330.2247
2026-08-26 06:50:00,2458.74,2460.48,2458.55,2460.48,286.9668
2026-08-26 06:55:00,2460.48,2460.73,2458.87,2460.13,306.6423
2026-08-26 07:00:00,2460.14,2465.29,2457.22,2465.29,1230.8745
2026-08-26 07:05:00,2465.29,2468.66,2462.28,2462.51,1150.7201
2026-08-26 07:10:00,2462.51,2465.79,2462.51,2464.72,347.2653
2026-08-26 07:15:00,2464.73,2466.0,2463.55,2463.84,472.6695
2026-08-26 07:20:00,2463.83,2465.9,2461.47,2463.93,675.5678
2026-08-26 07:25:00,2463.92,2466.82,2463.12,2463.39,630.2183
2026-08-26 07:30:00,2463.4,2464.79,2461.55,2464.79,682.4251
2026-08-26 07:35:00,2464.79,2467.0,2464.31,2466.03,1131.1277
2026-08-26 07:40:00,2466.03,2466.63,2464.31,2465.06,991.9603
2026-08-26 07:45:00,2465.07,2466.15,2463.35,2465.55,456.4291
2026-08-26 07:50:00,2465.55,2466.99,2462.73,2462.74,771.9714
2026-08-26 07:55:00,2462.73,2464.56,2461.48,2461.78,810.7028
2026-08-26 08:00:00,2461.78,2463.24,2459.36,2461.2,445.2087
2026-08-26 08:05:00,2461.19,2467.48,2459.81,2466.53,1155.9478
2026-08-26 08:10:00,2466.53,2470.0,2465.18,2465.18,2942.7752
2026-08-26 08:15:00,2465.19,2466.49,2462.41,2462.99,665.0004
2026-08-26 08:20:00,2462.99,2463.02,2458.33,2461.09,447.038
2026-08-26 08:25:00,2461.09,2464.08,2461.09,2462.83,497.3861
2026-08-26 08:30:00,2462.83,2463.69,2460.21,2462.1,695.71
2026-08-26 08:35:00,2462.1,2462.88,2461.09,2461.72,1172.7582
2026-08-26 08:40:00,2461.72,2464.63,2461.09,2464.2,919.3335
2026-08-26 08:45:00,2464.19,2464.19,2460.54,2461.26,528.8833
2026-08-26 08:50:00,2461.26,2462.0,2455.36,2455.37,883.1565
2026-08-26 08:55:00,2455.37,2457.04,2453.66,2456.29,896.6777
2026-08-26 09:00:00,2456.29,2460.5,2454.6,2458.68,1128.5082
2026-08-26 09:05:00,2458.68,2461.0,2458.13,2458.39,405.0125
2026-08-26 09:10:00,2458.39,2459.45,2456.09,2456.09,270.5061
2026-08-26 09:15:00,2456.1,2456.44,2445.24,2448.0,1747.2322
2026-08-26 09:20:00,2448.0,2450.63,2445.87,2446.52,863.7058
2026-08-26 09:25:00,2446.53,2451.42,2446.53,2450.61,1479.8209
2026-08-26 09:30:00,2450.61,2453.2,2448.11,2452.18,736.8839
2026-08-26 09:35:00,2452.19,2452.46,2448.19,2448.67,364.8869
2026-08-26 09:40:00,2448.67,2448.95,2444.25,2444.85,773.6076
2026-08-26 09:45:00,2444.86,2448.79,2442.76,2448.79,1040.653
2026-08-26 09:50:00,2448.78,2449.57,2446.1,2446.1,342.6864
2026-08-26 09:55:00,2446.11,2448.22,2446.08,2447.87,252.3837
2026-08-26 10:00:00,2447.86,2447.86,2444.86,2445.81,596.3255
2026-08-26 10:05:00,2445.82,2447.03,2444.69,2445.5,392.255
2026-08-26 10:10:00,2445.5,2450.0,2444.71,2449.47,450.058
2026-08-26 10:15:00,2449.47,2452.01,2449.23,2451.61,658.9679
2026-08-26 10:20:00,2451.6,2452.94,2450.0,2452.93,454.8773
2026-08-26 10:25:00,2452.94,2454.66,2452.18,2454.39,472.3251
2026-08-26 10:30:00,2454.4,2457.97,2453.65,2457.83,701.0601
2026-08-26 10:35:00,2457.84,2470.31,2457.84,2466.04,2011.7043
2026-08-26 10:40:00,2466.05,2467.36,2463.15,2465.01,2664.6049
2026-08-26 10:45:00,2465.02,2475.0,2464.08,2474.68,1718.862
2026-08-26 10:50:00,2474.69,2475.61,2469.25,2470.3,1465.2691
2026-08-26 10:55:00,2470.3,2471.09,2468.38,2468.96,388.3162
2026-08-26 11:00:00,2468.97,2473.25,2468.75,2472.48,655.9374
2026-08-26 11:05:00,2472.47,2472.98,2467.32,2468.99,522.9726
2026-08-26 11:10:00,2469.0,2470.0,2466.87,2468.22,637.4547
2026-08-26 11:15:00,2468.23,2468.97,2466.05,2466.82,397.9945
2026-08-26 11:20:00,2466.83,2468.17,2465.63,2466.81,526.8712
2026-08-26 11:25:00,2466.81,2467.19,2465.06,2466.19,367.1132
2026-08-26 11:30:00,2466.19,2466.19,2464.41,2465.22,783.8122
2026-08-26 11:35:00,2465.22,2467.65,2456.32,2459.62,1172.533
2026-08-26 11:40:00,2459.63,2463.13,2457.56,2461.85,418.1665
2026-08-26 11:45:00,2461.85,2461.99,2459.44,2459.66,230.6135
2026-08-26 11:50:00,2459.67,2465.98,2459.66,2465.56,342.8269
2026-08-26 11:55:00,2465.56,2468.78,2462.62,2463.09,665.0504
2026-08-26 12:00:00,2463.09,2465.63,2460.86,2463.13,473.3896
2026-08-26 12:05:00,2463.13,2463.13,2458.58,2461.39,534.4045
2026-08-26 12:10:00,2461.4,2463.81,2460.42,2460.58,433.869
2026-08-26 12:15:00,2460.57,2461.67,2457.59,2459.69,548.471
2026-08-26 12:20:00,2459.7,2468.45,2459.7,2468.25,573.719
2026-08-26 12:25:00,2468.24,2472.05,2467.77,2471.21,941.3719
2026-08-26 12:30:00,2471.21,2471.22,2443.76,2460.59,4977.5516
2026-08-26 12:35:00,2460.59,2463.61,2452.69,2456.02,969.649
2026-08-26 12:40:00,2456.01,2460.12,2455.01,2455.01,868.0997
2026-08-26 12:45:00,2455.01,2459.47,2452.79,2457.21,866.3967
2026-08-26 12:50:00,2457.21,2460.41,2452.58,2454.78,746.231
2026-08-26 12:55:00,2454.77,2458.04,2453.84,2455.01,547.5904
2026-08-26 13:00:00,2455.01,2458.29,2452.45,2452.45,800.3997
2026-08-26 13:05:00,2452.46,2454.58,2448.0,2449.65,826.8693
2026-08-26 13:10:00,2449.65,2449.87,2442.0,2446.06,2305.6842
2026-08-26 13:15:00,2446.06,2448.09,2442.14,2445.52,1032.2103
2026-08-26 13:20:00,2445.51,2447.73,2438.77,2440.67,2246.3391
2026-08-26 13:25:00,2440.66,2446.01,2437.11,2444.29,1612.5689
2026-08-26 13:30:00,2444.29,2454.56,2443.61,2452.02,2174.968
2026-08-26 13:35:00,2452.01,2457.81,2449.39,2452.5,1362.7667
2026-08-26 13:40:00,2452.48,2459.27,2451.5,2458.82,1512.0108
2026-08-26 13:45:00,2458.82,2462.76,2455.18,2455.68,2083.3004
2026-08-26 13:50:00,2455.67,2455.68,2450.0,2452.55,1186.6319
2026-08-26 13:55:00,2452.55,2457.94,2451.57,2457.3,527.2577
2026-08-26 14:00:00,2457.3,2462.14,2453.63,2459.71,1463.7142
2026-08-26 14:05:00,2459.71,2461.65,2457.16,2459.24,1328.3987
2026-08-26 14:10:00,2459.24,2461.2,2455.73,2456.3,762.6687
2026-08-26 14:15:00,2456.31,2461.9,2455.65,2458.45,821.4346
2026-08-26 14:20:00,2458.44,2459.15,2453.32,2453.32,717.2127
2026-08-26 14:25:00,2453.31,2454.12,2448.82,2450.76,1392.7505
2026-08-26 14:30:00,2450.75,2452.91,2449.01,2450.16,702.9217
2026-08-26 14:35:00,2450.15,2452.57,2446.9,2448.76,983.4493
2026-08-26 14:40:00,2448.75,2450.51,2444.5,2445.0,1090.9853
2026-08-26 14:45:00,2445.01,2445.95,2440.05,2444.94,1397.6145
2026-08-26 14:50:00,2444.94,2447.49,2441.72,2442.12,963.1016
2026-08-26 14:55:00,2442.13,2442.77,2438.41,2439.38,1212.6326
2026-08-26 15:00:00,2439.38,2442.0,2432.32,2433.33,3039.6168
2026-08-26 15:05:00,2433.34,2443.39,2432.46,2442.69,1432.0206
2026-08-26 15:10:00,2442.68,2443.24,2439.84,2441.21,1376.7221
2026-08-26 15:15:00,2441.21,2441.91,2436.26,2438.92,853.6378
2026-08-26 15:20:00,2438.93,2444.84,2438.92,2443.98,648.578
2026-08-26 15:25:00,2443.99,2455.38,2443.99,2454.4,2190.5141
2026-08-26 15:30:00,2454.4,2454.74,2444.67,2444.85,1573.313
2026-08-26 15:35:00,2444.84,2446.84,2441.81,2446.57,1129.0627
2026-08-26 15:40:00,2446.57,2450.96,2446.57,2448.0,796.8416
2026-08-26 15:45:00,2448.0,2453.04,2448.0,2452.73,654.6319
2026-08-26 15:50:00,2452.73,2452.73,2448.99,2449.0,1339.6041
2026-08-26 15:55:00,2449.0,2451.84,2448.92,2449.85,1122.5288
2026-08-26 16:00:00,2449.85,2451.75,2447.31,2451.75,387.3385
2026-08-26 16:05:00,2451.74,2455.36,2451.35,2453.61,645.6307
2026-08-26 16:10:00,2453.61,2453.61,2449.69,2450.4,641.8353
2026-08-26 16:15:00,2450.4,2451.0,2447.82,2449.88,549.3348
2026-08-26 16:20:00,2449.89,2453.25,2448.95,2448.95,738.3221
2026-08-26 16:25:00,2448.95,2450.5,2447.41,2449.29,847.5975
2026-08-26 16:30:00,2449.28,2451.76,2447.75,2451.76,538.9427
2026-08-26 16:35:00,2451.76,2453.76,2441.45,2441.68,999.0962
2026-08-26 16:40:00,2441.67,2443.81,2438.1,2438.69,1221.0952
2026-08-26 16:45:00,2438.7,2451.5,2438.7,2448.33,1279.023
2026-08-26 16:50:00,2448.32,2450.07,2444.86,2446.37,347.1854
2026-08-26 16:55:00,2446.38,2447.3,2444.5,2444.64,354.0393
2026-08-26 17:00:00,2444.65,2447.18,2444.08,2445.75,470.1402
2026-08-26 17:05:00,2445.74,2448.39,2443.8,2446.46,405.1211
2026-08-26 17:10:00,2446.45,2447.36,2444.0,2447.35,439.7916
2026-08-26 17:15:00,2447.36,2452.69,2447.36,2451.88,535.9852
2026-08-26 17:20:00,2451.88,2456.85,2451.62,2456.76,954.9938
2026-08-26 17:25:00,2456.77,2463.45,2456.72,2463.08,1989.6765
2026-08-26 17:30:00,2463.09,2467.03,2461.81,2464.92,1575.938
2026-08-26 17:35:00,2464.92,2465.29,2461.49,2463.8,708.1235
2026-08-26 17:40:00,2463.8,2466.36,2461.05,2461.44,1554.3318
2026-08-26 17:45:00,2461.44,2461.67,2455.72,2457.61,931.3124
2026-08-26 17:50:00,2457.61,2462.0,2457.6,2461.55,341.581
2026-08-26 17:55:00,2461.55,2462.78,2459.93,2460.84,406.2713
2026-08-26 18:00:00,2460.84,2463.55,2458.85,2462.3,410.362
2026-08-26 18:05:00,2462.3,2466.32,2461.68,2465.37,532.6357
2026-08-26 18:10:00,2465.36,2471.28,2465.15,2467.21,1472.2022
2026-08-26 18:15:00,2467.22,2468.7,2465.35,2467.02,659.4343
2026-08-26 18:20:00,2467.02,2469.22,2465.15,2465.7,654.6525
2026-08-26 18:25:00,2465.7,2466.07,2461.67,2462.9,668.7252
2026-08-26 18:30:00,2462.9,2466.2,2462.43,2464.35,698.084
2026-08-26 18:35:00,2464.34,2467.11,2463.98,2464.43,530.0959
2026-08-26 18:40:00,2464.43,2464.71,2462.37,2464.62,392.5649
2026-08-26 18:45:00,2464.63,2469.86,2464.46,2469.73,666.7115
2026-08-26 18:50:00,2469.72,2472.59,2468.18,2472.58,1385.279
2026-08-26 18:55:00,2472.59,2474.34,2471.94,2472.69,786.87
2026-08-26 19:00:00,2472.69,2473.5,2471.11,2472.02,912.4582
2026-08-26 19:05:00,2472.02,2472.91,2469.43,2469.51,905.6597
2026-08-26 19:10:00,2469.51,2473.0,2469.21,2470.52,647.7429
2026-08-26 19:15:00,2470.51,2473.59,2470.26,2472.99,810.7161
2026-08-26 19:20:00,2472.99,2473.13,2471.32,2471.89,1046.2493
2026-08-26 19:25:00,2471.89,2483.52,2470.85,2480.33,3711.3008
2026-08-26 19:30:00,2480.33,2480.66,2475.62,2477.01,1077.5779
2026-08-26 19:35:00,2477.02,2477.7,2470.31,2470.32,987.7416
2026-08-26 19:40:00,2470.31,2471.89,2468.0,2471.25,1133.6236
2026-08-26 19:45:00,2471.26,2473.75,2470.65,2473.15,858.1572
2026-08-26 19:50:00,2473.15,2473.89,2470.15,2471.18,777.201
2026-08-26 19:55:00,2471.19,2472.72,2469.08,2470.79,904.4759
2026-08-26 20:00:00,2470.79,2472.87,2468.83,2472.87,1007.3185
2026-08-26 20:05:00,2472.87,2474.49,2471.81,2471.82,283.9542
2026-08-26 20:10:00,2471.81,2472.81,2469.15,2469.15,593.5399
2026-08-26 20:15:00,2469.16,2470.78,2467.65,2469.56,460.5627
2026-08-26 20:20:00,2469.55,2469.55,2460.29,2466.14,1717.194
2026-08-26 20:25:00,2466.13,2469.13,2466.13,2469.1,355.2848
2026-08-26 20:30:00,2469.1,2469.75,2466.0,2466.21,512.1882
2026-08-26 20:35:00,2466.21,2467.52,2464.29,2466.51,2327.7801
2026-08-26 20:40:00,2466.51,2469.75,2466.51,2468.76,395.2654
2026-08-26 20:45:00,2468.76,2470.41,2468.41,2469.17,279.0578
2026-08-26 20:50:00,2469.17,2470.38,2468.51,2470.37,245.9605
2026-08-26 20:55:00,2470.38,2472.87,2470.38,2472.27,2504.6095
2026-08-26 21:00:00,2472.27,2473.0,2470.56,2471.07,419.3457
2026-08-26 21:05:00,2471.07,2485.96,2471.07,2484.72,2023.5641
2026-08-26 21:10:00,2484.71,2494.68,2480.37,2492.5,3076.3862
2026-08-26 21:15:00,2492.51,2495.98,2488.31,2492.05,2240.6998
2026-08-26 21:20:00,2492.04,2495.59,2489.62,2494.96,2659.6279
2026-08-26 21:25:00,2494.96,2505.0,2492.52,2500.81,5927.8473
2026-08-26 21:30:00,2500.81,2501.13,2495.11,2496.11,1086.5769
2026-08-26 21:35:00,2496.11,2501.1,2495.58,2496.72,921.6955
2026-08-26 21:40:00,2496.71,2496.71,2493.73,2494.15,667.2234
2026-08-26 21:45:00,2494.16,2495.0,2491.67,2492.43,589.9494
2026-08-26 21:50:00,2492.43,2497.96,2492.42,2497.17,435.3377
2026-08-26 21:55:00,2497.17,2498.39,2495.54,2496.82,542.4252
2026-08-26 22:00:00,2496.82,2503.71,2494.66,2503.71,1537.6044
2026-08-26 22:05:00,2503.7,2507.0,2501.67,2501.68,1269.4109
2026-08-26 22:10:00,2501.68,2503.71,2499.98,2503.42,1145.8529
2026-08-26 22:15:00,2503.42,2514.83,2502.78,2510.79,3712.1009
2026-08-26 22:20:00,2510.79,2515.38,2506.22,2506.46,1166.0811
2026-08-26 22:25:00,2506.45,2508.56,2505.29,2506.13,566.5242
2026-08-26 22:30:00,2506.13,2506.6,2499.62,2500.49,984.0848
2026-08-26 22:35:00,2500.5,2500.99,2494.72,2495.06,819.215
2026-08-26 22:40:00,2495.07,2499.37,2494.72,2497.66,572.3232
2026-08-26 22:45:00,2497.66,2497.66,2493.23,2493.75,497.2409
2026-08-26 22:50:00,2493.74,2493.75,2489.49,2490.91,885.0523
2026-08-26 22:55:00,2490.95,2496.0,2489.57,2493.73,432.0611
2026-08-26 23:00:00,2493.72,2495.72,2490.29,2494.95,694.6668
2026-08-26 23:05:00,2494.94,2494.95,2488.33,2489.34,543.2764
2026-08-26 23:10:00,2489.33,2491.4,2488.98,2490.45,516.4179
2026-08-26 23:15:00,2490.44,2494.4,2489.95,2494.4,724.3963
2026-08-26 23:20:00,2494.4,2497.69,2493.51,2497.06,731.26
2026-08-26 23:25:00,2497.06,2500.84,2495.03,2498.92,1051.149
2026-08-26 23:30:00,2498.91,2502.0,2497.96,2498.8,1016.1549
2026-08-26 23:35:00,2498.79,2506.15,2498.64,2504.57,1116.3129
2026-08-26 23:40:00,2504.56,2507.76,2502.29,2507.35,896.4099
2026-08-26 23:45:00,2507.35,2512.69,2501.59,2505.61,2117.2288
2026-08-26 23:50:00,2505.61,2506.79,2503.0,2505.41,1286.26
2026-08-26 23:55:00,2505.39,2508.21,2504.48,2506.78,1886.2542
2026-08-27 00:00:00,2506.78,2507.18,2500.14,2500.14,1300.1749
2026-08-27 00:05:00,2500.14,2510.42,2500.0,2510.42,1516.6988
2026-08-27 00:10:00,2510.42,2510.64,2502.15,2502.61,1391.7982
2026-08-27 00:15:00,2502.61,2506.64,2500.73,2506.59,813.5865
2026-08-27 00:20:00,2506.59,2506.59,2501.33,2501.33,531.2592
2026-08-27 00:25:00,2501.33,2501.33,2499.01,2500.92,460.6247
2026-08-27 00:30:00,2500.92,2501.68,2498.44,2498.66,445.6075
2026-08-27 00:35:00,2498.66,2499.63,2495.76,2496.76,605.3486
2026-08-27 00:40:00,2496.76,2497.98,2494.15,2496.2,688.8035
2026-08-27 00:45:00,2496.2,2496.2,2492.88,2495.43,652.2298
2026-08-27 00:50:00,2495.43,2497.24,2492.23,2492.47,624.1425
2026-08-27 00:55:00,2492.47,2494.4,2492.0,2492.01,1008.1281
2026-08-27 01:00:00,2492.0,2493.83,2488.7,2492.02,939.55
2026-08-27 01:05:00,2492.02,2495.04,2489.03,2490.82,643.3616
2026-08-27 01:10:00,2490.82,2491.9,2487.03,2489.5,633.8138
2026-08-27 01:15:00,2489.49,2492.52,2487.48,2491.64,401.9515
2026-08-27 01:20:00,2491.65,2496.5,2491.65,2496.5,471.9091
2026-08-27 01:25:00,2496.5,2505.64,2496.48,2503.04,1138.1816
2026-08-27 01:30:00,2503.05,2505.74,2498.08,2500.9,966.5149
2026-08-27 01:35:00,2500.89,2502.9,2498.26,2499.27,711.7089
2026-08-27 01:40:00,2499.27,2499.27,2493.0,2493.0,667.6436
2026-08-27 01:45:00,2493.0,2502.05,2492.82,2502.05,742.9677
2026-08-27 01:50:00,2502.05,2506.15,2501.34,2501.67,2396.7848
2026-08-27 01:55:00,2501.68,2503.71,2497.76,2497.87,556.9311
2026-08-27 02:00:00,2497.87,2502.53,2497.44,2502.18,827.7532
2026-08-27 02:05:00,2502.17,2503.8,2501.07,2503.8,382.1133
2026-08-27 02:10:00,2503.8,2504.95,2501.2,2502.12,721.376
2026-08-27 02:15:00,2502.08,2502.48,2500.0,2501.27,282.7344
2026-08-27 02:20:00,2501.27,2502.13,2496.24,2497.4,526.7734
2026-08-27 02:25:00,2497.4,2497.63,2494.31,2495.97,347.3014
2026-08-27 02:30:00,2495.97,2498.16,2494.88,2497.62,344.5588
2026-08-27 02:35:00,2497.61,2497.62,2494.57,2494.94,164.7865
2026-08-27 02:40:00,2494.95,2494.95,2493.12,2494.0,330.07
2026-08-27 02:45:00,2493.99,2495.58,2493.37,2495.04,294.3134
2026-08-27 02:50:00,2495.03,2495.92,2494.0,2494.23,321.4716
2026-08-27 02:55:00,2494.23,2494.73,2493.55,2494.73,283.8806
2026-08-27 03:00:00,2494.73,2495.16,2493.72,2494.56,264.132
2026-08-27 03:05:00,2494.56,2497.0,2493.64,2494.2,329.4713
2026-08-27 03:10:00,2494.2,2495.29,2490.61,2491.09,373.8199
2026-08-27 03:15:00,2491.09,2494.73,2489.2,2494.61,523.9945
2026-08-27 03:20:00,2494.61,2498.33,2491.52,2496.24,1530.7548
2026-08-27 03:25:00,2496.25,2499.03,2494.07,2497.91,962.3663
2026-08-27 03:30:00,2497.91,2498.45,2494.41,2494.78,415.1204
2026-08-27 03:35:00,2494.79,2495.95,2493.55,2493.79,278.1257
2026-08-27 03:40:00,2493.78,2494.1,2492.41,2492.46,553.3056
2026-08-27 03:45:00,2492.47,2494.73,2489.32,2490.2,1512.852
2026-08-27 03:50:00,2490.21,2492.0,2489.45,2492.0,762.4298
2026-08-27 03:55:00,2491.99,2492.89,2491.32,2492.89,202.026
2026-08-27 04:00:00,2492.89,2494.66,2492.89,2493.56,502.1336
2026-08-27 04:05:00,2493.56,2494.99,2491.52,2494.96,324.0353
2026-08-27 04:10:00,2494.96,2494.96,2493.55,2494.17,476.2373
2026-08-27 04:15:00,2494.18,2495.75,2494.09,2495.54,398.6129
2026-08-27 04:20:00,2495.52,2495.52,2493.21,2494.65,268.3452
2026-08-27 04:25:00,2494.66,2494.77,2491.92,2491.92,281.985
2026-08-27 04:30:00,2491.92,2491.92,2487.02,2487.36,799.7186
2026-08-27 04:35:00,2487.36,2487.82,2484.41,2486.92,1507.8734
2026-08-27 04:40:00,2486.92,2489.29,2485.9,2489.15,488.5397
2026-08-27 04:45:00,2489.16,2491.12,2486.02,2486.82,323.4322
2026-08-27 04:50:00,2486.81,2487.12,2484.24,2486.77,439.3346
2026-08-27 04:55:00,2486.77,2487.39,2486.76,2487.38,460.8523
2026-08-27 05:00:00,2487.39,2488.61,2484.01,2484.14,609.8135
2026-08-27 05:05:00,2484.15,2487.35,2483.5,2486.97,401.6946
2026-08-27 05:10:00,2486.96,2487.63,2485.44,2485.44,210.2312
2026-08-27 05:15:00,2485.44,2485.45,2483.65,2484.87,168.0998
2026-08-27 05:20:00,2484.88,2490.44,2484.88,2490.43,187.7626
2026-08-27 05:25:00,2490.44,2491.36,2483.9,2485.28,787.7345
2026-08-27 05:30:00,2485.27,2486.14,2482.56,2483.98,485.8594
2026-08-27 05:35:00,2483.97,2488.54,2481.74,2487.58,522.807
2026-08-27 05:40:00,2487.57,2490.64,2486.34,2488.14,343.4222
2026-08-27 05:45:00,2488.14,2494.92,2487.94,2494.65,349.4725
2026-08-27 05:50:00,2494.65,2497.94,2493.68,2494.7,1628.0182
2026-08-27 05:55:00,2494.71,2496.94,2493.13,2496.63,768.1614
2026-08-27 06:00:00,2496.63,2496.63,2493.08,2493.08,287.5745
2026-08-27 06:05:00,2493.08,2493.73,2490.86,2490.91,228.6301
2026-08-27 06:10:00,2490.9,2490.91,2485.3,2488.5,715.3556
2026-08-27 06:15:00,2488.5,2488.5,2484.2,2485.91,1122.6679
2026-08-27 06:20:00,2485.91,2487.48,2485.03,2485.08,400.4167
2026-08-27 06:25:00,2485.07,2486.01,2484.34,2485.61,260.5882
2026-08-27 06:30:00,2485.62,2488.64,2485.61,2487.37,278.8578
2026-08-27 06:35:00,2487.37,2488.62,2487.08,2487.09,292.8344
2026-08-27 06:40:00,2487.09,2488.71,2487.06,2488.39,172.4416
2026-08-27 06:45:00,2488.39,2489.96,2488.39,2489.69,331.9162
2026-08-27 06:50:00,2489.7,2492.32,2489.7,2491.71,453.7088
2026-08-27 06:55:00,2491.7,2493.34,2491.52,2493.11,128.3144
2026-08-27 07:00:00,2493.11,2493.11,2490.9,2492.08,259.7323
2026-08-27 07:05:00,2492.08,2492.23,2490.79,2491.32,272.7986
2026-08-27 07:10:00,2491.31,2495.34,2491.06,2494.24,340.2914
2026-08-27 07:15:00,2494.24,2494.34,2493.19,2493.65,171.9726
2026-08-27 07:20:00,2493.65,2494.08,2490.59,2490.6,312.2102
2026-08-27 07:25:00,2490.59,2491.08,2488.86,2490.79,347.7994
2026-08-27 07:30:00,2490.79,2494.42,2490.64,2492.81,455.8615
2026-08-27 07:35:00,2492.81,2493.17,2490.41,2493.09,1808.7976
2026-08-27 07:40:00,2493.08,2493.09,2490.7,2491.65,509.8725
2026-08-27 07:45:00,2491.64,2492.88,2491.29,2492.87,439.1641
2026-08-27 07:50:00,2492.87,2496.39,2492.48,2496.38,646.5154
2026-08-27 07:55:00,2496.38,2499.0,2496.38,2497.16,703.2469
2026-08-27 08:00:00,2497.17,2518.99,2497.05,2513.04,5207.8805
2026-08-27 08:05:00,2513.04,2527.2,2506.05,2525.83,5554.5447
2026-08-27 08:10:00,2525.82,2529.0,2517.22,2520.0,4484.3404
2026-08-27 08:15:00,2520.0,2520.63,2514.59,2517.44,1984.3275
2026-08-27 08:20:00,2517.43,2518.76,2512.44,2517.83,2080.9156
2026-08-27 08:25:00,2517.82,2535.0,2517.82,2533.88,5304.0165
2026-08-27 08:30:00,2533.88,2546.84,2533.69,2536.75,6554.4373
2026-08-27 08:35:00,2536.76,2536.9,2527.08,2530.74,2133.5246
2026-08-27 08:40:00,2530.77,2538.98,2529.02,2536.42,2195.4057
2026-08-27 08:45:00,2536.42,2540.58,2533.39,2535.26,2332.2943
2026-08-27 08:50:00,2535.26,2538.92,2532.75,2533.21,1347.2239
2026-08-27 08:55:00,2533.2,2533.2,2528.79,2531.05,1131.7469
2026-08-27 09:00:00,2531.05,2532.33,2525.45,2528.29,2938.9373
2026-08-27 09:05:00,2528.33,2533.52,2526.81,2532.33,1846.1956
2026-08-27 09:10:00,2532.34,2536.91,2532.33,2535.61,1105.5277
2026-08-27 09:15:00,2535.62,2537.67,2531.16,2537.66,1631.315
2026-08-27 09:20:00,2537.67,2542.23,2536.5,2540.19,2754.5705
2026-08-27 09:25:00,2540.19,2566.53,2540.19,2554.44,13681.2915
2026-08-27 09:30:00,2554.44,2556.58,2546.26,2546.81,2306.3975
2026-08-27 09:35:00,2546.82,2548.56,2543.66,2546.6,1490.6689
2026-08-27 09:40:00,2546.61,2548.91,2538.82,2541.54,1502.297
2026-08-27 09:45:00,2541.54,2545.54,2540.92,2541.11,493.9831
2026-08-27 09:50:00,2541.11,2541.69,2536.43,2537.78,854.7905
2026-08-27 09:55:00,2537.78,2537.78,2532.53,2534.94,831.4656
2026-08-27 10:00:00,2534.94,2536.09,2529.45,2535.27,3628.7622
2026-08-27 10:05:00,2535.28,2539.98,2534.59,2539.69,1184.7586
2026-08-27 10:10:00,2539.68,2539.69,2525.57,2529.95,1281.8397
2026-08-27 10:15:00,2529.96,2532.03,2527.04,2528.64,1037.7547
2026-08-27 10:20:00,2528.64,2530.65,2522.0,2522.88,1234.4987
2026-08-27 10:25:00,2522.88,2523.17,2486.97,2510.91,12877.4123
2026-08-27 10:30:00,2510.91,2513.0,2504.79,2507.84,1583.2114
2026-08-27 10:35:00,2507.85,2509.32,2496.98,2499.57,3016.5869
2026-08-27 10:40:00,2499.56,2507.86,2499.56,2505.86,1113.9208
2026-08-27 10:45:00,2505.85,2506.58,2501.09,2501.97,785.136
2026-08-27 10:50:00,2501.96,2505.38,2501.11,2505.37,568.3217
2026-08-27 10:55:00,2505.37,2505.99,2502.13,2503.6,1417.4104
2026-08-27 11:00:00,2503.6,2509.1,2501.81,2507.21,1280.5258
2026-08-27 11:05:00,2507.21,2508.46,2505.0,2506.13,591.0356
2026-08-27 11:10:00,2506.13,2508.1,2505.7,2508.1,666.5599
2026-08-27 11:15:00,2508.1,2509.4,2504.36,2507.17,840.7338
2026-08-27 11:20:00,2507.18,2508.91,2505.58,2508.3,342.6467
2026-08-27 11:25:00,2508.3,2510.18,2499.07,2501.24,2679.2448
2026-08-27 11:30:00,2501.23,2505.36,2498.39,2505.24,653.5482
2026-08-27 11:35:00,2505.24,2505.33,2499.58,2499.59,492.2988
2026-08-27 11:40:00,2499.59,2503.93,2499.59,2503.38,704.4784
2026-08-27 11:45:00,2503.37,2503.37,2498.96,2498.96,1499.2269
2026-08-27 11:50:00,2498.96,2502.42,2492.56,2502.42,1326.6113
2026-08-27 11:55:00,2502.42,2502.5,2501.03,2501.73,268.0935
2026-08-27 12:00:00,2501.74,2503.49,2501.0,2501.32,813.3646
2026-08-27 12:05:00,2501.31,2503.14,2500.0,2501.35,743.642
2026-08-27 12:10:00,2501.35,2506.8,2501.35,2505.36,666.0235
2026-08-27 12:15:00,2505.36,2507.18,2502.74,2502.74,565.536
2026-08-27 12:20:00,2502.75,2505.52,2502.75,2504.99,435.3982
2026-08-27 12:25:00,2504.98,2507.55,2504.9,2505.88,1149.4444
2026-08-27 12:30:00,2505.89,2506.16,2500.48,2500.48,906.7885
2026-08-27 12:35:00,2500.48,2501.1,2496.27,2500.28,3072.5342
2026-08-27 12:40:00,2500.29,2501.05,2496.29,2496.3,744.8984
2026-08-27 12:45:00,2496.3,2499.37,2496.29,2499.36,902.9245
2026-08-27 12:50:00,2499.37,2500.0,2497.41,2498.34,410.3677
2026-08-27 12:55:00,2498.33,2499.2,2492.28,2494.9,927.3363
2026-08-27 13:00:00,2494.9,2498.45,2494.9,2496.0,422.5617
2026-08-27 13:05:00,2495.99,2500.0,2495.14,2496.36,295.1838
2026-08-27 13:10:00,2496.37,2498.75,2496.37,2497.94,377.7006
2026-08-27 13:15:00,2497.94,2502.0,2496.87,2497.58,666.292
2026-08-27 13:20:00,2497.59,2503.04,2497.5,2502.19,654.3998
2026-08-27 13:25:00,2502.19,2506.86,2501.4,2503.09,1675.3337
2026-08-27 13:30:00,2503.09,2503.15,2490.13,2490.46,2355.9812
2026-08-27 13:35:00,2490.46,2495.02,2486.81,2491.83,2269.83
2026-08-27 13:40:00,2491.82,2493.8,2484.61,2489.97,2153.8484
2026-08-27 13:45:00,2489.96,2495.89,2482.54,2487.82,2768.3642
2026-08-27 13:50:00,2487.81,2495.46,2487.81,2493.49,897.7371
2026-08-27 13:55:00,2493.49,2498.21,2491.0,2496.68,1718.2287
2026-08-27 14:00:00,2496.69,2504.05,2494.21,2502.45,1625.4813
2026-08-27 14:05:00,2502.45,2504.68,2492.78,2494.22,1888.9165
2026-08-27 14:10:00,2494.21,2495.27,2489.04,2492.47,2411.6807
2026-08-27 14:15:00,2492.47,2502.92,2490.58,2502.02,1099.4164
2026-08-27 14:20:00,2502.01,2508.74,2500.53,2507.26,2224.7762
2026-08-27 14:25:00,2507.27,2508.63,2504.58,2508.4,1505.049
2026-08-27 14:30:00,2508.4,2512.83,2504.45,2511.01,1970.1004
2026-08-27 14:35:00,2511.01,2518.87,2511.01,2516.13,3196.8147
2026-08-27 14:40:00,2516.13,2523.46,2515.55,2520.8,4842.9987
2026-08-27 14:45:00,2520.79,2520.79,2512.0,2513.54,2310.9974
2026-08-27 14:50:00,2513.55,2517.14,2511.35,2512.25,787.8454
2026-08-27 14:55:00,2512.25,2518.93,2511.58,2517.44,891.0098
2026-08-27 15:00:00,2517.44,2521.02,2513.62,2518.85,1262.7067
2026-08-27 15:05:00,2518.86,2524.91,2517.79,2521.56,1645.887
2026-08-27 15:10:00,2521.57,2530.32,2520.82,2526.38,2042.0749
2026-08-27 15:15:00,2526.38,2527.84,2519.78,2524.34,1453.7496
2026-08-27 15:20:00,2524.34,2524.34,2516.46,2520.3,3033.4814
2026-08-27 15:25:00,2520.29,2524.78,2518.46,2523.1,2192.5796
2026-08-27 15:30:00,2523.1,2523.49,2515.23,2517.37,1238.8559
2026-08-27 15:35:00,2517.36,2531.84,2516.56,2527.8,2434.6275
2026-08-27 15:40:00,2527.79,2529.56,2521.87,2525.79,2914.1335
2026-08-27 15:45:00,2525.79,2526.37,2519.82,2522.14,1678.3581
2026-08-27 15:50:00,2522.14,2524.36,2520.53,2522.56,798.1559
2026-08-27 15:55:00,2522.56,2523.56,2519.78,2521.68,926.4243
2026-08-27 16:00:00,2521.68,2526.88,2521.67,2525.47,1703.312
2026-08-27 16:05:00,2525.47,2526.24,2516.32,2519.6,1639.9639
2026-08-27 16:10:00,2519.6,2527.0,2519.39,2523.95,1833.0082
2026-08-27 16:15:00,2523.95,2527.5,2523.52,2526.21,653.1039
2026-08-27 16:20:00,2526.21,2528.15,2525.0,2526.54,1030.4197
2026-08-27 16:25:00,2526.54,2527.35,2522.02,2522.06,1136.8257
2026-08-27 16:30:00,2522.06,2523.48,2520.1,2521.19,783.8787
2026-08-27 16:35:00,2521.19,2524.37,2518.82,2524.35,682.2004
2026-08-27 16:40:00,2524.35,2533.24,2524.09,2531.14,1564.4006
2026-08-27 16:45:00,2531.13,2531.16,2525.0,2526.35,690.4467
2026-08-27 16:50:00,2526.35,2528.25,2524.72,2525.57,760.3514
2026-08-27 16:55:00,2525.57,2525.57,2522.18,2522.31,821.2992
2026-08-27 17:00:00,2522.31,2522.34,2516.12,2520.19,1234.2043
2026-08-27 17:05:00,2520.18,2525.75,2517.83,2524.66,849.4446
2026-08-27 17:10:00,2524.66,2531.54,2524.65,2529.27,1593.8907
2026-08-27 17:15:00,2529.27,2533.78,2528.3,2531.27,3466.5562
2026-08-27 17:20:00,2531.28,2531.28,2526.58,2528.96,1135.8124
2026-08-27 17:25:00,2528.96,2529.18,2523.97,2523.98,1033.3967
2026-08-27 17:30:00,2523.98,2526.35,2522.69,2522.96,1150.5686
2026-08-27 17:35:00,2522.96,2524.64,2520.84,2522.19,876.3759
2026-08-27 17:40:00,2522.19,2522.76,2517.34,2518.31,921.3959
2026-08-27 17:45:00,2518.3,2520.39,2515.36,2520.39,1133.1576
2026-08-27 17:50:00,2520.38,2522.13,2519.03,2520.15,859.1362
2026-08-27 17:55:00,2520.15,2521.58,2517.92,2518.07,662.4002
2026-08-27 18:00:00,2518.07,2518.21,2513.37,2515.17,1060.801
2026-08-27 18:05:00,2515.17,2516.65,2513.87,2514.61,671.1823
2026-08-27 18:10:00,2514.61,2514.79,2494.36,2500.12,4054.4957
2026-08-27 18:15:00,2500.12,2503.36,2490.0,2490.91,3914.873
2026-08-27 18:20:00,2490.92,2497.16,2488.74,2495.2,4624.6656
2026-08-27 18:25:00,2495.19,2497.16,2493.0,2493.45,1357.0824
2026-08-27 18:30:00,2493.45,2496.31,2491.39,2492.75,1353.5614
2026-08-27 18:35:00,2492.75,2497.81,2491.96,2497.46,1503.3956
2026-08-27 18:40:00,2497.45,2497.9,2493.72,2496.9,1007.4906
2026-08-27 18:45:00,2496.89,2499.51,2495.48,2498.01,1477.7355
2026-08-27 18:50:00,2498.0,2501.79,2495.81,2500.79,1978.0532
2026-08-27 18:55:00,2500.79,2506.98,2500.31,2506.69,1000.4118
2026-08-27 19:00:00,2506.69,2509.52,2505.05,2508.36,1119.0171
2026-08-27 19:05:00,2508.37,2512.6,2507.62,2509.66,1313.4869
2026-08-27 19:10:00,2509.66,2511.39,2508.59,2510.12,944.2009
2026-08-27 19:15:00,2510.12,2512.12,2507.58,2509.77,1026.1352
2026-08-27 19:20:00,2509.77,2511.46,2508.27,2510.23,937.3118
2026-08-27 19:25:00,2510.24,2511.78,2509.29,2511.78,1299.8527
2026-08-27 19:30:00,2511.78,2514.34,2509.6,2513.0,1697.4466
2026-08-27 19:35:00,2512.99,2513.0,2507.82,2509.04,1198.5051
2026-08-27 19:40:00,2509.05,2510.65,2508.48,2510.41,726.9329
2026-08-27 19:45:00,2510.4,2511.76,2504.48,2505.9,1618.0115
2026-08-27 19:50:00,2505.92,2507.94,2503.41,2507.94,1148.9736
2026-08-27 19:55:00,2507.94,2507.94,2497.51,2498.21,2432.97
2026-08-27 20:00:00,2498.22,2501.17,2495.69,2495.69,898.4455
2026-08-27 20:05:00,2495.69,2500.68,2495.06,2499.23,783.326
2026-08-27 20:10:00,2499.23,2499.23,2496.66,2496.66,353.017
2026-08-27 20:15:00,2496.66,2500.55,2496.19,2500.45,343.5286
2026-08-27 20:20:00,2500.45,2504.68,2500.44,2503.1,609.6931
2026-08-27 20:25:00,2503.1,2505.5,2501.72,2502.95,465.2034
2026-08-27 20:30:00,2502.95,2504.89,2502.73,2504.02,298.9496
2026-08-27 20:35:00,2504.02,2505.49,2503.73,2505.49,224.7848
2026-08-27 20:40:00,2505.49,2506.56,2504.58,2506.32,229.9448
2026-08-27 20:45:00,2506.33,2507.91,2504.77,2505.88,390.6317
2026-08-27 20:50:00,2505.87,2506.31,2501.72,2503.17,379.1908
2026-08-27 20:55:00,2503.18,2507.83,2503.06,2507.83,396.2207
2026-08-27 21:00:00,2507.84,2508.75,2503.53,2505.49,634.0165
2026-08-27 21:05:00,2505.49,2508.09,2504.47,2506.42,564.649
2026-08-27 21:10:00,2506.41,2508.79,2505.75,2505.87,785.6024
2026-08-27 21:15:00,2505.87,2505.87,2501.48,2501.49,463.4071
2026-08-27 21:20:00,2501.49,2505.28,2500.43,2502.9,691.8066
2026-08-27 21:25:00,2502.91,2503.65,2501.69,2502.06,226.5602
2026-08-27 21:30:00,2502.06,2504.87,2502.02,2503.04,202.4904
2026-08-27 21:35:00,2503.03,2503.03,2499.73,2500.03,394.454
2026-08-27 21:40:00,2500.03,2501.36,2499.22,2499.62,495.908
2026-08-27 21:45:00,2499.63,2502.6,2499.22,2501.93,557.8933
2026-08-27 21:50:00,2501.93,2502.6,2499.49,2502.31,547.5037
2026-08-27 21:55:00,2502.31,2504.86,2502.3,2504.12,323.5805
2026-08-27 22:00:00,2504.12,2510.78,2504.12,2510.64,677.7081
2026-08-27 22:05:00,2510.65,2512.68,2509.18,2509.18,597.9166
2026-08-27 22:10:00,2509.17,2510.52,2508.55,2509.9,487.4756
2026-08-27 22:15:00,2509.91,2516.65,2509.9,2514.03,2888.5683
2026-08-27 22:20:00,2514.02,2516.98,2512.43,2512.44,658.2515
2026-08-27 22:25:00,2512.43,2512.99,2510.0,2512.96,999.6914
2026-08-27 22:30:00,2512.96,2514.36,2510.54,2514.02,488.3585
2026-08-27 22:35:00,2514.01,2514.01,2510.16,2513.82,462.7985
2026-08-27 22:40:00,2513.82,2514.02,2511.45,2513.05,282.3772
2026-08-27 22:45:00,2513.05,2513.2,2511.23,2512.58,251.4328
2026-08-27 22:50:00,2512.58,2515.0,2512.55,2514.34,705.1781
2026-08-27 22:55:00,2514.33,2515.18,2514.22,2515.15,1423.3018
2026-08-27 23:00:00,2515.16,2516.81,2513.64,2513.84,1065.0326
2026-08-27 23:05:00,2513.85,2515.83,2513.84,2513.84,464.1342
2026-08-27 23:10:00,2513.84,2514.22,2510.67,2511.11,508.8769
2026-08-27 23:15:00,2511.11,2514.58,2509.05,2513.97,393.142
2026-08-27 23:20:00,2513.98,2515.93,2512.1,2514.05,451.0428
2026-08-27 23:25:00,2514.05,2514.63,2512.66,2514.17,477.0633
2026-08-27 23:30:00,2514.16,2514.5,2512.9,2512.91,263.7395
2026-08-27 23:35:00,2512.9,2513.42,2511.86,2513.05,86.9923
2026-08-27 23:40:00,2513.04,2513.44,2510.69,2510.94,242.9216
2026-08-27 23:45:00,2510.93,2511.61,2509.67,2510.86,274.977
2026-08-27 23:50:00,2510.86,2512.64,2510.52,2512.06,227.5821
2026-08-27 23:55:00,2512.07,2512.07,2509.66,2510.94,278.9944
2026-08-28 00:00:00,2510.94,2511.4,2507.58,2507.59,329.0885
2026-08-28 00:05:00,2507.59,2508.36,2506.02,2507.6,409.8827
2026-08-28 00:10:00,2507.6,2509.21,2507.29,2508.4,278.501
2026-08-28 00:15:00,2508.4,2514.02,2508.39,2512.94,370.1756
2026-08-28 00:20:00,2512.93,2513.32,2509.66,2509.66,462.8946
2026-08-28 00:25:00,2509.66,2513.29,2508.2,2513.29,472.7059
2026-08-28 00:30:00,2513.29,2516.59,2509.99,2516.59,1348.163
2026-08-28 00:35:00,2516.58,2518.8,2513.84,2518.7,845.4443
2026-08-28 00:40:00,2518.69,2518.69,2514.78,2515.23,698.7556
2026-08-28 00:45:00,2515.23,2515.67,2513.52,2514.42,241.184
2026-08-28 00:50:00,2514.42,2515.12,2512.65,2513.59,304.6669
2026-08-28 00:55:00,2513.58,2519.91,2513.2,2515.61,557.7636
2026-08-28 01:00:00,2515.61,2521.77,2515.6,2520.97,843.8674
2026-08-28 01:05:00,2520.98,2520.98,2517.21,2520.1,433.7797
2026-08-28 01:10:00,2520.11,2525.08,2520.1,2521.82,1467.4082
2026-08-28 01:15:00,2521.82,2529.53,2520.1,2526.56,1227.8301
2026-08-28 01:20:00,2526.56,2529.5,2525.52,2527.22,1130.1389
2026-08-28 01:25:00,2527.23,2529.39,2525.63,2528.8,568.1129
2026-08-28 01:30:00,2528.79,2535.05,2525.76,2527.03,3244.1232
2026-08-28 01:35:00,2527.03,2527.99,2518.01,2520.93,1897.757
2026-08-28 01:40:00,2520.94,2522.19,2519.01,2519.01,410.4322
2026-08-28 01:45:00,2519.0,2520.0,2514.91,2515.78,695.208
2026-08-28 01:50:00,2515.79,2517.5,2510.99,2515.96,993.5547
2026-08-28 01:55:00,2515.97,2516.29,2507.83,2512.44,1752.2037
2026-08-28 02:00:00,2512.44,2512.44,2507.91,2510.54,1243.1109
2026-08-28 02:05:00,2510.54,2510.8,2506.98,2509.86,884.4179
2026-08-28 02:10:00,2509.86,2510.89,2502.77,2502.96,922.1796
2026-08-28 02:15:00,2502.95,2504.93,2499.3,2500.58,1380.5134
2026-08-28 02:20:00,2500.58,2500.81,2491.0,2496.86,2212.1267
2026-08-28 02:25:00,2496.86,2498.9,2494.67,2494.72,1577.4833
2026-08-28 02:30:00,2494.72,2497.49,2490.15,2497.49,1131.4966
2026-08-28 02:35:00,2497.49,2499.9,2497.48,2498.96,662.4923
2026-08-28 02:40:00,2498.96,2499.04,2495.69,2496.56,372.4908
2026-08-28 02:45:00,2496.56,2496.57,2488.03,2491.5,2132.9962
2026-08-28 02:50:00,2491.51,2492.59,2486.09,2492.58,1064.236
2026-08-28 02:55:00,2492.59,2494.39,2489.4,2492.26,1137.5377
2026-08-28 03:00:00,2492.26,2492.32,2489.0,2491.1,528.8622
2026-08-28 03:05:00,2491.1,2493.39,2486.58,2486.72,726.939
2026-08-28 03:10:00,2486.73,2492.54,2486.24,2490.54,489.4317
2026-08-28 03:15:00,2490.54,2493.13,2490.2,2493.12,289.2787
2026-08-28 03:20:00,2493.12,2495.51,2492.6,2495.28,528.7962
2026-08-28 03:25:00,2495.29,2495.6,2492.56,2492.57,345.0337
2026-08-28 03:30:00,2492.57,2494.91,2491.72,2492.31,426.1758
2026-08-28 03:35:00,2492.3,2492.61,2489.67,2490.92,609.8219
2026-08-28 03:40:00,2490.92,2491.56,2489.01,2489.26,514.769
2026-08-28 03:45:00,2489.27,2492.51,2489.0,2491.74,418.8116
2026-08-28 03:50:00,2491.74,2492.72,2490.22,2491.87,309.8349
2026-08-28 03:55:00,2491.87,2491.87,2488.93,2489.92,472.616
2026-08-28 04:00:00,2489.91,2491.28,2487.61,2488.0,532.1138
2026-08-28 04:05:00,2488.01,2489.36,2477.49,2481.78,3036.0358
2026-08-28 04:10:00,2481.8,2492.23,2481.25,2492.23,765.0151
2026-08-28 04:15:00,2492.22,2496.17,2492.04,2493.87,792.0481
2026-08-28 04:20:00,2493.87,2495.45,2488.0,2490.31,701.9922
2026-08-28 04:25:00,2490.31,2491.1,2490.16,2490.69,109.0668
2026-08-28 04:30:00,2490.69,2491.0,2485.7,2486.27,506.4971
2026-08-28 04:35:00,2486.28,2486.28,2483.56,2484.61,561.9214
2026-08-28 04:40:00,2484.61,2488.33,2484.61,2486.9,277.5568
2026-08-28 04:45:00,2486.91,2488.12,2485.18,2486.23,381.966
2026-08-28 04:50:00,2486.24,2489.0,2486.22,2486.88,340.308
2026-08-28 04:55:00,2486.88,2487.16,2485.04,2486.18,307.5907
2026-08-28 05:00:00,2486.18,2488.34,2484.0,2487.8,415.8856
2026-08-28 05:05:00,2487.81,2487.81,2482.23,2483.58,586.0522
2026-08-28 05:10:00,2483.59,2485.54,2483.03,2485.54,170.21
2026-08-28 05:15:00,2485.54,2486.27,2484.1,2484.21,253.3266
2026-08-28 05:20:00,2484.21,2485.21,2483.28,2485.19,172.9711
2026-08-28 05:25:00,2485.2,2491.0,2485.2,2490.17,870.0706
2026-08-28 05:30:00,2490.18,2494.43,2489.67,2492.91,904.3144
2026-08-28 05:35:00,2492.92,2495.3,2492.71,2494.45,551.0421
2026-08-28 05:40:00,2494.44,2495.65,2493.28,2495.28,367.588
2026-08-28 05:45:00,2495.29,2497.44,2494.96,2496.23,882.1747
2026-08-28 05:50:00,2496.23,2497.44,2494.88,2496.19,592.5343
2026-08-28 05:55:00,2496.19,2496.19,2492.0,2493.32,592.7781
2026-08-28 06:00:00,2493.32,2498.92,2493.31,2498.45,552.1208
2026-08-28 06:05:00,2498.46,2502.33,2497.68,2500.06,789.49
2026-08-28 06:10:00,2500.06,2503.77,2499.73,2503.57,1165.1492
2026-08-28 06:15:00,2503.56,2503.56,2501.16,2502.32,371.1522
2026-08-28 06:20:00,2502.32,2503.15,2500.91,2502.35,416.0499
2026-08-28 06:25:00,2502.34,2502.35,2500.98,2500.98,311.9309
2026-08-28 06:30:00,2500.99,2502.32,2499.34,2501.92,456.4781
2026-08-28 06:35:00,2501.92,2502.84,2500.5,2501.41,455.4483
2026-08-28 06:40:00,2501.41,2501.45,2499.17,2501.32,569.0733
2026-08-28 06:45:00,2501.32,2504.81,2501.1,2504.81,1213.2275
2026-08-28 06:50:00,2504.8,2505.37,2503.7,2503.71,571.4897
2026-08-28 06:55:00,2503.7,2504.4,2503.0,2503.0,302.0233
2026-08-28 07:00:00,2503.01,2503.42,2500.0,2500.0,362.5141
2026-08-28 07:05:00,2500.0,2500.0,2494.1,2495.48,1302.1109
2026-08-28 07:10:00,2495.48,2497.06,2495.12,2496.6,605.5074
2026-08-28 07:15:00,2496.59,2497.87,2496.17,2496.47,343.6579
2026-08-28 07:20:00,2496.46,2496.95,2494.97,2496.1,891.0779
2026-08-28 07:25:00,2496.09,2498.96,2495.99,2498.61,382.0703
2026-08-28 07:30:00,2498.61,2498.94,2496.64,2496.83,764.8748
2026-08-28 07:35:00,2496.83,2497.04,2495.88,2496.23,614.1622
2026-08-28 07:40:00,2496.23,2496.74,2494.86,2494.86,1175.7029
2026-08-28 07:45:00,2494.86,2496.87,2494.77,2496.27,832.8127
2026-08-28 07:50:00,2496.27,2496.44,2494.8,2494.81,939.8563
2026-08-28 07:55:00,2494.81,2496.48,2494.81,2496.48,1086.2384
2026-08-28 08:00:00,2496.47,2503.66,2496.47,2499.62,1270.4558
2026-08-28 08:05:00,2499.63,2499.63,2497.81,2499.14,822.7337
2026-08-28 08:10:00,2499.14,2499.77,2497.02,2497.02,1033.0759
2026-08-28 08:15:00,2497.02,2501.65,2497.02,2501.24,1839.7108
2026-08-28 08:20:00,2501.23,2501.23,2498.28,2499.17,943.494
2026-08-28 08:25:00,2499.17,2499.18,2497.8,2497.8,505.3043
2026-08-28 08:30:00,2497.8,2498.36,2496.71,2497.79,568.2596
2026-08-28 08:35:00,2497.8,2498.17,2495.08,2495.08,677.791
2026-08-28 08:40:00,2495.09,2496.31,2494.13,2494.13,457.2973
2026-08-28 08:45:00,2494.13,2495.0,2487.5,2487.67,1413.2804
2026-08-28 08:50:00,2487.68,2490.84,2486.91,2490.37,410.9181
2026-08-28 08:55:00,2490.38,2490.38,2486.52,2488.05,397.0268
2026-08-28 09:00:00,2488.05,2488.52,2483.4,2486.91,4162.0882
2026-08-28 09:05:00,2486.91,2493.02,2486.49,2490.41,822.6161
2026-08-28 09:10:00,2490.41,2492.8,2489.44,2489.59,415.8767
2026-08-28 09:15:00,2489.58,2492.52,2489.58,2492.11,711.6753
2026-08-28 09:20:00,2492.1,2492.66,2490.89,2492.66,226.0912
2026-08-28 09:25:00,2492.67,2492.98,2490.64,2491.62,247.1045
2026-08-28 09:30:00,2491.61,2492.08,2490.0,2491.02,233.403
2026-08-28 09:35:00,2491.02,2492.83,2490.26,2492.82,251.378
2026-08-28 09:40:00,2492.83,2493.24,2488.36,2489.05,481.4458
2026-08-28 09:45:00,2489.04,2490.88,2488.56,2488.78,456.1201
2026-08-28 09:50:00,2488.79,2491.52,2488.78,2491.34,367.3177
2026-08-28 09:55:00,2491.34,2491.35,2489.31,2489.58,357.5284
2026-08-28 10:00:00,2489.57,2490.09,2483.4,2484.33,750.5194
2026-08-28 10:05:00,2484.33,2485.97,2482.17,2482.88,749.0068
2026-08-28 10:10:00,2482.89,2489.19,2482.88,2487.59,521.8461
2026-08-28 10:15:00,2487.59,2487.95,2485.44,2486.49,274.6606
2026-08-28 10:20:00,2486.48,2486.7,2484.39,2484.69,275.7868
2026-08-28 10:25:00,2484.68,2489.29,2484.55,2489.06,212.0769
2026-08-28 10:30:00,2489.06,2495.22,2489.06,2494.36,1682.2179
2026-08-28 10:35:00,2494.35,2495.14,2492.65,2494.82,306.1739
2026-08-28 10:40:00,2494.81,2495.12,2494.01,2494.02,326.439
2026-08-28 10:45:00,2494.01,2497.16,2493.83,2496.45,319.1357
2026-08-28 10:50:00,2496.45,2499.86,2496.11,2499.8,662.8086
2026-08-28 10:55:00,2499.79,2509.08,2499.48,2506.56,2392.4734
2026-08-28 11:00:00,2506.57,2511.51,2505.79,2509.67,1659.6492
2026-08-28 11:05:00,2509.67,2510.12,2507.27,2509.95,849.6999
2026-08-28 11:10:00,2509.94,2510.12,2508.44,2509.68,414.766
2026-08-28 11:15:00,2509.68,2510.42,2508.1,2509.98,618.8967
2026-08-28 11:20:00,2509.97,2509.97,2506.85,2509.21,492.0979
2026-08-28 11:25:00,2509.2,2509.2,2504.3,2505.49,605.2544
2026-08-28 11:30:00,2505.49,2508.11,2504.82,2506.66,607.7023
2026-08-28 11:35:00,2506.66,2506.67,2502.43,2502.47,676.7191
2026-08-28 11:40:00,2502.46,2505.61,2502.46,2505.61,349.1975
2026-08-28 11:45:00,2505.61,2506.72,2505.6,2506.12,402.0234
2026-08-28 11:50:00,2506.13,2506.13,2503.01,2504.9,463.7247
2026-08-28 11:55:00,2504.91,2505.39,2504.07,2505.1,275.457
2026-08-28 12:00:00,2505.1,2505.89,2504.1,2504.77,408.1757
2026-08-28 12:05:00,2504.76,2506.54,2503.0,2503.0,287.6598
2026-08-28 12:10:00,2503.0,2503.01,2500.01,2501.61,350.3436
2026-08-28 12:15:00,2501.61,2508.41,2501.61,2503.41,649.3298
2026-08-28 12:20:00,2503.41,2505.52,2501.99,2503.02,403.3472
2026-08-28 12:25:00,2503.03,2503.41,2500.81,2501.18,402.829
2026-08-28 12:30:00,2501.18,2501.28,2498.65,2499.35,461.8239
2026-08-28 12:35:00,2499.35,2499.9,2496.47,2496.87,569.782
2026-08-28 12:40:00,2496.87,2499.0,2495.29,2498.96,615.6438
2026-08-28 12:45:00,2498.97,2499.24,2496.54,2497.48,354.3776
2026-08-28 12:50:00,2497.47,2498.68,2496.66,2497.87,284.6171
2026-08-28 12:55:00,2497.88,2499.12,2497.72,2499.11,191.1731
2026-08-28 13:00:00,2499.1,2503.42,2497.57,2503.42,840.1983
2026-08-28 13:05:00,2503.41,2504.12,2497.28,2498.5,1447.8539
2026-08-28 13:10:00,2498.5,2500.58,2498.04,2500.58,439.4925
2026-08-28 13:15:00,2500.58,2500.58,2496.9,2500.15,412.8277
2026-08-28 13:20:00,2500.15,2500.21,2497.15,2497.7,363.3682
2026-08-28 13:25:00,2497.69,2501.67,2495.22,2498.89,1578.2403
2026-08-28 13:30:00,2498.89,2503.42,2498.33,2503.13,1307.5119
2026-08-28 13:35:00,2503.14,2505.02,2498.49,2498.54,1070.3692
2026-08-28 13:40:00,2498.54,2500.62,2496.24,2497.68,1113.9154
2026-08-28 13:45:00,2497.67,2505.8,2496.24,2502.39,1801.2664
2026-08-28 13:50:00,2502.39,2514.56,2502.39,2512.75,2573.4585
2026-08-28 13:55:00,2512.75,2518.26,2509.16,2509.17,5278.6259
2026-08-28 14:00:00,2509.17,2525.0,2490.5,2491.06,9146.8608
2026-08-28 14:05:00,2491.06,2495.38,2480.59,2487.26,10036.7862
2026-08-28 14:10:00,2487.26,2489.58,2468.0,2477.91,6286.1993
2026-08-28 14:15:00,2477.91,2486.65,2472.01,2486.0,2741.1413
2026-08-28 14:20:00,2486.0,2493.07,2482.4,2487.27,1889.7512
2026-08-28 14:25:00,2487.28,2493.35,2481.81,2492.12,1546.2602
2026-08-28 14:30:00,2492.11,2504.5,2486.67,2504.26,2459.1314
2026-08-28 14:35:00,2504.26,2526.64,2503.37,2512.52,8380.0965
2026-08-28 14:40:00,2512.53,2518.05,2506.41,2510.0,2134.1726
2026-08-28 14:45:00,2510.01,2511.66,2500.0,2501.62,1700.6284
2026-08-28 14:50:00,2501.61,2511.36,2501.44,2511.35,1074.574
2026-08-28 14:55:00,2511.35,2515.0,2510.56,2513.0,1814.823
2026-08-28 15:00:00,2513.0,2519.25,2506.16,2509.44,3207.8294
2026-08-28 15:05:00,2509.44,2509.72,2503.36,2503.81,643.1137
2026-08-28 15:10:00,2503.82,2507.56,2502.28,2503.6,928.8945
2026-08-28 15:15:00,2503.6,2510.81,2503.41,2507.56,1686.1702
2026-08-28 15:20:00,2507.55,2510.0,2502.64,2508.15,1131.1301
2026-08-28 15:25:00,2508.16,2512.56,2503.18,2507.14,1217.7291
2026-08-28 15:30:00,2507.14,2508.1,2501.59,2504.1,932.0884
2026-08-28 15:35:00,2504.1,2507.15,2501.84,2503.96,3280.6412
2026-08-28 15:40:00,2503.96,2504.47,2487.68,2489.14,6479.6187
2026-08-28 15:45:00,2489.14,2495.41,2486.51,2487.01,1400.5521
2026-08-28 15:50:00,2487.0,2488.1,2476.86,2480.75,7857.3016
2026-08-28 15:55:00,2480.75,2481.54,2470.0,2471.89,4250.7715
2026-08-28 16:00:00,2471.89,2473.95,2445.4,2456.42,15885.4693
2026-08-28 16:05:00,2456.41,2464.63,2456.31,2457.36,3974.3487
2026-08-28 16:10:00,2457.37,2457.82,2444.59,2445.35,5321.4021
2026-08-28 16:15:00,2445.35,2447.74,2437.5,2443.71,7792.4955
2026-08-28 16:20:00,2443.7,2450.29,2415.0,2419.45,12811.6276
2026-08-28 16:25:00,2419.44,2435.24,2405.97,2430.45,15447.3031
2026-08-28 16:30:00,2430.45,2441.32,2429.47,2431.85,4898.7201
2026-08-28 16:35:00,2431.84,2446.71,2431.84,2440.95,4464.0566
2026-08-28 16:40:00,2440.95,2443.13,2436.55,2436.84,2058.1661
2026-08-28 16:45:00,2436.85,2444.52,2436.85,2442.52,1738.1195
2026-08-28 16:50:00,2442.52,2443.65,2436.64,2440.81,1649.9646
2026-08-28 16:55:00,2440.82,2445.17,2440.82,2442.29,998.8168
2026-08-28 17:00:00,2442.3,2443.17,2437.5,2439.25,1691.7225
2026-08-28 17:05:00,2439.25,2443.65,2437.52,2440.0,1680.1629
2026-08-28 17:10:00,2440.01,2445.64,2438.44,2445.64,1596.4124
2026-08-28 17:15:00,2445.64,2448.22,2443.23,2447.02,1380.6392
2026-08-28 17:20:00,2447.02,2447.88,2442.04,2442.78,1162.506
2026-08-28 17:25:00,2442.79,2444.71,2438.19,2442.75,1241.8364
2026-08-28 17:30:00,2442.75,2445.67,2439.76,2442.2,625.953
2026-08-28 17:35:00,2442.21,2442.74,2437.43,2438.94,1197.1173
2026-08-28 17:40:00,2438.93,2440.66,2437.71,2438.79,411.0668
2026-08-28 17:45:00,2438.78,2446.56,2438.78,2446.06,753.785
2026-08-28 17:50:00,2446.07,2446.55,2443.06,2443.24,541.3293
2026-08-28 17:55:00,2443.23,2445.1,2442.52,2443.79,962.6667
2026-08-28 18:00:00,2443.79,2445.02,2441.24,2441.24,840.978
2026-08-28 18:05:00,2441.24,2442.88,2439.0,2441.51,573.5424
2026-08-28 18:10:00,2441.52,2441.72,2438.03,2438.26,1773.5866
2026-08-28 18:15:00,2438.27,2439.71,2430.11,2434.65,2703.9692
2026-08-28 18:20:00,2434.66,2435.41,2430.0,2431.01,1473.5152
2026-08-28 18:25:00,2431.01,2434.66,2430.74,2431.47,697.3835
2026-08-28 18:30:00,2431.46,2432.85,2428.62,2431.6,1723.773
2026-08-28 18:35:00,2431.61,2432.05,2419.42,2423.63,2765.5541
2026-08-28 18:40:00,2423.63,2427.63,2422.91,2423.4,3439.2225
2026-08-28 18:45:00,2423.4,2424.87,2418.08,2418.51,2628.1139
2026-08-28 18:50:00,2418.52,2426.97,2418.36,2426.97,1725.9002
2026-08-28 18:55:00,2426.96,2429.05,2424.34,2428.68,451.4421
2026-08-28 19:00:00,2428.67,2432.88,2428.62,2429.87,1413.4068
2026-08-28 19:05:00,2429.87,2436.9,2429.58,2436.57,899.0855
2026-08-28 19:10:00,2436.58,2437.89,2434.77,2435.86,577.2062
2026-08-28 19:15:00,2435.86,2435.86,2434.13,2434.96,721.049
2026-08-28 19:20:00,2434.96,2443.1,2434.83,2438.11,1391.5591
2026-08-28 19:25:00,2438.1,2440.83,2438.1,2438.71,477.8415
2026-08-28 19:30:00,2438.7,2438.7,2435.42,2437.13,1645.1909
2026-08-28 19:35:00,2437.12,2438.94,2436.07,2438.35,1808.4898
2026-08-28 19:40:00,2438.35,2439.01,2436.16,2436.25,351.1545
2026-08-28 19:45:00,2436.25,2436.87,2432.56,2433.34,723.8664
2026-08-28 19:50:00,2433.34,2434.15,2431.07,2431.07,765.2492
2026-08-28 19:55:00,2431.08,2436.97,2431.08,2435.69,869.2329
2026-08-28 20:00:00,2435.68,2436.1,2430.77,2432.04,614.0102
2026-08-28 20:05:00,2432.05,2435.54,2431.14,2435.47,518.8912
2026-08-28 20:10:00,2435.47,2436.12,2433.73,2435.93,569.2997
2026-08-28 20:15:00,2435.93,2435.93,2431.38,2431.39,300.0948
2026-08-28 20:20:00,2431.38,2433.86,2430.77,2433.64,369.4397
2026-08-28 20:25:00,2433.64,2433.64,2432.39,2432.4,238.7154
2026-08-28 20:30:00,2432.39,2432.39,2424.68,2425.28,890.3657
2026-08-28 20:35:00,2425.28,2428.11,2424.03,2427.48,790.8129
2026-08-28 20:40:00,2427.48,2429.25,2427.12,2427.46,292.8038
2026-08-28 20:45:00,2427.45,2431.12,2427.28,2429.72,438.5805
2026-08-28 20:50:00,2429.71,2429.71,2426.43,2428.06,270.004
2026-08-28 20:55:00,2428.06,2428.06,2426.89,2427.61,429.7279
2026-08-28 21:00:00,2427.61,2428.65,2425.62,2426.37,341.9065
2026-08-28 21:05:00,2426.38,2429.56,2426.38,2426.53,253.4001
2026-08-28 21:10:00,2426.52,2428.28,2426.28,2428.18,246.9985
2026-08-28 21:15:00,2428.17,2428.51,2426.78,2426.79,161.0224
2026-08-28 21:20:00,2426.78,2427.44,2424.25,2427.44,447.3416
2026-08-28 21:25:00,2427.43,2430.06,2427.43,2428.21,325.8628
2026-08-28 21:30:00,2428.21,2432.14,2428.17,2431.49,264.2791
2026-08-28 21:35:00,2431.48,2431.74,2430.26,2431.09,224.1367
2026-08-28 21:40:00,2431.09,2431.62,2426.82,2428.8,759.3729
2026-08-28 21:45:00,2428.8,2428.8,2425.05,2425.33,351.4656
2026-08-28 21:50:00,2425.33,2426.46,2422.36,2425.01,993.128
2026-08-28 21:55:00,2425.01,2425.25,2422.42,2424.9,353.8613
2026-08-28 22:00:00,2424.91,2425.65,2422.68,2423.52,605.4295
2026-08-28 22:05:00,2423.51,2427.88,2423.51,2427.24,341.8089
2026-08-28 22:10:00,2427.24,2430.05,2426.92,2430.05,350.8872
2026-08-28 22:15:00,2430.06,2430.15,2426.8,2428.68,458.8308
2026-08-28 22:20:00,2428.67,2430.02,2427.59,2430.02,390.6946
2026-08-28 22:25:00,2430.02,2436.57,2430.02,2434.38,1049.7086
2026-08-28 22:30:00,2434.37,2435.73,2433.75,2434.88,524.5967
2026-08-28 22:35:00,2434.88,2438.84,2434.62,2438.59,1028.188
2026-08-28 22:40:00,2438.6,2440.0,2437.07,2439.92,1542.4879
2026-08-28 22:45:00,2439.92,2442.0,2439.92,2441.33,722.1965
2026-08-28 22:50:00,2441.34,2445.0,2440.0,2444.22,1670.5761
2026-08-28 22:55:00,2444.21,2444.22,2441.17,2442.01,651.153
2026-08-28 23:00:00,2442.01,2442.01,2439.01,2439.27,655.3992
2026-08-28 23:05:00,2439.27,2440.45,2438.61,2440.18,740.2182
2026-08-28 23:10:00,2440.18,2441.82,2439.65,2441.79,790.048
2026-08-28 23:15:00,2441.79,2442.1,2438.8,2438.86,519.4282
2026-08-28 23:20:00,2438.86,2438.86,2436.47,2438.53,684.0973
2026-08-28 23:25:00,2438.54,2439.0,2437.65,2437.88,234.2077
2026-08-28 23:30:00,2437.88,2438.78,2437.83,2438.6,174.8875
2026-08-28 23:35:00,2438.6,2439.44,2438.14,2438.45,258.3769
2026-08-28 23:40:00,2438.45,2439.54,2438.45,2439.45,511.6161
2026-08-28 23:45:00,2439.45,2439.45,2437.28,2437.29,360.241
2026-08-28 23:50:00,2437.29,2442.58,2437.29,2442.37,474.4848
2026-08-28 23:55:00,2442.36,2442.83,2442.13,2442.8,268.1888
2026-08-29 00:00:00,2442.79,2444.32,2442.69,2443.81,535.4635
2026-08-29 00:05:00,2443.82,2445.37,2442.95,2444.75,369.4233
2026-08-29 00:10:00,2444.75,2444.76,2442.11,2442.19,337.2453
2026-08-29 00:15:00,2442.18,2444.59,2442.18,2444.59,346.4086
2026-08-29 00:20:00,2444.59,2447.3,2444.58,2446.1,1623.9767
2026-08-29 00:25:00,2446.09,2448.05,2445.46,2445.64,417.7571
2026-08-29 00:30:00,2445.65,2445.65,2442.57,2443.28,626.2223
2026-08-29 00:35:00,2443.28,2444.88,2443.27,2443.85,126.5087
2026-08-29 00:40:00,2443.86,2444.83,2443.85,2444.4,184.9197
2026-08-29 00:45:00,2444.4,2444.49,2442.08,2442.1,425.231
2026-08-29 00:50:00,2442.11,2443.54,2441.02,2443.53,180.3607
2026-08-29 00:55:00,2443.54,2444.98,2442.47,2442.47,159.9295
2026-08-29 01:00:00,2442.47,2442.76,2441.33,2442.25,106.6937
2026-08-29 01:05:00,2442.24,2442.27,2441.28,2441.38,190.0887
2026-08-29 01:10:00,2441.38,2441.39,2439.18,2439.78,834.405
2026-08-29 01:15:00,2439.77,2442.0,2439.49,2441.59,622.0257
2026-08-29 01:20:00,2441.59,2442.86,2441.41,2442.86,122.1396
2026-08-29 01:25:00,2442.86,2444.16,2442.85,2444.16,249.6067
2026-08-29 01:30:00,2444.16,2444.45,2443.62,2444.12,78.2934
2026-08-29 01:35:00,2444.11,2444.13,2442.21,2443.51,163.1228
2026-08-29 01:40:00,2443.52,2445.12,2443.24,2444.58,326.9649
2026-08-29 01:45:00,2444.58,2444.58,2442.15,2444.35,338.8405
2026-08-29 01:50:00,2444.35,2445.92,2443.5,2444.21,525.6251
2026-08-29 01:55:00,2444.2,2444.21,2442.55,2443.78,285.6566
2026-08-29 02:00:00,2443.77,2444.95,2442.37,2442.99,214.9943
2026-08-29 02:05:00,2443.0,2444.1,2442.17,2443.63,311.0702
2026-08-29 02:10:00,2443.63,2443.63,2441.81,2441.82,304.6604
2026-08-29 02:15:00,2441.82,2441.92,2439.18,2439.18,306.9276
2026-08-29 02:20:00,2439.19,2439.25,2437.52,2437.59,500.4596
2026-08-29 02:25:00,2437.6,2438.51,2436.99,2438.4,469.6339
2026-08-29 02:30:00,2438.39,2439.16,2435.59,2436.3,348.0805
2026-08-29 02:35:00,2436.29,2439.61,2436.05,2439.59,311.6802
2026-08-29 02:40:00,2439.6,2439.6,2437.79,2437.91,84.5913
2026-08-29 02:45:00,2437.91,2438.54,2437.16,2438.22,110.5003
2026-08-29 02:50:00,2438.22,2440.1,2437.9,2439.9,318.5122
2026-08-29 02:55:00,2439.9,2440.32,2438.7,2438.73,622.5956
2026-08-29 03:00:00,2438.72,2439.89,2438.72,2438.83,219.4796
2026-08-29 03:05:00,2438.83,2439.65,2438.83,2439.26,168.1684
2026-08-29 03:10:00,2439.26,2440.02,2438.91,2438.93,464.1211
2026-08-29 03:15:00,2438.93,2439.18,2437.19,2438.9,412.9963
2026-08-29 03:20:00,2438.9,2441.62,2438.89,2440.25,252.7313
2026-08-29 03:25:00,2440.25,2440.86,2439.48,2440.39,264.1662
2026-08-29 03:30:00,2440.39,2441.37,2439.07,2439.08,287.8741
2026-08-29 03:35:00,2439.08,2439.08,2437.3,2438.03,338.0395
2026-08-29 03:40:00,2438.03,2439.99,2437.91,2438.44,518.7437
2026-08-29 03:45:00,2438.44,2438.45,2437.02,2437.32,186.2887
2026-08-29 03:50:00,2437.32,2437.33,2434.56,2435.62,574.9174
2026-08-29 03:55:00,2435.62,2435.62,2435.04,2435.23,141.2183
2026-08-29 04:00:00,2435.24,2436.69,2434.65,2436.53,251.1549
2026-08-29 04:05:00,2436.53,2437.31,2436.21,2436.81,169.1293
2026-08-29 04:10:00,2436.81,2437.77,2436.7,2436.84,285.5075
2026-08-29 04:15:00,2436.85,2437.04,2436.46,2437.03,99.962
2026-08-29 04:20:00,2437.03,2438.2,2437.03,2438.2,60.1921
2026-08-29 04:25:00,2438.2,2438.35,2437.61,2438.01,69.6595
2026-08-29 04:30:00,2438.01,2439.24,2438.01,2438.37,716.3445
2026-08-29 04:35:00,2438.38,2439.47,2437.74,2439.46,265.7261
2026-08-29 04:40:00,2439.46,2439.61,2438.47,2438.94,149.5331
2026-08-29 04:45:00,2438.93,2439.62,2438.11,2439.39,285.5816
2026-08-29 04:50:00,2439.38,2440.55,2438.99,2440.49,452.7698
2026-08-29 04:55:00,2440.49,2441.13,2439.29,2440.45,369.8376
2026-08-29 05:00:00,2440.45,2441.42,2439.18,2440.39,489.0023
2026-08-29 05:05:00,2440.39,2441.79,2440.31,2441.06,264.5671
2026-08-29 05:10:00,2441.05,2442.03,2440.68,2441.41,177.1952
2026-08-29 05:15:00,2441.41,2441.42,2440.43,2440.48,272.133
2026-08-29 05:20:00,2440.49,2440.5,2439.18,2440.49,445.7341
2026-08-29 05:25:00,2440.5,2441.0,2439.75,2439.76,404.9567
2026-08-29 05:30:00,2439.76,2439.76,2438.94,2438.94,110.2469
2026-08-29 05:35:00,2438.95,2441.0,2438.72,2441.0,433.7748
2026-08-29 05:40:00,2440.99,2441.62,2440.01,2440.97,373.4167
2026-08-29 05:45:00,2440.97,2441.26,2440.31,2440.45,278.3684
2026-08-29 05:50:00,2440.46,2440.46,2438.57,2438.57,348.6647
2026-08-29 05:55:00,2438.57,2438.63,2437.98,2438.62,374.5147
2026-08-29 06:00:00,2438.62,2439.05,2436.35,2437.36,234.5577
2026-08-29 06:05:00,2437.36,2437.93,2436.12,2437.29,244.1477
2026-08-29 06:10:00,2437.3,2437.3,2430.45,2431.79,1014.9526
2026-08-29 06:15:00,2431.78,2434.05,2431.72,2432.64,328.1497
2026-08-29 06:20:00,2432.64,2432.8,2430.57,2431.96,343.3309
2026-08-29 06:25:00,2431.96,2432.09,2430.6,2431.58,333.4288
2026-08-29 06:30:00,2431.57,2433.5,2431.57,2433.5,187.8865
2026-08-29 06:35:00,2433.49,2433.5,2432.8,2432.8,150.2437
2026-08-29 06:40:00,2432.79,2434.95,2432.58,2433.94,130.3149
2026-08-29 06:45:00,2433.94,2435.12,2433.94,2434.5,163.2931
2026-08-29 06:50:00,2434.5,2435.42,2434.14,2434.15,268.386
2026-08-29 06:55:00,2434.14,2435.26,2434.14,2435.16,204.5968
2026-08-29 07:00:00,2435.17,2436.6,2435.0,2436.6,95.1956
2026-08-29 07:05:00,2436.6,2437.68,2434.16,2434.27,638.419
2026-08-29 07:10:00,2434.26,2434.94,2434.26,2434.7,149.9564
2026-08-29 07:15:00,2434.69,2436.41,2434.17,2436.15,417.1564
2026-08-29 07:20:00,2436.16,2436.6,2435.87,2435.88,92.0231
2026-08-29 07:25:00,2435.87,2436.02,2435.31,2435.31,104.1034
2026-08-29 07:30:00,2435.31,2435.94,2434.71,2435.69,202.9597
2026-08-29 07:35:00,2435.68,2437.92,2435.68,2437.92,264.9613
2026-08-29 07:40:00,2437.92,2438.0,2435.26,2436.94,581.1904
2026-08-29 07:45:00,2436.94,2438.0,2436.16,2436.48,331.6954
2026-08-29 07:50:00,2436.47,2436.54,2435.88,2435.96,273.165
2026-08-29 07:55:00,2435.96,2436.89,2435.95,2436.41,206.8803
2026-08-29 08:00:00,2436.4,2436.4,2431.2,2432.5,742.9165
2026-08-29 08:05:00,2432.51,2433.83,2432.5,2433.09,218.253
2026-08-29 08:10:00,2433.09,2434.07,2432.4,2433.56,527.8244
2026-08-29 08:15:00,2433.57,2434.02,2432.53,2434.02,124.8083
2026-08-29 08:20:00,2434.01,2435.14,2433.33,2435.14,175.4126
2026-08-29 08:25:00,2435.13,2435.69,2435.07,2435.67,263.3344
2026-08-29 08:30:00,2435.68,2435.68,2433.13,2434.14,284.7843
2026-08-29 08:35:00,2434.13,2434.14,2433.49,2433.5,60.2895
2026-08-29 08:40:00,2433.5,2434.47,2432.53,2433.03,475.09
2026-08-29 08:45:00,2433.04,2434.38,2431.26,2432.05,356.8125
2026-08-29 08:50:00,2432.05,2432.62,2431.26,2431.26,173.6748
2026-08-29 08:55:00,2431.27,2434.15,2431.27,2434.15,399.9813
2026-08-29 09:00:00,2434.14,2435.25,2433.65,2435.25,382.6337
2026-08-29 09:05:00,2435.24,2436.38,2433.75,2434.53,424.9484
2026-08-29 09:10:00,2434.53,2435.59,2434.26,2435.58,340.8084
2026-08-29 09:15:00,2435.58,2436.01,2435.53,2435.78,165.9901
2026-08-29 09:20:00,2435.78,2435.99,2435.0,2435.02,186.1938
2026-08-29 09:25:00,2435.02,2435.02,2434.1,2434.1,116.9659
2026-08-29 09:30:00,2434.11,2435.8,2434.1,2435.79,234.9422
2026-08-29 09:35:00,2435.8,2437.01,2435.79,2437.0,125.1256
2026-08-29 09:40:00,2437.0,2437.29,2435.83,2435.83,605.6956
2026-08-29 09:45:00,2435.83,2435.84,2435.37,2435.76,349.5467
2026-08-29 09:50:00,2435.76,2436.68,2435.31,2436.06,296.8649
2026-08-29 09:55:00,2436.07,2436.55,2435.43,2435.44,355.4577
2026-08-29 10:00:00,2435.43,2435.43,2433.13,2433.13,254.3853
2026-08-29 10:05:00,2433.14,2433.14,2431.43,2432.87,510.0327
2026-08-29 10:10:00,2432.88,2434.21,2432.87,2434.2,107.3204
2026-08-29 10:15:00,2434.2,2437.96,2434.2,2437.23,349.1151
2026-08-29 10:20:00,2437.22,2438.41,2436.0,2437.37,564.5381
2026-08-29 10:25:00,2437.36,2437.37,2436.5,2436.54,140.9331
2026-08-29 10:30:00,2436.53,2436.54,2436.05,2436.29,224.2873
2026-08-29 10:35:00,2436.29,2436.82,2435.82,2435.83,132.8149
2026-08-29 10:40:00,2435.82,2435.83,2435.15,2435.35,91.6114
2026-08-29 10:45:00,2435.35,2436.43,2435.35,2436.43,106.921
2026-08-29 10:50:00,2436.42,2436.59,2435.64,2436.13,148.844
2026-08-29 10:55:00,2436.13,2436.14,2434.71,2434.72,209.7646
2026-08-29 11:00:00,2434.71,2434.83,2433.63,2434.82,217.7646
2026-08-29 11:05:00,2434.83,2435.33,2434.34,2434.53,68.2957
2026-08-29 11:10:00,2434.53,2438.42,2434.53,2438.02,248.3273
2026-08-29 11:15:00,2438.03,2438.5,2437.6,2437.61,118.0531
2026-08-29 11:20:00,2437.61,2437.71,2437.08,2437.08,236.5256
2026-08-29 11:25:00,2437.09,2437.49,2437.01,2437.48,133.0949
2026-08-29 11:30:00,2437.48,2437.49,2437.11,2437.41,193.7696
2026-08-29 11:35:00,2437.4,2437.4,2436.09,2437.03,349.431
2026-08-29 11:40:00,2437.03,2437.49,2435.87,2435.88,116.2578
2026-08-29 11:45:00,2435.87,2436.64,2435.87,2436.63,265.4289
2026-08-29 11:50:00,2436.64,2436.87,2436.0,2436.01,162.1382
2026-08-29 11:55:00,2436.0,2436.01,2435.19,2435.87,182.7029
2026-08-29 12:00:00,2435.88,2436.54,2435.81,2436.53,153.9359
2026-08-29 12:05:00,2436.53,2436.75,2435.54,2435.54,78.1417
2026-08-29 12:10:00,2435.54,2436.73,2435.29,2436.73,120.1002
2026-08-29 12:15:00,2436.72,2438.83,2436.72,2438.3,379.2423
2026-08-29 12:20:00,2438.29,2438.96,2433.99,2434.39,474.9309
2026-08-29 12:25:00,2434.39,2435.72,2433.93,2435.72,339.0645
2026-08-29 12:30:00,2435.72,2436.15,2434.15,2434.26,103.7162
2026-08-29 12:35:00,2434.27,2435.17,2434.16,2435.03,104.8276
2026-08-29 12:40:00,2435.04,2435.25,2434.45,2434.45,138.162
2026-08-29 12:45:00,2434.46,2435.14,2434.38,2435.13,109.8598
2026-08-29 12:50:00,2435.12,2435.12,2433.14,2433.91,227.5159
2026-08-29 12:55:00,2433.91,2434.37,2433.9,2434.33,76.6762
2026-08-29 13:00:00,2434.33,2434.9,2434.1,2434.11,119.394
2026-08-29 13:05:00,2434.1,2434.6,2433.36,2433.48,1608.7438
2026-08-29 13:10:00,2433.48,2434.49,2433.03,2434.0,1953.9274
2026-08-29 13:15:00,2433.99,2435.78,2432.42,2432.42,380.4053
2026-08-29 13:20:00,2432.43,2434.91,2432.43,2434.91,206.3326
2026-08-29 13:25:00,2434.91,2435.0,2433.07,2434.35,359.4038
2026-08-29 13:30:00,2434.35,2434.36,2433.67,2433.67,119.7412
2026-08-29 13:35:00,2433.68,2436.0,2433.68,2434.0,299.1573
2026-08-29 13:40:00,2433.99,2434.56,2433.99,2434.55,188.5212
2026-08-29 13:45:00,2434.56,2436.0,2434.38,2435.72,126.633
2026-08-29 13:50:00,2435.72,2436.35,2435.72,2436.29,108.2532
2026-08-29 13:55:00,2436.28,2436.51,2435.62,2435.63,291.6357
2026-08-29 14:00:00,2435.63,2436.16,2435.05,2435.42,124.9243
2026-08-29 14:05:00,2435.41,2436.74,2435.41,2436.17,398.0598
2026-08-29 14:10:00,2436.17,2436.5,2435.2,2436.08,163.0859
2026-08-29 14:15:00,2436.08,2436.87,2435.49,2435.49,159.8171
2026-08-29 14:20:00,2435.48,2437.07,2435.48,2437.06,223.9412
2026-08-29 14:25:00,2437.06,2437.24,2435.54,2435.9,120.3441
2026-08-29 14:30:00,2435.9,2436.6,2435.89,2436.13,118.2324
2026-08-29 14:35:00,2436.13,2437.6,2436.13,2437.6,206.4745
2026-08-29 14:40:00,2437.6,2448.68,2437.6,2444.69,3174.228
2026-08-29 14:45:00,2444.7,2452.64,2444.7,2447.69,1326.6545
2026-08-29 14:50:00,2447.69,2448.66,2446.24,2447.27,821.7665
2026-08-29 14:55:00,2447.27,2450.0,2447.12,2448.58,579.8949
2026-08-29 15:00:00,2448.59,2449.35,2441.03,2443.8,1091.9413
2026-08-29 15:05:00,2443.79,2444.66,2441.91,2443.97,312.2791
2026-08-29 15:10:00,2443.97,2445.25,2443.92,2444.85,240.5687
2026-08-29 15:15:00,2444.84,2445.79,2441.31,2444.52,474.6518
2026-08-29 15:20:00,2444.53,2447.05,2444.52,2446.17,406.5989
2026-08-29 15:25:00,2446.16,2446.16,2444.78,2444.78,186.8636
2026-08-29 15:30:00,2444.78,2444.78,2442.28,2443.21,269.3206
2026-08-29 15:35:00,2443.2,2444.69,2443.15,2444.69,197.9979
2026-08-29 15:40:00,2444.68,2446.07,2443.88,2443.89,367.2767
2026-08-29 15:45:00,2443.88,2446.94,2443.46,2446.93,460.2856
2026-08-29 15:50:00,2446.94,2446.94,2444.18,2444.53,291.8546
2026-08-29 15:55:00,2444.53,2444.76,2442.82,2444.76,295.1424
2026-08-29 16:00:00,2444.75,2446.78,2444.52,2445.35,513.4039
2026-08-29 16:05:00,2445.34,2447.25,2444.9,2447.16,278.7988
2026-08-29 16:10:00,2447.17,2448.52,2446.68,2448.47,463.4389
2026-08-29 16:15:00,2448.47,2457.77,2448.46,2450.62,2012.8683
2026-08-29 16:20:00,2450.63,2451.5,2447.43,2448.7,938.2954
2026-08-29 16:25:00,2448.7,2448.7,2445.59,2447.99,431.224
2026-08-29 16:30:00,2448.0,2450.88,2445.87,2448.54,446.7197
2026-08-29 16:35:00,2448.54,2449.9,2447.32,2449.44,294.9569
2026-08-29 16:40:00,2449.44,2451.66,2449.44,2450.6,880.5055
2026-08-29 16:45:00,2450.6,2452.78,2449.75,2452.78,742.6082
2026-08-29 16:50:00,2452.78,2454.81,2451.45,2451.45,1356.678
2026-08-29 16:55:00,2451.45,2451.73,2450.44,2450.98,446.4683
2026-08-29 17:00:00,2450.99,2454.01,2450.99,2453.7,2578.5867
2026-08-29 17:05:00,2453.7,2454.45,2451.2,2452.33,1296.3611
2026-08-29 17:10:00,2452.34,2454.17,2452.28,2453.16,524.0487
2026-08-29 17:15:00,2453.16,2455.44,2452.0,2452.59,564.8407
2026-08-29 17:20:00,2452.58,2452.59,2449.35,2451.46,501.1744
2026-08-29 17:25:00,2451.46,2451.47,2448.12,2448.39,461.0027
2026-08-29 17:30:00,2448.38,2449.8,2446.57,2446.58,337.2655
2026-08-29 17:35:00,2446.58,2449.61,2445.57,2448.53,362.4949
2026-08-29 17:40:00,2448.53,2450.0,2448.53,2449.35,268.1329
2026-08-29 17:45:00,2449.35,2450.78,2449.35,2450.19,212.7705
2026-08-29 17:50:00,2450.22,2450.63,2448.0,2448.25,684.5495
2026-08-29 17:55:00,2448.25,2450.74,2447.53,2450.74,218.7199
2026-08-29 18:00:00,2450.74,2451.92,2448.68,2448.69,322.4771
2026-08-29 18:05:00,2448.68,2449.35,2448.46,2448.57,126.3969
2026-08-29 18:10:00,2448.57,2448.57,2448.08,2448.13,73.3195
2026-08-29 18:15:00,2448.13,2448.48,2446.56,2446.87,127.7361
2026-08-29 18:20:00,2446.88,2449.35,2445.97,2448.71,434.9266
2026-08-29 18:25:00,2448.71,2448.72,2447.01,2447.01,105.137
2026-08-29 18:30:00,2447.0,2448.16,2445.6,2447.53,394.02
2026-08-29 18:35:00,2447.53,2453.01,2447.52,2451.84,1284.5099
2026-08-29 18:40:00,2451.85,2455.01,2451.84,2453.01,4305.6878
2026-08-29 18:45:00,2453.02,2455.83,2452.68,2454.77,495.3761
2026-08-29 18:50:00,2454.76,2455.36,2453.84,2453.85,485.1607
2026-08-29 18:55:00,2453.85,2453.85,2451.96,2452.45,384.3653
2026-08-29 19:00:00,2452.45,2454.11,2452.44,2453.78,464.5487
2026-08-29 19:05:00,2453.77,2454.75,2453.05,2453.9,274.9799
2026-08-29 19:10:00,2453.9,2457.01,2453.9,2457.0,330.0072
2026-08-29 19:15:00,2457.01,2458.43,2456.0,2457.52,706.9248
2026-08-29 19:20:00,2457.51,2458.69,2457.13,2458.69,419.5921
2026-08-29 19:25:00,2458.68,2458.68,2456.9,2457.64,163.2568
2026-08-29 19:30:00,2457.65,2458.67,2455.77,2455.93,301.6717
2026-08-29 19:35:00,2455.93,2458.9,2454.25,2454.88,581.9558
2026-08-29 19:40:00,2454.88,2456.89,2454.26,2455.66,254.627
2026-08-29 19:45:00,2455.67,2455.67,2455.09,2455.09,79.9164
2026-08-29 19:50:00,2455.1,2455.1,2453.44,2453.44,131.7425
2026-08-29 19:55:00,2453.45,2453.51,2451.7,2453.51,188.322
2026-08-29 20:00:00,2453.51,2455.01,2452.22,2453.89,151.6347
2026-08-29 20:05:00,2453.89,2456.06,2453.84,2455.96,391.8319
2026-08-29 20:10:00,2455.96,2456.48,2455.44,2456.34,348.8507
2026-08-29 20:15:00,2456.35,2458.24,2455.67,2457.48,212.2506
2026-08-29 20:20:00,2457.48,2457.79,2454.61,2454.66,199.8297
2026-08-29 20:25:00,2454.67,2454.71,2453.24,2453.24,165.7332
2026-08-29 20:30:00,2453.19,2453.2,2451.7,2452.12,103.3403
2026-08-29 20:35:00,2452.11,2453.76,2452.04,2452.85,249.6237
2026-08-29 20:40:00,2452.85,2453.78,2452.84,2453.34,225.4956
2026-08-29 20:45:00,2453.34,2453.63,2452.41,2453.63,186.3122
2026-08-29 20:50:00,2453.62,2453.71,2452.9,2453.27,115.3467
2026-08-29 20:55:00,2453.27,2453.27,2452.82,2452.82,170.752
2026-08-29 21:00:00,2452.82,2452.83,2449.08,2449.97,924.8341
2026-08-29 21:05:00,2449.97,2453.8,2449.96,2452.31,197.8975
2026-08-29 21:10:00,2452.31,2454.09,2451.48,2451.64,313.5345
2026-08-29 21:15:00,2451.64,2452.64,2451.39,2452.64,202.5203
2026-08-29 21:20:00,2452.63,2452.64,2451.63,2451.69,39.3555
2026-08-29 21:25:00,2451.68,2451.68,2450.26,2450.26,91.8044
2026-08-29 21:30:00,2450.27,2450.94,2450.26,2450.71,52.8821
2026-08-29 21:35:00,2450.71,2451.18,2450.17,2451.11,100.4714
2026-08-29 21:40:00,2451.11,2451.44,2450.15,2451.44,82.2695
2026-08-29 21:45:00,2451.44,2452.61,2450.7,2451.55,98.0612
2026-08-29 21:50:00,2451.55,2452.64,2451.55,2452.4,72.1144
2026-08-29 21:55:00,2452.4,2452.72,2450.78,2451.47,89.2717
2026-08-29 22:00:00,2451.47,2451.93,2450.28,2451.49,273.0096
2026-08-29 22:05:00,2451.48,2452.7,2450.77,2452.59,134.4369
2026-08-29 22:10:00,2452.59,2453.12,2450.77,2451.04,273.025
2026-08-29 22:15:00,2451.04,2451.56,2449.65,2449.65,104.6454
2026-08-29 22:20:00,2449.66,2450.08,2449.37,2450.08,72.8128
2026-08-29 22:25:00,2450.08,2451.11,2449.61,2450.99,266.0734
2026-08-29 22:30:00,2451.0,2451.44,2450.99,2451.26,84.9993
2026-08-29 22:35:00,2451.26,2451.6,2451.12,2451.25,192.541
2026-08-29 22:40:00,2451.24,2451.56,2451.24,2451.38,43.9239
2026-08-29 22:45:00,2451.38,2452.45,2451.38,2452.17,62.3528
2026-08-29 22:50:00,2452.17,2452.74,2452.09,2452.74,141.9692
2026-08-29 22:55:00,2452.74,2453.25,2452.63,2452.64,214.0641
2026-08-29 23:00:00,2452.63,2455.54,2452.63,2454.07,425.1871
2026-08-29 23:05:00,2454.06,2456.01,2453.93,2454.67,719.5313
2026-08-29 23:10:00,2454.68,2456.17,2454.44,2455.65,398.2417
2026-08-29 23:15:00,2455.65,2456.47,2455.06,2455.51,235.5236
2026-08-29 23:20:00,2455.51,2455.51,2452.88,2453.04,364.0862
2026-08-29 23:25:00,2453.04,2455.27,2452.74,2455.25,390.9733
2026-08-29 23:30:00,2455.25,2455.53,2453.44,2453.8,365.6987
2026-08-29 23:35:00,2453.81,2456.63,2453.8,2456.63,196.7085
2026-08-29 23:40:00,2456.63,2457.52,2456.54,2456.55,273.8385
2026-08-29 23:45:00,2456.55,2459.53,2456.54,2459.52,259.787
2026-08-29 23:50:00,2459.52,2459.76,2457.86,2458.35,209.5952
2026-08-29 23:55:00,2458.34,2458.34,2457.07,2457.67,162.7468
2026-08-30 00:00:00,2457.67,2457.68,2456.32,2456.5,174.7703
2026-08-30 00:05:00,2456.51,2456.58,2455.68,2455.75,195.2542
2026-08-30 00:10:00,2455.75,2456.26,2454.53,2456.26,177.4474
2026-08-30 00:15:00,2456.26,2467.93,2456.25,2464.07,2029.226
2026-08-30 00:20:00,2464.08,2464.08,2460.71,2461.85,406.4575
2026-08-30 00:25:00,2461.84,2462.63,2461.26,2462.63,133.4111
2026-08-30 00:30:00,2462.64,2462.93,2460.17,2460.6,306.2841
2026-08-30 00:35:00,2460.6,2465.32,2460.31,2462.23,717.3202
2026-08-30 00:40:00,2462.22,2464.2,2460.55,2460.82,382.4789
2026-08-30 00:45:00,2460.83,2463.05,2460.58,2463.05,191.4459
2026-08-30 00:50:00,2463.04,2463.55,2460.69,2461.24,376.9983
2026-08-30 00:55:00,2461.27,2461.27,2458.83,2458.95,398.1425
2026-08-30 01:00:00,2458.94,2460.62,2457.73,2460.62,246.0658
2026-08-30 01:05:00,2460.62,2460.62,2457.17,2457.58,175.5296
2026-08-30 01:10:00,2457.58,2458.1,2456.28,2456.39,179.5586
2026-08-30 01:15:00,2456.39,2456.71,2453.15,2456.08,848.6437
2026-08-30 01:20:00,2456.09,2456.71,2455.59,2455.59,254.6961
2026-08-30 01:25:00,2455.6,2455.6,2453.08,2454.18,242.6659
2026-08-30 01:30:00,2454.18,2455.47,2453.41,2455.31,251.6362
2026-08-30 01:35:00,2455.31,2458.21,2455.31,2457.23,452.2368
2026-08-30 01:40:00,2457.23,2457.23,2455.98,2456.29,169.3429
2026-08-30 01:45:00,2456.29,2459.21,2456.29,2459.19,650.1723
2026-08-30 01:50:00,2459.19,2459.41,2456.08,2456.54,414.0857
2026-08-30 01:55:00,2456.54,2456.84,2455.21,2456.37,445.334
2026-08-30 02:00:00,2456.37,2458.21,2455.05,2458.2,204.9712
2026-08-30 02:05:00,2458.2,2458.57,2456.05,2457.14,306.3315
2026-08-30 02:10:00,2457.14,2458.45,2456.44,2458.35,241.424
2026-08-30 02:15:00,2458.36,2458.58,2457.23,2457.83,119.9793
2026-08-30 02:20:00,2457.84,2458.0,2455.27,2455.28,221.5424
2026-08-30 02:25:00,2455.29,2456.85,2453.6,2455.55,229.1445
2026-08-30 02:30:00,2455.56,2456.16,2453.76,2455.21,368.1172
2026-08-30 02:35:00,2455.21,2456.32,2454.06,2456.31,145.0005
2026-08-30 02:40:00,2456.31,2458.04,2455.74,2456.18,481.1302
2026-08-30 02:45:00,2456.18,2456.32,2454.82,2456.25,475.914
2026-08-30 02:50:00,2456.24,2458.99,2456.23,2457.92,339.0429
2026-08-30 02:55:00,2457.92,2457.93,2454.79,2454.97,238.3794
2026-08-30 03:00:00,2454.97,2456.0,2454.17,2454.73,459.6011
2026-08-30 03:05:00,2454.73,2455.66,2454.22,2455.65,151.9661
2026-08-30 03:10:00,2455.66,2456.17,2455.5,2456.14,55.9813
2026-08-30 03:15:00,2456.13,2456.87,2455.57,2456.51,189.0887
2026-08-30 03:20:00,2456.51,2457.46,2455.37,2457.46,440.134
2026-08-30 03:25:00,2457.45,2459.11,2457.09,2459.11,453.2839
2026-08-30 03:30:00,2459.11,2460.72,2458.17,2460.41,494.0982
2026-08-30 03:35:00,2460.4,2460.41,2458.64,2458.81,451.7741
2026-08-30 03:40:00,2458.8,2460.72,2458.2,2458.5,362.8898
2026-08-30 03:45:00,2458.49,2458.5,2457.88,2457.99,49.0215
2026-08-30 03:50:00,2458.0,2458.0,2457.15,2457.16,75.3084
2026-08-30 03:55:00,2457.16,2457.51,2456.85,2457.15,229.9107
2026-08-30 04:00:00,2457.14,2458.56,2456.99,2458.48,270.9734
2026-08-30 04:05:00,2458.48,2458.75,2456.48,2457.05,282.6418
2026-08-30 04:10:00,2457.05,2457.21,2457.05,2457.21,46.2921
2026-08-30 04:15:00,2457.21,2458.69,2457.05,2457.19,629.3967
2026-08-30 04:20:00,2457.19,2457.2,2454.54,2455.12,748.1179
2026-08-30 04:25:00,2455.12,2456.6,2455.12,2455.55,463.4336
2026-08-30 04:30:00,2455.54,2455.93,2454.53,2454.54,184.3689
2026-08-30 04:35:00,2454.54,2456.18,2452.92,2453.63,1824.3692
2026-08-30 04:40:00,2453.62,2455.75,2452.99,2453.39,974.1394
2026-08-30 04:45:00,2453.39,2454.27,2451.55,2452.32,722.653
2026-08-30 04:50:00,2452.32,2454.01,2452.08,2453.72,688.1091
2026-08-30 04:55:00,2453.71,2455.87,2453.58,2455.87,136.182
2026-08-30 05:00:00,2455.86,2459.66,2455.67,2459.66,630.5439
2026-08-30 05:05:00,2459.66,2460.0,2457.25,2457.9,637.698
2026-08-30 05:10:00,2457.89,2457.9,2456.75,2457.03,114.2026
2026-08-30 05:15:00,2457.02,2457.03,2455.82,2455.82,118.6759
2026-08-30 05:20:00,2455.83,2455.91,2455.82,2455.88,153.956
2026-08-30 05:25:00,2455.88,2455.88,2455.57,2455.87,112.5888
2026-08-30 05:30:00,2455.86,2455.87,2455.61,2455.62,73.4504
2026-08-30 05:35:00,2455.62,2455.76,2455.11,2455.76,296.3657
2026-08-30 05:40:00,2455.77,2456.88,2455.77,2455.86,366.2736
2026-08-30 05:45:00,2455.85,2456.17,2455.49,2456.16,242.6277
2026-08-30 05:50:00,2456.17,2456.17,2455.19,2455.55,135.613
2026-08-30 05:55:00,2455.54,2456.36,2455.54,2456.36,220.5791
2026-08-30 06:00:00,2456.35,2456.43,2455.01,2456.28,196.9244
2026-08-30 06:05:00,2456.28,2456.29,2455.2,2455.61,105.703
2026-08-30 06:10:00,2455.62,2455.87,2455.39,2455.87,213.0128
2026-08-30 06:15:00,2455.87,2456.56,2455.87,2456.55,77.0845
2026-08-30 06:20:00,2456.56,2457.64,2456.55,2457.64,127.2574
2026-08-30 06:25:00,2457.64,2457.85,2456.55,2456.66,292.9157
2026-08-30 06:30:00,2456.66,2457.21,2456.66,2457.21,85.0111
2026-08-30 06:35:00,2457.21,2459.0,2457.2,2458.62,344.7027
2026-08-30 06:40:00,2458.62,2460.26,2458.23,2459.42,1053.7278
2026-08-30 06:45:00,2459.43,2461.52,2459.05,2460.17,326.1963
2026-08-30 06:50:00,2460.16,2460.56,2458.89,2460.05,259.6625
2026-08-30 06:55:00,2460.04,2461.07,2459.73,2461.07,233.2461
2026-08-30 07:00:00,2461.07,2461.29,2459.0,2459.31,662.5128
2026-08-30 07:05:00,2459.31,2459.5,2458.78,2458.78,154.7767
2026-08-30 07:10:00,2458.79,2459.58,2458.7,2459.57,105.8261
2026-08-30 07:15:00,2459.57,2459.58,2458.0,2458.2,137.1635
2026-08-30 07:20:00,2458.21,2458.21,2458.0,2458.0,107.0301
2026-08-30 07:25:00,2458.0,2458.02,2458.0,2458.01,44.3686
2026-08-30 07:30:00,2458.01,2458.52,2456.98,2457.0,297.8326
2026-08-30 07:35:00,2457.01,2458.94,2456.53,2457.02,547.5054
2026-08-30 07:40:00,2457.03,2457.33,2456.15,2456.2,334.5752
2026-08-30 07:45:00,2456.2,2456.29,2455.0,2456.0,633.4844
2026-08-30 07:50:00,2456.01,2457.47,2456.0,2457.46,147.0671
2026-08-30 07:55:00,2457.46,2457.47,2455.28,2455.28,241.1599
2026-08-30 08:00:00,2455.28,2457.6,2455.28,2457.49,453.7708
2026-08-30 08:05:00,2457.49,2458.94,2457.43,2458.88,258.4468
2026-08-30 08:10:00,2458.87,2458.89,2456.53,2456.53,381.7206
2026-08-30 08:15:00,2456.54,2459.31,2456.53,2459.24,180.4696
2026-08-30 08:20:00,2459.24,2459.9,2457.61,2457.86,213.2693
2026-08-30 08:25:00,2457.85,2459.03,2457.85,2458.6,157.2151
2026-08-30 08:30:00,2458.6,2458.66,2458.0,2458.43,157.7521
2026-08-30 08:35:00,2458.42,2458.43,2455.52,2455.53,159.9611
2026-08-30 08:40:00,2455.52,2455.96,2455.0,2455.96,155.3539
2026-08-30 08:45:00,2455.95,2455.96,2454.72,2455.61,161.4948
2026-08-30 08:50:00,2455.62,2455.62,2455.26,2455.59,84.2247
2026-08-30 08:55:00,2455.6,2457.16,2455.6,2456.86,250.6487
2026-08-30 09:00:00,2456.87,2457.6,2455.89,2457.56,347.3352
2026-08-30 09:05:00,2457.56,2457.56,2456.52,2456.52,99.3261
2026-08-30 09:10:00,2456.52,2457.03,2456.52,2457.03,81.4854
2026-08-30 09:15:00,2457.03,2457.13,2456.12,2456.54,331.7897
2026-08-30 09:20:00,2456.54,2458.24,2454.59,2455.15,309.5125
2026-08-30 09:25:00,2455.15,2455.72,2453.13,2453.34,323.5576
2026-08-30 09:30:00,2453.34,2455.59,2453.34,2454.01,428.1452
2026-08-30 09:35:00,2454.0,2454.35,2452.56,2452.81,365.108
2026-08-30 09:40:00,2452.8,2455.19,2451.79,2454.0,588.1223
2026-08-30 09:45:00,2454.01,2455.77,2453.19,2453.19,632.0844
2026-08-30 09:50:00,2453.19,2453.88,2452.92,2453.52,217.6864
2026-08-30 09:55:00,2453.52,2453.71,2453.52,2453.54,90.596
2026-08-30 10:00:00,2453.54,2453.6,2452.58,2452.58,143.6248
2026-08-30 10:05:00,2452.59,2454.92,2452.58,2454.82,226.0516
2026-08-30 10:10:00,2454.83,2455.65,2453.47,2453.47,294.3806
2026-08-30 10:15:00,2453.48,2453.92,2452.5,2453.66,271.155
2026-08-30 10:20:00,2453.65,2455.55,2453.65,2455.55,208.0727
2026-08-30 10:25:00,2455.55,2458.75,2454.6,2455.5,987.0979
2026-08-30 10:30:00,2455.49,2456.99,2455.31,2456.06,358.7921
2026-08-30 10:35:00,2456.07,2456.76,2456.06,2456.63,161.392
2026-08-30 10:40:00,2456.62,2458.43,2456.62,2457.91,483.3744
2026-08-30 10:45:00,2457.91,2459.57,2457.91,2459.27,289.5078
2026-08-30 10:50:00,2459.27,2459.8,2458.17,2459.35,309.5262
2026-08-30 10:55:00,2459.35,2459.68,2459.33,2459.68,136.6292
2026-08-30 11:00:00,2459.68,2459.92,2458.28,2458.29,190.503
2026-08-30 11:05:00,2458.28,2460.0,2458.2,2460.0,150.2059
2026-08-30 11:10:00,2460.0,2460.29,2457.84,2459.02,417.3301
2026-08-30 11:15:00,2459.01,2459.5,2457.91,2459.49,283.3978
2026-08-30 11:20:00,2459.5,2460.16,2459.2,2460.14,352.8506
2026-08-30 11:25:00,2460.14,2461.81,2459.58,2461.36,772.3087
2026-08-30 11:30:00,2461.36,2461.39,2459.49,2460.11,475.5708
2026-08-30 11:35:00,2460.11,2460.11,2457.79,2459.06,369.8554
2026-08-30 11:40:00,2459.06,2460.9,2459.05,2459.75,479.4452
2026-08-30 11:45:00,2459.75,2460.15,2458.58,2458.6,186.5202
2026-08-30 11:50:00,2458.59,2458.6,2456.51,2458.16,555.7708
2026-08-30 11:55:00,2458.17,2460.42,2458.16,2460.41,254.0146
2026-08-30 12:00:00,2460.42,2463.85,2460.19,2463.85,779.6637
2026-08-30 12:05:00,2463.85,2470.31,2463.84,2470.14,2754.5605
2026-08-30 12:10:00,2470.15,2473.3,2467.92,2470.1,1882.0591
2026-08-30 12:15:00,2470.09,2470.09,2465.18,2465.46,633.1594
2026-08-30 12:20:00,2465.46,2467.51,2464.36,2464.84,614.5811
2026-08-30 12:25:00,2464.84,2466.29,2462.64,2466.29,475.5337
2026-08-30 12:30:00,2466.29,2467.25,2458.73,2460.4,1351.3365
2026-08-30 12:35:00,2460.39,2463.86,2458.75,2463.85,907.0478
2026-08-30 12:40:00,2463.86,2466.55,2462.44,2464.77,924.4139
2026-08-30 12:45:00,2464.77,2465.79,2463.26,2465.12,621.0249
2026-08-30 12:50:00,2465.13,2465.65,2462.69,2464.85,713.4908
2026-08-30 12:55:00,2464.85,2469.71,2464.57,2469.47,1951.2038
2026-08-30 13:00:00,2469.47,2470.92,2466.4,2469.18,1086.2734
2026-08-30 13:05:00,2469.18,2469.18,2464.29,2464.29,634.931
2026-08-30 13:10:00,2464.29,2465.02,2462.11,2462.12,426.3785
2026-08-30 13:15:00,2462.11,2464.2,2460.87,2464.2,283.4689
2026-08-30 13:20:00,2464.19,2467.08,2464.17,2467.07,300.6168
2026-08-30 13:25:00,2467.07,2467.08,2465.47,2466.72,201.818
2026-08-30 13:30:00,2466.73,2467.93,2465.16,2467.33,300.9977
2026-08-30 13:35:00,2467.33,2468.91,2466.18,2468.17,694.3566
2026-08-30 13:40:00,2468.18,2471.77,2467.52,2470.22,901.8053
2026-08-30 13:45:00,2470.21,2478.44,2470.2,2475.19,2453.506
2026-08-30 13:50:00,2475.2,2475.77,2472.51,2474.8,1285.927
2026-08-30 13:55:00,2474.8,2477.66,2473.8,2475.59,1255.2843
2026-08-30 14:00:00,2475.58,2476.33,2473.01,2474.2,1137.7548
2026-08-30 14:05:00,2474.2,2475.88,2470.91,2475.42,992.9163
2026-08-30 14:10:00,2475.41,2479.61,2475.02,2478.7,1307.8798
2026-08-30 14:15:00,2478.7,2479.45,2475.01,2475.01,1369.701
2026-08-30 14:20:00,2475.0,2476.81,2475.0,2476.81,534.5755
2026-08-30 14:25:00,2476.81,2478.25,2475.55,2476.75,570.8047
2026-08-30 14:30:00,2476.76,2479.71,2476.26,2476.26,1061.0359
2026-08-30 14:35:00,2476.26,2476.44,2473.52,2474.43,909.1136
2026-08-30 14:40:00,2474.44,2476.7,2474.44,2475.59,721.9183
2026-08-30 14:45:00,2475.59,2477.57,2474.4,2475.92,793.1606
2026-08-30 14:50:00,2475.92,2478.32,2475.41,2478.28,600.2461
2026-08-30 14:55:00,2478.28,2479.04,2476.06,2477.12,1083.8721
2026-08-30 15:00:00,2477.13,2478.35,2474.98,2475.32,1103.4836
2026-08-30 15:05:00,2475.32,2482.2,2475.32,2477.46,1523.9929
2026-08-30 15:10:00,2477.45,2478.04,2473.15,2473.79,1217.2831
2026-08-30 15:15:00,2473.79,2478.04,2471.86,2475.78,1411.782
2026-08-30 15:20:00,2475.77,2478.16,2475.77,2478.16,599.3312
2026-08-30 15:25:00,2478.15,2480.2,2476.89,2477.59,959.4274
2026-08-30 15:30:00,2477.58,2479.82,2477.58,2478.0,466.0211
2026-08-30 15:35:00,2478.01,2478.48,2476.15,2477.92,187.6738
2026-08-30 15:40:00,2477.92,2479.95,2477.91,2479.95,358.9142
2026-08-30 15:45:00,2479.95,2484.0,2478.82,2479.04,961.5291
2026-08-30 15:50:00,2479.05,2481.1,2478.36,2479.42,431.3922
2026-08-30 15:55:00,2479.41,2481.11,2478.75,2481.11,249.077
2026-08-30 16:00:00,2481.11,2488.85,2479.28,2486.68,1231.2051
2026-08-30 16:05:00,2486.67,2488.52,2483.51,2483.91,861.3756
2026-08-30 16:10:00,2483.9,2513.0,2482.93,2510.7,7239.8543
2026-08-30 16:15:00,2510.7,2519.68,2507.02,2517.19,5869.5226
2026-08-30 16:20:00,2517.19,2517.33,2509.04,2516.16,2602.3756
2026-08-30 16:25:00,2516.16,2517.85,2513.03,2513.67,1490.9352
2026-08-30 16:30:00,2513.68,2517.76,2512.34,2517.33,1418.9628
2026-08-30 16:35:00,2517.34,2526.96,2517.34,2521.74,7785.6554
2026-08-30 16:40:00,2521.75,2534.98,2521.74,2529.15,6627.4053
2026-08-30 16:45:00,2529.15,2530.98,2526.28,2526.28,1649.1686
2026-08-30 16:50:00,2526.28,2528.44,2521.63,2522.38,1751.3014
2026-08-30 16:55:00,2522.38,2530.0,2520.45,2529.28,2147.5655
2026-08-30 17:00:00,2529.27,2529.27,2521.97,2523.56,801.4602
2026-08-30 17:05:00,2523.55,2524.39,2519.25,2521.94,1889.7107
2026-08-30 17:10:00,2521.94,2524.16,2520.08,2521.09,1172.9396
2026-08-30 17:15:00,2521.09,2521.1,2506.5,2509.99,4027.4212
2026-08-30 17:20:00,2509.99,2509.99,2497.78,2501.68,2824.4704
2026-08-30 17:25:00,2501.67,2501.68,2494.36,2498.07,2239.3666
2026-08-30 17:30:00,2498.08,2503.79,2494.84,2503.79,928.8407
2026-08-30 17:35:00,2503.79,2506.63,2503.25,2504.9,860.9135
2026-08-30 17:40:00,2504.9,2508.26,2503.63,2506.91,1064.2517
2026-08-30 17:45:00,2506.91,2509.52,2505.16,2506.72,622.6311
2026-08-30 17:50:00,2506.73,2507.77,2501.45,2504.83,690.479
2026-08-30 17:55:00,2504.82,2506.09,2502.12,2505.73,456.8396
2026-08-30 18:00:00,2505.73,2508.34,2504.59,2506.08,659.6427
2026-08-30 18:05:00,2506.08,2506.09,2499.28,2499.6,611.2635
2026-08-30 18:10:00,2499.61,2500.0,2496.59,2499.69,833.643
2026-08-30 18:15:00,2499.69,2503.43,2498.69,2503.4,478.3051
2026-08-30 18:20:00,2503.4,2503.41,2501.64,2503.37,228.2634
2026-08-30 18:25:00,2503.37,2512.82,2502.67,2511.8,1180.4099
2026-08-30 18:30:00,2511.81,2515.0,2510.7,2515.0,1920.2619
2026-08-30 18:35:00,2514.99,2517.54,2513.83,2515.03,772.5587
2026-08-30 18:40:00,2515.03,2515.33,2512.27,2514.17,269.1713
2026-08-30 18:45:00,2514.17,2514.66,2511.7,2513.36,414.0092
2026-08-30 18:50:00,2513.35,2513.74,2509.83,2510.14,284.9968
2026-08-30 18:55:00,2510.14,2512.23,2509.21,2510.64,359.7957
2026-08-30 19:00:00,2510.64,2510.84,2506.46,2508.96,446.1222
2026-08-30 19:05:00,2508.95,2510.69,2506.11,2508.16,656.325
2026-08-30 19:10:00,2508.15,2512.15,2507.83,2512.15,201.6749
2026-08-30 19:15:00,2512.15,2513.33,2508.97,2509.52,399.4392
2026-08-30 19:20:00,2509.52,2509.52,2505.99,2506.67,246.7645
2026-08-30 19:25:00,2506.66,2507.25,2505.68,2506.17,253.5656
2026-08-30 19:30:00,2506.17,2507.38,2504.17,2505.63,628.3246
2026-08-30 19:35:00,2505.64,2505.64,2500.36,2500.71,533.7498
2026-08-30 19:40:00,2500.69,2502.75,2499.37,2499.37,474.2784
2026-08-30 19:45:00,2499.36,2501.57,2496.25,2499.07,629.4525
2026-08-30 19:50:00,2499.06,2500.71,2498.6,2500.0,346.4696
2026-08-30 19:55:00,2500.0,2503.83,2500.0,2503.83,414.9985
2026-08-30 20:00:00,2503.82,2507.57,2503.52,2504.92,636.9689
2026-08-30 20:05:00,2504.92,2506.63,2504.45,2506.29,188.5423
2026-08-30 20:10:00,2506.29,2507.88,2504.49,2504.72,296.2102
2026-08-30 20:15:00,2504.72,2506.03,2503.13,2505.24,275.588
2026-08-30 20:20:00,2505.24,2507.93,2504.99,2507.93,243.6883
2026-08-30 20:25:00,2507.92,2508.6,2503.58,2503.58,801.5952
2026-08-30 20:30:00,2503.58,2503.58,2496.64,2500.99,1128.8178
2026-08-30 20:35:00,2501.0,2504.46,2497.12,2497.67,505.1125
2026-08-30 20:40:00,2497.67,2497.67,2485.28,2488.46,3360.7893
2026-08-30 20:45:00,2488.46,2495.0,2487.37,2494.2,663.9614
2026-08-30 20:50:00,2494.2,2499.9,2494.2,2496.31,1007.5215
2026-08-30 20:55:00,2496.31,2496.31,2490.81,2490.81,638.3604
2026-08-30 21:00:00,2490.82,2490.82,2460.18,2473.45,9555.8021
2026-08-30 21:05:00,2473.44,2475.88,2470.87,2474.93,973.5703
2026-08-30 21:10:00,2474.93,2475.91,2466.57,2474.23,1589.1307
2026-08-30 21:15:00,2474.24,2479.06,2474.05,2476.68,742.5443
2026-08-30 21:20:00,2476.68,2478.48,2471.48,2476.9,703.1197
2026-08-30 21:25:00,2476.91,2479.02,2475.43,2477.7,566.1814
2026-08-30 21:30:00,2477.7,2482.0,2476.77,2481.84,834.177
2026-08-30 21:35:00,2481.85,2483.72,2477.58,2478.97,626.9357
2026-08-30 21:40:00,2478.97,2480.0,2477.75,2480.0,473.5391
2026-08-30 21:45:00,2479.99,2480.0,2474.97,2475.79,410.9604
2026-08-30 21:50:00,2475.79,2479.0,2475.01,2478.27,391.1871
2026-08-30 21:55:00,2478.28,2483.02,2478.28,2481.56,713.344
2026-08-30 22:00:00,2481.57,2488.77,2476.94,2484.42,1222.0574
2026-08-30 22:05:00,2484.43,2485.65,2479.79,2480.06,548.121
2026-08-30 22:10:00,2480.06,2480.07,2474.56,2474.57,1364.007
2026-08-30 22:15:00,2474.57,2476.13,2468.8,2475.13,765.4404
2026-08-30 22:20:00,2475.12,2475.56,2468.21,2468.37,558.8037
2026-08-30 22:25:00,2468.36,2468.72,2465.15,2467.41,1028.1987
2026-08-30 22:30:00,2467.4,2467.97,2460.4,2464.76,1702.468
2026-08-30 22:35:00,2464.76,2471.95,2464.76,2471.95,1025.0615
2026-08-30 22:40:00,2471.95,2475.26,2470.48,2471.66,630.374
2026-08-30 22:45:00,2471.65,2473.11,2467.91,2469.5,989.7759
2026-08-30 22:50:00,2469.49,2469.71,2465.96,2468.41,654.807
2026-08-30 22:55:00,2468.4,2472.71,2467.21,2470.63,1395.5122
2026-08-30 23:00:00,2470.62,2470.62,2464.28,2464.29,892.9156
2026-08-30 23:05:00,2464.28,2467.55,2464.28,2466.33,688.3772
2026-08-30 23:10:00,2466.32,2468.67,2463.86,2464.73,880.8896
2026-08-30 23:15:00,2464.72,2465.88,2452.58,2462.44,3827.6489
2026-08-30 23:20:00,2462.44,2463.66,2435.53,2439.37,8621.7339
2026-08-30 23:25:00,2439.37,2442.36,2422.75,2426.74,9458.3249
2026-08-30 23:30:00,2426.74,2435.72,2421.18,2425.0,7592.1419
2026-08-30 23:35:00,2425.0,2425.0,2407.23,2411.16,9777.2198
2026-08-30 23:40:00,2411.16,2415.44,2403.43,2412.07,5269.9489
2026-08-30 23:45:00,2412.08,2414.0,2387.28,2402.48,11537.9278
2026-08-30 23:50:00,2402.48,2416.59,2401.56,2414.12,4467.172
2026-08-30 23:55:00,2414.12,2420.01,2413.35,2416.88,2395.2216
2026-08-31 00:00:00,2416.89,2421.71,2410.62,2421.06,3466.0274
2026-08-31 00:05:00,2421.06,2421.07,2406.53,2408.23,2708.4084
2026-08-31 00:10:00,2408.23,2421.74,2408.22,2420.35,1775.8163
2026-08-31 00:15:00,2420.35,2430.53,2419.12,2427.81,2802.7812
2026-08-31 00:20:00,2427.82,2432.33,2427.38,2431.99,1640.149
2026-08-31 00:25:00,2432.0,2432.14,2428.12,2430.48,972.6053
2026-08-31 00:30:00,2430.48,2432.32,2428.95,2432.32,634.1578
2026-08-31 00:35:00,2432.32,2441.9,2431.8,2432.9,4057.5984
2026-08-31 00:40:00,2432.9,2433.98,2432.06,2432.32,893.4423
2026-08-31 00:45:00,2432.33,2432.33,2428.38,2429.17,942.4245
2026-08-31 00:50:00,2429.18,2433.59,2429.18,2432.58,499.03
2026-08-31 00:55:00,2432.58,2433.49,2426.29,2428.25,1409.0187
2026-08-31 01:00:00,2428.24,2430.75,2420.29,2420.3,1773.7324
2026-08-31 01:05:00,2420.3,2421.59,2415.84,2416.16,3879.2888
2026-08-31 01:10:00,2416.14,2419.67,2413.59,2418.0,1729.7717
2026-08-31 01:15:00,2418.0,2421.67,2415.0,2421.28,2375.0499
2026-08-31 01:20:00,2421.28,2423.0,2416.8,2423.0,1069.167
2026-08-31 01:25:00,2423.0,2423.15,2419.45,2420.08,1143.9624
2026-08-31 01:30:00,2420.07,2420.97,2415.16,2417.25,903.9374
2026-08-31 01:35:00,2417.25,2426.66,2416.06,2421.93,1198.8406
2026-08-31 01:40:00,2421.93,2423.55,2417.23,2418.44,855.8632
2026-08-31 01:45:00,2418.44,2421.81,2416.77,2419.63,673.0516
2026-08-31 01:50:00,2419.63,2420.09,2415.67,2415.67,756.8216
2026-08-31 01:55:00,2415.68,2417.72,2409.49,2412.95,1090.1605
2026-08-31 02:00:00,2412.95,2414.63,2408.18,2414.63,1409.0437
2026-08-31 02:05:00,2414.63,2418.0,2413.99,2417.31,631.1099
2026-08-31 02:10:00,2417.3,2425.31,2417.3,2422.73,901.8314
2026-08-31 02:15:00,2422.72,2423.47,2417.56,2418.45,1061.3665
2026-08-31 02:20:00,2418.46,2419.5,2415.0,2415.14,787.2556
2026-08-31 02:25:00,2415.15,2417.06,2415.0,2416.57,228.3267
2026-08-31 02:30:00,2416.58,2418.95,2415.58,2416.0,528.3746
2026-08-31 02:35:00,2416.0,2416.29,2413.18,2414.59,406.7049
2026-08-31 02:40:00,2414.6,2415.0,2412.41,2413.3,340.246
2026-08-31 02:45:00,2413.31,2414.24,2406.9,2408.74,919.0011
2026-08-31 02:50:00,2408.74,2410.04,2402.81,2403.15,1224.559
2026-08-31 02:55:00,2403.14,2408.4,2401.35,2407.9,1157.5372
2026-08-31 03:00:00,2407.91,2412.33,2405.03,2410.4,1035.3268
2026-08-31 03:05:00,2410.4,2415.06,2409.23,2415.05,788.7763
2026-08-31 03:10:00,2415.05,2416.71,2414.2,2415.41,566.5108
2026-08-31 03:15:00,2415.4,2417.43,2413.75,2414.45,299.381
2026-08-31 03:20:00,2414.45,2422.4,2414.45,2421.79,753.3077
2026-08-31 03:25:00,2421.79,2421.8,2419.08,2420.13,291.8103
2026-08-31 03:30:00,2420.12,2420.21,2418.45,2418.9,399.4004
2026-08-31 03:35:00,2418.9,2423.2,2418.68,2422.05,504.4489
2026-08-31 03:40:00,2422.06,2423.57,2420.51,2423.38,415.1894
2026-08-31 03:45:00,2423.39,2424.24,2422.68,2422.76,414.1022
2026-08-31 03:50:00,2422.75,2422.82,2421.13,2421.66,355.7369
2026-08-31 03:55:00,2421.67,2422.0,2420.67,2420.94,309.5862
2026-08-31 04:00:00,2420.94,2421.29,2414.0,2414.72,959.8954
2026-08-31 04:05:00,2414.71,2418.36,2413.99,2415.21,581.5255
2026-08-31 04:10:00,2415.21,2415.42,2413.44,2414.74,259.4192
2026-08-31 04:15:00,2414.75,2415.06,2412.19,2412.69,905.4252
2026-08-31 04:20:00,2412.69,2414.25,2411.34,2412.92,682.4977
2026-08-31 04:25:00,2412.93,2414.48,2411.4,2412.62,641.7803
2026-08-31 04:30:00,2412.62,2414.76,2412.27,2413.51,1438.8912
2026-08-31 04:35:00,2413.5,2415.72,2412.05,2415.15,661.9917
2026-08-31 04:40:00,2415.17,2416.2,2412.88,2415.37,491.6186
2026-08-31 04:45:00,2415.37,2415.38,2411.48,2411.55,587.5446
2026-08-31 04:50:00,2411.54,2417.4,2411.43,2417.4,608.7701
2026-08-31 04:55:00,2417.4,2418.46,2416.15,2417.68,499.5977
2026-08-31 05:00:00,2417.67,2420.0,2414.1,2419.99,665.0898
2026-08-31 05:05:00,2419.99,2422.0,2419.13,2420.47,705.8245
2026-08-31 05:10:00,2420.47,2423.7,2419.25,2422.48,479.1129
2026-08-31 05:15:00,2422.48,2431.63,2422.37,2431.35,1686.9162
2026-08-31 05:20:00,2431.34,2437.42,2428.46,2436.81,2053.9347
2026-08-31 05:25:00,2436.81,2441.93,2432.57,2434.99,2086.4136
2026-08-31 05:30:00,2435.0,2437.73,2433.72,2436.49,795.0018
2026-08-31 05:35:00,2436.49,2436.84,2429.16,2430.67,1329.1039
2026-08-31 05:40:00,2430.67,2437.0,2430.67,2435.72,1086.8263
2026-08-31 05:45:00,2435.73,2437.82,2435.62,2437.52,522.7825
2026-08-31 05:50:00,2437.51,2438.59,2435.94,2435.94,407.2339
2026-08-31 05:55:00,2435.95,2437.47,2433.63,2435.99,542.2712
2026-08-31 06:00:00,2436.0,2437.68,2434.58,2436.15,431.6632
2026-08-31 06:05:00,2436.14,2436.14,2431.32,2435.21,742.5119
2026-08-31 06:10:00,2435.22,2437.37,2434.6,2436.2,453.3156
2026-08-31 06:15:00,2436.2,2444.39,2436.2,2441.35,1304.5434
2026-08-31 06:20:00,2441.35,2441.35,2436.17,2437.96,863.7582
2026-08-31 06:25:00,2437.96,2444.83,2437.95,2441.59,1557.5527
2026-08-31 06:30:00,2441.59,2441.59,2437.05,2439.64,951.065
2026-08-31 06:35:00,2439.65,2444.28,2437.71,2443.01,1183.4897
2026-08-31 06:40:00,2443.01,2444.38,2442.08,2442.37,461.5519
2026-08-31 06:45:00,2442.37,2443.6,2441.55,2442.16,284.1336
2026-08-31 06:50:00,2442.16,2442.17,2439.73,2440.44,294.2305
2026-08-31 06:55:00,2440.44,2441.15,2438.38,2438.66,552.4598
2026-08-31 07:00:00,2438.66,2440.7,2436.43,2437.39,571.7321
2026-08-31 07:05:00,2437.4,2439.36,2436.17,2438.91,340.2455
2026-08-31 07:10:00,2438.91,2441.79,2438.51,2439.7,591.4803
2026-08-31 07:15:00,2439.69,2444.19,2439.69,2441.96,912.6586
2026-08-31 07:20:00,2441.96,2444.96,2441.5,2444.96,699.5495
2026-08-31 07:25:00,2444.96,2446.6,2442.97,2442.97,896.6477
2026-08-31 07:30:00,2442.97,2443.0,2438.83,2441.23,757.5413
2026-08-31 07:35:00,2441.24,2442.75,2440.27,2442.73,337.395
2026-08-31 07:40:00,2442.74,2442.8,2438.83,2441.15,676.5234
2026-08-31 07:45:00,2441.15,2441.67,2438.83,2439.33,576.8531
2026-08-31 07:50:00,2439.34,2440.49,2439.0,2439.51,702.0581
2026-08-31 07:55:00,2439.51,2440.9,2439.4,2440.38,535.783
2026-08-31 08:00:00,2440.38,2442.22,2437.21,2437.21,817.033
2026-08-31 08:05:00,2437.22,2439.08,2434.16,2439.08,1040.3687
2026-08-31 08:10:00,2439.08,2445.83,2438.32,2440.81,1423.6351
2026-08-31 08:15:00,2440.81,2440.81,2436.87,2436.87,608.6331
2026-08-31 08:20:00,2436.87,2437.09,2433.63,2435.1,832.927
2026-08-31 08:25:00,2435.1,2436.98,2433.56,2436.25,833.0578
2026-08-31 08:30:00,2436.24,2439.08,2435.54,2437.42,1012.6634
2026-08-31 08:35:00,2437.43,2438.81,2436.77,2438.48,311.9978
2026-08-31 08:40:00,2438.49,2449.69,2437.36,2443.21,1601.115
2026-08-31 08:45:00,2443.21,2445.92,2442.63,2444.94,671.4187
2026-08-31 08:50:00,2444.94,2448.25,2443.32,2446.7,506.2947
2026-08-31 08:55:00,2446.71,2447.67,2445.8,2446.14,415.8502
2026-08-31 09:00:00,2446.15,2446.65,2444.09,2444.18,432.9921
2026-08-31 09:05:00,2444.19,2453.13,2443.03,2451.25,1406.4172
2026-08-31 09:10:00,2451.25,2451.26,2444.76,2445.7,842.4405
2026-08-31 09:15:00,2445.69,2448.86,2444.15,2448.09,607.5416
2026-08-31 09:20:00,2448.1,2452.32,2447.26,2450.8,1141.4926
2026-08-31 09:25:00,2450.8,2451.96,2446.97,2446.97,588.7258
2026-08-31 09:30:00,2446.98,2449.0,2446.5,2447.51,454.8697
2026-08-31 09:35:00,2447.52,2448.14,2446.33,2447.61,636.7646
2026-08-31 09:40:00,2447.61,2449.64,2446.33,2449.27,460.0593
2026-08-31 09:45:00,2449.27,2456.7,2449.27,2451.17,1916.445
2026-08-31 09:50:00,2451.17,2451.17,2446.98,2448.01,520.9399
2026-08-31 09:55:00,2448.0,2448.0,2446.32,2446.7,344.4252
2026-08-31 10:00:00,2446.71,2447.05,2442.33,2443.99,785.1905
2026-08-31 10:05:00,2443.98,2444.29,2440.82,2444.04,1085.6956
2026-08-31 10:10:00,2444.04,2449.49,2442.54,2449.48,800.3251
2026-08-31 10:15:00,2449.48,2449.48,2445.39,2447.29,873.0244
2026-08-31 10:20:00,2447.29,2448.47,2446.17,2447.45,566.3197
2026-08-31 10:25:00,2447.46,2449.49,2446.25,2449.19,511.0153
2026-08-31 10:30:00,2449.19,2449.2,2446.08,2446.96,702.6537
2026-08-31 10:35:00,2446.96,2451.02,2446.96,2450.52,910.5834
2026-08-31 10:40:00,2450.53,2451.79,2449.14,2450.91,856.8153
2026-08-31 10:45:00,2450.91,2451.52,2449.83,2450.45,1066.3464
2026-08-31 10:50:00,2450.45,2456.9,2449.98,2454.95,2921.6675
2026-08-31 10:55:00,2454.95,2456.54,2454.83,2455.63,1796.9448
2026-08-31 11:00:00,2455.64,2456.8,2452.67,2453.99,1363.807
2026-08-31 11:05:00,2453.99,2458.02,2452.31,2452.84,934.2831
2026-08-31 11:10:00,2452.84,2456.4,2452.84,2454.64,341.7627
2026-08-31 11:15:00,2454.65,2457.0,2452.66,2456.36,1052.811
2026-08-31 11:20:00,2456.36,2456.65,2454.16,2454.99,481.106
2026-08-31 11:25:00,2455.0,2455.16,2450.96,2452.19,495.8545
2026-08-31 11:30:00,2452.19,2452.31,2448.99,2448.99,850.5848
2026-08-31 11:35:00,2448.99,2449.62,2447.62,2448.8,456.5167
2026-08-31 11:40:00,2448.81,2449.78,2446.64,2447.33,358.2522
2026-08-31 11:45:00,2447.33,2448.38,2445.78,2445.98,461.1543
2026-08-31 11:50:00,2445.99,2447.22,2444.02,2444.83,328.8529
2026-08-31 11:55:00,2444.84,2446.62,2444.44,2446.35,270.5079
2026-08-31 12:00:00,2446.36,2456.35,2444.8,2456.35,1236.6286
2026-08-31 12:05:00,2456.35,2457.25,2451.45,2455.7,1649.4848
2026-08-31 12:10:00,2455.69,2456.44,2452.58,2453.21,657.4344
2026-08-31 12:15:00,2453.21,2464.27,2452.05,2462.52,1451.0811
2026-08-31 12:20:00,2462.53,2462.53,2455.48,2456.7,1165.0263
2026-08-31 12:25:00,2456.71,2457.33,2447.36,2454.62,1806.8493
2026-08-31 12:30:00,2454.61,2456.76,2449.85,2456.58,1634.8341
2026-08-31 12:35:00,2456.58,2458.92,2450.01,2450.01,1259.7713
2026-08-31 12:40:00,2450.01,2451.47,2444.59,2450.94,1423.0822
2026-08-31 12:45:00,2450.95,2451.48,2446.84,2446.84,777.9462
2026-08-31 12:50:00,2446.84,2452.21,2446.84,2447.81,485.157
2026-08-31 12:55:00,2447.81,2451.79,2446.47,2451.55,359.7541
2026-08-31 13:00:00,2451.55,2459.03,2451.43,2453.81,1381.0426
2026-08-31 13:05:00,2453.81,2455.66,2452.71,2452.95,296.0864
2026-08-31 13:10:00,2452.94,2454.72,2452.36,2453.71,405.0019
2026-08-31 13:15:00,2453.71,2454.79,2449.42,2449.52,535.1453
2026-08-31 13:20:00,2449.48,2453.77,2448.91,2451.87,446.6135
2026-08-31 13:25:00,2451.87,2451.87,2445.37,2450.46,1276.5729
2026-08-31 13:30:00,2450.46,2458.56,2447.22,2450.98,1751.4132
2026-08-31 13:35:00,2450.98,2453.71,2445.12,2452.22,1354.9525
2026-08-31 13:40:00,2452.22,2456.06,2447.85,2447.96,941.9521
2026-08-31 13:45:00,2447.96,2449.38,2441.66,2445.11,1852.4543
2026-08-31 13:50:00,2445.12,2445.75,2437.05,2441.39,1953.4859
2026-08-31 13:55:00,2441.4,2446.07,2438.86,2440.28,977.8409
2026-08-31 14:00:00,2440.29,2447.0,2438.52,2444.81,1173.3439
2026-08-31 14:05:00,2444.78,2447.9,2438.28,2445.19,982.8948
2026-08-31 14:10:00,2445.18,2445.97,2439.19,2440.54,1074.5386
2026-08-31 14:15:00,2440.55,2446.65,2437.75,2446.5,1394.3705
2026-08-31 14:20:00,2446.5,2448.93,2439.45,2439.45,1164.7577
2026-08-31 14:25:00,2439.46,2445.87,2437.76,2445.48,1357.3775
2026-08-31 14:30:00,2445.48,2450.65,2444.0,2444.87,1612.2681
2026-08-31 14:35:00,2444.87,2456.32,2444.87,2454.68,1883.5483
2026-08-31 14:40:00,2454.68,2475.0,2454.64,2465.32,7430.1577
2026-08-31 14:45:00,2465.32,2470.56,2461.44,2463.48,2762.3941
2026-08-31 14:50:00,2463.47,2466.24,2460.75,2463.57,1365.5216
2026-08-31 14:55:00,2463.58,2471.32,2462.08,2467.56,1889.1728
2026-08-31 15:00:00,2467.57,2470.96,2464.75,2465.12,1680.5338
2026-08-31 15:05:00,2465.12,2468.6,2462.64,2466.36,1308.0913
2026-08-31 15:10:00,2466.35,2466.35,2458.89,2459.49,1409.242
2026-08-31 15:15:00,2459.49,2463.69,2458.28,2460.77,1196.2761
2026-08-31 15:20:00,2460.77,2467.61,2459.9,2466.19,1123.3478
2026-08-31 15:25:00,2466.19,2470.5,2464.0,2468.54,1335.5407
2026-08-31 15:30:00,2468.54,2474.48,2465.96,2470.63,1455.6067
2026-08-31 15:35:00,2470.62,2471.98,2466.45,2468.89,1072.854
2026-08-31 15:40:00,2468.89,2478.09,2468.27,2476.61,2160.6306
2026-08-31 15:45:00,2476.62,2477.64,2470.91,2473.01,1121.963
2026-08-31 15:50:00,2473.0,2474.24,2469.4,2471.76,807.9904
2026-08-31 15:55:00,2471.75,2472.11,2467.14,2467.68,801.5737
2026-08-31 16:00:00,2467.68,2472.6,2464.82,2469.9,1152.5931
2026-08-31 16:05:00,2469.89,2471.71,2465.06,2467.22,666.8698
2026-08-31 16:10:00,2467.22,2471.31,2464.59,2465.55,1267.0711
2026-08-31 16:15:00,2465.55,2471.0,2462.05,2468.8,1382.5445
2026-08-31 16:20:00,2468.79,2468.8,2464.05,2464.85,630.5281
2026-08-31 16:25:00,2464.86,2466.97,2462.3,2464.77,1141.4244
2026-08-31 16:30:00,2464.78,2467.34,2464.0,2466.03,1070.4336
2026-08-31 16:35:00,2466.03,2468.38,2464.93,2466.34,777.7154
2026-08-31 16:40:00,2466.33,2472.33,2466.33,2471.52,956.3225
2026-08-31 16:45:00,2471.52,2472.7,2468.5,2471.11,666.8574
2026-08-31 16:50:00,2471.12,2473.26,2469.24,2472.26,728.7593
2026-08-31 16:55:00,2472.26,2477.24,2469.05,2469.2,1309.8128
2026-08-31 17:00:00,2469.19,2471.7,2468.18,2469.3,426.1135
2026-08-31 17:05:00,2469.3,2471.47,2469.15,2471.47,482.3088
2026-08-31 17:10:00,2471.48,2473.85,2469.54,2471.69,670.9442
2026-08-31 17:15:00,2471.7,2472.05,2464.24,2467.96,954.7216
2026-08-31 17:20:00,2467.96,2470.55,2467.46,2467.63,781.2486
2026-08-31 17:25:00,2467.63,2467.63,2461.26,2463.73,1004.9933
2026-08-31 17:30:00,2463.74,2465.4,2462.38,2463.85,481.7699
2026-08-31 17:35:00,2463.86,2469.15,2462.44,2469.14,653.5184
2026-08-31 17:40:00,2469.15,2474.63,2469.0,2471.28,1163.5767
2026-08-31 17:45:00,2471.28,2474.83,2469.61,2472.61,1020.7917
2026-08-31 17:50:00,2472.61,2477.37,2472.61,2475.97,1044.7901
2026-08-31 17:55:00,2475.96,2476.36,2474.5,2475.42,915.3667
2026-08-31 18:00:00,2475.41,2475.41,2470.71,2471.05,799.0464
2026-08-31 18:05:00,2471.06,2472.47,2469.81,2471.88,424.5384
2026-08-31 18:10:00,2471.88,2473.77,2470.2,2473.47,424.8272
2026-08-31 18:15:00,2473.47,2480.75,2473.12,2478.5,2848.7121
2026-08-31 18:20:00,2478.51,2478.6,2470.6,2470.6,887.9505
2026-08-31 18:25:00,2470.6,2472.41,2468.98,2471.09,715.855
2026-08-31 18:30:00,2471.09,2472.65,2470.24,2471.01,251.0427
2026-08-31 18:35:00,2471.01,2476.52,2471.0,2475.0,686.6136
2026-08-31 18:40:00,2474.99,2489.89,2474.0,2487.89,3225.722
2026-08-31 18:45:00,2487.89,2487.9,2478.78,2480.44,1631.7862
2026-08-31 18:50:00,2480.44,2480.62,2476.73,2477.53,502.8197
2026-08-31 18:55:00,2477.53,2479.37,2476.26,2477.8,441.8174
2026-08-31 19:00:00,2477.81,2481.48,2477.8,2480.79,680.2708
2026-08-31 19:05:00,2480.78,2486.84,2480.46,2486.46,1683.3467
2026-08-31 19:10:00,2486.47,2489.95,2485.72,2486.44,1436.2001
2026-08-31 19:15:00,2486.43,2486.44,2482.01,2483.22,1072.4965
2026-08-31 19:20:00,2483.22,2485.78,2481.77,2485.68,968.671
2026-08-31 19:25:00,2485.67,2486.01,2482.63,2485.53,702.1783
2026-08-31 19:30:00,2485.53,2486.05,2482.01,2484.3,1408.4832
2026-08-31 19:35:00,2484.3,2485.49,2482.82,2482.82,770.908
2026-08-31 19:40:00,2482.83,2482.83,2478.4,2480.37,1006.8848
2026-08-31 19:45:00,2480.37,2483.61,2479.65,2483.61,631.1181
2026-08-31 19:50:00,2483.62,2485.4,2480.03,2480.55,1131.347
2026-08-31 19:55:00,2480.56,2483.97,2477.4,2481.84,1008.3243
2026-08-31 20:00:00,2481.84,2483.35,2478.81,2479.61,491.3964
2026-08-31 20:05:00,2479.61,2480.96,2478.71,2479.5,291.3087
2026-08-31 20:10:00,2479.49,2480.0,2478.1,2480.0,171.5561
2026-08-31 20:15:00,2479.99,2484.18,2479.54,2484.14,433.502
2026-08-31 20:20:00,2484.13,2487.0,2480.96,2481.33,576.2025
2026-08-31 20:25:00,2481.33,2481.33,2475.26,2476.12,673.0691
2026-08-31 20:30:00,2476.11,2477.76,2473.13,2473.13,668.0259
2026-08-31 20:35:00,2473.14,2473.78,2470.06,2470.96,728.2348
2026-08-31 20:40:00,2470.97,2475.47,2470.97,2473.87,448.1183
2026-08-31 20:45:00,2473.87,2474.67,2470.94,2471.54,435.9988
2026-08-31 20:50:00,2471.54,2474.32,2471.05,2473.71,409.2105
2026-08-31 20:55:00,2473.71,2475.06,2471.57,2472.62,454.3432
2026-08-31 21:00:00,2472.63,2473.25,2468.81,2471.26,633.356
2026-08-31 21:05:00,2471.26,2476.23,2467.64,2476.23,931.2125
2026-08-31 21:10:00,2476.22,2476.22,2472.16,2472.65,424.306
2026-08-31 21:15:00,2472.64,2473.39,2471.19,2471.2,171.3256
2026-08-31 21:20:00,2471.2,2473.92,2470.58,2473.91,571.3814
2026-08-31 21:25:00,2473.91,2478.52,2472.72,2478.51,429.9038
2026-08-31 21:30:00,2478.52,2482.21,2477.89,2480.33,1014.7978
2026-08-31 21:35:00,2480.33,2483.51,2479.55,2479.74,395.0724
2026-08-31 21:40:00,2479.75,2481.51,2479.75,2481.48,372.6162
2026-08-31 21:45:00,2481.48,2483.19,2479.97,2480.52,432.6607
2026-08-31 21:50:00,2480.53,2481.45,2478.81,2479.26,510.5421
2026-08-31 21:55:00,2479.27,2479.84,2478.26,2478.27,398.3675
2026-08-31 22:00:00,2478.27,2480.91,2475.17,2475.5,498.3327
2026-08-31 22:05:00,2475.51,2477.86,2475.51,2477.48,202.3681
2026-08-31 22:10:00,2477.48,2477.76,2474.38,2474.7,255.7788
2026-08-31 22:15:00,2474.7,2474.96,2472.33,2472.33,300.2759
2026-08-31 22:20:00,2472.34,2472.55,2470.91,2470.92,627.5107
2026-08-31 22:25:00,2470.92,2471.14,2470.73,2471.12,145.6824
2026-08-31 22:30:00,2471.13,2471.86,2469.75,2471.25,225.1265
2026-08-31 22:35:00,2471.25,2471.26,2468.97,2469.75,193.5784
2026-08-31 22:40:00,2469.75,2469.75,2468.0,2468.86,606.1041
2026-08-31 22:45:00,2468.86,2468.86,2467.72,2468.52,246.1006
2026-08-31 22:50:00,2468.53,2470.68,2468.53,2470.4,356.6661
2026-08-31 22:55:00,2470.42,2470.42,2469.23,2469.45,208.0009
2026-08-31 23:00:00,2469.45,2469.45,2462.0,2462.77,1118.2617
2026-08-31 23:05:00,2462.77,2466.84,2462.76,2466.83,311.1635
2026-08-31 23:10:00,2466.84,2467.05,2464.4,2464.4,368.7903
2026-08-31 23:15:00,2464.41,2465.97,2463.43,2465.76,384.158
2026-08-31 23:20:00,2465.76,2465.99,2465.11,2465.51,108.3976
2026-08-31 23:25:00,2465.51,2466.8,2465.51,2466.49,109.1115
2026-08-31 23:30:00,2466.49,2467.02,2465.62,2466.14,231.8237
2026-08-31 23:35:00,2466.14,2466.6,2464.52,2466.24,244.1623
2026-08-31 23:40:00,2466.24,2468.05,2466.24,2467.41,255.4967
2026-08-31 23:45:00,2467.41,2467.42,2466.6,2467.04,187.8495
2026-08-31 23:50:00,2467.04,2467.73,2466.8,2466.81,306.9108
2026-08-31 23:55:00,2466.8,2468.05,2465.99,2467.65,289.619
2026-09-01 00:00:00,2467.64,2467.65,2465.42,2467.5,500.9967
2026-09-01 00:05:00,2467.5,2473.44,2467.49,2472.4,853.6217
2026-09-01 00:10:00,2472.4,2473.8,2471.27,2472.47,380.0716
2026-09-01 00:15:00,2472.47,2475.28,2471.58,2475.04,476.7621
2026-09-01 00:20:00,2475.03,2477.55,2474.65,2476.24,506.5249
2026-09-01 00:25:00,2476.23,2477.0,2475.0,2475.49,720.2078
2026-09-01 00:30:00,2475.49,2476.8,2470.92,2474.16,777.0283
2026-09-01 00:35:00,2474.16,2475.96,2471.62,2471.62,565.8066
2026-09-01 00:40:00,2471.61,2473.35,2471.07,2472.04,489.9051
2026-09-01 00:45:00,2472.04,2475.89,2472.04,2475.88,280.6641
2026-09-01 00:50:00,2475.89,2475.9,2471.23,2471.23,424.0707
2026-09-01 00:55:00,2471.23,2471.84,2468.75,2471.61,580.0982
2026-09-01 01:00:00,2471.62,2474.18,2469.93,2472.86,434.3588
2026-09-01 01:05:00,2472.86,2476.22,2471.31,2472.04,863.3366
2026-09-01 01:10:00,2472.04,2472.04,2467.01,2467.84,405.8837
2026-09-01 01:15:00,2467.84,2470.14,2465.33,2469.6,705.4503
2026-09-01 01:20:00,2469.61,2469.72,2467.31,2467.47,348.7653
2026-09-01 01:25:00,2467.46,2467.46,2458.18,2461.13,1359.2708
2026-09-01 01:30:00,2461.13,2462.0,2458.27,2461.99,961.0924
2026-09-01 01:35:00,2461.98,2466.4,2461.78,2465.8,476.632
2026-09-01 01:40:00,2465.79,2468.0,2465.78,2467.4,431.9713
2026-09-01 01:45:00,2467.4,2467.8,2464.63,2465.57,350.0338
2026-09-01 01:50:00,2465.57,2465.59,2462.54,2463.01,463.2429
2026-09-01 01:55:00,2463.01,2463.49,2461.45,2462.86,382.2336
2026-09-01 02:00:00,2462.85,2462.85,2457.05,2460.0,887.7355
2026-09-01 02:05:00,2460.0,2461.99,2458.43,2459.14,469.8226
2026-09-01 02:10:00,2459.14,2459.63,2454.66,2457.94,945.6269
2026-09-01 02:15:00,2457.94,2458.19,2455.0,2457.48,538.5065
2026-09-01 02:20:00,2457.58,2460.97,2457.22,2460.76,788.4374
2026-09-01 02:25:00,2460.77,2462.76,2458.46,2458.5,1066.1572
2026-09-01 02:30:00,2458.5,2463.3,2458.5,2462.0,707.6592
2026-09-01 02:35:00,2462.0,2462.18,2459.69,2460.09,185.0701
2026-09-01 02:40:00,2460.08,2461.86,2459.96,2460.38,237.0099
2026-09-01 02:45:00,2460.37,2463.3,2459.27,2462.35,737.0162
2026-09-01 02:50:00,2462.35,2463.29,2462.0,2462.48,288.5285
2026-09-01 02:55:00,2462.49,2465.34,2462.48,2465.08,363.9897
2026-09-01 03:00:00,2465.09,2466.16,2464.83,2466.16,299.9077
2026-09-01 03:05:00,2466.15,2466.88,2464.15,2465.51,310.8353
2026-09-01 03:10:00,2465.52,2467.31,2464.7,2466.12,314.4442
2026-09-01 03:15:00,2466.11,2467.31,2464.5,2467.31,184.8478
2026-09-01 03:20:00,2467.31,2467.31,2464.05,2464.51,255.8022
2026-09-01 03:25:00,2464.5,2466.91,2463.3,2466.8,347.5569
2026-09-01 03:30:00,2466.79,2478.48,2466.39,2477.26,1590.9831
2026-09-01 03:35:00,2477.25,2482.8,2476.68,2480.24,2354.628
2026-09-01 03:40:00,2480.24,2480.85,2475.92,2476.56,1246.9476
2026-09-01 03:45:00,2476.55,2476.55,2473.27,2474.88,708.1674
2026-09-01 03:50:00,2474.88,2474.89,2472.72,2473.32,537.2566
2026-09-01 03:55:00,2473.31,2473.31,2471.03,2472.21,392.0845
2026-09-01 04:00:00,2472.21,2474.07,2471.44,2471.8,575.0866
2026-09-01 04:05:00,2471.8,2473.68,2470.39,2473.66,616.884
2026-09-01 04:10:00,2473.65,2475.18,2471.69,2473.03,340.4783
2026-09-01 04:15:00,2473.04,2476.63,2473.03,2474.88,529.5082
2026-09-01 04:20:00,2474.88,2476.05,2474.54,2475.65,323.558
2026-09-01 04:25:00,2475.64,2478.2,2475.53,2476.13,377.9085
2026-09-01 04:30:00,2476.13,2477.0,2473.46,2473.47,464.3014
2026-09-01 04:35:00,2473.47,2474.34,2472.52,2473.0,371.7257
2026-09-01 04:40:00,2473.0,2473.46,2470.77,2471.21,347.0192
2026-09-01 04:45:00,2471.21,2472.27,2470.61,2472.24,327.2239
2026-09-01 04:50:00,2472.25,2472.49,2469.38,2470.7,611.3303
2026-09-01 04:55:00,2470.69,2470.84,2468.72,2470.02,1037.7661
2026-09-01 05:00:00,2470.02,2474.48,2468.73,2474.47,444.2573
2026-09-01 05:05:00,2474.48,2477.01,2474.2,2475.48,785.9963
2026-09-01 05:10:00,2475.48,2475.48,2472.81,2472.82,338.0791
2026-09-01 05:15:00,2472.82,2474.66,2472.22,2472.22,494.3568
2026-09-01 05:20:00,2472.22,2472.23,2470.56,2470.59,373.0231
2026-09-01 05:25:00,2470.58,2475.79,2470.58,2475.53,415.0545
2026-09-01 05:30:00,2475.53,2478.27,2475.28,2478.27,814.7023
2026-09-01 05:35:00,2478.27,2481.04,2477.84,2479.45,681.8633
2026-09-01 05:40:00,2479.44,2482.0,2477.95,2481.99,547.9765
2026-09-01 05:45:00,2481.99,2485.01,2479.55,2484.32,1894.0952
2026-09-01 05:50:00,2484.32,2485.5,2482.18,2484.31,910.6115
2026-09-01 05:55:00,2484.31,2485.41,2483.32,2484.54,1073.2277
2026-09-01 06:00:00,2484.54,2484.55,2482.44,2483.73,393.5774
2026-09-01 06:05:00,2483.73,2483.74,2479.1,2479.2,930.4184
2026-09-01 06:10:00,2479.19,2480.32,2478.39,2479.76,412.6428
2026-09-01 06:15:00,2479.76,2479.77,2475.38,2475.96,510.3359
2026-09-01 06:20:00,2475.96,2476.67,2473.38,2473.83,618.2903
2026-09-01 06:25:00,2473.83,2477.07,2473.77,2475.69,578.8809
2026-09-01 06:30:00,2475.68,2477.77,2475.68,2477.04,491.1775
2026-09-01 06:35:00,2477.05,2477.72,2475.35,2477.68,557.9367
2026-09-01 06:40:00,2477.68,2477.8,2476.23,2476.71,362.7412
2026-09-01 06:45:00,2476.7,2476.71,2474.25,2475.0,381.8888
2026-09-01 06:50:00,2474.99,2476.0,2473.0,2473.69,343.5392
2026-09-01 06:55:00,2473.69,2473.7,2471.61,2471.61,533.7061
2026-09-01 07:00:00,2471.61,2474.66,2471.29,2473.72,509.6656
2026-09-01 07:05:00,2473.71,2475.27,2472.0,2474.0,551.6835
2026-09-01 07:10:00,2474.01,2474.44,2472.79,2473.97,353.0402
2026-09-01 07:15:00,2473.97,2476.19,2473.73,2475.11,543.8941
2026-09-01 07:20:00,2475.1,2476.26,2473.96,2475.51,313.4554
2026-09-01 07:25:00,2475.51,2477.22,2473.14,2475.13,527.6469
2026-09-01 07:30:00,2475.13,2475.87,2474.3,2475.71,386.5614
2026-09-01 07:35:00,2475.7,2476.02,2466.57,2468.73,1255.0338
2026-09-01 07:40:00,2468.71,2470.78,2467.09,2470.6,588.2681
2026-09-01 07:45:00,2470.59,2472.64,2468.74,2472.46,379.9282
2026-09-01 07:50:00,2472.46,2473.93,2471.26,2472.59,670.518
2026-09-01 07:55:00,2472.58,2473.44,2471.28,2472.72,354.3736
2026-09-01 08:00:00,2472.72,2473.42,2470.13,2471.72,655.8738
2026-09-01 08:05:00,2471.72,2473.62,2461.43,2462.28,1706.8136
2026-09-01 08:10:00,2462.29,2466.03,2462.05,2464.15,1000.2705
2026-09-01 08:15:00,2464.15,2464.99,2456.96,2461.86,1360.7135
2026-09-01 08:20:00,2461.86,2464.16,2458.23,2458.34,978.3385
2026-09-01 08:25:00,2458.34,2459.62,2447.83,2448.11,3768.3411
2026-09-01 08:30:00,2448.1,2452.02,2444.92,2451.68,2601.187
2026-09-01 08:35:00,2451.68,2455.67,2450.9,2452.14,1317.7594
2026-09-01 08:40:00,2452.14,2452.25,2446.9,2451.65,2329.0518
2026-09-01 08:45:00,2451.65,2454.36,2448.94,2451.19,1946.7698
2026-09-01 08:50:00,2451.19,2451.59,2446.2,2450.19,2085.2547
2026-09-01 08:55:00,2450.19,2451.5,2447.81,2448.17,1327.6517
2026-09-01 09:00:00,2448.18,2450.09,2444.61,2448.43,764.404
2026-09-01 09:05:00,2448.44,2448.82,2443.44,2445.76,648.6447
2026-09-01 09:10:00,2445.8,2447.58,2444.53,2444.73,567.2097
2026-09-01 09:15:00,2444.72,2446.82,2444.25,2445.09,1228.6904
2026-09-01 09:20:00,2445.09,2450.64,2445.09,2450.64,523.9759
2026-09-01 09:25:00,2450.64,2453.3,2449.27,2451.34,1158.676
2026-09-01 09:30:00,2451.34,2452.56,2450.22,2452.55,692.5231
2026-09-01 09:35:00,2452.56,2452.56,2449.15,2450.76,518.391
2026-09-01 09:40:00,2450.76,2455.0,2450.54,2454.65,661.6438
2026-09-01 09:45:00,2454.7,2454.92,2452.0,2452.35,531.0733
2026-09-01 09:50:00,2452.35,2454.17,2451.83,2452.35,299.3006
2026-09-01 09:55:00,2452.35,2453.8,2451.74,2452.44,687.2731
2026-09-01 10:00:00,2452.44,2454.75,2452.03,2452.03,699.0888
2026-09-01 10:05:00,2452.03,2453.28,2451.27,2451.28,567.7589
2026-09-01 10:10:00,2451.28,2455.11,2449.3,2452.32,985.3442
2026-09-01 10:15:00,2452.33,2453.44,2448.35,2453.33,2288.8598
2026-09-01 10:20:00,2453.32,2457.71,2453.32,2457.7,1129.3691
2026-09-01 10:25:00,2457.71,2459.48,2455.9,2458.02,714.4867
2026-09-01 10:30:00,2458.01,2463.35,2458.01,2461.0,701.1719
2026-09-01 10:35:00,2461.01,2463.37,2459.6,2463.37,528.0024
2026-09-01 10:40:00,2463.36,2463.55,2460.49,2460.49,419.1979
2026-09-01 10:45:00,2460.5,2462.61,2459.31,2459.47,546.9531
2026-09-01 10:50:00,2459.47,2459.84,2456.02,2456.58,879.962
2026-09-01 10:55:00,2456.59,2457.52,2456.1,2456.97,254.8569
2026-09-01 11:00:00,2456.97,2456.97,2453.16,2456.42,969.6431
2026-09-01 11:05:00,2456.42,2457.05,2453.67,2454.75,606.0119
2026-09-01 11:10:00,2454.75,2455.42,2454.21,2454.73,330.5716
2026-09-01 11:15:00,2454.74,2456.21,2454.74,2455.75,288.4823
2026-09-01 11:20:00,2455.75,2456.55,2452.77,2456.21,453.4041
2026-09-01 11:25:00,2456.21,2457.02,2454.66,2456.43,226.631
2026-09-01 11:30:00,2456.44,2459.91,2454.61,2459.39,443.2143
2026-09-01 11:35:00,2459.4,2463.09,2459.4,2462.75,488.286
2026-09-01 11:40:00,2462.75,2463.56,2459.96,2460.23,542.7419
2026-09-01 11:45:00,2460.23,2462.16,2459.57,2459.57,539.2055
2026-09-01 11:50:00,2459.58,2464.73,2459.57,2462.27,969.6236
2026-09-01 11:55:00,2462.27,2462.46,2458.14,2459.18,526.5356
2026-09-01 12:00:00,2459.18,2459.32,2453.39,2456.55,865.5538
2026-09-01 12:05:00,2456.56,2459.09,2455.16,2456.37,698.8523
2026-09-01 12:10:00,2456.38,2457.76,2454.33,2455.61,511.942
2026-09-01 12:15:00,2455.62,2458.58,2453.43,2453.83,702.8045
2026-09-01 12:20:00,2453.83,2456.21,2452.2,2454.08,592.6319
2026-09-01 12:25:00,2454.08,2457.04,2454.08,2455.3,303.0163
2026-09-01 12:30:00,2455.29,2455.3,2448.96,2449.0,959.6436
2026-09-01 12:35:00,2449.0,2449.0,2441.5,2444.06,3001.8994
2026-09-01 12:40:00,2444.07,2447.14,2438.43,2446.22,2259.9194
2026-09-01 12:45:00,2446.22,2449.48,2444.42,2445.78,830.7669
2026-09-01 12:50:00,2445.77,2448.0,2445.4,2447.09,713.9401
2026-09-01 12:55:00,2447.09,2448.01,2446.0,2446.61,665.015
2026-09-01 13:00:00,2446.62,2447.3,2439.05,2441.12,1946.3879
2026-09-01 13:05:00,2441.13,2443.15,2426.58,2437.66,5378.5318
2026-09-01 13:10:00,2437.65,2443.49,2437.44,2441.51,1070.8402
2026-09-01 13:15:00,2441.51,2444.51,2438.78,2440.69,1397.762
2026-09-01 13:20:00,2440.72,2441.29,2439.32,2440.38,839.3365
2026-09-01 13:25:00,2440.37,2445.0,2439.57,2444.31,775.3875
2026-09-01 13:30:00,2444.31,2450.0,2442.64,2443.51,1539.467
2026-09-01 13:35:00,2443.5,2444.82,2434.08,2436.95,1550.3689
2026-09-01 13:40:00,2436.95,2443.97,2431.5,2442.63,2540.0796
2026-09-01 13:45:00,2442.63,2449.5,2440.47,2445.01,1558.0707
2026-09-01 13:50:00,2445.0,2448.33,2441.14,2442.9,1610.1291
2026-09-01 13:55:00,2442.9,2444.42,2440.19,2444.41,762.9111
2026-09-01 14:00:00,2444.42,2452.23,2442.05,2448.53,2626.8112
2026-09-01 14:05:00,2448.54,2456.65,2447.98,2453.37,2808.4909
2026-09-01 14:10:00,2453.37,2455.34,2450.42,2451.36,1867.7597
2026-09-01 14:15:00,2451.35,2454.79,2446.72,2447.85,1349.1848
2026-09-01 14:20:00,2447.85,2450.53,2446.68,2449.92,785.8678
2026-09-01 14:25:00,2449.93,2455.0,2449.93,2451.37,1300.6515
2026-09-01 14:30:00,2451.36,2454.74,2450.19,2454.27,773.8172
2026-09-01 14:35:00,2454.28,2455.83,2453.01,2453.57,938.2445
2026-09-01 14:40:00,2453.56,2455.0,2451.5,2455.0,849.4497
2026-09-01 14:45:00,2455.0,2457.64,2453.86,2453.86,932.1705
2026-09-01 14:50:00,2453.86,2454.66,2450.73,2452.1,799.8496
2026-09-01 14:55:00,2452.11,2452.11,2447.44,2449.29,1078.0899
2026-09-01 15:00:00,2449.3,2449.58,2438.09,2439.96,2124.9897
2026-09-01 15:05:00,2439.95,2441.29,2435.0,2436.0,1846.4868
2026-09-01 15:10:00,2436.0,2439.4,2435.5,2438.01,1032.9966
2026-09-01 15:15:00,2438.01,2439.75,2435.5,2438.05,740.0415
2026-09-01 15:20:00,2438.04,2440.74,2437.83,2440.64,811.3544
2026-09-01 15:25:00,2440.64,2443.43,2439.28,2443.43,730.1833
2026-09-01 15:30:00,2443.43,2446.26,2441.44,2445.86,789.1058
2026-09-01 15:35:00,2445.86,2447.25,2444.62,2444.78,622.4614
2026-09-01 15:40:00,2444.79,2449.23,2444.78,2449.22,571.489
2026-09-01 15:45:00,2449.22,2451.22,2448.22,2451.21,658.006
2026-09-01 15:50:00,2451.22,2454.68,2450.46,2450.96,993.2234
2026-09-01 15:55:00,2450.97,2452.44,2448.95,2448.97,456.4566
2026-09-01 16:00:00,2448.97,2449.6,2443.57,2445.69,1250.9934
2026-09-01 16:05:00,2445.7,2448.1,2440.05,2440.5,863.7135
2026-09-01 16:10:00,2440.5,2441.66,2434.4,2434.69,1402.045
2026-09-01 16:15:00,2434.69,2438.68,2432.85,2433.24,1531.0367
2026-09-01 16:20:00,2433.23,2433.31,2426.0,2429.2,2255.3008
2026-09-01 16:25:00,2429.2,2435.13,2429.16,2433.59,1349.1613
2026-09-01 16:30:00,2433.58,2433.85,2428.35,2429.59,925.8679
2026-09-01 16:35:00,2429.59,2433.4,2420.01,2433.4,3011.8149
2026-09-01 16:40:00,2433.39,2435.57,2427.79,2429.2,1270.3645
2026-09-01 16:45:00,2429.2,2432.95,2428.2,2431.93,719.7794
2026-09-01 16:50:00,2431.93,2434.76,2431.42,2434.42,545.7439
2026-09-01 16:55:00,2434.43,2435.0,2432.73,2432.83,536.9786
2026-09-01 17:00:00,2432.83,2434.7,2431.72,2431.94,406.7865
2026-09-01 17:05:00,2431.94,2434.0,2431.01,2434.0,526.5031
2026-09-01 17:10:00,2434.0,2434.3,2432.62,2432.94,388.035
2026-09-01 17:15:00,2432.93,2434.08,2428.46,2433.31,871.9098
2026-09-01 17:20:00,2433.31,2436.91,2433.3,2435.44,650.397
2026-09-01 17:25:00,2435.43,2435.57,2431.75,2432.99,530.4622
2026-09-01 17:30:00,2432.99,2439.53,2432.65,2437.34,465.5367
2026-09-01 17:35:00,2437.33,2437.65,2434.49,2435.02,278.4375
2026-09-01 17:40:00,2435.03,2436.99,2433.37,2433.37,467.5301
2026-09-01 17:45:00,2433.37,2433.37,2425.01,2428.01,1827.704
2026-09-01 17:50:00,2428.04,2429.37,2421.6,2422.91,1201.0887
2026-09-01 17:55:00,2422.92,2423.86,2416.85,2418.18,4471.811
2026-09-01 18:00:00,2418.18,2421.98,2415.03,2416.61,3165.8735
2026-09-01 18:05:00,2416.61,2417.14,2408.56,2410.35,3196.9058
2026-09-01 18:10:00,2410.36,2417.33,2409.64,2416.93,909.8646
2026-09-01 18:15:00,2416.92,2418.4,2412.23,2413.96,957.264
2026-09-01 18:20:00,2413.97,2416.98,2413.02,2416.62,475.8093
2026-09-01 18:25:00,2416.61,2416.64,2401.76,2414.8,4119.2856
2026-09-01 18:30:00,2414.8,2417.13,2408.53,2409.62,1568.4991
2026-09-01 18:35:00,2409.6,2411.16,2390.0,2394.44,8133.3748
2026-09-01 18:40:00,2394.43,2397.15,2389.33,2389.76,3120.956
2026-09-01 18:45:00,2389.75,2398.58,2383.34,2398.57,4786.346
2026-09-01 18:50:00,2398.57,2409.77,2398.1,2406.5,2640.0759
2026-09-01 18:55:00,2406.5,2413.25,2405.1,2412.83,2931.2955
2026-09-01 19:00:00,2412.83,2420.05,2412.24,2419.88,2316.2565
2026-09-01 19:05:00,2419.87,2420.24,2413.33,2415.06,993.3282
2026-09-01 19:10:00,2415.06,2417.25,2414.95,2415.62,542.6415
2026-09-01 19:15:00,2415.62,2422.09,2412.67,2416.03,1707.455
2026-09-01 19:20:00,2416.02,2424.89,2415.87,2419.84,2037.1192
2026-09-01 19:25:00,2419.84,2424.7,2419.63,2420.68,873.7296
2026-09-01 19:30:00,2420.67,2422.13,2419.0,2419.42,504.024
2026-09-01 19:35:00,2419.42,2420.6,2416.99,2417.0,471.2328
2026-09-01 19:40:00,2416.99,2419.0,2416.86,2417.42,281.2925
2026-09-01 19:45:00,2417.42,2418.71,2415.62,2416.8,472.4965
2026-09-01 19:50:00,2416.79,2416.79,2413.0,2413.69,592.5682
2026-09-01 19:55:00,2413.69,2419.27,2413.69,2419.18,791.129
2026-09-01 20:00:00,2419.19,2419.77,2414.19,2415.98,1045.45
2026-09-01 20:05:00,2415.99,2419.43,2413.07,2413.86,693.5163
2026-09-01 20:10:00,2413.86,2420.4,2413.86,2420.4,689.8596
2026-09-01 20:15:00,2420.4,2421.28,2416.56,2421.27,629.4369
2026-09-01 20:20:00,2421.27,2422.43,2419.08,2419.14,465.7814
2026-09-01 20:25:00,2419.14,2420.16,2416.88,2420.16,598.5025
2026-09-01 20:30:00,2420.16,2421.34,2419.44,2420.36,276.048
2026-09-01 20:35:00,2420.37,2423.12,2419.32,2422.15,970.7081
2026-09-01 20:40:00,2422.15,2422.15,2418.5,2419.36,343.1332
2026-09-01 20:45:00,2419.36,2419.48,2417.06,2417.15,282.0439
2026-09-01 20:50:00,2417.16,2420.36,2416.88,2420.36,535.0578
2026-09-01 20:55:00,2420.35,2421.56,2419.88,2421.32,464.6827
2026-09-01 21:00:00,2421.33,2423.39,2417.97,2419.12,834.4086
2026-09-01 21:05:00,2419.12,2419.13,2414.7,2414.7,844.5495
2026-09-01 21:10:00,2414.7,2414.7,2405.0,2408.7,1995.0726
2026-09-01 21:15:00,2408.71,2409.46,2400.42,2406.17,1717.139
2026-09-01 21:20:00,2406.17,2416.32,2406.17,2415.74,1483.7964
2026-09-01 21:25:00,2415.74,2417.32,2413.24,2414.78,308.3949
2026-09-01 21:30:00,2414.77,2414.78,2407.63,2407.9,971.1292
2026-09-01 21:35:00,2407.9,2412.53,2407.9,2412.53,542.6999
2026-09-01 21:40:00,2412.53,2413.06,2410.82,2412.49,526.1941
2026-09-01 21:45:00,2412.49,2415.0,2412.49,2414.97,651.9028
2026-09-01 21:50:00,2414.98,2417.29,2414.74,2416.37,1166.4417
2026-09-01 21:55:00,2416.36,2417.66,2414.31,2415.46,418.1272
2026-09-01 22:00:00,2415.46,2418.7,2414.09,2416.96,662.616
2026-09-01 22:05:00,2416.96,2417.16,2413.82,2416.43,424.1227
2026-09-01 22:10:00,2416.42,2417.5,2416.34,2416.35,128.5892
2026-09-01 22:15:00,2416.35,2416.35,2413.97,2415.01,1235.0867
2026-09-01 22:20:00,2415.01,2415.02,2409.94,2410.56,2060.359
2026-09-01 22:25:00,2410.57,2411.42,2407.23,2407.66,787.7632
2026-09-01 22:30:00,2407.65,2409.66,2405.85,2407.62,2524.9501
2026-09-01 22:35:00,2407.63,2410.04,2407.63,2407.64,600.0805
2026-09-01 22:40:00,2407.64,2408.46,2405.9,2407.76,2079.685
2026-09-01 22:45:00,2407.75,2414.64,2407.75,2414.64,598.5283
2026-09-01 22:50:00,2414.65,2415.88,2413.22,2413.23,744.1049
2026-09-01 22:55:00,2413.23,2414.19,2413.0,2413.18,431.8522
2026-09-01 23:00:00,2413.17,2414.29,2411.11,2411.11,532.6417
2026-09-01 23:05:00,2411.1,2414.92,2411.0,2414.15,413.1067
2026-09-01 23:10:00,2414.15,2414.47,2412.72,2412.98,210.2396
2026-09-01 23:15:00,2412.98,2415.0,2412.98,2415.0,355.3333
2026-09-01 23:20:00,2414.99,2415.12,2412.8,2414.54,374.2416
2026-09-01 23:25:00,2414.55,2417.25,2413.84,2417.25,658.2308
2026-09-01 23:30:00,2417.24,2420.55,2416.55,2419.64,622.928
2026-09-01 23:35:00,2419.64,2427.15,2419.62,2423.1,2065.1898
2026-09-01 23:40:00,2423.11,2425.22,2423.11,2423.24,326.4662
2026-09-01 23:45:00,2423.23,2425.59,2421.93,2423.99,637.1502
2026-09-01 23:50:00,2424.0,2424.66,2418.41,2419.35,1314.1415
2026-09-01 23:55:00,2419.34,2419.35,2418.57,2418.57,244.4133
2026-09-02 00:00:00,2418.58,2420.99,2416.91,2418.26,642.6276
2026-09-02 00:05:00,2418.25,2420.41,2418.23,2419.65,349.4781
2026-09-02 00:10:00,2419.64,2420.38,2418.3,2420.15,261.6617
2026-09-02 00:15:00,2420.15,2422.32,2419.54,2419.97,506.1336
2026-09-02 00:20:00,2419.97,2421.12,2416.91,2418.6,472.2625
2026-09-02 00:25:00,2418.6,2418.6,2410.86,2412.34,1021.8619
2026-09-02 00:30:00,2412.33,2415.53,2410.04,2411.93,727.008
2026-09-02 00:35:00,2411.93,2413.65,2407.97,2409.37,763.5449
2026-09-02 00:40:00,2409.38,2411.07,2405.87,2409.14,1202.4844
2026-09-02 00:45:00,2409.14,2410.88,2409.14,2410.87,526.8264
2026-09-02 00:50:00,2410.87,2410.87,2406.96,2408.0,547.1126
2026-09-02 00:55:00,2408.01,2411.75,2408.0,2408.85,253.2677
2026-09-02 01:00:00,2408.84,2410.38,2407.95,2409.16,385.7837
2026-09-02 01:05:00,2409.16,2409.46,2407.06,2409.46,736.2732
2026-09-02 01:10:00,2409.46,2415.0,2409.46,2413.14,956.4975
2026-09-02 01:15:00,2413.14,2414.9,2410.3,2413.75,740.4186
2026-09-02 01:20:00,2413.76,2415.0,2411.18,2414.86,600.9645
2026-09-02 01:25:00,2414.86,2414.94,2408.99,2409.21,671.6738
2026-09-02 01:30:00,2409.21,2411.64,2405.89,2406.21,917.7302
2026-09-02 01:35:00,2406.22,2406.22,2400.96,2400.96,1334.1034
2026-09-02 01:40:00,2400.96,2401.31,2391.09,2395.15,3153.6155
2026-09-02 01:45:00,2395.16,2398.27,2390.4,2392.36,1892.7753
2026-09-02 01:50:00,2392.35,2393.07,2386.74,2391.88,2145.2447
2026-09-02 01:55:00,2391.86,2400.79,2391.38,2399.32,1276.6112
2026-09-02 02:00:00,2399.32,2401.06,2396.3,2396.69,747.3521
2026-09-02 02:05:00,2396.65,2406.0,2395.0,2400.21,1256.8978
2026-09-02 02:10:00,2400.22,2404.85,2399.76,2402.06,840.2106
2026-09-02 02:15:00,2402.07,2406.06,2401.37,2404.48,850.8427
2026-09-02 02:20:00,2404.49,2407.84,2404.48,2407.78,707.1881
2026-09-02 02:25:00,2407.77,2411.01,2405.69,2409.97,1259.0854
2026-09-02 02:30:00,2409.96,2409.96,2406.37,2409.25,671.7016
2026-09-02 02:35:00,2409.24,2410.53,2406.75,2407.4,1014.7097
2026-09-02 02:40:00,2407.41,2408.21,2404.49,2406.96,815.3744
2026-09-02 02:45:00,2406.96,2407.72,2406.31,2407.71,333.2277
2026-09-02 02:50:00,2407.7,2408.47,2406.26,2407.84,351.6696
2026-09-02 02:55:00,2407.84,2409.93,2407.07,2409.92,553.2231
2026-09-02 03:00:00,2409.93,2412.0,2408.64,2411.87,714.8398
2026-09-02 03:05:00,2411.88,2414.61,2410.19,2412.04,1331.3094
2026-09-02 03:10:00,2412.04,2420.56,2412.04,2415.61,2006.0792
2026-09-02 03:15:00,2415.62,2419.62,2412.8,2416.18,1880.79
2026-09-02 03:20:00,2416.19,2419.49,2416.18,2417.85,880.9361
2026-09-02 03:25:00,2417.85,2424.3,2417.69,2420.0,1694.5849
2026-09-02 03:30:00,2420.0,2420.3,2416.02,2416.74,596.362
2026-09-02 03:35:00,2416.73,2419.53,2415.29,2419.53,472.7349
2026-09-02 03:40:00,2419.53,2419.53,2413.92,2414.77,881.8585
2026-09-02 03:45:00,2414.76,2417.24,2414.76,2416.83,614.6049
2026-09-02 03:50:00,2416.83,2416.84,2413.23,2414.44,585.9518
2026-09-02 03:55:00,2414.44,2414.88,2412.04,2414.42,491.6763
2026-09-02 04:00:00,2414.42,2415.46,2412.05,2414.67,645.9313
2026-09-02 04:05:00,2414.66,2415.03,2408.1,2408.88,1070.6332
2026-09-02 04:10:00,2408.88,2409.28,2406.52,2408.17,665.8604
2026-09-02 04:15:00,2408.16,2410.31,2405.44,2410.3,532.3205
2026-09-02 04:20:00,2410.31,2412.26,2409.68,2412.09,616.5327
2026-09-02 04:25:00,2412.09,2413.43,2410.91,2412.44,564.8198
2026-09-02 04:30:00,2412.45,2415.63,2412.01,2415.37,935.1438
2026-09-02 04:35:00,2415.36,2416.0,2413.9,2416.0,685.826
2026-09-02 04:40:00,2416.0,2416.46,2414.3,2415.69,456.2516
2026-09-02 04:45:00,2415.69,2416.49,2414.8,2415.83,399.0639
2026-09-02 04:50:00,2415.83,2416.17,2414.65,2414.73,377.2003
2026-09-02 04:55:00,2414.73,2415.93,2414.24,2415.23,409.9131
2026-09-02 05:00:00,2415.23,2416.33,2411.85,2411.86,707.9401
2026-09-02 05:05:00,2411.86,2412.37,2409.45,2410.77,500.0695
2026-09-02 05:10:00,2410.78,2415.32,2410.77,2415.3,529.6738
2026-09-02 05:15:00,2415.3,2423.23,2415.08,2418.53,1319.9243
2026-09-02 05:20:00,2418.54,2421.78,2418.54,2421.42,449.143
2026-09-02 05:25:00,2421.42,2423.33,2419.64,2422.52,487.7529
2026-09-02 05:30:00,2422.52,2423.23,2419.55,2419.55,414.6716
2026-09-02 05:35:00,2419.55,2421.23,2419.54,2420.36,511.7966
2026-09-02 05:40:00,2420.37,2422.38,2420.0,2420.77,506.3335
2026-09-02 05:45:00,2420.78,2425.0,2420.77,2423.68,699.3227
2026-09-02 05:50:00,2423.68,2423.95,2422.04,2422.88,252.8208
2026-09-02 05:55:00,2422.88,2423.2,2420.46,2422.53,514.2377
2026-09-02 06:00:00,2422.53,2424.72,2420.52,2421.61,901.444
2026-09-02 06:05:00,2421.62,2422.42,2419.31,2420.55,613.9294
2026-09-02 06:10:00,2420.54,2422.53,2418.48,2418.55,751.8154
2026-09-02 06:15:00,2418.55,2419.94,2416.4,2416.41,799.0493
2026-09-02 06:20:00,2416.41,2418.43,2416.4,2418.43,322.3129
2026-09-02 06:25:00,2418.43,2422.53,2418.26,2418.3,568.6636
2026-09-02 06:30:00,2418.3,2418.3,2414.98,2417.96,1073.2995
2026-09-02 06:35:00,2417.96,2420.34,2417.0,2420.33,529.7932
2026-09-02 06:40:00,2420.34,2425.5,2420.34,2422.44,1174.6581
2026-09-02 06:45:00,2422.44,2422.89,2421.17,2421.17,610.2579
2026-09-02 06:50:00,2421.16,2421.79,2418.3,2418.56,426.5113
2026-09-02 06:55:00,2418.55,2420.91,2417.03,2420.73,718.0463
2026-09-02 07:00:00,2420.73,2422.28,2420.44,2421.07,265.6422
2026-09-02 07:05:00,2421.06,2422.32,2420.87,2422.32,252.1499
2026-09-02 07:10:00,2422.32,2429.0,2422.32,2426.69,1773.9675
2026-09-02 07:15:00,2426.69,2426.69,2423.25,2424.05,547.5714
2026-09-02 07:20:00,2424.04,2425.99,2422.36,2422.79,504.2401
2026-09-02 07:25:00,2422.78,2423.28,2421.24,2421.79,345.7954
2026-09-02 07:30:00,2421.79,2423.82,2420.88,2422.29,339.7406
2026-09-02 07:35:00,2422.3,2423.26,2421.89,2422.99,318.2283
2026-09-02 07:40:00,2422.99,2424.8,2421.74,2421.74,402.2567
2026-09-02 07:45:00,2421.74,2422.85,2420.88,2421.28,568.4664
2026-09-02 07:50:00,2421.28,2422.67,2419.16,2420.04,325.8889
2026-09-02 07:55:00,2420.05,2421.31,2417.6,2417.9,684.6172
2026-09-02 08:00:00,2417.9,2419.17,2414.89,2419.14,613.4622
2026-09-02 08:05:00,2419.14,2420.64,2418.27,2419.15,1002.2544
2026-09-02 08:10:00,2419.15,2419.91,2416.19,2417.45,882.6672
2026-09-02 08:15:00,2417.46,2419.1,2415.82,2415.82,290.8165
2026-09-02 08:20:00,2415.82,2415.82,2413.63,2414.73,1236.7739
2026-09-02 08:25:00,2414.73,2416.27,2414.0,2414.01,394.174
2026-09-02 08:30:00,2414.0,2414.01,2404.76,2407.11,2223.1249
2026-09-02 08:35:00,2407.11,2408.45,2403.82,2405.59,938.8144
2026-09-02 08:40:00,2405.59,2405.59,2395.36,2396.23,2785.4796
2026-09-02 08:45:00,2396.23,2400.69,2391.3,2394.56,2551.7753
2026-09-02 08:50:00,2394.56,2395.38,2391.02,2392.24,2095.8885
2026-09-02 08:55:00,2392.24,2394.67,2390.09,2393.16,1660.2017
2026-09-02 09:00:00,2393.15,2400.0,2393.05,2397.84,1557.1165
2026-09-02 09:05:00,2397.84,2400.0,2397.84,2399.25,713.4047
2026-09-02 09:10:00,2399.24,2399.24,2395.44,2395.6,686.44
2026-09-02 09:15:00,2395.6,2395.94,2389.02,2392.1,2153.6964
2026-09-02 09:20:00,2392.09,2393.4,2378.0,2383.41,5254.9949
2026-09-02 09:25:00,2383.42,2388.29,2382.86,2388.0,1794.4841
2026-09-02 09:30:00,2388.0,2388.65,2369.7,2376.03,7061.0766
2026-09-02 09:35:00,2376.03,2376.4,2369.7,2372.46,2581.1332
2026-09-02 09:40:00,2372.46,2374.19,2368.11,2369.85,1808.1094
2026-09-02 09:45:00,2369.84,2377.05,2366.9,2373.25,1996.4269
2026-09-02 09:50:00,2373.25,2377.31,2372.99,2374.3,2021.5413
2026-09-02 09:55:00,2374.3,2377.22,2373.37,2376.61,945.1863
2026-09-02 10:00:00,2376.62,2376.89,2371.98,2372.25,1049.0512
2026-09-02 10:05:00,2372.25,2373.77,2370.59,2371.97,1323.2111
2026-09-02 10:10:00,2371.97,2373.18,2370.0,2373.0,895.11
2026-09-02 10:15:00,2373.0,2375.83,2371.65,2375.77,660.4379
2026-09-02 10:20:00,2375.76,2376.02,2372.11,2372.49,1741.3154
2026-09-02 10:25:00,2372.49,2373.08,2369.4,2369.8,1045.122
2026-09-02 10:30:00,2369.79,2370.53,2360.0,2363.98,3559.3615
2026-09-02 10:35:00,2363.98,2367.89,2362.37,2362.63,978.0798
2026-09-02 10:40:00,2362.63,2366.33,2361.3,2366.32,932.6645
2026-09-02 10:45:00,2366.32,2366.32,2357.41,2361.3,2111.9333
2026-09-02 10:50:00,2361.3,2367.6,2356.41,2365.85,2601.846
2026-09-02 10:55:00,2365.86,2373.31,2365.85,2372.76,1887.2986
2026-09-02 11:00:00,2372.73,2375.0,2368.19,2368.21,1321.7779
2026-09-02 11:05:00,2368.22,2376.78,2367.52,2375.7,1110.3043
2026-09-02 11:10:00,2375.69,2377.17,2372.48,2376.08,2124.4079
2026-09-02 11:15:00,2376.08,2377.17,2371.84,2371.96,1900.8226
2026-09-02 11:20:00,2371.96,2372.19,2369.16,2370.36,2467.1263
2026-09-02 11:25:00,2370.36,2374.48,2369.24,2374.3,1107.0284
2026-09-02 11:30:00,2374.3,2379.0,2373.4,2378.84,703.5864
2026-09-02 11:35:00,2378.84,2382.28,2378.65,2380.71,2456.813
2026-09-02 11:40:00,2380.71,2381.43,2376.87,2377.92,703.5144
2026-09-02 11:45:00,2377.91,2379.53,2376.04,2378.15,1041.3157
2026-09-02 11:50:00,2378.14,2379.97,2377.53,2378.69,442.633
2026-09-02 11:55:00,2378.7,2382.09,2378.7,2381.88,971.1641
2026-09-02 12:00:00,2381.87,2381.87,2377.53,2378.51,1179.1827
2026-09-02 12:05:00,2378.52,2381.39,2377.83,2379.24,983.6556
2026-09-02 12:10:00,2379.24,2383.0,2378.9,2382.42,1018.1478
2026-09-02 12:15:00,2382.42,2387.62,2379.32,2384.8,2127.4722
2026-09-02 12:20:00,2384.79,2390.0,2383.51,2386.77,2411.452
2026-09-02 12:25:00,2386.78,2388.11,2385.96,2386.6,1149.273
2026-09-02 12:30:00,2386.6,2386.92,2383.12,2384.31,784.1556
2026-09-02 12:35:00,2384.31,2384.93,2380.05,2381.94,702.7558
2026-09-02 12:40:00,2381.95,2383.08,2381.45,2382.25,403.2369
2026-09-02 12:45:00,2382.25,2382.26,2378.25,2379.95,1153.3344
2026-09-02 12:50:00,2379.95,2380.02,2377.63,2378.13,473.5052
2026-09-02 12:55:00,2378.13,2378.47,2377.21,2377.65,615.409
2026-09-02 13:00:00,2377.65,2384.53,2377.64,2383.27,1239.4025
2026-09-02 13:05:00,2383.27,2385.58,2381.91,2383.03,599.3926
2026-09-02 13:10:00,2383.02,2384.05,2381.94,2381.96,469.6741
2026-09-02 13:15:00,2381.96,2386.9,2381.95,2386.24,732.3337
2026-09-02 13:20:00,2386.24,2387.0,2384.14,2386.86,891.4378
2026-09-02 13:25:00,2386.86,2389.82,2385.03,2388.08,1811.3296
2026-09-02 13:30:00,2388.09,2388.71,2383.72,2385.64,1339.7761
2026-09-02 13:35:00,2385.65,2385.69,2380.0,2382.73,1371.7611
2026-09-02 13:40:00,2382.73,2417.52,2382.4,2417.17,6097.9511
2026-09-02 13:45:00,2417.17,2419.72,2402.18,2403.43,6980.704
2026-09-02 13:50:00,2403.43,2408.74,2400.21,2402.33,2844.4589
2026-09-02 13:55:00,2402.34,2403.09,2397.54,2402.99,1902.3954
2026-09-02 14:00:00,2403.0,2404.33,2394.82,2400.21,3061.2327
2026-09-02 14:05:00,2400.21,2408.51,2398.53,2403.65,1673.8434
2026-09-02 14:10:00,2403.65,2406.83,2402.65,2406.82,963.0301
2026-09-02 14:15:00,2406.83,2408.4,2403.07,2405.94,682.3843
2026-09-02 14:20:00,2405.99,2410.9,2402.65,2402.81,1187.5109
2026-09-02 14:25:00,2402.81,2405.18,2401.0,2404.29,684.5997
2026-09-02 14:30:00,2404.29,2404.29,2393.15,2398.09,1543.2505
2026-09-02 14:35:00,2398.09,2398.74,2395.65,2397.75,589.131
2026-09-02 14:40:00,2397.75,2404.59,2397.75,2403.75,978.4784
2026-09-02 14:45:00,2403.76,2404.72,2399.57,2401.34,670.4907
2026-09-02 14:50:00,2401.33,2401.54,2395.34,2396.63,776.8274
2026-09-02 14:55:00,2396.64,2398.93,2393.93,2394.45,788.9235
2026-09-02 15:00:00,2394.46,2397.67,2384.8,2393.37,2591.0178
2026-09-02 15:05:00,2393.37,2396.72,2382.72,2385.47,1558.463
2026-09-02 15:10:00,2385.46,2385.47,2379.01,2385.15,2086.7749
2026-09-02 15:15:00,2385.15,2394.0,2384.57,2391.96,1264.5147
2026-09-02 15:20:00,2391.96,2392.89,2384.81,2386.11,1131.9635
2026-09-02 15:25:00,2386.11,2391.11,2385.69,2388.57,696.0342
2026-09-02 15:30:00,2388.58,2396.63,2385.46,2395.44,1382.2871
2026-09-02 15:35:00,2395.43,2396.99,2390.79,2391.13,1049.9389
2026-09-02 15:40:00,2391.13,2399.09,2388.16,2397.7,1685.9568
2026-09-02 15:45:00,2397.71,2397.92,2387.82,2388.63,1045.3427
2026-09-02 15:50:00,2388.63,2389.12,2384.0,2386.74,1471.3636
2026-09-02 15:55:00,2386.75,2391.21,2386.75,2390.98,1099.8159
2026-09-02 16:00:00,2390.98,2391.18,2386.68,2391.04,1459.382
2026-09-02 16:05:00,2391.04,2393.67,2387.61,2393.06,1394.735
2026-09-02 16:10:00,2393.05,2396.76,2392.59,2394.23,1152.6021
2026-09-02 16:15:00,2394.23,2398.94,2392.56,2398.69,789.485
2026-09-02 16:20:00,2398.7,2404.8,2396.54,2403.92,1449.0735
2026-09-02 16:25:00,2403.92,2404.25,2396.86,2398.31,1042.8236
2026-09-02 16:30:00,2398.32,2402.73,2398.32,2400.87,705.5201
2026-09-02 16:35:00,2400.86,2400.86,2393.74,2395.01,1377.3216
2026-09-02 16:40:00,2395.01,2395.01,2388.42,2388.42,698.5731
2026-09-02 16:45:00,2388.43,2392.0,2388.27,2390.64,398.658
2026-09-02 16:50:00,2390.64,2390.64,2388.3,2388.31,618.6989
2026-09-02 16:55:00,2388.31,2389.25,2384.81,2386.2,1492.2269
2026-09-02 17:00:00,2386.21,2388.16,2380.15,2382.62,1915.3563
2026-09-02 17:05:00,2382.62,2383.91,2375.51,2377.53,2088.6709
2026-09-02 17:10:00,2377.53,2382.12,2376.29,2380.25,1310.7626
2026-09-02 17:15:00,2380.24,2381.18,2374.46,2376.3,853.3257
2026-09-02 17:20:00,2376.31,2378.81,2372.55,2377.02,936.7404
2026-09-02 17:25:00,2377.02,2379.6,2375.83,2379.6,684.439
2026-09-02 17:30:00,2379.59,2385.02,2378.6,2384.29,564.8526
2026-09-02 17:35:00,2384.28,2386.18,2383.18,2384.4,563.3461
2026-09-02 17:40:00,2384.41,2389.47,2383.56,2389.47,1098.6425
2026-09-02 17:45:00,2389.47,2394.3,2389.47,2393.05,959.6694
2026-09-02 17:50:00,2393.05,2394.06,2392.15,2392.24,391.094
2026-09-02 17:55:00,2392.23,2393.87,2391.0,2393.77,476.2233
2026-09-02 18:00:00,2393.77,2394.87,2391.45,2393.16,1156.9779
2026-09-02 18:05:00,2393.16,2396.51,2391.74,2396.11,919.0649
2026-09-02 18:10:00,2396.1,2396.89,2393.57,2395.24,781.8126
2026-09-02 18:15:00,2395.25,2399.91,2394.37,2396.2,1031.3734
2026-09-02 18:20:00,2396.19,2397.75,2393.95,2396.32,777.2813
2026-09-02 18:25:00,2396.32,2398.37,2395.88,2396.38,473.9321
2026-09-02 18:30:00,2396.37,2397.82,2394.97,2395.4,383.651
2026-09-02 18:35:00,2395.39,2396.1,2391.63,2391.81,997.8526
2026-09-02 18:40:00,2391.8,2393.61,2391.02,2392.02,525.2727
2026-09-02 18:45:00,2392.02,2395.64,2390.39,2395.09,361.4581
2026-09-02 18:50:00,2395.09,2395.36,2392.82,2394.38,249.7617
2026-09-02 18:55:00,2394.38,2395.64,2393.6,2394.93,326.5551
2026-09-02 19:00:00,2394.92,2395.4,2393.45,2395.23,224.5882
2026-09-02 19:05:00,2395.22,2396.28,2394.24,2396.28,255.1632
2026-09-02 19:10:00,2396.28,2396.64,2394.28,2396.02,423.8292
2026-09-02 19:15:00,2396.01,2396.67,2391.77,2393.12,339.0222
2026-09-02 19:20:00,2393.12,2393.2,2390.97,2391.26,329.0081
2026-09-02 19:25:00,2391.25,2391.63,2386.68,2386.69,546.8918
2026-09-02 19:30:00,2386.68,2387.07,2384.1,2384.32,913.3655
2026-09-02 19:35:00,2384.32,2385.63,2383.14,2385.63,465.7358
2026-09-02 19:40:00,2385.62,2388.16,2385.54,2387.06,279.7315
2026-09-02 19:45:00,2387.06,2388.52,2386.42,2387.21,291.9701
2026-09-02 19:50:00,2387.21,2389.85,2386.63,2387.42,784.9851
2026-09-02 19:55:00,2387.42,2393.0,2386.07,2392.99,2022.5834
2026-09-02 20:00:00,2393.0,2397.56,2391.11,2397.29,1031.8785
2026-09-02 20:05:00,2397.28,2399.74,2394.68,2394.78,562.9491
2026-09-02 20:10:00,2394.79,2395.27,2390.79,2393.03,555.1602
2026-09-02 20:15:00,2393.04,2393.04,2386.08,2388.91,778.541
2026-09-02 20:20:00,2388.91,2396.89,2388.9,2395.92,874.9538
2026-09-02 20:25:00,2395.91,2395.91,2391.56,2391.56,218.4325
2026-09-02 20:30:00,2391.56,2395.01,2391.12,2394.99,805.7783
2026-09-02 20:35:00,2394.99,2395.52,2393.04,2393.87,591.0675
2026-09-02 20:40:00,2393.88,2393.89,2390.33,2390.95,657.2993
2026-09-02 20:45:00,2390.94,2392.91,2388.74,2391.53,724.6512
2026-09-02 20:50:00,2391.53,2395.43,2391.37,2392.62,619.0544
2026-09-02 20:55:00,2392.62,2394.87,2391.63,2393.56,303.598
2026-09-02 21:00:00,2393.56,2393.56,2391.67,2392.3,202.4251
2026-09-02 21:05:00,2392.3,2393.56,2391.13,2391.88,354.7489
2026-09-02 21:10:00,2391.88,2394.46,2391.87,2392.61,153.635
2026-09-02 21:15:00,2392.61,2393.12,2390.81,2391.71,292.1319
2026-09-02 21:20:00,2391.72,2393.16,2391.71,2393.09,123.7342
2026-09-02 21:25:00,2393.1,2393.1,2391.09,2391.1,273.3279
2026-09-02 21:30:00,2391.09,2391.51,2389.38,2389.39,516.5714
2026-09-02 21:35:00,2389.39,2394.23,2389.38,2394.06,306.3698
2026-09-02 21:40:00,2394.05,2395.09,2393.0,2394.01,471.2725
2026-09-02 21:45:00,2394.01,2394.02,2390.38,2390.38,608.2902
2026-09-02 21:50:00,2390.39,2392.36,2390.06,2391.43,526.745
2026-09-02 21:55:00,2391.43,2392.78,2390.14,2390.15,263.6434
2026-09-02 22:00:00,2390.14,2390.15,2386.79,2386.8,876.1651
2026-09-02 22:05:00,2386.8,2386.8,2383.57,2383.57,840.0835
2026-09-02 22:10:00,2383.57,2385.83,2381.79,2385.03,567.4975
2026-09-02 22:15:00,2385.03,2385.94,2382.99,2383.7,414.3621
2026-09-02 22:20:00,2383.69,2383.69,2381.34,2382.46,323.7957
2026-09-02 22:25:00,2382.46,2382.46,2378.64,2379.1,649.5685
2026-09-02 22:30:00,2379.11,2381.16,2379.11,2381.01,644.1931
2026-09-02 22:35:00,2381.01,2385.03,2380.86,2383.62,343.819
2026-09-02 22:40:00,2383.64,2385.24,2383.29,2383.3,335.5202
2026-09-02 22:45:00,2383.3,2383.6,2380.83,2381.29,353.1526
2026-09-02 22:50:00,2381.29,2382.05,2379.77,2380.48,483.8216
2026-09-02 22:55:00,2380.48,2380.48,2379.46,2379.81,281.3692
2026-09-02 23:00:00,2379.81,2383.76,2377.77,2383.6,940.6943
2026-09-02 23:05:00,2383.59,2386.21,2383.59,2386.21,497.1834
2026-09-02 23:10:00,2386.2,2386.97,2385.82,2386.96,440.3524
2026-09-02 23:15:00,2386.96,2387.02,2383.56,2384.31,587.9871
2026-09-02 23:20:00,2384.31,2384.82,2383.81,2384.33,169.92
2026-09-02 23:25:00,2384.34,2386.26,2383.25,2386.05,512.3875
2026-09-02 23:30:00,2386.06,2388.54,2384.14,2384.4,454.8797
2026-09-02 23:35:00,2384.39,2384.9,2383.97,2384.0,197.9265
2026-09-02 23:40:00,2383.99,2384.36,2383.33,2384.35,112.0419
2026-09-02 23:45:00,2384.35,2387.74,2384.35,2387.74,222.6197
2026-09-02 23:50:00,2387.74,2392.0,2387.74,2389.84,617.507
2026-09-02 23:55:00,2389.83,2393.63,2389.83,2391.92,601.4083
2026-09-03 00:00:00,2391.91,2395.41,2391.06,2394.29,743.7643
2026-09-03 00:05:00,2394.29,2394.29,2388.06,2389.22,483.4542
2026-09-03 00:10:00,2389.22,2390.83,2387.8,2387.8,575.1677
2026-09-03 00:15:00,2387.81,2387.81,2385.24,2386.74,516.5647
2026-09-03 00:20:00,2386.73,2386.74,2383.0,2385.53,704.6071
2026-09-03 00:25:00,2385.54,2385.54,2380.58,2381.02,1232.456
2026-09-03 00:30:00,2381.01,2381.82,2379.26,2380.69,839.4083
2026-09-03 00:35:00,2380.7,2385.0,2379.72,2384.38,317.6983
2026-09-03 00:40:00,2384.37,2385.81,2383.11,2383.93,283.2943
2026-09-03 00:45:00,2383.92,2384.82,2382.48,2382.49,202.7811
2026-09-03 00:50:00,2382.49,2383.52,2380.67,2381.73,354.9589
2026-09-03 00:55:00,2381.74,2383.02,2379.56,2379.84,589.9001
2026-09-03 01:00:00,2379.82,2380.99,2370.14,2377.02,2654.3241
2026-09-03 01:05:00,2377.02,2387.9,2377.02,2385.32,1059.4283
2026-09-03 01:10:00,2385.33,2391.56,2384.16,2390.77,1425.7643
2026-09-03 01:15:00,2390.76,2390.81,2386.81,2386.81,582.6494
2026-09-03 01:20:00,2386.81,2391.65,2386.11,2389.86,407.2459
2026-09-03 01:25:00,2389.86,2392.45,2388.58,2392.45,643.0444
2026-09-03 01:30:00,2392.46,2394.26,2390.97,2393.78,853.8944
2026-09-03 01:35:00,2393.78,2394.61,2387.67,2391.39,846.0616
2026-09-03 01:40:00,2391.4,2394.15,2389.05,2389.17,789.0646
2026-09-03 01:45:00,2389.16,2389.17,2386.02,2386.12,456.7476
2026-09-03 01:50:00,2386.12,2391.53,2384.69,2388.84,859.064
2026-09-03 01:55:00,2388.83,2390.64,2386.8,2386.81,304.4409
2026-09-03 02:00:00,2386.8,2387.38,2384.11,2384.16,408.0911
2026-09-03 02:05:00,2384.15,2387.47,2382.53,2384.0,952.5827
2026-09-03 02:10:00,2384.01,2391.6,2384.01,2391.18,470.2062
2026-09-03 02:15:00,2391.19,2391.19,2389.0,2389.26,212.9389
2026-09-03 02:20:00,2389.26,2393.99,2389.1,2392.38,477.8124
2026-09-03 02:25:00,2392.37,2396.75,2391.39,2395.77,760.5841
2026-09-03 02:30:00,2395.76,2407.57,2394.26,2406.66,2386.2363
2026-09-03 02:35:00,2406.65,2407.02,2400.08,2401.51,850.7914
2026-09-03 02:40:00,2401.5,2406.16,2401.46,2405.18,799.5326
2026-09-03 02:45:00,2405.15,2407.23,2402.75,2406.21,789.0837
2026-09-03 02:50:00,2406.2,2409.73,2405.29,2406.86,1451.1066
2026-09-03 02:55:00,2406.86,2407.59,2404.47,2406.08,674.8754
2026-09-03 03:00:00,2406.09,2406.38,2403.81,2404.07,548.7434
2026-09-03 03:05:00,2404.07,2405.48,2403.49,2404.37,639.2756
2026-09-03 03:10:00,2404.36,2409.01,2403.19,2407.76,1581.821
2026-09-03 03:15:00,2407.76,2410.94,2404.89,2410.66,1389.3328
2026-09-03 03:20:00,2410.65,2410.65,2404.13,2404.14,916.1891
2026-09-03 03:25:00,2404.13,2405.91,2403.99,2403.99,464.4114
2026-09-03 03:30:00,2403.99,2405.61,2402.55,2402.56,749.6811
2026-09-03 03:35:00,2402.56,2402.56,2400.76,2400.92,226.7485
2026-09-03 03:40:00,2400.91,2401.5,2399.8,2400.41,483.19
2026-09-03 03:45:00,2400.42,2402.33,2399.78,2402.06,328.4674
2026-09-03 03:50:00,2402.06,2403.18,2402.02,2403.18,193.0137
2026-09-03 03:55:00,2403.18,2403.55,2402.21,2403.3,211.4838
2026-09-03 04:00:00,2403.29,2405.52,2403.29,2404.11,393.7186
2026-09-03 04:05:00,2404.1,2406.24,2403.83,2405.74,492.2954
2026-09-03 04:10:00,2405.73,2407.1,2401.33,2401.62,463.2418
2026-09-03 04:15:00,2401.63,2402.09,2398.0,2398.79,709.9451
2026-09-03 04:20:00,2398.8,2400.31,2396.94,2399.46,630.7875
2026-09-03 04:25:00,2399.46,2399.74,2398.09,2398.26,357.1697
2026-09-03 04:30:00,2398.26,2400.0,2398.25,2398.87,244.3128
2026-09-03 04:35:00,2398.88,2398.97,2398.1,2398.95,141.7771
2026-09-03 04:40:00,2398.95,2399.13,2397.55,2397.71,198.1139
2026-09-03 04:45:00,2397.71,2400.63,2397.7,2400.41,431.4135
2026-09-03 04:50:00,2400.41,2408.31,2400.41,2407.26,1030.5692
2026-09-03 04:55:00,2407.26,2408.31,2403.79,2408.31,1150.1608
2026-09-03 05:00:00,2408.3,2410.0,2407.22,2407.66,864.544
2026-09-03 05:05:00,2407.66,2407.66,2403.37,2404.18,424.7032
2026-09-03 05:10:00,2404.19,2405.72,2400.92,2402.18,559.1184
2026-09-03 05:15:00,2402.19,2402.85,2396.85,2397.14,1016.6516
2026-09-03 05:20:00,2397.13,2397.13,2379.41,2384.93,2442.5206
2026-09-03 05:25:00,2384.93,2385.41,2379.59,2385.27,1065.0662
2026-09-03 05:30:00,2385.26,2391.4,2384.25,2390.29,786.2687
2026-09-03 05:35:00,2390.29,2396.66,2390.29,2395.71,852.1506
2026-09-03 05:40:00,2395.71,2397.68,2393.92,2396.24,336.0297
2026-09-03 05:45:00,2396.23,2398.4,2393.8,2398.16,458.3356
2026-09-03 05:50:00,2398.17,2404.97,2398.16,2402.2,1482.1165
2026-09-03 05:55:00,2402.2,2405.49,2402.2,2404.81,908.2668
2026-09-03 06:00:00,2404.82,2406.49,2401.34,2401.63,437.4077
2026-09-03 06:05:00,2401.63,2403.77,2400.69,2401.04,618.5213
2026-09-03 06:10:00,2401.03,2403.3,2401.03,2401.4,748.3316
2026-09-03 06:15:00,2401.41,2405.51,2400.37,2405.38,796.3861
2026-09-03 06:20:00,2405.37,2406.12,2403.28,2405.18,565.1946
2026-09-03 06:25:00,2405.18,2408.59,2404.69,2407.89,1572.5117
2026-09-03 06:30:00,2407.9,2409.0,2406.08,2409.0,853.4569
2026-09-03 06:35:00,2409.0,2409.72,2407.46,2408.46,1127.5704
2026-09-03 06:40:00,2408.46,2409.93,2407.14,2409.93,498.2035
2026-09-03 06:45:00,2409.93,2410.24,2407.6,2409.01,718.9874
2026-09-03 06:50:00,2409.01,2409.22,2407.11,2407.68,618.9018
2026-09-03 06:55:00,2407.68,2408.76,2407.68,2408.6,510.1937
2026-09-03 07:00:00,2408.6,2419.33,2407.8,2418.71,2353.0545
2026-09-03 07:05:00,2418.71,2419.33,2411.76,2411.77,1420.3024
2026-09-03 07:10:00,2411.78,2414.68,2409.56,2413.03,756.3549
2026-09-03 07:15:00,2413.03,2413.05,2409.13,2411.04,1060.96
2026-09-03 07:20:00,2411.03,2412.92,2408.35,2408.64,1363.2246
2026-09-03 07:25:00,2408.64,2409.46,2404.96,2408.06,989.6585
2026-09-03 07:30:00,2408.05,2408.07,2403.6,2407.04,931.7104
2026-09-03 07:35:00,2407.04,2409.83,2406.15,2409.82,582.7415
2026-09-03 07:40:00,2409.83,2412.99,2408.0,2408.01,1157.3485
2026-09-03 07:45:00,2408.01,2409.46,2401.94,2402.55,751.0707
2026-09-03 07:50:00,2402.56,2402.7,2399.25,2399.82,949.3541
2026-09-03 07:55:00,2399.82,2399.82,2395.85,2398.68,1707.0972
2026-09-03 08:00:00,2398.68,2406.82,2398.67,2405.11,1235.2209
2026-09-03 08:05:00,2405.11,2413.04,2405.11,2407.19,1381.0379
2026-09-03 08:10:00,2407.19,2409.48,2404.05,2405.73,949.8149
2026-09-03 08:15:00,2405.72,2405.73,2402.36,2404.61,1337.3483
2026-09-03 08:20:00,2404.61,2405.34,2400.44,2402.41,656.2998
2026-09-03 08:25:00,2402.41,2409.17,2401.41,2408.81,1029.2548
2026-09-03 08:30:00,2408.81,2409.68,2406.35,2406.84,830.0953
2026-09-03 08:35:00,2406.84,2408.29,2406.22,2406.39,581.215
2026-09-03 08:40:00,2406.38,2407.16,2405.15,2405.7,328.6928
2026-09-03 08:45:00,2405.7,2407.46,2403.97,2404.6,714.7034
2026-09-03 08:50:00,2404.6,2405.33,2401.19,2403.56,1085.7649
2026-09-03 08:55:00,2403.56,2404.46,2403.37,2403.69,323.7905
2026-09-03 09:00:00,2403.69,2403.77,2402.07,2402.95,367.2538
2026-09-03 09:05:00,2402.95,2405.25,2401.33,2404.99,394.1417
2026-09-03 09:10:00,2404.99,2407.64,2403.82,2404.9,1014.6831
2026-09-03 09:15:00,2404.91,2406.49,2402.0,2402.01,807.6406
2026-09-03 09:20:00,2402.0,2403.51,2401.19,2402.58,793.4913
2026-09-03 09:25:00,2402.58,2402.89,2399.15,2399.16,614.2251
2026-09-03 09:30:00,2399.16,2399.91,2398.23,2398.31,502.4728
2026-09-03 09:35:00,2398.31,2399.07,2397.0,2397.06,574.5804
2026-09-03 09:40:00,2397.06,2397.68,2393.98,2396.81,1329.7664
2026-09-03 09:45:00,2396.81,2399.4,2394.84,2394.85,812.8206
2026-09-03 09:50:00,2394.85,2396.99,2394.57,2395.33,674.1632
2026-09-03 09:55:00,2395.33,2395.44,2393.57,2393.58,900.0837
2026-09-03 10:00:00,2393.57,2394.8,2392.21,2394.37,784.9093
2026-09-03 10:05:00,2394.37,2396.94,2391.7,2394.51,864.2352
2026-09-03 10:10:00,2394.51,2394.87,2390.68,2391.66,558.5768
2026-09-03 10:15:00,2391.66,2395.56,2390.11,2395.55,445.9192
2026-09-03 10:20:00,2395.55,2398.86,2395.55,2396.63,1296.8723
2026-09-03 10:25:00,2396.63,2397.67,2395.02,2396.5,650.6532
2026-09-03 10:30:00,2396.5,2397.14,2392.72,2392.73,427.201
2026-09-03 10:35:00,2392.73,2393.3,2390.43,2393.11,854.435
2026-09-03 10:40:00,2393.1,2393.11,2390.0,2391.61,667.8056
2026-09-03 10:45:00,2391.6,2393.29,2391.28,2392.08,475.1082
2026-09-03 10:50:00,2392.08,2397.5,2392.07,2395.54,552.1394
2026-09-03 10:55:00,2395.55,2397.4,2395.55,2396.83,496.7196
2026-09-03 11:00:00,2396.83,2398.88,2395.71,2397.67,737.7484
2026-09-03 11:05:00,2397.67,2400.39,2396.54,2400.07,1100.2804
2026-09-03 11:10:00,2400.07,2400.07,2397.88,2399.85,564.2539
2026-09-03 11:15:00,2399.85,2404.78,2399.85,2404.21,828.4327
2026-09-03 11:20:00,2404.2,2404.55,2401.18,2403.3,589.7307
2026-09-03 11:25:00,2403.3,2406.1,2402.86,2405.66,763.3474
2026-09-03 11:30:00,2405.67,2407.24,2402.47,2406.38,1072.9318
2026-09-03 11:35:00,2406.38,2406.38,2404.49,2405.57,246.738
2026-09-03 11:40:00,2405.56,2409.17,2405.0,2408.71,1049.9225
2026-09-03 11:45:00,2408.71,2411.35,2405.95,2406.86,1167.1231
2026-09-03 11:50:00,2406.85,2408.66,2405.65,2405.95,474.5001
2026-09-03 11:55:00,2405.95,2408.94,2405.95,2407.2,818.1956
2026-09-03 12:00:00,2407.2,2407.71,2405.4,2407.28,369.8536
2026-09-03 12:05:00,2407.29,2407.6,2405.09,2407.4,661.8382
2026-09-03 12:10:00,2407.4,2411.13,2407.22,2409.77,593.734
2026-09-03 12:15:00,2409.76,2411.93,2406.64,2407.35,836.114
2026-09-03 12:20:00,2407.34,2408.79,2405.63,2408.39,989.45
2026-09-03 12:25:00,2408.39,2408.78,2407.45,2408.09,607.2071
2026-09-03 12:30:00,2408.1,2423.61,2408.09,2416.97,4232.8767
2026-09-03 12:35:00,2416.97,2418.56,2413.52,2416.28,1955.684
2026-09-03 12:40:00,2416.28,2417.16,2411.99,2413.75,1208.4669
2026-09-03 12:45:00,2413.75,2418.48,2413.12,2417.63,1048.8978
2026-09-03 12:50:00,2417.63,2424.58,2415.95,2422.74,1970.7375
2026-09-03 12:55:00,2422.73,2427.0,2422.34,2423.27,3916.5086
2026-09-03 13:00:00,2423.27,2424.9,2418.94,2420.42,1780.4629
2026-09-03 13:05:00,2420.43,2420.66,2417.28,2418.7,1406.7736
2026-09-03 13:10:00,2418.7,2422.36,2418.01,2419.69,803.8607
2026-09-03 13:15:00,2419.7,2420.86,2417.25,2417.85,555.5584
2026-09-03 13:20:00,2417.85,2421.54,2415.87,2421.26,759.8233
2026-09-03 13:25:00,2421.25,2421.25,2418.03,2420.11,689.4284
2026-09-03 13:30:00,2420.12,2433.91,2418.24,2426.93,3699.4383
2026-09-03 13:35:00,2426.94,2432.44,2422.5,2431.96,2709.5646
2026-09-03 13:40:00,2431.96,2435.76,2430.55,2435.07,2445.1361
2026-09-03 13:45:00,2435.06,2436.21,2427.79,2429.03,3008.6615
2026-09-03 13:50:00,2429.02,2432.3,2426.15,2426.7,1687.6949
2026-09-03 13:55:00,2426.7,2430.33,2424.71,2430.17,2113.0384
2026-09-03 14:00:00,2430.17,2431.94,2425.71,2431.42,1317.5646
2026-09-03 14:05:00,2431.42,2436.0,2430.04,2433.46,1540.1233
2026-09-03 14:10:00,2433.46,2439.81,2430.73,2439.78,2496.574
2026-09-03 14:15:00,2439.78,2444.42,2438.31,2438.87,4071.2764
2026-09-03 14:20:00,2438.87,2447.71,2438.49,2446.52,3250.8113
2026-09-03 14:25:00,2446.52,2451.36,2446.51,2450.79,3803.8565
2026-09-03 14:30:00,2450.79,2464.78,2448.44,2459.61,7073.735
2026-09-03 14:35:00,2459.6,2461.85,2454.99,2455.34,2836.7091
2026-09-03 14:40:00,2455.34,2461.17,2451.48,2457.04,2537.0394
2026-09-03 14:45:00,2457.04,2488.0,2456.6,2480.87,9157.2185
2026-09-03 14:50:00,2480.87,2485.11,2473.88,2479.95,4399.1328
2026-09-03 14:55:00,2479.93,2489.9,2473.6,2489.46,4522.217
2026-09-03 15:00:00,2489.46,2503.43,2487.85,2494.46,10057.0664
2026-09-03 15:05:00,2494.47,2496.2,2489.29,2490.08,3737.0001
2026-09-03 15:10:00,2490.09,2490.8,2479.2,2486.27,4114.345
2026-09-03 15:15:00,2486.27,2489.56,2483.79,2486.86,2589.0294
2026-09-03 15:20:00,2486.85,2493.0,2482.24,2490.3,2488.3006
2026-09-03 15:25:00,2490.3,2491.82,2486.88,2490.46,1037.4515
2026-09-03 15:30:00,2490.46,2495.88,2488.42,2495.36,2320.5553
2026-09-03 15:35:00,2495.35,2496.66,2492.0,2495.1,1394.0911
2026-09-03 15:40:00,2495.1,2497.57,2492.9,2492.9,1575.8204
2026-09-03 15:45:00,2492.91,2494.58,2487.36,2490.74,1357.3755
2026-09-03 15:50:00,2490.74,2512.0,2490.69,2511.22,8143.0029
2026-09-03 15:55:00,2511.22,2517.17,2506.99,2516.58,4036.927
2026-09-03 16:00:00,2516.58,2519.0,2497.16,2498.64,5082.7684
2026-09-03 16:05:00,2498.64,2505.95,2496.43,2501.33,3354.7593
2026-09-03 16:10:00,2501.33,2504.0,2499.0,2501.02,2659.9379
2026-09-03 16:15:00,2501.01,2501.08,2493.25,2493.58,2291.4306
2026-09-03 16:20:00,2493.58,2497.21,2491.55,2492.25,1390.8709
2026-09-03 16:25:00,2492.24,2493.17,2488.84,2491.85,1671.1967
2026-09-03 16:30:00,2491.85,2497.94,2491.85,2497.62,1451.4899
2026-09-03 16:35:00,2497.62,2497.73,2492.22,2492.71,1150.8395
2026-09-03 16:40:00,2492.7,2493.02,2488.84,2488.99,803.7231
2026-09-03 16:45:00,2488.99,2495.77,2488.38,2494.49,758.105
2026-09-03 16:50:00,2494.49,2496.0,2492.93,2495.09,787.9955
2026-09-03 16:55:00,2495.1,2496.0,2492.73,2494.09,654.159
2026-09-03 17:00:00,2494.1,2495.0,2492.08,2495.0,541.7799
2026-09-03 17:05:00,2494.99,2497.09,2492.08,2495.57,750.0328
2026-09-03 17:10:00,2495.57,2499.44,2495.5,2499.42,976.9448
2026-09-03 17:15:00,2499.42,2501.4,2497.0,2497.25,1280.0623
2026-09-03 17:20:00,2497.24,2499.34,2496.04,2498.61,665.3122
2026-09-03 17:25:00,2498.62,2503.25,2497.67,2499.61,1137.7766
2026-09-03 17:30:00,2499.61,2503.9,2498.66,2503.9,653.7399
2026-09-03 17:35:00,2503.9,2505.52,2501.35,2505.52,947.4743
2026-09-03 17:40:00,2505.51,2506.0,2502.02,2502.02,1629.3798
2026-09-03 17:45:00,2502.02,2505.52,2501.44,2503.86,635.2246
2026-09-03 17:50:00,2503.86,2504.02,2499.71,2500.09,564.9345
2026-09-03 17:55:00,2500.1,2501.88,2499.98,2500.49,578.401
2026-09-03 18:00:00,2500.49,2505.47,2499.95,2503.8,1034.1114
2026-09-03 18:05:00,2503.8,2509.12,2502.39,2508.71,1074.9058
2026-09-03 18:10:00,2508.7,2511.39,2504.27,2507.89,1854.329
2026-09-03 18:15:00,2507.9,2508.96,2504.92,2505.09,595.2565
2026-09-03 18:20:00,2505.09,2506.7,2502.92,2504.99,788.8285
2026-09-03 18:25:00,2505.0,2505.0,2499.71,2500.4,1324.9376
2026-09-03 18:30:00,2500.4,2503.22,2499.23,2501.23,1029.2673
2026-09-03 18:35:00,2501.24,2501.83,2499.41,2501.1,700.6801
2026-09-03 18:40:00,2501.1,2501.11,2498.37,2499.02,441.7078
2026-09-03 18:45:00,2499.02,2505.34,2499.01,2505.33,811.4798
2026-09-03 18:50:00,2505.33,2510.71,2505.03,2508.24,897.3014
2026-09-03 18:55:00,2508.24,2514.45,2508.24,2512.8,1003.3352
2026-09-03 19:00:00,2512.8,2525.0,2511.9,2524.99,5775.0303
2026-09-03 19:05:00,2525.0,2529.84,2510.0,2511.82,5017.6507
2026-09-03 19:10:00,2511.82,2512.64,2508.58,2509.09,1725.4005
2026-09-03 19:15:00,2509.09,2513.53,2507.19,2513.53,1198.9209
2026-09-03 19:20:00,2513.53,2519.0,2512.96,2515.84,1354.7957
2026-09-03 19:25:00,2515.84,2516.22,2511.59,2514.74,1268.5315
2026-09-03 19:30:00,2514.75,2514.75,2508.36,2511.7,1078.2865
2026-09-03 19:35:00,2511.7,2513.36,2509.55,2513.36,915.8945
2026-09-03 19:40:00,2513.35,2517.59,2512.68,2515.67,1150.476
2026-09-03 19:45:00,2515.66,2516.77,2510.3,2511.23,704.7825
2026-09-03 19:50:00,2511.23,2517.37,2511.22,2515.15,1133.1025
2026-09-03 19:55:00,2515.15,2518.18,2514.18,2518.18,1342.417
2026-09-03 20:00:00,2518.18,2518.3,2506.11,2514.45,2497.6692
2026-09-03 20:05:00,2514.45,2518.06,2512.67,2515.54,874.2747
2026-09-03 20:10:00,2515.54,2515.54,2510.56,2511.14,671.1701
2026-09-03 20:15:00,2511.13,2514.36,2510.5,2510.51,407.8077
2026-09-03 20:20:00,2510.5,2510.74,2506.92,2507.67,1103.2363
2026-09-03 20:25:00,2507.67,2511.71,2506.6,2510.17,1567.2233
2026-09-03 20:30:00,2510.18,2511.35,2505.27,2505.35,950.1402
2026-09-03 20:35:00,2505.36,2508.33,2502.37,2507.7,1080.0256
2026-09-03 20:40:00,2507.7,2507.7,2503.78,2503.94,426.368
2026-09-03 20:45:00,2503.95,2507.5,2503.67,2507.27,468.2544
2026-09-03 20:50:00,2507.28,2508.71,2505.1,2505.28,364.6049
2026-09-03 20:55:00,2505.28,2505.99,2503.67,2505.13,403.9425
2026-09-03 21:00:00,2505.13,2506.53,2500.62,2501.53,530.7538
2026-09-03 21:05:00,2501.53,2505.0,2501.0,2504.53,676.8424
2026-09-03 21:10:00,2504.52,2512.0,2504.52,2511.78,981.6828
2026-09-03 21:15:00,2511.77,2513.31,2509.74,2510.36,1399.4128
2026-09-03 21:20:00,2510.36,2511.25,2506.99,2507.03,931.3871
2026-09-03 21:25:00,2507.18,2513.16,2507.17,2513.15,1373.3101
2026-09-03 21:30:00,2513.16,2526.19,2513.16,2522.68,3534.9968
2026-09-03 21:35:00,2522.69,2522.69,2510.76,2511.65,2010.8126
2026-09-03 21:40:00,2511.66,2512.61,2509.0,2509.01,492.7443
2026-09-03 21:45:00,2509.01,2512.96,2506.22,2512.92,967.8973
2026-09-03 21:50:00,2512.92,2516.13,2512.83,2515.81,658.183
2026-09-03 21:55:00,2515.81,2515.81,2510.64,2511.19,514.179
2026-09-03 22:00:00,2511.19,2512.57,2505.84,2511.03,994.7002
2026-09-03 22:05:00,2511.03,2512.03,2505.99,2506.99,522.7253
2026-09-03 22:10:00,2506.99,2507.0,2501.56,2504.26,910.9838
2026-09-03 22:15:00,2504.25,2506.24,2503.62,2504.0,510.2023
2026-09-03 22:20:00,2504.0,2505.32,2502.0,2502.0,598.5323
2026-09-03 22:25:00,2502.0,2502.0,2494.5,2494.68,1374.136
2026-09-03 22:30:00,2494.68,2496.58,2490.13,2492.83,1678.7728
2026-09-03 22:35:00,2492.83,2496.47,2492.0,2492.89,953.1373
2026-09-03 22:40:00,2492.9,2496.92,2492.89,2496.91,564.5497
2026-09-03 22:45:00,2496.92,2500.68,2496.92,2499.08,769.6952
2026-09-03 22:50:00,2499.07,2501.36,2498.51,2498.8,581.684
2026-09-03 22:55:00,2498.79,2498.79,2496.44,2496.54,296.4213
2026-09-03 23:00:00,2496.54,2497.27,2495.52,2496.6,330.0396
2026-09-03 23:05:00,2496.61,2499.44,2496.6,2499.34,907.4844
2026-09-03 23:10:00,2499.34,2499.41,2495.5,2497.13,818.0646
2026-09-03 23:15:00,2497.13,2499.16,2496.81,2497.86,469.6193
2026-09-03 23:20:00,2497.87,2498.84,2496.71,2496.85,390.6444
2026-09-03 23:25:00,2496.86,2502.0,2495.75,2501.99,349.8723
2026-09-03 23:30:00,2501.99,2502.39,2497.88,2501.29,288.7782
2026-09-03 23:35:00,2501.3,2507.0,2501.26,2506.2,519.3881
2026-09-03 23:40:00,2506.2,2508.33,2504.57,2506.84,625.9025
2026-09-03 23:45:00,2506.85,2508.44,2503.31,2505.96,1216.7075
2026-09-03 23:50:00,2505.97,2508.94,2505.4,2508.59,689.6913
2026-09-03 23:55:00,2508.59,2509.16,2506.46,2507.51,404.7039
2026-09-04 00:00:00,2507.5,2507.63,2504.03,2505.02,1010.1349
2026-09-04 00:05:00,2505.02,2507.43,2503.0,2506.57,733.7537
2026-09-04 00:10:00,2506.56,2509.51,2504.78,2507.76,715.4486
2026-09-04 00:15:00,2507.76,2512.27,2505.67,2506.62,888.1987
2026-09-04 00:20:00,2506.62,2510.0,2506.11,2508.96,639.4528
2026-09-04 00:25:00,2508.95,2508.95,2505.0,2506.47,459.0705
2026-09-04 00:30:00,2506.46,2512.5,2504.88,2512.49,917.5188
2026-09-04 00:35:00,2512.5,2514.59,2511.5,2514.14,815.5812
2026-09-04 00:40:00,2514.13,2515.76,2505.23,2506.39,1620.0406
2026-09-04 00:45:00,2506.4,2508.1,2503.85,2504.25,1055.778
2026-09-04 00:50:00,2504.26,2507.46,2501.08,2505.05,1165.7124
2026-09-04 00:55:00,2505.05,2505.48,2500.86,2501.48,783.8319
2026-09-04 01:00:00,2501.48,2505.09,2498.64,2498.65,1075.8981
2026-09-04 01:05:00,2498.65,2506.25,2497.26,2505.31,772.9012
2026-09-04 01:10:00,2505.3,2507.76,2503.45,2504.11,346.9834
2026-09-04 01:15:00,2504.11,2508.02,2504.11,2506.17,570.725
2026-09-04 01:20:00,2506.18,2509.91,2502.31,2503.08,790.4715
2026-09-04 01:25:00,2503.09,2507.48,2502.62,2504.62,507.5657
2026-09-04 01:30:00,2504.62,2508.61,2501.43,2501.79,587.2476
2026-09-04 01:35:00,2501.79,2503.98,2500.36,2500.37,552.9142
2026-09-04 01:40:00,2500.36,2500.5,2498.29,2499.56,542.6721
2026-09-04 01:45:00,2499.56,2502.82,2498.4,2501.45,589.3197
2026-09-04 01:50:00,2501.45,2506.51,2501.08,2506.41,449.6596
2026-09-04 01:55:00,2506.41,2507.98,2504.59,2506.79,523.2613
2026-09-04 02:00:00,2506.79,2506.79,2500.31,2500.32,402.975
2026-09-04 02:05:00,2500.31,2502.33,2499.96,2500.8,193.3483
2026-09-04 02:10:00,2500.8,2502.73,2500.8,2502.62,266.0605
2026-09-04 02:15:00,2502.63,2505.39,2500.92,2501.5,312.7278
2026-09-04 02:20:00,2501.49,2502.12,2499.72,2499.73,401.0907
2026-09-04 02:25:00,2499.73,2500.67,2497.05,2498.99,1555.8751
2026-09-04 02:30:00,2498.99,2502.5,2498.99,2500.52,557.1506
2026-09-04 02:35:00,2500.52,2504.8,2497.08,2504.42,997.3756
2026-09-04 02:40:00,2504.43,2504.64,2500.67,2500.67,402.0052
2026-09-04 02:45:00,2500.67,2500.68,2499.6,2499.85,619.303
2026-09-04 02:50:00,2499.85,2504.4,2499.85,2504.4,813.0653
2026-09-04 02:55:00,2504.4,2507.74,2504.4,2507.74,672.1193
2026-09-04 03:00:00,2507.74,2513.19,2507.68,2511.05,1736.3381
2026-09-04 03:05:00,2511.04,2517.2,2510.93,2513.71,3240.8989
2026-09-04 03:10:00,2513.72,2514.08,2510.42,2510.99,775.6989
2026-09-04 03:15:00,2510.99,2511.48,2509.42,2510.93,709.8135
2026-09-04 03:20:00,2510.93,2511.84,2510.62,2510.62,486.9459
2026-09-04 03:25:00,2510.61,2510.62,2507.49,2507.54,536.6241
2026-09-04 03:30:00,2507.54,2509.13,2505.82,2505.93,493.4115
2026-09-04 03:35:00,2505.93,2507.57,2505.43,2506.19,423.3292
2026-09-04 03:40:00,2506.19,2507.23,2505.39,2506.98,566.4716
2026-09-04 03:45:00,2506.98,2508.28,2505.49,2506.53,555.6362
2026-09-04 03:50:00,2506.52,2507.19,2505.58,2506.4,340.7901
2026-09-04 03:55:00,2506.39,2506.73,2505.13,2505.14,622.2727
2026-09-04 04:00:00,2505.14,2505.14,2502.55,2503.58,965.0945
2026-09-04 04:05:00,2503.57,2504.69,2503.03,2503.09,512.6698
2026-09-04 04:10:00,2503.09,2507.44,2502.86,2507.43,853.3055
2026-09-04 04:15:00,2507.43,2511.55,2506.94,2510.58,907.3091
2026-09-04 04:20:00,2510.58,2517.44,2510.58,2517.44,1587.2459
2026-09-04 04:25:00,2517.45,2524.0,2515.09,2523.57,2947.0948
2026-09-04 04:30:00,2523.58,2525.0,2518.33,2521.32,2021.0011
2026-09-04 04:35:00,2521.32,2521.33,2516.77,2517.25,781.142
2026-09-04 04:40:00,2517.24,2517.44,2512.26,2512.27,710.7927
2026-09-04 04:45:00,2512.27,2513.67,2509.8,2509.81,717.2174
2026-09-04 04:50:00,2509.8,2509.87,2508.39,2508.48,823.0497
2026-09-04 04:55:00,2508.48,2510.49,2508.48,2509.4,721.7296
2026-09-04 05:00:00,2509.41,2509.41,2506.84,2508.19,682.1737
2026-09-04 05:05:00,2508.18,2514.16,2507.32,2512.49,1045.7821
2026-09-04 05:10:00,2512.49,2514.35,2510.62,2511.38,995.6993
2026-09-04 05:15:00,2511.39,2515.82,2510.74,2515.03,696.0796
2026-09-04 05:20:00,2515.02,2515.99,2512.34,2515.99,685.3078
2026-09-04 05:25:00,2515.99,2516.56,2510.69,2511.01,884.2557
2026-09-04 05:30:00,2511.0,2511.79,2507.57,2510.98,1021.9279
2026-09-04 05:35:00,2510.98,2512.34,2508.58,2508.65,736.2866
2026-09-04 05:40:00,2508.65,2512.54,2508.64,2512.53,710.7402
2026-09-04 05:45:00,2512.54,2514.07,2507.74,2507.75,826.9082
2026-09-04 05:50:00,2507.75,2507.76,2504.52,2504.97,1046.5895
2026-09-04 05:55:00,2504.96,2510.34,2504.81,2509.25,569.498
2026-09-04 06:00:00,2509.25,2509.25,2507.05,2508.76,666.4835
2026-09-04 06:05:00,2508.75,2510.5,2507.36,2510.34,574.981
2026-09-04 06:10:00,2510.34,2519.08,2510.33,2514.89,1544.6339
2026-09-04 06:15:00,2514.9,2514.9,2511.85,2512.48,586.1254
2026-09-04 06:20:00,2512.48,2512.48,2508.69,2508.69,574.0413
2026-09-04 06:25:00,2508.69,2509.09,2504.99,2505.61,873.2176
2026-09-04 06:30:00,2505.61,2506.85,2504.99,2505.03,845.5492
2026-09-04 06:35:00,2505.02,2506.95,2500.19,2506.47,1597.8805
2026-09-04 06:40:00,2506.47,2509.0,2506.46,2509.0,1001.869
2026-09-04 06:45:00,2509.0,2509.04,2505.38,2505.9,742.1981
2026-09-04 06:50:00,2505.91,2507.34,2504.53,2507.34,535.9899
2026-09-04 06:55:00,2507.33,2508.44,2506.99,2508.19,499.2605
2026-09-04 07:00:00,2508.19,2513.39,2507.76,2513.39,926.77
2026-09-04 07:05:00,2513.39,2515.0,2512.55,2515.0,1258.1079
2026-09-04 07:10:00,2514.99,2516.5,2513.8,2515.41,1843.5197
2026-09-04 07:15:00,2515.41,2515.41,2512.62,2514.86,1251.7851
2026-09-04 07:20:00,2514.86,2515.83,2509.9,2510.6,657.7774
2026-09-04 07:25:00,2510.6,2513.0,2510.59,2511.34,387.8358
2026-09-04 07:30:00,2511.35,2513.0,2509.28,2509.72,1691.5313
2026-09-04 07:35:00,2509.71,2509.72,2505.24,2506.65,1636.3114
2026-09-04 07:40:00,2506.65,2507.63,2505.64,2507.16,1682.123
2026-09-04 07:45:00,2507.15,2508.71,2504.66,2507.56,2006.926
2026-09-04 07:50:00,2507.56,2507.64,2504.39,2504.74,2027.7901
2026-09-04 07:55:00,2504.73,2505.68,2503.86,2504.39,2590.0077
2026-09-04 08:00:00,2504.39,2506.53,2503.4,2505.75,1587.8186
2026-09-04 08:05:00,2505.79,2509.73,2503.48,2509.53,1235.721
2026-09-04 08:10:00,2509.52,2513.14,2509.38,2512.93,931.3845
2026-09-04 08:15:00,2512.93,2515.69,2511.58,2515.59,977.1428
2026-09-04 08:20:00,2515.59,2515.68,2512.6,2515.17,866.5628
2026-09-04 08:25:00,2515.18,2517.21,2514.67,2516.71,1220.1654
2026-09-04 08:30:00,2516.71,2519.54,2514.46,2519.4,1520.6871
2026-09-04 08:35:00,2519.39,2520.98,2517.93,2519.78,1400.7738
2026-09-04 08:40:00,2519.78,2521.68,2517.92,2519.07,1241.1653
2026-09-04 08:45:00,2519.07,2534.47,2516.18,2525.16,8558.7449
2026-09-04 08:50:00,2525.16,2532.63,2522.56,2529.54,3212.5471
2026-09-04 08:55:00,2529.54,2529.54,2523.97,2527.15,1889.9234
2026-09-04 09:00:00,2527.16,2532.59,2525.26,2530.97,4427.0908
2026-09-04 09:05:00,2530.96,2531.75,2527.28,2528.61,2089.078
2026-09-04 09:10:00,2528.61,2536.4,2527.21,2530.28,3284.3097
2026-09-04 09:15:00,2530.28,2546.66,2530.27,2538.59,7196.9761
2026-09-04 09:20:00,2538.58,2539.48,2522.39,2522.69,2681.6714
2026-09-04 09:25:00,2522.68,2525.07,2519.5,2522.37,2047.9017
2026-09-04 09:30:00,2522.37,2528.62,2520.0,2527.09,2019.7565
2026-09-04 09:35:00,2527.09,2533.23,2525.0,2530.29,2071.4337
2026-09-04 09:40:00,2530.29,2532.32,2528.77,2529.48,725.4211
2026-09-04 09:45:00,2529.47,2531.23,2523.05,2524.48,1222.6199
2026-09-04 09:50:00,2524.48,2524.97,2520.77,2524.44,1598.6681
2026-09-04 09:55:00,2524.44,2526.25,2521.33,2521.33,766.8433
2026-09-04 10:00:00,2521.33,2525.0,2518.41,2525.0,1348.3659
2026-09-04 10:05:00,2525.0,2525.0,2518.22,2518.63,1461.7532
2026-09-04 10:10:00,2518.63,2521.62,2516.98,2519.99,1031.592
2026-09-04 10:15:00,2519.99,2520.35,2514.67,2516.7,1394.1464
2026-09-04 10:20:00,2516.7,2518.98,2516.18,2517.19,721.6943
2026-09-04 10:25:00,2517.3,2522.03,2516.16,2521.06,1418.5576
2026-09-04 10:30:00,2521.07,2525.6,2519.53,2522.61,758.4725
2026-09-04 10:35:00,2522.61,2527.45,2522.35,2527.44,1029.8499
2026-09-04 10:40:00,2527.43,2528.51,2525.73,2527.91,794.9177
2026-09-04 10:45:00,2527.92,2528.3,2525.51,2525.56,1182.2922
2026-09-04 10:50:00,2525.57,2526.02,2522.84,2524.97,874.4535
2026-09-04 10:55:00,2524.97,2526.69,2524.79,2526.52,705.3559
2026-09-04 11:00:00,2526.52,2526.52,2520.43,2521.94,868.9349
2026-09-04 11:05:00,2521.95,2525.33,2521.94,2523.5,1119.1618
2026-09-04 11:10:00,2523.51,2524.52,2522.17,2522.62,698.1343
2026-09-04 11:15:00,2522.62,2525.13,2521.58,2522.67,909.9017
2026-09-04 11:20:00,2522.67,2525.8,2521.8,2524.81,1144.9444
2026-09-04 11:25:00,2524.8,2526.9,2523.92,2525.6,1289.7826
2026-09-04 11:30:00,2525.59,2525.59,2523.01,2523.17,2621.7606
2026-09-04 11:35:00,2523.17,2527.89,2522.97,2526.47,973.389
2026-09-04 11:40:00,2526.47,2526.47,2523.03,2525.3,590.1919
2026-09-04 11:45:00,2525.29,2526.1,2524.36,2525.49,545.7354
2026-09-04 11:50:00,2525.49,2527.78,2523.79,2524.34,705.8463
2026-09-04 11:55:00,2524.34,2525.6,2521.87,2523.02,784.1959
2026-09-04 12:00:00,2523.03,2525.0,2520.97,2523.92,2328.5444
2026-09-04 12:05:00,2523.92,2525.7,2521.0,2524.28,2137.6162
2026-09-04 12:10:00,2524.27,2525.22,2521.0,2524.64,1303.3984
2026-09-04 12:15:00,2524.64,2524.65,2519.61,2521.46,2231.5173
2026-09-04 12:20:00,2521.46,2522.56,2519.73,2522.14,513.5162
2026-09-04 12:25:00,2522.15,2532.21,2521.47,2530.13,1341.5053
2026-09-04 12:30:00,2530.13,2530.13,2436.07,2458.74,45762.2515
2026-09-04 12:35:00,2458.74,2462.64,2440.34,2460.48,11369.6717
2026-09-04 12:40:00,2460.48,2468.79,2448.78,2451.24,13043.6978
2026-09-04 12:45:00,2451.25,2451.53,2434.69,2448.66,14701.068
2026-09-04 12:50:00,2448.66,2458.26,2443.49,2457.61,5007.7429
2026-09-04 12:55:00,2457.62,2457.62,2446.35,2451.24,3765.4993
2026-09-04 13:00:00,2451.25,2454.63,2446.44,2448.24,3970.5177
2026-09-04 13:05:00,2448.24,2453.32,2445.42,2448.2,3216.064
2026-09-04 13:10:00,2448.2,2449.54,2445.0,2446.05,2551.9863
2026-09-04 13:15:00,2446.06,2454.61,2445.03,2451.12,2437.4524
2026-09-04 13:20:00,2451.13,2454.61,2451.0,2452.57,1931.4388
2026-09-04 13:25:00,2452.56,2455.43,2448.89,2449.97,1511.699
2026-09-04 13:30:00,2449.98,2457.03,2442.5,2445.84,3160.8552
2026-09-04 13:35:00,2445.84,2450.57,2435.38,2448.43,4253.8119
2026-09-04 13:40:00,2448.43,2451.7,2445.11,2450.56,2725.4078
2026-09-04 13:45:00,2450.56,2463.86,2448.25,2460.93,3617.9123
2026-09-04 13:50:00,2460.93,2461.58,2447.72,2450.21,2789.9276
2026-09-04 13:55:00,2450.21,2456.48,2449.65,2452.27,1302.8781
2026-09-04 14:00:00,2452.26,2458.49,2451.4,2454.45,1575.5876
2026-09-04 14:05:00,2454.45,2457.14,2449.15,2450.57,2448.3896
2026-09-04 14:10:00,2450.58,2455.37,2447.78,2453.95,2031.2099
2026-09-04 14:15:00,2453.95,2456.16,2445.79,2445.79,1407.9416
2026-09-04 14:20:00,2445.79,2454.67,2443.4,2452.7,4934.3773
2026-09-04 14:25:00,2452.71,2455.73,2451.88,2453.81,1077.9678
2026-09-04 14:30:00,2453.81,2455.99,2452.24,2455.45,1051.3461
2026-09-04 14:35:00,2455.45,2458.12,2449.3,2452.04,1922.4348
2026-09-04 14:40:00,2452.04,2452.05,2438.85,2444.2,3475.6841
2026-09-04 14:45:00,2444.21,2448.13,2434.44,2434.91,3560.6833
2026-09-04 14:50:00,2434.91,2442.31,2431.61,2437.96,3389.7537
2026-09-04 14:55:00,2437.96,2443.42,2437.96,2440.18,1530.4436
2026-09-04 15:00:00,2440.19,2443.3,2437.95,2442.86,1144.2492
2026-09-04 15:05:00,2442.86,2448.04,2440.3,2448.04,1359.0262
2026-09-04 15:10:00,2448.04,2448.72,2445.48,2448.72,872.1155
2026-09-04 15:15:00,2448.73,2451.5,2448.02,2450.0,879.4666
2026-09-04 15:20:00,2450.0,2453.08,2449.55,2453.08,871.2404
2026-09-04 15:25:00,2453.07,2456.34,2453.07,2454.49,1297.0332
2026-09-04 15:30:00,2454.5,2456.71,2452.86,2453.14,1240.2369
2026-09-04 15:35:00,2453.13,2457.08,2452.68,2457.08,884.8389
2026-09-04 15:40:00,2457.08,2458.76,2455.62,2455.79,1128.1693
2026-09-04 15:45:00,2455.79,2456.26,2450.39,2451.85,1218.9676
2026-09-04 15:50:00,2451.85,2455.56,2451.84,2453.73,651.7573
2026-09-04 15:55:00,2453.73,2455.8,2451.82,2451.98,635.9806
2026-09-04 16:00:00,2451.98,2452.81,2450.1,2450.67,676.6314
2026-09-04 16:05:00,2450.68,2454.45,2450.67,2452.31,527.059
2026-09-04 16:10:00,2452.31,2453.49,2450.29,2450.58,854.2894
2026-09-04 16:15:00,2450.57,2452.89,2450.49,2451.57,614.4053
2026-09-04 16:20:00,2451.57,2454.06,2451.16,2451.85,1299.794
2026-09-04 16:25:00,2451.86,2454.28,2451.0,2454.27,1434.827
2026-09-04 16:30:00,2454.27,2462.03,2454.26,2458.99,1367.49
2026-09-04 16:35:00,2458.99,2460.26,2456.18,2457.07,983.8192
2026-09-04 16:40:00,2457.08,2461.29,2457.07,2461.08,839.1183
2026-09-04 16:45:00,2461.09,2461.65,2459.38,2460.78,1448.0251
2026-09-04 16:50:00,2460.77,2464.49,2460.65,2460.98,1942.1655
2026-09-04 16:55:00,2460.99,2462.63,2459.02,2460.23,1666.7996
2026-09-04 17:00:00,2460.24,2460.81,2455.6,2456.88,1784.802
2026-09-04 17:05:00,2456.88,2457.84,2455.5,2455.5,1308.8517
2026-09-04 17:10:00,2455.5,2456.12,2451.41,2452.04,1204.2643
2026-09-04 17:15:00,2452.04,2452.24,2448.91,2450.51,1660.9829
2026-09-04 17:20:00,2450.5,2452.05,2449.55,2450.4,1398.2122
2026-09-04 17:25:00,2450.4,2450.76,2447.08,2447.76,1215.8267
2026-09-04 17:30:00,2447.77,2450.21,2447.76,2449.19,1160.0407
2026-09-04 17:35:00,2449.2,2449.78,2446.68,2448.95,1342.6546
2026-09-04 17:40:00,2448.95,2448.96,2444.44,2447.03,1805.2075
2026-09-04 17:45:00,2447.03,2447.27,2445.02,2445.32,1499.6038
2026-09-04 17:50:00,2445.32,2446.56,2443.04,2446.55,1069.132
2026-09-04 17:55:00,2446.56,2446.56,2445.35,2445.36,716.5128
2026-09-04 18:00:00,2445.35,2449.46,2445.35,2448.63,1037.9236
2026-09-04 18:05:00,2448.63,2450.0,2446.69,2448.43,985.3816
2026-09-04 18:10:00,2448.43,2448.43,2444.66,2445.19,733.0173
2026-09-04 18:15:00,2445.19,2448.88,2445.19,2448.26,712.3165
2026-09-04 18:20:00,2448.27,2449.44,2448.27,2448.53,579.5071
2026-09-04 18:25:00,2448.54,2449.2,2447.64,2448.0,789.8882
2026-09-04 18:30:00,2448.0,2451.12,2448.0,2451.12,881.7843
2026-09-04 18:35:00,2451.11,2451.11,2449.02,2450.94,572.7253
2026-09-04 18:40:00,2450.94,2452.13,2450.72,2451.18,752.9703
2026-09-04 18:45:00,2451.17,2451.5,2450.0,2450.0,671.8181
2026-09-04 18:50:00,2450.0,2450.38,2449.1,2450.3,621.9115
2026-09-04 18:55:00,2450.31,2451.0,2449.4,2450.74,527.7257
2026-09-04 19:00:00,2450.75,2455.3,2450.75,2454.07,996.9265
2026-09-04 19:05:00,2454.07,2455.2,2453.55,2453.88,659.8695
2026-09-04 19:10:00,2453.87,2454.25,2451.95,2454.25,627.9199
2026-09-04 19:15:00,2454.25,2456.57,2453.95,2456.29,1248.5721
2026-09-04 19:20:00,2456.3,2457.0,2455.0,2457.0,542.3652
2026-09-04 19:25:00,2456.99,2457.75,2455.9,2457.56,878.0795
2026-09-04 19:30:00,2457.56,2457.56,2455.24,2456.99,589.0993
2026-09-04 19:35:00,2456.99,2457.0,2454.0,2454.39,814.1099
2026-09-04 19:40:00,2454.38,2456.16,2453.05,2454.73,1250.255
2026-09-04 19:45:00,2454.73,2456.94,2454.21,2456.84,554.8577
2026-09-04 19:50:00,2456.84,2457.0,2454.0,2455.7,950.6937
2026-09-04 19:55:00,2455.71,2457.32,2454.83,2455.84,1143.7916
2026-09-04 20:00:00,2455.85,2458.91,2455.13,2457.13,728.6259
2026-09-04 20:05:00,2457.13,2457.14,2454.4,2454.75,355.4851
2026-09-04 20:10:00,2454.75,2455.91,2453.04,2453.88,168.7523
2026-09-04 20:15:00,2453.88,2455.92,2453.2,2455.92,554.1425
2026-09-04 20:20:00,2455.91,2457.44,2452.98,2452.98,993.9978
2026-09-04 20:25:00,2452.98,2454.36,2452.63,2453.21,465.8299
2026-09-04 20:30:00,2453.2,2453.54,2452.22,2452.95,228.5426
2026-09-04 20:35:00,2452.94,2454.89,2452.81,2453.86,485.0126
2026-09-04 20:40:00,2453.87,2454.24,2452.43,2453.95,469.7654
2026-09-04 20:45:00,2453.96,2455.51,2453.66,2454.57,212.7197
2026-09-04 20:50:00,2454.56,2454.56,2450.8,2452.45,350.4787
2026-09-04 20:55:00,2452.45,2452.73,2450.96,2451.18,286.9804
2026-09-04 21:00:00,2451.19,2453.19,2450.61,2452.97,390.1516
2026-09-04 21:05:00,2452.96,2454.7,2452.7,2453.45,428.8487
2026-09-04 21:10:00,2453.46,2454.57,2453.33,2453.34,388.3149
2026-09-04 21:15:00,2453.33,2454.57,2453.33,2454.28,333.5429
2026-09-04 21:20:00,2454.28,2454.91,2453.66,2453.66,227.0631
2026-09-04 21:25:00,2453.66,2453.88,2452.25,2452.8,515.6381
2026-09-04 21:30:00,2452.8,2455.37,2452.72,2454.8,707.1443
2026-09-04 21:35:00,2454.79,2455.72,2454.7,2454.77,215.5771
2026-09-04 21:40:00,2454.78,2456.79,2454.78,2456.24,1325.6511
2026-09-04 21:45:00,2456.25,2456.84,2454.07,2454.17,442.695
2026-09-04 21:50:00,2454.17,2455.76,2449.81,2452.61,761.8951
2026-09-04 21:55:00,2452.6,2453.17,2451.04,2451.8,819.4971
2026-09-04 22:00:00,2451.79,2454.57,2451.79,2452.97,907.0929
2026-09-04 22:05:00,2452.98,2453.25,2452.2,2452.39,282.6181
2026-09-04 22:10:00,2452.38,2453.16,2451.41,2452.59,580.594
2026-09-04 22:15:00,2452.58,2452.59,2451.03,2452.37,330.996
2026-09-04 22:20:00,2452.38,2453.05,2451.43,2451.52,329.1602
2026-09-04 22:25:00,2451.51,2452.47,2451.29,2452.47,276.4988
2026-09-04 22:30:00,2452.47,2453.2,2452.46,2453.02,158.7448
2026-09-04 22:35:00,2453.01,2454.41,2453.01,2453.58,191.3882
2026-09-04 22:40:00,2453.58,2453.59,2452.17,2452.18,134.8833
2026-09-04 22:45:00,2452.17,2452.19,2451.0,2451.64,237.4324
2026-09-04 22:50:00,2451.64,2452.48,2451.23,2451.23,111.8304
2026-09-04 22:55:00,2451.24,2451.54,2450.56,2451.31,269.9684
2026-09-04 23:00:00,2451.32,2451.41,2450.0,2451.41,150.1476
2026-09-04 23:05:00,2451.4,2451.75,2450.54,2450.87,303.9751
2026-09-04 23:10:00,2450.87,2451.08,2450.13,2450.57,186.9647
2026-09-04 23:15:00,2450.57,2451.21,2450.49,2450.75,121.4599
2026-09-04 23:20:00,2450.75,2454.26,2450.75,2453.88,618.2487
2026-09-04 23:25:00,2453.87,2455.02,2453.8,2453.8,167.6696
2026-09-04 23:30:00,2453.81,2453.81,2452.69,2452.69,90.9033
2026-09-04 23:35:00,2452.69,2453.87,2452.69,2453.62,182.2442
2026-09-04 23:40:00,2453.62,2453.64,2453.41,2453.49,91.498
2026-09-04 23:45:00,2453.49,2454.76,2453.48,2454.48,408.856
2026-09-04 23:50:00,2454.48,2455.0,2454.19,2454.75,558.506
2026-09-04 23:55:00,2454.75,2456.02,2454.6,2455.85,215.8991
2026-09-05 00:00:00,2455.86,2455.91,2454.94,2454.95,217.7921
2026-09-05 00:05:00,2454.94,2454.95,2453.38,2454.71,361.5805
2026-09-05 00:10:00,2454.71,2456.58,2454.32,2454.61,361.2751
2026-09-05 00:15:00,2454.61,2454.61,2453.23,2453.41,140.2727
2026-09-05 00:20:00,2453.42,2454.14,2453.12,2453.13,167.9957
2026-09-05 00:25:00,2453.13,2453.63,2452.59,2452.95,182.0103
2026-09-05 00:30:00,2452.95,2453.88,2451.82,2452.34,232.9996
2026-09-05 00:35:00,2452.35,2454.4,2452.24,2454.39,162.5174
2026-09-05 00:40:00,2454.39,2455.86,2454.22,2454.22,556.3038
2026-09-05 00:45:00,2454.22,2454.23,2451.69,2453.04,372.7334
2026-09-05 00:50:00,2453.03,2455.08,2453.03,2454.95,173.7222
2026-09-05 00:55:00,2454.94,2455.26,2451.7,2452.14,365.9894
2026-09-05 01:00:00,2452.15,2453.88,2451.51,2453.73,339.4411
2026-09-05 01:05:00,2453.74,2455.13,2453.43,2454.89,200.1121
2026-09-05 01:10:00,2454.88,2455.73,2453.37,2453.37,449.2627
2026-09-05 01:15:00,2453.37,2455.65,2453.37,2454.11,175.4207
2026-09-05 01:20:00,2454.11,2454.11,2453.0,2453.83,268.42
2026-09-05 01:25:00,2453.84,2456.21,2452.49,2456.2,498.4171
2026-09-05 01:30:00,2456.21,2456.21,2454.97,2455.14,235.834
2026-09-05 01:35:00,2455.14,2455.15,2453.36,2453.82,289.1386
2026-09-05 01:40:00,2453.83,2454.63,2453.51,2453.88,193.158
2026-09-05 01:45:00,2453.88,2454.96,2452.6,2452.61,520.2736
2026-09-05 01:50:00,2452.61,2453.87,2452.04,2453.2,330.2958
2026-09-05 01:55:00,2453.19,2453.2,2451.95,2451.95,184.9979
2026-09-05 02:00:00,2451.95,2451.96,2450.12,2450.63,426.4494
2026-09-05 02:05:00,2450.63,2452.04,2450.62,2452.04,240.7413
2026-09-05 02:10:00,2452.03,2452.65,2452.0,2452.03,135.0302
2026-09-05 02:15:00,2452.04,2452.9,2452.03,2452.58,137.3639
2026-09-05 02:20:00,2452.59,2453.04,2452.12,2453.03,140.2685
2026-09-05 02:25:00,2453.03,2453.07,2450.67,2450.84,392.6222
2026-09-05 02:30:00,2450.84,2452.27,2450.34,2452.26,340.0866
2026-09-05 02:35:00,2452.26,2452.77,2451.42,2452.55,178.0667
2026-09-05 02:40:00,2452.56,2453.12,2452.55,2453.0,257.7993
2026-09-05 02:45:00,2453.01,2453.01,2451.34,2451.76,184.3675
2026-09-05 02:50:00,2451.77,2452.53,2450.39,2452.52,350.0386
2026-09-05 02:55:00,2452.52,2453.17,2452.29,2453.17,152.2394
2026-09-05 03:00:00,2453.17,2453.17,2452.05,2452.33,144.1122
2026-09-05 03:05:00,2452.33,2452.34,2451.13,2451.13,159.7605
2026-09-05 03:10:00,2451.12,2452.75,2451.09,2452.46,298.7212
2026-09-05 03:15:00,2452.46,2453.88,2452.46,2452.96,372.596
2026-09-05 03:20:00,2452.97,2453.62,2452.09,2453.61,300.0067
2026-09-05 03:25:00,2453.61,2455.02,2452.78,2453.55,389.3147
2026-09-05 03:30:00,2453.54,2456.0,2453.54,2454.11,817.6429
2026-09-05 03:35:00,2454.11,2455.06,2454.1,2454.58,67.8057
2026-09-05 03:40:00,2454.59,2454.59,2453.3,2454.04,160.4936
2026-09-05 03:45:00,2454.05,2454.54,2454.05,2454.54,95.7544
2026-09-05 03:50:00,2454.53,2454.54,2453.24,2453.3,110.144
2026-09-05 03:55:00,2453.29,2453.3,2452.15,2452.49,473.4463
2026-09-05 04:00:00,2452.5,2452.9,2451.45,2452.3,839.8274
2026-09-05 04:05:00,2452.3,2453.0,2451.11,2451.18,412.992
2026-09-05 04:10:00,2451.18,2451.41,2450.16,2450.97,422.5797
2026-09-05 04:15:00,2450.96,2452.5,2450.96,2451.95,273.8437
2026-09-05 04:20:00,2451.94,2452.26,2451.73,2452.26,168.3748
2026-09-05 04:25:00,2452.26,2452.34,2451.52,2452.33,178.7037
2026-09-05 04:30:00,2452.34,2452.36,2451.71,2451.87,451.3097
2026-09-05 04:35:00,2451.86,2451.87,2450.31,2450.61,674.7548
2026-09-05 04:40:00,2450.62,2451.2,2450.62,2451.0,157.3997
2026-09-05 04:45:00,2451.01,2451.31,2447.9,2450.38,921.5198
2026-09-05 04:50:00,2450.39,2450.74,2449.18,2450.6,326.855
2026-09-05 04:55:00,2450.6,2450.61,2448.6,2448.95,383.781
2026-09-05 05:00:00,2448.95,2449.15,2445.75,2446.49,1218.6235
2026-09-05 05:05:00,2446.49,2447.22,2444.47,2446.95,970.2129
2026-09-05 05:10:00,2446.95,2450.07,2446.95,2450.0,290.3606
2026-09-05 05:15:00,2450.0,2450.81,2448.89,2449.34,400.742
2026-09-05 05:20:00,2449.34,2449.77,2448.7,2449.35,94.9643
2026-09-05 05:25:00,2449.35,2450.88,2449.23,2450.88,206.3633
2026-09-05 05:30:00,2450.87,2450.96,2450.31,2450.43,204.0707
2026-09-05 05:35:00,2450.44,2450.71,2450.07,2450.08,117.7952
2026-09-05 05:40:00,2450.07,2452.17,2450.07,2450.08,454.3055
2026-09-05 05:45:00,2450.08,2450.09,2448.88,2448.88,82.1843
2026-09-05 05:50:00,2448.89,2451.06,2448.64,2451.03,419.5764
2026-09-05 05:55:00,2451.04,2451.8,2450.44,2450.93,379.41
2026-09-05 06:00:00,2450.93,2451.58,2450.44,2451.58,109.147
2026-09-05 06:05:00,2451.58,2451.58,2450.82,2450.82,131.5962
2026-09-05 06:10:00,2450.82,2452.95,2450.8,2451.79,525.9775
2026-09-05 06:15:00,2451.79,2451.89,2451.18,2451.54,232.9067
2026-09-05 06:20:00,2451.54,2451.85,2451.53,2451.66,161.7794
2026-09-05 06:25:00,2451.66,2451.72,2450.79,2451.14,354.3661
2026-09-05 06:30:00,2451.13,2452.4,2451.13,2452.4,204.3038
2026-09-05 06:35:00,2452.39,2454.71,2452.09,2454.56,646.7778
2026-09-05 06:40:00,2454.56,2454.56,2452.58,2452.65,301.4925
2026-09-05 06:45:00,2452.65,2452.66,2452.58,2452.59,138.8343
2026-09-05 06:50:00,2452.58,2453.18,2452.58,2452.86,326.3384
2026-09-05 06:55:00,2452.87,2453.88,2452.86,2453.4,213.0977
2026-09-05 07:00:00,2453.41,2454.29,2453.19,2454.29,253.8719
2026-09-05 07:05:00,2454.28,2454.56,2453.21,2453.26,541.3934
2026-09-05 07:10:00,2453.27,2455.0,2452.94,2455.0,586.6631
2026-09-05 07:15:00,2455.0,2455.15,2453.73,2453.73,297.5213
2026-09-05 07:20:00,2453.74,2455.37,2453.73,2455.37,186.8608
2026-09-05 07:25:00,2455.37,2458.14,2455.26,2456.87,423.1715
2026-09-05 07:30:00,2456.87,2459.0,2456.32,2459.0,513.0817
2026-09-05 07:35:00,2458.99,2459.18,2457.98,2459.0,437.0259
2026-09-05 07:40:00,2459.01,2459.05,2456.83,2458.38,495.6684
2026-09-05 07:45:00,2458.38,2459.33,2457.73,2457.81,552.8973
2026-09-05 07:50:00,2457.81,2458.04,2456.94,2457.61,362.6283
2026-09-05 07:55:00,2457.6,2458.25,2456.78,2457.53,371.0562
2026-09-05 08:00:00,2457.53,2457.6,2455.46,2455.88,1304.6168
2026-09-05 08:05:00,2455.88,2455.98,2455.0,2455.11,263.3526
2026-09-05 08:10:00,2455.12,2457.01,2455.1,2455.1,415.1112
2026-09-05 08:15:00,2455.11,2457.34,2455.11,2455.45,473.6441
2026-09-05 08:20:00,2455.45,2456.19,2454.59,2454.6,373.5172
2026-09-05 08:25:00,2454.59,2455.54,2453.46,2455.54,536.9182
2026-09-05 08:30:00,2455.54,2455.54,2453.15,2453.26,363.8901
2026-09-05 08:35:00,2453.27,2455.65,2453.26,2455.47,296.4342
2026-09-05 08:40:00,2455.47,2455.68,2455.08,2455.38,332.5984
2026-09-05 08:45:00,2455.38,2455.61,2453.96,2453.96,176.3759
2026-09-05 08:50:00,2453.97,2455.63,2453.96,2455.63,315.4318
2026-09-05 08:55:00,2455.62,2456.91,2455.62,2456.84,193.7463
2026-09-05 09:00:00,2456.85,2458.71,2456.83,2458.71,352.6821
2026-09-05 09:05:00,2458.7,2458.72,2458.17,2458.31,366.3098
2026-09-05 09:10:00,2458.32,2460.21,2458.31,2459.04,580.7522
2026-09-05 09:15:00,2459.04,2459.05,2457.65,2457.81,426.6396
2026-09-05 09:20:00,2457.81,2458.7,2457.67,2457.88,292.3008
2026-09-05 09:25:00,2457.88,2458.25,2457.77,2458.25,205.3263
2026-09-05 09:30:00,2458.24,2459.13,2457.91,2458.76,411.5292
2026-09-05 09:35:00,2458.77,2459.45,2458.76,2458.94,289.0809
2026-09-05 09:40:00,2458.94,2460.11,2457.91,2459.99,508.2774
2026-09-05 09:45:00,2459.98,2460.28,2459.33,2459.71,341.7265
2026-09-05 09:50:00,2459.71,2460.11,2459.28,2459.29,261.9547
2026-09-05 09:55:00,2459.28,2459.3,2458.52,2458.55,210.2966
2026-09-05 10:00:00,2458.54,2458.55,2458.45,2458.45,253.1446
2026-09-05 10:05:00,2458.46,2458.46,2458.07,2458.08,146.4108
2026-09-05 10:10:00,2458.08,2458.09,2457.39,2457.51,283.6904
2026-09-05 10:15:00,2457.5,2457.52,2457.5,2457.5,288.4386
2026-09-05 10:20:00,2457.5,2457.51,2455.23,2456.06,808.1627
2026-09-05 10:25:00,2456.07,2456.76,2454.7,2454.71,481.7527
2026-09-05 10:30:00,2454.71,2456.66,2454.71,2456.65,472.4908
2026-09-05 10:35:00,2456.65,2456.66,2454.05,2454.48,690.9404
2026-09-05 10:40:00,2454.49,2455.45,2454.48,2455.45,228.7294
2026-09-05 10:45:00,2455.44,2455.45,2454.72,2454.73,157.3652
2026-09-05 10:50:00,2454.72,2455.57,2454.24,2455.43,396.1711
2026-09-05 10:55:00,2455.42,2455.56,2454.14,2454.15,421.4065
2026-09-05 11:00:00,2454.15,2454.59,2454.0,2454.5,220.5875
2026-09-05 11:05:00,2454.5,2455.27,2453.97,2454.44,578.6042
2026-09-05 11:10:00,2454.43,2455.46,2454.0,2454.21,418.2902
2026-09-05 11:15:00,2454.2,2454.28,2453.0,2453.16,306.8866
2026-09-05 11:20:00,2453.16,2453.17,2453.16,2453.16,85.3445
2026-09-05 11:25:00,2453.16,2453.88,2453.16,2453.86,141.1161
2026-09-05 11:30:00,2453.87,2454.02,2453.67,2454.02,166.2021
2026-09-05 11:35:00,2454.01,2454.02,2454.01,2454.02,93.4471
2026-09-05 11:40:00,2454.01,2454.02,2453.36,2453.79,231.6035
2026-09-05 11:45:00,2453.79,2454.6,2453.4,2454.6,273.1897
2026-09-05 11:50:00,2454.59,2456.17,2454.23,2454.63,424.9019
2026-09-05 11:55:00,2454.64,2454.77,2453.67,2453.67,208.0832
2026-09-05 12:00:00,2453.67,2455.58,2453.67,2455.56,335.1309
2026-09-05 12:05:00,2455.55,2455.57,2455.29,2455.3,112.431
2026-09-05 12:10:00,2455.29,2455.3,2455.11,2455.11,120.9614
2026-09-05 12:15:00,2455.11,2455.12,2454.79,2454.8,160.7407
2026-09-05 12:20:00,2454.8,2455.03,2454.73,2455.03,386.0351
2026-09-05 12:25:00,2455.03,2455.45,2454.64,2454.64,299.2088
2026-09-05 12:30:00,2454.65,2456.63,2453.0,2456.62,670.1782
2026-09-05 12:35:00,2456.62,2458.51,2456.62,2458.37,831.6583
2026-09-05 12:40:00,2458.38,2459.99,2458.31,2458.88,691.5224
2026-09-05 12:45:00,2458.88,2461.69,2458.19,2458.99,1276.5885
2026-09-05 12:50:00,2458.99,2459.5,2458.21,2459.5,462.4952
2026-09-05 12:55:00,2459.5,2461.19,2458.8,2458.94,866.5995
2026-09-05 13:00:00,2458.93,2460.6,2458.8,2460.6,448.9105
2026-09-05 13:05:00,2460.6,2461.26,2458.81,2458.81,615.2698
2026-09-05 13:10:00,2458.81,2459.67,2458.02,2459.64,520.7254
2026-09-05 13:15:00,2459.65,2459.76,2458.0,2458.01,367.4538
2026-09-05 13:20:00,2458.0,2462.0,2458.0,2461.34,582.9922
2026-09-05 13:25:00,2461.33,2461.34,2459.61,2459.62,351.5893
2026-09-05 13:30:00,2459.62,2460.58,2458.82,2459.72,519.4165
2026-09-05 13:35:00,2459.72,2460.08,2456.83,2456.83,700.8558
2026-09-05 13:40:00,2456.83,2459.99,2456.04,2456.84,844.2864
2026-09-05 13:45:00,2456.84,2457.8,2456.69,2457.6,335.7606
2026-09-05 13:50:00,2457.6,2457.6,2450.0,2453.53,2134.6615
2026-09-05 13:55:00,2453.52,2454.15,2452.39,2454.15,384.9821
2026-09-05 14:00:00,2454.15,2456.3,2453.93,2454.84,659.7175
2026-09-05 14:05:00,2454.83,2456.0,2454.83,2455.99,183.0057
2026-09-05 14:10:00,2456.0,2456.01,2455.08,2455.08,291.9253
2026-09-05 14:15:00,2455.09,2455.35,2454.78,2454.79,163.7179
2026-09-05 14:20:00,2454.78,2455.21,2454.38,2455.21,275.5595
2026-09-05 14:25:00,2455.2,2457.08,2455.2,2457.08,179.2999
2026-09-05 14:30:00,2457.08,2457.87,2457.07,2457.87,281.1605
2026-09-05 14:35:00,2457.87,2457.96,2457.28,2457.95,147.6259
2026-09-05 14:40:00,2457.96,2458.32,2456.04,2456.35,950.5981
2026-09-05 14:45:00,2456.35,2457.4,2455.42,2456.6,1026.3318
2026-09-05 14:50:00,2456.6,2458.3,2456.59,2458.3,415.496
2026-09-05 14:55:00,2458.29,2459.79,2457.26,2457.26,1158.8874
2026-09-05 15:00:00,2457.26,2457.94,2456.76,2457.48,420.9977
2026-09-05 15:05:00,2457.49,2459.41,2457.48,2457.81,675.0973
2026-09-05 15:10:00,2457.81,2459.8,2457.8,2459.15,605.0731
2026-09-05 15:15:00,2459.15,2459.16,2455.86,2456.15,415.8372
2026-09-05 15:20:00,2456.16,2459.46,2456.15,2459.04,748.1026
2026-09-05 15:25:00,2459.04,2460.12,2457.5,2457.71,545.3603
2026-09-05 15:30:00,2457.71,2459.0,2457.71,2458.99,162.1563
2026-09-05 15:35:00,2459.0,2459.0,2457.83,2458.64,283.6801
2026-09-05 15:40:00,2458.65,2459.97,2458.53,2458.53,457.2287
2026-09-05 15:45:00,2458.54,2459.78,2458.33,2459.24,313.5368
2026-09-05 15:50:00,2459.24,2459.56,2458.46,2458.81,367.5824
2026-09-05 15:55:00,2458.8,2460.0,2458.8,2460.0,279.7311
2026-09-05 16:00:00,2459.99,2460.67,2459.42,2460.6,337.2818
2026-09-05 16:05:00,2460.59,2460.6,2458.89,2459.53,163.8454
2026-09-05 16:10:00,2459.52,2460.26,2459.07,2459.59,224.1475
2026-09-05 16:15:00,2459.6,2460.31,2459.55,2460.26,195.6738
2026-09-05 16:20:00,2460.25,2461.7,2460.25,2461.61,288.3723
2026-09-05 16:25:00,2461.61,2463.74,2461.52,2463.54,1004.5411
2026-09-05 16:30:00,2463.55,2470.01,2463.55,2468.48,5728.5152
2026-09-05 16:35:00,2468.48,2468.49,2466.19,2466.22,1085.798
2026-09-05 16:40:00,2466.22,2467.84,2466.11,2466.47,735.5693
2026-09-05 16:45:00,2466.47,2472.42,2466.38,2471.28,1941.894
2026-09-05 16:50:00,2471.29,2474.36,2469.69,2473.38,1556.3174
2026-09-05 16:55:00,2473.37,2474.44,2470.04,2471.15,1353.3036
2026-09-05 17:00:00,2471.15,2482.2,2471.05,2475.31,2630.293
2026-09-05 17:05:00,2475.31,2481.18,2474.9,2479.65,1002.0795
2026-09-05 17:10:00,2479.66,2480.84,2478.17,2480.47,853.9853
2026-09-05 17:15:00,2480.47,2481.5,2477.19,2477.56,605.7758
2026-09-05 17:20:00,2477.56,2480.0,2477.55,2479.0,594.7828
2026-09-05 17:25:00,2478.99,2481.5,2475.9,2477.93,613.8828
2026-09-05 17:30:00,2477.92,2485.34,2477.92,2479.56,1348.5398
2026-09-05 17:35:00,2479.56,2479.77,2474.94,2475.25,808.904
2026-09-05 17:40:00,2475.26,2478.18,2475.26,2476.86,630.9978
2026-09-05 17:45:00,2476.87,2479.0,2476.82,2478.72,319.1179
2026-09-05 17:50:00,2478.71,2480.0,2478.32,2479.32,461.8333
2026-09-05 17:55:00,2479.33,2481.87,2478.37,2481.01,739.6339
2026-09-05 18:00:00,2481.01,2482.17,2478.43,2479.39,487.2708
2026-09-05 18:05:00,2479.38,2481.24,2478.35,2478.6,281.613
2026-09-05 18:10:00,2478.61,2479.44,2477.62,2478.71,263.9592
2026-09-05 18:15:00,2478.71,2479.31,2477.0,2478.81,481.706
2026-09-05 18:20:00,2478.81,2479.49,2478.08,2478.12,433.3406
2026-09-05 18:25:00,2478.11,2478.62,2475.59,2476.55,1612.5491
2026-09-05 18:30:00,2476.55,2479.73,2476.54,2478.01,399.8752
2026-09-05 18:35:00,2478.01,2478.01,2477.05,2477.28,237.3285
2026-09-05 18:40:00,2477.29,2478.61,2476.2,2477.71,333.2952
2026-09-05 18:45:00,2477.7,2478.12,2476.77,2476.99,205.1443
2026-09-05 18:50:00,2477.0,2478.48,2476.06,2478.39,283.6361
2026-09-05 18:55:00,2478.4,2480.63,2478.28,2480.5,244.1544
2026-09-05 19:00:00,2480.5,2480.5,2476.09,2476.44,570.0558
2026-09-05 19:05:00,2476.45,2479.02,2476.45,2478.37,243.2666
2026-09-05 19:10:00,2478.37,2479.58,2478.1,2478.16,160.9627
2026-09-05 19:15:00,2478.16,2479.27,2478.16,2478.99,99.214
2026-09-05 19:20:00,2479.0,2480.83,2477.39,2480.82,290.0455
2026-09-05 19:25:00,2480.82,2482.65,2479.69,2479.7,373.5669
2026-09-05 19:30:00,2479.7,2481.29,2477.15,2477.15,380.5935
2026-09-05 19:35:00,2477.16,2478.69,2473.43,2473.65,602.934
2026-09-05 19:40:00,2473.65,2477.45,2473.65,2477.39,312.9192
2026-09-05 19:45:00,2477.39,2477.77,2473.63,2473.76,574.3246
2026-09-05 19:50:00,2473.77,2475.94,2472.86,2474.57,548.3022
2026-09-05 19:55:00,2474.57,2478.53,2474.56,2477.57,941.8222
2026-09-05 20:00:00,2477.57,2478.95,2475.51,2475.51,316.9681
2026-09-05 20:05:00,2475.51,2479.18,2475.51,2477.64,523.1053
2026-09-05 20:10:00,2477.65,2483.64,2477.64,2479.28,1188.7387
2026-09-05 20:15:00,2479.29,2479.29,2475.13,2475.84,768.8406
2026-09-05 20:20:00,2475.84,2478.19,2475.45,2477.76,434.2838
2026-09-05 20:25:00,2477.76,2479.81,2476.67,2476.67,883.4133
2026-09-05 20:30:00,2476.68,2477.41,2475.28,2475.74,167.5781
2026-09-05 20:35:00,2475.73,2479.0,2475.0,2477.23,600.4738
2026-09-05 20:40:00,2477.23,2479.73,2477.19,2479.72,415.9995
2026-09-05 20:45:00,2479.72,2480.5,2479.39,2479.74,301.3753
2026-09-05 20:50:00,2479.74,2480.47,2476.73,2477.23,658.1493
2026-09-05 20:55:00,2477.22,2478.18,2477.06,2477.5,121.0285
2026-09-05 21:00:00,2477.5,2478.13,2477.16,2477.3,171.2653
2026-09-05 21:05:00,2477.3,2478.21,2476.77,2477.88,163.7783
2026-09-05 21:10:00,2477.87,2478.2,2476.81,2477.16,227.3869
2026-09-05 21:15:00,2477.15,2478.88,2476.92,2478.88,99.0275
2026-09-05 21:20:00,2478.88,2481.32,2478.88,2480.44,277.3772
2026-09-05 21:25:00,2480.45,2481.96,2480.06,2481.41,205.2171
2026-09-05 21:30:00,2481.41,2482.87,2481.13,2481.13,266.3417
2026-09-05 21:35:00,2481.14,2483.89,2480.69,2483.73,323.067
2026-09-05 21:40:00,2483.72,2493.57,2482.85,2491.19,2156.0168
2026-09-05 21:45:00,2491.19,2491.19,2488.5,2490.41,623.7153
2026-09-05 21:50:00,2490.41,2491.44,2488.59,2488.6,315.0099
2026-09-05 21:55:00,2488.59,2490.44,2488.12,2489.12,426.6027
2026-09-05 22:00:00,2489.13,2491.05,2487.21,2487.61,545.4398
2026-09-05 22:05:00,2487.6,2488.53,2484.4,2484.86,448.1937
2026-09-05 22:10:00,2484.85,2488.46,2484.85,2487.27,434.1232
2026-09-05 22:15:00,2487.29,2488.52,2486.12,2486.13,464.3959
2026-09-05 22:20:00,2486.12,2486.13,2482.91,2483.76,397.4522
2026-09-05 22:25:00,2483.75,2483.76,2478.9,2480.83,733.1171
2026-09-05 22:30:00,2480.82,2484.84,2480.81,2483.32,844.8646
2026-09-05 22:35:00,2483.32,2483.32,2482.34,2483.31,227.1261
2026-09-05 22:40:00,2483.31,2483.31,2481.8,2482.01,389.3181
2026-09-05 22:45:00,2482.0,2482.12,2480.08,2480.08,327.0065
2026-09-05 22:50:00,2480.08,2481.73,2479.96,2481.17,163.1588
2026-09-05 22:55:00,2481.17,2481.78,2480.64,2480.98,280.2436
2026-09-05 23:00:00,2480.98,2480.98,2479.47,2479.47,220.123
2026-09-05 23:05:00,2479.47,2480.24,2477.94,2479.82,304.4313
2026-09-05 23:10:00,2479.82,2479.83,2478.47,2478.84,86.9035
2026-09-05 23:15:00,2478.85,2480.81,2478.2,2480.81,219.6166
2026-09-05 23:20:00,2480.81,2482.18,2479.27,2479.43,353.5147
2026-09-05 23:25:00,2479.43,2481.24,2479.35,2480.87,256.7197
2026-09-05 23:30:00,2480.87,2483.43,2480.86,2483.43,231.333
2026-09-05 23:35:00,2483.44,2483.66,2477.6,2480.73,534.4066
2026-09-05 23:40:00,2480.72,2481.5,2479.35,2480.95,399.3932
2026-09-05 23:45:00,2480.95,2482.42,2479.88,2481.0,505.6634
2026-09-05 23:50:00,2480.99,2483.4,2480.84,2483.04,272.0091
2026-09-05 23:55:00,2483.04,2483.04,2479.3,2480.34,414.805
2026-09-06 00:00:00,2480.33,2480.78,2479.27,2480.0,234.4655
2026-09-06 00:05:00,2480.0,2480.68,2479.27,2480.68,291.8192
2026-09-06 00:10:00,2480.68,2482.26,2480.45,2481.58,932.2356
2026-09-06 00:15:00,2481.59,2482.1,2481.48,2482.03,215.0011
2026-09-06 00:20:00,2482.04,2483.19,2482.03,2483.16,236.9269
2026-09-06 00:25:00,2483.17,2488.39,2483.16,2487.29,616.9432
2026-09-06 00:30:00,2487.3,2488.82,2485.51,2486.6,524.8111
2026-09-06 00:35:00,2486.6,2488.58,2485.69,2487.46,627.5815
2026-09-06 00:40:00,2487.46,2490.0,2487.03,2487.55,489.4082
2026-09-06 00:45:00,2487.55,2489.05,2486.87,2488.83,482.0168
2026-09-06 00:50:00,2488.83,2491.42,2488.03,2489.38,726.718
2026-09-06 00:55:00,2489.38,2492.6,2489.37,2490.2,934.7979
2026-09-06 01:00:00,2490.21,2498.11,2489.3,2494.1,1493.5241
2026-09-06 01:05:00,2494.11,2497.9,2492.6,2495.14,746.7301
2026-09-06 01:10:00,2495.14,2500.07,2494.2,2497.54,4091.0492
2026-09-06 01:15:00,2497.54,2497.54,2494.14,2494.14,1588.4363
2026-09-06 01:20:00,2494.14,2495.3,2491.2,2493.46,1117.9487
2026-09-06 01:25:00,2493.46,2494.51,2492.61,2493.91,351.2068
2026-09-06 01:30:00,2493.9,2496.81,2493.9,2496.81,518.4852
2026-09-06 01:35:00,2496.8,2508.05,2496.8,2507.29,2745.6391
2026-09-06 01:40:00,2507.3,2508.0,2501.16,2501.92,1357.4329
2026-09-06 01:45:00,2501.92,2504.8,2500.76,2503.07,1290.3212
2026-09-06 01:50:00,2503.08,2507.13,2502.24,2503.29,1173.4161
2026-09-06 01:55:00,2503.3,2507.56,2502.88,2505.57,1577.9434
2026-09-06 02:00:00,2505.58,2511.2,2501.69,2503.43,2282.3404
2026-09-06 02:05:00,2503.43,2509.56,2503.43,2508.71,1049.9897
2026-09-06 02:10:00,2508.7,2508.93,2504.0,2507.03,2797.7328
2026-09-06 02:15:00,2507.03,2508.01,2502.54,2503.07,3414.8609
2026-09-06 02:20:00,2503.07,2503.28,2501.56,2501.72,520.9259
2026-09-06 02:25:00,2501.72,2503.06,2501.38,2501.9,391.7977
2026-09-06 02:30:00,2501.89,2503.84,2501.66,2503.84,342.9742
2026-09-06 02:35:00,2503.84,2503.85,2499.93,2503.64,1551.5754
2026-09-06 02:40:00,2503.64,2504.45,2501.84,2502.06,384.9236
2026-09-06 02:45:00,2502.07,2502.99,2501.36,2501.45,338.1939
2026-09-06 02:50:00,2501.46,2502.47,2501.0,2502.42,302.0157
2026-09-06 02:55:00,2502.42,2503.83,2501.95,2503.38,354.1492
2026-09-06 03:00:00,2503.38,2503.5,2501.3,2503.03,291.7485
2026-09-06 03:05:00,2503.03,2503.03,2502.41,2503.0,228.8493
2026-09-06 03:10:00,2502.99,2505.54,2502.99,2505.54,243.4801
2026-09-06 03:15:00,2505.54,2507.23,2505.35,2505.7,514.9684
2026-09-06 03:20:00,2505.71,2505.9,2504.33,2505.55,231.1592
2026-09-06 03:25:00,2505.55,2505.55,2500.35,2501.58,532.3342
2026-09-06 03:30:00,2501.58,2504.84,2501.58,2503.38,476.1351
2026-09-06 03:35:00,2503.38,2510.0,2503.37,2509.58,918.1499
2026-09-06 03:40:00,2509.57,2514.55,2509.57,2512.72,1335.609
2026-09-06 03:45:00,2512.71,2514.37,2507.58,2508.12,838.1886
2026-09-06 03:50:00,2508.13,2511.04,2507.21,2510.31,377.4433
2026-09-06 03:55:00,2510.32,2511.1,2509.34,2509.68,295.6743
2026-09-06 04:00:00,2509.68,2510.52,2508.27,2509.14,613.9904
2026-09-06 04:05:00,2509.14,2509.63,2506.75,2507.63,457.2452
2026-09-06 04:10:00,2507.63,2508.91,2507.01,2507.44,412.5523
2026-09-06 04:15:00,2507.44,2508.29,2505.6,2505.73,277.4774
2026-09-06 04:20:00,2505.74,2505.74,2498.49,2501.27,1545.247
2026-09-06 04:25:00,2501.27,2503.13,2500.44,2503.13,388.4201
2026-09-06 04:30:00,2503.12,2503.16,2501.53,2502.0,288.0728
2026-09-06 04:35:00,2501.99,2502.88,2501.59,2501.71,508.4333
2026-09-06 04:40:00,2501.71,2504.08,2501.71,2504.0,408.8219
2026-09-06 04:45:00,2504.0,2505.83,2503.99,2504.59,339.813
2026-09-06 04:50:00,2504.6,2505.2,2502.31,2504.01,503.2401
2026-09-06 04:55:00,2504.01,2504.51,2503.45,2504.44,308.9875
2026-09-06 05:00:00,2504.45,2505.72,2503.25,2504.7,393.2279
2026-09-06 05:05:00,2504.69,2506.24,2504.69,2505.35,320.815
2026-09-06 05:10:00,2505.35,2505.35,2502.39,2502.53,325.1756
2026-09-06 05:15:00,2502.52,2502.56,2501.19,2502.09,540.1396
2026-09-06 05:20:00,2502.09,2505.49,2501.56,2505.48,441.2989
2026-09-06 05:25:00,2505.49,2507.1,2503.66,2505.2,598.1307
2026-09-06 05:30:00,2505.2,2510.67,2505.2,2510.18,952.1292
2026-09-06 05:35:00,2510.18,2523.43,2510.18,2523.07,5021.8408
2026-09-06 05:40:00,2523.06,2523.97,2513.88,2515.88,1920.7512
2026-09-06 05:45:00,2515.88,2517.28,2513.23,2514.87,679.6794
2026-09-06 05:50:00,2514.87,2516.18,2514.01,2514.05,610.7786
2026-09-06 05:55:00,2514.04,2515.0,2510.87,2513.5,550.9714
2026-09-06 06:00:00,2513.52,2513.53,2511.0,2511.86,305.9983
2026-09-06 06:05:00,2511.86,2511.86,2510.55,2510.55,337.2522
2026-09-06 06:10:00,2510.56,2511.97,2509.32,2509.44,578.7066
2026-09-06 06:15:00,2509.45,2509.79,2507.64,2508.86,661.4449
2026-09-06 06:20:00,2508.86,2508.86,2505.9,2506.3,533.876
2026-09-06 06:25:00,2506.3,2507.18,2506.19,2506.5,739.3348
2026-09-06 06:30:00,2506.49,2507.84,2505.46,2506.5,909.3089
2026-09-06 06:35:00,2506.5,2508.15,2506.4,2507.79,288.1535
2026-09-06 06:40:00,2507.79,2508.63,2506.0,2508.63,367.3882
2026-09-06 06:45:00,2508.62,2508.76,2503.3,2505.8,844.7822
2026-09-06 06:50:00,2505.81,2507.75,2505.3,2507.75,461.4418
2026-09-06 06:55:00,2507.76,2507.76,2504.97,2505.81,519.2353
2026-09-06 07:00:00,2505.82,2507.22,2505.43,2506.13,400.9158
2026-09-06 07:05:00,2506.13,2507.98,2503.76,2503.83,785.0867
2026-09-06 07:10:00,2503.83,2504.75,2482.6,2489.67,5971.2417
2026-09-06 07:15:00,2489.67,2497.55,2489.67,2497.15,1210.1099
2026-09-06 07:20:00,2497.14,2499.44,2495.17,2495.17,918.8008
2026-09-06 07:25:00,2495.16,2497.4,2495.01,2495.55,576.7822
2026-09-06 07:30:00,2495.55,2496.0,2493.2,2493.45,702.7472
2026-09-06 07:35:00,2493.45,2494.61,2492.35,2493.99,676.2715
2026-09-06 07:40:00,2493.99,2496.58,2493.99,2496.06,670.9999
2026-09-06 07:45:00,2496.07,2496.54,2495.42,2495.67,458.4819
2026-09-06 07:50:00,2495.66,2496.36,2495.0,2496.35,388.8379
2026-09-06 07:55:00,2496.35,2497.96,2496.35,2496.79,441.9341
2026-09-06 08:00:00,2496.8,2497.71,2495.04,2497.0,334.848
2026-09-06 08:05:00,2496.99,2498.85,2496.78,2498.31,382.819
2026-09-06 08:10:00,2498.32,2499.99,2497.32,2498.6,482.6777
2026-09-06 08:15:00,2498.6,2499.18,2497.13,2498.23,272.6533
2026-09-06 08:20:00,2498.22,2498.23,2495.69,2496.0,284.516
2026-09-06 08:25:00,2495.99,2496.0,2495.0,2495.01,168.2311
2026-09-06 08:30:00,2495.01,2495.01,2493.96,2494.32,277.3275
2026-09-06 08:35:00,2494.33,2494.33,2493.0,2493.14,297.8447
2026-09-06 08:40:00,2493.13,2494.31,2492.35,2493.87,382.0744
2026-09-06 08:45:00,2493.88,2493.88,2491.95,2492.33,208.2087
2026-09-06 08:50:00,2492.33,2495.59,2492.1,2495.58,382.2169
2026-09-06 08:55:00,2495.58,2497.27,2494.44,2495.67,508.9487
2026-09-06 09:00:00,2495.66,2497.05,2494.06,2496.77,575.0485
2026-09-06 09:05:00,2496.77,2497.33,2496.18,2497.33,193.4984
2026-09-06 09:10:00,2497.32,2499.35,2496.14,2499.05,794.9378
2026-09-06 09:15:00,2499.05,2501.89,2498.12,2500.52,1092.7174
2026-09-06 09:20:00,2500.53,2503.59,2500.52,2502.1,804.3615
2026-09-06 09:25:00,2502.1,2502.89,2500.97,2502.02,345.541
2026-09-06 09:30:00,2502.01,2503.68,2501.49,2501.56,333.6741
2026-09-06 09:35:00,2501.55,2502.14,2497.41,2497.94,509.1703
2026-09-06 09:40:00,2497.93,2498.29,2493.88,2496.17,467.7995
2026-09-06 09:45:00,2496.17,2497.06,2495.61,2496.53,342.1311
2026-09-06 09:50:00,2496.54,2498.06,2496.34,2498.0,871.0559
2026-09-06 09:55:00,2498.0,2499.65,2498.0,2499.13,375.1593
2026-09-06 10:00:00,2499.12,2501.17,2498.93,2498.93,406.1384
2026-09-06 10:05:00,2498.94,2502.6,2498.93,2500.78,699.2411
2026-09-06 10:10:00,2500.79,2500.79,2498.93,2498.94,670.7831
2026-09-06 10:15:00,2498.94,2500.36,2498.8,2499.78,371.7022
2026-09-06 10:20:00,2499.78,2500.27,2498.31,2499.63,435.7102
2026-09-06 10:25:00,2499.64,2499.64,2498.01,2498.32,202.2454
2026-09-06 10:30:00,2498.32,2498.71,2497.73,2498.7,446.4681
2026-09-06 10:35:00,2498.7,2499.33,2497.9,2498.66,235.611
2026-09-06 10:40:00,2498.66,2500.79,2498.66,2500.78,205.133
2026-09-06 10:45:00,2500.78,2500.8,2499.84,2500.64,324.6664
2026-09-06 10:50:00,2500.64,2501.17,2499.36,2501.16,344.7663
2026-09-06 10:55:00,2501.16,2502.51,2500.71,2501.7,439.1388
2026-09-06 11:00:00,2501.7,2502.91,2500.13,2501.9,388.9401
2026-09-06 11:05:00,2501.9,2504.25,2501.58,2501.59,438.2973
2026-09-06 11:10:00,2501.59,2503.03,2499.54,2502.77,551.8438
2026-09-06 11:15:00,2502.77,2504.04,2502.35,2504.03,237.9546
2026-09-06 11:20:00,2504.03,2504.14,2501.6,2502.74,493.5822
2026-09-06 11:25:00,2502.74,2503.18,2500.28,2500.78,589.3271
2026-09-06 11:30:00,2500.78,2502.7,2500.0,2502.69,267.6429
2026-09-06 11:35:00,2502.69,2502.89,2500.2,2500.2,389.4494
2026-09-06 11:40:00,2500.21,2502.37,2500.01,2502.36,441.925
2026-09-06 11:45:00,2502.36,2503.24,2500.64,2502.89,406.9341
2026-09-06 11:50:00,2502.89,2502.89,2501.17,2501.63,285.7778
2026-09-06 11:55:00,2501.63,2501.94,2501.37,2501.93,234.9914
2026-09-06 12:00:00,2501.94,2501.96,2500.33,2500.54,210.1224
2026-09-06 12:05:00,2500.54,2501.38,2499.49,2501.38,225.2949
2026-09-06 12:10:00,2501.37,2503.32,2499.51,2503.32,567.906
2026-09-06 12:15:00,2503.33,2504.99,2503.0,2503.2,338.0311
2026-09-06 12:20:00,2503.2,2504.66,2502.42,2503.19,428.3125
2026-09-06 12:25:00,2503.19,2503.91,2501.5,2501.89,303.4566
2026-09-06 12:30:00,2501.89,2504.6,2501.88,2503.76,362.9397
2026-09-06 12:35:00,2503.76,2504.37,2501.68,2502.93,410.7497
2026-09-06 12:40:00,2502.93,2503.18,2499.62,2499.97,697.9215
2026-09-06 12:45:00,2499.96,2500.56,2497.52,2498.98,634.3934
2026-09-06 12:50:00,2498.98,2501.95,2498.89,2501.95,187.6441
2026-09-06 12:55:00,2501.94,2503.11,2499.86,2500.47,452.3903
2026-09-06 13:00:00,2500.48,2500.63,2496.53,2497.62,777.4601
2026-09-06 13:05:00,2497.62,2500.94,2497.43,2499.29,815.0872
2026-09-06 13:10:00,2499.29,2499.29,2497.3,2497.3,350.9462
2026-09-06 13:15:00,2497.3,2497.31,2493.43,2494.04,423.0692
2026-09-06 13:20:00,2494.05,2494.29,2492.33,2492.33,569.5268
2026-09-06 13:25:00,2492.34,2494.05,2491.43,2491.59,609.4117
2026-09-06 13:30:00,2491.59,2492.28,2486.76,2488.0,1489.3017
2026-09-06 13:35:00,2488.0,2494.14,2487.84,2491.66,675.7591
2026-09-06 13:40:00,2491.67,2493.93,2491.59,2492.74,290.3318
2026-09-06 13:45:00,2492.74,2494.8,2492.09,2492.68,483.8377
2026-09-06 13:50:00,2492.69,2495.4,2492.68,2494.29,373.6849
2026-09-06 13:55:00,2494.29,2495.82,2494.0,2494.85,565.7663
2026-09-06 14:00:00,2494.84,2495.02,2492.42,2493.51,573.6101
2026-09-06 14:05:00,2493.51,2493.52,2490.0,2490.0,1377.3827
2026-09-06 14:10:00,2490.01,2490.5,2487.04,2488.07,1774.6086
2026-09-06 14:15:00,2488.06,2488.89,2475.03,2485.81,3766.6232
2026-09-06 14:20:00,2485.8,2485.8,2477.25,2481.81,2740.8141
2026-09-06 14:25:00,2481.83,2484.36,2481.8,2481.99,861.3805
2026-09-06 14:30:00,2481.98,2481.99,2460.92,2477.43,5470.0171
2026-09-06 14:35:00,2477.44,2482.0,2477.43,2482.0,1514.6054
2026-09-06 14:40:00,2481.99,2485.54,2481.4,2485.18,1103.5385
2026-09-06 14:45:00,2485.18,2485.18,2477.39,2483.02,1978.2103
2026-09-06 14:50:00,2483.02,2485.87,2483.01,2484.0,901.7333
2026-09-06 14:55:00,2484.0,2484.01,2477.9,2478.4,1367.7474
2026-09-06 15:00:00,2478.4,2478.41,2470.12,2477.38,1949.5105
2026-09-06 15:05:00,2477.38,2478.96,2474.75,2475.93,1199.7263
2026-09-06 15:10:00,2475.93,2478.25,2475.11,2476.82,618.1193
2026-09-06 15:15:00,2476.81,2479.62,2476.71,2478.44,648.0231
2026-09-06 15:20:00,2478.44,2481.0,2478.09,2479.15,633.2068
2026-09-06 15:25:00,2479.14,2479.57,2478.39,2479.08,392.2717
2026-09-06 15:30:00,2479.08,2479.65,2475.95,2478.25,337.9101
2026-09-06 15:35:00,2478.25,2481.45,2476.36,2480.25,573.3907
2026-09-06 15:40:00,2480.24,2481.49,2480.24,2480.89,295.4319
2026-09-06 15:45:00,2480.88,2481.48,2480.0,2480.03,489.6002
2026-09-06 15:50:00,2480.03,2482.74,2479.03,2479.4,734.339
2026-09-06 15:55:00,2479.4,2480.18,2479.07,2479.79,284.3492
2026-09-06 16:00:00,2479.78,2480.14,2476.05,2476.05,698.8837
2026-09-06 16:05:00,2476.05,2479.13,2475.26,2477.42,831.2426
2026-09-06 16:10:00,2477.41,2483.4,2477.41,2482.83,489.487
2026-09-06 16:15:00,2482.83,2483.3,2481.71,2482.61,304.8308
2026-09-06 16:20:00,2482.62,2482.62,2479.18,2479.18,563.8416
2026-09-06 16:25:00,2479.19,2482.92,2478.64,2482.83,572.2531
2026-09-06 16:30:00,2482.83,2487.54,2481.26,2486.44,557.4737
2026-09-06 16:35:00,2486.44,2486.56,2483.19,2485.24,504.2208
2026-09-06 16:40:00,2485.25,2486.16,2483.52,2484.01,384.1051
2026-09-06 16:45:00,2484.0,2484.0,2482.26,2482.45,325.255
2026-09-06 16:50:00,2482.45,2484.13,2482.45,2483.03,216.2987
2026-09-06 16:55:00,2483.03,2484.85,2481.85,2484.57,383.8214
2026-09-06 17:00:00,2484.57,2484.9,2483.33,2483.48,218.0465
2026-09-06 17:05:00,2483.48,2486.15,2480.45,2482.48,712.0369
2026-09-06 17:10:00,2482.48,2485.7,2482.48,2485.34,745.0847
2026-09-06 17:15:00,2485.34,2488.8,2485.33,2488.8,560.5431
2026-09-06 17:20:00,2488.79,2492.76,2488.25,2491.7,1837.6463
2026-09-06 17:25:00,2491.69,2494.68,2489.38,2489.5,687.0301
2026-09-06 17:30:00,2489.5,2493.09,2487.84,2490.55,575.1059
2026-09-06 17:35:00,2490.56,2494.45,2490.15,2493.32,401.5692
2026-09-06 17:40:00,2493.32,2493.33,2491.41,2492.96,354.0002
2026-09-06 17:45:00,2492.97,2493.13,2491.4,2492.53,317.7373
2026-09-06 17:50:00,2492.54,2493.03,2491.44,2491.46,244.8704
2026-09-06 17:55:00,2491.46,2493.9,2490.93,2491.25,313.2603
2026-09-06 18:00:00,2491.25,2493.93,2491.25,2493.32,467.6242
2026-09-06 18:05:00,2493.32,2494.99,2493.15,2493.7,347.2514
2026-09-06 18:10:00,2493.71,2494.8,2493.26,2493.49,274.018
2026-09-06 18:15:00,2493.5,2495.0,2493.26,2493.83,309.4675
2026-09-06 18:20:00,2493.82,2495.6,2493.56,2494.64,467.7239
2026-09-06 18:25:00,2494.64,2496.8,2494.28,2495.52,796.0611
2026-09-06 18:30:00,2495.53,2500.0,2495.53,2496.86,1023.9245
2026-09-06 18:35:00,2496.86,2498.45,2496.33,2497.19,671.8249
2026-09-06 18:40:00,2497.2,2499.56,2496.79,2497.66,765.9322
2026-09-06 18:45:00,2497.67,2497.67,2493.56,2494.98,687.7131
2026-09-06 18:50:00,2494.99,2496.07,2493.36,2493.82,567.9802
2026-09-06 18:55:00,2493.82,2495.18,2493.21,2494.15,682.0054
2026-09-06 19:00:00,2494.15,2494.42,2492.33,2492.53,733.5598
2026-09-06 19:05:00,2492.53,2493.03,2491.6,2491.65,563.3167
2026-09-06 19:10:00,2491.65,2492.36,2491.32,2491.41,532.3918
2026-09-06 19:15:00,2491.41,2492.4,2490.44,2490.52,619.5825
2026-09-06 19:20:00,2490.52,2492.47,2490.01,2492.47,759.3642
2026-09-06 19:25:00,2492.46,2493.33,2491.26,2492.16,609.2963
2026-09-06 19:30:00,2492.17,2492.17,2490.93,2490.94,499.6395
2026-09-06 19:35:00,2490.93,2491.01,2489.88,2489.88,558.9029
2026-09-06 19:40:00,2489.88,2490.68,2489.81,2490.26,535.62
2026-09-06 19:45:00,2490.26,2490.83,2488.88,2490.3,737.0293
2026-09-06 19:50:00,2490.29,2490.75,2489.92,2490.44,615.9496
2026-09-06 19:55:00,2490.43,2490.44,2489.65,2490.42,584.4226
2026-09-06 20:00:00,2490.42,2491.2,2489.47,2489.76,662.7176
2026-09-06 20:05:00,2489.76,2490.63,2488.55,2488.75,683.5107
2026-09-06 20:10:00,2488.75,2492.67,2488.75,2492.29,605.843
2026-09-06 20:15:00,2492.29,2492.82,2491.29,2492.46,604.4475
2026-09-06 20:20:00,2492.46,2496.72,2492.41,2495.29,1123.2422
2026-09-06 20:25:00,2495.3,2497.0,2495.17,2495.82,721.6734
2026-09-06 20:30:00,2495.83,2497.23,2495.76,2496.2,872.0122
2026-09-06 20:35:00,2496.21,2497.15,2494.51,2496.18,655.4019
2026-09-06 20:40:00,2496.19,2496.95,2494.71,2496.94,560.6206
2026-09-06 20:45:00,2496.95,2499.47,2496.95,2499.18,854.1722
2026-09-06 20:50:00,2499.18,2500.0,2497.99,2498.4,645.1705
2026-09-06 20:55:00,2498.4,2499.44,2498.25,2499.44,446.6956
2026-09-06 21:00:00,2499.43,2504.34,2499.36,2504.34,1439.7759
2026-09-06 21:05:00,2504.33,2512.0,2503.11,2511.86,2585.7772
2026-09-06 21:10:00,2511.86,2513.46,2507.83,2510.98,1223.2194
2026-09-06 21:15:00,2510.97,2515.69,2509.36,2513.74,1147.2365
2026-09-06 21:20:00,2513.74,2514.72,2509.04,2510.88,750.3955
2026-09-06 21:25:00,2510.87,2511.58,2505.44,2506.04,648.4029
2026-09-06 21:30:00,2506.03,2506.67,2504.45,2505.23,506.0731
2026-09-06 21:35:00,2505.23,2509.13,2505.23,2507.2,309.761
2026-09-06 21:40:00,2507.2,2510.52,2506.01,2507.42,547.1827
2026-09-06 21:45:00,2507.43,2512.15,2507.43,2509.44,526.9955
2026-09-06 21:50:00,2509.44,2509.92,2506.0,2507.39,250.8365
2026-09-06 21:55:00,2507.39,2508.46,2506.03,2508.09,478.8324
2026-09-06 22:00:00,2508.08,2508.33,2501.79,2502.87,856.5645
2026-09-06 22:05:00,2502.87,2505.57,2496.44,2496.72,1489.8395
2026-09-06 22:10:00,2496.73,2499.34,2495.29,2497.91,866.4824
2026-09-06 22:15:00,2497.91,2499.1,2488.8,2492.26,1642.1925
2026-09-06 22:20:00,2492.26,2496.85,2492.2,2496.26,500.8467
2026-09-06 22:25:00,2496.27,2499.84,2496.27,2498.9,541.8787
2026-09-06 22:30:00,2498.89,2505.22,2498.73,2505.22,1112.4755
2026-09-06 22:35:00,2505.23,2507.49,2503.31,2504.81,1101.8491
2026-09-06 22:40:00,2504.81,2507.01,2504.78,2506.7,785.997
2026-09-06 22:45:00,2506.7,2508.32,2505.0,2507.08,1203.5166
2026-09-06 22:50:00,2507.09,2508.32,2505.34,2508.23,786.45
2026-09-06 22:55:00,2508.23,2510.89,2507.6,2508.32,1288.9292
2026-09-06 23:00:00,2508.33,2516.52,2506.79,2511.53,1508.2713
2026-09-06 23:05:00,2511.53,2512.71,2508.74,2511.07,993.9461
2026-09-06 23:10:00,2511.07,2511.97,2509.93,2510.89,367.5957
2026-09-06 23:15:00,2510.9,2515.0,2509.11,2513.76,495.7649
2026-09-06 23:20:00,2513.76,2514.05,2511.12,2511.43,425.6367
2026-09-06 23:25:00,2511.43,2513.99,2510.01,2512.62,480.1048
2026-09-06 23:30:00,2512.62,2516.53,2512.27,2516.53,538.255
2026-09-06 23:35:00,2516.53,2522.51,2516.53,2520.88,2669.9678
2026-09-06 23:40:00,2520.89,2522.6,2516.23,2520.08,1295.6459
2026-09-06 23:45:00,2520.08,2526.2,2519.31,2521.07,2168.4976
2026-09-06 23:50:00,2521.07,2522.1,2515.35,2515.35,1286.7004
2026-09-06 23:55:00,2515.35,2516.14,2512.5,2514.48,661.76
2026-09-07 00:00:00,2514.48,2515.01,2510.23,2511.49,808.7671
2026-09-07 00:05:00,2511.48,2517.59,2511.15,2516.33,1064.2003
2026-09-07 00:10:00,2516.33,2518.09,2515.42,2515.63,500.4662
2026-09-07 00:15:00,2515.62,2515.63,2509.38,2510.89,784.1773
2026-09-07 00:20:00,2510.9,2516.76,2509.38,2514.63,702.3882
2026-09-07 00:25:00,2514.62,2518.0,2513.59,2517.7,372.0274
2026-09-07 00:30:00,2517.71,2522.52,2513.3,2514.55,960.7178
2026-09-07 00:35:00,2514.55,2516.43,2513.62,2515.09,534.6326
2026-09-07 00:40:00,2515.1,2516.17,2512.64,2515.18,676.9758
2026-09-07 00:45:00,2515.17,2516.93,2512.32,2515.63,694.4405
2026-09-07 00:50:00,2515.63,2516.88,2512.58,2513.38,594.9618
2026-09-07 00:55:00,2513.38,2513.92,2509.54,2513.17,705.8498
2026-09-07 01:00:00,2513.17,2515.9,2510.4,2515.86,809.9461
2026-09-07 01:05:00,2515.87,2516.34,2504.65,2504.66,1093.75
2026-09-07 01:10:00,2504.65,2510.5,2503.15,2507.31,2321.5152
2026-09-07 01:15:00,2507.31,2509.72,2503.01,2505.92,1274.4145
2026-09-07 01:20:00,2505.91,2506.4,2501.97,2504.24,897.5686
2026-09-07 01:25:00,2504.25,2505.1,2501.25,2504.81,596.7717
2026-09-07 01:30:00,2504.81,2507.83,2502.1,2507.16,551.7194
2026-09-07 01:35:00,2507.16,2507.16,2503.57,2504.5,695.751
2026-09-07 01:40:00,2504.5,2504.51,2499.36,2500.76,1373.6199
2026-09-07 01:45:00,2500.76,2501.96,2499.71,2500.38,649.677
2026-09-07 01:50:00,2500.38,2503.49,2499.89,2503.18,481.1895
2026-09-07 01:55:00,2503.18,2505.39,2503.18,2503.87,290.695
2026-09-07 02:00:00,2503.87,2504.66,2502.33,2502.33,203.5151
2026-09-07 02:05:00,2502.34,2502.51,2498.66,2499.48,597.5832
2026-09-07 02:10:00,2499.49,2501.14,2498.56,2500.75,648.9573
2026-09-07 02:15:00,2500.74,2505.54,2500.64,2504.97,525.9824
2026-09-07 02:20:00,2504.97,2506.0,2503.56,2505.99,418.4825
2026-09-07 02:25:00,2505.99,2511.66,2505.55,2510.86,1077.1456
2026-09-07 02:30:00,2510.86,2512.6,2509.39,2510.73,595.923
2026-09-07 02:35:00,2510.73,2535.39,2510.72,2533.98,6388.7059
2026-09-07 02:40:00,2533.98,2536.64,2526.35,2527.05,2753.2344
2026-09-07 02:45:00,2527.05,2527.85,2524.95,2526.08,1068.0015
2026-09-07 02:50:00,2526.09,2526.09,2516.79,2516.8,1607.2759
2026-09-07 02:55:00,2516.8,2518.76,2510.66,2511.77,1287.6994
2026-09-07 03:00:00,2511.76,2516.23,2507.19,2515.6,1866.021
2026-09-07 03:05:00,2515.6,2515.6,2508.23,2509.18,691.9177
2026-09-07 03:10:00,2509.18,2509.58,2506.93,2507.49,652.298
2026-09-07 03:15:00,2507.5,2509.0,2506.0,2508.27,758.9259
2026-09-07 03:20:00,2508.27,2511.17,2507.42,2507.94,669.7315
2026-09-07 03:25:00,2507.95,2508.44,2504.24,2504.45,949.4188
2026-09-07 03:30:00,2504.45,2506.55,2503.08,2503.6,1015.9246
2026-09-07 03:35:00,2503.6,2503.77,2499.73,2500.23,1380.5192
2026-09-07 03:40:00,2500.23,2500.89,2496.73,2497.76,1423.6746
2026-09-07 03:45:00,2497.77,2500.19,2497.07,2498.32,1035.4389
2026-09-07 03:50:00,2498.32,2500.18,2496.72,2500.06,1006.6031
2026-09-07 03:55:00,2500.06,2500.86,2497.43,2497.43,1119.6371
2026-09-07 04:00:00,2497.43,2498.58,2496.23,2498.58,1108.3725
2026-09-07 04:05:00,2498.57,2498.87,2496.5,2498.87,667.5553
2026-09-07 04:10:00,2498.87,2498.87,2493.95,2498.37,1302.6385
2026-09-07 04:15:00,2498.38,2498.65,2496.93,2498.45,549.3294
2026-09-07 04:20:00,2498.45,2499.26,2497.18,2498.22,973.6891
2026-09-07 04:25:00,2498.23,2499.89,2496.6,2496.61,943.2591
2026-09-07 04:30:00,2496.61,2497.73,2495.39,2496.75,663.5197
2026-09-07 04:35:00,2496.76,2498.19,2492.39,2495.84,1135.2852
2026-09-07 04:40:00,2495.84,2497.7,2495.36,2497.5,717.7739
2026-09-07 04:45:00,2497.49,2499.22,2496.85,2496.85,837.603
2026-09-07 04:50:00,2496.84,2497.5,2494.83,2494.84,632.6417
2026-09-07 04:55:00,2494.83,2498.33,2494.6,2498.33,724.8083
2026-09-07 05:00:00,2498.33,2503.0,2497.25,2502.99,1045.6551
2026-09-07 05:05:00,2502.99,2505.54,2501.63,2503.29,1155.9255
2026-09-07 05:10:00,2503.3,2503.97,2500.7,2503.96,817.949
2026-09-07 05:15:00,2503.97,2509.57,2503.76,2507.97,1217.5322
2026-09-07 05:20:00,2507.98,2512.29,2506.63,2511.68,969.9693
2026-09-07 05:25:00,2511.69,2514.03,2510.23,2512.72,1636.0237
2026-09-07 05:30:00,2512.71,2513.55,2510.85,2511.91,578.4378
2026-09-07 05:35:00,2511.91,2512.37,2510.77,2510.79,859.5476
2026-09-07 05:40:00,2510.79,2511.81,2509.44,2511.81,749.4507
2026-09-07 05:45:00,2511.8,2511.81,2509.6,2509.6,657.9738
2026-09-07 05:50:00,2509.6,2509.61,2505.22,2505.22,838.8631
2026-09-07 05:55:00,2505.19,2505.63,2504.2,2504.8,721.1527
2026-09-07 06:00:00,2504.81,2506.75,2503.83,2506.75,713.4293
2026-09-07 06:05:00,2506.74,2507.95,2503.83,2507.94,349.1868
2026-09-07 06:10:00,2507.95,2510.0,2506.76,2509.79,407.4063
2026-09-07 06:15:00,2509.78,2509.79,2505.62,2505.83,261.5079
2026-09-07 06:20:00,2505.82,2505.98,2504.23,2505.63,391.2486
2026-09-07 06:25:00,2505.63,2507.32,2503.68,2503.7,572.8345
2026-09-07 06:30:00,2503.71,2504.85,2502.1,2503.26,764.8119
2026-09-07 06:35:00,2503.26,2503.44,2500.66,2500.93,835.6372
2026-09-07 06:40:00,2500.93,2502.3,2499.09,2499.35,710.0028
2026-09-07 06:45:00,2499.34,2500.37,2498.78,2499.49,708.3002
2026-09-07 06:50:00,2499.5,2500.02,2498.8,2499.41,667.2938
2026-09-07 06:55:00,2499.42,2499.98,2497.69,2497.74,1413.8914
2026-09-07 07:00:00,2497.75,2498.11,2495.65,2495.97,1195.3187
2026-09-07 07:05:00,2495.97,2500.51,2495.96,2500.37,860.0935
2026-09-07 07:10:00,2500.38,2502.0,2498.76,2499.82,1240.7289
2026-09-07 07:15:00,2499.81,2501.03,2498.52,2498.65,1058.6286
2026-09-07 07:20:00,2498.66,2499.41,2492.72,2493.22,1269.7897
2026-09-07 07:25:00,2493.22,2496.51,2486.16,2488.74,3154.3878
2026-09-07 07:30:00,2488.74,2493.06,2482.0,2487.44,3235.3514
2026-09-07 07:35:00,2487.44,2489.16,2480.88,2480.9,2170.7847
2026-09-07 07:40:00,2480.9,2486.1,2475.12,2485.59,3761.1114
2026-09-07 07:45:00,2485.59,2489.2,2485.59,2489.19,1267.9084
2026-09-07 07:50:00,2489.19,2489.2,2485.61,2485.72,1329.5265
2026-09-07 07:55:00,2485.72,2489.44,2485.71,2489.35,1457.2301
2026-09-07 08:00:00,2489.34,2491.41,2488.85,2490.01,1064.6792
2026-09-07 08:05:00,2490.02,2491.36,2489.78,2491.16,657.3105
2026-09-07 08:10:00,2491.16,2491.2,2489.17,2489.18,611.2252
2026-09-07 08:15:00,2489.17,2492.76,2488.96,2492.51,519.6478
2026-09-07 08:20:00,2492.52,2492.84,2489.54,2490.43,699.9279
2026-09-07 08:25:00,2490.43,2491.91,2489.26,2490.64,835.6589
2026-09-07 08:30:00,2490.64,2493.61,2490.37,2492.95,1181.6767
2026-09-07 08:35:00,2492.94,2492.95,2489.79,2490.24,431.8264
2026-09-07 08:40:00,2490.25,2493.11,2490.24,2493.0,646.6859
2026-09-07 08:45:00,2493.0,2494.0,2490.7,2491.75,1447.9791
2026-09-07 08:50:00,2491.76,2492.44,2491.29,2491.62,434.876
2026-09-07 08:55:00,2491.62,2492.22,2491.04,2491.56,356.299
2026-09-07 09:00:00,2491.56,2492.84,2490.69,2491.86,332.779
2026-09-07 09:05:00,2491.87,2494.61,2491.15,2494.6,449.0378
2026-09-07 09:10:00,2494.6,2497.02,2494.43,2496.27,881.039
2026-09-07 09:15:00,2496.28,2497.46,2495.12,2495.73,624.5563
2026-09-07 09:20:00,2495.72,2495.72,2493.6,2494.14,814.5502
2026-09-07 09:25:00,2494.14,2495.58,2493.46,2494.87,646.7106
2026-09-07 09:30:00,2494.87,2494.96,2492.15,2492.16,623.6204
2026-09-07 09:35:00,2492.16,2492.16,2489.39,2490.71,799.605
2026-09-07 09:40:00,2490.7,2492.0,2490.65,2490.93,631.4323
2026-09-07 09:45:00,2490.93,2492.1,2490.88,2491.34,694.5725
2026-09-07 09:50:00,2491.35,2493.28,2485.42,2486.99,1272.5168
2026-09-07 09:55:00,2486.99,2487.76,2484.42,2484.76,1584.4868
2026-09-07 10:00:00,2484.76,2488.76,2484.76,2488.03,1343.1649
2026-09-07 10:05:00,2488.02,2489.51,2485.52,2487.96,988.6341
2026-09-07 10:10:00,2487.96,2488.84,2486.79,2487.61,962.7866
2026-09-07 10:15:00,2487.6,2490.21,2487.12,2490.21,552.0344
2026-09-07 10:20:00,2490.2,2490.21,2489.22,2489.33,611.2951
2026-09-07 10:25:00,2489.33,2490.14,2488.71,2489.91,479.2118
2026-09-07 10:30:00,2489.91,2490.36,2488.95,2489.19,441.1671
2026-09-07 10:35:00,2489.18,2490.12,2488.26,2489.59,412.1788
2026-09-07 10:40:00,2489.6,2491.72,2489.59,2491.71,421.1925
2026-09-07 10:45:00,2491.7,2492.2,2490.23,2490.9,338.7941
2026-09-07 10:50:00,2490.9,2492.64,2490.7,2491.28,478.8958
2026-09-07 10:55:00,2491.27,2491.45,2487.64,2489.01,2261.7651
2026-09-07 11:00:00,2489.01,2490.34,2487.47,2488.04,667.7024
2026-09-07 11:05:00,2488.03,2488.82,2486.42,2486.77,663.3155
2026-09-07 11:10:00,2486.77,2490.72,2486.77,2490.72,734.9127
2026-09-07 11:15:00,2490.72,2492.0,2489.98,2491.99,795.4991
2026-09-07 11:20:00,2492.0,2493.14,2491.08,2492.03,833.4986
2026-09-07 11:25:00,2492.03,2492.78,2491.2,2492.29,875.7862
2026-09-07 11:30:00,2492.3,2493.62,2491.59,2492.34,779.7305
2026-09-07 11:35:00,2492.33,2492.39,2490.21,2490.61,576.9474
2026-09-07 11:40:00,2490.61,2491.4,2490.44,2490.5,311.9082
2026-09-07 11:45:00,2490.5,2491.08,2490.0,2490.42,578.9411
2026-09-07 11:50:00,2490.41,2491.01,2487.98,2490.14,810.274
2026-09-07 11:55:00,2490.15,2490.15,2487.98,2489.15,957.1201
2026-09-07 12:00:00,2489.16,2490.39,2489.04,2489.29,1000.624
2026-09-07 12:05:00,2489.29,2492.42,2489.27,2490.88,1216.0
2026-09-07 12:10:00,2490.88,2491.11,2488.5,2488.51,1244.6673
2026-09-07 12:15:00,2488.5,2491.85,2488.5,2491.85,741.3299
2026-09-07 12:20:00,2491.85,2493.79,2491.32,2492.28,532.0809
2026-09-07 12:25:00,2492.27,2493.79,2492.17,2493.5,253.742
2026-09-07 12:30:00,2493.51,2494.11,2493.01,2493.45,232.2697
2026-09-07 12:35:00,2493.45,2494.37,2493.28,2493.29,355.2339
2026-09-07 12:40:00,2493.29,2494.11,2493.27,2494.07,315.201
2026-09-07 12:45:00,2494.08,2499.77,2494.07,2498.18,1294.5237
2026-09-07 12:50:00,2498.19,2505.0,2498.19,2504.58,2698.2548
2026-09-07 12:55:00,2504.57,2507.6,2504.23,2505.48,1356.7752
2026-09-07 13:00:00,2505.48,2507.26,2503.0,2506.66,785.6198
2026-09-07 13:05:00,2506.66,2506.78,2503.35,2506.56,657.2992
2026-09-07 13:10:00,2506.56,2510.04,2506.32,2510.04,1448.0885
2026-09-07 13:15:00,2510.04,2511.4,2505.97,2508.24,726.7672
2026-09-07 13:20:00,2508.23,2510.08,2507.86,2508.62,534.4462
2026-09-07 13:25:00,2508.63,2508.95,2506.95,2508.59,410.481
2026-09-07 13:30:00,2508.6,2508.74,2498.64,2499.87,1766.6271
2026-09-07 13:35:00,2499.87,2501.04,2495.7,2499.92,1255.5487
2026-09-07 13:40:00,2499.92,2500.59,2497.11,2498.47,551.9183
2026-09-07 13:45:00,2498.46,2499.0,2496.83,2497.5,512.1665
2026-09-07 13:50:00,2497.49,2502.42,2496.78,2501.68,651.1568
2026-09-07 13:55:00,2501.68,2501.75,2498.45,2498.86,427.101
2026-09-07 14:00:00,2498.87,2499.75,2495.06,2495.24,538.3232
2026-09-07 14:05:00,2495.24,2495.98,2485.69,2486.34,2722.739
2026-09-07 14:10:00,2486.35,2490.43,2483.79,2487.34,1874.7856
2026-09-07 14:15:00,2487.35,2490.25,2484.48,2486.02,805.1161
2026-09-07 14:20:00,2486.01,2486.67,2483.19,2484.27,1480.7308
2026-09-07 14:25:00,2484.27,2486.78,2482.69,2483.04,1226.089
2026-09-07 14:30:00,2483.04,2484.38,2479.88,2481.98,2248.1745
2026-09-07 14:35:00,2481.99,2483.33,2479.83,2480.14,1308.0991
2026-09-07 14:40:00,2480.14,2482.09,2476.4,2481.61,1845.9168
2026-09-07 14:45:00,2481.62,2485.26,2481.22,2485.0,930.6834
2026-09-07 14:50:00,2485.0,2491.66,2484.66,2490.56,1110.9381
2026-09-07 14:55:00,2490.56,2491.08,2488.51,2490.29,602.2045
2026-09-07 15:00:00,2490.29,2490.29,2484.81,2484.91,625.2355
2026-09-07 15:05:00,2484.92,2485.87,2482.58,2485.39,717.7936
2026-09-07 15:10:00,2485.38,2485.93,2483.51,2483.51,672.2144
2026-09-07 15:15:00,2483.51,2488.97,2475.28,2488.12,2035.9139
2026-09-07 15:20:00,2488.12,2488.63,2485.5,2486.49,599.7722
2026-09-07 15:25:00,2486.5,2486.87,2481.48,2482.01,591.6847
2026-09-07 15:30:00,2482.0,2482.32,2470.0,2473.99,3454.016
2026-09-07 15:35:00,2473.99,2476.64,2469.0,2470.26,2596.6017
2026-09-07 15:40:00,2470.27,2471.57,2466.0,2469.99,2636.9207
2026-09-07 15:45:00,2470.0,2474.7,2468.33,2473.96,1762.6821
2026-09-07 15:50:00,2473.96,2474.31,2471.71,2472.83,1141.9509
2026-09-07 15:55:00,2472.82,2473.79,2466.74,2470.43,2751.0728
2026-09-07 16:00:00,2470.44,2476.13,2470.3,2473.81,1243.8649
2026-09-07 16:05:00,2473.8,2475.55,2472.68,2474.69,1506.3749
2026-09-07 16:10:00,2474.68,2475.99,2474.62,2475.03,693.3484
2026-09-07 16:15:00,2475.03,2475.62,2473.21,2475.42,730.3266
2026-09-07 16:20:00,2475.42,2475.42,2472.26,2472.51,675.6107
2026-09-07 16:25:00,2472.52,2473.24,2471.04,2471.05,591.6114
2026-09-07 16:30:00,2471.05,2475.54,2470.34,2475.28,615.6871
2026-09-07 16:35:00,2475.28,2481.54,2475.03,2480.88,1237.1336
2026-09-07 16:40:00,2480.89,2481.52,2479.87,2480.66,515.8884
2026-09-07 16:45:00,2480.66,2481.3,2479.43,2480.05,740.9129
2026-09-07 16:50:00,2480.06,2482.32,2479.84,2481.3,427.1342
2026-09-07 16:55:00,2481.29,2483.03,2480.09,2482.8,570.5399
2026-09-07 17:00:00,2482.81,2483.91,2482.23,2482.47,567.8601
2026-09-07 17:05:00,2482.47,2486.87,2482.46,2486.87,729.5356
2026-09-07 17:10:00,2486.87,2490.81,2486.86,2490.0,1396.8904
2026-09-07 17:15:00,2490.0,2491.39,2488.5,2491.12,978.1843
2026-09-07 17:20:00,2491.13,2491.67,2488.53,2488.65,950.5244
2026-09-07 17:25:00,2488.66,2490.18,2486.52,2488.57,861.7013
2026-09-07 17:30:00,2488.57,2489.0,2486.47,2487.24,588.6652
2026-09-07 17:35:00,2487.23,2488.98,2485.8,2488.36,705.4661
2026-09-07 17:40:00,2488.36,2494.23,2488.35,2493.15,969.2616
2026-09-07 17:45:00,2493.15,2495.3,2492.03,2494.79,776.8957
2026-09-07 17:50:00,2494.78,2499.4,2494.78,2495.43,1283.3519
2026-09-07 17:55:00,2495.44,2496.38,2494.22,2495.42,887.8767
2026-09-07 18:00:00,2495.42,2497.26,2495.0,2495.41,522.0498
2026-09-07 18:05:00,2495.4,2497.31,2493.45,2494.74,486.1898
2026-09-07 18:10:00,2494.74,2496.7,2494.32,2494.45,641.2098
2026-09-07 18:15:00,2494.46,2495.12,2493.03,2494.83,500.6654
2026-09-07 18:20:00,2494.84,2495.3,2491.64,2491.71,693.5527
2026-09-07 18:25:00,2491.71,2493.64,2489.67,2490.46,667.8166
2026-09-07 18:30:00,2490.47,2490.47,2487.31,2488.12,438.1774
2026-09-07 18:35:00,2488.12,2489.09,2487.38,2487.93,395.8229
2026-09-07 18:40:00,2487.92,2489.4,2487.33,2489.16,251.9255
2026-09-07 18:45:00,2489.17,2490.49,2488.19,2490.49,241.9431
2026-09-07 18:50:00,2490.5,2494.51,2490.49,2493.57,544.294
2026-09-07 18:55:00,2493.58,2494.05,2490.96,2491.79,272.9926
2026-09-07 19:00:00,2491.79,2491.8,2489.61,2491.37,368.8324
2026-09-07 19:05:00,2491.38,2492.0,2489.2,2489.82,235.356
2026-09-07 19:10:00,2489.82,2490.82,2489.32,2490.81,417.7201
2026-09-07 19:15:00,2490.81,2491.53,2490.73,2490.89,516.174
2026-09-07 19:20:00,2490.89,2493.21,2490.83,2493.21,577.3623
2026-09-07 19:25:00,2493.2,2493.35,2491.58,2492.1,614.4743
2026-09-07 19:30:00,2492.09,2496.48,2492.09,2496.21,895.7699
2026-09-07 19:35:00,2496.2,2497.74,2495.46,2496.22,883.0199
2026-09-07 19:40:00,2496.22,2496.79,2495.28,2495.98,1044.7659
2026-09-07 19:45:00,2495.98,2496.92,2495.5,2496.17,795.2514
2026-09-07 19:50:00,2496.17,2496.43,2494.84,2494.84,762.4893
2026-09-07 19:55:00,2494.85,2495.99,2494.26,2495.98,875.8637
2026-09-07 20:00:00,2495.98,2497.3,2493.0,2494.06,1181.8143
2026-09-07 20:05:00,2494.06,2494.06,2489.26,2491.25,1317.0435
2026-09-07 20:10:00,2491.25,2491.31,2488.51,2489.25,940.7
2026-09-07 20:15:00,2489.25,2489.82,2488.56,2489.81,531.146
2026-09-07 20:20:00,2489.81,2489.81,2487.1,2487.99,647.9904
2026-09-07 20:25:00,2487.99,2489.56,2487.66,2489.32,601.6709
2026-09-07 20:30:00,2489.32,2491.23,2488.99,2490.75,672.6537
2026-09-07 20:35:00,2490.76,2491.67,2490.46,2491.66,564.9223
2026-09-07 20:40:00,2491.67,2492.47,2491.15,2491.68,757.4864
2026-09-07 20:45:00,2491.69,2494.5,2490.07,2494.3,1913.1679
2026-09-07 20:50:00,2494.3,2496.18,2493.21,2494.26,995.9602
2026-09-07 20:55:00,2494.27,2496.08,2494.24,2494.76,760.5162
2026-09-07 21:00:00,2494.76,2495.93,2494.09,2494.09,718.0574
2026-09-07 21:05:00,2494.09,2494.35,2492.51,2492.51,709.5782
2026-09-07 21:10:00,2492.51,2496.0,2492.03,2496.0,595.8222
2026-09-07 21:15:00,2496.0,2496.69,2492.49,2494.23,870.3225
2026-09-07 21:20:00,2494.24,2495.17,2493.9,2494.0,285.9643
2026-09-07 21:25:00,2494.01,2494.53,2492.57,2492.88,302.2223
2026-09-07 21:30:00,2492.89,2493.73,2492.41,2493.05,224.3399
2026-09-07 21:35:00,2493.05,2493.26,2491.39,2493.26,313.7118
2026-09-07 21:40:00,2493.26,2493.53,2491.97,2492.88,540.6046
2026-09-07 21:45:00,2492.87,2493.39,2490.52,2490.76,418.1076
2026-09-07 21:50:00,2490.76,2492.91,2490.3,2491.21,313.4898
2026-09-07 21:55:00,2491.21,2492.33,2491.09,2491.09,205.5995
2026-09-07 22:00:00,2491.1,2491.37,2485.01,2488.35,731.7147
2026-09-07 22:05:00,2488.35,2490.38,2486.92,2490.37,375.7896
2026-09-07 22:10:00,2490.38,2492.13,2488.8,2489.27,492.8626
2026-09-07 22:15:00,2489.27,2489.27,2482.54,2485.19,805.2255
2026-09-07 22:20:00,2485.18,2489.84,2483.93,2489.84,470.0986
2026-09-07 22:25:00,2489.83,2492.13,2486.67,2486.67,1117.7342
2026-09-07 22:30:00,2486.67,2486.67,2481.46,2483.23,745.4103
2026-09-07 22:35:00,2483.23,2483.77,2477.58,2477.79,936.4721
2026-09-07 22:40:00,2477.79,2480.23,2475.31,2479.0,895.3777
2026-09-07 22:45:00,2479.0,2482.95,2479.0,2482.77,429.4344
2026-09-07 22:50:00,2482.77,2483.24,2481.88,2482.29,294.0737
2026-09-07 22:55:00,2482.29,2483.48,2481.1,2483.06,153.5636
2026-09-07 23:00:00,2483.06,2486.18,2482.25,2484.8,523.49
2026-09-07 23:05:00,2484.79,2489.39,2483.62,2487.31,639.6189
2026-09-07 23:10:00,2487.3,2488.86,2486.6,2488.46,500.7732
2026-09-07 23:15:00,2488.46,2489.04,2485.61,2488.3,776.8777
2026-09-07 23:20:00,2488.3,2488.3,2482.57,2483.47,305.3302
2026-09-07 23:25:00,2483.48,2485.79,2483.48,2484.72,198.9403
2026-09-07 23:30:00,2484.71,2485.18,2483.38,2485.17,228.3134
2026-09-07 23:35:00,2485.17,2486.68,2484.71,2486.3,241.9325
2026-09-07 23:40:00,2486.3,2490.81,2486.29,2490.8,327.6678
2026-09-07 23:45:00,2490.8,2493.91,2490.6,2493.27,334.7928
2026-09-07 23:50:00,2493.28,2493.53,2491.72,2491.72,330.1033
2026-09-07 23:55:00,2491.73,2492.61,2490.0,2490.16,474.0863
2026-09-08 00:00:00,2490.16,2490.89,2486.84,2487.56,520.5818
2026-09-08 00:05:00,2487.56,2490.34,2485.32,2487.62,823.6185
2026-09-08 00:10:00,2487.62,2488.26,2485.56,2488.25,406.5781
2026-09-08 00:15:00,2488.26,2491.16,2486.12,2487.07,610.1973
2026-09-08 00:20:00,2487.07,2487.17,2483.45,2485.65,580.2289
2026-09-08 00:25:00,2485.64,2486.6,2483.82,2483.83,324.4626
2026-09-08 00:30:00,2483.83,2490.37,2483.54,2490.36,819.115
2026-09-08 00:35:00,2490.36,2493.38,2490.36,2492.61,521.4182
2026-09-08 00:40:00,2492.6,2494.26,2489.83,2490.55,586.3009
2026-09-08 00:45:00,2490.54,2492.49,2490.15,2492.48,163.0892
2026-09-08 00:50:00,2492.49,2495.0,2491.81,2493.05,582.376
2026-09-08 00:55:00,2493.05,2495.72,2493.02,2495.71,568.2156
2026-09-08 01:00:00,2495.71,2496.08,2493.58,2495.21,498.783
2026-09-08 01:05:00,2495.22,2497.26,2493.48,2496.85,535.9391
2026-09-08 01:10:00,2496.86,2497.54,2495.27,2496.5,646.9237
2026-09-08 01:15:00,2496.51,2499.63,2495.72,2499.53,967.1618
2026-09-08 01:20:00,2499.52,2505.0,2497.9,2502.2,1165.9973
2026-09-08 01:25:00,2502.19,2505.46,2502.19,2502.7,564.1133
2026-09-08 01:30:00,2502.69,2502.69,2499.53,2499.93,916.8683
2026-09-08 01:35:00,2499.93,2501.7,2499.08,2499.62,382.1218
2026-09-08 01:40:00,2499.61,2500.3,2499.14,2499.84,306.125
2026-09-08 01:45:00,2499.85,2502.18,2499.23,2501.21,1333.6039
2026-09-08 01:50:00,2501.21,2501.72,2499.15,2501.24,316.5969
2026-09-08 01:55:00,2501.24,2504.34,2501.24,2504.31,433.5989
2026-09-08 02:00:00,2504.32,2504.34,2501.13,2501.13,300.3839
2026-09-08 02:05:00,2501.13,2501.14,2498.28,2498.6,482.0236
2026-09-08 02:10:00,2498.6,2499.35,2494.62,2499.17,686.694
2026-09-08 02:15:00,2499.17,2500.3,2497.99,2499.23,242.4486
2026-09-08 02:20:00,2499.23,2507.99,2497.65,2506.8,1059.636
2026-09-08 02:25:00,2506.8,2507.05,2496.04,2496.87,953.0923
2026-09-08 02:30:00,2496.87,2497.52,2493.17,2495.15,361.1786
2026-09-08 02:35:00,2495.15,2495.33,2491.19,2492.15,564.9739
2026-09-08 02:40:00,2492.16,2492.21,2490.07,2491.45,542.0201
2026-09-08 02:45:00,2491.45,2492.9,2490.2,2491.66,566.332
2026-09-08 02:50:00,2491.66,2491.78,2486.43,2486.44,780.3542
2026-09-08 02:55:00,2486.44,2488.43,2484.71,2484.72,1157.6803
2026-09-08 03:00:00,2484.72,2486.91,2482.88,2484.42,1125.3804
2026-09-08 03:05:00,2484.42,2487.16,2483.75,2487.16,680.8135
2026-09-08 03:10:00,2487.16,2487.36,2483.0,2483.27,522.1217
2026-09-08 03:15:00,2483.27,2484.96,2481.6,2481.61,536.114
2026-09-08 03:20:00,2481.61,2482.96,2478.0,2480.86,1280.8709
2026-09-08 03:25:00,2480.86,2483.09,2479.72,2480.7,626.1466
2026-09-08 03:30:00,2480.69,2486.49,2480.62,2485.24,1150.4061
2026-09-08 03:35:00,2485.23,2487.96,2485.15,2486.96,1078.5428
2026-09-08 03:40:00,2486.97,2488.34,2485.74,2486.56,867.5094
2026-09-08 03:45:00,2486.57,2487.02,2484.14,2485.0,489.0178
2026-09-08 03:50:00,2485.0,2486.75,2484.15,2484.5,282.0899
2026-09-08 03:55:00,2484.49,2486.38,2484.43,2486.04,308.1411
2026-09-08 04:00:00,2486.05,2486.33,2484.04,2484.04,346.8051
2026-09-08 04:05:00,2484.05,2485.51,2483.35,2484.19,470.132
2026-09-08 04:10:00,2484.19,2485.18,2481.69,2482.87,641.1433
2026-09-08 04:15:00,2482.87,2485.73,2481.58,2485.29,598.4991
2026-09-08 04:20:00,2485.3,2485.49,2481.0,2481.01,636.1962
2026-09-08 04:25:00,2481.01,2483.76,2480.45,2482.59,567.1747
2026-09-08 04:30:00,2482.58,2484.07,2481.96,2482.83,348.8184
2026-09-08 04:35:00,2482.83,2485.34,2481.41,2485.04,429.9842
2026-09-08 04:40:00,2485.04,2485.34,2481.41,2483.07,578.2278
2026-09-08 04:45:00,2483.06,2484.29,2482.53,2482.9,314.4183
2026-09-08 04:50:00,2482.91,2483.83,2480.0,2480.54,414.7963
2026-09-08 04:55:00,2480.53,2480.64,2478.91,2478.99,632.9932
2026-09-08 05:00:00,2478.99,2484.58,2475.79,2480.47,1324.3592
2026-09-08 05:05:00,2480.47,2482.99,2477.82,2479.4,794.3039
2026-09-08 05:10:00,2479.4,2482.16,2477.98,2477.98,708.4102
2026-09-08 05:15:00,2477.99,2482.77,2476.57,2482.33,1350.6908
2026-09-08 05:20:00,2482.33,2483.35,2480.67,2482.96,664.7402
2026-09-08 05:25:00,2482.95,2484.58,2481.45,2482.11,763.2036
2026-09-08 05:30:00,2482.11,2482.43,2476.93,2476.94,1048.894
2026-09-08 05:35:00,2476.93,2478.67,2473.6,2477.98,1304.5779
2026-09-08 05:40:00,2477.97,2479.13,2473.22,2473.91,941.8955
2026-09-08 05:45:00,2473.91,2478.23,2473.9,2477.34,469.7905
2026-09-08 05:50:00,2477.33,2477.55,2474.0,2474.01,704.2036
2026-09-08 05:55:00,2474.0,2474.47,2472.5,2473.38,964.2036
2026-09-08 06:00:00,2473.39,2474.75,2470.91,2472.53,800.0476
2026-09-08 06:05:00,2472.54,2475.73,2470.12,2474.46,867.3589
2026-09-08 06:10:00,2474.45,2475.1,2471.52,2475.1,1600.4594
2026-09-08 06:15:00,2475.09,2477.22,2468.01,2469.12,1510.8065
2026-09-08 06:20:00,2469.12,2469.87,2463.0,2468.79,3102.5185
2026-09-08 06:25:00,2468.79,2470.27,2466.12,2466.49,1166.2363
2026-09-08 06:30:00,2466.48,2468.74,2465.42,2466.37,1146.5749
2026-09-08 06:35:00,2466.37,2467.31,2463.58,2466.05,786.305
2026-09-08 06:40:00,2466.06,2466.73,2464.0,2465.68,679.9824
2026-09-08 06:45:00,2465.67,2469.14,2465.05,2465.85,1301.5767
2026-09-08 06:50:00,2465.84,2468.18,2463.72,2464.82,1398.6576
2026-09-08 06:55:00,2464.82,2469.51,2464.58,2468.53,1196.1571
2026-09-08 07:00:00,2468.52,2471.01,2467.99,2470.26,1144.2817
2026-09-08 07:05:00,2470.27,2475.47,2470.04,2473.6,1141.8839
2026-09-08 07:10:00,2473.6,2474.74,2473.45,2474.32,706.1853
2026-09-08 07:15:00,2474.31,2474.95,2473.08,2474.83,680.3576
2026-09-08 07:20:00,2474.83,2477.79,2474.82,2477.33,778.9699
2026-09-08 07:25:00,2477.32,2479.55,2476.75,2478.05,1029.2237
2026-09-08 07:30:00,2478.06,2480.35,2478.0,2479.88,1185.0303
2026-09-08 07:35:00,2479.88,2481.69,2479.31,2481.24,731.1601
2026-09-08 07:40:00,2481.24,2485.0,2478.56,2479.03,1623.4377
2026-09-08 07:45:00,2479.03,2479.03,2474.84,2475.11,909.7276
2026-09-08 07:50:00,2475.12,2477.51,2471.2,2477.19,1029.439
2026-09-08 07:55:00,2477.19,2480.0,2477.19,2479.63,829.4021
2026-09-08 08:00:00,2479.63,2479.63,2471.23,2471.94,1141.7654
2026-09-08 08:05:00,2471.93,2475.25,2470.12,2470.78,856.6333
2026-09-08 08:10:00,2470.77,2472.89,2469.08,2472.86,592.0238
2026-09-08 08:15:00,2472.86,2475.01,2470.8,2472.75,870.1426
2026-09-08 08:20:00,2472.75,2475.41,2471.27,2475.41,625.7449
2026-09-08 08:25:00,2475.42,2477.5,2472.8,2476.09,1171.9154
2026-09-08 08:30:00,2476.09,2479.89,2474.61,2479.74,448.4713
2026-09-08 08:35:00,2479.74,2482.75,2479.72,2482.53,736.6397
2026-09-08 08:40:00,2482.52,2482.52,2480.06,2481.05,287.6716
2026-09-08 08:45:00,2481.05,2483.53,2479.52,2480.32,363.0839
2026-09-08 08:50:00,2480.33,2480.81,2476.93,2478.05,260.5118
2026-09-08 08:55:00,2478.05,2479.46,2476.41,2477.58,293.4338
2026-09-08 09:00:00,2477.58,2478.96,2475.86,2476.88,477.2642
2026-09-08 09:05:00,2476.89,2478.29,2475.86,2477.82,395.9016
2026-09-08 09:10:00,2477.81,2481.0,2476.44,2480.58,545.3389
2026-09-08 09:15:00,2480.58,2482.1,2479.64,2479.9,711.8597
2026-09-08 09:20:00,2479.9,2480.28,2476.91,2480.03,339.179
2026-09-08 09:25:00,2480.03,2482.0,2479.96,2481.13,307.1091
2026-09-08 09:30:00,2481.12,2493.85,2480.6,2491.39,1545.24
2026-09-08 09:35:00,2491.39,2494.55,2489.53,2493.67,1835.1861
2026-09-08 09:40:00,2493.68,2495.56,2492.64,2493.67,1217.6169
2026-09-08 09:45:00,2493.66,2495.39,2492.79,2494.44,772.4083
2026-09-08 09:50:00,2494.44,2494.79,2491.18,2493.1,1200.7987
2026-09-08 09:55:00,2493.11,2493.16,2490.92,2492.01,724.6545
2026-09-08 10:00:00,2492.0,2492.0,2487.57,2489.29,1170.5676
2026-09-08 10:05:00,2489.29,2490.39,2487.16,2487.89,578.7852
2026-09-08 10:10:00,2487.89,2489.87,2486.97,2489.87,249.1861
2026-09-08 10:15:00,2489.87,2491.24,2489.18,2491.23,287.6961
2026-09-08 10:20:00,2491.23,2500.0,2488.5,2494.46,3968.6954
2026-09-08 10:25:00,2494.46,2495.26,2491.55,2492.24,791.4198
2026-09-08 10:30:00,2492.24,2492.9,2487.1,2487.1,778.2068
2026-09-08 10:35:00,2487.1,2487.1,2484.49,2485.26,629.6848
2026-09-08 10:40:00,2485.26,2485.7,2483.1,2484.3,613.5851
2026-09-08 10:45:00,2484.3,2485.0,2484.1,2484.71,208.6788
2026-09-08 10:50:00,2484.72,2485.59,2483.14,2484.04,843.377
2026-09-08 10:55:00,2484.03,2484.04,2481.24,2481.24,685.4317
2026-09-08 11:00:00,2481.25,2482.56,2479.08,2480.09,459.6079
2026-09-08 11:05:00,2480.09,2480.35,2475.99,2476.92,1235.2049
2026-09-08 11:10:00,2476.91,2476.93,2471.63,2472.42,1105.2849
2026-09-08 11:15:00,2472.41,2475.12,2472.17,2474.88,1020.3936
2026-09-08 11:20:00,2474.87,2477.45,2474.57,2476.94,1167.3403
2026-09-08 11:25:00,2476.94,2476.94,2474.54,2474.84,660.2872
2026-09-08 11:30:00,2474.84,2476.94,2474.56,2476.93,871.8012
2026-09-08 11:35:00,2476.93,2477.41,2475.37,2475.38,544.0596
2026-09-08 11:40:00,2475.37,2476.28,2473.7,2474.79,550.4194
2026-09-08 11:45:00,2474.78,2474.88,2472.64,2474.09,866.6009
2026-09-08 11:50:00,2474.08,2474.66,2471.68,2471.69,625.2323
2026-09-08 11:55:00,2471.69,2475.34,2471.68,2474.76,580.5317
2026-09-08 12:00:00,2474.75,2474.75,2468.26,2468.71,1077.2586
2026-09-08 12:05:00,2468.71,2473.52,2468.7,2473.51,1114.5919
2026-09-08 12:10:00,2473.5,2474.26,2469.47,2469.51,584.0495
2026-09-08 12:15:00,2469.51,2472.67,2469.51,2472.67,478.4274
2026-09-08 12:20:00,2472.67,2475.6,2472.12,2475.43,347.8793
2026-09-08 12:25:00,2475.44,2476.24,2473.43,2475.78,617.4569
2026-09-08 12:30:00,2475.77,2475.91,2471.86,2473.48,860.7187
2026-09-08 12:35:00,2473.48,2474.35,2472.16,2473.27,428.8743
2026-09-08 12:40:00,2473.28,2473.92,2470.73,2472.83,571.9689
2026-09-08 12:45:00,2472.84,2474.68,2472.0,2474.68,562.3314
2026-09-08 12:50:00,2474.68,2475.65,2471.73,2475.65,521.771
2026-09-08 12:55:00,2475.66,2476.24,2472.19,2472.79,990.3632
2026-09-08 13:00:00,2472.8,2474.57,2470.96,2474.57,618.6194
2026-09-08 13:05:00,2474.56,2475.73,2472.29,2472.6,386.2034
2026-09-08 13:10:00,2472.61,2474.24,2472.0,2473.17,245.7145
2026-09-08 13:15:00,2473.16,2474.19,2471.0,2471.0,375.8176
2026-09-08 13:20:00,2471.01,2471.93,2467.0,2469.49,1373.0787
2026-09-08 13:25:00,2469.48,2473.67,2468.51,2469.72,855.3242
2026-09-08 13:30:00,2469.71,2470.18,2455.63,2457.03,5726.3968
2026-09-08 13:35:00,2457.04,2459.1,2446.37,2447.14,4631.2121
2026-09-08 13:40:00,2447.15,2450.41,2441.68,2449.74,5593.8808
2026-09-08 13:45:00,2449.73,2454.31,2446.9,2453.87,2744.1753
2026-09-08 13:50:00,2453.87,2454.13,2445.98,2453.71,2582.5297
2026-09-08 13:55:00,2453.71,2464.27,2453.44,2459.27,2006.2652
2026-09-08 14:00:00,2459.26,2461.85,2456.84,2460.92,1619.2877
2026-09-08 14:05:00,2460.93,2464.11,2459.59,2461.92,746.8529
2026-09-08 14:10:00,2461.85,2476.15,2461.09,2472.57,2831.0101
2026-09-08 14:15:00,2472.58,2480.85,2472.57,2479.39,2305.0109
2026-09-08 14:20:00,2479.39,2483.84,2477.88,2478.3,1945.9453
2026-09-08 14:25:00,2478.3,2479.08,2474.22,2479.08,950.6798
2026-09-08 14:30:00,2479.08,2481.49,2475.69,2480.98,1174.924
2026-09-08 14:35:00,2480.98,2482.0,2477.02,2480.01,797.6002
2026-09-08 14:40:00,2480.0,2483.31,2477.86,2480.67,861.3992
2026-09-08 14:45:00,2480.68,2486.66,2480.0,2485.62,2363.3506
2026-09-08 14:50:00,2485.62,2486.55,2481.54,2483.96,1014.6028
2026-09-08 14:55:00,2483.96,2486.64,2483.26,2485.76,860.8725
2026-09-08 15:00:00,2485.76,2490.25,2485.0,2486.47,1254.2058
2026-09-08 15:05:00,2486.47,2488.5,2484.01,2488.49,826.3941
2026-09-08 15:10:00,2488.5,2491.56,2486.18,2488.89,1021.5383
2026-09-08 15:15:00,2488.89,2492.47,2487.65,2488.49,779.1738
2026-09-08 15:20:00,2488.5,2489.18,2479.94,2485.23,1524.5914
2026-09-08 15:25:00,2485.23,2486.38,2482.29,2482.29,764.1064
2026-09-08 15:30:00,2482.3,2488.18,2482.3,2487.63,782.2975
2026-09-08 15:35:00,2487.64,2494.54,2487.52,2493.11,1587.2233
2026-09-08 15:40:00,2493.11,2497.42,2491.24,2496.0,1649.4871
2026-09-08 15:45:00,2496.0,2498.75,2493.76,2496.61,1360.6482
2026-09-08 15:50:00,2496.62,2499.94,2494.56,2497.05,1676.9781
2026-09-08 15:55:00,2497.05,2501.74,2496.4,2498.62,2210.1485
2026-09-08 16:00:00,2498.62,2498.93,2495.65,2497.56,1049.4826
2026-09-08 16:05:00,2497.56,2498.05,2493.73,2493.73,969.5752
2026-09-08 16:10:00,2493.74,2494.46,2489.15,2490.02,1014.9401
2026-09-08 16:15:00,2490.03,2491.66,2486.98,2489.21,654.8635
2026-09-08 16:20:00,2489.21,2492.31,2488.0,2490.38,447.6481
2026-09-08 16:25:00,2490.38,2492.85,2489.4,2490.21,422.5086
2026-09-08 16:30:00,2490.21,2494.49,2489.73,2492.25,468.6234
2026-09-08 16:35:00,2492.25,2502.8,2491.76,2502.79,1562.7298
2026-09-08 16:40:00,2502.79,2505.0,2496.53,2496.86,1668.1729
2026-09-08 16:45:00,2496.86,2498.96,2494.48,2498.96,895.7264
2026-09-08 16:50:00,2498.95,2500.76,2494.83,2498.65,1035.5869
2026-09-08 16:55:00,2498.64,2499.01,2493.5,2496.54,851.7802
2026-09-08 17:00:00,2496.54,2502.54,2496.54,2499.73,1110.4057
2026-09-08 17:05:00,2499.73,2502.0,2495.0,2495.01,1917.6157
2026-09-08 17:10:00,2495.0,2496.32,2493.39,2496.06,511.1407
2026-09-08 17:15:00,2496.05,2496.52,2493.59,2493.77,461.6696
2026-09-08 17:20:00,2493.76,2493.76,2490.99,2492.18,1133.9761
2026-09-08 17:25:00,2492.19,2492.19,2488.91,2491.54,426.8299
2026-09-08 17:30:00,2491.54,2492.38,2490.14,2492.16,626.1484
2026-09-08 17:35:00,2492.15,2494.83,2491.66,2491.67,360.4439
2026-09-08 17:40:00,2491.66,2491.66,2487.89,2487.89,813.8835
2026-09-08 17:45:00,2487.9,2490.9,2487.89,2488.87,458.0141
2026-09-08 17:50:00,2488.88,2494.62,2488.88,2491.86,827.2734
2026-09-08 17:55:00,2491.86,2491.87,2488.06,2488.07,235.3548
2026-09-08 18:00:00,2488.07,2491.29,2488.0,2490.26,877.3383
2026-09-08 18:05:00,2490.26,2497.31,2490.26,2496.21,1803.4222
2026-09-08 18:10:00,2496.21,2498.45,2496.06,2497.46,419.0742
2026-09-08 18:15:00,2497.46,2501.76,2497.45,2501.18,687.9896
2026-09-08 18:20:00,2501.19,2507.54,2500.33,2504.29,2466.5378
2026-09-08 18:25:00,2504.3,2504.76,2498.88,2500.33,744.0668
2026-09-08 18:30:00,2500.33,2502.96,2499.86,2500.55,698.5736
2026-09-08 18:35:00,2500.54,2500.54,2494.73,2494.86,673.0583
2026-09-08 18:40:00,2494.86,2496.23,2493.7,2495.7,906.0443
2026-09-08 18:45:00,2495.71,2497.21,2479.76,2481.11,2662.0516
2026-09-08 18:50:00,2481.1,2487.32,2476.77,2483.94,2845.1937
2026-09-08 18:55:00,2483.93,2487.6,2482.6,2486.94,792.6065
2026-09-08 19:00:00,2486.94,2491.91,2484.79,2491.32,727.8485
2026-09-08 19:05:00,2491.32,2491.32,2486.37,2487.66,515.0847
2026-09-08 19:10:00,2487.67,2488.5,2485.0,2485.96,941.7692
2026-09-08 19:15:00,2485.95,2489.88,2485.06,2486.16,624.4933
2026-09-08 19:20:00,2486.15,2487.02,2482.32,2484.21,1657.1506
2026-09-08 19:25:00,2484.21,2486.76,2482.58,2486.76,734.481
2026-09-08 19:30:00,2486.77,2487.01,2479.37,2484.82,911.0567
2026-09-08 19:35:00,2484.83,2486.68,2482.67,2485.84,619.688
2026-09-08 19:40:00,2485.84,2488.84,2482.0,2482.01,822.9797
2026-09-08 19:45:00,2482.0,2482.01,2476.57,2480.51,1371.858
2026-09-08 19:50:00,2480.51,2480.71,2476.84,2478.34,750.9029
2026-09-08 19:55:00,2478.34,2482.32,2476.83,2482.32,656.2103
2026-09-08 20:00:00,2482.31,2485.02,2480.56,2482.99,612.841
2026-09-08 20:05:00,2483.0,2487.39,2482.3,2487.13,490.426
2026-09-08 20:10:00,2487.12,2491.67,2487.12,2490.77,683.706
2026-09-08 20:15:00,2490.77,2491.17,2485.87,2485.87,209.3741
2026-09-08 20:20:00,2485.88,2486.75,2483.13,2484.94,841.9436
2026-09-08 20:25:00,2484.94,2487.62,2484.94,2487.15,635.5669
2026-09-08 20:30:00,2487.14,2487.15,2481.0,2481.4,400.6488
2026-09-08 20:35:00,2481.4,2485.33,2480.92,2484.44,309.0362
2026-09-08 20:40:00,2484.44,2484.59,2481.71,2484.13,228.6071
2026-09-08 20:45:00,2484.13,2485.14,2482.93,2483.47,233.6069
2026-09-08 20:50:00,2483.47,2486.24,2483.47,2483.91,163.3034
2026-09-08 20:55:00,2483.91,2486.25,2482.87,2483.09,343.4778
2026-09-08 21:00:00,2483.09,2486.54,2482.71,2484.22,348.6644
2026-09-08 21:05:00,2484.22,2485.8,2483.83,2485.17,114.1943
2026-09-08 21:10:00,2485.16,2486.84,2485.16,2485.65,161.4914
2026-09-08 21:15:00,2485.65,2487.48,2484.56,2484.63,192.0842
2026-09-08 21:20:00,2484.63,2484.87,2482.31,2482.97,300.0798
2026-09-08 21:25:00,2482.96,2486.42,2482.66,2483.01,376.1196
2026-09-08 21:30:00,2483.01,2483.74,2480.92,2481.69,524.5314
2026-09-08 21:35:00,2481.69,2484.17,2480.52,2484.17,273.974
2026-09-08 21:40:00,2484.16,2484.59,2480.4,2483.14,378.8709
2026-09-08 21:45:00,2483.15,2484.27,2482.51,2482.85,175.0183
2026-09-08 21:50:00,2482.85,2482.85,2478.79,2479.88,338.8605
2026-09-08 21:55:00,2479.88,2483.01,2479.69,2482.93,295.3196
2026-09-08 22:00:00,2482.92,2489.03,2482.11,2486.38,678.7215
2026-09-08 22:05:00,2486.37,2486.37,2482.16,2482.41,259.3674
2026-09-08 22:10:00,2482.4,2483.89,2481.74,2483.89,265.1148
2026-09-08 22:15:00,2483.88,2486.07,2483.4,2483.53,527.0097
2026-09-08 22:20:00,2483.52,2486.87,2483.33,2484.85,519.0116
2026-09-08 22:25:00,2484.84,2485.26,2483.81,2484.48,141.1808
2026-09-08 22:30:00,2484.48,2484.49,2483.29,2483.54,224.4762
2026-09-08 22:35:00,2483.53,2484.84,2482.57,2483.83,199.0334
2026-09-08 22:40:00,2483.83,2487.15,2483.83,2484.59,532.9896
2026-09-08 22:45:00,2484.58,2487.0,2484.58,2486.98,138.2099
2026-09-08 22:50:00,2486.98,2487.97,2486.4,2486.87,333.631
2026-09-08 22:55:00,2486.88,2490.0,2486.73,2489.01,310.9342
2026-09-08 23:00:00,2489.0,2490.52,2486.97,2487.0,918.1886
2026-09-08 23:05:00,2486.99,2487.49,2486.32,2486.69,400.2024
2026-09-08 23:10:00,2486.68,2486.68,2484.0,2485.33,549.1383
2026-09-08 23:15:00,2485.33,2485.33,2483.39,2483.88,253.6095
2026-09-08 23:20:00,2483.88,2484.86,2483.18,2483.84,326.1276
2026-09-08 23:25:00,2483.84,2484.6,2482.65,2484.52,409.5217
2026-09-08 23:30:00,2484.53,2485.18,2484.29,2485.01,167.6217
2026-09-08 23:35:00,2485.01,2485.76,2484.84,2485.22,101.5003
2026-09-08 23:40:00,2485.21,2485.71,2484.78,2485.31,131.557
2026-09-08 23:45:00,2485.32,2485.89,2485.0,2485.01,156.3082
2026-09-08 23:50:00,2485.0,2486.38,2483.93,2483.94,219.2734
2026-09-08 23:55:00,2483.94,2485.43,2483.93,2485.06,195.6406
2026-09-09 00:00:00,2485.07,2489.52,2485.07,2488.83,713.1473
2026-09-09 00:05:00,2488.84,2493.07,2488.81,2491.8,423.6238
2026-09-09 00:10:00,2491.8,2494.84,2491.41,2494.66,310.6006
2026-09-09 00:15:00,2494.67,2494.67,2491.31,2493.28,317.6861
2026-09-09 00:20:00,2493.28,2494.57,2491.64,2491.89,291.0527
2026-09-09 00:25:00,2491.89,2491.9,2489.07,2490.97,318.8128
2026-09-09 00:30:00,2490.96,2491.57,2488.52,2490.0,282.134
2026-09-09 00:35:00,2490.0,2491.73,2487.93,2491.73,259.9706
2026-09-09 00:40:00,2491.72,2493.27,2489.24,2493.27,321.5213
2026-09-09 00:45:00,2493.27,2496.25,2493.26,2496.25,546.8932
2026-09-09 00:50:00,2496.26,2497.34,2494.87,2496.97,416.9002
2026-09-09 00:55:00,2496.97,2497.31,2495.63,2496.28,562.8803
2026-09-09 01:00:00,2496.27,2497.05,2492.6,2492.75,295.2147
2026-09-09 01:05:00,2492.75,2496.78,2492.6,2496.77,434.8955
2026-09-09 01:10:00,2496.78,2499.11,2493.25,2494.47,939.3525
2026-09-09 01:15:00,2494.46,2495.02,2490.17,2490.17,332.7683
2026-09-09 01:20:00,2490.18,2491.86,2489.43,2491.85,249.0632
2026-09-09 01:25:00,2491.86,2493.69,2490.17,2492.26,312.4197
2026-09-09 01:30:00,2492.27,2493.46,2490.56,2492.99,205.1871
2026-09-09 01:35:00,2493.0,2498.75,2492.99,2497.26,360.5922
2026-09-09 01:40:00,2497.26,2498.99,2495.06,2496.58,249.3133
2026-09-09 01:45:00,2496.59,2499.7,2496.59,2497.3,454.2959
2026-09-09 01:50:00,2497.29,2499.46,2495.74,2498.29,731.7474
2026-09-09 01:55:00,2498.29,2498.38,2495.76,2497.8,489.5243
2026-09-09 02:00:00,2497.79,2498.98,2495.76,2497.36,420.2946
2026-09-09 02:05:00,2497.36,2498.87,2495.42,2498.65,297.0438
2026-09-09 02:10:00,2498.65,2500.0,2494.17,2494.76,764.0916
2026-09-09 02:15:00,2494.75,2495.03,2490.0,2493.51,865.6282
2026-09-09 02:20:00,2493.5,2497.52,2490.96,2497.51,767.8985
2026-09-09 02:25:00,2497.51,2497.52,2494.5,2497.03,592.9471
2026-09-09 02:30:00,2497.02,2497.52,2495.07,2495.95,349.5861
2026-09-09 02:35:00,2495.95,2496.68,2494.64,2495.06,293.7446
2026-09-09 02:40:00,2495.06,2497.52,2494.62,2497.07,261.576
2026-09-09 02:45:00,2497.07,2497.38,2495.75,2495.98,314.0446
2026-09-09 02:50:00,2495.98,2497.43,2495.55,2495.67,234.2658
2026-09-09 02:55:00,2495.66,2495.67,2493.72,2493.74,233.4113
2026-09-09 03:00:00,2493.73,2493.74,2491.23,2491.63,237.9323
2026-09-09 03:05:00,2491.63,2493.5,2490.47,2490.51,496.5178
2026-09-09 03:10:00,2490.51,2490.98,2487.25,2487.67,1013.8722
2026-09-09 03:15:00,2487.66,2490.0,2487.3,2488.01,409.3163
2026-09-09 03:20:00,2488.01,2489.08,2488.0,2488.24,304.1449
2026-09-09 03:25:00,2488.25,2488.45,2486.88,2487.8,370.9013
2026-09-09 03:30:00,2487.8,2489.16,2487.6,2488.46,345.576
2026-09-09 03:35:00,2488.45,2489.52,2487.77,2489.51,481.2455
2026-09-09 03:40:00,2489.5,2491.67,2489.43,2490.66,265.1849
2026-09-09 03:45:00,2490.65,2492.47,2489.83,2490.44,975.166
2026-09-09 03:50:00,2490.44,2490.44,2486.88,2488.56,654.6022
2026-09-09 03:55:00,2488.57,2490.39,2487.54,2488.9,380.3583
2026-09-09 04:00:00,2488.91,2503.0,2488.91,2502.95,2609.7602
2026-09-09 04:05:00,2502.96,2503.55,2495.68,2495.68,1941.12
2026-09-09 04:10:00,2495.68,2498.98,2495.13,2496.93,778.9386
2026-09-09 04:15:00,2496.92,2497.58,2494.48,2495.65,594.9826
2026-09-09 04:20:00,2495.64,2499.52,2495.15,2499.22,650.6427
2026-09-09 04:25:00,2499.23,2499.48,2497.03,2497.03,586.1252
2026-09-09 04:30:00,2497.04,2498.55,2496.62,2498.47,423.1249
2026-09-09 04:35:00,2498.46,2499.61,2498.0,2498.0,789.1985
2026-09-09 04:40:00,2498.0,2513.0,2497.69,2512.11,5621.8138
2026-09-09 04:45:00,2512.12,2513.87,2505.48,2507.76,2020.769
2026-09-09 04:50:00,2507.76,2512.01,2507.76,2510.11,1722.8285
2026-09-09 04:55:00,2510.12,2511.96,2508.69,2509.65,918.0082
2026-09-09 05:00:00,2509.65,2510.27,2504.35,2504.82,1336.6808
2026-09-09 05:05:00,2504.81,2505.96,2503.4,2505.41,1175.2594
2026-09-09 05:10:00,2505.41,2509.11,2504.15,2508.19,679.3615
2026-09-09 05:15:00,2508.19,2511.35,2506.75,2508.23,1132.4138
2026-09-09 05:20:00,2508.22,2508.36,2504.9,2505.72,456.2552
2026-09-09 05:25:00,2505.72,2506.48,2502.38,2502.94,693.4631
2026-09-09 05:30:00,2502.95,2503.79,2495.35,2497.63,1307.899
2026-09-09 05:35:00,2497.62,2498.59,2495.34,2495.6,800.4613
2026-09-09 05:40:00,2495.6,2496.63,2493.51,2495.74,741.017
2026-09-09 05:45:00,2495.74,2495.74,2491.35,2492.47,874.0232
2026-09-09 05:50:00,2492.46,2496.25,2492.42,2496.25,297.0307
2026-09-09 05:55:00,2496.25,2496.99,2495.41,2496.56,660.0562
2026-09-09 06:00:00,2496.56,2497.43,2492.52,2493.98,615.0348
2026-09-09 06:05:00,2493.98,2497.16,2493.41,2496.01,797.0891
2026-09-09 06:10:00,2496.01,2501.54,2496.01,2500.9,593.8061
2026-09-09 06:15:00,2500.91,2502.22,2500.11,2502.07,470.4313
2026-09-09 06:20:00,2502.08,2505.59,2501.86,2502.33,990.2481
2026-09-09 06:25:00,2502.34,2502.98,2499.8,2499.98,349.5929
2026-09-09 06:30:00,2499.98,2501.62,2498.29,2499.84,373.8587
2026-09-09 06:35:00,2499.83,2502.11,2499.83,2501.45,753.4116
2026-09-09 06:40:00,2501.45,2501.57,2500.12,2500.74,264.5017
2026-09-09 06:45:00,2500.74,2501.1,2499.19,2499.54,199.3416
2026-09-09 06:50:00,2499.55,2500.69,2499.19,2499.55,373.9819
2026-09-09 06:55:00,2499.55,2502.0,2499.31,2501.25,367.7686
2026-09-09 07:00:00,2501.25,2504.0,2500.1,2504.0,671.1329
2026-09-09 07:05:00,2504.0,2517.0,2503.97,2513.47,3415.0408
2026-09-09 07:10:00,2513.46,2516.99,2510.81,2511.12,2870.8697
2026-09-09 07:15:00,2511.11,2513.29,2509.65,2510.54,1110.1328
2026-09-09 07:20:00,2510.55,2514.1,2510.55,2514.09,880.1351
2026-09-09 07:25:00,2514.09,2515.33,2509.94,2515.33,2817.1546
2026-09-09 07:30:00,2515.33,2516.35,2512.71,2513.14,1448.1161
2026-09-09 07:35:00,2513.13,2513.99,2512.35,2512.55,939.7922
2026-09-09 07:40:00,2512.55,2513.24,2510.64,2511.63,1076.8371
2026-09-09 07:45:00,2511.62,2512.45,2509.73,2510.55,806.2213
2026-09-09 07:50:00,2510.55,2511.07,2509.45,2509.47,670.2577
2026-09-09 07:55:00,2509.46,2510.53,2508.85,2510.53,714.0536
2026-09-09 08:00:00,2510.53,2516.54,2509.95,2515.69,1649.3118
2026-09-09 08:05:00,2515.69,2518.73,2513.7,2515.85,2223.2694
2026-09-09 08:10:00,2515.85,2518.57,2514.71,2514.72,1653.6055
2026-09-09 08:15:00,2514.71,2517.59,2514.3,2517.59,952.2714
2026-09-09 08:20:00,2517.59,2520.0,2516.58,2517.84,2872.6267
2026-09-09 08:25:00,2517.83,2521.72,2517.3,2521.03,1856.5389
2026-09-09 08:30:00,2521.02,2522.22,2518.47,2521.1,974.4686
2026-09-09 08:35:00,2521.1,2523.3,2516.75,2517.69,1184.928
2026-09-09 08:40:00,2517.7,2520.0,2517.13,2517.42,585.2018
2026-09-09 08:45:00,2517.43,2519.0,2516.16,2516.17,435.6577
2026-09-09 08:50:00,2516.16,2521.49,2515.8,2520.8,1557.672
2026-09-09 08:55:00,2520.8,2521.22,2519.23,2519.73,590.7283
2026-09-09 09:00:00,2519.72,2520.44,2517.87,2518.04,523.7879
2026-09-09 09:05:00,2518.03,2518.32,2512.29,2512.29,1156.9972
2026-09-09 09:10:00,2512.3,2513.66,2510.51,2512.52,802.6321
2026-09-09 09:15:00,2512.52,2513.28,2510.12,2510.64,805.7384
2026-09-09 09:20:00,2510.64,2510.64,2508.87,2508.97,659.4383
2026-09-09 09:25:00,2508.97,2509.9,2508.85,2508.85,273.0016
2026-09-09 09:30:00,2508.85,2509.35,2505.38,2506.87,1079.4892
2026-09-09 09:35:00,2506.87,2507.45,2501.7,2502.0,1019.8183
2026-09-09 09:40:00,2502.0,2502.0,2492.82,2495.33,2746.5904
2026-09-09 09:45:00,2495.33,2497.52,2492.34,2493.76,1766.6254
2026-09-09 09:50:00,2493.75,2496.19,2493.0,2493.12,730.5494
2026-09-09 09:55:00,2493.13,2493.34,2490.43,2490.62,1005.6941
2026-09-09 10:00:00,2490.61,2494.39,2490.0,2494.23,1815.0907
2026-09-09 10:05:00,2494.22,2494.39,2490.25,2490.41,1324.6665
2026-09-09 10:10:00,2490.4,2493.0,2489.08,2491.87,1657.9963
2026-09-09 10:15:00,2491.88,2492.16,2487.07,2491.49,1477.5066
2026-09-09 10:20:00,2491.49,2492.98,2489.87,2490.48,894.4273
2026-09-09 10:25:00,2490.48,2492.7,2489.76,2490.98,1232.9552
2026-09-09 10:30:00,2490.98,2493.28,2490.5,2493.1,999.4457
2026-09-09 10:35:00,2493.1,2493.63,2489.76,2491.72,1065.1931
2026-09-09 10:40:00,2491.72,2491.92,2489.68,2490.51,635.2753
2026-09-09 10:45:00,2490.51,2490.51,2487.55,2489.09,1352.4861
2026-09-09 10:50:00,2489.08,2489.09,2482.56,2484.05,2814.2055
2026-09-09 10:55:00,2484.05,2487.97,2484.04,2487.4,556.5465
2026-09-09 11:00:00,2487.4,2488.11,2482.5,2484.75,649.7575
2026-09-09 11:05:00,2484.74,2486.78,2483.07,2486.78,770.8116
2026-09-09 11:10:00,2486.78,2488.23,2486.15,2486.83,935.57
2026-09-09 11:15:00,2486.83,2486.98,2484.0,2485.79,633.3086
2026-09-09 11:20:00,2485.8,2490.46,2485.1,2490.46,621.0567
2026-09-09 11:25:00,2490.45,2492.88,2489.01,2492.77,591.8419
2026-09-09 11:30:00,2492.76,2495.0,2490.86,2492.95,1168.5393
2026-09-09 11:35:00,2492.95,2494.9,2492.2,2494.9,844.3818
2026-09-09 11:40:00,2494.89,2495.62,2493.47,2493.54,995.8502
2026-09-09 11:45:00,2493.55,2499.26,2493.55,2497.55,819.7601
2026-09-09 11:50:00,2497.55,2505.88,2496.68,2502.43,2667.5453
2026-09-09 11:55:00,2502.43,2503.34,2501.0,2501.0,648.2153
2026-09-09 12:00:00,2501.01,2503.25,2499.19,2499.83,1095.4912
2026-09-09 12:05:00,2499.83,2505.0,2498.7,2502.54,1455.0211
2026-09-09 12:10:00,2502.54,2503.88,2500.74,2501.19,838.1418
2026-09-09 12:15:00,2501.19,2502.87,2498.98,2500.35,814.3514
2026-09-09 12:20:00,2500.36,2502.71,2500.36,2500.8,507.0185
2026-09-09 12:25:00,2500.8,2501.75,2500.2,2501.75,678.6471
2026-09-09 12:30:00,2501.75,2506.8,2501.01,2506.8,1911.9272
2026-09-09 12:35:00,2506.8,2509.67,2504.96,2507.02,1273.4613
2026-09-09 12:40:00,2507.02,2510.65,2505.97,2507.82,2199.2678
2026-09-09 12:45:00,2507.81,2512.2,2507.81,2511.91,1386.1716
2026-09-09 12:50:00,2511.91,2512.69,2509.47,2510.98,1200.6906
2026-09-09 12:55:00,2510.98,2512.91,2509.76,2511.61,2293.7622
2026-09-09 13:00:00,2511.61,2513.3,2508.13,2512.29,1302.6968
2026-09-09 13:05:00,2512.29,2513.61,2511.1,2511.84,1137.1236
2026-09-09 13:10:00,2511.84,2513.99,2510.72,2513.71,776.8589
2026-09-09 13:15:00,2513.71,2513.99,2510.94,2513.49,783.9244
2026-09-09 13:20:00,2513.48,2515.0,2512.55,2514.29,746.776
2026-09-09 13:25:00,2514.28,2515.99,2513.37,2514.89,1296.7074
2026-09-09 13:30:00,2514.88,2521.48,2511.35,2519.99,2906.0299
2026-09-09 13:35:00,2520.0,2520.0,2504.92,2507.5,3940.6894
2026-09-09 13:40:00,2507.5,2512.38,2499.75,2504.41,2233.0591
2026-09-09 13:45:00,2504.41,2513.51,2504.03,2510.2,1722.4487
2026-09-09 13:50:00,2510.21,2512.24,2506.06,2507.05,606.3232
2026-09-09 13:55:00,2507.04,2508.59,2500.49,2502.52,1311.2925
2026-09-09 14:00:00,2502.52,2504.6,2496.36,2503.81,1834.1418
2026-09-09 14:05:00,2503.82,2508.76,2499.89,2500.25,1555.2989
2026-09-09 14:10:00,2500.25,2502.44,2495.16,2502.43,1549.2674
2026-09-09 14:15:00,2502.42,2502.63,2497.71,2498.22,642.2996
2026-09-09 14:20:00,2498.22,2500.21,2495.77,2498.31,973.5603
2026-09-09 14:25:00,2498.31,2512.55,2497.74,2512.55,1664.353
2026-09-09 14:30:00,2512.54,2513.61,2508.54,2510.54,1873.9387
2026-09-09 14:35:00,2510.54,2514.32,2508.87,2510.47,1488.9898
2026-09-09 14:40:00,2510.46,2510.84,2500.35,2501.55,1196.9814
2026-09-09 14:45:00,2501.55,2507.73,2498.78,2507.73,1193.4563
2026-09-09 14:50:00,2507.72,2507.83,2497.59,2497.6,1015.5378
2026-09-09 14:55:00,2497.6,2499.52,2496.38,2499.39,884.6909
2026-09-09 15:00:00,2499.4,2512.7,2490.0,2495.82,7235.0932
2026-09-09 15:05:00,2495.81,2498.83,2485.67,2491.27,2751.7646
2026-09-09 15:10:00,2491.28,2493.68,2480.0,2485.01,3931.1326
2026-09-09 15:15:00,2485.0,2491.19,2482.61,2487.85,2035.6794
2026-09-09 15:20:00,2487.85,2489.15,2470.57,2472.47,7532.6407
2026-09-09 15:25:00,2472.48,2480.35,2471.0,2479.49,2049.7691
2026-09-09 15:30:00,2479.5,2489.56,2478.8,2489.55,2004.0784
2026-09-09 15:35:00,2489.56,2495.45,2488.06,2494.6,1966.9257
2026-09-09 15:40:00,2494.6,2495.6,2491.28,2493.09,1051.4872
2026-09-09 15:45:00,2493.08,2494.81,2490.51,2492.44,674.4445
2026-09-09 15:50:00,2492.45,2494.06,2490.0,2493.53,669.164
2026-09-09 15:55:00,2493.52,2494.38,2490.02,2490.26,706.0731
2026-09-09 16:00:00,2490.26,2497.7,2489.73,2495.5,1331.2739
2026-09-09 16:05:00,2495.5,2496.99,2487.39,2487.39,905.438
2026-09-09 16:10:00,2487.38,2492.06,2486.96,2492.06,663.2127
2026-09-09 16:15:00,2492.05,2492.05,2485.06,2487.35,864.6284
2026-09-09 16:20:00,2487.35,2492.02,2484.81,2486.91,672.6921
2026-09-09 16:25:00,2486.9,2491.16,2486.9,2490.69,700.8668
2026-09-09 16:30:00,2490.69,2499.4,2490.69,2497.49,1435.7662
2026-09-09 16:35:00,2497.49,2498.34,2495.33,2498.27,554.8634
2026-09-09 16:40:00,2498.26,2498.69,2496.85,2498.67,355.5453
2026-09-09 16:45:00,2498.66,2498.67,2496.0,2496.01,269.8208
2026-09-09 16:50:00,2496.0,2497.33,2495.0,2495.0,218.0761
2026-09-09 16:55:00,2495.0,2496.64,2494.5,2495.88,381.2742
2026-09-09 17:00:00,2495.88,2497.83,2493.4,2493.41,598.814
2026-09-09 17:05:00,2493.4,2497.68,2492.72,2494.57,813.4313
2026-09-09 17:10:00,2494.57,2499.74,2494.08,2496.65,1262.0424
2026-09-09 17:15:00,2496.66,2497.69,2495.25,2496.9,497.5985
2026-09-09 17:20:00,2496.9,2497.43,2494.69,2496.72,330.4465
2026-09-09 17:25:00,2496.73,2499.58,2496.63,2496.63,467.9195
2026-09-09 17:30:00,2496.64,2496.89,2493.32,2494.31,372.1552
2026-09-09 17:35:00,2494.31,2496.48,2492.08,2492.12,792.9764
2026-09-09 17:40:00,2492.13,2492.79,2490.25,2491.22,386.3838
2026-09-09 17:45:00,2491.22,2493.02,2488.5,2493.01,425.7291
2026-09-09 17:50:00,2493.01,2494.99,2491.63,2494.99,478.4718
2026-09-09 17:55:00,2494.99,2495.75,2493.62,2493.62,267.0855
2026-09-09 18:00:00,2493.61,2495.2,2493.14,2494.49,794.6649
2026-09-09 18:05:00,2494.5,2495.81,2490.64,2491.77,344.1221
2026-09-09 18:10:00,2491.77,2491.77,2489.06,2490.06,364.594
2026-09-09 18:15:00,2490.06,2491.1,2488.03,2488.36,184.4559
2026-09-09 18:20:00,2488.36,2492.04,2488.35,2490.65,287.0959
2026-09-09 18:25:00,2490.64,2491.37,2490.4,2491.2,246.4873
2026-09-09 18:30:00,2491.2,2492.09,2489.49,2489.62,184.1893
2026-09-09 18:35:00,2489.61,2489.62,2487.77,2487.77,217.6658
2026-09-09 18:40:00,2487.78,2489.47,2487.69,2488.95,322.919
2026-09-09 18:45:00,2488.96,2489.02,2486.53,2488.55,763.5623
2026-09-09 18:50:00,2488.55,2488.75,2482.28,2482.29,1444.2931
2026-09-09 18:55:00,2482.29,2484.97,2481.42,2481.43,408.148
2026-09-09 19:00:00,2481.43,2482.8,2478.61,2479.16,1853.9581
2026-09-09 19:05:00,2479.16,2480.88,2476.18,2479.58,1403.2418
2026-09-09 19:10:00,2479.58,2482.48,2479.58,2482.46,694.8746
2026-09-09 19:15:00,2482.46,2484.23,2482.02,2483.99,1019.9664
2026-09-09 19:20:00,2484.0,2484.96,2482.95,2484.81,391.4686
2026-09-09 19:25:00,2484.8,2484.8,2482.91,2482.91,248.6727
2026-09-09 19:30:00,2482.91,2482.91,2479.69,2481.07,984.5201
2026-09-09 19:35:00,2481.08,2481.08,2472.94,2472.94,1301.3169
2026-09-09 19:40:00,2472.94,2475.13,2471.46,2471.71,1203.7046
2026-09-09 19:45:00,2471.72,2472.63,2471.0,2472.18,1024.7936
2026-09-09 19:50:00,2472.18,2472.18,2462.52,2465.0,4988.8676
2026-09-09 19:55:00,2465.0,2465.6,2463.94,2465.49,1503.8444
2026-09-09 20:00:00,2465.49,2469.09,2464.75,2465.74,1148.986
2026-09-09 20:05:00,2465.73,2467.1,2464.07,2466.68,1105.0321
2026-09-09 20:10:00,2466.69,2468.19,2466.09,2466.57,748.0165
2026-09-09 20:15:00,2466.58,2472.72,2466.57,2468.65,1025.5254
2026-09-09 20:20:00,2468.64,2469.34,2462.09,2466.05,1381.9797
2026-09-09 20:25:00,2466.06,2467.58,2453.97,2461.8,3449.9291
2026-09-09 20:30:00,2461.81,2469.56,2460.6,2467.77,1531.1069
2026-09-09 20:35:00,2467.77,2470.69,2467.07,2470.0,891.513
2026-09-09 20:40:00,2470.01,2470.67,2466.86,2468.47,1008.0448
2026-09-09 20:45:00,2468.47,2469.12,2460.15,2461.22,1074.6741
2026-09-09 20:50:00,2461.22,2468.26,2460.34,2466.94,1611.5966
2026-09-09 20:55:00,2466.94,2472.1,2466.94,2471.82,672.3784
2026-09-09 21:00:00,2471.82,2471.82,2467.72,2470.99,1002.8601
2026-09-09 21:05:00,2470.99,2472.38,2469.34,2469.34,420.8004
2026-09-09 21:10:00,2469.34,2469.89,2467.31,2469.89,470.4642
2026-09-09 21:15:00,2469.89,2469.97,2464.11,2465.57,740.1276
2026-09-09 21:20:00,2465.57,2469.34,2463.93,2469.34,514.7683
2026-09-09 21:25:00,2469.33,2471.04,2468.45,2470.96,468.6504
2026-09-09 21:30:00,2470.96,2470.97,2466.25,2466.25,288.0479
2026-09-09 21:35:00,2466.25,2466.55,2463.75,2466.0,727.1287
2026-09-09 21:40:00,2466.0,2467.39,2464.7,2464.7,474.1975
2026-09-09 21:45:00,2464.7,2465.12,2458.0,2458.01,1189.5892
2026-09-09 21:50:00,2458.01,2460.27,2456.57,2460.27,849.4732
2026-09-09 21:55:00,2460.27,2461.89,2458.44,2461.89,791.1073
2026-09-09 22:00:00,2461.89,2463.46,2456.19,2459.7,1310.6559
2026-09-09 22:05:00,2459.7,2459.7,2444.15,2451.0,7376.7299
2026-09-09 22:10:00,2450.99,2455.3,2447.57,2447.58,7122.7289
2026-09-09 22:15:00,2447.58,2450.96,2442.44,2450.96,2192.5749
2026-09-09 22:20:00,2450.96,2455.18,2450.96,2455.18,622.1721
2026-09-09 22:25:00,2455.17,2456.0,2454.24,2455.09,732.5152
2026-09-09 22:30:00,2455.1,2455.1,2452.0,2453.74,633.7094
2026-09-09 22:35:00,2453.73,2456.58,2452.36,2455.6,551.014
2026-09-09 22:40:00,2455.59,2457.51,2454.77,2457.39,828.3708
2026-09-09 22:45:00,2457.39,2457.39,2453.04,2453.04,608.8274
2026-09-09 22:50:00,2453.05,2455.02,2452.14,2452.66,424.256
2026-09-09 22:55:00,2452.67,2453.06,2450.0,2450.37,812.0411
2026-09-09 23:00:00,2450.36,2457.51,2450.12,2457.49,601.4525
2026-09-09 23:05:00,2457.5,2459.71,2456.25,2459.68,565.6597
2026-09-09 23:10:00,2459.69,2461.52,2459.46,2460.6,577.4992
2026-09-09 23:15:00,2460.6,2462.27,2458.89,2461.98,508.5531
2026-09-09 23:20:00,2461.98,2461.98,2459.47,2460.61,498.7018
2026-09-09 23:25:00,2460.62,2462.5,2460.32,2462.5,176.8008
2026-09-09 23:30:00,2462.5,2466.8,2462.39,2466.8,412.6406
2026-09-09 23:35:00,2466.8,2467.72,2465.4,2466.92,349.9348
2026-09-09 23:40:00,2466.93,2466.93,2465.01,2465.73,260.1074
2026-09-09 23:45:00,2465.73,2468.32,2465.4,2468.32,327.7662
2026-09-09 23:50:00,2468.33,2469.0,2467.47,2468.16,365.7779
2026-09-09 23:55:00,2468.16,2468.53,2466.54,2468.13,364.728
2026-09-10 00:00:00,2468.14,2470.2,2467.63,2470.19,541.2181
2026-09-10 00:05:00,2470.2,2470.96,2468.37,2468.73,349.1448
2026-09-10 00:10:00,2468.74,2470.88,2466.79,2467.7,535.8489
2026-09-10 00:15:00,2467.71,2469.65,2466.8,2466.8,210.7296
2026-09-10 00:20:00,2466.81,2469.77,2465.33,2468.03,503.6353
2026-09-10 00:25:00,2468.02,2471.43,2466.53,2470.17,651.5048
2026-09-10 00:30:00,2470.16,2470.16,2464.23,2468.28,733.5277
2026-09-10 00:35:00,2468.28,2470.53,2466.93,2467.38,562.1732
2026-09-10 00:40:00,2467.38,2467.38,2463.94,2463.95,352.4249
2026-09-10 00:45:00,2463.95,2469.47,2462.88,2466.25,1151.2702
2026-09-10 00:50:00,2466.25,2468.67,2463.93,2465.59,624.7787
2026-09-10 00:55:00,2465.59,2466.4,2463.38,2465.01,298.0832
2026-09-10 01:00:00,2465.0,2471.25,2464.47,2471.24,751.5467
2026-09-10 01:05:00,2471.24,2479.29,2471.09,2474.32,1905.8686
2026-09-10 01:10:00,2474.32,2474.79,2469.18,2470.34,696.0174
2026-09-10 01:15:00,2470.33,2470.48,2464.78,2469.93,1111.7186
2026-09-10 01:20:00,2469.92,2470.13,2464.17,2468.03,516.7207
2026-09-10 01:25:00,2468.03,2468.03,2463.98,2463.98,279.4664
2026-09-10 01:30:00,2463.98,2466.62,2458.91,2458.99,2967.8799
2026-09-10 01:35:00,2458.99,2459.62,2455.17,2456.82,1115.9869
2026-09-10 01:40:00,2456.83,2465.62,2456.61,2462.55,2217.2915
2026-09-10 01:45:00,2462.55,2464.72,2459.99,2462.81,563.7138
2026-09-10 01:50:00,2462.81,2463.32,2458.0,2459.52,503.0919
2026-09-10 01:55:00,2459.52,2465.0,2458.32,2463.73,621.8048
2026-09-10 02:00:00,2463.73,2464.2,2461.71,2461.71,318.013
2026-09-10 02:05:00,2461.71,2464.31,2461.04,2462.29,196.6417
2026-09-10 02:10:00,2462.29,2463.58,2460.87,2463.11,236.9369
2026-09-10 02:15:00,2463.1,2464.31,2459.91,2462.35,310.6661
2026-09-10 02:20:00,2462.35,2463.4,2460.14,2460.56,182.4383
2026-09-10 02:25:00,2460.56,2462.1,2459.74,2461.48,300.8681
2026-09-10 02:30:00,2461.47,2468.34,2460.79,2468.34,319.1744
2026-09-10 02:35:00,2468.34,2471.06,2467.52,2469.55,364.6878
2026-09-10 02:40:00,2469.56,2471.33,2469.26,2471.25,346.342
2026-09-10 02:45:00,2471.25,2474.0,2471.24,2474.0,346.3731
2026-09-10 02:50:00,2473.99,2475.22,2472.6,2475.22,264.4187
2026-09-10 02:55:00,2475.22,2476.11,2474.03,2474.86,409.2477
2026-09-10 03:00:00,2474.86,2478.72,2474.86,2478.34,479.7896
2026-09-10 03:05:00,2478.33,2478.74,2475.74,2476.38,867.4812
2026-09-10 03:10:00,2476.37,2477.26,2475.07,2475.27,325.6052
2026-09-10 03:15:00,2475.27,2476.45,2474.13,2475.61,692.9675
2026-09-10 03:20:00,2475.6,2476.66,2473.38,2473.65,493.6552
2026-09-10 03:25:00,2473.67,2476.64,2471.77,2476.56,758.2015
2026-09-10 03:30:00,2476.56,2479.0,2475.56,2476.14,637.3707
2026-09-10 03:35:00,2476.14,2476.15,2472.34,2474.64,324.9363
2026-09-10 03:40:00,2474.64,2477.67,2474.44,2476.38,711.0056
2026-09-10 03:45:00,2476.39,2479.14,2476.24,2479.03,302.1538
2026-09-10 03:50:00,2479.02,2479.02,2474.49,2475.13,417.2669
2026-09-10 03:55:00,2475.13,2475.78,2473.23,2475.41,701.4476
2026-09-10 04:00:00,2475.4,2476.55,2474.4,2476.55,508.8536
2026-09-10 04:05:00,2476.54,2479.03,2476.54,2476.95,480.9833
2026-09-10 04:10:00,2476.95,2476.95,2475.2,2475.2,182.5496
2026-09-10 04:15:00,2475.21,2477.63,2475.19,2477.63,245.9268
2026-09-10 04:20:00,2477.62,2477.81,2476.12,2476.55,162.8602
2026-09-10 04:25:00,2476.55,2479.82,2476.2,2478.15,529.6885
2026-09-10 04:30:00,2478.16,2481.0,2477.76,2480.41,535.3608
2026-09-10 04:35:00,2480.4,2480.41,2477.22,2477.63,189.5763
2026-09-10 04:40:00,2477.63,2478.88,2476.98,2477.19,392.8088
2026-09-10 04:45:00,2477.18,2479.35,2477.01,2477.71,534.0862
2026-09-10 04:50:00,2477.71,2478.44,2475.67,2477.85,482.0241
2026-09-10 04:55:00,2477.85,2480.0,2477.03,2478.68,715.0881
2026-09-10 05:00:00,2478.68,2479.67,2474.4,2474.4,272.3726
2026-09-10 05:05:00,2474.4,2476.53,2473.95,2476.14,856.6773
2026-09-10 05:10:00,2476.14,2482.0,2476.13,2481.72,640.7163
2026-09-10 05:15:00,2481.72,2481.99,2478.16,2478.79,468.1427
2026-09-10 05:20:00,2478.78,2478.87,2478.04,2478.55,205.3252
2026-09-10 05:25:00,2478.56,2482.26,2477.68,2480.71,441.9676
2026-09-10 05:30:00,2480.71,2482.32,2479.63,2480.28,359.0661
2026-09-10 05:35:00,2480.28,2482.75,2480.02,2480.42,340.4561
2026-09-10 05:40:00,2480.41,2480.76,2479.13,2480.32,178.2257
2026-09-10 05:45:00,2480.31,2481.0,2480.12,2480.81,272.3078
2026-09-10 05:50:00,2480.82,2483.83,2480.48,2483.7,254.4205
2026-09-10 05:55:00,2483.71,2483.71,2481.45,2482.13,377.6157
2026-09-10 06:00:00,2482.12,2482.64,2480.01,2480.02,528.4844
2026-09-10 06:05:00,2480.02,2480.02,2478.28,2478.84,346.7161
2026-09-10 06:10:00,2478.83,2478.83,2475.48,2475.59,371.7945
2026-09-10 06:15:00,2475.59,2475.59,2472.0,2473.91,509.1983
2026-09-10 06:20:00,2473.91,2474.69,2472.52,2473.42,341.8007
2026-09-10 06:25:00,2473.42,2474.31,2473.2,2473.61,244.2909
2026-09-10 06:30:00,2473.6,2474.26,2472.31,2472.31,196.4579
2026-09-10 06:35:00,2472.32,2475.45,2472.27,2475.45,428.6818
2026-09-10 06:40:00,2475.45,2477.02,2475.13,2475.3,186.1405
2026-09-10 06:45:00,2475.3,2481.43,2475.29,2481.43,432.3848
2026-09-10 06:50:00,2481.43,2484.76,2480.73,2480.73,1268.2251
2026-09-10 06:55:00,2480.73,2481.24,2480.27,2480.3,223.3204
2026-09-10 07:00:00,2480.31,2480.31,2474.41,2474.88,637.3982
2026-09-10 07:05:00,2474.87,2475.49,2473.37,2475.07,555.2388
2026-09-10 07:10:00,2475.07,2476.17,2474.9,2475.29,232.6382
2026-09-10 07:15:00,2475.29,2475.6,2474.23,2474.24,460.6495
2026-09-10 07:20:00,2474.24,2474.24,2468.35,2468.51,1522.495
2026-09-10 07:25:00,2468.52,2469.66,2467.91,2468.06,656.4476
2026-09-10 07:30:00,2468.06,2468.52,2464.11,2464.8,2205.9431
2026-09-10 07:35:00,2464.8,2466.63,2464.47,2464.75,703.4593
2026-09-10 07:40:00,2464.76,2467.52,2464.31,2467.51,579.7405
2026-09-10 07:45:00,2467.52,2470.93,2467.51,2470.77,615.8071
2026-09-10 07:50:00,2470.78,2473.68,2470.78,2473.68,495.7518
2026-09-10 07:55:00,2473.69,2474.07,2471.44,2472.97,683.3347
2026-09-10 08:00:00,2472.96,2473.88,2471.46,2471.71,577.292
2026-09-10 08:05:00,2471.72,2474.83,2470.49,2473.66,837.5137
2026-09-10 08:10:00,2473.66,2473.78,2469.49,2470.5,438.6349
2026-09-10 08:15:00,2470.49,2471.5,2468.86,2471.01,963.1089
2026-09-10 08:20:00,2471.01,2474.98,2470.99,2474.5,254.4886
2026-09-10 08:25:00,2474.5,2474.79,2472.05,2474.64,586.3327
2026-09-10 08:30:00,2474.63,2474.64,2469.3,2472.39,729.4973
2026-09-10 08:35:00,2472.4,2474.0,2471.7,2471.82,311.6964
2026-09-10 08:40:00,2471.83,2471.83,2469.9,2471.05,278.783
2026-09-10 08:45:00,2471.07,2472.46,2470.58,2471.62,273.5187
2026-09-10 08:50:00,2471.62,2472.88,2470.91,2472.48,289.0865
2026-09-10 08:55:00,2472.49,2472.49,2470.92,2471.24,210.8668
2026-09-10 09:00:00,2471.25,2473.9,2471.25,2473.62,509.3911
2026-09-10 09:05:00,2473.63,2474.68,2472.6,2472.7,568.6345
2026-09-10 09:10:00,2472.7,2474.69,2472.7,2474.33,214.6723
2026-09-10 09:15:00,2474.33,2476.53,2474.15,2476.34,313.4424
2026-09-10 09:20:00,2476.34,2477.66,2475.78,2476.93,305.9861
2026-09-10 09:25:00,2476.92,2478.0,2475.58,2477.36,509.8219
2026-09-10 09:30:00,2477.36,2477.36,2472.0,2473.81,1121.4897
2026-09-10 09:35:00,2473.81,2473.82,2466.12,2467.37,1777.5148
2026-09-10 09:40:00,2467.37,2468.36,2464.86,2467.81,846.2436
2026-09-10 09:45:00,2467.81,2469.4,2467.44,2469.4,409.8967
2026-09-10 09:50:00,2469.4,2471.0,2468.7,2470.99,402.0782
2026-09-10 09:55:00,2471.0,2471.0,2466.83,2468.7,595.4202
2026-09-10 10:00:00,2468.7,2471.38,2467.91,2470.01,531.2285
2026-09-10 10:05:00,2470.0,2472.0,2467.85,2468.22,533.2678
2026-09-10 10:10:00,2468.22,2470.98,2468.21,2470.19,509.8361
2026-09-10 10:15:00,2470.19,2470.99,2468.91,2469.41,345.0939
2026-09-10 10:20:00,2469.42,2470.81,2467.44,2467.44,276.0618
2026-09-10 10:25:00,2467.45,2468.65,2466.41,2468.15,793.2368
2026-09-10 10:30:00,2468.14,2468.15,2463.0,2465.8,1048.4131
2026-09-10 10:35:00,2465.79,2470.12,2465.79,2469.73,1300.3898
2026-09-10 10:40:00,2469.73,2470.42,2467.95,2467.96,626.8358
2026-09-10 10:45:00,2467.96,2469.37,2467.48,2468.92,1161.2073
2026-09-10 10:50:00,2468.92,2468.92,2465.74,2465.75,406.0806
2026-09-10 10:55:00,2465.74,2470.62,2464.2,2464.21,1040.9858
2026-09-10 11:00:00,2464.2,2464.2,2458.23,2459.41,2088.0852
2026-09-10 11:05:00,2459.41,2461.63,2459.0,2460.81,1116.4763
2026-09-10 11:10:00,2460.81,2462.1,2459.52,2462.06,941.6414
2026-09-10 11:15:00,2462.07,2467.89,2462.06,2465.83,662.6684
2026-09-10 11:20:00,2465.84,2468.06,2465.84,2468.06,185.5624
2026-09-10 11:25:00,2468.06,2468.06,2466.1,2467.38,408.1717
2026-09-10 11:30:00,2467.39,2469.4,2467.3,2468.71,588.6544
2026-09-10 11:35:00,2468.71,2470.08,2467.45,2469.72,876.6259
2026-09-10 11:40:00,2469.71,2469.71,2467.1,2467.77,418.8633
2026-09-10 11:45:00,2467.78,2468.59,2463.25,2466.54,595.5524
2026-09-10 11:50:00,2466.53,2466.74,2463.26,2464.39,634.5547
2026-09-10 11:55:00,2464.39,2464.49,2461.19,2462.21,511.4334
2026-09-10 12:00:00,2462.21,2464.0,2457.36,2459.47,1072.2665
2026-09-10 12:05:00,2459.48,2461.12,2456.95,2456.95,871.665
2026-09-10 12:10:00,2456.95,2460.79,2456.71,2460.48,656.0199
2026-09-10 12:15:00,2460.49,2460.95,2456.76,2456.76,638.6639
2026-09-10 12:20:00,2456.75,2458.41,2455.26,2457.56,959.9342
2026-09-10 12:25:00,2457.56,2460.78,2456.38,2459.85,531.031
2026-09-10 12:30:00,2459.85,2466.75,2436.62,2442.1,9929.8764
2026-09-10 12:35:00,2442.11,2447.57,2430.45,2435.39,8128.3861
2026-09-10 12:40:00,2435.39,2440.0,2432.3,2437.52,4638.7671
2026-09-10 12:45:00,2437.52,2438.03,2408.01,2427.4,13508.3099
2026-09-10 12:50:00,2427.4,2431.99,2419.5,2420.77,4099.5663
2026-09-10 12:55:00,2420.77,2420.79,2410.99,2414.84,5977.2034
2026-09-10 13:00:00,2414.84,2424.9,2413.5,2420.35,3966.9668
2026-09-10 13:05:00,2420.35,2422.16,2417.02,2419.35,3526.8578
2026-09-10 13:10:00,2419.34,2420.99,2405.85,2410.86,7531.2133
2026-09-10 13:15:00,2410.86,2417.14,2409.28,2411.22,3226.3984
2026-09-10 13:20:00,2411.22,2420.5,2411.21,2419.45,3671.784
2026-09-10 13:25:00,2419.45,2421.24,2417.98,2420.24,1916.029
2026-09-10 13:30:00,2420.24,2423.4,2417.1,2421.74,4600.0532
2026-09-10 13:35:00,2421.74,2428.65,2418.82,2428.31,4698.7586
2026-09-10 13:40:00,2428.31,2430.0,2425.39,2425.39,5909.8443
2026-09-10 13:45:00,2425.39,2432.62,2424.64,2429.56,8098.7586
2026-09-10 13:50:00,2429.56,2436.02,2424.7,2432.6,8962.3839
2026-09-10 13:55:00,2432.6,2436.9,2431.74,2435.43,6422.2143
2026-09-10 14:00:00,2435.42,2440.92,2435.42,2438.07,3698.1633
2026-09-10 14:05:00,2438.07,2438.35,2427.15,2432.86,7266.5428
2026-09-10 14:10:00,2432.87,2436.22,2430.59,2432.07,4466.4084
2026-09-10 14:15:00,2432.07,2434.31,2428.66,2434.01,4151.6333
2026-09-10 14:20:00,2434.01,2444.84,2432.39,2441.27,3168.3017
2026-09-10 14:25:00,2441.27,2444.05,2438.57,2439.46,3787.7647
2026-09-10 14:30:00,2439.45,2441.68,2438.86,2441.08,2039.0629
2026-09-10 14:35:00,2441.08,2442.96,2440.0,2440.48,1947.6925
2026-09-10 14:40:00,2440.48,2442.76,2439.72,2440.3,875.6008
2026-09-10 14:45:00,2440.29,2444.16,2439.13,2439.3,1132.2124
2026-09-10 14:50:00,2439.3,2443.0,2438.0,2442.99,1411.9612
2026-09-10 14:55:00,2442.99,2444.45,2441.97,2444.1,1382.4112
2026-09-10 15:00:00,2444.11,2444.15,2438.31,2440.62,1950.311
2026-09-10 15:05:00,2440.62,2444.29,2440.52,2442.22,1299.7009
2026-09-10 15:10:00,2442.22,2445.0,2441.45,2441.98,661.8933
2026-09-10 15:15:00,2441.97,2442.93,2438.77,2439.37,2157.1221
2026-09-10 15:20:00,2439.37,2440.08,2435.41,2436.46,2383.0751
2026-09-10 15:25:00,2436.46,2437.23,2432.88,2435.45,1738.0251
2026-09-10 15:30:00,2435.45,2440.54,2435.44,2438.34,1092.7994
2026-09-10 15:35:00,2438.33,2444.32,2437.83,2441.67,1841.3654
2026-09-10 15:40:00,2441.67,2441.67,2437.86,2438.14,1083.323
2026-09-10 15:45:00,2438.14,2439.99,2435.99,2437.99,1959.9868
2026-09-10 15:50:00,2438.0,2439.95,2436.75,2437.38,1072.9025
2026-09-10 15:55:00,2437.38,2441.9,2437.07,2441.54,1859.2
2026-09-10 16:00:00,2441.54,2444.11,2438.83,2439.81,3314.3318
2026-09-10 16:05:00,2439.81,2440.55,2435.1,2435.15,3664.1182
2026-09-10 16:10:00,2435.15,2440.51,2435.01,2437.97,1963.8297
2026-09-10 16:15:00,2437.98,2438.71,2433.18,2435.19,2408.3281
2026-09-10 16:20:00,2435.19,2442.71,2435.19,2439.97,2109.4373
2026-09-10 16:25:00,2439.98,2440.69,2438.99,2439.3,658.3875
2026-09-10 16:30:00,2439.29,2439.72,2434.38,2434.38,1438.1726
2026-09-10 16:35:00,2434.37,2439.78,2432.91,2439.76,849.6647
2026-09-10 16:40:00,2439.77,2442.0,2437.76,2440.54,653.6364
2026-09-10 16:45:00,2440.55,2450.81,2440.54,2445.8,2032.5072
2026-09-10 16:50:00,2445.8,2446.71,2444.28,2444.83,563.9555
2026-09-10 16:55:00,2444.82,2448.79,2444.28,2448.78,445.1521
2026-09-10 17:00:00,2448.79,2450.14,2447.1,2448.35,955.1462
2026-09-10 17:05:00,2448.36,2450.91,2448.15,2450.46,916.2593
2026-09-10 17:10:00,2450.46,2454.6,2450.45,2453.15,1951.7631
2026-09-10 17:15:00,2453.15,2454.6,2453.14,2453.93,629.8002
2026-09-10 17:20:00,2453.93,2460.63,2452.27,2460.21,1370.3053
2026-09-10 17:25:00,2460.22,2460.63,2455.4,2459.65,853.7839
2026-09-10 17:30:00,2459.64,2473.0,2459.64,2471.49,4707.6229
2026-09-10 17:35:00,2471.48,2475.03,2465.0,2465.28,2769.1072
2026-09-10 17:40:00,2465.28,2468.34,2463.37,2466.5,1424.9697
2026-09-10 17:45:00,2466.51,2470.29,2463.86,2469.27,1078.6912
2026-09-10 17:50:00,2469.27,2471.32,2467.24,2470.9,1280.8818
2026-09-10 17:55:00,2470.91,2470.91,2465.74,2466.08,912.6598
2026-09-10 18:00:00,2466.09,2466.95,2460.81,2461.15,1199.7845
2026-09-10 18:05:00,2461.15,2462.37,2456.21,2456.99,1388.5822
2026-09-10 18:10:00,2456.99,2457.84,2455.48,2456.44,1126.103
2026-09-10 18:15:00,2456.43,2459.27,2455.0,2456.22,948.7227
2026-09-10 18:20:00,2456.22,2464.47,2456.21,2461.02,1192.4787
2026-09-10 18:25:00,2461.01,2462.69,2460.01,2460.01,947.7116
2026-09-10 18:30:00,2460.01,2460.01,2456.57,2458.34,736.1574
2026-09-10 18:35:00,2458.34,2464.7,2457.1,2463.12,1071.3532
2026-09-10 18:40:00,2463.11,2463.67,2461.78,2462.76,931.0624
2026-09-10 18:45:00,2462.76,2464.19,2459.75,2462.12,963.1824
2026-09-10 18:50:00,2462.11,2469.17,2460.6,2468.01,1776.6302
2026-09-10 18:55:00,2468.01,2468.5,2465.31,2468.49,1893.2984
2026-09-10 19:00:00,2468.49,2468.5,2465.03,2465.62,1278.633
2026-09-10 19:05:00,2465.62,2466.75,2463.36,2465.45,1310.5048
2026-09-10 19:10:00,2465.45,2465.45,2462.58,2464.77,575.0227
2026-09-10 19:15:00,2464.77,2466.24,2464.18,2464.82,567.3704
2026-09-10 19:20:00,2464.81,2466.13,2462.27,2466.12,967.5792
2026-09-10 19:25:00,2466.12,2468.29,2464.91,2466.71,1795.6264
2026-09-10 19:30:00,2466.71,2466.91,2462.11,2462.88,1438.9169
2026-09-10 19:35:00,2462.88,2466.0,2462.4,2466.0,1305.9233
2026-09-10 19:40:00,2466.0,2472.0,2466.0,2469.72,2588.0666
2026-09-10 19:45:00,2469.72,2469.72,2465.07,2465.34,1057.1059
2026-09-10 19:50:00,2465.35,2466.23,2460.36,2460.93,1898.7951
2026-09-10 19:55:00,2460.94,2464.01,2460.9,2462.54,1524.7914
2026-09-10 20:00:00,2462.55,2463.82,2460.98,2462.75,1288.5943
2026-09-10 20:05:00,2462.75,2466.39,2462.09,2466.2,851.9108
2026-09-10 20:10:00,2466.21,2468.39,2465.18,2468.39,751.1972
2026-09-10 20:15:00,2468.39,2469.0,2467.08,2467.66,500.8217
2026-09-10 20:20:00,2467.65,2469.12,2465.58,2465.59,708.3737
2026-09-10 20:25:00,2465.59,2467.27,2465.01,2466.39,488.5669
2026-09-10 20:30:00,2466.39,2466.45,2464.12,2464.53,485.4861
2026-09-10 20:35:00,2464.53,2464.9,2463.7,2464.2,470.6394
2026-09-10 20:40:00,2464.2,2465.76,2463.16,2464.69,541.9135
2026-09-10 20:45:00,2464.7,2464.99,2462.26,2462.9,343.9464
2026-09-10 20:50:00,2462.89,2463.27,2462.33,2462.9,287.7397
2026-09-10 20:55:00,2462.91,2463.27,2461.67,2461.79,213.5663
2026-09-10 21:00:00,2461.79,2462.92,2461.0,2461.0,334.4356
2026-09-10 21:05:00,2461.01,2462.4,2460.71,2462.39,311.3083
2026-09-10 21:10:00,2462.4,2462.77,2460.13,2460.14,262.9303
2026-09-10 21:15:00,2460.13,2460.97,2459.94,2459.94,164.0436
2026-09-10 21:20:00,2459.95,2461.56,2459.94,2461.55,178.5833
2026-09-10 21:25:00,2461.56,2461.79,2460.59,2461.78,232.0287
2026-09-10 21:30:00,2461.78,2461.79,2460.33,2461.02,166.1941
2026-09-10 21:35:00,2461.02,2461.02,2458.55,2459.48,310.6247
2026-09-10 21:40:00,2459.49,2460.66,2457.88,2459.26,418.2491
2026-09-10 21:45:00,2459.25,2463.13,2459.19,2459.7,445.3113
2026-09-10 21:50:00,2459.7,2460.72,2459.39,2459.39,163.7991
2026-09-10 21:55:00,2459.38,2460.36,2458.45,2460.27,192.1164
2026-09-10 22:00:00,2460.27,2460.38,2457.31,2459.98,325.4648
2026-09-10 22:05:00,2459.97,2460.72,2458.62,2460.72,371.5455
2026-09-10 22:10:00,2460.71,2462.24,2456.58,2458.71,716.1022
2026-09-10 22:15:00,2458.7,2459.59,2457.6,2459.14,141.7795
2026-09-10 22:20:00,2459.14,2459.79,2457.1,2457.74,255.3395
2026-09-10 22:25:00,2457.74,2457.74,2453.5,2453.68,501.195
2026-09-10 22:30:00,2453.68,2455.64,2450.25,2450.65,1063.5012
2026-09-10 22:35:00,2450.66,2451.09,2447.31,2448.59,723.908
2026-09-10 22:40:00,2448.58,2448.59,2445.07,2447.0,890.8276
2026-09-10 22:45:00,2446.99,2451.58,2446.66,2451.12,529.5276
2026-09-10 22:50:00,2451.12,2451.12,2447.21,2447.83,298.2922
2026-09-10 22:55:00,2447.82,2447.83,2443.81,2445.08,635.9467
2026-09-10 23:00:00,2445.08,2448.41,2442.55,2444.24,963.0988
2026-09-10 23:05:00,2444.23,2446.8,2437.53,2440.19,1076.1731
2026-09-10 23:10:00,2440.18,2443.61,2436.0,2436.7,923.6249
2026-09-10 23:15:00,2436.7,2440.84,2435.0,2439.9,1087.0287
2026-09-10 23:20:00,2439.91,2445.59,2439.91,2444.28,1276.2591
2026-09-10 23:25:00,2444.28,2446.08,2443.6,2443.61,373.7892
2026-09-10 23:30:00,2443.61,2445.07,2442.6,2443.47,326.537
2026-09-10 23:35:00,2443.47,2444.42,2442.4,2442.43,728.9611
2026-09-10 23:40:00,2442.42,2443.3,2440.62,2441.9,369.3777
2026-09-10 23:45:00,2441.91,2442.29,2440.0,2440.48,227.672
2026-09-10 23:50:00,2440.48,2441.33,2436.75,2437.36,517.7267
2026-09-10 23:55:00,2437.36,2438.63,2436.78,2438.27,538.8555
2026-09-11 00:00:00,2438.27,2442.95,2437.73,2441.93,748.2204
2026-09-11 00:05:00,2441.94,2447.8,2440.25,2447.13,1433.7121
2026-09-11 00:10:00,2447.14,2450.44,2447.14,2448.75,856.9848
2026-09-11 00:15:00,2448.76,2450.39,2448.32,2449.22,425.8671
2026-09-11 00:20:00,2449.25,2454.05,2447.35,2451.2,999.6863
2026-09-11 00:25:00,2451.2,2452.43,2450.39,2451.91,479.7194
2026-09-11 00:30:00,2451.91,2451.92,2445.57,2450.11,994.876
2026-09-11 00:35:00,2450.1,2451.98,2448.42,2451.6,669.1331
2026-09-11 00:40:00,2451.59,2453.27,2450.26,2450.65,520.8411
2026-09-11 00:45:00,2450.65,2452.28,2450.54,2451.84,327.6663
2026-09-11 00:50:00,2451.83,2457.4,2451.69,2457.4,674.2804
2026-09-11 00:55:00,2457.4,2458.62,2455.61,2456.81,629.1214
2026-09-11 01:00:00,2456.81,2460.27,2455.98,2460.0,584.0757
2026-09-11 01:05:00,2460.0,2460.29,2457.76,2459.71,537.4288
2026-09-11 01:10:00,2459.71,2460.06,2456.0,2456.04,1585.1891
2026-09-11 01:15:00,2456.04,2457.0,2454.82,2456.99,866.7606
2026-09-11 01:20:00,2456.99,2458.08,2452.25,2454.48,1242.141
2026-09-11 01:25:00,2454.48,2455.66,2450.57,2450.57,422.5505
2026-09-11 01:30:00,2450.57,2451.1,2446.66,2450.29,1360.2258
2026-09-11 01:35:00,2450.29,2454.58,2449.04,2449.79,598.0724
2026-09-11 01:40:00,2449.79,2452.16,2446.52,2452.15,445.9073
2026-09-11 01:45:00,2452.15,2452.92,2449.22,2452.87,494.0638
2026-09-11 01:50:00,2452.87,2453.71,2451.97,2453.46,452.895
2026-09-11 01:55:00,2453.45,2454.57,2452.7,2454.41,436.0534
2026-09-11 02:00:00,2454.41,2454.58,2451.56,2454.3,466.2824
2026-09-11 02:05:00,2454.31,2455.25,2451.33,2453.07,311.8509
2026-09-11 02:10:00,2453.06,2455.25,2452.0,2454.35,558.2395
2026-09-11 02:15:00,2454.34,2454.35,2449.88,2450.09,705.8055
2026-09-11 02:20:00,2450.07,2451.34,2448.47,2448.47,650.5687
2026-09-11 02:25:00,2448.47,2448.48,2445.72,2447.07,676.4178
2026-09-11 02:30:00,2447.07,2447.58,2445.64,2446.38,783.5305
2026-09-11 02:35:00,2446.38,2450.03,2445.66,2449.85,734.2433
2026-09-11 02:40:00,2449.84,2450.0,2448.32,2448.51,747.3182
2026-09-11 02:45:00,2448.51,2450.36,2447.46,2450.35,723.0776
2026-09-11 02:50:00,2450.35,2450.87,2444.61,2446.51,1369.8579
2026-09-11 02:55:00,2446.52,2447.97,2446.04,2446.91,862.6432
2026-09-11 03:00:00,2446.91,2447.53,2445.03,2445.03,765.887
2026-09-11 03:05:00,2445.03,2445.04,2441.64,2441.99,1014.7976
2026-09-11 03:10:00,2442.0,2448.0,2441.34,2447.88,1103.3765
2026-09-11 03:15:00,2447.88,2448.57,2444.01,2446.52,1009.8002
2026-09-11 03:20:00,2446.53,2446.82,2442.8,2442.8,1172.0225
2026-09-11 03:25:00,2442.8,2444.37,2441.43,2443.19,820.8377
2026-09-11 03:30:00,2443.18,2443.45,2440.19,2442.07,978.0143
2026-09-11 03:35:00,2442.08,2446.93,2441.86,2446.08,1081.1748
2026-09-11 03:40:00,2446.08,2447.11,2445.67,2447.05,1029.2248
2026-09-11 03:45:00,2447.05,2447.06,2443.56,2443.83,891.6337
2026-09-11 03:50:00,2443.83,2444.49,2442.86,2444.14,1112.6493
2026-09-11 03:55:00,2444.15,2447.27,2443.62,2447.27,775.5379
2026-09-11 04:00:00,2447.27,2449.41,2446.24,2448.93,922.5233
2026-09-11 04:05:00,2448.93,2451.27,2448.8,2449.95,1216.2038
2026-09-11 04:10:00,2449.95,2451.38,2447.9,2450.09,1098.155
2026-09-11 04:15:00,2450.09,2451.83,2449.08,2451.43,1197.0019
2026-09-11 04:20:00,2451.43,2457.22,2451.38,2456.64,1693.0425
2026-09-11 04:25:00,2456.63,2462.35,2456.63,2461.99,2681.0246
2026-09-11 04:30:00,2462.0,2464.23,2460.87,2460.9,1610.5085
2026-09-11 04:35:00,2460.9,2461.44,2458.62,2459.56,1549.7661
2026-09-11 04:40:00,2459.56,2460.63,2456.27,2457.44,1428.8495
2026-09-11 04:45:00,2457.44,2458.2,2456.75,2457.79,1021.806
2026-09-11 04:50:00,2457.8,2459.35,2457.8,2458.99,1188.6852
2026-09-11 04:55:00,2458.99,2460.29,2458.91,2459.05,1001.5151
2026-09-11 05:00:00,2459.06,2459.64,2457.63,2457.88,632.4678
2026-09-11 05:05:00,2457.88,2460.36,2457.75,2459.73,688.5349
2026-09-11 05:10:00,2459.73,2462.31,2458.25,2461.44,1374.5685
2026-09-11 05:15:00,2461.44,2461.53,2459.7,2459.88,626.2624
2026-09-11 05:20:00,2459.88,2460.34,2458.26,2459.74,716.3722
2026-09-11 05:25:00,2459.73,2460.11,2457.54,2459.01,987.4989
2026-09-11 05:30:00,2459.01,2461.14,2458.5,2460.16,742.5113
2026-09-11 05:35:00,2460.16,2463.72,2460.16,2462.51,938.1302
2026-09-11 05:40:00,2462.51,2465.49,2461.66,2465.49,564.4684
2026-09-11 05:45:00,2465.48,2466.83,2463.85,2466.1,779.7822
2026-09-11 05:50:00,2466.1,2466.96,2465.35,2466.46,453.6831
2026-09-11 05:55:00,2466.47,2468.85,2466.46,2468.84,827.314
2026-09-11 06:00:00,2468.84,2469.12,2467.35,2467.79,617.6471
2026-09-11 06:05:00,2467.79,2469.81,2466.84,2468.22,566.9194
2026-09-11 06:10:00,2468.22,2471.26,2468.12,2470.2,1476.8248
2026-09-11 06:15:00,2470.2,2470.81,2467.49,2468.17,672.6705
2026-09-11 06:20:00,2468.17,2468.63,2466.06,2466.78,1042.4762
2026-09-11 06:25:00,2466.77,2467.52,2465.67,2466.84,555.3958
2026-09-11 06:30:00,2466.85,2466.86,2463.55,2463.99,1217.4616
2026-09-11 06:35:00,2464.0,2466.91,2464.0,2466.9,293.7573
2026-09-11 06:40:00,2466.9,2466.91,2465.76,2466.5,165.3478
2026-09-11 06:45:00,2466.5,2467.84,2466.37,2467.43,351.0392
2026-09-11 06:50:00,2467.43,2467.72,2466.99,2467.13,230.4488
2026-09-11 06:55:00,2467.14,2467.52,2467.03,2467.03,123.8361
2026-09-11 07:00:00,2467.04,2467.55,2466.36,2467.54,268.2756
2026-09-11 07:05:00,2467.55,2470.0,2467.55,2469.98,399.0699
2026-09-11 07:10:00,2469.99,2470.93,2468.64,2468.65,771.5253
2026-09-11 07:15:00,2468.65,2470.0,2468.64,2469.47,208.5677
2026-09-11 07:20:00,2469.47,2473.52,2469.23,2472.13,1747.1541
2026-09-11 07:25:00,2472.13,2472.25,2468.97,2469.24,1551.1155
2026-09-11 07:30:00,2469.23,2471.33,2467.0,2468.45,1375.844
2026-09-11 07:35:00,2468.45,2469.29,2467.78,2467.85,744.557
2026-09-11 07:40:00,2467.85,2468.46,2467.64,2467.72,975.1021
2026-09-11 07:45:00,2467.73,2467.73,2467.0,2467.21,477.7215
2026-09-11 07:50:00,2467.22,2467.64,2466.41,2466.64,1418.2081
2026-09-11 07:55:00,2466.65,2468.97,2466.28,2467.52,1247.1328
2026-09-11 08:00:00,2467.53,2469.04,2466.04,2466.04,1147.3515
2026-09-11 08:05:00,2466.04,2466.16,2464.15,2464.15,419.3311
2026-09-11 08:10:00,2464.16,2465.91,2463.58,2465.37,646.0986
2026-09-11 08:15:00,2465.37,2468.28,2465.37,2467.02,320.4138
2026-09-11 08:20:00,2467.03,2475.29,2467.02,2475.29,2143.5552
2026-09-11 08:25:00,2475.29,2477.0,2471.68,2474.52,1002.7807
2026-09-11 08:30:00,2474.51,2484.62,2474.47,2478.67,5109.2807
2026-09-11 08:35:00,2478.68,2479.46,2477.41,2478.2,656.6814
2026-09-11 08:40:00,2478.19,2479.44,2477.81,2478.29,296.8396
2026-09-11 08:45:00,2478.28,2479.31,2476.59,2476.68,441.2912
2026-09-11 08:50:00,2476.69,2477.55,2475.26,2476.19,551.1148
2026-09-11 08:55:00,2476.19,2476.97,2476.02,2476.72,233.1175
2026-09-11 09:00:00,2476.71,2477.68,2475.56,2475.95,570.9689
2026-09-11 09:05:00,2475.95,2475.96,2473.94,2473.94,951.9557
2026-09-11 09:10:00,2473.94,2474.99,2473.81,2473.98,681.4686
2026-09-11 09:15:00,2473.98,2474.82,2473.9,2474.35,204.7473
2026-09-11 09:20:00,2474.35,2475.22,2473.39,2473.4,680.5912
2026-09-11 09:25:00,2473.4,2473.93,2472.94,2472.95,698.443
2026-09-11 09:30:00,2472.95,2473.82,2471.57,2471.66,573.5253
2026-09-11 09:35:00,2471.66,2471.66,2464.28,2464.28,1063.8414
2026-09-11 09:40:00,2464.28,2466.27,2462.08,2465.81,526.4309
2026-09-11 09:45:00,2465.82,2468.05,2465.82,2467.4,656.9047
2026-09-11 09:50:00,2467.4,2470.22,2466.67,2470.05,461.3065
2026-09-11 09:55:00,2470.04,2470.52,2468.76,2469.52,336.323
2026-09-11 10:00:00,2469.52,2475.27,2465.61,2474.64,924.0769
2026-09-11 10:05:00,2474.64,2474.65,2469.71,2469.73,683.1976
2026-09-11 10:10:00,2469.74,2469.9,2465.83,2468.01,972.551
2026-09-11 10:15:00,2468.01,2469.48,2466.83,2468.59,354.9693
2026-09-11 10:20:00,2468.59,2468.6,2466.15,2466.71,688.2068
2026-09-11 10:25:00,2466.7,2467.26,2464.56,2465.18,428.9096
2026-09-11 10:30:00,2465.18,2465.33,2462.7,2465.31,558.253
2026-09-11 10:35:00,2465.32,2466.29,2464.56,2465.97,622.7622
2026-09-11 10:40:00,2465.98,2465.98,2463.23,2464.06,587.432
2026-09-11 10:45:00,2464.06,2465.51,2463.59,2463.6,218.0247
2026-09-11 10:50:00,2463.59,2465.26,2463.59,2464.14,410.7361
2026-09-11 10:55:00,2464.14,2464.53,2462.14,2462.14,340.7205
2026-09-11 11:00:00,2462.14,2462.19,2456.3,2456.53,1619.5589
2026-09-11 11:05:00,2456.52,2459.34,2452.56,2454.41,1611.9368
2026-09-11 11:10:00,2454.41,2455.37,2452.56,2453.93,896.3392
2026-09-11 11:15:00,2453.93,2456.5,2453.04,2456.3,1226.1996
2026-09-11 11:20:00,2456.3,2456.61,2453.29,2455.2,608.9006
2026-09-11 11:25:00,2455.2,2459.29,2455.2,2456.15,454.019
2026-09-11 11:30:00,2456.15,2456.53,2454.46,2454.47,443.6905
2026-09-11 11:35:00,2454.46,2457.66,2454.45,2456.6,268.6699
2026-09-11 11:40:00,2456.59,2459.29,2456.52,2459.13,151.1502
2026-09-11 11:45:00,2459.14,2460.36,2457.63,2457.63,542.4226
2026-09-11 11:50:00,2457.63,2458.97,2456.12,2457.62,324.0645
2026-09-11 11:55:00,2457.63,2458.69,2456.86,2458.27,899.7066
2026-09-11 12:00:00,2458.27,2460.37,2457.15,2457.47,931.5121
2026-09-11 12:05:00,2457.47,2457.62,2450.93,2451.81,1101.8546
2026-09-11 12:10:00,2451.8,2454.97,2451.28,2452.47,875.6306
2026-09-11 12:15:00,2452.47,2458.51,2451.4,2454.54,953.3322
2026-09-11 12:20:00,2454.54,2459.06,2454.53,2455.58,993.7188
2026-09-11 12:25:00,2455.58,2478.35,2454.64,2465.63,5266.3813
2026-09-11 12:30:00,2465.52,2477.76,2433.77,2471.25,19014.3269
2026-09-11 12:35:00,2471.26,2500.62,2469.84,2499.36,18245.2986
2026-09-11 12:40:00,2499.37,2504.3,2486.51,2493.97,6137.5627
2026-09-11 12:45:00,2493.97,2514.36,2493.52,2504.41,11029.9696
2026-09-11 12:50:00,2504.4,2515.25,2503.63,2510.16,7232.6876
2026-09-11 12:55:00,2510.16,2512.15,2504.22,2511.22,4614.6889
2026-09-11 13:00:00,2511.22,2511.84,2501.06,2501.98,3136.3225
2026-09-11 13:05:00,2501.97,2508.67,2495.59,2495.66,3267.4569
2026-09-11 13:10:00,2495.66,2502.52,2495.66,2502.15,2752.6194
2026-09-11 13:15:00,2502.15,2502.45,2498.2,2501.9,3246.8564
2026-09-11 13:20:00,2501.9,2512.45,2501.9,2508.37,9986.6941
2026-09-11 13:25:00,2508.37,2509.14,2501.0,2501.08,4434.9052
2026-09-11 13:30:00,2501.08,2508.18,2496.08,2501.29,2247.8517
2026-09-11 13:35:00,2501.3,2507.08,2490.49,2507.08,5038.7709
2026-09-11 13:40:00,2507.09,2524.99,2504.73,2524.23,16531.455
2026-09-11 13:45:00,2524.24,2587.02,2519.36,2581.89,31824.8398
2026-09-11 13:50:00,2581.51,2604.51,2571.18,2590.69,28185.5987
2026-09-11 13:55:00,2590.69,2647.91,2590.69,2629.62,27270.0931
2026-09-11 14:00:00,2629.63,2665.99,2624.26,2639.73,27341.2175
2026-09-11 14:05:00,2639.73,2641.94,2610.71,2618.8,14568.0088
2026-09-11 14:10:00,2618.8,2619.36,2598.73,2612.45,11314.4116
2026-09-11 14:15:00,2612.46,2617.03,2604.44,2615.76,7962.3106
2026-09-11 14:20:00,2615.76,2620.01,2610.39,2616.54,5792.5337
2026-09-11 14:25:00,2616.55,2624.49,2612.88,2618.68,9303.0097
2026-09-11 14:30:00,2618.69,2620.0,2609.5,2609.51,4086.6765
2026-09-11 14:35:00,2609.52,2613.13,2603.78,2610.21,3690.7173
2026-09-11 14:40:00,2610.21,2613.41,2602.13,2607.81,2857.9611
2026-09-11 14:45:00,2607.83,2613.59,2592.92,2600.2,9583.5612
2026-09-11 14:50:00,2600.21,2605.12,2594.32,2603.73,3583.0717
2026-09-11 14:55:00,2603.73,2609.79,2602.97,2607.93,2360.6363
2026-09-11 15:00:00,2607.94,2610.0,2599.59,2604.9,2118.0938
2026-09-11 15:05:00,2604.9,2611.97,2603.22,2607.84,7300.4133
2026-09-11 15:10:00,2607.85,2608.32,2585.96,2603.15,5541.4122
2026-09-11 15:15:00,2603.15,2616.64,2602.71,2615.12,6184.9606
2026-09-11 15:20:00,2615.12,2617.03,2610.42,2614.11,2791.4635
2026-09-11 15:25:00,2614.12,2615.0,2611.43,2611.43,2255.4571
2026-09-11 15:30:00,2611.43,2615.72,2608.5,2615.71,1762.9153
2026-09-11 15:35:00,2615.71,2615.72,2607.52,2612.91,1919.2631
2026-09-11 15:40:00,2612.92,2614.61,2608.15,2608.39,2220.4793
2026-09-11 15:45:00,2608.38,2610.85,2606.82,2608.08,2582.9856
2026-09-11 15:50:00,2608.09,2608.87,2553.69,2560.2,18777.0141
2026-09-11 15:55:00,2560.2,2565.69,2544.03,2559.42,10167.0506
2026-09-11 16:00:00,2559.43,2575.05,2557.56,2569.49,5566.9497
2026-09-11 16:05:00,2569.5,2577.75,2566.25,2573.48,3353.9957
2026-09-11 16:10:00,2573.48,2574.53,2560.37,2560.8,3173.5766
2026-09-11 16:15:00,2560.79,2565.84,2548.98,2551.96,5316.4794
2026-09-11 16:20:00,2551.95,2554.71,2544.0,2553.78,3882.4542
2026-09-11 16:25:00,2553.79,2568.0,2553.23,2564.69,2843.3974
2026-09-11 16:30:00,2564.7,2572.33,2559.88,2570.67,3007.5422
2026-09-11 16:35:00,2570.68,2571.12,2564.35,2566.02,2406.6
2026-09-11 16:40:00,2566.01,2571.55,2565.33,2571.42,1526.4406
2026-09-11 16:45:00,2571.42,2583.86,2570.24,2578.23,5453.3154
2026-09-11 16:50:00,2578.24,2581.27,2576.86,2579.76,1412.6013
2026-09-11 16:55:00,2579.77,2581.78,2575.22,2577.78,1448.3844
2026-09-11 17:00:00,2577.78,2580.2,2574.64,2579.87,1751.5729
2026-09-11 17:05:00,2579.86,2582.01,2574.41,2575.05,1244.2829
2026-09-11 17:10:00,2575.05,2575.56,2570.47,2570.65,1144.8696
2026-09-11 17:15:00,2570.65,2579.91,2570.65,2578.29,1461.6046
2026-09-11 17:20:00,2578.28,2579.13,2570.87,2576.91,1030.3354
2026-09-11 17:25:00,2576.9,2579.0,2575.91,2576.03,784.3103
2026-09-11 17:30:00,2576.04,2579.41,2575.07,2576.88,703.2153
2026-09-11 17:35:00,2576.87,2576.88,2567.48,2567.88,2514.6222
2026-09-11 17:40:00,2567.89,2571.43,2566.32,2569.18,1500.8328
2026-09-11 17:45:00,2569.18,2572.99,2568.78,2571.44,745.3507
2026-09-11 17:50:00,2571.44,2571.44,2563.93,2564.03,842.2913
2026-09-11 17:55:00,2564.02,2569.97,2563.08,2566.72,930.6916
2026-09-11 18:00:00,2566.72,2568.37,2546.0,2551.26,3715.2367
2026-09-11 18:05:00,2551.26,2551.28,2529.0,2538.53,8126.745
2026-09-11 18:10:00,2538.54,2543.35,2534.85,2539.68,2643.8477
2026-09-11 18:15:00,2539.67,2549.39,2536.32,2548.41,1691.3359
2026-09-11 18:20:00,2548.4,2548.44,2542.76,2544.07,1540.5556
2026-09-11 18:25:00,2544.06,2544.96,2538.25,2544.54,1501.5132
2026-09-11 18:30:00,2544.53,2546.9,2541.03,2546.7,1008.5157
2026-09-11 18:35:00,2546.69,2548.42,2542.7,2546.33,1065.8361
2026-09-11 18:40:00,2546.34,2548.11,2540.6,2541.78,700.1991
2026-09-11 18:45:00,2541.77,2550.53,2538.9,2542.5,2441.5103
2026-09-11 18:50:00,2542.5,2542.58,2530.63,2532.86,2710.6481
2026-09-11 18:55:00,2532.85,2537.69,2531.29,2537.3,1027.9731
2026-09-11 19:00:00,2537.31,2542.0,2532.94,2542.0,1178.555
2026-09-11 19:05:00,2542.0,2547.4,2541.89,2545.06,1177.5014
2026-09-11 19:10:00,2545.05,2546.59,2542.61,2545.37,799.9212
2026-09-11 19:15:00,2545.37,2545.65,2538.13,2541.4,1487.8915
2026-09-11 19:20:00,2541.41,2545.59,2539.29,2545.42,686.3096
2026-09-11 19:25:00,2545.43,2548.34,2545.43,2545.75,550.5093
2026-09-11 19:30:00,2545.75,2547.13,2544.94,2545.78,780.6508
2026-09-11 19:35:00,2545.78,2547.23,2541.7,2544.75,1129.8034
2026-09-11 19:40:00,2544.75,2546.69,2542.56,2543.79,535.2433
2026-09-11 19:45:00,2543.78,2544.1,2540.05,2540.74,534.7806
2026-09-11 19:50:00,2540.74,2543.09,2539.07,2541.36,662.7462
2026-09-11 19:55:00,2541.36,2541.71,2538.1,2539.49,1437.5136
2026-09-11 20:00:00,2539.49,2545.78,2537.62,2545.15,886.4457
2026-09-11 20:05:00,2545.14,2546.24,2542.99,2542.99,625.0528
2026-09-11 20:10:00,2543.0,2547.95,2542.01,2544.71,575.6942
2026-09-11 20:15:00,2544.71,2544.71,2539.32,2540.44,473.4438
2026-09-11 20:20:00,2540.44,2540.49,2538.0,2540.14,721.8587
2026-09-11 20:25:00,2540.14,2541.62,2535.53,2536.69,827.7982
2026-09-11 20:30:00,2536.69,2536.69,2525.0,2533.37,4154.1464
2026-09-11 20:35:00,2533.38,2538.49,2533.0,2538.49,880.2058
2026-09-11 20:40:00,2538.48,2541.66,2536.35,2537.14,1358.1237
2026-09-11 20:45:00,2537.14,2537.75,2526.2,2528.85,946.6337
2026-09-11 20:50:00,2528.85,2531.18,2523.15,2528.43,1956.7394
2026-09-11 20:55:00,2528.44,2531.74,2526.69,2530.85,721.7853
2026-09-11 21:00:00,2530.85,2532.69,2530.7,2532.66,286.2128
2026-09-11 21:05:00,2532.65,2538.46,2531.32,2536.51,857.2175
2026-09-11 21:10:00,2536.51,2540.63,2536.5,2539.23,858.7273
2026-09-11 21:15:00,2539.23,2540.34,2538.7,2538.84,617.431
2026-09-11 21:20:00,2538.83,2539.54,2536.49,2537.53,425.3782
2026-09-11 21:25:00,2537.52,2538.3,2535.94,2536.05,332.6561
2026-09-11 21:30:00,2536.04,2538.43,2534.19,2538.43,352.6386
2026-09-11 21:35:00,2538.42,2538.43,2535.23,2538.1,303.4792
2026-09-11 21:40:00,2538.1,2538.1,2534.35,2535.23,220.0333
2026-09-11 21:45:00,2535.23,2535.59,2529.82,2529.82,486.4582
2026-09-11 21:50:00,2529.82,2530.65,2522.62,2523.24,929.0733
2026-09-11 21:55:00,2523.24,2523.24,2513.46,2516.69,3445.0876
2026-09-11 22:00:00,2516.68,2520.41,2506.3,2519.88,3462.1845
2026-09-11 22:05:00,2519.89,2520.19,2510.28,2510.76,1016.5618
2026-09-11 22:10:00,2510.76,2520.17,2510.76,2520.16,1024.6848
2026-09-11 22:15:00,2520.16,2521.07,2516.78,2520.58,723.639
2026-09-11 22:20:00,2520.58,2522.59,2519.0,2522.5,628.7773
2026-09-11 22:25:00,2522.49,2523.74,2517.01,2518.23,1290.2239
2026-09-11 22:30:00,2518.22,2519.33,2511.01,2511.23,1145.9858
2026-09-11 22:35:00,2511.23,2520.18,2510.4,2520.17,1312.9722
2026-09-11 22:40:00,2520.18,2523.06,2516.38,2517.31,1313.564
2026-09-11 22:45:00,2517.3,2517.3,2511.7,2511.7,744.3442
2026-09-11 22:50:00,2511.7,2513.37,2506.86,2512.79,1479.5223
2026-09-11 22:55:00,2512.78,2515.9,2508.96,2511.79,1736.6914
2026-09-11 23:00:00,2511.79,2514.6,2509.24,2514.59,966.4657
2026-09-11 23:05:00,2514.59,2514.59,2510.1,2513.57,937.0441
2026-09-11 23:10:00,2513.57,2515.05,2512.74,2512.99,767.0847
2026-09-11 23:15:00,2513.0,2515.32,2512.25,2514.86,589.4965
2026-09-11 23:20:00,2514.85,2514.91,2509.75,2510.32,674.7405
2026-09-11 23:25:00,2510.31,2514.74,2510.31,2512.06,612.75
2026-09-11 23:30:00,2512.06,2512.68,2511.2,2511.2,485.6335
2026-09-11 23:35:00,2511.21,2513.72,2511.2,2513.56,373.8249
2026-09-11 23:40:00,2513.57,2514.24,2511.23,2511.34,843.7611
2026-09-11 23:45:00,2511.34,2512.92,2511.33,2512.62,456.5146
2026-09-11 23:50:00,2512.61,2515.9,2512.43,2514.85,650.3381
2026-09-11 23:55:00,2514.84,2516.59,2514.84,2516.43,775.7982
2026-09-12 00:00:00,2516.44,2517.74,2513.62,2516.83,1293.666
2026-09-12 00:05:00,2516.82,2516.82,2511.97,2512.99,678.8903
2026-09-12 00:10:00,2512.99,2517.25,2511.61,2517.25,560.9916
2026-09-12 00:15:00,2517.24,2517.73,2515.54,2516.99,662.6965
2026-09-12 00:20:00,2517.0,2517.0,2515.36,2516.67,525.4997
2026-09-12 00:25:00,2516.67,2516.68,2515.26,2515.48,398.879
2026-09-12 00:30:00,2515.47,2515.48,2512.78,2514.77,491.2561
2026-09-12 00:35:00,2514.77,2514.95,2513.04,2514.63,417.4565
2026-09-12 00:40:00,2514.62,2514.63,2513.24,2513.53,371.7371
2026-09-12 00:45:00,2513.53,2513.53,2511.67,2511.68,471.8341
2026-09-12 00:50:00,2511.68,2513.6,2510.76,2513.51,450.8899
2026-09-12 00:55:00,2513.5,2513.91,2510.76,2510.77,495.6686
2026-09-12 01:00:00,2510.76,2512.67,2509.4,2512.66,609.5394
2026-09-12 01:05:00,2512.67,2515.25,2512.56,2515.09,430.8481
2026-09-12 01:10:00,2515.1,2516.14,2513.9,2516.14,411.0613
2026-09-12 01:15:00,2516.13,2517.07,2515.37,2515.49,548.8719
2026-09-12 01:20:00,2515.49,2515.98,2514.03,2515.96,506.355
2026-09-12 01:25:00,2515.97,2515.97,2512.3,2514.08,546.9667
2026-09-12 01:30:00,2514.08,2515.7,2513.1,2515.3,197.3035
2026-09-12 01:35:00,2515.31,2515.78,2511.72,2513.76,363.0484
2026-09-12 01:40:00,2513.76,2514.88,2512.64,2513.7,156.0676
2026-09-12 01:45:00,2513.71,2515.82,2512.98,2515.7,354.6776
2026-09-12 01:50:00,2515.7,2516.96,2512.81,2515.2,785.0571
2026-09-12 01:55:00,2515.21,2515.21,2513.7,2513.71,229.5401
2026-09-12 02:00:00,2513.71,2515.58,2512.64,2513.59,164.0642
2026-09-12 02:05:00,2513.59,2514.89,2513.14,2514.65,161.9445
2026-09-12 02:10:00,2514.64,2515.9,2513.2,2513.2,117.7387
2026-09-12 02:15:00,2513.2,2513.82,2512.81,2513.18,124.2167
2026-09-12 02:20:00,2513.19,2515.0,2513.02,2514.56,318.2686
2026-09-12 02:25:00,2514.56,2515.11,2513.6,2514.08,188.4769
2026-09-12 02:30:00,2514.08,2514.86,2512.82,2512.82,209.171
2026-09-12 02:35:00,2512.82,2514.69,2512.52,2514.13,950.3773
2026-09-12 02:40:00,2514.12,2515.75,2512.13,2513.82,642.1545
2026-09-12 02:45:00,2513.81,2515.35,2512.55,2514.44,423.4325
2026-09-12 02:50:00,2514.44,2514.88,2512.36,2514.49,333.1335
2026-09-12 02:55:00,2514.48,2515.56,2512.77,2514.54,474.2964
2026-09-12 03:00:00,2514.53,2515.2,2512.01,2515.19,194.3475
2026-09-12 03:05:00,2515.2,2515.83,2512.22,2513.97,657.567
2026-09-12 03:10:00,2513.97,2516.04,2512.79,2513.73,397.4738
2026-09-12 03:15:00,2513.73,2516.29,2512.33,2514.37,569.3965
2026-09-12 03:20:00,2514.37,2514.38,2509.57,2511.31,702.0349
2026-09-12 03:25:00,2511.3,2513.54,2511.28,2513.53,168.6555
2026-09-12 03:30:00,2513.53,2513.83,2512.57,2513.3,233.9471
2026-09-12 03:35:00,2513.3,2513.33,2512.58,2512.63,206.6991
2026-09-12 03:40:00,2512.64,2513.17,2512.04,2512.8,117.7892
2026-09-12 03:45:00,2512.8,2512.8,2511.59,2512.51,156.245
2026-09-12 03:50:00,2512.52,2513.69,2512.34,2513.59,147.3442
2026-09-12 03:55:00,2513.59,2513.69,2513.13,2513.29,143.3277
2026-09-12 04:00:00,2513.29,2513.64,2512.44,2512.78,265.8242
2026-09-12 04:05:00,2512.78,2513.66,2512.78,2513.15,103.873
2026-09-12 04:10:00,2513.15,2513.23,2512.66,2513.1,87.1969
2026-09-12 04:15:00,2513.1,2513.57,2510.03,2510.96,432.9597
2026-09-12 04:20:00,2510.95,2511.96,2510.0,2510.85,294.966
2026-09-12 04:25:00,2510.85,2512.2,2510.7,2512.2,203.0123
2026-09-12 04:30:00,2512.19,2514.26,2512.19,2513.08,288.5043
2026-09-12 04:35:00,2513.08,2515.13,2513.08,2515.0,476.0694
2026-09-12 04:40:00,2515.0,2515.0,2513.08,2513.08,562.9977
2026-09-12 04:45:00,2513.08,2513.55,2512.13,2513.55,568.7532
2026-09-12 04:50:00,2513.54,2513.55,2512.5,2512.57,276.5602
2026-09-12 04:55:00,2512.57,2512.95,2512.57,2512.65,196.04
2026-09-12 05:00:00,2512.65,2512.66,2511.62,2512.46,360.0052
2026-09-12 05:05:00,2512.45,2512.71,2511.5,2511.5,285.8942
2026-09-12 05:10:00,2511.51,2512.43,2510.39,2511.23,1033.005
2026-09-12 05:15:00,2511.23,2512.0,2509.63,2511.43,1031.7951
2026-09-12 05:20:00,2511.43,2512.68,2510.26,2511.02,619.3179
2026-09-12 05:25:00,2511.02,2511.75,2509.51,2509.52,796.1954
2026-09-12 05:30:00,2509.51,2512.28,2508.64,2512.27,882.1084
2026-09-12 05:35:00,2512.27,2513.04,2511.07,2511.8,615.858
2026-09-12 05:40:00,2511.79,2511.98,2511.13,2511.55,305.5717
2026-09-12 05:45:00,2511.54,2512.38,2511.54,2512.26,323.4184
2026-09-12 05:50:00,2512.26,2512.44,2512.19,2512.22,290.3873
2026-09-12 05:55:00,2512.22,2512.85,2511.52,2511.7,385.3129
2026-09-12 06:00:00,2511.7,2511.99,2511.44,2511.48,392.7854
2026-09-12 06:05:00,2511.48,2511.48,2510.61,2510.99,400.8093
2026-09-12 06:10:00,2511.0,2511.45,2510.4,2510.83,656.4242
2026-09-12 06:15:00,2510.83,2512.89,2510.54,2512.18,677.0946
2026-09-12 06:20:00,2512.18,2512.76,2511.75,2511.76,508.5897
2026-09-12 06:25:00,2511.75,2512.88,2511.75,2512.24,395.7679
2026-09-12 06:30:00,2512.22,2516.06,2512.22,2513.83,1145.8777
2026-09-12 06:35:00,2513.83,2515.61,2513.29,2515.6,416.8163
2026-09-12 06:40:00,2515.61,2518.72,2515.19,2518.72,1201.0634
2026-09-12 06:45:00,2518.71,2522.68,2518.18,2521.09,1481.2112
2026-09-12 06:50:00,2521.09,2521.9,2520.34,2520.35,1092.1363
2026-09-12 06:55:00,2520.35,2520.96,2518.85,2519.63,922.3428
2026-09-12 07:00:00,2519.63,2524.44,2519.62,2522.52,1037.2838
2026-09-12 07:05:00,2522.52,2525.04,2521.8,2524.88,1253.0817
2026-09-12 07:10:00,2524.88,2525.39,2523.33,2524.65,1036.4089
2026-09-12 07:15:00,2524.65,2524.65,2522.26,2522.52,649.8399
2026-09-12 07:20:00,2522.52,2525.0,2522.51,2524.17,1743.7098
2026-09-12 07:25:00,2524.16,2524.35,2523.07,2523.23,577.7585
2026-09-12 07:30:00,2523.23,2523.46,2522.25,2522.26,437.9443
2026-09-12 07:35:00,2522.25,2523.36,2522.25,2522.6,372.7501
2026-09-12 07:40:00,2522.61,2523.23,2522.0,2523.1,492.9132
2026-09-12 07:45:00,2523.1,2523.11,2522.07,2523.06,292.3651
2026-09-12 07:50:00,2523.07,2524.3,2522.83,2524.28,253.1758
2026-09-12 07:55:00,2524.28,2524.42,2523.5,2524.19,334.4309
2026-09-12 08:00:00,2524.19,2524.19,2523.24,2523.57,269.6975
2026-09-12 08:05:00,2523.56,2526.76,2523.56,2526.72,471.6386
2026-09-12 08:10:00,2526.73,2528.34,2524.99,2525.86,849.7852
2026-09-12 08:15:00,2525.87,2528.5,2525.69,2527.51,424.1836
2026-09-12 08:20:00,2527.5,2529.64,2527.0,2527.58,862.1827
2026-09-12 08:25:00,2527.58,2529.18,2526.9,2529.17,329.1334
2026-09-12 08:30:00,2529.17,2530.0,2527.9,2529.17,579.6056
2026-09-12 08:35:00,2529.16,2533.24,2527.84,2531.38,783.9977
2026-09-12 08:40:00,2531.37,2533.24,2530.92,2532.85,664.5581
2026-09-12 08:45:00,2532.84,2535.51,2532.39,2534.98,2040.1593
2026-09-12 08:50:00,2534.99,2536.63,2533.96,2533.96,988.1202
2026-09-12 08:55:00,2533.95,2534.44,2532.43,2533.27,332.9532
2026-09-12 09:00:00,2533.28,2536.56,2532.01,2534.51,981.3033
2026-09-12 09:05:00,2534.5,2536.88,2532.29,2532.74,519.0758
2026-09-12 09:10:00,2532.73,2535.47,2532.13,2535.24,903.8167
2026-09-12 09:15:00,2535.24,2537.0,2534.47,2535.32,707.8116
2026-09-12 09:20:00,2535.31,2536.34,2532.64,2535.65,693.9153
2026-09-12 09:25:00,2535.65,2537.02,2534.68,2535.64,900.2595
2026-09-12 09:30:00,2535.64,2537.02,2532.75,2533.17,547.0623
2026-09-12 09:35:00,2533.17,2535.77,2531.78,2534.07,638.8786
2026-09-12 09:40:00,2534.06,2534.72,2531.98,2532.41,494.7141
2026-09-12 09:45:00,2532.4,2532.88,2530.06,2530.07,566.9002
2026-09-12 09:50:00,2530.06,2532.71,2529.6,2529.6,826.8945
2026-09-12 09:55:00,2529.61,2530.94,2529.21,2530.91,421.5487
2026-09-12 10:00:00,2530.91,2534.62,2530.91,2532.92,404.9172
2026-09-12 10:05:00,2532.92,2536.12,2532.92,2534.19,408.5284
2026-09-12 10:10:00,2534.19,2534.49,2533.65,2534.15,111.0642
2026-09-12 10:15:00,2534.14,2534.15,2533.0,2533.0,386.1983
2026-09-12 10:20:00,2533.01,2533.48,2531.99,2531.99,224.7302
2026-09-12 10:25:00,2532.0,2532.0,2531.88,2531.93,117.4109
2026-09-12 10:30:00,2531.93,2531.94,2531.25,2531.25,278.955
2026-09-12 10:35:00,2531.26,2532.01,2531.25,2532.0,401.7876
2026-09-12 10:40:00,2532.0,2533.7,2532.0,2533.16,556.6907
2026-09-12 10:45:00,2533.17,2534.5,2532.56,2533.19,624.4831
2026-09-12 10:50:00,2533.2,2533.2,2531.27,2531.27,189.2791
2026-09-12 10:55:00,2531.28,2533.95,2531.27,2533.42,510.6442
2026-09-12 11:00:00,2533.42,2535.0,2532.55,2532.73,536.6335
2026-09-12 11:05:00,2532.72,2532.99,2531.5,2531.51,105.8694
2026-09-12 11:10:00,2531.5,2532.74,2531.32,2532.2,99.2201
2026-09-12 11:15:00,2532.2,2532.2,2531.03,2532.08,123.0597
2026-09-12 11:20:00,2532.07,2532.66,2532.07,2532.56,81.7638
2026-09-12 11:25:00,2532.56,2532.99,2531.97,2532.98,162.4929
2026-09-12 11:30:00,2532.98,2535.04,2532.98,2534.95,277.1484
2026-09-12 11:35:00,2534.94,2536.57,2534.42,2535.03,266.6342
2026-09-12 11:40:00,2535.02,2537.23,2535.02,2537.06,619.7754
2026-09-12 11:45:00,2537.06,2537.67,2535.84,2536.34,291.1239
2026-09-12 11:50:00,2536.34,2536.49,2535.51,2536.05,326.936
2026-09-12 11:55:00,2536.05,2536.23,2535.61,2536.17,290.2102
2026-09-12 12:00:00,2536.17,2536.18,2534.72,2534.94,648.971
2026-09-12 12:05:00,2534.95,2536.13,2534.95,2535.37,306.2135
2026-09-12 12:10:00,2535.36,2535.37,2533.49,2533.98,413.8392
2026-09-12 12:15:00,2533.99,2535.15,2533.25,2533.57,442.9384
2026-09-12 12:20:00,2533.57,2534.15,2533.56,2533.77,213.2814
2026-09-12 12:25:00,2533.77,2534.5,2533.56,2533.67,257.5706
2026-09-12 12:30:00,2533.68,2533.86,2533.23,2533.36,132.1575
2026-09-12 12:35:00,2533.36,2536.01,2533.35,2535.52,391.3148
2026-09-12 12:40:00,2535.51,2536.44,2534.09,2534.51,270.9191
2026-09-12 12:45:00,2534.5,2537.08,2534.5,2535.5,841.5852
2026-09-12 12:50:00,2535.5,2535.5,2532.01,2532.86,343.2469
2026-09-12 12:55:00,2532.85,2535.54,2532.85,2535.54,393.1045
2026-09-12 13:00:00,2535.53,2536.32,2533.56,2535.88,650.071
2026-09-12 13:05:00,2535.88,2545.98,2535.11,2540.28,2431.0488
2026-09-12 13:10:00,2540.28,2544.2,2539.1,2539.36,1302.1622
2026-09-12 13:15:00,2539.36,2540.92,2536.68,2539.55,1087.0044
2026-09-12 13:20:00,2539.55,2541.0,2539.55,2540.99,328.6432
2026-09-12 13:25:00,2540.99,2542.11,2539.0,2540.98,888.3565
2026-09-12 13:30:00,2540.98,2541.9,2537.92,2541.07,1338.0079
2026-09-12 13:35:00,2541.08,2541.08,2538.77,2539.11,301.7849
2026-09-12 13:40:00,2539.11,2540.46,2538.3,2538.75,637.4305
2026-09-12 13:45:00,2538.74,2539.24,2537.49,2538.87,728.9727
2026-09-12 13:50:00,2538.87,2541.66,2538.57,2541.15,1359.9755
2026-09-12 13:55:00,2541.16,2546.01,2541.15,2544.58,1620.6341
2026-09-12 14:00:00,2544.57,2545.55,2541.94,2543.0,1112.8141
2026-09-12 14:05:00,2542.99,2544.87,2542.41,2542.79,564.5672
2026-09-12 14:10:00,2542.78,2542.79,2540.78,2541.02,1348.9183
2026-09-12 14:15:00,2541.02,2541.87,2541.01,2541.02,714.7107
2026-09-12 14:20:00,2541.01,2543.51,2541.01,2541.02,791.9327
2026-09-12 14:25:00,2541.01,2543.27,2540.84,2542.66,744.6288
2026-09-12 14:30:00,2542.66,2544.68,2540.98,2540.99,1159.2166
2026-09-12 14:35:00,2541.0,2543.71,2541.0,2542.6,691.8812
2026-09-12 14:40:00,2542.6,2544.24,2539.03,2539.74,1221.7127
2026-09-12 14:45:00,2539.74,2541.19,2539.13,2541.18,799.1787
2026-09-12 14:50:00,2541.19,2541.89,2539.9,2540.65,693.9826
2026-09-12 14:55:00,2540.66,2540.83,2539.5,2539.85,562.1676
2026-09-12 15:00:00,2539.85,2540.77,2539.85,2540.35,415.3588
2026-09-12 15:05:00,2540.34,2540.35,2538.43,2538.46,700.8794
2026-09-12 15:10:00,2538.46,2541.12,2537.46,2540.17,690.4457
2026-09-12 15:15:00,2540.18,2542.37,2539.22,2540.06,706.9204
2026-09-12 15:20:00,2540.06,2540.99,2540.06,2540.41,344.5421
2026-09-12 15:25:00,2540.4,2542.39,2540.38,2540.39,701.4649
2026-09-12 15:30:00,2540.39,2540.93,2537.09,2538.29,724.1061
2026-09-12 15:35:00,2538.3,2538.4,2532.0,2535.74,1645.2958
2026-09-12 15:40:00,2535.73,2536.14,2534.34,2535.22,909.2568
2026-09-12 15:45:00,2535.23,2536.0,2532.46,2532.77,768.0105
2026-09-12 15:50:00,2532.77,2533.58,2532.76,2533.54,868.5877
2026-09-12 15:55:00,2533.54,2536.67,2533.02,2535.08,819.0937
2026-09-12 16:00:00,2535.09,2536.45,2535.08,2535.79,607.0796
2026-09-12 16:05:00,2535.79,2536.07,2532.57,2533.64,925.382
2026-09-12 16:10:00,2533.64,2535.19,2533.64,2535.16,307.2975
2026-09-12 16:15:00,2535.17,2535.45,2534.4,2534.4,719.939
2026-09-12 16:20:00,2534.41,2534.41,2533.83,2533.97,347.2909
2026-09-12 16:25:00,2533.97,2533.97,2532.56,2532.57,1326.0274
2026-09-12 16:30:00,2532.56,2532.91,2532.38,2532.91,1093.4562
2026-09-12 16:35:00,2532.91,2532.91,2531.14,2531.88,532.8444
2026-09-12 16:40:00,2531.88,2532.71,2530.05,2530.5,788.078
2026-09-12 16:45:00,2530.5,2531.61,2530.4,2531.18,625.074
2026-09-12 16:50:00,2531.17,2531.73,2530.79,2531.73,479.7425
2026-09-12 16:55:00,2531.73,2532.7,2530.74,2531.78,1105.823
2026-09-12 17:00:00,2531.78,2533.36,2531.15,2532.79,833.4787
2026-09-12 17:05:00,2532.79,2533.44,2532.78,2533.43,427.1359
2026-09-12 17:10:00,2533.44,2534.58,2530.94,2532.12,952.0932
2026-09-12 17:15:00,2532.12,2533.51,2530.33,2530.84,556.404
2026-09-12 17:20:00,2530.85,2530.85,2527.5,2528.05,1888.0345
2026-09-12 17:25:00,2528.05,2528.66,2527.5,2527.82,350.4704
2026-09-12 17:30:00,2527.82,2528.08,2524.78,2527.0,758.3452
2026-09-12 17:35:00,2527.0,2527.46,2525.0,2525.05,577.1824
2026-09-12 17:40:00,2525.04,2527.0,2524.77,2526.99,475.4332
2026-09-12 17:45:00,2526.99,2526.99,2525.78,2525.79,461.8371
2026-09-12 17:50:00,2525.78,2526.27,2525.19,2526.26,464.308
2026-09-12 17:55:00,2526.26,2526.3,2525.9,2525.91,334.6027
2026-09-12 18:00:00,2525.9,2525.91,2524.44,2524.53,392.0943
2026-09-12 18:05:00,2524.53,2527.61,2524.52,2526.05,1048.1108
2026-09-12 18:10:00,2526.05,2526.05,2523.83,2524.0,968.6269
2026-09-12 18:15:00,2524.0,2525.45,2522.26,2523.52,1375.4551
2026-09-12 18:20:00,2523.52,2528.01,2523.52,2526.8,1768.8622
2026-09-12 18:25:00,2526.8,2527.13,2524.14,2524.89,593.9718
2026-09-12 18:30:00,2524.88,2526.07,2523.45,2524.17,520.5933
2026-09-12 18:35:00,2524.17,2525.92,2521.49,2525.51,1350.6857
2026-09-12 18:40:00,2525.51,2525.52,2523.84,2524.19,384.2372
2026-09-12 18:45:00,2524.19,2524.41,2523.52,2523.53,487.4994
2026-09-12 18:50:00,2523.53,2523.53,2520.66,2521.66,483.3153
2026-09-12 18:55:00,2521.67,2522.5,2521.66,2522.38,300.6437
2026-09-12 19:00:00,2522.38,2522.5,2520.77,2521.59,889.353
2026-09-12 19:05:00,2521.59,2523.07,2520.77,2521.4,660.7457
2026-09-12 19:10:00,2521.4,2522.91,2519.53,2522.9,816.1479
2026-09-12 19:15:00,2522.91,2522.91,2520.69,2521.85,337.6157
2026-09-12 19:20:00,2521.85,2521.89,2519.9,2520.52,395.9009
2026-09-12 19:25:00,2520.51,2521.69,2519.65,2520.05,738.2433
2026-09-12 19:30:00,2520.05,2520.6,2518.27,2520.6,793.1685
2026-09-12 19:35:00,2520.59,2520.6,2515.79,2515.8,902.8898
2026-09-12 19:40:00,2515.79,2517.74,2515.16,2515.57,826.297
2026-09-12 19:45:00,2515.57,2517.81,2515.57,2517.8,369.6582
2026-09-12 19:50:00,2517.8,2520.0,2517.17,2517.54,977.5192
2026-09-12 19:55:00,2517.55,2519.76,2517.54,2519.63,282.7786
2026-09-12 20:00:00,2519.62,2520.96,2519.62,2520.96,656.9142
2026-09-12 20:05:00,2520.96,2522.6,2520.95,2522.04,676.1406
2026-09-12 20:10:00,2522.05,2522.56,2522.04,2522.56,405.6214
2026-09-12 20:15:00,2522.56,2524.23,2521.21,2522.01,676.1019
2026-09-12 20:20:00,2522.0,2522.87,2521.74,2522.69,489.0733
2026-09-12 20:25:00,2522.7,2523.56,2522.39,2523.2,401.2109
2026-09-12 20:30:00,2523.2,2523.56,2522.21,2522.25,351.7468
2026-09-12 20:35:00,2522.25,2522.93,2521.4,2521.53,342.7456
2026-09-12 20:40:00,2521.53,2523.56,2521.5,2522.63,610.3268
2026-09-12 20:45:00,2522.64,2523.28,2521.52,2522.92,511.4443
2026-09-12 20:50:00,2522.93,2523.73,2520.53,2520.82,851.2573
2026-09-12 20:55:00,2520.82,2520.83,2520.81,2520.82,261.3191
2026-09-12 21:00:00,2520.83,2523.67,2520.03,2523.67,658.1328
2026-09-12 21:05:00,2523.66,2527.5,2523.66,2527.11,573.2712
2026-09-12 21:10:00,2527.11,2529.2,2524.31,2525.97,1196.2811
2026-09-12 21:15:00,2525.97,2525.98,2523.6,2523.94,190.1793
2026-09-12 21:20:00,2523.88,2524.36,2523.37,2524.25,128.8326
2026-09-12 21:25:00,2524.24,2525.01,2524.08,2524.77,104.826
2026-09-12 21:30:00,2524.78,2525.07,2524.77,2525.04,92.4963
2026-09-12 21:35:00,2525.04,2525.91,2525.04,2525.13,160.6297
2026-09-12 21:40:00,2525.12,2525.46,2523.81,2524.05,183.4028
2026-09-12 21:45:00,2524.06,2524.68,2522.86,2524.16,143.3555
2026-09-12 21:50:00,2524.16,2524.31,2522.4,2524.31,152.4077
2026-09-12 21:55:00,2524.3,2524.55,2523.5,2524.0,147.5435
2026-09-12 22:00:00,2524.0,2524.01,2521.97,2523.83,461.5163
2026-09-12 22:05:00,2523.84,2524.56,2521.57,2523.82,387.1546
2026-09-12 22:10:00,2523.81,2523.83,2522.01,2523.7,500.9301
2026-09-12 22:15:00,2523.71,2524.93,2522.88,2524.74,346.59
2026-09-12 22:20:00,2524.73,2526.19,2524.73,2525.66,373.6906
2026-09-12 22:25:00,2525.65,2525.66,2521.1,2521.1,546.9953
2026-09-12 22:30:00,2521.09,2523.15,2520.63,2520.63,529.8507
2026-09-12 22:35:00,2520.64,2522.11,2520.6,2521.84,100.8852
2026-09-12 22:40:00,2521.84,2521.85,2521.21,2521.67,94.8754
2026-09-12 22:45:00,2521.67,2521.92,2521.67,2521.91,44.2974
2026-09-12 22:50:00,2521.91,2523.48,2521.89,2523.29,196.361
2026-09-12 22:55:00,2523.3,2523.62,2522.18,2523.0,181.0501
2026-09-12 23:00:00,2522.99,2524.31,2522.5,2523.76,181.4709
2026-09-12 23:05:00,2523.76,2524.34,2523.76,2524.33,80.4959
2026-09-12 23:10:00,2524.33,2524.85,2524.33,2524.72,224.0721
2026-09-12 23:15:00,2524.72,2525.27,2524.3,2524.77,168.1545
2026-09-12 23:20:00,2524.78,2524.78,2524.18,2524.5,104.6793
2026-09-12 23:25:00,2524.5,2524.5,2524.29,2524.49,86.0339
2026-09-12 23:30:00,2524.5,2525.0,2524.28,2524.29,229.6956
2026-09-12 23:35:00,2524.29,2524.9,2524.28,2524.9,148.7839
2026-09-12 23:40:00,2524.9,2525.47,2524.9,2525.01,128.5411
2026-09-12 23:45:00,2525.0,2525.5,2525.0,2525.5,97.123
2026-09-12 23:50:00,2525.5,2526.33,2525.49,2526.31,173.9398
2026-09-12 23:55:00,2526.32,2527.33,2525.92,2525.93,522.3345
2026-09-13 00:00:00,2525.92,2526.22,2525.49,2525.87,227.144
2026-09-13 00:05:00,2525.88,2526.89,2525.87,2526.6,132.7644
2026-09-13 00:10:00,2526.6,2527.24,2525.01,2525.02,147.2906
2026-09-13 00:15:00,2525.02,2525.75,2525.01,2525.43,441.1171
2026-09-13 00:20:00,2525.42,2525.42,2525.04,2525.04,96.6338
2026-09-13 00:25:00,2525.04,2526.44,2525.04,2525.67,193.8227
2026-09-13 00:30:00,2525.68,2525.68,2525.67,2525.68,46.1607
2026-09-13 00:35:00,2525.67,2526.32,2525.67,2526.1,119.536
2026-09-13 00:40:00,2526.1,2526.1,2523.35,2524.03,246.4269
2026-09-13 00:45:00,2524.03,2525.38,2524.03,2524.63,108.3581
2026-09-13 00:50:00,2524.62,2525.77,2524.62,2525.76,71.5752
2026-09-13 00:55:00,2525.76,2525.77,2525.22,2525.23,51.3931
2026-09-13 01:00:00,2525.22,2525.6,2524.35,2524.35,127.0966
2026-09-13 01:05:00,2524.36,2525.17,2523.81,2525.0,243.9862
2026-09-13 01:10:00,2524.99,2525.92,2524.16,2524.87,447.168
2026-09-13 01:15:00,2524.87,2525.51,2523.54,2525.49,386.6904
2026-09-13 01:20:00,2525.49,2527.56,2525.49,2527.56,325.1164
2026-09-13 01:25:00,2527.56,2527.56,2524.15,2524.5,471.82
2026-09-13 01:30:00,2524.5,2524.5,2522.96,2522.97,209.0
2026-09-13 01:35:00,2522.96,2525.61,2522.49,2525.53,441.826
2026-09-13 01:40:00,2525.54,2525.66,2524.38,2525.19,204.0028
2026-09-13 01:45:00,2525.19,2527.39,2525.18,2525.4,339.4889
2026-09-13 01:50:00,2525.39,2526.14,2525.24,2525.96,247.5717
2026-09-13 01:55:00,2525.96,2526.35,2524.88,2525.95,436.3127
2026-09-13 02:00:00,2525.95,2525.95,2524.96,2525.01,227.2172
2026-09-13 02:05:00,2525.02,2525.02,2523.33,2523.34,254.9003
2026-09-13 02:10:00,2523.33,2523.33,2522.84,2523.13,138.4233
2026-09-13 02:15:00,2523.14,2523.14,2523.06,2523.07,181.5192
2026-09-13 02:20:00,2523.07,2523.14,2522.61,2523.14,116.5971
2026-09-13 02:25:00,2523.13,2523.14,2521.74,2522.45,209.0065
2026-09-13 02:30:00,2522.45,2523.48,2521.74,2522.24,373.1735
2026-09-13 02:35:00,2522.24,2523.18,2521.48,2521.49,754.8983
2026-09-13 02:40:00,2521.49,2523.56,2521.0,2523.22,546.3294
2026-09-13 02:45:00,2523.22,2523.44,2522.51,2523.18,335.8244
2026-09-13 02:50:00,2523.19,2523.39,2521.02,2522.29,995.126
2026-09-13 02:55:00,2522.29,2523.18,2521.71,2521.71,373.7278
2026-09-13 03:00:00,2521.72,2522.76,2519.99,2522.07,553.018
2026-09-13 03:05:00,2522.07,2522.08,2520.31,2520.32,82.3047
2026-09-13 03:10:00,2520.31,2521.47,2520.14,2520.81,164.3382
2026-09-13 03:15:00,2520.81,2520.93,2520.28,2520.8,216.1273
2026-09-13 03:20:00,2520.81,2521.37,2520.8,2521.36,80.7688
2026-09-13 03:25:00,2521.37,2522.17,2520.64,2520.84,452.56
2026-09-13 03:30:00,2520.84,2520.85,2519.08,2520.21,287.6828
2026-09-13 03:35:00,2520.21,2521.06,2520.21,2520.21,309.6177
2026-09-13 03:40:00,2520.2,2521.92,2520.2,2521.91,144.2792
2026-09-13 03:45:00,2521.92,2522.78,2520.62,2520.86,421.1386
2026-09-13 03:50:00,2520.85,2521.51,2519.72,2521.3,291.713
2026-09-13 03:55:00,2521.29,2522.07,2520.35,2520.82,446.1507
2026-09-13 04:00:00,2520.81,2520.98,2520.65,2520.78,182.9796
2026-09-13 04:05:00,2520.78,2522.65,2520.32,2521.27,456.1218
2026-09-13 04:10:00,2521.27,2523.29,2520.74,2521.42,520.4163
2026-09-13 04:15:00,2521.42,2523.3,2521.42,2523.17,283.5349
2026-09-13 04:20:00,2523.16,2523.2,2521.86,2523.19,146.9902
2026-09-13 04:25:00,2523.19,2523.2,2523.1,2523.11,59.4616
2026-09-13 04:30:00,2523.1,2523.11,2522.47,2522.48,69.6038
2026-09-13 04:35:00,2522.47,2522.48,2519.2,2519.25,557.0319
2026-09-13 04:40:00,2519.25,2520.01,2519.25,2520.0,183.2625
2026-09-13 04:45:00,2520.01,2520.03,2520.0,2520.02,89.4471
2026-09-13 04:50:00,2520.02,2520.03,2519.84,2519.86,157.1214
2026-09-13 04:55:00,2519.85,2520.56,2519.84,2520.03,168.8145
2026-09-13 05:00:00,2520.04,2521.43,2520.03,2521.43,93.2514
2026-09-13 05:05:00,2521.43,2521.76,2521.42,2521.75,120.9991
2026-09-13 05:10:00,2521.75,2522.24,2521.75,2522.23,65.9115
2026-09-13 05:15:00,2522.23,2522.24,2522.23,2522.24,74.2872
2026-09-13 05:20:00,2522.23,2522.52,2522.23,2522.38,64.0443
2026-09-13 05:25:00,2522.38,2522.9,2520.39,2522.61,946.79
2026-09-13 05:30:00,2522.6,2523.7,2522.6,2523.55,765.9495
2026-09-13 05:35:00,2523.55,2523.55,2523.27,2523.27,236.91
2026-09-13 05:40:00,2523.28,2524.05,2523.22,2523.23,523.0606
2026-09-13 05:45:00,2523.23,2523.49,2523.22,2523.43,1296.1831
2026-09-13 05:50:00,2523.42,2523.43,2523.22,2523.22,277.7284
2026-09-13 05:55:00,2523.22,2523.23,2522.51,2522.52,123.5169
2026-09-13 06:00:00,2522.52,2522.52,2522.5,2522.51,127.0908
2026-09-13 06:05:00,2522.5,2522.51,2522.45,2522.46,260.5531
2026-09-13 06:10:00,2522.45,2522.84,2522.33,2522.55,402.6826
2026-09-13 06:15:00,2522.55,2522.55,2521.5,2522.24,299.5215
2026-09-13 06:20:00,2522.23,2522.5,2521.28,2521.87,338.7946
2026-09-13 06:25:00,2521.87,2521.89,2521.86,2521.89,194.5738
2026-09-13 06:30:00,2521.88,2521.98,2521.31,2521.37,255.101
2026-09-13 06:35:00,2521.38,2521.38,2520.39,2520.4,310.5903
2026-09-13 06:40:00,2520.39,2520.4,2518.64,2519.83,388.2909
2026-09-13 06:45:00,2519.83,2519.83,2515.0,2516.75,1021.8604
2026-09-13 06:50:00,2516.74,2516.75,2511.31,2511.63,900.8026
2026-09-13 06:55:00,2511.64,2513.37,2509.63,2513.19,1068.7964
2026-09-13 07:00:00,2513.19,2514.15,2511.92,2513.72,419.9925
2026-09-13 07:05:00,2513.72,2515.51,2513.71,2515.51,500.6966
2026-09-13 07:10:00,2515.51,2515.51,2514.66,2515.24,305.3774
2026-09-13 07:15:00,2515.25,2515.52,2514.68,2515.24,307.8998
2026-09-13 07:20:00,2515.23,2515.77,2515.23,2515.28,354.9517
2026-09-13 07:25:00,2515.28,2515.92,2513.81,2515.91,454.8531
2026-09-13 07:30:00,2515.92,2516.4,2514.21,2516.37,502.2792
2026-09-13 07:35:00,2516.37,2517.0,2514.6,2516.35,437.566
2026-09-13 07:40:00,2516.36,2520.44,2516.35,2519.98,650.0756
2026-09-13 07:45:00,2519.97,2520.26,2518.22,2519.96,285.5411
2026-09-13 07:50:00,2519.95,2519.96,2518.05,2518.68,159.2588
2026-09-13 07:55:00,2518.68,2518.71,2517.11,2517.94,452.9927
2026-09-13 08:00:00,2517.94,2519.68,2517.1,2519.0,633.7142
2026-09-13 08:05:00,2519.0,2519.01,2517.31,2517.52,279.8881
2026-09-13 08:10:00,2517.52,2517.52,2512.89,2515.2,678.9952
2026-09-13 08:15:00,2515.19,2515.19,2510.5,2512.07,555.2983
2026-09-13 08:20:00,2512.06,2513.01,2511.6,2511.61,225.1913
2026-09-13 08:25:00,2511.61,2511.61,2510.55,2510.72,203.55
2026-09-13 08:30:00,2510.71,2510.71,2497.6,2500.55,5976.4793
2026-09-13 08:35:00,2500.55,2501.44,2488.04,2490.08,9022.2442
2026-09-13 08:40:00,2490.06,2496.24,2487.82,2493.02,1927.8
2026-09-13 08:45:00,2493.02,2496.42,2492.49,2496.21,814.3333
2026-09-13 08:50:00,2496.21,2496.47,2492.96,2494.85,1701.0059
2026-09-13 08:55:00,2494.86,2495.34,2492.13,2494.29,733.9824
2026-09-13 09:00:00,2494.3,2496.45,2494.14,2496.37,457.2007
2026-09-13 09:05:00,2496.36,2497.34,2495.28,2495.45,444.5855
2026-09-13 09:10:00,2495.45,2495.46,2493.0,2493.01,486.8569
2026-09-13 09:15:00,2493.01,2493.61,2489.63,2492.65,667.1412
2026-09-13 09:20:00,2492.64,2494.52,2475.77,2480.49,3385.9549
2026-09-13 09:25:00,2480.48,2485.9,2475.0,2481.61,2035.3789
2026-09-13 09:30:00,2481.61,2483.51,2470.78,2474.5,3610.6915
2026-09-13 09:35:00,2474.5,2484.65,2474.18,2480.38,2254.4401
2026-09-13 09:40:00,2480.37,2482.31,2479.06,2480.93,593.3501
2026-09-13 09:45:00,2480.93,2483.94,2479.8,2483.91,441.4483
2026-09-13 09:50:00,2483.92,2484.28,2481.26,2484.14,391.0369
2026-09-13 09:55:00,2484.13,2485.81,2482.77,2485.18,483.4717
2026-09-13 10:00:00,2485.18,2485.85,2484.25,2484.48,474.8536
2026-09-13 10:05:00,2484.49,2486.1,2483.61,2485.53,411.2556
2026-09-13 10:10:00,2485.53,2485.54,2482.17,2483.44,472.1589
2026-09-13 10:15:00,2483.44,2484.24,2480.5,2481.05,870.4151
2026-09-13 10:20:00,2481.05,2481.45,2480.26,2480.68,418.1881
2026-09-13 10:25:00,2480.69,2480.69,2480.0,2480.0,296.6075
2026-09-13 10:30:00,2480.01,2483.63,2479.82,2483.29,185.6953
2026-09-13 10:35:00,2483.29,2483.71,2480.43,2481.03,198.4235
2026-09-13 10:40:00,2481.03,2481.04,2473.64,2475.35,927.1686
2026-09-13 10:45:00,2475.36,2478.99,2475.36,2478.7,231.1522
2026-09-13 10:50:00,2478.7,2478.7,2475.07,2475.79,474.9528
2026-09-13 10:55:00,2475.79,2476.69,2468.04,2472.18,7442.7792
2026-09-13 11:00:00,2472.19,2477.76,2467.5,2477.5,2881.4505
2026-09-13 11:05:00,2477.51,2477.57,2472.36,2472.69,839.1648
2026-09-13 11:10:00,2472.69,2474.0,2469.83,2469.83,1311.4246
2026-09-13 11:15:00,2469.83,2474.4,2469.82,2472.96,2208.1018
2026-09-13 11:20:00,2472.95,2476.3,2472.05,2475.51,914.086
2026-09-13 11:25:00,2475.5,2475.72,2474.65,2475.02,455.6377
2026-09-13 11:30:00,2475.02,2476.64,2473.6,2476.64,534.8018
2026-09-13 11:35:00,2476.63,2478.51,2476.63,2478.49,839.1863
2026-09-13 11:40:00,2478.48,2480.26,2478.48,2480.25,802.5223
2026-09-13 11:45:00,2480.25,2481.67,2479.27,2481.01,807.5904
2026-09-13 11:50:00,2481.02,2482.14,2479.98,2480.24,882.1038
2026-09-13 11:55:00,2480.23,2481.05,2479.76,2481.05,359.9367
2026-09-13 12:00:00,2481.06,2481.09,2478.94,2479.32,512.8669
2026-09-13 12:05:00,2479.33,2480.64,2479.04,2479.05,561.9386
2026-09-13 12:10:00,2479.05,2481.91,2479.05,2481.26,831.0165
2026-09-13 12:15:00,2481.26,2483.31,2481.26,2483.04,578.0851
2026-09-13 12:20:00,2483.04,2483.04,2481.68,2481.79,841.9312
2026-09-13 12:25:00,2481.79,2481.79,2480.78,2480.79,378.6583
2026-09-13 12:30:00,2480.79,2482.59,2476.16,2478.37,738.0093
2026-09-13 12:35:00,2478.38,2478.74,2475.48,2477.6,722.0258
2026-09-13 12:40:00,2477.6,2477.67,2475.0,2476.03,570.6916
2026-09-13 12:45:00,2476.04,2476.97,2475.27,2475.62,529.3473
2026-09-13 12:50:00,2475.61,2478.25,2475.39,2477.35,405.3261
2026-09-13 12:55:00,2477.35,2478.33,2476.42,2477.56,557.0588
2026-09-13 13:00:00,2477.56,2477.57,2474.7,2474.7,439.9157
2026-09-13 13:05:00,2474.7,2476.06,2473.04,2476.06,826.0707
2026-09-13 13:10:00,2476.05,2478.14,2475.73,2477.51,654.6466
2026-09-13 13:15:00,2477.5,2477.5,2472.65,2472.66,860.1848
2026-09-13 13:20:00,2472.66,2473.34,2466.97,2470.36,2213.9292
2026-09-13 13:25:00,2470.36,2470.37,2462.02,2467.14,3003.5617
2026-09-13 13:30:00,2467.13,2472.0,2467.13,2471.04,861.8904
2026-09-13 13:35:00,2471.03,2473.87,2471.03,2473.43,725.5308
2026-09-13 13:40:00,2473.43,2476.62,2472.65,2476.0,655.8337
2026-09-13 13:45:00,2475.99,2480.0,2475.99,2479.99,733.7113
2026-09-13 13:50:00,2479.99,2483.48,2478.14,2478.42,1469.5837
2026-09-13 13:55:00,2478.42,2479.15,2478.14,2479.08,286.6275
2026-09-13 14:00:00,2479.08,2480.67,2478.78,2480.08,525.2815
2026-09-13 14:05:00,2480.08,2484.48,2480.08,2484.26,789.2628
2026-09-13 14:10:00,2484.26,2485.0,2483.18,2485.0,715.1818
2026-09-13 14:15:00,2485.0,2489.89,2484.99,2487.53,1003.8328
2026-09-13 14:20:00,2487.54,2492.03,2487.54,2491.7,921.7311
2026-09-13 14:25:00,2491.71,2492.29,2489.2,2490.64,775.6064
2026-09-13 14:30:00,2490.64,2491.87,2489.01,2489.65,932.0275
2026-09-13 14:35:00,2489.66,2495.04,2489.54,2491.15,980.5888
2026-09-13 14:40:00,2491.15,2493.46,2489.76,2492.79,1236.0159
2026-09-13 14:45:00,2492.78,2495.68,2492.01,2492.01,1222.9513
2026-09-13 14:50:00,2492.02,2492.45,2490.26,2492.44,1154.8796
2026-09-13 14:55:00,2492.44,2493.18,2490.35,2492.76,929.0604
2026-09-13 15:00:00,2492.76,2492.8,2487.1,2487.43,1449.6381
2026-09-13 15:05:00,2487.43,2489.82,2485.42,2488.74,1021.5246
2026-09-13 15:10:00,2488.75,2488.98,2486.98,2488.13,1559.3858
2026-09-13 15:15:00,2488.13,2488.13,2482.86,2485.0,1262.6134
2026-09-13 15:20:00,2485.0,2492.37,2485.0,2490.81,1130.0465
2026-09-13 15:25:00,2490.81,2490.81,2486.57,2486.95,1037.8248
2026-09-13 15:30:00,2486.96,2490.96,2486.96,2490.29,1040.7546
2026-09-13 15:35:00,2490.3,2490.3,2488.01,2488.01,787.3464
2026-09-13 15:40:00,2488.02,2491.37,2487.94,2490.82,816.1849
2026-09-13 15:45:00,2490.83,2491.17,2489.19,2490.86,958.9014
2026-09-13 15:50:00,2490.87,2491.96,2489.8,2491.5,723.6655
2026-09-13 15:55:00,2491.51,2492.85,2490.11,2491.1,923.3843
2026-09-13 16:00:00,2491.1,2496.51,2490.8,2494.39,1314.3911
2026-09-13 16:05:00,2494.38,2500.2,2493.79,2498.22,2225.2089
2026-09-13 16:10:00,2498.22,2505.86,2497.0,2501.32,4181.3588
2026-09-13 16:15:00,2501.33,2501.33,2498.44,2500.49,1693.7209
2026-09-13 16:20:00,2500.5,2502.24,2500.22,2502.23,1056.8593
2026-09-13 16:25:00,2502.23,2504.56,2501.75,2502.85,1271.043
2026-09-13 16:30:00,2502.86,2504.06,2500.61,2500.9,1992.3189
2026-09-13 16:35:00,2500.91,2503.0,2500.6,2502.6,595.5176
2026-09-13 16:40:00,2502.59,2505.26,2502.59,2504.12,1020.4145
2026-09-13 16:45:00,2504.12,2505.02,2502.23,2503.3,966.6907
2026-09-13 16:50:00,2503.3,2505.69,2503.15,2505.36,941.8421
2026-09-13 16:55:00,2505.36,2505.97,2504.59,2504.59,648.6494
2026-09-13 17:00:00,2504.6,2506.62,2504.19,2506.61,484.0441
2026-09-13 17:05:00,2506.61,2508.88,2506.21,2507.43,1201.7818
2026-09-13 17:10:00,2507.43,2513.06,2507.42,2509.43,2051.2536
2026-09-13 17:15:00,2509.43,2510.81,2508.4,2508.61,965.9128
2026-09-13 17:20:00,2508.61,2508.61,2505.99,2506.0,1319.62
2026-09-13 17:25:00,2506.0,2506.25,2505.49,2505.5,1063.9419
2026-09-13 17:30:00,2505.5,2506.13,2503.01,2503.36,1617.1934
2026-09-13 17:35:00,2503.36,2505.3,2503.01,2504.89,1121.9542
2026-09-13 17:40:00,2504.89,2504.9,2503.73,2503.78,594.7502
2026-09-13 17:45:00,2503.77,2505.76,2503.77,2505.09,526.5988
2026-09-13 17:50:00,2505.09,2505.97,2504.43,2505.13,703.3654
2026-09-13 17:55:00,2505.14,2505.82,2504.45,2504.89,602.4534
2026-09-13 18:00:00,2504.89,2506.68,2504.37,2505.11,1325.2112
2026-09-13 18:05:00,2505.11,2505.62,2504.73,2505.1,794.3456
2026-09-13 18:10:00,2505.09,2506.53,2504.81,2506.52,513.4877
2026-09-13 18:15:00,2506.52,2508.86,2505.96,2506.98,738.5448
2026-09-13 18:20:00,2506.98,2508.57,2506.93,2508.08,442.5719
2026-09-13 18:25:00,2508.09,2508.4,2506.25,2506.25,302.9184
2026-09-13 18:30:00,2506.25,2508.35,2506.25,2508.33,690.5952
2026-09-13 18:35:00,2508.33,2509.08,2508.32,2509.08,489.2718
2026-09-13 18:40:00,2509.07,2509.08,2507.81,2508.57,390.7788
2026-09-13 18:45:00,2508.58,2509.07,2508.57,2509.06,605.7451
2026-09-13 18:50:00,2509.06,2509.64,2509.0,2509.63,562.9069
2026-09-13 18:55:00,2509.63,2509.64,2508.43,2509.49,800.4552
2026-09-13 19:00:00,2509.48,2512.13,2509.47,2511.38,885.2905
2026-09-13 19:05:00,2511.38,2515.36,2510.27,2510.27,2839.3185
2026-09-13 19:10:00,2510.28,2511.13,2508.75,2508.76,1226.4048
2026-09-13 19:15:00,2508.76,2510.24,2507.56,2507.62,593.5738
2026-09-13 19:20:00,2507.62,2507.63,2506.14,2507.16,1164.6781
2026-09-13 19:25:00,2507.17,2507.74,2507.16,2507.73,279.3147
2026-09-13 19:30:00,2507.73,2507.74,2503.77,2503.95,1233.6682
2026-09-13 19:35:00,2503.95,2504.99,2503.19,2504.51,805.9825
2026-09-13 19:40:00,2504.51,2505.45,2504.11,2505.27,427.2215
2026-09-13 19:45:00,2505.28,2505.72,2504.76,2504.76,256.2599
2026-09-13 19:50:00,2504.77,2505.58,2504.28,2505.45,254.2922
2026-09-13 19:55:00,2505.45,2506.03,2504.7,2506.02,225.9235
2026-09-13 20:00:00,2506.03,2507.19,2506.03,2506.27,235.8292
2026-09-13 20:05:00,2506.27,2507.26,2506.27,2507.25,270.9078
2026-09-13 20:10:00,2507.26,2507.88,2506.84,2507.87,113.379
2026-09-13 20:15:00,2507.88,2507.96,2507.78,2507.96,118.9405
2026-09-13 20:20:00,2507.97,2509.16,2507.9,2509.16,148.7592
2026-09-13 20:25:00,2509.16,2510.43,2509.15,2510.02,204.1312
2026-09-13 20:30:00,2510.02,2512.0,2510.02,2511.88,264.1121
2026-09-13 20:35:00,2511.87,2512.58,2509.0,2509.39,421.6292
2026-09-13 20:40:00,2509.38,2511.71,2509.21,2511.71,76.7444
2026-09-13 20:45:00,2511.7,2515.2,2511.7,2513.47,384.404
2026-09-13 20:50:00,2513.48,2514.27,2513.47,2514.27,219.7977
2026-09-13 20:55:00,2514.27,2514.71,2512.61,2512.85,332.9409
2026-09-13 21:00:00,2512.86,2513.68,2511.62,2511.62,111.6174
2026-09-13 21:05:00,2511.62,2513.9,2511.62,2513.89,492.3601
2026-09-13 21:10:00,2513.9,2515.68,2513.9,2514.58,498.6249
2026-09-13 21:15:00,2514.58,2516.58,2514.58,2514.79,330.8908
2026-09-13 21:20:00,2514.8,2516.13,2514.37,2515.08,185.698
2026-09-13 21:25:00,2515.08,2515.08,2513.49,2513.5,76.8417
2026-09-13 21:30:00,2513.5,2513.5,2511.98,2512.11,294.7903
2026-09-13 21:35:00,2512.1,2512.11,2510.58,2511.15,363.9792
2026-09-13 21:40:00,2511.15,2513.05,2511.14,2512.11,369.8346
2026-09-13 21:45:00,2512.11,2512.12,2509.71,2510.28,115.0554
2026-09-13 21:50:00,2510.28,2510.73,2509.29,2509.56,204.7333
2026-09-13 21:55:00,2509.57,2509.91,2508.63,2508.96,72.083
2026-09-13 22:00:00,2508.95,2508.95,2493.37,2496.18,3331.5937
2026-09-13 22:05:00,2496.18,2497.82,2484.54,2491.11,2882.1063
2026-09-13 22:10:00,2491.15,2493.59,2487.93,2488.18,704.935
2026-09-13 22:15:00,2488.19,2488.22,2476.98,2482.38,2216.0968
2026-09-13 22:20:00,2482.38,2482.95,2478.08,2478.73,617.5458
2026-09-13 22:25:00,2478.74,2482.22,2474.76,2481.58,931.225
2026-09-13 22:30:00,2481.58,2483.51,2476.05,2481.51,929.6352
2026-09-13 22:35:00,2481.5,2482.85,2477.64,2479.21,931.902
2026-09-13 22:40:00,2479.2,2479.2,2473.5,2474.76,591.1559
2026-09-13 22:45:00,2474.77,2480.02,2474.76,2478.45,680.6152
2026-09-13 22:50:00,2478.44,2481.48,2477.22,2478.01,612.6601
2026-09-13 22:55:00,2478.01,2478.28,2472.46,2475.57,1169.5328
2026-09-13 23:00:00,2475.56,2480.19,2475.2,2478.63,923.3911
2026-09-13 23:05:00,2478.63,2479.92,2476.62,2476.8,849.5873
2026-09-13 23:10:00,2476.8,2478.62,2473.44,2474.95,744.6155
2026-09-13 23:15:00,2474.95,2476.28,2470.68,2472.04,908.6819
2026-09-13 23:20:00,2472.04,2477.72,2471.79,2477.71,636.9598
2026-09-13 23:25:00,2477.71,2478.14,2474.61,2474.89,486.6927
2026-09-13 23:30:00,2474.89,2481.37,2474.89,2479.7,1004.7614
2026-09-13 23:35:00,2479.69,2481.8,2475.67,2475.67,850.5149
2026-09-13 23:40:00,2475.68,2478.48,2474.9,2476.62,479.1365
2026-09-13 23:45:00,2476.61,2478.27,2475.43,2476.66,576.483
2026-09-13 23:50:00,2476.67,2477.34,2475.17,2477.05,379.613
2026-09-13 23:55:00,2477.05,2478.37,2474.0,2477.1,431.3657
2026-09-14 00:00:00,2477.1,2479.13,2476.34,2477.81,595.6302
2026-09-14 00:05:00,2477.81,2491.63,2477.51,2485.88,2208.1001
2026-09-14 00:10:00,2485.87,2487.38,2481.8,2485.76,576.8468
2026-09-14 00:15:00,2485.76,2487.5,2483.04,2486.37,473.7378
2026-09-14 00:20:00,2486.36,2486.36,2477.16,2478.54,625.0213
2026-09-14 00:25:00,2478.54,2478.58,2464.71,2469.48,3959.4491
2026-09-14 00:30:00,2469.48,2485.92,2468.17,2480.71,1734.1152
2026-09-14 00:35:00,2480.7,2483.52,2479.36,2481.07,396.5241
2026-09-14 00:40:00,2481.07,2484.0,2481.07,2482.99,402.1857
2026-09-14 00:45:00,2482.99,2486.37,2482.53,2482.53,355.4181
2026-09-14 00:50:00,2482.53,2486.1,2482.29,2485.6,244.2152
2026-09-14 00:55:00,2485.6,2486.12,2484.31,2484.42,225.8884
2026-09-14 01:00:00,2484.41,2486.37,2482.7,2483.74,346.9695
2026-09-14 01:05:00,2483.74,2486.05,2480.27,2485.9,483.676
2026-09-14 01:10:00,2485.89,2487.94,2481.23,2481.74,545.9937
2026-09-14 01:15:00,2481.73,2481.73,2476.31,2477.26,676.3677
2026-09-14 01:20:00,2477.26,2482.41,2477.26,2481.54,252.3483
2026-09-14 01:25:00,2481.54,2486.77,2480.63,2483.9,377.6907
2026-09-14 01:30:00,2483.9,2484.0,2474.01,2474.01,438.5841
2026-09-14 01:35:00,2474.0,2483.01,2473.7,2483.01,430.8898
2026-09-14 01:40:00,2483.01,2486.36,2481.18,2481.2,372.1244
2026-09-14 01:45:00,2481.2,2484.91,2479.91,2483.83,254.0283
2026-09-14 01:50:00,2483.83,2488.59,2482.13,2488.58,451.141
2026-09-14 01:55:00,2488.58,2495.97,2488.27,2493.56,986.1822
2026-09-14 02:00:00,2493.56,2493.56,2491.0,2491.31,452.5772
2026-09-14 02:05:00,2491.3,2499.44,2490.77,2499.19,651.9622
2026-09-14 02:10:00,2499.19,2506.0,2498.26,2504.35,2591.9548
2026-09-14 02:15:00,2504.36,2504.36,2499.15,2500.62,851.0873
2026-09-14 02:20:00,2500.61,2505.35,2499.65,2505.22,841.0376
2026-09-14 02:25:00,2505.22,2510.65,2504.19,2505.14,1730.3144
2026-09-14 02:30:00,2505.15,2509.7,2504.31,2505.62,929.6989
2026-09-14 02:35:00,2505.62,2505.87,2500.32,2501.68,961.8419
2026-09-14 02:40:00,2501.69,2504.69,2500.6,2504.15,440.9728
2026-09-14 02:45:00,2504.15,2511.0,2504.15,2509.2,1127.1771
2026-09-14 02:50:00,2509.2,2513.57,2508.25,2512.46,1502.3734
2026-09-14 02:55:00,2512.46,2513.11,2509.79,2511.42,366.9111
2026-09-14 03:00:00,2511.42,2514.69,2510.79,2511.88,410.1658
2026-09-14 03:05:00,2511.86,2519.49,2511.34,2519.09,1407.5099
2026-09-14 03:10:00,2519.09,2520.0,2516.59,2518.45,1600.1815
2026-09-14 03:15:00,2518.46,2519.54,2515.56,2516.11,1235.5879
2026-09-14 03:20:00,2516.11,2519.83,2516.11,2517.32,622.3693
2026-09-14 03:25:00,2517.32,2519.0,2516.3,2516.39,438.6126
2026-09-14 03:30:00,2516.4,2516.4,2511.65,2512.05,527.4627
2026-09-14 03:35:00,2512.05,2514.64,2510.0,2510.5,1422.3098
2026-09-14 03:40:00,2510.49,2510.5,2506.69,2509.54,906.7864
2026-09-14 03:45:00,2509.54,2511.48,2509.53,2510.96,375.5168
2026-09-14 03:50:00,2510.96,2512.68,2509.24,2512.66,447.8459
2026-09-14 03:55:00,2512.66,2513.17,2511.02,2512.96,318.5833
2026-09-14 04:00:00,2512.96,2515.0,2511.7,2511.98,509.3778
2026-09-14 04:05:00,2511.98,2515.0,2511.89,2513.99,470.7154
2026-09-14 04:10:00,2513.99,2514.4,2511.41,2511.98,449.3344
2026-09-14 04:15:00,2511.98,2513.46,2511.15,2511.65,458.055
2026-09-14 04:20:00,2511.64,2518.25,2511.64,2516.95,1999.4436
2026-09-14 04:25:00,2516.95,2516.98,2514.1,2514.1,354.6404
2026-09-14 04:30:00,2514.1,2515.31,2511.9,2514.63,516.6801
2026-09-14 04:35:00,2514.62,2515.56,2513.91,2515.56,256.3643
2026-09-14 04:40:00,2515.56,2517.16,2515.44,2516.01,223.4286
2026-09-14 04:45:00,2516.01,2518.0,2515.0,2516.72,546.583
2026-09-14 04:50:00,2516.73,2517.58,2514.36,2514.72,458.3579
2026-09-14 04:55:00,2514.71,2515.21,2512.97,2514.97,627.8672
2026-09-14 05:00:00,2514.98,2515.74,2511.99,2513.75,1227.2694
2026-09-14 05:05:00,2513.75,2514.98,2512.43,2512.43,112.4871
2026-09-14 05:10:00,2512.43,2514.99,2511.09,2514.92,399.4521
2026-09-14 05:15:00,2514.92,2515.0,2511.73,2512.87,472.0037
2026-09-14 05:20:00,2512.87,2512.99,2511.25,2511.49,176.0211
2026-09-14 05:25:00,2511.49,2511.5,2510.31,2511.16,413.4442
2026-09-14 05:30:00,2511.17,2511.98,2510.27,2510.57,229.6294
2026-09-14 05:35:00,2510.57,2515.88,2509.94,2515.48,510.4125
2026-09-14 05:40:00,2515.48,2515.78,2512.5,2514.29,233.25
2026-09-14 05:45:00,2514.29,2514.78,2511.79,2511.8,647.2109
2026-09-14 05:50:00,2511.8,2513.6,2511.0,2513.6,317.605
2026-09-14 05:55:00,2513.61,2516.3,2513.61,2516.28,480.6972
2026-09-14 06:00:00,2516.29,2522.72,2514.91,2522.23,2043.9015
2026-09-14 06:05:00,2522.23,2527.12,2521.35,2522.99,5869.022
2026-09-14 06:10:00,2522.99,2527.06,2522.13,2522.94,890.2643
2026-09-14 06:15:00,2522.94,2523.92,2521.36,2521.53,434.3714
2026-09-14 06:20:00,2521.52,2521.55,2518.2,2518.72,659.1741
2026-09-14 06:25:00,2518.72,2518.73,2514.92,2514.92,377.8026
2026-09-14 06:30:00,2514.92,2514.96,2508.12,2512.31,828.489
2026-09-14 06:35:00,2512.32,2514.72,2512.23,2514.7,787.7193
2026-09-14 06:40:00,2514.7,2522.44,2514.69,2521.07,1438.0958
2026-09-14 06:45:00,2521.07,2521.31,2517.7,2518.06,759.9792
2026-09-14 06:50:00,2518.07,2518.2,2515.8,2516.15,595.0166
2026-09-14 06:55:00,2516.16,2517.0,2514.54,2514.72,564.1987
2026-09-14 07:00:00,2514.73,2517.93,2511.5,2517.92,650.0088
2026-09-14 07:05:00,2517.93,2519.28,2517.06,2518.53,1628.3856
2026-09-14 07:10:00,2518.53,2520.0,2517.47,2519.96,636.8049
2026-09-14 07:15:00,2519.96,2524.0,2519.42,2522.45,2524.7108
2026-09-14 07:20:00,2522.45,2522.45,2521.07,2521.19,300.4168
2026-09-14 07:25:00,2521.2,2521.95,2520.25,2520.38,803.5692
2026-09-14 07:30:00,2520.38,2520.38,2518.59,2518.99,424.0885
2026-09-14 07:35:00,2518.99,2522.03,2518.99,2521.28,714.1683
2026-09-14 07:40:00,2521.27,2526.66,2521.27,2525.18,1768.6714
2026-09-14 07:45:00,2525.18,2525.36,2521.72,2522.84,887.4013
2026-09-14 07:50:00,2522.83,2522.88,2520.49,2521.24,1121.1181
2026-09-14 07:55:00,2521.24,2523.48,2521.08,2523.47,1026.8851
2026-09-14 08:00:00,2523.48,2523.94,2516.85,2516.86,1870.3504
2026-09-14 08:05:00,2516.87,2523.0,2516.64,2523.0,2693.0168
2026-09-14 08:10:00,2523.0,2530.0,2521.88,2521.88,5676.5102
2026-09-14 08:15:00,2521.88,2522.4,2519.24,2520.98,1584.4761
2026-09-14 08:20:00,2520.98,2528.17,2520.97,2528.16,906.7699
2026-09-14 08:25:00,2528.17,2532.91,2521.77,2521.77,2857.6841
2026-09-14 08:30:00,2521.76,2523.96,2520.0,2520.44,937.2844
2026-09-14 08:35:00,2520.45,2522.92,2520.11,2522.92,449.0721
2026-09-14 08:40:00,2522.92,2524.85,2521.58,2521.93,607.8303
2026-09-14 08:45:00,2521.92,2522.32,2517.23,2517.78,849.2488
2026-09-14 08:50:00,2517.78,2518.66,2516.06,2516.16,598.8693
2026-09-14 08:55:00,2516.16,2518.65,2516.16,2518.64,393.6227
2026-09-14 09:00:00,2518.65,2520.39,2517.62,2518.86,465.7021
2026-09-14 09:05:00,2518.86,2519.98,2515.28,2518.43,697.9585
2026-09-14 09:10:00,2518.42,2519.85,2514.39,2515.04,429.445
2026-09-14 09:15:00,2515.03,2515.44,2511.92,2514.15,1105.2011
2026-09-14 09:20:00,2514.15,2516.2,2511.47,2512.37,769.0834
2026-09-14 09:25:00,2512.38,2519.61,2511.24,2519.29,898.4957
2026-09-14 09:30:00,2519.3,2524.94,2519.02,2521.51,1376.5437
2026-09-14 09:35:00,2521.51,2521.62,2518.94,2519.7,463.7112
2026-09-14 09:40:00,2519.7,2523.84,2519.12,2522.15,696.1722
2026-09-14 09:45:00,2522.15,2526.24,2521.99,2525.48,732.0543
2026-09-14 09:50:00,2525.48,2535.0,2525.48,2530.88,2637.4927
2026-09-14 09:55:00,2530.88,2531.93,2522.84,2523.94,1560.4163
2026-09-14 10:00:00,2523.93,2525.45,2521.0,2524.36,786.9335
2026-09-14 10:05:00,2524.36,2524.71,2520.42,2520.61,774.3849
2026-09-14 10:10:00,2520.61,2521.03,2519.11,2520.05,394.5466
2026-09-14 10:15:00,2520.05,2520.63,2516.54,2517.75,445.8983
2026-09-14 10:20:00,2517.74,2519.34,2516.79,2517.5,329.36
2026-09-14 10:25:00,2517.49,2517.65,2516.33,2517.15,298.2514
2026-09-14 10:30:00,2517.15,2517.52,2516.03,2516.08,618.2626
2026-09-14 10:35:00,2516.08,2518.27,2515.99,2516.16,272.7531
2026-09-14 10:40:00,2516.16,2518.44,2515.87,2517.14,739.4225
2026-09-14 10:45:00,2517.14,2519.32,2517.14,2519.02,340.0328
2026-09-14 10:50:00,2519.01,2519.06,2513.22,2514.72,969.9745
2026-09-14 10:55:00,2514.73,2515.81,2513.0,2513.17,278.5037
2026-09-14 11:00:00,2513.18,2515.11,2509.0,2512.19,1093.6409
2026-09-14 11:05:00,2512.2,2512.21,2507.6,2511.57,831.7091
2026-09-14 11:10:00,2511.57,2513.77,2511.46,2511.64,400.5078
2026-09-14 11:15:00,2511.64,2512.99,2511.63,2512.47,331.4458
2026-09-14 11:20:00,2512.47,2515.0,2512.47,2514.99,350.697
2026-09-14 11:25:00,2515.0,2516.14,2514.48,2515.7,798.665
2026-09-14 11:30:00,2515.7,2516.55,2511.01,2511.4,833.825
2026-09-14 11:35:00,2511.4,2514.53,2510.74,2512.75,375.129
2026-09-14 11:40:00,2512.75,2514.57,2512.53,2512.54,174.4812
2026-09-14 11:45:00,2512.54,2512.77,2511.66,2512.18,294.1491
2026-09-14 11:50:00,2512.17,2512.18,2505.86,2507.76,972.9225
2026-09-14 11:55:00,2507.76,2509.21,2507.75,2509.21,467.8749
2026-09-14 12:00:00,2509.21,2510.84,2506.5,2509.12,423.8087
2026-09-14 12:05:00,2509.13,2511.96,2509.12,2510.83,646.6375
2026-09-14 12:10:00,2510.82,2513.09,2510.43,2512.13,1283.3854
2026-09-14 12:15:00,2512.13,2515.41,2511.27,2514.63,834.971
2026-09-14 12:20:00,2514.63,2515.29,2511.68,2515.29,578.5811
2026-09-14 12:25:00,2515.29,2516.02,2512.14,2515.93,670.7964
2026-09-14 12:30:00,2515.92,2518.71,2514.82,2516.4,1168.8372
2026-09-14 12:35:00,2516.39,2516.39,2506.22,2511.88,1335.1949
2026-09-14 12:40:00,2511.88,2514.16,2507.06,2512.21,880.9992
2026-09-14 12:45:00,2512.2,2514.22,2508.71,2509.06,393.8044
2026-09-14 12:50:00,2509.06,2509.53,2503.71,2503.99,1120.3596
2026-09-14 12:55:00,2504.0,2506.14,2499.53,2505.67,3485.3078
2026-09-14 13:00:00,2505.68,2505.68,2496.63,2497.7,2231.8397
2026-09-14 13:05:00,2497.7,2499.61,2487.84,2493.41,2344.8241
2026-09-14 13:10:00,2493.42,2501.75,2493.42,2498.73,998.293
2026-09-14 13:15:00,2498.74,2505.11,2498.74,2500.59,1068.9204
2026-09-14 13:20:00,2500.59,2502.77,2500.2,2500.2,468.5151
2026-09-14 13:25:00,2500.2,2504.28,2500.0,2504.18,683.292
2026-09-14 13:30:00,2504.18,2517.77,2503.16,2515.47,3896.3456
2026-09-14 13:35:00,2515.5,2516.42,2496.59,2505.63,3460.7791
2026-09-14 13:40:00,2505.6,2509.25,2499.77,2508.84,1438.8565
2026-09-14 13:45:00,2508.83,2516.28,2507.49,2515.76,1448.3903
2026-09-14 13:50:00,2515.75,2516.38,2504.48,2504.98,2367.4737
2026-09-14 13:55:00,2504.98,2506.24,2496.42,2500.64,1959.852
2026-09-14 14:00:00,2500.63,2512.8,2500.0,2511.46,1396.5625
2026-09-14 14:05:00,2511.46,2511.46,2506.55,2506.55,1380.8695
2026-09-14 14:10:00,2506.55,2515.7,2506.54,2514.39,1440.0293
2026-09-14 14:15:00,2514.39,2518.0,2510.36,2515.76,1861.6418
2026-09-14 14:20:00,2515.76,2515.76,2500.76,2500.82,5299.5015
2026-09-14 14:25:00,2500.81,2507.43,2495.0,2505.29,3757.287
2026-09-14 14:30:00,2505.29,2513.15,2504.36,2511.01,2369.2454
2026-09-14 14:35:00,2511.01,2511.01,2499.59,2500.24,2278.3202
2026-09-14 14:40:00,2500.25,2501.2,2496.75,2500.11,1954.1677
2026-09-14 14:45:00,2500.11,2509.0,2500.11,2508.96,1586.8117
2026-09-14 14:50:00,2508.95,2509.37,2501.21,2506.27,901.3896
2026-09-14 14:55:00,2506.26,2506.26,2500.0,2501.74,1479.3137
2026-09-14 15:00:00,2501.75,2503.27,2496.49,2498.91,2061.7225
2026-09-14 15:05:00,2498.91,2509.78,2498.1,2505.86,2177.1676
2026-09-14 15:10:00,2505.86,2507.01,2502.47,2504.58,412.3894
2026-09-14 15:15:00,2504.59,2508.42,2502.83,2506.86,463.5847
2026-09-14 15:20:00,2506.85,2506.86,2501.25,2504.08,823.2565
2026-09-14 15:25:00,2504.08,2505.12,2499.78,2500.91,552.0458
2026-09-14 15:30:00,2500.91,2508.99,2498.86,2506.9,1601.3345
2026-09-14 15:35:00,2506.9,2507.52,2500.83,2505.91,671.0124
2026-09-14 15:40:00,2505.9,2513.32,2505.04,2510.5,1760.1803
2026-09-14 15:45:00,2510.51,2510.65,2503.98,2507.27,763.1031
2026-09-14 15:50:00,2507.27,2511.25,2506.35,2509.14,2304.177
2026-09-14 15:55:00,2509.14,2510.61,2507.74,2508.48,694.5235
2026-09-14 16:00:00,2508.49,2510.08,2504.48,2504.48,539.9272
2026-09-14 16:05:00,2504.48,2507.34,2504.48,2507.34,250.4032
2026-09-14 16:10:00,2507.34,2509.69,2507.22,2507.83,308.0006
2026-09-14 16:15:00,2507.84,2529.63,2507.84,2523.69,4919.1757
2026-09-14 16:20:00,2523.69,2532.0,2520.0,2527.7,3259.2938
2026-09-14 16:25:00,2527.71,2527.73,2518.45,2521.41,1642.8457
2026-09-14 16:30:00,2521.41,2526.72,2521.4,2522.23,1068.816
2026-09-14 16:35:00,2522.24,2524.72,2520.96,2523.61,980.311
2026-09-14 16:40:00,2523.61,2523.9,2521.45,2522.63,433.035
2026-09-14 16:45:00,2522.64,2532.34,2522.64,2532.0,1729.9445
2026-09-14 16:50:00,2532.0,2537.69,2530.2,2533.78,2167.8343
2026-09-14 16:55:00,2533.79,2534.49,2528.17,2529.05,783.9847
2026-09-14 17:00:00,2529.04,2529.43,2526.86,2527.86,535.9916
2026-09-14 17:05:00,2527.86,2529.61,2525.43,2526.49,510.2344
2026-09-14 17:10:00,2526.49,2533.45,2526.49,2533.04,892.7836
2026-09-14 17:15:00,2533.04,2534.95,2529.14,2530.78,1310.7768
2026-09-14 17:20:00,2530.78,2535.57,2530.68,2533.9,1129.6916
2026-09-14 17:25:00,2533.9,2534.12,2529.56,2530.5,1381.3976
2026-09-14 17:30:00,2530.5,2530.8,2522.84,2524.14,1118.9641
2026-09-14 17:35:00,2524.15,2528.39,2524.15,2525.54,595.9189
2026-09-14 17:40:00,2525.53,2527.22,2524.09,2526.57,675.3433
2026-09-14 17:45:00,2526.57,2532.0,2526.57,2530.84,827.5093
2026-09-14 17:50:00,2530.84,2533.4,2528.41,2533.21,1090.5241
2026-09-14 17:55:00,2533.21,2535.13,2531.22,2533.37,1377.3593
2026-09-14 18:00:00,2533.37,2535.67,2531.62,2534.25,1577.3058
2026-09-14 18:05:00,2534.24,2537.0,2531.96,2535.66,1673.3763
2026-09-14 18:10:00,2535.66,2536.17,2530.91,2530.97,773.6042
2026-09-14 18:15:00,2530.97,2536.5,2529.78,2536.27,1278.4512
2026-09-14 18:20:00,2536.28,2540.0,2535.04,2537.81,2173.6574
2026-09-14 18:25:00,2537.8,2539.95,2533.95,2539.68,1863.2536
2026-09-14 18:30:00,2539.68,2543.49,2538.4,2542.99,5330.1196
2026-09-14 18:35:00,2542.98,2543.46,2539.59,2540.47,2622.6915
2026-09-14 18:40:00,2540.47,2541.91,2534.94,2539.27,1859.5209
2026-09-14 18:45:00,2539.27,2544.66,2539.26,2541.88,2540.9036
2026-09-14 18:50:00,2541.88,2543.13,2536.94,2537.54,1602.0741
2026-09-14 18:55:00,2537.55,2539.54,2537.01,2538.86,846.7083
2026-09-14 19:00:00,2538.86,2538.96,2534.56,2535.18,1828.091
2026-09-14 19:05:00,2535.19,2538.53,2535.0,2535.56,1024.7297
2026-09-14 19:10:00,2535.56,2540.37,2535.04,2538.88,877.6819
2026-09-14 19:15:00,2538.88,2544.42,2538.54,2544.41,898.1037
2026-09-14 19:20:00,2544.41,2547.14,2542.0,2545.85,1378.9884
2026-09-14 19:25:00,2545.86,2549.61,2543.58,2545.24,1930.4419
2026-09-14 19:30:00,2545.25,2545.7,2541.0,2543.96,1280.1423
2026-09-14 19:35:00,2543.96,2543.96,2536.05,2536.98,1204.3777
2026-09-14 19:40:00,2536.98,2544.47,2536.98,2544.46,839.2188
2026-09-14 19:45:00,2544.46,2545.99,2543.0,2544.25,1152.5004
2026-09-14 19:50:00,2544.25,2544.27,2541.5,2542.08,755.5257
2026-09-14 19:55:00,2542.08,2542.08,2539.22,2540.0,841.9807
2026-09-14 20:00:00,2540.01,2543.5,2540.0,2543.49,760.4342
2026-09-14 20:05:00,2543.49,2544.77,2543.01,2544.05,220.6383
2026-09-14 20:10:00,2544.05,2573.17,2543.76,2565.28,9562.6694
2026-09-14 20:15:00,2565.27,2593.85,2565.19,2592.71,8451.1571
2026-09-14 20:20:00,2592.71,2615.0,2590.83,2605.41,9193.6467
2026-09-14 20:25:00,2605.41,2606.77,2592.87,2599.05,4541.6378
2026-09-14 20:30:00,2599.06,2602.8,2589.49,2599.52,4263.3397
2026-09-14 20:35:00,2599.51,2599.84,2591.07,2591.3,2092.4275
2026-09-14 20:40:00,2591.29,2595.31,2585.93,2587.42,1661.6079
2026-09-14 20:45:00,2587.43,2592.0,2582.1,2582.7,1976.4277
2026-09-14 20:50:00,2582.7,2583.1,2576.91,2578.11,1723.5576
2026-09-14 20:55:00,2578.11,2578.11,2567.33,2570.64,2773.0486
2026-09-14 21:00:00,2570.64,2571.64,2537.98,2557.01,7584.0842
2026-09-14 21:05:00,2557.03,2562.66,2556.0,2558.62,2500.7896
2026-09-14 21:10:00,2558.62,2559.9,2548.02,2551.95,1994.2463
2026-09-14 21:15:00,2551.94,2559.26,2548.29,2556.84,1850.8391
2026-09-14 21:20:00,2556.84,2560.2,2555.42,2558.73,633.1202
2026-09-14 21:25:00,2558.72,2558.97,2554.65,2555.99,993.769
2026-09-14 21:30:00,2556.0,2559.53,2552.07,2554.02,949.4001
2026-09-14 21:35:00,2554.03,2554.03,2543.65,2546.78,1741.057
2026-09-14 21:40:00,2546.78,2550.22,2546.4,2547.53,700.8372
2026-09-14 21:45:00,2547.52,2549.95,2545.61,2549.32,956.8087
2026-09-14 21:50:00,2549.32,2550.44,2545.0,2548.3,700.1879
2026-09-14 21:55:00,2548.3,2549.46,2546.14,2547.13,319.3979
2026-09-14 22:00:00,2547.14,2547.98,2542.43,2544.73,886.3707
2026-09-14 22:05:00,2544.73,2553.96,2544.73,2553.6,942.7364
2026-09-14 22:10:00,2553.6,2556.53,2551.16,2554.87,1404.3363
2026-09-14 22:15:00,2554.87,2555.28,2546.0,2546.01,646.7471
2026-09-14 22:20:00,2546.01,2546.56,2543.27,2543.43,726.7644
2026-09-14 22:25:00,2543.42,2546.54,2541.8,2544.53,721.152
2026-09-14 22:30:00,2544.54,2544.54,2535.19,2539.11,1709.6888
2026-09-14 22:35:00,2539.1,2541.45,2536.39,2537.28,528.3576
2026-09-14 22:40:00,2537.29,2541.38,2537.19,2539.39,443.7435
2026-09-14 22:45:00,2539.4,2539.4,2533.04,2535.47,1541.82
2026-09-14 22:50:00,2535.46,2535.81,2533.03,2533.88,474.6188
2026-09-14 22:55:00,2533.88,2534.17,2532.56,2533.27,296.8131
2026-09-14 23:00:00,2533.27,2534.7,2527.6,2528.37,1723.8341
2026-09-14 23:05:00,2528.39,2529.42,2525.75,2527.63,894.8344
2026-09-14 23:10:00,2527.63,2527.63,2524.61,2524.82,575.7222
2026-09-14 23:15:00,2524.82,2526.97,2523.03,2523.72,777.7723
2026-09-14 23:20:00,2523.72,2525.34,2523.72,2525.33,438.1284
2026-09-14 23:25:00,2525.33,2526.15,2523.03,2525.31,1076.5113
2026-09-14 23:30:00,2525.3,2525.3,2520.0,2520.7,1111.7531
2026-09-14 23:35:00,2520.7,2520.81,2514.65,2518.77,1256.082
2026-09-14 23:40:00,2518.77,2521.45,2518.76,2519.71,441.0802
2026-09-14 23:45:00,2519.71,2519.71,2516.28,2516.88,626.2224
2026-09-14 23:50:00,2516.88,2517.84,2513.45,2517.44,777.6197
2026-09-14 23:55:00,2517.44,2517.44,2513.8,2515.75,552.3955
2026-09-15 00:00:00,2515.72,2516.3,2512.68,2513.42,847.6838
2026-09-15 00:05:00,2513.43,2517.31,2510.73,2517.31,2748.6533
2026-09-15 00:10:00,2517.32,2517.46,2512.37,2512.67,813.0479
2026-09-15 00:15:00,2512.67,2512.74,2508.53,2508.91,862.1278
2026-09-15 00:20:00,2508.92,2511.71,2506.8,2507.73,1040.276
2026-09-15 00:25:00,2507.74,2510.95,2507.19,2509.86,513.6982
2026-09-15 00:30:00,2509.86,2514.9,2509.86,2514.37,848.3451
2026-09-15 00:35:00,2514.36,2516.6,2511.44,2515.22,1778.6859
2026-09-15 00:40:00,2515.23,2516.34,2510.18,2513.79,690.5989
2026-09-15 00:45:00,2513.78,2515.51,2512.4,2515.02,770.6807
2026-09-15 00:50:00,2515.02,2516.98,2514.4,2514.4,554.1938
2026-09-15 00:55:00,2514.4,2516.74,2514.06,2515.93,487.0227
2026-09-15 01:00:00,2515.93,2515.94,2512.09,2512.64,823.2811
2026-09-15 01:05:00,2512.65,2513.38,2508.19,2508.64,1027.9881
2026-09-15 01:10:00,2508.63,2513.7,2508.19,2512.13,608.4414
2026-09-15 01:15:00,2512.13,2514.75,2510.36,2512.81,848.1211
2026-09-15 01:20:00,2512.81,2518.45,2512.8,2518.42,1242.7682
2026-09-15 01:25:00,2518.42,2518.77,2508.29,2511.3,3085.5142
2026-09-15 01:30:00,2511.29,2516.66,2510.0,2513.94,938.2299
2026-09-15 01:35:00,2513.94,2515.21,2512.72,2514.93,486.426
2026-09-15 01:40:00,2514.92,2516.84,2513.21,2516.83,419.7083
2026-09-15 01:45:00,2516.83,2520.0,2513.49,2519.16,1112.4158
2026-09-15 01:50:00,2519.17,2519.43,2516.47,2517.44,433.6155
2026-09-15 01:55:00,2517.43,2518.23,2515.0,2515.36,723.1261
2026-09-15 02:00:00,2515.36,2518.85,2514.62,2518.72,698.2249
2026-09-15 02:05:00,2518.72,2519.52,2514.85,2519.06,445.7408
2026-09-15 02:10:00,2519.05,2519.92,2517.74,2518.19,450.6893
2026-09-15 02:15:00,2518.2,2519.85,2517.57,2518.89,495.2462
2026-09-15 02:20:00,2518.89,2518.9,2516.61,2517.97,491.3933
2026-09-15 02:25:00,2517.97,2519.27,2515.88,2516.54,362.151
2026-09-15 02:30:00,2516.55,2517.63,2515.59,2516.42,398.6191
2026-09-15 02:35:00,2516.42,2516.43,2511.0,2513.91,1032.7178
2026-09-15 02:40:00,2513.91,2514.18,2512.03,2512.6,417.4195
2026-09-15 02:45:00,2512.6,2513.05,2511.08,2511.15,342.9899
2026-09-15 02:50:00,2511.15,2513.12,2509.48,2511.9,825.9374
2026-09-15 02:55:00,2511.9,2513.33,2511.5,2512.57,591.5152
2026-09-15 03:00:00,2512.58,2512.58,2503.3,2505.28,2090.8507
2026-09-15 03:05:00,2505.28,2506.3,2501.2,2501.57,981.7911
2026-09-15 03:10:00,2501.57,2502.51,2496.0,2498.66,3194.7662
2026-09-15 03:15:00,2498.66,2501.28,2497.14,2500.2,986.9426
2026-09-15 03:20:00,2500.2,2502.17,2500.2,2501.06,820.5105
2026-09-15 03:25:00,2501.07,2502.78,2501.06,2502.77,394.3694
2026-09-15 03:30:00,2502.78,2504.97,2501.32,2504.94,403.7229
2026-09-15 03:35:00,2504.95,2505.69,2503.64,2503.65,831.6711
2026-09-15 03:40:00,2503.64,2504.64,2503.18,2504.1,544.3876
2026-09-15 03:45:00,2504.09,2505.31,2502.12,2502.12,594.9054
2026-09-15 03:50:00,2502.13,2503.14,2500.75,2500.76,493.3088
2026-09-15 03:55:00,2500.75,2500.76,2497.8,2498.62,2521.5923
2026-09-15 04:00:00,2498.63,2500.39,2496.81,2500.38,1127.9474
2026-09-15 04:05:00,2500.38,2500.56,2496.13,2500.33,1490.4339
2026-09-15 04:10:00,2500.34,2500.34,2498.53,2498.53,613.1139
2026-09-15 04:15:00,2498.54,2499.72,2497.98,2499.71,564.3376
2026-09-15 04:20:00,2499.72,2500.32,2495.52,2495.53,717.4786
2026-09-15 04:25:00,2495.52,2495.52,2493.2,2493.71,1273.7709
2026-09-15 04:30:00,2493.71,2495.21,2491.01,2493.55,1923.426
2026-09-15 04:35:00,2493.56,2493.56,2490.0,2491.68,1851.8793
2026-09-15 04:40:00,2491.68,2495.37,2491.67,2494.24,639.6471
2026-09-15 04:45:00,2494.24,2494.55,2492.97,2493.91,667.3761
2026-09-15 04:50:00,2493.91,2494.49,2492.14,2493.23,259.8371
2026-09-15 04:55:00,2493.23,2493.23,2490.71,2490.72,495.9808
2026-09-15 05:00:00,2490.71,2493.0,2490.05,2492.2,482.6849
2026-09-15 05:05:00,2492.2,2494.21,2489.12,2489.55,892.8489
2026-09-15 05:10:00,2489.55,2489.55,2479.2,2484.1,5963.8211
2026-09-15 05:15:00,2484.11,2484.75,2479.65,2480.79,1684.5885
2026-09-15 05:20:00,2480.78,2485.65,2480.78,2484.51,865.8481
2026-09-15 05:25:00,2484.5,2490.2,2484.5,2488.68,727.2395
2026-09-15 05:30:00,2488.69,2489.92,2488.05,2489.4,493.5681
2026-09-15 05:35:00,2489.41,2489.41,2486.0,2487.51,570.3198
2026-09-15 05:40:00,2487.51,2490.77,2487.26,2490.72,752.584
2026-09-15 05:45:00,2490.72,2493.35,2490.72,2492.59,488.0014
2026-09-15 05:50:00,2492.6,2497.22,2492.6,2496.76,631.5076
2026-09-15 05:55:00,2496.75,2498.0,2496.12,2496.53,965.9703
2026-09-15 06:00:00,2496.53,2501.02,2496.52,2500.31,1329.5028
2026-09-15 06:05:00,2500.31,2500.4,2497.99,2498.0,1056.8609
2026-09-15 06:10:00,2498.0,2498.01,2496.07,2496.22,472.9684
2026-09-15 06:15:00,2496.22,2496.22,2494.14,2494.14,782.8849
2026-09-15 06:20:00,2494.15,2494.15,2490.71,2490.72,777.485
2026-09-15 06:25:00,2490.72,2490.97,2488.56,2489.05,613.9525
2026-09-15 06:30:00,2489.04,2490.61,2487.99,2488.77,857.1413
2026-09-15 06:35:00,2488.76,2489.43,2487.99,2488.01,2175.9949
2026-09-15 06:40:00,2488.01,2489.98,2488.0,2489.98,1677.5469
2026-09-15 06:45:00,2489.98,2490.52,2486.88,2486.88,1066.5053
2026-09-15 06:50:00,2486.88,2487.41,2482.06,2482.86,1351.9833
2026-09-15 06:55:00,2482.87,2486.05,2481.72,2486.05,1922.5214
2026-09-15 07:00:00,2486.06,2486.06,2482.56,2485.82,703.9847
2026-09-15 07:05:00,2485.83,2486.02,2480.38,2482.86,675.0606
2026-09-15 07:10:00,2482.86,2483.15,2479.35,2481.14,1370.0344
2026-09-15 07:15:00,2481.15,2483.29,2477.57,2483.01,1833.1761
2026-09-15 07:20:00,2483.02,2484.69,2481.44,2483.99,768.3302
2026-09-15 07:25:00,2484.0,2484.71,2483.78,2483.78,474.4679
2026-09-15 07:30:00,2483.79,2483.79,2477.57,2477.57,680.1059
2026-09-15 07:35:00,2477.57,2480.8,2475.65,2477.56,1543.6404
2026-09-15 07:40:00,2477.57,2479.98,2477.56,2478.35,1366.3976
2026-09-15 07:45:00,2478.36,2482.02,2477.73,2477.89,1108.2225
2026-09-15 07:50:00,2477.89,2478.19,2471.09,2471.85,3678.1055
2026-09-15 07:55:00,2471.85,2474.63,2471.0,2474.3,1493.9522
2026-09-15 08:00:00,2474.29,2474.29,2468.88,2468.9,2054.6229
2026-09-15 08:05:00,2468.9,2469.71,2465.6,2466.99,1847.1269
2026-09-15 08:10:00,2467.0,2472.09,2465.61,2471.74,1477.153
2026-09-15 08:15:00,2471.74,2473.01,2467.29,2472.16,851.3836
2026-09-15 08:20:00,2472.17,2474.4,2471.88,2473.45,672.588
2026-09-15 08:25:00,2473.44,2474.71,2472.14,2472.48,845.889
2026-09-15 08:30:00,2472.49,2474.99,2470.46,2473.19,959.4123
2026-09-15 08:35:00,2473.18,2473.84,2471.75,2473.44,731.3015
2026-09-15 08:40:00,2473.43,2476.23,2472.81,2472.99,791.0581
2026-09-15 08:45:00,2472.98,2476.66,2472.98,2473.81,1074.3117
2026-09-15 08:50:00,2473.81,2476.73,2473.0,2475.73,553.6028
2026-09-15 08:55:00,2475.72,2477.58,2475.72,2477.36,713.8812
2026-09-15 09:00:00,2477.37,2477.37,2474.0,2474.64,461.0777
2026-09-15 09:05:00,2474.64,2475.16,2473.92,2474.44,406.3435
2026-09-15 09:10:00,2474.44,2474.44,2473.2,2474.33,645.6024
2026-09-15 09:15:00,2474.34,2475.97,2473.61,2473.62,267.8408
2026-09-15 09:20:00,2473.62,2475.82,2473.61,2474.31,316.3356
2026-09-15 09:25:00,2474.31,2475.41,2473.6,2475.4,375.4374
2026-09-15 09:30:00,2475.4,2477.11,2474.28,2477.11,309.1751
2026-09-15 09:35:00,2477.1,2477.59,2474.82,2475.8,568.9499
2026-09-15 09:40:00,2475.8,2476.3,2474.27,2476.3,374.1299
2026-09-15 09:45:00,2476.29,2479.17,2475.36,2479.16,597.0207
2026-09-15 09:50:00,2479.16,2480.5,2477.4,2480.5,662.8873
2026-09-15 09:55:00,2480.5,2480.5,2473.67,2474.33,876.8337
2026-09-15 10:00:00,2474.34,2477.83,2472.0,2475.3,1985.2617
2026-09-15 10:05:00,2475.31,2478.57,2474.54,2478.56,432.166
2026-09-15 10:10:00,2478.56,2479.22,2475.3,2475.41,595.4821
2026-09-15 10:15:00,2475.42,2477.97,2474.76,2476.69,424.351
2026-09-15 10:20:00,2476.69,2477.3,2475.0,2477.3,327.9648
2026-09-15 10:25:00,2477.3,2477.37,2474.27,2474.44,519.9887
2026-09-15 10:30:00,2474.45,2476.07,2473.73,2475.56,509.1022
2026-09-15 10:35:00,2475.56,2476.45,2474.77,2475.84,866.0123
2026-09-15 10:40:00,2475.84,2480.15,2475.4,2479.21,592.5251
2026-09-15 10:45:00,2479.21,2484.07,2479.2,2483.75,969.3613
2026-09-15 10:50:00,2483.75,2486.33,2482.43,2482.96,1182.1885
2026-09-15 10:55:00,2482.96,2485.74,2482.96,2483.68,883.2056
2026-09-15 11:00:00,2483.68,2486.92,2483.68,2485.01,348.3853
2026-09-15 11:05:00,2485.02,2488.18,2484.12,2488.12,355.2896
2026-09-15 11:10:00,2488.11,2488.12,2481.6,2482.39,613.4246
2026-09-15 11:15:00,2482.4,2485.57,2482.4,2483.94,955.3132
2026-09-15 11:20:00,2483.94,2483.94,2480.0,2480.45,376.8876
2026-09-15 11:25:00,2480.44,2481.35,2480.0,2480.39,194.0773
2026-09-15 11:30:00,2480.39,2481.29,2475.11,2476.04,1297.4286
2026-09-15 11:35:00,2476.04,2477.52,2473.95,2476.61,1072.8325
2026-09-15 11:40:00,2476.61,2476.86,2473.83,2475.42,980.4497
2026-09-15 11:45:00,2475.42,2475.73,2472.56,2473.01,763.7985
2026-09-15 11:50:00,2473.01,2476.7,2473.01,2475.33,513.6612
2026-09-15 11:55:00,2475.33,2476.98,2475.27,2476.41,457.5358
2026-09-15 12:00:00,2476.41,2479.04,2475.15,2479.04,639.9458
2026-09-15 12:05:00,2479.04,2479.68,2477.2,2477.29,1235.3929
2026-09-15 12:10:00,2477.28,2481.51,2477.28,2480.26,951.4873
2026-09-15 12:15:00,2480.25,2481.64,2478.52,2479.11,807.9385
2026-09-15 12:20:00,2479.11,2480.47,2477.37,2478.0,701.9247
2026-09-15 12:25:00,2478.01,2481.56,2477.76,2479.22,910.4193
2026-09-15 12:30:00,2479.22,2479.69,2475.02,2478.87,816.3531
2026-09-15 12:35:00,2478.87,2478.88,2476.18,2477.37,929.085
2026-09-15 12:40:00,2477.37,2477.56,2475.56,2476.24,686.5208
2026-09-15 12:45:00,2476.24,2481.56,2475.03,2480.72,1213.3703
2026-09-15 12:50:00,2480.72,2485.99,2480.71,2485.81,1075.4287
2026-09-15 12:55:00,2485.8,2485.92,2477.62,2479.19,1208.8844
2026-09-15 13:00:00,2479.18,2484.51,2479.0,2483.72,917.969
2026-09-15 13:05:00,2483.72,2486.45,2480.44,2481.11,1605.4762
2026-09-15 13:10:00,2481.1,2481.11,2476.71,2478.68,904.8252
2026-09-15 13:15:00,2478.67,2479.8,2477.55,2478.89,532.3944
2026-09-15 13:20:00,2478.89,2479.72,2478.57,2479.42,616.7238
2026-09-15 13:25:00,2479.43,2479.87,2477.99,2478.57,583.3605
2026-09-15 13:30:00,2478.56,2478.57,2468.91,2470.87,2509.4481
2026-09-15 13:35:00,2470.88,2470.88,2433.0,2440.08,20368.6455
2026-09-15 13:40:00,2440.1,2452.0,2437.0,2450.2,6706.2096
2026-09-15 13:45:00,2450.19,2453.5,2446.05,2448.43,3272.8241
2026-09-15 13:50:00,2448.42,2448.42,2440.0,2445.38,2541.5627
2026-09-15 13:55:00,2445.37,2454.05,2444.85,2454.04,1544.1599
2026-09-15 14:00:00,2454.05,2458.0,2449.65,2449.7,2719.6169
2026-09-15 14:05:00,2449.71,2453.17,2445.83,2452.38,1964.5591
2026-09-15 14:10:00,2452.38,2453.82,2446.47,2446.86,1532.4289
2026-09-15 14:15:00,2446.87,2450.2,2442.73,2443.97,2663.6083
2026-09-15 14:20:00,2443.97,2445.7,2435.92,2441.66,3141.5741
2026-09-15 14:25:00,2441.66,2444.11,2439.0,2439.21,1421.8905
2026-09-15 14:30:00,2439.21,2439.21,2433.0,2433.98,2543.3095
2026-09-15 14:35:00,2433.98,2433.98,2417.0,2418.6,7347.8062
2026-09-15 14:40:00,2418.61,2420.29,2411.29,2416.82,5809.9437
2026-09-15 14:45:00,2416.82,2418.36,2405.53,2406.98,5389.7664
2026-09-15 14:50:00,2406.99,2407.62,2389.72,2401.45,10583.4241
2026-09-15 14:55:00,2401.46,2410.34,2397.41,2408.39,5213.0634
2026-09-15 15:00:00,2408.38,2412.32,2398.0,2410.81,3633.7845
2026-09-15 15:05:00,2410.81,2414.12,2409.73,2413.28,1592.0445
2026-09-15 15:10:00,2413.28,2414.37,2411.39,2413.43,1798.7825
2026-09-15 15:15:00,2413.42,2417.03,2410.71,2413.84,1619.8032
2026-09-15 15:20:00,2413.85,2426.16,2413.7,2424.44,1937.3993
2026-09-15 15:25:00,2424.45,2429.99,2423.84,2425.52,2560.9769
2026-09-15 15:30:00,2425.52,2429.95,2423.76,2429.95,1747.2316
2026-09-15 15:35:00,2429.96,2431.44,2426.69,2428.55,1116.4539
2026-09-15 15:40:00,2428.56,2429.27,2425.64,2427.38,1569.8369
2026-09-15 15:45:00,2427.37,2429.25,2426.0,2426.62,2075.9827
2026-09-15 15:50:00,2426.62,2432.27,2422.79,2423.33,2102.6131
2026-09-15 15:55:00,2423.34,2429.3,2423.34,2424.46,1147.9342
2026-09-15 16:00:00,2424.47,2425.51,2422.05,2422.34,905.9171
2026-09-15 16:05:00,2422.34,2423.35,2415.0,2415.7,1519.5872
2026-09-15 16:10:00,2415.7,2419.89,2412.87,2413.75,1058.5854
2026-09-15 16:15:00,2413.76,2421.26,2413.76,2418.15,893.9904
2026-09-15 16:20:00,2418.14,2425.08,2417.7,2423.65,674.3159
2026-09-15 16:25:00,2423.65,2425.41,2420.92,2424.33,1088.0788
2026-09-15 16:30:00,2424.33,2425.32,2420.37,2420.57,1385.4934
2026-09-15 16:35:00,2420.58,2423.29,2419.86,2420.62,616.0479
2026-09-15 16:40:00,2420.61,2420.61,2417.58,2420.0,794.6855
2026-09-15 16:45:00,2419.99,2423.26,2419.89,2422.18,710.4076
2026-09-15 16:50:00,2422.18,2425.85,2422.18,2425.0,737.9856
2026-09-15 16:55:00,2425.01,2425.82,2421.86,2422.34,758.016
2026-09-15 17:00:00,2422.34,2423.88,2418.85,2418.86,577.3057
2026-09-15 17:05:00,2418.85,2419.95,2413.01,2413.44,1009.9407
2026-09-15 17:10:00,2413.45,2417.89,2413.01,2416.88,431.4989
2026-09-15 17:15:00,2416.88,2418.07,2415.25,2416.66,461.4811
2026-09-15 17:20:00,2416.66,2419.48,2416.66,2418.64,393.4062
2026-09-15 17:25:00,2418.61,2425.57,2418.17,2425.1,715.5743
2026-09-15 17:30:00,2425.1,2438.77,2423.61,2437.83,1995.1545
2026-09-15 17:35:00,2437.84,2449.0,2434.58,2435.22,6211.1832
2026-09-15 17:40:00,2435.22,2435.22,2428.01,2429.58,2481.4845
2026-09-15 17:45:00,2429.59,2441.73,2429.58,2440.83,2781.1762
2026-09-15 17:50:00,2440.84,2445.0,2440.2,2443.0,1085.5467
2026-09-15 17:55:00,2443.0,2443.0,2438.14,2441.21,1064.4236
2026-09-15 18:00:00,2441.2,2443.01,2436.87,2438.58,891.1703
2026-09-15 18:05:00,2438.59,2440.83,2433.76,2437.05,1024.5785
2026-09-15 18:10:00,2437.06,2438.32,2434.0,2436.06,721.8167
2026-09-15 18:15:00,2436.07,2436.94,2422.67,2428.22,2044.9336
2026-09-15 18:20:00,2428.22,2430.0,2426.1,2427.81,788.2439
2026-09-15 18:25:00,2427.81,2446.88,2425.41,2435.84,3756.27
2026-09-15 18:30:00,2435.84,2437.04,2418.0,2431.25,3000.8539
2026-09-15 18:35:00,2431.26,2432.51,2380.0,2409.0,18253.6465
2026-09-15 18:40:00,2408.91,2409.75,2381.35,2387.33,12943.8595
2026-09-15 18:45:00,2387.33,2389.58,2358.88,2360.66,16702.2392
2026-09-15 18:50:00,2360.66,2405.08,2358.88,2404.37,11895.1833
2026-09-15 18:55:00,2404.38,2417.58,2396.99,2403.14,6020.4488
2026-09-15 19:00:00,2403.14,2413.73,2398.0,2407.52,4697.3293
2026-09-15 19:05:00,2407.5,2410.05,2402.01,2405.56,2214.5455
2026-09-15 19:10:00,2405.56,2408.54,2403.0,2405.58,1881.3507
2026-09-15 19:15:00,2405.59,2420.13,2403.33,2411.91,5718.0294
2026-09-15 19:20:00,2411.91,2415.16,2405.39,2410.0,2614.0413
2026-09-15 19:25:00,2410.0,2410.33,2402.19,2404.92,1627.4918
2026-09-15 19:30:00,2404.92,2407.72,2400.0,2404.66,2030.1258
2026-09-15 19:35:00,2404.67,2409.25,2403.0,2409.04,943.3244
2026-09-15 19:40:00,2409.05,2409.88,2403.19,2404.52,1533.367
2026-09-15 19:45:00,2404.52,2406.75,2403.11,2406.44,513.7017
2026-09-15 19:50:00,2406.44,2411.4,2404.86,2411.04,1127.2647
2026-09-15 19:55:00,2411.03,2416.77,2410.66,2416.65,1379.3044
2026-09-15 20:00:00,2416.66,2418.63,2409.34,2409.88,866.8666
2026-09-15 20:05:00,2409.89,2410.59,2405.98,2407.4,926.4001
2026-09-15 20:10:00,2407.39,2412.47,2407.09,2410.1,714.3108
2026-09-15 20:15:00,2410.11,2410.11,2403.0,2403.21,991.0199
2026-09-15 20:20:00,2403.21,2405.39,2398.69,2405.39,1567.4243
2026-09-15 20:25:00,2405.39,2406.48,2399.52,2399.53,1082.9112
2026-09-15 20:30:00,2399.52,2405.05,2395.65,2400.04,2971.0523
2026-09-15 20:35:00,2400.05,2405.78,2399.28,2402.85,1392.2678
2026-09-15 20:40:00,2402.84,2406.0,2402.84,2405.88,569.5299
2026-09-15 20:45:00,2405.89,2410.41,2405.72,2410.41,1125.2166
2026-09-15 20:50:00,2410.41,2410.41,2408.09,2410.23,336.6853
2026-09-15 20:55:00,2410.23,2410.88,2406.87,2407.96,808.4415
2026-09-15 21:00:00,2407.97,2407.97,2399.73,2400.83,1308.6774
2026-09-15 21:05:00,2400.84,2403.15,2400.0,2400.0,354.8357
2026-09-15 21:10:00,2400.01,2406.45,2399.49,2401.67,1092.9412
2026-09-15 21:15:00,2401.66,2404.85,2399.05,2404.84,531.8125
2026-09-15 21:20:00,2404.84,2404.84,2399.0,2399.87,650.1815
2026-09-15 21:25:00,2399.87,2400.44,2396.45,2398.41,1446.998
2026-09-15 21:30:00,2398.4,2400.31,2397.02,2397.3,694.8199
2026-09-15 21:35:00,2397.3,2402.1,2396.32,2400.82,1237.0625
2026-09-15 21:40:00,2400.82,2402.62,2400.57,2401.73,393.1159
2026-09-15 21:45:00,2401.73,2401.74,2397.01,2397.65,445.3263
2026-09-15 21:50:00,2397.65,2398.38,2393.89,2397.44,1095.4931
2026-09-15 21:55:00,2397.44,2397.45,2390.41,2390.83,1239.2127
2026-09-15 22:00:00,2390.83,2398.05,2387.88,2392.51,2249.5215
2026-09-15 22:05:00,2392.51,2392.51,2388.02,2388.03,581.0713
2026-09-15 22:10:00,2388.03,2392.22,2386.67,2388.28,981.0221
2026-09-15 22:15:00,2388.28,2388.89,2381.92,2383.32,1531.1088
2026-09-15 22:20:00,2383.33,2385.42,2381.78,2384.27,584.3931
2026-09-15 22:25:00,2384.27,2398.2,2383.68,2394.03,1660.1759
2026-09-15 22:30:00,2394.03,2400.01,2393.91,2399.36,1317.8432
2026-09-15 22:35:00,2399.35,2402.32,2395.46,2399.31,1237.8479
2026-09-15 22:40:00,2399.31,2399.32,2395.38,2396.19,748.8964
2026-09-15 22:45:00,2396.18,2399.36,2395.92,2398.9,582.0669
2026-09-15 22:50:00,2398.9,2401.52,2398.9,2401.02,386.0668
2026-09-15 22:55:00,2401.01,2401.02,2395.57,2396.95,927.8509
2026-09-15 23:00:00,2396.94,2403.3,2396.58,2402.7,543.1266
2026-09-15 23:05:00,2402.7,2407.1,2401.9,2405.51,870.2042
2026-09-15 23:10:00,2405.51,2409.98,2405.36,2409.72,786.0555
2026-09-15 23:15:00,2409.72,2412.75,2408.36,2412.46,865.5464
2026-09-15 23:20:00,2412.46,2412.46,2409.4,2410.23,688.1055
2026-09-15 23:25:00,2410.23,2410.4,2405.99,2406.24,734.4051
2026-09-15 23:30:00,2406.24,2406.24,2398.61,2402.07,2164.0273
2026-09-15 23:35:00,2402.06,2402.51,2398.38,2398.78,459.8275
2026-09-15 23:40:00,2398.78,2402.06,2397.3,2401.28,1008.9137
2026-09-15 23:45:00,2401.27,2402.44,2400.0,2400.45,380.061
2026-09-15 23:50:00,2400.44,2402.47,2400.07,2401.33,350.6497
2026-09-15 23:55:00,2401.34,2401.34,2398.12,2398.26,258.9705
2026-09-16 00:00:00,2398.26,2404.02,2397.44,2404.02,604.2248
2026-09-16 00:05:00,2404.01,2405.24,2401.04,2401.33,562.8082
2026-09-16 00:10:00,2401.33,2403.65,2400.94,2401.36,335.6329
2026-09-16 00:15:00,2401.35,2405.75,2400.76,2405.35,478.5929
2026-09-16 00:20:00,2405.36,2405.36,2401.68,2404.4,387.0421
2026-09-16 00:25:00,2404.4,2405.1,2402.28,2404.84,283.4785
2026-09-16 00:30:00,2404.83,2405.35,2402.9,2403.13,393.328
2026-09-16 00:35:00,2403.13,2406.0,2402.12,2405.99,255.6985
2026-09-16 00:40:00,2405.98,2405.98,2402.1,2403.73,340.1557
2026-09-16 00:45:00,2403.73,2405.52,2400.0,2403.81,958.9306
2026-09-16 00:50:00,2403.8,2404.37,2400.0,2400.04,617.0063
2026-09-16 00:55:00,2400.03,2401.85,2398.82,2399.15,575.1545
2026-09-16 01:00:00,2399.14,2403.41,2395.71,2396.89,633.584
2026-09-16 01:05:00,2396.89,2399.56,2396.7,2398.42,256.598
2026-09-16 01:10:00,2398.4,2401.25,2396.87,2400.38,499.6022
2026-09-16 01:15:00,2400.38,2402.94,2398.55,2402.78,360.6321
2026-09-16 01:20:00,2402.76,2407.0,2402.2,2406.99,760.7273
2026-09-16 01:25:00,2407.0,2407.59,2403.35,2403.88,538.4402
2026-09-16 01:30:00,2403.88,2403.88,2398.0,2398.01,630.3214
2026-09-16 01:35:00,2398.0,2399.79,2393.48,2393.64,1221.1784
2026-09-16 01:40:00,2393.74,2398.68,2393.74,2398.05,397.9078
2026-09-16 01:45:00,2398.05,2400.44,2395.9,2396.14,766.9511
2026-09-16 01:50:00,2396.14,2396.14,2391.56,2391.97,455.446
2026-09-16 01:55:00,2391.97,2392.72,2390.55,2391.0,575.3171
2026-09-16 02:00:00,2391.0,2396.74,2390.04,2394.45,568.4958
2026-09-16 02:05:00,2394.46,2395.44,2392.38,2392.82,770.4017
2026-09-16 02:10:00,2392.82,2394.46,2388.21,2393.6,979.6102
2026-09-16 02:15:00,2393.6,2399.77,2393.14,2398.99,687.0077
2026-09-16 02:20:00,2398.99,2400.0,2398.08,2398.9,466.1668
2026-09-16 02:25:00,2398.9,2402.37,2398.75,2402.37,401.1995
2026-09-16 02:30:00,2402.37,2407.69,2402.05,2407.1,910.1436
2026-09-16 02:35:00,2407.1,2411.31,2407.1,2409.94,1135.1916
2026-09-16 02:40:00,2409.94,2410.44,2405.99,2406.44,391.5355
2026-09-16 02:45:00,2406.43,2407.68,2405.08,2407.31,528.7575
2026-09-16 02:50:00,2407.3,2407.57,2404.47,2404.55,246.2375
2026-09-16 02:55:00,2404.55,2404.72,2400.0,2403.0,777.5058
2026-09-16 03:00:00,2403.01,2407.09,2402.57,2404.85,1085.4112
2026-09-16 03:05:00,2404.85,2405.32,2400.59,2402.22,800.8268
2026-09-16 03:10:00,2402.22,2406.8,2402.01,2406.79,216.5529
2026-09-16 03:15:00,2406.8,2411.4,2406.64,2409.08,959.9701
2026-09-16 03:20:00,2409.08,2411.53,2408.67,2410.48,507.8352
2026-09-16 03:25:00,2410.49,2410.49,2404.75,2404.75,381.2337
2026-09-16 03:30:00,2404.76,2406.68,2403.29,2403.92,873.418
2026-09-16 03:35:00,2403.92,2403.93,2400.56,2401.52,358.4488
2026-09-16 03:40:00,2401.53,2402.93,2400.15,2401.79,849.7939
2026-09-16 03:45:00,2401.8,2403.4,2401.34,2402.13,192.2206
2026-09-16 03:50:00,2402.13,2402.13,2400.52,2400.65,276.1968
2026-09-16 03:55:00,2400.65,2402.81,2400.65,2401.96,258.0061
2026-09-16 04:00:00,2401.96,2405.76,2401.96,2405.27,395.1885
2026-09-16 04:05:00,2405.28,2405.28,2402.51,2402.63,375.2328
2026-09-16 04:10:00,2402.63,2404.32,2402.56,2404.0,452.5186
2026-09-16 04:15:00,2403.99,2403.99,2402.12,2402.16,189.8187
2026-09-16 04:20:00,2402.17,2409.57,2402.16,2407.58,742.2832
2026-09-16 04:25:00,2407.58,2408.0,2404.08,2404.49,506.9231
2026-09-16 04:30:00,2404.48,2405.26,2402.45,2405.26,541.1995
2026-09-16 04:35:00,2405.27,2407.5,2404.51,2407.5,409.2638
2026-09-16 04:40:00,2407.5,2410.45,2406.07,2406.11,877.4014
2026-09-16 04:45:00,2406.11,2408.51,2405.8,2405.92,265.1032
2026-09-16 04:50:00,2405.91,2406.08,2403.73,2403.73,421.2421
2026-09-16 04:55:00,2403.74,2405.71,2402.87,2403.89,717.0954
2026-09-16 05:00:00,2403.88,2404.78,2395.26,2398.28,1396.9041
2026-09-16 05:05:00,2398.28,2401.08,2393.61,2401.08,468.0591
2026-09-16 05:10:00,2401.07,2401.08,2399.5,2400.45,227.2654
2026-09-16 05:15:00,2400.44,2402.05,2400.18,2401.9,584.5348
2026-09-16 05:20:00,2401.89,2404.6,2401.04,2403.58,419.9454
2026-09-16 05:25:00,2403.58,2404.49,2403.01,2404.41,213.5482
2026-09-16 05:30:00,2404.4,2404.59,2402.95,2403.67,456.6061
2026-09-16 05:35:00,2403.67,2405.98,2403.67,2405.64,406.8624
2026-09-16 05:40:00,2405.63,2406.83,2404.29,2406.74,452.2663
2026-09-16 05:45:00,2406.75,2407.05,2404.19,2405.09,486.1879
2026-09-16 05:50:00,2405.1,2405.51,2403.96,2404.31,208.5821
2026-09-16 05:55:00,2404.31,2407.42,2404.26,2407.37,685.8865
2026-09-16 06:00:00,2407.37,2409.0,2405.8,2405.89,629.0992
2026-09-16 06:05:00,2405.9,2406.5,2405.12,2405.66,152.6207
2026-09-16 06:10:00,2405.67,2406.24,2403.64,2404.24,259.4148
2026-09-16 06:15:00,2404.25,2405.05,2402.66,2404.53,411.5896
2026-09-16 06:20:00,2404.54,2405.03,2401.83,2401.84,182.5398
2026-09-16 06:25:00,2401.83,2402.11,2401.01,2401.44,141.1288
2026-09-16 06:30:00,2401.44,2401.44,2398.95,2398.95,804.1647
2026-09-16 06:35:00,2398.95,2399.1,2393.78,2396.19,840.1018
2026-09-16 06:40:00,2396.19,2399.13,2396.19,2398.69,259.1604
2026-09-16 06:45:00,2398.69,2401.0,2398.69,2399.68,356.8157
2026-09-16 06:50:00,2399.67,2399.75,2398.74,2399.3,198.5513
2026-09-16 06:55:00,2399.29,2407.66,2399.29,2406.77,913.5177
2026-09-16 07:00:00,2406.77,2411.25,2404.67,2409.35,1228.6268
2026-09-16 07:05:00,2409.35,2409.57,2404.82,2404.83,562.7847
2026-09-16 07:10:00,2404.83,2404.83,2399.15,2402.5,1147.9733
2026-09-16 07:15:00,2402.5,2404.83,2398.7,2398.81,529.2262
2026-09-16 07:20:00,2398.81,2401.05,2398.81,2400.4,968.2569
2026-09-16 07:25:00,2400.4,2402.66,2398.73,2399.39,551.5274
2026-09-16 07:30:00,2399.4,2400.57,2398.48,2399.81,743.5257
2026-09-16 07:35:00,2399.82,2401.5,2399.46,2401.5,663.1619
2026-09-16 07:40:00,2401.5,2401.72,2398.51,2399.41,717.6857
2026-09-16 07:45:00,2399.41,2400.13,2397.97,2399.15,1570.7035
2026-09-16 07:50:00,2399.16,2399.65,2397.0,2397.71,1500.3375
2026-09-16 07:55:00,2397.71,2398.44,2396.72,2396.96,2277.7878
2026-09-16 08:00:00,2396.96,2397.32,2391.0,2391.0,1901.5403
2026-09-16 08:05:00,2391.0,2391.94,2382.7,2387.35,4369.4112
2026-09-16 08:10:00,2387.35,2389.67,2386.45,2387.71,1599.5105
2026-09-16 08:15:00,2387.72,2393.18,2387.66,2390.77,2151.7484
2026-09-16 08:20:00,2390.77,2393.52,2388.36,2389.09,1146.3092
2026-09-16 08:25:00,2389.09,2390.14,2385.41,2388.79,2282.6084
2026-09-16 08:30:00,2388.78,2391.07,2388.6,2390.63,1216.8691
2026-09-16 08:35:00,2390.64,2392.28,2389.92,2392.26,1090.0856
2026-09-16 08:40:00,2392.26,2394.03,2391.85,2394.02,1015.9792
2026-09-16 08:45:00,2394.02,2395.32,2393.44,2394.56,512.3088
2026-09-16 08:50:00,2394.57,2398.98,2394.56,2398.79,1549.2856
2026-09-16 08:55:00,2398.79,2403.52,2398.57,2402.97,895.5213
2026-09-16 09:00:00,2402.97,2406.11,2402.29,2406.1,631.0666
2026-09-16 09:05:00,2406.1,2407.05,2401.22,2403.0,710.588
2026-09-16 09:10:00,2403.01,2403.13,2401.45,2401.53,463.3603
2026-09-16 09:15:00,2401.52,2402.7,2399.12,2402.41,648.1583
2026-09-16 09:20:00,2402.41,2405.0,2402.32,2404.28,285.903
2026-09-16 09:25:00,2404.28,2404.8,2401.92,2402.12,828.0607
2026-09-16 09:30:00,2402.12,2403.88,2401.35,2401.56,537.6094
2026-09-16 09:35:00,2401.57,2404.58,2401.57,2403.5,336.186
2026-09-16 09:40:00,2403.5,2404.92,2402.72,2403.47,295.8897
2026-09-16 09:45:00,2403.47,2403.92,2401.82,2403.5,409.0249
2026-09-16 09:50:00,2403.5,2406.0,2402.79,2405.92,498.8381
2026-09-16 09:55:00,2405.92,2406.6,2404.99,2405.93,582.4801
2026-09-16 10:00:00,2405.93,2406.59,2403.54,2403.65,399.6945
2026-09-16 10:05:00,2403.66,2404.09,2401.85,2403.79,498.5773
2026-09-16 10:10:00,2403.78,2404.57,2398.53,2399.9,960.9901
2026-09-16 10:15:00,2399.9,2404.06,2399.04,2404.06,513.3706
2026-09-16 10:20:00,2404.06,2404.06,2400.24,2400.38,897.9311
2026-09-16 10:25:00,2400.39,2402.67,2400.39,2402.58,363.3131
2026-09-16 10:30:00,2402.57,2403.55,2402.0,2403.12,246.3345
2026-09-16 10:35:00,2403.13,2404.81,2402.7,2404.29,464.4971
2026-09-16 10:40:00,2404.28,2407.21,2404.28,2406.5,647.3181
2026-09-16 10:45:00,2406.5,2406.89,2405.27,2405.44,448.8286
2026-09-16 10:50:00,2405.43,2405.44,2403.36,2403.36,228.1929
2026-09-16 10:55:00,2403.35,2406.58,2401.76,2406.55,394.8874
2026-09-16 11:00:00,2406.55,2409.16,2405.3,2408.3,800.053
2026-09-16 11:05:00,2408.31,2408.56,2405.12,2406.08,353.2218
2026-09-16 11:10:00,2406.07,2406.97,2404.67,2404.67,249.9936
2026-09-16 11:15:00,2404.67,2406.83,2402.99,2406.54,1112.2768
2026-09-16 11:20:00,2406.54,2407.28,2404.21,2404.36,801.2461
2026-09-16 11:25:00,2404.35,2407.81,2404.35,2407.51,582.7797
2026-09-16 11:30:00,2407.51,2414.26,2406.86,2411.56,1315.1213
2026-09-16 11:35:00,2411.56,2417.95,2411.55,2415.07,1336.6693
2026-09-16 11:40:00,2415.06,2430.0,2413.02,2426.05,3512.0584
2026-09-16 11:45:00,2426.04,2427.2,2421.53,2422.51,2060.4027
2026-09-16 11:50:00,2422.51,2424.86,2419.48,2420.34,878.3492
2026-09-16 11:55:00,2420.34,2423.08,2420.29,2422.61,760.7415
2026-09-16 12:00:00,2422.6,2423.68,2420.01,2422.82,738.451
2026-09-16 12:05:00,2422.82,2422.82,2416.2,2416.51,851.3105
2026-09-16 12:10:00,2416.51,2417.34,2412.81,2413.71,950.4514
2026-09-16 12:15:00,2413.71,2418.43,2412.61,2414.51,1858.1177
2026-09-16 12:20:00,2414.51,2414.51,2408.73,2409.48,1734.6714
2026-09-16 12:25:00,2409.49,2410.68,2405.94,2407.23,617.7879
2026-09-16 12:30:00,2407.24,2410.56,2402.99,2410.55,1944.4922
2026-09-16 12:35:00,2410.55,2410.92,2405.52,2406.45,850.4433
2026-09-16 12:40:00,2406.45,2408.41,2406.45,2406.9,219.5728
2026-09-16 12:45:00,2406.9,2408.98,2405.76,2408.97,564.8462
2026-09-16 12:50:00,2408.98,2410.11,2406.59,2406.6,1341.2537
2026-09-16 12:55:00,2406.6,2408.33,2403.78,2406.77,717.5201
2026-09-16 13:00:00,2406.76,2406.77,2397.09,2400.3,2738.415
2026-09-16 13:05:00,2400.3,2401.73,2399.3,2400.0,558.1393
2026-09-16 13:10:00,2400.0,2402.22,2395.29,2401.88,1183.0338
2026-09-16 13:15:00,2401.88,2405.97,2400.48,2403.34,1312.3983
2026-09-16 13:20:00,2403.33,2403.34,2399.54,2399.78,334.4436
2026-09-16 13:25:00,2399.79,2403.97,2398.56,2400.98,851.9834
2026-09-16 13:30:00,2400.98,2402.4,2395.59,2396.01,1913.0262
2026-09-16 13:35:00,2396.01,2399.09,2390.0,2391.3,1490.0031
2026-09-16 13:40:00,2391.3,2400.08,2390.72,2399.12,892.6387
2026-09-16 13:45:00,2399.12,2402.84,2392.07,2400.79,1209.0119
2026-09-16 13:50:00,2400.79,2404.31,2394.32,2396.4,759.8739
2026-09-16 13:55:00,2396.39,2398.81,2392.56,2394.01,458.1517
2026-09-16 14:00:00,2394.01,2394.63,2386.05,2391.2,2380.7853
2026-09-16 14:05:00,2391.2,2394.98,2387.7,2389.06,999.3209
2026-09-16 14:10:00,2389.06,2390.13,2383.33,2390.13,2125.4685
2026-09-16 14:15:00,2390.13,2396.75,2387.96,2388.36,1756.8066
2026-09-16 14:20:00,2388.36,2392.96,2387.86,2390.54,740.5201
2026-09-16 14:25:00,2390.54,2398.87,2390.13,2398.2,1088.0422
2026-09-16 14:30:00,2398.2,2398.5,2388.93,2393.48,1436.1022
2026-09-16 14:35:00,2393.47,2394.93,2386.32,2386.38,1081.8483
2026-09-16 14:40:00,2386.37,2393.16,2384.78,2391.89,1502.4756
2026-09-16 14:45:00,2391.88,2391.88,2378.78,2385.64,2466.4163
2026-09-16 14:50:00,2385.64,2389.83,2381.28,2386.51,1080.9411
2026-09-16 14:55:00,2386.51,2390.43,2383.92,2390.43,636.4909
2026-09-16 15:00:00,2390.43,2394.99,2389.91,2391.84,1861.4802
2026-09-16 15:05:00,2391.85,2395.53,2386.5,2393.1,1412.226
2026-09-16 15:10:00,2393.1,2396.33,2392.07,2393.99,662.0013
2026-09-16 15:15:00,2393.99,2393.99,2388.38,2389.08,685.8468
2026-09-16 15:20:00,2389.08,2394.66,2388.43,2390.09,518.0538
2026-09-16 15:25:00,2390.09,2391.43,2387.08,2387.38,347.9803
2026-09-16 15:30:00,2387.38,2388.1,2384.0,2387.39,687.1485
2026-09-16 15:35:00,2387.4,2395.7,2387.4,2393.75,731.8426
2026-09-16 15:40:00,2393.75,2394.56,2390.77,2390.78,285.3824
2026-09-16 15:45:00,2390.78,2402.17,2390.55,2397.34,1484.3505
2026-09-16 15:50:00,2397.35,2399.85,2395.99,2396.97,975.0563
2026-09-16 15:55:00,2396.96,2396.97,2390.48,2392.76,1143.0813
2026-09-16 16:00:00,2392.76,2395.66,2390.8,2394.34,430.2092
2026-09-16 16:05:00,2394.33,2397.09,2388.57,2392.99,1148.4087
2026-09-16 16:10:00,2392.99,2397.58,2392.42,2396.88,549.5576
2026-09-16 16:15:00,2396.87,2399.51,2393.92,2399.51,665.8962
2026-09-16 16:20:00,2399.5,2399.51,2394.6,2394.91,378.0207
2026-09-16 16:25:00,2394.9,2396.83,2392.86,2396.19,606.3006
2026-09-16 16:30:00,2396.18,2398.21,2391.54,2392.93,582.2
2026-09-16 16:35:00,2392.92,2394.54,2391.11,2391.11,697.8049
2026-09-16 16:40:00,2391.1,2391.23,2387.07,2388.35,931.4526
2026-09-16 16:45:00,2388.35,2395.78,2388.22,2392.26,593.0106
2026-09-16 16:50:00,2392.27,2395.2,2391.55,2394.75,156.9873
