open_time,open,high,low,close,volume
2026-08-17 16:55:00,607.29,607.83,607.16,607.59,237.591
2026-08-17 17:00:00,607.6,607.6,607.0,607.01,170.204
2026-08-17 17:05:00,607.01,607.18,606.81,607.12,313.538
2026-08-17 17:10:00,607.12,607.17,606.58,606.58,330.824
2026-08-17 17:15:00,606.59,607.75,606.45,607.68,175.784
2026-08-17 17:20:00,607.68,607.89,607.17,607.18,332.726
2026-08-17 17:25:00,607.17,607.18,606.24,606.42,656.285
2026-08-17 17:30:00,606.43,606.43,605.83,605.84,279.153
2026-08-17 17:35:00,605.83,606.29,605.71,606.21,246.453
2026-08-17 17:40:00,606.22,606.49,606.15,606.19,253.188
2026-08-17 17:45:00,606.19,606.53,606.18,606.28,152.487
2026-08-17 17:50:00,606.28,606.46,606.18,606.23,257.887
2026-08-17 17:55:00,606.23,606.3,606.15,606.15,145.277
2026-08-17 18:00:00,606.16,606.36,605.97,606.34,281.826
2026-08-17 18:05:00,606.33,606.34,606.06,606.07,218.059
2026-08-17 18:10:00,606.07,606.43,606.0,606.16,164.774
2026-08-17 18:15:00,606.16,606.88,606.16,606.26,204.298
2026-08-17 18:20:00,606.27,607.3,606.14,606.92,648.146
2026-08-17 18:25:00,606.93,607.18,606.75,606.82,174.621
2026-08-17 18:30:00,606.83,606.83,606.3,606.39,136.233
2026-08-17 18:35:00,606.39,606.66,606.35,606.35,132.452
2026-08-17 18:40:00,606.35,606.46,606.21,606.36,195.8
2026-08-17 18:45:00,606.36,606.39,606.2,606.36,197.37
2026-08-17 18:50:00,606.37,606.62,606.25,606.29,168.306
2026-08-17 18:55:00,606.3,606.46,606.26,606.39,102.848
2026-08-17 19:00:00,606.4,606.4,605.91,605.93,116.645
2026-08-17 19:05:00,605.94,606.09,605.84,605.97,96.366
2026-08-17 19:10:00,605.97,605.97,605.32,605.32,747.665
2026-08-17 19:15:00,605.32,605.72,605.18,605.35,451.972
2026-08-17 19:20:00,605.35,605.5,605.31,605.5,133.345
2026-08-17 19:25:00,605.5,605.64,605.41,605.59,123.504
2026-08-17 19:30:00,605.58,605.58,604.95,604.95,261.445
2026-08-17 19:35:00,604.95,605.62,604.95,605.61,294.764
2026-08-17 19:40:00,605.62,605.66,605.27,605.39,200.587
2026-08-17 19:45:00,605.38,605.39,605.22,605.22,75.062
2026-08-17 19:50:00,605.23,605.23,605.14,605.15,75.811
2026-08-17 19:55:00,605.14,605.25,605.14,605.24,170.934
2026-08-17 20:00:00,605.25,605.25,605.1,605.11,149.095
2026-08-17 20:05:00,605.1,605.11,605.08,605.08,79.759
2026-08-17 20:10:00,605.08,605.11,605.08,605.1,86.238
2026-08-17 20:15:00,605.11,605.21,605.0,605.14,92.409
2026-08-17 20:20:00,605.15,605.49,605.14,605.38,128.742
2026-08-17 20:25:00,605.38,605.76,605.38,605.62,111.534
2026-08-17 20:30:00,605.63,605.63,605.46,605.48,108.585
2026-08-17 20:35:00,605.49,605.49,605.34,605.38,63.104
2026-08-17 20:40:00,605.37,605.61,605.37,605.6,315.028
2026-08-17 20:45:00,605.61,605.66,605.53,605.53,317.345
2026-08-17 20:50:00,605.53,605.54,605.35,605.39,174.113
2026-08-17 20:55:00,605.4,605.79,605.39,605.54,360.188
2026-08-17 21:00:00,605.55,606.08,605.54,606.05,356.482
2026-08-17 21:05:00,606.06,606.06,605.96,605.97,55.283
2026-08-17 21:10:00,605.96,605.97,605.77,605.78,116.595
2026-08-17 21:15:00,605.78,605.84,605.72,605.73,62.714
2026-08-17 21:20:00,605.72,605.73,605.52,605.53,67.608
2026-08-17 21:25:00,605.53,605.53,605.4,605.4,63.401
2026-08-17 21:30:00,605.4,605.42,605.1,605.41,428.985
2026-08-17 21:35:00,605.42,605.42,605.0,605.02,169.273
2026-08-17 21:40:00,605.01,605.32,605.0,605.25,114.808
2026-08-17 21:45:00,605.26,605.26,605.19,605.19,52.761
2026-08-17 21:50:00,605.19,605.24,605.11,605.12,70.252
2026-08-17 21:55:00,605.13,605.13,605.0,605.09,75.616
2026-08-17 22:00:00,605.09,605.42,605.08,605.11,84.41
2026-08-17 22:05:00,605.11,605.2,605.01,605.01,79.109
2026-08-17 22:10:00,605.02,605.02,604.93,604.93,98.846
2026-08-17 22:15:00,604.93,604.94,604.81,604.82,160.959
2026-08-17 22:20:00,604.82,605.0,604.78,604.95,108.541
2026-08-17 22:25:00,604.96,604.96,604.75,604.79,110.541
2026-08-17 22:30:00,604.79,604.8,604.7,604.7,109.534
2026-08-17 22:35:00,604.71,604.95,604.7,604.84,92.591
2026-08-17 22:40:00,604.84,604.86,604.78,604.79,93.424
2026-08-17 22:45:00,604.79,604.79,604.67,604.67,135.23
2026-08-17 22:50:00,604.68,604.78,604.67,604.74,200.314
2026-08-17 22:55:00,604.75,604.8,604.68,604.8,104.036
2026-08-17 23:00:00,604.8,604.8,604.37,604.63,303.434
2026-08-17 23:05:00,604.64,604.96,604.62,604.95,83.864
2026-08-17 23:10:00,604.96,605.22,604.96,605.17,132.423
2026-08-17 23:15:00,605.17,605.18,605.12,605.18,65.776
2026-08-17 23:20:00,605.18,605.46,605.16,605.46,112.664
2026-08-17 23:25:00,605.47,605.63,605.32,605.42,252.225
2026-08-17 23:30:00,605.43,606.5,605.29,606.49,223.467
2026-08-17 23:35:00,606.49,606.49,606.0,606.07,173.49
2026-08-17 23:40:00,606.06,606.07,605.8,605.99,147.352
2026-08-17 23:45:00,606.0,606.0,605.72,605.73,92.533
2026-08-17 23:50:00,605.73,605.81,605.72,605.77,88.982
2026-08-17 23:55:00,605.77,605.86,605.62,605.8,153.863
2026-08-18 00:00:00,605.81,606.0,605.49,605.59,209.922
2026-08-18 00:05:00,605.6,605.63,605.5,605.63,111.4
2026-08-18 00:10:00,605.64,605.64,605.56,605.6,195.402
2026-08-18 00:15:00,605.61,605.94,605.6,605.84,106.912
2026-08-18 00:20:00,605.84,605.94,605.72,605.83,220.346
2026-08-18 00:25:00,605.83,605.83,605.55,605.75,364.53
2026-08-18 00:30:00,605.75,605.76,605.57,605.58,87.953
2026-08-18 00:35:00,605.57,605.57,605.32,605.33,175.373
2026-08-18 00:40:00,605.33,605.35,605.22,605.25,110.848
2026-08-18 00:45:00,605.25,605.25,605.08,605.09,101.369
2026-08-18 00:50:00,605.09,605.72,605.08,605.19,906.268
2026-08-18 00:55:00,605.2,605.31,605.19,605.23,119.89
2026-08-18 01:00:00,605.24,605.71,605.06,605.06,229.802
2026-08-18 01:05:00,605.07,605.1,604.74,604.74,285.995
2026-08-18 01:10:00,604.74,604.96,604.71,604.85,165.634
2026-08-18 01:15:00,604.85,604.94,604.66,604.67,124.087
2026-08-18 01:20:00,604.67,604.67,604.5,604.56,157.484
2026-08-18 01:25:00,604.56,604.76,604.49,604.75,518.688
2026-08-18 01:30:00,604.75,604.79,604.74,604.77,124.221
2026-08-18 01:35:00,604.76,604.77,604.61,604.73,164.065
2026-08-18 01:40:00,604.73,604.73,604.36,604.38,318.696
2026-08-18 01:45:00,604.39,604.39,604.21,604.24,149.239
2026-08-18 01:50:00,604.25,604.25,603.83,603.88,272.647
2026-08-18 01:55:00,603.89,604.08,603.63,604.08,235.462
2026-08-18 02:00:00,604.08,604.08,603.71,603.72,125.621
2026-08-18 02:05:00,603.72,603.84,603.71,603.78,84.997
2026-08-18 02:10:00,603.79,603.79,602.97,603.18,252.861
2026-08-18 02:15:00,603.18,603.18,602.84,603.06,186.479
2026-08-18 02:20:00,603.06,603.36,603.06,603.36,130.768
2026-08-18 02:25:00,603.37,603.37,602.84,602.88,293.241
2026-08-18 02:30:00,602.88,602.88,602.7,602.77,193.734
2026-08-18 02:35:00,602.78,602.95,602.6,602.91,333.568
2026-08-18 02:40:00,602.92,603.09,602.69,602.78,436.943
2026-08-18 02:45:00,602.78,603.0,602.17,603.0,511.28
2026-08-18 02:50:00,602.99,603.15,602.86,603.06,246.285
2026-08-18 02:55:00,603.05,603.07,602.44,603.07,339.091
2026-08-18 03:00:00,603.07,603.38,603.02,603.14,213.595
2026-08-18 03:05:00,603.14,603.26,603.07,603.14,120.806
2026-08-18 03:10:00,603.14,603.14,602.99,602.99,107.283
2026-08-18 03:15:00,602.99,603.32,602.92,603.32,357.068
2026-08-18 03:20:00,603.32,603.33,603.02,603.26,146.001
2026-08-18 03:25:00,603.25,603.33,603.14,603.19,169.956
2026-08-18 03:30:00,603.18,603.42,602.96,603.42,292.781
2026-08-18 03:35:00,603.41,603.54,603.3,603.54,206.929
2026-08-18 03:40:00,603.54,603.73,603.53,603.7,206.389
2026-08-18 03:45:00,603.69,603.7,603.42,603.42,121.045
2026-08-18 03:50:00,603.42,603.51,603.42,603.5,146.262
2026-08-18 03:55:00,603.49,603.69,603.42,603.62,227.3
2026-08-18 04:00:00,603.63,603.63,602.97,603.08,135.584
2026-08-18 04:05:00,603.09,603.27,603.08,603.17,134.045
2026-08-18 04:10:00,603.17,603.23,603.1,603.23,135.103
2026-08-18 04:15:00,603.22,603.29,603.06,603.28,266.239
2026-08-18 04:20:00,603.28,603.3,603.16,603.17,108.118
2026-08-18 04:25:00,603.16,603.17,603.11,603.14,101.524
2026-08-18 04:30:00,603.14,603.5,603.14,603.49,133.425
2026-08-18 04:35:00,603.49,603.92,603.49,603.67,450.851
2026-08-18 04:40:00,603.67,603.68,603.46,603.51,180.583
2026-08-18 04:45:00,603.5,603.51,603.19,603.19,123.89
2026-08-18 04:50:00,603.2,603.39,603.19,603.39,112.374
2026-08-18 04:55:00,603.39,603.48,603.38,603.47,108.465
2026-08-18 05:00:00,603.47,603.48,603.36,603.36,183.547
2026-08-18 05:05:00,603.37,603.91,603.36,603.91,246.152
2026-08-18 05:10:00,603.91,603.91,603.57,603.64,219.533
2026-08-18 05:15:00,603.63,603.73,603.63,603.71,162.006
2026-08-18 05:20:00,603.72,603.72,603.44,603.45,147.567
2026-08-18 05:25:00,603.45,603.48,603.44,603.47,120.223
2026-08-18 05:30:00,603.48,603.48,603.2,603.34,278.742
2026-08-18 05:35:00,603.33,603.34,603.13,603.22,244.968
2026-08-18 05:40:00,603.23,603.4,603.16,603.4,319.67
2026-08-18 05:45:00,603.39,603.4,603.3,603.36,155.674
2026-08-18 05:50:00,603.35,603.36,603.25,603.26,110.85
2026-08-18 05:55:00,603.26,603.88,603.17,603.7,456.478
2026-08-18 06:00:00,603.71,603.71,603.42,603.6,304.914
2026-08-18 06:05:00,603.6,603.68,603.3,603.34,251.14
2026-08-18 06:10:00,603.34,603.67,603.33,603.59,148.282
2026-08-18 06:15:00,603.6,604.1,603.59,603.98,323.039
2026-08-18 06:20:00,603.97,604.45,603.97,604.44,106.253
2026-08-18 06:25:00,604.45,604.95,604.45,604.82,509.243
2026-08-18 06:30:00,604.83,605.03,604.82,604.92,201.187
2026-08-18 06:35:00,604.92,605.11,604.91,605.0,228.386
2026-08-18 06:40:00,605.0,605.2,604.95,605.07,169.11
2026-08-18 06:45:00,605.07,605.07,604.62,604.62,115.726
2026-08-18 06:50:00,604.63,604.63,604.12,604.13,389.687
2026-08-18 06:55:00,604.14,604.24,604.06,604.24,511.498
2026-08-18 07:00:00,604.24,604.27,604.06,604.06,157.75
2026-08-18 07:05:00,604.07,604.07,603.93,604.01,103.77
2026-08-18 07:10:00,604.01,604.02,604.0,604.0,139.288
2026-08-18 07:15:00,604.01,604.01,603.87,603.93,151.505
2026-08-18 07:20:00,603.93,603.94,603.82,603.83,128.046
2026-08-18 07:25:00,603.84,603.86,603.7,603.7,172.587
2026-08-18 07:30:00,603.69,603.78,603.48,603.78,565.644
2026-08-18 07:35:00,603.78,603.88,603.52,603.71,355.618
2026-08-18 07:40:00,603.71,603.75,603.54,603.55,103.39
2026-08-18 07:45:00,603.55,603.55,603.33,603.34,180.599
2026-08-18 07:50:00,603.33,603.34,603.16,603.29,200.641
2026-08-18 07:55:00,603.3,603.61,603.02,603.33,867.566
2026-08-18 08:00:00,603.34,603.34,602.62,602.64,465.627
2026-08-18 08:05:00,602.63,602.63,602.02,602.35,583.109
2026-08-18 08:10:00,602.35,602.54,602.1,602.53,291.958
2026-08-18 08:15:00,602.54,603.06,602.53,603.05,199.973
2026-08-18 08:20:00,603.05,603.05,602.55,602.7,245.722
2026-08-18 08:25:00,602.71,603.08,602.7,602.83,493.071
2026-08-18 08:30:00,602.82,603.06,602.74,602.88,455.304
2026-08-18 08:35:00,602.88,603.21,602.87,603.2,189.789
2026-08-18 08:40:00,603.21,603.21,602.94,602.97,158.81
2026-08-18 08:45:00,602.98,602.99,602.84,602.84,160.853
2026-08-18 08:50:00,602.84,603.08,602.79,602.89,229.668
2026-08-18 08:55:00,602.88,602.94,602.75,602.75,250.329
2026-08-18 09:00:00,602.76,602.76,602.58,602.71,249.512
2026-08-18 09:05:00,602.7,602.89,602.7,602.85,355.501
2026-08-18 09:10:00,602.85,602.85,602.71,602.74,280.991
2026-08-18 09:15:00,602.73,602.74,602.32,602.38,208.581
2026-08-18 09:20:00,602.37,602.38,602.16,602.17,452.757
2026-08-18 09:25:00,602.16,602.16,601.64,601.65,681.449
2026-08-18 09:30:00,601.64,601.64,601.1,601.55,970.036
2026-08-18 09:35:00,601.55,601.56,601.07,601.25,515.03
2026-08-18 09:40:00,601.25,601.42,601.25,601.42,284.577
2026-08-18 09:45:00,601.41,601.56,601.39,601.53,288.144
2026-08-18 09:50:00,601.53,601.54,601.03,601.25,527.59
2026-08-18 09:55:00,601.26,601.29,601.19,601.19,301.181
2026-08-18 10:00:00,601.19,601.48,601.07,601.35,475.2
2026-08-18 10:05:00,601.36,601.36,601.09,601.13,203.982
2026-08-18 10:10:00,601.12,601.27,601.0,601.25,234.95
2026-08-18 10:15:00,601.26,601.26,601.13,601.24,391.558
2026-08-18 10:20:00,601.23,601.24,601.05,601.18,227.426
2026-08-18 10:25:00,601.17,601.34,601.1,601.12,563.469
2026-08-18 10:30:00,601.13,601.32,601.12,601.2,423.68
2026-08-18 10:35:00,601.19,601.29,601.12,601.13,317.254
2026-08-18 10:40:00,601.13,601.54,601.1,601.44,423.663
2026-08-18 10:45:00,601.44,601.56,601.18,601.53,1845.027
2026-08-18 10:50:00,601.53,601.55,601.4,601.47,294.696
2026-08-18 10:55:00,601.47,601.55,601.17,601.17,458.685
2026-08-18 11:00:00,601.17,601.73,601.09,601.43,785.295
2026-08-18 11:05:00,601.43,601.43,601.33,601.4,305.09
2026-08-18 11:10:00,601.41,601.95,601.4,601.81,586.157
2026-08-18 11:15:00,601.82,602.25,601.81,602.12,456.199
2026-08-18 11:20:00,602.11,602.4,602.1,602.35,267.077
2026-08-18 11:25:00,602.35,602.36,602.14,602.15,336.043
2026-08-18 11:30:00,602.14,602.14,601.9,602.04,391.366
2026-08-18 11:35:00,602.03,602.76,601.99,602.69,222.256
2026-08-18 11:40:00,602.69,602.69,602.33,602.34,151.278
2026-08-18 11:45:00,602.34,602.34,602.24,602.25,268.304
2026-08-18 11:50:00,602.25,602.25,602.13,602.19,202.898
2026-08-18 11:55:00,602.19,602.19,602.12,602.12,209.215
2026-08-18 12:00:00,602.13,602.13,601.9,601.9,282.177
2026-08-18 12:05:00,601.91,602.07,601.64,601.65,197.581
2026-08-18 12:10:00,601.64,601.65,601.42,601.42,230.901
2026-08-18 12:15:00,601.43,601.43,601.23,601.23,229.563
2026-08-18 12:20:00,601.24,601.73,601.22,601.55,309.86
2026-08-18 12:25:00,601.55,601.6,601.53,601.54,207.39
2026-08-18 12:30:00,601.53,601.62,601.48,601.52,240.37
2026-08-18 12:35:00,601.52,601.61,601.33,601.4,426.718
2026-08-18 12:40:00,601.39,601.4,601.32,601.33,154.783
2026-08-18 12:45:00,601.33,601.37,601.31,601.33,172.922
2026-08-18 12:50:00,601.33,601.41,601.31,601.32,218.568
2026-08-18 12:55:00,601.32,601.32,601.22,601.22,241.403
2026-08-18 13:00:00,601.23,601.23,600.53,600.86,754.911
2026-08-18 13:05:00,600.86,600.87,600.58,600.58,262.415
2026-08-18 13:10:00,600.58,600.67,600.58,600.65,437.574
2026-08-18 13:15:00,600.65,600.89,600.46,600.47,353.892
2026-08-18 13:20:00,600.46,600.47,600.02,600.19,605.622
2026-08-18 13:25:00,600.2,600.42,600.0,600.19,642.335
2026-08-18 13:30:00,600.18,600.84,600.0,600.11,919.627
2026-08-18 13:35:00,600.11,601.11,600.0,601.11,498.192
2026-08-18 13:40:00,601.12,601.12,600.76,600.8,499.095
2026-08-18 13:45:00,600.8,600.85,600.52,600.66,390.394
2026-08-18 13:50:00,600.67,600.9,600.01,600.01,362.231
2026-08-18 13:55:00,600.02,600.37,600.0,600.3,314.097
2026-08-18 14:00:00,600.3,601.24,600.29,601.24,616.167
2026-08-18 14:05:00,601.25,601.58,601.1,601.1,515.13
2026-08-18 14:10:00,601.1,601.12,600.8,601.08,566.643
2026-08-18 14:15:00,601.09,602.17,601.09,602.08,286.8
2026-08-18 14:20:00,602.07,603.13,601.99,603.13,738.855
2026-08-18 14:25:00,603.13,603.97,603.06,603.69,801.599
2026-08-18 14:30:00,603.69,604.24,602.75,603.68,1771.06
2026-08-18 14:35:00,603.68,603.73,602.74,602.74,282.77
2026-08-18 14:40:00,602.75,603.45,602.69,602.81,357.602
2026-08-18 14:45:00,602.81,603.04,602.67,603.02,486.096
2026-08-18 14:50:00,603.02,603.36,602.16,602.6,746.719
2026-08-18 14:55:00,602.59,602.98,602.32,602.71,399.313
2026-08-18 15:00:00,602.71,603.5,602.71,603.48,495.176
2026-08-18 15:05:00,603.49,603.59,602.94,602.95,330.905
2026-08-18 15:10:00,602.95,603.44,602.7,603.36,277.093
2026-08-18 15:15:00,603.37,603.62,603.25,603.33,346.545
2026-08-18 15:20:00,603.34,603.43,603.15,603.2,301.28
2026-08-18 15:25:00,603.21,603.87,603.12,603.6,363.392
2026-08-18 15:30:00,603.59,603.99,603.59,603.94,348.888
2026-08-18 15:35:00,603.95,604.0,603.5,603.5,226.358
2026-08-18 15:40:00,603.51,603.72,603.23,603.23,509.22
2026-08-18 15:45:00,603.23,603.8,603.08,603.44,250.986
2026-08-18 15:50:00,603.44,603.48,603.04,603.47,281.057
2026-08-18 15:55:00,603.47,603.48,603.22,603.45,222.94
2026-08-18 16:00:00,603.46,603.66,603.44,603.62,225.72
2026-08-18 16:05:00,603.63,603.69,603.29,603.38,178.16
2026-08-18 16:10:00,603.38,603.5,603.13,603.4,227.922
2026-08-18 16:15:00,603.4,603.4,603.19,603.37,165.873
2026-08-18 16:20:00,603.38,603.54,603.33,603.39,250.724
2026-08-18 16:25:00,603.4,603.43,603.19,603.2,144.243
2026-08-18 16:30:00,603.2,603.49,603.17,603.42,180.016
2026-08-18 16:35:00,603.43,604.0,603.43,603.92,113.996
2026-08-18 16:40:00,603.92,604.11,603.89,603.91,222.918
2026-08-18 16:45:00,603.91,604.48,603.83,604.18,179.459
2026-08-18 16:50:00,604.19,604.19,603.89,603.99,195.087
2026-08-18 16:55:00,603.99,604.11,603.87,603.91,186.775
2026-08-18 17:00:00,603.92,603.96,603.33,603.45,138.777
2026-08-18 17:05:00,603.44,603.44,603.01,603.03,167.007
2026-08-18 17:10:00,603.04,603.22,603.0,603.21,113.587
2026-08-18 17:15:00,603.22,603.22,602.87,603.0,260.382
2026-08-18 17:20:00,603.01,603.02,602.88,602.88,95.968
2026-08-18 17:25:00,602.88,602.92,602.84,602.92,63.547
2026-08-18 17:30:00,602.92,602.95,602.77,602.78,222.848
2026-08-18 17:35:00,602.78,603.06,602.7,603.06,555.835
2026-08-18 17:40:00,603.07,603.15,602.88,602.96,267.97
2026-08-18 17:45:00,602.96,602.97,602.77,602.77,125.607
2026-08-18 17:50:00,602.78,602.88,602.77,602.83,156.93
2026-08-18 17:55:00,602.82,602.87,602.7,602.78,136.346
2026-08-18 18:00:00,602.79,603.0,602.7,603.0,213.739
2026-08-18 18:05:00,602.99,603.11,602.84,603.01,368.284
2026-08-18 18:10:00,603.02,603.28,603.02,603.28,116.309
2026-08-18 18:15:00,603.29,603.76,603.27,603.61,180.578
2026-08-18 18:20:00,603.62,603.62,603.37,603.39,200.118
2026-08-18 18:25:00,603.4,604.0,603.39,603.86,182.177
2026-08-18 18:30:00,603.86,603.95,603.58,603.6,116.421
2026-08-18 18:35:00,603.61,603.73,603.57,603.58,110.433
2026-08-18 18:40:00,603.59,603.59,603.4,603.41,101.45
2026-08-18 18:45:00,603.4,603.52,603.33,603.52,86.164
2026-08-18 18:50:00,603.51,603.51,603.34,603.34,86.195
2026-08-18 18:55:00,603.35,603.35,603.29,603.29,72.47
2026-08-18 19:00:00,603.3,603.45,603.29,603.44,78.928
2026-08-18 19:05:00,603.45,603.46,603.4,603.43,101.449
2026-08-18 19:10:00,603.42,603.55,603.03,603.22,223.203
2026-08-18 19:15:00,603.23,603.23,602.97,602.97,76.87
2026-08-18 19:20:00,602.97,603.62,602.94,603.5,145.962
2026-08-18 19:25:00,603.51,603.83,603.51,603.7,141.652
2026-08-18 19:30:00,603.7,603.77,603.57,603.57,119.932
2026-08-18 19:35:00,603.57,603.58,603.5,603.5,70.477
2026-08-18 19:40:00,603.5,603.51,603.05,603.06,356.432
2026-08-18 19:45:00,603.06,603.18,603.04,603.1,171.953
2026-08-18 19:50:00,603.1,603.14,603.01,603.03,81.912
2026-08-18 19:55:00,603.04,603.14,602.95,603.0,231.814
2026-08-18 20:00:00,603.0,603.12,602.83,602.83,155.502
2026-08-18 20:05:00,602.84,603.0,602.76,602.99,108.865
2026-08-18 20:10:00,603.0,603.0,602.87,602.97,71.438
2026-08-18 20:15:00,602.97,602.97,602.83,602.83,90.245
2026-08-18 20:20:00,602.84,602.84,602.7,602.78,92.021
2026-08-18 20:25:00,602.78,602.79,602.71,602.72,92.52
2026-08-18 20:30:00,602.72,602.99,602.7,602.91,123.705
2026-08-18 20:35:00,602.91,602.91,602.84,602.84,49.083
2026-08-18 20:40:00,602.85,602.85,602.7,602.7,64.303
2026-08-18 20:45:00,602.71,603.04,602.69,602.85,280.406
2026-08-18 20:50:00,602.85,603.03,602.83,603.03,136.362
2026-08-18 20:55:00,603.02,603.03,602.91,602.91,55.616
2026-08-18 21:00:00,602.92,603.01,602.91,603.0,60.391
2026-08-18 21:05:00,603.01,603.01,602.94,602.95,48.593
2026-08-18 21:10:00,602.95,603.09,602.94,603.06,286.667
2026-08-18 21:15:00,603.06,603.07,603.0,603.0,58.974
2026-08-18 21:20:00,603.01,603.11,603.0,603.11,69.696
2026-08-18 21:25:00,603.1,603.11,602.88,602.88,83.374
2026-08-18 21:30:00,602.89,602.89,602.82,602.83,56.633
2026-08-18 21:35:00,602.82,602.83,602.66,602.69,98.232
2026-08-18 21:40:00,602.68,602.73,602.55,602.63,130.488
2026-08-18 21:45:00,602.62,602.63,602.57,602.58,55.568
2026-08-18 21:50:00,602.58,602.61,602.54,602.54,83.702
2026-08-18 21:55:00,602.55,602.55,602.23,602.53,547.418
2026-08-18 22:00:00,602.54,602.54,602.53,602.53,50.436
2026-08-18 22:05:00,602.54,603.0,602.53,602.97,153.404
2026-08-18 22:10:00,602.98,603.36,602.97,603.12,132.535
2026-08-18 22:15:00,603.12,603.19,602.94,603.18,140.617
2026-08-18 22:20:00,603.18,603.19,602.82,602.83,127.013
2026-08-18 22:25:00,602.82,602.83,602.73,602.74,134.669
2026-08-18 22:30:00,602.74,602.93,602.7,602.93,102.198
2026-08-18 22:35:00,602.93,603.51,602.86,603.5,653.335
2026-08-18 22:40:00,603.51,603.51,603.21,603.34,166.097
2026-08-18 22:45:00,603.35,603.35,603.25,603.25,58.728
2026-08-18 22:50:00,603.26,603.26,603.19,603.2,63.755
2026-08-18 22:55:00,603.2,603.31,603.19,603.2,123.89
2026-08-18 23:00:00,603.2,603.28,603.12,603.28,78.904
2026-08-18 23:05:00,603.28,603.67,603.27,603.31,107.917
2026-08-18 23:10:00,603.31,603.65,603.3,603.56,131.995
2026-08-18 23:15:00,603.56,603.56,603.44,603.51,135.062
2026-08-18 23:20:00,603.51,603.83,603.48,603.83,66.316
2026-08-18 23:25:00,603.82,603.83,603.64,603.65,215.168
2026-08-18 23:30:00,603.65,604.07,603.64,604.07,116.137
2026-08-18 23:35:00,604.07,604.17,603.94,603.94,93.553
2026-08-18 23:40:00,603.95,604.16,603.94,604.14,116.381
2026-08-18 23:45:00,604.13,604.2,603.95,604.13,259.79
2026-08-18 23:50:00,604.13,604.17,604.04,604.05,132.786
2026-08-18 23:55:00,604.05,604.05,603.88,603.94,119.244
2026-08-19 00:00:00,603.95,604.08,603.07,603.14,836.381
2026-08-19 00:05:00,603.14,603.36,603.01,603.14,195.249
2026-08-19 00:10:00,603.14,603.15,602.95,603.04,520.847
2026-08-19 00:15:00,603.04,603.25,602.94,603.24,217.755
2026-08-19 00:20:00,603.25,604.07,603.24,603.91,134.029
2026-08-19 00:25:00,603.92,604.3,603.7,604.3,149.361
2026-08-19 00:30:00,604.3,604.82,604.17,604.18,358.344
2026-08-19 00:35:00,604.18,604.45,604.04,604.44,222.616
2026-08-19 00:40:00,604.45,604.45,604.14,604.26,143.8
2026-08-19 00:45:00,604.26,604.27,604.12,604.26,222.92
2026-08-19 00:50:00,604.27,604.27,603.96,604.19,336.907
2026-08-19 00:55:00,604.19,604.19,603.91,603.93,253.949
2026-08-19 01:00:00,603.93,604.02,603.71,603.79,194.791
2026-08-19 01:05:00,603.8,604.69,603.8,604.48,533.276
2026-08-19 01:10:00,604.48,604.53,604.06,604.06,189.273
2026-08-19 01:15:00,604.06,604.07,603.63,603.79,147.944
2026-08-19 01:20:00,603.8,604.1,603.75,603.82,96.2
2026-08-19 01:25:00,603.83,604.16,603.64,603.86,158.589
2026-08-19 01:30:00,603.86,603.96,603.68,603.95,189.115
2026-08-19 01:35:00,603.95,603.95,603.83,603.9,132.808
2026-08-19 01:40:00,603.9,603.9,603.54,603.54,156.279
2026-08-19 01:45:00,603.55,603.61,603.46,603.6,102.061
2026-08-19 01:50:00,603.6,603.6,603.54,603.55,101.65
2026-08-19 01:55:00,603.55,603.56,603.5,603.51,72.014
2026-08-19 02:00:00,603.51,603.51,603.2,603.21,103.777
2026-08-19 02:05:00,603.21,603.21,603.06,603.06,101.426
2026-08-19 02:10:00,603.07,603.38,603.06,603.21,175.138
2026-08-19 02:15:00,603.2,603.36,602.83,603.12,202.598
2026-08-19 02:20:00,603.12,603.19,603.0,603.02,190.055
2026-08-19 02:25:00,603.02,603.07,602.87,602.87,213.935
2026-08-19 02:30:00,602.87,602.92,602.64,602.65,90.525
2026-08-19 02:35:00,602.65,602.72,602.54,602.54,145.529
2026-08-19 02:40:00,602.55,602.55,602.43,602.44,223.381
2026-08-19 02:45:00,602.43,602.56,602.2,602.21,389.137
2026-08-19 02:50:00,602.21,602.21,601.42,601.66,769.321
2026-08-19 02:55:00,601.67,601.98,601.66,601.97,258.447
2026-08-19 03:00:00,601.98,602.1,601.91,602.02,175.625
2026-08-19 03:05:00,602.02,602.02,601.7,601.9,200.004
2026-08-19 03:10:00,601.9,602.3,601.89,602.29,178.989
2026-08-19 03:15:00,602.29,602.64,602.2,602.45,191.524
2026-08-19 03:20:00,602.45,602.69,602.28,602.28,149.377
2026-08-19 03:25:00,602.29,602.38,602.29,602.38,114.853
2026-08-19 03:30:00,602.37,602.38,602.09,602.1,173.837
2026-08-19 03:35:00,602.1,602.1,601.77,601.77,146.785
2026-08-19 03:40:00,601.78,602.1,601.71,601.94,266.316
2026-08-19 03:45:00,601.94,602.18,601.88,602.18,161.657
2026-08-19 03:50:00,602.17,602.27,601.96,601.97,146.657
2026-08-19 03:55:00,601.96,601.97,601.92,601.97,142.732
2026-08-19 04:00:00,601.97,601.97,601.86,601.9,204.161
2026-08-19 04:05:00,601.9,601.96,601.76,601.95,423.306
2026-08-19 04:10:00,601.95,602.35,601.95,602.22,243.666
2026-08-19 04:15:00,602.22,602.25,602.07,602.12,197.399
2026-08-19 04:20:00,602.13,602.58,602.13,602.51,140.147
2026-08-19 04:25:00,602.51,602.59,602.38,602.39,221.116
2026-08-19 04:30:00,602.39,602.39,601.98,602.02,198.437
2026-08-19 04:35:00,602.01,602.31,601.98,601.99,188.747
2026-08-19 04:40:00,601.99,602.02,601.86,602.01,226.301
2026-08-19 04:45:00,602.02,602.11,601.75,601.75,160.695
2026-08-19 04:50:00,601.75,601.82,601.7,601.76,204.111
2026-08-19 04:55:00,601.76,601.92,601.7,601.9,164.749
2026-08-19 05:00:00,601.9,601.92,601.84,601.89,173.172
2026-08-19 05:05:00,601.89,601.92,601.79,601.88,245.079
2026-08-19 05:10:00,601.89,602.05,601.84,601.99,197.867
2026-08-19 05:15:00,602.0,602.0,601.5,601.5,175.069
2026-08-19 05:20:00,601.5,601.58,601.42,601.54,161.947
2026-08-19 05:25:00,601.55,601.99,601.53,601.97,164.05
2026-08-19 05:30:00,601.98,602.03,601.79,601.8,315.658
2026-08-19 05:35:00,601.81,601.81,601.76,601.76,136.694
2026-08-19 05:40:00,601.77,601.77,601.68,601.68,127.637
2026-08-19 05:45:00,601.69,601.69,601.55,601.56,125.062
2026-08-19 05:50:00,601.55,601.61,601.4,601.41,166.225
2026-08-19 05:55:00,601.4,601.47,601.39,601.46,326.839
2026-08-19 06:00:00,601.47,601.57,601.39,601.44,593.369
2026-08-19 06:05:00,601.45,601.48,601.39,601.43,439.955
2026-08-19 06:10:00,601.44,601.44,601.39,601.4,229.708
2026-08-19 06:15:00,601.4,601.81,601.39,601.64,200.653
2026-08-19 06:20:00,601.65,601.76,601.6,601.7,160.444
2026-08-19 06:25:00,601.71,601.77,601.54,601.54,185.32
2026-08-19 06:30:00,601.55,601.75,601.53,601.75,245.701
2026-08-19 06:35:00,601.75,601.88,601.74,601.88,160.044
2026-08-19 06:40:00,601.87,601.9,601.64,601.77,189.202
2026-08-19 06:45:00,601.76,602.2,601.76,601.95,214.216
2026-08-19 06:50:00,601.95,602.04,601.78,602.03,270.833
2026-08-19 06:55:00,602.04,602.42,602.03,602.41,180.712
2026-08-19 07:00:00,602.42,602.6,602.02,602.03,266.91
2026-08-19 07:05:00,602.03,602.03,601.93,601.98,195.353
2026-08-19 07:10:00,601.97,602.51,601.97,602.5,267.952
2026-08-19 07:15:00,602.51,602.51,601.96,602.02,215.048
2026-08-19 07:20:00,602.02,602.23,602.01,602.07,182.878
2026-08-19 07:25:00,602.08,602.28,602.07,602.25,195.407
2026-08-19 07:30:00,602.26,602.32,602.18,602.31,281.828
2026-08-19 07:35:00,602.31,602.45,602.3,602.45,142.286
2026-08-19 07:40:00,602.44,602.45,602.24,602.35,308.495
2026-08-19 07:45:00,602.36,602.46,602.19,602.24,265.206
2026-08-19 07:50:00,602.25,602.25,601.94,601.99,340.742
2026-08-19 07:55:00,601.99,602.0,601.8,601.8,196.4
2026-08-19 08:00:00,601.81,601.92,601.68,601.92,247.696
2026-08-19 08:05:00,601.92,602.23,601.91,601.99,270.689
2026-08-19 08:10:00,601.99,602.13,601.98,602.0,315.773
2026-08-19 08:15:00,602.0,602.4,601.99,602.39,399.905
2026-08-19 08:20:00,602.4,602.4,602.16,602.16,180.347
2026-08-19 08:25:00,602.16,602.34,602.14,602.33,199.82
2026-08-19 08:30:00,602.34,602.58,602.3,602.46,190.747
2026-08-19 08:35:00,602.46,603.49,602.4,603.07,483.861
2026-08-19 08:40:00,603.06,603.25,602.89,603.11,308.086
2026-08-19 08:45:00,603.11,603.35,602.95,602.95,340.444
2026-08-19 08:50:00,602.94,603.09,602.76,602.88,228.37
2026-08-19 08:55:00,602.87,602.88,602.65,602.78,309.983
2026-08-19 09:00:00,602.78,603.04,602.78,603.03,196.932
2026-08-19 09:05:00,603.04,603.04,602.65,602.66,176.861
2026-08-19 09:10:00,602.66,602.94,602.65,602.82,264.882
2026-08-19 09:15:00,602.83,602.84,602.67,602.84,280.945
2026-08-19 09:20:00,602.84,602.86,602.8,602.81,214.419
2026-08-19 09:25:00,602.8,602.81,602.63,602.7,257.334
2026-08-19 09:30:00,602.71,602.74,602.65,602.66,237.819
2026-08-19 09:35:00,602.66,602.77,602.63,602.66,244.429
2026-08-19 09:40:00,602.66,602.74,602.64,602.64,234.904
2026-08-19 09:45:00,602.65,602.68,602.61,602.61,208.21
2026-08-19 09:50:00,602.62,602.62,602.53,602.57,232.173
2026-08-19 09:55:00,602.57,602.59,602.47,602.47,206.927
2026-08-19 10:00:00,602.48,602.56,602.33,602.56,170.072
2026-08-19 10:05:00,602.55,602.65,602.46,602.65,139.024
2026-08-19 10:10:00,602.64,602.74,602.64,602.64,153.701
2026-08-19 10:15:00,602.65,602.68,602.54,602.68,165.16
2026-08-19 10:20:00,602.68,602.7,602.45,602.45,153.854
2026-08-19 10:25:00,602.45,602.46,602.16,602.23,295.609
2026-08-19 10:30:00,602.23,602.24,602.07,602.2,163.983
2026-08-19 10:35:00,602.2,602.21,602.2,602.21,117.382
2026-08-19 10:40:00,602.2,602.21,602.01,602.19,449.776
2026-08-19 10:45:00,602.19,602.53,602.18,602.52,161.677
2026-08-19 10:50:00,602.53,602.53,602.4,602.46,255.532
2026-08-19 10:55:00,602.46,602.77,602.43,602.77,214.927
2026-08-19 11:00:00,602.77,602.8,602.41,602.79,382.855
2026-08-19 11:05:00,602.79,603.27,602.7,602.75,824.237
2026-08-19 11:10:00,602.75,602.85,602.46,602.65,384.501
2026-08-19 11:15:00,602.66,602.66,602.41,602.54,412.214
2026-08-19 11:20:00,602.54,602.75,602.49,602.7,295.535
2026-08-19 11:25:00,602.71,603.01,602.68,602.91,518.537
2026-08-19 11:30:00,602.91,603.5,602.9,603.5,258.628
2026-08-19 11:35:00,603.49,603.5,602.96,603.06,355.411
2026-08-19 11:40:00,603.06,603.1,602.74,602.74,184.49
2026-08-19 11:45:00,602.75,602.84,602.68,602.68,201.844
2026-08-19 11:50:00,602.69,602.83,602.69,602.72,164.122
2026-08-19 11:55:00,602.71,602.81,602.71,602.8,125.46
2026-08-19 12:00:00,602.81,602.94,602.8,602.91,150.741
2026-08-19 12:05:00,602.92,602.92,602.82,602.82,127.956
2026-08-19 12:10:00,602.83,603.03,602.81,603.03,132.563
2026-08-19 12:15:00,603.02,603.25,603.01,603.25,188.859
2026-08-19 12:20:00,603.25,603.28,603.17,603.18,163.0
2026-08-19 12:25:00,603.17,603.24,603.08,603.12,265.511
2026-08-19 12:30:00,603.13,604.04,603.11,603.93,286.01
2026-08-19 12:35:00,603.93,604.25,603.51,603.91,623.223
2026-08-19 12:40:00,603.91,604.68,603.82,604.68,398.358
2026-08-19 12:45:00,604.68,605.36,604.53,605.23,1073.559
2026-08-19 12:50:00,605.24,605.27,604.41,604.61,708.264
2026-08-19 12:55:00,604.62,604.62,604.2,604.28,516.225
2026-08-19 13:00:00,604.28,604.33,604.01,604.09,403.606
2026-08-19 13:05:00,604.09,604.57,604.08,604.52,394.047
2026-08-19 13:10:00,604.52,604.57,604.21,604.21,1284.217
2026-08-19 13:15:00,604.21,604.36,604.08,604.21,455.788
2026-08-19 13:20:00,604.21,604.78,604.2,604.77,472.119
2026-08-19 13:25:00,604.77,605.31,604.77,605.21,477.543
2026-08-19 13:30:00,605.21,605.85,605.03,605.39,840.224
2026-08-19 13:35:00,605.39,605.41,604.45,604.69,1027.035
2026-08-19 13:40:00,604.69,605.59,604.61,605.51,785.349
2026-08-19 13:45:00,605.5,605.5,604.55,604.6,1049.43
2026-08-19 13:50:00,604.61,604.92,604.01,604.31,746.758
2026-08-19 13:55:00,604.31,604.6,604.22,604.29,457.207
2026-08-19 14:00:00,604.3,604.76,604.01,604.76,585.762
2026-08-19 14:05:00,604.75,605.59,604.75,605.56,503.334
2026-08-19 14:10:00,605.57,605.78,605.19,605.32,525.106
2026-08-19 14:15:00,605.33,606.05,605.3,605.81,596.661
2026-08-19 14:20:00,605.81,605.87,605.19,605.65,471.535
2026-08-19 14:25:00,605.65,605.96,605.58,605.82,445.964
2026-08-19 14:30:00,605.82,605.99,605.61,605.61,478.061
2026-08-19 14:35:00,605.62,606.72,605.61,606.64,1377.402
2026-08-19 14:40:00,606.63,607.27,606.63,606.98,901.493
2026-08-19 14:45:00,606.98,607.19,606.67,606.67,743.36
2026-08-19 14:50:00,606.67,608.23,606.67,608.0,1304.207
2026-08-19 14:55:00,608.0,609.43,608.0,608.76,2555.747
2026-08-19 15:00:00,608.76,610.36,608.73,610.36,2344.205
2026-08-19 15:05:00,610.35,612.25,610.35,611.94,5315.232
2026-08-19 15:10:00,611.94,612.83,611.77,612.56,3356.987
2026-08-19 15:15:00,612.57,613.11,611.3,611.77,1844.814
2026-08-19 15:20:00,611.77,614.42,611.76,614.14,2814.025
2026-08-19 15:25:00,614.13,619.87,613.68,618.29,14615.361
2026-08-19 15:30:00,618.3,618.84,616.55,618.47,4330.617
2026-08-19 15:35:00,618.48,619.92,617.62,619.65,5491.132
2026-08-19 15:40:00,619.65,620.18,619.18,619.87,4051.774
2026-08-19 15:45:00,619.88,619.9,617.23,617.36,3157.197
2026-08-19 15:50:00,617.36,618.31,615.58,615.69,1798.961
2026-08-19 15:55:00,615.68,616.99,615.53,616.65,1915.092
2026-08-19 16:00:00,616.66,618.8,616.65,618.68,2722.749
2026-08-19 16:05:00,618.68,619.47,618.65,618.78,1418.836
2026-08-19 16:10:00,618.78,618.78,616.35,617.11,1748.978
2026-08-19 16:15:00,617.1,618.33,617.07,617.98,1283.737
2026-08-19 16:20:00,617.97,619.88,617.75,619.87,3239.043
2026-08-19 16:25:00,619.88,620.17,619.8,619.96,2099.031
2026-08-19 16:30:00,619.96,620.16,619.11,619.3,805.675
2026-08-19 16:35:00,619.3,620.3,619.0,619.88,1671.122
2026-08-19 16:40:00,619.88,619.97,618.69,619.04,1166.194
2026-08-19 16:45:00,619.03,619.09,618.42,618.73,1158.791
2026-08-19 16:50:00,618.74,619.9,618.62,619.68,1167.668
2026-08-19 16:55:00,619.69,619.73,618.42,618.74,726.48
2026-08-19 17:00:00,618.75,619.18,617.28,618.0,977.096
2026-08-19 17:05:00,617.99,618.37,617.08,617.6,910.715
2026-08-19 17:10:00,617.61,617.84,616.75,616.96,725.401
2026-08-19 17:15:00,616.97,617.26,615.82,615.86,1000.091
2026-08-19 17:20:00,615.86,616.82,615.69,615.87,730.398
2026-08-19 17:25:00,615.88,616.14,615.55,615.72,979.433
2026-08-19 17:30:00,615.72,615.87,614.47,614.96,1627.719
2026-08-19 17:35:00,614.97,615.6,614.92,615.58,715.976
2026-08-19 17:40:00,615.57,615.93,615.19,615.84,389.901
2026-08-19 17:45:00,615.84,617.04,615.81,617.0,543.607
2026-08-19 17:50:00,617.0,617.72,616.97,617.5,561.685
2026-08-19 17:55:00,617.5,617.59,617.2,617.22,513.524
2026-08-19 18:00:00,617.23,617.53,617.05,617.28,626.916
2026-08-19 18:05:00,617.29,617.4,616.17,616.23,507.32
2026-08-19 18:10:00,616.24,617.08,616.1,617.08,413.586
2026-08-19 18:15:00,617.08,617.5,616.89,617.49,435.077
2026-08-19 18:20:00,617.49,617.5,616.44,616.68,442.242
2026-08-19 18:25:00,616.69,617.09,616.5,616.89,406.654
2026-08-19 18:30:00,616.88,617.04,616.75,617.03,536.417
2026-08-19 18:35:00,617.03,617.3,616.91,617.07,445.598
2026-08-19 18:40:00,617.07,617.87,617.07,617.71,622.223
2026-08-19 18:45:00,617.7,617.88,617.26,617.47,333.165
2026-08-19 18:50:00,617.48,617.48,616.9,617.15,453.092
2026-08-19 18:55:00,617.15,617.18,616.79,617.18,342.285
2026-08-19 19:00:00,617.18,617.18,616.95,617.03,293.121
2026-08-19 19:05:00,617.03,617.39,616.86,616.86,275.271
2026-08-19 19:10:00,616.87,617.85,616.15,616.17,765.811
2026-08-19 19:15:00,616.16,617.36,616.1,616.87,331.351
2026-08-19 19:20:00,616.87,617.42,616.68,617.18,506.794
2026-08-19 19:25:00,617.17,617.25,614.76,615.04,5489.264
2026-08-19 19:30:00,615.04,615.28,614.63,614.8,1392.56
2026-08-19 19:35:00,614.8,614.89,613.92,614.52,3445.194
2026-08-19 19:40:00,614.52,615.47,614.51,615.45,424.269
2026-08-19 19:45:00,615.45,615.55,615.27,615.43,526.729
2026-08-19 19:50:00,615.42,616.03,615.39,616.02,256.066
2026-08-19 19:55:00,616.03,616.59,616.01,616.58,307.291
2026-08-19 20:00:00,616.59,617.03,616.24,617.03,347.722
2026-08-19 20:05:00,617.03,617.67,616.81,617.54,631.588
2026-08-19 20:10:00,617.54,617.67,617.23,617.39,386.778
2026-08-19 20:15:00,617.39,617.63,617.04,617.57,204.837
2026-08-19 20:20:00,617.57,618.0,617.5,618.0,310.399
2026-08-19 20:25:00,618.0,618.64,617.99,618.31,597.547
2026-08-19 20:30:00,618.31,618.45,617.99,618.44,332.726
2026-08-19 20:35:00,618.44,618.61,618.11,618.61,355.382
2026-08-19 20:40:00,618.6,618.8,618.46,618.66,494.515
2026-08-19 20:45:00,618.65,618.79,618.31,618.79,310.821
2026-08-19 20:50:00,618.79,624.27,618.75,624.08,7797.918
2026-08-19 20:55:00,624.07,624.62,622.94,624.06,1365.004
2026-08-19 21:00:00,624.07,626.4,623.32,626.13,2796.395
2026-08-19 21:05:00,626.14,629.88,625.45,629.55,5779.368
2026-08-19 21:10:00,629.54,629.78,626.64,627.91,2660.293
2026-08-19 21:15:00,627.92,628.98,627.15,628.51,1646.261
2026-08-19 21:20:00,628.5,630.0,628.45,628.8,2867.372
2026-08-19 21:25:00,628.79,630.7,628.79,629.73,2888.54
2026-08-19 21:30:00,629.73,631.69,629.56,631.43,2100.615
2026-08-19 21:35:00,631.42,631.86,630.3,630.4,1897.317
2026-08-19 21:40:00,630.4,634.5,630.39,634.5,2662.759
2026-08-19 21:45:00,634.49,636.0,633.43,634.49,2316.454
2026-08-19 21:50:00,634.49,636.59,634.26,636.12,2711.324
2026-08-19 21:55:00,636.13,636.38,633.29,634.64,973.564
2026-08-19 22:00:00,634.65,635.4,632.64,632.99,1151.756
2026-08-19 22:05:00,632.99,633.95,631.86,633.31,1532.966
2026-08-19 22:10:00,633.31,633.37,631.46,631.46,1779.245
2026-08-19 22:15:00,631.46,632.96,631.4,632.18,642.035
2026-08-19 22:20:00,632.19,632.75,631.34,631.34,1038.579
2026-08-19 22:25:00,631.33,631.94,629.92,630.31,2622.649
2026-08-19 22:30:00,630.3,630.3,627.6,628.53,2224.674
2026-08-19 22:35:00,628.53,630.77,627.7,630.7,1760.514
2026-08-19 22:40:00,630.7,631.25,630.01,630.01,721.444
2026-08-19 22:45:00,630.0,630.01,628.25,628.97,559.734
2026-08-19 22:50:00,628.98,629.4,627.0,627.11,1722.626
2026-08-19 22:55:00,627.11,628.25,626.94,628.01,987.147
2026-08-19 23:00:00,628.01,628.23,626.66,627.74,560.325
2026-08-19 23:05:00,627.75,628.31,627.59,628.1,513.115
2026-08-19 23:10:00,628.1,629.14,627.71,627.72,1498.749
2026-08-19 23:15:00,627.71,628.05,627.06,627.63,609.656
2026-08-19 23:20:00,627.64,627.64,626.23,626.52,907.093
2026-08-19 23:25:00,626.53,627.45,626.32,626.9,561.832
2026-08-19 23:30:00,626.9,627.01,625.88,625.88,664.244
2026-08-19 23:35:00,625.87,626.96,625.8,626.61,571.488
2026-08-19 23:40:00,626.61,628.0,626.44,627.44,753.815
2026-08-19 23:45:00,627.44,627.52,626.19,626.21,987.918
2026-08-19 23:50:00,626.21,626.55,625.77,626.28,392.996
2026-08-19 23:55:00,626.28,627.68,626.2,627.51,501.836
2026-08-20 00:00:00,627.51,629.75,626.8,628.66,3705.208
2026-08-20 00:05:00,628.65,629.04,628.0,628.99,701.036
2026-08-20 00:10:00,628.99,629.47,627.61,628.27,983.622
2026-08-20 00:15:00,628.27,628.73,627.35,628.46,778.364
2026-08-20 00:20:00,628.47,628.59,627.95,628.14,737.179
2026-08-20 00:25:00,628.13,629.15,627.61,628.67,717.98
2026-08-20 00:30:00,628.68,628.99,627.98,628.99,761.455
2026-08-20 00:35:00,628.99,629.56,628.49,629.51,763.638
2026-08-20 00:40:00,629.51,629.55,628.48,629.3,934.695
2026-08-20 00:45:00,629.3,630.73,629.3,630.19,2528.775
2026-08-20 00:50:00,630.19,630.35,629.15,629.72,1963.82
2026-08-20 00:55:00,629.71,629.72,628.57,628.9,866.06
2026-08-20 01:00:00,628.9,629.48,628.51,628.58,598.005
2026-08-20 01:05:00,628.58,628.59,626.47,626.59,1097.766
2026-08-20 01:10:00,626.58,627.0,626.12,626.75,1274.969
2026-08-20 01:15:00,626.76,627.0,624.98,626.46,1103.028
2026-08-20 01:20:00,626.46,626.47,625.09,625.22,1087.234
2026-08-20 01:25:00,625.22,625.31,624.42,624.51,1064.769
2026-08-20 01:30:00,624.51,625.75,624.19,625.75,920.902
2026-08-20 01:35:00,625.76,626.1,625.16,625.68,713.35
2026-08-20 01:40:00,625.68,625.91,625.52,625.76,368.532
2026-08-20 01:45:00,625.76,626.92,625.59,626.8,698.997
2026-08-20 01:50:00,626.8,627.0,625.77,626.0,1234.127
2026-08-20 01:55:00,626.0,626.1,625.61,625.75,410.686
2026-08-20 02:00:00,625.76,626.7,625.59,626.44,551.353
2026-08-20 02:05:00,626.45,626.75,626.14,626.28,447.792
2026-08-20 02:10:00,626.29,626.57,625.83,626.1,324.094
2026-08-20 02:15:00,626.11,626.15,625.08,625.37,684.325
2026-08-20 02:20:00,625.38,625.52,624.78,624.78,653.22
2026-08-20 02:25:00,624.79,624.92,624.39,624.68,410.365
2026-08-20 02:30:00,624.67,625.96,624.65,625.83,450.194
2026-08-20 02:35:00,625.83,625.83,625.04,625.12,593.404
2026-08-20 02:40:00,625.11,625.44,624.83,625.35,529.389
2026-08-20 02:45:00,625.36,625.61,625.14,625.15,434.806
2026-08-20 02:50:00,625.15,625.32,624.53,624.72,666.272
2026-08-20 02:55:00,624.73,624.79,624.2,624.33,696.44
2026-08-20 03:00:00,624.34,624.37,623.51,623.91,937.115
2026-08-20 03:05:00,623.92,624.6,623.31,623.48,841.831
2026-08-20 03:10:00,623.48,623.61,622.28,622.33,1752.158
2026-08-20 03:15:00,622.34,624.69,622.33,624.62,915.576
2026-08-20 03:20:00,624.63,625.39,624.09,624.1,542.446
2026-08-20 03:25:00,624.1,624.16,623.1,623.1,1078.712
2026-08-20 03:30:00,623.11,624.08,623.05,623.81,682.204
2026-08-20 03:35:00,623.81,624.65,623.47,624.38,474.859
2026-08-20 03:40:00,624.38,625.54,624.37,625.14,735.436
2026-08-20 03:45:00,625.14,625.88,625.06,625.3,504.123
2026-08-20 03:50:00,625.3,628.47,625.06,626.94,2030.568
2026-08-20 03:55:00,626.95,626.95,626.3,626.37,328.258
2026-08-20 04:00:00,626.38,627.1,626.35,626.94,539.835
2026-08-20 04:05:00,626.93,627.6,626.64,627.53,323.337
2026-08-20 04:10:00,627.53,627.54,627.09,627.09,443.421
2026-08-20 04:15:00,627.1,627.16,626.53,626.81,594.804
2026-08-20 04:20:00,626.81,626.82,625.92,626.0,425.171
2026-08-20 04:25:00,626.01,626.35,625.63,625.73,271.214
2026-08-20 04:30:00,625.74,625.83,625.06,625.07,683.063
2026-08-20 04:35:00,625.07,625.55,624.89,625.27,479.218
2026-08-20 04:40:00,625.26,626.0,625.02,625.68,297.111
2026-08-20 04:45:00,625.69,626.22,625.69,626.0,300.887
2026-08-20 04:50:00,626.0,627.5,625.99,626.64,557.857
2026-08-20 04:55:00,626.64,626.88,626.52,626.8,252.708
2026-08-20 05:00:00,626.8,627.39,626.76,627.2,301.731
2026-08-20 05:05:00,627.21,627.81,627.21,627.65,527.761
2026-08-20 05:10:00,627.64,627.74,626.89,626.9,309.071
2026-08-20 05:15:00,626.91,627.39,626.9,627.24,709.584
2026-08-20 05:20:00,627.23,627.51,627.04,627.47,446.52
2026-08-20 05:25:00,627.48,627.53,626.9,626.9,330.1
2026-08-20 05:30:00,626.9,627.2,626.65,626.65,626.304
2026-08-20 05:35:00,626.64,627.33,625.97,626.01,1339.492
2026-08-20 05:40:00,626.01,626.34,625.95,626.31,337.418
2026-08-20 05:45:00,626.32,626.32,625.45,625.5,301.633
2026-08-20 05:50:00,625.5,625.79,624.51,624.84,885.876
2026-08-20 05:55:00,624.83,625.22,624.69,625.0,476.183
2026-08-20 06:00:00,625.01,625.1,624.54,624.63,409.367
2026-08-20 06:05:00,624.63,625.16,624.52,624.52,403.015
2026-08-20 06:10:00,624.52,625.68,624.51,625.42,690.358
2026-08-20 06:15:00,625.41,625.91,625.0,625.89,338.515
2026-08-20 06:20:00,625.88,627.01,625.64,627.0,581.76
2026-08-20 06:25:00,627.0,627.0,626.24,626.57,470.053
2026-08-20 06:30:00,626.57,626.98,626.51,626.75,404.724
2026-08-20 06:35:00,626.76,627.62,626.54,626.72,1102.51
2026-08-20 06:40:00,626.73,627.98,626.72,627.9,1815.033
2026-08-20 06:45:00,627.89,628.56,627.51,628.5,743.057
2026-08-20 06:50:00,628.5,629.34,628.49,629.34,511.213
2026-08-20 06:55:00,629.35,631.2,629.34,630.18,1534.847
2026-08-20 07:00:00,630.19,630.31,629.03,629.65,440.311
2026-08-20 07:05:00,629.65,631.47,629.65,631.2,947.288
2026-08-20 07:10:00,631.2,632.71,630.81,630.82,1053.348
2026-08-20 07:15:00,630.82,631.07,630.14,630.14,524.455
2026-08-20 07:20:00,630.13,630.51,629.39,629.97,620.728
2026-08-20 07:25:00,629.98,630.21,629.8,629.87,294.845
2026-08-20 07:30:00,629.87,629.87,628.2,629.05,675.324
2026-08-20 07:35:00,629.06,629.18,627.97,628.04,437.303
2026-08-20 07:40:00,628.04,628.74,627.98,628.46,354.173
2026-08-20 07:45:00,628.45,629.43,628.28,629.05,558.061
2026-08-20 07:50:00,629.05,630.32,628.61,630.32,460.648
2026-08-20 07:55:00,630.31,630.53,629.69,630.44,485.887
2026-08-20 08:00:00,630.45,631.56,630.35,631.44,917.422
2026-08-20 08:05:00,631.43,635.43,631.43,635.23,2117.889
2026-08-20 08:10:00,635.23,643.37,634.86,641.36,8035.503
2026-08-20 08:15:00,641.35,645.0,640.01,642.96,6375.3
2026-08-20 08:20:00,642.97,643.31,638.44,639.61,4514.695
2026-08-20 08:25:00,639.6,641.33,639.34,639.93,3520.753
2026-08-20 08:30:00,639.93,640.19,638.08,638.5,2743.595
2026-08-20 08:35:00,638.51,641.22,638.12,640.65,3401.593
2026-08-20 08:40:00,640.66,641.57,640.08,640.81,2000.251
2026-08-20 08:45:00,640.81,642.0,640.59,641.6,1521.012
2026-08-20 08:50:00,641.6,642.39,641.16,642.35,2110.216
2026-08-20 08:55:00,642.35,642.35,640.21,640.66,2123.216
2026-08-20 09:00:00,640.66,642.01,640.47,641.82,1723.875
2026-08-20 09:05:00,641.82,642.88,641.38,642.21,1907.13
2026-08-20 09:10:00,642.21,642.74,641.27,642.35,1457.386
2026-08-20 09:15:00,642.35,643.76,641.5,643.0,1680.705
2026-08-20 09:20:00,643.0,644.29,642.8,644.09,1337.702
2026-08-20 09:25:00,644.1,645.0,642.82,643.54,3584.837
2026-08-20 09:30:00,643.54,643.99,642.15,643.61,902.405
2026-08-20 09:35:00,643.61,644.54,642.86,642.87,918.633
2026-08-20 09:40:00,642.86,643.56,642.28,643.05,971.89
2026-08-20 09:45:00,643.04,643.61,642.72,643.44,1061.234
2026-08-20 09:50:00,643.44,643.72,642.78,643.18,2682.849
2026-08-20 09:55:00,643.18,643.18,641.74,642.89,1915.339
2026-08-20 10:00:00,642.9,643.41,642.01,642.34,1029.462
2026-08-20 10:05:00,642.34,642.83,641.83,642.46,925.992
2026-08-20 10:10:00,642.45,644.14,642.33,643.9,1470.93
2026-08-20 10:15:00,643.91,646.53,643.91,646.53,2099.61
2026-08-20 10:20:00,646.52,646.72,644.19,645.07,772.58
2026-08-20 10:25:00,645.07,645.07,642.85,643.03,1535.671
2026-08-20 10:30:00,643.04,643.29,642.2,643.01,1513.418
2026-08-20 10:35:00,643.01,644.09,642.43,643.79,1466.128
2026-08-20 10:40:00,643.79,644.38,643.38,644.19,1950.621
2026-08-20 10:45:00,644.18,645.54,644.11,645.12,2044.849
2026-08-20 10:50:00,645.13,645.34,642.9,643.15,1563.877
2026-08-20 10:55:00,643.14,644.0,642.95,644.0,526.234
2026-08-20 11:00:00,644.0,644.97,643.59,644.55,877.807
2026-08-20 11:05:00,644.55,644.65,643.93,644.1,870.918
2026-08-20 11:10:00,644.11,644.11,643.0,643.43,615.681
2026-08-20 11:15:00,643.43,643.5,642.57,642.94,595.853
2026-08-20 11:20:00,642.94,643.37,642.8,642.96,672.251
2026-08-20 11:25:00,642.95,643.25,642.61,642.82,717.933
2026-08-20 11:30:00,642.81,645.2,642.59,645.2,977.173
2026-08-20 11:35:00,645.2,646.93,645.16,646.63,877.307
2026-08-20 11:40:00,646.63,648.22,646.62,647.53,1885.815
2026-08-20 11:45:00,647.54,648.99,647.5,648.88,1480.212
2026-08-20 11:50:00,648.88,649.0,646.4,646.4,1480.077
2026-08-20 11:55:00,646.4,646.85,645.66,645.83,1175.189
2026-08-20 12:00:00,645.82,646.19,644.06,644.06,1521.405
2026-08-20 12:05:00,644.05,644.15,641.65,642.36,1851.312
2026-08-20 12:10:00,642.36,643.2,642.35,642.52,1353.532
2026-08-20 12:15:00,642.52,642.88,641.8,642.18,727.317
2026-08-20 12:20:00,642.18,643.05,641.78,643.05,618.118
2026-08-20 12:25:00,643.06,643.15,642.03,642.07,548.495
2026-08-20 12:30:00,642.09,642.94,640.22,640.62,1805.512
2026-08-20 12:35:00,640.62,641.52,639.89,641.52,1530.811
2026-08-20 12:40:00,641.52,642.0,640.89,641.09,494.112
2026-08-20 12:45:00,641.09,641.42,640.0,640.63,973.314
2026-08-20 12:50:00,640.63,642.83,640.63,642.82,666.87
2026-08-20 12:55:00,642.82,643.26,642.71,643.22,392.684
2026-08-20 13:00:00,643.23,644.04,642.67,643.77,599.716
2026-08-20 13:05:00,643.76,644.94,643.76,644.33,823.724
2026-08-20 13:10:00,644.33,644.33,643.5,644.05,680.977
2026-08-20 13:15:00,644.04,644.04,642.41,642.88,1011.754
2026-08-20 13:20:00,642.88,643.49,642.47,642.93,1003.323
2026-08-20 13:25:00,642.92,643.13,641.99,642.51,432.199
2026-08-20 13:30:00,642.51,642.51,639.63,640.25,1939.003
2026-08-20 13:35:00,640.25,641.11,638.21,639.66,1591.216
2026-08-20 13:40:00,639.66,640.51,638.96,640.39,2238.761
2026-08-20 13:45:00,640.4,641.0,639.71,640.99,837.622
2026-08-20 13:50:00,640.99,642.0,640.52,641.57,977.686
2026-08-20 13:55:00,641.58,642.23,641.35,641.63,565.765
2026-08-20 14:00:00,641.63,642.03,641.2,641.5,857.37
2026-08-20 14:05:00,641.5,644.51,641.26,644.28,3233.401
2026-08-20 14:10:00,644.27,645.2,643.8,643.83,879.263
2026-08-20 14:15:00,643.84,644.07,641.98,641.99,805.755
2026-08-20 14:20:00,641.98,642.65,641.46,642.54,546.495
2026-08-20 14:25:00,642.54,642.71,641.23,641.75,507.0
2026-08-20 14:30:00,641.74,642.2,641.5,641.58,1118.143
2026-08-20 14:35:00,641.59,642.88,641.5,641.59,588.058
2026-08-20 14:40:00,641.6,642.0,641.2,641.74,464.69
2026-08-20 14:45:00,641.74,641.8,640.52,641.4,680.539
2026-08-20 14:50:00,641.4,643.0,641.4,642.08,748.299
2026-08-20 14:55:00,642.09,642.25,641.08,642.24,1363.944
2026-08-20 15:00:00,642.24,646.62,642.14,645.63,1243.905
2026-08-20 15:05:00,645.57,646.54,644.8,645.32,690.125
2026-08-20 15:10:00,645.31,647.05,645.16,646.83,819.873
2026-08-20 15:15:00,646.84,647.11,646.0,647.0,698.393
2026-08-20 15:20:00,646.99,647.89,645.3,645.93,1681.116
2026-08-20 15:25:00,645.92,648.37,645.92,648.19,1181.678
2026-08-20 15:30:00,648.2,650.43,647.96,648.37,3427.714
2026-08-20 15:35:00,648.37,648.37,647.1,647.94,899.31
2026-08-20 15:40:00,647.94,648.42,647.78,647.98,493.777
2026-08-20 15:45:00,647.97,649.22,647.5,648.96,952.142
2026-08-20 15:50:00,648.96,652.53,648.63,651.98,2495.247
2026-08-20 15:55:00,651.98,652.63,651.27,652.56,1418.402
2026-08-20 16:00:00,652.57,652.84,650.58,650.71,1328.284
2026-08-20 16:05:00,650.7,652.29,650.7,652.29,676.674
2026-08-20 16:10:00,652.29,652.29,650.31,650.58,516.787
2026-08-20 16:15:00,650.59,651.1,645.92,648.2,6027.174
2026-08-20 16:20:00,648.21,648.61,647.82,648.2,769.673
2026-08-20 16:25:00,648.2,649.69,648.12,649.5,475.591
2026-08-20 16:30:00,649.5,649.97,648.61,649.66,811.118
2026-08-20 16:35:00,649.66,651.18,649.47,651.13,873.428
2026-08-20 16:40:00,651.14,653.91,651.14,653.17,1819.86
2026-08-20 16:45:00,653.16,653.75,652.44,652.72,651.978
2026-08-20 16:50:00,652.72,653.45,652.49,653.21,672.039
2026-08-20 16:55:00,653.21,654.21,652.6,653.85,853.148
2026-08-20 17:00:00,653.86,653.94,652.91,653.23,675.122
2026-08-20 17:05:00,653.23,653.51,652.0,652.32,1219.963
2026-08-20 17:10:00,652.32,652.73,651.53,652.36,762.609
2026-08-20 17:15:00,652.37,652.76,651.59,652.0,339.073
2026-08-20 17:20:00,651.99,652.75,651.59,651.96,440.118
2026-08-20 17:25:00,651.96,653.22,651.93,652.84,733.219
2026-08-20 17:30:00,652.85,653.25,652.4,652.65,435.344
2026-08-20 17:35:00,652.64,654.0,652.1,653.78,782.867
2026-08-20 17:40:00,653.78,654.07,653.09,653.09,519.945
2026-08-20 17:45:00,653.09,653.54,652.83,653.39,484.964
2026-08-20 17:50:00,653.39,654.59,653.24,653.91,513.876
2026-08-20 17:55:00,653.91,653.98,653.18,653.27,886.451
2026-08-20 18:00:00,653.28,654.12,651.42,651.56,575.306
2026-08-20 18:05:00,651.55,651.81,650.38,650.58,969.238
2026-08-20 18:10:00,650.58,650.72,649.5,649.99,940.521
2026-08-20 18:15:00,649.98,650.17,648.84,650.16,613.339
2026-08-20 18:20:00,650.15,650.77,650.14,650.47,282.249
2026-08-20 18:25:00,650.47,650.57,649.5,649.59,296.8
2026-08-20 18:30:00,649.58,649.71,647.02,647.51,1248.238
2026-08-20 18:35:00,647.51,648.21,647.4,647.49,322.202
2026-08-20 18:40:00,647.48,648.85,647.27,648.78,352.252
2026-08-20 18:45:00,648.79,649.0,648.24,648.77,210.942
2026-08-20 18:50:00,648.78,649.47,648.5,648.7,165.891
2026-08-20 18:55:00,648.69,648.74,647.49,647.49,371.582
2026-08-20 19:00:00,647.49,647.93,646.94,647.93,504.702
2026-08-20 19:05:00,647.92,649.31,647.7,648.79,179.906
2026-08-20 19:10:00,648.79,649.22,647.91,648.7,324.653
2026-08-20 19:15:00,648.7,649.28,648.52,649.19,211.042
2026-08-20 19:20:00,649.19,649.79,648.88,649.78,125.509
2026-08-20 19:25:00,649.77,650.0,649.33,649.46,162.725
2026-08-20 19:30:00,649.45,649.8,649.0,649.15,125.478
2026-08-20 19:35:00,649.15,650.18,648.76,650.04,129.21
2026-08-20 19:40:00,650.04,650.7,649.98,650.45,314.736
2026-08-20 19:45:00,650.45,650.93,649.73,650.25,315.303
2026-08-20 19:50:00,650.24,650.74,650.0,650.49,190.726
2026-08-20 19:55:00,650.49,650.84,650.21,650.48,260.554
2026-08-20 20:00:00,650.48,650.91,650.18,650.86,185.521
2026-08-20 20:05:00,650.86,651.42,650.84,651.28,457.829
2026-08-20 20:10:00,651.28,651.67,650.76,650.93,286.64
2026-08-20 20:15:00,650.94,652.0,650.6,651.99,215.077
2026-08-20 20:20:00,652.0,652.13,651.44,652.08,305.846
2026-08-20 20:25:00,652.07,652.53,651.75,652.02,292.21
2026-08-20 20:30:00,652.03,652.91,652.02,652.67,372.727
2026-08-20 20:35:00,652.67,653.36,652.23,652.23,423.421
2026-08-20 20:40:00,652.22,652.83,652.0,652.72,226.719
2026-08-20 20:45:00,652.72,652.88,651.96,652.3,421.261
2026-08-20 20:50:00,652.29,652.6,651.81,652.57,278.291
2026-08-20 20:55:00,652.56,654.29,652.48,653.71,574.729
2026-08-20 21:00:00,653.7,653.76,653.03,653.21,165.099
2026-08-20 21:05:00,653.22,653.74,652.77,653.74,124.868
2026-08-20 21:10:00,653.74,654.66,653.74,654.41,303.382
2026-08-20 21:15:00,654.41,655.0,654.01,654.02,628.887
2026-08-20 21:20:00,654.02,654.09,653.05,653.16,234.811
2026-08-20 21:25:00,653.15,653.78,653.09,653.28,130.39
2026-08-20 21:30:00,653.28,654.6,653.27,654.34,183.04
2026-08-20 21:35:00,654.34,654.5,653.45,653.55,219.977
2026-08-20 21:40:00,653.54,654.12,652.99,653.25,353.374
2026-08-20 21:45:00,653.24,654.07,653.24,653.7,406.091
2026-08-20 21:50:00,653.69,654.56,653.67,654.06,638.836
2026-08-20 21:55:00,654.07,654.07,653.44,653.93,250.079
2026-08-20 22:00:00,653.93,654.15,652.27,652.48,475.387
2026-08-20 22:05:00,652.47,653.56,652.47,653.32,337.946
2026-08-20 22:10:00,653.31,654.14,653.22,653.59,219.495
2026-08-20 22:15:00,653.58,654.02,653.19,653.38,245.286
2026-08-20 22:20:00,653.38,654.74,653.38,654.64,245.464
2026-08-20 22:25:00,654.65,655.33,654.52,655.08,1149.191
2026-08-20 22:30:00,655.07,655.5,654.21,655.5,428.169
2026-08-20 22:35:00,655.49,656.0,655.04,655.26,909.637
2026-08-20 22:40:00,655.25,655.25,654.57,654.75,393.439
2026-08-20 22:45:00,654.76,655.15,654.05,654.06,369.63
2026-08-20 22:50:00,654.06,655.06,653.92,654.8,372.515
2026-08-20 22:55:00,654.8,654.81,653.87,653.87,192.846
2026-08-20 23:00:00,653.88,654.5,653.7,654.08,160.618
2026-08-20 23:05:00,654.09,655.34,654.08,654.97,216.206
2026-08-20 23:10:00,654.97,655.93,654.97,655.92,163.033
2026-08-20 23:15:00,655.92,656.87,655.44,656.73,826.878
2026-08-20 23:20:00,656.73,657.0,656.28,656.84,260.318
2026-08-20 23:25:00,656.84,658.3,656.84,657.34,1331.971
2026-08-20 23:30:00,657.34,658.25,657.34,657.57,875.074
2026-08-20 23:35:00,657.57,657.78,656.23,656.4,307.834
2026-08-20 23:40:00,656.4,656.57,655.51,655.61,422.781
2026-08-20 23:45:00,655.6,655.83,655.3,655.5,289.501
2026-08-20 23:50:00,655.51,655.51,654.86,655.38,371.236
2026-08-20 23:55:00,655.39,655.39,654.73,654.8,178.255
2026-08-21 00:00:00,654.8,655.06,653.24,653.31,1752.494
2026-08-21 00:05:00,653.3,654.76,653.24,653.82,1664.325
2026-08-21 00:10:00,653.81,655.0,653.4,655.0,855.713
2026-08-21 00:15:00,654.99,657.37,654.15,656.93,1165.257
2026-08-21 00:20:00,656.9,657.64,656.26,657.12,1582.12
2026-08-21 00:25:00,657.12,657.54,655.45,655.5,631.785
2026-08-21 00:30:00,655.5,657.63,655.5,656.1,784.677
2026-08-21 00:35:00,656.09,656.14,654.64,655.89,507.462
2026-08-21 00:40:00,655.88,656.15,655.02,655.98,444.644
2026-08-21 00:45:00,655.97,658.25,655.3,657.54,626.058
2026-08-21 00:50:00,657.54,658.27,657.22,657.42,462.795
2026-08-21 00:55:00,657.4,657.46,656.0,656.82,487.568
2026-08-21 01:00:00,656.83,657.24,656.21,656.69,513.271
2026-08-21 01:05:00,656.69,657.66,656.22,657.41,289.672
2026-08-21 01:10:00,657.41,657.87,657.08,657.68,416.508
2026-08-21 01:15:00,657.69,661.0,657.33,659.16,2988.741
2026-08-21 01:20:00,659.16,659.46,656.98,658.31,1719.084
2026-08-21 01:25:00,658.3,660.07,658.08,660.01,1282.926
2026-08-21 01:30:00,660.01,664.17,659.74,663.99,3506.965
2026-08-21 01:35:00,663.99,664.17,661.94,662.34,1280.221
2026-08-21 01:40:00,662.34,663.6,662.1,662.94,693.382
2026-08-21 01:45:00,662.95,666.64,662.52,665.93,3819.375
2026-08-21 01:50:00,665.93,666.0,664.58,664.87,1718.669
2026-08-21 01:55:00,664.87,664.87,660.85,661.54,2674.436
2026-08-21 02:00:00,661.55,661.82,659.36,661.6,1999.049
2026-08-21 02:05:00,661.61,663.91,660.89,662.48,1329.965
2026-08-21 02:10:00,662.47,662.53,660.28,661.65,618.343
2026-08-21 02:15:00,661.65,662.2,660.67,661.55,746.538
2026-08-21 02:20:00,661.55,661.71,660.72,660.97,378.994
2026-08-21 02:25:00,660.96,662.61,660.96,662.35,509.908
2026-08-21 02:30:00,662.35,663.39,660.29,661.33,1030.468
2026-08-21 02:35:00,661.32,661.49,660.48,660.81,830.447
2026-08-21 02:40:00,660.8,661.38,660.52,660.56,327.251
2026-08-21 02:45:00,660.56,660.62,659.03,659.87,1363.06
2026-08-21 02:50:00,659.87,660.34,659.09,659.09,831.653
2026-08-21 02:55:00,659.1,659.66,658.87,659.1,810.425
2026-08-21 03:00:00,659.11,659.57,658.63,658.87,966.899
2026-08-21 03:05:00,658.86,658.97,657.21,657.69,1178.602
2026-08-21 03:10:00,657.69,660.0,657.55,659.13,359.214
2026-08-21 03:15:00,659.14,659.38,658.16,658.87,532.602
2026-08-21 03:20:00,658.87,659.64,658.81,659.35,608.626
2026-08-21 03:25:00,659.34,660.75,659.0,660.57,815.62
2026-08-21 03:30:00,660.56,661.59,660.3,661.26,575.046
2026-08-21 03:35:00,661.26,661.5,659.76,660.89,583.586
2026-08-21 03:40:00,660.9,661.48,660.6,660.88,549.767
2026-08-21 03:45:00,660.87,662.4,660.8,662.4,932.11
2026-08-21 03:50:00,662.39,662.55,662.0,662.18,363.429
2026-08-21 03:55:00,662.17,662.55,661.01,661.07,320.454
2026-08-21 04:00:00,661.08,662.52,660.84,662.08,470.468
2026-08-21 04:05:00,662.07,662.18,661.21,661.75,261.608
2026-08-21 04:10:00,661.75,662.08,659.91,660.79,887.287
2026-08-21 04:15:00,660.79,661.31,660.18,660.81,516.558
2026-08-21 04:20:00,660.8,661.11,660.25,660.25,516.817
2026-08-21 04:25:00,660.26,660.38,659.44,659.56,932.415
2026-08-21 04:30:00,659.56,660.65,658.59,660.32,1174.75
2026-08-21 04:35:00,660.31,660.94,660.19,660.65,261.392
2026-08-21 04:40:00,660.65,660.65,659.38,660.4,654.04
2026-08-21 04:45:00,660.39,660.9,659.99,660.59,474.637
2026-08-21 04:50:00,660.59,661.51,660.59,661.08,463.359
2026-08-21 04:55:00,661.08,661.37,660.29,660.55,986.923
2026-08-21 05:00:00,660.55,661.56,660.11,660.62,858.422
2026-08-21 05:05:00,660.62,661.76,660.58,661.5,398.031
2026-08-21 05:10:00,661.5,662.99,661.36,662.78,933.426
2026-08-21 05:15:00,662.77,663.33,662.26,663.07,743.526
2026-08-21 05:20:00,663.07,663.98,662.62,662.63,1322.687
2026-08-21 05:25:00,662.64,662.74,660.45,661.83,955.111
2026-08-21 05:30:00,661.84,663.34,661.47,663.25,737.316
2026-08-21 05:35:00,663.25,663.76,663.12,663.56,1008.758
2026-08-21 05:40:00,663.56,663.87,662.95,663.3,908.05
2026-08-21 05:45:00,663.31,664.15,663.22,663.85,507.544
2026-08-21 05:50:00,663.84,664.81,663.78,664.38,659.534
2026-08-21 05:55:00,664.38,664.83,664.23,664.73,544.316
2026-08-21 06:00:00,664.73,665.33,664.41,665.31,1426.574
2026-08-21 06:05:00,665.32,665.99,665.31,665.96,598.038
2026-08-21 06:10:00,665.97,665.97,664.56,664.98,943.986
2026-08-21 06:15:00,664.98,666.18,664.98,665.98,680.356
2026-08-21 06:20:00,665.97,666.3,663.94,664.67,621.594
2026-08-21 06:25:00,664.66,666.39,664.34,665.85,367.974
2026-08-21 06:30:00,665.86,668.55,665.82,668.55,1113.451
2026-08-21 06:35:00,668.54,673.0,667.95,672.74,5523.035
2026-08-21 06:40:00,672.75,672.93,666.0,668.1,3362.9
2026-08-21 06:45:00,668.1,668.75,666.75,668.13,952.227
2026-08-21 06:50:00,668.13,668.19,666.03,666.34,970.092
2026-08-21 06:55:00,666.34,667.19,666.34,666.88,590.871
2026-08-21 07:00:00,666.89,669.0,666.74,668.59,896.519
2026-08-21 07:05:00,668.59,669.46,668.12,668.84,581.389
2026-08-21 07:10:00,668.83,670.47,668.75,670.46,1360.809
2026-08-21 07:15:00,670.47,673.73,670.25,672.03,3592.251
2026-08-21 07:20:00,672.01,672.12,670.8,670.97,1113.728
2026-08-21 07:25:00,670.97,671.86,670.38,671.78,473.728
2026-08-21 07:30:00,671.78,672.17,669.59,671.16,3538.409
2026-08-21 07:35:00,671.17,671.7,669.41,670.69,2356.258
2026-08-21 07:40:00,670.69,672.48,670.47,671.52,2299.594
2026-08-21 07:45:00,671.52,671.69,670.49,670.71,1830.851
2026-08-21 07:50:00,670.71,670.71,669.64,669.78,2209.168
2026-08-21 07:55:00,669.79,670.44,669.0,669.6,2820.676
2026-08-21 08:00:00,669.6,674.0,669.14,673.49,1724.363
2026-08-21 08:05:00,673.49,675.5,673.38,675.29,2395.972
2026-08-21 08:10:00,675.3,677.45,674.55,676.49,2126.572
2026-08-21 08:15:00,676.5,678.0,676.1,677.93,1543.243
2026-08-21 08:20:00,677.93,678.34,676.06,676.43,1591.027
2026-08-21 08:25:00,676.44,678.24,676.44,678.09,1708.238
2026-08-21 08:30:00,678.08,679.0,677.61,678.7,2436.441
2026-08-21 08:35:00,678.7,679.89,677.7,679.36,2257.474
2026-08-21 08:40:00,679.36,680.52,678.66,679.51,4939.606
2026-08-21 08:45:00,679.51,680.79,678.76,679.98,6633.39
2026-08-21 08:50:00,679.99,684.0,679.88,683.98,6378.059
2026-08-21 08:55:00,683.99,686.15,682.89,685.36,6668.898
2026-08-21 09:00:00,685.36,685.59,673.21,674.01,13605.461
2026-08-21 09:05:00,674.02,675.21,668.0,673.02,11087.22
2026-08-21 09:10:00,673.02,675.0,672.98,673.26,4039.283
2026-08-21 09:15:00,673.25,674.04,670.51,672.0,4956.657
2026-08-21 09:20:00,672.01,673.39,671.02,672.27,1829.165
2026-08-21 09:25:00,672.27,674.02,671.77,673.55,1172.379
2026-08-21 09:30:00,673.56,676.46,672.77,676.13,1511.367
2026-08-21 09:35:00,676.12,678.0,675.49,677.14,2411.063
2026-08-21 09:40:00,677.15,679.02,677.0,678.94,1860.992
2026-08-21 09:45:00,678.94,681.31,678.74,680.94,2148.916
2026-08-21 09:50:00,680.95,681.14,679.38,679.74,1361.814
2026-08-21 09:55:00,679.73,680.04,675.7,678.26,1510.251
2026-08-21 10:00:00,678.26,678.51,675.98,676.2,1163.547
2026-08-21 10:05:00,676.21,677.74,676.08,676.47,1083.33
2026-08-21 10:10:00,676.47,678.64,676.47,677.68,1674.121
2026-08-21 10:15:00,677.67,679.92,677.5,679.92,1154.152
2026-08-21 10:20:00,679.92,680.0,677.88,677.93,889.778
2026-08-21 10:25:00,677.93,678.14,675.65,677.69,1003.874
2026-08-21 10:30:00,677.7,678.13,676.8,677.05,682.829
2026-08-21 10:35:00,677.04,678.81,676.55,678.66,458.288
2026-08-21 10:40:00,678.67,679.47,678.5,679.37,951.182
2026-08-21 10:45:00,679.36,680.42,679.09,679.65,1487.065
2026-08-21 10:50:00,679.65,680.15,679.09,679.97,640.293
2026-08-21 10:55:00,679.97,680.27,678.03,678.37,613.655
2026-08-21 11:00:00,678.37,679.79,676.46,679.56,852.713
2026-08-21 11:05:00,679.56,680.19,678.22,678.43,772.132
2026-08-21 11:10:00,678.44,678.74,675.06,676.91,1476.549
2026-08-21 11:15:00,676.92,677.0,674.34,674.64,769.103
2026-08-21 11:20:00,674.63,678.0,674.25,677.0,1701.432
2026-08-21 11:25:00,677.0,677.86,676.57,677.86,912.536
2026-08-21 11:30:00,677.86,677.99,671.28,671.88,3226.473
2026-08-21 11:35:00,671.88,675.99,671.82,675.42,1489.544
2026-08-21 11:40:00,675.41,675.78,673.63,673.84,1164.207
2026-08-21 11:45:00,673.83,674.22,671.72,672.49,1364.836
2026-08-21 11:50:00,672.49,675.66,672.14,675.4,1067.064
2026-08-21 11:55:00,675.4,675.52,673.55,674.44,978.474
2026-08-21 12:00:00,674.44,675.04,673.0,674.32,1958.483
2026-08-21 12:05:00,674.31,675.57,674.31,674.82,469.876
2026-08-21 12:10:00,674.81,675.64,673.65,675.27,707.406
2026-08-21 12:15:00,675.27,675.41,674.43,674.52,557.648
2026-08-21 12:20:00,674.51,675.64,674.0,675.51,920.079
2026-08-21 12:25:00,675.51,676.06,674.98,675.28,903.67
2026-08-21 12:30:00,675.28,675.44,674.61,675.19,398.809
2026-08-21 12:35:00,675.18,678.43,675.18,678.29,2107.15
2026-08-21 12:40:00,678.28,680.0,678.04,679.97,1035.722
2026-08-21 12:45:00,679.97,680.39,679.12,679.75,868.566
2026-08-21 12:50:00,679.75,680.05,678.0,678.22,550.105
2026-08-21 12:55:00,678.23,679.05,678.03,679.05,548.716
2026-08-21 13:00:00,679.06,679.55,678.38,679.55,898.721
2026-08-21 13:05:00,679.56,680.42,679.27,679.51,377.995
2026-08-21 13:10:00,679.5,679.71,678.36,679.71,676.645
2026-08-21 13:15:00,679.71,679.75,678.03,678.5,1303.326
2026-08-21 13:20:00,678.49,678.49,676.49,676.74,1132.341
2026-08-21 13:25:00,676.73,678.67,676.37,677.69,855.803
2026-08-21 13:30:00,677.68,677.68,674.31,675.42,2519.386
2026-08-21 13:35:00,675.41,677.64,673.81,677.64,959.478
2026-08-21 13:40:00,677.64,679.66,677.64,679.6,603.803
2026-08-21 13:45:00,679.59,680.15,678.73,679.78,1874.138
2026-08-21 13:50:00,679.79,680.84,679.1,679.31,1058.861
2026-08-21 13:55:00,679.32,680.02,678.6,679.76,750.403
2026-08-21 14:00:00,679.76,680.0,676.81,676.82,1055.69
2026-08-21 14:05:00,676.81,679.25,676.81,678.18,617.727
2026-08-21 14:10:00,678.18,679.0,676.59,677.02,748.668
2026-08-21 14:15:00,677.01,678.07,675.39,675.39,761.284
2026-08-21 14:20:00,675.39,677.52,675.03,676.99,1299.548
2026-08-21 14:25:00,676.99,678.96,676.77,678.46,589.344
2026-08-21 14:30:00,678.47,679.07,677.73,678.4,694.686
2026-08-21 14:35:00,678.4,679.02,676.45,676.52,884.641
2026-08-21 14:40:00,676.51,677.9,676.51,677.89,547.27
2026-08-21 14:45:00,677.89,679.04,677.82,678.82,643.449
2026-08-21 14:50:00,678.81,679.1,678.2,678.46,999.226
2026-08-21 14:55:00,678.46,679.06,678.3,678.74,1061.739
2026-08-21 15:00:00,678.74,680.0,678.01,679.95,1460.448
2026-08-21 15:05:00,679.95,680.95,679.67,680.67,1111.503
2026-08-21 15:10:00,680.67,681.46,680.29,681.05,1214.67
2026-08-21 15:15:00,681.05,682.0,679.64,679.97,1226.376
2026-08-21 15:20:00,679.97,680.87,679.26,679.84,935.878
2026-08-21 15:25:00,679.83,680.77,679.59,679.63,644.691
2026-08-21 15:30:00,679.62,680.08,678.75,678.87,731.925
2026-08-21 15:35:00,678.87,681.07,678.86,681.05,833.883
2026-08-21 15:40:00,681.05,681.89,680.08,680.28,2336.504
2026-08-21 15:45:00,680.28,680.53,679.48,679.59,484.381
2026-08-21 15:50:00,679.6,680.48,679.2,679.2,944.212
2026-08-21 15:55:00,679.21,679.57,678.69,679.11,539.094
2026-08-21 16:00:00,679.11,679.94,678.3,678.63,443.556
2026-08-21 16:05:00,678.62,679.01,676.13,676.72,1021.303
2026-08-21 16:10:00,676.71,677.4,674.13,674.47,2978.166
2026-08-21 16:15:00,674.46,677.68,674.17,677.24,876.333
2026-08-21 16:20:00,677.25,677.9,676.82,677.16,518.546
2026-08-21 16:25:00,677.16,678.63,676.59,678.62,514.317
2026-08-21 16:30:00,678.63,679.72,678.43,679.62,780.905
2026-08-21 16:35:00,679.62,679.72,678.94,679.72,468.239
2026-08-21 16:40:00,679.73,680.0,679.33,679.79,643.568
2026-08-21 16:45:00,679.79,680.85,679.43,680.59,961.266
2026-08-21 16:50:00,680.59,680.82,679.66,679.86,516.021
2026-08-21 16:55:00,679.85,679.93,679.36,679.53,553.156
2026-08-21 17:00:00,679.53,680.28,679.28,680.0,956.325
2026-08-21 17:05:00,680.0,681.62,679.7,680.97,917.482
2026-08-21 17:10:00,680.97,680.99,679.65,679.96,500.257
2026-08-21 17:15:00,679.95,679.96,678.2,678.23,683.616
2026-08-21 17:20:00,678.23,678.23,676.63,676.85,715.893
2026-08-21 17:25:00,676.86,678.72,676.86,678.72,416.721
2026-08-21 17:30:00,678.72,680.01,678.51,679.78,352.952
2026-08-21 17:35:00,679.78,679.95,679.07,679.86,301.723
2026-08-21 17:40:00,679.87,680.01,678.49,679.08,641.4
2026-08-21 17:45:00,679.08,680.19,678.43,679.91,241.787
2026-08-21 17:50:00,679.91,680.0,679.15,679.15,264.01
2026-08-21 17:55:00,679.14,679.79,679.07,679.1,143.119
2026-08-21 18:00:00,679.11,680.89,679.04,680.89,203.036
2026-08-21 18:05:00,680.89,681.5,680.51,680.81,531.759
2026-08-21 18:10:00,680.81,681.62,680.3,681.24,689.239
2026-08-21 18:15:00,681.25,682.0,680.88,681.79,386.479
2026-08-21 18:20:00,681.79,682.11,679.05,679.2,2596.349
2026-08-21 18:25:00,679.2,679.4,679.13,679.2,482.331
2026-08-21 18:30:00,679.21,679.24,678.53,678.84,216.719
2026-08-21 18:35:00,678.83,678.83,676.95,677.36,752.178
2026-08-21 18:40:00,677.36,677.5,675.01,675.76,633.096
2026-08-21 18:45:00,675.75,675.75,673.71,674.25,942.34
2026-08-21 18:50:00,674.25,675.8,674.23,675.53,345.837
2026-08-21 18:55:00,675.53,676.66,675.22,676.6,566.45
2026-08-21 19:00:00,676.61,676.8,673.52,673.57,576.939
2026-08-21 19:05:00,673.57,675.25,672.53,675.2,1032.691
2026-08-21 19:10:00,675.2,676.54,674.64,676.49,336.767
2026-08-21 19:15:00,676.49,676.49,674.16,675.06,331.838
2026-08-21 19:20:00,675.06,676.3,674.6,676.29,174.204
2026-08-21 19:25:00,676.29,677.27,676.29,676.9,231.36
2026-08-21 19:30:00,676.89,677.0,674.91,675.11,369.418
2026-08-21 19:35:00,675.12,675.86,675.0,675.44,654.337
2026-08-21 19:40:00,675.43,675.54,674.37,674.66,490.908
2026-08-21 19:45:00,674.65,674.7,673.8,674.01,1049.663
2026-08-21 19:50:00,674.0,674.0,672.91,673.21,697.791
2026-08-21 19:55:00,673.2,673.32,672.89,672.96,1082.894
2026-08-21 20:00:00,672.96,673.06,671.77,673.06,2844.431
2026-08-21 20:05:00,673.06,673.25,672.01,672.82,1449.834
2026-08-21 20:10:00,672.82,673.32,672.51,672.86,425.67
2026-08-21 20:15:00,672.86,673.4,672.3,673.29,1480.661
2026-08-21 20:20:00,673.29,674.86,672.85,674.79,2166.969
2026-08-21 20:25:00,674.78,675.08,674.13,674.79,281.553
2026-08-21 20:30:00,674.79,674.79,674.15,674.35,414.166
2026-08-21 20:35:00,674.35,674.74,674.0,674.22,1580.575
2026-08-21 20:40:00,674.21,675.32,674.21,675.28,307.922
2026-08-21 20:45:00,675.28,675.3,674.0,674.44,257.263
2026-08-21 20:50:00,674.44,676.19,674.43,675.93,451.157
2026-08-21 20:55:00,675.94,676.29,675.66,676.28,301.241
2026-08-21 21:00:00,676.29,676.59,675.98,676.3,185.075
2026-08-21 21:05:00,676.3,676.53,675.7,676.24,168.072
2026-08-21 21:10:00,676.24,678.79,676.24,678.12,1238.835
2026-08-21 21:15:00,678.11,678.5,677.61,678.45,529.334
2026-08-21 21:20:00,678.45,679.56,677.85,679.56,2847.772
2026-08-21 21:25:00,679.56,682.01,679.05,681.17,3651.382
2026-08-21 21:30:00,681.17,682.99,679.27,680.35,4953.579
2026-08-21 21:35:00,680.35,680.58,678.73,678.96,681.246
2026-08-21 21:40:00,678.97,680.42,678.57,680.37,750.015
2026-08-21 21:45:00,680.38,682.73,680.37,682.73,1221.381
2026-08-21 21:50:00,682.73,684.48,682.23,684.37,1742.357
2026-08-21 21:55:00,684.36,684.94,683.58,684.93,860.464
2026-08-21 22:00:00,684.93,687.26,683.77,687.1,2754.246
2026-08-21 22:05:00,687.09,689.5,686.48,689.26,2909.572
2026-08-21 22:10:00,689.26,689.77,688.0,689.39,1070.103
2026-08-21 22:15:00,689.38,689.62,688.0,689.62,919.949
2026-08-21 22:20:00,689.63,689.82,687.81,688.65,2636.504
2026-08-21 22:25:00,688.66,689.83,688.62,689.1,722.618
2026-08-21 22:30:00,689.11,689.53,685.57,688.61,1151.526
2026-08-21 22:35:00,688.6,690.18,688.18,689.73,939.454
2026-08-21 22:40:00,689.73,690.59,689.55,689.67,425.302
2026-08-21 22:45:00,689.67,690.79,688.01,689.66,1064.881
2026-08-21 22:50:00,689.66,691.5,688.87,691.5,720.476
2026-08-21 22:55:00,691.49,691.98,690.71,691.18,950.867
2026-08-21 23:00:00,691.19,691.37,689.62,689.75,517.901
2026-08-21 23:05:00,689.76,690.7,689.47,689.99,666.639
2026-08-21 23:10:00,690.0,690.97,689.56,689.85,458.696
2026-08-21 23:15:00,689.85,691.55,689.7,691.03,544.538
2026-08-21 23:20:00,691.03,692.0,690.84,691.81,496.115
2026-08-21 23:25:00,691.81,692.0,689.59,690.78,498.202
2026-08-21 23:30:00,690.78,691.15,689.47,689.79,427.663
2026-08-21 23:35:00,689.8,689.88,687.72,688.02,711.783
2026-08-21 23:40:00,688.02,688.56,686.06,688.49,1120.664
2026-08-21 23:45:00,688.49,688.75,687.21,687.54,417.356
2026-08-21 23:50:00,687.54,687.61,686.22,687.16,550.949
2026-08-21 23:55:00,687.17,687.38,686.64,687.0,353.641
2026-08-22 00:00:00,687.0,688.26,684.54,685.77,1405.362
2026-08-22 00:05:00,685.77,686.05,681.8,683.82,2627.398
2026-08-22 00:10:00,683.81,685.02,683.4,684.66,775.781
2026-08-22 00:15:00,684.67,686.0,684.01,686.0,1313.186
2026-08-22 00:20:00,686.0,687.39,685.98,687.39,715.597
2026-08-22 00:25:00,687.39,688.65,686.94,687.16,703.524
2026-08-22 00:30:00,687.15,688.2,686.3,686.94,828.268
2026-08-22 00:35:00,686.97,687.44,686.28,686.67,434.568
2026-08-22 00:40:00,686.68,686.82,685.38,686.22,604.118
2026-08-22 00:45:00,686.21,686.87,684.66,686.34,683.852
2026-08-22 00:50:00,686.34,687.37,686.27,687.25,547.851
2026-08-22 00:55:00,687.26,688.8,687.26,688.6,1052.124
2026-08-22 01:00:00,688.6,690.1,687.78,690.1,1067.037
2026-08-22 01:05:00,690.09,690.66,689.02,689.03,1243.789
2026-08-22 01:10:00,689.03,689.96,688.91,689.54,555.025
2026-08-22 01:15:00,689.54,691.0,689.27,689.52,1093.377
2026-08-22 01:20:00,689.52,689.67,687.33,687.88,562.419
2026-08-22 01:25:00,687.9,689.6,687.9,688.9,521.644
2026-08-22 01:30:00,688.9,692.49,688.85,691.78,2229.272
2026-08-22 01:35:00,691.79,691.99,690.43,690.59,1222.501
2026-08-22 01:40:00,690.58,690.6,688.22,688.78,375.564
2026-08-22 01:45:00,688.77,689.75,688.52,688.61,677.317
2026-08-22 01:50:00,688.61,688.74,685.13,687.69,2568.307
2026-08-22 01:55:00,687.7,690.14,687.7,688.24,1226.188
2026-08-22 02:00:00,688.25,690.89,688.24,690.85,923.788
2026-08-22 02:05:00,690.84,691.79,690.67,691.79,446.41
2026-08-22 02:10:00,691.78,694.13,691.72,693.3,2051.289
2026-08-22 02:15:00,693.3,695.83,693.04,694.97,1999.399
2026-08-22 02:20:00,694.96,697.77,694.92,697.67,1682.036
2026-08-22 02:25:00,697.66,698.98,697.36,698.32,1627.369
2026-08-22 02:30:00,698.31,699.54,697.52,698.52,2395.745
2026-08-22 02:35:00,698.52,699.52,695.98,699.44,2039.285
2026-08-22 02:40:00,699.44,707.0,699.0,706.29,7152.584
2026-08-22 02:45:00,706.29,710.0,705.68,706.75,6124.281
2026-08-22 02:50:00,706.76,714.52,706.24,714.14,10426.094
2026-08-22 02:55:00,714.14,714.14,710.36,712.4,2696.443
2026-08-22 03:00:00,712.41,713.74,710.84,711.81,1874.052
2026-08-22 03:05:00,711.81,712.84,710.32,711.68,2147.105
2026-08-22 03:10:00,711.67,711.93,710.4,710.58,1773.017
2026-08-22 03:15:00,710.59,713.59,710.45,713.23,1892.871
2026-08-22 03:20:00,713.24,714.69,711.41,713.33,2194.406
2026-08-22 03:25:00,713.35,721.85,713.11,718.23,10478.968
2026-08-22 03:30:00,718.23,721.82,718.23,719.91,3703.705
2026-08-22 03:35:00,719.91,720.74,717.65,718.59,2644.659
2026-08-22 03:40:00,718.59,720.35,718.33,719.73,2832.476
2026-08-22 03:45:00,719.72,719.79,718.14,719.13,1723.778
2026-08-22 03:50:00,719.13,720.58,718.74,719.29,1291.241
2026-08-22 03:55:00,719.28,719.85,718.05,718.11,1753.007
2026-08-22 04:00:00,718.11,719.09,714.5,717.05,2961.947
2026-08-22 04:05:00,717.05,718.49,716.5,716.61,1968.291
2026-08-22 04:10:00,716.61,718.4,716.51,717.34,2609.17
2026-08-22 04:15:00,717.33,717.65,714.87,715.03,1361.778
2026-08-22 04:20:00,715.04,716.86,714.7,716.54,1558.07
2026-08-22 04:25:00,716.53,717.17,716.0,716.66,991.542
2026-08-22 04:30:00,716.66,719.2,716.5,718.58,2135.264
2026-08-22 04:35:00,718.58,720.96,718.3,720.42,3065.438
2026-08-22 04:40:00,720.43,724.79,720.43,724.56,4239.664
2026-08-22 04:45:00,724.56,725.12,721.7,722.6,5121.656
2026-08-22 04:50:00,722.6,724.42,720.48,724.05,2020.294
2026-08-22 04:55:00,724.05,725.33,723.26,724.64,2092.937
2026-08-22 05:00:00,724.64,725.97,724.39,724.81,1544.348
2026-08-22 05:05:00,724.81,726.08,707.34,707.49,8363.343
2026-08-22 05:10:00,707.49,707.95,683.18,696.98,32223.255
2026-08-22 05:15:00,696.98,701.01,685.92,695.42,17850.067
2026-08-22 05:20:00,695.41,699.68,690.97,696.6,8543.16
2026-08-22 05:25:00,696.6,701.96,696.27,700.13,4178.457
2026-08-22 05:30:00,700.12,700.47,693.65,697.63,5197.352
2026-08-22 05:35:00,697.63,700.52,696.0,696.0,3456.924
2026-08-22 05:40:00,696.0,697.14,694.3,696.24,3424.971
2026-08-22 05:45:00,696.24,700.27,695.52,700.12,4847.179
2026-08-22 05:50:00,700.12,701.74,697.9,699.38,2826.834
2026-08-22 05:55:00,699.39,699.93,698.12,698.61,944.87
2026-08-22 06:00:00,698.62,699.8,697.11,697.4,1413.155
2026-08-22 06:05:00,697.4,697.69,694.66,697.4,1792.968
2026-08-22 06:10:00,697.4,697.77,693.25,694.49,2946.636
2026-08-22 06:15:00,694.48,697.5,694.48,695.46,1596.739
2026-08-22 06:20:00,695.45,698.8,695.45,698.4,1107.819
2026-08-22 06:25:00,698.39,698.52,696.09,696.1,836.044
2026-08-22 06:30:00,696.1,696.1,692.49,693.28,1744.925
2026-08-22 06:35:00,693.28,698.78,693.25,698.55,1074.396
2026-08-22 06:40:00,698.55,700.13,698.22,698.58,1372.73
2026-08-22 06:45:00,698.58,699.88,698.58,699.12,711.159
2026-08-22 06:50:00,699.12,700.56,698.53,699.79,894.324
2026-08-22 06:55:00,699.79,700.91,698.94,700.81,1075.861
2026-08-22 07:00:00,700.81,703.0,700.28,702.92,1309.161
2026-08-22 07:05:00,702.91,704.28,700.6,700.77,1427.445
2026-08-22 07:10:00,700.78,701.15,698.49,700.83,2183.654
2026-08-22 07:15:00,700.83,701.57,698.0,700.27,2218.31
2026-08-22 07:20:00,700.29,704.76,700.29,704.3,2049.646
2026-08-22 07:25:00,704.31,705.23,703.19,704.99,1923.547
2026-08-22 07:30:00,704.99,705.76,704.11,704.45,1503.376
2026-08-22 07:35:00,704.46,708.37,703.74,707.94,4225.1
2026-08-22 07:40:00,707.95,708.03,704.55,706.2,1318.197
2026-08-22 07:45:00,706.21,706.99,704.65,705.34,1401.548
2026-08-22 07:50:00,705.34,708.0,705.0,707.4,1960.073
2026-08-22 07:55:00,707.4,707.61,705.25,706.06,1905.525
2026-08-22 08:00:00,706.07,708.23,705.31,705.31,1354.518
2026-08-22 08:05:00,705.3,707.54,704.6,706.91,1109.02
2026-08-22 08:10:00,706.91,710.0,706.91,709.2,1921.099
2026-08-22 08:15:00,709.21,709.25,705.03,705.23,892.464
2026-08-22 08:20:00,705.23,705.76,703.6,703.6,842.068
2026-08-22 08:25:00,703.6,703.89,699.0,700.21,2015.265
2026-08-22 08:30:00,700.22,700.48,696.35,697.37,3582.764
2026-08-22 08:35:00,697.36,698.42,695.94,697.45,1439.57
2026-08-22 08:40:00,697.45,699.43,696.37,698.89,1407.335
2026-08-22 08:45:00,698.88,698.88,695.99,697.69,1307.952
2026-08-22 08:50:00,697.69,698.09,697.25,697.45,636.736
2026-08-22 08:55:00,697.44,698.08,696.91,698.04,517.359
2026-08-22 09:00:00,698.05,698.5,692.9,693.82,3332.593
2026-08-22 09:05:00,693.82,696.22,693.19,696.22,2387.974
2026-08-22 09:10:00,696.22,698.58,695.14,698.58,801.075
2026-08-22 09:15:00,698.59,700.54,697.9,700.37,1418.695
2026-08-22 09:20:00,700.37,703.98,700.1,703.27,1620.338
2026-08-22 09:25:00,703.26,703.61,700.44,701.72,1655.022
2026-08-22 09:30:00,701.73,701.86,700.4,700.71,449.397
2026-08-22 09:35:00,700.71,701.0,699.0,699.33,728.422
2026-08-22 09:40:00,699.33,701.61,699.33,701.55,895.767
2026-08-22 09:45:00,701.54,701.58,696.99,697.32,1909.312
2026-08-22 09:50:00,697.32,698.85,696.5,696.72,931.696
2026-08-22 09:55:00,696.75,698.0,696.61,697.67,594.82
2026-08-22 10:00:00,697.68,697.91,693.06,694.3,1590.34
2026-08-22 10:05:00,694.3,694.43,690.63,690.97,2996.436
2026-08-22 10:10:00,690.97,692.21,687.7,688.09,4421.014
2026-08-22 10:15:00,688.09,689.0,686.36,686.41,3161.24
2026-08-22 10:20:00,686.41,687.95,684.15,685.3,2636.873
2026-08-22 10:25:00,685.31,689.87,684.97,689.55,1592.991
2026-08-22 10:30:00,689.52,690.28,688.54,689.44,665.359
2026-08-22 10:35:00,689.44,691.65,689.44,691.41,709.538
2026-08-22 10:40:00,691.41,692.51,691.4,692.2,836.195
2026-08-22 10:45:00,692.21,692.74,691.57,691.99,938.629
2026-08-22 10:50:00,692.0,692.74,691.26,691.41,476.048
2026-08-22 10:55:00,691.41,691.59,690.44,690.91,1143.54
2026-08-22 11:00:00,690.91,691.93,689.33,691.92,1230.244
2026-08-22 11:05:00,691.92,692.96,689.99,690.14,943.394
2026-08-22 11:10:00,690.14,691.9,690.1,691.15,316.176
2026-08-22 11:15:00,691.14,691.63,690.12,690.37,375.531
2026-08-22 11:20:00,690.37,691.33,689.74,690.3,563.595
2026-08-22 11:25:00,690.31,691.89,690.28,691.85,550.539
2026-08-22 11:30:00,691.85,693.79,691.64,693.78,572.508
2026-08-22 11:35:00,693.78,695.47,693.58,694.73,1001.663
2026-08-22 11:40:00,694.73,695.5,694.27,694.92,335.843
2026-08-22 11:45:00,694.91,695.17,694.2,694.32,326.889
2026-08-22 11:50:00,694.32,694.32,693.23,693.94,311.269
2026-08-22 11:55:00,693.93,694.62,693.78,694.17,277.061
2026-08-22 12:00:00,694.18,695.73,692.87,693.28,514.848
2026-08-22 12:05:00,693.28,695.82,693.28,695.76,442.651
2026-08-22 12:10:00,695.75,696.77,695.52,696.07,1138.836
2026-08-22 12:15:00,696.07,697.25,695.81,697.02,818.353
2026-08-22 12:20:00,697.02,697.97,696.65,697.65,585.88
2026-08-22 12:25:00,697.65,698.1,697.23,697.67,839.85
2026-08-22 12:30:00,697.68,698.07,695.48,695.69,703.639
2026-08-22 12:35:00,695.69,696.56,694.7,695.72,936.205
2026-08-22 12:40:00,695.72,696.44,695.45,696.44,258.33
2026-08-22 12:45:00,696.43,696.95,696.06,696.31,432.737
2026-08-22 12:50:00,696.3,696.59,694.6,695.03,846.811
2026-08-22 12:55:00,695.04,695.35,694.33,694.71,505.319
2026-08-22 13:00:00,694.71,695.08,692.99,693.55,738.762
2026-08-22 13:05:00,693.56,695.04,693.56,695.04,357.961
2026-08-22 13:10:00,695.04,695.22,694.19,695.07,234.696
2026-08-22 13:15:00,695.08,696.09,693.96,693.96,661.805
2026-08-22 13:20:00,693.96,694.49,693.2,694.21,525.765
2026-08-22 13:25:00,694.21,695.45,694.21,694.45,332.045
2026-08-22 13:30:00,694.44,695.3,693.18,693.33,539.316
2026-08-22 13:35:00,693.32,693.92,692.23,693.11,1883.096
2026-08-22 13:40:00,693.11,693.32,692.47,692.99,556.532
2026-08-22 13:45:00,692.99,695.18,692.99,694.26,931.848
2026-08-22 13:50:00,694.26,695.83,694.26,694.83,601.778
2026-08-22 13:55:00,694.83,695.44,694.38,695.24,804.158
2026-08-22 14:00:00,695.25,695.87,692.94,693.26,796.308
2026-08-22 14:05:00,693.27,693.54,690.0,691.63,1571.673
2026-08-22 14:10:00,691.63,692.86,691.04,692.55,584.993
2026-08-22 14:15:00,692.56,693.7,691.5,692.53,937.511
2026-08-22 14:20:00,692.53,693.66,692.24,693.3,1121.354
2026-08-22 14:25:00,693.29,694.73,692.51,694.44,4738.616
2026-08-22 14:30:00,694.44,695.4,693.44,695.37,854.256
2026-08-22 14:35:00,695.37,695.84,692.7,692.75,4135.292
2026-08-22 14:40:00,692.76,694.0,692.47,692.48,367.715
2026-08-22 14:45:00,692.48,692.94,691.21,691.38,585.194
2026-08-22 14:50:00,691.38,692.07,690.24,690.38,1019.723
2026-08-22 14:55:00,690.37,692.1,690.28,691.92,467.207
2026-08-22 15:00:00,691.91,693.2,690.9,691.84,913.542
2026-08-22 15:05:00,691.83,692.84,690.86,690.92,460.745
2026-08-22 15:10:00,690.93,692.91,690.6,690.6,842.114
2026-08-22 15:15:00,690.61,691.83,690.08,690.2,1143.002
2026-08-22 15:20:00,690.2,690.74,688.78,690.46,1286.329
2026-08-22 15:25:00,690.47,691.0,690.0,690.67,918.786
2026-08-22 15:30:00,690.68,691.0,690.17,690.93,1736.104
2026-08-22 15:35:00,690.94,691.0,689.66,690.11,472.682
2026-08-22 15:40:00,690.11,690.76,689.47,690.6,239.584
2026-08-22 15:45:00,690.59,690.93,689.85,689.88,233.511
2026-08-22 15:50:00,689.87,689.97,688.33,688.89,954.27
2026-08-22 15:55:00,688.9,689.68,688.4,688.45,730.001
2026-08-22 16:00:00,688.46,690.52,688.36,690.28,642.996
2026-08-22 16:05:00,690.28,690.97,690.15,690.49,590.41
2026-08-22 16:10:00,690.45,691.37,689.41,691.36,998.406
2026-08-22 16:15:00,691.36,693.79,691.36,693.53,632.877
2026-08-22 16:20:00,693.54,694.81,693.18,694.58,739.155
2026-08-22 16:25:00,694.57,694.92,694.3,694.68,381.22
2026-08-22 16:30:00,694.69,695.27,694.05,694.34,469.001
2026-08-22 16:35:00,694.34,695.92,694.14,695.88,402.814
2026-08-22 16:40:00,695.87,696.94,695.86,696.57,601.333
2026-08-22 16:45:00,696.56,697.42,696.36,697.17,571.668
2026-08-22 16:50:00,697.18,697.18,696.51,696.84,339.006
2026-08-22 16:55:00,696.84,697.14,696.33,696.43,203.602
2026-08-22 17:00:00,696.44,696.66,695.31,695.52,227.342
2026-08-22 17:05:00,695.52,696.23,695.1,696.23,375.643
2026-08-22 17:10:00,696.24,696.43,695.96,696.32,220.152
2026-08-22 17:15:00,696.32,697.0,696.27,697.0,181.569
2026-08-22 17:20:00,696.99,696.99,696.18,696.27,253.103
2026-08-22 17:25:00,696.26,696.52,694.01,694.22,500.459
2026-08-22 17:30:00,694.23,696.06,694.23,695.89,346.454
2026-08-22 17:35:00,695.89,696.48,695.39,695.4,178.67
2026-08-22 17:40:00,695.39,696.61,695.39,696.46,232.116
2026-08-22 17:45:00,696.45,697.28,696.03,697.22,224.583
2026-08-22 17:50:00,697.22,698.07,696.79,697.09,454.651
2026-08-22 17:55:00,697.1,697.13,696.1,696.15,165.35
2026-08-22 18:00:00,696.16,697.28,696.0,697.11,364.652
2026-08-22 18:05:00,697.11,697.62,696.26,696.26,250.336
2026-08-22 18:10:00,696.27,696.93,696.14,696.8,259.855
2026-08-22 18:15:00,696.81,697.85,696.79,697.6,169.143
2026-08-22 18:20:00,697.6,698.29,697.5,697.9,178.913
2026-08-22 18:25:00,697.89,698.5,697.84,698.07,167.597
2026-08-22 18:30:00,698.07,698.98,698.07,698.69,639.964
2026-08-22 18:35:00,698.68,698.68,697.73,697.73,190.788
2026-08-22 18:40:00,697.74,698.87,697.36,697.36,318.977
2026-08-22 18:45:00,697.36,698.18,696.68,697.73,520.974
2026-08-22 18:50:00,697.72,697.73,696.38,697.22,322.773
2026-08-22 18:55:00,697.22,698.3,697.1,698.3,145.299
2026-08-22 19:00:00,698.31,698.74,697.83,698.37,248.216
2026-08-22 19:05:00,698.37,698.64,697.57,698.41,239.238
2026-08-22 19:10:00,698.41,699.0,698.31,698.78,105.846
2026-08-22 19:15:00,698.78,699.16,697.72,697.91,223.071
2026-08-22 19:20:00,697.92,697.95,697.2,697.2,113.293
2026-08-22 19:25:00,697.2,697.36,696.6,697.0,204.901
2026-08-22 19:30:00,696.99,698.29,696.99,698.13,229.346
2026-08-22 19:35:00,698.13,698.25,697.44,697.62,228.753
2026-08-22 19:40:00,697.6,698.46,697.59,698.45,135.789
2026-08-22 19:45:00,698.45,698.89,698.19,698.48,241.219
2026-08-22 19:50:00,698.48,699.71,698.47,699.27,478.255
2026-08-22 19:55:00,699.27,699.27,698.53,698.6,248.956
2026-08-22 20:00:00,698.61,699.12,697.63,698.43,280.969
2026-08-22 20:05:00,698.43,699.78,698.16,699.62,306.823
2026-08-22 20:10:00,699.61,700.0,699.23,699.36,330.544
2026-08-22 20:15:00,699.35,699.88,699.06,699.42,431.274
2026-08-22 20:20:00,699.42,699.6,699.09,699.12,299.669
2026-08-22 20:25:00,699.11,699.81,698.95,698.95,537.031
2026-08-22 20:30:00,698.95,699.45,698.01,698.31,238.286
2026-08-22 20:35:00,698.3,699.71,697.85,699.71,475.788
2026-08-22 20:40:00,699.7,700.36,698.88,698.97,845.521
2026-08-22 20:45:00,698.97,699.5,698.75,699.41,256.49
2026-08-22 20:50:00,699.4,699.44,698.75,698.83,246.98
2026-08-22 20:55:00,698.83,698.83,697.25,697.84,631.296
2026-08-22 21:00:00,697.84,697.84,693.77,694.58,1247.223
2026-08-22 21:05:00,694.58,695.76,694.49,695.49,922.992
2026-08-22 21:10:00,695.48,695.48,693.38,693.39,1318.293
2026-08-22 21:15:00,693.38,696.39,693.38,696.39,527.449
2026-08-22 21:20:00,696.4,697.69,696.21,697.22,619.107
2026-08-22 21:25:00,697.21,697.95,696.72,697.78,253.643
2026-08-22 21:30:00,697.78,697.78,695.58,696.15,458.676
2026-08-22 21:35:00,696.14,696.14,693.43,693.93,625.139
2026-08-22 21:40:00,693.92,694.97,693.46,694.75,494.942
2026-08-22 21:45:00,694.75,694.76,693.11,693.35,208.732
2026-08-22 21:50:00,693.36,693.67,692.26,693.1,316.402
2026-08-22 21:55:00,693.09,693.34,692.0,692.72,538.472
2026-08-22 22:00:00,692.72,694.43,691.87,693.96,521.026
2026-08-22 22:05:00,693.97,696.55,693.9,696.21,293.225
2026-08-22 22:10:00,696.18,696.43,695.24,696.16,175.454
2026-08-22 22:15:00,696.15,696.55,695.18,695.52,186.701
2026-08-22 22:20:00,695.53,696.87,695.53,696.87,170.166
2026-08-22 22:25:00,696.86,697.07,696.12,696.46,304.393
2026-08-22 22:30:00,696.46,696.53,694.29,696.17,366.794
2026-08-22 22:35:00,696.17,696.68,693.76,694.79,2114.074
2026-08-22 22:40:00,694.8,694.99,693.83,694.56,277.214
2026-08-22 22:45:00,694.57,694.79,693.91,694.23,231.266
2026-08-22 22:50:00,694.23,694.95,693.77,694.34,380.982
2026-08-22 22:55:00,694.34,694.47,693.24,693.67,203.444
2026-08-22 23:00:00,693.68,693.97,692.31,693.49,370.424
2026-08-22 23:05:00,693.49,694.07,693.2,693.67,110.234
2026-08-22 23:10:00,693.66,693.81,692.75,693.18,115.779
2026-08-22 23:15:00,693.19,693.64,692.91,693.48,159.947
2026-08-22 23:20:00,693.48,693.85,693.17,693.38,215.01
2026-08-22 23:25:00,693.37,693.55,692.87,693.08,185.659
2026-08-22 23:30:00,693.09,693.31,691.93,691.94,320.072
2026-08-22 23:35:00,691.94,693.16,691.35,693.03,459.006
2026-08-22 23:40:00,693.02,693.7,692.93,693.15,184.799
2026-08-22 23:45:00,693.15,695.23,693.07,695.23,495.254
2026-08-22 23:50:00,695.23,696.15,694.93,696.15,402.179
2026-08-22 23:55:00,696.15,696.28,695.23,695.28,197.407
2026-08-23 00:00:00,695.28,696.06,695.2,695.7,299.844
2026-08-23 00:05:00,695.7,695.92,694.61,694.62,214.955
2026-08-23 00:10:00,694.62,695.0,693.65,694.69,389.979
2026-08-23 00:15:00,694.68,695.65,694.44,695.47,174.825
2026-08-23 00:20:00,695.46,696.82,695.25,696.65,505.274
2026-08-23 00:25:00,696.65,698.3,696.31,698.27,846.663
2026-08-23 00:30:00,698.26,699.0,698.04,698.6,514.042
2026-08-23 00:35:00,698.6,700.5,698.6,699.66,1099.64
2026-08-23 00:40:00,699.67,699.9,698.92,699.09,443.813
2026-08-23 00:45:00,699.08,700.33,699.0,700.33,411.033
2026-08-23 00:50:00,700.33,701.79,700.19,700.56,616.521
2026-08-23 00:55:00,700.55,701.4,700.02,700.7,471.167
2026-08-23 01:00:00,700.7,700.7,697.61,697.61,840.936
2026-08-23 01:05:00,697.62,699.07,697.27,698.56,676.882
2026-08-23 01:10:00,698.57,700.0,698.34,699.99,464.331
2026-08-23 01:15:00,699.99,700.16,698.37,699.19,353.482
2026-08-23 01:20:00,699.19,700.79,699.16,700.1,763.329
2026-08-23 01:25:00,700.09,700.09,699.4,699.91,236.677
2026-08-23 01:30:00,699.92,700.36,697.93,698.9,711.409
2026-08-23 01:35:00,698.91,699.44,698.44,699.28,496.577
2026-08-23 01:40:00,699.29,699.67,697.82,699.03,832.666
2026-08-23 01:45:00,699.02,699.57,698.29,698.57,243.417
2026-08-23 01:50:00,698.56,698.94,698.1,698.26,246.965
2026-08-23 01:55:00,698.26,698.49,697.18,698.23,502.711
2026-08-23 02:00:00,698.23,698.23,697.18,697.18,142.763
2026-08-23 02:05:00,697.18,697.27,696.03,696.03,595.77
2026-08-23 02:10:00,696.02,696.17,694.23,694.36,1016.27
2026-08-23 02:15:00,694.35,695.43,693.78,693.9,941.988
2026-08-23 02:20:00,693.91,694.25,692.45,692.95,807.318
2026-08-23 02:25:00,692.95,694.3,692.93,694.3,542.243
2026-08-23 02:30:00,694.3,696.51,694.22,696.36,357.644
2026-08-23 02:35:00,696.37,696.44,695.01,695.12,285.114
2026-08-23 02:40:00,695.13,695.6,694.68,694.75,343.613
2026-08-23 02:45:00,694.74,695.6,694.14,695.01,314.954
2026-08-23 02:50:00,695.02,696.81,694.28,694.32,1226.965
2026-08-23 02:55:00,694.32,694.45,693.92,694.0,247.353
2026-08-23 03:00:00,694.01,694.55,693.7,693.97,363.074
2026-08-23 03:05:00,693.97,693.97,693.04,693.39,300.906
2026-08-23 03:10:00,693.39,694.67,693.04,694.37,255.353
2026-08-23 03:15:00,694.37,695.19,693.63,694.26,291.817
2026-08-23 03:20:00,694.26,694.26,691.25,691.57,1119.334
2026-08-23 03:25:00,691.58,692.16,691.16,691.32,589.826
2026-08-23 03:30:00,691.32,691.4,689.27,689.64,1218.02
2026-08-23 03:35:00,689.64,690.77,688.9,689.53,1278.604
2026-08-23 03:40:00,689.53,690.2,688.78,689.1,549.26
2026-08-23 03:45:00,689.1,689.93,688.57,689.52,2192.239
2026-08-23 03:50:00,689.52,689.6,688.2,689.48,1140.539
2026-08-23 03:55:00,689.47,689.76,689.1,689.31,511.67
2026-08-23 04:00:00,689.32,689.84,687.23,687.89,898.833
2026-08-23 04:05:00,687.88,689.0,686.78,687.56,1355.167
2026-08-23 04:10:00,687.56,689.99,687.56,689.78,580.053
2026-08-23 04:15:00,689.79,690.37,687.45,687.54,595.268
2026-08-23 04:20:00,687.54,688.15,686.97,687.91,780.13
2026-08-23 04:25:00,687.9,688.49,687.57,687.61,324.823
2026-08-23 04:30:00,687.6,687.75,686.14,686.69,609.412
2026-08-23 04:35:00,686.68,687.6,685.71,687.25,884.06
2026-08-23 04:40:00,687.24,687.97,685.71,686.0,874.766
2026-08-23 04:45:00,685.99,686.1,681.03,681.48,3969.405
2026-08-23 04:50:00,681.48,684.13,681.45,682.87,1870.587
2026-08-23 04:55:00,682.86,683.31,681.91,681.99,1265.089
2026-08-23 05:00:00,681.99,684.04,681.64,682.79,1432.955
2026-08-23 05:05:00,682.79,683.65,680.63,681.62,1775.178
2026-08-23 05:10:00,681.61,682.78,680.07,680.39,2575.565
2026-08-23 05:15:00,680.39,681.2,676.98,681.2,3806.572
2026-08-23 05:20:00,681.19,684.68,681.18,684.62,1146.966
2026-08-23 05:25:00,684.62,685.0,683.27,683.27,1093.037
2026-08-23 05:30:00,683.26,684.64,682.86,683.99,1373.893
2026-08-23 05:35:00,683.98,684.66,682.61,684.06,1244.109
2026-08-23 05:40:00,684.06,685.4,683.49,683.8,823.505
2026-08-23 05:45:00,683.8,684.76,683.8,684.28,516.974
2026-08-23 05:50:00,684.27,684.77,683.05,684.22,362.772
2026-08-23 05:55:00,684.21,684.28,682.92,682.92,283.705
2026-08-23 06:00:00,682.93,683.94,682.35,683.54,690.403
2026-08-23 06:05:00,683.55,683.79,680.12,681.44,969.345
2026-08-23 06:10:00,681.45,683.4,681.29,682.94,1085.95
2026-08-23 06:15:00,682.93,685.5,682.69,685.5,1267.829
2026-08-23 06:20:00,685.51,686.0,685.0,685.64,522.657
2026-08-23 06:25:00,685.64,685.66,684.82,685.36,276.316
2026-08-23 06:30:00,685.36,686.97,685.35,686.59,327.492
2026-08-23 06:35:00,686.58,686.81,685.27,685.97,371.096
2026-08-23 06:40:00,685.97,686.7,685.9,686.17,364.822
2026-08-23 06:45:00,686.17,686.36,685.37,685.56,170.64
2026-08-23 06:50:00,685.56,685.62,684.61,684.78,389.632
2026-08-23 06:55:00,684.78,685.0,684.27,684.91,210.332
2026-08-23 07:00:00,684.92,685.4,684.38,684.96,407.413
2026-08-23 07:05:00,684.95,687.35,684.83,687.23,935.342
2026-08-23 07:10:00,687.24,688.25,687.23,688.25,611.508
2026-08-23 07:15:00,688.25,689.0,688.1,688.82,553.331
2026-08-23 07:20:00,688.81,688.81,686.81,687.19,682.439
2026-08-23 07:25:00,687.19,687.77,687.01,687.36,338.669
2026-08-23 07:30:00,687.35,687.41,686.32,686.37,145.481
2026-08-23 07:35:00,686.37,687.05,686.1,686.77,314.667
2026-08-23 07:40:00,686.76,687.43,686.32,686.89,486.374
2026-08-23 07:45:00,686.88,687.36,685.86,686.49,594.571
2026-08-23 07:50:00,686.5,687.67,686.09,686.93,459.772
2026-08-23 07:55:00,686.92,687.28,683.0,683.95,2496.829
2026-08-23 08:00:00,683.95,684.73,683.53,684.73,287.754
2026-08-23 08:05:00,684.72,687.39,684.65,687.1,838.272
2026-08-23 08:10:00,687.1,688.91,686.61,687.85,1191.622
2026-08-23 08:15:00,687.85,688.98,687.8,688.4,469.381
2026-08-23 08:20:00,688.4,688.54,688.05,688.17,171.505
2026-08-23 08:25:00,688.17,688.2,687.5,687.85,323.423
2026-08-23 08:30:00,687.86,688.65,687.82,688.22,705.702
2026-08-23 08:35:00,688.22,689.5,687.99,688.99,1159.0
2026-08-23 08:40:00,689.0,690.0,688.47,689.21,580.068
2026-08-23 08:45:00,689.2,689.83,689.1,689.21,440.825
2026-08-23 08:50:00,689.2,689.65,688.85,689.24,353.934
2026-08-23 08:55:00,689.23,689.28,688.4,689.04,665.395
2026-08-23 09:00:00,689.04,689.88,688.05,689.62,296.37
2026-08-23 09:05:00,689.62,689.92,689.23,689.64,415.698
2026-08-23 09:10:00,689.63,689.64,689.0,689.02,250.416
2026-08-23 09:15:00,689.02,689.31,688.37,688.98,294.593
2026-08-23 09:20:00,688.98,689.04,688.14,688.17,143.885
2026-08-23 09:25:00,688.16,689.1,688.16,688.6,273.698
2026-08-23 09:30:00,688.6,688.6,687.55,687.84,273.779
2026-08-23 09:35:00,687.84,688.42,687.31,688.03,176.084
2026-08-23 09:40:00,688.02,688.4,687.98,688.08,226.184
2026-08-23 09:45:00,688.09,688.85,687.73,688.62,177.693
2026-08-23 09:50:00,688.62,689.34,688.51,689.34,367.929
2026-08-23 09:55:00,689.34,689.76,689.09,689.13,623.082
2026-08-23 10:00:00,689.13,689.75,689.09,689.52,521.762
2026-08-23 10:05:00,689.52,690.2,689.52,689.86,1073.346
2026-08-23 10:10:00,689.86,690.2,689.47,690.11,646.66
2026-08-23 10:15:00,690.11,690.5,689.71,689.88,1032.601
2026-08-23 10:20:00,689.88,691.54,689.88,691.54,2301.375
2026-08-23 10:25:00,691.55,691.74,691.1,691.16,615.652
2026-08-23 10:30:00,691.15,692.12,691.15,692.09,459.425
2026-08-23 10:35:00,692.1,692.2,690.96,690.97,473.092
2026-08-23 10:40:00,690.96,691.31,690.63,690.95,262.133
2026-08-23 10:45:00,690.95,690.95,690.05,690.13,371.916
2026-08-23 10:50:00,690.14,690.2,689.68,690.04,327.08
2026-08-23 10:55:00,690.03,690.15,689.7,689.85,333.587
2026-08-23 11:00:00,689.85,691.35,689.85,690.63,357.037
2026-08-23 11:05:00,690.63,691.38,690.63,690.87,364.93
2026-08-23 11:10:00,690.87,692.01,690.53,691.9,313.956
2026-08-23 11:15:00,691.9,693.0,691.62,692.98,671.368
2026-08-23 11:20:00,692.97,694.7,692.89,694.7,1481.792
2026-08-23 11:25:00,694.7,695.08,694.14,694.24,1166.728
2026-08-23 11:30:00,694.25,694.66,693.15,694.26,392.518
2026-08-23 11:35:00,694.26,695.53,694.15,695.53,630.51
2026-08-23 11:40:00,695.53,695.6,694.83,695.01,355.521
2026-08-23 11:45:00,695.01,695.06,693.74,694.02,359.326
2026-08-23 11:50:00,694.02,695.49,694.02,695.2,441.82
2026-08-23 11:55:00,695.2,695.33,694.84,695.16,378.766
2026-08-23 12:00:00,695.16,695.19,693.45,693.63,291.391
2026-08-23 12:05:00,693.64,693.79,692.47,693.48,245.817
2026-08-23 12:10:00,693.48,693.69,692.47,692.97,672.796
2026-08-23 12:15:00,692.96,693.27,692.58,693.05,127.626
2026-08-23 12:20:00,693.06,693.49,692.95,693.19,132.03
2026-08-23 12:25:00,693.19,693.32,692.25,692.74,405.119
2026-08-23 12:30:00,692.74,693.32,692.68,692.99,315.821
2026-08-23 12:35:00,692.98,693.52,692.52,693.51,138.704
2026-08-23 12:40:00,693.51,694.99,693.51,694.83,335.725
2026-08-23 12:45:00,694.82,694.82,693.79,694.17,239.302
2026-08-23 12:50:00,694.17,694.22,693.51,693.59,253.55
2026-08-23 12:55:00,693.59,694.48,693.59,694.32,174.731
2026-08-23 13:00:00,694.33,694.65,694.03,694.37,351.263
2026-08-23 13:05:00,694.37,695.6,694.37,695.58,423.274
2026-08-23 13:10:00,695.59,696.18,695.47,696.11,290.421
2026-08-23 13:15:00,696.1,700.0,696.02,699.1,2147.276
2026-08-23 13:20:00,699.09,699.26,697.11,698.97,891.542
2026-08-23 13:25:00,698.97,698.97,697.6,697.75,688.653
2026-08-23 13:30:00,697.75,698.5,697.32,697.65,486.081
2026-08-23 13:35:00,697.66,698.7,697.12,698.64,479.523
2026-08-23 13:40:00,698.64,698.89,698.34,698.73,824.73
2026-08-23 13:45:00,698.73,698.99,697.91,697.92,583.834
2026-08-23 13:50:00,697.92,698.52,697.68,698.52,496.191
2026-08-23 13:55:00,698.53,698.53,697.95,698.3,497.378
2026-08-23 14:00:00,698.31,698.9,698.0,698.42,656.873
2026-08-23 14:05:00,698.41,698.62,696.37,697.79,740.478
2026-08-23 14:10:00,697.78,699.39,697.73,698.95,574.667
2026-08-23 14:15:00,698.96,699.44,698.3,698.3,352.803
2026-08-23 14:20:00,698.31,698.52,696.68,697.52,665.321
2026-08-23 14:25:00,697.52,698.1,697.35,697.38,368.2
2026-08-23 14:30:00,697.38,697.87,697.0,697.01,387.704
2026-08-23 14:35:00,697.0,698.09,697.0,697.63,308.455
2026-08-23 14:40:00,697.62,697.99,690.0,693.13,3624.79
2026-08-23 14:45:00,693.12,695.45,693.05,695.29,1032.847
2026-08-23 14:50:00,695.29,696.47,695.06,696.1,464.942
2026-08-23 14:55:00,696.09,696.09,694.91,695.57,390.487
2026-08-23 15:00:00,695.58,696.23,693.89,696.05,411.828
2026-08-23 15:05:00,696.05,696.41,695.4,696.18,437.56
2026-08-23 15:10:00,696.17,696.17,695.01,695.02,283.958
2026-08-23 15:15:00,695.01,695.25,693.46,694.05,533.891
2026-08-23 15:20:00,694.06,695.55,693.58,695.49,402.035
2026-08-23 15:25:00,695.48,695.9,695.28,695.73,302.738
2026-08-23 15:30:00,695.73,696.31,695.2,695.36,411.441
2026-08-23 15:35:00,695.37,696.39,695.36,696.36,252.838
2026-08-23 15:40:00,696.35,697.44,696.29,696.88,543.102
2026-08-23 15:45:00,696.88,697.33,696.38,696.55,176.547
2026-08-23 15:50:00,696.54,696.78,695.86,696.06,128.438
2026-08-23 15:55:00,696.05,696.46,694.94,695.09,501.83
2026-08-23 16:00:00,695.1,696.13,695.1,696.02,355.232
2026-08-23 16:05:00,696.01,696.02,695.44,695.44,177.568
2026-08-23 16:10:00,695.44,696.15,695.41,696.06,270.98
2026-08-23 16:15:00,696.07,696.94,695.7,695.78,625.761
2026-08-23 16:20:00,695.77,696.61,695.63,696.16,317.711
2026-08-23 16:25:00,696.16,696.42,695.63,695.93,286.733
2026-08-23 16:30:00,695.94,696.9,695.8,696.53,238.25
2026-08-23 16:35:00,696.52,697.98,696.51,697.38,631.897
2026-08-23 16:40:00,697.38,697.88,697.2,697.26,284.465
2026-08-23 16:45:00,697.25,698.0,697.1,697.43,537.876
2026-08-23 16:50:00,697.44,698.6,697.43,698.38,635.165
2026-08-23 16:55:00,698.37,698.97,698.37,698.85,354.664
2026-08-23 17:00:00,698.85,699.0,696.53,697.98,704.946
2026-08-23 17:05:00,697.98,699.5,697.87,699.49,409.108
2026-08-23 17:10:00,699.5,699.92,699.02,699.63,353.28
2026-08-23 17:15:00,699.63,700.15,698.27,700.11,1922.658
2026-08-23 17:20:00,700.1,700.19,697.14,697.7,1586.348
2026-08-23 17:25:00,697.69,698.05,696.6,697.65,1113.006
2026-08-23 17:30:00,697.66,697.66,696.16,697.45,579.16
2026-08-23 17:35:00,697.46,698.44,697.46,697.79,436.826
2026-08-23 17:40:00,697.79,697.88,697.16,697.49,257.487
2026-08-23 17:45:00,697.49,698.43,696.7,697.2,274.037
2026-08-23 17:50:00,697.2,697.61,696.86,696.91,204.375
2026-08-23 17:55:00,696.92,698.05,696.78,697.53,195.54
2026-08-23 18:00:00,697.53,697.73,696.69,697.32,182.414
2026-08-23 18:05:00,697.32,698.13,696.73,698.12,378.147
2026-08-23 18:10:00,698.13,699.09,698.05,698.71,316.66
2026-08-23 18:15:00,698.71,700.0,698.64,699.06,517.688
2026-08-23 18:20:00,699.06,699.54,698.81,699.54,149.841
2026-08-23 18:25:00,699.54,700.25,699.47,699.86,381.608
2026-08-23 18:30:00,699.87,699.94,699.08,699.11,166.85
2026-08-23 18:35:00,699.1,699.97,699.1,699.46,342.172
2026-08-23 18:40:00,699.46,699.98,699.22,699.44,342.528
2026-08-23 18:45:00,699.44,699.54,699.03,699.54,161.841
2026-08-23 18:50:00,699.54,699.94,699.23,699.72,228.504
2026-08-23 18:55:00,699.72,700.28,699.59,699.72,302.019
2026-08-23 19:00:00,699.73,700.13,699.53,699.68,170.901
2026-08-23 19:05:00,699.68,699.79,698.76,698.79,211.626
2026-08-23 19:10:00,698.8,699.03,697.25,698.52,481.372
2026-08-23 19:15:00,698.51,699.16,698.07,699.05,205.106
2026-08-23 19:20:00,699.05,699.59,699.04,699.28,106.136
2026-08-23 19:25:00,699.29,699.53,699.11,699.51,154.05
2026-08-23 19:30:00,699.51,699.6,698.55,699.58,992.666
2026-08-23 19:35:00,699.57,699.8,699.2,699.2,225.918
2026-08-23 19:40:00,699.19,699.82,699.19,699.69,282.849
2026-08-23 19:45:00,699.68,700.3,699.27,699.37,336.208
2026-08-23 19:50:00,699.36,699.69,699.05,699.59,189.854
2026-08-23 19:55:00,699.59,699.77,698.86,698.87,493.442
2026-08-23 20:00:00,698.87,699.09,697.81,698.08,254.122
2026-08-23 20:05:00,698.07,698.89,697.87,698.86,355.598
2026-08-23 20:10:00,698.86,699.5,698.52,698.81,211.866
2026-08-23 20:15:00,698.81,699.51,698.75,699.5,141.2
2026-08-23 20:20:00,699.51,699.84,699.38,699.73,200.177
2026-08-23 20:25:00,699.72,700.0,699.49,699.5,96.214
2026-08-23 20:30:00,699.5,700.0,699.5,699.75,71.42
2026-08-23 20:35:00,699.75,699.96,699.65,699.96,172.678
2026-08-23 20:40:00,699.96,700.1,699.58,699.85,176.279
2026-08-23 20:45:00,699.85,699.99,699.39,699.97,87.529
2026-08-23 20:50:00,699.97,700.05,699.47,699.83,210.679
2026-08-23 20:55:00,699.84,700.12,699.72,700.11,93.31
2026-08-23 21:00:00,700.12,703.2,700.12,703.19,1202.678
2026-08-23 21:05:00,703.19,704.05,702.55,703.58,615.315
2026-08-23 21:10:00,703.58,704.14,703.29,703.85,550.338
2026-08-23 21:15:00,703.84,705.22,703.84,705.22,1451.616
2026-08-23 21:20:00,705.21,705.85,704.4,704.4,731.04
2026-08-23 21:25:00,704.39,706.44,704.08,706.38,785.778
2026-08-23 21:30:00,706.38,707.27,705.96,705.97,453.675
2026-08-23 21:35:00,705.96,705.96,702.8,703.34,566.179
2026-08-23 21:40:00,703.31,704.19,703.15,704.16,353.536
2026-08-23 21:45:00,704.16,705.14,704.16,705.09,350.281
2026-08-23 21:50:00,705.1,705.59,704.61,704.62,323.81
2026-08-23 21:55:00,704.62,704.83,702.98,703.28,519.9
2026-08-23 22:00:00,703.29,705.0,700.09,701.43,1291.03
2026-08-23 22:05:00,701.44,702.72,700.79,702.46,622.685
2026-08-23 22:10:00,702.45,702.83,701.84,702.36,267.621
2026-08-23 22:15:00,702.36,703.16,701.7,703.04,593.12
2026-08-23 22:20:00,703.04,703.29,702.45,702.83,379.015
2026-08-23 22:25:00,702.83,703.8,702.78,702.91,464.978
2026-08-23 22:30:00,702.92,704.01,702.75,703.13,516.092
2026-08-23 22:35:00,703.13,703.7,702.01,703.51,259.339
2026-08-23 22:40:00,703.5,704.54,703.09,703.72,705.477
2026-08-23 22:45:00,703.72,704.51,703.31,704.5,518.751
2026-08-23 22:50:00,704.5,704.74,703.5,703.56,372.64
2026-08-23 22:55:00,703.56,703.68,702.72,703.15,515.247
2026-08-23 23:00:00,703.15,703.51,701.13,701.71,319.484
2026-08-23 23:05:00,701.72,702.18,700.07,702.02,294.146
2026-08-23 23:10:00,702.02,702.55,700.59,701.22,334.868
2026-08-23 23:15:00,701.22,703.49,701.21,702.96,322.055
2026-08-23 23:20:00,702.96,702.96,701.32,701.65,161.253
2026-08-23 23:25:00,701.66,703.23,701.11,703.04,359.33
2026-08-23 23:30:00,703.04,704.75,702.45,702.73,493.538
2026-08-23 23:35:00,702.69,703.08,701.2,701.5,490.415
2026-08-23 23:40:00,701.5,702.09,699.71,700.48,552.85
2026-08-23 23:45:00,700.48,701.75,700.24,701.54,407.131
2026-08-23 23:50:00,701.55,702.57,701.33,701.74,437.459
2026-08-23 23:55:00,701.74,702.55,701.68,702.37,264.035
2026-08-24 00:00:00,702.37,702.81,701.29,701.3,356.602
2026-08-24 00:05:00,701.3,702.5,700.4,702.25,308.847
2026-08-24 00:10:00,702.24,702.41,701.38,701.64,226.479
2026-08-24 00:15:00,701.64,701.81,700.95,701.22,482.099
2026-08-24 00:20:00,701.23,701.33,699.95,700.97,564.131
2026-08-24 00:25:00,700.96,700.97,698.49,700.3,586.701
2026-08-24 00:30:00,700.33,701.05,699.67,701.04,280.446
2026-08-24 00:35:00,701.04,703.02,700.84,701.87,1265.863
2026-08-24 00:40:00,701.87,702.1,699.46,699.81,333.581
2026-08-24 00:45:00,699.81,701.95,698.78,701.42,661.627
2026-08-24 00:50:00,701.42,703.45,701.38,703.22,615.763
2026-08-24 00:55:00,703.22,704.79,702.55,704.79,745.896
2026-08-24 01:00:00,704.8,705.0,703.15,703.77,483.256
2026-08-24 01:05:00,703.78,704.25,701.97,702.14,685.411
2026-08-24 01:10:00,702.14,703.34,701.63,701.63,261.862
2026-08-24 01:15:00,701.63,701.63,700.4,700.85,573.355
2026-08-24 01:20:00,700.84,700.84,698.76,698.76,1047.55
2026-08-24 01:25:00,698.76,699.96,698.76,698.95,359.443
2026-08-24 01:30:00,698.95,700.14,697.76,700.14,703.842
2026-08-24 01:35:00,700.15,700.24,697.15,697.77,848.514
2026-08-24 01:40:00,697.77,698.61,695.93,696.1,1291.826
2026-08-24 01:45:00,696.09,696.61,695.36,696.46,833.312
2026-08-24 01:50:00,696.45,696.96,695.46,696.96,471.127
2026-08-24 01:55:00,696.96,697.05,694.8,695.31,449.861
2026-08-24 02:00:00,695.32,696.13,693.26,696.13,1574.461
2026-08-24 02:05:00,696.13,696.75,695.66,696.7,785.108
2026-08-24 02:10:00,696.7,699.86,696.06,699.0,1128.971
2026-08-24 02:15:00,699.0,701.0,699.0,700.83,838.931
2026-08-24 02:20:00,700.84,700.97,700.4,700.9,210.871
2026-08-24 02:25:00,700.91,701.32,700.4,700.89,294.521
2026-08-24 02:30:00,700.89,701.66,700.69,701.63,315.141
2026-08-24 02:35:00,701.64,701.91,700.05,700.61,577.508
2026-08-24 02:40:00,700.61,701.51,700.28,701.26,171.583
2026-08-24 02:45:00,701.25,701.25,698.51,699.67,359.067
2026-08-24 02:50:00,699.67,700.0,699.25,699.96,194.296
2026-08-24 02:55:00,699.95,700.74,699.45,700.12,444.351
2026-08-24 03:00:00,700.12,700.37,698.59,698.85,338.851
2026-08-24 03:05:00,698.84,698.84,697.24,697.58,842.761
2026-08-24 03:10:00,697.57,697.99,696.85,696.86,606.518
2026-08-24 03:15:00,696.85,697.83,696.71,697.32,630.24
2026-08-24 03:20:00,697.33,698.67,697.08,698.28,196.669
2026-08-24 03:25:00,698.28,698.88,696.91,696.91,242.146
2026-08-24 03:30:00,696.91,697.28,695.82,697.28,501.002
2026-08-24 03:35:00,697.28,697.43,695.65,697.05,345.259
2026-08-24 03:40:00,697.04,697.21,696.5,696.73,300.02
2026-08-24 03:45:00,696.73,697.49,696.5,697.23,147.867
2026-08-24 03:50:00,697.24,697.98,696.01,696.28,327.256
2026-08-24 03:55:00,696.28,696.51,695.67,695.85,150.79
2026-08-24 04:00:00,695.85,696.6,694.61,696.6,698.0
2026-08-24 04:05:00,696.6,697.23,696.17,696.33,307.614
2026-08-24 04:10:00,696.34,696.66,695.81,696.6,416.648
2026-08-24 04:15:00,696.6,698.21,696.6,697.27,480.936
2026-08-24 04:20:00,697.27,698.13,697.22,697.28,267.681
2026-08-24 04:25:00,697.28,698.13,697.28,698.12,127.528
2026-08-24 04:30:00,698.13,698.3,697.43,697.89,96.207
2026-08-24 04:35:00,697.89,697.89,697.2,697.51,102.139
2026-08-24 04:40:00,697.51,697.78,696.62,697.67,443.535
2026-08-24 04:45:00,697.68,698.16,696.31,696.55,298.466
2026-08-24 04:50:00,696.56,696.59,694.57,696.06,485.985
2026-08-24 04:55:00,696.07,696.61,695.53,696.61,202.221
2026-08-24 05:00:00,696.61,696.98,695.83,696.6,170.477
2026-08-24 05:05:00,696.61,698.42,696.11,698.03,355.167
2026-08-24 05:10:00,698.02,700.11,697.84,699.99,795.94
2026-08-24 05:15:00,699.99,700.29,698.62,698.62,498.644
2026-08-24 05:20:00,698.62,698.87,697.33,697.69,352.037
2026-08-24 05:25:00,697.69,698.34,697.47,697.52,304.469
2026-08-24 05:30:00,697.51,697.51,696.1,696.75,368.916
2026-08-24 05:35:00,696.74,697.82,695.98,697.33,302.856
2026-08-24 05:40:00,697.32,699.37,697.05,698.83,365.338
2026-08-24 05:45:00,698.83,699.47,698.34,698.34,264.886
2026-08-24 05:50:00,698.35,699.04,697.84,699.04,165.898
2026-08-24 05:55:00,699.05,699.55,698.96,699.26,216.856
2026-08-24 06:00:00,699.25,699.81,697.71,698.07,496.142
2026-08-24 06:05:00,698.07,699.35,697.45,699.27,274.654
2026-08-24 06:10:00,699.27,700.35,698.62,700.15,251.557
2026-08-24 06:15:00,700.14,700.55,699.44,699.55,225.03
2026-08-24 06:20:00,699.55,699.82,698.78,699.81,195.369
2026-08-24 06:25:00,699.82,699.82,699.12,699.16,136.79
2026-08-24 06:30:00,699.15,699.24,697.7,697.71,312.938
2026-08-24 06:35:00,697.71,698.01,696.96,696.97,221.584
2026-08-24 06:40:00,696.96,697.67,696.7,697.42,228.999
2026-08-24 06:45:00,697.43,700.7,697.29,700.37,810.976
2026-08-24 06:50:00,700.36,700.48,699.92,699.99,201.439
2026-08-24 06:55:00,699.99,700.14,699.72,699.76,198.365
2026-08-24 07:00:00,699.77,700.09,699.42,699.98,157.075
2026-08-24 07:05:00,699.99,700.59,699.65,700.44,298.463
2026-08-24 07:10:00,700.44,703.38,700.43,703.38,1242.287
2026-08-24 07:15:00,703.38,703.5,701.0,701.21,639.887
2026-08-24 07:20:00,701.21,701.21,700.25,700.62,537.214
2026-08-24 07:25:00,700.63,701.13,699.77,700.22,1511.371
2026-08-24 07:30:00,700.21,700.21,699.29,699.91,376.367
2026-08-24 07:35:00,699.9,700.17,699.24,699.25,557.104
2026-08-24 07:40:00,699.25,699.32,698.16,698.56,508.454
2026-08-24 07:45:00,698.55,700.3,698.48,699.93,351.059
2026-08-24 07:50:00,699.93,699.97,698.09,698.91,551.794
2026-08-24 07:55:00,698.91,699.07,698.46,698.77,274.343
2026-08-24 08:00:00,698.78,698.94,697.04,697.17,443.918
2026-08-24 08:05:00,697.18,698.9,697.17,697.31,332.171
2026-08-24 08:10:00,697.32,697.32,696.0,696.14,673.435
2026-08-24 08:15:00,696.15,696.43,694.58,695.61,1577.766
2026-08-24 08:20:00,695.6,695.81,694.0,694.08,484.488
2026-08-24 08:25:00,694.08,694.43,692.94,693.68,761.744
2026-08-24 08:30:00,693.67,694.73,693.49,694.5,501.141
2026-08-24 08:35:00,694.51,695.98,694.28,695.6,328.037
2026-08-24 08:40:00,695.6,695.64,695.19,695.64,194.389
2026-08-24 08:45:00,695.64,695.96,694.8,695.95,396.705
2026-08-24 08:50:00,695.95,696.0,695.59,695.87,261.244
2026-08-24 08:55:00,695.88,696.19,695.67,695.9,243.787
2026-08-24 09:00:00,695.9,697.18,695.48,697.01,424.895
2026-08-24 09:05:00,697.01,698.19,697.0,698.02,470.239
2026-08-24 09:10:00,698.02,698.48,697.82,698.31,307.352
2026-08-24 09:15:00,698.31,698.56,697.02,697.47,816.03
2026-08-24 09:20:00,697.47,697.78,697.32,697.42,417.008
2026-08-24 09:25:00,697.43,698.51,697.03,698.36,346.465
2026-08-24 09:30:00,698.37,698.85,697.75,698.82,506.873
2026-08-24 09:35:00,698.82,698.99,698.37,698.84,347.159
2026-08-24 09:40:00,698.84,698.84,698.01,698.21,185.537
2026-08-24 09:45:00,698.22,698.73,698.04,698.66,181.422
2026-08-24 09:50:00,698.65,699.79,698.56,699.74,480.23
2026-08-24 09:55:00,699.74,699.74,698.7,699.53,568.084
2026-08-24 10:00:00,699.54,701.38,699.33,700.54,862.474
2026-08-24 10:05:00,700.53,701.02,699.29,700.59,496.236
2026-08-24 10:10:00,700.58,701.99,700.5,701.82,1050.467
2026-08-24 10:15:00,701.82,701.83,700.88,701.46,548.967
2026-08-24 10:20:00,701.45,701.5,700.18,700.82,409.29
2026-08-24 10:25:00,700.81,701.71,700.42,700.77,463.157
2026-08-24 10:30:00,700.77,701.95,700.6,701.73,691.001
2026-08-24 10:35:00,701.73,701.85,700.78,700.79,414.983
2026-08-24 10:40:00,700.78,700.79,699.21,699.45,685.318
2026-08-24 10:45:00,699.46,700.17,699.45,700.11,403.57
2026-08-24 10:50:00,700.12,700.22,698.35,699.32,553.27
2026-08-24 10:55:00,699.32,699.52,698.8,699.4,148.651
2026-08-24 11:00:00,699.41,699.43,697.2,699.32,442.184
2026-08-24 11:05:00,699.32,700.0,698.94,699.78,170.544
2026-08-24 11:10:00,699.78,700.48,699.62,700.34,374.145
2026-08-24 11:15:00,700.33,700.5,699.62,700.36,491.831
2026-08-24 11:20:00,700.37,701.0,699.93,700.68,296.754
2026-08-24 11:25:00,700.69,701.35,700.68,701.35,463.838
2026-08-24 11:30:00,701.34,703.16,701.15,703.16,642.529
2026-08-24 11:35:00,703.17,705.34,703.16,705.05,1706.058
2026-08-24 11:40:00,705.04,707.0,704.7,707.0,1757.37
2026-08-24 11:45:00,706.99,707.0,702.56,703.12,1368.202
2026-08-24 11:50:00,703.12,703.67,702.23,702.67,773.255
2026-08-24 11:55:00,702.67,703.8,702.41,703.75,1310.128
2026-08-24 12:00:00,703.75,703.75,701.83,702.02,855.241
2026-08-24 12:05:00,702.03,702.34,701.51,702.03,516.681
2026-08-24 12:10:00,702.04,702.56,701.73,702.03,456.936
2026-08-24 12:15:00,702.03,702.43,700.15,702.15,1453.228
2026-08-24 12:20:00,702.15,703.31,701.9,703.27,463.413
2026-08-24 12:25:00,703.27,704.26,703.16,703.5,397.79
2026-08-24 12:30:00,703.5,704.97,702.08,703.71,1461.463
2026-08-24 12:35:00,703.7,704.78,703.4,704.34,351.107
2026-08-24 12:40:00,704.35,705.28,703.9,703.91,988.277
2026-08-24 12:45:00,703.9,705.4,703.71,705.23,593.913
2026-08-24 12:50:00,705.23,706.83,704.79,706.47,1260.371
2026-08-24 12:55:00,706.48,707.32,705.41,705.62,1466.78
2026-08-24 13:00:00,705.62,705.88,704.1,704.41,1025.291
2026-08-24 13:05:00,704.42,706.7,704.42,706.65,1335.587
2026-08-24 13:10:00,706.65,708.16,706.47,706.98,2266.696
2026-08-24 13:15:00,706.99,706.99,704.54,705.9,2286.157
2026-08-24 13:20:00,705.9,707.0,705.11,705.81,1216.319
2026-08-24 13:25:00,705.82,706.06,704.28,704.88,787.05
2026-08-24 13:30:00,704.9,704.95,699.71,700.91,4328.398
2026-08-24 13:35:00,700.92,701.99,699.48,700.18,2240.932
2026-08-24 13:40:00,700.17,700.57,698.01,699.01,2125.254
2026-08-24 13:45:00,699.0,699.67,696.46,699.12,1134.654
2026-08-24 13:50:00,699.07,699.7,697.49,699.0,660.849
2026-08-24 13:55:00,699.0,700.3,698.61,699.76,750.912
2026-08-24 14:00:00,699.76,701.8,699.75,700.55,979.497
2026-08-24 14:05:00,700.54,702.43,700.52,702.43,603.549
2026-08-24 14:10:00,702.42,704.72,702.28,704.6,1196.293
2026-08-24 14:15:00,704.61,705.58,704.15,704.5,1743.837
2026-08-24 14:20:00,704.5,706.78,702.54,702.92,1423.755
2026-08-24 14:25:00,702.93,706.08,702.68,705.92,605.353
2026-08-24 14:30:00,705.91,707.75,705.49,707.21,898.275
2026-08-24 14:35:00,707.2,708.8,706.82,708.14,1698.076
2026-08-24 14:40:00,708.14,709.0,706.95,708.05,1374.354
2026-08-24 14:45:00,708.05,708.86,707.55,707.96,892.281
2026-08-24 14:50:00,707.96,708.19,706.62,707.23,613.173
2026-08-24 14:55:00,707.22,707.98,706.28,707.05,695.926
2026-08-24 15:00:00,707.05,708.14,706.24,707.56,636.22
2026-08-24 15:05:00,707.56,708.79,706.87,708.55,772.982
2026-08-24 15:10:00,708.54,710.94,708.13,709.52,1844.918
2026-08-24 15:15:00,709.51,711.69,708.88,711.62,1411.639
2026-08-24 15:20:00,711.62,714.9,710.88,714.52,4413.837
2026-08-24 15:25:00,714.52,716.84,713.39,715.33,2274.334
2026-08-24 15:30:00,715.33,715.59,712.85,712.97,1969.629
2026-08-24 15:35:00,712.97,713.88,710.06,710.74,1773.903
2026-08-24 15:40:00,710.75,711.92,706.16,708.8,2804.087
2026-08-24 15:45:00,708.8,710.27,707.21,709.07,1538.008
2026-08-24 15:50:00,709.07,709.4,706.43,706.73,1275.615
2026-08-24 15:55:00,706.7,706.7,703.87,705.89,1411.699
2026-08-24 16:00:00,705.89,708.45,705.89,708.15,1421.131
2026-08-24 16:05:00,708.14,710.81,707.9,709.51,959.76
2026-08-24 16:10:00,709.51,709.92,709.35,709.85,470.816
2026-08-24 16:15:00,709.85,712.02,709.59,711.83,1827.504
2026-08-24 16:20:00,711.82,712.4,710.75,712.01,779.377
2026-08-24 16:25:00,712.01,712.09,710.39,710.39,631.276
2026-08-24 16:30:00,710.4,710.94,708.83,709.38,780.596
2026-08-24 16:35:00,709.38,710.23,708.79,708.87,713.71
2026-08-24 16:40:00,708.87,708.87,707.47,707.58,688.182
2026-08-24 16:45:00,707.57,708.3,706.91,707.52,341.831
2026-08-24 16:50:00,707.52,707.91,704.0,705.08,1244.4
2026-08-24 16:55:00,705.08,706.1,704.4,704.82,531.495
2026-08-24 17:00:00,704.82,705.09,701.0,703.29,2343.294
2026-08-24 17:05:00,703.29,705.98,703.05,705.97,611.445
2026-08-24 17:10:00,705.98,706.0,704.45,704.45,293.663
2026-08-24 17:15:00,704.44,704.5,701.4,702.95,806.61
2026-08-24 17:20:00,702.93,702.93,698.74,699.27,2489.071
2026-08-24 17:25:00,699.26,701.89,698.67,699.03,1371.384
2026-08-24 17:30:00,699.06,700.83,698.97,699.69,1355.469
2026-08-24 17:35:00,699.68,701.94,699.52,701.82,668.727
2026-08-24 17:40:00,701.82,702.46,700.12,700.12,474.951
2026-08-24 17:45:00,700.12,702.16,699.84,701.88,275.534
2026-08-24 17:50:00,701.88,702.66,701.42,701.85,358.063
2026-08-24 17:55:00,701.86,702.69,701.08,702.64,182.19
2026-08-24 18:00:00,702.65,704.4,702.65,704.27,429.645
2026-08-24 18:05:00,704.26,704.88,703.25,703.76,357.458
2026-08-24 18:10:00,703.76,704.72,703.66,704.72,396.086
2026-08-24 18:15:00,704.73,705.36,704.6,704.97,316.852
2026-08-24 18:20:00,704.96,705.0,703.7,703.71,550.841
2026-08-24 18:25:00,703.7,704.95,703.41,704.17,256.701
2026-08-24 18:30:00,704.17,705.02,703.49,703.49,363.922
2026-08-24 18:35:00,703.48,703.9,701.53,702.39,270.129
2026-08-24 18:40:00,702.4,704.0,702.4,704.0,202.196
2026-08-24 18:45:00,703.99,704.58,703.49,703.82,446.56
2026-08-24 18:50:00,703.82,704.08,701.95,702.8,164.215
2026-08-24 18:55:00,702.79,703.41,702.27,702.97,165.209
2026-08-24 19:00:00,702.97,703.91,702.52,702.52,534.398
2026-08-24 19:05:00,702.52,703.1,701.24,702.01,772.322
2026-08-24 19:10:00,702.01,703.68,701.62,703.53,343.454
2026-08-24 19:15:00,703.56,703.56,701.04,701.26,669.065
2026-08-24 19:20:00,701.26,701.93,700.61,701.66,453.838
2026-08-24 19:25:00,701.66,703.55,701.66,703.48,283.121
2026-08-24 19:30:00,703.48,703.48,702.6,703.02,337.295
2026-08-24 19:35:00,703.03,704.33,702.92,703.56,505.859
2026-08-24 19:40:00,703.56,703.67,701.96,702.85,488.255
2026-08-24 19:45:00,702.85,703.09,702.01,702.41,482.226
2026-08-24 19:50:00,702.41,702.6,701.0,702.26,395.913
2026-08-24 19:55:00,702.25,703.02,701.86,702.09,380.454
2026-08-24 20:00:00,702.1,702.88,701.08,701.17,133.103
2026-08-24 20:05:00,701.17,703.19,701.09,703.19,147.749
2026-08-24 20:10:00,703.2,703.36,702.0,702.41,435.244
2026-08-24 20:15:00,702.4,702.63,701.26,702.12,347.206
2026-08-24 20:20:00,702.12,702.45,701.29,701.53,316.632
2026-08-24 20:25:00,701.54,701.69,700.86,701.45,397.383
2026-08-24 20:30:00,701.46,702.51,700.88,702.51,133.149
2026-08-24 20:35:00,702.51,704.28,702.5,703.8,271.956
2026-08-24 20:40:00,703.8,703.86,702.5,702.98,619.14
2026-08-24 20:45:00,702.97,703.21,702.89,702.94,169.117
2026-08-24 20:50:00,702.95,703.21,702.58,702.88,182.175
2026-08-24 20:55:00,702.88,703.21,702.57,703.2,171.07
2026-08-24 21:00:00,703.21,704.99,703.2,704.99,222.307
2026-08-24 21:05:00,705.0,705.11,704.09,704.17,230.006
2026-08-24 21:10:00,704.17,705.25,704.09,705.25,297.968
2026-08-24 21:15:00,705.25,705.29,704.04,704.05,279.124
2026-08-24 21:20:00,704.04,704.59,704.04,704.43,193.874
2026-08-24 21:25:00,704.42,704.95,703.9,704.4,601.666
2026-08-24 21:30:00,704.4,704.97,704.1,704.11,131.215
2026-08-24 21:35:00,704.11,704.29,703.89,704.27,154.268
2026-08-24 21:40:00,704.28,704.68,704.25,704.65,211.541
2026-08-24 21:45:00,704.65,705.23,704.43,704.68,283.841
2026-08-24 21:50:00,704.68,704.68,702.93,703.47,215.663
2026-08-24 21:55:00,703.47,704.04,703.38,703.88,120.891
2026-08-24 22:00:00,703.88,704.16,702.43,703.04,393.749
2026-08-24 22:05:00,703.05,703.79,703.05,703.08,180.687
2026-08-24 22:10:00,703.08,703.1,702.33,702.67,159.266
2026-08-24 22:15:00,702.66,702.97,702.2,702.24,124.269
2026-08-24 22:20:00,702.24,702.75,701.84,702.13,392.301
2026-08-24 22:25:00,702.14,702.32,701.65,702.32,301.174
2026-08-24 22:30:00,702.31,703.19,701.95,703.01,164.621
2026-08-24 22:35:00,703.01,703.66,702.75,702.94,162.687
2026-08-24 22:40:00,702.95,702.95,701.56,701.72,235.812
2026-08-24 22:45:00,701.72,702.42,701.72,702.35,125.626
2026-08-24 22:50:00,702.35,703.02,702.0,702.17,496.235
2026-08-24 22:55:00,702.16,702.16,701.31,701.47,129.563
2026-08-24 23:00:00,701.47,701.76,700.1,701.36,586.762
2026-08-24 23:05:00,701.35,701.8,701.14,701.49,212.292
2026-08-24 23:10:00,701.48,702.14,701.34,701.38,277.383
2026-08-24 23:15:00,701.38,701.73,701.36,701.64,107.005
2026-08-24 23:20:00,701.62,702.98,701.62,702.71,121.102
2026-08-24 23:25:00,702.7,703.16,702.51,702.58,135.918
2026-08-24 23:30:00,702.56,703.08,702.35,702.56,193.953
2026-08-24 23:35:00,702.55,703.94,702.36,703.94,399.694
2026-08-24 23:40:00,703.94,704.04,703.64,704.04,453.951
2026-08-24 23:45:00,704.03,704.5,703.43,703.72,313.829
2026-08-24 23:50:00,703.72,703.8,703.02,703.31,117.394
2026-08-24 23:55:00,703.31,704.45,703.1,704.31,315.99
2026-08-25 00:00:00,704.31,705.15,704.17,704.66,405.309
2026-08-25 00:05:00,704.67,706.58,703.62,705.38,1112.33
2026-08-25 00:10:00,705.38,707.1,705.36,706.39,841.282
2026-08-25 00:15:00,706.39,706.39,704.24,705.12,397.671
2026-08-25 00:20:00,705.12,707.76,704.69,706.85,1175.26
2026-08-25 00:25:00,706.86,707.38,706.2,706.54,284.826
2026-08-25 00:30:00,706.54,707.1,705.42,706.11,501.733
2026-08-25 00:35:00,706.12,707.86,706.12,707.0,516.854
2026-08-25 00:40:00,707.0,709.34,706.94,709.33,954.342
2026-08-25 00:45:00,709.33,711.2,709.15,710.08,1766.517
2026-08-25 00:50:00,710.07,711.28,709.21,711.28,700.962
2026-08-25 00:55:00,711.28,711.28,709.88,710.04,255.633
2026-08-25 01:00:00,710.05,712.43,709.68,712.11,906.532
2026-08-25 01:05:00,712.1,712.1,710.06,711.01,934.197
2026-08-25 01:10:00,711.0,711.01,709.36,709.54,840.443
2026-08-25 01:15:00,709.54,710.09,708.37,709.71,1249.213
2026-08-25 01:20:00,709.7,710.0,708.87,709.46,420.057
2026-08-25 01:25:00,709.44,711.2,709.15,710.07,616.29
2026-08-25 01:30:00,710.07,710.23,708.75,709.02,345.657
2026-08-25 01:35:00,709.02,710.58,708.82,710.25,465.33
2026-08-25 01:40:00,710.25,711.1,709.53,709.71,598.6
2026-08-25 01:45:00,709.7,711.0,709.7,710.53,559.383
2026-08-25 01:50:00,710.52,710.52,708.94,709.46,523.938
2026-08-25 01:55:00,709.46,710.61,709.45,710.47,480.58
2026-08-25 02:00:00,710.47,710.8,709.76,709.79,543.172
2026-08-25 02:05:00,709.79,709.79,708.31,708.85,473.731
2026-08-25 02:10:00,708.85,709.73,708.51,708.89,310.477
2026-08-25 02:15:00,708.89,714.96,708.55,714.96,2788.1
2026-08-25 02:20:00,714.96,717.0,713.18,715.56,2164.715
2026-08-25 02:25:00,715.56,719.18,715.03,718.82,1843.123
2026-08-25 02:30:00,718.81,719.08,716.8,718.34,1194.825
2026-08-25 02:35:00,718.33,718.35,715.99,716.79,960.865
2026-08-25 02:40:00,716.79,718.65,715.5,715.5,1528.902
2026-08-25 02:45:00,715.5,716.06,714.06,714.13,905.283
2026-08-25 02:50:00,714.12,714.17,712.43,713.47,987.017
2026-08-25 02:55:00,713.46,714.79,713.31,714.33,520.601
2026-08-25 03:00:00,714.33,716.16,713.92,715.9,581.369
2026-08-25 03:05:00,715.9,718.63,715.89,716.86,1457.608
2026-08-25 03:10:00,716.86,717.87,716.75,716.95,320.494
2026-08-25 03:15:00,716.94,717.59,715.86,716.98,408.41
2026-08-25 03:20:00,716.99,717.43,715.53,715.74,511.38
2026-08-25 03:25:00,715.73,716.35,714.86,716.2,409.627
2026-08-25 03:30:00,716.2,717.55,715.61,716.69,574.643
2026-08-25 03:35:00,716.68,717.48,716.14,717.04,445.73
2026-08-25 03:40:00,717.03,717.33,715.29,715.72,678.589
2026-08-25 03:45:00,715.72,716.2,713.89,715.18,801.833
2026-08-25 03:50:00,715.18,716.48,715.18,715.98,698.292
2026-08-25 03:55:00,715.98,715.98,714.4,715.5,733.316
2026-08-25 04:00:00,715.5,718.06,714.95,716.32,1905.304
2026-08-25 04:05:00,716.32,716.56,714.1,715.74,771.544
2026-08-25 04:10:00,715.74,716.3,714.99,716.3,374.93
2026-08-25 04:15:00,716.3,716.45,714.84,715.18,516.001
2026-08-25 04:20:00,715.19,716.49,714.75,716.49,344.498
2026-08-25 04:25:00,716.49,716.49,714.75,714.88,311.687
2026-08-25 04:30:00,714.89,715.67,713.46,714.92,403.677
2026-08-25 04:35:00,714.92,715.33,714.04,714.4,498.525
2026-08-25 04:40:00,714.39,715.39,713.61,714.0,490.04
2026-08-25 04:45:00,713.99,714.61,713.76,714.33,376.984
2026-08-25 04:50:00,714.33,714.78,714.01,714.31,484.062
2026-08-25 04:55:00,714.31,714.5,713.54,714.41,382.199
2026-08-25 05:00:00,714.41,715.8,713.93,715.8,318.458
2026-08-25 05:05:00,715.8,716.5,715.74,716.26,208.502
2026-08-25 05:10:00,716.26,716.56,715.81,716.1,243.844
2026-08-25 05:15:00,716.1,716.8,715.87,716.58,846.14
2026-08-25 05:20:00,716.55,716.95,716.35,716.67,259.348
2026-08-25 05:25:00,716.67,718.56,716.66,717.7,672.164
2026-08-25 05:30:00,717.7,718.13,717.16,717.85,283.928
2026-08-25 05:35:00,717.86,718.0,716.91,717.21,489.444
2026-08-25 05:40:00,717.2,717.5,716.47,716.66,329.04
2026-08-25 05:45:00,716.66,717.35,716.5,717.14,324.382
2026-08-25 05:50:00,717.13,717.2,716.73,716.85,227.862
2026-08-25 05:55:00,716.85,717.6,716.36,716.56,606.461
2026-08-25 06:00:00,716.56,716.94,716.36,716.61,287.027
2026-08-25 06:05:00,716.6,717.27,716.45,717.2,401.435
2026-08-25 06:10:00,717.2,717.21,715.8,716.89,652.203
2026-08-25 06:15:00,716.9,717.52,716.47,716.93,359.671
2026-08-25 06:20:00,716.94,717.3,715.69,716.39,1071.165
2026-08-25 06:25:00,716.4,716.7,715.89,716.02,209.077
2026-08-25 06:30:00,716.02,716.02,714.5,715.21,705.304
2026-08-25 06:35:00,715.21,715.21,713.26,714.11,441.762
2026-08-25 06:40:00,714.1,714.18,713.11,713.26,271.362
2026-08-25 06:45:00,713.26,713.87,713.17,713.55,229.537
2026-08-25 06:50:00,713.56,713.59,711.93,711.93,1328.193
2026-08-25 06:55:00,711.93,713.12,711.24,713.04,1039.314
2026-08-25 07:00:00,713.04,715.23,712.6,715.01,594.655
2026-08-25 07:05:00,715.0,716.0,714.49,714.52,539.002
2026-08-25 07:10:00,714.51,714.51,713.55,713.56,532.658
2026-08-25 07:15:00,713.56,714.14,712.32,712.33,543.571
2026-08-25 07:20:00,712.32,713.0,712.27,712.42,587.741
2026-08-25 07:25:00,712.41,712.5,711.25,711.91,688.17
2026-08-25 07:30:00,711.9,711.9,709.9,710.88,2342.834
2026-08-25 07:35:00,710.88,710.89,709.03,709.16,1121.984
2026-08-25 07:40:00,709.16,710.05,709.16,709.93,632.769
2026-08-25 07:45:00,709.93,709.94,705.05,705.97,2081.79
2026-08-25 07:50:00,706.04,706.59,702.44,706.35,3173.766
2026-08-25 07:55:00,706.35,706.75,705.54,706.31,1352.954
2026-08-25 08:00:00,706.31,706.77,705.59,706.61,1169.636
2026-08-25 08:05:00,706.61,706.67,705.72,706.18,754.211
2026-08-25 08:10:00,706.18,706.75,706.05,706.44,477.222
2026-08-25 08:15:00,706.44,707.51,706.43,706.81,1284.019
2026-08-25 08:20:00,706.82,708.23,706.8,707.96,839.531
2026-08-25 08:25:00,707.95,708.76,707.62,707.81,723.002
2026-08-25 08:30:00,707.82,708.36,707.0,707.71,622.236
2026-08-25 08:35:00,707.71,707.88,706.73,706.74,767.415
2026-08-25 08:40:00,706.74,706.98,705.68,706.49,1189.335
2026-08-25 08:45:00,706.49,706.65,705.27,705.28,855.744
2026-08-25 08:50:00,705.28,705.62,704.25,704.37,879.219
2026-08-25 08:55:00,704.38,704.5,703.49,704.28,810.494
2026-08-25 09:00:00,704.28,704.3,702.76,702.81,833.532
2026-08-25 09:05:00,702.81,703.14,701.0,703.14,1521.721
2026-08-25 09:10:00,703.14,703.5,701.7,702.87,543.174
2026-08-25 09:15:00,702.88,703.29,702.38,702.79,546.876
2026-08-25 09:20:00,702.78,703.74,702.56,703.46,1163.109
2026-08-25 09:25:00,703.45,703.46,701.77,702.46,666.597
2026-08-25 09:30:00,702.47,703.45,702.47,703.24,557.017
2026-08-25 09:35:00,703.24,703.31,702.5,703.19,585.686
2026-08-25 09:40:00,703.2,704.01,702.54,702.54,666.947
2026-08-25 09:45:00,702.54,702.8,701.08,701.08,711.502
2026-08-25 09:50:00,701.08,701.09,697.0,698.78,2552.947
2026-08-25 09:55:00,698.78,699.41,697.86,698.99,1371.075
2026-08-25 10:00:00,698.99,698.99,697.3,698.84,1041.668
2026-08-25 10:05:00,698.83,699.51,698.4,699.19,757.28
2026-08-25 10:10:00,699.19,700.24,699.18,700.05,1018.732
2026-08-25 10:15:00,700.05,700.43,699.57,699.86,703.625
2026-08-25 10:20:00,699.86,700.04,699.09,699.22,506.628
2026-08-25 10:25:00,699.22,699.5,699.0,699.2,619.851
2026-08-25 10:30:00,699.21,699.43,698.8,699.25,751.256
2026-08-25 10:35:00,699.24,699.78,699.03,699.6,984.135
2026-08-25 10:40:00,699.6,699.73,699.3,699.45,659.06
2026-08-25 10:45:00,699.45,700.31,699.25,699.94,2025.732
2026-08-25 10:50:00,699.94,700.5,699.66,700.12,1341.697
2026-08-25 10:55:00,700.11,700.31,699.41,699.46,558.792
2026-08-25 11:00:00,699.47,699.61,699.03,699.03,427.683
2026-08-25 11:05:00,699.03,700.12,698.81,699.3,675.057
2026-08-25 11:10:00,699.29,699.33,698.0,698.01,869.877
2026-08-25 11:15:00,698.01,698.76,697.73,698.31,877.194
2026-08-25 11:20:00,698.31,699.13,698.31,698.93,463.716
2026-08-25 11:25:00,698.93,698.94,697.82,698.29,677.216
2026-08-25 11:30:00,698.29,699.0,698.06,698.71,557.12
2026-08-25 11:35:00,698.7,699.57,698.56,698.57,690.409
2026-08-25 11:40:00,698.56,698.57,697.71,697.81,546.206
2026-08-25 11:45:00,697.8,698.3,697.41,697.82,551.184
2026-08-25 11:50:00,697.83,698.38,697.0,697.0,979.688
2026-08-25 11:55:00,697.0,697.32,696.61,696.78,657.808
2026-08-25 12:00:00,696.78,697.23,695.04,696.0,1322.302
2026-08-25 12:05:00,696.01,696.05,693.0,693.94,1722.224
2026-08-25 12:10:00,693.94,696.26,693.72,696.26,720.504
2026-08-25 12:15:00,696.25,696.33,694.01,694.45,652.738
2026-08-25 12:20:00,694.45,694.87,693.41,694.86,777.906
2026-08-25 12:25:00,694.86,695.37,693.15,695.37,572.658
2026-08-25 12:30:00,695.37,696.03,694.61,695.83,314.599
2026-08-25 12:35:00,695.82,696.03,695.17,695.22,293.815
2026-08-25 12:40:00,695.22,696.45,694.04,696.03,509.935
2026-08-25 12:45:00,696.03,697.39,695.88,697.0,582.069
2026-08-25 12:50:00,697.0,698.11,696.99,697.93,587.336
2026-08-25 12:55:00,697.93,698.09,697.51,697.56,315.769
2026-08-25 13:00:00,697.56,698.28,697.03,697.9,373.925
2026-08-25 13:05:00,697.91,698.11,696.5,697.26,655.553
2026-08-25 13:10:00,697.26,697.53,695.19,696.02,1280.318
2026-08-25 13:15:00,696.02,696.04,693.44,695.16,920.321
2026-08-25 13:20:00,695.15,695.6,693.76,694.66,638.57
2026-08-25 13:25:00,694.66,695.29,693.98,694.19,349.875
2026-08-25 13:30:00,694.2,697.01,693.82,696.81,891.09
2026-08-25 13:35:00,696.82,698.0,696.33,696.51,1433.949
2026-08-25 13:40:00,696.5,697.11,694.08,694.22,385.654
2026-08-25 13:45:00,694.22,694.57,692.0,692.8,1358.258
2026-08-25 13:50:00,692.81,692.98,690.5,691.9,1697.209
2026-08-25 13:55:00,691.91,694.48,691.27,694.48,723.009
2026-08-25 14:00:00,694.48,695.19,693.25,695.0,360.519
2026-08-25 14:05:00,695.01,695.92,694.82,695.92,502.846
2026-08-25 14:10:00,695.91,696.56,695.69,696.52,970.634
2026-08-25 14:15:00,696.52,696.97,695.24,695.24,799.174
2026-08-25 14:20:00,695.23,697.5,695.0,697.19,761.423
2026-08-25 14:25:00,697.2,698.5,697.0,697.76,602.73
2026-08-25 14:30:00,697.76,699.61,696.66,698.42,1033.094
2026-08-25 14:35:00,698.42,699.03,697.58,697.74,306.736
2026-08-25 14:40:00,697.75,698.21,697.14,697.78,566.723
2026-08-25 14:45:00,697.77,698.57,697.77,698.0,673.139
2026-08-25 14:50:00,698.0,699.24,697.89,698.32,449.929
2026-08-25 14:55:00,698.32,698.91,697.62,698.3,859.918
2026-08-25 15:00:00,698.31,698.4,697.31,697.53,606.734
2026-08-25 15:05:00,697.53,698.66,697.53,698.33,413.407
2026-08-25 15:10:00,698.34,698.52,696.68,696.69,322.958
2026-08-25 15:15:00,696.69,698.51,696.24,698.36,478.122
2026-08-25 15:20:00,698.36,699.13,698.24,698.25,350.624
2026-08-25 15:25:00,698.24,698.74,697.34,698.6,296.616
2026-08-25 15:30:00,698.59,698.91,698.08,698.34,369.44
2026-08-25 15:35:00,698.35,699.59,698.35,698.9,519.901
2026-08-25 15:40:00,698.89,699.0,697.83,698.87,1013.709
2026-08-25 15:45:00,698.88,699.26,698.39,698.6,846.92
2026-08-25 15:50:00,698.61,698.95,698.29,698.83,291.324
2026-08-25 15:55:00,698.83,700.42,698.83,700.07,819.867
2026-08-25 16:00:00,700.08,700.64,699.75,699.76,552.607
2026-08-25 16:05:00,699.75,699.76,698.72,698.72,368.563
2026-08-25 16:10:00,698.72,698.82,697.75,698.13,620.365
2026-08-25 16:15:00,698.13,698.91,698.0,698.8,294.079
2026-08-25 16:20:00,698.81,698.89,697.54,698.0,524.643
2026-08-25 16:25:00,697.99,698.27,697.56,698.23,253.236
2026-08-25 16:30:00,698.24,699.67,697.88,699.24,416.433
2026-08-25 16:35:00,699.24,699.39,698.54,699.15,187.958
2026-08-25 16:40:00,699.14,699.83,698.88,699.21,301.71
2026-08-25 16:45:00,699.22,700.0,699.08,699.72,250.148
2026-08-25 16:50:00,699.71,699.72,698.76,698.83,294.731
2026-08-25 16:55:00,698.83,698.99,698.21,698.69,323.754
2026-08-25 17:00:00,698.7,698.73,697.77,697.95,217.011
2026-08-25 17:05:00,697.96,698.44,696.96,697.87,382.397
2026-08-25 17:10:00,697.86,698.62,697.11,698.62,342.735
2026-08-25 17:15:00,698.61,699.12,698.51,698.95,136.547
2026-08-25 17:20:00,698.96,699.4,697.0,697.09,352.443
2026-08-25 17:25:00,697.08,697.5,696.66,696.9,243.341
2026-08-25 17:30:00,696.9,699.45,696.9,698.75,551.523
2026-08-25 17:35:00,698.74,699.16,698.26,698.72,430.162
2026-08-25 17:40:00,698.71,699.78,698.71,699.44,271.191
2026-08-25 17:45:00,699.45,700.6,699.41,700.22,334.459
2026-08-25 17:50:00,700.22,700.44,699.73,700.21,169.241
2026-08-25 17:55:00,700.21,700.38,699.8,700.13,177.792
2026-08-25 18:00:00,700.14,701.0,699.84,700.49,358.419
2026-08-25 18:05:00,700.49,700.71,699.76,700.2,243.314
2026-08-25 18:10:00,700.2,700.9,699.9,700.73,232.684
2026-08-25 18:15:00,700.73,701.43,700.73,701.14,280.615
2026-08-25 18:20:00,701.14,701.21,700.58,700.72,285.843
2026-08-25 18:25:00,700.72,700.82,700.58,700.64,160.727
2026-08-25 18:30:00,700.64,700.67,700.0,700.01,215.341
2026-08-25 18:35:00,700.0,700.31,699.5,700.11,312.34
2026-08-25 18:40:00,700.1,700.22,699.88,700.19,215.014
2026-08-25 18:45:00,700.19,700.26,699.72,699.84,129.8
2026-08-25 18:50:00,699.85,700.04,699.12,699.35,131.351
2026-08-25 18:55:00,699.36,699.84,699.2,699.62,105.327
2026-08-25 19:00:00,699.63,700.09,698.69,698.69,263.354
2026-08-25 19:05:00,698.68,699.54,698.67,699.38,247.475
2026-08-25 19:10:00,699.39,699.96,699.32,699.74,68.069
2026-08-25 19:15:00,699.74,700.05,698.43,700.05,1173.433
2026-08-25 19:20:00,700.04,700.04,699.28,699.54,189.508
2026-08-25 19:25:00,699.53,699.54,698.26,698.37,204.356
2026-08-25 19:30:00,698.37,698.37,697.47,697.96,244.003
2026-08-25 19:35:00,697.95,698.59,697.81,697.81,111.468
2026-08-25 19:40:00,697.82,697.86,697.0,697.0,254.794
2026-08-25 19:45:00,697.01,697.24,696.73,697.04,372.164
2026-08-25 19:50:00,697.04,698.26,696.93,697.96,123.84
2026-08-25 19:55:00,697.96,698.18,697.56,698.1,139.017
2026-08-25 20:00:00,698.11,698.4,695.63,696.95,358.926
2026-08-25 20:05:00,696.94,697.7,696.65,697.3,250.592
2026-08-25 20:10:00,697.3,697.41,696.63,697.21,197.115
2026-08-25 20:15:00,697.21,697.89,696.61,697.84,270.869
2026-08-25 20:20:00,697.84,697.84,696.85,697.37,193.97
2026-08-25 20:25:00,697.36,697.58,696.36,696.44,157.174
2026-08-25 20:30:00,696.43,696.5,695.51,696.1,206.844
2026-08-25 20:35:00,696.11,696.49,694.81,694.99,330.491
2026-08-25 20:40:00,695.0,695.33,693.71,694.52,364.655
2026-08-25 20:45:00,694.52,695.13,692.16,692.55,713.596
2026-08-25 20:50:00,692.55,694.06,692.41,693.01,370.221
2026-08-25 20:55:00,693.01,693.22,692.28,692.29,297.958
2026-08-25 21:00:00,692.28,693.53,692.06,692.85,302.727
2026-08-25 21:05:00,692.86,693.21,688.0,689.38,2757.789
2026-08-25 21:10:00,689.37,692.23,688.87,692.15,597.536
2026-08-25 21:15:00,692.16,692.63,691.3,692.16,369.083
2026-08-25 21:20:00,692.16,692.19,690.2,690.7,525.361
2026-08-25 21:25:00,690.71,692.07,690.39,691.96,367.525
2026-08-25 21:30:00,691.97,692.34,691.35,692.34,328.043
2026-08-25 21:35:00,692.33,693.42,692.33,693.16,453.101
2026-08-25 21:40:00,693.16,693.38,692.61,692.91,222.246
2026-08-25 21:45:00,692.9,693.12,692.73,692.89,147.517
2026-08-25 21:50:00,692.92,692.97,692.59,692.91,46.709
2026-08-25 21:55:00,692.92,693.32,692.5,692.82,179.393
2026-08-25 22:00:00,692.82,694.6,692.82,694.5,381.405
2026-08-25 22:05:00,694.49,695.74,694.37,695.25,293.526
2026-08-25 22:10:00,695.26,696.0,695.21,695.89,367.675
2026-08-25 22:15:00,695.88,696.76,695.82,696.76,214.063
2026-08-25 22:20:00,696.76,696.76,696.19,696.57,120.989
2026-08-25 22:25:00,696.6,696.7,695.03,695.32,159.278
2026-08-25 22:30:00,695.33,696.68,694.92,696.6,106.318
2026-08-25 22:35:00,696.6,696.61,695.96,696.02,282.808
2026-08-25 22:40:00,696.03,696.27,695.73,696.25,110.878
2026-08-25 22:45:00,696.24,697.1,696.12,697.0,175.296
2026-08-25 22:50:00,697.01,697.18,696.94,697.07,96.786
2026-08-25 22:55:00,697.07,697.47,696.94,697.11,153.852
2026-08-25 23:00:00,697.12,697.5,696.82,697.3,112.29
2026-08-25 23:05:00,697.3,697.5,696.72,696.76,161.408
2026-08-25 23:10:00,696.76,697.06,696.38,696.81,189.49
2026-08-25 23:15:00,696.81,697.33,696.2,696.35,150.95
2026-08-25 23:20:00,696.36,696.41,695.27,695.31,255.866
2026-08-25 23:25:00,695.31,696.08,695.0,695.98,158.386
2026-08-25 23:30:00,695.97,696.06,695.26,695.55,222.828
2026-08-25 23:35:00,695.56,695.64,694.97,695.13,158.909
2026-08-25 23:40:00,695.13,695.2,693.96,694.37,152.193
2026-08-25 23:45:00,694.36,694.51,693.64,693.81,153.042
2026-08-25 23:50:00,693.82,693.93,693.0,693.5,172.502
2026-08-25 23:55:00,693.5,694.56,693.25,694.41,132.065
2026-08-26 00:00:00,694.42,694.83,693.24,694.5,727.472
2026-08-26 00:05:00,694.5,694.5,692.7,692.88,325.032
2026-08-26 00:10:00,692.88,693.63,691.4,691.71,836.623
2026-08-26 00:15:00,691.72,693.26,691.62,692.81,405.631
2026-08-26 00:20:00,692.82,693.32,692.3,693.32,196.02
2026-08-26 00:25:00,693.32,693.6,692.95,693.57,91.518
2026-08-26 00:30:00,693.58,694.05,693.37,693.5,175.234
2026-08-26 00:35:00,693.5,693.62,692.13,692.29,271.393
2026-08-26 00:40:00,692.29,693.14,691.56,692.37,534.86
2026-08-26 00:45:00,692.38,693.41,691.93,693.25,346.699
2026-08-26 00:50:00,693.24,694.63,693.24,694.33,386.939
2026-08-26 00:55:00,694.33,694.33,693.6,693.6,139.88
2026-08-26 01:00:00,693.61,695.39,693.36,695.39,308.663
2026-08-26 01:05:00,695.39,696.21,695.32,695.42,283.265
2026-08-26 01:10:00,695.42,695.48,694.69,694.8,237.584
2026-08-26 01:15:00,694.81,695.83,694.78,695.65,156.664
2026-08-26 01:20:00,695.65,695.76,695.27,695.51,202.572
2026-08-26 01:25:00,695.5,695.51,694.5,694.51,203.012
2026-08-26 01:30:00,694.52,696.03,694.12,695.79,1330.263
2026-08-26 01:35:00,695.78,696.53,695.59,695.77,356.428
2026-08-26 01:40:00,695.77,695.87,695.31,695.86,224.218
2026-08-26 01:45:00,695.87,695.87,695.24,695.4,70.109
2026-08-26 01:50:00,695.41,695.41,694.5,694.71,132.64
2026-08-26 01:55:00,694.71,695.03,694.34,694.67,245.919
2026-08-26 02:00:00,694.68,695.17,694.12,694.58,158.528
2026-08-26 02:05:00,694.58,695.06,693.81,693.82,443.817
2026-08-26 02:10:00,693.82,695.2,693.74,694.5,135.025
2026-08-26 02:15:00,694.5,696.3,694.28,696.04,278.723
2026-08-26 02:20:00,696.04,696.85,695.92,696.84,195.608
2026-08-26 02:25:00,696.85,698.0,696.85,697.99,321.832
2026-08-26 02:30:00,697.99,698.0,697.33,697.74,167.301
2026-08-26 02:35:00,697.74,697.93,697.56,697.72,189.966
2026-08-26 02:40:00,697.72,698.21,697.63,698.14,519.27
2026-08-26 02:45:00,698.13,698.13,697.53,697.65,289.951
2026-08-26 02:50:00,697.65,697.73,697.15,697.72,352.26
2026-08-26 02:55:00,697.73,697.87,697.32,697.67,342.956
2026-08-26 03:00:00,697.67,698.08,697.11,697.11,150.756
2026-08-26 03:05:00,697.1,697.51,697.07,697.11,747.025
2026-08-26 03:10:00,697.11,697.36,696.48,696.62,738.304
2026-08-26 03:15:00,696.62,696.91,696.14,696.52,311.486
2026-08-26 03:20:00,696.51,697.26,696.39,696.69,136.505
2026-08-26 03:25:00,696.69,696.78,696.26,696.28,166.375
2026-08-26 03:30:00,696.29,696.29,695.12,695.78,225.215
2026-08-26 03:35:00,695.77,696.8,695.77,696.15,205.775
2026-08-26 03:40:00,696.14,696.16,695.5,696.08,182.692
2026-08-26 03:45:00,696.07,696.22,694.98,695.08,171.023
2026-08-26 03:50:00,695.08,695.68,694.98,695.51,232.29
2026-08-26 03:55:00,695.52,696.29,695.52,696.04,140.459
2026-08-26 04:00:00,696.04,696.07,695.25,695.64,249.401
2026-08-26 04:05:00,695.65,697.13,695.49,697.13,271.636
2026-08-26 04:10:00,697.13,697.37,695.29,695.69,204.949
2026-08-26 04:15:00,695.68,696.72,695.32,696.71,253.353
2026-08-26 04:20:00,696.72,696.86,696.07,696.85,215.177
2026-08-26 04:25:00,696.86,697.0,696.13,696.14,138.658
2026-08-26 04:30:00,696.14,696.37,695.34,695.6,170.293
2026-08-26 04:35:00,695.61,696.41,695.36,695.66,155.735
2026-08-26 04:40:00,695.66,696.19,695.64,695.65,102.933
2026-08-26 04:45:00,695.65,695.65,694.21,694.82,367.359
2026-08-26 04:50:00,694.81,694.98,694.2,694.7,220.315
2026-08-26 04:55:00,694.71,694.71,694.0,694.2,150.243
2026-08-26 05:00:00,694.21,694.5,693.88,693.98,199.303
2026-08-26 05:05:00,693.97,694.03,692.77,693.74,356.983
2026-08-26 05:10:00,693.74,694.66,693.74,694.18,254.314
2026-08-26 05:15:00,694.17,694.54,692.84,692.9,541.625
2026-08-26 05:20:00,692.91,694.83,692.6,694.75,227.167
2026-08-26 05:25:00,694.74,695.96,694.59,695.79,374.714
2026-08-26 05:30:00,695.77,696.71,695.42,696.29,263.919
2026-08-26 05:35:00,696.3,696.34,695.7,696.16,178.504
2026-08-26 05:40:00,696.17,696.43,696.09,696.31,183.772
2026-08-26 05:45:00,696.31,696.31,695.65,696.09,82.781
2026-08-26 05:50:00,696.08,696.09,695.35,695.46,114.08
2026-08-26 05:55:00,695.47,696.28,695.47,696.27,319.938
2026-08-26 06:00:00,696.28,696.5,695.86,696.4,191.577
2026-08-26 06:05:00,696.41,696.98,696.4,696.94,202.926
2026-08-26 06:10:00,696.95,696.95,695.83,696.08,140.402
2026-08-26 06:15:00,696.07,696.43,695.38,695.38,323.526
2026-08-26 06:20:00,695.36,696.05,695.19,695.2,152.08
2026-08-26 06:25:00,695.2,696.21,695.0,695.86,512.321
2026-08-26 06:30:00,695.85,696.17,695.32,695.93,118.015
2026-08-26 06:35:00,695.92,696.21,695.35,696.04,180.43
2026-08-26 06:40:00,696.05,697.6,696.05,697.41,412.867
2026-08-26 06:45:00,697.41,697.6,696.65,696.85,156.239
2026-08-26 06:50:00,696.86,697.38,696.73,697.38,91.987
2026-08-26 06:55:00,697.37,697.76,697.23,697.75,304.742
2026-08-26 07:00:00,697.76,698.78,697.28,698.78,273.045
2026-08-26 07:05:00,698.78,700.0,698.78,699.36,2223.784
2026-08-26 07:10:00,699.36,699.74,699.15,699.62,1522.63
2026-08-26 07:15:00,699.62,699.86,699.36,699.52,889.424
2026-08-26 07:20:00,699.52,699.94,699.41,699.62,1077.532
2026-08-26 07:25:00,699.63,700.19,699.62,699.86,602.479
2026-08-26 07:30:00,699.87,699.87,698.26,698.68,739.326
2026-08-26 07:35:00,698.67,699.16,698.49,698.73,223.876
2026-08-26 07:40:00,698.73,699.42,698.72,698.97,304.214
2026-08-26 07:45:00,698.97,699.24,698.69,699.09,237.702
2026-08-26 07:50:00,699.09,699.8,698.78,698.78,282.85
2026-08-26 07:55:00,698.78,699.13,698.45,698.67,198.722
2026-08-26 08:00:00,698.67,699.0,697.96,698.29,243.782
2026-08-26 08:05:00,698.28,699.0,697.45,698.8,734.303
2026-08-26 08:10:00,698.79,699.21,698.46,698.46,432.582
2026-08-26 08:15:00,698.45,699.18,698.13,698.48,360.699
2026-08-26 08:20:00,698.48,698.65,697.54,697.99,404.99
2026-08-26 08:25:00,697.99,698.78,697.99,698.56,338.405
2026-08-26 08:30:00,698.57,699.28,697.85,698.98,304.178
2026-08-26 08:35:00,698.99,698.99,698.39,698.43,109.189
2026-08-26 08:40:00,698.43,699.15,698.19,699.07,382.632
2026-08-26 08:45:00,699.08,699.08,698.19,698.2,218.096
2026-08-26 08:50:00,698.2,698.45,696.66,696.7,328.444
2026-08-26 08:55:00,696.69,697.0,696.16,697.0,286.685
2026-08-26 09:00:00,697.0,699.0,696.81,698.17,2570.458
2026-08-26 09:05:00,698.17,698.39,697.8,697.81,148.628
2026-08-26 09:10:00,697.82,698.27,697.4,697.63,228.704
2026-08-26 09:15:00,697.63,697.63,695.49,695.66,520.59
2026-08-26 09:20:00,695.66,696.17,695.44,695.49,197.139
2026-08-26 09:25:00,695.48,696.18,695.48,695.72,325.48
2026-08-26 09:30:00,695.72,696.16,695.26,695.89,212.943
2026-08-26 09:35:00,695.89,696.03,695.56,695.68,154.644
2026-08-26 09:40:00,695.68,695.71,694.85,694.85,352.496
2026-08-26 09:45:00,694.86,695.31,694.22,695.21,242.756
2026-08-26 09:50:00,695.2,696.01,695.0,695.14,560.805
2026-08-26 09:55:00,695.14,695.47,695.11,695.11,220.948
2026-08-26 10:00:00,695.11,695.64,694.74,695.24,604.661
2026-08-26 10:05:00,695.25,695.68,695.15,695.24,663.534
2026-08-26 10:10:00,695.23,695.86,694.77,695.54,315.273
2026-08-26 10:15:00,695.54,697.5,695.34,697.49,324.648
2026-08-26 10:20:00,697.49,697.91,696.54,697.9,287.991
2026-08-26 10:25:00,697.9,698.17,697.77,697.89,264.224
2026-08-26 10:30:00,697.88,697.91,697.19,697.66,380.283
2026-08-26 10:35:00,697.67,702.57,697.43,702.08,4209.413
2026-08-26 10:40:00,702.08,702.49,701.33,701.54,925.178
2026-08-26 10:45:00,701.54,703.75,701.36,703.74,1213.777
2026-08-26 10:50:00,703.75,707.0,703.5,706.71,3079.997
2026-08-26 10:55:00,706.71,708.06,706.67,706.8,1799.037
2026-08-26 11:00:00,706.8,707.74,705.79,707.11,1649.757
2026-08-26 11:05:00,707.11,707.11,705.95,706.14,897.635
2026-08-26 11:10:00,706.13,706.15,705.7,706.0,707.478
2026-08-26 11:15:00,705.99,706.27,705.82,705.91,936.544
2026-08-26 11:20:00,705.91,706.04,704.95,705.8,1015.032
2026-08-26 11:25:00,705.81,705.82,705.59,705.73,499.597
2026-08-26 11:30:00,705.74,705.74,705.41,705.5,645.796
2026-08-26 11:35:00,705.5,705.84,702.71,703.09,3132.502
2026-08-26 11:40:00,703.09,703.69,701.83,703.36,1303.823
2026-08-26 11:45:00,703.36,703.5,701.13,701.33,578.417
2026-08-26 11:50:00,701.34,703.08,701.34,702.72,406.105
2026-08-26 11:55:00,702.72,703.14,701.76,702.15,522.239
2026-08-26 12:00:00,702.15,703.16,702.01,702.71,670.184
2026-08-26 12:05:00,702.72,702.72,701.13,701.9,450.978
2026-08-26 12:10:00,701.9,703.07,701.9,702.31,495.064
2026-08-26 12:15:00,702.31,702.33,701.36,701.81,307.416
2026-08-26 12:20:00,701.81,703.86,701.81,703.71,632.257
2026-08-26 12:25:00,703.72,703.96,702.87,703.81,479.308
2026-08-26 12:30:00,703.8,703.81,697.82,701.0,2139.345
2026-08-26 12:35:00,701.0,701.87,699.61,699.98,254.015
2026-08-26 12:40:00,699.98,701.46,699.87,700.61,553.259
2026-08-26 12:45:00,700.61,701.73,700.13,701.35,371.667
2026-08-26 12:50:00,701.34,702.05,700.69,701.07,603.14
2026-08-26 12:55:00,701.08,701.92,701.0,701.57,418.198
2026-08-26 13:00:00,701.57,702.18,700.49,700.53,563.947
2026-08-26 13:05:00,700.52,701.08,699.23,699.68,711.165
2026-08-26 13:10:00,699.69,699.78,698.29,698.55,858.329
2026-08-26 13:15:00,698.55,699.36,698.0,698.36,635.998
2026-08-26 13:20:00,698.4,698.8,697.0,697.27,925.6
2026-08-26 13:25:00,697.27,697.88,697.0,697.55,563.941
2026-08-26 13:30:00,697.56,700.58,697.56,700.12,1012.972
2026-08-26 13:35:00,700.09,701.78,699.6,700.74,911.358
2026-08-26 13:40:00,700.72,701.91,700.48,701.73,770.981
2026-08-26 13:45:00,701.72,702.22,700.69,700.94,1099.397
2026-08-26 13:50:00,700.93,700.94,699.35,700.18,590.498
2026-08-26 13:55:00,700.19,701.36,700.01,701.3,563.375
2026-08-26 14:00:00,701.31,702.31,700.25,701.69,719.788
2026-08-26 14:05:00,701.68,702.52,700.91,701.31,712.408
2026-08-26 14:10:00,701.31,701.64,700.18,700.35,751.528
2026-08-26 14:15:00,700.35,701.41,700.23,700.75,363.506
2026-08-26 14:20:00,700.74,701.66,700.02,700.31,1079.726
2026-08-26 14:25:00,700.31,700.47,698.26,699.01,1133.896
2026-08-26 14:30:00,699.01,699.3,698.18,698.56,453.615
2026-08-26 14:35:00,698.55,699.03,697.52,697.97,683.465
2026-08-26 14:40:00,697.97,698.39,696.68,696.82,1871.239
2026-08-26 14:45:00,696.82,697.2,694.93,695.76,1223.499
2026-08-26 14:50:00,695.76,696.6,694.75,694.76,960.661
2026-08-26 14:55:00,694.76,695.01,693.21,693.84,1510.738
2026-08-26 15:00:00,693.84,694.55,692.1,692.26,1361.994
2026-08-26 15:05:00,692.28,695.59,692.28,694.9,911.951
2026-08-26 15:10:00,694.89,695.0,694.0,694.35,533.676
2026-08-26 15:15:00,694.35,694.46,692.58,693.34,683.267
2026-08-26 15:20:00,693.34,695.17,693.34,694.97,390.979
2026-08-26 15:25:00,694.97,697.12,694.97,697.0,1328.61
2026-08-26 15:30:00,696.99,697.11,695.25,695.36,421.875
2026-08-26 15:35:00,695.36,695.78,694.88,695.65,292.471
2026-08-26 15:40:00,695.64,697.88,695.64,696.77,961.863
2026-08-26 15:45:00,696.76,697.88,696.74,697.76,229.5
2026-08-26 15:50:00,697.76,697.87,697.01,697.08,282.899
2026-08-26 15:55:00,697.08,697.79,696.8,697.0,175.158
2026-08-26 16:00:00,697.01,697.52,696.24,697.47,596.106
2026-08-26 16:05:00,697.47,698.06,697.08,697.65,532.221
2026-08-26 16:10:00,697.65,697.67,696.71,697.02,124.355
2026-08-26 16:15:00,697.02,697.43,696.43,696.81,161.871
2026-08-26 16:20:00,696.8,697.75,696.48,696.48,204.026
2026-08-26 16:25:00,696.48,696.85,695.77,696.58,311.434
2026-08-26 16:30:00,696.58,697.17,696.26,697.15,253.556
2026-08-26 16:35:00,697.16,697.84,695.51,695.56,448.663
2026-08-26 16:40:00,695.55,696.23,694.8,694.81,738.666
2026-08-26 16:45:00,694.82,697.94,694.81,697.12,401.072
2026-08-26 16:50:00,697.12,697.64,696.42,696.51,305.246
2026-08-26 16:55:00,696.51,696.73,695.82,695.92,409.028
2026-08-26 17:00:00,695.93,696.54,695.65,696.21,325.917
2026-08-26 17:05:00,696.2,697.3,695.72,696.92,181.31
2026-08-26 17:10:00,696.91,697.57,696.74,697.55,166.725
2026-08-26 17:15:00,697.55,698.63,697.47,698.59,326.612
2026-08-26 17:20:00,698.6,699.58,698.45,699.42,421.909
2026-08-26 17:25:00,699.42,701.49,699.41,701.21,1348.929
2026-08-26 17:30:00,701.21,701.65,700.76,701.6,507.14
2026-08-26 17:35:00,701.59,702.0,701.08,701.75,449.929
2026-08-26 17:40:00,701.75,701.98,700.8,700.81,380.527
2026-08-26 17:45:00,700.81,700.81,699.15,699.16,505.455
2026-08-26 17:50:00,699.15,699.77,699.0,699.6,127.676
2026-08-26 17:55:00,699.61,699.73,699.05,699.5,212.568
2026-08-26 18:00:00,699.51,699.53,698.6,699.0,596.292
2026-08-26 18:05:00,699.0,699.49,698.81,699.2,151.706
2026-08-26 18:10:00,699.2,699.81,698.35,698.43,465.415
2026-08-26 18:15:00,698.44,699.15,698.1,698.84,295.466
2026-08-26 18:20:00,698.84,699.33,698.51,698.74,74.287
2026-08-26 18:25:00,698.74,698.84,697.91,698.01,181.531
2026-08-26 18:30:00,698.02,698.49,697.69,697.8,171.748
2026-08-26 18:35:00,697.81,698.14,697.69,697.86,253.56
2026-08-26 18:40:00,697.86,697.86,697.22,697.54,307.554
2026-08-26 18:45:00,697.54,698.26,697.47,698.2,117.183
2026-08-26 18:50:00,698.2,698.55,697.79,698.32,363.202
2026-08-26 18:55:00,698.32,698.53,698.15,698.17,122.972
2026-08-26 19:00:00,698.17,698.5,697.96,698.17,115.465
2026-08-26 19:05:00,698.17,699.15,698.05,699.04,1017.045
2026-08-26 19:10:00,699.03,699.86,698.88,698.92,123.874
2026-08-26 19:15:00,698.93,699.4,698.77,699.3,143.343
2026-08-26 19:20:00,699.3,699.37,698.76,699.13,161.885
2026-08-26 19:25:00,699.14,700.74,698.93,700.27,295.041
2026-08-26 19:30:00,700.27,700.45,699.93,700.2,503.842
2026-08-26 19:35:00,700.21,700.39,699.48,699.49,117.874
2026-08-26 19:40:00,699.48,699.52,699.13,699.2,293.448
2026-08-26 19:45:00,699.21,699.64,699.2,699.62,71.396
2026-08-26 19:50:00,699.62,700.33,699.37,699.61,155.049
2026-08-26 19:55:00,699.6,699.99,699.5,699.53,44.597
2026-08-26 20:00:00,699.54,699.92,699.16,699.8,352.584
2026-08-26 20:05:00,699.81,700.38,699.76,700.17,130.46
2026-08-26 20:10:00,700.16,700.16,699.65,699.67,97.761
2026-08-26 20:15:00,699.67,699.9,699.1,699.32,86.836
2026-08-26 20:20:00,699.31,699.31,697.8,698.74,646.258
2026-08-26 20:25:00,698.74,699.56,698.74,699.27,421.18
2026-08-26 20:30:00,699.28,699.38,698.39,698.46,148.75
2026-08-26 20:35:00,698.45,698.45,698.0,698.16,324.908
2026-08-26 20:40:00,698.16,698.79,698.15,698.39,1101.193
2026-08-26 20:45:00,698.4,698.84,698.31,698.84,106.21
2026-08-26 20:50:00,698.84,699.09,698.68,698.93,102.256
2026-08-26 20:55:00,698.92,699.11,698.73,698.98,248.893
2026-08-26 21:00:00,698.98,699.29,698.51,698.91,512.69
2026-08-26 21:05:00,698.91,700.63,698.9,700.49,443.335
2026-08-26 21:10:00,700.5,701.68,700.19,701.68,755.704
2026-08-26 21:15:00,701.68,702.45,701.35,702.06,297.302
2026-08-26 21:20:00,702.07,702.51,702.01,702.5,124.887
2026-08-26 21:25:00,702.5,703.29,701.99,702.97,507.607
2026-08-26 21:30:00,702.96,702.96,701.93,702.31,133.977
2026-08-26 21:35:00,702.31,703.04,702.27,702.97,221.11
2026-08-26 21:40:00,702.98,702.98,702.04,702.2,170.175
2026-08-26 21:45:00,702.19,702.32,701.91,702.13,72.524
2026-08-26 21:50:00,702.12,703.29,702.12,703.17,191.262
2026-08-26 21:55:00,703.16,703.41,702.84,703.19,132.62
2026-08-26 22:00:00,703.19,704.68,702.84,704.67,411.945
2026-08-26 22:05:00,704.68,705.0,704.4,704.4,529.804
2026-08-26 22:10:00,704.4,704.75,704.12,704.59,355.283
2026-08-26 22:15:00,704.58,706.84,704.43,706.27,1041.786
2026-08-26 22:20:00,706.27,707.5,705.9,705.9,555.711
2026-08-26 22:25:00,705.91,706.52,705.25,706.01,401.374
2026-08-26 22:30:00,706.01,706.41,705.14,705.49,237.617
2026-08-26 22:35:00,705.49,705.7,704.0,704.94,414.873
2026-08-26 22:40:00,704.94,705.65,704.92,704.93,552.502
2026-08-26 22:45:00,704.93,705.25,704.66,704.94,382.934
2026-08-26 22:50:00,704.94,704.94,703.96,704.27,415.975
2026-08-26 22:55:00,704.27,704.77,704.13,704.21,457.311
2026-08-26 23:00:00,704.21,705.54,703.95,705.41,626.51
2026-08-26 23:05:00,705.4,705.42,704.24,704.36,131.347
2026-08-26 23:10:00,704.36,704.92,704.34,704.34,402.784
2026-08-26 23:15:00,704.35,705.27,704.33,705.25,459.587
2026-08-26 23:20:00,705.26,705.97,705.09,705.84,291.236
2026-08-26 23:25:00,705.83,706.44,705.53,706.13,743.925
2026-08-26 23:30:00,706.12,706.63,705.58,705.67,253.181
2026-08-26 23:35:00,705.66,707.0,705.62,706.99,265.985
2026-08-26 23:40:00,706.98,707.72,706.79,707.56,510.659
2026-08-26 23:45:00,707.57,708.39,706.94,707.86,1473.509
2026-08-26 23:50:00,707.87,708.18,707.51,707.73,150.899
2026-08-26 23:55:00,707.72,708.06,707.41,707.52,209.156
2026-08-27 00:00:00,707.52,707.6,705.45,705.51,760.187
2026-08-27 00:05:00,705.5,706.55,705.32,706.15,912.035
2026-08-27 00:10:00,706.15,706.15,705.01,705.05,320.418
2026-08-27 00:15:00,705.05,705.44,704.84,705.44,373.221
2026-08-27 00:20:00,705.44,705.55,704.64,704.69,347.01
2026-08-27 00:25:00,704.7,704.84,704.22,704.72,388.899
2026-08-27 00:30:00,704.73,704.73,703.84,704.14,253.688
2026-08-27 00:35:00,704.13,704.19,703.46,704.15,518.505
2026-08-27 00:40:00,704.15,704.41,703.59,704.15,220.452
2026-08-27 00:45:00,704.14,704.16,703.5,703.57,140.024
2026-08-27 00:50:00,703.57,704.2,703.17,703.58,433.112
2026-08-27 00:55:00,703.58,703.6,703.17,703.31,338.877
2026-08-27 01:00:00,703.3,703.85,702.99,703.46,203.613
2026-08-27 01:05:00,703.46,703.46,702.52,702.74,253.148
2026-08-27 01:10:00,702.75,703.04,702.14,702.74,283.177
2026-08-27 01:15:00,702.75,703.09,702.1,702.73,301.347
2026-08-27 01:20:00,702.73,703.88,702.71,703.86,96.964
2026-08-27 01:25:00,703.86,704.99,703.81,704.88,818.4
2026-08-27 01:30:00,704.87,705.31,704.03,704.85,427.028
2026-08-27 01:35:00,704.85,705.13,703.99,704.61,239.53
2026-08-27 01:40:00,704.6,704.6,703.43,703.43,84.879
2026-08-27 01:45:00,703.43,705.04,703.25,704.96,214.749
2026-08-27 01:50:00,704.96,705.48,704.86,704.9,267.678
2026-08-27 01:55:00,704.9,705.33,704.62,704.91,492.478
2026-08-27 02:00:00,704.92,705.36,704.66,705.29,263.175
2026-08-27 02:05:00,705.3,705.4,705.1,705.37,192.683
2026-08-27 02:10:00,705.37,705.53,704.48,704.96,713.648
2026-08-27 02:15:00,704.95,704.96,704.3,704.58,173.364
2026-08-27 02:20:00,704.59,704.68,703.46,703.55,137.394
2026-08-27 02:25:00,703.56,703.65,702.57,702.99,652.445
2026-08-27 02:30:00,702.99,703.49,702.69,703.47,144.875
2026-08-27 02:35:00,703.46,703.62,702.84,702.91,166.296
2026-08-27 02:40:00,702.9,702.91,702.61,702.81,168.579
2026-08-27 02:45:00,702.81,703.33,702.75,703.3,210.886
2026-08-27 02:50:00,703.3,703.47,703.12,703.18,78.909
2026-08-27 02:55:00,703.17,703.24,702.79,702.88,77.71
2026-08-27 03:00:00,702.88,703.2,702.79,703.09,118.6
2026-08-27 03:05:00,703.1,703.47,702.74,703.3,585.484
2026-08-27 03:10:00,703.31,703.36,702.46,702.7,503.77
2026-08-27 03:15:00,702.7,703.31,702.31,702.92,924.902
2026-08-27 03:20:00,702.92,704.04,702.32,703.84,235.553
2026-08-27 03:25:00,703.84,703.84,703.2,703.58,122.796
2026-08-27 03:30:00,703.58,703.65,702.73,702.98,167.916
2026-08-27 03:35:00,702.98,703.48,702.76,703.08,252.279
2026-08-27 03:40:00,703.08,703.23,702.76,702.93,141.783
2026-08-27 03:45:00,702.93,703.36,702.38,702.57,250.36
2026-08-27 03:50:00,702.58,702.83,702.35,702.66,300.178
2026-08-27 03:55:00,702.66,703.34,702.55,703.34,153.738
2026-08-27 04:00:00,703.34,704.17,703.34,703.95,214.89
2026-08-27 04:05:00,703.95,703.95,702.42,703.24,526.734
2026-08-27 04:10:00,703.24,703.24,702.83,703.11,133.11
2026-08-27 04:15:00,703.12,703.82,703.11,703.18,329.236
2026-08-27 04:20:00,703.17,703.17,701.74,702.12,725.497
2026-08-27 04:25:00,702.12,702.13,701.55,701.76,308.471
2026-08-27 04:30:00,701.76,701.77,701.37,701.43,471.656
2026-08-27 04:35:00,701.43,701.9,701.05,701.66,313.472
2026-08-27 04:40:00,701.66,702.09,701.42,702.09,102.666
2026-08-27 04:45:00,702.09,702.2,701.41,701.54,73.783
2026-08-27 04:50:00,701.54,701.6,701.19,701.45,79.421
2026-08-27 04:55:00,701.46,702.21,701.46,702.2,113.319
2026-08-27 05:00:00,702.21,702.63,701.72,701.8,228.926
2026-08-27 05:05:00,701.8,702.7,701.8,702.56,311.754
2026-08-27 05:10:00,702.57,702.64,702.0,702.01,71.746
2026-08-27 05:15:00,702.01,702.13,701.48,702.12,406.566
2026-08-27 05:20:00,702.13,703.21,702.07,703.21,262.244
2026-08-27 05:25:00,703.21,703.49,702.6,702.78,102.014
2026-08-27 05:30:00,702.77,702.91,702.29,702.8,269.219
2026-08-27 05:35:00,702.8,704.28,701.92,703.77,952.105
2026-08-27 05:40:00,703.78,704.48,703.64,704.01,349.438
2026-08-27 05:45:00,704.01,704.97,703.84,704.97,293.924
2026-08-27 05:50:00,704.96,705.46,704.62,704.81,416.767
2026-08-27 05:55:00,704.81,705.42,704.5,705.29,171.953
2026-08-27 06:00:00,705.3,705.3,704.61,704.61,275.906
2026-08-27 06:05:00,704.61,705.12,704.53,704.59,192.268
2026-08-27 06:10:00,704.58,704.59,703.65,704.03,265.593
2026-08-27 06:15:00,704.03,704.04,703.22,703.77,138.601
2026-08-27 06:20:00,703.77,704.22,703.72,703.8,184.638
2026-08-27 06:25:00,703.81,704.01,703.79,703.96,84.088
2026-08-27 06:30:00,703.95,704.65,703.95,704.65,152.088
2026-08-27 06:35:00,704.64,705.0,704.27,704.27,396.55
2026-08-27 06:40:00,704.27,704.36,704.12,704.23,127.964
2026-08-27 06:45:00,704.22,704.91,704.16,704.91,130.834
2026-08-27 06:50:00,704.91,705.49,704.91,705.49,215.654
2026-08-27 06:55:00,705.49,705.84,705.48,705.8,210.896
2026-08-27 07:00:00,705.81,705.81,705.33,705.55,120.701
2026-08-27 07:05:00,705.55,705.68,705.39,705.68,216.797
2026-08-27 07:10:00,705.68,706.27,705.6,705.7,475.073
2026-08-27 07:15:00,705.7,706.04,705.69,705.99,283.697
2026-08-27 07:20:00,705.99,706.09,705.23,705.23,148.348
2026-08-27 07:25:00,705.23,705.71,705.06,705.28,109.952
2026-08-27 07:30:00,705.27,706.75,705.13,706.08,529.081
2026-08-27 07:35:00,706.09,706.24,705.81,705.99,216.536
2026-08-27 07:40:00,705.98,706.19,705.59,705.82,190.786
2026-08-27 07:45:00,705.82,706.06,705.65,705.95,98.728
2026-08-27 07:50:00,705.94,707.5,705.94,707.49,496.202
2026-08-27 07:55:00,707.5,707.81,707.16,707.35,217.336
2026-08-27 08:00:00,707.36,709.82,707.29,709.2,961.572
2026-08-27 08:05:00,709.21,711.13,708.34,711.12,1767.365
2026-08-27 08:10:00,711.12,711.91,709.17,709.52,1436.074
2026-08-27 08:15:00,709.51,709.6,708.32,708.64,691.395
2026-08-27 08:20:00,708.65,710.36,708.22,709.95,1191.411
2026-08-27 08:25:00,709.96,711.91,709.95,711.77,856.674
2026-08-27 08:30:00,711.78,712.95,711.73,712.3,1340.605
2026-08-27 08:35:00,712.31,712.37,710.71,711.13,800.737
2026-08-27 08:40:00,711.13,711.88,710.77,711.18,586.965
2026-08-27 08:45:00,711.17,711.8,710.8,710.85,1027.881
2026-08-27 08:50:00,710.85,711.85,710.33,710.33,1036.848
2026-08-27 08:55:00,710.33,710.45,709.83,710.08,432.871
2026-08-27 09:00:00,710.09,710.09,709.0,709.85,564.024
2026-08-27 09:05:00,709.85,710.72,709.48,710.72,441.679
2026-08-27 09:10:00,710.71,711.66,710.71,711.08,239.276
2026-08-27 09:15:00,711.08,712.37,710.71,712.36,673.217
2026-08-27 09:20:00,712.37,713.42,712.09,713.37,1228.994
2026-08-27 09:25:00,713.36,715.0,713.36,715.0,1611.817
2026-08-27 09:30:00,715.0,715.79,713.52,713.53,2935.844
2026-08-27 09:35:00,713.53,713.66,712.46,713.13,664.809
2026-08-27 09:40:00,713.13,713.5,712.5,713.17,600.803
2026-08-27 09:45:00,713.18,714.61,713.17,713.99,826.848
2026-08-27 09:50:00,713.99,713.99,712.6,713.37,1024.822
2026-08-27 09:55:00,713.38,713.38,712.0,712.6,480.616
2026-08-27 10:00:00,712.61,712.88,711.76,712.79,569.425
2026-08-27 10:05:00,712.8,713.83,712.79,713.83,360.396
2026-08-27 10:10:00,713.83,713.83,711.17,711.69,458.935
2026-08-27 10:15:00,711.7,712.12,710.72,710.79,451.723
2026-08-27 10:20:00,710.78,710.92,708.5,708.69,907.801
2026-08-27 10:25:00,708.69,708.78,704.86,707.71,2145.257
2026-08-27 10:30:00,707.72,707.72,706.2,706.33,873.606
2026-08-27 10:35:00,706.33,706.77,705.17,705.86,423.988
2026-08-27 10:40:00,705.87,707.28,705.86,707.24,247.632
2026-08-27 10:45:00,707.24,707.36,706.3,706.32,356.062
2026-08-27 10:50:00,706.32,706.92,706.17,706.78,404.653
2026-08-27 10:55:00,706.77,707.13,706.62,707.11,387.45
2026-08-27 11:00:00,707.11,708.1,706.67,707.88,913.937
2026-08-27 11:05:00,707.88,708.15,707.58,707.92,296.607
2026-08-27 11:10:00,707.92,708.15,707.61,708.13,237.496
2026-08-27 11:15:00,708.14,708.41,706.91,707.72,301.528
2026-08-27 11:20:00,707.73,708.38,707.45,708.38,421.066
2026-08-27 11:25:00,708.37,708.47,706.5,706.69,476.261
2026-08-27 11:30:00,706.69,707.65,706.24,707.44,284.466
2026-08-27 11:35:00,707.44,707.55,706.5,706.7,402.493
2026-08-27 11:40:00,706.71,708.51,706.7,708.04,890.787
2026-08-27 11:45:00,708.04,708.04,706.2,706.2,762.553
2026-08-27 11:50:00,706.21,707.02,705.46,706.91,471.209
2026-08-27 11:55:00,706.9,706.91,706.61,706.72,159.295
2026-08-27 12:00:00,706.72,707.21,706.5,706.74,367.067
2026-08-27 12:05:00,706.75,707.05,706.34,706.74,272.747
2026-08-27 12:10:00,706.74,707.44,706.74,707.17,222.576
2026-08-27 12:15:00,707.16,707.43,706.89,706.89,552.412
2026-08-27 12:20:00,706.9,707.3,706.52,707.08,499.72
2026-08-27 12:25:00,707.08,707.42,706.66,707.31,244.356
2026-08-27 12:30:00,707.32,707.39,705.76,706.27,294.484
2026-08-27 12:35:00,706.27,706.27,705.28,705.76,357.846
2026-08-27 12:40:00,705.76,705.79,705.07,705.38,450.866
2026-08-27 12:45:00,705.39,705.58,705.39,705.54,256.228
2026-08-27 12:50:00,705.54,706.58,705.51,706.08,526.143
2026-08-27 12:55:00,706.08,706.17,705.46,705.66,206.368
2026-08-27 13:00:00,705.65,706.7,705.65,706.41,484.958
2026-08-27 13:05:00,706.4,707.25,706.31,706.49,752.208
2026-08-27 13:10:00,706.49,707.19,706.48,707.1,469.883
2026-08-27 13:15:00,707.1,707.76,706.72,707.03,765.141
2026-08-27 13:20:00,707.02,708.39,706.99,707.95,1070.949
2026-08-27 13:25:00,707.94,708.5,707.36,707.59,607.714
2026-08-27 13:30:00,707.59,707.59,705.03,705.57,968.725
2026-08-27 13:35:00,705.57,706.57,705.5,706.07,1035.708
2026-08-27 13:40:00,706.08,707.02,705.5,706.1,685.007
2026-08-27 13:45:00,706.11,707.03,704.86,705.61,1248.208
2026-08-27 13:50:00,705.61,707.81,705.6,707.63,512.026
2026-08-27 13:55:00,707.64,708.85,707.64,708.67,864.052
2026-08-27 14:00:00,708.66,710.17,708.28,709.75,1150.498
2026-08-27 14:05:00,709.76,709.99,707.07,707.29,675.414
2026-08-27 14:10:00,707.29,707.6,705.85,706.19,508.503
2026-08-27 14:15:00,706.2,707.7,705.8,707.7,352.648
2026-08-27 14:20:00,707.69,708.8,707.45,708.37,642.489
2026-08-27 14:25:00,708.38,708.55,707.64,708.5,651.288
2026-08-27 14:30:00,708.51,709.84,708.08,709.46,752.123
2026-08-27 14:35:00,709.46,711.28,709.45,710.14,1407.398
2026-08-27 14:40:00,710.14,711.76,710.07,711.76,568.898
2026-08-27 14:45:00,711.75,711.76,709.64,709.87,687.494
2026-08-27 14:50:00,709.86,710.15,709.26,709.5,392.634
2026-08-27 14:55:00,709.49,710.22,709.21,710.01,436.465
2026-08-27 15:00:00,710.01,710.72,709.33,710.18,785.646
2026-08-27 15:05:00,710.18,711.15,709.84,710.92,642.733
2026-08-27 15:10:00,710.91,712.95,710.59,712.52,883.764
2026-08-27 15:15:00,712.51,712.8,710.92,712.26,533.275
2026-08-27 15:20:00,712.25,712.26,710.81,711.71,262.857
2026-08-27 15:25:00,711.71,713.41,711.43,713.34,564.449
2026-08-27 15:30:00,713.35,713.35,711.84,712.26,375.795
2026-08-27 15:35:00,712.26,713.74,711.91,713.01,485.24
2026-08-27 15:40:00,713.0,713.69,712.02,713.11,415.253
2026-08-27 15:45:00,713.11,713.2,711.9,712.13,542.796
2026-08-27 15:50:00,712.13,712.34,711.26,711.9,648.119
2026-08-27 15:55:00,711.9,712.0,711.2,711.35,313.452
2026-08-27 16:00:00,711.35,712.61,711.22,712.47,576.459
2026-08-27 16:05:00,712.47,712.66,710.86,711.36,1347.308
2026-08-27 16:10:00,711.36,713.09,710.95,712.5,728.879
2026-08-27 16:15:00,712.49,713.5,712.38,712.85,425.115
2026-08-27 16:20:00,712.86,713.12,712.47,712.99,575.602
2026-08-27 16:25:00,712.98,713.12,712.14,712.17,423.793
2026-08-27 16:30:00,712.17,712.38,711.67,711.68,355.771
2026-08-27 16:35:00,711.67,712.18,711.14,712.14,452.886
2026-08-27 16:40:00,712.14,713.51,712.13,713.12,1686.447
2026-08-27 16:45:00,713.12,713.18,712.2,712.49,239.807
2026-08-27 16:50:00,712.5,713.0,712.12,712.34,179.549
2026-08-27 16:55:00,712.34,712.35,711.85,711.94,258.136
2026-08-27 17:00:00,711.94,711.98,709.74,711.01,739.962
2026-08-27 17:05:00,711.01,712.27,710.6,712.27,240.578
2026-08-27 17:10:00,712.27,713.25,712.05,713.13,306.802
2026-08-27 17:15:00,713.12,714.18,713.03,713.52,476.876
2026-08-27 17:20:00,713.52,713.66,712.65,713.49,703.464
2026-08-27 17:25:00,713.5,713.5,712.27,712.61,304.543
2026-08-27 17:30:00,712.62,712.81,712.0,712.0,282.098
2026-08-27 17:35:00,712.01,712.6,711.6,711.85,327.69
2026-08-27 17:40:00,711.85,712.2,710.44,710.5,300.317
2026-08-27 17:45:00,710.5,711.24,710.44,710.91,245.64
2026-08-27 17:50:00,710.91,711.37,710.64,711.34,455.385
2026-08-27 17:55:00,711.34,711.59,710.71,710.88,277.248
2026-08-27 18:00:00,710.88,711.02,710.13,710.59,245.589
2026-08-27 18:05:00,710.59,710.66,710.0,710.36,266.217
2026-08-27 18:10:00,710.36,710.47,707.65,708.53,667.62
2026-08-27 18:15:00,708.54,709.36,706.99,707.52,1186.055
2026-08-27 18:20:00,707.53,708.32,706.66,707.91,886.152
2026-08-27 18:25:00,707.9,708.62,707.89,708.13,175.281
2026-08-27 18:30:00,708.14,708.84,708.08,708.34,281.014
2026-08-27 18:35:00,708.33,709.55,708.27,709.45,324.48
2026-08-27 18:40:00,709.45,709.53,708.45,708.99,208.252
2026-08-27 18:45:00,709.0,709.5,708.64,709.08,351.167
2026-08-27 18:50:00,709.07,709.95,708.85,709.89,238.239
2026-08-27 18:55:00,709.89,710.72,709.75,710.66,213.837
2026-08-27 19:00:00,710.67,711.21,710.62,711.01,222.512
2026-08-27 19:05:00,711.02,711.79,710.86,711.33,463.331
2026-08-27 19:10:00,711.33,711.75,711.22,711.56,121.598
2026-08-27 19:15:00,711.57,711.75,711.02,711.36,194.797
2026-08-27 19:20:00,711.37,711.74,711.07,711.18,124.906
2026-08-27 19:25:00,711.18,711.64,710.89,711.63,61.646
2026-08-27 19:30:00,711.64,711.77,711.1,711.36,129.223
2026-08-27 19:35:00,711.35,711.36,710.86,710.99,154.871
2026-08-27 19:40:00,711.0,711.0,710.44,710.99,139.513
2026-08-27 19:45:00,710.99,711.55,710.69,710.7,197.936
2026-08-27 19:50:00,710.69,711.24,710.15,711.24,121.235
2026-08-27 19:55:00,711.23,711.24,709.66,709.91,298.366
2026-08-27 20:00:00,709.92,710.08,709.55,709.69,87.924
2026-08-27 20:05:00,709.68,710.51,709.55,709.91,122.944
2026-08-27 20:10:00,709.91,709.91,709.44,709.52,130.665
2026-08-27 20:15:00,709.52,710.14,709.39,709.75,141.765
2026-08-27 20:20:00,709.75,710.61,709.75,710.12,113.819
2026-08-27 20:25:00,710.12,710.46,710.01,710.02,67.976
2026-08-27 20:30:00,710.03,710.03,709.64,709.79,124.361
2026-08-27 20:35:00,709.78,709.96,709.7,709.9,74.07
2026-08-27 20:40:00,709.91,710.47,709.8,710.32,123.741
2026-08-27 20:45:00,710.33,710.66,709.54,709.67,132.586
2026-08-27 20:50:00,709.66,709.8,708.89,709.2,133.795
2026-08-27 20:55:00,709.21,709.98,708.98,709.98,143.258
2026-08-27 21:00:00,709.98,710.08,709.2,709.79,173.324
2026-08-27 21:05:00,709.78,710.0,709.52,709.69,88.608
2026-08-27 21:10:00,709.7,710.33,709.32,710.13,1507.312
2026-08-27 21:15:00,710.13,710.63,709.64,709.65,621.313
2026-08-27 21:20:00,709.65,710.5,709.46,710.01,177.656
2026-08-27 21:25:00,710.02,710.12,709.68,709.96,89.449
2026-08-27 21:30:00,709.95,710.66,709.95,710.59,76.215
2026-08-27 21:35:00,710.59,710.59,709.44,709.72,190.576
2026-08-27 21:40:00,709.72,709.81,709.46,709.53,127.278
2026-08-27 21:45:00,709.53,709.99,709.34,709.98,74.555
2026-08-27 21:50:00,709.97,710.25,709.71,709.96,84.877
2026-08-27 21:55:00,709.96,710.59,709.95,710.59,80.793
2026-08-27 22:00:00,710.59,711.76,710.59,711.72,146.434
2026-08-27 22:05:00,711.72,712.0,711.37,711.37,132.674
2026-08-27 22:10:00,711.37,711.83,711.32,711.76,108.775
2026-08-27 22:15:00,711.77,712.7,711.77,712.46,305.867
2026-08-27 22:20:00,712.45,712.52,711.67,711.67,152.661
2026-08-27 22:25:00,711.68,711.72,711.32,711.71,194.765
2026-08-27 22:30:00,711.71,712.21,711.37,712.2,159.311
2026-08-27 22:35:00,712.2,712.2,711.51,711.92,213.262
2026-08-27 22:40:00,711.92,711.99,711.66,711.98,125.391
2026-08-27 22:45:00,711.98,712.01,711.62,712.01,166.648
2026-08-27 22:50:00,712.0,712.37,711.94,711.96,402.111
2026-08-27 22:55:00,711.96,712.42,711.96,712.42,192.497
2026-08-27 23:00:00,712.42,712.65,712.11,712.13,162.611
2026-08-27 23:05:00,712.12,712.6,712.12,712.27,79.032
2026-08-27 23:10:00,712.26,712.26,711.79,711.84,305.006
2026-08-27 23:15:00,711.84,712.6,711.66,712.59,178.013
2026-08-27 23:20:00,712.6,712.71,712.41,712.54,81.474
2026-08-27 23:25:00,712.55,712.7,712.44,712.54,167.806
2026-08-27 23:30:00,712.53,712.63,712.0,712.45,191.823
2026-08-27 23:35:00,712.44,712.45,712.04,712.29,111.726
2026-08-27 23:40:00,712.3,712.66,711.78,711.95,123.106
2026-08-27 23:45:00,711.96,711.96,711.67,711.73,49.363
2026-08-27 23:50:00,711.73,712.36,711.72,712.24,235.594
2026-08-27 23:55:00,712.25,712.25,711.81,711.85,198.853
2026-08-28 00:00:00,711.84,712.28,711.34,711.35,224.224
2026-08-28 00:05:00,711.35,711.9,711.0,711.9,1195.142
2026-08-28 00:10:00,711.89,712.3,711.23,711.64,980.973
2026-08-28 00:15:00,711.63,712.94,711.6,712.88,296.047
2026-08-28 00:20:00,712.88,712.88,712.39,712.43,175.118
2026-08-28 00:25:00,712.43,713.12,712.23,713.12,236.152
2026-08-28 00:30:00,713.11,714.29,712.78,713.95,504.646
2026-08-28 00:35:00,713.95,714.79,713.73,714.78,317.192
2026-08-28 00:40:00,714.78,714.78,713.72,713.83,227.261
2026-08-28 00:45:00,713.84,713.87,713.12,713.12,377.884
2026-08-28 00:50:00,713.13,713.27,712.79,713.23,381.52
2026-08-28 00:55:00,713.23,714.12,712.79,712.85,243.03
2026-08-28 01:00:00,712.85,714.0,712.84,713.89,393.175
2026-08-28 01:05:00,713.88,714.76,713.72,714.73,287.985
2026-08-28 01:10:00,714.73,716.77,714.22,715.96,1986.246
2026-08-28 01:15:00,715.97,718.5,715.55,717.95,1923.126
2026-08-28 01:20:00,717.95,718.5,717.25,717.74,579.75
2026-08-28 01:25:00,717.74,718.14,717.3,717.95,564.742
2026-08-28 01:30:00,717.95,718.68,716.78,717.19,702.807
2026-08-28 01:35:00,717.19,719.99,712.47,715.55,7096.277
2026-08-28 01:40:00,715.55,715.91,714.94,715.54,580.486
2026-08-28 01:45:00,715.53,715.76,714.52,714.71,524.008
2026-08-28 01:50:00,714.72,715.35,713.84,714.54,276.847
2026-08-28 01:55:00,714.54,714.8,713.35,713.78,368.769
2026-08-28 02:00:00,713.78,714.15,713.38,714.06,292.059
2026-08-28 02:05:00,714.06,714.13,712.81,713.07,334.891
2026-08-28 02:10:00,713.06,713.32,710.61,711.04,1161.344
2026-08-28 02:15:00,711.04,711.19,709.99,710.52,625.799
2026-08-28 02:20:00,710.52,710.52,708.72,709.51,682.213
2026-08-28 02:25:00,709.5,710.07,707.29,707.84,974.253
2026-08-28 02:30:00,707.83,708.74,706.9,708.74,604.975
2026-08-28 02:35:00,708.73,709.4,708.73,709.06,269.607
2026-08-28 02:40:00,709.06,709.21,708.23,708.52,340.684
2026-08-28 02:45:00,708.52,708.53,706.51,707.16,916.521
2026-08-28 02:50:00,707.16,707.84,706.21,707.84,784.647
2026-08-28 02:55:00,707.84,707.98,707.33,707.8,176.045
2026-08-28 03:00:00,707.81,707.81,706.93,707.45,187.215
2026-08-28 03:05:00,707.45,708.06,707.03,707.03,208.92
2026-08-28 03:10:00,707.03,708.4,706.87,708.01,292.159
2026-08-28 03:15:00,708.01,709.18,708.01,709.18,327.442
2026-08-28 03:20:00,709.18,710.06,709.12,709.91,252.557
2026-08-28 03:25:00,709.91,710.06,709.57,709.78,214.781
2026-08-28 03:30:00,709.78,711.27,709.78,710.28,548.127
2026-08-28 03:35:00,710.27,710.57,709.63,709.76,241.916
2026-08-28 03:40:00,709.76,710.33,709.53,709.6,291.897
2026-08-28 03:45:00,709.59,709.59,708.9,709.26,188.986
2026-08-28 03:50:00,709.26,709.5,708.72,709.39,169.339
2026-08-28 03:55:00,709.4,709.55,709.04,709.42,183.338
2026-08-28 04:00:00,709.42,709.94,708.59,708.59,140.005
2026-08-28 04:05:00,708.6,708.86,707.1,707.31,571.054
2026-08-28 04:10:00,707.32,710.01,707.25,710.01,199.145
2026-08-28 04:15:00,710.01,710.96,710.0,710.39,518.172
2026-08-28 04:20:00,710.38,710.91,710.19,710.56,136.779
2026-08-28 04:25:00,710.56,710.57,710.25,710.3,124.058
2026-08-28 04:30:00,710.29,710.49,709.12,709.16,205.143
2026-08-28 04:35:00,709.17,709.27,708.16,708.35,291.267
2026-08-28 04:40:00,708.34,709.42,708.34,709.04,133.482
2026-08-28 04:45:00,709.04,709.45,708.68,708.87,143.863
2026-08-28 04:50:00,708.87,709.99,708.87,709.33,162.922
2026-08-28 04:55:00,709.33,709.59,709.01,709.33,109.936
2026-08-28 05:00:00,709.33,709.33,708.32,709.12,275.793
2026-08-28 05:05:00,709.1,709.19,708.44,708.76,181.404
2026-08-28 05:10:00,708.75,709.4,708.45,709.4,397.409
2026-08-28 05:15:00,709.4,710.37,709.23,709.23,748.407
2026-08-28 05:20:00,709.23,709.4,708.87,709.4,96.355
2026-08-28 05:25:00,709.4,710.18,709.22,710.18,174.91
2026-08-28 05:30:00,710.18,711.3,710.08,711.16,226.709
2026-08-28 05:35:00,711.17,711.99,711.16,711.9,422.469
2026-08-28 05:40:00,711.89,712.25,711.73,712.21,372.418
2026-08-28 05:45:00,712.21,712.99,711.92,712.99,248.56
2026-08-28 05:50:00,712.99,713.0,712.18,712.6,319.763
2026-08-28 05:55:00,712.61,712.61,711.74,711.99,190.113
2026-08-28 06:00:00,711.99,712.73,711.98,712.55,183.011
2026-08-28 06:05:00,712.55,713.1,712.55,712.76,157.976
2026-08-28 06:10:00,712.76,714.15,712.76,714.02,385.748
2026-08-28 06:15:00,714.02,714.14,712.93,713.29,277.922
2026-08-28 06:20:00,713.28,713.49,713.13,713.3,54.234
2026-08-28 06:25:00,713.3,713.31,712.16,712.31,281.366
2026-08-28 06:30:00,712.3,712.75,712.06,712.7,111.214
2026-08-28 06:35:00,712.7,713.52,712.62,712.93,123.126
2026-08-28 06:40:00,712.94,712.94,712.15,712.61,280.337
2026-08-28 06:45:00,712.61,713.39,712.6,713.38,105.621
2026-08-28 06:50:00,713.39,713.48,712.87,712.87,137.267
2026-08-28 06:55:00,712.87,712.96,712.29,712.66,191.816
2026-08-28 07:00:00,712.67,712.8,711.26,711.26,343.247
2026-08-28 07:05:00,711.25,711.28,709.96,710.21,616.249
2026-08-28 07:10:00,710.22,710.58,709.55,709.99,334.261
2026-08-28 07:15:00,710.0,710.88,710.0,710.78,161.764
2026-08-28 07:20:00,710.77,711.0,710.6,711.0,139.895
2026-08-28 07:25:00,710.99,711.71,710.99,711.4,175.999
2026-08-28 07:30:00,711.41,711.41,709.56,709.63,862.437
2026-08-28 07:35:00,709.63,709.69,708.75,708.78,375.858
2026-08-28 07:40:00,708.79,708.79,707.53,707.61,739.748
2026-08-28 07:45:00,707.6,707.62,706.81,707.0,756.931
2026-08-28 07:50:00,707.01,707.09,706.22,706.35,704.718
2026-08-28 07:55:00,706.35,706.92,706.23,706.92,488.425
2026-08-28 08:00:00,706.93,708.84,706.78,708.17,550.247
2026-08-28 08:05:00,708.17,708.77,707.98,708.77,353.88
2026-08-28 08:10:00,708.78,708.97,708.21,708.34,162.474
2026-08-28 08:15:00,708.34,708.98,708.27,708.98,118.317
2026-08-28 08:20:00,708.97,709.2,708.83,709.11,208.546
2026-08-28 08:25:00,709.1,709.16,708.66,708.66,103.948
2026-08-28 08:30:00,708.65,709.21,708.65,709.2,255.666
2026-08-28 08:35:00,709.21,709.51,708.27,708.28,786.472
2026-08-28 08:40:00,708.27,708.43,707.65,707.66,755.463
2026-08-28 08:45:00,707.65,707.94,705.76,705.81,1291.303
2026-08-28 08:50:00,705.81,706.92,705.67,706.89,1007.842
2026-08-28 08:55:00,706.89,706.89,705.14,705.37,923.025
2026-08-28 09:00:00,705.37,706.26,705.23,705.54,726.839
2026-08-28 09:05:00,705.53,706.56,704.81,705.01,973.835
2026-08-28 09:10:00,705.0,705.77,704.79,704.81,446.366
2026-08-28 09:15:00,704.8,706.24,704.8,706.17,253.961
2026-08-28 09:20:00,706.18,706.18,705.03,705.42,308.089
2026-08-28 09:25:00,705.43,705.61,704.88,705.22,430.428
2026-08-28 09:30:00,705.21,705.62,704.71,705.23,379.049
2026-08-28 09:35:00,705.23,705.38,704.58,705.13,401.139
2026-08-28 09:40:00,705.12,705.31,704.42,704.43,350.815
2026-08-28 09:45:00,704.42,704.93,704.36,704.59,369.093
2026-08-28 09:50:00,704.58,705.33,704.52,705.16,268.079
2026-08-28 09:55:00,705.16,705.16,704.27,704.37,198.249
2026-08-28 10:00:00,704.38,704.76,703.39,703.54,798.239
2026-08-28 10:05:00,703.54,703.78,702.82,703.45,697.296
2026-08-28 10:10:00,703.45,704.77,703.45,704.29,381.878
2026-08-28 10:15:00,704.29,705.0,704.15,704.86,337.979
2026-08-28 10:20:00,704.86,704.87,704.53,704.54,96.255
2026-08-28 10:25:00,704.53,705.28,704.38,705.16,572.027
2026-08-28 10:30:00,705.16,705.94,705.16,705.88,224.386
2026-08-28 10:35:00,705.88,706.3,705.6,706.3,255.708
2026-08-28 10:40:00,706.29,706.41,706.21,706.26,131.353
2026-08-28 10:45:00,706.27,706.49,706.14,706.31,204.967
2026-08-28 10:50:00,706.32,706.54,706.0,706.53,164.679
2026-08-28 10:55:00,706.53,707.0,706.31,706.8,483.114
2026-08-28 11:00:00,706.8,707.94,706.8,707.62,588.307
2026-08-28 11:05:00,707.62,707.63,706.95,707.08,178.199
2026-08-28 11:10:00,707.07,707.3,707.01,707.25,225.646
2026-08-28 11:15:00,707.26,707.54,706.86,707.53,154.249
2026-08-28 11:20:00,707.53,707.54,706.81,707.34,238.486
2026-08-28 11:25:00,707.33,707.34,706.16,706.32,329.282
2026-08-28 11:30:00,706.32,706.75,706.27,706.61,101.215
2026-08-28 11:35:00,706.61,706.68,705.84,705.85,391.354
2026-08-28 11:40:00,705.84,706.49,705.84,706.49,155.964
2026-08-28 11:45:00,706.49,706.68,706.3,706.44,75.513
2026-08-28 11:50:00,706.43,706.44,706.0,706.19,78.799
2026-08-28 11:55:00,706.2,706.2,705.81,706.11,103.462
2026-08-28 12:00:00,706.11,706.38,705.85,706.26,197.13
2026-08-28 12:05:00,706.27,706.64,706.08,706.18,106.749
2026-08-28 12:10:00,706.18,706.18,705.59,705.68,138.32
2026-08-28 12:15:00,705.68,707.03,705.68,706.02,197.947
2026-08-28 12:20:00,706.02,706.56,705.81,705.97,167.004
2026-08-28 12:25:00,705.97,705.97,705.47,705.48,153.013
2026-08-28 12:30:00,705.47,705.56,705.07,705.23,384.207
2026-08-28 12:35:00,705.24,705.25,704.74,704.75,463.974
2026-08-28 12:40:00,704.75,705.08,704.35,705.07,326.625
2026-08-28 12:45:00,705.07,705.11,704.54,704.81,243.903
2026-08-28 12:50:00,704.8,705.12,704.6,705.06,206.05
2026-08-28 12:55:00,705.06,705.24,704.5,705.19,433.704
2026-08-28 13:00:00,705.19,705.64,704.91,705.64,354.88
2026-08-28 13:05:00,705.63,705.87,704.99,705.04,548.84
2026-08-28 13:10:00,705.05,705.4,704.93,705.12,374.279
2026-08-28 13:15:00,705.12,705.12,704.43,704.77,262.926
2026-08-28 13:20:00,704.77,704.8,703.98,704.01,390.946
2026-08-28 13:25:00,704.0,705.0,703.3,704.13,788.553
2026-08-28 13:30:00,704.12,705.0,704.03,704.7,333.925
2026-08-28 13:35:00,704.7,705.12,704.11,704.11,360.833
2026-08-28 13:40:00,704.1,704.37,703.7,703.96,563.468
2026-08-28 13:45:00,703.96,705.09,703.92,704.47,538.382
2026-08-28 13:50:00,704.47,705.75,704.43,705.62,323.471
2026-08-28 13:55:00,705.63,706.0,704.75,704.75,599.448
2026-08-28 14:00:00,704.73,707.49,701.29,701.37,2540.877
2026-08-28 14:05:00,701.38,702.24,699.71,701.06,2337.862
2026-08-28 14:10:00,701.06,701.55,697.01,698.54,2455.711
2026-08-28 14:15:00,698.54,699.53,696.0,699.42,3124.978
2026-08-28 14:20:00,699.42,700.47,698.68,699.42,819.666
2026-08-28 14:25:00,699.42,700.59,698.47,700.46,837.145
2026-08-28 14:30:00,700.47,703.06,699.62,703.02,829.575
2026-08-28 14:35:00,703.02,706.16,702.92,704.41,1613.115
2026-08-28 14:40:00,704.41,705.22,703.52,704.24,585.896
2026-08-28 14:45:00,704.24,704.34,702.1,702.32,822.637
2026-08-28 14:50:00,702.33,704.32,702.33,704.31,544.527
2026-08-28 14:55:00,704.32,705.43,704.31,704.53,627.619
2026-08-28 15:00:00,704.54,705.94,703.77,704.01,532.512
2026-08-28 15:05:00,704.01,704.16,702.92,702.98,343.552
2026-08-28 15:10:00,702.99,703.16,701.93,702.08,490.855
2026-08-28 15:15:00,702.08,704.27,701.96,703.94,346.114
2026-08-28 15:20:00,703.95,704.38,702.86,703.94,506.753
2026-08-28 15:25:00,703.94,704.6,702.27,702.6,465.642
2026-08-28 15:30:00,702.6,702.75,701.6,701.6,541.235
2026-08-28 15:35:00,701.61,702.02,701.12,701.32,485.189
2026-08-28 15:40:00,701.33,701.33,698.84,699.07,665.857
2026-08-28 15:45:00,699.08,699.16,697.63,697.79,1209.901
2026-08-28 15:50:00,697.79,698.88,697.31,697.65,1585.504
2026-08-28 15:55:00,697.64,697.67,695.95,696.11,1241.534
2026-08-28 16:00:00,696.11,696.27,692.8,694.1,3496.148
2026-08-28 16:05:00,694.09,696.43,694.04,695.69,949.721
2026-08-28 16:10:00,695.69,695.69,692.55,692.71,783.289
2026-08-28 16:15:00,692.71,693.15,690.69,691.35,2734.023
2026-08-28 16:20:00,691.34,692.5,687.7,688.19,2746.684
2026-08-28 16:25:00,688.19,691.0,686.31,690.85,3331.999
2026-08-28 16:30:00,690.85,692.86,690.5,691.15,1087.908
2026-08-28 16:35:00,691.16,694.0,691.15,693.45,877.639
2026-08-28 16:40:00,693.45,693.89,692.75,692.75,721.902
2026-08-28 16:45:00,692.75,694.43,692.75,694.29,578.575
2026-08-28 16:50:00,694.3,694.43,693.23,693.51,488.514
2026-08-28 16:55:00,693.5,694.02,693.22,693.27,256.376
2026-08-28 17:00:00,693.26,694.15,692.58,693.63,751.483
2026-08-28 17:05:00,693.64,694.23,693.39,693.82,385.582
2026-08-28 17:10:00,693.82,695.11,693.64,694.94,337.032
2026-08-28 17:15:00,694.95,696.03,694.44,695.91,762.323
2026-08-28 17:20:00,695.91,696.32,695.33,695.38,599.361
2026-08-28 17:25:00,695.39,695.47,694.41,694.47,436.283
2026-08-28 17:30:00,694.47,694.74,693.9,694.14,249.453
2026-08-28 17:35:00,694.15,694.19,693.1,693.24,267.075
2026-08-28 17:40:00,693.22,693.61,693.14,693.33,125.968
2026-08-28 17:45:00,693.33,695.31,693.33,695.08,210.028
2026-08-28 17:50:00,695.07,695.22,694.0,694.0,180.065
2026-08-28 17:55:00,694.0,694.01,693.43,693.57,187.413
2026-08-28 18:00:00,693.57,693.6,693.04,693.04,239.871
2026-08-28 18:05:00,693.04,693.38,692.25,692.25,678.799
2026-08-28 18:10:00,692.26,692.38,691.37,691.38,818.376
2026-08-28 18:15:00,691.37,691.65,689.83,689.9,1727.849
2026-08-28 18:20:00,689.9,689.9,688.97,689.06,879.763
2026-08-28 18:25:00,689.07,689.69,688.84,688.95,5575.523
2026-08-28 18:30:00,688.96,689.4,687.37,688.56,974.701
2026-08-28 18:35:00,688.55,688.62,685.39,686.25,1363.064
2026-08-28 18:40:00,686.25,686.85,686.05,686.52,496.145
2026-08-28 18:45:00,686.53,686.88,685.54,685.55,389.153
2026-08-28 18:50:00,685.56,687.56,685.56,687.56,440.342
2026-08-28 18:55:00,687.55,688.28,687.03,688.07,417.238
2026-08-28 19:00:00,688.08,689.52,688.08,688.85,656.303
2026-08-28 19:05:00,688.86,690.11,688.86,690.0,160.754
2026-08-28 19:10:00,690.0,690.29,689.88,690.17,152.564
2026-08-28 19:15:00,690.17,690.17,689.22,689.4,154.534
2026-08-28 19:20:00,689.4,690.37,689.34,689.47,292.637
2026-08-28 19:25:00,689.47,690.16,689.46,689.65,67.985
2026-08-28 19:30:00,689.65,689.65,689.05,689.48,310.676
2026-08-28 19:35:00,689.48,689.65,689.37,689.47,52.775
2026-08-28 19:40:00,689.47,689.58,689.0,689.0,79.571
2026-08-28 19:45:00,689.0,689.07,688.03,688.31,203.022
2026-08-28 19:50:00,688.3,688.73,688.2,688.4,143.612
2026-08-28 19:55:00,688.39,689.23,688.39,688.83,162.901
2026-08-28 20:00:00,688.83,689.44,688.48,688.57,192.241
2026-08-28 20:05:00,688.58,689.22,688.09,689.13,235.384
2026-08-28 20:10:00,689.14,689.55,688.92,689.55,194.677
2026-08-28 20:15:00,689.55,689.55,688.43,688.43,152.877
2026-08-28 20:20:00,688.43,689.4,688.38,689.3,106.85
2026-08-28 20:25:00,689.31,689.42,689.13,689.33,161.689
2026-08-28 20:30:00,689.33,689.34,688.06,688.11,130.63
2026-08-28 20:35:00,688.11,688.83,688.03,688.82,71.17
2026-08-28 20:40:00,688.83,689.08,688.68,688.89,65.027
2026-08-28 20:45:00,688.88,689.34,688.83,689.05,161.602
2026-08-28 20:50:00,689.04,689.04,688.43,688.68,67.241
2026-08-28 20:55:00,688.68,688.68,688.0,688.27,285.671
2026-08-28 21:00:00,688.28,688.63,687.6,687.7,186.062
2026-08-28 21:05:00,687.7,688.47,687.7,688.06,101.585
2026-08-28 21:10:00,688.06,688.6,687.85,688.44,428.572
2026-08-28 21:15:00,688.45,688.59,688.03,688.15,113.119
2026-08-28 21:20:00,688.15,688.15,686.88,687.83,283.676
2026-08-28 21:25:00,687.83,688.47,687.83,688.42,148.151
2026-08-28 21:30:00,688.42,689.15,688.42,689.06,121.403
2026-08-28 21:35:00,689.05,689.05,688.65,688.78,95.527
2026-08-28 21:40:00,688.78,688.87,687.8,687.92,187.775
2026-08-28 21:45:00,687.92,687.97,686.88,686.95,96.553
2026-08-28 21:50:00,686.95,687.33,686.94,687.2,158.931
2026-08-28 21:55:00,687.2,687.45,686.72,687.3,314.444
2026-08-28 22:00:00,687.3,687.84,686.89,687.11,227.559
2026-08-28 22:05:00,687.11,688.34,687.11,688.17,210.916
2026-08-28 22:10:00,688.16,688.57,688.16,688.57,88.738
2026-08-28 22:15:00,688.58,688.58,688.17,688.43,125.893
2026-08-28 22:20:00,688.43,688.5,688.18,688.43,135.012
2026-08-28 22:25:00,688.44,689.33,688.44,688.98,219.144
2026-08-28 22:30:00,688.97,689.51,688.49,689.5,719.777
2026-08-28 22:35:00,689.5,689.92,689.45,689.92,314.341
2026-08-28 22:40:00,689.92,690.6,689.84,690.55,491.659
2026-08-28 22:45:00,690.55,690.72,690.45,690.54,276.205
2026-08-28 22:50:00,690.53,690.71,690.05,690.48,206.688
2026-08-28 22:55:00,690.48,690.48,689.78,689.8,462.146
2026-08-28 23:00:00,689.8,690.03,689.54,689.67,235.264
2026-08-28 23:05:00,689.66,690.47,689.66,690.25,651.272
2026-08-28 23:10:00,690.24,690.64,690.24,690.63,77.278
2026-08-28 23:15:00,690.63,690.72,690.34,690.54,196.524
2026-08-28 23:20:00,690.54,690.63,690.24,690.43,321.449
2026-08-28 23:25:00,690.44,690.52,690.32,690.32,65.304
2026-08-28 23:30:00,690.32,690.83,690.32,690.61,160.157
2026-08-28 23:35:00,690.61,690.61,690.4,690.41,110.546
2026-08-28 23:40:00,690.41,690.77,690.4,690.77,87.025
2026-08-28 23:45:00,690.76,690.77,690.38,690.49,141.527
2026-08-28 23:50:00,690.5,691.22,690.5,691.22,257.598
2026-08-28 23:55:00,691.22,691.5,691.21,691.47,160.171
2026-08-29 00:00:00,691.47,692.44,691.42,692.16,371.924
2026-08-29 00:05:00,692.17,692.19,691.91,691.99,153.34
2026-08-29 00:10:00,692.0,692.09,691.56,691.78,187.254
2026-08-29 00:15:00,691.78,692.12,691.43,692.02,743.966
2026-08-29 00:20:00,692.02,692.39,691.9,692.13,206.787
2026-08-29 00:25:00,692.12,692.45,692.12,692.24,78.721
2026-08-29 00:30:00,692.25,692.28,691.06,691.13,163.092
2026-08-29 00:35:00,691.14,691.43,691.14,691.25,119.764
2026-08-29 00:40:00,691.26,691.26,691.0,691.14,112.479
2026-08-29 00:45:00,691.14,691.4,691.14,691.31,130.833
2026-08-29 00:50:00,691.31,691.31,690.9,691.12,170.561
2026-08-29 00:55:00,691.11,691.33,690.89,690.89,93.894
2026-08-29 01:00:00,690.9,690.9,690.48,690.48,105.555
2026-08-29 01:05:00,690.48,690.65,690.39,690.65,109.944
2026-08-29 01:10:00,690.66,690.88,690.37,690.39,140.85
2026-08-29 01:15:00,690.39,690.76,690.39,690.75,74.046
2026-08-29 01:20:00,690.76,691.24,690.75,691.24,167.035
2026-08-29 01:25:00,691.23,691.33,691.09,691.33,105.552
2026-08-29 01:30:00,691.33,691.43,691.08,691.22,149.242
2026-08-29 01:35:00,691.22,691.69,691.21,691.5,400.045
2026-08-29 01:40:00,691.49,691.81,691.43,691.62,177.763
2026-08-29 01:45:00,691.62,691.62,690.88,691.32,154.895
2026-08-29 01:50:00,691.33,691.63,691.28,691.37,159.871
2026-08-29 01:55:00,691.38,691.6,690.8,690.92,310.413
2026-08-29 02:00:00,690.93,691.37,690.77,690.85,293.97
2026-08-29 02:05:00,690.84,691.15,690.58,690.79,904.086
2026-08-29 02:10:00,690.79,691.18,690.55,691.18,712.466
2026-08-29 02:15:00,691.18,691.18,690.06,690.06,313.46
2026-08-29 02:20:00,690.06,690.1,689.88,690.08,312.282
2026-08-29 02:25:00,690.09,690.09,689.66,689.93,157.831
2026-08-29 02:30:00,689.93,690.12,689.49,689.54,284.316
2026-08-29 02:35:00,689.53,690.76,689.52,690.75,236.255
2026-08-29 02:40:00,690.75,690.75,690.05,690.06,99.724
2026-08-29 02:45:00,690.06,690.3,690.06,690.26,187.884
2026-08-29 02:50:00,690.26,690.59,690.03,690.5,351.19
2026-08-29 02:55:00,690.5,690.67,690.35,690.35,191.506
2026-08-29 03:00:00,690.36,690.62,690.19,690.19,93.173
2026-08-29 03:05:00,690.2,690.41,690.18,690.36,120.138
2026-08-29 03:10:00,690.36,690.45,690.11,690.11,91.435
2026-08-29 03:15:00,690.12,690.22,689.74,690.22,159.121
2026-08-29 03:20:00,690.23,690.65,690.1,690.43,278.036
2026-08-29 03:25:00,690.45,690.5,690.09,690.3,96.515
2026-08-29 03:30:00,690.31,690.4,689.88,689.89,121.791
2026-08-29 03:35:00,689.89,689.89,688.56,688.8,1094.864
2026-08-29 03:40:00,688.8,689.31,688.75,689.04,150.035
2026-08-29 03:45:00,689.05,689.05,688.72,688.78,121.697
2026-08-29 03:50:00,688.78,688.88,688.56,688.56,374.365
2026-08-29 03:55:00,688.56,688.57,688.5,688.51,56.983
2026-08-29 04:00:00,688.5,688.78,688.39,688.68,131.024
2026-08-29 04:05:00,688.68,688.74,688.0,688.74,433.586
2026-08-29 04:10:00,688.73,689.0,688.46,688.58,282.501
2026-08-29 04:15:00,688.59,688.91,688.58,688.84,273.383
2026-08-29 04:20:00,688.85,689.43,688.82,689.42,170.029
2026-08-29 04:25:00,689.43,690.09,689.18,689.71,856.294
2026-08-29 04:30:00,689.71,690.3,689.67,689.67,832.012
2026-08-29 04:35:00,689.67,690.13,689.56,690.13,351.451
2026-08-29 04:40:00,690.12,690.33,689.84,690.15,347.774
2026-08-29 04:45:00,690.15,690.39,689.9,690.13,332.777
2026-08-29 04:50:00,690.13,690.25,689.87,690.25,142.59
2026-08-29 04:55:00,690.24,690.37,689.98,690.18,199.6
2026-08-29 05:00:00,690.18,691.0,690.17,690.83,303.852
2026-08-29 05:05:00,690.84,691.07,690.64,690.67,130.734
2026-08-29 05:10:00,690.67,690.91,690.64,690.91,89.791
2026-08-29 05:15:00,690.91,691.04,690.61,690.69,385.759
2026-08-29 05:20:00,690.7,690.98,690.68,690.98,100.131
2026-08-29 05:25:00,690.98,691.25,690.87,690.9,221.62
2026-08-29 05:30:00,690.9,690.9,690.86,690.87,114.549
2026-08-29 05:35:00,690.86,691.19,690.71,691.18,88.403
2026-08-29 05:40:00,691.18,691.28,690.74,690.75,114.776
2026-08-29 05:45:00,690.76,691.11,690.76,690.91,116.409
2026-08-29 05:50:00,690.91,690.91,690.42,690.47,74.991
2026-08-29 05:55:00,690.47,690.91,690.47,690.91,156.145
2026-08-29 06:00:00,690.91,690.97,689.03,689.1,718.369
2026-08-29 06:05:00,689.1,689.1,688.56,688.84,179.719
2026-08-29 06:10:00,688.84,688.84,688.2,688.26,217.917
2026-08-29 06:15:00,688.26,688.36,687.84,687.85,353.52
2026-08-29 06:20:00,687.85,687.85,687.09,687.6,234.955
2026-08-29 06:25:00,687.6,687.79,687.27,687.78,253.966
2026-08-29 06:30:00,687.78,688.04,687.69,687.87,125.409
2026-08-29 06:35:00,687.86,687.87,687.6,687.68,119.257
2026-08-29 06:40:00,687.67,687.87,687.63,687.69,69.265
2026-08-29 06:45:00,687.69,687.77,687.53,687.6,240.759
2026-08-29 06:50:00,687.59,687.64,687.42,687.43,116.56
2026-08-29 06:55:00,687.42,687.6,687.14,687.51,355.955
2026-08-29 07:00:00,687.51,688.18,687.39,688.18,254.826
2026-08-29 07:05:00,688.18,688.18,687.45,687.5,137.472
2026-08-29 07:10:00,687.51,687.58,687.18,687.18,173.297
2026-08-29 07:15:00,687.17,687.48,686.97,687.39,222.08
2026-08-29 07:20:00,687.39,687.39,687.17,687.17,227.299
2026-08-29 07:25:00,687.17,687.42,687.16,687.16,193.563
2026-08-29 07:30:00,687.16,687.42,687.1,687.37,183.52
2026-08-29 07:35:00,687.38,687.92,687.32,687.83,134.755
2026-08-29 07:40:00,687.82,687.99,687.5,687.84,202.943
2026-08-29 07:45:00,687.84,688.18,687.68,687.69,169.947
2026-08-29 07:50:00,687.68,687.91,687.59,687.76,150.577
2026-08-29 07:55:00,687.77,688.16,687.77,688.16,99.479
2026-08-29 08:00:00,688.16,688.16,687.32,687.37,159.494
2026-08-29 08:05:00,687.37,687.5,687.16,687.33,343.431
2026-08-29 08:10:00,687.34,688.46,687.34,687.83,521.092
2026-08-29 08:15:00,687.83,688.16,687.66,688.16,109.387
2026-08-29 08:20:00,688.16,688.22,687.82,688.15,108.666
2026-08-29 08:25:00,688.15,688.71,688.14,688.61,212.547
2026-08-29 08:30:00,688.61,688.61,688.0,688.26,190.365
2026-08-29 08:35:00,688.25,688.25,688.02,688.04,67.814
2026-08-29 08:40:00,688.05,688.17,687.91,687.98,194.419
2026-08-29 08:45:00,687.98,688.49,687.64,688.08,191.342
2026-08-29 08:50:00,688.08,688.29,687.9,687.9,127.631
2026-08-29 08:55:00,687.91,688.28,687.86,688.07,204.799
2026-08-29 09:00:00,688.07,688.25,687.91,688.11,250.48
2026-08-29 09:05:00,688.12,688.63,688.05,688.1,296.48
2026-08-29 09:10:00,688.09,688.81,687.98,688.77,775.478
2026-08-29 09:15:00,688.77,688.77,688.08,688.11,533.723
2026-08-29 09:20:00,688.11,688.12,687.91,688.0,151.986
2026-08-29 09:25:00,687.99,688.03,687.7,687.72,162.293
2026-08-29 09:30:00,687.72,687.98,687.47,687.98,287.17
2026-08-29 09:35:00,687.98,688.55,687.91,688.54,119.211
2026-08-29 09:40:00,688.54,688.74,688.49,688.57,127.235
2026-08-29 09:45:00,688.57,688.58,688.39,688.5,81.209
2026-08-29 09:50:00,688.51,688.68,688.46,688.67,123.454
2026-08-29 09:55:00,688.68,688.88,688.1,688.64,568.872
2026-08-29 10:00:00,688.64,688.84,688.51,688.52,81.977
2026-08-29 10:05:00,688.52,688.52,688.0,688.02,148.744
2026-08-29 10:10:00,688.02,688.44,688.01,688.43,232.039
2026-08-29 10:15:00,688.43,689.24,688.43,689.21,293.518
2026-08-29 10:20:00,689.2,689.52,688.82,689.1,322.893
2026-08-29 10:25:00,689.09,689.22,689.01,689.01,134.494
2026-08-29 10:30:00,689.01,689.08,688.82,689.08,188.856
2026-08-29 10:35:00,689.07,689.45,689.05,689.16,266.301
2026-08-29 10:40:00,689.17,689.26,688.98,689.26,149.734
2026-08-29 10:45:00,689.25,689.76,689.25,689.75,237.115
2026-08-29 10:50:00,689.76,689.82,689.35,689.36,197.219
2026-08-29 10:55:00,689.36,689.36,688.83,688.86,102.357
2026-08-29 11:00:00,688.86,689.04,688.58,689.04,201.114
2026-08-29 11:05:00,689.04,689.18,689.02,689.03,147.424
2026-08-29 11:10:00,689.02,689.48,689.02,689.42,178.535
2026-08-29 11:15:00,689.42,689.6,688.96,688.97,185.263
2026-08-29 11:20:00,688.96,689.01,688.74,688.78,168.915
2026-08-29 11:25:00,688.78,689.05,688.77,689.04,192.001
2026-08-29 11:30:00,689.04,689.32,689.0,689.32,167.088
2026-08-29 11:35:00,689.31,689.51,689.01,689.13,205.169
2026-08-29 11:40:00,689.13,689.35,688.74,689.15,399.064
2026-08-29 11:45:00,689.15,689.3,688.91,689.24,343.334
2026-08-29 11:50:00,689.24,689.37,689.23,689.32,146.398
2026-08-29 11:55:00,689.33,689.35,689.07,689.35,259.833
2026-08-29 12:00:00,689.35,689.41,689.05,689.38,214.688
2026-08-29 12:05:00,689.37,689.42,688.91,688.91,158.665
2026-08-29 12:10:00,688.91,689.54,688.76,689.42,336.772
2026-08-29 12:15:00,689.41,689.73,688.99,689.03,702.149
2026-08-29 12:20:00,689.02,689.31,688.21,688.32,681.319
2026-08-29 12:25:00,688.32,689.13,688.15,689.13,188.449
2026-08-29 12:30:00,689.12,689.27,688.61,688.64,85.346
2026-08-29 12:35:00,688.63,688.64,688.04,688.49,300.186
2026-08-29 12:40:00,688.48,688.62,688.46,688.52,243.784
2026-08-29 12:45:00,688.51,688.52,688.31,688.46,78.667
2026-08-29 12:50:00,688.45,688.46,687.39,687.82,1236.334
2026-08-29 12:55:00,687.81,688.52,687.7,688.34,371.472
2026-08-29 13:00:00,688.34,688.35,688.0,688.01,120.217
2026-08-29 13:05:00,688.01,688.27,688.0,688.23,115.789
2026-08-29 13:10:00,688.24,688.44,688.02,688.08,210.0
2026-08-29 13:15:00,688.08,688.71,687.68,687.69,255.276
2026-08-29 13:20:00,687.68,688.39,687.63,688.38,103.914
2026-08-29 13:25:00,688.37,688.38,687.93,688.01,172.476
2026-08-29 13:30:00,688.01,688.09,687.96,688.05,92.298
2026-08-29 13:35:00,688.04,688.29,688.0,688.03,201.937
2026-08-29 13:40:00,688.02,688.15,688.01,688.06,113.48
2026-08-29 13:45:00,688.06,688.5,688.05,688.38,220.886
2026-08-29 13:50:00,688.39,688.52,688.34,688.51,96.438
2026-08-29 13:55:00,688.5,688.68,688.5,688.64,78.758
2026-08-29 14:00:00,688.65,688.65,688.47,688.48,79.799
2026-08-29 14:05:00,688.48,688.78,688.48,688.6,182.124
2026-08-29 14:10:00,688.6,688.74,688.42,688.47,149.4
2026-08-29 14:15:00,688.47,688.59,688.41,688.42,186.96
2026-08-29 14:20:00,688.42,689.17,688.41,689.07,134.034
2026-08-29 14:25:00,689.07,689.35,689.07,689.12,224.831
2026-08-29 14:30:00,689.12,689.31,689.11,689.18,107.121
2026-08-29 14:35:00,689.17,689.47,689.17,689.4,149.171
2026-08-29 14:40:00,689.4,691.14,689.39,690.93,701.682
2026-08-29 14:45:00,690.92,692.53,690.86,691.82,818.514
2026-08-29 14:50:00,691.83,691.95,691.24,691.76,663.037
2026-08-29 14:55:00,691.76,692.1,691.41,691.87,665.318
2026-08-29 15:00:00,691.88,691.97,690.67,691.0,220.899
2026-08-29 15:05:00,691.0,691.2,690.56,691.04,227.55
2026-08-29 15:10:00,691.05,691.28,691.04,691.28,309.902
2026-08-29 15:15:00,691.28,691.38,690.3,690.88,257.059
2026-08-29 15:20:00,690.88,691.21,690.81,691.0,151.737
2026-08-29 15:25:00,691.0,691.0,690.67,690.68,66.603
2026-08-29 15:30:00,690.67,690.67,690.06,690.35,132.284
2026-08-29 15:35:00,690.34,690.5,690.21,690.39,150.308
2026-08-29 15:40:00,690.4,690.63,690.39,690.59,128.142
2026-08-29 15:45:00,690.59,691.56,690.44,691.52,610.367
2026-08-29 15:50:00,691.51,691.51,690.68,690.69,249.517
2026-08-29 15:55:00,690.69,690.86,690.31,690.86,215.078
2026-08-29 16:00:00,690.87,691.05,690.64,690.88,169.535
2026-08-29 16:05:00,690.88,691.0,690.87,690.92,179.076
2026-08-29 16:10:00,690.93,691.61,690.69,691.24,455.879
2026-08-29 16:15:00,691.23,692.5,691.23,691.72,379.397
2026-08-29 16:20:00,691.72,691.72,691.05,691.16,148.946
2026-08-29 16:25:00,691.16,691.5,691.03,691.49,246.905
2026-08-29 16:30:00,691.5,692.41,691.17,692.01,215.408
2026-08-29 16:35:00,692.0,692.01,691.6,691.63,142.996
2026-08-29 16:40:00,691.64,692.05,691.64,691.99,191.791
2026-08-29 16:45:00,692.0,692.03,691.82,691.99,110.911
2026-08-29 16:50:00,691.99,692.26,691.62,691.62,198.04
2026-08-29 16:55:00,691.63,691.63,691.11,691.24,263.905
2026-08-29 17:00:00,691.24,691.59,691.24,691.59,153.805
2026-08-29 17:05:00,691.59,691.64,691.38,691.54,184.863
2026-08-29 17:10:00,691.53,691.96,691.53,691.76,137.986
2026-08-29 17:15:00,691.77,692.21,691.76,692.06,346.888
2026-08-29 17:20:00,692.07,692.07,691.33,691.71,165.358
2026-08-29 17:25:00,691.71,691.71,690.99,691.14,197.37
2026-08-29 17:30:00,691.14,691.46,690.76,690.77,129.632
2026-08-29 17:35:00,690.77,691.06,690.38,690.86,149.408
2026-08-29 17:40:00,690.85,691.09,690.72,690.9,157.673
2026-08-29 17:45:00,690.9,691.21,690.9,691.2,142.166
2026-08-29 17:50:00,691.2,691.26,691.0,691.01,191.981
2026-08-29 17:55:00,691.01,691.11,690.72,690.83,247.309
2026-08-29 18:00:00,690.84,691.58,690.84,690.91,199.381
2026-08-29 18:05:00,690.9,691.46,690.85,691.34,87.294
2026-08-29 18:10:00,691.34,691.38,691.29,691.29,56.839
2026-08-29 18:15:00,691.3,691.3,690.83,691.01,97.396
2026-08-29 18:20:00,691.01,691.49,690.93,691.44,165.751
2026-08-29 18:25:00,691.43,691.52,690.9,691.49,160.618
2026-08-29 18:30:00,691.48,691.48,690.88,691.31,169.934
2026-08-29 18:35:00,691.31,692.5,691.31,692.37,129.089
2026-08-29 18:40:00,692.37,692.68,692.12,692.46,479.229
2026-08-29 18:45:00,692.45,694.0,692.39,693.84,1639.691
2026-08-29 18:50:00,693.83,693.87,693.45,693.78,285.713
2026-08-29 18:55:00,693.77,693.78,693.58,693.58,295.614
2026-08-29 19:00:00,693.59,694.36,693.58,694.33,412.89
2026-08-29 19:05:00,694.33,694.34,693.67,693.77,178.575
2026-08-29 19:10:00,693.78,693.78,693.55,693.78,181.593
2026-08-29 19:15:00,693.78,694.03,693.74,693.89,114.31
2026-08-29 19:20:00,693.88,693.89,693.45,693.6,70.206
2026-08-29 19:25:00,693.59,693.6,693.4,693.41,129.354
2026-08-29 19:30:00,693.42,693.6,693.13,693.18,181.672
2026-08-29 19:35:00,693.17,693.59,693.09,693.14,112.412
2026-08-29 19:40:00,693.15,693.75,693.14,693.16,260.675
2026-08-29 19:45:00,693.16,693.18,693.06,693.12,155.862
2026-08-29 19:50:00,693.11,693.31,693.11,693.24,119.294
2026-08-29 19:55:00,693.23,693.55,692.94,693.46,327.383
2026-08-29 20:00:00,693.46,693.76,693.0,693.62,262.251
2026-08-29 20:05:00,693.62,693.62,693.54,693.61,186.721
2026-08-29 20:10:00,693.61,693.68,693.14,693.35,304.363
2026-08-29 20:15:00,693.36,693.55,693.28,693.52,50.16
2026-08-29 20:20:00,693.52,693.52,692.81,693.08,207.254
2026-08-29 20:25:00,693.07,693.08,692.54,692.6,49.128
2026-08-29 20:30:00,692.61,692.61,692.43,692.48,57.27
2026-08-29 20:35:00,692.49,692.82,692.48,692.73,88.925
2026-08-29 20:40:00,692.73,692.82,692.43,692.58,160.031
2026-08-29 20:45:00,692.58,692.58,692.4,692.54,17.62
2026-08-29 20:50:00,692.53,692.54,692.43,692.44,72.537
2026-08-29 20:55:00,692.43,692.81,692.25,692.8,122.457
2026-08-29 21:00:00,692.81,693.2,692.4,692.53,173.696
2026-08-29 21:05:00,692.53,693.02,692.52,692.64,64.481
2026-08-29 21:10:00,692.65,693.07,692.49,692.59,198.564
2026-08-29 21:15:00,692.59,692.65,692.56,692.59,34.247
2026-08-29 21:20:00,692.59,692.63,692.48,692.55,54.929
2026-08-29 21:25:00,692.54,693.2,692.35,692.69,122.454
2026-08-29 21:30:00,692.69,692.92,692.68,692.84,26.538
2026-08-29 21:35:00,692.85,693.1,692.78,692.9,45.882
2026-08-29 21:40:00,692.88,692.88,692.43,692.52,126.152
2026-08-29 21:45:00,692.53,692.89,692.52,692.85,26.827
2026-08-29 21:50:00,692.84,693.11,692.84,692.99,60.456
2026-08-29 21:55:00,692.98,693.11,692.51,692.53,64.171
2026-08-29 22:00:00,692.54,692.78,692.28,692.4,77.095
2026-08-29 22:05:00,692.39,692.79,692.23,692.76,101.909
2026-08-29 22:10:00,692.77,692.99,692.23,692.36,521.68
2026-08-29 22:15:00,692.36,692.77,692.21,692.21,163.551
2026-08-29 22:20:00,692.22,692.59,692.21,692.34,80.078
2026-08-29 22:25:00,692.34,692.66,692.22,692.66,179.032
2026-08-29 22:30:00,692.66,692.69,692.53,692.67,75.289
2026-08-29 22:35:00,692.67,692.72,692.64,692.71,52.466
2026-08-29 22:40:00,692.71,692.93,692.71,692.92,46.803
2026-08-29 22:45:00,692.93,693.01,692.92,693.0,71.606
2026-08-29 22:50:00,693.01,693.01,692.99,693.0,46.622
2026-08-29 22:55:00,693.0,693.44,692.99,693.16,297.885
2026-08-29 23:00:00,693.17,693.19,692.77,692.89,137.188
2026-08-29 23:05:00,692.88,693.37,692.82,693.23,215.306
2026-08-29 23:10:00,693.24,693.36,692.19,692.8,257.013
2026-08-29 23:15:00,692.81,693.08,692.57,693.0,170.366
2026-08-29 23:20:00,693.01,693.15,692.21,692.24,149.386
2026-08-29 23:25:00,692.24,692.66,692.15,692.65,123.054
2026-08-29 23:30:00,692.65,692.73,692.15,692.16,108.054
2026-08-29 23:35:00,692.16,692.75,692.06,692.75,129.098
2026-08-29 23:40:00,692.75,692.75,692.23,692.24,99.458
2026-08-29 23:45:00,692.24,692.64,692.23,692.62,216.261
2026-08-29 23:50:00,692.62,692.68,692.46,692.54,85.82
2026-08-29 23:55:00,692.54,692.69,692.49,692.58,97.145
2026-08-30 00:00:00,692.58,692.58,692.3,692.4,184.297
2026-08-30 00:05:00,692.41,692.41,692.11,692.11,112.377
2026-08-30 00:10:00,692.1,692.26,692.0,692.26,86.319
2026-08-30 00:15:00,692.26,693.31,692.25,692.9,205.737
2026-08-30 00:20:00,692.9,693.07,692.57,692.87,149.164
2026-08-30 00:25:00,692.86,692.87,692.48,692.48,93.784
2026-08-30 00:30:00,692.49,692.75,692.32,692.62,56.483
2026-08-30 00:35:00,692.61,693.35,692.61,693.0,88.693
2026-08-30 00:40:00,693.01,693.16,692.55,692.79,152.903
2026-08-30 00:45:00,692.79,692.95,692.66,692.95,137.978
2026-08-30 00:50:00,692.94,692.95,692.59,692.6,103.766
2026-08-30 00:55:00,692.6,692.67,692.24,692.25,89.714
2026-08-30 01:00:00,692.25,692.46,692.01,692.46,156.567
2026-08-30 01:05:00,692.45,692.87,691.86,692.4,1443.883
2026-08-30 01:10:00,692.41,692.41,691.73,691.78,277.87
2026-08-30 01:15:00,691.79,691.89,690.97,691.21,900.923
2026-08-30 01:20:00,691.22,691.41,690.79,690.81,580.579
2026-08-30 01:25:00,690.8,690.91,690.63,690.64,119.751
2026-08-30 01:30:00,690.64,691.02,690.6,690.96,119.357
2026-08-30 01:35:00,690.96,691.42,690.95,691.42,105.942
2026-08-30 01:40:00,691.42,691.61,691.38,691.38,110.984
2026-08-30 01:45:00,691.38,691.73,691.37,691.65,171.821
2026-08-30 01:50:00,691.65,691.73,691.29,691.35,122.383
2026-08-30 01:55:00,691.35,691.83,691.35,691.73,197.317
2026-08-30 02:00:00,691.74,691.97,691.44,691.85,146.869
2026-08-30 02:05:00,691.86,691.99,691.5,691.79,134.843
2026-08-30 02:10:00,691.79,692.03,691.74,692.02,51.825
2026-08-30 02:15:00,692.02,693.19,691.91,692.7,1127.197
2026-08-30 02:20:00,692.7,695.39,692.69,693.57,2103.062
2026-08-30 02:25:00,693.56,693.8,693.27,693.54,306.657
2026-08-30 02:30:00,693.54,693.78,693.08,693.32,362.451
2026-08-30 02:35:00,693.33,693.37,693.15,693.22,218.024
2026-08-30 02:40:00,693.22,693.8,693.21,693.58,614.419
2026-08-30 02:45:00,693.59,693.76,693.49,693.75,192.539
2026-08-30 02:50:00,693.74,694.51,693.59,694.49,622.551
2026-08-30 02:55:00,694.5,694.59,693.73,693.74,265.741
2026-08-30 03:00:00,693.74,694.27,693.65,694.1,146.353
2026-08-30 03:05:00,694.1,694.84,694.1,694.84,213.647
2026-08-30 03:10:00,694.84,695.46,694.29,695.37,499.135
2026-08-30 03:15:00,695.36,695.56,695.12,695.26,210.625
2026-08-30 03:20:00,695.25,695.26,694.44,694.86,256.566
2026-08-30 03:25:00,694.86,694.88,694.7,694.88,176.168
2026-08-30 03:30:00,694.87,695.53,694.6,695.52,201.843
2026-08-30 03:35:00,695.52,695.53,694.81,695.18,180.204
2026-08-30 03:40:00,695.18,695.28,694.89,695.14,185.373
2026-08-30 03:45:00,695.15,695.15,694.74,694.83,80.252
2026-08-30 03:50:00,694.83,694.92,694.78,694.92,67.231
2026-08-30 03:55:00,694.92,694.92,694.53,694.57,130.293
2026-08-30 04:00:00,694.58,695.29,694.29,695.27,162.511
2026-08-30 04:05:00,695.27,695.27,694.6,694.61,87.44
2026-08-30 04:10:00,694.6,694.61,694.39,694.56,141.266
2026-08-30 04:15:00,694.56,694.73,694.32,694.63,113.587
2026-08-30 04:20:00,694.63,694.64,693.46,693.51,350.553
2026-08-30 04:25:00,693.51,693.8,693.51,693.67,80.485
2026-08-30 04:30:00,693.66,693.67,693.34,693.36,87.962
2026-08-30 04:35:00,693.36,693.57,693.12,693.12,114.468
2026-08-30 04:40:00,693.13,693.25,692.95,692.95,140.166
2026-08-30 04:45:00,692.96,692.96,692.42,692.44,171.425
2026-08-30 04:50:00,692.45,692.96,692.44,692.96,139.875
2026-08-30 04:55:00,692.95,693.7,692.95,693.7,111.51
2026-08-30 05:00:00,693.7,694.51,693.7,694.5,180.136
2026-08-30 05:05:00,694.5,694.65,694.21,694.3,227.86
2026-08-30 05:10:00,694.31,694.31,693.93,694.14,126.077
2026-08-30 05:15:00,694.14,694.3,693.83,693.84,139.856
2026-08-30 05:20:00,693.84,694.11,693.83,694.1,107.182
2026-08-30 05:25:00,694.11,694.48,694.1,694.41,75.063
2026-08-30 05:30:00,694.41,694.5,694.2,694.2,79.939
2026-08-30 05:35:00,694.19,694.38,694.19,694.25,122.847
2026-08-30 05:40:00,694.25,694.32,694.11,694.12,60.193
2026-08-30 05:45:00,694.11,694.21,694.09,694.21,87.099
2026-08-30 05:50:00,694.21,694.26,694.16,694.25,70.383
2026-08-30 05:55:00,694.25,694.5,694.18,694.5,95.701
2026-08-30 06:00:00,694.5,694.5,693.92,694.04,350.025
2026-08-30 06:05:00,694.03,694.04,693.79,693.81,236.543
2026-08-30 06:10:00,693.81,693.81,693.48,693.61,182.936
2026-08-30 06:15:00,693.61,693.96,693.61,693.93,97.48
2026-08-30 06:20:00,693.93,694.46,693.75,694.46,225.188
2026-08-30 06:25:00,694.46,694.46,694.32,694.36,84.223
2026-08-30 06:30:00,694.36,694.45,694.26,694.26,154.408
2026-08-30 06:35:00,694.27,694.4,694.05,694.25,143.681
2026-08-30 06:40:00,694.24,694.5,693.81,693.87,245.936
2026-08-30 06:45:00,693.87,694.49,693.85,694.46,111.429
2026-08-30 06:50:00,694.45,694.45,693.87,694.0,186.772
2026-08-30 06:55:00,694.0,694.59,693.79,694.59,426.489
2026-08-30 07:00:00,694.59,695.19,693.57,693.95,530.709
2026-08-30 07:05:00,693.95,693.97,693.85,693.97,100.93
2026-08-30 07:10:00,693.97,694.03,693.84,693.84,115.176
2026-08-30 07:15:00,693.85,693.85,693.66,693.79,120.126
2026-08-30 07:20:00,693.8,694.07,693.8,694.0,178.887
2026-08-30 07:25:00,694.0,694.0,693.74,693.75,111.572
2026-08-30 07:30:00,693.74,693.74,693.51,693.57,83.784
2026-08-30 07:35:00,693.58,693.59,693.4,693.51,93.772
2026-08-30 07:40:00,693.51,693.75,693.0,693.5,529.731
2026-08-30 07:45:00,693.5,693.51,693.06,693.25,129.853
2026-08-30 07:50:00,693.26,693.64,693.25,693.63,138.019
2026-08-30 07:55:00,693.64,693.76,693.2,693.2,180.752
2026-08-30 08:00:00,693.21,693.52,693.17,693.4,171.552
2026-08-30 08:05:00,693.41,693.68,693.21,693.53,176.956
2026-08-30 08:10:00,693.54,693.54,693.01,693.01,323.406
2026-08-30 08:15:00,693.02,693.29,692.84,693.28,187.615
2026-08-30 08:20:00,693.28,693.37,693.14,693.15,126.137
2026-08-30 08:25:00,693.15,693.37,693.08,693.15,80.302
2026-08-30 08:30:00,693.15,693.2,693.0,693.19,90.583
2026-08-30 08:35:00,693.19,693.19,692.46,692.47,374.127
2026-08-30 08:40:00,692.47,692.58,692.33,692.58,265.054
2026-08-30 08:45:00,692.57,692.58,692.34,692.51,120.894
2026-08-30 08:50:00,692.52,693.85,692.42,693.18,1127.131
2026-08-30 08:55:00,693.17,694.81,693.17,694.12,1071.429
2026-08-30 09:00:00,694.12,696.25,693.99,694.61,1432.051
2026-08-30 09:05:00,694.61,694.91,694.36,694.37,319.589
2026-08-30 09:10:00,694.36,694.49,694.24,694.44,156.095
2026-08-30 09:15:00,694.44,694.44,693.89,693.89,185.213
2026-08-30 09:20:00,693.89,694.05,693.2,693.25,123.56
2026-08-30 09:25:00,693.26,693.4,692.65,692.65,262.619
2026-08-30 09:30:00,692.66,693.85,692.13,692.25,893.049
2026-08-30 09:35:00,692.26,692.34,691.68,691.69,258.655
2026-08-30 09:40:00,691.69,692.21,691.43,692.14,260.818
2026-08-30 09:45:00,692.15,692.18,691.49,691.49,323.673
2026-08-30 09:50:00,691.48,691.56,691.46,691.53,110.296
2026-08-30 09:55:00,691.53,691.85,691.52,691.84,70.051
2026-08-30 10:00:00,691.84,691.98,691.64,691.64,117.418
2026-08-30 10:05:00,691.64,692.17,691.64,692.16,210.451
2026-08-30 10:10:00,692.16,692.33,691.59,691.59,145.66
2026-08-30 10:15:00,691.6,691.81,691.53,691.75,160.893
2026-08-30 10:20:00,691.76,691.99,691.56,691.71,223.824
2026-08-30 10:25:00,691.71,692.22,691.54,692.09,426.153
2026-08-30 10:30:00,692.1,692.12,691.85,691.85,100.031
2026-08-30 10:35:00,691.85,692.05,691.85,692.04,82.958
2026-08-30 10:40:00,692.05,692.38,692.03,692.18,212.306
2026-08-30 10:45:00,692.18,692.29,692.18,692.27,102.369
2026-08-30 10:50:00,692.28,692.31,692.27,692.31,62.849
2026-08-30 10:55:00,692.3,692.35,692.3,692.35,103.106
2026-08-30 11:00:00,692.35,692.63,692.29,692.63,222.889
2026-08-30 11:05:00,692.62,694.0,692.62,693.91,474.956
2026-08-30 11:10:00,693.91,693.94,693.52,693.77,259.41
2026-08-30 11:15:00,693.77,693.78,693.56,693.78,92.325
2026-08-30 11:20:00,693.77,693.98,693.77,693.98,102.946
2026-08-30 11:25:00,693.97,693.98,693.61,693.73,502.092
2026-08-30 11:30:00,693.73,693.88,693.54,693.81,120.339
2026-08-30 11:35:00,693.81,693.88,693.37,693.4,182.771
2026-08-30 11:40:00,693.4,693.92,693.35,693.36,616.494
2026-08-30 11:45:00,693.36,693.61,693.13,693.19,686.326
2026-08-30 11:50:00,693.18,693.18,692.57,692.58,758.972
2026-08-30 11:55:00,692.59,692.82,692.55,692.8,477.887
2026-08-30 12:00:00,692.8,693.75,692.79,693.7,263.212
2026-08-30 12:05:00,693.7,695.0,693.62,694.99,1510.223
2026-08-30 12:10:00,695.0,695.67,695.0,695.65,381.75
2026-08-30 12:15:00,695.66,695.66,694.75,694.75,436.285
2026-08-30 12:20:00,694.74,695.13,694.5,694.91,447.204
2026-08-30 12:25:00,694.91,695.11,694.52,695.05,195.02
2026-08-30 12:30:00,695.05,695.89,694.81,694.82,460.87
2026-08-30 12:35:00,694.82,695.19,694.68,695.12,287.298
2026-08-30 12:40:00,695.12,695.61,694.94,695.01,385.556
2026-08-30 12:45:00,695.01,695.29,694.76,695.06,396.432
2026-08-30 12:50:00,695.05,695.54,694.94,695.35,126.943
2026-08-30 12:55:00,695.36,696.48,695.25,696.41,365.298
2026-08-30 13:00:00,696.41,696.5,695.6,696.28,316.881
2026-08-30 13:05:00,696.27,696.27,695.49,695.5,189.937
2026-08-30 13:10:00,695.5,695.57,695.19,695.43,382.006
2026-08-30 13:15:00,695.44,696.15,695.28,696.15,402.02
2026-08-30 13:20:00,696.15,696.94,696.06,696.94,439.29
2026-08-30 13:25:00,696.94,697.69,696.93,697.46,399.17
2026-08-30 13:30:00,697.47,697.47,696.53,696.67,377.104
2026-08-30 13:35:00,696.66,697.27,696.66,696.95,218.344
2026-08-30 13:40:00,696.96,698.15,696.75,698.08,461.669
2026-08-30 13:45:00,698.08,698.87,698.07,698.87,1636.849
2026-08-30 13:50:00,698.86,700.0,698.86,700.0,1544.13
2026-08-30 13:55:00,700.0,700.0,699.35,699.36,636.154
2026-08-30 14:00:00,699.35,699.6,698.83,698.98,410.82
2026-08-30 14:05:00,698.98,699.04,698.36,698.99,300.208
2026-08-30 14:10:00,699.0,699.55,698.8,699.41,313.311
2026-08-30 14:15:00,699.41,699.41,698.5,698.5,380.551
2026-08-30 14:20:00,698.51,698.69,698.34,698.68,228.984
2026-08-30 14:25:00,698.67,698.81,698.53,698.74,165.295
2026-08-30 14:30:00,698.75,699.0,698.5,698.51,201.261
2026-08-30 14:35:00,698.5,698.51,697.41,697.67,190.987
2026-08-30 14:40:00,697.67,698.12,697.67,697.89,264.468
2026-08-30 14:45:00,697.89,698.16,697.68,697.95,197.18
2026-08-30 14:50:00,697.95,698.64,697.81,698.64,226.901
2026-08-30 14:55:00,698.63,698.93,698.5,698.65,177.455
2026-08-30 15:00:00,698.66,698.78,697.89,697.92,371.465
2026-08-30 15:05:00,697.92,699.0,697.9,698.4,445.165
2026-08-30 15:10:00,698.41,698.58,696.83,696.94,420.054
2026-08-30 15:15:00,696.93,697.77,696.65,697.59,295.998
2026-08-30 15:20:00,697.58,698.77,697.58,698.77,728.071
2026-08-30 15:25:00,698.76,698.91,698.41,698.47,308.074
2026-08-30 15:30:00,698.46,699.0,698.46,698.87,199.44
2026-08-30 15:35:00,698.87,699.0,698.34,698.47,280.771
2026-08-30 15:40:00,698.46,699.56,698.38,699.02,526.935
2026-08-30 15:45:00,699.03,699.63,698.94,699.14,496.488
2026-08-30 15:50:00,699.15,699.8,699.14,699.63,221.136
2026-08-30 15:55:00,699.63,699.66,699.24,699.41,171.329
2026-08-30 16:00:00,699.42,700.0,699.25,699.96,571.102
2026-08-30 16:05:00,699.96,700.5,699.1,699.1,1054.965
2026-08-30 16:10:00,699.11,702.2,698.92,701.65,1072.581
2026-08-30 16:15:00,701.66,702.58,701.24,702.22,1229.02
2026-08-30 16:20:00,702.22,703.14,701.88,702.93,1020.031
2026-08-30 16:25:00,702.92,703.05,702.21,702.27,386.522
2026-08-30 16:30:00,702.26,702.95,702.02,702.78,276.296
2026-08-30 16:35:00,702.78,703.5,702.5,702.64,530.284
2026-08-30 16:40:00,702.64,704.04,702.63,703.51,489.356
2026-08-30 16:45:00,703.51,703.78,702.8,702.8,827.654
2026-08-30 16:50:00,702.82,703.17,702.42,702.95,461.054
2026-08-30 16:55:00,702.95,703.73,702.88,703.73,446.51
2026-08-30 17:00:00,703.73,703.73,702.59,703.06,398.619
2026-08-30 17:05:00,703.07,703.07,702.0,702.5,581.273
2026-08-30 17:10:00,702.5,702.63,702.06,702.06,198.238
2026-08-30 17:15:00,702.05,702.06,700.24,700.69,443.821
2026-08-30 17:20:00,700.7,700.76,698.52,699.24,528.682
2026-08-30 17:25:00,699.24,699.35,698.19,699.24,477.204
2026-08-30 17:30:00,699.24,699.93,698.97,699.9,207.181
2026-08-30 17:35:00,699.91,700.38,699.72,700.37,203.853
2026-08-30 17:40:00,700.37,700.77,700.08,700.55,224.907
2026-08-30 17:45:00,700.55,700.71,700.12,700.31,169.553
2026-08-30 17:50:00,700.31,700.64,699.96,700.55,214.809
2026-08-30 17:55:00,700.54,700.93,700.16,700.93,328.423
2026-08-30 18:00:00,700.93,701.37,700.8,701.37,186.217
2026-08-30 18:05:00,701.36,701.36,700.17,700.18,156.212
2026-08-30 18:10:00,700.19,700.19,699.68,700.18,169.642
2026-08-30 18:15:00,700.19,700.69,700.18,700.69,71.191
2026-08-30 18:20:00,700.69,700.9,700.52,700.61,113.088
2026-08-30 18:25:00,700.61,701.92,700.58,701.83,217.225
2026-08-30 18:30:00,701.83,702.36,701.83,702.34,123.263
2026-08-30 18:35:00,702.34,702.57,702.33,702.38,83.864
2026-08-30 18:40:00,702.37,702.38,702.03,702.13,97.221
2026-08-30 18:45:00,702.13,702.13,701.64,701.99,81.174
2026-08-30 18:50:00,701.98,701.99,701.31,701.44,94.75
2026-08-30 18:55:00,701.45,701.88,701.44,701.78,94.968
2026-08-30 19:00:00,701.78,701.78,701.15,701.26,84.454
2026-08-30 19:05:00,701.26,701.31,700.73,701.07,177.342
2026-08-30 19:10:00,701.07,701.47,701.03,701.47,45.748
2026-08-30 19:15:00,701.47,701.65,701.0,701.31,155.447
2026-08-30 19:20:00,701.31,701.31,700.27,700.27,91.643
2026-08-30 19:25:00,700.28,700.28,700.1,700.11,37.65
2026-08-30 19:30:00,700.1,700.45,699.99,700.14,149.897
2026-08-30 19:35:00,700.15,700.15,699.0,699.0,126.683
2026-08-30 19:40:00,699.0,699.43,698.95,698.95,211.778
2026-08-30 19:45:00,698.95,699.06,698.29,698.61,144.258
2026-08-30 19:50:00,698.61,699.16,698.55,699.11,258.568
2026-08-30 19:55:00,699.11,699.6,699.11,699.58,72.406
2026-08-30 20:00:00,699.59,700.21,699.59,699.78,311.545
2026-08-30 20:05:00,699.77,700.19,699.74,699.99,172.536
2026-08-30 20:10:00,699.99,700.35,699.72,699.82,159.543
2026-08-30 20:15:00,699.81,700.01,699.52,699.91,80.521
2026-08-30 20:20:00,699.91,700.01,699.79,699.97,87.344
2026-08-30 20:25:00,699.97,700.15,699.34,699.35,206.31
2026-08-30 20:30:00,699.34,699.41,698.16,699.05,237.589
2026-08-30 20:35:00,699.04,699.88,698.68,698.68,187.915
2026-08-30 20:40:00,698.69,699.09,696.54,696.87,714.353
2026-08-30 20:45:00,696.87,698.17,696.86,698.07,284.134
2026-08-30 20:50:00,698.08,698.82,698.08,698.33,133.598
2026-08-30 20:55:00,698.32,698.33,697.59,697.61,168.337
2026-08-30 21:00:00,697.61,697.61,693.49,695.72,1486.366
2026-08-30 21:05:00,695.72,696.0,695.51,695.92,227.773
2026-08-30 21:10:00,695.92,696.25,694.71,695.95,503.998
2026-08-30 21:15:00,695.94,696.74,695.39,695.83,850.878
2026-08-30 21:20:00,695.83,696.22,695.17,696.1,538.982
2026-08-30 21:25:00,696.1,696.79,696.09,696.76,52.243
2026-08-30 21:30:00,696.75,697.5,696.69,697.5,178.366
2026-08-30 21:35:00,697.5,697.5,696.79,696.9,155.454
2026-08-30 21:40:00,696.9,697.01,696.3,696.68,141.949
2026-08-30 21:45:00,696.68,696.75,696.05,696.07,101.518
2026-08-30 21:50:00,696.07,696.53,696.06,696.33,42.892
2026-08-30 21:55:00,696.34,696.94,696.33,696.9,81.034
2026-08-30 22:00:00,696.9,697.91,695.59,697.57,384.379
2026-08-30 22:05:00,697.57,697.75,696.74,696.79,200.661
2026-08-30 22:10:00,696.79,696.79,695.46,695.58,172.596
2026-08-30 22:15:00,695.57,695.58,694.51,695.45,247.129
2026-08-30 22:20:00,695.44,695.45,694.19,694.51,148.355
2026-08-30 22:25:00,694.5,694.5,693.66,694.31,223.162
2026-08-30 22:30:00,694.31,694.32,692.53,693.51,394.886
2026-08-30 22:35:00,693.5,694.32,693.37,694.32,164.189
2026-08-30 22:40:00,694.31,694.86,694.16,694.16,99.697
2026-08-30 22:45:00,694.15,694.22,693.38,693.57,172.161
2026-08-30 22:50:00,693.57,693.6,693.02,693.56,100.26
2026-08-30 22:55:00,693.57,694.15,693.29,693.78,86.153
2026-08-30 23:00:00,693.78,693.78,692.75,692.9,133.112
2026-08-30 23:05:00,692.91,693.53,692.89,693.31,136.169
2026-08-30 23:10:00,693.3,693.78,693.0,693.08,105.509
2026-08-30 23:15:00,693.08,693.29,691.22,692.74,1598.854
2026-08-30 23:20:00,692.73,693.04,688.38,689.49,1492.697
2026-08-30 23:25:00,689.48,689.81,686.2,686.67,1596.505
2026-08-30 23:30:00,686.66,688.5,686.0,686.82,974.719
2026-08-30 23:35:00,686.8,686.82,684.26,684.55,1576.732
2026-08-30 23:40:00,684.55,685.35,683.46,683.57,1068.624
2026-08-30 23:45:00,683.58,683.78,679.09,681.63,3904.263
2026-08-30 23:50:00,681.62,684.51,681.51,684.16,1275.122
2026-08-30 23:55:00,684.16,685.52,684.04,684.74,596.401
2026-08-31 00:00:00,684.73,685.69,683.69,685.69,903.137
2026-08-31 00:05:00,685.68,685.69,682.4,682.49,944.459
2026-08-31 00:10:00,682.48,685.06,682.48,684.93,419.069
2026-08-31 00:15:00,684.93,686.46,684.05,686.04,563.027
2026-08-31 00:20:00,686.03,687.52,686.0,687.31,644.539
2026-08-31 00:25:00,687.3,687.38,686.69,686.85,257.375
2026-08-31 00:30:00,686.85,687.05,686.57,687.01,198.017
2026-08-31 00:35:00,687.01,688.5,686.95,687.38,730.121
2026-08-31 00:40:00,687.39,687.81,687.02,687.17,353.365
2026-08-31 00:45:00,687.16,687.16,686.51,686.55,160.3
2026-08-31 00:50:00,686.56,687.37,686.32,687.22,642.055
2026-08-31 00:55:00,687.21,687.3,686.2,686.28,171.121
2026-08-31 01:00:00,686.28,686.68,685.0,685.18,527.098
2026-08-31 01:05:00,685.18,685.33,683.96,684.16,545.202
2026-08-31 01:10:00,684.16,684.75,683.76,684.57,290.464
2026-08-31 01:15:00,684.57,685.53,683.92,685.52,462.917
2026-08-31 01:20:00,685.53,685.94,684.76,685.73,240.439
2026-08-31 01:25:00,685.73,685.89,685.25,685.46,172.977
2026-08-31 01:30:00,685.46,685.69,684.24,684.58,303.611
2026-08-31 01:35:00,684.58,686.46,684.26,685.55,494.865
2026-08-31 01:40:00,685.55,685.75,684.31,684.43,247.283
2026-08-31 01:45:00,684.42,685.11,684.06,684.33,427.913
2026-08-31 01:50:00,684.33,684.49,683.47,683.47,397.731
2026-08-31 01:55:00,683.48,683.71,682.6,683.0,382.221
2026-08-31 02:00:00,683.01,683.11,682.33,683.02,546.969
2026-08-31 02:05:00,683.01,684.0,682.89,683.73,324.955
2026-08-31 02:10:00,683.74,685.8,683.74,685.5,342.258
2026-08-31 02:15:00,685.5,685.5,684.68,684.84,447.051
2026-08-31 02:20:00,684.84,685.04,684.56,684.59,201.597
2026-08-31 02:25:00,684.59,685.19,684.56,685.15,212.456
2026-08-31 02:30:00,685.15,685.38,684.36,684.4,459.815
2026-08-31 02:35:00,684.39,684.63,683.81,684.31,201.336
2026-08-31 02:40:00,684.32,684.54,683.92,683.96,165.162
2026-08-31 02:45:00,683.97,684.29,683.43,683.62,228.65
2026-08-31 02:50:00,683.62,683.85,682.48,682.54,326.313
2026-08-31 02:55:00,682.54,683.34,682.29,683.29,256.355
2026-08-31 03:00:00,683.3,684.8,682.86,684.43,371.952
2026-08-31 03:05:00,684.42,684.67,683.7,684.67,304.2
2026-08-31 03:10:00,684.67,684.9,683.36,684.37,1310.349
2026-08-31 03:15:00,684.36,684.69,683.81,683.81,168.892
2026-08-31 03:20:00,683.82,685.0,683.65,685.0,493.903
2026-08-31 03:25:00,685.0,685.15,684.75,684.97,129.847
2026-08-31 03:30:00,684.96,684.99,684.55,684.91,897.727
2026-08-31 03:35:00,684.91,685.71,684.9,685.64,357.385
2026-08-31 03:40:00,685.65,686.63,685.44,686.63,395.702
2026-08-31 03:45:00,686.63,686.88,686.13,686.31,254.131
2026-08-31 03:50:00,686.31,686.31,685.86,685.93,180.681
2026-08-31 03:55:00,685.93,685.99,685.31,685.39,528.553
2026-08-31 04:00:00,685.4,685.49,684.1,684.12,317.729
2026-08-31 04:05:00,684.12,685.1,684.01,684.25,351.609
2026-08-31 04:10:00,684.25,684.35,683.92,684.01,133.116
2026-08-31 04:15:00,684.01,684.01,683.27,683.47,416.735
2026-08-31 04:20:00,683.47,683.71,682.8,683.48,488.041
2026-08-31 04:25:00,683.49,683.69,682.82,683.14,1123.16
2026-08-31 04:30:00,683.13,683.61,683.13,683.37,239.403
2026-08-31 04:35:00,683.37,683.81,683.0,683.49,284.263
2026-08-31 04:40:00,683.49,683.82,683.15,683.4,527.533
2026-08-31 04:45:00,683.41,683.66,683.01,683.01,142.846
2026-08-31 04:50:00,683.0,683.82,682.84,683.82,281.514
2026-08-31 04:55:00,683.82,684.02,683.28,683.42,444.818
2026-08-31 05:00:00,683.43,683.91,683.05,683.91,367.523
2026-08-31 05:05:00,683.91,684.39,683.9,684.2,259.241
2026-08-31 05:10:00,684.2,684.81,684.0,684.54,125.436
2026-08-31 05:15:00,684.53,686.58,684.39,686.53,532.16
2026-08-31 05:20:00,686.53,686.73,685.65,686.67,644.871
2026-08-31 05:25:00,686.67,687.27,686.0,686.55,670.176
2026-08-31 05:30:00,686.56,687.08,686.47,686.93,339.921
2026-08-31 05:35:00,686.92,687.03,685.85,685.93,169.839
2026-08-31 05:40:00,685.93,686.77,685.83,686.65,387.902
2026-08-31 05:45:00,686.66,687.0,686.6,686.74,588.46
2026-08-31 05:50:00,686.73,687.12,686.67,686.76,208.536
2026-08-31 05:55:00,686.76,687.18,686.33,686.64,251.666
2026-08-31 06:00:00,686.65,687.1,686.17,686.87,189.404
2026-08-31 06:05:00,686.87,686.87,686.0,686.54,294.42
2026-08-31 06:10:00,686.55,686.98,686.41,686.77,138.556
2026-08-31 06:15:00,686.77,687.92,686.76,687.42,483.623
2026-08-31 06:20:00,687.43,687.43,686.38,686.52,172.263
2026-08-31 06:25:00,686.52,687.26,686.51,686.81,138.646
2026-08-31 06:30:00,686.8,686.81,686.0,686.17,281.273
2026-08-31 06:35:00,686.17,686.88,685.89,686.67,283.61
2026-08-31 06:40:00,686.67,686.98,686.39,686.39,231.856
2026-08-31 06:45:00,686.38,687.09,686.33,686.81,181.161
2026-08-31 06:50:00,686.8,686.91,686.27,686.83,174.951
2026-08-31 06:55:00,686.84,686.95,686.39,686.64,328.897
2026-08-31 07:00:00,686.65,687.41,686.29,686.9,964.509
2026-08-31 07:05:00,686.89,686.97,686.62,686.69,223.628
2026-08-31 07:10:00,686.7,687.26,686.69,687.02,235.357
2026-08-31 07:15:00,687.02,687.84,687.02,687.48,308.698
2026-08-31 07:20:00,687.48,687.93,687.43,687.92,257.838
2026-08-31 07:25:00,687.93,688.17,687.42,687.46,312.832
2026-08-31 07:30:00,687.45,687.46,686.84,687.24,330.0
2026-08-31 07:35:00,687.24,687.78,687.23,687.77,296.907
2026-08-31 07:40:00,687.78,687.78,687.17,687.58,270.123
2026-08-31 07:45:00,687.59,688.18,687.35,687.36,723.149
2026-08-31 07:50:00,687.36,687.74,687.36,687.52,647.268
2026-08-31 07:55:00,687.52,687.53,685.99,686.81,1258.081
2026-08-31 08:00:00,686.82,686.85,685.74,685.74,403.917
2026-08-31 08:05:00,685.74,685.97,685.01,685.91,744.704
2026-08-31 08:10:00,685.92,687.3,685.79,686.22,671.1
2026-08-31 08:15:00,686.21,686.41,685.25,685.25,832.531
2026-08-31 08:20:00,685.26,685.4,684.93,685.02,332.437
2026-08-31 08:25:00,685.01,685.88,685.0,685.66,347.599
2026-08-31 08:30:00,685.66,686.31,685.62,685.96,305.17
2026-08-31 08:35:00,685.97,686.41,685.97,686.41,195.193
2026-08-31 08:40:00,686.42,688.25,686.28,687.28,441.228
2026-08-31 08:45:00,687.28,687.53,686.54,687.18,344.809
2026-08-31 08:50:00,687.17,687.69,686.9,687.51,247.011
2026-08-31 08:55:00,687.5,687.88,687.26,687.69,211.007
2026-08-31 09:00:00,687.69,688.0,687.67,687.71,600.56
2026-08-31 09:05:00,687.71,689.74,687.64,689.25,1004.814
2026-08-31 09:10:00,689.25,689.25,687.84,688.14,325.161
2026-08-31 09:15:00,688.13,688.66,687.8,688.48,565.674
2026-08-31 09:20:00,688.47,689.07,688.1,688.69,265.862
2026-08-31 09:25:00,688.68,688.85,688.0,688.18,311.299
2026-08-31 09:30:00,688.19,688.19,687.68,687.88,356.367
2026-08-31 09:35:00,687.87,687.9,687.35,687.9,564.763
2026-08-31 09:40:00,687.9,687.94,687.46,687.92,473.727
2026-08-31 09:45:00,687.91,688.47,687.7,687.79,976.76
2026-08-31 09:50:00,687.78,687.78,686.58,686.59,433.916
2026-08-31 09:55:00,686.59,686.67,686.29,686.43,249.827
2026-08-31 10:00:00,686.43,686.56,685.69,686.04,430.705
2026-08-31 10:05:00,686.04,686.11,685.49,686.03,474.438
2026-08-31 10:10:00,686.02,686.67,685.72,686.65,224.909
2026-08-31 10:15:00,686.65,686.68,685.81,685.99,216.948
2026-08-31 10:20:00,685.99,686.27,685.98,685.99,276.485
2026-08-31 10:25:00,685.99,686.33,685.87,685.98,312.901
2026-08-31 10:30:00,685.98,686.21,685.86,686.2,175.742
2026-08-31 10:35:00,686.21,687.09,686.2,686.93,275.276
2026-08-31 10:40:00,686.93,687.51,686.87,687.46,241.672
2026-08-31 10:45:00,687.45,687.83,687.44,687.77,247.022
2026-08-31 10:50:00,687.77,689.62,687.77,689.62,876.835
2026-08-31 10:55:00,689.62,689.71,689.0,689.19,560.967
2026-08-31 11:00:00,689.2,689.2,688.27,688.36,611.32
2026-08-31 11:05:00,688.36,688.9,688.02,688.37,276.971
2026-08-31 11:10:00,688.38,689.03,688.33,688.47,378.56
2026-08-31 11:15:00,688.47,688.81,688.06,688.57,246.881
2026-08-31 11:20:00,688.57,688.62,688.0,688.08,380.662
2026-08-31 11:25:00,688.07,688.08,687.55,687.72,287.533
2026-08-31 11:30:00,687.71,687.72,687.23,687.24,126.29
2026-08-31 11:35:00,687.24,687.38,686.85,687.26,136.401
2026-08-31 11:40:00,687.26,687.38,687.1,687.23,195.568
2026-08-31 11:45:00,687.22,687.47,687.06,687.15,143.226
2026-08-31 11:50:00,687.14,687.49,687.0,687.2,276.032
2026-08-31 11:55:00,687.21,687.38,687.12,687.21,144.288
2026-08-31 12:00:00,687.22,688.75,687.0,688.75,335.161
2026-08-31 12:05:00,688.74,689.26,688.35,688.7,520.773
2026-08-31 12:10:00,688.71,688.83,688.22,688.45,197.926
2026-08-31 12:15:00,688.44,689.27,687.7,689.16,325.953
2026-08-31 12:20:00,689.17,689.17,687.86,687.9,567.825
2026-08-31 12:25:00,687.89,687.9,686.69,687.42,245.745
2026-08-31 12:30:00,687.42,687.42,686.38,687.16,353.947
2026-08-31 12:35:00,687.17,687.46,685.84,686.02,309.426
2026-08-31 12:40:00,686.03,686.24,684.44,686.03,544.059
2026-08-31 12:45:00,686.04,686.41,685.59,685.59,330.496
2026-08-31 12:50:00,685.58,686.31,685.58,685.64,227.713
2026-08-31 12:55:00,685.64,686.39,685.34,686.3,237.209
2026-08-31 13:00:00,686.31,687.52,686.14,686.23,249.222
2026-08-31 13:05:00,686.22,686.61,686.1,686.33,243.672
2026-08-31 13:10:00,686.32,687.05,686.21,686.93,153.39
2026-08-31 13:15:00,686.93,687.09,686.0,686.19,143.316
2026-08-31 13:20:00,686.2,686.88,686.1,686.81,232.859
2026-08-31 13:25:00,686.8,686.85,686.0,686.7,202.945
2026-08-31 13:30:00,686.7,687.69,685.69,686.33,338.517
2026-08-31 13:35:00,686.32,686.92,685.31,686.7,321.81
2026-08-31 13:40:00,686.69,687.74,686.39,686.49,479.442
2026-08-31 13:45:00,686.49,687.22,685.71,686.38,652.797
2026-08-31 13:50:00,686.39,686.6,685.39,685.7,597.189
2026-08-31 13:55:00,685.7,686.47,685.23,685.54,325.117
2026-08-31 14:00:00,685.55,686.68,685.3,686.27,225.599
2026-08-31 14:05:00,686.28,686.64,685.24,686.26,170.191
2026-08-31 14:10:00,686.26,686.4,685.31,685.57,179.052
2026-08-31 14:15:00,685.57,686.55,685.01,686.53,384.8
2026-08-31 14:20:00,686.49,686.94,685.36,685.36,309.66
2026-08-31 14:25:00,685.36,686.58,685.0,686.58,314.193
2026-08-31 14:30:00,686.59,687.4,686.38,686.47,209.598
2026-08-31 14:35:00,686.47,688.6,686.46,688.36,351.872
2026-08-31 14:40:00,688.36,691.51,688.36,690.55,1224.468
2026-08-31 14:45:00,690.56,691.47,689.95,689.96,364.431
2026-08-31 14:50:00,689.95,690.49,689.86,690.31,784.026
2026-08-31 14:55:00,690.31,691.31,689.94,690.84,354.785
2026-08-31 15:00:00,690.85,691.32,690.04,690.21,451.126
2026-08-31 15:05:00,690.21,690.54,689.6,689.81,442.451
2026-08-31 15:10:00,689.81,689.81,688.53,688.7,323.658
2026-08-31 15:15:00,688.7,689.45,688.0,688.39,360.553
2026-08-31 15:20:00,688.4,689.0,688.05,688.92,214.76
2026-08-31 15:25:00,688.92,689.81,688.59,689.31,188.13
2026-08-31 15:30:00,689.31,690.16,688.98,689.68,212.333
2026-08-31 15:35:00,689.67,689.81,688.92,689.3,241.228
2026-08-31 15:40:00,689.31,691.5,689.19,690.89,676.924
2026-08-31 15:45:00,690.88,691.12,690.27,690.53,271.9
2026-08-31 15:50:00,690.53,690.66,689.85,690.1,248.601
2026-08-31 15:55:00,690.09,690.09,689.43,689.67,166.341
2026-08-31 16:00:00,689.67,690.29,689.21,689.47,312.967
2026-08-31 16:05:00,689.48,689.99,689.05,689.41,157.766
2026-08-31 16:10:00,689.4,690.44,689.23,689.7,271.717
2026-08-31 16:15:00,689.7,689.72,688.6,689.42,557.803
2026-08-31 16:20:00,689.42,689.42,688.12,688.28,258.165
2026-08-31 16:25:00,688.28,688.69,688.05,688.62,284.754
2026-08-31 16:30:00,688.63,689.14,688.58,688.94,144.582
2026-08-31 16:35:00,688.93,689.54,688.87,688.96,140.819
2026-08-31 16:40:00,688.96,690.0,688.85,689.79,167.318
2026-08-31 16:45:00,689.79,690.0,689.12,689.42,154.845
2026-08-31 16:50:00,689.43,690.0,689.24,689.84,137.963
2026-08-31 16:55:00,689.84,690.76,689.19,689.19,342.839
2026-08-31 17:00:00,689.2,689.68,689.09,689.29,311.799
2026-08-31 17:05:00,689.29,689.63,689.1,689.36,159.217
2026-08-31 17:10:00,689.37,690.2,689.27,689.78,187.616
2026-08-31 17:15:00,689.79,689.87,688.75,689.39,180.331
2026-08-31 17:20:00,689.4,689.99,689.34,689.41,122.385
2026-08-31 17:25:00,689.41,689.41,688.8,689.32,268.665
2026-08-31 17:30:00,689.31,689.85,689.1,689.5,303.201
2026-08-31 17:35:00,689.5,690.52,689.32,690.52,252.82
2026-08-31 17:40:00,690.52,691.81,690.52,691.26,369.994
2026-08-31 17:45:00,691.27,692.24,691.27,691.64,425.827
2026-08-31 17:50:00,691.64,693.15,691.44,693.02,914.621
2026-08-31 17:55:00,693.02,693.21,692.74,692.87,306.856
2026-08-31 18:00:00,692.88,692.88,692.11,692.19,220.941
2026-08-31 18:05:00,692.18,692.56,692.0,692.52,127.227
2026-08-31 18:10:00,692.52,693.26,692.31,693.18,113.835
2026-08-31 18:15:00,693.19,694.0,693.19,693.87,366.819
2026-08-31 18:20:00,693.87,693.88,692.32,692.37,307.828
2026-08-31 18:25:00,692.36,692.8,692.01,692.47,249.595
2026-08-31 18:30:00,692.48,692.74,692.21,692.63,84.785
2026-08-31 18:35:00,692.63,693.51,692.59,693.02,163.073
2026-08-31 18:40:00,693.01,694.54,692.8,694.34,462.322
2026-08-31 18:45:00,694.34,694.34,692.89,693.54,453.378
2026-08-31 18:50:00,693.55,693.55,693.01,693.07,97.527
2026-08-31 18:55:00,693.07,693.27,692.85,692.86,235.439
2026-08-31 19:00:00,692.86,693.5,692.85,693.25,234.607
2026-08-31 19:05:00,693.25,694.31,693.13,694.08,515.208
2026-08-31 19:10:00,694.09,694.73,693.78,693.98,317.598
2026-08-31 19:15:00,693.98,693.98,693.08,693.09,227.346
2026-08-31 19:20:00,693.08,693.29,692.83,693.24,143.563
2026-08-31 19:25:00,693.23,693.34,692.01,692.49,640.272
2026-08-31 19:30:00,692.49,692.62,692.14,692.46,354.441
2026-08-31 19:35:00,692.46,692.46,692.14,692.15,158.856
2026-08-31 19:40:00,692.15,692.15,691.58,692.05,221.901
2026-08-31 19:45:00,692.04,692.46,691.88,692.46,203.09
2026-08-31 19:50:00,692.46,692.62,691.58,691.69,135.62
2026-08-31 19:55:00,691.68,692.0,691.44,691.65,195.09
2026-08-31 20:00:00,691.65,692.18,691.52,691.66,185.342
2026-08-31 20:05:00,691.66,691.71,691.35,691.48,192.985
2026-08-31 20:10:00,691.48,691.68,691.27,691.68,48.831
2026-08-31 20:15:00,691.68,692.66,691.67,692.62,102.568
2026-08-31 20:20:00,692.62,693.11,692.15,692.28,53.897
2026-08-31 20:25:00,692.27,692.27,691.51,691.51,75.768
2026-08-31 20:30:00,691.51,691.91,690.42,690.56,273.135
2026-08-31 20:35:00,690.56,690.78,690.09,690.5,399.657
2026-08-31 20:40:00,690.5,691.38,690.5,691.14,116.786
2026-08-31 20:45:00,691.16,691.34,690.68,690.82,61.71
2026-08-31 20:50:00,690.82,691.33,690.81,691.26,103.701
2026-08-31 20:55:00,691.27,691.34,690.94,691.33,219.404
2026-08-31 21:00:00,691.33,691.4,690.65,691.02,154.708
2026-08-31 21:05:00,691.02,691.24,690.37,691.11,118.286
2026-08-31 21:10:00,691.11,691.11,690.66,690.82,430.334
2026-08-31 21:15:00,690.82,690.87,690.51,690.58,66.883
2026-08-31 21:20:00,690.58,690.96,690.57,690.95,231.9
2026-08-31 21:25:00,690.96,691.56,690.78,691.52,73.077
2026-08-31 21:30:00,691.51,692.15,691.49,691.88,153.771
2026-08-31 21:35:00,691.88,692.16,691.63,691.84,83.108
2026-08-31 21:40:00,691.84,692.61,691.84,692.55,185.739
2026-08-31 21:45:00,692.54,692.85,692.54,692.84,68.557
2026-08-31 21:50:00,692.84,692.94,692.7,692.7,56.887
2026-08-31 21:55:00,692.71,692.85,692.64,692.65,37.905
2026-08-31 22:00:00,692.65,693.06,692.27,692.29,125.075
2026-08-31 22:05:00,692.3,692.6,692.13,692.59,72.181
2026-08-31 22:10:00,692.58,692.58,691.71,691.77,145.24
2026-08-31 22:15:00,691.77,691.8,691.38,691.38,84.723
2026-08-31 22:20:00,691.39,691.39,691.11,691.19,33.545
2026-08-31 22:25:00,691.19,691.27,691.17,691.19,32.981
2026-08-31 22:30:00,691.18,691.37,691.05,691.28,104.404
2026-08-31 22:35:00,691.28,691.28,690.91,691.05,96.626
2026-08-31 22:40:00,691.05,691.06,690.77,690.94,44.203
2026-08-31 22:45:00,690.95,690.95,690.75,690.75,58.654
2026-08-31 22:50:00,690.75,691.06,690.66,691.01,100.094
2026-08-31 22:55:00,691.02,691.1,690.94,691.05,36.209
2026-08-31 23:00:00,691.05,691.05,690.01,690.1,122.453
2026-08-31 23:05:00,690.11,690.87,690.11,690.87,104.727
2026-08-31 23:10:00,690.87,690.9,690.66,690.66,54.253
2026-08-31 23:15:00,690.65,690.93,690.59,690.93,317.645
2026-08-31 23:20:00,690.93,691.0,690.62,690.83,67.296
2026-08-31 23:25:00,690.84,690.97,690.78,690.94,90.893
2026-08-31 23:30:00,690.95,690.96,690.72,690.86,80.249
2026-08-31 23:35:00,690.87,691.37,690.86,691.21,214.928
2026-08-31 23:40:00,691.21,691.34,690.92,690.96,114.217
2026-08-31 23:45:00,690.95,691.03,690.82,691.03,95.126
2026-08-31 23:50:00,691.03,691.29,691.03,691.1,135.726
2026-08-31 23:55:00,691.1,691.44,691.09,691.44,76.427
2026-09-01 00:00:00,691.44,691.58,691.22,691.57,126.524
2026-09-01 00:05:00,691.56,692.41,691.56,692.41,275.247
2026-09-01 00:10:00,692.42,692.87,692.41,692.87,125.337
2026-09-01 00:15:00,692.87,693.38,692.78,693.38,153.785
2026-09-01 00:20:00,693.37,693.86,693.32,693.42,351.927
2026-09-01 00:25:00,693.42,693.43,692.79,692.87,113.938
2026-09-01 00:30:00,692.86,693.09,692.23,692.74,241.311
2026-09-01 00:35:00,692.75,693.6,692.62,693.07,588.883
2026-09-01 00:40:00,693.07,693.27,692.8,693.17,300.975
2026-09-01 00:45:00,693.18,694.08,693.18,694.01,405.522
2026-09-01 00:50:00,693.99,694.2,693.24,693.25,492.399
2026-09-01 00:55:00,693.24,693.33,692.81,693.28,205.292
2026-09-01 01:00:00,693.29,694.0,693.27,693.62,146.193
2026-09-01 01:05:00,693.63,694.1,693.29,693.52,319.369
2026-09-01 01:10:00,693.53,693.53,692.31,692.39,130.501
2026-09-01 01:15:00,692.39,692.83,692.15,692.69,216.846
2026-09-01 01:20:00,692.69,692.73,692.37,692.71,105.487
2026-09-01 01:25:00,692.71,692.71,691.29,691.52,301.745
2026-09-01 01:30:00,691.52,691.52,690.67,691.4,504.931
2026-09-01 01:35:00,691.4,692.19,691.39,692.16,120.428
2026-09-01 01:40:00,692.16,692.84,692.15,692.75,115.815
2026-09-01 01:45:00,692.75,692.75,692.03,692.27,71.396
2026-09-01 01:50:00,692.26,692.35,691.56,691.57,155.103
2026-09-01 01:55:00,691.56,691.62,691.31,691.6,55.247
2026-09-01 02:00:00,691.61,691.61,690.61,690.92,151.874
2026-09-01 02:05:00,690.93,691.11,690.44,690.72,132.3
2026-09-01 02:10:00,690.72,691.07,690.16,690.9,282.396
2026-09-01 02:15:00,690.9,690.9,690.43,690.87,88.491
2026-09-01 02:20:00,690.87,690.96,690.63,690.9,153.855
2026-09-01 02:25:00,690.9,691.13,690.33,690.39,402.658
2026-09-01 02:30:00,690.39,691.19,690.39,690.96,203.966
2026-09-01 02:35:00,690.97,691.15,690.87,690.88,93.905
2026-09-01 02:40:00,690.88,691.66,690.87,691.21,181.686
2026-09-01 02:45:00,691.22,691.92,691.17,691.68,163.5
2026-09-01 02:50:00,691.68,691.77,691.49,691.71,64.534
2026-09-01 02:55:00,691.71,692.48,691.7,692.4,128.775
2026-09-01 03:00:00,692.4,692.92,692.24,692.91,346.848
2026-09-01 03:05:00,692.91,693.0,692.53,692.56,169.529
2026-09-01 03:10:00,692.56,693.0,692.52,692.54,254.516
2026-09-01 03:15:00,692.54,692.92,692.52,692.78,232.815
2026-09-01 03:20:00,692.78,692.79,692.42,692.43,116.954
2026-09-01 03:25:00,692.43,692.58,692.19,692.58,135.313
2026-09-01 03:30:00,692.58,693.93,692.57,693.92,1304.153
2026-09-01 03:35:00,693.93,694.83,693.92,694.49,498.664
2026-09-01 03:40:00,694.49,694.55,693.97,693.98,468.098
2026-09-01 03:45:00,693.98,693.98,693.41,693.55,146.131
2026-09-01 03:50:00,693.55,693.96,693.41,693.57,400.913
2026-09-01 03:55:00,693.57,693.75,693.42,693.46,179.506
2026-09-01 04:00:00,693.46,694.1,693.45,693.45,182.963
2026-09-01 04:05:00,693.46,693.59,692.99,693.45,399.237
2026-09-01 04:10:00,693.46,693.62,693.0,693.13,194.072
2026-09-01 04:15:00,693.13,693.58,693.07,693.35,135.129
2026-09-01 04:20:00,693.34,693.53,693.3,693.33,255.878
2026-09-01 04:25:00,693.34,694.2,693.34,693.61,377.141
2026-09-01 04:30:00,693.61,693.71,693.07,693.19,109.595
2026-09-01 04:35:00,693.19,693.19,692.82,692.85,127.81
2026-09-01 04:40:00,692.85,693.03,692.61,692.64,84.106
2026-09-01 04:45:00,692.64,692.95,692.51,692.95,159.447
2026-09-01 04:50:00,692.94,692.95,692.42,692.51,142.155
2026-09-01 04:55:00,692.51,692.59,692.03,692.32,446.715
2026-09-01 05:00:00,692.31,693.07,692.08,693.06,300.477
2026-09-01 05:05:00,693.07,693.53,692.87,693.01,295.895
2026-09-01 05:10:00,693.01,693.01,692.12,692.12,222.89
2026-09-01 05:15:00,692.13,692.46,691.86,691.96,421.282
2026-09-01 05:20:00,691.96,691.96,691.38,691.41,237.804
2026-09-01 05:25:00,691.41,692.85,691.41,692.84,405.536
2026-09-01 05:30:00,692.84,693.44,692.71,693.19,202.247
2026-09-01 05:35:00,693.18,693.76,693.18,693.25,258.963
2026-09-01 05:40:00,693.24,694.19,693.0,693.75,288.341
2026-09-01 05:45:00,693.75,693.75,693.13,693.67,519.61
2026-09-01 05:50:00,693.67,693.94,693.47,693.94,411.156
2026-09-01 05:55:00,693.94,694.38,693.76,693.95,374.809
2026-09-01 06:00:00,693.95,693.95,693.22,693.36,158.669
2026-09-01 06:05:00,693.36,693.36,692.58,692.58,230.946
2026-09-01 06:10:00,692.59,692.67,692.27,692.35,300.586
2026-09-01 06:15:00,692.34,692.34,691.34,691.39,364.911
2026-09-01 06:20:00,691.4,691.5,690.5,690.74,514.46
2026-09-01 06:25:00,690.73,691.0,690.56,690.73,685.185
2026-09-01 06:30:00,690.73,691.31,690.73,690.98,780.157
2026-09-01 06:35:00,690.98,691.04,690.55,690.86,203.525
2026-09-01 06:40:00,690.86,691.2,690.86,691.13,222.605
2026-09-01 06:45:00,691.12,691.26,690.75,690.97,286.253
2026-09-01 06:50:00,690.96,690.99,690.32,690.42,338.962
2026-09-01 06:55:00,690.42,690.45,690.14,690.45,335.709
2026-09-01 07:00:00,690.45,690.61,690.26,690.47,381.69
2026-09-01 07:05:00,690.46,690.78,690.08,690.32,646.54
2026-09-01 07:10:00,690.32,690.45,690.0,690.05,603.737
2026-09-01 07:15:00,690.05,690.17,689.7,690.15,867.725
2026-09-01 07:20:00,690.14,690.18,689.76,689.9,300.565
2026-09-01 07:25:00,689.9,689.94,689.25,689.44,382.47
2026-09-01 07:30:00,689.45,690.1,689.44,689.97,232.784
2026-09-01 07:35:00,689.97,690.08,688.9,689.1,515.134
2026-09-01 07:40:00,689.1,689.94,688.95,689.93,330.8
2026-09-01 07:45:00,689.94,690.38,689.92,690.38,421.167
2026-09-01 07:50:00,690.38,690.51,689.89,690.26,555.102
2026-09-01 07:55:00,690.27,690.51,690.24,690.47,143.168
2026-09-01 08:00:00,690.47,690.65,690.14,690.39,205.254
2026-09-01 08:05:00,690.39,690.75,688.61,688.77,422.844
2026-09-01 08:10:00,688.77,689.22,688.58,689.0,339.194
2026-09-01 08:15:00,689.0,689.04,687.73,688.49,315.857
2026-09-01 08:20:00,688.49,688.97,687.45,687.61,400.266
2026-09-01 08:25:00,687.6,687.85,686.32,686.38,687.692
2026-09-01 08:30:00,686.39,687.14,686.0,687.13,741.644
2026-09-01 08:35:00,687.12,687.59,686.8,687.2,299.892
2026-09-01 08:40:00,687.19,687.19,686.0,686.83,392.625
2026-09-01 08:45:00,686.83,687.42,686.3,686.59,378.35
2026-09-01 08:50:00,686.59,686.92,685.95,686.49,437.526
2026-09-01 08:55:00,686.48,686.73,686.3,686.33,255.978
2026-09-01 09:00:00,686.34,686.67,685.86,686.51,256.607
2026-09-01 09:05:00,686.5,686.57,685.7,686.5,463.47
2026-09-01 09:10:00,686.49,686.82,686.32,686.35,329.555
2026-09-01 09:15:00,686.35,686.35,685.46,686.2,675.264
2026-09-01 09:20:00,686.2,686.36,685.79,686.18,1455.397
2026-09-01 09:25:00,686.18,686.45,685.96,686.37,480.253
2026-09-01 09:30:00,686.38,686.38,686.0,686.33,312.869
2026-09-01 09:35:00,686.32,686.33,685.68,685.75,177.975
2026-09-01 09:40:00,685.74,686.78,685.43,686.7,362.936
2026-09-01 09:45:00,686.69,686.7,686.06,686.12,258.114
2026-09-01 09:50:00,686.12,686.43,686.04,686.08,175.442
2026-09-01 09:55:00,686.09,686.24,686.01,686.02,191.593
2026-09-01 10:00:00,686.02,686.37,685.76,685.76,314.291
2026-09-01 10:05:00,685.77,686.06,685.65,685.86,403.547
2026-09-01 10:10:00,685.87,686.71,685.6,686.45,293.785
2026-09-01 10:15:00,686.45,686.8,685.83,686.46,307.033
2026-09-01 10:20:00,686.46,687.32,686.46,687.32,168.499
2026-09-01 10:25:00,687.32,687.37,687.04,687.28,246.085
2026-09-01 10:30:00,687.28,688.11,687.27,687.65,281.319
2026-09-01 10:35:00,687.66,688.47,687.37,688.44,394.273
2026-09-01 10:40:00,688.43,688.5,687.9,687.9,209.514
2026-09-01 10:45:00,687.9,688.03,687.23,687.24,232.446
2026-09-01 10:50:00,687.23,687.36,686.63,686.65,325.047
2026-09-01 10:55:00,686.64,686.86,686.46,686.61,221.058
2026-09-01 11:00:00,686.62,686.67,686.1,686.6,309.472
2026-09-01 11:05:00,686.61,686.61,685.85,686.14,278.536
2026-09-01 11:10:00,686.14,686.35,686.07,686.23,145.308
2026-09-01 11:15:00,686.24,686.54,686.24,686.32,307.706
2026-09-01 11:20:00,686.31,686.44,685.86,686.4,306.683
2026-09-01 11:25:00,686.41,686.59,686.33,686.55,175.414
2026-09-01 11:30:00,686.54,687.07,686.31,687.02,226.154
2026-09-01 11:35:00,687.03,687.83,687.03,687.83,387.927
2026-09-01 11:40:00,687.83,688.0,687.44,687.6,255.144
2026-09-01 11:45:00,687.6,687.61,687.2,687.28,200.952
2026-09-01 11:50:00,687.28,688.15,687.28,687.8,362.66
2026-09-01 11:55:00,687.8,687.8,687.0,687.35,247.84
2026-09-01 12:00:00,687.36,687.41,686.48,686.94,255.262
2026-09-01 12:05:00,686.94,687.31,686.59,686.84,124.637
2026-09-01 12:10:00,686.85,687.21,686.65,686.94,120.292
2026-09-01 12:15:00,686.94,687.2,686.4,686.44,199.463
2026-09-01 12:20:00,686.44,686.7,686.15,686.47,151.437
2026-09-01 12:25:00,686.47,687.0,686.47,686.85,93.72
2026-09-01 12:30:00,686.85,686.86,686.01,686.21,284.098
2026-09-01 12:35:00,686.21,686.21,684.74,685.35,516.556
2026-09-01 12:40:00,685.36,686.54,684.78,686.54,324.639
2026-09-01 12:45:00,686.54,687.51,686.45,686.94,225.604
2026-09-01 12:50:00,686.94,687.28,686.74,687.01,197.496
2026-09-01 12:55:00,687.0,687.23,686.64,686.7,161.091
2026-09-01 13:00:00,686.7,686.7,685.34,685.43,238.882
2026-09-01 13:05:00,685.43,686.13,683.52,685.3,907.402
2026-09-01 13:10:00,685.3,686.12,685.25,685.72,252.885
2026-09-01 13:15:00,685.72,686.55,685.51,685.82,489.037
2026-09-01 13:20:00,685.83,686.06,685.38,685.68,319.804
2026-09-01 13:25:00,685.67,686.19,685.47,686.19,210.625
2026-09-01 13:30:00,686.18,687.06,685.78,686.04,640.76
2026-09-01 13:35:00,686.04,686.46,683.9,684.46,650.884
2026-09-01 13:40:00,684.44,686.4,684.0,686.02,579.697
2026-09-01 13:45:00,686.03,687.32,685.68,686.91,297.29
2026-09-01 13:50:00,686.91,687.44,686.43,686.8,158.007
2026-09-01 13:55:00,686.8,687.19,686.44,687.19,367.023
2026-09-01 14:00:00,687.19,688.1,686.9,687.52,439.752
2026-09-01 14:05:00,687.51,688.81,687.5,688.43,309.118
2026-09-01 14:10:00,688.42,688.55,687.6,687.81,215.137
2026-09-01 14:15:00,687.81,688.48,687.02,687.27,412.49
2026-09-01 14:20:00,687.27,687.58,687.09,687.57,112.068
2026-09-01 14:25:00,687.57,688.62,687.41,687.48,289.945
2026-09-01 14:30:00,687.47,688.2,687.35,688.03,168.265
2026-09-01 14:35:00,688.02,688.23,687.83,687.94,248.497
2026-09-01 14:40:00,687.95,688.44,687.71,688.44,377.541
2026-09-01 14:45:00,688.44,688.78,688.3,688.3,171.546
2026-09-01 14:50:00,688.29,688.29,687.7,687.71,153.236
2026-09-01 14:55:00,687.7,687.7,687.11,687.31,329.638
2026-09-01 15:00:00,687.31,687.39,685.35,685.4,382.061
2026-09-01 15:05:00,685.41,685.86,685.01,685.26,454.36
2026-09-01 15:10:00,685.27,685.73,685.01,685.53,295.832
2026-09-01 15:15:00,685.52,685.8,685.02,685.49,222.884
2026-09-01 15:20:00,685.49,685.82,685.44,685.66,294.219
2026-09-01 15:25:00,685.67,686.12,685.46,686.11,124.091
2026-09-01 15:30:00,686.12,686.71,685.83,686.61,280.236
2026-09-01 15:35:00,686.6,686.83,686.4,686.6,198.873
2026-09-01 15:40:00,686.6,687.07,686.5,687.07,155.337
2026-09-01 15:45:00,687.07,687.29,686.91,687.26,236.042
2026-09-01 15:50:00,687.27,687.6,687.13,687.13,346.965
2026-09-01 15:55:00,687.14,687.25,686.87,686.88,80.417
2026-09-01 16:00:00,686.87,686.94,686.19,686.49,205.276
2026-09-01 16:05:00,686.49,687.0,686.06,686.07,195.063
2026-09-01 16:10:00,686.06,686.18,684.99,685.05,189.772
2026-09-01 16:15:00,685.04,685.4,684.53,684.67,226.873
2026-09-01 16:20:00,684.66,684.67,683.96,684.12,295.077
2026-09-01 16:25:00,684.12,685.34,684.12,685.05,329.492
2026-09-01 16:30:00,685.06,685.13,684.33,684.34,369.245
2026-09-01 16:35:00,684.33,684.88,682.74,684.74,872.78
2026-09-01 16:40:00,684.73,684.74,683.68,683.81,248.26
2026-09-01 16:45:00,683.81,684.33,683.77,684.18,514.457
2026-09-01 16:50:00,684.18,684.52,684.08,684.52,139.326
2026-09-01 16:55:00,684.52,684.52,684.0,684.01,167.693
2026-09-01 17:00:00,684.01,684.43,683.88,683.88,261.321
2026-09-01 17:05:00,683.88,684.17,683.87,683.87,434.174
2026-09-01 17:10:00,683.88,684.29,683.79,684.02,311.316
2026-09-01 17:15:00,684.03,684.36,683.21,684.36,495.673
2026-09-01 17:20:00,684.36,685.14,684.36,685.06,299.829
2026-09-01 17:25:00,685.06,685.07,684.38,684.96,235.548
2026-09-01 17:30:00,684.95,686.08,684.81,685.86,329.614
2026-09-01 17:35:00,685.85,686.07,685.62,685.62,76.632
2026-09-01 17:40:00,685.62,685.89,685.35,685.35,165.922
2026-09-01 17:45:00,685.35,685.45,684.09,684.35,179.051
2026-09-01 17:50:00,684.35,684.48,683.54,683.54,182.989
2026-09-01 17:55:00,683.54,683.65,682.82,682.95,394.025
2026-09-01 18:00:00,682.95,683.35,682.46,682.67,233.121
2026-09-01 18:05:00,682.67,682.8,681.72,681.87,298.41
2026-09-01 18:10:00,681.87,682.14,681.59,681.78,422.852
2026-09-01 18:15:00,681.78,682.0,680.46,680.98,889.923
2026-09-01 18:20:00,680.98,681.36,680.94,681.03,260.504
2026-09-01 18:25:00,681.03,681.03,678.6,679.65,2489.538
2026-09-01 18:30:00,679.65,679.67,678.41,678.78,995.946
2026-09-01 18:35:00,678.77,678.88,676.16,676.85,1030.848
2026-09-01 18:40:00,676.85,677.49,675.13,675.26,2723.84
2026-09-01 18:45:00,675.26,677.63,674.6,677.51,1225.937
2026-09-01 18:50:00,677.51,679.15,677.39,678.66,428.598
2026-09-01 18:55:00,678.66,679.49,678.56,679.48,217.276
2026-09-01 19:00:00,679.49,680.75,679.25,680.75,334.567
2026-09-01 19:05:00,680.75,680.84,679.57,679.79,222.709
2026-09-01 19:10:00,679.79,680.22,679.7,679.91,141.756
2026-09-01 19:15:00,679.9,680.62,679.58,680.25,188.322
2026-09-01 19:20:00,680.25,681.25,680.08,680.66,145.928
2026-09-01 19:25:00,680.67,681.57,680.6,681.28,216.455
2026-09-01 19:30:00,681.29,681.52,680.83,680.84,103.857
2026-09-01 19:35:00,680.84,680.97,680.36,680.36,118.686
2026-09-01 19:40:00,680.37,680.78,680.36,680.38,100.926
2026-09-01 19:45:00,680.38,680.49,679.54,679.72,226.658
2026-09-01 19:50:00,679.71,679.85,679.34,679.41,144.681
2026-09-01 19:55:00,679.41,679.89,679.41,679.89,196.864
2026-09-01 20:00:00,679.89,680.15,679.25,679.46,185.72
2026-09-01 20:05:00,679.46,680.34,679.41,679.5,86.375
2026-09-01 20:10:00,679.5,681.0,679.5,681.0,408.792
2026-09-01 20:15:00,680.99,681.15,680.48,681.06,739.874
2026-09-01 20:20:00,681.06,681.27,680.82,680.83,137.189
2026-09-01 20:25:00,680.83,680.92,680.25,680.7,299.358
2026-09-01 20:30:00,680.71,680.8,680.43,680.5,138.119
2026-09-01 20:35:00,680.51,680.99,680.29,680.67,261.356
2026-09-01 20:40:00,680.66,680.66,680.07,680.35,133.03
2026-09-01 20:45:00,680.35,680.4,679.74,679.74,212.331
2026-09-01 20:50:00,679.75,680.68,679.75,680.68,183.238
2026-09-01 20:55:00,680.68,681.24,680.67,681.02,125.291
2026-09-01 21:00:00,681.02,681.55,680.7,680.99,287.796
2026-09-01 21:05:00,680.99,681.0,679.61,679.61,183.04
2026-09-01 21:10:00,679.61,679.61,678.17,678.58,216.384
2026-09-01 21:15:00,678.58,678.72,677.54,678.55,586.982
2026-09-01 21:20:00,678.55,680.85,678.55,680.61,422.954
2026-09-01 21:25:00,680.6,680.89,680.07,680.43,221.209
2026-09-01 21:30:00,680.43,680.44,679.28,679.32,86.427
2026-09-01 21:35:00,679.32,679.96,679.21,679.96,170.919
2026-09-01 21:40:00,679.97,680.41,679.92,679.93,111.5
2026-09-01 21:45:00,679.92,680.8,679.92,680.73,82.023
2026-09-01 21:50:00,680.74,681.01,680.53,680.75,212.601
2026-09-01 21:55:00,680.75,681.02,680.51,680.64,101.789
2026-09-01 22:00:00,680.64,681.3,680.4,681.01,259.388
2026-09-01 22:05:00,681.01,681.28,680.53,681.27,82.33
2026-09-01 22:10:00,681.28,681.35,680.93,680.93,150.989
2026-09-01 22:15:00,680.94,680.94,680.51,680.7,163.768
2026-09-01 22:20:00,680.71,680.71,679.86,680.3,134.657
2026-09-01 22:25:00,680.3,680.3,679.7,679.71,133.09
2026-09-01 22:30:00,679.71,679.99,679.39,679.42,114.646
2026-09-01 22:35:00,679.42,679.95,679.42,679.51,126.149
2026-09-01 22:40:00,679.5,679.76,679.26,679.63,230.572
2026-09-01 22:45:00,679.63,680.99,679.63,680.99,86.56
2026-09-01 22:50:00,681.0,681.4,680.89,680.95,182.042
2026-09-01 22:55:00,680.95,681.1,680.86,680.99,36.604
2026-09-01 23:00:00,680.99,681.24,680.5,680.51,189.64
2026-09-01 23:05:00,680.51,681.5,680.5,681.5,163.957
2026-09-01 23:10:00,681.49,681.5,681.02,681.07,97.886
2026-09-01 23:15:00,681.07,681.41,681.02,681.26,82.042
2026-09-01 23:20:00,681.27,681.3,680.72,680.99,179.156
2026-09-01 23:25:00,680.98,681.64,680.8,681.64,209.598
2026-09-01 23:30:00,681.65,682.95,681.57,682.72,353.043
2026-09-01 23:35:00,682.73,683.99,682.73,683.3,576.554
2026-09-01 23:40:00,683.3,683.72,683.29,683.37,473.318
2026-09-01 23:45:00,683.37,683.81,683.07,683.7,231.857
2026-09-01 23:50:00,683.71,683.72,682.94,683.16,247.428
2026-09-01 23:55:00,683.16,683.16,682.93,683.0,121.797
2026-09-02 00:00:00,683.0,683.79,682.85,683.74,472.224
2026-09-02 00:05:00,683.74,685.83,683.72,685.75,736.454
2026-09-02 00:10:00,685.75,687.48,685.24,685.89,1232.336
2026-09-02 00:15:00,685.89,686.38,685.58,685.62,155.496
2026-09-02 00:20:00,685.63,686.06,685.03,685.56,171.305
2026-09-02 00:25:00,685.55,685.58,682.38,683.3,1130.945
2026-09-02 00:30:00,683.3,685.22,682.87,684.3,790.949
2026-09-02 00:35:00,684.31,685.5,683.68,685.47,3379.539
2026-09-02 00:40:00,685.46,685.47,684.24,684.56,218.518
2026-09-02 00:45:00,684.57,685.23,684.23,685.22,1623.438
2026-09-02 00:50:00,685.22,685.23,684.44,684.45,147.893
2026-09-02 00:55:00,684.46,685.2,683.96,683.97,431.851
2026-09-02 01:00:00,683.97,684.43,683.86,683.97,88.512
2026-09-02 01:05:00,683.98,684.19,683.25,683.66,1377.69
2026-09-02 01:10:00,683.67,685.16,683.67,684.82,365.292
2026-09-02 01:15:00,684.81,685.1,684.0,684.8,247.789
2026-09-02 01:20:00,684.81,685.16,684.35,685.1,1260.649
2026-09-02 01:25:00,685.11,685.11,683.66,683.66,327.251
2026-09-02 01:30:00,683.67,684.17,683.1,683.27,254.884
2026-09-02 01:35:00,683.26,683.26,682.14,682.14,195.047
2026-09-02 01:40:00,682.15,682.5,681.37,681.65,501.066
2026-09-02 01:45:00,681.66,682.28,680.79,680.79,350.8
2026-09-02 01:50:00,680.79,680.79,679.74,680.44,983.25
2026-09-02 01:55:00,680.43,682.75,680.37,682.71,813.852
2026-09-02 02:00:00,682.71,682.84,681.87,681.96,285.425
2026-09-02 02:05:00,681.95,684.21,681.56,683.14,596.058
2026-09-02 02:10:00,683.14,683.95,682.94,683.54,190.601
2026-09-02 02:15:00,683.53,684.29,683.46,684.15,174.151
2026-09-02 02:20:00,684.16,684.91,684.16,684.86,199.232
2026-09-02 02:25:00,684.86,685.68,684.55,685.61,528.063
2026-09-02 02:30:00,685.6,685.6,684.88,685.41,354.552
2026-09-02 02:35:00,685.42,685.59,684.96,685.3,340.966
2026-09-02 02:40:00,685.3,685.56,684.96,685.5,162.542
2026-09-02 02:45:00,685.5,685.62,685.31,685.61,177.692
2026-09-02 02:50:00,685.62,685.64,685.24,685.64,259.286
2026-09-02 02:55:00,685.64,685.83,685.48,685.5,375.856
2026-09-02 03:00:00,685.5,686.45,685.35,686.44,193.945
2026-09-02 03:05:00,686.45,687.8,686.32,687.73,826.227
2026-09-02 03:10:00,687.73,688.76,687.73,687.99,637.839
2026-09-02 03:15:00,688.0,688.76,687.69,688.21,540.149
2026-09-02 03:20:00,688.21,688.56,688.21,688.3,110.327
2026-09-02 03:25:00,688.31,689.71,688.26,688.76,548.559
2026-09-02 03:30:00,688.75,688.75,687.67,687.84,510.038
2026-09-02 03:35:00,687.84,688.83,687.56,688.83,476.526
2026-09-02 03:40:00,688.83,688.88,687.65,687.93,307.704
2026-09-02 03:45:00,687.92,688.47,687.86,688.15,320.512
2026-09-02 03:50:00,688.15,688.15,687.3,687.38,319.814
2026-09-02 03:55:00,687.39,687.68,687.15,687.62,245.513
2026-09-02 04:00:00,687.62,687.75,687.33,687.45,172.978
2026-09-02 04:05:00,687.44,687.44,686.77,686.86,352.37
2026-09-02 04:10:00,686.86,686.86,686.34,686.7,716.742
2026-09-02 04:15:00,686.7,686.8,685.97,686.76,315.323
2026-09-02 04:20:00,686.76,687.12,686.45,686.72,491.176
2026-09-02 04:25:00,686.71,686.86,686.41,686.66,100.239
2026-09-02 04:30:00,686.67,687.24,686.67,687.23,350.262
2026-09-02 04:35:00,687.23,687.54,687.12,687.54,237.494
2026-09-02 04:40:00,687.54,687.54,687.09,687.32,273.669
2026-09-02 04:45:00,687.32,687.55,687.16,687.18,286.035
2026-09-02 04:50:00,687.19,687.77,687.19,687.67,168.457
2026-09-02 04:55:00,687.66,687.83,687.54,687.83,108.511
2026-09-02 05:00:00,687.83,687.83,686.67,686.82,656.525
2026-09-02 05:05:00,686.81,686.94,686.41,686.77,463.775
2026-09-02 05:10:00,686.76,688.12,686.76,687.93,760.085
2026-09-02 05:15:00,687.93,688.63,687.91,688.42,225.404
2026-09-02 05:20:00,688.41,689.33,688.41,689.04,609.916
2026-09-02 05:25:00,689.04,689.72,689.0,689.54,461.933
2026-09-02 05:30:00,689.54,689.55,688.79,688.8,142.23
2026-09-02 05:35:00,688.79,688.98,688.74,688.81,213.281
2026-09-02 05:40:00,688.82,689.0,688.74,688.81,144.754
2026-09-02 05:45:00,688.81,689.44,688.81,689.41,275.164
2026-09-02 05:50:00,689.41,689.41,689.07,689.07,206.703
2026-09-02 05:55:00,689.07,689.1,688.3,689.1,508.165
2026-09-02 06:00:00,689.1,689.5,689.05,689.09,330.841
2026-09-02 06:05:00,689.08,689.35,689.0,689.0,422.39
2026-09-02 06:10:00,689.0,689.1,688.45,688.57,456.943
2026-09-02 06:15:00,688.57,688.68,688.07,688.09,452.185
2026-09-02 06:20:00,688.1,688.43,687.17,687.21,1009.327
2026-09-02 06:25:00,687.22,687.99,686.98,687.05,373.839
2026-09-02 06:30:00,687.06,687.5,686.91,687.44,293.805
2026-09-02 06:35:00,687.44,687.78,687.25,687.78,208.868
2026-09-02 06:40:00,687.77,688.3,687.77,688.03,261.099
2026-09-02 06:45:00,688.04,688.13,687.9,687.92,133.642
2026-09-02 06:50:00,687.91,688.1,687.6,687.93,694.504
2026-09-02 06:55:00,687.93,688.26,687.71,688.26,611.269
2026-09-02 07:00:00,688.26,688.5,688.18,688.41,255.849
2026-09-02 07:05:00,688.41,688.5,688.14,688.34,172.623
2026-09-02 07:10:00,688.34,689.24,688.33,688.78,207.172
2026-09-02 07:15:00,688.79,688.89,688.26,688.34,141.552
2026-09-02 07:20:00,688.33,688.68,688.27,688.45,152.298
2026-09-02 07:25:00,688.44,688.47,688.14,688.45,117.921
2026-09-02 07:30:00,688.45,688.77,688.4,688.44,132.803
2026-09-02 07:35:00,688.45,688.66,688.45,688.59,80.454
2026-09-02 07:40:00,688.59,688.79,688.42,688.42,107.604
2026-09-02 07:45:00,688.41,688.55,688.11,688.21,220.605
2026-09-02 07:50:00,688.2,688.34,687.69,687.69,289.098
2026-09-02 07:55:00,687.7,688.01,687.63,687.71,160.976
2026-09-02 08:00:00,687.71,687.87,687.1,687.81,86.355
2026-09-02 08:05:00,687.82,688.1,687.79,687.85,92.239
2026-09-02 08:10:00,687.84,687.85,687.26,687.43,87.174
2026-09-02 08:15:00,687.43,687.59,687.16,687.16,83.712
2026-09-02 08:20:00,687.17,687.17,686.64,686.69,140.131
2026-09-02 08:25:00,686.68,686.95,686.47,686.48,164.845
2026-09-02 08:30:00,686.47,686.48,685.38,685.5,358.919
2026-09-02 08:35:00,685.49,685.95,685.33,685.56,157.58
2026-09-02 08:40:00,685.55,685.55,684.54,684.62,409.134
2026-09-02 08:45:00,684.61,685.2,684.0,684.04,337.343
2026-09-02 08:50:00,684.04,684.14,682.61,683.17,1105.56
2026-09-02 08:55:00,683.18,683.59,682.96,683.57,194.483
2026-09-02 09:00:00,683.57,685.3,683.56,685.14,485.49
2026-09-02 09:05:00,685.14,685.41,685.13,685.41,208.426
2026-09-02 09:10:00,685.41,685.49,685.21,685.21,173.586
2026-09-02 09:15:00,685.22,685.27,684.59,684.97,134.009
2026-09-02 09:20:00,684.96,686.75,684.3,685.14,1529.125
2026-09-02 09:25:00,685.15,686.03,685.15,686.03,240.488
2026-09-02 09:30:00,686.03,686.09,683.47,683.7,501.491
2026-09-02 09:35:00,683.7,683.7,682.4,682.9,635.717
2026-09-02 09:40:00,682.89,683.44,681.97,682.21,614.248
2026-09-02 09:45:00,682.2,683.35,681.75,683.1,623.261
2026-09-02 09:50:00,683.1,683.44,683.0,683.12,348.074
2026-09-02 09:55:00,683.12,683.58,683.04,683.54,398.415
2026-09-02 10:00:00,683.54,683.65,682.61,682.86,273.339
2026-09-02 10:05:00,682.85,682.95,682.15,682.4,223.626
2026-09-02 10:10:00,682.4,682.8,681.92,682.77,240.39
2026-09-02 10:15:00,682.77,683.94,682.76,683.92,598.125
2026-09-02 10:20:00,683.93,684.0,683.42,683.44,408.708
2026-09-02 10:25:00,683.44,683.7,683.11,683.18,273.07
2026-09-02 10:30:00,683.19,683.3,682.11,682.63,327.386
2026-09-02 10:35:00,682.63,683.21,682.33,682.34,314.984
2026-09-02 10:40:00,682.34,682.89,682.02,682.87,153.853
2026-09-02 10:45:00,682.87,682.91,681.28,681.51,336.812
2026-09-02 10:50:00,681.5,681.96,680.41,681.84,713.145
2026-09-02 10:55:00,681.84,683.02,681.52,683.01,497.158
2026-09-02 11:00:00,683.01,683.01,681.45,681.48,383.785
2026-09-02 11:05:00,681.5,682.95,681.25,682.9,386.763
2026-09-02 11:10:00,682.9,683.01,682.17,683.01,481.421
2026-09-02 11:15:00,683.01,683.1,682.02,682.03,275.816
2026-09-02 11:20:00,682.03,682.13,680.96,681.17,388.989
2026-09-02 11:25:00,681.16,682.0,680.96,682.0,272.963
2026-09-02 11:30:00,681.99,683.8,681.99,683.79,1079.55
2026-09-02 11:35:00,683.8,684.21,683.61,684.02,540.919
2026-09-02 11:40:00,684.03,684.13,683.45,683.6,551.164
2026-09-02 11:45:00,683.6,683.6,682.96,683.17,249.894
2026-09-02 11:50:00,683.16,683.61,682.97,683.38,106.54
2026-09-02 11:55:00,683.38,683.89,683.05,683.84,524.201
2026-09-02 12:00:00,683.84,683.84,682.86,683.03,165.862
2026-09-02 12:05:00,683.03,683.72,682.92,683.39,329.503
2026-09-02 12:10:00,683.38,683.85,683.38,683.73,115.017
2026-09-02 12:15:00,683.72,684.49,683.2,683.96,236.971
2026-09-02 12:20:00,683.97,685.71,683.67,685.24,575.412
2026-09-02 12:25:00,685.25,685.39,685.01,685.14,135.967
2026-09-02 12:30:00,685.14,685.15,684.48,684.49,311.906
2026-09-02 12:35:00,684.49,684.56,683.82,683.93,160.17
2026-09-02 12:40:00,683.93,684.36,683.93,684.14,109.283
2026-09-02 12:45:00,684.13,684.14,683.59,683.59,121.424
2026-09-02 12:50:00,683.59,683.62,683.13,683.14,172.533
2026-09-02 12:55:00,683.14,683.22,682.95,683.16,306.58
2026-09-02 13:00:00,683.17,684.4,683.16,684.29,327.644
2026-09-02 13:05:00,684.29,684.88,684.29,684.46,205.418
2026-09-02 13:10:00,684.46,684.47,683.83,683.84,127.301
2026-09-02 13:15:00,683.83,684.62,683.8,684.29,354.386
2026-09-02 13:20:00,684.29,684.42,683.76,684.42,203.763
2026-09-02 13:25:00,684.41,685.16,684.18,684.89,238.447
2026-09-02 13:30:00,684.89,684.96,684.2,684.55,384.285
2026-09-02 13:35:00,684.55,684.55,683.6,684.17,413.355
2026-09-02 13:40:00,684.18,689.0,684.18,688.99,1580.752
2026-09-02 13:45:00,688.99,689.52,687.02,687.06,1226.503
2026-09-02 13:50:00,687.06,688.08,686.83,687.14,553.888
2026-09-02 13:55:00,687.13,687.58,686.48,687.47,585.731
2026-09-02 14:00:00,687.47,688.14,686.91,687.49,320.666
2026-09-02 14:05:00,687.49,688.61,687.34,687.82,375.987
2026-09-02 14:10:00,687.82,688.5,687.54,688.45,597.004
2026-09-02 14:15:00,688.45,688.88,687.76,688.01,1412.438
2026-09-02 14:20:00,688.01,689.21,687.96,688.05,317.194
2026-09-02 14:25:00,688.05,688.14,687.32,688.07,267.176
2026-09-02 14:30:00,688.08,688.08,686.22,687.05,442.719
2026-09-02 14:35:00,687.06,687.38,686.94,687.27,236.925
2026-09-02 14:40:00,687.27,688.38,687.18,688.13,429.418
2026-09-02 14:45:00,688.13,688.24,687.23,687.44,278.44
2026-09-02 14:50:00,687.44,687.62,686.43,686.6,320.204
2026-09-02 14:55:00,686.59,687.15,686.04,686.06,285.025
2026-09-02 15:00:00,686.07,687.2,684.92,686.24,660.692
2026-09-02 15:05:00,686.24,686.54,685.03,685.21,591.729
2026-09-02 15:10:00,685.21,685.21,683.8,684.21,484.482
2026-09-02 15:15:00,684.23,686.24,684.16,686.09,575.18
2026-09-02 15:20:00,686.09,686.11,684.82,685.19,313.145
2026-09-02 15:25:00,685.19,686.38,685.07,685.95,397.529
2026-09-02 15:30:00,685.95,687.21,685.5,687.07,328.583
2026-09-02 15:35:00,687.08,687.52,686.73,686.78,383.411
2026-09-02 15:40:00,686.77,688.0,686.46,688.0,411.826
2026-09-02 15:45:00,688.0,688.0,686.59,686.77,310.137
2026-09-02 15:50:00,686.78,687.0,686.46,686.97,168.053
2026-09-02 15:55:00,686.98,687.62,686.98,687.61,191.111
2026-09-02 16:00:00,687.62,687.91,687.13,687.91,244.895
2026-09-02 16:05:00,687.91,688.08,687.19,687.82,289.731
2026-09-02 16:10:00,687.83,688.32,687.63,688.06,614.83
2026-09-02 16:15:00,688.06,688.71,687.79,688.58,329.722
2026-09-02 16:20:00,688.58,689.0,688.3,688.79,867.739
2026-09-02 16:25:00,688.79,688.82,687.9,688.17,623.119
2026-09-02 16:30:00,688.18,688.79,687.95,688.0,677.785
2026-09-02 16:35:00,688.0,688.0,687.5,687.73,522.163
2026-09-02 16:40:00,687.73,687.74,686.79,686.79,474.912
2026-09-02 16:45:00,686.78,687.17,686.65,686.95,670.307
2026-09-02 16:50:00,686.94,686.95,686.62,686.73,215.921
2026-09-02 16:55:00,686.72,686.77,686.1,686.1,329.283
2026-09-02 17:00:00,686.11,686.51,685.83,686.07,380.169
2026-09-02 17:05:00,686.07,686.22,685.2,685.42,347.969
2026-09-02 17:10:00,685.43,685.97,685.25,685.67,239.132
2026-09-02 17:15:00,685.67,685.89,684.94,685.27,782.101
2026-09-02 17:20:00,685.27,685.4,684.65,685.25,251.136
2026-09-02 17:25:00,685.25,685.61,685.2,685.61,152.427
2026-09-02 17:30:00,685.62,686.64,685.61,686.53,142.594
2026-09-02 17:35:00,686.52,686.52,686.0,686.21,324.825
2026-09-02 17:40:00,686.2,687.0,686.2,686.99,203.12
2026-09-02 17:45:00,686.99,687.94,686.99,687.67,226.692
2026-09-02 17:50:00,687.67,687.78,686.89,687.27,675.204
2026-09-02 17:55:00,687.27,687.85,687.11,687.73,106.773
2026-09-02 18:00:00,687.73,687.78,687.13,687.16,148.135
2026-09-02 18:05:00,687.17,687.6,686.93,687.6,156.224
2026-09-02 18:10:00,687.6,687.65,687.03,687.18,141.11
2026-09-02 18:15:00,687.19,687.98,687.12,687.49,212.259
2026-09-02 18:20:00,687.49,687.72,687.13,687.4,252.882
2026-09-02 18:25:00,687.4,687.58,686.86,686.93,236.138
2026-09-02 18:30:00,686.93,687.59,686.93,687.05,219.857
2026-09-02 18:35:00,687.04,687.12,686.62,686.62,315.576
2026-09-02 18:40:00,686.62,687.14,686.27,686.38,224.111
2026-09-02 18:45:00,686.37,686.7,686.0,686.68,272.919
2026-09-02 18:50:00,686.67,687.14,686.67,687.14,93.11
2026-09-02 18:55:00,687.14,687.29,686.85,687.14,188.984
2026-09-02 19:00:00,687.15,687.22,686.83,687.03,213.902
2026-09-02 19:05:00,687.02,687.48,686.99,687.45,141.584
2026-09-02 19:10:00,687.44,687.95,687.31,687.49,519.822
2026-09-02 19:15:00,687.5,687.69,686.43,686.74,102.413
2026-09-02 19:20:00,686.75,686.95,686.43,686.47,215.327
2026-09-02 19:25:00,686.47,686.48,685.65,685.65,226.683
2026-09-02 19:30:00,685.66,686.01,685.51,685.64,197.741
2026-09-02 19:35:00,685.63,685.75,685.45,685.75,149.521
2026-09-02 19:40:00,685.74,686.23,685.74,685.98,175.848
2026-09-02 19:45:00,685.98,686.08,685.73,685.89,88.282
2026-09-02 19:50:00,685.88,686.3,685.83,685.91,100.409
2026-09-02 19:55:00,685.91,686.61,685.62,686.61,198.648
2026-09-02 20:00:00,686.61,687.63,686.5,687.57,279.316
2026-09-02 20:05:00,687.56,687.98,687.28,687.43,240.18
2026-09-02 20:10:00,687.43,687.56,686.91,687.3,153.908
2026-09-02 20:15:00,687.3,687.3,686.3,686.72,217.055
2026-09-02 20:20:00,686.72,688.0,686.71,687.88,178.609
2026-09-02 20:25:00,687.87,687.88,687.11,687.13,48.33
2026-09-02 20:30:00,687.13,687.81,687.01,687.81,277.379
2026-09-02 20:35:00,687.8,687.99,687.37,687.46,229.329
2026-09-02 20:40:00,687.45,687.46,686.69,687.14,178.929
2026-09-02 20:45:00,687.14,687.59,686.66,687.34,369.728
2026-09-02 20:50:00,687.35,687.93,687.33,687.46,170.99
2026-09-02 20:55:00,687.46,687.69,687.38,687.52,182.206
2026-09-02 21:00:00,687.52,688.0,687.34,687.79,155.995
2026-09-02 21:05:00,687.8,688.06,687.52,687.72,198.363
2026-09-02 21:10:00,687.72,687.86,687.67,687.74,38.209
2026-09-02 21:15:00,687.74,687.79,687.32,687.53,134.086
2026-09-02 21:20:00,687.52,688.06,687.52,688.05,73.316
2026-09-02 21:25:00,688.05,688.06,687.56,687.56,138.941
2026-09-02 21:30:00,687.55,687.84,687.27,687.32,60.477
2026-09-02 21:35:00,687.32,688.0,687.31,687.91,85.77
2026-09-02 21:40:00,687.91,688.54,687.83,688.08,481.666
2026-09-02 21:45:00,688.07,688.07,687.3,687.42,616.08
2026-09-02 21:50:00,687.42,687.64,687.1,687.52,177.347
2026-09-02 21:55:00,687.53,687.91,687.11,687.12,200.394
2026-09-02 22:00:00,687.12,687.32,686.79,686.79,125.501
2026-09-02 22:05:00,686.78,686.78,686.28,686.34,85.108
2026-09-02 22:10:00,686.34,686.71,686.05,686.52,108.605
2026-09-02 22:15:00,686.52,686.57,686.07,686.07,107.694
2026-09-02 22:20:00,686.07,686.08,685.69,685.84,65.305
2026-09-02 22:25:00,685.85,685.85,685.45,685.71,94.02
2026-09-02 22:30:00,685.71,686.3,685.65,686.3,119.777
2026-09-02 22:35:00,686.3,686.68,686.21,686.62,65.683
2026-09-02 22:40:00,686.61,686.76,686.56,686.75,51.246
2026-09-02 22:45:00,686.75,686.75,686.29,686.44,121.739
2026-09-02 22:50:00,686.44,686.48,686.11,686.3,178.24
2026-09-02 22:55:00,686.3,686.3,686.18,686.18,14.406
2026-09-02 23:00:00,686.19,686.52,685.73,686.52,146.09
2026-09-02 23:05:00,686.52,687.52,686.52,687.51,68.505
2026-09-02 23:10:00,687.52,687.52,687.34,687.34,59.922
2026-09-02 23:15:00,687.35,687.35,686.71,686.74,165.198
2026-09-02 23:20:00,686.74,686.85,686.46,686.77,241.884
2026-09-02 23:25:00,686.76,687.12,686.69,687.05,48.283
2026-09-02 23:30:00,687.06,687.52,687.0,687.09,66.9
2026-09-02 23:35:00,687.09,687.09,686.93,687.03,33.987
2026-09-02 23:40:00,687.03,687.03,686.82,686.85,59.925
2026-09-02 23:45:00,686.84,687.88,686.84,687.88,113.346
2026-09-02 23:50:00,687.89,688.4,687.89,688.13,157.539
2026-09-02 23:55:00,688.12,688.99,688.12,688.84,429.773
2026-09-03 00:00:00,688.82,689.92,688.71,689.34,473.31
2026-09-03 00:05:00,689.34,689.51,688.2,688.38,179.084
2026-09-03 00:10:00,688.38,688.8,688.07,688.08,170.475
2026-09-03 00:15:00,688.08,688.23,687.59,688.12,113.491
2026-09-03 00:20:00,688.12,688.44,687.41,688.2,247.85
2026-09-03 00:25:00,688.2,688.2,687.57,687.68,76.451
2026-09-03 00:30:00,687.68,687.84,686.72,686.72,194.23
2026-09-03 00:35:00,686.71,687.68,686.67,687.56,145.7
2026-09-03 00:40:00,687.55,687.81,687.43,687.44,84.806
2026-09-03 00:45:00,687.45,687.81,687.29,687.59,143.178
2026-09-03 00:50:00,687.59,687.93,687.58,687.75,144.948
2026-09-03 00:55:00,687.75,688.1,687.3,687.3,356.366
2026-09-03 01:00:00,687.29,687.55,686.24,687.3,317.654
2026-09-03 01:05:00,687.3,689.19,687.3,688.83,245.466
2026-09-03 01:10:00,688.83,689.75,688.6,689.74,218.955
2026-09-03 01:15:00,689.73,689.96,689.25,689.35,368.391
2026-09-03 01:20:00,689.34,689.99,689.24,689.98,395.277
2026-09-03 01:25:00,689.98,691.0,689.73,691.0,1025.49
2026-09-03 01:30:00,690.99,691.4,690.59,691.39,550.637
2026-09-03 01:35:00,691.39,691.6,690.38,690.93,243.754
2026-09-03 01:40:00,690.92,692.07,690.92,690.98,785.587
2026-09-03 01:45:00,690.97,690.97,690.4,690.51,170.202
2026-09-03 01:50:00,690.51,691.26,690.13,690.68,337.603
2026-09-03 01:55:00,690.67,690.87,690.09,690.1,195.086
2026-09-03 02:00:00,690.09,690.47,690.01,690.11,181.029
2026-09-03 02:05:00,690.1,690.48,689.8,690.07,203.56
2026-09-03 02:10:00,690.07,691.4,690.07,691.33,157.959
2026-09-03 02:15:00,691.34,691.4,690.94,691.09,103.085
2026-09-03 02:20:00,691.09,691.74,691.08,691.46,145.852
2026-09-03 02:25:00,691.46,692.07,691.23,692.07,186.224
2026-09-03 02:30:00,692.07,693.8,691.9,693.8,578.443
2026-09-03 02:35:00,693.8,694.0,692.8,693.34,457.175
2026-09-03 02:40:00,693.34,694.14,693.24,693.96,271.71
2026-09-03 02:45:00,693.95,694.31,693.5,694.14,266.811
2026-09-03 02:50:00,694.14,695.0,693.87,694.89,728.903
2026-09-03 02:55:00,694.89,694.94,694.15,694.26,193.899
2026-09-03 03:00:00,694.26,694.33,693.45,693.46,209.475
2026-09-03 03:05:00,693.46,693.46,692.84,693.11,414.987
2026-09-03 03:10:00,693.11,694.08,692.97,693.55,624.388
2026-09-03 03:15:00,693.55,693.55,692.26,693.26,650.654
2026-09-03 03:20:00,693.26,693.26,692.46,692.62,173.916
2026-09-03 03:25:00,692.62,692.73,692.41,692.45,132.454
2026-09-03 03:30:00,692.46,692.78,692.31,692.66,158.448
2026-09-03 03:35:00,692.65,692.66,692.11,692.11,126.833
2026-09-03 03:40:00,692.11,692.2,691.75,691.97,148.186
2026-09-03 03:45:00,691.97,692.37,691.81,692.37,123.596
2026-09-03 03:50:00,692.37,692.77,692.37,692.67,93.908
2026-09-03 03:55:00,692.67,692.68,692.45,692.6,126.19
2026-09-03 04:00:00,692.6,693.26,692.6,693.0,116.593
2026-09-03 04:05:00,693.01,693.98,692.84,693.96,704.269
2026-09-03 04:10:00,693.97,694.28,692.6,692.73,639.019
2026-09-03 04:15:00,692.73,692.75,692.01,692.02,151.115
2026-09-03 04:20:00,692.02,692.57,691.94,692.49,149.104
2026-09-03 04:25:00,692.49,692.65,692.09,692.16,86.585
2026-09-03 04:30:00,692.16,692.77,692.15,692.45,141.806
2026-09-03 04:35:00,692.45,692.54,692.16,692.46,79.792
2026-09-03 04:40:00,692.45,692.46,692.17,692.21,149.099
2026-09-03 04:45:00,692.21,692.89,692.21,692.89,125.229
2026-09-03 04:50:00,692.89,694.65,692.89,694.61,256.066
2026-09-03 04:55:00,694.6,694.73,694.04,694.73,429.893
2026-09-03 05:00:00,694.73,694.86,694.03,694.04,181.488
2026-09-03 05:05:00,694.04,694.18,693.69,693.73,202.52
2026-09-03 05:10:00,693.73,694.02,693.06,693.28,246.223
2026-09-03 05:15:00,693.28,693.5,692.6,692.86,239.301
2026-09-03 05:20:00,692.86,692.87,690.33,691.13,442.119
2026-09-03 05:25:00,691.12,691.13,689.77,690.81,281.604
2026-09-03 05:30:00,690.81,691.99,690.6,691.87,175.292
2026-09-03 05:35:00,691.87,693.0,691.87,692.89,183.953
2026-09-03 05:40:00,692.89,693.51,692.69,693.5,262.744
2026-09-03 05:45:00,693.51,694.0,692.94,693.99,331.396
2026-09-03 05:50:00,694.0,695.09,693.99,694.8,765.781
2026-09-03 05:55:00,694.81,695.48,694.81,695.37,242.98
2026-09-03 06:00:00,695.37,695.42,694.84,695.05,330.122
2026-09-03 06:05:00,695.04,695.4,694.8,694.83,235.47
2026-09-03 06:10:00,694.84,695.54,694.84,695.07,298.368
2026-09-03 06:15:00,695.08,696.0,694.91,695.71,345.84
2026-09-03 06:20:00,695.71,695.98,695.54,695.84,315.326
2026-09-03 06:25:00,695.83,696.82,695.83,696.77,1430.042
2026-09-03 06:30:00,696.77,696.77,695.87,696.39,178.08
2026-09-03 06:35:00,696.38,697.19,696.15,697.05,331.827
2026-09-03 06:40:00,697.05,697.19,696.65,697.19,251.696
2026-09-03 06:45:00,697.19,697.55,697.0,697.27,266.186
2026-09-03 06:50:00,697.27,697.83,697.12,697.83,266.524
2026-09-03 06:55:00,697.82,698.71,697.63,697.75,654.283
2026-09-03 07:00:00,697.75,699.25,697.66,699.13,1465.391
2026-09-03 07:05:00,699.13,699.45,698.2,698.28,815.614
2026-09-03 07:10:00,698.28,699.02,697.76,698.36,299.652
2026-09-03 07:15:00,698.36,698.41,697.68,698.35,462.075
2026-09-03 07:20:00,698.35,698.5,697.76,697.86,269.599
2026-09-03 07:25:00,697.86,698.2,697.14,697.74,403.577
2026-09-03 07:30:00,697.73,697.89,696.9,697.84,333.86
2026-09-03 07:35:00,697.84,698.16,697.63,698.04,350.566
2026-09-03 07:40:00,698.03,699.0,698.03,698.34,682.864
2026-09-03 07:45:00,698.34,698.76,697.3,697.33,349.07
2026-09-03 07:50:00,697.33,697.6,697.01,697.21,216.824
2026-09-03 07:55:00,697.2,698.15,697.0,697.96,313.583
2026-09-03 08:00:00,697.96,700.0,697.95,700.0,752.271
2026-09-03 08:05:00,700.0,701.68,699.99,700.52,1395.609
2026-09-03 08:10:00,700.52,701.76,700.52,701.47,820.696
2026-09-03 08:15:00,701.46,701.8,701.3,701.79,418.612
2026-09-03 08:20:00,701.79,702.97,701.36,702.77,1799.577
2026-09-03 08:25:00,702.78,702.98,701.74,702.93,435.926
2026-09-03 08:30:00,702.92,703.25,702.38,702.87,725.103
2026-09-03 08:35:00,702.86,702.86,701.94,701.97,396.7
2026-09-03 08:40:00,701.96,702.25,701.15,701.72,610.071
2026-09-03 08:45:00,701.73,702.0,700.85,700.99,364.543
2026-09-03 08:50:00,700.99,701.54,700.89,701.31,376.365
2026-09-03 08:55:00,701.31,701.6,701.14,701.26,211.736
2026-09-03 09:00:00,701.27,701.55,700.92,701.46,378.581
2026-09-03 09:05:00,701.46,702.52,701.22,702.37,492.901
2026-09-03 09:10:00,702.36,702.44,701.5,701.86,506.44
2026-09-03 09:15:00,701.86,703.06,701.84,702.23,475.608
2026-09-03 09:20:00,702.23,702.84,702.07,702.51,273.44
2026-09-03 09:25:00,702.51,702.8,701.6,701.61,310.348
2026-09-03 09:30:00,701.61,701.9,701.14,701.51,343.741
2026-09-03 09:35:00,701.51,701.51,700.86,701.01,349.065
2026-09-03 09:40:00,701.01,701.71,700.43,701.66,333.68
2026-09-03 09:45:00,701.66,702.89,701.3,701.38,315.65
2026-09-03 09:50:00,701.38,702.0,701.05,701.28,290.435
2026-09-03 09:55:00,701.28,701.28,700.78,700.79,112.218
2026-09-03 10:00:00,700.78,702.0,700.51,701.89,437.483
2026-09-03 10:05:00,701.89,702.69,701.65,702.62,1069.586
2026-09-03 10:10:00,702.61,702.61,700.81,701.62,949.557
2026-09-03 10:15:00,701.63,703.39,701.22,703.38,900.495
2026-09-03 10:20:00,703.38,704.74,703.38,703.5,1171.0
2026-09-03 10:25:00,703.49,703.5,702.73,702.89,201.606
2026-09-03 10:30:00,702.89,702.89,701.76,701.78,277.522
2026-09-03 10:35:00,701.79,702.18,701.0,701.85,353.983
2026-09-03 10:40:00,701.85,702.35,701.55,702.33,821.736
2026-09-03 10:45:00,702.33,703.0,702.2,702.56,543.743
2026-09-03 10:50:00,702.57,704.96,702.56,704.77,1316.456
2026-09-03 10:55:00,704.77,705.99,704.58,705.27,844.958
2026-09-03 11:00:00,705.28,707.0,704.86,706.16,2205.081
2026-09-03 11:05:00,706.16,706.16,704.9,705.89,953.7
2026-09-03 11:10:00,705.89,706.28,705.66,706.27,321.372
2026-09-03 11:15:00,706.27,709.5,706.27,708.99,1625.821
2026-09-03 11:20:00,708.98,709.5,707.9,709.12,660.468
2026-09-03 11:25:00,709.12,712.18,708.98,711.79,2685.995
2026-09-03 11:30:00,711.79,713.31,711.23,712.22,1953.638
2026-09-03 11:35:00,712.23,712.23,709.48,710.65,1257.69
2026-09-03 11:40:00,710.64,713.86,710.41,713.69,1804.346
2026-09-03 11:45:00,713.69,715.57,711.84,713.75,3585.262
2026-09-03 11:50:00,713.75,715.43,711.03,711.58,1970.204
2026-09-03 11:55:00,711.58,712.53,711.14,711.43,1191.293
2026-09-03 12:00:00,711.43,712.41,711.18,711.63,1061.733
2026-09-03 12:05:00,711.62,712.26,710.93,712.11,572.028
2026-09-03 12:10:00,712.12,712.3,710.51,710.81,576.492
2026-09-03 12:15:00,710.8,711.27,710.6,710.95,363.358
2026-09-03 12:20:00,710.94,712.23,710.6,712.08,392.086
2026-09-03 12:25:00,712.07,712.07,711.22,711.22,473.225
2026-09-03 12:30:00,711.23,714.55,710.68,714.1,1552.289
2026-09-03 12:35:00,714.09,715.14,713.14,714.42,1146.266
2026-09-03 12:40:00,714.41,714.67,712.08,713.16,796.72
2026-09-03 12:45:00,713.16,714.3,713.08,713.81,451.605
2026-09-03 12:50:00,713.81,714.69,713.4,714.47,582.033
2026-09-03 12:55:00,714.47,715.0,713.53,713.73,702.891
2026-09-03 13:00:00,713.72,714.72,712.81,713.93,1982.173
2026-09-03 13:05:00,713.94,713.99,712.48,712.49,643.141
2026-09-03 13:10:00,712.48,712.8,711.99,712.23,557.344
2026-09-03 13:15:00,712.23,712.51,711.86,712.48,560.11
2026-09-03 13:20:00,712.48,712.89,712.0,712.65,632.038
2026-09-03 13:25:00,712.65,712.65,711.24,711.72,514.174
2026-09-03 13:30:00,711.73,713.17,711.21,712.59,475.751
2026-09-03 13:35:00,712.58,712.9,708.66,711.43,2668.055
2026-09-03 13:40:00,711.43,712.65,711.42,712.07,498.154
2026-09-03 13:45:00,712.06,712.64,711.69,712.02,398.369
2026-09-03 13:50:00,712.02,712.5,711.51,711.51,592.948
2026-09-03 13:55:00,711.52,712.32,711.14,711.66,708.351
2026-09-03 14:00:00,711.66,712.4,711.0,712.37,565.698
2026-09-03 14:05:00,712.37,713.11,711.91,713.02,537.853
2026-09-03 14:10:00,713.03,713.6,712.53,713.47,520.684
2026-09-03 14:15:00,713.47,714.5,713.47,713.99,797.55
2026-09-03 14:20:00,714.0,715.68,714.0,715.44,573.763
2026-09-03 14:25:00,715.44,717.14,715.28,717.07,1813.9
2026-09-03 14:30:00,717.07,719.18,716.31,719.04,2383.363
2026-09-03 14:35:00,719.05,719.52,718.0,718.62,1454.112
2026-09-03 14:40:00,718.63,719.7,718.08,718.85,790.154
2026-09-03 14:45:00,718.85,721.94,718.82,721.43,3687.814
2026-09-03 14:50:00,721.43,721.84,719.45,721.81,2238.123
2026-09-03 14:55:00,721.81,722.65,720.35,722.26,1993.749
2026-09-03 15:00:00,722.26,724.0,721.66,722.13,2156.764
2026-09-03 15:05:00,722.13,722.19,720.44,720.56,1530.094
2026-09-03 15:10:00,720.56,720.83,718.78,719.63,1467.13
2026-09-03 15:15:00,719.63,720.0,718.57,718.71,1051.193
2026-09-03 15:20:00,718.72,720.0,718.34,720.0,1066.185
2026-09-03 15:25:00,719.99,719.99,718.83,718.86,509.382
2026-09-03 15:30:00,718.87,720.09,718.64,719.94,808.931
2026-09-03 15:35:00,719.93,720.41,719.5,720.25,857.731
2026-09-03 15:40:00,720.25,721.42,720.17,720.41,864.338
2026-09-03 15:45:00,720.41,721.0,720.2,720.99,1146.726
2026-09-03 15:50:00,721.0,724.6,721.0,724.42,1998.524
2026-09-03 15:55:00,724.41,728.0,724.31,727.56,3582.001
2026-09-03 16:00:00,727.62,727.98,723.41,723.54,2108.372
2026-09-03 16:05:00,723.53,724.31,720.2,723.85,3429.758
2026-09-03 16:10:00,723.85,723.99,721.43,721.7,1218.001
2026-09-03 16:15:00,721.69,721.84,719.94,720.2,876.169
2026-09-03 16:20:00,720.2,720.68,719.49,719.75,785.039
2026-09-03 16:25:00,719.75,719.88,718.82,719.61,585.603
2026-09-03 16:30:00,719.61,721.58,719.61,721.58,638.402
2026-09-03 16:35:00,721.58,721.59,720.51,720.87,899.453
2026-09-03 16:40:00,720.87,721.33,720.52,721.2,456.318
2026-09-03 16:45:00,721.2,722.64,721.06,722.46,459.915
2026-09-03 16:50:00,722.46,722.75,721.96,722.64,382.482
2026-09-03 16:55:00,722.65,722.86,722.02,722.02,277.738
2026-09-03 17:00:00,722.03,722.54,721.72,722.54,222.583
2026-09-03 17:05:00,722.53,722.6,721.7,722.19,498.734
2026-09-03 17:10:00,722.19,722.61,721.87,722.42,600.904
2026-09-03 17:15:00,722.42,722.42,720.6,720.61,951.22
2026-09-03 17:20:00,720.61,720.68,719.79,720.18,1439.915
2026-09-03 17:25:00,720.17,720.64,719.67,720.14,757.384
2026-09-03 17:30:00,720.14,721.49,720.13,721.49,481.009
2026-09-03 17:35:00,721.49,722.17,721.06,721.8,337.671
2026-09-03 17:40:00,721.8,722.07,721.53,721.8,190.93
2026-09-03 17:45:00,721.79,722.75,721.57,722.75,275.401
2026-09-03 17:50:00,722.75,722.79,722.0,722.06,587.846
2026-09-03 17:55:00,722.06,722.25,721.5,721.9,221.693
2026-09-03 18:00:00,721.9,722.82,721.45,722.48,523.365
2026-09-03 18:05:00,722.47,723.11,721.85,722.93,399.151
2026-09-03 18:10:00,722.93,722.94,721.11,722.15,983.1
2026-09-03 18:15:00,722.14,722.28,721.67,721.67,227.802
2026-09-03 18:20:00,721.67,721.83,721.21,721.79,245.111
2026-09-03 18:25:00,721.78,721.79,720.32,720.33,205.259
2026-09-03 18:30:00,720.33,720.86,720.03,720.35,286.328
2026-09-03 18:35:00,720.35,720.7,720.2,720.35,142.26
2026-09-03 18:40:00,720.34,720.53,719.97,720.52,215.191
2026-09-03 18:45:00,720.52,721.49,720.52,721.49,217.547
2026-09-03 18:50:00,721.48,722.18,721.37,721.9,142.396
2026-09-03 18:55:00,721.9,722.51,721.9,722.31,126.054
2026-09-03 19:00:00,722.3,723.25,722.05,723.25,265.048
2026-09-03 19:05:00,723.25,724.33,721.49,721.83,474.049
2026-09-03 19:10:00,721.84,721.97,721.46,721.57,156.09
2026-09-03 19:15:00,721.58,722.4,721.3,722.4,147.559
2026-09-03 19:20:00,722.41,724.4,722.4,723.78,466.183
2026-09-03 19:25:00,723.78,724.48,723.25,724.48,323.153
2026-09-03 19:30:00,724.48,724.88,723.67,723.78,591.871
2026-09-03 19:35:00,723.78,724.66,723.51,724.66,313.708
2026-09-03 19:40:00,724.65,725.0,724.08,724.53,171.069
2026-09-03 19:45:00,724.52,724.72,722.75,722.8,290.717
2026-09-03 19:50:00,722.8,724.28,722.8,723.8,416.862
2026-09-03 19:55:00,723.79,724.6,723.63,724.59,218.594
2026-09-03 20:00:00,724.6,724.89,722.52,724.21,346.263
2026-09-03 20:05:00,724.21,724.67,723.8,724.19,287.242
2026-09-03 20:10:00,724.2,724.2,722.92,722.93,199.762
2026-09-03 20:15:00,722.93,723.87,722.87,723.19,85.969
2026-09-03 20:20:00,723.19,723.25,722.63,722.7,401.083
2026-09-03 20:25:00,722.7,724.1,722.58,723.9,211.491
2026-09-03 20:30:00,723.9,724.3,722.94,722.95,156.382
2026-09-03 20:35:00,722.94,724.93,722.43,724.9,533.79
2026-09-03 20:40:00,724.9,724.9,724.31,724.54,257.441
2026-09-03 20:45:00,724.53,724.92,724.19,724.43,148.233
2026-09-03 20:50:00,724.42,724.85,724.08,724.45,377.761
2026-09-03 20:55:00,724.46,724.6,724.06,724.16,340.809
2026-09-03 21:00:00,724.17,724.68,723.32,723.73,304.905
2026-09-03 21:05:00,723.72,724.23,723.58,724.09,159.645
2026-09-03 21:10:00,724.1,725.49,724.1,725.48,353.235
2026-09-03 21:15:00,725.47,725.87,725.27,725.48,153.195
2026-09-03 21:20:00,725.47,725.75,724.35,724.36,198.554
2026-09-03 21:25:00,724.35,725.23,724.28,725.22,257.575
2026-09-03 21:30:00,725.23,727.58,725.23,726.91,720.664
2026-09-03 21:35:00,726.91,726.91,724.58,724.6,419.8
2026-09-03 21:40:00,724.61,724.94,724.08,724.62,459.18
2026-09-03 21:45:00,724.63,724.8,723.49,724.8,397.961
2026-09-03 21:50:00,724.8,725.94,724.8,725.87,233.949
2026-09-03 21:55:00,725.87,725.88,724.9,724.97,155.673
2026-09-03 22:00:00,724.97,725.32,723.69,724.98,206.393
2026-09-03 22:05:00,724.99,725.2,724.09,724.46,404.535
2026-09-03 22:10:00,724.46,724.66,723.93,724.63,580.054
2026-09-03 22:15:00,724.63,725.52,724.63,725.01,193.604
2026-09-03 22:20:00,725.0,725.4,724.23,724.23,153.081
2026-09-03 22:25:00,724.23,724.25,722.25,722.38,517.621
2026-09-03 22:30:00,722.38,722.57,720.58,721.47,623.106
2026-09-03 22:35:00,721.47,722.82,721.24,722.53,781.29
2026-09-03 22:40:00,722.53,723.24,722.53,723.19,292.221
2026-09-03 22:45:00,723.2,723.78,722.72,722.98,335.707
2026-09-03 22:50:00,722.98,723.57,722.71,723.41,117.316
2026-09-03 22:55:00,723.4,724.01,723.12,723.65,175.721
2026-09-03 23:00:00,723.65,724.04,723.31,723.99,155.133
2026-09-03 23:05:00,724.0,724.4,724.0,724.33,137.466
2026-09-03 23:10:00,724.34,724.4,723.46,723.74,296.435
2026-09-03 23:15:00,723.74,724.43,723.54,724.42,260.92
2026-09-03 23:20:00,724.42,724.72,723.96,724.22,254.868
2026-09-03 23:25:00,724.22,724.75,724.0,724.75,182.585
2026-09-03 23:30:00,724.74,724.75,723.71,724.05,86.653
2026-09-03 23:35:00,724.04,725.33,723.9,725.3,313.096
2026-09-03 23:40:00,725.31,725.43,724.36,724.55,280.898
2026-09-03 23:45:00,724.56,724.78,724.1,724.63,450.186
2026-09-03 23:50:00,724.64,725.23,724.64,725.12,261.817
2026-09-03 23:55:00,725.11,725.38,724.9,725.22,196.815
2026-09-04 00:00:00,725.22,725.38,724.46,724.97,528.729
2026-09-04 00:05:00,724.97,725.28,724.4,725.19,312.311
2026-09-04 00:10:00,725.2,725.66,724.55,725.65,1118.336
2026-09-04 00:15:00,725.66,727.92,725.65,726.82,900.52
2026-09-04 00:20:00,726.83,727.35,726.54,727.12,375.956
2026-09-04 00:25:00,727.11,727.11,725.64,726.24,291.319
2026-09-04 00:30:00,726.23,727.5,725.76,727.27,527.499
2026-09-04 00:35:00,727.27,728.0,727.0,727.99,681.565
2026-09-04 00:40:00,728.0,729.9,727.43,728.15,1786.377
2026-09-04 00:45:00,728.16,728.18,723.71,724.6,1247.391
2026-09-04 00:50:00,724.6,725.51,723.83,724.23,454.543
2026-09-04 00:55:00,724.22,724.23,721.54,721.66,1289.548
2026-09-04 01:00:00,721.66,723.25,721.66,721.96,735.687
2026-09-04 01:05:00,721.97,723.78,721.76,723.19,1064.893
2026-09-04 01:10:00,723.18,723.69,722.03,722.45,356.5
2026-09-04 01:15:00,722.46,723.0,722.22,722.23,180.312
2026-09-04 01:20:00,722.23,723.2,721.0,721.09,498.817
2026-09-04 01:25:00,721.09,721.2,719.88,720.2,2891.71
2026-09-04 01:30:00,720.2,721.04,719.41,719.6,1015.422
2026-09-04 01:35:00,719.6,720.51,719.54,720.06,482.957
2026-09-04 01:40:00,720.06,720.16,718.22,719.35,1165.641
2026-09-04 01:45:00,719.35,720.82,719.0,720.62,422.065
2026-09-04 01:50:00,720.63,722.12,720.62,722.12,313.815
2026-09-04 01:55:00,722.12,722.56,721.69,722.3,454.044
2026-09-04 02:00:00,722.3,722.3,721.4,721.42,287.251
2026-09-04 02:05:00,721.43,722.0,721.35,721.53,172.653
2026-09-04 02:10:00,721.54,721.91,721.34,721.9,336.064
2026-09-04 02:15:00,721.89,722.56,721.39,721.96,389.575
2026-09-04 02:20:00,721.95,721.95,720.8,721.0,408.288
2026-09-04 02:25:00,720.99,721.4,720.27,721.4,631.046
2026-09-04 02:30:00,721.4,722.43,721.4,721.92,266.83
2026-09-04 02:35:00,721.91,723.41,721.62,723.41,446.239
2026-09-04 02:40:00,723.4,723.63,723.08,723.13,217.803
2026-09-04 02:45:00,723.13,723.13,722.36,722.54,217.691
2026-09-04 02:50:00,722.54,723.59,722.35,723.59,367.047
2026-09-04 02:55:00,723.59,724.32,723.55,724.2,155.427
2026-09-04 03:00:00,724.21,724.61,724.01,724.09,288.371
2026-09-04 03:05:00,724.09,725.19,724.09,724.64,344.089
2026-09-04 03:10:00,724.64,724.82,724.03,724.82,344.511
2026-09-04 03:15:00,724.81,725.06,724.48,724.73,261.335
2026-09-04 03:20:00,724.73,724.93,724.52,724.83,250.896
2026-09-04 03:25:00,724.83,724.93,724.2,724.88,665.22
2026-09-04 03:30:00,724.88,725.15,723.78,723.99,790.209
2026-09-04 03:35:00,723.98,724.49,723.79,724.44,166.758
2026-09-04 03:40:00,724.39,724.6,724.2,724.41,136.231
2026-09-04 03:45:00,724.42,724.42,723.72,723.9,212.685
2026-09-04 03:50:00,723.91,724.35,723.81,724.35,145.338
2026-09-04 03:55:00,724.34,724.4,723.51,723.54,370.864
2026-09-04 04:00:00,723.54,724.23,723.53,724.18,300.336
2026-09-04 04:05:00,724.18,724.18,723.85,723.86,143.719
2026-09-04 04:10:00,723.85,724.51,723.55,724.51,170.202
2026-09-04 04:15:00,724.5,725.86,724.35,725.76,919.68
2026-09-04 04:20:00,725.76,727.15,725.75,727.15,626.594
2026-09-04 04:25:00,727.15,729.36,726.61,728.65,1325.788
2026-09-04 04:30:00,728.65,728.91,727.31,727.31,567.854
2026-09-04 04:35:00,727.31,727.52,726.13,726.29,852.314
2026-09-04 04:40:00,726.29,726.29,725.47,726.06,604.642
2026-09-04 04:45:00,726.05,726.76,725.98,726.4,340.034
2026-09-04 04:50:00,726.4,726.57,725.68,726.02,465.277
2026-09-04 04:55:00,726.02,726.54,726.01,726.01,310.456
2026-09-04 05:00:00,726.02,726.28,725.52,725.85,461.722
2026-09-04 05:05:00,725.86,726.62,725.65,725.96,262.182
2026-09-04 05:10:00,725.95,726.06,724.95,724.96,446.826
2026-09-04 05:15:00,724.95,725.68,724.68,725.57,444.837
2026-09-04 05:20:00,725.56,725.56,724.73,725.07,413.89
2026-09-04 05:25:00,725.07,725.27,724.44,724.45,276.799
2026-09-04 05:30:00,724.44,724.44,723.42,723.94,300.613
2026-09-04 05:35:00,723.94,725.18,723.62,723.65,507.21
2026-09-04 05:40:00,723.65,724.49,723.59,724.49,312.481
2026-09-04 05:45:00,724.5,725.04,723.27,723.28,376.681
2026-09-04 05:50:00,723.28,723.5,723.13,723.36,345.94
2026-09-04 05:55:00,723.36,725.18,723.36,724.83,740.359
2026-09-04 06:00:00,724.83,725.01,723.84,724.2,540.228
2026-09-04 06:05:00,724.21,725.23,723.87,724.74,704.453
2026-09-04 06:10:00,724.74,725.39,724.23,724.24,286.735
2026-09-04 06:15:00,724.23,724.24,723.45,723.68,96.837
2026-09-04 06:20:00,723.68,723.68,722.24,722.25,179.359
2026-09-04 06:25:00,722.25,722.32,721.21,721.32,532.748
2026-09-04 06:30:00,721.32,721.39,720.59,720.85,276.378
2026-09-04 06:35:00,720.85,721.34,720.0,721.16,477.005
2026-09-04 06:40:00,721.16,721.93,721.02,721.5,560.182
2026-09-04 06:45:00,721.5,721.55,720.44,720.53,236.048
2026-09-04 06:50:00,720.53,720.78,719.81,720.78,394.728
2026-09-04 06:55:00,720.78,720.92,720.02,720.35,461.347
2026-09-04 07:00:00,720.35,721.2,720.2,721.19,437.595
2026-09-04 07:05:00,721.18,721.59,721.03,721.47,696.021
2026-09-04 07:10:00,721.47,722.45,721.36,721.97,670.915
2026-09-04 07:15:00,721.96,721.97,721.55,721.75,454.21
2026-09-04 07:20:00,721.76,721.96,721.17,721.34,498.791
2026-09-04 07:25:00,721.34,721.41,720.6,720.61,464.84
2026-09-04 07:30:00,720.61,720.77,717.36,717.75,2125.041
2026-09-04 07:35:00,717.76,717.76,715.45,716.5,1681.558
2026-09-04 07:40:00,716.5,716.86,715.84,716.01,617.26
2026-09-04 07:45:00,716.01,716.15,714.69,715.51,1251.159
2026-09-04 07:50:00,715.5,715.77,714.21,714.24,860.876
2026-09-04 07:55:00,714.23,715.09,714.11,714.5,866.42
2026-09-04 08:00:00,714.51,715.05,713.9,714.39,595.939
2026-09-04 08:05:00,714.4,716.27,713.75,716.12,706.384
2026-09-04 08:10:00,716.12,716.58,715.91,716.36,482.877
2026-09-04 08:15:00,716.36,717.21,716.06,716.82,921.304
2026-09-04 08:20:00,716.81,717.97,716.52,717.83,521.768
2026-09-04 08:25:00,717.83,718.17,717.5,718.01,307.833
2026-09-04 08:30:00,718.01,718.42,717.81,718.0,545.734
2026-09-04 08:35:00,718.0,718.13,717.28,717.49,541.937
2026-09-04 08:40:00,717.49,717.68,716.93,717.09,726.457
2026-09-04 08:45:00,717.09,718.48,716.27,717.44,894.511
2026-09-04 08:50:00,717.45,719.49,717.45,719.23,862.327
2026-09-04 08:55:00,719.22,719.27,718.7,719.08,458.011
2026-09-04 09:00:00,719.08,719.52,718.61,719.41,511.51
2026-09-04 09:05:00,719.4,719.94,719.36,719.36,317.574
2026-09-04 09:10:00,719.37,720.0,719.19,719.64,565.851
2026-09-04 09:15:00,719.65,720.78,719.11,720.09,858.45
2026-09-04 09:20:00,720.09,720.29,717.77,717.77,468.822
2026-09-04 09:25:00,717.76,718.52,717.3,718.17,204.147
2026-09-04 09:30:00,718.16,719.47,717.79,718.86,319.738
2026-09-04 09:35:00,718.85,719.81,718.37,719.55,414.479
2026-09-04 09:40:00,719.56,719.92,719.04,719.05,248.511
2026-09-04 09:45:00,719.04,719.56,718.74,719.04,258.265
2026-09-04 09:50:00,719.03,719.46,718.61,719.38,458.857
2026-09-04 09:55:00,719.37,719.44,718.79,718.8,522.946
2026-09-04 10:00:00,718.81,718.91,718.04,718.7,505.179
2026-09-04 10:05:00,718.7,718.75,717.31,717.4,432.002
2026-09-04 10:10:00,717.39,717.6,716.82,716.93,374.831
2026-09-04 10:15:00,716.93,717.0,715.98,716.85,539.369
2026-09-04 10:20:00,716.85,718.11,716.85,718.11,434.378
2026-09-04 10:25:00,718.1,719.57,717.99,719.49,465.756
2026-09-04 10:30:00,719.48,720.52,718.99,719.35,720.999
2026-09-04 10:35:00,719.35,721.4,719.34,721.39,466.249
2026-09-04 10:40:00,721.39,722.15,720.98,721.41,497.519
2026-09-04 10:45:00,721.4,721.86,721.05,721.48,285.19
2026-09-04 10:50:00,721.48,721.8,720.64,721.8,314.483
2026-09-04 10:55:00,721.81,722.52,721.58,722.52,446.687
2026-09-04 11:00:00,722.52,722.76,721.86,722.55,438.536
2026-09-04 11:05:00,722.55,724.0,722.54,723.29,778.554
2026-09-04 11:10:00,723.3,723.55,722.74,723.48,168.752
2026-09-04 11:15:00,723.48,724.0,723.29,723.62,390.624
2026-09-04 11:20:00,723.61,724.23,723.0,724.17,532.008
2026-09-04 11:25:00,724.16,724.71,723.92,724.46,410.581
2026-09-04 11:30:00,724.45,724.76,723.92,724.24,714.042
2026-09-04 11:35:00,724.24,724.77,724.23,724.51,260.643
2026-09-04 11:40:00,724.51,724.79,724.09,724.76,303.424
2026-09-04 11:45:00,724.76,724.77,724.43,724.69,282.123
2026-09-04 11:50:00,724.69,725.05,723.76,724.36,597.466
2026-09-04 11:55:00,724.37,724.7,724.14,724.39,198.479
2026-09-04 12:00:00,724.4,724.95,723.73,724.8,418.1
2026-09-04 12:05:00,724.8,726.0,724.21,725.58,412.237
2026-09-04 12:10:00,725.59,726.34,725.2,725.9,728.474
2026-09-04 12:15:00,725.89,725.9,724.84,725.16,473.75
2026-09-04 12:20:00,725.16,725.46,724.35,725.45,390.136
2026-09-04 12:25:00,725.44,727.35,725.2,726.97,659.398
2026-09-04 12:30:00,726.96,726.96,712.02,716.15,9339.101
2026-09-04 12:35:00,716.15,718.6,714.12,718.6,4511.727
2026-09-04 12:40:00,718.6,720.18,715.46,715.86,1268.45
2026-09-04 12:45:00,715.86,715.88,710.52,714.57,4898.962
2026-09-04 12:50:00,714.57,716.85,714.0,716.68,1006.255
2026-09-04 12:55:00,716.68,716.71,714.02,715.2,1195.334
2026-09-04 13:00:00,715.2,716.8,714.76,715.31,987.331
2026-09-04 13:05:00,715.3,715.72,713.73,714.37,960.408
2026-09-04 13:10:00,714.37,715.18,713.91,714.19,631.034
2026-09-04 13:15:00,714.2,716.58,713.88,715.74,718.308
2026-09-04 13:20:00,715.74,716.57,715.54,715.8,712.885
2026-09-04 13:25:00,715.79,716.52,714.67,714.68,574.155
2026-09-04 13:30:00,714.68,716.54,713.89,714.5,735.054
2026-09-04 13:35:00,714.5,715.73,712.02,715.71,974.815
2026-09-04 13:40:00,715.7,716.11,714.82,715.88,1423.66
2026-09-04 13:45:00,715.88,718.72,715.33,717.17,731.242
2026-09-04 13:50:00,717.17,717.25,714.61,714.92,718.014
2026-09-04 13:55:00,714.91,716.09,714.83,715.16,540.723
2026-09-04 14:00:00,715.16,716.2,715.02,715.94,317.28
2026-09-04 14:05:00,715.94,716.5,714.8,714.8,510.883
2026-09-04 14:10:00,714.79,716.09,714.45,715.75,277.912
2026-09-04 14:15:00,715.76,716.21,714.07,714.07,262.666
2026-09-04 14:20:00,714.07,714.29,713.0,713.41,1502.416
2026-09-04 14:25:00,713.41,715.07,713.41,714.75,711.574
2026-09-04 14:30:00,714.75,715.22,714.31,715.07,508.889
2026-09-04 14:35:00,715.06,715.94,713.53,714.25,669.423
2026-09-04 14:40:00,714.25,714.3,710.68,711.99,991.761
2026-09-04 14:45:00,712.0,712.95,708.88,709.0,1516.916
2026-09-04 14:50:00,708.99,711.53,708.88,710.25,1891.572
2026-09-04 14:55:00,710.25,712.2,710.25,711.68,516.631
2026-09-04 15:00:00,711.68,713.62,710.64,713.39,630.899
2026-09-04 15:05:00,713.4,714.27,712.73,714.27,457.846
2026-09-04 15:10:00,714.27,715.0,713.79,714.82,565.421
2026-09-04 15:15:00,714.82,715.65,714.63,715.42,398.34
2026-09-04 15:20:00,715.43,716.14,715.14,716.07,407.915
2026-09-04 15:25:00,716.08,716.63,715.9,716.39,420.958
2026-09-04 15:30:00,716.39,716.85,716.12,716.16,293.712
2026-09-04 15:35:00,716.16,717.1,716.16,717.04,447.406
2026-09-04 15:40:00,717.03,717.79,717.03,717.48,225.809
2026-09-04 15:45:00,717.47,717.48,716.0,716.11,418.018
2026-09-04 15:50:00,716.11,717.28,716.04,716.64,346.57
2026-09-04 15:55:00,716.65,717.29,716.49,716.64,394.468
2026-09-04 16:00:00,716.64,716.83,716.39,716.39,259.406
2026-09-04 16:05:00,716.4,717.11,716.02,717.0,544.157
2026-09-04 16:10:00,717.01,718.16,716.81,716.81,721.328
2026-09-04 16:15:00,716.82,717.81,716.81,717.31,709.496
2026-09-04 16:20:00,717.32,718.69,717.31,718.32,614.21
2026-09-04 16:25:00,718.31,718.37,717.69,718.09,505.372
2026-09-04 16:30:00,718.09,720.43,718.08,720.16,1259.405
2026-09-04 16:35:00,720.17,720.44,719.46,719.63,431.579
2026-09-04 16:40:00,719.63,720.95,719.59,720.95,298.615
2026-09-04 16:45:00,720.94,721.5,720.19,720.83,602.924
2026-09-04 16:50:00,720.82,720.97,719.93,720.07,716.282
2026-09-04 16:55:00,720.07,720.32,719.38,719.45,314.732
2026-09-04 17:00:00,719.45,719.56,718.52,718.64,309.854
2026-09-04 17:05:00,718.65,719.05,718.54,718.88,261.381
2026-09-04 17:10:00,718.88,719.12,718.36,718.37,386.666
2026-09-04 17:15:00,718.37,718.37,717.6,718.04,437.544
2026-09-04 17:20:00,718.04,718.22,717.14,717.89,311.67
2026-09-04 17:25:00,717.88,718.08,717.39,717.51,241.003
2026-09-04 17:30:00,717.5,718.02,717.5,717.84,164.304
2026-09-04 17:35:00,717.84,717.91,717.26,717.82,215.549
2026-09-04 17:40:00,717.82,717.82,717.14,717.63,155.517
2026-09-04 17:45:00,717.63,717.64,716.59,717.27,881.583
2026-09-04 17:50:00,717.27,717.4,716.73,717.37,179.862
2026-09-04 17:55:00,717.38,717.38,716.6,716.9,169.768
2026-09-04 18:00:00,716.9,717.92,716.9,717.75,140.879
2026-09-04 18:05:00,717.75,718.0,717.39,717.94,234.884
2026-09-04 18:10:00,717.95,717.95,716.46,716.79,700.0
2026-09-04 18:15:00,716.8,717.99,716.79,717.99,214.219
2026-09-04 18:20:00,718.0,718.34,718.0,718.26,279.499
2026-09-04 18:25:00,718.26,718.49,717.94,718.13,433.17
2026-09-04 18:30:00,718.13,718.66,718.13,718.66,103.76
2026-09-04 18:35:00,718.66,718.66,718.19,718.53,126.127
2026-09-04 18:40:00,718.54,718.9,718.4,718.75,186.847
2026-09-04 18:45:00,718.74,718.75,718.28,718.31,142.789
2026-09-04 18:50:00,718.31,718.54,718.12,718.53,81.021
2026-09-04 18:55:00,718.53,719.08,718.18,718.91,189.722
2026-09-04 19:00:00,718.92,719.97,718.92,719.42,243.644
2026-09-04 19:05:00,719.42,719.57,719.11,719.32,128.08
2026-09-04 19:10:00,719.32,719.69,719.11,719.68,77.858
2026-09-04 19:15:00,719.69,720.82,719.68,720.82,285.9
2026-09-04 19:20:00,720.82,721.32,720.65,721.32,167.593
2026-09-04 19:25:00,721.32,721.41,721.13,721.16,138.779
2026-09-04 19:30:00,721.16,721.16,720.64,720.9,258.44
2026-09-04 19:35:00,720.89,720.9,720.27,720.28,110.902
2026-09-04 19:40:00,720.28,720.62,720.28,720.49,155.307
2026-09-04 19:45:00,720.48,721.08,720.39,721.08,192.135
2026-09-04 19:50:00,721.08,721.2,719.31,720.11,467.363
2026-09-04 19:55:00,720.12,720.84,719.66,720.1,241.959
2026-09-04 20:00:00,720.1,721.17,720.03,720.65,341.587
2026-09-04 20:05:00,720.64,720.64,720.08,720.2,154.31
2026-09-04 20:10:00,720.2,720.5,719.73,720.0,204.169
2026-09-04 20:15:00,719.99,720.44,719.84,720.15,118.726
2026-09-04 20:20:00,720.15,720.29,719.24,719.24,203.044
2026-09-04 20:25:00,719.23,719.44,719.17,719.22,72.03
2026-09-04 20:30:00,719.22,719.25,719.01,719.06,52.137
2026-09-04 20:35:00,719.06,719.68,719.06,719.32,198.673
2026-09-04 20:40:00,719.32,719.4,718.89,719.18,202.127
2026-09-04 20:45:00,719.18,719.18,718.8,718.93,240.262
2026-09-04 20:50:00,718.93,718.93,718.16,718.44,271.32
2026-09-04 20:55:00,718.43,718.45,718.17,718.18,185.321
2026-09-04 21:00:00,718.18,718.36,717.82,718.24,282.497
2026-09-04 21:05:00,718.24,719.12,718.14,718.85,146.422
2026-09-04 21:10:00,718.85,719.16,718.84,718.89,198.889
2026-09-04 21:15:00,718.9,719.26,718.9,719.06,67.11
2026-09-04 21:20:00,719.07,719.21,718.9,718.9,35.96
2026-09-04 21:25:00,718.9,718.95,717.84,718.22,226.001
2026-09-04 21:30:00,718.21,718.61,718.12,718.21,166.585
2026-09-04 21:35:00,718.21,718.77,718.21,718.47,107.572
2026-09-04 21:40:00,718.48,718.94,718.0,718.14,240.33
2026-09-04 21:45:00,718.12,718.5,718.12,718.29,30.162
2026-09-04 21:50:00,718.3,718.62,716.83,717.22,243.484
2026-09-04 21:55:00,717.22,717.62,716.48,717.42,287.277
2026-09-04 22:00:00,717.42,718.37,717.42,717.85,153.016
2026-09-04 22:05:00,717.85,718.21,717.69,717.99,122.665
2026-09-04 22:10:00,717.99,718.36,717.75,718.36,102.945
2026-09-04 22:15:00,718.36,718.36,717.84,718.05,77.52
2026-09-04 22:20:00,718.05,718.49,717.79,718.29,59.583
2026-09-04 22:25:00,718.28,718.48,718.22,718.48,89.091
2026-09-04 22:30:00,718.47,718.48,718.0,718.02,166.176
2026-09-04 22:35:00,718.01,718.68,718.01,718.63,76.705
2026-09-04 22:40:00,718.63,719.04,718.61,718.61,152.864
2026-09-04 22:45:00,718.6,718.61,718.35,718.56,62.317
2026-09-04 22:50:00,718.57,719.12,718.57,718.77,95.503
2026-09-04 22:55:00,718.78,719.02,718.68,718.69,51.789
2026-09-04 23:00:00,718.69,718.84,718.45,718.83,50.717
2026-09-04 23:05:00,718.84,719.12,718.76,719.05,97.036
2026-09-04 23:10:00,719.04,719.42,719.04,719.28,56.354
2026-09-04 23:15:00,719.29,719.5,718.75,719.5,176.92
2026-09-04 23:20:00,719.5,720.7,719.49,720.59,245.177
2026-09-04 23:25:00,720.58,721.0,720.29,720.72,199.008
2026-09-04 23:30:00,720.73,720.84,720.27,720.28,151.876
2026-09-04 23:35:00,720.27,721.18,720.27,721.03,234.107
2026-09-04 23:40:00,721.03,721.32,721.01,721.16,265.801
2026-09-04 23:45:00,721.15,721.27,721.02,721.03,200.373
2026-09-04 23:50:00,721.02,721.05,720.73,720.75,138.887
2026-09-04 23:55:00,720.74,721.51,720.74,721.37,267.076
2026-09-05 00:00:00,721.38,721.53,721.03,721.53,460.014
2026-09-05 00:05:00,721.54,722.0,721.5,722.0,854.88
2026-09-05 00:10:00,721.99,722.0,721.08,721.21,722.693
2026-09-05 00:15:00,721.2,721.2,720.1,720.15,704.323
2026-09-05 00:20:00,720.15,720.34,720.14,720.15,246.9
2026-09-05 00:25:00,720.15,720.33,720.01,720.08,148.335
2026-09-05 00:30:00,720.07,720.66,720.0,720.31,199.134
2026-09-05 00:35:00,720.32,720.41,720.24,720.33,113.331
2026-09-05 00:40:00,720.33,720.77,720.29,720.64,212.682
2026-09-05 00:45:00,720.63,720.74,719.61,719.75,276.004
2026-09-05 00:50:00,719.75,720.42,719.75,720.15,92.734
2026-09-05 00:55:00,720.15,720.19,719.49,719.69,177.07
2026-09-05 01:00:00,719.7,720.01,719.49,719.92,257.329
2026-09-05 01:05:00,719.93,720.2,719.71,720.16,146.529
2026-09-05 01:10:00,720.16,720.48,719.49,719.49,216.793
2026-09-05 01:15:00,719.5,720.81,719.5,720.79,236.054
2026-09-05 01:20:00,720.8,720.98,720.03,720.56,350.023
2026-09-05 01:25:00,720.56,722.54,720.52,722.54,338.555
2026-09-05 01:30:00,722.55,723.71,722.36,723.39,589.024
2026-09-05 01:35:00,723.38,723.39,722.36,722.45,213.073
2026-09-05 01:40:00,722.44,723.06,722.36,722.67,336.78
2026-09-05 01:45:00,722.68,722.8,721.68,721.8,259.913
2026-09-05 01:50:00,721.79,722.6,721.42,721.92,185.989
2026-09-05 01:55:00,721.92,721.93,720.32,720.32,386.98
2026-09-05 02:00:00,720.32,720.68,719.8,720.2,482.382
2026-09-05 02:05:00,720.2,720.83,720.19,720.75,182.341
2026-09-05 02:10:00,720.76,721.51,720.76,721.29,177.011
2026-09-05 02:15:00,721.29,721.38,720.67,720.68,290.945
2026-09-05 02:20:00,720.68,721.18,720.45,720.9,336.512
2026-09-05 02:25:00,720.91,721.04,720.01,720.4,429.347
2026-09-05 02:30:00,720.39,721.02,720.07,720.44,868.28
2026-09-05 02:35:00,720.44,721.31,720.44,721.3,223.001
2026-09-05 02:40:00,721.31,721.8,721.3,721.32,343.947
2026-09-05 02:45:00,721.32,721.33,720.53,720.56,369.823
2026-09-05 02:50:00,720.56,720.87,720.15,720.78,273.963
2026-09-05 02:55:00,720.79,721.04,720.7,720.86,376.562
2026-09-05 03:00:00,720.87,721.39,720.8,721.39,225.274
2026-09-05 03:05:00,721.4,721.96,721.32,721.8,265.597
2026-09-05 03:10:00,721.81,722.32,721.36,721.47,340.413
2026-09-05 03:15:00,721.48,722.75,721.47,722.61,235.4
2026-09-05 03:20:00,722.62,723.32,722.47,723.31,423.497
2026-09-05 03:25:00,723.31,723.4,723.07,723.2,238.894
2026-09-05 03:30:00,723.19,723.45,723.15,723.45,197.421
2026-09-05 03:35:00,723.44,724.5,723.44,724.35,1342.704
2026-09-05 03:40:00,724.34,725.0,724.04,724.57,380.334
2026-09-05 03:45:00,724.58,724.67,723.63,723.95,217.585
2026-09-05 03:50:00,723.95,724.18,723.91,724.17,151.091
2026-09-05 03:55:00,724.17,724.17,723.5,723.51,152.626
2026-09-05 04:00:00,723.52,723.52,722.7,722.99,610.423
2026-09-05 04:05:00,723.0,723.13,722.1,722.28,232.709
2026-09-05 04:10:00,722.29,722.54,722.0,722.05,135.237
2026-09-05 04:15:00,722.05,722.35,721.95,722.26,256.24
2026-09-05 04:20:00,722.26,722.44,722.0,722.0,138.29
2026-09-05 04:25:00,722.01,722.08,721.02,721.61,640.613
2026-09-05 04:30:00,721.62,722.35,721.6,722.19,169.464
2026-09-05 04:35:00,722.19,722.19,721.8,721.83,64.939
2026-09-05 04:40:00,721.84,722.46,721.83,722.24,221.91
2026-09-05 04:45:00,722.24,722.27,721.44,721.85,247.927
2026-09-05 04:50:00,721.85,722.08,721.63,722.07,154.046
2026-09-05 04:55:00,722.06,722.08,721.42,721.43,115.169
2026-09-05 05:00:00,721.43,721.51,720.81,720.95,190.566
2026-09-05 05:05:00,720.95,721.76,720.69,721.73,258.516
2026-09-05 05:10:00,721.73,722.42,721.72,722.36,179.547
2026-09-05 05:15:00,722.36,722.85,722.08,722.27,376.908
2026-09-05 05:20:00,722.27,722.6,721.88,722.13,333.158
2026-09-05 05:25:00,722.12,722.54,721.88,722.54,245.394
2026-09-05 05:30:00,722.54,722.89,722.54,722.83,167.485
2026-09-05 05:35:00,722.84,722.84,722.47,722.47,72.685
2026-09-05 05:40:00,722.48,722.66,722.0,722.01,214.393
2026-09-05 05:45:00,722.01,722.07,721.82,721.83,86.889
2026-09-05 05:50:00,721.83,722.58,721.46,722.52,356.07
2026-09-05 05:55:00,722.51,722.84,722.49,722.53,169.385
2026-09-05 06:00:00,722.53,722.53,722.28,722.28,126.113
2026-09-05 06:05:00,722.28,722.72,722.23,722.72,243.62
2026-09-05 06:10:00,722.71,723.05,722.33,722.45,308.302
2026-09-05 06:15:00,722.45,723.15,721.56,722.88,327.567
2026-09-05 06:20:00,722.88,723.06,722.55,722.64,255.44
2026-09-05 06:25:00,722.63,722.81,722.55,722.72,149.172
2026-09-05 06:30:00,722.72,723.98,722.72,723.95,943.177
2026-09-05 06:35:00,723.95,727.6,723.94,727.26,2433.793
2026-09-05 06:40:00,727.26,727.71,726.34,726.34,820.696
2026-09-05 06:45:00,726.33,726.59,725.93,726.0,366.972
2026-09-05 06:50:00,726.0,726.52,725.94,726.47,376.503
2026-09-05 06:55:00,726.47,727.56,726.18,727.16,653.714
2026-09-05 07:00:00,727.16,727.28,726.39,727.27,301.358
2026-09-05 07:05:00,727.28,727.61,726.75,726.94,237.116
2026-09-05 07:10:00,726.95,735.85,726.95,734.45,9310.197
2026-09-05 07:15:00,734.44,735.06,731.06,731.18,1760.428
2026-09-05 07:20:00,731.18,732.75,731.11,731.84,758.208
2026-09-05 07:25:00,731.83,732.87,731.35,732.5,790.108
2026-09-05 07:30:00,732.49,734.82,732.35,734.72,1340.588
2026-09-05 07:35:00,734.72,739.38,733.65,739.0,3881.779
2026-09-05 07:40:00,739.01,739.43,736.34,737.44,2174.57
2026-09-05 07:45:00,737.44,739.14,736.96,737.79,2913.581
2026-09-05 07:50:00,737.78,739.46,737.46,738.78,1037.675
2026-09-05 07:55:00,738.78,739.44,738.12,738.25,1091.596
2026-09-05 08:00:00,738.25,742.2,738.16,739.16,5860.924
2026-09-05 08:05:00,739.16,740.14,738.8,739.34,759.758
2026-09-05 08:10:00,739.34,742.54,738.97,740.94,2920.543
2026-09-05 08:15:00,740.94,747.48,740.38,746.29,6459.522
2026-09-05 08:20:00,746.3,750.0,743.83,748.64,6919.206
2026-09-05 08:25:00,748.65,749.76,745.75,746.76,5450.83
2026-09-05 08:30:00,746.76,748.49,745.94,746.62,2928.963
2026-09-05 08:35:00,746.61,751.81,746.03,750.83,6788.532
2026-09-05 08:40:00,750.82,750.82,748.11,750.03,3524.054
2026-09-05 08:45:00,750.02,752.0,750.02,750.36,3472.863
2026-09-05 08:50:00,750.35,752.46,749.8,751.13,2536.348
2026-09-05 08:55:00,751.13,751.24,748.92,749.75,1466.582
2026-09-05 09:00:00,749.76,750.5,749.16,749.34,1435.494
2026-09-05 09:05:00,749.34,751.47,747.83,750.29,3817.084
2026-09-05 09:10:00,750.28,751.75,748.71,749.13,4946.503
2026-09-05 09:15:00,749.13,750.9,748.96,750.14,1753.497
2026-09-05 09:20:00,750.15,751.74,748.92,750.69,2714.516
2026-09-05 09:25:00,750.69,751.02,748.94,749.3,1679.67
2026-09-05 09:30:00,749.3,750.81,747.86,750.33,2624.806
2026-09-05 09:35:00,750.33,750.66,748.32,748.34,1197.333
2026-09-05 09:40:00,748.34,748.72,743.91,748.05,3819.378
2026-09-05 09:45:00,748.06,748.08,746.68,747.38,1007.945
2026-09-05 09:50:00,747.38,747.79,746.62,747.55,720.292
2026-09-05 09:55:00,747.54,748.54,747.08,747.5,572.199
2026-09-05 10:00:00,747.5,748.88,746.56,748.08,1245.734
2026-09-05 10:05:00,748.09,748.77,746.76,748.66,766.871
2026-09-05 10:10:00,748.66,748.91,747.56,747.6,943.326
2026-09-05 10:15:00,747.59,748.35,747.07,748.13,659.352
2026-09-05 10:20:00,748.12,750.7,747.47,750.42,2471.619
2026-09-05 10:25:00,750.42,750.73,748.0,748.33,1079.536
2026-09-05 10:30:00,748.33,748.33,746.8,748.17,482.973
2026-09-05 10:35:00,748.17,748.5,747.45,747.86,629.381
2026-09-05 10:40:00,747.86,747.98,746.9,747.44,463.483
2026-09-05 10:45:00,747.43,748.61,747.37,748.54,612.458
2026-09-05 10:50:00,748.54,749.18,747.98,748.57,676.265
2026-09-05 10:55:00,748.57,749.07,747.96,748.14,457.049
2026-09-05 11:00:00,748.13,748.81,748.04,748.76,348.967
2026-09-05 11:05:00,748.77,749.14,748.32,748.99,411.787
2026-09-05 11:10:00,748.99,756.88,748.79,753.75,6775.181
2026-09-05 11:15:00,753.74,753.76,751.46,751.46,1112.145
2026-09-05 11:20:00,751.46,752.08,751.22,751.89,433.876
2026-09-05 11:25:00,751.89,752.76,751.57,752.25,418.44
2026-09-05 11:30:00,752.24,752.32,750.95,751.25,646.976
2026-09-05 11:35:00,751.25,751.26,748.85,749.4,1070.24
2026-09-05 11:40:00,749.4,749.55,746.44,747.2,1942.976
2026-09-05 11:45:00,747.2,747.8,745.81,747.72,1229.968
2026-09-05 11:50:00,747.72,748.0,747.23,747.24,383.754
2026-09-05 11:55:00,747.24,748.02,746.72,747.85,881.55
2026-09-05 12:00:00,747.85,751.14,747.84,750.76,1193.22
2026-09-05 12:05:00,750.76,751.41,750.32,750.97,536.874
2026-09-05 12:10:00,750.97,752.56,750.96,751.98,1076.667
2026-09-05 12:15:00,751.99,753.64,751.97,753.63,1112.448
2026-09-05 12:20:00,753.64,755.71,753.49,755.41,1700.857
2026-09-05 12:25:00,755.41,757.24,754.29,756.24,1704.363
2026-09-05 12:30:00,756.24,758.0,754.48,757.25,1508.799
2026-09-05 12:35:00,757.25,757.82,756.26,757.08,1399.231
2026-09-05 12:40:00,757.08,759.88,757.06,757.06,2395.8
2026-09-05 12:45:00,757.05,759.48,756.98,758.94,1136.156
2026-09-05 12:50:00,758.95,765.76,758.9,765.06,11510.974
2026-09-05 12:55:00,765.05,766.77,762.66,763.16,4052.124
2026-09-05 13:00:00,763.16,764.78,762.01,764.59,1576.616
2026-09-05 13:05:00,764.58,765.0,763.18,763.78,2376.166
2026-09-05 13:10:00,763.78,767.76,763.72,767.08,4178.793
2026-09-05 13:15:00,767.08,767.2,765.23,766.51,1927.607
2026-09-05 13:20:00,766.5,767.0,764.9,764.9,1708.131
2026-09-05 13:25:00,764.91,765.17,763.24,763.96,1716.946
2026-09-05 13:30:00,763.96,765.94,762.83,765.72,1618.514
2026-09-05 13:35:00,765.72,766.65,764.43,764.5,2166.969
2026-09-05 13:40:00,764.51,766.6,762.42,764.77,2529.536
2026-09-05 13:45:00,764.77,765.45,763.57,763.71,882.653
2026-09-05 13:50:00,763.71,763.71,758.94,760.63,3504.684
2026-09-05 13:55:00,760.63,761.36,759.32,760.91,2617.391
2026-09-05 14:00:00,760.91,762.27,760.16,761.88,1541.109
2026-09-05 14:05:00,761.87,763.86,761.5,763.8,1287.329
2026-09-05 14:10:00,763.82,764.27,763.01,763.91,1599.522
2026-09-05 14:15:00,763.91,764.31,761.89,761.9,1284.571
2026-09-05 14:20:00,761.9,764.11,761.89,763.5,1464.325
2026-09-05 14:25:00,763.5,765.88,763.2,765.66,3922.405
2026-09-05 14:30:00,765.66,770.0,765.6,769.9,4555.766
2026-09-05 14:35:00,769.91,769.91,767.3,767.88,1889.667
2026-09-05 14:40:00,767.87,769.27,761.99,764.76,12249.211
2026-09-05 14:45:00,764.77,768.14,764.77,767.83,2144.376
2026-09-05 14:50:00,767.83,769.5,767.73,769.11,1085.207
2026-09-05 14:55:00,769.12,770.0,769.11,769.87,1350.429
2026-09-05 15:00:00,769.87,772.31,769.0,770.65,3652.373
2026-09-05 15:05:00,770.65,770.66,768.4,769.16,1029.18
2026-09-05 15:10:00,769.15,770.01,768.52,768.88,743.883
2026-09-05 15:15:00,768.89,769.25,767.98,768.76,1333.678
2026-09-05 15:20:00,768.76,770.52,767.07,767.11,1183.427
2026-09-05 15:25:00,767.12,767.64,766.22,766.33,812.98
2026-09-05 15:30:00,766.33,767.65,766.05,766.62,753.411
2026-09-05 15:35:00,766.62,766.72,765.61,766.27,680.096
2026-09-05 15:40:00,766.28,767.04,765.66,766.7,841.421
2026-09-05 15:45:00,766.7,767.56,765.91,767.0,869.898
2026-09-05 15:50:00,767.01,771.52,766.81,770.63,1989.747
2026-09-05 15:55:00,770.63,771.68,769.66,769.99,738.281
2026-09-05 16:00:00,769.99,770.12,768.0,769.15,912.549
2026-09-05 16:05:00,769.15,770.62,768.9,768.9,607.863
2026-09-05 16:10:00,768.91,771.0,767.71,770.96,1379.716
2026-09-05 16:15:00,770.96,774.43,770.82,771.61,3120.321
2026-09-05 16:20:00,771.61,772.99,771.56,772.61,1423.995
2026-09-05 16:25:00,772.61,772.83,770.21,771.43,966.377
2026-09-05 16:30:00,771.45,772.04,770.79,771.79,701.4
2026-09-05 16:35:00,771.79,772.46,771.2,771.78,857.276
2026-09-05 16:40:00,771.78,773.7,771.28,773.31,1512.69
2026-09-05 16:45:00,773.31,776.0,772.83,775.01,2717.228
2026-09-05 16:50:00,775.01,776.77,773.32,776.75,3172.647
2026-09-05 16:55:00,776.75,777.39,772.37,773.51,4747.973
2026-09-05 17:00:00,773.52,776.13,773.52,774.75,1703.709
2026-09-05 17:05:00,774.75,780.0,774.55,779.54,4534.871
2026-09-05 17:10:00,779.55,780.64,776.39,777.48,3489.184
2026-09-05 17:15:00,777.48,777.77,775.36,776.34,1315.093
2026-09-05 17:20:00,776.33,776.75,776.08,776.33,484.23
2026-09-05 17:25:00,776.34,777.74,776.17,777.67,1072.711
2026-09-05 17:30:00,777.66,780.55,777.6,778.57,1400.153
2026-09-05 17:35:00,778.58,778.58,774.05,775.07,1268.216
2026-09-05 17:40:00,775.07,776.66,775.07,776.43,1190.625
2026-09-05 17:45:00,776.44,777.68,776.31,777.58,670.431
2026-09-05 17:50:00,777.59,778.06,776.97,777.01,652.295
2026-09-05 17:55:00,777.01,777.01,775.05,776.17,1063.682
2026-09-05 18:00:00,776.17,776.99,775.41,776.41,429.78
2026-09-05 18:05:00,776.43,776.9,775.02,775.24,442.752
2026-09-05 18:10:00,775.24,776.34,775.18,775.71,369.036
2026-09-05 18:15:00,775.71,777.28,775.71,777.16,602.451
2026-09-05 18:20:00,777.17,778.16,776.94,777.77,618.697
2026-09-05 18:25:00,777.76,778.1,777.37,777.78,312.961
2026-09-05 18:30:00,777.78,778.93,777.07,777.24,521.885
2026-09-05 18:35:00,777.24,778.55,776.72,778.49,416.718
2026-09-05 18:40:00,778.49,778.55,777.69,778.24,648.189
2026-09-05 18:45:00,778.25,779.0,777.07,777.27,410.954
2026-09-05 18:50:00,777.27,777.72,776.22,776.46,408.396
2026-09-05 18:55:00,776.47,777.72,776.34,776.81,317.004
2026-09-05 19:00:00,776.81,776.87,774.01,775.44,1140.084
2026-09-05 19:05:00,775.43,775.79,774.75,774.78,298.875
2026-09-05 19:10:00,774.78,777.32,774.69,776.5,953.101
2026-09-05 19:15:00,776.51,777.82,776.5,777.21,299.424
2026-09-05 19:20:00,777.2,777.32,775.61,776.84,341.533
2026-09-05 19:25:00,776.84,777.87,776.83,777.57,471.208
2026-09-05 19:30:00,777.6,779.77,777.6,778.21,642.045
2026-09-05 19:35:00,778.2,779.0,776.66,776.73,502.044
2026-09-05 19:40:00,776.72,778.65,776.72,777.88,584.241
2026-09-05 19:45:00,777.89,778.0,774.91,775.13,763.966
2026-09-05 19:50:00,775.14,776.15,774.18,774.5,718.604
2026-09-05 19:55:00,774.49,774.79,773.17,773.42,663.718
2026-09-05 20:00:00,773.42,773.85,771.94,772.03,982.838
2026-09-05 20:05:00,772.03,774.03,772.02,773.1,516.404
2026-09-05 20:10:00,773.1,773.66,771.82,772.63,672.039
2026-09-05 20:15:00,772.63,772.81,770.12,771.25,812.265
2026-09-05 20:20:00,771.25,771.8,770.86,771.66,344.248
2026-09-05 20:25:00,771.66,772.42,770.58,770.68,641.826
2026-09-05 20:30:00,770.68,771.0,769.69,770.03,1006.544
2026-09-05 20:35:00,770.04,771.59,769.88,771.59,471.659
2026-09-05 20:40:00,771.59,771.96,771.19,771.61,308.116
2026-09-05 20:45:00,771.61,772.34,771.24,771.77,704.702
2026-09-05 20:50:00,771.76,772.59,770.48,770.84,615.37
2026-09-05 20:55:00,770.84,770.84,770.22,770.32,224.107
2026-09-05 21:00:00,770.33,770.75,769.94,770.67,402.846
2026-09-05 21:05:00,770.66,771.84,770.48,771.15,616.658
2026-09-05 21:10:00,771.15,771.79,770.89,770.9,157.465
2026-09-05 21:15:00,770.89,770.89,770.28,770.62,336.761
2026-09-05 21:20:00,770.62,771.68,770.35,770.4,267.498
2026-09-05 21:25:00,770.4,770.61,769.72,769.77,298.163
2026-09-05 21:30:00,769.77,771.15,769.52,771.01,317.896
2026-09-05 21:35:00,771.01,771.1,770.37,771.09,218.649
2026-09-05 21:40:00,771.1,772.25,770.89,771.87,238.672
2026-09-05 21:45:00,771.87,772.19,771.4,771.61,192.781
2026-09-05 21:50:00,771.6,771.99,771.28,771.78,142.982
2026-09-05 21:55:00,771.78,771.9,771.3,771.3,179.648
2026-09-05 22:00:00,771.31,771.59,770.52,770.53,558.911
2026-09-05 22:05:00,770.53,770.98,770.3,770.46,108.937
2026-09-05 22:10:00,770.46,771.5,770.45,771.35,175.467
2026-09-05 22:15:00,771.36,771.36,770.29,770.29,221.939
2026-09-05 22:20:00,770.28,771.0,770.04,770.91,130.698
2026-09-05 22:25:00,770.91,771.18,770.01,770.48,214.347
2026-09-05 22:30:00,770.47,770.89,770.16,770.39,241.03
2026-09-05 22:35:00,770.38,770.38,769.5,769.74,293.991
2026-09-05 22:40:00,769.74,770.28,769.74,769.96,127.783
2026-09-05 22:45:00,769.97,769.97,769.03,769.64,165.551
2026-09-05 22:50:00,769.64,771.99,769.6,771.84,644.073
2026-09-05 22:55:00,771.85,771.85,770.41,770.49,235.244
2026-09-05 23:00:00,770.49,770.92,769.62,770.22,334.261
2026-09-05 23:05:00,770.22,770.33,763.47,765.89,2936.645
2026-09-05 23:10:00,765.89,766.01,763.96,765.0,1303.305
2026-09-05 23:15:00,764.99,765.54,764.67,765.29,521.833
2026-09-05 23:20:00,765.29,765.59,764.89,765.05,230.985
2026-09-05 23:25:00,765.05,766.76,765.01,765.7,928.437
2026-09-05 23:30:00,765.71,767.4,765.7,767.08,416.793
2026-09-05 23:35:00,767.08,767.46,765.16,766.56,356.283
2026-09-05 23:40:00,766.56,767.22,765.94,767.11,354.365
2026-09-05 23:45:00,767.1,767.71,766.73,766.74,392.922
2026-09-05 23:50:00,766.74,767.29,765.93,767.23,436.271
2026-09-05 23:55:00,767.24,767.4,766.22,766.53,506.472
2026-09-06 00:00:00,766.52,767.78,765.97,767.65,641.211
2026-09-06 00:05:00,767.65,767.88,766.68,767.88,325.583
2026-09-06 00:10:00,767.88,769.0,767.88,768.4,579.991
2026-09-06 00:15:00,768.4,768.75,768.03,768.75,236.76
2026-09-06 00:20:00,768.76,768.76,766.83,767.07,363.011
2026-09-06 00:25:00,767.08,768.22,766.8,768.09,405.07
2026-09-06 00:30:00,768.09,768.83,767.67,767.84,447.853
2026-09-06 00:35:00,767.83,768.69,766.92,767.46,536.888
2026-09-06 00:40:00,767.46,768.3,767.27,767.94,393.694
2026-09-06 00:45:00,767.93,768.5,767.63,767.74,98.049
2026-09-06 00:50:00,767.73,768.56,767.73,768.0,213.352
2026-09-06 00:55:00,768.0,768.5,766.87,766.87,725.002
2026-09-06 01:00:00,766.87,768.52,766.44,767.36,523.171
2026-09-06 01:05:00,767.35,767.97,766.63,767.17,578.38
2026-09-06 01:10:00,767.17,768.03,766.82,767.77,904.983
2026-09-06 01:15:00,767.77,768.35,765.01,765.73,3527.301
2026-09-06 01:20:00,765.73,766.47,764.74,765.03,747.732
2026-09-06 01:25:00,765.02,765.64,764.85,765.64,469.093
2026-09-06 01:30:00,765.64,766.09,765.2,766.0,431.208
2026-09-06 01:35:00,765.99,767.14,765.45,766.86,488.213
2026-09-06 01:40:00,766.87,767.1,766.4,766.72,439.534
2026-09-06 01:45:00,766.71,766.72,763.34,764.75,2816.601
2026-09-06 01:50:00,764.74,766.17,764.61,765.61,393.193
2026-09-06 01:55:00,765.6,766.01,765.12,765.29,286.633
2026-09-06 02:00:00,765.29,765.94,760.07,762.55,4753.248
2026-09-06 02:05:00,762.56,763.6,762.55,763.5,521.479
2026-09-06 02:10:00,763.5,763.64,760.64,762.53,2066.733
2026-09-06 02:15:00,762.54,762.59,759.76,761.83,2780.435
2026-09-06 02:20:00,761.83,762.0,761.28,761.28,502.53
2026-09-06 02:25:00,761.29,762.15,761.06,762.08,218.491
2026-09-06 02:30:00,762.08,763.95,762.08,763.95,1493.009
2026-09-06 02:35:00,763.95,764.0,762.99,763.56,380.425
2026-09-06 02:40:00,763.55,763.75,762.96,763.44,256.423
2026-09-06 02:45:00,763.44,763.51,763.08,763.23,258.866
2026-09-06 02:50:00,763.24,764.88,762.73,764.15,511.659
2026-09-06 02:55:00,764.16,764.32,763.47,764.0,309.573
2026-09-06 03:00:00,764.0,764.72,763.73,764.4,255.289
2026-09-06 03:05:00,764.41,764.69,763.98,764.35,275.431
2026-09-06 03:10:00,764.35,765.15,763.7,764.48,828.245
2026-09-06 03:15:00,764.47,764.76,764.07,764.38,274.572
2026-09-06 03:20:00,764.38,764.41,764.03,764.06,190.723
2026-09-06 03:25:00,764.06,764.14,763.58,763.67,314.98
2026-09-06 03:30:00,763.66,764.56,763.66,764.06,382.332
2026-09-06 03:35:00,764.06,765.37,764.06,765.23,431.571
2026-09-06 03:40:00,765.23,765.7,764.92,765.37,319.989
2026-09-06 03:45:00,765.37,765.99,764.31,764.77,371.715
2026-09-06 03:50:00,764.77,765.54,764.64,765.22,162.94
2026-09-06 03:55:00,765.23,765.45,764.86,764.87,171.651
2026-09-06 04:00:00,764.87,764.91,764.36,764.91,246.956
2026-09-06 04:05:00,764.91,765.11,764.55,764.69,216.704
2026-09-06 04:10:00,764.69,765.26,763.95,764.05,167.604
2026-09-06 04:15:00,764.05,764.4,763.07,763.4,340.35
2026-09-06 04:20:00,763.41,763.45,762.38,762.75,433.344
2026-09-06 04:25:00,762.75,762.79,762.15,762.19,322.528
2026-09-06 04:30:00,762.2,762.42,761.68,762.27,493.093
2026-09-06 04:35:00,762.27,762.76,762.2,762.32,285.495
2026-09-06 04:40:00,762.31,762.99,762.31,762.84,175.402
2026-09-06 04:45:00,762.84,763.56,762.83,762.91,506.699
2026-09-06 04:50:00,762.9,763.21,762.57,763.14,354.853
2026-09-06 04:55:00,763.13,763.13,762.41,762.9,234.545
2026-09-06 05:00:00,762.91,763.46,762.62,763.03,289.778
2026-09-06 05:05:00,763.02,763.4,762.7,762.71,271.344
2026-09-06 05:10:00,762.71,762.71,762.04,762.05,192.942
2026-09-06 05:15:00,762.05,762.17,761.47,761.66,226.052
2026-09-06 05:20:00,761.66,762.2,761.49,761.95,262.958
2026-09-06 05:25:00,761.95,762.99,761.64,761.8,690.437
2026-09-06 05:30:00,761.8,763.42,761.68,763.42,388.077
2026-09-06 05:35:00,763.42,764.46,762.79,764.43,2090.67
2026-09-06 05:40:00,764.43,764.43,762.63,763.07,541.608
2026-09-06 05:45:00,763.07,763.08,762.14,762.17,412.502
2026-09-06 05:50:00,762.17,762.17,760.9,760.95,639.779
2026-09-06 05:55:00,760.95,761.82,760.8,761.82,750.834
2026-09-06 06:00:00,761.82,762.23,761.39,762.2,679.933
2026-09-06 06:05:00,762.2,762.32,761.84,762.32,899.405
2026-09-06 06:10:00,762.32,763.56,762.31,763.36,776.673
2026-09-06 06:15:00,763.37,763.48,758.96,761.74,1981.337
2026-09-06 06:20:00,761.74,762.31,761.2,761.9,517.625
2026-09-06 06:25:00,761.89,761.9,760.48,760.88,557.645
2026-09-06 06:30:00,760.89,761.16,760.49,760.65,627.657
2026-09-06 06:35:00,760.66,760.98,760.19,760.97,830.993
2026-09-06 06:40:00,760.97,761.7,760.92,761.7,706.16
2026-09-06 06:45:00,761.69,761.76,760.78,761.26,451.026
2026-09-06 06:50:00,761.26,761.57,761.06,761.5,224.188
2026-09-06 06:55:00,761.5,761.5,760.11,760.21,656.325
2026-09-06 07:00:00,760.21,760.93,760.18,760.79,448.25
2026-09-06 07:05:00,760.79,760.8,759.41,759.45,694.838
2026-09-06 07:10:00,759.45,759.67,756.7,757.49,2076.922
2026-09-06 07:15:00,757.49,758.85,757.49,757.71,979.192
2026-09-06 07:20:00,757.7,758.37,756.74,756.77,751.912
2026-09-06 07:25:00,756.77,757.54,756.39,756.48,701.149
2026-09-06 07:30:00,756.47,756.68,756.0,756.25,1613.713
2026-09-06 07:35:00,756.24,756.59,753.96,756.05,3253.679
2026-09-06 07:40:00,756.05,756.83,756.05,756.43,409.97
2026-09-06 07:45:00,756.43,757.28,756.14,757.19,551.583
2026-09-06 07:50:00,757.2,757.22,755.93,756.87,1213.857
2026-09-06 07:55:00,756.87,757.07,756.6,756.62,436.148
2026-09-06 08:00:00,756.62,757.34,756.61,757.28,423.133
2026-09-06 08:05:00,757.28,757.46,755.34,756.56,988.845
2026-09-06 08:10:00,756.56,756.74,753.99,755.47,4461.731
2026-09-06 08:15:00,755.47,756.01,755.39,755.94,298.756
2026-09-06 08:20:00,755.95,755.95,755.02,755.33,349.759
2026-09-06 08:25:00,755.33,755.63,755.2,755.41,754.739
2026-09-06 08:30:00,755.41,755.59,755.0,755.55,670.424
2026-09-06 08:35:00,755.55,756.0,755.55,755.72,291.326
2026-09-06 08:40:00,755.71,756.49,755.7,756.48,289.887
2026-09-06 08:45:00,756.47,756.63,756.35,756.61,231.755
2026-09-06 08:50:00,756.62,757.32,756.61,756.89,277.81
2026-09-06 08:55:00,756.9,757.23,756.54,757.01,477.666
2026-09-06 09:00:00,757.01,757.58,756.52,757.56,576.062
2026-09-06 09:05:00,757.56,757.91,757.38,757.4,324.54
2026-09-06 09:10:00,757.4,758.35,757.16,758.35,741.258
2026-09-06 09:15:00,758.34,758.71,757.6,758.22,456.567
2026-09-06 09:20:00,758.23,758.47,757.55,758.33,519.903
2026-09-06 09:25:00,758.32,758.92,757.93,758.84,313.683
2026-09-06 09:30:00,758.83,758.99,758.4,758.51,446.52
2026-09-06 09:35:00,758.5,758.63,758.08,758.3,402.315
2026-09-06 09:40:00,758.31,758.31,756.94,757.3,488.181
2026-09-06 09:45:00,757.31,757.48,757.15,757.16,118.272
2026-09-06 09:50:00,757.15,757.25,756.83,757.25,235.942
2026-09-06 09:55:00,757.24,757.64,757.01,757.64,279.626
2026-09-06 10:00:00,757.64,758.11,757.38,757.99,283.535
2026-09-06 10:05:00,757.99,758.38,757.58,758.03,333.859
2026-09-06 10:10:00,758.03,758.1,757.92,758.01,113.311
2026-09-06 10:15:00,758.0,758.42,758.0,758.22,396.993
2026-09-06 10:20:00,758.21,758.49,757.44,757.44,319.457
2026-09-06 10:25:00,757.44,757.45,756.29,756.61,526.753
2026-09-06 10:30:00,756.6,757.31,756.31,757.31,319.349
2026-09-06 10:35:00,757.31,757.48,756.8,756.94,161.322
2026-09-06 10:40:00,756.94,757.33,756.92,756.92,476.441
2026-09-06 10:45:00,756.93,757.65,756.92,757.65,397.793
2026-09-06 10:50:00,757.65,757.66,756.91,757.16,251.545
2026-09-06 10:55:00,757.16,758.11,756.84,757.55,898.128
2026-09-06 11:00:00,757.56,758.15,756.99,757.0,390.857
2026-09-06 11:05:00,756.99,757.24,756.62,756.73,343.104
2026-09-06 11:10:00,756.73,757.7,756.72,757.7,406.741
2026-09-06 11:15:00,757.69,757.7,756.84,757.22,509.795
2026-09-06 11:20:00,757.22,757.74,756.9,757.74,362.339
2026-09-06 11:25:00,757.73,758.77,757.13,758.08,501.786
2026-09-06 11:30:00,758.08,758.12,757.14,757.85,568.85
2026-09-06 11:35:00,757.84,757.85,757.0,757.01,459.803
2026-09-06 11:40:00,757.01,758.0,757.0,757.82,410.783
2026-09-06 11:45:00,757.81,758.45,757.52,758.35,441.142
2026-09-06 11:50:00,758.36,758.71,758.28,758.52,337.217
2026-09-06 11:55:00,758.52,758.52,757.79,758.24,452.644
2026-09-06 12:00:00,758.24,758.24,757.61,757.83,517.82
2026-09-06 12:05:00,757.82,757.83,757.54,757.77,229.631
2026-09-06 12:10:00,757.76,758.24,757.18,758.17,529.665
2026-09-06 12:15:00,758.17,758.33,757.69,757.7,334.995
2026-09-06 12:20:00,757.71,758.2,757.51,758.03,356.523
2026-09-06 12:25:00,758.03,758.51,757.3,757.5,344.948
2026-09-06 12:30:00,757.5,758.05,757.01,757.31,1006.96
2026-09-06 12:35:00,757.31,757.46,756.48,756.79,777.519
2026-09-06 12:40:00,756.79,756.79,755.1,755.57,1114.03
2026-09-06 12:45:00,755.58,755.62,754.23,755.01,895.888
2026-09-06 12:50:00,755.02,756.47,755.0,756.4,338.484
2026-09-06 12:55:00,756.39,756.58,755.17,755.62,797.312
2026-09-06 13:00:00,755.62,755.66,753.46,754.45,2368.101
2026-09-06 13:05:00,754.45,755.22,753.84,754.49,1001.506
2026-09-06 13:10:00,754.49,754.56,753.31,753.45,1087.107
2026-09-06 13:15:00,753.45,753.46,751.81,751.98,1861.761
2026-09-06 13:20:00,751.99,752.12,750.12,750.97,2692.806
2026-09-06 13:25:00,750.97,751.85,750.0,751.25,1487.471
2026-09-06 13:30:00,751.25,751.88,749.93,751.16,1704.775
2026-09-06 13:35:00,751.16,751.76,751.16,751.35,426.445
2026-09-06 13:40:00,751.35,751.93,750.89,751.61,672.369
2026-09-06 13:45:00,751.62,752.44,751.22,751.65,594.831
2026-09-06 13:50:00,751.66,751.81,751.03,751.11,526.748
2026-09-06 13:55:00,751.11,751.61,750.0,751.0,2488.224
2026-09-06 14:00:00,751.0,751.0,749.68,749.96,746.01
2026-09-06 14:05:00,749.96,750.3,748.5,748.64,714.871
2026-09-06 14:10:00,748.63,748.94,747.26,747.91,2261.497
2026-09-06 14:15:00,747.92,748.44,746.7,747.89,1409.057
2026-09-06 14:20:00,747.88,747.88,744.06,744.34,2973.696
2026-09-06 14:25:00,744.34,745.28,744.05,744.73,1370.355
2026-09-06 14:30:00,744.73,744.84,741.14,744.54,2747.059
2026-09-06 14:35:00,744.53,746.1,742.97,744.03,1762.346
2026-09-06 14:40:00,744.03,744.83,743.35,744.45,1417.945
2026-09-06 14:45:00,744.44,744.44,742.0,742.7,1021.506
2026-09-06 14:50:00,742.7,743.85,742.7,743.03,489.99
2026-09-06 14:55:00,743.03,743.34,740.93,741.74,1306.095
2026-09-06 15:00:00,741.75,742.68,740.24,742.68,1488.745
2026-09-06 15:05:00,742.68,743.42,742.08,742.97,671.996
2026-09-06 15:10:00,742.98,743.64,742.44,743.01,598.66
2026-09-06 15:15:00,743.01,744.47,743.01,744.22,557.861
2026-09-06 15:20:00,744.22,744.92,743.82,744.26,811.115
2026-09-06 15:25:00,744.25,744.58,744.04,744.37,580.973
2026-09-06 15:30:00,744.37,744.62,743.8,744.51,366.001
2026-09-06 15:35:00,744.5,745.5,744.21,745.04,361.218
2026-09-06 15:40:00,745.05,745.5,744.7,744.79,647.891
2026-09-06 15:45:00,744.78,746.19,744.73,746.18,1038.925
2026-09-06 15:50:00,746.18,746.18,745.3,745.58,444.747
2026-09-06 15:55:00,745.58,746.11,745.58,745.97,222.245
2026-09-06 16:00:00,745.98,746.38,745.05,745.05,726.203
2026-09-06 16:05:00,745.06,745.88,745.06,745.28,309.343
2026-09-06 16:10:00,745.27,747.1,745.27,747.09,290.894
2026-09-06 16:15:00,747.08,747.14,746.35,747.0,442.379
2026-09-06 16:20:00,747.0,747.1,746.28,746.28,459.096
2026-09-06 16:25:00,746.29,748.29,745.81,747.94,644.218
2026-09-06 16:30:00,747.95,748.82,747.0,748.54,891.224
2026-09-06 16:35:00,748.54,748.73,747.17,747.43,458.175
2026-09-06 16:40:00,747.43,747.81,747.14,747.58,409.746
2026-09-06 16:45:00,747.57,747.88,747.32,747.52,278.931
2026-09-06 16:50:00,747.52,747.68,747.25,747.37,178.275
2026-09-06 16:55:00,747.36,748.08,747.09,747.77,278.916
2026-09-06 17:00:00,747.77,747.77,746.8,747.36,472.984
2026-09-06 17:05:00,747.36,747.71,747.18,747.27,505.304
2026-09-06 17:10:00,747.28,747.83,747.28,747.67,205.878
2026-09-06 17:15:00,747.67,747.89,747.21,747.89,165.636
2026-09-06 17:20:00,747.89,748.55,747.53,747.77,349.175
2026-09-06 17:25:00,747.77,748.28,746.66,747.02,369.037
2026-09-06 17:30:00,747.03,747.82,746.78,747.5,130.614
2026-09-06 17:35:00,747.51,748.06,747.01,747.96,160.206
2026-09-06 17:40:00,747.96,747.96,747.52,747.64,204.248
2026-09-06 17:45:00,747.65,747.73,747.44,747.52,110.784
2026-09-06 17:50:00,747.51,747.57,747.02,747.18,132.451
2026-09-06 17:55:00,747.19,748.49,747.19,748.24,464.38
2026-09-06 18:00:00,748.25,748.25,747.71,747.77,217.409
2026-09-06 18:05:00,747.77,748.36,747.77,748.17,772.93
2026-09-06 18:10:00,748.17,748.51,747.58,748.1,633.569
2026-09-06 18:15:00,748.1,748.34,747.89,748.12,375.301
2026-09-06 18:20:00,748.12,748.85,748.05,748.85,206.412
2026-09-06 18:25:00,748.84,749.39,748.69,749.11,710.147
2026-09-06 18:30:00,749.12,750.0,749.0,749.43,384.932
2026-09-06 18:35:00,749.43,749.64,749.0,749.01,421.035
2026-09-06 18:40:00,749.01,749.46,748.82,749.46,419.988
2026-09-06 18:45:00,749.47,749.99,749.08,749.43,504.52
2026-09-06 18:50:00,749.44,749.94,749.12,749.13,155.276
2026-09-06 18:55:00,749.13,749.78,748.83,749.65,240.468
2026-09-06 19:00:00,749.65,750.08,749.56,750.07,230.092
2026-09-06 19:05:00,750.08,750.3,749.8,750.0,239.831
2026-09-06 19:10:00,750.01,750.39,750.01,750.37,115.351
2026-09-06 19:15:00,750.37,750.47,750.0,750.03,161.738
2026-09-06 19:20:00,750.03,750.08,749.28,749.63,204.17
2026-09-06 19:25:00,749.64,749.8,749.44,749.55,283.098
2026-09-06 19:30:00,749.54,749.55,748.88,749.0,233.584
2026-09-06 19:35:00,748.99,749.07,748.81,748.81,120.401
2026-09-06 19:40:00,748.81,749.18,748.81,749.09,109.183
2026-09-06 19:45:00,749.09,749.11,748.6,748.81,86.751
2026-09-06 19:50:00,748.81,749.15,748.74,749.03,126.707
2026-09-06 19:55:00,749.03,749.42,748.87,749.18,199.755
2026-09-06 20:00:00,749.18,750.07,749.02,749.69,116.414
2026-09-06 20:05:00,749.69,749.88,749.49,749.56,113.225
2026-09-06 20:10:00,749.55,749.7,749.51,749.53,164.947
2026-09-06 20:15:00,749.53,750.08,748.94,749.76,542.813
2026-09-06 20:20:00,749.76,750.53,749.75,750.19,217.726
2026-09-06 20:25:00,750.18,750.92,750.03,750.79,277.93
2026-09-06 20:30:00,750.79,751.49,750.66,751.19,429.684
2026-09-06 20:35:00,751.19,751.25,750.85,750.9,198.965
2026-09-06 20:40:00,750.9,751.13,750.36,751.12,382.318
2026-09-06 20:45:00,751.13,751.62,751.07,751.62,232.618
2026-09-06 20:50:00,751.62,751.77,751.39,751.4,151.682
2026-09-06 20:55:00,751.39,751.64,751.39,751.51,149.645
2026-09-06 21:00:00,751.51,752.08,751.42,751.87,319.634
2026-09-06 21:05:00,751.87,753.3,751.8,753.0,533.922
2026-09-06 21:10:00,753.0,753.01,751.92,752.43,448.363
2026-09-06 21:15:00,752.42,753.87,752.42,753.7,620.342
2026-09-06 21:20:00,753.69,753.7,753.03,753.04,579.944
2026-09-06 21:25:00,753.03,753.68,752.75,752.84,717.059
2026-09-06 21:30:00,752.83,752.94,752.49,752.81,133.962
2026-09-06 21:35:00,752.82,753.65,752.82,753.11,412.893
2026-09-06 21:40:00,753.1,753.23,752.03,752.24,540.436
2026-09-06 21:45:00,752.23,752.99,752.05,752.26,561.802
2026-09-06 21:50:00,752.26,752.26,751.48,751.67,248.581
2026-09-06 21:55:00,751.68,751.8,751.1,751.48,281.32
2026-09-06 22:00:00,751.49,751.49,749.84,750.74,680.462
2026-09-06 22:05:00,750.74,751.3,749.9,749.9,313.925
2026-09-06 22:10:00,749.9,750.18,749.44,749.7,548.662
2026-09-06 22:15:00,749.7,749.74,748.38,748.59,375.587
2026-09-06 22:20:00,748.59,749.38,748.38,749.0,221.755
2026-09-06 22:25:00,749.01,749.6,749.0,749.4,321.094
2026-09-06 22:30:00,749.39,750.45,749.39,750.43,510.709
2026-09-06 22:35:00,750.44,751.4,750.44,750.57,457.028
2026-09-06 22:40:00,750.57,751.31,750.56,750.95,361.593
2026-09-06 22:45:00,750.95,750.95,750.45,750.74,198.289
2026-09-06 22:50:00,750.74,751.85,750.64,751.56,506.235
2026-09-06 22:55:00,751.55,751.83,751.0,751.53,427.501
2026-09-06 23:00:00,751.53,753.45,751.19,753.08,527.447
2026-09-06 23:05:00,753.08,753.41,752.18,752.61,322.131
2026-09-06 23:10:00,752.61,752.84,752.21,752.35,203.637
2026-09-06 23:15:00,752.35,753.53,752.0,753.34,314.956
2026-09-06 23:20:00,753.33,753.42,752.19,752.2,358.718
2026-09-06 23:25:00,752.19,752.49,751.75,752.19,437.934
2026-09-06 23:30:00,752.19,752.33,752.04,752.3,214.052
2026-09-06 23:35:00,752.3,754.46,752.3,754.1,533.136
2026-09-06 23:40:00,754.1,754.69,753.51,753.86,651.689
2026-09-06 23:45:00,753.85,754.93,753.61,754.02,1145.978
2026-09-06 23:50:00,754.03,754.36,752.46,752.85,1191.14
2026-09-06 23:55:00,752.83,753.05,752.19,753.0,392.133
2026-09-07 00:00:00,753.01,754.02,751.92,753.95,1215.63
2026-09-07 00:05:00,753.96,755.8,753.96,755.07,1025.647
2026-09-07 00:10:00,755.08,756.43,754.61,754.61,673.522
2026-09-07 00:15:00,754.62,754.98,752.05,752.18,1082.951
2026-09-07 00:20:00,752.18,753.01,751.56,752.02,1147.064
2026-09-07 00:25:00,752.01,752.71,751.81,752.57,343.456
2026-09-07 00:30:00,752.57,753.01,751.36,751.94,432.725
2026-09-07 00:35:00,751.94,752.98,751.91,752.89,353.351
2026-09-07 00:40:00,752.88,753.12,752.47,752.67,577.182
2026-09-07 00:45:00,752.67,753.36,752.29,752.64,284.669
2026-09-07 00:50:00,752.63,752.63,751.23,751.52,424.486
2026-09-07 00:55:00,751.52,751.52,750.09,750.5,720.778
2026-09-07 01:00:00,750.51,750.88,749.79,750.88,574.589
2026-09-07 01:05:00,750.89,751.13,747.4,748.22,971.833
2026-09-07 01:10:00,748.22,749.59,747.91,748.13,607.801
2026-09-07 01:15:00,748.13,748.34,746.39,746.77,859.844
2026-09-07 01:20:00,746.77,747.59,746.28,747.31,327.091
2026-09-07 01:25:00,747.32,747.32,746.28,747.07,555.696
2026-09-07 01:30:00,747.07,747.84,746.34,747.69,276.577
2026-09-07 01:35:00,747.69,747.69,746.82,747.04,251.907
2026-09-07 01:40:00,747.05,747.1,745.73,746.19,378.874
2026-09-07 01:45:00,746.19,746.94,745.73,746.61,300.814
2026-09-07 01:50:00,746.61,747.86,746.43,747.8,182.624
2026-09-07 01:55:00,747.79,748.93,747.79,748.69,389.429
2026-09-07 02:00:00,748.7,749.29,748.24,748.25,373.268
2026-09-07 02:05:00,748.25,748.33,747.28,747.63,340.072
2026-09-07 02:10:00,747.64,748.45,747.54,748.45,270.291
2026-09-07 02:15:00,748.45,750.22,748.45,750.05,501.531
2026-09-07 02:20:00,750.04,751.3,750.04,751.19,469.957
2026-09-07 02:25:00,751.19,752.66,751.02,752.28,587.211
2026-09-07 02:30:00,752.28,753.33,752.19,752.29,486.631
2026-09-07 02:35:00,752.3,755.91,752.29,755.55,859.757
2026-09-07 02:40:00,755.55,755.56,753.64,754.0,475.83
2026-09-07 02:45:00,754.0,754.1,753.57,753.75,306.764
2026-09-07 02:50:00,753.74,753.75,751.14,751.14,333.231
2026-09-07 02:55:00,751.14,751.14,747.4,748.51,1113.841
2026-09-07 03:00:00,748.51,750.08,747.9,750.08,559.079
2026-09-07 03:05:00,750.08,750.24,748.8,749.09,428.113
2026-09-07 03:10:00,749.09,749.32,748.67,748.96,215.645
2026-09-07 03:15:00,748.96,749.09,748.09,748.92,343.15
2026-09-07 03:20:00,748.93,749.43,748.54,748.75,241.78
2026-09-07 03:25:00,748.75,748.84,747.8,748.05,438.318
2026-09-07 03:30:00,748.05,748.47,747.62,748.0,299.893
2026-09-07 03:35:00,748.0,748.23,745.38,745.95,959.826
2026-09-07 03:40:00,745.95,746.12,745.46,745.57,616.963
2026-09-07 03:45:00,745.57,746.36,744.92,745.47,1818.863
2026-09-07 03:50:00,745.47,745.91,744.89,745.91,393.209
2026-09-07 03:55:00,745.91,746.78,745.91,746.31,514.966
2026-09-07 04:00:00,746.32,746.79,746.05,746.76,283.377
2026-09-07 04:05:00,746.75,746.75,746.01,746.44,130.005
2026-09-07 04:10:00,746.44,746.74,745.6,746.73,581.047
2026-09-07 04:15:00,746.74,747.22,746.16,746.77,326.472
2026-09-07 04:20:00,746.76,747.57,746.76,747.05,444.098
2026-09-07 04:25:00,747.04,747.43,746.19,746.19,232.605
2026-09-07 04:30:00,746.19,746.6,746.01,746.34,290.452
2026-09-07 04:35:00,746.34,746.39,745.5,746.09,290.798
2026-09-07 04:40:00,746.1,746.63,745.94,746.63,316.984
2026-09-07 04:45:00,746.64,746.88,746.38,746.53,289.906
2026-09-07 04:50:00,746.52,746.79,745.84,745.97,88.765
2026-09-07 04:55:00,745.97,747.28,745.97,747.16,445.691
2026-09-07 05:00:00,747.15,747.53,746.79,747.52,155.022
2026-09-07 05:05:00,747.53,747.81,747.07,747.68,299.384
2026-09-07 05:10:00,747.68,747.94,746.78,747.43,263.345
2026-09-07 05:15:00,747.43,748.4,747.34,748.35,254.168
2026-09-07 05:20:00,748.36,748.73,747.89,748.65,213.463
2026-09-07 05:25:00,748.66,749.16,748.04,748.45,431.579
2026-09-07 05:30:00,748.44,748.9,748.15,748.46,174.925
2026-09-07 05:35:00,748.47,750.01,748.23,749.31,451.783
2026-09-07 05:40:00,749.31,749.92,749.12,749.81,237.427
2026-09-07 05:45:00,749.81,750.2,749.29,749.89,321.196
2026-09-07 05:50:00,749.89,749.89,748.63,748.64,226.017
2026-09-07 05:55:00,748.63,748.73,748.48,748.54,132.835
2026-09-07 06:00:00,748.54,749.16,748.4,749.09,312.046
2026-09-07 06:05:00,749.09,749.09,748.2,748.75,313.25
2026-09-07 06:10:00,748.74,749.07,748.42,749.02,206.387
2026-09-07 06:15:00,749.02,749.19,748.0,748.09,286.935
2026-09-07 06:20:00,748.09,748.09,746.46,747.23,632.835
2026-09-07 06:25:00,747.23,747.25,746.55,746.55,261.913
2026-09-07 06:30:00,746.55,746.88,746.3,746.49,370.492
2026-09-07 06:35:00,746.49,746.5,745.03,745.28,517.988
2026-09-07 06:40:00,745.29,745.89,745.28,745.29,297.036
2026-09-07 06:45:00,745.29,745.94,745.19,745.59,306.993
2026-09-07 06:50:00,745.58,745.94,745.58,745.74,237.503
2026-09-07 06:55:00,745.75,745.75,745.28,745.48,213.262
2026-09-07 07:00:00,745.49,745.62,744.49,744.85,555.904
2026-09-07 07:05:00,744.85,745.31,744.49,745.05,328.605
2026-09-07 07:10:00,745.04,745.39,744.61,744.61,308.013
2026-09-07 07:15:00,744.62,745.05,744.49,744.55,295.761
2026-09-07 07:20:00,744.56,744.56,743.6,743.66,903.967
2026-09-07 07:25:00,743.65,744.42,742.69,742.75,844.631
2026-09-07 07:30:00,742.76,743.76,741.51,742.8,1173.051
2026-09-07 07:35:00,742.8,743.14,741.39,741.4,486.286
2026-09-07 07:40:00,741.4,743.0,740.26,742.99,958.133
2026-09-07 07:45:00,743.0,743.65,742.98,743.31,469.712
2026-09-07 07:50:00,743.32,743.93,743.07,743.23,348.086
2026-09-07 07:55:00,743.23,744.31,743.23,743.87,513.33
2026-09-07 08:00:00,743.88,745.0,743.88,744.37,498.108
2026-09-07 08:05:00,744.37,745.45,744.36,745.44,642.405
2026-09-07 08:10:00,745.44,745.46,744.84,744.86,312.553
2026-09-07 08:15:00,744.86,745.27,744.73,744.95,279.51
2026-09-07 08:20:00,744.95,745.02,744.37,744.5,370.766
2026-09-07 08:25:00,744.5,745.2,744.23,744.49,316.229
2026-09-07 08:30:00,744.49,744.98,744.36,744.6,302.082
2026-09-07 08:35:00,744.6,744.75,743.97,744.44,344.833
2026-09-07 08:40:00,744.45,744.9,744.44,744.75,368.824
2026-09-07 08:45:00,744.76,745.15,744.24,744.34,291.157
2026-09-07 08:50:00,744.34,744.9,744.09,744.74,310.513
2026-09-07 08:55:00,744.73,745.18,744.73,745.17,280.592
2026-09-07 09:00:00,745.18,745.25,744.85,744.87,221.312
2026-09-07 09:05:00,744.88,745.0,744.18,745.0,148.888
2026-09-07 09:10:00,744.99,746.13,744.52,745.81,1438.958
2026-09-07 09:15:00,745.81,746.92,745.35,745.35,1058.888
2026-09-07 09:20:00,745.35,745.43,744.8,744.97,451.247
2026-09-07 09:25:00,744.97,745.42,744.86,745.34,459.487
2026-09-07 09:30:00,745.34,745.61,744.54,744.55,318.891
2026-09-07 09:35:00,744.54,744.69,744.39,744.57,217.36
2026-09-07 09:40:00,744.56,744.78,744.4,744.78,231.701
2026-09-07 09:45:00,744.77,745.13,743.85,743.85,843.368
2026-09-07 09:50:00,743.86,743.92,742.52,743.13,1202.422
2026-09-07 09:55:00,743.12,743.31,742.8,742.81,249.079
2026-09-07 10:00:00,742.81,743.32,742.59,743.32,634.531
2026-09-07 10:05:00,743.32,743.9,742.86,743.35,381.835
2026-09-07 10:10:00,743.35,743.64,742.94,743.52,350.849
2026-09-07 10:15:00,743.51,744.01,743.2,743.8,514.553
2026-09-07 10:20:00,743.79,744.01,743.62,743.96,455.536
2026-09-07 10:25:00,743.96,743.96,743.03,743.56,1246.249
2026-09-07 10:30:00,743.56,744.02,743.56,743.68,286.368
2026-09-07 10:35:00,743.69,744.06,743.63,744.06,149.468
2026-09-07 10:40:00,744.06,744.94,744.05,744.82,233.363
2026-09-07 10:45:00,744.82,744.83,744.28,744.36,283.83
2026-09-07 10:50:00,744.35,744.6,744.2,744.46,274.863
2026-09-07 10:55:00,744.46,744.46,743.49,743.7,272.515
2026-09-07 11:00:00,743.71,744.11,743.31,743.4,315.473
2026-09-07 11:05:00,743.4,743.66,743.39,743.55,177.045
2026-09-07 11:10:00,743.55,744.26,743.55,744.2,184.118
2026-09-07 11:15:00,744.2,744.75,743.96,744.74,324.52
2026-09-07 11:20:00,744.73,744.89,743.68,743.82,484.138
2026-09-07 11:25:00,743.81,744.42,743.56,743.57,282.158
2026-09-07 11:30:00,743.57,744.53,743.56,744.2,313.614
2026-09-07 11:35:00,744.2,744.33,743.82,743.85,242.579
2026-09-07 11:40:00,743.85,744.03,743.28,743.71,280.183
2026-09-07 11:45:00,743.7,744.66,743.7,744.45,389.725
2026-09-07 11:50:00,744.44,744.72,744.14,744.28,379.869
2026-09-07 11:55:00,744.29,744.95,744.29,744.95,324.249
2026-09-07 12:00:00,744.95,745.16,744.56,744.85,290.572
2026-09-07 12:05:00,744.85,745.97,744.85,745.46,659.658
2026-09-07 12:10:00,745.46,745.57,745.0,745.2,300.064
2026-09-07 12:15:00,745.2,745.56,745.0,745.56,404.603
2026-09-07 12:20:00,745.55,745.93,745.43,745.63,542.622
2026-09-07 12:25:00,745.63,746.08,745.63,745.8,326.144
2026-09-07 12:30:00,745.79,745.8,745.28,745.33,344.291
2026-09-07 12:35:00,745.33,745.59,745.2,745.21,346.388
2026-09-07 12:40:00,745.21,745.8,745.21,745.79,360.311
2026-09-07 12:45:00,745.79,746.31,745.66,746.2,353.239
2026-09-07 12:50:00,746.21,747.2,746.21,747.2,395.539
2026-09-07 12:55:00,747.2,747.37,747.02,747.14,585.244
2026-09-07 13:00:00,747.14,747.37,746.57,747.15,962.211
2026-09-07 13:05:00,747.14,747.24,746.58,746.94,692.858
2026-09-07 13:10:00,746.94,747.68,746.8,747.68,691.533
2026-09-07 13:15:00,747.68,747.68,746.31,746.9,889.192
2026-09-07 13:20:00,746.9,747.63,746.68,747.0,858.865
2026-09-07 13:25:00,747.01,747.6,746.81,746.88,848.888
2026-09-07 13:30:00,746.88,747.35,746.07,746.07,568.402
2026-09-07 13:35:00,746.08,746.55,745.35,746.54,659.824
2026-09-07 13:40:00,746.55,746.55,745.54,745.55,529.168
2026-09-07 13:45:00,745.54,745.76,744.06,744.95,939.959
2026-09-07 13:50:00,744.95,745.85,744.37,745.85,249.252
2026-09-07 13:55:00,745.86,746.18,745.33,745.63,336.236
2026-09-07 14:00:00,745.63,745.89,744.05,744.78,698.167
2026-09-07 14:05:00,744.78,745.23,744.0,744.02,613.316
2026-09-07 14:10:00,744.03,744.85,743.89,744.64,369.467
2026-09-07 14:15:00,744.63,745.1,744.01,744.45,231.925
2026-09-07 14:20:00,744.45,744.5,743.7,743.71,494.319
2026-09-07 14:25:00,743.71,744.26,743.2,743.3,354.537
2026-09-07 14:30:00,743.29,743.92,743.11,743.48,317.238
2026-09-07 14:35:00,743.49,744.0,742.78,742.87,309.899
2026-09-07 14:40:00,742.86,742.86,741.0,742.27,778.89
2026-09-07 14:45:00,742.26,743.25,742.24,743.04,336.493
2026-09-07 14:50:00,743.04,744.3,742.95,744.15,257.303
2026-09-07 14:55:00,744.14,744.15,743.57,743.57,214.422
2026-09-07 15:00:00,743.57,743.57,742.28,742.29,257.09
2026-09-07 15:05:00,742.29,742.49,741.36,741.9,428.263
2026-09-07 15:10:00,741.91,742.08,740.86,740.86,505.129
2026-09-07 15:15:00,740.87,741.23,738.16,741.16,3458.287
2026-09-07 15:20:00,741.16,741.86,741.08,741.86,484.05
2026-09-07 15:25:00,741.85,742.05,741.11,741.18,444.133
2026-09-07 15:30:00,741.18,741.21,738.05,738.88,1589.376
2026-09-07 15:35:00,738.88,739.42,736.74,737.01,1432.275
2026-09-07 15:40:00,737.01,737.56,735.0,736.91,2044.928
2026-09-07 15:45:00,736.91,736.92,735.71,736.76,1077.108
2026-09-07 15:50:00,736.77,737.14,735.62,735.65,574.058
2026-09-07 15:55:00,735.65,736.06,733.0,734.6,3124.108
2026-09-07 16:00:00,734.6,736.51,734.51,735.76,1351.049
2026-09-07 16:05:00,735.76,736.51,735.71,736.28,1199.59
2026-09-07 16:10:00,736.28,737.99,736.28,737.86,450.55
2026-09-07 16:15:00,737.86,737.99,736.97,737.6,436.594
2026-09-07 16:20:00,737.6,738.03,737.28,737.62,951.626
2026-09-07 16:25:00,737.62,737.83,737.31,737.68,211.455
2026-09-07 16:30:00,737.68,738.77,737.27,738.58,244.451
2026-09-07 16:35:00,738.58,739.51,738.5,739.36,402.514
2026-09-07 16:40:00,739.36,740.0,739.11,739.65,296.959
2026-09-07 16:45:00,739.65,739.99,739.65,739.74,472.431
2026-09-07 16:50:00,739.74,740.0,739.6,739.94,112.336
2026-09-07 16:55:00,739.94,740.0,739.5,739.9,255.949
2026-09-07 17:00:00,739.9,739.9,739.25,739.42,236.831
2026-09-07 17:05:00,739.42,740.23,739.41,739.73,551.313
2026-09-07 17:10:00,739.73,740.4,739.72,740.4,245.241
2026-09-07 17:15:00,740.39,740.54,740.2,740.31,259.691
2026-09-07 17:20:00,740.31,740.54,739.73,740.11,164.844
2026-09-07 17:25:00,740.11,740.42,739.63,740.24,206.817
2026-09-07 17:30:00,740.24,740.31,740.0,740.01,202.201
2026-09-07 17:35:00,740.01,740.96,739.76,740.61,293.743
2026-09-07 17:40:00,740.6,741.0,740.6,740.93,154.312
2026-09-07 17:45:00,740.92,741.13,740.65,740.81,147.552
2026-09-07 17:50:00,740.82,741.56,740.81,741.15,184.207
2026-09-07 17:55:00,741.15,741.28,740.56,740.76,138.496
2026-09-07 18:00:00,740.76,740.92,740.49,740.88,99.555
2026-09-07 18:05:00,740.88,741.3,740.09,740.17,190.086
2026-09-07 18:10:00,740.17,740.7,739.97,739.97,261.061
2026-09-07 18:15:00,739.98,740.23,739.8,740.17,271.198
2026-09-07 18:20:00,740.17,740.59,739.39,739.39,273.695
2026-09-07 18:25:00,739.4,739.89,739.08,739.64,155.096
2026-09-07 18:30:00,739.63,739.72,738.6,739.02,218.16
2026-09-07 18:35:00,739.02,739.25,738.73,739.04,227.396
2026-09-07 18:40:00,739.03,739.44,738.76,739.44,353.942
2026-09-07 18:45:00,739.43,739.66,739.3,739.66,118.195
2026-09-07 18:50:00,739.66,740.23,739.59,740.18,116.469
2026-09-07 18:55:00,740.19,740.25,739.56,739.84,134.032
2026-09-07 19:00:00,739.84,739.87,739.0,739.46,120.717
2026-09-07 19:05:00,739.45,739.6,739.2,739.2,72.199
2026-09-07 19:10:00,739.2,739.7,739.2,739.69,58.164
2026-09-07 19:15:00,739.7,739.8,739.7,739.75,60.362
2026-09-07 19:20:00,739.75,740.45,739.74,740.44,93.477
2026-09-07 19:25:00,740.45,740.45,740.12,740.16,87.198
2026-09-07 19:30:00,740.15,741.52,740.15,741.33,166.385
2026-09-07 19:35:00,741.32,742.0,741.03,741.86,322.634
2026-09-07 19:40:00,741.86,741.99,741.81,741.97,114.908
2026-09-07 19:45:00,741.97,742.17,741.8,741.81,196.402
2026-09-07 19:50:00,741.81,741.88,741.3,741.61,211.032
2026-09-07 19:55:00,741.61,741.91,741.61,741.9,85.478
2026-09-07 20:00:00,741.91,741.99,741.13,741.19,146.011
2026-09-07 20:05:00,741.19,741.19,739.83,740.38,266.892
2026-09-07 20:10:00,740.38,740.38,739.5,739.69,206.725
2026-09-07 20:15:00,739.69,740.07,739.61,740.03,77.564
2026-09-07 20:20:00,740.03,740.03,738.56,739.18,600.523
2026-09-07 20:25:00,739.18,739.38,739.14,739.38,57.872
2026-09-07 20:30:00,739.38,739.95,739.16,739.89,240.993
2026-09-07 20:35:00,739.89,740.0,739.7,739.7,80.546
2026-09-07 20:40:00,739.7,739.98,739.64,739.75,146.133
2026-09-07 20:45:00,739.76,740.0,739.46,739.96,249.275
2026-09-07 20:50:00,739.97,740.18,739.62,739.75,165.289
2026-09-07 20:55:00,739.76,740.18,739.76,740.18,55.945
2026-09-07 21:00:00,740.19,740.24,739.92,739.92,57.592
2026-09-07 21:05:00,739.93,739.93,739.72,739.73,53.575
2026-09-07 21:10:00,739.73,740.24,739.69,740.24,192.977
2026-09-07 21:15:00,740.25,740.25,739.52,740.08,295.282
2026-09-07 21:20:00,740.07,740.25,740.0,740.0,173.093
2026-09-07 21:25:00,739.98,739.99,739.55,739.56,228.294
2026-09-07 21:30:00,739.56,739.62,739.47,739.47,76.838
2026-09-07 21:35:00,739.47,739.56,739.01,739.52,144.747
2026-09-07 21:40:00,739.52,739.86,739.18,739.69,329.966
2026-09-07 21:45:00,739.68,739.76,739.02,739.06,156.857
2026-09-07 21:50:00,739.06,739.63,738.67,739.63,231.585
2026-09-07 21:55:00,739.64,740.01,739.34,739.34,325.044
2026-09-07 22:00:00,739.34,739.4,738.0,738.93,190.23
2026-09-07 22:05:00,738.94,739.49,738.61,739.49,145.49
2026-09-07 22:10:00,739.49,739.92,738.8,738.89,171.23
2026-09-07 22:15:00,738.9,738.93,737.78,738.06,253.165
2026-09-07 22:20:00,738.07,739.3,737.86,739.2,158.482
2026-09-07 22:25:00,739.21,739.83,738.6,738.6,281.061
2026-09-07 22:30:00,738.6,738.76,737.93,738.16,193.673
2026-09-07 22:35:00,738.16,738.16,736.85,736.86,237.429
2026-09-07 22:40:00,736.86,736.89,736.06,736.71,313.971
2026-09-07 22:45:00,736.71,737.78,736.71,737.77,89.341
2026-09-07 22:50:00,737.77,738.02,737.67,737.7,85.245
2026-09-07 22:55:00,737.7,738.55,737.4,738.36,283.354
2026-09-07 23:00:00,738.37,739.59,738.35,739.16,212.109
2026-09-07 23:05:00,739.15,740.0,738.7,739.57,422.697
2026-09-07 23:10:00,739.57,740.0,739.57,739.77,170.68
2026-09-07 23:15:00,739.77,739.77,739.08,739.64,177.1
2026-09-07 23:20:00,739.63,739.63,738.31,738.44,73.764
2026-09-07 23:25:00,738.45,739.2,738.45,738.98,44.941
2026-09-07 23:30:00,738.98,739.03,738.38,738.51,91.865
2026-09-07 23:35:00,738.52,739.43,738.52,739.36,120.75
2026-09-07 23:40:00,739.36,739.8,739.35,739.79,88.375
2026-09-07 23:45:00,739.79,740.68,739.71,740.68,183.819
2026-09-07 23:50:00,740.67,740.96,740.42,740.5,174.993
2026-09-07 23:55:00,740.5,740.5,739.88,739.98,205.39
2026-09-08 00:00:00,739.98,740.05,739.0,739.17,384.116
2026-09-08 00:05:00,739.17,739.84,738.91,739.3,329.511
2026-09-08 00:10:00,739.31,739.78,739.08,739.56,179.62
2026-09-08 00:15:00,739.57,740.09,739.0,739.05,404.576
2026-09-08 00:20:00,739.06,739.28,738.36,739.04,189.793
2026-09-08 00:25:00,739.04,739.04,738.51,738.51,124.743
2026-09-08 00:30:00,738.5,739.9,738.4,739.9,122.905
2026-09-08 00:35:00,739.89,740.73,739.89,740.72,233.227
2026-09-08 00:40:00,740.72,741.5,740.29,740.66,442.347
2026-09-08 00:45:00,740.66,740.89,740.65,740.75,163.925
2026-09-08 00:50:00,740.76,741.02,740.44,740.82,173.982
2026-09-08 00:55:00,740.82,741.17,740.24,740.62,359.907
2026-09-08 01:00:00,740.62,740.81,740.2,740.57,145.909
2026-09-08 01:05:00,740.57,741.69,740.26,741.26,357.56
2026-09-08 01:10:00,741.26,741.3,740.5,740.63,165.858
2026-09-08 01:15:00,740.64,741.13,740.57,740.9,316.857
2026-09-08 01:20:00,740.9,742.42,740.88,742.02,290.75
2026-09-08 01:25:00,742.03,743.0,742.02,742.33,365.022
2026-09-08 01:30:00,742.32,742.36,741.8,741.92,220.301
2026-09-08 01:35:00,741.93,742.05,741.57,741.57,108.475
2026-09-08 01:40:00,741.55,742.3,741.45,742.2,469.385
2026-09-08 01:45:00,742.21,742.35,741.99,742.28,90.477
2026-09-08 01:50:00,742.28,742.33,741.27,742.08,427.486
2026-09-08 01:55:00,742.08,742.8,742.08,742.55,104.152
2026-09-08 02:00:00,742.55,742.61,742.03,742.1,106.802
2026-09-08 02:05:00,742.11,742.11,741.63,741.75,212.914
2026-09-08 02:10:00,741.75,741.92,741.41,741.86,269.333
2026-09-08 02:15:00,741.85,742.43,741.8,742.43,485.429
2026-09-08 02:20:00,742.43,743.56,742.17,743.28,469.469
2026-09-08 02:25:00,743.28,743.34,740.76,740.9,478.948
2026-09-08 02:30:00,740.89,741.32,739.79,740.08,255.436
2026-09-08 02:35:00,740.09,740.21,739.54,740.03,407.513
2026-09-08 02:40:00,740.03,740.26,739.28,740.21,498.991
2026-09-08 02:45:00,740.21,741.63,740.21,741.05,516.75
2026-09-08 02:50:00,741.05,741.29,739.54,739.61,292.087
2026-09-08 02:55:00,739.6,740.12,738.49,738.5,362.762
2026-09-08 03:00:00,738.5,739.24,737.79,738.01,625.109
2026-09-08 03:05:00,738.01,739.3,738.01,739.29,188.082
2026-09-08 03:10:00,739.29,739.37,738.13,738.13,273.232
2026-09-08 03:15:00,738.13,738.65,737.8,737.8,400.941
2026-09-08 03:20:00,737.81,738.48,737.01,737.25,647.775
2026-09-08 03:25:00,737.25,738.57,737.25,738.54,377.631
2026-09-08 03:30:00,738.53,742.51,738.5,741.67,970.83
2026-09-08 03:35:00,741.67,743.28,741.67,743.12,876.276
2026-09-08 03:40:00,743.12,744.1,742.96,743.53,569.81
2026-09-08 03:45:00,743.52,744.04,742.1,743.24,1022.471
2026-09-08 03:50:00,743.24,745.24,742.97,743.3,829.497
2026-09-08 03:55:00,743.3,743.66,742.82,742.91,262.489
2026-09-08 04:00:00,742.91,743.74,742.6,743.13,313.177
2026-09-08 04:05:00,743.13,743.36,742.74,743.13,239.171
2026-09-08 04:10:00,743.14,743.19,741.93,742.35,519.631
2026-09-08 04:15:00,742.36,743.55,741.7,743.55,573.466
2026-09-08 04:20:00,743.56,744.0,743.12,743.92,622.85
2026-09-08 04:25:00,743.92,745.25,743.76,744.71,1007.265
2026-09-08 04:30:00,744.72,746.22,744.59,744.97,1208.346
2026-09-08 04:35:00,744.97,745.93,744.65,745.55,636.146
2026-09-08 04:40:00,745.56,745.96,744.76,745.68,650.514
2026-09-08 04:45:00,745.67,746.14,745.3,745.95,652.103
2026-09-08 04:50:00,745.96,746.88,745.56,746.68,1335.91
2026-09-08 04:55:00,746.67,746.68,745.41,745.56,947.368
2026-09-08 05:00:00,745.55,747.18,743.8,745.38,1165.617
2026-09-08 05:05:00,745.38,746.8,744.88,746.63,1007.994
2026-09-08 05:10:00,746.63,749.28,746.57,747.25,2025.785
2026-09-08 05:15:00,747.24,750.3,746.45,750.21,1458.105
2026-09-08 05:20:00,750.22,751.13,749.68,750.68,1183.477
2026-09-08 05:25:00,750.68,754.41,750.66,752.96,1985.587
2026-09-08 05:30:00,752.97,754.42,750.93,751.08,2257.339
2026-09-08 05:35:00,751.07,752.62,750.85,751.93,765.263
2026-09-08 05:40:00,751.94,754.02,751.94,752.54,1434.807
2026-09-08 05:45:00,752.53,754.46,752.44,754.35,700.217
2026-09-08 05:50:00,754.35,754.35,750.31,750.59,1669.128
2026-09-08 05:55:00,750.59,751.32,749.08,750.94,963.982
2026-09-08 06:00:00,750.95,751.35,748.69,748.98,1126.773
2026-09-08 06:05:00,749.0,750.35,748.65,749.27,649.07
2026-09-08 06:10:00,749.26,749.73,747.76,749.44,772.061
2026-09-08 06:15:00,749.44,749.45,747.38,747.5,519.58
2026-09-08 06:20:00,747.5,747.66,745.14,747.12,1601.968
2026-09-08 06:25:00,747.12,748.19,746.81,747.11,306.985
2026-09-08 06:30:00,747.1,749.0,746.95,748.09,532.732
2026-09-08 06:35:00,748.1,748.5,747.13,747.45,562.94
2026-09-08 06:40:00,747.44,748.79,746.51,747.37,747.137
2026-09-08 06:45:00,747.38,749.0,747.13,747.58,923.399
2026-09-08 06:50:00,747.57,748.42,745.43,745.83,1064.213
2026-09-08 06:55:00,745.83,747.96,745.8,747.57,611.455
2026-09-08 07:00:00,747.57,749.59,747.51,747.91,797.439
2026-09-08 07:05:00,747.9,750.46,747.66,749.31,738.283
2026-09-08 07:10:00,749.32,750.34,749.31,749.44,488.933
2026-09-08 07:15:00,749.43,750.65,749.01,750.24,428.223
2026-09-08 07:20:00,750.24,751.3,750.04,750.95,1033.026
2026-09-08 07:25:00,750.96,752.39,750.93,751.89,811.172
2026-09-08 07:30:00,751.89,755.2,751.4,754.57,1921.514
2026-09-08 07:35:00,754.56,755.77,754.04,755.61,1257.109
2026-09-08 07:40:00,755.61,756.74,754.74,756.19,2150.59
2026-09-08 07:45:00,756.2,756.3,754.6,754.82,1147.121
2026-09-08 07:50:00,754.81,756.68,753.99,756.25,1179.1
2026-09-08 07:55:00,756.25,757.58,754.54,754.66,1351.03
2026-09-08 08:00:00,754.66,756.03,753.48,755.46,1794.139
2026-09-08 08:05:00,755.47,759.0,755.39,756.53,2714.055
2026-09-08 08:10:00,756.52,758.0,755.45,757.95,1232.579
2026-09-08 08:15:00,757.95,759.28,757.59,758.7,2096.592
2026-09-08 08:20:00,758.7,760.6,757.83,760.59,2788.637
2026-09-08 08:25:00,760.59,761.39,758.32,758.41,3201.135
2026-09-08 08:30:00,758.4,759.44,757.07,758.19,1017.986
2026-09-08 08:35:00,758.2,758.6,757.25,758.32,663.499
2026-09-08 08:40:00,758.31,758.42,756.88,757.29,1110.879
2026-09-08 08:45:00,757.29,758.11,756.8,757.7,744.051
2026-09-08 08:50:00,757.71,757.79,754.65,754.86,1111.748
2026-09-08 08:55:00,754.87,755.5,754.4,754.97,475.072
2026-09-08 09:00:00,754.96,755.99,752.2,752.44,2932.403
2026-09-08 09:05:00,752.45,752.91,750.23,752.9,1287.974
2026-09-08 09:10:00,752.9,755.41,752.56,755.28,641.141
2026-09-08 09:15:00,755.28,755.29,753.92,753.96,586.689
2026-09-08 09:20:00,753.96,754.5,753.51,753.86,564.699
2026-09-08 09:25:00,753.85,755.74,753.45,755.66,666.826
2026-09-08 09:30:00,755.66,757.11,755.49,756.96,693.928
2026-09-08 09:35:00,756.96,756.96,755.0,756.06,1238.725
2026-09-08 09:40:00,756.07,756.28,755.43,755.99,959.87
2026-09-08 09:45:00,756.0,756.44,755.08,755.34,676.162
2026-09-08 09:50:00,755.34,756.07,755.17,755.76,514.388
2026-09-08 09:55:00,755.76,755.76,754.01,754.78,497.892
2026-09-08 10:00:00,754.78,755.49,753.57,755.12,1299.646
2026-09-08 10:05:00,755.12,755.39,754.5,754.51,499.158
2026-09-08 10:10:00,754.5,755.99,754.17,755.68,927.841
2026-09-08 10:15:00,755.69,756.5,755.55,756.49,439.665
2026-09-08 10:20:00,756.5,758.01,756.5,757.26,798.992
2026-09-08 10:25:00,757.26,757.34,756.8,757.19,1507.09
2026-09-08 10:30:00,757.2,758.01,756.05,756.15,649.283
2026-09-08 10:35:00,756.14,757.17,755.91,757.07,608.597
2026-09-08 10:40:00,757.07,757.37,755.65,757.09,1051.717
2026-09-08 10:45:00,757.09,758.0,756.99,757.92,525.415
2026-09-08 10:50:00,757.92,758.13,757.38,757.63,621.536
2026-09-08 10:55:00,757.62,757.88,756.0,756.24,665.994
2026-09-08 11:00:00,756.24,756.75,755.49,755.6,601.093
2026-09-08 11:05:00,755.6,755.6,754.29,754.48,769.108
2026-09-08 11:10:00,754.47,754.5,752.4,752.83,1150.351
2026-09-08 11:15:00,752.83,754.46,752.8,754.3,751.023
2026-09-08 11:20:00,754.31,756.27,753.86,756.12,1276.992
2026-09-08 11:25:00,756.12,756.22,753.58,753.58,1050.093
2026-09-08 11:30:00,753.59,754.21,752.4,752.89,1819.357
2026-09-08 11:35:00,752.89,753.01,751.57,751.68,544.702
2026-09-08 11:40:00,751.69,752.09,750.3,752.08,1114.864
2026-09-08 11:45:00,752.09,752.58,751.77,752.39,628.6
2026-09-08 11:50:00,752.39,752.93,751.97,751.97,404.443
2026-09-08 11:55:00,751.97,753.0,751.94,752.28,1830.119
2026-09-08 12:00:00,752.3,752.92,750.3,750.62,988.549
2026-09-08 12:05:00,750.63,751.76,750.63,751.62,510.88
2026-09-08 12:10:00,751.63,751.63,750.16,750.38,1096.029
2026-09-08 12:15:00,750.39,750.71,750.15,750.69,1379.893
2026-09-08 12:20:00,750.69,751.55,750.49,750.8,386.296
2026-09-08 12:25:00,750.8,750.92,749.39,750.91,816.489
2026-09-08 12:30:00,750.92,752.52,750.09,751.78,789.891
2026-09-08 12:35:00,751.78,752.22,751.53,751.85,598.638
2026-09-08 12:40:00,751.85,751.85,750.26,750.74,569.171
2026-09-08 12:45:00,750.74,752.0,750.51,751.99,437.554
2026-09-08 12:50:00,752.0,752.1,750.81,751.77,448.567
2026-09-08 12:55:00,751.78,752.28,751.41,751.83,348.164
2026-09-08 13:00:00,751.84,752.89,751.23,752.89,476.463
2026-09-08 13:05:00,752.9,753.01,751.85,751.86,393.792
2026-09-08 13:10:00,751.86,752.37,751.85,752.09,281.095
2026-09-08 13:15:00,752.1,752.68,751.97,752.01,338.144
2026-09-08 13:20:00,752.01,752.18,750.4,750.5,664.534
2026-09-08 13:25:00,750.5,751.48,750.22,751.05,512.318
2026-09-08 13:30:00,751.06,751.39,747.12,747.94,2142.409
2026-09-08 13:35:00,747.95,748.44,744.2,744.64,2712.012
2026-09-08 13:40:00,744.64,745.0,742.33,743.91,2520.77
2026-09-08 13:45:00,743.91,745.0,742.47,744.97,1422.927
2026-09-08 13:50:00,744.97,744.97,743.5,744.96,906.167
2026-09-08 13:55:00,744.97,748.32,744.97,747.03,1010.325
2026-09-08 14:00:00,747.02,747.52,746.04,747.17,339.416
2026-09-08 14:05:00,747.17,748.86,747.17,748.36,602.154
2026-09-08 14:10:00,748.36,750.4,747.9,750.12,754.02
2026-09-08 14:15:00,750.12,751.33,750.12,751.18,434.082
2026-09-08 14:20:00,751.19,751.57,750.17,750.24,820.076
2026-09-08 14:25:00,750.23,750.3,749.19,750.08,2123.375
2026-09-08 14:30:00,750.08,750.08,748.48,749.47,472.107
2026-09-08 14:35:00,749.46,749.56,748.07,748.74,650.343
2026-09-08 14:40:00,748.73,750.18,748.16,749.62,796.169
2026-09-08 14:45:00,749.62,751.02,749.36,750.67,675.494
2026-09-08 14:50:00,750.67,751.18,750.27,750.33,453.62
2026-09-08 14:55:00,750.33,750.93,750.15,750.68,549.007
2026-09-08 15:00:00,750.69,752.21,750.6,751.27,434.135
2026-09-08 15:05:00,751.27,751.34,750.35,751.13,442.287
2026-09-08 15:10:00,751.13,751.86,750.77,751.36,203.723
2026-09-08 15:15:00,751.36,752.13,750.99,751.51,899.967
2026-09-08 15:20:00,751.52,752.33,750.1,751.08,511.188
2026-09-08 15:25:00,751.07,751.08,749.31,749.42,667.354
2026-09-08 15:30:00,749.43,751.01,749.35,751.0,409.013
2026-09-08 15:35:00,751.0,754.36,751.0,753.52,1013.739
2026-09-08 15:40:00,753.52,754.74,753.14,754.23,673.701
2026-09-08 15:45:00,754.23,755.89,754.23,755.59,2085.103
2026-09-08 15:50:00,755.58,756.47,755.13,756.17,1327.117
2026-09-08 15:55:00,756.17,757.03,756.09,756.35,946.251
2026-09-08 16:00:00,756.36,756.57,754.49,754.84,498.902
2026-09-08 16:05:00,754.85,755.87,754.23,754.43,477.425
2026-09-08 16:10:00,754.44,754.56,753.5,753.92,607.223
2026-09-08 16:15:00,753.93,754.66,753.35,753.76,335.722
2026-09-08 16:20:00,753.76,754.45,753.44,754.18,194.733
2026-09-08 16:25:00,754.19,754.84,753.84,754.84,373.364
2026-09-08 16:30:00,754.84,755.43,754.57,754.95,188.581
2026-09-08 16:35:00,754.94,757.56,754.72,757.49,649.818
2026-09-08 16:40:00,757.5,757.96,756.2,756.3,496.966
2026-09-08 16:45:00,756.31,756.76,756.17,756.41,221.212
2026-09-08 16:50:00,756.42,756.72,755.13,756.13,473.421
2026-09-08 16:55:00,756.13,756.27,755.07,755.7,401.546
2026-09-08 17:00:00,755.71,756.45,755.4,756.13,241.457
2026-09-08 17:05:00,756.12,756.5,754.86,754.86,420.903
2026-09-08 17:10:00,754.86,755.21,754.27,754.65,498.165
2026-09-08 17:15:00,754.65,754.66,753.72,753.74,195.263
2026-09-08 17:20:00,753.75,753.75,752.15,752.34,482.13
2026-09-08 17:25:00,752.33,752.54,751.92,752.44,116.171
2026-09-08 17:30:00,752.43,753.46,752.43,753.46,173.023
2026-09-08 17:35:00,753.45,753.79,753.21,753.39,152.537
2026-09-08 17:40:00,753.38,753.38,752.27,752.34,333.358
2026-09-08 17:45:00,752.34,752.76,752.29,752.61,411.681
2026-09-08 17:50:00,752.61,753.24,752.5,752.84,264.325
2026-09-08 17:55:00,752.84,753.0,751.95,751.97,89.606
2026-09-08 18:00:00,751.98,752.54,751.41,751.57,301.849
2026-09-08 18:05:00,751.57,754.16,751.5,753.93,463.164
2026-09-08 18:10:00,753.93,754.27,753.05,753.1,91.752
2026-09-08 18:15:00,753.11,753.68,753.01,753.58,115.308
2026-09-08 18:20:00,753.59,754.0,753.34,753.57,153.662
2026-09-08 18:25:00,753.57,753.6,752.68,752.84,173.058
2026-09-08 18:30:00,752.84,753.2,752.45,752.47,134.37
2026-09-08 18:35:00,752.46,752.46,751.0,751.01,227.772
2026-09-08 18:40:00,751.0,751.08,750.52,750.93,156.838
2026-09-08 18:45:00,750.93,751.14,748.08,748.42,533.618
2026-09-08 18:50:00,748.42,749.56,747.56,748.7,367.587
2026-09-08 18:55:00,748.71,749.66,748.35,749.29,199.772
2026-09-08 19:00:00,749.29,750.23,748.88,750.12,135.08
2026-09-08 19:05:00,750.13,750.29,749.8,749.94,226.826
2026-09-08 19:10:00,749.94,750.29,748.84,749.16,570.81
2026-09-08 19:15:00,749.17,749.7,748.6,749.23,306.217
2026-09-08 19:20:00,749.24,750.0,748.93,749.33,474.389
2026-09-08 19:25:00,749.34,750.15,748.82,750.05,357.818
2026-09-08 19:30:00,750.06,750.15,748.64,749.58,459.283
2026-09-08 19:35:00,749.59,749.67,748.89,749.37,330.786
2026-09-08 19:40:00,749.38,749.92,748.84,748.84,377.348
2026-09-08 19:45:00,748.85,748.85,747.91,748.68,395.521
2026-09-08 19:50:00,748.68,748.68,747.87,748.22,457.737
2026-09-08 19:55:00,748.22,748.88,747.53,748.88,371.347
2026-09-08 20:00:00,748.88,749.95,748.87,749.76,461.169
2026-09-08 20:05:00,749.76,750.89,749.63,750.85,471.437
2026-09-08 20:10:00,750.85,751.33,750.6,750.97,687.816
2026-09-08 20:15:00,750.97,750.97,749.7,749.7,212.74
2026-09-08 20:20:00,749.7,750.06,749.29,749.76,379.537
2026-09-08 20:25:00,749.76,750.66,749.75,750.55,399.565
2026-09-08 20:30:00,750.55,750.55,749.47,749.61,185.941
2026-09-08 20:35:00,749.61,750.81,749.37,750.55,185.249
2026-09-08 20:40:00,750.55,751.04,750.1,750.56,307.015
2026-09-08 20:45:00,750.57,751.06,750.13,750.55,185.77
2026-09-08 20:50:00,750.56,751.66,750.56,750.79,274.019
2026-09-08 20:55:00,750.78,751.52,750.75,750.97,664.897
2026-09-08 21:00:00,750.99,752.0,750.99,751.34,188.847
2026-09-08 21:05:00,751.33,752.24,751.33,752.13,207.467
2026-09-08 21:10:00,752.13,752.24,751.84,752.06,161.15
2026-09-08 21:15:00,752.07,752.6,751.51,751.84,289.498
2026-09-08 21:20:00,751.84,752.04,751.29,751.61,157.621
2026-09-08 21:25:00,751.6,752.35,751.4,752.25,377.434
2026-09-08 21:30:00,752.26,753.37,751.62,752.01,1511.742
2026-09-08 21:35:00,752.01,752.49,751.88,752.37,244.307
2026-09-08 21:40:00,752.37,752.56,751.44,752.11,368.622
2026-09-08 21:45:00,752.1,752.17,751.24,751.73,111.406
2026-09-08 21:50:00,751.73,752.0,751.1,751.94,273.321
2026-09-08 21:55:00,751.93,752.28,751.56,751.81,366.634
2026-09-08 22:00:00,751.81,753.4,751.81,752.97,275.223
2026-09-08 22:05:00,752.97,752.97,750.81,751.1,186.955
2026-09-08 22:10:00,751.1,751.82,751.09,751.67,140.876
2026-09-08 22:15:00,751.67,752.59,751.67,752.28,227.606
2026-09-08 22:20:00,752.29,753.55,752.28,753.19,213.28
2026-09-08 22:25:00,753.18,753.33,752.95,753.23,110.774
2026-09-08 22:30:00,753.23,753.24,752.07,752.27,122.584
2026-09-08 22:35:00,752.27,753.17,752.27,752.97,123.538
2026-09-08 22:40:00,752.96,753.99,752.96,753.5,218.288
2026-09-08 22:45:00,753.5,754.0,753.5,754.0,86.545
2026-09-08 22:50:00,754.0,754.52,753.86,754.1,129.911
2026-09-08 22:55:00,754.11,754.83,754.1,754.73,156.516
2026-09-08 23:00:00,754.73,754.96,753.52,753.52,170.094
2026-09-08 23:05:00,753.52,753.83,753.45,753.71,119.56
2026-09-08 23:10:00,753.71,753.77,752.73,752.76,343.193
2026-09-08 23:15:00,752.77,752.79,752.17,752.45,127.266
2026-09-08 23:20:00,752.46,752.86,752.28,752.4,133.391
2026-09-08 23:25:00,752.39,752.62,752.06,752.62,126.821
2026-09-08 23:30:00,752.62,752.82,752.33,752.35,323.314
2026-09-08 23:35:00,752.34,752.44,752.26,752.44,66.312
2026-09-08 23:40:00,752.44,752.52,752.25,752.38,123.639
2026-09-08 23:45:00,752.39,752.66,752.34,752.43,89.352
2026-09-08 23:50:00,752.42,752.56,752.26,752.27,144.872
2026-09-08 23:55:00,752.26,752.91,752.02,752.02,169.139
2026-09-09 00:00:00,752.03,753.6,751.91,753.6,815.54
2026-09-09 00:05:00,753.59,754.65,753.59,754.21,354.473
2026-09-09 00:10:00,754.2,754.98,753.91,754.98,222.76
2026-09-09 00:15:00,754.97,756.0,754.57,755.12,665.535
2026-09-09 00:20:00,755.12,755.57,754.73,754.83,191.249
2026-09-09 00:25:00,754.83,755.19,754.83,755.09,163.938
2026-09-09 00:30:00,755.08,755.31,754.64,754.72,320.274
2026-09-09 00:35:00,754.72,755.06,754.1,754.85,127.793
2026-09-09 00:40:00,754.85,755.64,754.12,755.38,819.073
2026-09-09 00:45:00,755.39,756.3,755.12,755.64,490.283
2026-09-09 00:50:00,755.64,756.66,754.74,755.28,669.992
2026-09-09 00:55:00,755.28,755.35,754.14,754.49,257.315
2026-09-09 01:00:00,754.49,754.49,751.98,752.13,460.139
2026-09-09 01:05:00,752.13,753.31,752.13,753.02,471.45
2026-09-09 01:10:00,753.03,753.34,751.93,752.19,391.323
2026-09-09 01:15:00,752.19,752.33,750.2,750.47,437.815
2026-09-09 01:20:00,750.47,751.0,750.23,750.9,194.92
2026-09-09 01:25:00,750.9,751.25,750.58,751.25,204.233
2026-09-09 01:30:00,751.25,751.61,750.81,751.55,156.594
2026-09-09 01:35:00,751.55,754.5,751.55,754.43,530.41
2026-09-09 01:40:00,754.42,755.0,754.07,754.44,367.542
2026-09-09 01:45:00,754.43,755.65,754.43,755.64,551.458
2026-09-09 01:50:00,755.65,756.0,754.32,754.8,445.574
2026-09-09 01:55:00,754.8,754.82,754.07,754.6,234.364
2026-09-09 02:00:00,754.6,754.91,754.32,754.66,204.768
2026-09-09 02:05:00,754.65,754.65,753.89,754.28,186.324
2026-09-09 02:10:00,754.28,754.51,753.18,753.18,299.333
2026-09-09 02:15:00,753.18,753.18,751.68,752.24,441.485
2026-09-09 02:20:00,752.23,752.6,751.37,752.44,322.539
2026-09-09 02:25:00,752.44,752.44,751.66,752.05,251.683
2026-09-09 02:30:00,752.06,752.69,751.31,751.85,447.111
2026-09-09 02:35:00,751.86,752.11,751.72,751.83,136.779
2026-09-09 02:40:00,751.83,752.92,751.31,752.03,2840.422
2026-09-09 02:45:00,752.04,752.09,751.66,751.67,700.289
2026-09-09 02:50:00,751.66,752.15,751.6,751.71,220.909
2026-09-09 02:55:00,751.7,751.94,751.27,751.66,336.076
2026-09-09 03:00:00,751.67,751.67,750.37,750.61,582.088
2026-09-09 03:05:00,750.6,751.0,749.97,750.14,511.904
2026-09-09 03:10:00,750.15,750.24,749.0,749.01,331.897
2026-09-09 03:15:00,749.0,749.44,748.64,748.78,489.844
2026-09-09 03:20:00,748.79,749.04,748.23,748.59,300.951
2026-09-09 03:25:00,748.59,748.59,747.12,747.87,433.316
2026-09-09 03:30:00,747.88,749.65,747.87,749.37,395.439
2026-09-09 03:35:00,749.37,749.53,748.88,749.28,215.492
2026-09-09 03:40:00,749.28,749.84,749.19,749.62,268.675
2026-09-09 03:45:00,749.63,749.96,749.14,749.37,273.017
2026-09-09 03:50:00,749.37,749.5,748.83,749.4,336.176
2026-09-09 03:55:00,749.39,750.01,748.78,749.55,422.08
2026-09-09 04:00:00,749.56,752.29,749.55,751.97,629.412
2026-09-09 04:05:00,751.97,752.41,751.21,751.21,602.657
2026-09-09 04:10:00,751.21,751.5,750.75,751.12,277.72
2026-09-09 04:15:00,751.12,751.31,750.25,750.31,390.865
2026-09-09 04:20:00,750.3,751.39,750.16,751.39,249.599
2026-09-09 04:25:00,751.39,751.9,751.32,751.57,281.122
2026-09-09 04:30:00,751.57,752.32,751.37,752.32,194.847
2026-09-09 04:35:00,752.31,753.68,752.27,753.4,377.465
2026-09-09 04:40:00,753.4,755.15,753.29,755.13,1135.918
2026-09-09 04:45:00,755.13,755.36,754.09,754.72,612.306
2026-09-09 04:50:00,754.72,755.24,754.51,755.01,256.973
2026-09-09 04:55:00,755.02,755.24,754.51,754.63,657.903
2026-09-09 05:00:00,754.63,754.71,753.07,753.41,516.812
2026-09-09 05:05:00,753.4,753.41,752.66,753.11,683.122
2026-09-09 05:10:00,753.12,754.1,752.76,754.03,334.867
2026-09-09 05:15:00,754.03,755.18,753.64,753.99,481.127
2026-09-09 05:20:00,753.99,753.99,753.33,753.67,149.384
2026-09-09 05:25:00,753.67,753.86,752.89,753.04,266.559
2026-09-09 05:30:00,753.05,753.1,751.18,752.47,553.432
2026-09-09 05:35:00,752.47,752.82,751.62,751.62,515.681
2026-09-09 05:40:00,751.63,752.12,751.2,751.61,333.303
2026-09-09 05:45:00,751.61,751.61,750.29,750.93,465.271
2026-09-09 05:50:00,750.94,751.52,750.94,751.25,185.104
2026-09-09 05:55:00,751.25,751.64,751.14,751.63,237.645
2026-09-09 06:00:00,751.64,751.8,751.06,751.26,183.342
2026-09-09 06:05:00,751.27,752.01,751.12,751.89,248.908
2026-09-09 06:10:00,751.89,753.36,751.88,753.32,308.904
2026-09-09 06:15:00,753.32,754.41,753.27,754.28,359.305
2026-09-09 06:20:00,754.29,755.76,754.28,755.46,701.279
2026-09-09 06:25:00,755.46,756.15,754.95,755.58,842.479
2026-09-09 06:30:00,755.58,756.2,754.55,754.97,353.823
2026-09-09 06:35:00,754.97,755.2,754.17,754.56,326.495
2026-09-09 06:40:00,754.55,754.7,754.28,754.55,609.029
2026-09-09 06:45:00,754.54,754.55,753.67,753.78,171.248
2026-09-09 06:50:00,753.78,754.21,753.62,753.92,248.323
2026-09-09 06:55:00,753.93,754.95,753.92,754.75,191.155
2026-09-09 07:00:00,754.76,755.39,754.64,755.39,196.13
2026-09-09 07:05:00,755.39,757.56,755.39,756.44,640.035
2026-09-09 07:10:00,756.45,756.82,755.85,755.92,450.911
2026-09-09 07:15:00,755.93,756.13,754.73,754.74,590.288
2026-09-09 07:20:00,754.74,755.15,754.0,754.84,572.631
2026-09-09 07:25:00,754.84,754.84,753.89,754.3,432.865
2026-09-09 07:30:00,754.3,754.5,754.05,754.05,564.509
2026-09-09 07:35:00,754.06,754.24,753.66,753.67,424.355
2026-09-09 07:40:00,753.67,753.67,752.69,753.2,429.556
2026-09-09 07:45:00,753.19,753.67,753.13,753.14,312.31
2026-09-09 07:50:00,753.14,754.19,753.01,754.19,265.585
2026-09-09 07:55:00,754.18,754.48,753.9,754.47,687.24
2026-09-09 08:00:00,754.48,755.2,753.8,754.7,670.297
2026-09-09 08:05:00,754.71,755.53,754.5,755.18,463.284
2026-09-09 08:10:00,755.18,755.53,754.17,754.17,282.921
2026-09-09 08:15:00,754.17,754.84,754.16,754.84,283.985
2026-09-09 08:20:00,754.84,755.6,754.71,754.95,303.406
2026-09-09 08:25:00,754.94,755.37,754.34,755.37,638.548
2026-09-09 08:30:00,755.36,755.97,754.83,755.88,631.935
2026-09-09 08:35:00,755.88,756.08,755.0,755.01,1057.814
2026-09-09 08:40:00,755.01,756.0,755.0,755.65,412.018
2026-09-09 08:45:00,755.65,755.66,754.91,755.47,402.273
2026-09-09 08:50:00,755.46,756.88,755.31,756.81,453.197
2026-09-09 08:55:00,756.82,757.78,756.61,757.49,529.444
2026-09-09 09:00:00,757.49,757.76,756.73,756.89,513.25
2026-09-09 09:05:00,756.89,757.54,756.46,756.85,514.868
2026-09-09 09:10:00,756.85,757.34,756.48,756.97,457.905
2026-09-09 09:15:00,756.97,757.14,756.64,756.74,400.661
2026-09-09 09:20:00,756.74,756.85,756.24,756.25,389.089
2026-09-09 09:25:00,756.24,757.18,756.01,757.02,295.375
2026-09-09 09:30:00,757.01,757.26,756.49,756.56,516.809
2026-09-09 09:35:00,756.55,756.55,755.44,755.55,370.967
2026-09-09 09:40:00,755.56,755.76,753.21,753.47,766.66
2026-09-09 09:45:00,753.47,753.7,752.31,752.46,545.332
2026-09-09 09:50:00,752.45,752.58,751.0,751.06,584.958
2026-09-09 09:55:00,751.06,751.5,750.81,751.15,596.786
2026-09-09 10:00:00,751.16,752.24,751.0,752.17,319.832
2026-09-09 10:05:00,752.18,752.31,751.12,751.18,327.011
2026-09-09 10:10:00,751.17,751.64,750.59,750.8,553.921
2026-09-09 10:15:00,750.81,750.92,750.0,750.71,868.362
2026-09-09 10:20:00,750.7,751.12,750.19,750.3,594.805
2026-09-09 10:25:00,750.3,751.08,750.12,750.65,653.307
2026-09-09 10:30:00,750.66,750.71,749.98,750.71,807.675
2026-09-09 10:35:00,750.71,750.86,749.83,750.43,531.007
2026-09-09 10:40:00,750.44,750.61,749.66,750.35,628.655
2026-09-09 10:45:00,750.35,750.53,749.77,750.17,370.441
2026-09-09 10:50:00,750.16,750.17,749.3,749.64,416.825
2026-09-09 10:55:00,749.64,750.82,749.61,750.67,375.265
2026-09-09 11:00:00,750.68,750.68,748.37,748.84,733.696
2026-09-09 11:05:00,748.84,749.44,747.75,749.44,593.165
2026-09-09 11:10:00,749.44,749.98,748.77,748.9,510.742
2026-09-09 11:15:00,748.91,748.97,747.96,748.67,380.267
2026-09-09 11:20:00,748.68,749.76,748.68,749.54,407.383
2026-09-09 11:25:00,749.55,750.0,749.21,749.97,406.669
2026-09-09 11:30:00,749.97,750.05,749.0,749.56,743.661
2026-09-09 11:35:00,749.56,749.97,749.23,749.97,566.697
2026-09-09 11:40:00,749.97,750.27,749.68,749.8,637.736
2026-09-09 11:45:00,749.8,750.55,749.68,750.31,515.925
2026-09-09 11:50:00,750.31,751.57,750.1,751.32,612.413
2026-09-09 11:55:00,751.32,751.32,750.24,750.24,711.695
2026-09-09 12:00:00,750.24,750.82,749.94,750.15,470.406
2026-09-09 12:05:00,750.16,751.0,749.72,750.83,375.184
2026-09-09 12:10:00,750.83,751.16,750.24,750.33,345.153
2026-09-09 12:15:00,750.32,750.82,750.0,750.58,757.646
2026-09-09 12:20:00,750.58,750.82,749.84,749.85,837.359
2026-09-09 12:25:00,749.85,750.26,749.69,749.97,370.147
2026-09-09 12:30:00,749.97,751.66,749.97,751.6,465.913
2026-09-09 12:35:00,751.6,751.69,750.08,750.7,563.595
2026-09-09 12:40:00,750.7,751.12,750.18,750.37,483.382
2026-09-09 12:45:00,750.36,750.98,750.11,750.37,619.916
2026-09-09 12:50:00,750.38,751.3,749.97,751.08,645.675
2026-09-09 12:55:00,751.09,751.09,750.18,750.46,639.048
2026-09-09 13:00:00,750.46,750.46,749.4,750.36,406.358
2026-09-09 13:05:00,750.36,750.45,749.81,750.1,353.106
2026-09-09 13:10:00,750.1,750.31,749.52,750.18,543.883
2026-09-09 13:15:00,750.19,750.34,749.72,750.26,333.871
2026-09-09 13:20:00,750.26,751.16,750.14,750.65,288.95
2026-09-09 13:25:00,750.65,751.13,750.28,750.49,402.282
2026-09-09 13:30:00,750.48,750.95,749.2,750.74,576.918
2026-09-09 13:35:00,750.73,750.73,747.83,748.26,810.412
2026-09-09 13:40:00,748.26,748.95,746.0,747.29,1194.588
2026-09-09 13:45:00,747.29,748.75,745.0,747.57,3793.801
2026-09-09 13:50:00,747.58,747.77,746.08,746.19,461.741
2026-09-09 13:55:00,746.19,746.64,745.0,745.37,1413.577
2026-09-09 14:00:00,745.37,746.24,743.54,744.77,3422.962
2026-09-09 14:05:00,744.77,745.84,743.12,743.22,1426.719
2026-09-09 14:10:00,743.22,744.35,741.73,744.1,2119.811
2026-09-09 14:15:00,744.11,744.19,742.73,742.84,1012.897
2026-09-09 14:20:00,742.84,743.6,742.43,743.46,551.3
2026-09-09 14:25:00,743.45,745.66,743.34,745.66,1018.824
2026-09-09 14:30:00,745.66,746.65,745.45,746.1,1232.258
2026-09-09 14:35:00,746.1,746.83,745.67,745.94,594.44
2026-09-09 14:40:00,746.0,746.19,743.97,744.2,555.802
2026-09-09 14:45:00,744.21,744.68,741.42,744.62,3101.342
2026-09-09 14:50:00,744.61,744.83,742.97,742.97,396.523
2026-09-09 14:55:00,742.98,743.61,742.62,743.6,734.032
2026-09-09 15:00:00,743.61,746.21,740.9,742.27,1864.984
2026-09-09 15:05:00,742.27,743.05,740.39,741.36,773.928
2026-09-09 15:10:00,741.37,741.9,738.75,739.62,1993.273
2026-09-09 15:15:00,739.62,740.63,739.14,739.44,1069.634
2026-09-09 15:20:00,739.43,739.44,735.13,735.18,2698.154
2026-09-09 15:25:00,735.19,738.5,735.0,738.31,2550.654
2026-09-09 15:30:00,738.31,740.1,738.08,740.1,1270.619
2026-09-09 15:35:00,740.1,740.71,738.83,740.71,1451.479
2026-09-09 15:40:00,740.72,740.89,739.56,739.78,700.342
2026-09-09 15:45:00,739.77,740.29,738.96,739.54,664.188
2026-09-09 15:50:00,739.54,740.19,738.82,739.87,826.829
2026-09-09 15:55:00,739.87,740.1,738.96,739.11,561.125
2026-09-09 16:00:00,739.11,741.66,738.86,741.1,817.97
2026-09-09 16:05:00,741.09,741.4,739.09,739.1,925.798
2026-09-09 16:10:00,739.1,740.07,738.87,740.0,492.828
2026-09-09 16:15:00,740.0,740.0,738.2,738.63,580.604
2026-09-09 16:20:00,738.63,739.56,737.91,738.31,416.168
2026-09-09 16:25:00,738.31,739.69,738.31,739.64,578.25
2026-09-09 16:30:00,739.64,741.9,739.55,741.48,541.85
2026-09-09 16:35:00,741.47,741.83,740.99,741.57,400.582
2026-09-09 16:40:00,741.57,741.66,741.16,741.34,339.74
2026-09-09 16:45:00,741.34,741.35,740.3,740.31,207.389
2026-09-09 16:50:00,740.31,740.67,739.83,740.28,384.993
2026-09-09 16:55:00,740.27,740.92,740.07,740.75,286.621
2026-09-09 17:00:00,740.76,741.43,740.24,740.24,359.549
2026-09-09 17:05:00,740.25,741.36,740.1,741.17,419.495
2026-09-09 17:10:00,741.17,742.31,741.1,741.65,484.162
2026-09-09 17:15:00,741.65,741.81,740.72,741.04,524.89
2026-09-09 17:20:00,741.05,741.38,740.85,741.38,91.784
2026-09-09 17:25:00,741.38,742.29,741.34,742.04,395.273
2026-09-09 17:30:00,742.04,742.05,741.0,741.01,246.868
2026-09-09 17:35:00,741.0,741.5,740.7,740.7,166.955
2026-09-09 17:40:00,740.7,741.14,740.38,740.99,242.439
2026-09-09 17:45:00,741.0,741.48,740.45,741.41,468.955
2026-09-09 17:50:00,741.41,741.75,741.0,741.66,142.748
2026-09-09 17:55:00,741.65,742.01,741.44,741.44,245.871
2026-09-09 18:00:00,741.44,741.61,741.28,741.42,165.917
2026-09-09 18:05:00,741.43,741.59,740.25,740.36,190.38
2026-09-09 18:10:00,740.35,740.69,740.24,740.42,94.556
2026-09-09 18:15:00,740.43,740.52,739.93,739.94,108.748
2026-09-09 18:20:00,739.94,740.73,739.93,740.39,106.861
2026-09-09 18:25:00,740.39,741.12,740.03,740.97,424.281
2026-09-09 18:30:00,740.97,741.39,740.58,740.88,180.582
2026-09-09 18:35:00,740.88,740.98,740.56,740.7,104.032
2026-09-09 18:40:00,740.68,741.21,740.68,741.21,237.771
2026-09-09 18:45:00,741.22,741.27,740.43,740.91,316.649
2026-09-09 18:50:00,740.9,740.96,739.69,739.69,237.032
2026-09-09 18:55:00,739.69,740.26,739.66,740.01,127.049
2026-09-09 19:00:00,740.01,740.6,739.85,739.94,286.458
2026-09-09 19:05:00,739.95,740.44,739.47,740.14,259.333
2026-09-09 19:10:00,740.14,741.07,740.14,741.01,146.557
2026-09-09 19:15:00,741.01,741.73,741.01,741.31,222.47
2026-09-09 19:20:00,741.31,741.47,741.0,741.04,191.482
2026-09-09 19:25:00,741.03,741.09,740.32,740.35,92.308
2026-09-09 19:30:00,740.35,740.35,739.48,740.33,201.27
2026-09-09 19:35:00,740.33,740.33,738.19,738.36,395.767
2026-09-09 19:40:00,738.36,738.87,738.06,738.06,241.968
2026-09-09 19:45:00,738.08,738.51,738.0,738.13,348.027
2026-09-09 19:50:00,738.13,738.13,736.55,736.89,581.746
2026-09-09 19:55:00,736.88,737.44,736.49,737.24,355.238
2026-09-09 20:00:00,737.25,737.4,736.24,736.43,682.953
2026-09-09 20:05:00,736.42,737.57,736.39,737.53,210.17
2026-09-09 20:10:00,737.53,737.78,736.69,737.39,320.096
2026-09-09 20:15:00,737.4,738.17,737.11,737.15,292.664
2026-09-09 20:20:00,737.14,737.27,736.17,736.99,422.784
2026-09-09 20:25:00,736.99,737.16,732.29,734.03,3122.973
2026-09-09 20:30:00,734.03,735.64,733.99,735.15,880.286
2026-09-09 20:35:00,735.14,735.81,735.07,735.17,383.126
2026-09-09 20:40:00,735.17,735.6,734.2,734.34,625.867
2026-09-09 20:45:00,734.34,734.7,732.67,732.84,367.426
2026-09-09 20:50:00,732.85,733.88,732.44,732.96,754.725
2026-09-09 20:55:00,732.96,733.91,732.96,733.91,356.728
2026-09-09 21:00:00,733.91,733.91,732.85,733.19,593.669
2026-09-09 21:05:00,733.2,733.66,732.01,732.02,541.639
2026-09-09 21:10:00,732.02,732.12,731.24,732.12,1273.311
2026-09-09 21:15:00,732.12,732.12,728.65,729.54,3376.699
2026-09-09 21:20:00,729.55,731.41,728.84,731.41,597.645
2026-09-09 21:25:00,731.4,732.21,731.26,731.84,421.833
2026-09-09 21:30:00,731.84,731.85,730.39,730.5,369.492
2026-09-09 21:35:00,730.5,730.83,729.77,730.46,347.227
2026-09-09 21:40:00,730.46,730.94,729.95,730.15,712.568
2026-09-09 21:45:00,730.14,730.14,728.0,728.01,1131.074
2026-09-09 21:50:00,728.0,728.8,727.82,728.75,942.51
2026-09-09 21:55:00,728.74,728.75,722.41,725.55,5652.669
2026-09-09 22:00:00,725.55,726.23,723.76,724.8,1039.513
2026-09-09 22:05:00,724.81,724.81,717.61,721.0,4451.194
2026-09-09 22:10:00,721.0,722.79,720.24,720.33,1620.925
2026-09-09 22:15:00,720.33,720.77,718.99,720.32,1312.199
2026-09-09 22:20:00,720.32,722.26,720.32,722.1,758.07
2026-09-09 22:25:00,722.09,722.68,721.03,722.01,1618.2
2026-09-09 22:30:00,722.02,722.03,719.79,720.16,1196.876
2026-09-09 22:35:00,720.16,721.6,719.5,721.28,473.99
2026-09-09 22:40:00,721.27,721.8,720.88,721.75,587.336
2026-09-09 22:45:00,721.74,721.74,719.33,719.47,818.869
2026-09-09 22:50:00,719.46,720.15,719.0,719.49,793.702
2026-09-09 22:55:00,719.48,719.5,718.32,719.09,624.091
2026-09-09 23:00:00,719.1,721.35,718.86,721.31,479.691
2026-09-09 23:05:00,721.3,721.59,720.5,721.27,377.16
2026-09-09 23:10:00,721.27,721.84,721.06,721.49,306.878
2026-09-09 23:15:00,721.48,721.7,720.84,721.51,298.09
2026-09-09 23:20:00,721.51,721.51,720.39,721.12,293.195
2026-09-09 23:25:00,721.12,721.76,720.85,721.6,255.802
2026-09-09 23:30:00,721.6,722.3,721.28,722.3,289.621
2026-09-09 23:35:00,722.3,722.67,721.78,722.43,587.191
2026-09-09 23:40:00,722.43,722.96,721.98,722.75,483.932
2026-09-09 23:45:00,722.75,723.89,722.49,723.87,603.136
2026-09-09 23:50:00,723.87,723.87,722.36,723.1,329.624
2026-09-09 23:55:00,723.1,723.2,722.62,722.64,606.132
2026-09-10 00:00:00,722.64,724.11,722.41,724.11,1031.028
2026-09-10 00:05:00,724.12,724.43,722.8,722.98,692.759
2026-09-10 00:10:00,722.97,723.59,722.8,722.86,288.714
2026-09-10 00:15:00,722.86,723.08,722.22,722.24,356.879
2026-09-10 00:20:00,722.24,722.91,721.82,722.18,468.039
2026-09-10 00:25:00,722.18,722.37,721.48,722.01,534.68
2026-09-10 00:30:00,722.01,722.01,720.64,721.32,707.604
2026-09-10 00:35:00,721.33,723.05,721.33,722.46,676.004
2026-09-10 00:40:00,722.47,722.47,721.28,721.92,174.167
2026-09-10 00:45:00,721.93,723.22,721.3,722.44,507.477
2026-09-10 00:50:00,722.44,722.86,721.69,722.28,361.112
2026-09-10 00:55:00,722.29,722.39,720.95,720.95,390.891
2026-09-10 01:00:00,720.96,723.02,720.61,722.96,651.882
2026-09-10 01:05:00,722.96,724.74,722.96,724.25,745.923
2026-09-10 01:10:00,724.24,724.46,723.0,723.28,552.683
2026-09-10 01:15:00,723.27,723.28,721.96,722.81,623.909
2026-09-10 01:20:00,722.81,722.88,720.72,721.9,392.695
2026-09-10 01:25:00,721.88,721.93,720.33,720.34,260.602
2026-09-10 01:30:00,720.34,720.8,718.89,719.03,682.152
2026-09-10 01:35:00,719.02,719.02,716.18,717.72,3163.304
2026-09-10 01:40:00,717.73,720.32,717.73,719.38,801.931
2026-09-10 01:45:00,719.38,720.33,718.67,719.93,694.488
2026-09-10 01:50:00,719.93,720.07,718.84,719.34,599.579
2026-09-10 01:55:00,719.35,721.31,719.34,720.99,316.849
2026-09-10 02:00:00,720.99,721.77,720.66,721.22,506.804
2026-09-10 02:05:00,721.21,722.04,720.97,721.43,224.435
2026-09-10 02:10:00,721.43,721.61,721.0,721.61,426.595
2026-09-10 02:15:00,721.6,721.91,720.77,721.41,400.941
2026-09-10 02:20:00,721.41,721.72,720.88,721.0,453.972
2026-09-10 02:25:00,720.99,721.64,720.75,721.21,533.637
2026-09-10 02:30:00,721.2,723.0,721.2,722.99,436.939
2026-09-10 02:35:00,723.0,723.94,722.73,723.5,445.975
2026-09-10 02:40:00,723.51,723.84,723.17,723.37,362.952
2026-09-10 02:45:00,723.36,724.38,723.24,724.38,301.26
2026-09-10 02:50:00,724.37,725.2,724.28,725.2,392.002
2026-09-10 02:55:00,725.2,725.29,724.57,725.29,400.793
2026-09-10 03:00:00,725.29,726.36,725.18,726.21,786.17
2026-09-10 03:05:00,726.22,726.22,724.86,724.9,655.948
2026-09-10 03:10:00,724.9,724.92,724.37,724.49,291.803
2026-09-10 03:15:00,724.5,724.54,724.18,724.26,352.514
2026-09-10 03:20:00,724.26,724.54,724.0,724.0,551.552
2026-09-10 03:25:00,724.0,724.3,723.5,724.24,895.552
2026-09-10 03:30:00,724.24,724.88,723.84,724.02,400.78
2026-09-10 03:35:00,724.01,724.01,723.38,723.93,277.38
2026-09-10 03:40:00,723.94,724.66,723.84,724.41,396.865
2026-09-10 03:45:00,724.4,724.73,724.34,724.62,281.371
2026-09-10 03:50:00,724.63,724.63,723.34,723.39,425.414
2026-09-10 03:55:00,723.39,723.66,723.12,723.65,390.991
2026-09-10 04:00:00,723.65,723.65,723.1,723.35,348.099
2026-09-10 04:05:00,723.34,723.65,723.29,723.29,243.894
2026-09-10 04:10:00,723.29,723.38,723.0,723.06,286.157
2026-09-10 04:15:00,723.07,723.96,722.93,723.8,536.528
2026-09-10 04:20:00,723.79,723.91,722.86,722.87,281.261
2026-09-10 04:25:00,722.87,723.29,722.72,722.72,244.797
2026-09-10 04:30:00,722.73,723.28,722.72,723.12,316.201
2026-09-10 04:35:00,723.11,723.14,722.41,722.55,365.257
2026-09-10 04:40:00,722.55,722.93,721.99,722.27,739.066
2026-09-10 04:45:00,722.27,722.55,722.12,722.46,573.206
2026-09-10 04:50:00,722.46,722.78,721.98,722.38,554.334
2026-09-10 04:55:00,722.38,723.12,722.08,722.66,673.148
2026-09-10 05:00:00,722.66,722.89,720.91,721.02,528.916
2026-09-10 05:05:00,721.01,721.54,720.96,721.16,717.328
2026-09-10 05:10:00,721.17,723.28,721.16,723.07,639.458
2026-09-10 05:15:00,723.08,723.25,721.84,721.92,622.802
2026-09-10 05:20:00,721.92,721.98,721.45,721.7,286.105
2026-09-10 05:25:00,721.69,722.86,721.54,722.32,374.564
2026-09-10 05:30:00,722.33,723.14,722.12,722.71,587.177
2026-09-10 05:35:00,722.71,723.17,722.24,722.24,409.455
2026-09-10 05:40:00,722.25,722.77,722.0,722.69,417.858
2026-09-10 05:45:00,722.69,723.09,722.35,722.44,617.178
2026-09-10 05:50:00,722.43,723.19,722.28,723.1,391.545
2026-09-10 05:55:00,723.11,723.7,722.71,723.49,556.717
2026-09-10 06:00:00,723.5,723.53,722.22,722.22,509.575
2026-09-10 06:05:00,722.23,722.23,721.1,721.13,852.698
2026-09-10 06:10:00,721.14,721.22,720.34,720.38,903.329
2026-09-10 06:15:00,720.37,720.37,718.71,719.28,1504.883
2026-09-10 06:20:00,719.28,719.49,718.73,718.8,667.11
2026-09-10 06:25:00,718.8,718.83,718.37,718.49,546.198
2026-09-10 06:30:00,718.49,719.09,718.37,718.43,583.808
2026-09-10 06:35:00,718.43,719.32,718.39,719.2,639.198
2026-09-10 06:40:00,719.21,720.0,719.2,719.52,401.315
2026-09-10 06:45:00,719.53,721.31,719.52,721.16,489.421
2026-09-10 06:50:00,721.17,721.71,720.9,720.91,511.954
2026-09-10 06:55:00,720.91,721.46,720.9,721.08,430.08
2026-09-10 07:00:00,721.09,721.17,718.86,718.91,630.532
2026-09-10 07:05:00,718.91,718.92,718.19,718.58,1133.671
2026-09-10 07:10:00,718.58,719.28,718.58,719.09,453.851
2026-09-10 07:15:00,719.1,719.17,718.67,718.77,543.289
2026-09-10 07:20:00,718.78,718.83,716.39,717.24,1211.871
2026-09-10 07:25:00,717.23,717.87,717.02,717.11,950.578
2026-09-10 07:30:00,717.1,717.23,715.86,716.23,920.797
2026-09-10 07:35:00,716.24,717.0,715.9,715.96,707.601
2026-09-10 07:40:00,715.96,717.67,715.45,717.67,505.171
2026-09-10 07:45:00,717.68,718.07,717.59,718.07,382.613
2026-09-10 07:50:00,718.07,719.48,718.07,719.43,538.669
2026-09-10 07:55:00,719.43,719.43,718.7,719.09,445.932
2026-09-10 08:00:00,719.1,719.6,718.28,718.59,654.519
2026-09-10 08:05:00,718.59,719.59,718.44,719.49,530.822
2026-09-10 08:10:00,719.48,719.5,718.36,718.64,522.826
2026-09-10 08:15:00,718.63,718.92,718.27,718.86,392.285
2026-09-10 08:20:00,718.85,719.77,718.79,719.68,284.207
2026-09-10 08:25:00,719.69,719.69,719.0,719.55,389.231
2026-09-10 08:30:00,719.56,719.62,718.37,719.02,536.833
2026-09-10 08:35:00,719.02,719.49,718.77,719.07,389.782
2026-09-10 08:40:00,719.07,719.22,718.5,718.9,330.036
2026-09-10 08:45:00,718.9,719.1,718.61,718.87,250.742
2026-09-10 08:50:00,718.86,719.44,718.69,719.21,290.377
2026-09-10 08:55:00,719.22,719.22,718.36,718.5,201.007
2026-09-10 09:00:00,718.51,719.24,718.5,719.04,480.443
2026-09-10 09:05:00,719.05,719.08,717.94,717.95,286.067
2026-09-10 09:10:00,717.95,718.82,717.94,718.82,356.543
2026-09-10 09:15:00,718.81,718.93,718.15,718.28,328.388
2026-09-10 09:20:00,718.28,718.8,718.28,718.57,290.643
2026-09-10 09:25:00,718.57,718.9,718.25,718.6,299.296
2026-09-10 09:30:00,718.6,718.6,717.13,717.82,568.48
2026-09-10 09:35:00,717.83,717.83,716.18,716.27,454.967
2026-09-10 09:40:00,716.27,716.76,715.68,716.67,399.397
2026-09-10 09:45:00,716.68,717.25,716.39,716.99,306.332
2026-09-10 09:50:00,717.0,718.03,716.89,717.71,372.619
2026-09-10 09:55:00,717.71,717.71,716.97,717.5,384.418
2026-09-10 10:00:00,717.51,718.39,717.41,717.85,391.089
2026-09-10 10:05:00,717.85,718.45,717.56,717.6,841.599
2026-09-10 10:10:00,717.61,718.3,717.57,718.03,417.447
2026-09-10 10:15:00,718.04,718.35,717.61,717.98,183.353
2026-09-10 10:20:00,717.98,718.18,717.35,717.35,207.884
2026-09-10 10:25:00,717.36,717.95,717.08,717.68,247.078
2026-09-10 10:30:00,717.69,717.85,716.42,717.01,193.539
2026-09-10 10:35:00,717.01,718.32,717.01,718.08,306.854
2026-09-10 10:40:00,718.08,718.24,717.78,718.01,231.854
2026-09-10 10:45:00,718.0,718.24,717.66,717.9,290.758
2026-09-10 10:50:00,717.9,717.96,717.39,717.39,178.668
2026-09-10 10:55:00,717.4,718.74,717.03,717.03,488.756
2026-09-10 11:00:00,717.04,717.04,715.68,715.89,462.584
2026-09-10 11:05:00,715.89,716.92,715.89,716.46,374.428
2026-09-10 11:10:00,716.46,717.82,716.45,717.81,725.256
2026-09-10 11:15:00,717.81,719.11,717.81,718.45,538.733
2026-09-10 11:20:00,718.44,718.79,717.86,718.31,337.166
2026-09-10 11:25:00,718.31,718.72,717.75,718.6,307.916
2026-09-10 11:30:00,718.61,718.64,718.01,718.55,328.455
2026-09-10 11:35:00,718.54,718.62,718.09,718.59,356.304
2026-09-10 11:40:00,718.6,718.61,717.92,718.21,421.702
2026-09-10 11:45:00,718.21,718.46,717.15,717.77,590.069
2026-09-10 11:50:00,717.77,717.77,716.75,717.12,622.889
2026-09-10 11:55:00,717.13,717.13,716.42,716.46,283.476
2026-09-10 12:00:00,716.46,717.17,715.88,716.06,521.205
2026-09-10 12:05:00,716.06,716.3,715.26,715.46,1194.518
2026-09-10 12:10:00,715.46,716.12,715.38,715.92,354.773
2026-09-10 12:15:00,715.93,716.0,715.33,715.51,372.954
2026-09-10 12:20:00,715.5,715.71,715.26,715.44,660.235
2026-09-10 12:25:00,715.45,716.94,715.44,716.8,297.283
2026-09-10 12:30:00,716.81,718.12,714.02,714.62,5281.549
2026-09-10 12:35:00,714.62,716.04,711.0,711.48,3930.815
2026-09-10 12:40:00,711.49,713.12,711.0,712.3,2575.257
2026-09-10 12:45:00,712.3,712.57,703.62,708.66,10330.819
2026-09-10 12:50:00,708.67,708.99,705.74,705.81,3382.347
2026-09-10 12:55:00,705.81,707.49,704.0,705.66,3811.506
2026-09-10 13:00:00,705.67,708.74,705.36,707.75,1577.386
2026-09-10 13:05:00,707.74,707.98,706.52,706.93,815.472
2026-09-10 13:10:00,706.94,707.63,705.13,705.4,1588.059
2026-09-10 13:15:00,705.4,706.6,705.17,705.2,1322.964
2026-09-10 13:20:00,705.21,707.32,705.11,706.4,1055.04
2026-09-10 13:25:00,706.4,707.46,706.3,706.71,886.195
2026-09-10 13:30:00,706.72,707.79,706.16,707.52,1005.001
2026-09-10 13:35:00,707.51,709.77,707.27,709.2,1057.466
2026-09-10 13:40:00,709.22,709.76,708.59,708.77,951.388
2026-09-10 13:45:00,708.77,710.19,708.57,709.83,1212.993
2026-09-10 13:50:00,709.82,710.79,708.49,709.92,754.726
2026-09-10 13:55:00,709.93,711.0,709.93,710.52,694.656
2026-09-10 14:00:00,710.53,712.0,710.52,710.97,1079.693
2026-09-10 14:05:00,710.97,710.97,708.04,708.69,746.187
2026-09-10 14:10:00,708.7,709.68,708.28,708.38,648.752
2026-09-10 14:15:00,708.38,708.44,706.96,708.38,868.933
2026-09-10 14:20:00,708.39,710.73,708.26,710.05,1298.411
2026-09-10 14:25:00,710.07,710.91,708.75,709.76,1045.205
2026-09-10 14:30:00,709.75,710.18,709.45,709.79,357.97
2026-09-10 14:35:00,709.79,710.64,709.79,709.87,449.077
2026-09-10 14:40:00,709.88,710.71,709.87,710.45,545.811
2026-09-10 14:45:00,710.44,711.35,709.9,709.9,632.149
2026-09-10 14:50:00,709.9,710.5,709.35,710.5,484.95
2026-09-10 14:55:00,710.5,710.67,709.65,710.02,636.206
2026-09-10 15:00:00,710.03,710.03,707.98,708.55,548.874
2026-09-10 15:05:00,708.54,710.43,708.48,709.95,446.172
2026-09-10 15:10:00,709.96,710.55,709.13,709.32,577.325
2026-09-10 15:15:00,709.32,709.48,707.45,708.04,958.139
2026-09-10 15:20:00,708.03,708.13,707.01,707.36,661.246
2026-09-10 15:25:00,707.36,707.43,706.5,706.5,1076.678
2026-09-10 15:30:00,706.5,708.15,706.5,707.84,488.035
2026-09-10 15:35:00,707.83,709.47,707.72,708.53,947.821
2026-09-10 15:40:00,708.54,708.59,707.56,707.84,418.549
2026-09-10 15:45:00,707.85,708.58,706.94,707.66,488.816
2026-09-10 15:50:00,707.66,708.14,707.3,707.31,441.4
2026-09-10 15:55:00,707.31,708.33,707.07,707.94,467.983
2026-09-10 16:00:00,707.95,708.79,706.61,706.71,735.449
2026-09-10 16:05:00,706.71,707.89,705.78,705.79,877.038
2026-09-10 16:10:00,705.79,706.88,705.79,706.49,458.818
2026-09-10 16:15:00,706.5,706.88,704.96,704.96,988.133
2026-09-10 16:20:00,704.96,706.85,704.96,706.15,489.693
2026-09-10 16:25:00,706.15,706.15,705.47,705.72,350.405
2026-09-10 16:30:00,705.71,706.24,705.24,705.24,445.503
2026-09-10 16:35:00,705.23,706.37,704.5,706.29,996.93
2026-09-10 16:40:00,706.28,707.18,706.0,707.1,1159.942
2026-09-10 16:45:00,707.1,709.15,707.1,708.33,676.675
2026-09-10 16:50:00,708.33,708.41,707.93,708.41,330.734
2026-09-10 16:55:00,708.41,709.06,708.28,708.31,1543.655
2026-09-10 17:00:00,708.31,708.94,707.89,708.47,577.995
2026-09-10 17:05:00,708.47,709.05,708.47,708.66,362.711
2026-09-10 17:10:00,708.67,709.54,708.66,709.1,466.139
2026-09-10 17:15:00,709.11,710.18,708.86,710.18,1229.895
2026-09-10 17:20:00,710.17,711.36,709.79,711.28,1062.916
2026-09-10 17:25:00,711.29,711.72,710.6,711.26,926.575
2026-09-10 17:30:00,711.26,713.5,711.25,713.25,1043.824
2026-09-10 17:35:00,713.26,713.62,712.0,712.0,758.25
2026-09-10 17:40:00,712.0,712.49,711.57,712.36,865.665
2026-09-10 17:45:00,712.37,713.24,712.0,712.99,838.745
2026-09-10 17:50:00,713.0,713.38,712.89,713.09,293.575
2026-09-10 17:55:00,713.1,713.17,712.75,712.79,390.651
2026-09-10 18:00:00,712.79,712.9,711.47,711.48,1158.28
2026-09-10 18:05:00,711.47,711.75,710.75,710.76,894.174
2026-09-10 18:10:00,710.76,711.03,710.51,710.51,370.868
2026-09-10 18:15:00,710.51,711.26,710.31,710.69,586.735
2026-09-10 18:20:00,710.69,711.79,710.69,711.66,284.52
2026-09-10 18:25:00,711.67,712.0,711.5,711.63,220.861
2026-09-10 18:30:00,711.63,711.63,711.0,711.43,247.976
2026-09-10 18:35:00,711.44,712.45,711.28,712.45,244.718
2026-09-10 18:40:00,712.45,712.58,712.14,712.42,252.739
2026-09-10 18:45:00,712.43,713.17,712.12,712.7,209.794
2026-09-10 18:50:00,712.7,713.78,712.4,713.65,298.428
2026-09-10 18:55:00,713.65,713.96,713.48,713.95,298.796
2026-09-10 19:00:00,713.96,714.33,713.74,713.91,553.091
2026-09-10 19:05:00,713.9,714.09,713.45,713.86,227.3
2026-09-10 19:10:00,713.87,714.08,713.24,713.33,247.382
2026-09-10 19:15:00,713.33,713.85,713.32,713.42,137.35
2026-09-10 19:20:00,713.43,713.94,713.19,713.94,224.137
2026-09-10 19:25:00,713.95,714.77,713.87,714.53,495.794
2026-09-10 19:30:00,714.53,714.6,714.0,714.24,264.443
2026-09-10 19:35:00,714.23,715.05,714.01,715.04,496.254
2026-09-10 19:40:00,715.04,715.99,715.04,715.76,493.524
2026-09-10 19:45:00,715.75,715.76,714.62,714.8,294.109
2026-09-10 19:50:00,714.8,714.94,713.8,714.16,644.411
2026-09-10 19:55:00,714.15,714.72,714.14,714.38,388.591
2026-09-10 20:00:00,714.38,714.82,713.9,714.03,211.748
2026-09-10 20:05:00,714.03,715.0,713.96,714.97,185.078
2026-09-10 20:10:00,714.97,715.51,714.82,715.36,196.126
2026-09-10 20:15:00,715.37,715.67,715.16,715.36,124.529
2026-09-10 20:20:00,715.36,715.78,715.18,715.4,188.2
2026-09-10 20:25:00,715.4,715.77,715.39,715.64,112.395
2026-09-10 20:30:00,715.65,715.65,715.0,715.36,223.986
2026-09-10 20:35:00,715.35,715.46,715.18,715.46,126.029
2026-09-10 20:40:00,715.46,716.04,715.32,715.8,442.549
2026-09-10 20:45:00,715.8,716.27,715.14,715.44,578.618
2026-09-10 20:50:00,715.43,715.58,715.26,715.41,173.177
2026-09-10 20:55:00,715.41,715.48,714.92,715.01,182.722
2026-09-10 21:00:00,715.01,715.34,714.5,714.5,271.813
2026-09-10 21:05:00,714.5,715.27,714.39,715.26,294.92
2026-09-10 21:10:00,715.27,715.4,714.7,714.81,362.695
2026-09-10 21:15:00,714.81,714.84,714.13,714.14,78.36
2026-09-10 21:20:00,714.14,714.32,713.87,714.31,205.182
2026-09-10 21:25:00,714.31,714.31,714.1,714.18,60.434
2026-09-10 21:30:00,714.18,714.24,713.84,714.15,245.219
2026-09-10 21:35:00,714.14,714.56,713.89,714.4,147.813
2026-09-10 21:40:00,714.39,714.56,713.98,714.05,386.763
2026-09-10 21:45:00,714.05,715.0,713.98,714.49,108.697
2026-09-10 21:50:00,714.48,714.7,714.4,714.4,42.317
2026-09-10 21:55:00,714.41,714.67,714.09,714.37,180.566
2026-09-10 22:00:00,714.38,715.14,714.12,715.07,591.96
2026-09-10 22:05:00,715.07,715.45,714.64,715.44,131.036
2026-09-10 22:10:00,715.44,715.77,714.47,715.08,345.283
2026-09-10 22:15:00,715.08,715.77,714.95,715.31,376.0
2026-09-10 22:20:00,715.31,715.52,715.11,715.38,140.397
2026-09-10 22:25:00,715.37,715.37,714.11,714.12,56.467
2026-09-10 22:30:00,714.11,714.35,712.69,712.69,271.884
2026-09-10 22:35:00,712.7,713.11,712.29,712.84,440.842
2026-09-10 22:40:00,712.84,712.84,711.93,712.17,225.878
2026-09-10 22:45:00,712.16,712.88,712.08,712.72,151.066
2026-09-10 22:50:00,712.72,712.84,712.19,712.73,204.488
2026-09-10 22:55:00,712.74,712.74,711.45,711.98,622.626
2026-09-10 23:00:00,711.99,713.08,711.12,711.54,358.316
2026-09-10 23:05:00,711.55,712.24,709.62,710.48,2066.621
2026-09-10 23:10:00,710.48,711.15,708.9,709.13,467.388
2026-09-10 23:15:00,709.12,710.16,708.65,709.64,536.474
2026-09-10 23:20:00,709.64,710.73,709.64,710.33,413.52
2026-09-10 23:25:00,710.32,711.27,710.15,710.67,107.586
2026-09-10 23:30:00,710.67,711.15,710.47,710.93,124.687
2026-09-10 23:35:00,710.92,711.38,709.92,710.12,322.908
2026-09-10 23:40:00,710.12,710.84,709.94,710.84,351.136
2026-09-10 23:45:00,710.83,710.83,710.21,710.25,83.712
2026-09-10 23:50:00,710.25,710.41,709.24,709.24,287.923
2026-09-10 23:55:00,709.24,709.41,708.4,708.72,740.007
2026-09-11 00:00:00,708.72,710.09,708.72,709.97,278.532
2026-09-11 00:05:00,709.97,712.27,709.59,712.27,295.787
2026-09-11 00:10:00,712.27,712.64,712.01,712.55,281.418
2026-09-11 00:15:00,712.56,712.8,712.0,712.62,383.079
2026-09-11 00:20:00,712.62,712.81,711.81,711.83,475.641
2026-09-11 00:25:00,711.83,712.26,711.42,712.1,471.582
2026-09-11 00:30:00,712.1,712.14,710.43,711.71,402.52
2026-09-11 00:35:00,711.7,712.17,711.21,712.0,158.897
2026-09-11 00:40:00,711.99,712.12,711.41,711.84,106.628
2026-09-11 00:45:00,711.83,712.32,711.73,712.18,127.54
2026-09-11 00:50:00,712.18,712.87,712.1,712.87,224.807
2026-09-11 00:55:00,712.87,713.5,712.87,713.49,415.174
2026-09-11 01:00:00,713.5,714.85,713.41,714.85,432.801
2026-09-11 01:05:00,714.84,714.85,714.09,714.48,214.524
2026-09-11 01:10:00,714.49,714.53,713.84,713.84,131.041
2026-09-11 01:15:00,713.83,713.84,713.04,713.65,127.981
2026-09-11 01:20:00,713.65,713.89,712.74,713.41,230.053
2026-09-11 01:25:00,713.41,713.46,712.2,712.21,154.396
2026-09-11 01:30:00,712.2,712.26,711.21,711.87,549.016
2026-09-11 01:35:00,711.87,713.46,711.38,711.58,252.666
2026-09-11 01:40:00,711.58,712.4,710.7,712.4,685.124
2026-09-11 01:45:00,712.4,712.85,711.7,712.84,174.725
2026-09-11 01:50:00,712.84,713.27,712.66,713.27,257.532
2026-09-11 01:55:00,713.28,713.68,713.19,713.5,237.152
2026-09-11 02:00:00,713.51,713.62,712.35,713.17,424.697
2026-09-11 02:05:00,713.17,713.39,712.47,712.6,203.153
2026-09-11 02:10:00,712.6,713.49,712.35,713.48,158.574
2026-09-11 02:15:00,713.49,713.49,712.14,712.26,215.624
2026-09-11 02:20:00,712.26,712.82,711.86,711.86,226.594
2026-09-11 02:25:00,711.86,711.88,710.0,710.92,791.45
2026-09-11 02:30:00,710.91,710.91,710.5,710.72,120.57
2026-09-11 02:35:00,710.72,712.32,710.33,712.3,298.695
2026-09-11 02:40:00,712.3,712.35,711.64,711.88,225.691
2026-09-11 02:45:00,711.89,712.29,711.63,712.21,247.498
2026-09-11 02:50:00,712.21,712.31,711.0,711.35,305.353
2026-09-11 02:55:00,711.36,711.54,711.01,711.18,171.338
2026-09-11 03:00:00,711.18,711.56,711.02,711.11,348.483
2026-09-11 03:05:00,711.11,711.11,710.15,710.33,257.107
2026-09-11 03:10:00,710.33,711.92,710.24,711.85,162.285
2026-09-11 03:15:00,711.86,712.21,710.88,711.64,293.143
2026-09-11 03:20:00,711.64,711.75,710.81,710.91,202.369
2026-09-11 03:25:00,710.91,711.74,710.78,711.32,247.447
2026-09-11 03:30:00,711.31,711.31,710.24,710.76,184.056
2026-09-11 03:35:00,710.76,712.12,710.51,711.85,134.309
2026-09-11 03:40:00,711.86,712.42,711.84,712.4,208.983
2026-09-11 03:45:00,712.4,712.41,711.63,711.67,203.497
2026-09-11 03:50:00,711.67,711.89,711.5,711.88,198.676
2026-09-11 03:55:00,711.89,712.3,711.71,712.1,324.877
2026-09-11 04:00:00,712.11,712.7,711.99,712.64,218.022
2026-09-11 04:05:00,712.65,712.97,712.55,712.66,189.611
2026-09-11 04:10:00,712.68,713.33,712.42,713.26,328.662
2026-09-11 04:15:00,713.27,713.48,712.88,713.45,305.992
2026-09-11 04:20:00,713.45,714.9,713.44,714.89,638.797
2026-09-11 04:25:00,714.89,715.78,714.64,715.78,437.272
2026-09-11 04:30:00,715.77,716.5,715.72,716.32,613.984
2026-09-11 04:35:00,716.32,716.32,715.62,716.0,324.387
2026-09-11 04:40:00,716.0,716.74,715.92,716.36,291.298
2026-09-11 04:45:00,716.35,716.99,716.17,716.85,218.838
2026-09-11 04:50:00,716.86,717.31,716.62,716.99,412.145
2026-09-11 04:55:00,716.99,717.18,716.65,716.65,390.405
2026-09-11 05:00:00,716.65,716.73,715.7,716.01,345.384
2026-09-11 05:05:00,716.02,716.5,716.01,716.23,117.754
2026-09-11 05:10:00,716.23,716.8,716.0,716.4,391.692
2026-09-11 05:15:00,716.39,716.46,715.81,715.84,327.363
2026-09-11 05:20:00,715.84,715.85,715.34,715.76,252.18
2026-09-11 05:25:00,715.76,716.26,715.44,716.17,380.083
2026-09-11 05:30:00,716.18,717.02,715.78,716.25,631.154
2026-09-11 05:35:00,716.25,717.38,716.24,716.86,596.039
2026-09-11 05:40:00,716.87,717.44,716.76,717.04,464.504
2026-09-11 05:45:00,717.04,717.04,716.49,716.77,207.184
2026-09-11 05:50:00,716.77,716.83,716.23,716.52,318.31
2026-09-11 05:55:00,716.52,716.8,716.52,716.76,103.963
2026-09-11 06:00:00,716.77,716.82,716.56,716.67,268.963
2026-09-11 06:05:00,716.67,716.86,716.5,716.61,187.928
2026-09-11 06:10:00,716.61,717.22,716.39,716.83,252.515
2026-09-11 06:15:00,716.82,716.99,716.3,716.5,206.59
2026-09-11 06:20:00,716.49,716.5,715.41,715.54,319.217
2026-09-11 06:25:00,715.53,715.54,715.1,715.14,392.026
2026-09-11 06:30:00,715.15,715.21,714.37,714.56,389.637
2026-09-11 06:35:00,714.57,715.05,714.49,715.05,152.745
2026-09-11 06:40:00,715.05,715.05,714.71,714.93,241.555
2026-09-11 06:45:00,714.93,715.27,714.86,715.23,235.853
2026-09-11 06:50:00,715.23,715.26,715.0,715.26,121.404
2026-09-11 06:55:00,715.26,715.31,715.12,715.31,105.778
2026-09-11 07:00:00,715.31,715.42,715.1,715.38,215.231
2026-09-11 07:05:00,715.38,715.92,715.38,715.76,169.101
2026-09-11 07:10:00,715.77,716.09,715.2,715.23,256.391
2026-09-11 07:15:00,715.24,715.84,715.23,715.63,465.187
2026-09-11 07:20:00,715.63,716.08,715.54,715.71,607.277
2026-09-11 07:25:00,715.71,715.71,715.05,715.16,620.435
2026-09-11 07:30:00,715.16,715.17,714.28,714.36,361.888
2026-09-11 07:35:00,714.36,714.52,714.18,714.18,195.03
2026-09-11 07:40:00,714.19,714.26,714.0,714.0,289.777
2026-09-11 07:45:00,714.0,714.01,713.24,713.25,436.774
2026-09-11 07:50:00,713.25,713.56,713.05,713.56,451.835
2026-09-11 07:55:00,713.56,713.99,713.52,713.85,262.588
2026-09-11 08:00:00,713.85,714.88,713.75,713.75,539.575
2026-09-11 08:05:00,713.74,713.74,712.83,712.83,355.537
2026-09-11 08:10:00,712.84,713.3,712.62,713.27,352.855
2026-09-11 08:15:00,713.28,714.13,713.27,714.07,142.76
2026-09-11 08:20:00,714.07,715.58,714.06,715.31,380.615
2026-09-11 08:25:00,715.31,715.58,714.4,714.8,235.853
2026-09-11 08:30:00,714.79,716.21,714.71,715.04,531.55
2026-09-11 08:35:00,715.04,715.15,714.57,714.73,236.28
2026-09-11 08:40:00,714.72,714.9,714.48,714.76,323.953
2026-09-11 08:45:00,714.76,714.85,714.36,714.36,206.813
2026-09-11 08:50:00,714.37,714.37,713.97,713.97,135.856
2026-09-11 08:55:00,713.98,714.14,713.97,714.11,186.816
2026-09-11 09:00:00,714.11,714.56,713.6,714.38,983.638
2026-09-11 09:05:00,714.38,714.38,712.97,712.97,716.583
2026-09-11 09:10:00,712.98,713.75,712.97,713.7,165.845
2026-09-11 09:15:00,713.7,713.92,713.59,713.86,109.689
2026-09-11 09:20:00,713.85,713.9,713.36,713.36,129.553
2026-09-11 09:25:00,713.36,713.37,713.06,713.32,223.985
2026-09-11 09:30:00,713.32,713.49,712.98,712.98,195.783
2026-09-11 09:35:00,712.97,712.98,711.61,711.61,622.161
2026-09-11 09:40:00,711.61,711.99,711.19,711.96,282.919
2026-09-11 09:45:00,711.96,712.7,711.96,712.69,272.226
2026-09-11 09:50:00,712.7,713.61,712.42,712.97,278.076
2026-09-11 09:55:00,712.97,713.12,712.89,713.04,203.565
2026-09-11 10:00:00,713.04,714.46,712.4,714.41,366.949
2026-09-11 10:05:00,714.41,715.0,714.21,714.41,348.399
2026-09-11 10:10:00,714.42,714.56,713.97,714.44,307.774
2026-09-11 10:15:00,714.44,714.51,714.08,714.27,200.349
2026-09-11 10:20:00,714.26,714.27,713.8,713.97,267.086
2026-09-11 10:25:00,713.96,714.17,713.77,713.93,194.537
2026-09-11 10:30:00,713.92,713.93,712.55,713.58,311.693
2026-09-11 10:35:00,713.58,713.83,713.24,713.34,110.116
2026-09-11 10:40:00,713.34,713.56,712.8,713.04,190.959
2026-09-11 10:45:00,713.05,713.21,712.79,712.94,182.364
2026-09-11 10:50:00,712.95,713.37,712.94,713.11,167.83
2026-09-11 10:55:00,713.11,713.33,712.73,712.73,218.203
2026-09-11 11:00:00,712.72,712.8,711.56,711.65,717.538
2026-09-11 11:05:00,711.65,711.98,710.71,711.0,361.177
2026-09-11 11:10:00,711.01,711.24,710.5,710.63,232.511
2026-09-11 11:15:00,710.63,711.48,710.62,711.33,199.737
2026-09-11 11:20:00,711.34,711.43,710.86,711.19,200.853
2026-09-11 11:25:00,711.2,711.98,711.2,711.56,124.081
2026-09-11 11:30:00,711.56,711.92,711.34,711.57,166.458
2026-09-11 11:35:00,711.57,712.21,711.26,712.04,393.666
2026-09-11 11:40:00,712.05,712.7,712.04,712.69,187.308
2026-09-11 11:45:00,712.7,713.29,712.58,712.74,178.286
2026-09-11 11:50:00,712.74,713.1,712.65,712.89,127.608
2026-09-11 11:55:00,712.89,713.38,712.67,713.31,146.815
2026-09-11 12:00:00,713.32,714.01,713.06,713.21,490.491
2026-09-11 12:05:00,713.21,713.21,712.07,712.08,121.746
2026-09-11 12:10:00,712.07,712.79,711.68,711.88,238.156
2026-09-11 12:15:00,711.88,712.95,711.5,711.91,178.553
2026-09-11 12:20:00,711.92,712.65,711.46,712.03,473.234
2026-09-11 12:25:00,712.03,715.18,711.07,712.35,1422.103
2026-09-11 12:30:00,712.36,717.53,706.5,716.7,5483.107
2026-09-11 12:35:00,716.69,722.1,716.69,721.87,3685.698
2026-09-11 12:40:00,721.87,722.78,720.26,721.77,1957.206
2026-09-11 12:45:00,721.76,723.68,721.44,721.49,1532.606
2026-09-11 12:50:00,721.5,725.0,721.11,722.93,2562.353
2026-09-11 12:55:00,722.93,724.1,722.46,723.82,2560.826
2026-09-11 13:00:00,723.82,723.82,720.16,720.25,1374.273
2026-09-11 13:05:00,720.25,721.68,719.08,719.11,820.089
2026-09-11 13:10:00,719.12,720.68,719.12,720.68,648.088
2026-09-11 13:15:00,720.67,721.43,719.89,721.2,354.137
2026-09-11 13:20:00,721.2,722.23,720.88,721.35,802.057
2026-09-11 13:25:00,721.35,721.35,718.58,719.05,978.585
2026-09-11 13:30:00,719.06,720.38,717.5,719.22,855.822
2026-09-11 13:35:00,719.23,720.13,717.14,720.13,640.135
2026-09-11 13:40:00,720.14,722.5,719.4,722.15,1074.948
2026-09-11 13:45:00,722.15,730.64,721.4,729.11,12436.618
2026-09-11 13:50:00,729.11,733.5,728.06,731.59,4424.298
2026-09-11 13:55:00,731.6,738.53,731.6,737.01,6505.602
2026-09-11 14:00:00,737.02,741.61,736.5,740.1,7170.577
2026-09-11 14:05:00,740.1,740.44,732.84,733.95,3667.992
2026-09-11 14:10:00,733.96,734.58,731.01,733.86,2177.562
2026-09-11 14:15:00,733.87,734.79,732.83,734.05,1107.252
2026-09-11 14:20:00,734.04,734.63,733.11,734.31,1423.217
2026-09-11 14:25:00,734.32,735.57,733.57,735.21,1047.397
2026-09-11 14:30:00,735.2,735.25,732.85,733.02,1742.688
2026-09-11 14:35:00,733.02,733.92,730.93,733.47,1578.989
2026-09-11 14:40:00,733.48,733.65,731.86,732.8,688.399
2026-09-11 14:45:00,732.8,734.01,729.9,731.71,2115.443
2026-09-11 14:50:00,731.72,733.55,731.21,733.18,1223.08
2026-09-11 14:55:00,733.17,733.78,732.84,733.1,541.453
2026-09-11 15:00:00,733.1,733.4,730.75,732.74,598.255
2026-09-11 15:05:00,732.74,733.39,731.89,731.9,571.232
2026-09-11 15:10:00,731.89,731.89,730.26,730.29,819.348
2026-09-11 15:15:00,730.29,733.45,730.05,733.24,599.266
2026-09-11 15:20:00,733.25,734.81,733.25,734.68,439.638
2026-09-11 15:25:00,734.68,735.17,734.28,734.81,404.772
2026-09-11 15:30:00,734.8,736.44,734.57,736.44,763.334
2026-09-11 15:35:00,736.43,739.59,736.32,739.42,2480.365
2026-09-11 15:40:00,739.42,740.38,738.12,738.82,2750.797
2026-09-11 15:45:00,738.81,738.81,736.37,736.59,721.482
2026-09-11 15:50:00,736.6,736.65,728.21,729.16,3402.03
2026-09-11 15:55:00,729.16,730.01,726.48,728.58,1901.641
2026-09-11 16:00:00,728.58,732.36,728.03,730.89,1297.115
2026-09-11 16:05:00,730.89,733.51,730.89,733.03,807.139
2026-09-11 16:10:00,733.03,733.4,730.31,730.54,689.18
2026-09-11 16:15:00,730.54,731.53,728.15,728.68,959.493
2026-09-11 16:20:00,728.69,729.36,727.22,728.05,912.329
2026-09-11 16:25:00,728.06,730.5,727.97,729.7,529.573
2026-09-11 16:30:00,729.7,731.11,728.01,730.75,602.133
2026-09-11 16:35:00,730.74,730.78,728.8,728.88,470.365
2026-09-11 16:40:00,728.89,730.15,728.73,729.97,684.194
2026-09-11 16:45:00,729.98,732.28,729.74,731.03,551.942
2026-09-11 16:50:00,731.04,731.44,730.44,730.82,272.057
2026-09-11 16:55:00,730.8,731.12,730.05,730.49,607.148
2026-09-11 17:00:00,730.49,731.13,729.86,730.37,510.055
2026-09-11 17:05:00,730.37,730.83,729.11,729.3,246.07
2026-09-11 17:10:00,729.3,730.0,729.0,729.16,172.091
2026-09-11 17:15:00,729.15,730.41,728.93,730.03,268.361
2026-09-11 17:20:00,730.04,730.3,728.52,730.04,230.244
2026-09-11 17:25:00,730.05,730.8,730.05,730.45,232.033
2026-09-11 17:30:00,730.46,730.79,729.98,730.13,289.268
2026-09-11 17:35:00,730.12,730.13,727.62,727.69,372.521
2026-09-11 17:40:00,727.69,728.38,727.08,727.84,408.48
2026-09-11 17:45:00,727.84,728.6,727.78,728.48,264.215
2026-09-11 17:50:00,728.48,728.49,726.92,727.03,208.414
2026-09-11 17:55:00,727.03,728.27,726.63,727.53,401.33
2026-09-11 18:00:00,727.53,728.08,723.04,724.47,1689.565
2026-09-11 18:05:00,724.47,724.64,720.79,722.97,1861.629
2026-09-11 18:10:00,722.98,723.6,722.13,723.27,467.521
2026-09-11 18:15:00,723.26,725.37,723.0,725.36,243.318
2026-09-11 18:20:00,725.29,725.4,724.25,724.8,332.274
2026-09-11 18:25:00,724.79,724.79,723.59,724.73,261.599
2026-09-11 18:30:00,724.73,725.12,723.82,724.95,210.525
2026-09-11 18:35:00,724.94,725.41,724.21,724.66,142.135
2026-09-11 18:40:00,724.66,725.0,723.79,724.1,231.643
2026-09-11 18:45:00,724.1,725.19,723.06,723.64,482.206
2026-09-11 18:50:00,723.64,723.64,721.6,721.72,405.204
2026-09-11 18:55:00,721.72,722.54,721.47,722.38,207.744
2026-09-11 19:00:00,722.39,723.11,721.38,723.06,253.011
2026-09-11 19:05:00,723.06,724.16,723.06,723.54,273.876
2026-09-11 19:10:00,723.53,724.29,722.94,724.29,104.782
2026-09-11 19:15:00,724.28,724.34,722.99,723.6,365.357
2026-09-11 19:20:00,723.6,725.31,723.31,725.23,187.764
2026-09-11 19:25:00,725.23,725.93,724.95,724.95,236.21
2026-09-11 19:30:00,724.94,724.94,724.3,724.56,226.941
2026-09-11 19:35:00,724.55,724.76,723.85,724.7,234.496
2026-09-11 19:40:00,724.7,725.33,724.7,725.08,167.957
2026-09-11 19:45:00,725.08,725.33,724.57,724.92,171.934
2026-09-11 19:50:00,724.92,725.54,724.59,725.3,142.98
2026-09-11 19:55:00,725.3,726.69,724.81,725.08,522.492
2026-09-11 20:00:00,725.08,727.66,724.93,727.37,359.536
2026-09-11 20:05:00,727.38,727.4,726.94,726.95,72.08
2026-09-11 20:10:00,726.95,727.35,726.67,726.87,207.379
2026-09-11 20:15:00,726.87,726.98,725.72,725.99,151.723
2026-09-11 20:20:00,725.99,726.57,725.85,726.57,74.931
2026-09-11 20:25:00,726.57,726.85,725.98,726.11,273.055
2026-09-11 20:30:00,726.11,726.29,724.65,726.29,361.641
2026-09-11 20:35:00,726.3,727.33,726.3,727.32,132.416
2026-09-11 20:40:00,727.32,727.59,726.8,727.14,250.246
2026-09-11 20:45:00,727.13,727.3,725.25,725.47,144.403
2026-09-11 20:50:00,725.46,725.76,724.41,725.22,554.596
2026-09-11 20:55:00,725.21,726.4,724.95,726.23,344.91
2026-09-11 21:00:00,726.23,726.23,725.8,725.97,52.227
2026-09-11 21:05:00,725.96,727.09,725.79,726.89,110.182
2026-09-11 21:10:00,726.9,727.31,726.26,726.6,160.955
2026-09-11 21:15:00,726.6,727.37,726.6,727.19,83.853
2026-09-11 21:20:00,727.19,727.5,727.02,727.15,103.936
2026-09-11 21:25:00,727.14,727.26,726.75,726.76,93.911
2026-09-11 21:30:00,726.75,727.0,726.38,727.0,133.374
2026-09-11 21:35:00,726.99,727.0,726.45,727.0,49.483
2026-09-11 21:40:00,727.0,727.14,726.26,726.34,179.17
2026-09-11 21:45:00,726.35,726.5,724.67,724.8,217.167
2026-09-11 21:50:00,724.79,724.79,723.82,723.96,177.677
2026-09-11 21:55:00,723.95,724.24,722.99,723.3,570.8
2026-09-11 22:00:00,723.3,725.12,721.95,725.12,729.321
2026-09-11 22:05:00,725.13,725.17,723.04,723.04,174.976
2026-09-11 22:10:00,723.04,724.36,723.04,724.35,243.782
2026-09-11 22:15:00,724.36,724.53,723.6,724.53,170.103
2026-09-11 22:20:00,724.54,725.49,724.24,725.28,170.453
2026-09-11 22:25:00,725.27,725.71,724.4,724.44,357.791
2026-09-11 22:30:00,724.43,724.67,723.0,723.21,171.651
2026-09-11 22:35:00,723.21,725.14,723.1,725.12,215.259
2026-09-11 22:40:00,725.11,725.2,724.11,724.45,253.081
2026-09-11 22:45:00,724.45,724.45,723.61,723.62,300.319
2026-09-11 22:50:00,723.61,724.16,723.07,723.56,444.447
2026-09-11 22:55:00,723.57,724.47,723.2,724.47,509.159
2026-09-11 23:00:00,724.47,725.3,723.97,725.3,585.319
2026-09-11 23:05:00,725.29,725.42,724.71,725.42,245.611
2026-09-11 23:10:00,725.42,726.03,725.07,725.14,282.453
2026-09-11 23:15:00,725.14,725.75,724.93,725.64,279.071
2026-09-11 23:20:00,725.64,725.64,724.51,724.57,148.132
2026-09-11 23:25:00,724.56,725.59,724.56,725.5,131.903
2026-09-11 23:30:00,725.49,725.85,725.4,725.68,96.815
2026-09-11 23:35:00,725.68,725.96,725.68,725.94,32.963
2026-09-11 23:40:00,725.94,726.57,725.54,726.28,235.937
2026-09-11 23:45:00,726.27,727.26,726.27,727.23,310.848
2026-09-11 23:50:00,727.22,727.67,726.91,727.63,263.864
2026-09-11 23:55:00,727.64,727.67,726.66,726.75,215.583
2026-09-12 00:00:00,726.76,727.99,726.59,727.19,365.56
2026-09-12 00:05:00,727.18,727.18,726.18,726.52,149.357
2026-09-12 00:10:00,726.52,727.4,726.39,727.4,245.705
2026-09-12 00:15:00,727.4,728.02,727.4,727.84,184.74
2026-09-12 00:20:00,727.84,728.02,727.69,728.02,213.598
2026-09-12 00:25:00,728.01,728.28,727.5,727.71,214.372
2026-09-12 00:30:00,727.7,727.94,727.4,727.94,130.696
2026-09-12 00:35:00,727.95,728.48,727.65,728.11,161.345
2026-09-12 00:40:00,728.11,728.11,727.49,727.49,221.6
2026-09-12 00:45:00,727.5,727.9,727.46,727.84,79.715
2026-09-12 00:50:00,727.85,727.85,727.46,727.6,55.512
2026-09-12 00:55:00,727.6,727.75,726.75,726.75,411.45
2026-09-12 01:00:00,726.76,727.06,726.1,727.06,184.943
2026-09-12 01:05:00,727.06,728.37,727.06,728.37,344.843
2026-09-12 01:10:00,728.37,728.61,728.16,728.45,279.828
2026-09-12 01:15:00,728.45,729.8,728.44,729.44,777.192
2026-09-12 01:20:00,729.44,730.0,729.34,730.0,446.332
2026-09-12 01:25:00,729.99,730.04,728.67,729.3,622.475
2026-09-12 01:30:00,729.3,729.45,728.89,728.93,171.213
2026-09-12 01:35:00,728.92,729.5,728.5,728.86,283.22
2026-09-12 01:40:00,728.86,729.32,728.73,729.28,189.535
2026-09-12 01:45:00,729.28,730.4,729.28,730.35,837.996
2026-09-12 01:50:00,730.36,731.13,730.03,730.6,666.429
2026-09-12 01:55:00,730.59,730.67,730.27,730.29,159.962
2026-09-12 02:00:00,730.28,731.2,730.2,730.61,262.935
2026-09-12 02:05:00,730.61,731.02,730.57,730.81,172.567
2026-09-12 02:10:00,730.81,730.9,730.01,730.01,88.948
2026-09-12 02:15:00,730.0,730.76,729.84,730.76,110.048
2026-09-12 02:20:00,730.77,730.87,730.68,730.86,91.575
2026-09-12 02:25:00,730.85,730.85,729.52,730.09,301.797
2026-09-12 02:30:00,730.09,730.48,729.78,729.79,86.679
2026-09-12 02:35:00,729.78,730.41,729.48,729.49,263.353
2026-09-12 02:40:00,729.49,730.22,729.36,729.88,388.173
2026-09-12 02:45:00,729.86,731.65,729.68,731.58,1074.805
2026-09-12 02:50:00,731.58,731.9,730.88,731.18,401.685
2026-09-12 02:55:00,731.18,731.85,731.02,731.75,201.012
2026-09-12 03:00:00,731.75,732.98,731.74,732.91,547.808
2026-09-12 03:05:00,732.91,734.19,732.91,734.03,1135.116
2026-09-12 03:10:00,734.04,735.46,734.02,734.86,1072.164
2026-09-12 03:15:00,734.85,735.45,734.32,734.65,710.016
2026-09-12 03:20:00,734.66,735.26,733.5,733.72,938.329
2026-09-12 03:25:00,733.73,734.23,733.18,734.23,209.243
2026-09-12 03:30:00,734.23,735.2,734.23,734.37,704.07
2026-09-12 03:35:00,734.37,735.95,734.37,735.94,504.38
2026-09-12 03:40:00,735.94,736.26,733.16,734.08,1338.892
2026-09-12 03:45:00,734.08,734.53,733.72,734.13,218.021
2026-09-12 03:50:00,734.14,734.34,733.73,733.8,310.968
2026-09-12 03:55:00,733.79,733.98,733.49,733.49,123.434
2026-09-12 04:00:00,733.5,734.98,733.38,733.97,714.678
2026-09-12 04:05:00,733.97,734.79,733.87,734.03,264.381
2026-09-12 04:10:00,734.03,734.04,733.56,734.04,97.896
2026-09-12 04:15:00,734.05,734.43,733.06,733.8,465.045
2026-09-12 04:20:00,733.8,733.89,733.42,733.51,206.313
2026-09-12 04:25:00,733.5,734.07,733.49,734.0,108.83
2026-09-12 04:30:00,733.99,734.73,733.99,734.3,145.891
2026-09-12 04:35:00,734.3,735.18,734.29,735.17,260.871
2026-09-12 04:40:00,735.17,735.35,734.08,734.95,376.646
2026-09-12 04:45:00,734.95,735.0,733.71,734.27,169.012
2026-09-12 04:50:00,734.28,734.31,733.63,733.64,153.771
2026-09-12 04:55:00,733.64,733.85,733.44,733.65,210.932
2026-09-12 05:00:00,733.65,733.65,732.68,733.43,715.898
2026-09-12 05:05:00,733.43,734.0,733.19,734.0,217.942
2026-09-12 05:10:00,734.0,735.27,734.0,734.99,264.948
2026-09-12 05:15:00,734.98,734.99,734.0,734.05,314.943
2026-09-12 05:20:00,734.04,734.56,733.75,734.01,361.525
2026-09-12 05:25:00,734.01,734.01,732.03,732.55,897.921
2026-09-12 05:30:00,732.55,733.38,732.25,733.3,311.517
2026-09-12 05:35:00,733.31,733.83,733.3,733.59,320.974
2026-09-12 05:40:00,733.58,733.71,732.78,733.1,99.625
2026-09-12 05:45:00,733.09,733.63,733.09,733.46,190.397
2026-09-12 05:50:00,733.46,733.62,732.8,732.82,118.045
2026-09-12 05:55:00,732.82,733.44,732.81,732.94,193.123
2026-09-12 06:00:00,732.94,733.38,732.56,733.27,228.149
2026-09-12 06:05:00,733.27,733.52,732.89,733.1,280.273
2026-09-12 06:10:00,733.1,733.19,732.11,732.47,711.033
2026-09-12 06:15:00,732.47,732.72,732.18,732.18,137.647
2026-09-12 06:20:00,732.18,732.39,731.92,732.01,292.445
2026-09-12 06:25:00,732.01,732.01,731.61,731.83,135.836
2026-09-12 06:30:00,731.82,732.48,731.74,732.0,291.011
2026-09-12 06:35:00,732.0,732.0,731.61,732.0,89.583
2026-09-12 06:40:00,732.0,732.49,731.87,732.45,251.536
2026-09-12 06:45:00,732.45,733.07,732.23,732.42,545.73
2026-09-12 06:50:00,732.41,732.41,731.94,731.94,127.002
2026-09-12 06:55:00,731.94,732.01,731.6,731.81,90.084
2026-09-12 07:00:00,731.8,732.25,731.75,732.17,162.841
2026-09-12 07:05:00,732.17,732.43,731.98,732.42,118.957
2026-09-12 07:10:00,732.43,733.36,732.41,733.36,320.654
2026-09-12 07:15:00,733.36,734.36,733.24,733.51,404.812
2026-09-12 07:20:00,733.5,734.04,733.44,733.83,175.077
2026-09-12 07:25:00,733.83,734.01,733.6,733.61,77.391
2026-09-12 07:30:00,733.6,733.61,733.0,733.24,121.947
2026-09-12 07:35:00,733.23,733.9,733.23,733.43,273.565
2026-09-12 07:40:00,733.44,734.26,733.36,733.91,537.572
2026-09-12 07:45:00,733.91,734.53,733.68,734.53,194.786
2026-09-12 07:50:00,734.53,734.53,734.19,734.26,105.271
2026-09-12 07:55:00,734.26,734.26,733.51,733.6,188.921
2026-09-12 08:00:00,733.6,734.18,733.45,734.18,193.074
2026-09-12 08:05:00,734.18,734.53,734.15,734.28,177.591
2026-09-12 08:10:00,734.28,734.28,733.2,734.09,500.04
2026-09-12 08:15:00,734.09,734.89,734.06,734.36,290.205
2026-09-12 08:20:00,734.36,734.36,733.53,733.53,532.735
2026-09-12 08:25:00,733.53,733.67,733.23,733.23,231.845
2026-09-12 08:30:00,733.22,733.35,732.6,732.81,285.028
2026-09-12 08:35:00,732.81,734.06,732.81,734.06,147.644
2026-09-12 08:40:00,734.06,734.46,733.96,734.35,150.606
2026-09-12 08:45:00,734.35,734.5,734.25,734.45,83.954
2026-09-12 08:50:00,734.45,734.87,734.41,734.71,156.835
2026-09-12 08:55:00,734.72,734.96,734.61,734.93,145.935
2026-09-12 09:00:00,734.94,735.37,734.58,735.25,580.6
2026-09-12 09:05:00,735.25,735.32,734.81,735.12,193.377
2026-09-12 09:10:00,735.12,735.36,734.68,735.35,697.589
2026-09-12 09:15:00,735.35,735.57,735.0,735.33,242.822
2026-09-12 09:20:00,735.34,735.36,734.7,734.98,254.45
2026-09-12 09:25:00,734.98,735.38,734.84,735.31,209.563
2026-09-12 09:30:00,735.3,736.92,735.3,735.49,463.622
2026-09-12 09:35:00,735.49,736.0,735.21,735.95,301.814
2026-09-12 09:40:00,735.94,735.94,735.0,735.07,261.598
2026-09-12 09:45:00,735.08,735.5,734.9,734.91,74.055
2026-09-12 09:50:00,734.9,735.28,734.41,734.42,478.682
2026-09-12 09:55:00,734.42,735.3,734.41,735.29,352.886
2026-09-12 10:00:00,735.3,735.91,735.23,735.41,334.573
2026-09-12 10:05:00,735.41,736.32,735.34,736.32,153.376
2026-09-12 10:10:00,736.33,736.57,736.05,736.13,293.065
2026-09-12 10:15:00,736.12,737.08,736.12,737.08,823.117
2026-09-12 10:20:00,737.07,738.16,737.01,737.07,1165.725
2026-09-12 10:25:00,737.07,738.42,736.95,737.91,330.435
2026-09-12 10:30:00,737.91,738.07,737.43,737.44,355.528
2026-09-12 10:35:00,737.45,738.13,737.01,738.06,552.283
2026-09-12 10:40:00,738.05,739.09,737.96,738.79,632.224
2026-09-12 10:45:00,738.8,739.89,738.5,738.89,1011.586
2026-09-12 10:50:00,738.89,738.89,737.72,737.73,295.334
2026-09-12 10:55:00,737.73,738.6,737.73,737.85,284.382
2026-09-12 11:00:00,737.85,738.04,737.11,737.99,916.819
2026-09-12 11:05:00,738.0,738.15,737.5,737.51,238.123
2026-09-12 11:10:00,737.5,737.5,736.8,737.0,461.46
2026-09-12 11:15:00,736.99,737.05,736.25,736.25,269.937
2026-09-12 11:20:00,736.26,736.63,736.02,736.62,217.111
2026-09-12 11:25:00,736.63,736.63,736.27,736.32,68.203
2026-09-12 11:30:00,736.32,736.56,736.25,736.25,155.975
2026-09-12 11:35:00,736.25,736.88,736.15,736.84,41.89
2026-09-12 11:40:00,736.85,736.85,736.04,736.1,298.224
2026-09-12 11:45:00,736.11,736.38,736.0,736.17,100.339
2026-09-12 11:50:00,736.18,736.51,736.0,736.29,228.25
2026-09-12 11:55:00,736.29,736.71,736.0,736.71,278.037
2026-09-12 12:00:00,736.7,737.19,736.25,736.3,134.88
2026-09-12 12:05:00,736.29,737.18,736.29,736.78,194.975
2026-09-12 12:10:00,736.78,736.79,736.1,736.35,166.26
2026-09-12 12:15:00,736.35,736.53,736.04,736.42,216.316
2026-09-12 12:20:00,736.42,736.42,735.99,736.01,61.131
2026-09-12 12:25:00,736.0,736.03,735.8,736.02,111.023
2026-09-12 12:30:00,736.03,736.3,736.02,736.3,74.899
2026-09-12 12:35:00,736.29,736.69,736.27,736.67,183.183
2026-09-12 12:40:00,736.68,737.43,736.33,736.5,343.751
2026-09-12 12:45:00,736.49,736.85,736.38,736.51,377.786
2026-09-12 12:50:00,736.5,736.51,735.64,735.81,179.05
2026-09-12 12:55:00,735.81,736.3,735.62,736.27,202.138
2026-09-12 13:00:00,736.26,736.63,735.96,736.16,271.351
2026-09-12 13:05:00,736.15,736.88,736.0,736.01,538.047
2026-09-12 13:10:00,736.02,736.21,735.24,735.59,297.72
2026-09-12 13:15:00,735.6,735.6,734.92,735.23,470.533
2026-09-12 13:20:00,735.23,735.47,735.0,735.47,221.271
2026-09-12 13:25:00,735.47,736.2,735.23,735.84,299.279
2026-09-12 13:30:00,735.84,735.94,735.19,735.84,342.068
2026-09-12 13:35:00,735.84,736.04,735.76,735.8,213.427
2026-09-12 13:40:00,735.8,736.41,735.79,736.08,230.036
2026-09-12 13:45:00,736.09,736.09,735.47,735.77,278.517
2026-09-12 13:50:00,735.78,736.08,735.63,735.72,864.619
2026-09-12 13:55:00,735.71,736.67,735.68,736.67,542.753
2026-09-12 14:00:00,736.67,736.84,736.22,736.67,634.474
2026-09-12 14:05:00,736.68,736.75,736.24,736.52,126.118
2026-09-12 14:10:00,736.52,736.52,735.93,736.04,132.313
2026-09-12 14:15:00,736.03,736.25,735.48,735.55,184.379
2026-09-12 14:20:00,735.55,736.25,735.51,735.55,233.918
2026-09-12 14:25:00,735.55,735.84,735.15,735.42,439.88
2026-09-12 14:30:00,735.42,735.93,735.29,735.3,205.386
2026-09-12 14:35:00,735.29,735.63,735.28,735.29,280.897
2026-09-12 14:40:00,735.29,735.61,734.77,735.32,540.456
2026-09-12 14:45:00,735.33,735.47,734.91,735.36,404.977
2026-09-12 14:50:00,735.36,735.47,734.88,735.03,124.308
2026-09-12 14:55:00,735.02,735.75,734.71,735.75,223.387
2026-09-12 15:00:00,735.75,736.84,735.69,736.38,490.801
2026-09-12 15:05:00,736.38,736.8,736.34,736.6,185.56
2026-09-12 15:10:00,736.6,737.1,736.59,736.94,244.25
2026-09-12 15:15:00,736.94,737.12,736.74,736.74,229.218
2026-09-12 15:20:00,736.75,736.96,736.68,736.77,214.761
2026-09-12 15:25:00,736.77,736.78,736.46,736.51,1068.19
2026-09-12 15:30:00,736.5,736.52,735.78,736.1,296.842
2026-09-12 15:35:00,736.1,736.18,735.45,735.87,316.611
2026-09-12 15:40:00,735.87,736.13,735.67,735.83,342.547
2026-09-12 15:45:00,735.84,735.98,735.4,735.44,281.851
2026-09-12 15:50:00,735.45,735.45,735.33,735.35,120.99
2026-09-12 15:55:00,735.35,735.8,735.11,735.19,563.066
2026-09-12 16:00:00,735.19,735.32,734.82,734.82,255.047
2026-09-12 16:05:00,734.82,734.84,734.0,734.8,392.465
2026-09-12 16:10:00,734.8,734.8,734.38,734.39,163.013
2026-09-12 16:15:00,734.38,734.39,734.13,734.25,164.546
2026-09-12 16:20:00,734.25,734.56,734.21,734.34,140.001
2026-09-12 16:25:00,734.35,734.35,734.0,734.01,128.545
2026-09-12 16:30:00,734.01,734.29,733.41,733.78,414.584
2026-09-12 16:35:00,733.78,733.88,733.26,733.33,320.974
2026-09-12 16:40:00,733.33,733.44,731.99,732.22,2238.786
2026-09-12 16:45:00,732.22,732.55,731.85,732.0,799.953
2026-09-12 16:50:00,731.99,732.15,731.99,732.11,264.033
2026-09-12 16:55:00,732.1,732.28,731.85,732.11,215.651
2026-09-12 17:00:00,732.11,732.12,731.75,732.12,202.955
2026-09-12 17:05:00,732.12,732.21,732.09,732.16,141.235
2026-09-12 17:10:00,732.16,732.42,731.95,732.09,244.603
2026-09-12 17:15:00,732.09,732.28,731.32,731.65,307.529
2026-09-12 17:20:00,731.65,731.75,730.77,731.37,374.366
2026-09-12 17:25:00,731.37,731.55,731.32,731.44,175.34
2026-09-12 17:30:00,731.45,731.51,731.17,731.31,136.56
2026-09-12 17:35:00,731.31,731.53,730.52,730.72,215.489
2026-09-12 17:40:00,730.72,730.89,730.72,730.84,141.303
2026-09-12 17:45:00,730.84,730.85,730.33,730.51,141.017
2026-09-12 17:50:00,730.51,730.79,730.5,730.76,121.196
2026-09-12 17:55:00,730.75,731.07,730.64,730.94,217.398
2026-09-12 18:00:00,730.94,730.94,730.73,730.73,117.64
2026-09-12 18:05:00,730.73,730.95,730.58,730.58,209.221
2026-09-12 18:10:00,730.59,730.74,730.34,730.56,240.584
2026-09-12 18:15:00,730.56,730.78,730.36,730.43,139.432
2026-09-12 18:20:00,730.43,730.86,730.36,730.79,256.22
2026-09-12 18:25:00,730.79,730.91,730.4,730.78,132.374
2026-09-12 18:30:00,730.78,730.95,730.52,730.63,143.267
2026-09-12 18:35:00,730.62,730.63,729.49,729.93,776.843
2026-09-12 18:40:00,729.93,730.14,729.49,729.53,132.07
2026-09-12 18:45:00,729.53,729.61,729.36,729.61,90.088
2026-09-12 18:50:00,729.61,729.61,728.97,729.01,72.089
2026-09-12 18:55:00,729.01,729.44,729.0,729.31,156.756
2026-09-12 19:00:00,729.32,729.48,728.43,728.57,292.934
2026-09-12 19:05:00,728.57,728.6,727.67,728.15,457.72
2026-09-12 19:10:00,728.15,728.22,727.72,728.15,202.444
2026-09-12 19:15:00,728.15,728.15,726.67,726.75,2755.186
2026-09-12 19:20:00,726.75,726.75,725.53,725.66,434.913
2026-09-12 19:25:00,725.67,726.16,725.37,725.68,281.279
2026-09-12 19:30:00,725.68,725.89,725.19,725.78,151.248
2026-09-12 19:35:00,725.78,725.81,725.06,725.07,59.332
2026-09-12 19:40:00,725.06,725.63,725.06,725.52,302.666
2026-09-12 19:45:00,725.51,725.94,725.51,725.94,123.027
2026-09-12 19:50:00,725.94,726.21,725.89,725.9,174.344
2026-09-12 19:55:00,725.9,726.44,725.89,726.18,85.869
2026-09-12 20:00:00,726.18,726.8,725.32,726.4,519.71
2026-09-12 20:05:00,726.4,726.75,726.39,726.74,122.845
2026-09-12 20:10:00,726.74,727.02,726.74,726.8,93.462
2026-09-12 20:15:00,726.79,726.82,726.13,726.22,126.057
2026-09-12 20:20:00,726.22,726.5,726.21,726.5,77.984
2026-09-12 20:25:00,726.5,726.81,726.5,726.8,67.215
2026-09-12 20:30:00,726.81,726.81,726.53,726.67,56.489
2026-09-12 20:35:00,726.67,727.11,726.66,727.09,89.824
2026-09-12 20:40:00,727.09,727.22,726.82,726.82,196.693
2026-09-12 20:45:00,726.82,726.84,726.74,726.79,36.446
2026-09-12 20:50:00,726.79,727.06,726.25,726.35,138.51
2026-09-12 20:55:00,726.34,726.44,726.34,726.43,15.079
2026-09-12 21:00:00,726.44,726.85,726.43,726.71,185.094
2026-09-12 21:05:00,726.72,726.97,726.33,726.97,299.281
2026-09-12 21:10:00,726.97,727.25,726.54,726.7,154.55
2026-09-12 21:15:00,726.7,726.7,726.63,726.64,28.256
2026-09-12 21:20:00,726.63,726.63,726.43,726.44,33.776
2026-09-12 21:25:00,726.43,726.75,726.43,726.75,31.796
2026-09-12 21:30:00,726.74,727.04,726.74,727.04,29.947
2026-09-12 21:35:00,727.04,727.22,726.94,726.95,77.429
2026-09-12 21:40:00,726.95,727.22,726.94,727.06,119.553
2026-09-12 21:45:00,727.07,727.07,726.42,726.68,78.381
2026-09-12 21:50:00,726.69,726.9,726.6,726.9,42.641
2026-09-12 21:55:00,726.89,726.89,726.47,726.5,73.261
2026-09-12 22:00:00,726.5,726.69,726.12,726.69,163.586
2026-09-12 22:05:00,726.69,726.99,726.25,726.62,209.666
2026-09-12 22:10:00,726.62,726.64,726.13,726.49,162.307
2026-09-12 22:15:00,726.48,726.94,726.25,726.93,44.337
2026-09-12 22:20:00,726.94,727.32,726.93,726.97,50.474
2026-09-12 22:25:00,726.98,726.98,725.75,725.75,140.711
2026-09-12 22:30:00,725.75,726.0,725.51,725.77,162.101
2026-09-12 22:35:00,725.76,726.24,725.71,726.11,31.716
2026-09-12 22:40:00,726.12,726.12,725.75,725.85,83.605
2026-09-12 22:45:00,725.85,726.07,725.84,726.02,114.762
2026-09-12 22:50:00,726.02,726.17,726.01,726.16,41.939
2026-09-12 22:55:00,726.16,726.24,725.96,726.24,53.143
2026-09-12 23:00:00,726.24,727.08,726.09,726.62,144.853
2026-09-12 23:05:00,726.62,726.78,726.61,726.77,55.103
2026-09-12 23:10:00,726.78,727.11,726.77,727.08,70.715
2026-09-12 23:15:00,727.08,727.46,726.99,727.12,71.801
2026-09-12 23:20:00,727.13,727.13,726.96,726.98,41.894
2026-09-12 23:25:00,726.99,727.12,726.89,726.95,66.629
2026-09-12 23:30:00,726.96,727.1,726.53,726.83,128.064
2026-09-12 23:35:00,726.83,726.97,726.52,726.97,52.628
2026-09-12 23:40:00,726.96,727.47,726.96,727.36,43.717
2026-09-12 23:45:00,727.36,727.52,727.35,727.42,97.43
2026-09-12 23:50:00,727.41,727.96,727.41,727.57,103.177
2026-09-12 23:55:00,727.57,727.83,727.56,727.59,60.362
2026-09-13 00:00:00,727.6,727.6,727.22,727.36,266.114
2026-09-13 00:05:00,727.36,727.87,727.23,727.86,75.229
2026-09-13 00:10:00,727.87,727.91,727.32,727.32,73.692
2026-09-13 00:15:00,727.32,727.34,727.07,727.27,139.715
2026-09-13 00:20:00,727.27,727.48,727.26,727.33,49.865
2026-09-13 00:25:00,727.32,728.16,727.32,727.68,653.198
2026-09-13 00:30:00,727.67,727.73,727.49,727.59,112.442
2026-09-13 00:35:00,727.58,727.59,727.52,727.53,29.651
2026-09-13 00:40:00,727.53,727.53,726.96,727.01,76.475
2026-09-13 00:45:00,727.01,727.46,727.0,727.32,89.742
2026-09-13 00:50:00,727.33,727.83,727.32,727.83,103.564
2026-09-13 00:55:00,727.84,728.04,727.84,728.02,128.411
2026-09-13 01:00:00,728.03,728.48,728.02,728.36,607.679
2026-09-13 01:05:00,728.37,729.12,728.25,728.82,384.998
2026-09-13 01:10:00,728.81,729.12,728.68,728.84,362.474
2026-09-13 01:15:00,728.84,729.12,728.46,729.12,318.055
2026-09-13 01:20:00,729.12,729.91,729.12,729.82,418.856
2026-09-13 01:25:00,729.82,729.84,728.89,728.9,365.374
2026-09-13 01:30:00,728.89,728.9,728.58,728.73,192.923
2026-09-13 01:35:00,728.72,729.58,728.72,729.57,218.127
2026-09-13 01:40:00,729.58,729.92,729.18,729.25,264.692
2026-09-13 01:45:00,729.25,729.25,728.96,728.99,148.577
2026-09-13 01:50:00,728.99,728.99,728.85,728.86,85.401
2026-09-13 01:55:00,728.86,728.86,728.23,728.37,270.8
2026-09-13 02:00:00,728.37,728.37,728.11,728.19,85.332
2026-09-13 02:05:00,728.19,728.28,728.1,728.28,104.587
2026-09-13 02:10:00,728.27,728.41,728.27,728.4,137.548
2026-09-13 02:15:00,728.41,728.89,728.25,728.88,138.875
2026-09-13 02:20:00,728.89,728.89,728.65,728.69,113.376
2026-09-13 02:25:00,728.68,728.69,728.37,728.62,170.76
2026-09-13 02:30:00,728.62,729.08,728.49,728.49,190.743
2026-09-13 02:35:00,728.49,728.72,728.12,728.13,189.144
2026-09-13 02:40:00,728.12,728.54,727.54,728.47,298.004
2026-09-13 02:45:00,728.47,728.47,728.0,728.05,114.749
2026-09-13 02:50:00,728.05,728.42,727.83,727.98,191.698
2026-09-13 02:55:00,727.98,728.04,727.87,728.0,82.798
2026-09-13 03:00:00,728.0,728.59,727.95,728.39,160.792
2026-09-13 03:05:00,728.38,728.39,727.83,727.84,149.195
2026-09-13 03:10:00,727.84,728.3,727.78,727.92,139.822
2026-09-13 03:15:00,727.91,728.0,727.64,727.91,213.128
2026-09-13 03:20:00,727.91,728.04,727.91,727.97,188.707
2026-09-13 03:25:00,727.98,728.92,727.55,727.86,637.926
2026-09-13 03:30:00,727.85,727.85,727.19,727.47,269.568
2026-09-13 03:35:00,727.46,727.68,727.4,727.53,152.59
2026-09-13 03:40:00,727.52,727.83,727.52,727.66,127.643
2026-09-13 03:45:00,727.66,727.67,727.18,727.21,168.169
2026-09-13 03:50:00,727.21,727.32,727.0,727.28,495.549
2026-09-13 03:55:00,727.28,727.32,727.0,727.01,344.066
2026-09-13 04:00:00,727.01,727.23,726.9,726.9,302.933
2026-09-13 04:05:00,726.91,727.15,726.48,726.51,311.562
2026-09-13 04:10:00,726.52,726.76,726.34,726.49,270.833
2026-09-13 04:15:00,726.5,726.75,726.49,726.74,173.318
2026-09-13 04:20:00,726.74,726.99,726.55,726.85,159.859
2026-09-13 04:25:00,726.85,727.92,726.85,727.1,928.53
2026-09-13 04:30:00,727.1,727.32,726.95,727.09,143.661
2026-09-13 04:35:00,727.08,727.29,726.51,726.51,203.885
2026-09-13 04:40:00,726.52,726.85,726.51,726.68,165.428
2026-09-13 04:45:00,726.68,726.68,726.49,726.5,64.154
2026-09-13 04:50:00,726.5,726.5,726.42,726.45,93.643
2026-09-13 04:55:00,726.46,726.46,726.22,726.33,141.382
2026-09-13 05:00:00,726.34,726.42,726.25,726.3,84.13
2026-09-13 05:05:00,726.29,726.62,726.29,726.62,139.101
2026-09-13 05:10:00,726.62,726.73,726.33,726.39,480.302
2026-09-13 05:15:00,726.39,726.42,726.15,726.42,302.903
2026-09-13 05:20:00,726.42,726.42,726.06,726.06,116.531
2026-09-13 05:25:00,726.06,726.41,726.0,726.41,223.589
2026-09-13 05:30:00,726.41,726.42,726.15,726.3,89.519
2026-09-13 05:35:00,726.31,726.52,726.3,726.42,161.206
2026-09-13 05:40:00,726.42,726.48,726.16,726.16,270.813
2026-09-13 05:45:00,726.17,726.46,726.09,726.1,174.838
2026-09-13 05:50:00,726.1,726.5,726.09,726.31,206.101
2026-09-13 05:55:00,726.31,726.46,726.09,726.36,252.036
2026-09-13 06:00:00,726.36,726.36,726.09,726.1,196.268
2026-09-13 06:05:00,726.11,726.15,726.08,726.09,101.891
2026-09-13 06:10:00,726.09,726.26,725.98,726.0,137.86
2026-09-13 06:15:00,726.0,726.0,725.45,725.45,150.983
2026-09-13 06:20:00,725.45,725.55,724.13,724.48,1228.593
2026-09-13 06:25:00,724.48,724.5,723.99,724.09,348.403
2026-09-13 06:30:00,724.08,724.09,723.57,723.67,403.916
2026-09-13 06:35:00,723.67,723.88,723.26,723.48,217.443
2026-09-13 06:40:00,723.47,723.95,723.28,723.95,811.883
2026-09-13 06:45:00,723.94,723.95,723.26,723.27,215.309
2026-09-13 06:50:00,723.27,723.48,722.41,722.55,290.837
2026-09-13 06:55:00,722.55,722.55,721.54,721.98,711.412
2026-09-13 07:00:00,721.98,722.57,721.73,722.51,170.24
2026-09-13 07:05:00,722.51,722.96,722.28,722.88,253.951
2026-09-13 07:10:00,722.89,722.89,722.67,722.72,157.057
2026-09-13 07:15:00,722.72,723.31,722.61,723.2,147.078
2026-09-13 07:20:00,723.2,723.61,723.19,723.51,144.268
2026-09-13 07:25:00,723.51,723.51,722.82,723.0,163.279
2026-09-13 07:30:00,723.01,723.19,722.88,723.01,219.045
2026-09-13 07:35:00,723.01,723.04,722.61,722.73,269.762
2026-09-13 07:40:00,722.72,723.47,722.72,723.18,370.19
2026-09-13 07:45:00,723.17,723.17,722.7,722.79,268.258
2026-09-13 07:50:00,722.8,722.82,722.56,722.82,266.996
2026-09-13 07:55:00,722.81,722.82,722.1,722.23,329.527
2026-09-13 08:00:00,722.23,722.52,722.04,722.36,617.5
2026-09-13 08:05:00,722.35,722.55,722.19,722.39,234.46
2026-09-13 08:10:00,722.39,722.41,721.73,722.4,376.247
2026-09-13 08:15:00,722.41,722.41,721.11,721.22,243.067
2026-09-13 08:20:00,721.22,721.48,721.09,721.16,133.666
2026-09-13 08:25:00,721.17,721.36,721.01,721.05,213.467
2026-09-13 08:30:00,721.04,721.04,719.11,719.89,2135.62
2026-09-13 08:35:00,719.89,719.94,718.93,719.14,696.934
2026-09-13 08:40:00,719.13,719.9,717.53,717.59,3019.408
2026-09-13 08:45:00,717.59,718.52,717.42,718.41,1606.547
2026-09-13 08:50:00,718.41,718.65,718.0,718.05,592.262
2026-09-13 08:55:00,718.05,718.12,717.8,718.01,409.705
2026-09-13 09:00:00,718.02,718.4,717.6,718.3,577.063
2026-09-13 09:05:00,718.3,719.0,718.3,718.71,425.154
2026-09-13 09:10:00,718.71,718.71,718.0,718.05,242.337
2026-09-13 09:15:00,718.04,718.04,717.16,717.36,387.714
2026-09-13 09:20:00,717.35,717.72,715.69,716.46,1097.319
2026-09-13 09:25:00,716.46,716.67,715.17,715.19,1211.499
2026-09-13 09:30:00,715.19,715.73,714.34,715.02,868.175
2026-09-13 09:35:00,715.03,717.16,715.03,715.93,468.982
2026-09-13 09:40:00,715.92,716.16,715.59,715.82,232.286
2026-09-13 09:45:00,715.82,716.32,715.6,716.19,257.664
2026-09-13 09:50:00,716.19,716.3,715.81,716.16,294.314
2026-09-13 09:55:00,716.17,716.68,715.67,716.3,465.735
2026-09-13 10:00:00,716.3,716.45,715.98,716.26,342.66
2026-09-13 10:05:00,716.27,716.29,715.93,716.28,213.143
2026-09-13 10:10:00,716.28,716.44,716.08,716.31,234.331
2026-09-13 10:15:00,716.3,716.44,715.8,715.81,248.944
2026-09-13 10:20:00,715.8,715.85,715.55,715.55,206.778
2026-09-13 10:25:00,715.56,715.64,715.24,715.63,272.533
2026-09-13 10:30:00,715.63,716.3,715.61,716.28,225.547
2026-09-13 10:35:00,716.29,716.35,715.75,715.75,140.534
2026-09-13 10:40:00,715.75,715.75,714.56,714.8,274.106
2026-09-13 10:45:00,714.81,715.35,714.81,715.28,188.296
2026-09-13 10:50:00,715.27,715.27,714.66,714.95,156.552
2026-09-13 10:55:00,714.94,715.28,714.38,715.09,356.113
2026-09-13 11:00:00,715.1,715.56,714.05,715.56,319.901
2026-09-13 11:05:00,715.55,715.63,714.79,714.79,240.597
2026-09-13 11:10:00,714.79,715.09,714.5,714.8,421.453
2026-09-13 11:15:00,714.8,715.18,714.36,714.8,577.51
2026-09-13 11:20:00,714.8,715.6,714.72,715.4,288.73
2026-09-13 11:25:00,715.41,715.46,715.15,715.36,177.067
2026-09-13 11:30:00,715.35,715.44,715.13,715.43,135.185
2026-09-13 11:35:00,715.44,716.19,715.43,716.18,254.927
2026-09-13 11:40:00,716.19,716.54,716.18,716.48,216.182
2026-09-13 11:45:00,716.47,716.85,716.45,716.63,226.63
2026-09-13 11:50:00,716.63,716.77,716.45,716.49,211.739
2026-09-13 11:55:00,716.49,716.49,716.21,716.31,205.354
2026-09-13 12:00:00,716.31,716.4,716.04,716.05,301.016
2026-09-13 12:05:00,716.05,716.19,716.01,716.15,208.696
2026-09-13 12:10:00,716.15,716.55,716.15,716.49,146.824
2026-09-13 12:15:00,716.5,716.95,716.49,716.87,138.142
2026-09-13 12:20:00,716.87,716.91,716.64,716.9,110.546
2026-09-13 12:25:00,716.91,717.04,716.21,716.21,450.616
2026-09-13 12:30:00,716.21,716.87,715.92,716.01,410.201
2026-09-13 12:35:00,716.01,716.3,715.54,715.81,230.691
2026-09-13 12:40:00,715.8,715.88,715.4,715.43,256.795
2026-09-13 12:45:00,715.44,715.44,715.13,715.13,113.514
2026-09-13 12:50:00,715.13,715.65,715.13,715.51,146.845
2026-09-13 12:55:00,715.51,715.87,715.4,715.55,113.143
2026-09-13 13:00:00,715.55,715.57,715.38,715.39,100.411
2026-09-13 13:05:00,715.38,715.71,715.2,715.69,185.396
2026-09-13 13:10:00,715.7,715.8,715.48,715.7,137.557
2026-09-13 13:15:00,715.7,715.7,714.9,714.91,224.684
2026-09-13 13:20:00,714.91,715.08,714.44,714.89,338.145
2026-09-13 13:25:00,714.9,714.95,713.1,713.66,678.796
2026-09-13 13:30:00,713.66,715.39,713.66,714.99,178.296
2026-09-13 13:35:00,715.0,715.97,714.99,715.9,153.241
2026-09-13 13:40:00,715.89,716.48,715.73,716.35,265.303
2026-09-13 13:45:00,716.35,717.77,716.34,717.66,663.064
2026-09-13 13:50:00,717.66,718.44,717.55,717.91,398.412
2026-09-13 13:55:00,717.92,718.14,717.85,718.04,155.609
2026-09-13 14:00:00,718.04,718.31,718.04,718.18,125.036
2026-09-13 14:05:00,718.18,719.0,718.18,719.0,297.227
2026-09-13 14:10:00,719.0,719.36,718.78,719.26,1701.809
2026-09-13 14:15:00,719.27,720.0,719.07,719.2,347.487
2026-09-13 14:20:00,719.19,719.53,719.12,719.22,169.497
2026-09-13 14:25:00,719.23,719.47,718.92,719.37,221.233
2026-09-13 14:30:00,719.36,719.6,718.99,719.2,176.963
2026-09-13 14:35:00,719.2,720.32,719.13,719.78,240.063
2026-09-13 14:40:00,719.78,719.83,719.36,719.51,286.843
2026-09-13 14:45:00,719.51,719.83,719.04,719.05,246.866
2026-09-13 14:50:00,719.04,719.05,718.58,718.61,324.086
2026-09-13 14:55:00,718.61,718.61,718.13,718.56,178.375
2026-09-13 15:00:00,718.56,718.76,717.45,717.46,228.433
2026-09-13 15:05:00,717.45,717.94,717.4,717.88,163.553
2026-09-13 15:10:00,717.88,717.88,717.55,717.68,157.719
2026-09-13 15:15:00,717.68,717.68,717.37,717.65,176.728
2026-09-13 15:20:00,717.65,719.25,717.64,719.16,234.674
2026-09-13 15:25:00,719.15,719.15,717.87,718.2,326.372
2026-09-13 15:30:00,718.19,719.24,718.11,719.2,283.385
2026-09-13 15:35:00,719.2,719.4,718.96,718.97,279.635
2026-09-13 15:40:00,718.97,719.66,718.66,719.51,184.915
2026-09-13 15:45:00,719.5,719.51,718.77,719.02,126.294
2026-09-13 15:50:00,719.03,719.13,718.59,718.98,115.519
2026-09-13 15:55:00,718.99,719.0,718.87,718.88,87.043
2026-09-13 16:00:00,718.89,720.12,718.88,720.12,226.456
2026-09-13 16:05:00,720.11,720.74,719.85,720.63,347.62
2026-09-13 16:10:00,720.62,721.41,720.33,720.86,372.417
2026-09-13 16:15:00,720.86,720.86,720.29,720.47,283.427
2026-09-13 16:20:00,720.48,720.74,720.4,720.64,103.083
2026-09-13 16:25:00,720.64,721.25,720.58,720.99,203.676
2026-09-13 16:30:00,720.99,721.32,720.63,720.63,116.205
2026-09-13 16:35:00,720.64,720.79,720.55,720.71,65.654
2026-09-13 16:40:00,720.71,721.22,720.63,721.21,222.569
2026-09-13 16:45:00,721.17,721.22,720.55,720.55,132.47
2026-09-13 16:50:00,720.55,721.36,720.55,721.16,66.897
2026-09-13 16:55:00,721.16,721.36,721.05,721.05,110.595
2026-09-13 17:00:00,721.06,721.83,721.05,721.68,92.576
2026-09-13 17:05:00,721.68,721.69,721.42,721.52,95.683
2026-09-13 17:10:00,721.52,722.15,721.25,721.39,168.698
2026-09-13 17:15:00,721.4,721.57,720.97,721.24,152.765
2026-09-13 17:20:00,721.24,721.4,721.0,721.01,118.067
2026-09-13 17:25:00,721.0,721.51,721.0,721.29,120.297
2026-09-13 17:30:00,721.28,721.29,720.84,720.85,56.335
2026-09-13 17:35:00,720.85,721.23,720.81,721.15,98.528
2026-09-13 17:40:00,721.15,721.15,721.02,721.03,61.315
2026-09-13 17:45:00,721.04,721.44,721.03,721.44,50.811
2026-09-13 17:50:00,721.44,721.6,721.11,721.12,254.762
2026-09-13 17:55:00,721.12,721.37,720.92,721.16,94.508
2026-09-13 18:00:00,721.17,721.32,720.88,720.9,49.299
2026-09-13 18:05:00,720.9,721.0,720.88,720.89,72.284
2026-09-13 18:10:00,720.89,721.3,720.88,721.21,152.588
2026-09-13 18:15:00,721.2,721.72,720.99,721.1,109.479
2026-09-13 18:20:00,721.1,721.19,721.03,721.09,37.829
2026-09-13 18:25:00,721.09,721.44,720.86,721.39,285.116
2026-09-13 18:30:00,721.39,721.89,721.1,721.27,130.126
2026-09-13 18:35:00,721.27,721.28,721.25,721.25,40.514
2026-09-13 18:40:00,721.26,721.74,721.0,721.25,359.488
2026-09-13 18:45:00,721.26,721.36,721.21,721.26,69.922
2026-09-13 18:50:00,721.27,722.34,721.26,722.14,234.787
2026-09-13 18:55:00,722.14,722.19,721.79,722.11,97.372
2026-09-13 19:00:00,722.11,722.81,722.11,722.76,272.12
2026-09-13 19:05:00,722.75,723.1,721.93,721.93,198.262
2026-09-13 19:10:00,721.94,721.94,721.4,721.41,75.979
2026-09-13 19:15:00,721.41,721.41,721.04,721.04,58.808
2026-09-13 19:20:00,721.05,721.13,720.8,721.12,113.794
2026-09-13 19:25:00,721.13,721.36,721.12,721.35,53.546
2026-09-13 19:30:00,721.35,721.55,721.14,721.25,209.674
2026-09-13 19:35:00,721.25,721.36,721.13,721.2,169.11
2026-09-13 19:40:00,721.2,721.4,721.1,721.4,50.701
2026-09-13 19:45:00,721.4,721.4,721.11,721.24,59.62
2026-09-13 19:50:00,721.24,721.24,720.88,721.2,48.287
2026-09-13 19:55:00,721.19,721.52,720.9,721.09,281.773
2026-09-13 20:00:00,721.09,721.68,721.08,721.4,86.109
2026-09-13 20:05:00,721.39,721.58,721.39,721.57,119.89
2026-09-13 20:10:00,721.58,721.68,721.35,721.54,77.192
2026-09-13 20:15:00,721.53,722.01,721.41,721.88,157.095
2026-09-13 20:20:00,721.89,722.07,721.79,721.89,101.849
2026-09-13 20:25:00,721.89,722.05,721.88,722.05,157.126
2026-09-13 20:30:00,722.06,722.46,722.06,722.36,149.598
2026-09-13 20:35:00,722.37,722.37,721.98,722.34,140.782
2026-09-13 20:40:00,722.34,722.61,722.34,722.6,110.622
2026-09-13 20:45:00,722.61,722.63,722.42,722.45,70.214
2026-09-13 20:50:00,722.46,722.53,722.35,722.53,76.324
2026-09-13 20:55:00,722.53,722.69,722.33,722.34,100.592
2026-09-13 21:00:00,722.34,722.34,722.12,722.13,119.568
2026-09-13 21:05:00,722.12,722.14,721.9,722.13,146.04
2026-09-13 21:10:00,722.13,722.52,722.13,722.29,253.005
2026-09-13 21:15:00,722.3,722.68,722.29,722.68,135.334
2026-09-13 21:20:00,722.67,722.84,722.64,722.65,38.091
2026-09-13 21:25:00,722.64,722.65,722.49,722.49,59.424
2026-09-13 21:30:00,722.49,722.6,722.3,722.44,83.57
2026-09-13 21:35:00,722.44,722.61,722.1,722.36,108.921
2026-09-13 21:40:00,722.35,722.49,722.19,722.44,118.05
2026-09-13 21:45:00,722.44,722.52,722.06,722.17,49.442
2026-09-13 21:50:00,722.17,722.38,722.01,722.38,64.22
2026-09-13 21:55:00,722.37,722.38,722.13,722.2,23.579
2026-09-13 22:00:00,722.19,722.19,719.51,719.9,704.601
2026-09-13 22:05:00,719.9,720.41,717.98,718.95,1045.149
2026-09-13 22:10:00,718.96,719.17,718.28,718.4,177.305
2026-09-13 22:15:00,718.41,718.49,716.02,717.02,660.119
2026-09-13 22:20:00,717.01,717.3,716.12,716.25,241.133
2026-09-13 22:25:00,716.25,717.32,715.47,716.76,405.645
2026-09-13 22:30:00,716.76,717.8,716.03,717.39,233.435
2026-09-13 22:35:00,717.38,717.39,716.43,716.58,194.884
2026-09-13 22:40:00,716.58,716.58,715.47,715.88,111.757
2026-09-13 22:45:00,715.88,716.7,715.75,716.58,118.288
2026-09-13 22:50:00,716.59,716.78,716.05,716.15,178.211
2026-09-13 22:55:00,716.15,716.35,715.25,715.95,294.23
2026-09-13 23:00:00,715.95,717.24,715.94,716.94,119.989
2026-09-13 23:05:00,716.94,717.23,716.49,716.55,171.66
2026-09-13 23:10:00,716.55,717.04,716.44,716.74,214.362
2026-09-13 23:15:00,716.73,716.99,715.55,715.81,274.721
2026-09-13 23:20:00,715.8,716.75,715.8,716.75,245.28
2026-09-13 23:25:00,716.76,716.92,716.24,716.28,86.837
2026-09-13 23:30:00,716.29,717.15,716.16,716.61,373.739
2026-09-13 23:35:00,716.6,716.6,715.83,715.85,270.743
2026-09-13 23:40:00,715.84,717.03,715.73,716.65,320.164
2026-09-13 23:45:00,716.64,717.09,716.46,717.0,102.851
2026-09-13 23:50:00,716.99,717.0,716.67,716.88,60.951
2026-09-13 23:55:00,716.87,716.87,716.26,716.41,91.386
2026-09-14 00:00:00,716.41,716.9,716.01,716.21,242.301
2026-09-14 00:05:00,716.21,718.37,716.13,717.63,513.131
2026-09-14 00:10:00,717.62,717.62,716.66,717.18,177.167
2026-09-14 00:15:00,717.17,718.1,717.17,718.1,191.854
2026-09-14 00:20:00,718.09,718.09,716.48,717.06,194.466
2026-09-14 00:25:00,717.06,717.06,713.9,714.55,557.154
2026-09-14 00:30:00,714.56,719.17,714.45,718.45,629.793
2026-09-14 00:35:00,718.43,719.53,718.11,719.0,260.687
2026-09-14 00:40:00,718.95,719.99,718.95,719.99,292.131
2026-09-14 00:45:00,719.99,720.5,719.44,719.62,318.427
2026-09-14 00:50:00,719.61,719.85,719.19,719.73,252.43
2026-09-14 00:55:00,719.73,719.81,718.9,718.9,102.264
2026-09-14 01:00:00,718.9,719.17,718.51,718.82,164.028
2026-09-14 01:05:00,718.82,719.76,718.48,719.6,362.049
2026-09-14 01:10:00,719.61,719.99,718.6,718.69,350.163
2026-09-14 01:15:00,718.69,718.69,715.74,715.74,2687.525
2026-09-14 01:20:00,715.71,716.65,715.69,716.28,235.915
2026-09-14 01:25:00,716.31,717.86,716.27,717.41,1598.782
2026-09-14 01:30:00,717.4,717.62,715.29,715.29,250.872
2026-09-14 01:35:00,715.28,717.35,714.63,717.34,287.116
2026-09-14 01:40:00,717.35,717.93,716.84,716.89,554.838
2026-09-14 01:45:00,716.88,717.85,716.63,717.54,98.04
2026-09-14 01:50:00,717.53,718.0,716.73,717.99,597.116
2026-09-14 01:55:00,718.0,720.3,717.99,719.91,1585.126
2026-09-14 02:00:00,719.91,720.08,719.25,719.43,317.577
2026-09-14 02:05:00,719.42,721.2,719.02,721.14,559.941
2026-09-14 02:10:00,721.13,722.73,720.31,721.51,8257.555
2026-09-14 02:15:00,721.51,721.81,721.25,721.38,344.114
2026-09-14 02:20:00,721.38,723.04,721.04,723.03,563.1
2026-09-14 02:25:00,723.04,724.37,723.04,723.56,1624.299
2026-09-14 02:30:00,723.56,724.43,723.48,723.62,326.022
2026-09-14 02:35:00,723.61,723.61,722.65,722.66,190.435
2026-09-14 02:40:00,722.67,722.8,722.34,722.59,187.289
2026-09-14 02:45:00,722.6,723.81,722.59,723.35,316.477
2026-09-14 02:50:00,723.36,724.91,723.14,724.59,483.374
2026-09-14 02:55:00,724.59,724.59,723.42,723.67,163.594
2026-09-14 03:00:00,723.67,724.35,723.4,724.28,243.661
2026-09-14 03:05:00,724.28,725.2,724.22,725.06,861.787
2026-09-14 03:10:00,725.06,725.24,724.57,724.58,262.881
2026-09-14 03:15:00,724.59,725.08,724.2,724.21,186.04
2026-09-14 03:20:00,724.21,724.94,724.17,724.3,241.263
2026-09-14 03:25:00,724.3,724.51,724.03,724.11,213.699
2026-09-14 03:30:00,724.11,724.2,722.72,722.8,429.184
2026-09-14 03:35:00,722.8,723.17,722.18,722.37,317.532
2026-09-14 03:40:00,722.37,722.37,721.62,721.66,233.748
2026-09-14 03:45:00,721.66,722.09,721.65,721.94,103.29
2026-09-14 03:50:00,721.95,722.39,721.51,722.38,128.181
2026-09-14 03:55:00,722.38,722.52,721.88,722.51,130.856
2026-09-14 04:00:00,722.52,722.82,722.13,722.29,120.779
2026-09-14 04:05:00,722.3,723.41,722.3,723.22,327.411
2026-09-14 04:10:00,723.22,723.5,722.89,723.06,99.425
2026-09-14 04:15:00,723.05,723.19,722.72,722.85,264.489
2026-09-14 04:20:00,722.85,723.83,722.85,723.56,226.565
2026-09-14 04:25:00,723.57,723.73,722.61,722.66,151.08
2026-09-14 04:30:00,722.65,723.37,722.65,723.0,208.586
2026-09-14 04:35:00,723.01,723.3,722.96,723.3,77.691
2026-09-14 04:40:00,723.3,723.63,723.15,723.27,182.475
2026-09-14 04:45:00,723.27,724.4,723.26,724.3,395.087
2026-09-14 04:50:00,724.31,725.72,724.14,725.13,464.369
2026-09-14 04:55:00,725.14,725.17,724.2,724.73,194.589
2026-09-14 05:00:00,724.73,724.93,724.17,724.32,280.031
2026-09-14 05:05:00,724.32,725.0,724.32,724.51,216.885
2026-09-14 05:10:00,724.5,725.21,724.22,725.13,79.647
2026-09-14 05:15:00,725.13,725.62,724.62,724.75,225.338
2026-09-14 05:20:00,724.76,724.88,724.56,724.7,74.016
2026-09-14 05:25:00,724.7,725.03,724.65,724.88,160.064
2026-09-14 05:30:00,724.88,725.07,724.72,724.97,146.06
2026-09-14 05:35:00,724.98,725.9,724.98,725.81,285.982
2026-09-14 05:40:00,725.8,725.86,725.03,725.28,376.872
2026-09-14 05:45:00,725.27,725.28,724.39,724.67,238.631
2026-09-14 05:50:00,724.68,725.09,724.34,725.09,169.537
2026-09-14 05:55:00,725.09,725.47,725.0,725.24,199.137
2026-09-14 06:00:00,725.25,725.69,724.86,725.69,279.631
2026-09-14 06:05:00,725.69,726.98,725.32,725.38,679.514
2026-09-14 06:10:00,725.38,726.2,725.36,725.65,389.647
2026-09-14 06:15:00,725.65,725.66,724.9,725.02,242.223
2026-09-14 06:20:00,725.01,725.01,723.84,723.87,190.639
2026-09-14 06:25:00,723.86,723.87,723.48,723.52,256.362
2026-09-14 06:30:00,723.52,723.52,722.31,722.93,374.195
2026-09-14 06:35:00,722.93,723.43,722.92,723.26,259.923
2026-09-14 06:40:00,723.25,724.71,723.15,724.54,367.841
2026-09-14 06:45:00,724.55,724.63,723.98,724.1,303.23
2026-09-14 06:50:00,724.09,724.2,723.55,723.84,281.954
2026-09-14 06:55:00,723.85,723.85,723.48,723.68,198.242
2026-09-14 07:00:00,723.68,724.51,723.0,724.51,194.82
2026-09-14 07:05:00,724.52,724.89,723.78,724.11,202.424
2026-09-14 07:10:00,724.12,724.43,723.65,724.4,302.021
2026-09-14 07:15:00,724.39,725.0,724.26,724.68,238.574
2026-09-14 07:20:00,724.69,724.76,724.29,724.57,170.213
2026-09-14 07:25:00,724.56,724.58,724.2,724.25,162.434
2026-09-14 07:30:00,724.25,724.29,724.0,724.0,129.596
2026-09-14 07:35:00,724.0,724.58,724.0,724.51,145.029
2026-09-14 07:40:00,724.51,725.21,724.48,724.99,396.562
2026-09-14 07:45:00,724.99,725.12,724.4,724.84,288.242
2026-09-14 07:50:00,724.84,725.11,724.64,724.88,234.125
2026-09-14 07:55:00,724.89,725.36,724.88,724.96,345.259
2026-09-14 08:00:00,724.96,725.06,724.09,724.1,321.1
2026-09-14 08:05:00,724.1,725.3,724.0,725.02,934.459
2026-09-14 08:10:00,725.03,725.58,724.56,724.57,574.824
2026-09-14 08:15:00,724.58,724.74,724.01,724.11,303.033
2026-09-14 08:20:00,724.1,725.47,724.1,725.47,194.044
2026-09-14 08:25:00,725.48,725.98,724.16,724.16,480.797
2026-09-14 08:30:00,724.16,724.64,723.86,724.1,813.687
2026-09-14 08:35:00,724.1,724.48,724.1,724.47,257.292
2026-09-14 08:40:00,724.48,724.95,724.32,724.51,368.157
2026-09-14 08:45:00,724.51,724.54,723.77,723.81,350.909
2026-09-14 08:50:00,723.82,724.06,723.68,723.72,206.059
2026-09-14 08:55:00,723.71,724.0,723.67,723.99,194.313
2026-09-14 09:00:00,724.0,724.73,723.99,724.61,531.292
2026-09-14 09:05:00,724.6,724.74,724.16,724.16,389.571
2026-09-14 09:10:00,724.17,724.32,722.97,722.98,383.777
2026-09-14 09:15:00,722.98,722.98,722.3,722.67,708.457
2026-09-14 09:20:00,722.67,722.84,722.05,722.05,437.535
2026-09-14 09:25:00,722.06,723.37,721.84,723.36,418.783
2026-09-14 09:30:00,723.36,724.25,723.2,723.38,775.283
2026-09-14 09:35:00,723.38,723.39,722.82,723.15,314.671
2026-09-14 09:40:00,723.15,724.08,723.14,723.78,708.204
2026-09-14 09:45:00,723.79,725.24,723.79,725.13,726.6
2026-09-14 09:50:00,725.13,728.5,725.13,727.43,2440.238
2026-09-14 09:55:00,727.44,727.72,724.61,724.76,1742.07
2026-09-14 10:00:00,724.77,725.26,724.58,724.86,882.841
2026-09-14 10:05:00,724.87,724.95,724.19,724.19,669.07
2026-09-14 10:10:00,724.2,724.2,723.65,723.7,545.039
2026-09-14 10:15:00,723.71,724.0,723.07,723.24,470.558
2026-09-14 10:20:00,723.23,723.61,722.84,723.14,466.05
2026-09-14 10:25:00,723.14,723.67,723.07,723.67,356.04
2026-09-14 10:30:00,723.68,723.68,722.57,723.22,415.73
2026-09-14 10:35:00,723.23,723.57,723.15,723.36,271.882
2026-09-14 10:40:00,723.37,724.08,723.28,723.81,435.581
2026-09-14 10:45:00,723.81,724.12,723.72,723.99,241.736
2026-09-14 10:50:00,723.99,724.2,722.93,722.94,543.237
2026-09-14 10:55:00,722.93,723.32,722.9,722.95,383.724
2026-09-14 11:00:00,722.95,723.45,721.83,722.29,519.119
2026-09-14 11:05:00,722.29,722.41,720.9,721.37,1746.559
2026-09-14 11:10:00,721.37,721.8,721.31,721.55,320.316
2026-09-14 11:15:00,721.54,721.88,721.47,721.55,217.967
2026-09-14 11:20:00,721.55,722.18,721.55,722.18,213.439
2026-09-14 11:25:00,722.19,722.6,722.19,722.6,182.069
2026-09-14 11:30:00,722.59,722.78,721.68,721.77,372.128
2026-09-14 11:35:00,721.77,722.71,721.53,722.43,199.231
2026-09-14 11:40:00,722.43,722.65,721.7,722.45,559.993
2026-09-14 11:45:00,722.45,722.47,722.1,722.1,170.479
2026-09-14 11:50:00,722.11,722.11,721.22,721.48,229.545
2026-09-14 11:55:00,721.47,722.17,721.47,722.16,360.574
2026-09-14 12:00:00,722.16,722.39,721.6,721.76,272.735
2026-09-14 12:05:00,721.76,722.37,721.56,722.01,282.888
2026-09-14 12:10:00,722.01,722.42,721.97,722.41,281.856
2026-09-14 12:15:00,722.4,723.05,722.4,722.79,363.919
2026-09-14 12:20:00,722.79,722.88,722.23,722.73,280.581
2026-09-14 12:25:00,722.72,722.93,722.53,722.69,322.049
2026-09-14 12:30:00,722.69,723.32,722.52,722.87,355.413
2026-09-14 12:35:00,722.87,722.87,721.05,721.96,354.684
2026-09-14 12:40:00,721.96,722.37,720.96,722.15,548.154
2026-09-14 12:45:00,722.14,722.42,721.19,721.37,711.455
2026-09-14 12:50:00,721.36,721.54,720.09,720.1,368.136
2026-09-14 12:55:00,720.09,720.55,719.87,720.17,344.642
2026-09-14 13:00:00,720.17,720.21,718.44,718.68,821.546
2026-09-14 13:05:00,718.68,718.86,717.15,718.18,938.769
2026-09-14 13:10:00,718.19,719.61,718.19,719.01,376.72
2026-09-14 13:15:00,719.01,720.48,719.0,719.97,717.203
2026-09-14 13:20:00,719.97,720.28,719.28,719.32,408.289
2026-09-14 13:25:00,719.32,720.13,719.32,720.13,543.806
2026-09-14 13:30:00,720.13,722.97,720.06,722.74,1002.64
2026-09-14 13:35:00,722.75,722.79,719.41,721.14,1405.575
2026-09-14 13:40:00,721.14,721.9,720.14,721.54,863.621
2026-09-14 13:45:00,721.54,723.44,721.33,723.1,1540.542
2026-09-14 13:50:00,723.11,723.41,721.09,721.32,859.361
2026-09-14 13:55:00,721.31,721.62,720.08,720.68,375.595
2026-09-14 14:00:00,720.69,722.73,720.62,722.44,464.786
2026-09-14 14:05:00,722.44,722.54,721.75,722.01,1164.989
2026-09-14 14:10:00,722.01,723.46,721.93,722.7,1233.471
2026-09-14 14:15:00,722.71,723.54,722.32,723.52,1234.219
2026-09-14 14:20:00,723.51,723.51,720.75,720.76,1001.738
2026-09-14 14:25:00,720.76,722.06,719.75,721.57,1201.921
2026-09-14 14:30:00,721.57,723.99,721.44,722.51,1300.073
2026-09-14 14:35:00,722.5,722.51,720.84,721.31,403.587
2026-09-14 14:40:00,721.31,721.7,720.85,721.47,352.753
2026-09-14 14:45:00,721.47,722.75,721.42,722.75,480.214
2026-09-14 14:50:00,722.75,722.9,721.3,722.31,379.711
2026-09-14 14:55:00,722.31,722.32,721.1,721.58,350.893
2026-09-14 15:00:00,721.59,721.59,720.19,720.38,344.679
2026-09-14 15:05:00,720.38,722.1,720.01,721.53,625.141
2026-09-14 15:10:00,721.53,722.0,720.89,721.8,327.985
2026-09-14 15:15:00,721.8,722.65,721.29,722.08,721.185
2026-09-14 15:20:00,722.09,722.09,721.3,721.69,353.606
2026-09-14 15:25:00,721.7,721.85,721.16,721.49,385.758
2026-09-14 15:30:00,721.48,722.8,719.06,722.33,3108.294
2026-09-14 15:35:00,722.32,722.32,721.17,721.57,568.872
2026-09-14 15:40:00,721.58,722.94,721.57,722.63,426.39
2026-09-14 15:45:00,722.64,722.66,721.48,722.28,429.969
2026-09-14 15:50:00,722.29,722.91,722.09,722.8,538.387
2026-09-14 15:55:00,722.79,723.11,722.04,722.44,564.278
2026-09-14 16:00:00,722.45,723.14,722.26,722.6,298.553
2026-09-14 16:05:00,722.6,722.78,722.05,722.6,389.842
2026-09-14 16:10:00,722.61,723.28,722.54,722.9,263.215
2026-09-14 16:15:00,722.89,725.59,722.89,724.58,937.788
2026-09-14 16:20:00,724.59,725.8,724.37,725.75,1408.34
2026-09-14 16:25:00,725.72,725.87,723.47,723.91,589.207
2026-09-14 16:30:00,723.9,724.5,723.78,723.79,479.527
2026-09-14 16:35:00,723.8,723.96,723.48,723.68,392.386
2026-09-14 16:40:00,723.68,724.25,723.48,723.87,298.602
2026-09-14 16:45:00,723.87,726.36,723.87,726.03,1334.818
2026-09-14 16:50:00,726.03,726.5,725.67,726.24,1046.685
2026-09-14 16:55:00,726.25,726.37,724.8,724.8,897.955
2026-09-14 17:00:00,724.81,724.84,724.25,724.25,358.855
2026-09-14 17:05:00,724.26,724.6,723.75,724.18,497.33
2026-09-14 17:10:00,724.19,725.09,724.19,725.05,487.484
2026-09-14 17:15:00,725.04,725.3,724.23,724.42,514.568
2026-09-14 17:20:00,724.43,725.82,724.41,725.4,506.701
2026-09-14 17:25:00,725.39,725.54,724.68,725.06,532.09
2026-09-14 17:30:00,725.05,725.08,723.8,724.09,287.822
2026-09-14 17:35:00,724.09,724.89,723.97,724.34,413.286
2026-09-14 17:40:00,724.35,725.17,724.34,724.89,298.051
2026-09-14 17:45:00,724.89,725.94,724.77,725.85,440.077
2026-09-14 17:50:00,725.85,726.83,725.8,726.83,851.345
2026-09-14 17:55:00,726.83,727.12,726.0,726.23,514.609
2026-09-14 18:00:00,726.23,726.68,725.99,726.46,499.325
2026-09-14 18:05:00,726.46,727.0,725.87,726.51,400.726
2026-09-14 18:10:00,726.51,726.73,725.93,726.08,360.921
2026-09-14 18:15:00,726.09,727.12,725.91,726.96,770.167
2026-09-14 18:20:00,726.96,727.57,726.65,727.2,470.035
2026-09-14 18:25:00,727.19,727.7,726.72,727.52,338.036
2026-09-14 18:30:00,727.52,727.93,727.27,727.71,276.198
2026-09-14 18:35:00,727.71,727.71,727.07,727.38,583.798
2026-09-14 18:40:00,727.38,727.89,726.64,727.59,324.709
2026-09-14 18:45:00,727.58,728.44,727.55,727.77,652.165
2026-09-14 18:50:00,727.81,727.83,727.18,727.18,304.325
2026-09-14 18:55:00,727.19,727.66,726.99,727.21,377.416
2026-09-14 19:00:00,727.21,727.21,726.03,726.07,417.73
2026-09-14 19:05:00,726.06,726.43,725.92,725.93,360.368
2026-09-14 19:10:00,725.92,726.28,725.8,725.94,938.062
2026-09-14 19:15:00,725.94,726.59,725.8,726.59,512.769
2026-09-14 19:20:00,726.58,726.67,725.95,726.64,204.391
2026-09-14 19:25:00,726.64,726.98,726.05,726.05,184.168
2026-09-14 19:30:00,726.04,726.3,725.58,725.99,408.273
2026-09-14 19:35:00,725.99,726.03,725.19,725.28,217.628
2026-09-14 19:40:00,725.29,726.51,725.28,726.51,228.832
2026-09-14 19:45:00,726.5,726.96,726.01,726.09,252.169
2026-09-14 19:50:00,726.09,726.17,725.43,725.64,243.089
2026-09-14 19:55:00,725.63,725.63,724.83,725.34,275.463
2026-09-14 20:00:00,725.35,725.81,725.35,725.8,202.542
2026-09-14 20:05:00,725.81,727.08,725.8,727.03,415.134
2026-09-14 20:10:00,727.03,729.73,726.74,728.56,940.384
2026-09-14 20:15:00,728.56,731.69,728.56,731.39,1852.654
2026-09-14 20:20:00,731.4,733.75,731.35,732.13,1998.069
2026-09-14 20:25:00,732.12,732.49,730.95,731.59,1208.041
2026-09-14 20:30:00,731.6,731.98,730.43,731.63,655.721
2026-09-14 20:35:00,731.63,731.83,730.13,730.14,373.602
2026-09-14 20:40:00,730.14,730.69,729.36,729.62,373.163
2026-09-14 20:45:00,729.63,730.23,728.52,728.74,392.305
2026-09-14 20:50:00,728.74,728.8,727.88,727.88,403.216
2026-09-14 20:55:00,727.88,727.88,726.68,726.93,335.584
2026-09-14 21:00:00,726.94,727.01,723.68,725.19,1164.512
2026-09-14 21:05:00,725.2,726.0,725.0,725.57,425.35
2026-09-14 21:10:00,725.56,725.56,723.8,724.09,526.855
2026-09-14 21:15:00,724.09,725.63,723.7,724.95,789.149
2026-09-14 21:20:00,724.95,725.36,724.71,724.85,261.115
2026-09-14 21:25:00,724.86,724.86,724.13,724.26,325.303
2026-09-14 21:30:00,724.27,724.79,724.1,724.39,196.119
2026-09-14 21:35:00,724.4,724.4,723.21,723.58,456.922
2026-09-14 21:40:00,723.58,724.26,723.58,723.81,215.609
2026-09-14 21:45:00,723.82,724.14,723.5,723.79,132.575
2026-09-14 21:50:00,723.8,724.12,723.3,723.71,368.141
2026-09-14 21:55:00,723.71,723.79,723.5,723.57,102.276
2026-09-14 22:00:00,723.57,723.77,722.58,722.73,596.782
2026-09-14 22:05:00,722.73,724.07,722.73,724.07,252.266
2026-09-14 22:10:00,724.08,724.84,723.87,724.46,427.532
2026-09-14 22:15:00,724.47,724.56,723.21,723.29,435.645
2026-09-14 22:20:00,723.29,723.35,722.82,722.9,322.122
2026-09-14 22:25:00,722.89,723.69,722.72,723.4,334.961
2026-09-14 22:30:00,723.39,723.58,722.55,722.94,481.799
2026-09-14 22:35:00,722.94,724.0,722.83,723.59,242.819
2026-09-14 22:40:00,723.59,724.15,723.59,724.06,198.423
2026-09-14 22:45:00,724.05,724.05,717.13,720.55,5570.187
2026-09-14 22:50:00,720.54,723.71,720.48,722.88,1644.126
2026-09-14 22:55:00,722.88,722.88,722.56,722.6,142.332
2026-09-14 23:00:00,722.61,722.75,720.18,720.31,1109.893
2026-09-14 23:05:00,720.3,720.84,719.93,720.67,343.382
2026-09-14 23:10:00,720.68,721.41,720.68,721.3,134.887
2026-09-14 23:15:00,721.3,722.04,721.25,721.67,374.847
2026-09-14 23:20:00,721.67,722.6,721.44,722.51,286.292
2026-09-14 23:25:00,722.51,722.62,721.8,722.02,351.173
2026-09-14 23:30:00,722.03,722.03,721.51,721.56,112.716
2026-09-14 23:35:00,721.57,721.59,720.89,721.49,197.432
2026-09-14 23:40:00,721.48,721.57,721.35,721.38,102.731
2026-09-14 23:45:00,721.38,721.38,720.9,721.07,142.48
2026-09-14 23:50:00,721.07,721.08,719.01,720.49,617.718
2026-09-14 23:55:00,720.49,720.54,720.17,720.42,99.579
2026-09-15 00:00:00,720.43,720.53,720.19,720.21,324.616
2026-09-15 00:05:00,720.21,720.52,719.86,720.52,434.234
2026-09-15 00:10:00,720.52,720.53,719.25,719.42,386.56
2026-09-15 00:15:00,719.42,719.64,719.37,719.63,131.688
2026-09-15 00:20:00,719.63,720.1,719.32,719.51,359.494
2026-09-15 00:25:00,719.5,719.72,719.32,719.57,509.777
2026-09-15 00:30:00,719.58,719.58,718.94,719.2,195.518
2026-09-15 00:35:00,719.19,719.43,718.89,718.99,251.529
2026-09-15 00:40:00,719.0,719.45,718.78,719.26,225.941
2026-09-15 00:45:00,719.25,719.44,718.88,719.28,267.272
2026-09-15 00:50:00,719.28,719.88,719.16,719.18,312.356
2026-09-15 00:55:00,719.19,719.35,718.97,719.35,137.194
2026-09-15 01:00:00,719.35,719.41,718.81,719.2,344.484
2026-09-15 01:05:00,719.2,719.2,718.31,718.33,261.903
2026-09-15 01:10:00,718.33,719.59,718.26,719.51,432.294
2026-09-15 01:15:00,719.51,719.87,719.21,719.62,382.157
2026-09-15 01:20:00,719.62,721.14,719.62,720.95,465.725
2026-09-15 01:25:00,720.94,721.01,719.32,719.45,220.843
2026-09-15 01:30:00,719.45,720.53,719.25,720.0,289.89
2026-09-15 01:35:00,720.0,720.3,719.78,720.3,144.059
2026-09-15 01:40:00,720.3,720.58,720.15,720.58,216.642
2026-09-15 01:45:00,720.58,721.42,720.01,721.27,266.44
2026-09-15 01:50:00,721.28,721.28,720.71,720.71,184.838
2026-09-15 01:55:00,720.72,720.92,720.31,720.32,145.006
2026-09-15 02:00:00,720.32,721.08,720.32,720.75,134.604
2026-09-15 02:05:00,720.75,720.87,720.04,720.57,191.844
2026-09-15 02:10:00,720.57,721.2,720.56,720.71,234.647
2026-09-15 02:15:00,720.72,721.25,720.45,721.19,272.606
2026-09-15 02:20:00,721.19,721.27,720.77,721.25,175.341
2026-09-15 02:25:00,721.25,721.49,720.54,720.63,246.009
2026-09-15 02:30:00,720.63,720.72,720.2,720.5,290.714
2026-09-15 02:35:00,720.51,720.73,719.79,720.36,331.659
2026-09-15 02:40:00,720.36,720.69,720.23,720.6,209.197
2026-09-15 02:45:00,720.6,720.62,720.27,720.32,110.705
2026-09-15 02:50:00,720.31,722.08,720.28,721.83,830.198
2026-09-15 02:55:00,721.84,722.39,721.83,721.88,381.317
2026-09-15 03:00:00,721.88,721.88,720.57,720.83,359.488
2026-09-15 03:05:00,720.83,721.49,720.51,720.69,812.631
2026-09-15 03:10:00,720.7,720.8,719.58,719.73,319.18
2026-09-15 03:15:00,719.73,720.1,719.3,720.1,251.584
2026-09-15 03:20:00,720.09,721.41,719.99,721.3,555.351
2026-09-15 03:25:00,721.29,721.73,721.22,721.25,237.755
2026-09-15 03:30:00,721.22,722.06,721.22,722.01,176.906
2026-09-15 03:35:00,722.01,722.46,722.0,722.18,236.715
2026-09-15 03:40:00,722.18,722.32,722.12,722.29,114.804
2026-09-15 03:45:00,722.29,722.53,721.76,721.76,214.424
2026-09-15 03:50:00,721.77,722.07,721.39,721.39,184.774
2026-09-15 03:55:00,721.39,721.54,720.95,721.37,235.042
2026-09-15 04:00:00,721.38,721.49,720.79,721.49,179.851
2026-09-15 04:05:00,721.48,721.68,720.76,721.1,254.602
2026-09-15 04:10:00,721.11,721.26,720.67,720.68,255.247
2026-09-15 04:15:00,720.67,721.25,720.63,721.25,227.929
2026-09-15 04:20:00,721.24,721.69,721.0,721.0,181.444
2026-09-15 04:25:00,721.01,721.06,719.88,720.32,392.629
2026-09-15 04:30:00,720.31,720.79,720.18,720.78,370.031
2026-09-15 04:35:00,720.78,720.85,719.99,720.23,542.588
2026-09-15 04:40:00,720.22,720.78,720.16,720.78,208.23
2026-09-15 04:45:00,720.79,721.01,720.52,721.0,187.581
2026-09-15 04:50:00,721.01,721.01,720.61,720.81,166.486
2026-09-15 04:55:00,720.8,720.87,720.58,720.59,110.654
2026-09-15 05:00:00,720.59,721.13,719.97,721.13,578.404
2026-09-15 05:05:00,721.12,721.37,720.79,720.8,161.373
2026-09-15 05:10:00,720.79,720.79,718.66,719.31,486.96
2026-09-15 05:15:00,719.31,719.56,718.0,718.58,924.386
2026-09-15 05:20:00,718.57,719.59,718.57,719.06,222.575
2026-09-15 05:25:00,719.05,720.06,719.01,719.86,146.972
2026-09-15 05:30:00,719.86,720.02,719.48,719.94,137.199
2026-09-15 05:35:00,719.94,719.99,719.56,719.81,85.082
2026-09-15 05:40:00,719.8,720.52,719.8,720.38,183.816
2026-09-15 05:45:00,720.38,721.0,720.36,720.85,175.732
2026-09-15 05:50:00,720.85,721.81,720.85,721.81,235.026
2026-09-15 05:55:00,721.81,722.14,721.48,721.48,325.891
2026-09-15 06:00:00,721.48,723.5,721.47,723.45,402.246
2026-09-15 06:05:00,723.46,723.5,722.59,722.59,238.976
2026-09-15 06:10:00,722.6,722.6,721.77,721.81,157.095
2026-09-15 06:15:00,721.81,721.81,721.42,721.44,126.84
2026-09-15 06:20:00,721.44,721.44,720.32,720.32,195.846
2026-09-15 06:25:00,720.33,720.33,719.41,719.55,280.87
2026-09-15 06:30:00,719.55,719.8,719.11,719.39,318.94
2026-09-15 06:35:00,719.4,719.68,718.9,719.18,289.989
2026-09-15 06:40:00,719.17,719.57,719.08,719.44,319.753
2026-09-15 06:45:00,719.44,719.55,718.91,718.91,289.404
2026-09-15 06:50:00,718.92,719.01,717.84,718.27,434.556
2026-09-15 06:55:00,718.27,718.55,717.5,718.54,392.748
2026-09-15 07:00:00,718.55,719.08,718.03,719.07,462.504
2026-09-15 07:05:00,719.07,719.08,717.52,717.78,594.48
2026-09-15 07:10:00,717.78,717.92,717.37,717.73,1030.334
2026-09-15 07:15:00,717.74,717.85,717.32,717.83,478.128
2026-09-15 07:20:00,717.83,718.31,717.82,718.06,467.044
2026-09-15 07:25:00,718.07,718.16,717.81,718.0,261.283
2026-09-15 07:30:00,717.99,718.0,716.7,716.7,334.726
2026-09-15 07:35:00,716.7,717.37,716.18,717.07,805.507
2026-09-15 07:40:00,717.06,717.3,716.02,716.02,716.206
2026-09-15 07:45:00,716.03,716.76,716.0,716.0,644.626
2026-09-15 07:50:00,716.01,716.01,715.0,715.12,1068.423
2026-09-15 07:55:00,715.13,715.3,714.72,715.09,629.373
2026-09-15 08:00:00,715.09,715.27,714.5,714.72,398.566
2026-09-15 08:05:00,714.72,715.24,714.22,714.64,418.875
2026-09-15 08:10:00,714.63,715.58,714.21,715.5,903.916
2026-09-15 08:15:00,715.49,715.94,714.84,715.83,366.414
2026-09-15 08:20:00,715.84,716.17,715.65,715.99,300.086
2026-09-15 08:25:00,715.98,716.51,715.72,716.1,259.043
2026-09-15 08:30:00,716.09,716.51,715.88,716.38,324.65
2026-09-15 08:35:00,716.38,716.65,716.29,716.39,180.673
2026-09-15 08:40:00,716.39,716.6,715.35,716.36,491.469
2026-09-15 08:45:00,716.35,717.01,716.35,716.63,403.446
2026-09-15 08:50:00,716.63,717.01,716.56,717.01,218.041
2026-09-15 08:55:00,717.01,717.65,717.0,717.61,197.28
2026-09-15 09:00:00,717.6,717.61,717.15,717.39,244.65
2026-09-15 09:05:00,717.38,717.39,716.96,717.21,247.996
2026-09-15 09:10:00,717.21,717.21,716.96,717.07,132.512
2026-09-15 09:15:00,717.08,717.27,717.07,717.07,57.546
2026-09-15 09:20:00,717.08,717.45,717.02,717.03,166.197
2026-09-15 09:25:00,717.03,717.16,716.85,717.16,205.219
2026-09-15 09:30:00,717.16,717.16,716.6,717.14,263.596
2026-09-15 09:35:00,717.15,717.54,716.97,717.53,339.18
2026-09-15 09:40:00,717.52,717.54,717.12,717.53,317.793
2026-09-15 09:45:00,717.54,718.5,717.53,718.46,412.661
2026-09-15 09:50:00,718.47,718.5,718.09,718.48,331.394
2026-09-15 09:55:00,718.48,718.48,717.58,717.58,441.904
2026-09-15 10:00:00,717.59,718.27,717.5,717.99,389.127
2026-09-15 10:05:00,717.98,718.5,717.72,718.5,142.414
2026-09-15 10:10:00,718.49,718.5,718.23,718.37,119.757
2026-09-15 10:15:00,718.36,719.0,718.36,718.76,124.937
2026-09-15 10:20:00,718.76,719.25,718.12,719.25,432.182
2026-09-15 10:25:00,719.24,719.41,718.12,718.21,281.516
2026-09-15 10:30:00,718.2,718.6,717.96,718.47,405.679
2026-09-15 10:35:00,718.48,718.48,718.1,718.24,607.095
2026-09-15 10:40:00,718.25,719.52,718.13,719.5,541.053
2026-09-15 10:45:00,719.5,719.73,719.29,719.72,183.916
2026-09-15 10:50:00,719.73,720.13,719.57,719.67,413.39
2026-09-15 10:55:00,719.66,720.33,719.4,719.44,247.723
2026-09-15 11:00:00,719.45,720.0,719.37,719.62,208.85
2026-09-15 11:05:00,719.62,720.39,719.46,720.29,171.703
2026-09-15 11:10:00,720.29,720.29,719.02,719.07,165.212
2026-09-15 11:15:00,719.08,719.54,718.98,719.21,208.897
2026-09-15 11:20:00,719.2,719.25,718.15,718.15,257.379
2026-09-15 11:25:00,718.15,718.2,718.1,718.17,114.395
2026-09-15 11:30:00,718.17,718.17,717.77,717.79,159.104
2026-09-15 11:35:00,717.78,718.18,717.59,717.89,322.18
2026-09-15 11:40:00,717.89,718.0,717.39,717.95,310.089
2026-09-15 11:45:00,717.94,717.98,717.69,717.82,153.113
2026-09-15 11:50:00,717.82,718.57,717.72,718.34,116.323
2026-09-15 11:55:00,718.34,718.96,718.34,718.89,85.381
2026-09-15 12:00:00,718.89,719.36,718.75,719.13,454.672
2026-09-15 12:05:00,719.13,719.13,718.13,718.13,208.705
2026-09-15 12:10:00,718.12,718.98,718.06,718.38,223.007
2026-09-15 12:15:00,718.37,719.27,718.15,718.92,296.322
2026-09-15 12:20:00,718.93,719.29,718.47,718.97,204.897
2026-09-15 12:25:00,718.97,719.37,718.7,719.08,281.328
2026-09-15 12:30:00,719.09,719.13,718.26,719.07,370.124
2026-09-15 12:35:00,719.07,719.2,718.67,719.0,414.766
2026-09-15 12:40:00,719.01,719.23,718.75,719.11,426.247
2026-09-15 12:45:00,719.11,719.82,718.58,719.7,179.626
2026-09-15 12:50:00,719.7,721.41,719.63,721.4,515.363
2026-09-15 12:55:00,721.41,721.48,720.01,720.33,289.376
2026-09-15 13:00:00,720.33,721.26,720.32,721.1,267.534
2026-09-15 13:05:00,721.11,722.27,720.98,721.26,1005.079
2026-09-15 13:10:00,721.25,721.38,720.15,720.63,493.976
2026-09-15 13:15:00,720.64,721.0,720.33,720.49,139.174
2026-09-15 13:20:00,720.49,720.76,720.49,720.72,113.827
2026-09-15 13:25:00,720.72,721.24,720.4,721.02,543.901
2026-09-15 13:30:00,721.02,721.02,719.18,719.29,549.473
2026-09-15 13:35:00,719.28,719.29,715.0,716.18,1806.004
2026-09-15 13:40:00,716.19,718.35,715.64,718.11,1132.254
2026-09-15 13:45:00,718.11,718.46,717.32,717.78,437.635
2026-09-15 13:50:00,717.77,717.77,716.75,717.57,418.382
2026-09-15 13:55:00,717.52,720.48,717.52,720.31,1009.446
2026-09-15 14:00:00,720.32,721.62,719.64,719.67,1080.332
2026-09-15 14:05:00,719.68,720.91,718.98,720.75,428.062
2026-09-15 14:10:00,720.74,721.01,719.73,719.78,356.707
2026-09-15 14:15:00,719.79,720.64,718.91,719.72,537.498
2026-09-15 14:20:00,719.73,720.0,718.4,719.01,594.443
2026-09-15 14:25:00,719.01,719.29,718.61,718.75,259.092
2026-09-15 14:30:00,718.75,718.85,717.77,717.84,468.709
2026-09-15 14:35:00,717.84,717.89,716.0,716.29,1737.437
2026-09-15 14:40:00,716.29,716.65,714.72,716.19,2444.755
2026-09-15 14:45:00,716.19,716.52,714.25,714.32,1201.509
2026-09-15 14:50:00,714.33,714.63,711.37,714.38,2977.436
2026-09-15 14:55:00,714.39,715.77,713.62,715.52,1330.155
2026-09-15 15:00:00,715.53,717.71,714.84,717.58,1534.473
2026-09-15 15:05:00,717.59,718.19,717.0,717.44,616.757
2026-09-15 15:10:00,717.43,717.75,717.12,717.49,479.083
2026-09-15 15:15:00,717.49,718.49,717.11,717.63,575.503
2026-09-15 15:20:00,717.62,718.69,717.18,718.53,564.659
2026-09-15 15:25:00,718.59,719.74,718.59,718.83,693.252
2026-09-15 15:30:00,718.84,719.0,717.77,718.98,451.211
2026-09-15 15:35:00,718.99,719.56,718.66,719.32,345.292
2026-09-15 15:40:00,719.32,719.59,719.17,719.18,347.935
2026-09-15 15:45:00,719.17,719.38,718.38,718.82,446.083
2026-09-15 15:50:00,718.82,719.67,718.43,718.43,282.325
2026-09-15 15:55:00,718.44,719.52,718.44,718.61,253.802
2026-09-15 16:00:00,718.61,718.74,717.81,717.89,496.558
2026-09-15 16:05:00,717.9,718.09,716.88,716.89,402.546
2026-09-15 16:10:00,716.88,717.25,716.18,716.3,228.04
2026-09-15 16:15:00,716.3,718.08,716.29,717.84,253.228
2026-09-15 16:20:00,717.85,719.38,717.75,719.18,356.015
2026-09-15 16:25:00,719.19,719.67,718.75,719.58,485.16
2026-09-15 16:30:00,719.58,719.8,718.91,718.92,375.025
2026-09-15 16:35:00,718.91,719.4,718.7,718.85,320.573
2026-09-15 16:40:00,718.85,718.98,718.15,718.7,416.905
2026-09-15 16:45:00,718.71,719.77,718.7,719.54,253.013
2026-09-15 16:50:00,719.54,720.8,719.54,720.6,404.838
2026-09-15 16:55:00,720.6,720.61,719.49,719.59,251.562
2026-09-15 17:00:00,719.58,719.74,718.47,718.47,104.053
2026-09-15 17:05:00,718.47,718.52,717.46,717.66,392.238
2026-09-15 17:10:00,717.66,718.26,717.65,718.18,143.24
2026-09-15 17:15:00,718.18,718.4,717.9,718.34,97.576
2026-09-15 17:20:00,718.35,719.34,718.34,719.3,124.248
2026-09-15 17:25:00,719.3,720.57,719.18,720.51,263.682
2026-09-15 17:30:00,720.51,723.22,720.37,723.11,739.198
2026-09-15 17:35:00,723.11,725.0,722.93,723.35,1382.304
2026-09-15 17:40:00,723.35,723.35,721.65,721.87,426.404
2026-09-15 17:45:00,721.87,724.31,721.87,724.04,330.449
2026-09-15 17:50:00,724.04,724.54,723.27,723.61,274.127
2026-09-15 17:55:00,723.61,723.62,723.0,723.13,290.116
2026-09-15 18:00:00,723.13,724.0,722.53,723.34,943.244
2026-09-15 18:05:00,723.35,723.83,722.59,723.02,249.213
2026-09-15 18:10:00,723.03,723.93,723.02,723.45,329.93
2026-09-15 18:15:00,723.43,723.48,720.9,722.18,637.428
2026-09-15 18:20:00,722.18,722.33,721.75,721.9,424.508
2026-09-15 18:25:00,721.9,725.32,721.36,722.79,2688.732
2026-09-15 18:30:00,722.8,723.05,719.58,721.84,960.904
2026-09-15 18:35:00,721.83,722.08,716.1,718.45,3176.163
2026-09-15 18:40:00,718.45,718.54,714.16,714.49,2843.801
2026-09-15 18:45:00,714.47,714.72,707.04,708.26,5688.219
2026-09-15 18:50:00,708.25,716.8,707.88,716.75,2406.426
2026-09-15 18:55:00,716.76,718.72,715.99,718.17,1356.274
2026-09-15 19:00:00,718.19,721.55,717.26,720.15,2340.054
2026-09-15 19:05:00,720.15,721.07,719.29,720.41,736.872
2026-09-15 19:10:00,720.41,721.37,719.89,720.43,732.86
2026-09-15 19:15:00,720.4,722.55,719.92,721.64,1072.538
2026-09-15 19:20:00,721.63,722.59,720.86,721.4,542.65
2026-09-15 19:25:00,721.33,721.68,719.34,719.7,472.214
2026-09-15 19:30:00,719.7,720.63,719.27,719.83,637.234
2026-09-15 19:35:00,719.82,719.88,718.82,719.84,393.663
2026-09-15 19:40:00,719.84,720.0,717.96,717.96,589.366
2026-09-15 19:45:00,717.96,718.44,717.52,718.22,162.373
2026-09-15 19:50:00,718.22,719.27,717.78,719.23,215.446
2026-09-15 19:55:00,719.23,719.64,718.7,719.57,154.796
2026-09-15 20:00:00,719.58,720.51,718.15,718.28,410.606
2026-09-15 20:05:00,718.29,718.35,716.65,716.91,355.301
2026-09-15 20:10:00,716.9,718.15,716.31,717.05,538.292
2026-09-15 20:15:00,717.06,717.09,715.91,715.92,447.135
2026-09-15 20:20:00,715.92,716.16,714.91,715.94,586.555
2026-09-15 20:25:00,715.94,716.16,714.28,714.29,391.585
2026-09-15 20:30:00,714.29,714.29,712.28,713.08,857.859
2026-09-15 20:35:00,713.08,715.1,712.98,713.98,412.876
2026-09-15 20:40:00,713.99,714.85,713.99,714.82,174.328
2026-09-15 20:45:00,714.82,716.72,714.82,716.72,505.029
2026-09-15 20:50:00,716.73,716.73,715.71,716.17,205.386
2026-09-15 20:55:00,716.16,716.24,715.12,715.12,129.434
2026-09-15 21:00:00,715.13,715.24,713.57,714.01,508.147
2026-09-15 21:05:00,714.0,714.71,713.78,713.88,168.088
2026-09-15 21:10:00,713.87,715.73,713.87,714.66,310.476
2026-09-15 21:15:00,714.66,715.09,714.07,715.01,196.009
2026-09-15 21:20:00,715.0,715.0,713.57,713.71,208.233
2026-09-15 21:25:00,713.7,713.71,712.14,712.39,503.57
2026-09-15 21:30:00,712.38,713.19,712.12,712.55,202.316
2026-09-15 21:35:00,712.56,713.59,711.93,713.17,309.633
2026-09-15 21:40:00,713.18,713.94,713.18,713.74,126.207
2026-09-15 21:45:00,713.74,713.83,712.81,712.81,80.225
2026-09-15 21:50:00,712.8,712.85,711.91,712.32,126.823
2026-09-15 21:55:00,712.33,712.33,710.66,711.2,543.299
2026-09-15 22:00:00,711.2,712.95,710.85,712.05,429.316
2026-09-15 22:05:00,712.05,712.1,710.51,710.83,589.547
2026-09-15 22:10:00,710.83,711.6,710.24,710.56,436.641
2026-09-15 22:15:00,710.56,710.83,709.21,709.34,571.172
2026-09-15 22:20:00,709.35,710.2,708.76,709.88,412.152
2026-09-15 22:25:00,709.87,712.36,709.65,711.9,462.404
2026-09-15 22:30:00,711.9,713.07,711.85,712.96,297.729
2026-09-15 22:35:00,712.95,713.53,712.31,713.16,300.587
2026-09-15 22:40:00,713.13,713.17,712.65,713.02,164.462
2026-09-15 22:45:00,713.0,714.03,712.85,713.99,120.071
2026-09-15 22:50:00,714.0,714.59,713.76,714.0,343.687
2026-09-15 22:55:00,714.01,714.18,713.18,713.4,156.704
2026-09-15 23:00:00,713.4,713.87,713.28,713.83,87.076
2026-09-15 23:05:00,713.83,714.49,713.7,714.43,146.684
2026-09-15 23:10:00,714.42,715.41,714.28,715.31,219.15
2026-09-15 23:15:00,715.31,715.48,714.94,715.47,555.861
2026-09-15 23:20:00,715.48,715.48,714.76,714.88,149.792
2026-09-15 23:25:00,714.87,714.87,714.0,714.07,167.558
2026-09-15 23:30:00,714.06,714.06,712.14,713.06,322.357
2026-09-15 23:35:00,713.06,713.18,711.96,711.97,205.855
2026-09-15 23:40:00,711.97,713.06,711.9,712.83,553.21
2026-09-15 23:45:00,712.82,713.03,712.47,712.57,274.35
2026-09-15 23:50:00,712.57,713.42,712.57,712.86,174.69
2026-09-15 23:55:00,712.86,712.86,712.03,712.06,203.509
2026-09-16 00:00:00,712.07,713.07,711.91,713.07,356.93
2026-09-16 00:05:00,713.08,714.17,713.08,713.81,648.577
2026-09-16 00:10:00,713.81,714.79,713.65,714.56,282.329
2026-09-16 00:15:00,714.56,715.33,714.35,715.24,252.739
2026-09-16 00:20:00,715.24,715.8,714.81,715.56,302.421
2026-09-16 00:25:00,715.56,715.76,714.84,715.76,287.974
2026-09-16 00:30:00,715.75,716.0,715.19,715.27,177.933
2026-09-16 00:35:00,715.27,715.92,715.08,715.92,269.087
2026-09-16 00:40:00,715.91,715.91,713.69,713.95,202.074
2026-09-16 00:45:00,713.95,714.68,713.43,714.27,281.625
2026-09-16 00:50:00,714.27,714.81,713.95,714.26,214.579
2026-09-16 00:55:00,714.26,714.4,713.86,713.98,295.678
2026-09-16 01:00:00,713.98,714.98,713.06,713.35,287.874
2026-09-16 01:05:00,713.34,713.7,713.16,713.64,86.054
2026-09-16 01:10:00,713.64,714.01,713.14,713.83,160.657
2026-09-16 01:15:00,713.83,713.86,713.45,713.86,142.784
2026-09-16 01:20:00,713.86,714.66,713.59,714.63,1358.955
2026-09-16 01:25:00,714.63,714.8,714.06,714.16,200.059
2026-09-16 01:30:00,714.15,714.15,711.94,711.95,283.21
2026-09-16 01:35:00,711.94,712.54,710.28,710.41,605.434
2026-09-16 01:40:00,710.41,711.41,710.4,711.21,218.319
2026-09-16 01:45:00,711.2,711.69,710.43,710.56,399.97
2026-09-16 01:50:00,710.57,710.57,708.99,709.06,522.474
2026-09-16 01:55:00,709.06,709.49,708.38,708.9,545.331
2026-09-16 02:00:00,708.91,710.71,708.43,710.06,901.525
2026-09-16 02:05:00,710.07,710.27,708.63,709.12,977.255
2026-09-16 02:10:00,709.12,710.26,708.28,710.05,804.773
2026-09-16 02:15:00,710.04,711.89,710.04,711.56,310.482
2026-09-16 02:20:00,711.55,711.89,711.48,711.72,254.868
2026-09-16 02:25:00,711.75,712.61,711.75,712.61,205.766
2026-09-16 02:30:00,712.62,714.11,712.62,713.9,469.265
2026-09-16 02:35:00,713.9,714.94,713.9,714.61,350.793
2026-09-16 02:40:00,714.61,714.76,714.0,714.05,175.199
2026-09-16 02:45:00,714.05,714.35,713.8,714.25,227.48
2026-09-16 02:50:00,714.25,714.34,712.94,712.95,424.453
2026-09-16 02:55:00,712.94,713.1,711.82,712.86,319.286
2026-09-16 03:00:00,712.86,713.9,712.8,713.51,286.063
2026-09-16 03:05:00,713.51,714.07,713.24,713.64,435.623
2026-09-16 03:10:00,713.65,715.0,713.65,714.95,162.703
2026-09-16 03:15:00,714.96,715.76,714.95,715.21,246.61
2026-09-16 03:20:00,715.2,715.55,715.04,715.28,177.462
2026-09-16 03:25:00,715.28,715.46,714.38,714.43,805.254
2026-09-16 03:30:00,714.42,714.76,714.01,714.22,185.087
2026-09-16 03:35:00,714.22,714.22,713.17,713.69,114.636
2026-09-16 03:40:00,713.68,714.08,713.52,713.92,285.7
2026-09-16 03:45:00,713.92,714.28,713.7,713.7,153.464
2026-09-16 03:50:00,713.7,713.96,713.47,713.85,116.876
2026-09-16 03:55:00,713.84,714.2,713.81,714.2,72.666
2026-09-16 04:00:00,714.2,715.67,714.19,715.61,269.574
2026-09-16 04:05:00,715.61,715.62,714.97,715.06,355.971
2026-09-16 04:10:00,715.05,715.4,714.8,714.87,127.966
2026-09-16 04:15:00,714.87,715.08,714.6,714.61,84.637
2026-09-16 04:20:00,714.61,716.24,714.6,716.0,372.722
2026-09-16 04:25:00,716.0,716.0,714.46,714.47,252.231
2026-09-16 04:30:00,714.5,714.58,713.94,714.58,317.745
2026-09-16 04:35:00,714.57,715.62,714.57,715.58,213.758
2026-09-16 04:40:00,715.57,716.16,715.24,715.3,311.431
2026-09-16 04:45:00,715.3,715.74,715.28,715.29,184.083
2026-09-16 04:50:00,715.3,715.3,714.75,714.85,409.727
2026-09-16 04:55:00,714.85,715.66,714.77,715.3,382.714
2026-09-16 05:00:00,715.3,715.56,713.25,713.89,232.587
2026-09-16 05:05:00,713.9,714.47,713.15,714.47,192.698
2026-09-16 05:10:00,714.47,714.73,714.28,714.5,188.604
2026-09-16 05:15:00,714.51,714.99,714.51,714.97,257.802
2026-09-16 05:20:00,714.96,715.56,714.65,715.05,146.867
2026-09-16 05:25:00,715.05,715.09,714.15,714.44,216.759
2026-09-16 05:30:00,714.45,714.94,713.84,714.8,190.363
2026-09-16 05:35:00,714.81,715.56,714.77,715.41,198.568
2026-09-16 05:40:00,715.4,715.78,715.31,715.38,236.315
2026-09-16 05:45:00,715.38,715.75,714.95,715.15,318.834
2026-09-16 05:50:00,715.2,715.45,714.59,714.68,135.651
2026-09-16 05:55:00,714.67,715.28,714.56,715.27,235.611
2026-09-16 06:00:00,715.27,715.73,714.51,714.71,418.179
2026-09-16 06:05:00,714.7,714.95,714.42,714.46,116.91
2026-09-16 06:10:00,714.46,714.81,714.25,714.26,180.563
2026-09-16 06:15:00,714.25,714.5,714.03,714.31,146.12
2026-09-16 06:20:00,714.32,714.5,713.83,713.84,169.228
2026-09-16 06:25:00,713.83,713.84,713.47,713.68,154.673
2026-09-16 06:30:00,713.67,713.72,713.24,713.44,143.147
2026-09-16 06:35:00,713.43,713.43,711.86,712.01,353.48
2026-09-16 06:40:00,712.02,712.59,712.02,712.48,453.445
2026-09-16 06:45:00,712.47,713.46,712.47,712.95,131.556
2026-09-16 06:50:00,712.95,713.4,712.75,713.36,145.383
2026-09-16 06:55:00,713.36,714.38,713.18,714.31,244.308
2026-09-16 07:00:00,714.31,714.95,714.15,714.61,433.159
2026-09-16 07:05:00,714.61,714.61,713.0,713.01,347.026
2026-09-16 07:10:00,713.0,713.01,712.12,712.64,519.52
2026-09-16 07:15:00,712.64,713.28,712.22,712.26,350.238
2026-09-16 07:20:00,712.26,713.09,712.25,712.92,441.339
2026-09-16 07:25:00,712.91,713.4,712.19,712.3,514.153
2026-09-16 07:30:00,712.3,712.57,711.76,711.96,574.59
2026-09-16 07:35:00,711.95,711.95,710.71,710.74,729.204
2026-09-16 07:40:00,710.75,710.91,709.55,709.96,3005.275
2026-09-16 07:45:00,709.96,710.63,709.69,710.12,592.451
2026-09-16 07:50:00,710.11,710.12,709.35,709.42,454.668
2026-09-16 07:55:00,709.43,710.08,709.43,709.71,408.413
2026-09-16 08:00:00,709.7,709.71,708.24,708.25,797.822
2026-09-16 08:05:00,708.24,708.45,706.66,707.11,1106.924
2026-09-16 08:10:00,707.1,707.76,706.78,707.18,671.702
2026-09-16 08:15:00,707.18,707.87,705.92,706.28,1288.422
2026-09-16 08:20:00,706.28,706.5,705.09,705.37,1003.711
2026-09-16 08:25:00,705.36,705.7,704.29,705.09,1653.867
2026-09-16 08:30:00,705.09,705.84,704.8,705.29,1091.492
2026-09-16 08:35:00,705.29,706.22,705.21,706.17,483.762
2026-09-16 08:40:00,706.17,706.57,705.98,706.0,524.327
2026-09-16 08:45:00,706.0,706.32,705.69,705.96,544.659
2026-09-16 08:50:00,705.96,706.8,705.9,706.79,441.833
2026-09-16 08:55:00,706.79,707.6,706.57,707.18,530.749
2026-09-16 09:00:00,707.18,708.16,707.02,708.15,406.114
2026-09-16 09:05:00,708.15,708.43,707.42,708.11,587.906
2026-09-16 09:10:00,708.11,708.85,707.69,708.69,470.773
2026-09-16 09:15:00,708.69,709.04,708.04,709.03,344.147
2026-09-16 09:20:00,709.04,710.27,709.04,710.0,320.589
2026-09-16 09:25:00,710.0,710.72,709.65,710.18,658.36
2026-09-16 09:30:00,710.19,710.43,709.9,710.08,268.68
2026-09-16 09:35:00,710.08,710.64,709.28,710.4,734.973
2026-09-16 09:40:00,710.39,710.58,710.22,710.48,140.629
2026-09-16 09:45:00,710.47,710.73,710.05,710.69,167.84
2026-09-16 09:50:00,710.7,711.06,710.34,710.93,333.363
2026-09-16 09:55:00,710.92,710.93,710.61,710.76,293.033
2026-09-16 10:00:00,710.76,711.4,710.75,710.81,234.532
2026-09-16 10:05:00,710.82,711.36,710.58,711.33,417.116
2026-09-16 10:10:00,711.32,711.4,710.52,710.86,314.874
2026-09-16 10:15:00,710.87,711.5,710.85,711.5,355.294
2026-09-16 10:20:00,711.49,711.8,711.11,711.2,305.234
2026-09-16 10:25:00,711.19,711.78,711.05,711.6,207.946
2026-09-16 10:30:00,711.6,711.7,711.07,711.31,225.44
2026-09-16 10:35:00,711.3,711.83,711.3,711.72,179.752
2026-09-16 10:40:00,711.72,712.0,711.62,711.8,210.172
2026-09-16 10:45:00,711.81,711.95,711.49,711.49,185.426
2026-09-16 10:50:00,711.49,711.56,711.3,711.5,199.542
2026-09-16 10:55:00,711.5,711.55,711.16,711.55,167.437
2026-09-16 11:00:00,711.55,712.32,711.48,711.9,286.118
2026-09-16 11:05:00,711.9,711.9,711.2,711.55,215.05
2026-09-16 11:10:00,711.55,711.78,711.37,711.41,152.583
2026-09-16 11:15:00,711.41,712.86,711.24,712.85,219.925
2026-09-16 11:20:00,712.85,713.0,712.15,712.21,350.778
2026-09-16 11:25:00,712.21,712.72,712.2,712.57,243.049
2026-09-16 11:30:00,712.57,713.49,712.57,713.23,380.146
2026-09-16 11:35:00,713.23,713.9,713.19,713.51,589.177
2026-09-16 11:40:00,713.52,715.93,713.08,715.7,1029.052
2026-09-16 11:45:00,715.69,715.82,714.28,714.7,426.264
2026-09-16 11:50:00,714.7,715.16,714.51,714.52,420.703
2026-09-16 11:55:00,714.52,714.68,714.34,714.48,176.976
2026-09-16 12:00:00,714.49,714.69,713.91,714.57,523.565
2026-09-16 12:05:00,714.57,714.57,714.06,714.1,272.755
2026-09-16 12:10:00,714.1,714.1,712.97,713.35,306.428
2026-09-16 12:15:00,713.34,714.21,713.29,714.04,529.761
2026-09-16 12:20:00,714.04,714.17,713.63,713.67,362.021
2026-09-16 12:25:00,713.66,713.95,713.05,713.38,187.729
2026-09-16 12:30:00,713.38,713.79,712.08,713.79,341.819
2026-09-16 12:35:00,713.78,713.79,712.53,712.57,175.098
2026-09-16 12:40:00,712.61,713.25,712.61,713.15,240.763
2026-09-16 12:45:00,713.15,713.56,712.92,713.56,143.335
2026-09-16 12:50:00,713.56,713.87,712.83,712.83,430.655
2026-09-16 12:55:00,712.83,712.92,712.05,712.9,325.703
2026-09-16 13:00:00,712.9,712.92,711.12,711.4,395.282
2026-09-16 13:05:00,711.39,711.66,711.37,711.4,134.234
2026-09-16 13:10:00,711.4,712.11,710.66,712.1,412.515
2026-09-16 13:15:00,712.1,712.89,711.71,712.37,262.975
2026-09-16 13:20:00,712.38,712.45,711.81,711.97,158.218
2026-09-16 13:25:00,711.96,712.57,711.64,712.18,340.177
2026-09-16 13:30:00,712.17,712.52,711.59,711.74,544.007
2026-09-16 13:35:00,711.75,712.36,710.02,710.27,715.375
2026-09-16 13:40:00,710.26,712.02,710.22,712.0,280.507
2026-09-16 13:45:00,711.99,713.24,711.11,712.77,758.617
2026-09-16 13:50:00,712.77,713.32,711.55,712.05,285.468
2026-09-16 13:55:00,712.1,712.49,711.22,711.34,217.385
2026-09-16 14:00:00,711.35,711.35,709.4,709.91,547.543
2026-09-16 14:05:00,709.9,711.04,709.65,710.37,314.899
2026-09-16 14:10:00,710.38,710.53,709.19,710.09,513.05
2026-09-16 14:15:00,710.08,711.54,710.04,710.19,443.916
2026-09-16 14:20:00,710.15,710.88,710.05,710.61,346.21
2026-09-16 14:25:00,710.62,712.03,710.55,712.01,315.092
2026-09-16 14:30:00,712.01,712.02,709.93,711.03,642.284
2026-09-16 14:35:00,711.03,711.49,710.07,710.07,431.762
2026-09-16 14:40:00,710.06,711.22,709.85,711.01,332.813
2026-09-16 14:45:00,711.02,711.02,709.05,709.63,401.528
2026-09-16 14:50:00,709.63,710.24,708.32,709.17,453.123
2026-09-16 14:55:00,709.18,709.71,708.72,709.71,202.228
2026-09-16 15:00:00,709.71,711.08,709.54,710.46,413.103
2026-09-16 15:05:00,710.46,711.48,709.47,711.1,472.548
2026-09-16 15:10:00,711.09,711.56,710.78,711.22,403.044
2026-09-16 15:15:00,711.22,711.22,710.01,710.55,281.043
2026-09-16 15:20:00,710.55,711.92,710.52,711.36,348.973
2026-09-16 15:25:00,711.36,711.45,709.75,709.83,834.633
2026-09-16 15:30:00,709.82,710.24,708.91,709.87,330.451
2026-09-16 15:35:00,709.88,711.83,709.88,711.3,398.337
2026-09-16 15:40:00,711.3,712.08,711.3,711.63,195.993
2026-09-16 15:45:00,711.64,713.8,711.48,712.82,702.272
2026-09-16 15:50:00,712.83,713.3,712.39,712.44,242.771
2026-09-16 15:55:00,712.44,712.44,711.37,711.66,383.779
2026-09-16 16:00:00,711.71,712.0,711.15,711.48,225.758
2026-09-16 16:05:00,711.47,712.0,710.72,711.77,443.592
2026-09-16 16:10:00,711.78,712.91,711.61,712.61,213.546
2026-09-16 16:15:00,712.61,713.65,712.36,713.65,317.727
2026-09-16 16:20:00,713.65,713.69,712.48,712.48,206.801
2026-09-16 16:25:00,712.48,712.98,712.44,712.86,237.311
2026-09-16 16:30:00,712.86,713.43,712.55,712.8,231.845
2026-09-16 16:35:00,712.79,713.0,712.13,712.31,172.634
2026-09-16 16:40:00,712.31,712.31,711.75,711.81,209.958
2026-09-16 16:45:00,711.81,713.73,711.81,713.2,168.001
2026-09-16 16:50:00,713.21,713.8,713.11,713.77,192.127
