open_time,open,high,low,close,volume
2026-08-17 16:54:00,607.4,607.4,607.16,607.31,153.925
2026-08-17 16:57:00,607.31,607.83,607.31,607.59,114.13
2026-08-17 17:00:00,607.6,607.6,607.25,607.26,94.094
2026-08-17 17:03:00,607.27,607.27,606.81,606.96,200.835
2026-08-17 17:06:00,606.95,607.18,606.95,607.17,134.6
2026-08-17 17:09:00,607.18,607.18,606.9,606.91,185.979
2026-08-17 17:12:00,606.91,606.95,606.58,606.58,199.058
2026-08-17 17:15:00,606.59,607.06,606.45,607.05,100.362
2026-08-17 17:18:00,607.06,607.75,607.06,607.58,158.47
2026-08-17 17:21:00,607.59,607.89,607.59,607.64,164.32
2026-08-17 17:24:00,607.65,607.65,606.9,607.06,138.289
2026-08-17 17:27:00,607.07,607.07,606.24,606.42,603.354
2026-08-17 17:30:00,606.43,606.43,605.84,606.0,219.253
2026-08-17 17:33:00,606.01,606.01,605.83,605.98,99.506
2026-08-17 17:36:00,605.98,606.29,605.71,606.28,125.854
2026-08-17 17:39:00,606.29,606.48,606.19,606.48,140.594
2026-08-17 17:42:00,606.48,606.49,606.15,606.19,193.587
2026-08-17 17:45:00,606.19,606.53,606.18,606.19,87.004
2026-08-17 17:48:00,606.19,606.35,606.18,606.24,76.621
2026-08-17 17:51:00,606.24,606.46,606.18,606.18,230.254
2026-08-17 17:54:00,606.18,606.29,606.18,606.22,60.131
2026-08-17 17:57:00,606.21,606.3,606.15,606.15,101.641
2026-08-17 18:00:00,606.16,606.24,605.97,606.16,168.11
2026-08-17 18:03:00,606.15,606.36,606.15,606.15,146.867
2026-08-17 18:06:00,606.15,606.23,606.06,606.06,160.618
2026-08-17 18:09:00,606.07,606.18,606.0,606.18,73.031
2026-08-17 18:12:00,606.18,606.43,606.15,606.16,116.033
2026-08-17 18:15:00,606.16,606.84,606.16,606.84,155.51
2026-08-17 18:18:00,606.84,606.88,606.14,606.31,169.118
2026-08-17 18:21:00,606.32,607.3,606.27,607.26,453.802
2026-08-17 18:24:00,607.25,607.29,606.82,607.06,147.239
2026-08-17 18:27:00,607.05,607.18,606.75,606.82,101.396
2026-08-17 18:30:00,606.83,606.83,606.43,606.44,88.265
2026-08-17 18:33:00,606.43,606.44,606.3,606.38,85.709
2026-08-17 18:36:00,606.39,606.66,606.38,606.39,76.251
2026-08-17 18:39:00,606.38,606.46,606.35,606.35,93.821
2026-08-17 18:42:00,606.35,606.36,606.21,606.36,120.439
2026-08-17 18:45:00,606.36,606.39,606.2,606.25,58.773
2026-08-17 18:48:00,606.24,606.57,606.23,606.48,152.873
2026-08-17 18:51:00,606.48,606.62,606.25,606.3,135.01
2026-08-17 18:54:00,606.3,606.46,606.29,606.38,75.279
2026-08-17 18:57:00,606.38,606.4,606.26,606.39,46.589
2026-08-17 19:00:00,606.4,606.4,605.96,605.96,69.657
2026-08-17 19:03:00,605.97,606.02,605.91,605.93,59.088
2026-08-17 19:06:00,605.94,606.09,605.84,606.08,56.389
2026-08-17 19:09:00,606.09,606.09,605.7,605.7,235.341
2026-08-17 19:12:00,605.69,605.7,605.32,605.32,540.201
2026-08-17 19:15:00,605.32,605.72,605.18,605.64,416.876
2026-08-17 19:18:00,605.64,605.64,605.31,605.45,72.071
2026-08-17 19:21:00,605.44,605.45,605.35,605.44,49.768
2026-08-17 19:24:00,605.45,605.55,605.41,605.55,100.433
2026-08-17 19:27:00,605.55,605.64,605.54,605.59,69.673
2026-08-17 19:30:00,605.58,605.58,605.15,605.15,201.706
2026-08-17 19:33:00,605.15,605.16,604.95,605.03,119.614
2026-08-17 19:36:00,605.03,605.35,605.03,605.31,103.218
2026-08-17 19:39:00,605.32,605.66,605.32,605.51,215.756
2026-08-17 19:42:00,605.52,605.54,605.27,605.39,116.502
2026-08-17 19:45:00,605.38,605.39,605.28,605.29,45.024
2026-08-17 19:48:00,605.28,605.29,605.18,605.18,51.229
2026-08-17 19:51:00,605.19,605.19,605.14,605.15,31.798
2026-08-17 19:54:00,605.15,605.15,605.14,605.15,71.481
2026-08-17 19:57:00,605.16,605.25,605.15,605.24,122.275
2026-08-17 20:00:00,605.25,605.25,605.16,605.16,74.369
2026-08-17 20:03:00,605.17,605.17,605.1,605.11,85.939
2026-08-17 20:06:00,605.11,605.11,605.08,605.09,51.724
2026-08-17 20:09:00,605.09,605.11,605.08,605.1,50.667
2026-08-17 20:12:00,605.11,605.11,605.1,605.1,52.393
2026-08-17 20:15:00,605.11,605.14,605.0,605.14,68.288
2026-08-17 20:18:00,605.15,605.49,605.14,605.49,47.035
2026-08-17 20:21:00,605.49,605.49,605.38,605.39,97.2
2026-08-17 20:24:00,605.39,605.47,605.38,605.46,40.565
2026-08-17 20:27:00,605.47,605.76,605.47,605.62,79.597
2026-08-17 20:30:00,605.63,605.63,605.46,605.47,72.95
2026-08-17 20:33:00,605.46,605.5,605.46,605.49,48.218
2026-08-17 20:36:00,605.48,605.49,605.34,605.37,40.107
2026-08-17 20:39:00,605.38,605.5,605.37,605.5,92.168
2026-08-17 20:42:00,605.49,605.61,605.37,605.6,233.274
2026-08-17 20:45:00,605.61,605.66,605.53,605.54,106.338
2026-08-17 20:48:00,605.54,605.65,605.53,605.53,302.129
2026-08-17 20:51:00,605.54,605.54,605.35,605.39,71.519
2026-08-17 20:54:00,605.4,605.61,605.39,605.52,71.13
2026-08-17 20:57:00,605.52,605.79,605.52,605.54,300.53
2026-08-17 21:00:00,605.55,606.06,605.54,606.06,198.156
2026-08-17 21:03:00,606.05,606.08,605.92,606.0,168.33
2026-08-17 21:06:00,605.99,606.0,605.96,605.96,36.252
2026-08-17 21:09:00,605.96,605.97,605.91,605.91,57.085
2026-08-17 21:12:00,605.91,605.92,605.77,605.78,68.537
2026-08-17 21:15:00,605.78,605.84,605.77,605.83,36.008
2026-08-17 21:18:00,605.83,605.83,605.71,605.72,40.113
2026-08-17 21:21:00,605.71,605.72,605.6,605.6,38.971
2026-08-17 21:24:00,605.6,605.6,605.41,605.41,42.913
2026-08-17 21:27:00,605.42,605.42,605.4,605.4,35.718
2026-08-17 21:30:00,605.4,605.42,605.1,605.41,407.011
2026-08-17 21:33:00,605.42,605.42,605.16,605.17,79.024
2026-08-17 21:36:00,605.16,605.16,605.0,605.08,99.485
2026-08-17 21:39:00,605.09,605.14,605.0,605.13,68.727
2026-08-17 21:42:00,605.13,605.32,605.11,605.25,58.819
2026-08-17 21:45:00,605.26,605.26,605.19,605.19,34.712
2026-08-17 21:48:00,605.19,605.23,605.11,605.11,30.296
2026-08-17 21:51:00,605.11,605.24,605.11,605.23,46.656
2026-08-17 21:54:00,605.23,605.24,605.0,605.0,39.662
2026-08-17 21:57:00,605.01,605.09,605.01,605.09,47.303
2026-08-17 22:00:00,605.09,605.42,605.08,605.24,56.671
2026-08-17 22:03:00,605.25,605.3,605.09,605.13,47.235
2026-08-17 22:06:00,605.13,605.2,605.07,605.08,44.374
2026-08-17 22:09:00,605.07,605.08,604.97,604.97,50.165
2026-08-17 22:12:00,604.98,604.98,604.93,604.93,63.92
2026-08-17 22:15:00,604.93,604.94,604.9,604.9,61.8
2026-08-17 22:18:00,604.91,604.91,604.81,604.81,108.167
2026-08-17 22:21:00,604.82,605.0,604.78,605.0,86.494
2026-08-17 22:24:00,605.0,605.0,604.86,604.86,44.204
2026-08-17 22:27:00,604.87,604.87,604.75,604.79,79.376
2026-08-17 22:30:00,604.79,604.8,604.7,604.7,75.853
2026-08-17 22:33:00,604.7,604.76,604.7,604.75,54.725
2026-08-17 22:36:00,604.76,604.95,604.76,604.86,58.429
2026-08-17 22:39:00,604.85,604.86,604.8,604.81,31.905
2026-08-17 22:42:00,604.81,604.86,604.78,604.79,74.637
2026-08-17 22:45:00,604.79,604.79,604.67,604.67,96.36
2026-08-17 22:48:00,604.68,604.68,604.67,604.67,53.421
2026-08-17 22:51:00,604.68,604.78,604.68,604.71,133.682
2026-08-17 22:54:00,604.71,604.79,604.71,604.79,94.432
2026-08-17 22:57:00,604.78,604.8,604.68,604.8,61.685
2026-08-17 23:00:00,604.8,604.8,604.37,604.6,266.665
2026-08-17 23:03:00,604.61,604.64,604.6,604.63,51.08
2026-08-17 23:06:00,604.63,604.82,604.62,604.81,53.967
2026-08-17 23:09:00,604.82,605.05,604.81,605.05,57.569
2026-08-17 23:12:00,605.04,605.22,605.03,605.17,90.44
2026-08-17 23:15:00,605.17,605.18,605.12,605.16,39.446
2026-08-17 23:18:00,605.16,605.31,605.16,605.18,64.164
2026-08-17 23:21:00,605.18,605.44,605.17,605.44,51.289
2026-08-17 23:24:00,605.44,605.63,605.43,605.62,56.101
2026-08-17 23:27:00,605.63,605.63,605.32,605.42,219.665
2026-08-17 23:30:00,605.43,606.2,605.29,606.17,163.983
2026-08-17 23:33:00,606.18,606.5,606.17,606.22,104.044
2026-08-17 23:36:00,606.23,606.23,606.0,606.14,96.506
2026-08-17 23:39:00,606.14,606.14,605.8,605.8,80.964
2026-08-17 23:42:00,605.8,606.0,605.8,605.99,98.812
2026-08-17 23:45:00,606.0,606.0,605.82,605.88,65.346
2026-08-17 23:48:00,605.87,605.88,605.72,605.72,44.524
2026-08-17 23:51:00,605.73,605.81,605.73,605.77,45.355
2026-08-17 23:54:00,605.77,605.78,605.62,605.62,58.776
2026-08-17 23:57:00,605.62,605.86,605.62,605.8,121.377
2026-08-18 00:00:00,605.81,606.0,605.8,605.8,129.925
2026-08-18 00:03:00,605.8,605.8,605.49,605.58,92.266
2026-08-18 00:06:00,605.58,605.62,605.5,605.61,90.4
2026-08-18 00:09:00,605.61,605.64,605.56,605.56,118.823
2026-08-18 00:12:00,605.57,605.61,605.56,605.6,85.31
2026-08-18 00:15:00,605.61,605.88,605.6,605.68,69.056
2026-08-18 00:18:00,605.68,605.94,605.68,605.75,67.117
2026-08-18 00:21:00,605.75,605.88,605.72,605.88,138.718
2026-08-18 00:24:00,605.87,605.94,605.55,605.56,318.154
2026-08-18 00:27:00,605.56,605.76,605.55,605.75,98.743
2026-08-18 00:30:00,605.75,605.76,605.61,605.62,63.81
2026-08-18 00:33:00,605.61,605.62,605.54,605.54,35.156
2026-08-18 00:36:00,605.54,605.54,605.47,605.47,127.781
2026-08-18 00:39:00,605.47,605.48,605.22,605.31,105.673
2026-08-18 00:42:00,605.31,605.31,605.24,605.25,41.754
2026-08-18 00:45:00,605.25,605.25,605.21,605.22,52.66
2026-08-18 00:48:00,605.22,605.72,605.08,605.25,874.29
2026-08-18 00:51:00,605.26,605.29,605.19,605.19,56.373
2026-08-18 00:54:00,605.19,605.2,605.19,605.19,52.861
2026-08-18 00:57:00,605.2,605.31,605.2,605.23,91.343
2026-08-18 01:00:00,605.24,605.71,605.14,605.15,175.276
2026-08-18 01:03:00,605.14,605.15,605.04,605.1,76.013
2026-08-18 01:06:00,605.1,605.1,604.8,604.82,237.243
2026-08-18 01:09:00,604.83,604.87,604.71,604.87,80.834
2026-08-18 01:12:00,604.88,604.96,604.79,604.85,112.065
2026-08-18 01:15:00,604.85,604.93,604.77,604.93,48.655
2026-08-18 01:18:00,604.94,604.94,604.64,604.65,94.324
2026-08-18 01:21:00,604.64,604.65,604.5,604.51,91.306
2026-08-18 01:24:00,604.51,604.68,604.49,604.57,354.876
2026-08-18 01:27:00,604.58,604.76,604.58,604.75,211.098
2026-08-18 01:30:00,604.75,604.79,604.74,604.76,85.458
2026-08-18 01:33:00,604.77,604.79,604.65,604.66,66.533
2026-08-18 01:36:00,604.65,604.76,604.61,604.73,126.821
2026-08-18 01:39:00,604.73,604.73,604.59,604.6,60.563
2026-08-18 01:42:00,604.59,604.6,604.36,604.38,267.607
2026-08-18 01:45:00,604.39,604.39,604.33,604.33,96.212
2026-08-18 01:48:00,604.32,604.33,604.15,604.17,147.074
2026-08-18 01:51:00,604.17,604.18,603.83,603.83,136.192
2026-08-18 01:54:00,603.83,603.89,603.83,603.84,98.854
2026-08-18 01:57:00,603.83,604.08,603.63,604.08,179.016
2026-08-18 02:00:00,604.08,604.08,603.93,603.94,67.286
2026-08-18 02:03:00,603.94,603.94,603.71,603.81,88.753
2026-08-18 02:06:00,603.81,603.84,603.73,603.73,44.852
2026-08-18 02:09:00,603.74,603.79,603.39,603.39,72.809
2026-08-18 02:12:00,603.39,603.4,602.97,603.18,189.779
2026-08-18 02:15:00,603.18,603.18,602.92,602.92,132.312
2026-08-18 02:18:00,602.92,603.24,602.84,603.23,90.594
2026-08-18 02:21:00,603.24,603.33,603.21,603.31,74.11
2026-08-18 02:24:00,603.3,603.37,603.25,603.25,69.122
2026-08-18 02:27:00,603.26,603.26,602.84,602.88,244.35
2026-08-18 02:30:00,602.88,602.88,602.7,602.78,154.034
2026-08-18 02:33:00,602.77,602.78,602.6,602.6,264.384
2026-08-18 02:36:00,602.61,602.79,602.6,602.78,91.12
2026-08-18 02:39:00,602.79,603.0,602.76,602.94,168.711
2026-08-18 02:42:00,602.93,603.09,602.69,602.78,285.996
2026-08-18 02:45:00,602.78,602.8,602.17,602.78,285.443
2026-08-18 02:48:00,602.78,603.0,602.49,602.93,258.794
2026-08-18 02:51:00,602.94,603.15,602.91,603.01,188.74
2026-08-18 02:54:00,603.01,603.09,602.44,602.62,201.988
2026-08-18 02:57:00,602.62,603.07,602.61,603.07,161.691
2026-08-18 03:00:00,603.07,603.38,603.02,603.37,169.831
2026-08-18 03:03:00,603.38,603.38,603.12,603.25,81.726
2026-08-18 03:06:00,603.26,603.26,603.08,603.09,61.519
2026-08-18 03:09:00,603.09,603.14,603.06,603.06,49.201
2026-08-18 03:12:00,603.05,603.06,602.99,602.99,79.407
2026-08-18 03:15:00,602.99,603.12,602.92,602.99,226.564
2026-08-18 03:18:00,603.0,603.33,602.98,603.18,149.981
2026-08-18 03:21:00,603.18,603.26,603.02,603.26,106.951
2026-08-18 03:24:00,603.26,603.33,603.16,603.17,127.868
2026-08-18 03:27:00,603.17,603.25,603.14,603.19,61.661
2026-08-18 03:30:00,603.18,603.19,602.97,603.04,175.527
2026-08-18 03:33:00,603.04,603.42,602.96,603.35,183.771
2026-08-18 03:36:00,603.35,603.54,603.35,603.51,108.567
2026-08-18 03:39:00,603.51,603.59,603.51,603.59,77.607
2026-08-18 03:42:00,603.59,603.73,603.54,603.7,160.627
2026-08-18 03:45:00,603.69,603.7,603.49,603.51,83.679
2026-08-18 03:48:00,603.5,603.51,603.42,603.47,107.179
2026-08-18 03:51:00,603.48,603.5,603.47,603.49,61.102
2026-08-18 03:54:00,603.5,603.5,603.42,603.42,49.137
2026-08-18 03:57:00,603.43,603.69,603.42,603.62,193.51
2026-08-18 04:00:00,603.63,603.63,603.15,603.15,74.02
2026-08-18 04:03:00,603.16,603.16,602.97,603.09,78.663
2026-08-18 04:06:00,603.09,603.27,603.09,603.26,80.334
2026-08-18 04:09:00,603.27,603.27,603.12,603.12,74.246
2026-08-18 04:12:00,603.13,603.23,603.1,603.23,97.469
2026-08-18 04:15:00,603.22,603.27,603.06,603.21,79.178
2026-08-18 04:18:00,603.21,603.29,603.21,603.28,221.642
2026-08-18 04:21:00,603.29,603.3,603.16,603.16,44.667
2026-08-18 04:24:00,603.16,603.17,603.13,603.14,68.961
2026-08-18 04:27:00,603.14,603.14,603.11,603.14,61.433
2026-08-18 04:30:00,603.14,603.46,603.14,603.45,93.683
2026-08-18 04:33:00,603.44,603.78,603.44,603.78,396.604
2026-08-18 04:36:00,603.78,603.92,603.75,603.75,82.284
2026-08-18 04:39:00,603.75,603.76,603.6,603.6,45.565
2026-08-18 04:42:00,603.61,603.61,603.46,603.51,146.723
2026-08-18 04:45:00,603.5,603.51,603.19,603.19,90.019
2026-08-18 04:48:00,603.19,603.33,603.19,603.33,55.746
2026-08-18 04:51:00,603.33,603.39,603.32,603.39,46.934
2026-08-18 04:54:00,603.39,603.39,603.38,603.38,80.178
2026-08-18 04:57:00,603.39,603.48,603.38,603.47,71.852
2026-08-18 05:00:00,603.47,603.48,603.38,603.47,138.612
2026-08-18 05:03:00,603.48,603.5,603.36,603.49,62.995
2026-08-18 05:06:00,603.5,603.82,603.49,603.81,200.32
2026-08-18 05:09:00,603.82,603.91,603.73,603.74,131.485
2026-08-18 05:12:00,603.74,603.74,603.57,603.64,115.82
2026-08-18 05:15:00,603.63,603.73,603.63,603.68,120.346
2026-08-18 05:18:00,603.68,603.72,603.68,603.71,71.876
2026-08-18 05:21:00,603.71,603.71,603.46,603.47,95.09
2026-08-18 05:24:00,603.47,603.47,603.44,603.45,54.023
2026-08-18 05:27:00,603.44,603.48,603.44,603.47,88.461
2026-08-18 05:30:00,603.48,603.48,603.26,603.26,178.027
2026-08-18 05:33:00,603.27,603.34,603.2,603.28,122.655
2026-08-18 05:36:00,603.28,603.28,603.13,603.25,207.493
2026-08-18 05:39:00,603.26,603.26,603.16,603.18,92.353
2026-08-18 05:42:00,603.18,603.4,603.17,603.4,242.852
2026-08-18 05:45:00,603.39,603.4,603.3,603.33,86.21
2026-08-18 05:48:00,603.33,603.36,603.29,603.3,91.346
2026-08-18 05:51:00,603.3,603.3,603.25,603.26,77.209
2026-08-18 05:54:00,603.25,603.26,603.17,603.17,65.643
2026-08-18 05:57:00,603.17,603.88,603.17,603.7,402.594
2026-08-18 06:00:00,603.71,603.71,603.42,603.65,249.955
2026-08-18 06:03:00,603.65,603.66,603.6,603.6,86.385
2026-08-18 06:06:00,603.61,603.68,603.3,603.3,164.502
2026-08-18 06:09:00,603.31,603.55,603.3,603.55,102.884
2026-08-18 06:12:00,603.55,603.67,603.54,603.59,100.61
2026-08-18 06:15:00,603.6,603.91,603.59,603.91,181.182
2026-08-18 06:18:00,603.91,604.1,603.9,604.02,167.776
2026-08-18 06:21:00,604.01,604.39,604.01,604.39,66.915
2026-08-18 06:24:00,604.39,604.68,604.38,604.68,120.977
2026-08-18 06:27:00,604.68,604.95,604.67,604.82,401.685
2026-08-18 06:30:00,604.83,605.03,604.82,604.87,151.528
2026-08-18 06:33:00,604.87,604.96,604.86,604.96,67.511
2026-08-18 06:36:00,604.96,605.11,604.95,605.01,188.723
2026-08-18 06:39:00,605.01,605.02,604.95,604.95,75.738
2026-08-18 06:42:00,604.96,605.2,604.95,605.07,115.183
2026-08-18 06:45:00,605.07,605.07,604.87,604.87,71.495
2026-08-18 06:48:00,604.87,604.88,604.45,604.46,103.449
2026-08-18 06:51:00,604.46,604.46,604.2,604.25,175.936
2026-08-18 06:54:00,604.26,604.26,604.12,604.13,218.943
2026-08-18 06:57:00,604.12,604.24,604.06,604.24,447.088
2026-08-18 07:00:00,604.24,604.27,604.21,604.21,105.867
2026-08-18 07:03:00,604.22,604.22,604.06,604.06,67.59
2026-08-18 07:06:00,604.07,604.07,603.93,603.96,65.684
2026-08-18 07:09:00,603.97,604.02,603.97,604.02,61.331
2026-08-18 07:12:00,604.02,604.02,604.0,604.0,100.336
2026-08-18 07:15:00,604.01,604.01,603.87,604.01,92.221
2026-08-18 07:18:00,604.0,604.0,603.82,603.84,89.536
2026-08-18 07:21:00,603.84,603.88,603.83,603.85,73.402
2026-08-18 07:24:00,603.85,603.86,603.83,603.84,94.602
2026-08-18 07:27:00,603.84,603.86,603.7,603.7,102.377
2026-08-18 07:30:00,603.69,603.76,603.63,603.76,103.75
2026-08-18 07:33:00,603.75,603.78,603.48,603.61,694.453
2026-08-18 07:36:00,603.61,603.88,603.6,603.88,65.671
2026-08-18 07:39:00,603.88,603.88,603.7,603.74,92.378
2026-08-18 07:42:00,603.75,603.75,603.54,603.55,68.4
2026-08-18 07:45:00,603.55,603.55,603.4,603.44,75.717
2026-08-18 07:48:00,603.44,603.44,603.21,603.21,196.464
2026-08-18 07:51:00,603.21,603.33,603.16,603.29,81.87
2026-08-18 07:54:00,603.29,603.32,603.29,603.31,126.782
2026-08-18 07:57:00,603.31,603.61,603.02,603.33,767.973
2026-08-18 08:00:00,603.34,603.34,603.0,603.0,326.253
2026-08-18 08:03:00,603.0,603.01,602.47,602.55,334.403
2026-08-18 08:06:00,602.54,602.54,602.02,602.26,353.333
2026-08-18 08:09:00,602.25,602.37,602.18,602.18,122.896
2026-08-18 08:12:00,602.17,602.54,602.1,602.53,203.809
2026-08-18 08:15:00,602.54,603.06,602.53,602.76,126.795
2026-08-18 08:18:00,602.76,603.05,602.75,602.81,116.969
2026-08-18 08:21:00,602.81,602.81,602.55,602.56,167.001
2026-08-18 08:24:00,602.56,602.99,602.55,602.91,230.669
2026-08-18 08:27:00,602.91,603.08,602.82,602.83,297.332
2026-08-18 08:30:00,602.82,603.06,602.74,603.06,122.37
2026-08-18 08:33:00,603.05,603.07,602.74,603.07,356.279
2026-08-18 08:36:00,603.06,603.21,603.04,603.19,119.469
2026-08-18 08:39:00,603.19,603.21,603.11,603.11,133.308
2026-08-18 08:42:00,603.11,603.12,602.94,602.97,72.477
2026-08-18 08:45:00,602.98,602.99,602.91,602.93,83.706
2026-08-18 08:48:00,602.93,602.94,602.79,602.9,157.009
2026-08-18 08:51:00,602.91,603.08,602.85,602.85,125.51
2026-08-18 08:54:00,602.85,602.94,602.8,602.81,134.705
2026-08-18 08:57:00,602.81,602.9,602.75,602.75,139.92
2026-08-18 09:00:00,602.76,602.76,602.58,602.74,171.634
2026-08-18 09:03:00,602.75,602.84,602.7,602.83,260.671
2026-08-18 09:06:00,602.83,602.89,602.74,602.85,136.688
2026-08-18 09:09:00,602.85,602.85,602.71,602.72,165.595
2026-08-18 09:12:00,602.71,602.8,602.71,602.74,151.416
2026-08-18 09:15:00,602.73,602.74,602.47,602.47,101.092
2026-08-18 09:18:00,602.48,602.48,602.23,602.36,195.007
2026-08-18 09:21:00,602.37,602.37,602.16,602.17,297.028
2026-08-18 09:24:00,602.16,602.17,602.01,602.11,258.057
2026-08-18 09:27:00,602.1,602.11,601.64,601.65,491.603
2026-08-18 09:30:00,601.64,601.64,601.41,601.41,207.829
2026-08-18 09:33:00,601.41,601.56,601.1,601.46,959.139
2026-08-18 09:36:00,601.46,601.46,601.07,601.14,246.464
2026-08-18 09:39:00,601.14,601.32,601.14,601.29,178.288
2026-08-18 09:42:00,601.29,601.42,601.29,601.42,177.923
2026-08-18 09:45:00,601.41,601.46,601.39,601.46,176.973
2026-08-18 09:48:00,601.45,601.56,601.22,601.22,325.659
2026-08-18 09:51:00,601.22,601.23,601.03,601.23,280.185
2026-08-18 09:54:00,601.23,601.28,601.22,601.25,163.529
2026-08-18 09:57:00,601.26,601.29,601.19,601.19,170.569
2026-08-18 10:00:00,601.19,601.19,601.07,601.11,254.258
2026-08-18 10:03:00,601.1,601.48,601.1,601.11,268.884
2026-08-18 10:06:00,601.11,601.11,601.09,601.09,107.895
2026-08-18 10:09:00,601.1,601.13,601.0,601.01,126.29
2026-08-18 10:12:00,601.01,601.27,601.0,601.25,156.805
2026-08-18 10:15:00,601.26,601.26,601.15,601.16,172.421
2026-08-18 10:18:00,601.16,601.26,601.13,601.17,269.404
2026-08-18 10:21:00,601.17,601.21,601.05,601.2,148.776
2026-08-18 10:24:00,601.21,601.21,601.1,601.11,117.02
2026-08-18 10:27:00,601.1,601.34,601.1,601.12,474.832
2026-08-18 10:30:00,601.13,601.32,601.12,601.24,347.066
2026-08-18 10:33:00,601.24,601.24,601.18,601.19,170.03
2026-08-18 10:36:00,601.18,601.29,601.18,601.28,139.074
2026-08-18 10:39:00,601.28,601.29,601.1,601.21,225.531
2026-08-18 10:42:00,601.2,601.54,601.16,601.44,282.896
2026-08-18 10:45:00,601.44,601.56,601.34,601.36,1058.274
2026-08-18 10:48:00,601.36,601.55,601.18,601.54,824.104
2026-08-18 10:51:00,601.55,601.55,601.4,601.44,155.764
2026-08-18 10:54:00,601.45,601.55,601.45,601.47,242.582
2026-08-18 10:57:00,601.47,601.48,601.17,601.17,317.684
2026-08-18 11:00:00,601.17,601.41,601.09,601.4,187.749
2026-08-18 11:03:00,601.41,601.73,601.38,601.39,689.078
2026-08-18 11:06:00,601.38,601.39,601.34,601.35,164.47
2026-08-18 11:09:00,601.34,601.69,601.33,601.69,226.278
2026-08-18 11:12:00,601.68,601.95,601.64,601.81,408.967
2026-08-18 11:15:00,601.82,602.25,601.81,602.05,288.968
2026-08-18 11:18:00,602.05,602.18,602.05,602.14,199.408
2026-08-18 11:21:00,602.14,602.4,602.14,602.29,173.856
2026-08-18 11:24:00,602.3,602.36,602.18,602.22,245.971
2026-08-18 11:27:00,602.22,602.29,602.14,602.15,151.116
2026-08-18 11:30:00,602.14,602.14,601.9,601.99,169.969
2026-08-18 11:33:00,601.99,602.09,601.95,602.01,249.653
2026-08-18 11:36:00,602.0,602.7,601.99,602.6,156.396
2026-08-18 11:39:00,602.59,602.76,602.45,602.46,90.247
2026-08-18 11:42:00,602.45,602.46,602.33,602.34,98.635
2026-08-18 11:45:00,602.34,602.34,602.27,602.28,161.227
2026-08-18 11:48:00,602.27,602.28,602.13,602.14,163.852
2026-08-18 11:51:00,602.14,602.19,602.13,602.19,95.213
2026-08-18 11:54:00,602.18,602.19,602.13,602.15,146.89
2026-08-18 11:57:00,602.14,602.15,602.12,602.12,113.235
2026-08-18 12:00:00,602.13,602.13,602.04,602.04,137.573
2026-08-18 12:03:00,602.04,602.05,601.9,602.02,199.842
2026-08-18 12:06:00,602.03,602.07,601.81,601.82,110.409
2026-08-18 12:09:00,601.82,601.82,601.6,601.6,111.684
2026-08-18 12:12:00,601.61,601.61,601.42,601.42,151.151
2026-08-18 12:15:00,601.43,601.43,601.32,601.33,129.055
2026-08-18 12:18:00,601.32,601.46,601.22,601.45,213.699
2026-08-18 12:21:00,601.45,601.73,601.45,601.57,176.882
2026-08-18 12:24:00,601.57,601.6,601.54,601.59,106.876
2026-08-18 12:27:00,601.6,601.6,601.53,601.54,120.301
2026-08-18 12:30:00,601.53,601.62,601.53,601.55,138.846
2026-08-18 12:33:00,601.54,601.59,601.48,601.58,190.593
2026-08-18 12:36:00,601.59,601.61,601.39,601.42,268.857
2026-08-18 12:39:00,601.42,601.42,601.32,601.4,151.769
2026-08-18 12:42:00,601.39,601.4,601.33,601.33,71.806
2026-08-18 12:45:00,601.33,601.37,601.31,601.32,118.405
2026-08-18 12:48:00,601.33,601.38,601.32,601.38,79.325
2026-08-18 12:51:00,601.38,601.41,601.32,601.33,163.59
2026-08-18 12:54:00,601.33,601.33,601.22,601.23,159.258
2026-08-18 12:57:00,601.22,601.23,601.22,601.22,112.315
2026-08-18 13:00:00,601.23,601.23,600.53,600.87,657.335
2026-08-18 13:03:00,600.86,600.89,600.85,600.86,167.864
2026-08-18 13:06:00,600.86,600.87,600.59,600.59,154.342
2026-08-18 13:09:00,600.6,600.67,600.58,600.67,246.494
2026-08-18 13:12:00,600.67,600.67,600.6,600.65,228.865
2026-08-18 13:15:00,600.65,600.89,600.52,600.52,205.838
2026-08-18 13:18:00,600.52,600.53,600.46,600.46,180.95
2026-08-18 13:21:00,600.46,600.47,600.02,600.19,514.283
2026-08-18 13:24:00,600.19,600.25,600.0,600.08,444.296
2026-08-18 13:27:00,600.08,600.42,600.08,600.19,256.482
2026-08-18 13:30:00,600.18,600.84,600.18,600.28,330.904
2026-08-18 13:33:00,600.27,600.35,600.0,600.04,730.624
2026-08-18 13:36:00,600.05,600.9,600.04,600.9,226.123
2026-08-18 13:39:00,600.91,601.12,600.8,600.89,401.882
2026-08-18 13:42:00,600.89,600.97,600.76,600.8,227.381
2026-08-18 13:45:00,600.8,600.81,600.67,600.76,123.121
2026-08-18 13:48:00,600.77,600.9,600.52,600.75,363.888
2026-08-18 13:51:00,600.74,600.75,600.13,600.13,133.535
2026-08-18 13:54:00,600.12,600.13,600.0,600.08,300.312
2026-08-18 13:57:00,600.08,600.37,600.08,600.3,145.866
2026-08-18 14:00:00,600.3,600.96,600.29,600.96,486.16
2026-08-18 14:03:00,600.96,601.41,600.94,601.3,210.833
2026-08-18 14:06:00,601.31,601.58,601.15,601.33,380.452
2026-08-18 14:09:00,601.34,601.34,600.86,600.87,432.594
2026-08-18 14:12:00,600.86,601.08,600.8,601.08,187.901
2026-08-18 14:15:00,601.09,601.41,601.09,601.2,171.942
2026-08-18 14:18:00,601.21,602.5,601.2,602.24,253.209
2026-08-18 14:21:00,602.25,603.13,601.99,602.91,378.293
2026-08-18 14:24:00,602.91,603.58,602.91,603.52,626.676
2026-08-18 14:27:00,603.51,603.97,603.24,603.69,397.134
2026-08-18 14:30:00,603.69,604.24,602.75,603.71,1552.185
2026-08-18 14:33:00,603.7,604.12,603.57,603.57,253.939
2026-08-18 14:36:00,603.57,603.67,602.98,602.98,196.787
2026-08-18 14:39:00,602.98,603.44,602.69,603.44,193.997
2026-08-18 14:42:00,603.45,603.45,602.81,602.81,214.524
2026-08-18 14:45:00,602.81,603.04,602.75,602.75,415.939
2026-08-18 14:48:00,602.75,603.36,602.67,603.3,162.15
2026-08-18 14:51:00,603.3,603.3,602.16,602.42,613.315
2026-08-18 14:54:00,602.42,602.7,602.32,602.62,179.493
2026-08-18 14:57:00,602.62,602.98,602.6,602.71,261.231
2026-08-18 15:00:00,602.71,603.24,602.71,603.03,374.532
2026-08-18 15:03:00,603.03,603.59,602.98,603.5,202.945
2026-08-18 15:06:00,603.49,603.49,603.05,603.12,214.837
2026-08-18 15:09:00,603.11,603.44,602.7,603.44,160.858
2026-08-18 15:12:00,603.44,603.44,603.14,603.36,150.002
2026-08-18 15:15:00,603.37,603.62,603.29,603.56,227.333
2026-08-18 15:18:00,603.55,603.56,603.25,603.39,167.283
2026-08-18 15:21:00,603.38,603.43,603.22,603.22,193.721
2026-08-18 15:24:00,603.23,603.62,603.12,603.62,215.104
2026-08-18 15:27:00,603.62,603.87,603.55,603.6,207.776
2026-08-18 15:30:00,603.59,603.99,603.59,603.63,197.974
2026-08-18 15:33:00,603.64,604.0,603.61,603.83,212.477
2026-08-18 15:36:00,603.83,603.92,603.51,603.73,142.79
2026-08-18 15:39:00,603.74,603.74,603.42,603.51,126.339
2026-08-18 15:42:00,603.52,603.6,603.23,603.23,404.886
2026-08-18 15:45:00,603.23,603.8,603.08,603.79,173.23
2026-08-18 15:48:00,603.8,603.8,603.04,603.17,213.591
2026-08-18 15:51:00,603.18,603.48,603.18,603.46,124.668
2026-08-18 15:54:00,603.47,603.48,603.36,603.37,122.965
2026-08-18 15:57:00,603.37,603.46,603.22,603.45,120.529
2026-08-18 16:00:00,603.46,603.57,603.44,603.44,103.934
2026-08-18 16:03:00,603.45,603.66,603.45,603.61,160.603
2026-08-18 16:06:00,603.62,603.69,603.29,603.3,105.506
2026-08-18 16:09:00,603.29,603.45,603.13,603.41,207.289
2026-08-18 16:12:00,603.42,603.5,603.39,603.4,54.47
2026-08-18 16:15:00,603.4,603.4,603.19,603.19,84.336
2026-08-18 16:18:00,603.2,603.44,603.19,603.34,117.289
2026-08-18 16:21:00,603.34,603.54,603.33,603.53,182.833
2026-08-18 16:24:00,603.53,603.54,603.34,603.42,101.938
2026-08-18 16:27:00,603.43,603.43,603.19,603.2,74.444
2026-08-18 16:30:00,603.2,603.48,603.17,603.21,94.072
2026-08-18 16:33:00,603.22,603.54,603.21,603.52,103.44
2026-08-18 16:36:00,603.52,603.92,603.48,603.91,65.924
2026-08-18 16:39:00,603.92,604.11,603.89,603.98,147.925
2026-08-18 16:42:00,603.99,604.08,603.91,603.91,105.569
2026-08-18 16:45:00,603.91,604.14,603.83,604.13,96.934
2026-08-18 16:48:00,604.13,604.48,604.03,604.04,147.377
2026-08-18 16:51:00,604.03,604.04,603.89,603.99,110.525
2026-08-18 16:54:00,603.98,604.11,603.95,604.1,70.765
2026-08-18 16:57:00,604.11,604.11,603.87,603.91,135.72
2026-08-18 17:00:00,603.92,603.96,603.42,603.46,102.073
2026-08-18 17:03:00,603.46,603.46,603.33,603.34,77.374
2026-08-18 17:06:00,603.34,603.35,603.01,603.01,105.155
2026-08-18 17:09:00,603.02,603.04,603.0,603.0,49.114
2026-08-18 17:12:00,603.0,603.22,603.0,603.21,85.655
2026-08-18 17:15:00,603.22,603.22,602.87,603.0,231.974
2026-08-18 17:18:00,603.0,603.01,602.9,602.91,40.311
2026-08-18 17:21:00,602.91,603.02,602.91,602.98,49.758
2026-08-18 17:24:00,602.99,602.99,602.88,602.88,53.249
2026-08-18 17:27:00,602.89,602.92,602.84,602.92,44.605
2026-08-18 17:30:00,602.92,602.95,602.78,602.89,175.808
2026-08-18 17:33:00,602.89,602.89,602.7,602.77,301.209
2026-08-18 17:36:00,602.78,602.9,602.77,602.9,266.607
2026-08-18 17:39:00,602.9,603.15,602.88,602.89,167.691
2026-08-18 17:42:00,602.89,603.08,602.88,602.96,135.338
2026-08-18 17:45:00,602.96,602.97,602.81,602.81,57.371
2026-08-18 17:48:00,602.82,602.82,602.77,602.77,100.089
2026-08-18 17:51:00,602.78,602.88,602.77,602.83,115.318
2026-08-18 17:54:00,602.83,602.83,602.79,602.79,51.759
2026-08-18 17:57:00,602.8,602.87,602.7,602.78,94.346
2026-08-18 18:00:00,602.79,602.86,602.7,602.86,104.788
2026-08-18 18:03:00,602.87,603.1,602.85,602.86,199.137
2026-08-18 18:06:00,602.86,603.11,602.84,603.07,261.797
2026-08-18 18:09:00,603.08,603.16,603.01,603.09,90.322
2026-08-18 18:12:00,603.1,603.28,603.06,603.28,42.288
2026-08-18 18:15:00,603.29,603.42,603.27,603.42,87.545
2026-08-18 18:18:00,603.42,603.76,603.42,603.61,133.38
2026-08-18 18:21:00,603.61,603.62,603.37,603.37,99.199
2026-08-18 18:24:00,603.37,603.9,603.37,603.89,171.619
2026-08-18 18:27:00,603.9,604.0,603.85,603.86,71.13
2026-08-18 18:30:00,603.86,603.95,603.7,603.7,55.744
2026-08-18 18:33:00,603.7,603.7,603.58,603.58,80.436
2026-08-18 18:36:00,603.58,603.73,603.57,603.59,79.651
2026-08-18 18:39:00,603.58,603.59,603.58,603.58,42.258
2026-08-18 18:42:00,603.58,603.58,603.4,603.41,70.215
2026-08-18 18:45:00,603.4,603.52,603.33,603.52,51.313
2026-08-18 18:48:00,603.51,603.52,603.36,603.37,56.96
2026-08-18 18:51:00,603.37,603.46,603.36,603.46,43.212
2026-08-18 18:54:00,603.45,603.46,603.29,603.3,40.247
2026-08-18 18:57:00,603.29,603.3,603.29,603.29,53.097
2026-08-18 19:00:00,603.3,603.39,603.29,603.39,51.651
2026-08-18 19:03:00,603.39,603.45,603.39,603.42,49.232
2026-08-18 19:06:00,603.42,603.43,603.4,603.4,43.305
2026-08-18 19:09:00,603.4,603.55,603.4,603.47,96.477
2026-08-18 19:12:00,603.47,603.51,603.03,603.22,162.915
2026-08-18 19:15:00,603.23,603.23,603.02,603.03,55.153
2026-08-18 19:18:00,603.03,603.06,602.94,603.06,52.908
2026-08-18 19:21:00,603.06,603.62,603.03,603.51,104.746
2026-08-18 19:24:00,603.51,603.71,603.5,603.7,43.465
2026-08-18 19:27:00,603.7,603.83,603.7,603.7,108.212
2026-08-18 19:30:00,603.7,603.77,603.63,603.63,69.883
2026-08-18 19:33:00,603.62,603.62,603.55,603.56,61.909
2026-08-18 19:36:00,603.56,603.56,603.5,603.5,47.358
2026-08-18 19:39:00,603.5,603.51,603.21,603.21,301.543
2026-08-18 19:42:00,603.21,603.22,603.05,603.06,66.148
2026-08-18 19:45:00,603.06,603.18,603.05,603.15,73.352
2026-08-18 19:48:00,603.15,603.16,603.03,603.04,114.044
2026-08-18 19:51:00,603.03,603.04,603.03,603.04,42.09
2026-08-18 19:54:00,603.04,603.1,603.01,603.09,86.789
2026-08-18 19:57:00,603.1,603.14,602.95,603.0,169.404
2026-08-18 20:00:00,603.0,603.12,603.0,603.03,99.071
2026-08-18 20:03:00,603.03,603.04,602.76,602.77,81.075
2026-08-18 20:06:00,602.77,602.86,602.76,602.85,49.478
2026-08-18 20:09:00,602.85,603.0,602.85,602.9,63.87
2026-08-18 20:12:00,602.91,602.97,602.87,602.97,42.311
2026-08-18 20:15:00,602.97,602.97,602.86,602.89,60.789
2026-08-18 20:18:00,602.9,602.9,602.74,602.74,45.092
2026-08-18 20:21:00,602.75,602.78,602.7,602.78,65.681
2026-08-18 20:24:00,602.77,602.79,602.77,602.78,50.105
2026-08-18 20:27:00,602.78,602.79,602.71,602.72,53.119
2026-08-18 20:30:00,602.72,602.72,602.7,602.7,40.051
2026-08-18 20:33:00,602.71,602.99,602.7,602.85,96.373
2026-08-18 20:36:00,602.84,602.85,602.84,602.84,24.545
2026-08-18 20:39:00,602.85,602.85,602.75,602.76,37.481
2026-08-18 20:42:00,602.76,602.76,602.7,602.7,38.641
2026-08-18 20:45:00,602.71,603.04,602.69,602.94,249.901
2026-08-18 20:48:00,602.94,602.94,602.83,602.9,72.853
2026-08-18 20:51:00,602.9,603.03,602.86,603.03,82.442
2026-08-18 20:54:00,603.03,603.03,603.02,603.02,26.167
2026-08-18 20:57:00,603.02,603.03,602.91,602.91,41.021
2026-08-18 21:00:00,602.92,603.01,602.91,603.0,37.801
2026-08-18 21:03:00,603.01,603.01,602.98,602.98,32.434
2026-08-18 21:06:00,602.99,602.99,602.94,602.95,25.702
2026-08-18 21:09:00,602.95,602.95,602.94,602.94,64.355
2026-08-18 21:12:00,602.95,603.09,602.95,603.06,235.359
2026-08-18 21:15:00,603.06,603.07,603.02,603.03,35.888
2026-08-18 21:18:00,603.03,603.03,603.0,603.01,33.955
2026-08-18 21:21:00,603.01,603.11,603.0,603.11,46.191
2026-08-18 21:24:00,603.1,603.11,603.1,603.11,39.055
2026-08-18 21:27:00,603.1,603.1,602.88,602.88,56.955
2026-08-18 21:30:00,602.89,602.89,602.82,602.83,39.372
2026-08-18 21:33:00,602.83,602.83,602.82,602.82,51.579
2026-08-18 21:36:00,602.83,602.83,602.68,602.69,36.815
2026-08-18 21:39:00,602.69,602.69,602.6,602.66,74.286
2026-08-18 21:42:00,602.65,602.73,602.55,602.63,83.301
2026-08-18 21:45:00,602.62,602.63,602.6,602.6,34.917
2026-08-18 21:48:00,602.61,602.61,602.57,602.6,34.19
2026-08-18 21:51:00,602.61,602.61,602.55,602.55,46.696
2026-08-18 21:54:00,602.56,602.56,602.23,602.4,528.073
2026-08-18 21:57:00,602.4,602.54,602.4,602.53,42.812
2026-08-18 22:00:00,602.54,602.54,602.53,602.54,26.765
2026-08-18 22:03:00,602.53,602.54,602.53,602.54,41.633
2026-08-18 22:06:00,602.54,602.54,602.53,602.54,47.828
2026-08-18 22:09:00,602.54,603.02,602.53,603.02,110.178
2026-08-18 22:12:00,603.03,603.36,603.02,603.12,109.971
2026-08-18 22:15:00,603.12,603.13,602.94,602.98,76.225
2026-08-18 22:18:00,602.99,603.19,602.98,603.17,80.305
2026-08-18 22:21:00,603.17,603.17,602.95,602.96,48.336
2026-08-18 22:24:00,602.95,602.95,602.73,602.81,116.03
2026-08-18 22:27:00,602.82,602.82,602.73,602.74,81.403
2026-08-18 22:30:00,602.74,602.83,602.7,602.83,64.798
2026-08-18 22:33:00,602.83,602.99,602.82,602.99,66.507
2026-08-18 22:36:00,602.99,603.07,602.86,602.97,374.765
2026-08-18 22:39:00,602.98,603.51,602.98,603.24,352.073
2026-08-18 22:42:00,603.25,603.35,603.21,603.34,63.487
2026-08-18 22:45:00,603.35,603.35,603.25,603.26,36.048
2026-08-18 22:48:00,603.25,603.26,603.25,603.25,44.718
2026-08-18 22:51:00,603.26,603.26,603.23,603.23,33.474
2026-08-18 22:54:00,603.23,603.31,603.19,603.3,60.369
2026-08-18 22:57:00,603.31,603.31,603.19,603.2,71.764
2026-08-18 23:00:00,603.2,603.25,603.12,603.24,50.9
2026-08-18 23:03:00,603.24,603.67,603.24,603.66,81.244
2026-08-18 23:06:00,603.66,603.66,603.3,603.3,38.707
2026-08-18 23:09:00,603.3,603.65,603.3,603.57,60.962
2026-08-18 23:12:00,603.56,603.65,603.55,603.56,87.003
2026-08-18 23:15:00,603.56,603.56,603.44,603.51,100.313
2026-08-18 23:18:00,603.5,603.51,603.5,603.5,44.155
2026-08-18 23:21:00,603.51,603.79,603.48,603.79,43.847
2026-08-18 23:24:00,603.8,603.83,603.8,603.8,119.451
2026-08-18 23:27:00,603.81,603.81,603.64,603.65,108.78
2026-08-18 23:30:00,603.65,603.71,603.64,603.71,49.316
2026-08-18 23:33:00,603.71,604.16,603.71,604.15,85.53
2026-08-18 23:36:00,604.16,604.17,604.12,604.13,60.383
2026-08-18 23:39:00,604.13,604.13,603.94,603.99,44.815
2026-08-18 23:42:00,603.99,604.16,603.98,604.14,86.027
2026-08-18 23:45:00,604.13,604.19,603.96,603.96,164.431
2026-08-18 23:48:00,603.96,604.2,603.95,604.13,126.832
2026-08-18 23:51:00,604.13,604.17,604.05,604.14,80.269
2026-08-18 23:54:00,604.14,604.14,603.88,603.94,95.03
2026-08-18 23:57:00,603.95,603.95,603.91,603.94,45.258
2026-08-19 00:00:00,603.95,604.08,603.29,603.3,718.085
2026-08-19 00:03:00,603.29,603.29,603.02,603.02,140.488
2026-08-19 00:06:00,603.02,603.36,603.01,603.36,137.505
2026-08-19 00:09:00,603.35,603.36,603.0,603.0,327.063
2026-08-19 00:12:00,603.0,603.15,602.95,603.04,229.336
2026-08-19 00:15:00,603.04,603.16,602.94,603.14,155.541
2026-08-19 00:18:00,603.14,603.76,603.14,603.76,104.946
2026-08-19 00:21:00,603.76,604.07,603.72,604.06,60.582
2026-08-19 00:24:00,604.05,604.05,603.7,604.01,77.388
2026-08-19 00:27:00,604.02,604.3,603.92,604.3,102.688
2026-08-19 00:30:00,604.3,604.72,604.17,604.72,232.071
2026-08-19 00:33:00,604.72,604.82,604.09,604.09,160.74
2026-08-19 00:36:00,604.1,604.29,604.04,604.25,134.706
2026-08-19 00:39:00,604.26,604.45,604.18,604.21,91.117
2026-08-19 00:42:00,604.21,604.27,604.14,604.26,106.126
2026-08-19 00:45:00,604.26,604.27,604.12,604.18,178.981
2026-08-19 00:48:00,604.18,604.27,603.96,604.13,141.799
2026-08-19 00:51:00,604.13,604.19,604.05,604.14,210.404
2026-08-19 00:54:00,604.14,604.2,603.95,603.95,68.124
2026-08-19 00:57:00,603.96,604.02,603.91,603.93,214.468
2026-08-19 01:00:00,603.93,604.02,603.71,603.78,150.409
2026-08-19 01:03:00,603.78,604.07,603.74,604.01,62.93
2026-08-19 01:06:00,604.01,604.69,603.92,604.37,495.483
2026-08-19 01:09:00,604.38,604.53,604.37,604.37,70.416
2026-08-19 01:12:00,604.37,604.38,604.06,604.06,138.102
2026-08-19 01:15:00,604.06,604.07,603.86,603.86,49.067
2026-08-19 01:18:00,603.86,603.97,603.63,603.97,108.147
2026-08-19 01:21:00,603.97,604.1,603.75,603.75,61.666
2026-08-19 01:24:00,603.76,603.83,603.64,603.83,87.765
2026-08-19 01:27:00,603.82,604.16,603.82,603.86,96.088
2026-08-19 01:30:00,603.86,603.86,603.68,603.76,114.896
2026-08-19 01:33:00,603.77,603.96,603.76,603.86,128.491
2026-08-19 01:36:00,603.87,603.9,603.84,603.9,67.039
2026-08-19 01:39:00,603.9,603.9,603.84,603.85,63.673
2026-08-19 01:42:00,603.85,603.85,603.54,603.54,104.103
2026-08-19 01:45:00,603.55,603.55,603.47,603.47,61.88
2026-08-19 01:48:00,603.48,603.61,603.46,603.54,69.653
2026-08-19 01:51:00,603.55,603.6,603.54,603.55,58.843
2026-08-19 01:54:00,603.55,603.56,603.55,603.55,38.592
2026-08-19 01:57:00,603.56,603.56,603.5,603.51,46.757
2026-08-19 02:00:00,603.51,603.51,603.4,603.41,56.801
2026-08-19 02:03:00,603.41,603.41,603.11,603.12,72.121
2026-08-19 02:06:00,603.11,603.12,603.06,603.07,53.918
2026-08-19 02:09:00,603.06,603.38,603.06,603.09,92.425
2026-08-19 02:12:00,603.09,603.25,603.09,603.21,105.076
2026-08-19 02:15:00,603.2,603.36,602.93,602.93,80.113
2026-08-19 02:18:00,602.94,603.13,602.83,603.01,244.927
2026-08-19 02:21:00,603.0,603.18,603.0,603.12,41.91
2026-08-19 02:24:00,603.13,603.19,603.0,603.02,92.196
2026-08-19 02:27:00,603.02,603.02,602.87,602.87,147.442
2026-08-19 02:30:00,602.87,602.92,602.79,602.8,58.356
2026-08-19 02:33:00,602.79,602.8,602.64,602.65,49.723
2026-08-19 02:36:00,602.64,602.72,602.54,602.55,103.735
2026-08-19 02:39:00,602.54,602.55,602.54,602.55,67.128
2026-08-19 02:42:00,602.55,602.55,602.43,602.44,180.493
2026-08-19 02:45:00,602.43,602.56,602.4,602.4,212.815
2026-08-19 02:48:00,602.4,602.41,601.82,601.82,609.923
2026-08-19 02:51:00,601.82,601.83,601.7,601.74,152.616
2026-08-19 02:54:00,601.74,601.83,601.42,601.73,319.641
2026-08-19 02:57:00,601.73,601.98,601.7,601.97,121.91
2026-08-19 03:00:00,601.98,602.1,601.91,602.09,95.189
2026-08-19 03:03:00,602.1,602.1,601.95,601.95,105.312
2026-08-19 03:06:00,601.95,601.96,601.7,601.7,111.936
2026-08-19 03:09:00,601.71,601.9,601.7,601.9,118.121
2026-08-19 03:12:00,601.9,602.3,601.89,602.29,124.06
2026-08-19 03:15:00,602.29,602.6,602.2,602.31,107.555
2026-08-19 03:18:00,602.32,602.64,602.32,602.64,117.785
2026-08-19 03:21:00,602.64,602.69,602.28,602.28,94.005
2026-08-19 03:24:00,602.28,602.34,602.28,602.31,79.978
2026-08-19 03:27:00,602.32,602.38,602.31,602.38,56.431
2026-08-19 03:30:00,602.37,602.38,602.31,602.31,71.67
2026-08-19 03:33:00,602.32,602.32,602.06,602.07,130.797
2026-08-19 03:36:00,602.06,602.06,601.85,601.85,88.219
2026-08-19 03:39:00,601.86,601.87,601.71,601.71,135.875
2026-08-19 03:42:00,601.72,602.1,601.71,601.94,160.377
2026-08-19 03:45:00,601.94,602.09,601.88,602.09,97.045
2026-08-19 03:48:00,602.09,602.27,601.99,602.26,86.472
2026-08-19 03:51:00,602.27,602.27,602.04,602.05,95.133
2026-08-19 03:54:00,602.05,602.05,601.93,601.93,68.272
2026-08-19 03:57:00,601.94,601.97,601.92,601.97,104.124
2026-08-19 04:00:00,601.97,601.97,601.9,601.91,143.054
2026-08-19 04:03:00,601.9,601.91,601.82,601.82,96.679
2026-08-19 04:06:00,601.83,601.92,601.76,601.91,348.674
2026-08-19 04:09:00,601.91,602.28,601.91,602.28,131.538
2026-08-19 04:12:00,602.29,602.35,602.22,602.22,151.188
2026-08-19 04:15:00,602.22,602.25,602.07,602.13,120.28
2026-08-19 04:18:00,602.13,602.34,602.07,602.33,101.191
2026-08-19 04:21:00,602.33,602.58,602.33,602.41,88.513
2026-08-19 04:24:00,602.41,602.59,602.41,602.53,108.417
2026-08-19 04:27:00,602.53,602.53,602.38,602.39,140.261
2026-08-19 04:30:00,602.39,602.39,602.11,602.11,107.129
2026-08-19 04:33:00,602.1,602.31,601.98,602.31,165.166
2026-08-19 04:36:00,602.31,602.31,601.98,601.98,92.38
2026-08-19 04:39:00,601.99,601.99,601.86,601.87,76.845
2026-08-19 04:42:00,601.86,602.02,601.86,602.01,171.965
2026-08-19 04:45:00,602.02,602.11,601.92,601.92,111.376
2026-08-19 04:48:00,601.92,601.93,601.7,601.71,112.33
2026-08-19 04:51:00,601.7,601.82,601.7,601.76,112.132
2026-08-19 04:54:00,601.76,601.76,601.7,601.7,77.625
2026-08-19 04:57:00,601.7,601.92,601.7,601.9,116.092
2026-08-19 05:00:00,601.9,601.92,601.84,601.91,127.351
2026-08-19 05:03:00,601.91,601.92,601.79,601.92,170.975
2026-08-19 05:06:00,601.91,601.92,601.8,601.9,97.961
2026-08-19 05:09:00,601.9,601.99,601.84,601.99,114.148
2026-08-19 05:12:00,601.99,602.05,601.98,601.99,105.683
2026-08-19 05:15:00,602.0,602.0,601.77,601.77,69.661
2026-08-19 05:18:00,601.78,601.78,601.49,601.49,124.778
2026-08-19 05:21:00,601.49,601.58,601.42,601.53,120.692
2026-08-19 05:24:00,601.52,601.59,601.52,601.58,75.002
2026-08-19 05:27:00,601.59,601.99,601.58,601.97,110.933
2026-08-19 05:30:00,601.98,602.03,601.79,601.81,227.109
2026-08-19 05:33:00,601.8,601.81,601.8,601.81,105.24
2026-08-19 05:36:00,601.81,601.81,601.77,601.77,96.914
2026-08-19 05:39:00,601.77,601.77,601.73,601.74,80.988
2026-08-19 05:42:00,601.74,601.74,601.68,601.68,69.738
2026-08-19 05:45:00,601.69,601.69,601.57,601.58,68.441
2026-08-19 05:48:00,601.58,601.58,601.55,601.55,79.092
2026-08-19 05:51:00,601.56,601.61,601.46,601.46,121.775
2026-08-19 05:54:00,601.47,601.47,601.39,601.39,100.294
2026-08-19 05:57:00,601.39,601.47,601.39,601.46,248.524
2026-08-19 06:00:00,601.47,601.57,601.39,601.4,404.337
2026-08-19 06:03:00,601.39,601.45,601.39,601.44,225.894
2026-08-19 06:06:00,601.44,601.44,601.39,601.4,198.546
2026-08-19 06:09:00,601.39,601.48,601.39,601.39,343.554
2026-08-19 06:12:00,601.4,601.4,601.39,601.4,90.701
2026-08-19 06:15:00,601.4,601.81,601.39,601.66,140.813
2026-08-19 06:18:00,601.66,601.71,601.62,601.71,85.594
2026-08-19 06:21:00,601.71,601.76,601.6,601.72,100.088
2026-08-19 06:24:00,601.73,601.77,601.64,601.64,123.052
2026-08-19 06:27:00,601.65,601.65,601.54,601.54,96.87
2026-08-19 06:30:00,601.55,601.56,601.53,601.56,80.323
2026-08-19 06:33:00,601.56,601.75,601.55,601.75,202.851
2026-08-19 06:36:00,601.75,601.85,601.74,601.84,104.294
2026-08-19 06:39:00,601.85,601.9,601.68,601.69,118.444
2026-08-19 06:42:00,601.68,601.77,601.64,601.77,89.035
2026-08-19 06:45:00,601.76,601.89,601.76,601.89,122.462
2026-08-19 06:48:00,601.9,602.2,601.89,601.89,144.209
2026-08-19 06:51:00,601.9,601.9,601.78,601.83,175.911
2026-08-19 06:54:00,601.83,602.25,601.82,602.23,111.107
2026-08-19 06:57:00,602.23,602.42,602.12,602.41,112.072
2026-08-19 07:00:00,602.42,602.6,602.24,602.24,182.696
2026-08-19 07:03:00,602.25,602.25,601.98,601.98,120.338
2026-08-19 07:06:00,601.99,601.99,601.93,601.98,113.279
2026-08-19 07:09:00,601.97,602.39,601.97,602.37,152.898
2026-08-19 07:12:00,602.38,602.51,602.38,602.5,161.004
2026-08-19 07:15:00,602.51,602.51,601.96,601.96,101.191
2026-08-19 07:18:00,601.97,602.16,601.96,602.14,161.532
2026-08-19 07:21:00,602.15,602.23,602.14,602.18,105.336
2026-08-19 07:24:00,602.19,602.24,602.07,602.24,92.327
2026-08-19 07:27:00,602.24,602.28,602.23,602.25,132.947
2026-08-19 07:30:00,602.26,602.26,602.18,602.19,185.833
2026-08-19 07:33:00,602.18,602.32,602.18,602.31,116.344
2026-08-19 07:36:00,602.3,602.44,602.3,602.43,94.458
2026-08-19 07:39:00,602.43,602.45,602.43,602.44,117.631
2026-08-19 07:42:00,602.44,602.44,602.24,602.35,218.343
2026-08-19 07:45:00,602.36,602.46,602.35,602.45,96.682
2026-08-19 07:48:00,602.46,602.46,602.13,602.13,202.013
2026-08-19 07:51:00,602.14,602.14,601.94,601.95,190.652
2026-08-19 07:54:00,601.94,602.0,601.94,602.0,193.118
2026-08-19 07:57:00,602.0,602.0,601.8,601.8,119.883
2026-08-19 08:00:00,601.81,601.9,601.73,601.73,141.177
2026-08-19 08:03:00,601.74,602.14,601.68,602.13,162.44
2026-08-19 08:06:00,602.14,602.23,602.05,602.06,155.67
2026-08-19 08:09:00,602.06,602.13,601.98,602.12,208.58
2026-08-19 08:12:00,602.13,602.13,601.99,602.0,166.291
2026-08-19 08:15:00,602.0,602.14,601.99,602.13,315.764
2026-08-19 08:18:00,602.14,602.4,602.13,602.4,117.421
2026-08-19 08:21:00,602.4,602.4,602.23,602.23,119.558
2026-08-19 08:24:00,602.23,602.24,602.14,602.15,90.737
2026-08-19 08:27:00,602.15,602.34,602.14,602.33,136.592
2026-08-19 08:30:00,602.34,602.58,602.3,602.51,127.534
2026-08-19 08:33:00,602.51,602.52,602.43,602.43,99.483
2026-08-19 08:36:00,602.44,603.33,602.4,603.33,244.606
2026-08-19 08:39:00,603.32,603.49,602.89,602.9,322.152
2026-08-19 08:42:00,602.91,603.25,602.9,603.11,188.919
2026-08-19 08:45:00,603.11,603.3,603.11,603.29,202.832
2026-08-19 08:48:00,603.3,603.35,602.91,603.01,185.478
2026-08-19 08:51:00,603.0,603.0,602.87,602.87,124.904
2026-08-19 08:54:00,602.86,602.88,602.76,602.83,117.516
2026-08-19 08:57:00,602.83,602.84,602.65,602.78,248.067
2026-08-19 09:00:00,602.78,602.93,602.78,602.93,131.354
2026-08-19 09:03:00,602.92,603.04,602.91,602.91,104.25
2026-08-19 09:06:00,602.92,602.92,602.71,602.71,107.972
2026-08-19 09:09:00,602.72,602.94,602.65,602.93,134.313
2026-08-19 09:12:00,602.93,602.94,602.82,602.82,160.786
2026-08-19 09:15:00,602.83,602.83,602.67,602.8,172.154
2026-08-19 09:18:00,602.8,602.86,602.79,602.85,165.747
2026-08-19 09:21:00,602.85,602.86,602.8,602.81,110.531
2026-08-19 09:24:00,602.81,602.81,602.68,602.68,110.879
2026-08-19 09:27:00,602.68,602.71,602.63,602.7,193.387
2026-08-19 09:30:00,602.71,602.74,602.65,602.66,162.586
2026-08-19 09:33:00,602.65,602.77,602.65,602.77,139.121
2026-08-19 09:36:00,602.77,602.77,602.63,602.63,132.551
2026-08-19 09:39:00,602.63,602.74,602.63,602.74,135.371
2026-08-19 09:42:00,602.73,602.74,602.64,602.64,147.523
2026-08-19 09:45:00,602.65,602.68,602.64,602.64,141.349
2026-08-19 09:48:00,602.65,602.65,602.55,602.56,110.729
2026-08-19 09:51:00,602.55,602.57,602.53,602.57,135.291
2026-08-19 09:54:00,602.56,602.57,602.54,602.55,100.122
2026-08-19 09:57:00,602.55,602.59,602.47,602.47,159.819
2026-08-19 10:00:00,602.48,602.48,602.33,602.45,118.527
2026-08-19 10:03:00,602.46,602.56,602.45,602.55,86.335
2026-08-19 10:06:00,602.55,602.65,602.54,602.65,87.953
2026-08-19 10:09:00,602.64,602.71,602.64,602.7,88.939
2026-08-19 10:12:00,602.7,602.74,602.64,602.64,81.043
2026-08-19 10:15:00,602.65,602.68,602.54,602.67,100.375
2026-08-19 10:18:00,602.67,602.68,602.63,602.63,96.253
2026-08-19 10:21:00,602.63,602.7,602.57,602.61,98.128
2026-08-19 10:24:00,602.61,602.61,602.35,602.36,71.528
2026-08-19 10:27:00,602.36,602.36,602.16,602.23,248.339
2026-08-19 10:30:00,602.23,602.24,602.07,602.15,115.112
2026-08-19 10:33:00,602.16,602.21,602.15,602.2,63.345
2026-08-19 10:36:00,602.2,602.21,602.2,602.2,83.392
2026-08-19 10:39:00,602.2,602.21,602.15,602.15,79.729
2026-08-19 10:42:00,602.16,602.19,602.01,602.19,389.563
2026-08-19 10:45:00,602.19,602.47,602.18,602.46,95.031
2026-08-19 10:48:00,602.47,602.53,602.46,602.52,97.933
2026-08-19 10:51:00,602.53,602.53,602.46,602.46,89.123
2026-08-19 10:54:00,602.46,602.51,602.4,602.5,226.477
2026-08-19 10:57:00,602.51,602.77,602.5,602.77,123.572
2026-08-19 11:00:00,602.77,602.79,602.63,602.64,206.771
2026-08-19 11:03:00,602.64,603.08,602.41,603.07,237.155
2026-08-19 11:06:00,603.08,603.27,602.7,602.7,615.172
2026-08-19 11:09:00,602.71,602.78,602.55,602.56,279.482
2026-08-19 11:12:00,602.56,602.85,602.46,602.65,253.013
2026-08-19 11:15:00,602.66,602.66,602.41,602.52,265.04
2026-08-19 11:18:00,602.51,602.55,602.43,602.52,186.186
2026-08-19 11:21:00,602.52,602.75,602.51,602.68,215.838
2026-08-19 11:24:00,602.69,602.97,602.68,602.96,437.301
2026-08-19 11:27:00,602.97,603.01,602.9,602.91,121.921
2026-08-19 11:30:00,602.91,603.24,602.9,603.24,172.771
2026-08-19 11:33:00,603.23,603.5,603.23,603.49,137.045
2026-08-19 11:36:00,603.49,603.5,602.96,603.17,242.332
2026-08-19 11:39:00,603.17,603.18,603.06,603.08,147.971
2026-08-19 11:42:00,603.07,603.08,602.74,602.74,98.41
2026-08-19 11:45:00,602.75,602.84,602.71,602.76,119.486
2026-08-19 11:48:00,602.76,602.77,602.68,602.73,124.438
2026-08-19 11:51:00,602.72,602.83,602.72,602.72,97.78
2026-08-19 11:54:00,602.72,602.73,602.69,602.72,67.244
2026-08-19 11:57:00,602.72,602.81,602.71,602.8,82.478
2026-08-19 12:00:00,602.81,602.94,602.8,602.94,112.623
2026-08-19 12:03:00,602.94,602.94,602.91,602.92,52.966
2026-08-19 12:06:00,602.91,602.92,602.89,602.89,81.679
2026-08-19 12:09:00,602.89,602.9,602.81,602.82,75.572
2026-08-19 12:12:00,602.81,603.03,602.81,603.03,88.42
2026-08-19 12:15:00,603.02,603.03,603.01,603.01,132.619
2026-08-19 12:18:00,603.01,603.26,603.01,603.26,88.136
2026-08-19 12:21:00,603.26,603.28,603.2,603.2,116.324
2026-08-19 12:24:00,603.21,603.21,603.08,603.12,154.142
2026-08-19 12:27:00,603.11,603.24,603.11,603.12,126.149
2026-08-19 12:30:00,603.13,603.28,603.11,603.23,96.875
2026-08-19 12:33:00,603.24,604.04,603.23,603.84,330.378
2026-08-19 12:36:00,603.85,604.25,603.81,604.06,418.807
2026-08-19 12:39:00,604.07,604.17,603.82,604.17,175.451
2026-08-19 12:42:00,604.17,604.68,604.17,604.68,286.08
2026-08-19 12:45:00,604.68,604.95,604.53,604.85,392.969
2026-08-19 12:48:00,604.84,605.36,604.62,604.8,995.881
2026-08-19 12:51:00,604.8,604.8,604.46,604.62,281.965
2026-08-19 12:54:00,604.62,604.63,604.41,604.56,224.995
2026-08-19 12:57:00,604.56,604.56,604.2,604.28,402.238
2026-08-19 13:00:00,604.28,604.33,604.03,604.03,256.256
2026-08-19 13:03:00,604.04,604.13,604.01,604.13,196.877
2026-08-19 13:06:00,604.13,604.5,604.13,604.5,232.104
2026-08-19 13:09:00,604.51,604.57,604.45,604.57,1088.936
2026-08-19 13:12:00,604.57,604.57,604.21,604.21,307.697
2026-08-19 13:15:00,604.21,604.36,604.15,604.3,292.534
2026-08-19 13:18:00,604.3,604.32,604.08,604.2,231.086
2026-08-19 13:21:00,604.21,604.57,604.2,604.55,265.302
2026-08-19 13:24:00,604.56,605.0,604.56,604.91,312.711
2026-08-19 13:27:00,604.92,605.31,604.88,605.21,303.817
2026-08-19 13:30:00,605.21,605.85,605.1,605.42,685.739
2026-08-19 13:33:00,605.42,605.42,605.03,605.38,227.728
2026-08-19 13:36:00,605.38,605.38,604.45,604.78,669.245
2026-08-19 13:39:00,604.79,604.93,604.68,604.71,523.735
2026-08-19 13:42:00,604.71,605.59,604.61,605.51,546.161
2026-08-19 13:45:00,605.5,605.5,604.91,605.38,419.297
2026-08-19 13:48:00,605.38,605.45,604.55,604.73,840.432
2026-08-19 13:51:00,604.72,604.73,604.01,604.53,393.705
2026-08-19 13:54:00,604.53,604.6,604.19,604.41,341.399
2026-08-19 13:57:00,604.42,604.56,604.23,604.29,258.562
2026-08-19 14:00:00,604.3,604.43,604.01,604.31,317.881
2026-08-19 14:03:00,604.31,605.26,604.31,605.14,358.127
2026-08-19 14:06:00,605.14,605.59,605.13,605.45,315.216
2026-08-19 14:09:00,605.45,605.78,605.44,605.56,368.16
2026-08-19 14:12:00,605.55,605.55,605.19,605.32,254.818
2026-08-19 14:15:00,605.33,605.86,605.3,605.67,158.764
2026-08-19 14:18:00,605.67,606.05,605.55,605.85,500.603
2026-08-19 14:21:00,605.85,605.85,605.19,605.65,344.936
2026-08-19 14:24:00,605.66,605.73,605.58,605.63,290.478
2026-08-19 14:27:00,605.63,605.96,605.62,605.82,219.379
2026-08-19 14:30:00,605.82,605.91,605.63,605.86,294.63
2026-08-19 14:33:00,605.86,605.99,605.61,605.78,406.708
2026-08-19 14:36:00,605.78,606.72,605.78,606.58,933.963
2026-08-19 14:39:00,606.59,607.0,606.49,607.0,562.344
2026-08-19 14:42:00,606.99,607.27,606.76,606.98,559.311
2026-08-19 14:45:00,606.98,607.19,606.81,606.85,540.765
2026-08-19 14:48:00,606.85,607.31,606.67,607.24,351.909
2026-08-19 14:51:00,607.25,607.78,607.24,607.76,539.184
2026-08-19 14:54:00,607.76,609.43,607.75,608.67,1987.331
2026-08-19 14:57:00,608.66,609.19,608.46,608.76,1184.125
2026-08-19 15:00:00,608.76,609.9,608.73,609.82,871.717
2026-08-19 15:03:00,609.82,611.44,609.58,611.34,3322.161
2026-08-19 15:06:00,611.35,612.25,611.03,611.78,2726.014
2026-08-19 15:09:00,611.78,612.15,611.77,611.97,1571.067
2026-08-19 15:12:00,611.96,612.83,611.78,612.56,2525.465
2026-08-19 15:15:00,612.57,613.11,612.01,612.04,983.936
2026-08-19 15:18:00,612.04,612.24,611.3,612.07,1142.534
2026-08-19 15:21:00,612.07,613.74,612.07,613.31,1554.949
2026-08-19 15:24:00,613.31,616.0,613.31,615.87,4233.088
2026-08-19 15:27:00,615.88,619.87,615.7,618.29,11359.693
2026-08-19 15:30:00,618.3,618.84,616.55,617.52,3340.377
2026-08-19 15:33:00,617.52,619.1,617.38,618.1,1996.354
2026-08-19 15:36:00,618.11,619.92,617.62,619.04,3875.164
2026-08-19 15:39:00,619.05,620.0,619.05,619.76,2049.007
2026-08-19 15:42:00,619.77,620.18,619.4,619.87,2612.621
2026-08-19 15:45:00,619.88,619.9,617.3,617.8,1943.042
2026-08-19 15:48:00,617.79,618.24,617.23,618.24,1646.446
2026-08-19 15:51:00,618.23,618.31,616.56,616.56,945.334
2026-08-19 15:54:00,616.56,616.99,615.53,616.35,1301.265
2026-08-19 15:57:00,616.36,616.7,615.91,616.65,1035.163
2026-08-19 16:00:00,616.66,618.56,616.65,618.35,1482.619
2026-08-19 16:03:00,618.33,619.47,617.87,619.04,1664.022
2026-08-19 16:06:00,619.05,619.18,618.69,618.92,909.595
2026-08-19 16:09:00,618.92,618.92,617.37,617.67,699.137
2026-08-19 16:12:00,617.67,617.68,616.35,617.11,1135.19
2026-08-19 16:15:00,617.1,618.33,617.07,618.2,884.015
2026-08-19 16:18:00,618.2,618.22,617.75,618.06,544.259
2026-08-19 16:21:00,618.07,619.23,618.0,619.23,2383.947
2026-08-19 16:24:00,619.24,620.17,619.24,620.12,2093.456
2026-08-19 16:27:00,620.13,620.17,619.8,619.96,716.134
2026-08-19 16:30:00,619.96,620.16,619.33,619.93,521.65
2026-08-19 16:33:00,619.93,620.01,619.0,619.95,549.101
2026-08-19 16:36:00,619.95,620.3,619.75,620.18,921.266
2026-08-19 16:39:00,620.18,620.27,618.69,619.31,1049.714
2026-08-19 16:42:00,619.32,619.97,618.94,619.04,601.26
2026-08-19 16:45:00,619.03,619.09,618.49,618.49,709.225
2026-08-19 16:48:00,618.5,619.48,618.42,619.48,858.386
2026-08-19 16:51:00,619.47,619.9,619.17,619.55,458.144
2026-08-19 16:54:00,619.56,619.84,619.32,619.49,652.898
2026-08-19 16:57:00,619.5,619.5,618.42,618.74,374.286
2026-08-19 17:00:00,618.75,619.18,617.4,617.54,490.747
2026-08-19 17:03:00,617.54,618.4,617.28,618.26,566.165
2026-08-19 17:06:00,618.27,618.37,617.08,617.13,637.396
2026-08-19 17:09:00,617.14,617.84,617.13,617.37,454.119
2026-08-19 17:12:00,617.37,617.82,616.75,616.96,464.785
2026-08-19 17:15:00,616.97,617.26,616.56,616.63,616.39
2026-08-19 17:18:00,616.62,616.69,615.82,616.28,626.609
2026-08-19 17:21:00,616.27,616.82,616.18,616.32,368.508
2026-08-19 17:24:00,616.32,616.32,615.69,615.85,380.005
2026-08-19 17:27:00,615.84,615.98,615.55,615.72,718.41
2026-08-19 17:30:00,615.72,615.87,614.47,614.52,1348.405
2026-08-19 17:33:00,614.51,615.27,614.47,615.27,466.301
2026-08-19 17:36:00,615.26,615.52,615.22,615.51,350.493
2026-08-19 17:39:00,615.52,615.6,615.19,615.48,368.562
2026-08-19 17:42:00,615.48,615.93,615.48,615.84,199.835
2026-08-19 17:45:00,615.84,616.77,615.81,616.75,335.25
2026-08-19 17:48:00,616.76,617.4,616.76,617.4,347.186
2026-08-19 17:51:00,617.39,617.72,617.2,617.54,357.365
2026-08-19 17:54:00,617.54,617.59,617.37,617.38,275.997
2026-08-19 17:57:00,617.38,617.58,617.2,617.22,303.018
2026-08-19 18:00:00,617.23,617.53,617.05,617.29,379.334
2026-08-19 18:03:00,617.29,617.4,617.05,617.11,433.762
2026-08-19 18:06:00,617.12,617.13,616.79,616.79,235.024
2026-08-19 18:09:00,616.79,616.8,616.1,616.34,261.392
2026-08-19 18:12:00,616.33,617.08,616.33,617.08,238.31
2026-08-19 18:15:00,617.08,617.36,616.89,617.08,259.301
2026-08-19 18:18:00,617.07,617.5,617.04,617.27,261.253
2026-08-19 18:21:00,617.27,617.31,616.66,616.66,258.733
2026-08-19 18:24:00,616.66,617.09,616.44,616.72,254.376
2026-08-19 18:27:00,616.72,617.0,616.5,616.89,250.31
2026-08-19 18:30:00,616.88,617.04,616.75,617.04,363.462
2026-08-19 18:33:00,617.04,617.04,616.86,617.0,259.74
2026-08-19 18:36:00,617.01,617.3,616.91,617.16,290.045
2026-08-19 18:39:00,617.16,617.64,617.04,617.46,202.74
2026-08-19 18:42:00,617.45,617.87,617.43,617.71,488.251
2026-08-19 18:45:00,617.7,617.88,617.31,617.36,244.173
2026-08-19 18:48:00,617.36,617.48,617.23,617.24,157.198
2026-08-19 18:51:00,617.23,617.3,616.9,617.16,324.027
2026-08-19 18:54:00,617.16,617.3,616.79,617.0,237.795
2026-08-19 18:57:00,617.0,617.18,616.95,617.18,165.349
2026-08-19 19:00:00,617.18,617.18,616.95,616.97,171.275
2026-08-19 19:03:00,616.96,617.2,616.92,617.14,187.563
2026-08-19 19:06:00,617.15,617.39,617.0,617.09,153.99
2026-08-19 19:09:00,617.08,617.35,616.83,617.24,266.143
2026-08-19 19:12:00,617.24,617.85,616.15,616.17,555.232
2026-08-19 19:15:00,616.16,616.69,616.1,616.62,189.295
2026-08-19 19:18:00,616.63,617.36,616.63,617.19,222.272
2026-08-19 19:21:00,617.19,617.42,616.68,617.1,355.829
2026-08-19 19:24:00,617.09,617.3,616.75,616.75,176.782
2026-08-19 19:27:00,616.76,617.25,614.76,615.04,5383.231
2026-08-19 19:30:00,615.04,615.27,614.63,615.14,970.571
2026-08-19 19:33:00,615.15,615.28,614.68,614.68,557.521
2026-08-19 19:36:00,614.69,614.79,613.92,614.75,3146.753
2026-08-19 19:39:00,614.75,615.41,614.51,615.4,301.366
2026-08-19 19:42:00,615.41,615.47,615.24,615.45,285.812
2026-08-19 19:45:00,615.45,615.55,615.27,615.36,371.83
2026-08-19 19:48:00,615.36,615.66,615.32,615.65,203.232
2026-08-19 19:51:00,615.65,615.94,615.61,615.88,168.822
2026-08-19 19:54:00,615.88,616.5,615.88,616.44,202.467
2026-08-19 19:57:00,616.43,616.59,616.42,616.58,143.735
2026-08-19 20:00:00,616.59,616.96,616.59,616.76,203.722
2026-08-19 20:03:00,616.77,617.03,616.24,616.81,187.244
2026-08-19 20:06:00,616.81,617.63,616.81,617.41,533.84
2026-08-19 20:09:00,617.41,617.67,617.23,617.4,276.057
2026-08-19 20:12:00,617.39,617.67,617.34,617.39,165.225
2026-08-19 20:15:00,617.39,617.47,617.21,617.21,114.194
2026-08-19 20:18:00,617.21,617.81,617.04,617.65,207.912
2026-08-19 20:21:00,617.64,618.0,617.64,617.99,162.477
2026-08-19 20:24:00,617.99,618.43,617.99,618.28,368.815
2026-08-19 20:27:00,618.28,618.64,617.99,618.31,259.385
2026-08-19 20:30:00,618.31,618.45,617.99,618.09,187.547
2026-08-19 20:33:00,618.1,618.48,618.09,618.32,186.324
2026-08-19 20:36:00,618.33,618.47,618.11,618.39,233.004
2026-08-19 20:39:00,618.4,618.8,618.4,618.54,183.615
2026-08-19 20:42:00,618.54,618.68,618.46,618.66,392.133
2026-08-19 20:45:00,618.65,618.66,618.31,618.31,180.3
2026-08-19 20:48:00,618.32,621.87,618.31,621.71,2996.297
2026-08-19 20:51:00,621.72,624.27,621.72,623.78,4550.753
2026-08-19 20:54:00,623.79,624.44,622.94,624.43,701.36
2026-08-19 20:57:00,624.44,624.62,623.61,624.06,1045.033
2026-08-19 21:00:00,624.07,624.71,623.32,623.94,963.844
2026-08-19 21:03:00,623.94,626.4,623.76,626.34,2163.896
2026-08-19 21:06:00,626.34,629.88,626.32,628.55,4714.033
2026-08-19 21:09:00,628.56,629.78,626.77,628.51,2284.998
2026-08-19 21:12:00,628.52,628.53,626.64,627.91,1109.285
2026-08-19 21:15:00,627.92,628.98,627.27,627.29,1191.591
2026-08-19 21:18:00,627.29,629.28,627.15,628.81,967.787
2026-08-19 21:21:00,628.82,630.0,628.82,629.61,1933.603
2026-08-19 21:24:00,629.62,629.78,628.79,629.53,774.963
2026-08-19 21:27:00,629.53,630.7,629.26,629.73,2534.229
2026-08-19 21:30:00,629.73,630.9,629.56,630.36,1376.492
2026-08-19 21:33:00,630.36,631.86,630.3,631.73,872.555
2026-08-19 21:36:00,631.72,631.73,630.3,630.33,1079.407
2026-08-19 21:39:00,630.34,633.0,630.3,633.0,2280.655
2026-08-19 21:42:00,633.0,634.5,633.0,634.5,1051.582
2026-08-19 21:45:00,634.49,636.0,634.49,634.96,1727.724
2026-08-19 21:48:00,634.96,634.96,633.43,634.47,721.015
2026-08-19 21:51:00,634.48,635.79,634.42,635.67,1210.371
2026-08-19 21:54:00,635.68,636.59,635.44,635.57,1635.973
2026-08-19 21:57:00,635.56,635.63,633.29,634.64,706.259
2026-08-19 22:00:00,634.65,635.4,632.64,633.31,859.312
2026-08-19 22:03:00,633.31,633.43,631.86,632.78,665.8
2026-08-19 22:06:00,632.79,633.95,632.55,633.58,992.037
2026-08-19 22:09:00,633.59,633.71,632.18,632.84,538.618
2026-08-19 22:12:00,632.84,632.85,631.46,631.46,1408.2
2026-08-19 22:15:00,631.46,632.56,631.4,632.56,513.415
2026-08-19 22:18:00,632.56,632.96,632.18,632.3,222.784
2026-08-19 22:21:00,632.3,632.75,631.67,631.89,801.589
2026-08-19 22:24:00,631.89,631.99,630.83,631.22,803.334
2026-08-19 22:27:00,631.22,631.8,629.92,630.31,1962.141
2026-08-19 22:30:00,630.3,630.3,628.66,628.9,1457.317
2026-08-19 22:33:00,628.89,628.89,627.6,628.21,1113.266
2026-08-19 22:36:00,628.22,630.0,627.7,629.58,1141.849
2026-08-19 22:39:00,629.59,631.25,629.59,630.7,656.598
2026-08-19 22:42:00,630.7,630.9,630.01,630.01,337.602
2026-08-19 22:45:00,630.0,630.01,629.04,629.05,284.656
2026-08-19 22:48:00,629.05,629.4,628.25,629.4,554.857
2026-08-19 22:51:00,629.39,629.39,627.0,627.3,1274.088
2026-08-19 22:54:00,627.3,627.83,626.94,627.58,759.66
2026-08-19 22:57:00,627.58,628.25,627.49,628.01,396.246
2026-08-19 23:00:00,628.01,628.23,627.16,627.23,341.58
2026-08-19 23:03:00,627.23,627.89,626.66,627.63,325.169
2026-08-19 23:06:00,627.62,628.2,627.6,628.2,220.388
2026-08-19 23:09:00,628.2,629.14,627.81,628.77,1300.304
2026-08-19 23:12:00,628.77,628.95,627.71,627.72,384.748
2026-08-19 23:15:00,627.71,628.05,627.06,627.71,482.583
2026-08-19 23:18:00,627.72,627.91,627.11,627.11,268.631
2026-08-19 23:21:00,627.11,627.24,626.41,626.47,421.753
2026-08-19 23:24:00,626.47,626.86,626.23,626.86,541.396
2026-08-19 23:27:00,626.86,627.45,626.86,626.9,364.218
2026-08-19 23:30:00,626.9,627.01,626.07,626.38,333.563
2026-08-19 23:33:00,626.38,626.38,625.8,625.91,511.1
2026-08-19 23:36:00,625.91,626.74,625.91,626.66,317.973
2026-08-19 23:39:00,626.67,627.28,626.44,627.24,308.652
2026-08-19 23:42:00,627.24,628.0,627.15,627.44,518.259
2026-08-19 23:45:00,627.44,627.52,626.92,626.98,417.482
2026-08-19 23:48:00,626.98,627.17,626.19,626.42,693.097
2026-08-19 23:51:00,626.43,626.55,625.77,626.45,203.34
2026-08-19 23:54:00,626.44,626.75,626.2,626.71,229.058
2026-08-19 23:57:00,626.71,627.68,626.64,627.51,339.773
2026-08-20 00:00:00,627.51,628.49,626.8,628.49,1990.394
2026-08-20 00:03:00,628.49,629.75,628.18,628.94,1831.219
2026-08-20 00:06:00,628.95,628.97,628.0,628.16,498.686
2026-08-20 00:09:00,628.16,629.47,628.16,629.18,409.854
2026-08-20 00:12:00,629.19,629.24,627.61,628.27,659.713
2026-08-20 00:15:00,628.27,628.36,627.35,628.36,472.65
2026-08-20 00:18:00,628.37,628.73,627.65,628.33,619.849
2026-08-20 00:21:00,628.34,628.59,627.95,628.11,368.663
2026-08-20 00:24:00,628.1,628.78,627.61,628.69,339.293
2026-08-20 00:27:00,628.69,629.15,628.27,628.67,433.068
2026-08-20 00:30:00,628.68,628.8,627.98,628.33,465.553
2026-08-20 00:33:00,628.32,629.0,628.2,628.6,340.601
2026-08-20 00:36:00,628.6,629.0,628.49,628.86,481.77
2026-08-20 00:39:00,628.85,629.56,628.48,628.49,800.132
2026-08-20 00:42:00,628.49,629.55,628.48,629.3,371.732
2026-08-20 00:45:00,629.3,630.73,629.3,630.04,1684.366
2026-08-20 00:48:00,630.05,630.37,629.95,630.31,1106.273
2026-08-20 00:51:00,630.31,630.31,629.15,629.18,1623.203
2026-08-20 00:54:00,629.18,629.72,629.18,629.25,236.052
2026-08-20 00:57:00,629.25,629.34,628.57,628.9,708.761
2026-08-20 01:00:00,628.9,629.48,628.82,629.32,360.122
2026-08-20 01:03:00,629.31,629.44,627.98,627.98,318.873
2026-08-20 01:06:00,627.99,627.99,626.47,626.75,899.961
2026-08-20 01:09:00,626.76,626.92,626.12,626.7,466.32
2026-08-20 01:12:00,626.7,627.0,626.55,626.75,925.464
2026-08-20 01:15:00,626.76,627.0,624.98,625.26,858.451
2026-08-20 01:18:00,625.26,626.47,625.26,626.34,300.272
2026-08-20 01:21:00,626.34,626.35,625.09,625.39,929.088
2026-08-20 01:24:00,625.39,625.43,625.0,625.0,734.273
2026-08-20 01:27:00,625.0,625.09,624.42,624.51,432.947
2026-08-20 01:30:00,624.51,624.92,624.19,624.86,339.987
2026-08-20 01:33:00,624.86,626.1,624.86,626.04,740.538
2026-08-20 01:36:00,626.04,626.04,625.16,625.57,482.222
2026-08-20 01:39:00,625.57,625.91,625.57,625.9,232.91
2026-08-20 01:42:00,625.9,625.91,625.52,625.76,207.127
2026-08-20 01:45:00,625.76,626.43,625.59,626.37,275.687
2026-08-20 01:48:00,626.38,627.0,626.38,626.76,733.407
2026-08-20 01:51:00,626.76,626.84,625.9,625.9,446.037
2026-08-20 01:54:00,625.9,626.1,625.61,625.73,710.617
2026-08-20 01:57:00,625.74,625.8,625.7,625.75,178.062
2026-08-20 02:00:00,625.76,626.51,625.59,626.51,360.326
2026-08-20 02:03:00,626.52,626.7,626.25,626.29,292.789
2026-08-20 02:06:00,626.29,626.75,626.14,626.69,256.082
2026-08-20 02:09:00,626.69,626.74,625.83,626.44,216.982
2026-08-20 02:12:00,626.44,626.57,626.0,626.1,197.06
2026-08-20 02:15:00,626.11,626.15,625.56,625.92,312.487
2026-08-20 02:18:00,625.92,625.92,625.0,625.0,439.338
2026-08-20 02:21:00,625.01,625.52,624.97,625.52,286.078
2026-08-20 02:24:00,625.52,625.52,624.39,624.59,479.489
2026-08-20 02:27:00,624.6,624.92,624.59,624.68,230.518
2026-08-20 02:30:00,624.67,625.28,624.65,625.27,256.877
2026-08-20 02:33:00,625.27,625.96,625.04,625.12,314.138
2026-08-20 02:36:00,625.13,625.56,625.04,625.37,311.08
2026-08-20 02:39:00,625.37,625.44,624.83,625.32,400.468
2026-08-20 02:42:00,625.33,625.43,625.09,625.35,290.424
2026-08-20 02:45:00,625.36,625.61,625.14,625.39,290.099
2026-08-20 02:48:00,625.4,625.57,624.97,624.98,211.535
2026-08-20 02:51:00,624.98,625.32,624.7,624.81,265.112
2026-08-20 02:54:00,624.81,624.92,624.2,624.72,672.953
2026-08-20 02:57:00,624.71,624.79,624.33,624.33,357.819
2026-08-20 03:00:00,624.34,624.37,623.51,624.14,679.12
2026-08-20 03:03:00,624.15,624.6,623.67,624.57,546.315
2026-08-20 03:06:00,624.56,624.57,623.31,623.31,387.575
2026-08-20 03:09:00,623.31,623.98,622.48,622.73,894.889
2026-08-20 03:12:00,622.74,623.23,622.28,622.33,1023.205
2026-08-20 03:15:00,622.34,623.89,622.33,623.89,453.058
2026-08-20 03:18:00,623.89,625.39,623.82,625.02,648.437
2026-08-20 03:21:00,625.01,625.27,624.1,624.27,309.804
2026-08-20 03:24:00,624.27,624.27,623.41,623.45,791.897
2026-08-20 03:27:00,623.46,623.56,623.1,623.1,333.538
2026-08-20 03:30:00,623.11,623.84,623.05,623.75,246.499
2026-08-20 03:33:00,623.75,624.08,623.47,623.96,501.976
2026-08-20 03:36:00,623.97,624.65,623.86,624.38,302.451
2026-08-20 03:39:00,624.39,624.68,624.37,624.63,221.393
2026-08-20 03:42:00,624.63,625.54,624.56,625.14,620.18
2026-08-20 03:45:00,625.14,625.88,625.06,625.13,334.055
2026-08-20 03:48:00,625.13,625.4,625.06,625.07,302.242
2026-08-20 03:51:00,625.07,628.47,625.06,627.7,1821.059
2026-08-20 03:54:00,627.7,627.7,626.3,626.37,213.399
2026-08-20 03:57:00,626.38,626.6,626.31,626.37,192.194
2026-08-20 04:00:00,626.38,627.1,626.35,626.57,358.055
2026-08-20 04:03:00,626.57,627.08,626.47,626.83,285.798
2026-08-20 04:06:00,626.82,627.6,626.82,627.25,177.709
2026-08-20 04:09:00,627.25,627.54,627.16,627.17,199.078
2026-08-20 04:12:00,627.17,627.17,627.09,627.09,285.953
2026-08-20 04:15:00,627.1,627.14,626.87,627.14,413.211
2026-08-20 04:18:00,627.15,627.16,626.53,626.81,239.128
2026-08-20 04:21:00,626.81,626.82,626.14,626.2,262.842
2026-08-20 04:24:00,626.21,626.35,625.92,626.04,195.66
2026-08-20 04:27:00,626.04,626.06,625.63,625.73,180.348
2026-08-20 04:30:00,625.74,625.83,625.15,625.27,563.578
2026-08-20 04:33:00,625.26,625.27,625.0,625.01,179.109
2026-08-20 04:36:00,625.0,625.37,624.89,625.25,285.047
2026-08-20 04:39:00,625.25,626.0,625.02,625.99,220.709
2026-08-20 04:42:00,625.99,625.99,625.54,625.68,210.949
2026-08-20 04:45:00,625.69,626.09,625.69,626.08,190.666
2026-08-20 04:48:00,626.09,626.55,625.9,626.55,134.362
2026-08-20 04:51:00,626.56,627.5,626.56,626.97,432.209
2026-08-20 04:54:00,626.97,626.97,626.63,626.64,149.179
2026-08-20 04:57:00,626.64,626.88,626.52,626.8,205.036
2026-08-20 05:00:00,626.8,627.39,626.76,627.11,152.498
2026-08-20 05:03:00,627.12,627.5,626.84,627.49,285.802
2026-08-20 05:06:00,627.5,627.81,627.39,627.68,330.734
2026-08-20 05:09:00,627.68,627.74,627.35,627.38,196.512
2026-08-20 05:12:00,627.38,627.38,626.89,626.9,173.017
2026-08-20 05:15:00,626.91,627.31,626.9,627.05,432.279
2026-08-20 05:18:00,627.06,627.39,627.05,627.07,346.56
2026-08-20 05:21:00,627.07,627.51,627.04,627.5,250.264
2026-08-20 05:24:00,627.5,627.52,627.22,627.33,275.208
2026-08-20 05:27:00,627.34,627.53,626.9,626.9,181.893
2026-08-20 05:30:00,626.9,627.2,626.73,627.02,250.706
2026-08-20 05:33:00,627.02,627.33,626.48,627.33,614.584
2026-08-20 05:36:00,627.32,627.33,625.97,626.15,990.678
2026-08-20 05:39:00,626.16,626.18,625.95,626.05,235.327
2026-08-20 05:42:00,626.05,626.34,626.04,626.31,211.919
2026-08-20 05:45:00,626.32,626.32,625.62,625.65,196.663
2026-08-20 05:48:00,625.66,625.74,625.45,625.7,173.446
2026-08-20 05:51:00,625.71,625.79,624.51,624.7,726.666
2026-08-20 05:54:00,624.71,624.9,624.69,624.82,343.967
2026-08-20 05:57:00,624.81,625.22,624.75,625.0,222.95
2026-08-20 06:00:00,625.01,625.1,624.6,624.94,186.403
2026-08-20 06:03:00,624.94,625.16,624.54,625.16,317.35
2026-08-20 06:06:00,625.16,625.16,624.8,625.02,230.853
2026-08-20 06:09:00,625.03,625.17,624.51,625.16,203.005
2026-08-20 06:12:00,625.16,625.68,625.04,625.42,565.129
2026-08-20 06:15:00,625.41,625.68,625.0,625.67,170.764
2026-08-20 06:18:00,625.66,626.14,625.0,626.14,238.984
2026-08-20 06:21:00,626.14,626.88,626.14,626.82,456.532
2026-08-20 06:24:00,626.82,627.01,626.65,626.81,218.231
2026-08-20 06:27:00,626.81,626.81,626.24,626.57,305.817
2026-08-20 06:30:00,626.57,626.97,626.51,626.97,235.874
2026-08-20 06:33:00,626.97,627.62,626.67,627.25,718.353
2026-08-20 06:36:00,627.25,627.25,626.54,626.74,454.118
2026-08-20 06:39:00,626.75,627.87,626.67,627.51,806.043
2026-08-20 06:42:00,627.51,627.98,627.18,627.9,1107.879
2026-08-20 06:45:00,627.89,628.24,627.51,627.81,444.743
2026-08-20 06:48:00,627.8,629.02,627.8,628.5,446.209
2026-08-20 06:51:00,628.51,629.12,628.49,629.12,268.531
2026-08-20 06:54:00,629.12,629.8,629.12,629.72,425.185
2026-08-20 06:57:00,629.72,631.2,629.64,630.18,1204.449
2026-08-20 07:00:00,630.19,630.31,629.61,629.82,214.398
2026-08-20 07:03:00,629.81,630.19,629.03,629.94,419.039
2026-08-20 07:06:00,629.94,631.14,629.89,630.95,413.274
2026-08-20 07:09:00,630.96,632.71,630.31,631.33,1115.518
2026-08-20 07:12:00,631.33,631.79,630.81,630.82,278.718
2026-08-20 07:15:00,630.82,631.07,630.32,630.33,289.332
2026-08-20 07:18:00,630.32,630.67,629.8,629.95,473.375
2026-08-20 07:21:00,629.96,630.51,629.64,629.72,234.732
2026-08-20 07:24:00,629.72,630.21,629.39,630.0,217.921
2026-08-20 07:27:00,630.0,630.09,629.8,629.87,224.668
2026-08-20 07:30:00,629.87,629.87,628.2,628.66,414.444
2026-08-20 07:33:00,628.66,629.18,628.36,628.81,327.199
2026-08-20 07:36:00,628.8,628.8,628.15,628.17,180.613
2026-08-20 07:39:00,628.16,628.42,627.97,628.25,387.584
2026-08-20 07:42:00,628.25,628.74,628.19,628.46,156.96
2026-08-20 07:45:00,628.45,628.65,628.28,628.64,197.745
2026-08-20 07:48:00,628.65,629.43,628.64,628.84,406.406
2026-08-20 07:51:00,628.85,629.32,628.61,629.2,185.315
2026-08-20 07:54:00,629.19,630.39,629.19,630.13,460.318
2026-08-20 07:57:00,630.13,630.53,629.69,630.44,254.812
2026-08-20 08:00:00,630.45,631.56,630.35,631.35,436.688
2026-08-20 08:03:00,631.34,631.57,631.25,631.57,607.029
2026-08-20 08:06:00,631.56,633.55,631.56,633.55,975.195
2026-08-20 08:09:00,633.55,636.99,633.55,636.63,2252.247
2026-08-20 08:12:00,636.63,643.37,636.54,641.36,6799.655
2026-08-20 08:15:00,641.35,645.0,640.01,644.58,5003.191
2026-08-20 08:18:00,644.57,644.69,641.81,641.82,2318.214
2026-08-20 08:21:00,641.81,642.29,638.44,639.31,3186.155
2026-08-20 08:24:00,639.31,641.01,639.3,640.11,2189.943
2026-08-20 08:27:00,640.11,641.33,639.7,639.93,1713.245
2026-08-20 08:30:00,639.93,640.19,638.08,639.05,1754.207
2026-08-20 08:33:00,639.04,639.47,638.12,638.83,2755.555
2026-08-20 08:36:00,638.82,640.79,638.75,640.74,1168.163
2026-08-20 08:39:00,640.74,641.57,640.2,640.84,1218.504
2026-08-20 08:42:00,640.85,641.17,640.08,640.81,1249.01
2026-08-20 08:45:00,640.81,641.84,640.59,641.63,751.267
2026-08-20 08:48:00,641.62,642.1,641.16,641.76,1100.251
2026-08-20 08:51:00,641.75,642.0,641.55,642.0,1354.437
2026-08-20 08:54:00,642.0,642.39,641.26,641.31,1006.158
2026-08-20 08:57:00,641.31,641.49,640.21,640.66,1542.331
2026-08-20 09:00:00,640.66,641.69,640.47,641.31,1132.696
2026-08-20 09:03:00,641.32,642.41,641.17,642.4,768.101
2026-08-20 09:06:00,642.4,642.88,641.38,641.78,1160.018
2026-08-20 09:09:00,641.79,642.74,641.27,641.57,1471.995
2026-08-20 09:12:00,641.58,642.5,641.31,642.35,555.581
2026-08-20 09:15:00,642.35,642.91,641.5,642.81,1074.859
2026-08-20 09:18:00,642.8,643.76,642.63,643.3,902.216
2026-08-20 09:21:00,643.29,644.01,643.18,643.53,600.93
2026-08-20 09:24:00,643.53,645.0,643.12,644.27,1642.024
2026-08-20 09:27:00,644.28,644.92,642.82,643.54,2383.215
2026-08-20 09:30:00,643.54,643.99,642.15,643.42,677.505
2026-08-20 09:33:00,643.42,644.28,643.35,644.14,396.82
2026-08-20 09:36:00,644.15,644.54,643.4,643.47,618.408
2026-08-20 09:39:00,643.47,643.47,642.71,643.0,475.915
2026-08-20 09:42:00,643.0,643.56,642.28,643.05,624.28
2026-08-20 09:45:00,643.04,643.47,642.72,643.37,508.23
2026-08-20 09:48:00,643.36,643.61,642.92,643.16,973.171
2026-08-20 09:51:00,643.17,643.71,642.78,643.57,1939.463
2026-08-20 09:54:00,643.57,643.72,641.74,641.82,1574.255
2026-08-20 09:57:00,641.83,643.0,641.83,642.89,664.303
2026-08-20 10:00:00,642.9,643.41,642.01,643.02,827.187
2026-08-20 10:03:00,643.02,643.19,641.83,642.23,325.684
2026-08-20 10:06:00,642.22,642.75,642.14,642.61,659.427
2026-08-20 10:09:00,642.61,643.13,642.33,642.77,546.839
2026-08-20 10:12:00,642.77,644.14,642.67,643.9,1067.247
2026-08-20 10:15:00,643.91,645.09,643.91,644.8,909.462
2026-08-20 10:18:00,644.8,646.72,644.79,645.99,1375.742
2026-08-20 10:21:00,646.0,646.01,644.19,645.33,456.983
2026-08-20 10:24:00,645.32,645.32,644.15,644.2,726.633
2026-08-20 10:27:00,644.21,644.21,642.85,643.03,939.041
2026-08-20 10:30:00,643.04,643.17,642.2,642.51,1032.025
2026-08-20 10:33:00,642.51,643.29,642.43,642.55,791.573
2026-08-20 10:36:00,642.55,644.09,642.55,643.92,955.321
2026-08-20 10:39:00,643.93,643.98,643.38,643.7,1293.173
2026-08-20 10:42:00,643.71,644.38,643.69,644.19,858.075
2026-08-20 10:45:00,644.18,645.36,644.11,645.01,1485.329
2026-08-20 10:48:00,645.01,645.54,644.44,644.57,1024.929
2026-08-20 10:51:00,644.57,644.57,642.9,643.13,1007.516
2026-08-20 10:54:00,643.12,643.32,642.95,642.95,261.409
2026-08-20 10:57:00,642.96,644.0,642.95,644.0,355.777
2026-08-20 11:00:00,644.0,644.97,643.59,644.6,567.734
2026-08-20 11:03:00,644.61,644.65,644.0,644.43,454.214
2026-08-20 11:06:00,644.43,644.64,643.93,644.29,308.584
2026-08-20 11:09:00,644.29,644.65,643.05,643.35,623.462
2026-08-20 11:12:00,643.35,643.47,643.0,643.43,410.412
2026-08-20 11:15:00,643.43,643.5,642.57,642.58,346.568
2026-08-20 11:18:00,642.58,643.38,642.58,643.14,301.908
2026-08-20 11:21:00,643.15,643.37,642.8,643.03,513.064
2026-08-20 11:24:00,643.02,643.25,642.91,642.98,463.928
2026-08-20 11:27:00,642.98,643.09,642.61,642.82,360.569
2026-08-20 11:30:00,642.81,644.75,642.59,644.75,561.757
2026-08-20 11:33:00,644.76,645.69,644.45,645.37,622.744
2026-08-20 11:36:00,645.36,646.42,645.21,646.18,327.081
2026-08-20 11:39:00,646.17,647.05,646.14,646.86,872.833
2026-08-20 11:42:00,646.86,648.22,646.85,647.53,1355.88
2026-08-20 11:45:00,647.54,648.99,647.5,648.82,917.789
2026-08-20 11:48:00,648.82,649.0,647.96,648.81,736.778
2026-08-20 11:51:00,648.81,648.81,647.82,647.89,816.326
2026-08-20 11:54:00,647.88,647.89,645.74,645.9,1016.644
2026-08-20 11:57:00,645.9,646.37,645.66,645.83,647.941
2026-08-20 12:00:00,645.82,646.19,644.51,645.24,888.868
2026-08-20 12:03:00,645.23,645.56,643.64,643.83,853.155
2026-08-20 12:06:00,643.84,644.09,642.31,642.49,1270.361
2026-08-20 12:09:00,642.49,643.12,641.65,642.62,703.73
2026-08-20 12:12:00,642.63,643.2,642.52,642.52,1010.135
2026-08-20 12:15:00,642.52,642.88,641.8,641.8,475.336
2026-08-20 12:18:00,641.8,642.6,641.8,642.59,329.703
2026-08-20 12:21:00,642.59,642.67,641.78,642.43,470.792
2026-08-20 12:24:00,642.42,643.15,642.4,642.5,261.615
2026-08-20 12:27:00,642.51,642.66,642.03,642.07,356.484
2026-08-20 12:30:00,642.09,642.94,641.17,641.62,1003.432
2026-08-20 12:33:00,641.61,641.64,639.89,640.32,1241.57
2026-08-20 12:36:00,640.33,641.41,639.9,641.14,924.655
2026-08-20 12:39:00,641.14,642.0,641.06,641.85,286.878
2026-08-20 12:42:00,641.86,642.0,640.89,641.09,373.9
2026-08-20 12:45:00,641.09,641.42,640.56,640.6,551.776
2026-08-20 12:48:00,640.6,641.77,640.0,641.77,592.287
2026-08-20 12:51:00,641.77,642.6,641.77,642.5,404.731
2026-08-20 12:54:00,642.51,643.15,642.37,643.15,282.642
2026-08-20 12:57:00,643.15,643.26,642.85,643.22,201.432
2026-08-20 13:00:00,643.23,643.52,642.67,643.49,248.35
2026-08-20 13:03:00,643.48,644.2,643.33,644.19,489.897
2026-08-20 13:06:00,644.19,644.61,644.03,644.5,502.748
2026-08-20 13:09:00,644.51,644.94,643.5,643.59,510.513
2026-08-20 13:12:00,643.59,644.13,643.58,644.05,352.909
2026-08-20 13:15:00,644.04,644.04,643.09,643.1,735.473
2026-08-20 13:18:00,643.09,643.49,642.41,643.21,536.591
2026-08-20 13:21:00,643.21,643.21,642.47,642.72,622.964
2026-08-20 13:24:00,642.72,643.13,641.99,642.68,361.738
2026-08-20 13:27:00,642.68,643.0,642.51,642.51,190.51
2026-08-20 13:30:00,642.51,642.51,640.14,640.85,762.302
2026-08-20 13:33:00,640.85,641.09,639.63,640.78,1541.98
2026-08-20 13:36:00,640.79,641.11,638.21,639.1,1130.61
2026-08-20 13:39:00,639.09,640.51,638.96,640.15,636.65
2026-08-20 13:42:00,640.16,640.4,639.04,640.39,1697.438
2026-08-20 13:45:00,640.4,641.0,640.02,640.31,460.228
2026-08-20 13:48:00,640.31,641.35,639.71,640.82,564.166
2026-08-20 13:51:00,640.83,642.0,640.52,641.45,684.047
2026-08-20 13:54:00,641.45,642.23,641.44,641.94,318.749
2026-08-20 13:57:00,641.93,642.06,641.35,641.63,353.883
2026-08-20 14:00:00,641.63,642.03,641.2,641.36,458.895
2026-08-20 14:03:00,641.35,642.13,641.26,642.13,506.139
2026-08-20 14:06:00,642.12,644.51,642.08,643.18,2536.431
2026-08-20 14:09:00,643.19,644.78,643.19,644.71,879.127
2026-08-20 14:12:00,644.71,645.2,643.8,643.83,589.442
2026-08-20 14:15:00,643.84,644.07,642.23,642.29,613.961
2026-08-20 14:18:00,642.29,642.66,641.46,642.51,411.425
2026-08-20 14:21:00,642.51,642.57,641.84,642.33,222.506
2026-08-20 14:24:00,642.33,642.71,642.15,642.42,234.237
2026-08-20 14:27:00,642.42,642.57,641.23,641.75,377.121
2026-08-20 14:30:00,641.74,642.2,641.5,641.83,651.221
2026-08-20 14:33:00,641.82,642.22,641.5,642.21,585.912
2026-08-20 14:36:00,642.21,642.88,641.5,641.81,242.604
2026-08-20 14:39:00,641.82,642.0,641.2,641.79,508.102
2026-08-20 14:42:00,641.8,641.94,641.34,641.74,183.052
2026-08-20 14:45:00,641.74,641.8,640.52,640.8,474.648
2026-08-20 14:48:00,640.8,642.4,640.68,642.37,256.451
2026-08-20 14:51:00,642.37,643.0,642.24,642.85,150.855
2026-08-20 14:54:00,642.86,642.87,641.08,641.6,1660.254
2026-08-20 14:57:00,641.59,642.24,641.26,642.24,250.574
2026-08-20 15:00:00,642.24,644.27,642.14,644.04,672.07
2026-08-20 15:03:00,644.04,646.62,643.99,645.16,702.712
2026-08-20 15:06:00,645.16,646.09,644.8,644.95,456.917
2026-08-20 15:09:00,644.95,646.01,644.95,645.99,309.033
2026-08-20 15:12:00,645.99,647.05,645.97,646.83,613.171
2026-08-20 15:15:00,646.84,647.05,646.27,646.59,416.416
2026-08-20 15:18:00,646.6,647.89,646.0,647.35,657.263
2026-08-20 15:21:00,647.34,647.34,645.3,645.3,1172.859
2026-08-20 15:24:00,645.3,647.2,645.3,647.19,312.737
2026-08-20 15:27:00,647.2,648.37,647.2,648.19,1001.912
2026-08-20 15:30:00,648.2,650.43,648.06,649.47,2887.12
2026-08-20 15:33:00,649.47,649.47,647.3,647.48,856.774
2026-08-20 15:36:00,647.47,648.19,647.1,647.49,502.657
2026-08-20 15:39:00,647.49,648.29,647.49,647.94,267.347
2026-08-20 15:42:00,647.94,648.42,647.82,647.98,306.903
2026-08-20 15:45:00,647.97,649.07,647.5,649.07,667.09
2026-08-20 15:48:00,649.07,649.71,648.63,649.71,652.027
2026-08-20 15:51:00,649.7,652.0,649.58,651.91,1375.664
2026-08-20 15:54:00,651.91,652.53,651.27,651.65,1246.432
2026-08-20 15:57:00,651.66,652.63,651.65,652.56,924.578
2026-08-20 16:00:00,652.57,652.84,650.58,651.58,702.469
2026-08-20 16:03:00,651.58,651.81,650.69,651.39,776.366
2026-08-20 16:06:00,651.39,652.1,651.39,651.66,451.466
2026-08-20 16:09:00,651.67,652.29,651.67,652.0,244.224
2026-08-20 16:12:00,651.99,651.99,650.31,650.58,347.22
2026-08-20 16:15:00,650.59,651.1,645.92,648.38,5688.754
2026-08-20 16:18:00,648.38,648.73,647.82,648.41,636.812
2026-08-20 16:21:00,648.41,648.61,648.04,648.1,396.205
2026-08-20 16:24:00,648.1,648.62,648.09,648.47,229.857
2026-08-20 16:27:00,648.47,649.69,648.46,649.5,320.81
2026-08-20 16:30:00,649.5,649.5,648.61,648.66,403.792
2026-08-20 16:33:00,648.66,650.0,648.65,649.68,628.662
2026-08-20 16:36:00,649.67,651.18,649.47,650.99,293.055
2026-08-20 16:39:00,651.0,652.84,650.82,651.89,992.907
2026-08-20 16:42:00,651.9,653.91,651.82,653.17,1185.99
2026-08-20 16:45:00,653.16,653.75,652.44,653.28,315.981
2026-08-20 16:48:00,653.28,653.53,652.46,653.16,497.183
2026-08-20 16:51:00,653.15,653.2,652.49,652.95,303.591
2026-08-20 16:54:00,652.95,653.6,652.6,653.42,501.006
2026-08-20 16:57:00,653.43,654.21,653.21,653.85,559.404
2026-08-20 17:00:00,653.86,653.94,652.91,653.42,489.242
2026-08-20 17:03:00,653.42,653.79,652.84,653.3,410.663
2026-08-20 17:06:00,653.3,653.31,652.0,652.27,885.549
2026-08-20 17:09:00,652.26,652.65,651.53,652.21,648.025
2026-08-20 17:12:00,652.2,652.73,652.11,652.36,224.215
2026-08-20 17:15:00,652.37,652.76,651.94,652.76,204.721
2026-08-20 17:18:00,652.75,652.75,651.59,651.64,199.414
2026-08-20 17:21:00,651.63,652.75,651.59,651.91,328.537
2026-08-20 17:24:00,651.9,652.91,651.83,652.79,549.62
2026-08-20 17:27:00,652.78,653.22,652.4,652.84,230.118
2026-08-20 17:30:00,652.85,653.25,652.51,652.79,251.16
2026-08-20 17:33:00,652.78,652.91,652.4,652.53,231.826
2026-08-20 17:36:00,652.55,653.61,652.1,653.61,689.335
2026-08-20 17:39:00,653.6,654.07,653.21,653.35,207.852
2026-08-20 17:42:00,653.35,653.83,653.09,653.09,357.983
2026-08-20 17:45:00,653.09,653.38,652.83,653.38,318.282
2026-08-20 17:48:00,653.39,653.88,653.14,653.87,230.9
2026-08-20 17:51:00,653.88,654.59,653.4,653.64,377.439
2026-08-20 17:54:00,653.64,653.97,653.27,653.46,591.673
2026-08-20 17:57:00,653.45,653.98,653.18,653.27,366.997
2026-08-20 18:00:00,653.28,654.12,651.5,651.51,425.782
2026-08-20 18:03:00,651.51,652.19,651.0,651.07,265.248
2026-08-20 18:06:00,651.07,651.4,650.38,650.57,614.989
2026-08-20 18:09:00,650.56,651.05,650.0,650.28,484.723
2026-08-20 18:12:00,650.28,650.72,649.5,649.99,694.323
2026-08-20 18:15:00,649.98,650.17,648.84,649.5,346.039
2026-08-20 18:18:00,649.51,650.52,649.51,650.23,329.571
2026-08-20 18:21:00,650.23,650.77,650.19,650.42,198.039
2026-08-20 18:24:00,650.41,650.57,649.85,649.85,90.863
2026-08-20 18:27:00,649.85,649.87,649.5,649.59,227.876
2026-08-20 18:30:00,649.58,649.71,648.44,648.68,934.798
2026-08-20 18:33:00,648.68,648.68,647.02,647.52,393.997
2026-08-20 18:36:00,647.52,648.21,647.52,647.74,205.305
2026-08-20 18:39:00,647.74,647.75,647.27,647.68,140.378
2026-08-20 18:42:00,647.68,648.85,647.29,648.78,248.214
2026-08-20 18:45:00,648.79,648.9,648.24,648.82,129.577
2026-08-20 18:48:00,648.83,649.0,648.66,648.86,107.609
2026-08-20 18:51:00,648.86,649.47,648.86,648.88,120.888
2026-08-20 18:54:00,648.87,648.87,648.29,648.33,138.825
2026-08-20 18:57:00,648.33,648.33,647.49,647.49,251.516
2026-08-20 19:00:00,647.49,647.75,646.94,647.38,428.994
2026-08-20 19:03:00,647.38,648.52,647.26,648.51,104.732
2026-08-20 19:06:00,648.52,649.31,648.45,648.48,103.592
2026-08-20 19:09:00,648.5,649.22,648.44,649.09,116.657
2026-08-20 19:12:00,649.1,649.1,647.91,648.7,255.286
2026-08-20 19:15:00,648.7,649.28,648.52,648.89,181.154
2026-08-20 19:18:00,648.89,649.2,648.8,649.05,44.36
2026-08-20 19:21:00,649.05,649.75,648.88,649.73,97.093
2026-08-20 19:24:00,649.74,650.0,649.65,649.92,83.248
2026-08-20 19:27:00,649.92,649.92,649.33,649.46,93.421
2026-08-20 19:30:00,649.45,649.8,649.33,649.38,71.47
2026-08-20 19:33:00,649.38,649.64,648.76,649.42,96.211
2026-08-20 19:36:00,649.43,649.95,649.43,649.76,46.9
2026-08-20 19:39:00,649.76,650.56,649.76,650.31,133.241
2026-08-20 19:42:00,650.31,650.7,650.26,650.45,221.602
2026-08-20 19:45:00,650.45,650.93,649.73,650.19,256.849
2026-08-20 19:48:00,650.19,650.36,649.89,650.23,79.584
2026-08-20 19:51:00,650.23,650.74,650.0,650.61,100.216
2026-08-20 19:54:00,650.62,650.62,650.21,650.42,162.52
2026-08-20 19:57:00,650.41,650.84,650.23,650.48,167.414
2026-08-20 20:00:00,650.48,650.9,650.18,650.66,81.069
2026-08-20 20:03:00,650.66,651.23,650.59,651.19,357.727
2026-08-20 20:06:00,651.19,651.42,651.0,651.1,156.104
2026-08-20 20:09:00,651.1,651.67,651.07,651.25,140.553
2026-08-20 20:12:00,651.25,651.26,650.76,650.93,194.537
2026-08-20 20:15:00,650.94,651.15,650.6,650.77,116.781
2026-08-20 20:18:00,650.76,652.0,650.76,651.93,159.46
2026-08-20 20:21:00,651.93,652.13,651.44,651.97,223.55
2026-08-20 20:24:00,651.97,652.53,651.75,652.43,232.654
2026-08-20 20:27:00,652.43,652.46,651.93,652.02,80.688
2026-08-20 20:30:00,652.03,652.91,652.02,652.68,265.892
2026-08-20 20:33:00,652.67,652.9,652.49,652.62,162.386
2026-08-20 20:36:00,652.63,653.36,652.55,652.55,295.695
2026-08-20 20:39:00,652.55,652.64,652.11,652.29,167.896
2026-08-20 20:42:00,652.29,652.83,652.0,652.72,130.998
2026-08-20 20:45:00,652.72,652.88,651.96,652.38,382.483
2026-08-20 20:48:00,652.38,652.44,651.81,651.89,120.155
2026-08-20 20:51:00,651.9,652.6,651.9,652.56,174.486
2026-08-20 20:54:00,652.56,652.97,652.48,652.96,186.473
2026-08-20 20:57:00,652.96,654.29,652.88,653.71,410.684
2026-08-20 21:00:00,653.7,653.71,653.21,653.71,101.785
2026-08-20 21:03:00,653.71,653.76,653.03,653.25,79.622
2026-08-20 21:06:00,653.25,653.71,652.77,653.47,95.719
2026-08-20 21:09:00,653.47,654.08,653.47,654.07,73.583
2026-08-20 21:12:00,654.08,654.66,654.08,654.41,242.64
2026-08-20 21:15:00,654.41,655.0,654.41,654.65,516.427
2026-08-20 21:18:00,654.64,654.64,654.0,654.07,145.2
2026-08-20 21:21:00,654.07,654.07,653.09,653.1,161.105
2026-08-20 21:24:00,653.09,653.78,653.05,653.67,105.515
2026-08-20 21:27:00,653.67,653.67,653.09,653.28,65.841
2026-08-20 21:30:00,653.28,654.34,653.27,654.34,89.219
2026-08-20 21:33:00,654.34,654.6,654.34,654.5,104.148
2026-08-20 21:36:00,654.5,654.5,653.7,653.71,167.806
2026-08-20 21:39:00,653.71,654.12,653.24,653.46,304.481
2026-08-20 21:42:00,653.46,653.46,652.99,653.25,90.737
2026-08-20 21:45:00,653.24,654.01,653.24,653.98,347.884
2026-08-20 21:48:00,653.96,654.49,653.67,654.12,473.048
2026-08-20 21:51:00,654.11,654.56,653.76,654.25,197.838
2026-08-20 21:54:00,654.25,654.26,653.44,653.66,143.455
2026-08-20 21:57:00,653.65,654.0,653.53,653.93,132.781
2026-08-20 22:00:00,653.93,654.15,652.44,653.05,217.511
2026-08-20 22:03:00,653.06,653.56,652.27,653.56,333.595
2026-08-20 22:06:00,653.55,653.55,652.9,652.95,244.012
2026-08-20 22:09:00,652.94,653.75,652.94,653.74,126.149
2026-08-20 22:12:00,653.75,654.14,653.47,653.59,111.561
2026-08-20 22:15:00,653.58,653.92,653.26,653.92,107.876
2026-08-20 22:18:00,653.92,654.17,653.19,654.17,152.387
2026-08-20 22:21:00,654.18,654.63,654.18,654.53,185.887
2026-08-20 22:24:00,654.54,655.32,654.52,655.32,954.628
2026-08-20 22:27:00,655.32,655.33,654.7,655.08,239.163
2026-08-20 22:30:00,655.07,655.25,654.21,654.88,199.43
2026-08-20 22:33:00,654.87,656.0,654.81,656.0,648.615
2026-08-20 22:36:00,655.99,656.0,655.26,655.75,312.511
2026-08-20 22:39:00,655.75,655.75,654.6,655.14,392.863
2026-08-20 22:42:00,655.14,655.14,654.57,654.75,177.826
2026-08-20 22:45:00,654.76,655.15,654.57,654.58,244.764
2026-08-20 22:48:00,654.57,654.58,653.92,653.99,207.667
2026-08-20 22:51:00,653.99,655.06,653.99,654.89,245.569
2026-08-20 22:54:00,654.88,654.88,654.2,654.26,171.972
2026-08-20 22:57:00,654.27,654.27,653.87,653.87,65.019
2026-08-20 23:00:00,653.88,654.47,653.7,654.47,110.577
2026-08-20 23:03:00,654.47,654.5,654.04,654.2,85.784
2026-08-20 23:06:00,654.21,655.34,654.21,655.06,157.745
2026-08-20 23:09:00,655.06,655.32,654.97,655.26,60.166
2026-08-20 23:12:00,655.25,655.93,655.17,655.92,125.585
2026-08-20 23:15:00,655.92,655.92,655.44,655.6,395.465
2026-08-20 23:18:00,655.59,656.87,655.57,656.58,485.394
2026-08-20 23:21:00,656.57,657.0,656.28,656.83,157.435
2026-08-20 23:24:00,656.84,658.3,656.83,657.13,1001.424
2026-08-20 23:27:00,657.13,658.02,657.04,657.34,379.449
2026-08-20 23:30:00,657.34,658.11,657.34,658.01,558.581
2026-08-20 23:33:00,658.0,658.25,657.41,657.41,419.462
2026-08-20 23:36:00,657.4,657.44,656.3,656.37,178.542
2026-08-20 23:39:00,656.37,656.57,655.76,655.96,223.898
2026-08-20 23:42:00,655.95,655.99,655.51,655.61,225.206
2026-08-20 23:45:00,655.6,655.83,655.3,655.83,197.602
2026-08-20 23:48:00,655.83,655.83,655.11,655.25,237.482
2026-08-20 23:51:00,655.25,655.37,654.86,655.3,170.039
2026-08-20 23:54:00,655.29,655.39,654.94,655.06,175.975
2026-08-20 23:57:00,655.07,655.17,654.73,654.8,57.894
2026-08-21 00:00:00,654.8,655.06,654.11,654.59,1046.368
2026-08-21 00:03:00,654.6,654.63,653.24,653.69,1030.764
2026-08-21 00:06:00,653.69,654.76,653.57,653.58,1006.625
2026-08-21 00:09:00,653.57,654.11,653.24,653.58,804.833
2026-08-21 00:12:00,653.59,655.0,653.51,655.0,383.942
2026-08-21 00:15:00,654.99,655.15,654.15,654.38,199.868
2026-08-21 00:18:00,654.38,657.37,654.36,656.55,1398.944
2026-08-21 00:21:00,656.55,657.64,656.51,657.18,1057.739
2026-08-21 00:24:00,657.19,657.56,656.66,656.93,215.983
2026-08-21 00:27:00,656.93,657.2,655.45,655.5,506.628
2026-08-21 00:30:00,655.5,657.63,655.5,657.37,626.65
2026-08-21 00:33:00,657.33,657.33,655.54,655.55,258.919
2026-08-21 00:36:00,655.54,656.08,654.64,656.08,316.323
2026-08-21 00:39:00,656.08,656.13,655.09,655.25,342.084
2026-08-21 00:42:00,655.24,656.15,655.02,655.98,192.807
2026-08-21 00:45:00,655.97,656.39,655.3,655.49,330.493
2026-08-21 00:48:00,655.5,658.25,655.5,657.38,357.82
2026-08-21 00:51:00,657.37,658.27,657.33,658.09,268.963
2026-08-21 00:54:00,658.09,658.17,656.16,656.62,293.669
2026-08-21 00:57:00,656.64,656.99,656.0,656.82,325.476
2026-08-21 01:00:00,656.83,657.03,656.21,656.84,332.451
2026-08-21 01:03:00,656.85,657.24,656.22,656.34,250.094
2026-08-21 01:06:00,656.34,657.66,656.34,656.84,192.23
2026-08-21 01:09:00,656.83,657.6,656.83,657.42,160.73
2026-08-21 01:12:00,657.42,657.87,657.16,657.68,283.946
2026-08-21 01:15:00,657.69,659.21,657.33,659.18,771.153
2026-08-21 01:18:00,659.18,661.0,658.11,658.22,2528.486
2026-08-21 01:21:00,658.22,659.31,656.98,657.56,992.268
2026-08-21 01:24:00,657.56,659.07,657.3,658.35,1187.015
2026-08-21 01:27:00,658.36,660.07,658.36,660.01,511.829
2026-08-21 01:30:00,660.01,662.93,659.74,662.81,1660.105
2026-08-21 01:33:00,662.82,664.17,662.73,663.41,2413.964
2026-08-21 01:36:00,663.41,663.41,661.94,662.21,643.497
2026-08-21 01:39:00,662.21,663.03,661.94,662.54,452.333
2026-08-21 01:42:00,662.53,663.6,662.51,662.94,310.669
2026-08-21 01:45:00,662.95,665.98,662.52,665.3,2505.89
2026-08-21 01:48:00,665.31,666.64,665.01,665.27,1737.015
2026-08-21 01:51:00,665.26,665.76,664.58,664.83,1048.881
2026-08-21 01:54:00,664.84,665.4,662.03,662.1,1912.708
2026-08-21 01:57:00,662.11,662.11,660.85,661.54,1007.986
2026-08-21 02:00:00,661.55,661.82,659.41,660.16,1232.853
2026-08-21 02:03:00,660.16,661.69,659.36,661.6,868.471
2026-08-21 02:06:00,661.59,663.91,661.54,662.66,1100.372
2026-08-21 02:09:00,662.66,663.07,661.32,661.39,361.041
2026-08-21 02:12:00,661.39,661.73,660.28,661.65,384.62
2026-08-21 02:15:00,661.65,662.2,660.67,661.46,558.249
2026-08-21 02:18:00,661.46,661.78,661.0,661.4,254.04
2026-08-21 02:21:00,661.4,661.71,661.15,661.26,236.99
2026-08-21 02:24:00,661.25,661.8,660.72,661.73,205.926
2026-08-21 02:27:00,661.72,662.61,661.57,662.35,380.235
2026-08-21 02:30:00,662.35,663.39,662.01,663.08,509.985
2026-08-21 02:33:00,663.07,663.07,660.29,660.92,703.934
2026-08-21 02:36:00,660.91,661.47,660.82,661.2,379.389
2026-08-21 02:39:00,661.2,661.49,660.48,660.82,464.232
2026-08-21 02:42:00,660.81,661.07,660.52,660.56,130.626
2026-08-21 02:45:00,660.56,660.62,659.03,660.07,1199.061
2026-08-21 02:48:00,660.08,660.34,659.55,659.92,339.465
2026-08-21 02:51:00,659.91,660.22,659.5,659.58,514.247
2026-08-21 02:54:00,659.58,659.58,659.06,659.54,373.755
2026-08-21 02:57:00,659.55,659.66,658.87,659.1,578.61
2026-08-21 03:00:00,659.11,659.57,658.96,659.38,610.162
2026-08-21 03:03:00,659.37,659.39,658.62,658.93,440.335
2026-08-21 03:06:00,658.92,658.92,657.43,657.75,930.372
2026-08-21 03:09:00,657.74,659.52,657.21,659.51,310.066
2026-08-21 03:12:00,659.5,660.0,659.02,659.13,213.78
2026-08-21 03:15:00,659.14,659.21,658.16,659.1,432.487
2026-08-21 03:18:00,659.11,659.39,658.8,659.39,131.183
2026-08-21 03:21:00,659.39,659.61,658.81,659.55,484.57
2026-08-21 03:24:00,659.55,659.66,659.0,659.48,272.495
2026-08-21 03:27:00,659.48,660.75,659.47,660.57,636.113
2026-08-21 03:30:00,660.56,661.37,660.3,661.37,358.163
2026-08-21 03:33:00,661.37,661.59,661.25,661.41,334.563
2026-08-21 03:36:00,661.41,661.41,659.76,660.42,399.135
2026-08-21 03:39:00,660.43,661.44,660.36,661.44,296.815
2026-08-21 03:42:00,661.45,661.48,660.8,660.88,319.723
2026-08-21 03:45:00,660.87,661.48,660.8,661.4,308.355
2026-08-21 03:48:00,661.4,662.49,661.39,662.36,662.143
2026-08-21 03:51:00,662.37,662.55,662.12,662.22,236.202
2026-08-21 03:54:00,662.23,662.55,662.0,662.36,226.537
2026-08-21 03:57:00,662.35,662.4,661.01,661.07,182.756
2026-08-21 04:00:00,661.08,661.98,660.84,661.97,269.613
2026-08-21 04:03:00,661.96,662.52,661.47,661.47,281.1
2026-08-21 04:06:00,661.48,661.76,661.21,661.75,159.247
2026-08-21 04:09:00,661.76,662.08,661.21,661.21,252.453
2026-08-21 04:12:00,661.2,661.21,659.91,660.79,656.95
2026-08-21 04:15:00,660.79,661.3,660.18,660.37,302.386
2026-08-21 04:18:00,660.37,661.31,660.37,660.64,254.536
2026-08-21 04:21:00,660.64,661.11,660.6,660.66,378.24
2026-08-21 04:24:00,660.66,660.85,659.85,660.04,449.812
2026-08-21 04:27:00,660.05,660.16,659.44,659.56,580.816
2026-08-21 04:30:00,659.56,660.38,658.59,660.29,1005.926
2026-08-21 04:33:00,660.3,660.65,659.95,660.31,218.157
2026-08-21 04:36:00,660.3,660.94,660.3,660.84,105.706
2026-08-21 04:39:00,660.84,660.88,659.94,659.94,220.473
2026-08-21 04:42:00,659.94,660.4,659.38,660.4,539.92
2026-08-21 04:45:00,660.39,660.85,659.99,660.81,289.053
2026-08-21 04:48:00,660.82,661.26,660.48,661.18,289.628
2026-08-21 04:51:00,661.17,661.51,660.93,661.15,151.619
2026-08-21 04:54:00,661.15,661.37,660.53,660.74,880.326
2026-08-21 04:57:00,660.74,660.74,660.29,660.55,314.293
2026-08-21 05:00:00,660.55,661.51,660.4,661.5,260.384
2026-08-21 05:03:00,661.51,661.76,660.11,661.71,699.134
2026-08-21 05:06:00,661.71,661.73,661.33,661.33,216.797
2026-08-21 05:09:00,661.33,662.54,661.19,662.44,392.477
2026-08-21 05:12:00,662.44,662.99,662.32,662.78,621.087
2026-08-21 05:15:00,662.77,662.91,662.26,662.86,407.815
2026-08-21 05:18:00,662.86,663.94,662.85,663.73,634.448
2026-08-21 05:21:00,663.73,663.98,662.85,663.0,763.691
2026-08-21 05:24:00,663.0,663.16,660.97,660.97,700.086
2026-08-21 05:27:00,660.97,661.92,660.45,661.83,515.284
2026-08-21 05:30:00,661.84,662.48,661.47,662.13,359.927
2026-08-21 05:33:00,662.12,663.43,662.08,663.25,607.346
2026-08-21 05:36:00,663.26,663.5,663.16,663.39,462.577
2026-08-21 05:39:00,663.39,663.87,663.26,663.36,475.161
2026-08-21 05:42:00,663.36,663.87,662.95,663.3,749.113
2026-08-21 05:45:00,663.31,663.87,663.22,663.87,268.856
2026-08-21 05:48:00,663.87,664.33,663.69,664.33,302.84
2026-08-21 05:51:00,664.34,664.81,663.78,664.37,515.192
2026-08-21 05:54:00,664.37,664.72,664.23,664.25,384.031
2026-08-21 05:57:00,664.25,664.83,664.24,664.73,240.475
2026-08-21 06:00:00,664.73,664.91,664.41,664.75,221.981
2026-08-21 06:03:00,664.75,665.83,664.75,665.82,1354.302
2026-08-21 06:06:00,665.83,665.91,665.43,665.9,312.881
2026-08-21 06:09:00,665.89,665.99,665.01,665.01,535.71
2026-08-21 06:12:00,665.01,665.18,664.56,664.98,543.724
2026-08-21 06:15:00,664.98,666.07,664.98,666.07,353.316
2026-08-21 06:18:00,666.07,666.18,665.5,665.63,379.595
2026-08-21 06:21:00,665.63,666.3,664.31,664.31,355.116
2026-08-21 06:24:00,664.31,666.23,663.94,666.0,350.954
2026-08-21 06:27:00,665.99,666.39,665.74,665.85,230.943
2026-08-21 06:30:00,665.86,667.97,665.82,667.87,661.658
2026-08-21 06:33:00,667.87,668.99,667.85,668.83,1126.641
2026-08-21 06:36:00,668.84,672.32,668.04,671.59,3929.773
2026-08-21 06:39:00,671.59,673.0,669.22,669.63,2352.58
2026-08-21 06:42:00,669.62,669.89,666.0,668.1,1928.734
2026-08-21 06:45:00,668.1,668.49,666.75,667.45,622.444
2026-08-21 06:48:00,667.45,668.75,667.05,667.06,397.687
2026-08-21 06:51:00,667.05,667.05,666.03,666.16,766.267
2026-08-21 06:54:00,666.16,667.01,666.15,667.01,293.978
2026-08-21 06:57:00,667.01,667.19,666.69,666.88,432.814
2026-08-21 07:00:00,666.89,668.35,666.74,668.15,322.345
2026-08-21 07:03:00,668.15,669.0,668.11,668.29,675.883
2026-08-21 07:06:00,668.28,669.44,668.12,669.44,395.256
2026-08-21 07:09:00,669.44,669.65,668.75,669.65,483.816
2026-08-21 07:12:00,669.66,670.47,669.49,670.46,961.417
2026-08-21 07:15:00,670.47,673.73,670.25,673.05,2827.883
2026-08-21 07:18:00,673.06,673.3,671.42,671.68,951.355
2026-08-21 07:21:00,671.68,672.03,670.8,671.49,767.14
2026-08-21 07:24:00,671.5,671.73,670.67,670.68,343.205
2026-08-21 07:27:00,670.68,671.86,670.38,671.78,290.124
2026-08-21 07:30:00,671.78,672.17,671.06,671.13,1164.479
2026-08-21 07:33:00,671.13,671.7,669.59,670.9,2894.771
2026-08-21 07:36:00,670.91,671.18,669.41,669.86,1401.654
2026-08-21 07:39:00,669.86,671.78,669.82,671.49,1714.716
2026-08-21 07:42:00,671.49,672.48,671.32,671.52,1018.641
2026-08-21 07:45:00,671.52,671.69,670.61,671.57,1320.719
2026-08-21 07:48:00,671.58,671.58,670.29,670.54,1111.982
2026-08-21 07:51:00,670.55,670.55,670.0,670.13,1065.089
2026-08-21 07:54:00,670.12,670.36,669.58,670.21,1409.085
2026-08-21 07:57:00,670.21,670.44,669.0,669.6,1953.82
2026-08-21 08:00:00,669.6,673.75,669.14,673.36,1037.255
2026-08-21 08:03:00,673.37,674.0,673.36,673.69,804.301
2026-08-21 08:06:00,673.7,675.5,673.38,675.24,2034.182
2026-08-21 08:09:00,675.23,675.3,674.29,675.0,582.168
2026-08-21 08:12:00,674.99,677.45,674.99,676.49,1789.001
2026-08-21 08:15:00,676.5,677.59,676.1,677.56,1045.517
2026-08-21 08:18:00,677.57,678.34,677.45,677.85,741.491
2026-08-21 08:21:00,677.85,677.85,676.06,676.29,1120.924
2026-08-21 08:24:00,676.28,678.04,676.19,677.5,1045.155
2026-08-21 08:27:00,677.5,678.24,677.0,678.09,889.421
2026-08-21 08:30:00,678.08,679.0,677.61,678.57,1707.568
2026-08-21 08:33:00,678.56,679.0,678.33,679.0,1062.725
2026-08-21 08:36:00,679.0,679.89,677.7,679.41,1547.747
2026-08-21 08:39:00,679.41,680.52,678.66,680.2,3284.065
2026-08-21 08:42:00,680.21,680.52,679.5,679.51,2031.416
2026-08-21 08:45:00,679.51,680.31,678.76,679.4,2792.08
2026-08-21 08:48:00,679.41,680.94,679.3,680.58,5264.082
2026-08-21 08:51:00,680.58,683.01,680.34,682.97,3281.837
2026-08-21 08:54:00,682.97,684.39,682.87,684.39,3163.949
2026-08-21 08:57:00,684.39,686.15,683.96,685.36,5178.399
2026-08-21 09:00:00,685.36,685.59,675.96,676.58,7883.379
2026-08-21 09:03:00,676.61,677.16,672.0,672.49,7800.079
2026-08-21 09:06:00,672.49,672.56,668.0,670.08,8156.378
2026-08-21 09:09:00,670.08,675.0,670.04,674.56,2249.213
2026-08-21 09:12:00,674.57,674.74,673.0,673.26,2642.915
2026-08-21 09:15:00,673.25,673.25,670.51,672.92,3897.47
2026-08-21 09:18:00,672.92,674.04,671.45,672.9,1381.719
2026-08-21 09:21:00,672.89,673.39,671.02,672.23,1362.393
2026-08-21 09:24:00,672.19,672.97,671.77,672.28,676.183
2026-08-21 09:27:00,672.28,674.02,672.17,673.55,640.436
2026-08-21 09:30:00,673.56,675.1,672.77,674.91,795.927
2026-08-21 09:33:00,674.9,676.46,674.63,676.03,920.514
2026-08-21 09:36:00,676.03,678.0,675.93,676.65,1469.27
2026-08-21 09:39:00,676.65,677.64,675.71,677.43,1612.787
2026-08-21 09:42:00,677.43,679.02,677.16,678.94,984.924
2026-08-21 09:45:00,678.94,681.14,678.74,681.14,1454.334
2026-08-21 09:48:00,681.14,681.31,679.68,679.68,1059.058
2026-08-21 09:51:00,679.68,681.11,679.4,679.66,794.015
2026-08-21 09:54:00,679.65,680.35,678.13,678.97,621.365
2026-08-21 09:57:00,678.96,678.97,675.7,678.26,1092.209
2026-08-21 10:00:00,678.26,678.51,677.33,677.51,602.456
2026-08-21 10:03:00,677.5,677.64,675.98,677.25,723.633
2026-08-21 10:06:00,677.26,677.74,676.16,676.21,712.324
2026-08-21 10:09:00,676.21,678.64,676.15,678.13,1333.846
2026-08-21 10:12:00,678.13,678.38,677.51,677.68,548.739
2026-08-21 10:15:00,677.67,679.49,677.5,678.87,968.755
2026-08-21 10:18:00,678.87,680.0,678.87,679.06,369.251
2026-08-21 10:21:00,679.05,679.41,677.97,678.16,581.945
2026-08-21 10:24:00,678.16,678.44,676.08,676.36,729.445
2026-08-21 10:27:00,676.36,677.81,675.65,677.69,398.408
2026-08-21 10:30:00,677.7,678.13,677.14,677.61,329.788
2026-08-21 10:33:00,677.6,677.62,676.55,677.34,436.299
2026-08-21 10:36:00,677.34,678.6,677.34,678.3,278.073
2026-08-21 10:39:00,678.3,679.2,678.19,679.19,710.547
2026-08-21 10:42:00,679.19,679.47,678.5,679.37,337.592
2026-08-21 10:45:00,679.36,680.26,679.36,680.13,1104.096
2026-08-21 10:48:00,680.13,680.42,679.09,679.42,457.427
2026-08-21 10:51:00,679.42,679.68,679.09,679.56,469.628
2026-08-21 10:54:00,679.55,680.27,679.44,679.5,346.984
2026-08-21 10:57:00,679.51,679.84,678.03,678.37,362.878
2026-08-21 11:00:00,678.37,678.47,676.46,676.47,495.884
2026-08-21 11:03:00,676.47,680.19,676.47,679.89,590.537
2026-08-21 11:06:00,679.89,680.02,678.29,678.38,429.466
2026-08-21 11:09:00,678.38,678.74,678.22,678.31,517.513
2026-08-21 11:12:00,678.31,678.31,675.06,676.91,1067.994
2026-08-21 11:15:00,676.92,677.0,675.77,676.5,275.745
2026-08-21 11:18:00,676.5,676.62,674.25,676.29,774.805
2026-08-21 11:21:00,676.29,678.0,676.16,677.78,971.801
2026-08-21 11:24:00,677.78,677.82,676.21,677.3,686.11
2026-08-21 11:27:00,677.3,677.86,676.57,677.86,674.61
2026-08-21 11:30:00,677.86,677.99,674.0,674.34,1878.443
2026-08-21 11:33:00,674.35,675.0,671.28,673.46,1632.425
2026-08-21 11:36:00,673.46,675.99,673.07,675.65,996.953
2026-08-21 11:39:00,675.65,675.78,675.0,675.4,579.583
2026-08-21 11:42:00,675.4,675.47,673.63,673.84,792.82
2026-08-21 11:45:00,673.83,674.22,671.72,672.24,931.857
2026-08-21 11:48:00,672.24,673.26,671.79,673.26,500.482
2026-08-21 11:51:00,673.27,675.18,673.0,674.94,829.079
2026-08-21 11:54:00,674.94,675.66,674.89,674.96,401.512
2026-08-21 11:57:00,674.97,675.52,673.55,674.44,747.444
2026-08-21 12:00:00,674.44,674.73,673.0,673.67,1183.27
2026-08-21 12:03:00,673.68,675.12,673.5,675.12,870.749
2026-08-21 12:06:00,675.12,675.57,674.84,675.02,306.031
2026-08-21 12:09:00,675.02,675.15,673.65,674.46,350.578
2026-08-21 12:12:00,674.47,675.64,673.93,675.27,425.137
2026-08-21 12:15:00,675.27,675.41,674.72,675.23,332.64
2026-08-21 12:18:00,675.23,675.3,674.43,674.8,398.887
2026-08-21 12:21:00,674.81,674.91,674.0,674.23,660.384
2026-08-21 12:24:00,674.23,675.87,674.23,675.65,475.174
2026-08-21 12:27:00,675.66,676.06,675.09,675.28,514.312
2026-08-21 12:30:00,675.28,675.3,674.61,675.22,334.181
2026-08-21 12:33:00,675.22,676.66,674.8,676.66,278.703
2026-08-21 12:36:00,676.66,677.74,676.44,677.52,1610.861
2026-08-21 12:39:00,677.51,679.48,677.42,679.2,707.623
2026-08-21 12:42:00,679.2,680.0,678.87,679.97,610.313
2026-08-21 12:45:00,679.97,680.39,679.5,679.79,310.405
2026-08-21 12:48:00,679.78,680.05,679.12,679.96,718.532
2026-08-21 12:51:00,679.95,679.95,679.0,679.01,236.178
2026-08-21 12:54:00,679.01,679.01,678.0,678.24,311.668
2026-08-21 12:57:00,678.25,679.05,678.25,679.05,390.604
2026-08-21 13:00:00,679.06,679.2,678.43,678.54,449.672
2026-08-21 13:03:00,678.54,679.71,678.38,679.61,494.879
2026-08-21 13:06:00,679.6,680.42,679.27,679.43,270.835
2026-08-21 13:09:00,679.43,679.65,678.36,679.35,568.896
2026-08-21 13:12:00,679.34,679.71,679.05,679.71,169.079
2026-08-21 13:15:00,679.71,679.75,678.16,678.48,1046.346
2026-08-21 13:18:00,678.48,678.97,677.57,677.83,325.989
2026-08-21 13:21:00,677.82,678.04,676.94,676.96,806.288
2026-08-21 13:24:00,676.97,678.04,676.37,677.85,724.415
2026-08-21 13:27:00,677.84,678.67,677.5,677.69,388.432
2026-08-21 13:30:00,677.68,677.68,674.31,675.34,2176.303
2026-08-21 13:33:00,675.35,676.0,673.89,673.89,544.65
2026-08-21 13:36:00,673.88,677.42,673.81,676.99,617.014
2026-08-21 13:39:00,676.98,678.87,676.52,678.68,389.696
2026-08-21 13:42:00,678.68,679.66,678.68,679.6,355.004
2026-08-21 13:45:00,679.59,680.15,678.73,679.05,1534.832
2026-08-21 13:48:00,679.05,680.56,678.85,680.56,642.737
2026-08-21 13:51:00,680.57,680.84,679.8,679.84,592.739
2026-08-21 13:54:00,679.84,679.92,679.02,679.71,529.997
2026-08-21 13:57:00,679.72,680.02,678.6,679.76,383.097
2026-08-21 14:00:00,679.76,680.0,677.64,677.81,438.28
2026-08-21 14:03:00,677.8,678.36,676.81,678.33,756.658
2026-08-21 14:06:00,678.23,679.25,677.95,678.97,354.472
2026-08-21 14:09:00,678.97,678.97,677.92,678.78,437.174
2026-08-21 14:12:00,678.77,679.0,676.59,677.02,435.501
2026-08-21 14:15:00,677.01,678.07,676.87,677.35,322.307
2026-08-21 14:18:00,677.35,677.49,675.08,675.23,718.3
2026-08-21 14:21:00,675.23,677.34,675.03,676.54,874.13
2026-08-21 14:24:00,676.54,677.89,676.54,677.64,407.467
2026-08-21 14:27:00,677.65,678.96,677.65,678.46,327.972
2026-08-21 14:30:00,678.47,679.07,677.73,678.9,402.333
2026-08-21 14:33:00,678.91,679.06,678.12,678.13,522.355
2026-08-21 14:36:00,678.12,679.02,677.09,677.25,357.096
2026-08-21 14:39:00,677.25,677.61,676.45,677.21,487.378
2026-08-21 14:42:00,677.22,677.9,677.0,677.89,357.435
2026-08-21 14:45:00,677.89,679.04,677.82,678.62,435.048
2026-08-21 14:48:00,678.61,679.05,678.42,679.05,477.76
2026-08-21 14:51:00,679.05,679.1,678.2,678.33,633.489
2026-08-21 14:54:00,678.34,678.93,678.3,678.82,606.215
2026-08-21 14:57:00,678.82,679.06,678.68,678.74,551.902
2026-08-21 15:00:00,678.74,679.0,678.01,678.94,873.283
2026-08-21 15:03:00,678.94,680.68,678.75,680.61,954.768
2026-08-21 15:06:00,680.61,680.95,680.06,680.17,634.279
2026-08-21 15:09:00,680.17,681.29,680.11,681.1,762.441
2026-08-21 15:12:00,681.09,681.46,680.29,681.05,561.85
2026-08-21 15:15:00,681.05,682.0,680.0,680.18,752.894
2026-08-21 15:18:00,680.17,680.38,679.55,679.56,522.905
2026-08-21 15:21:00,679.55,680.87,679.26,680.5,789.407
2026-08-21 15:24:00,680.49,680.58,679.77,680.46,316.661
2026-08-21 15:27:00,680.47,680.77,679.59,679.63,425.078
2026-08-21 15:30:00,679.62,680.0,679.52,679.99,465.228
2026-08-21 15:33:00,679.99,680.08,678.75,679.0,454.021
2026-08-21 15:36:00,679.0,680.13,679.0,680.13,248.454
2026-08-21 15:39:00,680.13,681.89,679.73,681.62,1111.364
2026-08-21 15:42:00,681.63,681.72,680.08,680.28,1623.245
2026-08-21 15:45:00,680.28,680.53,679.48,679.85,358.424
2026-08-21 15:48:00,679.83,680.15,679.23,680.02,211.749
2026-08-21 15:51:00,680.02,680.48,679.54,679.79,398.927
2026-08-21 15:54:00,679.8,680.1,678.86,679.0,709.789
2026-08-21 15:57:00,679.01,679.57,678.69,679.11,288.798
2026-08-21 16:00:00,679.11,679.94,678.46,678.75,236.994
2026-08-21 16:03:00,678.74,679.01,678.3,678.42,333.625
2026-08-21 16:06:00,678.43,678.54,676.13,676.81,772.173
2026-08-21 16:09:00,676.81,677.4,675.77,675.91,725.883
2026-08-21 16:12:00,675.91,676.28,674.13,674.47,2374.35
2026-08-21 16:15:00,674.46,677.07,674.17,677.07,429.951
2026-08-21 16:18:00,677.08,677.68,676.82,676.94,481.803
2026-08-21 16:21:00,676.93,677.9,676.84,677.4,435.11
2026-08-21 16:24:00,677.41,677.53,676.59,677.14,159.629
2026-08-21 16:27:00,677.15,678.63,677.15,678.62,402.703
2026-08-21 16:30:00,678.63,679.0,678.43,679.0,578.535
2026-08-21 16:33:00,679.0,679.72,678.9,679.65,281.67
2026-08-21 16:36:00,679.65,679.65,678.94,678.98,274.435
2026-08-21 16:39:00,678.98,680.0,678.98,679.68,547.44
2026-08-21 16:42:00,679.69,679.89,679.33,679.79,210.632
2026-08-21 16:45:00,679.79,680.32,679.43,680.32,707.444
2026-08-21 16:48:00,680.32,680.85,680.16,680.39,334.999
2026-08-21 16:51:00,680.39,680.82,679.81,680.0,366.638
2026-08-21 16:54:00,680.0,680.33,679.36,679.67,428.021
2026-08-21 16:57:00,679.68,679.93,679.4,679.53,193.341
2026-08-21 17:00:00,679.53,680.28,679.28,679.87,836.251
2026-08-21 17:03:00,679.86,680.16,679.7,680.04,188.793
2026-08-21 17:06:00,680.04,681.62,679.98,681.24,777.335
2026-08-21 17:09:00,681.24,681.52,680.27,680.42,278.646
2026-08-21 17:12:00,680.41,680.41,679.65,679.96,293.039
2026-08-21 17:15:00,679.95,679.96,678.2,679.02,558.34
2026-08-21 17:18:00,679.03,679.03,677.34,677.69,356.181
2026-08-21 17:21:00,677.68,678.1,677.21,677.29,263.952
2026-08-21 17:24:00,677.28,677.63,676.63,677.55,404.931
2026-08-21 17:27:00,677.55,678.72,677.46,678.72,232.826
2026-08-21 17:30:00,678.72,679.71,678.51,679.71,215.415
2026-08-21 17:33:00,679.7,680.01,679.21,679.37,196.711
2026-08-21 17:36:00,679.38,679.95,679.07,679.68,222.887
2026-08-21 17:39:00,679.69,680.01,679.3,679.53,202.594
2026-08-21 17:42:00,679.54,679.54,678.49,679.08,458.468
2026-08-21 17:45:00,679.08,679.69,678.43,679.6,128.649
2026-08-21 17:48:00,679.6,680.19,679.49,679.75,155.921
2026-08-21 17:51:00,679.74,679.85,679.38,679.74,201.065
2026-08-21 17:54:00,679.74,679.74,679.12,679.71,83.903
2026-08-21 17:57:00,679.7,679.79,679.07,679.1,79.378
2026-08-21 18:00:00,679.11,680.15,679.04,680.14,113.481
2026-08-21 18:03:00,680.15,681.14,680.14,680.87,204.509
2026-08-21 18:06:00,680.88,681.5,680.51,680.81,326.579
2026-08-21 18:09:00,680.81,681.26,680.3,680.75,265.693
2026-08-21 18:12:00,680.76,681.62,680.37,681.24,513.772
2026-08-21 18:15:00,681.25,682.0,681.2,681.26,247.81
2026-08-21 18:18:00,681.26,682.11,680.88,681.93,443.002
2026-08-21 18:21:00,681.94,682.11,679.05,679.27,2217.455
2026-08-21 18:24:00,679.27,679.4,679.13,679.4,171.645
2026-08-21 18:27:00,679.4,679.4,679.18,679.2,385.247
2026-08-21 18:30:00,679.21,679.24,678.74,678.82,172.038
2026-08-21 18:33:00,678.82,679.05,677.97,677.98,125.923
2026-08-21 18:36:00,677.97,678.05,676.95,677.0,572.662
2026-08-21 18:39:00,677.0,677.5,676.83,676.85,219.24
2026-08-21 18:42:00,676.85,676.87,675.01,675.76,512.13
2026-08-21 18:45:00,675.75,675.75,674.23,674.92,556.631
2026-08-21 18:48:00,674.92,675.02,673.71,674.82,470.955
2026-08-21 18:51:00,674.82,675.8,674.81,675.29,205.765
2026-08-21 18:54:00,675.28,676.09,675.12,676.02,208.709
2026-08-21 18:57:00,676.02,676.66,675.93,676.6,412.567
2026-08-21 19:00:00,676.61,676.8,675.11,675.12,136.245
2026-08-21 19:03:00,675.12,675.12,673.52,673.81,519.618
2026-08-21 19:06:00,673.81,674.55,672.53,674.55,699.198
2026-08-21 19:09:00,674.55,675.35,674.51,675.34,320.611
2026-08-21 19:12:00,675.35,676.54,675.35,676.49,270.725
2026-08-21 19:15:00,676.49,676.49,674.16,674.46,300.031
2026-08-21 19:18:00,674.45,675.11,674.41,675.07,47.13
2026-08-21 19:21:00,675.08,675.93,674.6,675.85,118.921
2026-08-21 19:24:00,675.86,676.94,675.86,676.63,137.818
2026-08-21 19:27:00,676.63,677.27,676.62,676.9,133.502
2026-08-21 19:30:00,676.89,677.0,676.0,676.17,167.218
2026-08-21 19:33:00,676.15,676.15,674.91,675.52,240.874
2026-08-21 19:36:00,675.52,675.84,675.0,675.84,399.374
2026-08-21 19:39:00,675.83,675.86,674.96,675.4,426.138
2026-08-21 19:42:00,675.41,675.41,674.37,674.66,281.059
2026-08-21 19:45:00,674.65,674.7,673.98,674.16,858.03
2026-08-21 19:48:00,674.16,674.16,673.32,673.32,330.987
2026-08-21 19:51:00,673.33,673.33,672.91,673.2,449.691
2026-08-21 19:54:00,673.2,673.32,672.91,673.3,952.766
2026-08-21 19:57:00,673.29,673.3,672.89,672.96,238.874
2026-08-21 20:00:00,672.96,673.02,671.77,672.76,1067.745
2026-08-21 20:03:00,672.76,673.06,672.56,672.56,1869.669
2026-08-21 20:06:00,672.57,673.09,672.01,673.0,1256.899
2026-08-21 20:09:00,673.01,673.32,672.51,673.11,239.77
2026-08-21 20:12:00,673.1,673.32,672.84,672.86,285.852
2026-08-21 20:15:00,672.86,673.4,672.3,673.39,1051.003
2026-08-21 20:18:00,673.39,673.4,672.87,673.13,558.129
2026-08-21 20:21:00,673.13,674.0,672.85,673.01,866.392
2026-08-21 20:24:00,673.01,674.86,673.01,674.45,1325.146
2026-08-21 20:27:00,674.45,675.08,674.13,674.79,128.513
2026-08-21 20:30:00,674.79,674.79,674.29,674.43,227.631
2026-08-21 20:33:00,674.43,674.43,674.15,674.26,227.951
2026-08-21 20:36:00,674.26,674.74,674.0,674.05,1505.47
2026-08-21 20:39:00,674.05,674.8,674.01,674.79,163.81
2026-08-21 20:42:00,674.8,675.32,674.63,675.28,177.801
2026-08-21 20:45:00,675.28,675.3,674.22,674.25,102.729
2026-08-21 20:48:00,674.24,675.24,674.0,675.23,318.24
2026-08-21 20:51:00,675.24,676.19,675.23,676.16,270.283
2026-08-21 20:54:00,676.16,676.25,675.86,675.9,78.794
2026-08-21 20:57:00,675.89,676.29,675.66,676.28,239.615
2026-08-21 21:00:00,676.29,676.59,676.08,676.12,122.253
2026-08-21 21:03:00,676.12,676.37,675.98,676.2,77.253
2026-08-21 21:06:00,676.21,676.53,675.7,676.2,103.051
2026-08-21 21:09:00,676.21,678.79,676.16,677.91,703.974
2026-08-21 21:12:00,677.9,678.79,677.1,678.12,585.451
2026-08-21 21:15:00,678.11,678.5,677.61,678.2,262.791
2026-08-21 21:18:00,678.2,678.68,677.85,678.27,335.918
2026-08-21 21:21:00,678.27,679.4,678.26,679.09,1388.781
2026-08-21 21:24:00,679.09,679.95,679.05,679.92,1691.483
2026-08-21 21:27:00,679.92,682.01,679.86,681.17,3349.515
2026-08-21 21:30:00,681.17,682.19,680.97,681.97,675.604
2026-08-21 21:33:00,681.97,682.99,679.27,680.01,4589.504
2026-08-21 21:36:00,680.0,680.0,678.73,678.94,315.448
2026-08-21 21:39:00,678.95,679.64,678.57,679.39,432.461
2026-08-21 21:42:00,679.39,680.42,679.39,680.37,371.823
2026-08-21 21:45:00,680.38,681.67,680.37,680.96,544.974
2026-08-21 21:48:00,680.96,683.06,680.96,683.05,1325.461
2026-08-21 21:51:00,683.06,684.16,682.54,683.49,565.384
2026-08-21 21:54:00,683.49,684.5,682.37,683.74,975.518
2026-08-21 21:57:00,683.73,684.94,683.73,684.93,412.865
2026-08-21 22:00:00,684.93,685.52,683.77,685.52,1399.615
2026-08-21 22:03:00,685.52,687.33,685.49,687.22,1549.886
2026-08-21 22:06:00,687.22,689.19,687.18,688.84,2410.365
2026-08-21 22:09:00,688.85,689.5,688.0,689.39,846.97
2026-08-21 22:12:00,689.38,689.77,688.75,689.39,527.085
2026-08-21 22:15:00,689.38,689.56,688.0,688.92,701.665
2026-08-21 22:18:00,688.91,689.65,688.48,688.58,340.439
2026-08-21 22:21:00,688.57,689.82,687.81,688.87,2362.041
2026-08-21 22:24:00,688.88,689.83,688.56,689.57,389.385
2026-08-21 22:27:00,689.57,689.62,688.62,689.1,485.541
2026-08-21 22:30:00,689.11,689.53,685.57,688.0,967.768
2026-08-21 22:33:00,687.99,688.91,687.9,688.89,226.962
2026-08-21 22:36:00,688.9,689.99,688.89,689.76,388.709
2026-08-21 22:39:00,689.76,690.2,689.6,689.88,622.678
2026-08-21 22:42:00,689.9,690.59,689.55,689.67,310.165
2026-08-21 22:45:00,689.67,690.58,688.01,690.57,714.429
2026-08-21 22:48:00,690.57,690.79,688.87,689.15,535.363
2026-08-21 22:51:00,689.16,691.37,689.16,691.02,448.689
2026-08-21 22:54:00,691.03,691.98,691.03,691.74,450.133
2026-08-21 22:57:00,691.75,691.93,690.71,691.18,587.61
2026-08-21 23:00:00,691.19,691.37,690.0,690.45,307.211
2026-08-21 23:03:00,690.45,691.1,689.47,690.12,289.212
2026-08-21 23:06:00,690.13,690.7,689.48,690.04,487.421
2026-08-21 23:09:00,690.03,690.97,689.49,690.65,361.88
2026-08-21 23:12:00,690.66,690.66,689.56,689.85,197.512
2026-08-21 23:15:00,689.85,691.27,689.7,691.21,390.377
2026-08-21 23:18:00,691.22,691.76,690.84,691.13,225.04
2026-08-21 23:21:00,691.13,692.0,690.92,691.38,302.268
2026-08-21 23:24:00,691.37,692.0,691.22,691.55,266.815
2026-08-21 23:27:00,691.5,691.51,689.59,690.78,354.355
2026-08-21 23:30:00,690.78,691.15,690.13,690.32,199.771
2026-08-21 23:33:00,690.31,690.31,689.33,689.56,299.96
2026-08-21 23:36:00,689.55,689.86,688.69,688.69,330.906
2026-08-21 23:39:00,688.69,688.69,686.4,686.7,1143.404
2026-08-21 23:42:00,686.7,688.56,686.06,688.49,286.069
2026-08-21 23:45:00,688.49,688.75,687.21,687.45,188.632
2026-08-21 23:48:00,687.45,687.93,686.34,686.45,369.894
2026-08-21 23:51:00,686.46,687.3,686.22,687.17,369.136
2026-08-21 23:54:00,687.16,687.17,686.64,686.76,85.306
2026-08-21 23:57:00,686.77,687.38,686.77,687.0,308.978
2026-08-22 00:00:00,687.0,688.26,686.21,688.18,670.697
2026-08-22 00:03:00,688.18,688.26,684.54,684.89,1871.756
2026-08-22 00:06:00,684.89,685.02,681.8,683.1,1221.047
2026-08-22 00:09:00,683.09,685.02,683.02,684.56,518.946
2026-08-22 00:12:00,684.56,684.86,683.4,684.66,526.095
2026-08-22 00:15:00,684.67,685.88,684.01,685.15,1032.51
2026-08-22 00:18:00,685.15,686.4,684.87,686.34,444.646
2026-08-22 00:21:00,686.33,687.11,686.22,686.86,471.538
2026-08-22 00:24:00,686.86,687.82,686.57,687.21,387.233
2026-08-22 00:27:00,687.2,688.65,687.15,687.16,396.38
2026-08-22 00:30:00,687.15,688.2,686.69,686.88,513.432
2026-08-22 00:33:00,686.88,688.2,686.28,686.82,525.821
2026-08-22 00:36:00,686.82,687.44,686.31,686.93,165.097
2026-08-22 00:39:00,686.93,687.08,685.41,685.41,411.839
2026-08-22 00:42:00,685.4,686.53,685.38,686.22,250.765
2026-08-22 00:45:00,686.21,686.87,685.44,686.48,452.859
2026-08-22 00:48:00,686.48,686.93,684.66,686.57,330.229
2026-08-22 00:51:00,686.58,687.3,686.38,687.23,264.658
2026-08-22 00:54:00,687.23,688.79,687.01,688.79,905.418
2026-08-22 00:57:00,688.79,688.8,688.15,688.6,330.663
2026-08-22 01:00:00,688.6,688.78,687.78,688.69,424.601
2026-08-22 01:03:00,688.69,690.66,688.55,690.66,948.716
2026-08-22 01:06:00,690.65,690.65,689.21,689.42,838.501
2026-08-22 01:09:00,689.41,689.96,688.91,689.77,294.425
2026-08-22 01:12:00,689.77,689.94,689.1,689.54,359.608
2026-08-22 01:15:00,689.54,691.0,689.53,689.94,465.759
2026-08-22 01:18:00,689.94,689.94,689.24,689.28,684.3
2026-08-22 01:21:00,689.27,689.36,687.33,687.49,434.759
2026-08-22 01:24:00,687.49,689.6,687.43,689.13,337.506
2026-08-22 01:27:00,689.13,689.18,688.42,688.9,255.116
2026-08-22 01:30:00,688.9,691.25,688.85,690.98,464.763
2026-08-22 01:33:00,690.99,692.49,690.99,691.57,2005.793
2026-08-22 01:36:00,691.57,691.93,690.67,690.74,489.59
2026-08-22 01:39:00,690.74,690.81,689.69,689.7,579.89
2026-08-22 01:42:00,689.69,689.69,688.22,688.78,287.301
2026-08-22 01:45:00,688.77,689.68,688.77,689.4,237.284
2026-08-22 01:48:00,689.4,689.75,687.93,688.3,645.755
2026-08-22 01:51:00,688.3,688.54,685.13,686.76,2263.98
2026-08-22 01:54:00,686.77,689.48,686.77,689.48,460.331
2026-08-22 01:57:00,689.48,690.14,687.85,688.24,864.462
2026-08-22 02:00:00,688.25,690.02,688.24,689.59,646.869
2026-08-22 02:03:00,689.59,691.55,689.4,691.55,418.522
2026-08-22 02:06:00,691.56,691.7,690.67,691.59,260.064
2026-08-22 02:09:00,691.59,693.06,691.42,693.06,907.056
2026-08-22 02:12:00,693.06,694.13,693.05,693.3,1188.976
2026-08-22 02:15:00,693.3,695.61,693.04,695.61,1238.798
2026-08-22 02:18:00,695.6,695.89,694.62,695.77,1034.989
2026-08-22 02:21:00,695.77,697.21,695.43,697.17,892.228
2026-08-22 02:24:00,697.16,698.5,697.16,698.02,1293.066
2026-08-22 02:27:00,698.02,698.98,698.01,698.32,849.723
2026-08-22 02:30:00,698.31,699.54,698.02,698.1,1522.508
2026-08-22 02:33:00,698.1,698.77,695.98,697.84,1467.542
2026-08-22 02:36:00,697.83,699.52,697.3,698.58,1252.142
2026-08-22 02:39:00,698.58,699.99,698.42,699.96,1034.315
2026-08-22 02:42:00,699.95,707.0,699.81,706.29,6311.107
2026-08-22 02:45:00,706.29,710.0,705.68,709.16,4309.187
2026-08-22 02:48:00,709.15,711.54,706.17,709.94,5887.144
2026-08-22 02:51:00,709.95,714.0,709.23,713.94,4764.568
2026-08-22 02:54:00,713.96,714.52,710.36,711.73,3094.153
2026-08-22 02:57:00,711.73,712.41,710.36,712.4,1191.766
2026-08-22 03:00:00,712.41,713.74,710.84,713.56,1249.29
2026-08-22 03:03:00,713.57,713.61,710.46,710.49,1405.619
2026-08-22 03:06:00,710.49,711.92,710.32,710.99,910.698
2026-08-22 03:09:00,710.99,712.84,710.47,710.79,1253.533
2026-08-22 03:12:00,710.78,711.25,710.4,710.58,975.034
2026-08-22 03:15:00,710.59,712.95,710.45,712.94,1213.887
2026-08-22 03:18:00,712.94,713.59,712.54,712.77,978.944
2026-08-22 03:21:00,712.78,714.12,712.43,713.82,1265.662
2026-08-22 03:24:00,713.83,715.68,711.41,714.8,2998.393
2026-08-22 03:27:00,714.79,721.85,714.52,718.23,8109.359
2026-08-22 03:30:00,718.23,721.82,718.23,720.84,2408.696
2026-08-22 03:33:00,720.83,721.1,718.96,720.31,1649.262
2026-08-22 03:36:00,720.31,720.56,717.65,717.65,1785.598
2026-08-22 03:39:00,717.66,720.35,717.66,718.75,2278.949
2026-08-22 03:42:00,718.75,720.2,718.55,719.73,1058.335
2026-08-22 03:45:00,719.72,719.79,718.14,718.62,1248.793
2026-08-22 03:48:00,718.61,720.08,718.54,720.03,898.104
2026-08-22 03:51:00,720.03,720.58,719.34,719.8,698.196
2026-08-22 03:54:00,719.79,720.11,718.5,718.63,896.975
2026-08-22 03:57:00,718.63,719.64,718.05,718.11,1025.958
2026-08-22 04:00:00,718.11,719.09,714.5,715.58,1782.69
2026-08-22 04:03:00,715.58,718.36,714.8,718.34,1455.81
2026-08-22 04:06:00,718.34,718.49,716.55,716.92,1491.838
2026-08-22 04:09:00,716.92,718.0,716.5,718.0,1176.688
2026-08-22 04:12:00,717.99,718.4,717.33,717.34,1632.382
2026-08-22 04:15:00,717.33,717.65,715.18,715.24,540.615
2026-08-22 04:18:00,715.25,715.67,714.7,715.67,1141.001
2026-08-22 04:21:00,715.67,716.86,715.15,716.53,656.14
2026-08-22 04:24:00,716.53,716.82,716.0,716.77,1058.716
2026-08-22 04:27:00,716.78,717.17,716.33,716.66,514.918
2026-08-22 04:30:00,716.66,718.64,716.5,718.04,1022.514
2026-08-22 04:33:00,718.04,719.22,718.04,718.38,1379.196
2026-08-22 04:36:00,718.49,720.74,718.3,720.46,1785.579
2026-08-22 04:39:00,720.46,722.94,720.0,722.52,2357.711
2026-08-22 04:42:00,722.53,724.79,722.53,724.56,2895.366
2026-08-22 04:45:00,724.56,725.12,721.7,723.28,3869.951
2026-08-22 04:48:00,723.28,723.28,721.21,721.26,1442.74
2026-08-22 04:51:00,721.26,722.92,720.48,722.74,1386.423
2026-08-22 04:54:00,722.74,725.29,722.66,725.06,1318.389
2026-08-22 04:57:00,725.06,725.33,723.67,724.64,1217.384
2026-08-22 05:00:00,724.64,725.44,724.39,725.31,648.713
2026-08-22 05:03:00,725.32,726.08,723.85,725.86,1481.319
2026-08-22 05:06:00,725.86,725.88,716.21,716.9,3832.897
2026-08-22 05:09:00,716.9,716.9,684.58,693.47,21272.475
2026-08-22 05:12:00,693.32,697.6,683.18,696.98,14895.542
2026-08-22 05:15:00,696.98,701.01,685.92,694.76,13271.166
2026-08-22 05:18:00,694.75,697.67,693.63,697.6,5757.07
2026-08-22 05:21:00,697.6,699.68,690.97,695.11,5468.115
2026-08-22 05:24:00,695.12,700.17,695.12,699.68,3615.305
2026-08-22 05:27:00,699.68,701.96,699.0,700.13,2460.028
2026-08-22 05:30:00,700.12,700.47,693.65,697.32,4226.791
2026-08-22 05:33:00,697.32,699.87,696.33,699.51,1409.384
2026-08-22 05:36:00,699.51,700.52,696.13,696.58,2660.488
2026-08-22 05:39:00,696.58,697.26,695.67,696.15,2185.803
2026-08-22 05:42:00,696.16,696.48,694.3,696.24,1596.781
2026-08-22 05:45:00,696.24,699.76,695.52,699.54,4033.801
2026-08-22 05:48:00,699.55,700.52,698.55,700.43,1251.025
2026-08-22 05:51:00,700.43,701.74,698.54,699.15,1929.902
2026-08-22 05:54:00,699.15,699.93,697.9,698.41,1039.795
2026-08-22 05:57:00,698.41,699.83,698.12,698.61,364.36
2026-08-22 06:00:00,698.62,699.8,698.0,698.04,758.06
2026-08-22 06:03:00,698.03,698.48,695.0,695.63,1239.106
2026-08-22 06:06:00,695.65,697.37,694.66,696.52,828.833
2026-08-22 06:09:00,696.51,697.77,696.0,697.19,1083.089
2026-08-22 06:12:00,697.18,697.18,693.25,694.49,2243.671
2026-08-22 06:15:00,694.48,697.5,694.48,696.42,1161.15
2026-08-22 06:18:00,696.42,696.9,695.0,696.76,547.043
2026-08-22 06:21:00,696.77,698.78,695.53,698.24,847.995
2026-08-22 06:24:00,698.24,698.8,697.25,697.26,549.93
2026-08-22 06:27:00,697.25,697.25,696.09,696.1,434.484
2026-08-22 06:30:00,696.1,696.1,692.49,694.05,1347.279
2026-08-22 06:33:00,694.06,694.58,693.01,694.55,504.983
2026-08-22 06:36:00,694.59,698.64,694.59,698.32,818.932
2026-08-22 06:39:00,698.32,700.13,698.14,699.18,850.21
2026-08-22 06:42:00,699.17,699.6,698.47,698.58,670.647
2026-08-22 06:45:00,698.58,699.88,698.58,699.21,562.102
2026-08-22 06:48:00,699.21,700.33,698.92,700.21,322.628
2026-08-22 06:51:00,700.22,700.56,698.53,699.81,678.195
2026-08-22 06:54:00,699.82,699.83,698.94,699.47,602.465
2026-08-22 06:57:00,699.47,700.91,699.31,700.81,515.954
2026-08-22 07:00:00,700.81,702.0,700.28,701.38,595.786
2026-08-22 07:03:00,701.37,703.15,701.34,702.74,997.238
2026-08-22 07:06:00,702.75,704.28,702.56,702.86,767.754
2026-08-22 07:09:00,702.86,702.86,699.44,699.84,909.382
2026-08-22 07:12:00,699.84,700.99,698.49,700.83,1650.1
2026-08-22 07:15:00,700.83,701.57,698.3,698.34,1058.393
2026-08-22 07:18:00,698.35,702.5,698.0,702.38,1675.15
2026-08-22 07:21:00,702.39,704.76,702.04,704.31,1307.591
2026-08-22 07:24:00,704.31,704.47,703.19,704.32,1434.612
2026-08-22 07:27:00,704.31,705.23,704.27,704.99,715.757
2026-08-22 07:30:00,704.99,705.76,704.71,705.23,1022.254
2026-08-22 07:33:00,705.22,705.7,703.74,704.95,1710.327
2026-08-22 07:36:00,704.94,707.12,704.52,706.48,1969.078
2026-08-22 07:39:00,706.47,708.37,704.55,705.62,1714.225
2026-08-22 07:42:00,705.61,706.85,705.61,706.2,630.789
2026-08-22 07:45:00,706.21,706.99,704.65,705.24,843.749
2026-08-22 07:48:00,705.24,706.22,705.0,705.96,670.941
2026-08-22 07:51:00,705.96,707.33,705.48,707.04,1570.465
2026-08-22 07:54:00,707.04,708.0,706.68,706.81,459.48
2026-08-22 07:57:00,706.8,706.96,705.25,706.06,1722.511
2026-08-22 08:00:00,706.07,708.18,706.06,708.18,710.914
2026-08-22 08:03:00,708.18,708.23,704.6,705.37,937.382
2026-08-22 08:06:00,705.36,707.0,705.32,706.5,578.662
2026-08-22 08:09:00,706.5,708.2,706.5,707.77,622.62
2026-08-22 08:12:00,707.77,710.0,707.75,709.2,1535.059
2026-08-22 08:15:00,709.21,709.25,706.55,706.55,440.533
2026-08-22 08:18:00,706.54,706.65,705.0,705.01,685.194
2026-08-22 08:21:00,705.01,705.42,704.26,704.26,364.57
2026-08-22 08:24:00,704.27,704.27,700.1,700.39,1165.654
2026-08-22 08:27:00,700.4,701.23,699.0,700.21,1093.846
2026-08-22 08:30:00,700.22,700.48,698.09,698.55,1338.54
2026-08-22 08:33:00,698.54,698.97,696.35,697.53,3009.611
2026-08-22 08:36:00,697.52,697.58,695.94,696.94,530.067
2026-08-22 08:39:00,696.93,698.15,696.79,697.37,704.809
2026-08-22 08:42:00,697.37,699.43,696.37,698.89,846.642
2026-08-22 08:45:00,698.88,698.88,695.99,696.86,1117.786
2026-08-22 08:48:00,696.86,698.0,696.6,698.0,414.07
2026-08-22 08:51:00,698.0,698.09,697.25,697.48,347.243
2026-08-22 08:54:00,697.47,697.58,697.0,697.58,235.082
2026-08-22 08:57:00,697.58,698.08,696.91,698.04,347.866
2026-08-22 09:00:00,698.05,698.5,695.94,695.95,1096.313
2026-08-22 09:03:00,695.94,695.94,692.9,694.44,3297.937
2026-08-22 09:06:00,694.44,694.95,693.61,694.95,1057.25
2026-08-22 09:09:00,694.95,697.33,694.87,696.85,657.133
2026-08-22 09:12:00,696.85,698.58,696.85,698.58,413.009
2026-08-22 09:15:00,698.59,699.51,697.9,699.1,851.604
2026-08-22 09:18:00,699.1,702.0,699.1,701.88,1014.144
2026-08-22 09:21:00,701.87,703.98,701.77,703.89,852.518
2026-08-22 09:24:00,703.88,703.89,701.11,702.21,1219.238
2026-08-22 09:27:00,702.21,702.33,700.44,701.72,756.551
2026-08-22 09:30:00,701.73,701.86,700.65,701.14,344.617
2026-08-22 09:33:00,701.14,701.56,700.24,700.74,261.421
2026-08-22 09:36:00,700.74,700.92,699.52,699.67,434.161
2026-08-22 09:39:00,699.67,700.75,699.0,700.44,403.957
2026-08-22 09:42:00,700.44,701.61,699.87,701.55,629.43
2026-08-22 09:45:00,701.54,701.58,698.05,698.14,1480.797
2026-08-22 09:48:00,698.13,698.76,696.99,698.25,636.51
2026-08-22 09:51:00,698.25,698.85,697.13,697.74,487.546
2026-08-22 09:54:00,697.78,697.99,696.5,697.2,389.513
2026-08-22 09:57:00,697.22,698.0,696.8,697.67,441.462
2026-08-22 10:00:00,697.68,697.91,694.88,694.89,849.701
2026-08-22 10:03:00,694.88,695.38,693.06,694.19,943.807
2026-08-22 10:06:00,694.18,694.18,691.0,691.46,2367.659
2026-08-22 10:09:00,691.46,692.21,690.48,690.56,926.909
2026-08-22 10:12:00,690.56,690.84,687.7,688.09,3919.714
2026-08-22 10:15:00,688.09,689.0,687.78,688.53,2336.513
2026-08-22 10:18:00,688.51,688.67,686.36,687.16,1155.938
2026-08-22 10:21:00,687.16,687.71,684.15,686.24,1891.527
2026-08-22 10:24:00,686.25,686.61,684.97,686.14,1017.815
2026-08-22 10:27:00,686.14,689.87,686.14,689.55,989.311
2026-08-22 10:30:00,689.52,690.28,688.54,689.58,416.249
2026-08-22 10:33:00,689.58,690.58,688.69,690.2,407.198
2026-08-22 10:36:00,690.2,691.14,690.07,691.14,336.733
2026-08-22 10:39:00,691.14,692.14,690.87,692.07,617.527
2026-08-22 10:42:00,692.06,692.51,691.54,692.2,433.385
2026-08-22 10:45:00,692.21,692.74,691.57,692.57,810.634
2026-08-22 10:48:00,692.57,692.74,691.8,692.45,168.339
2026-08-22 10:51:00,692.46,692.49,691.26,691.89,388.631
2026-08-22 10:54:00,691.89,691.98,690.44,690.52,465.295
2026-08-22 10:57:00,690.52,691.47,690.44,690.91,725.318
2026-08-22 11:00:00,690.91,691.52,689.77,689.97,743.468
2026-08-22 11:03:00,689.97,692.96,689.33,692.56,664.91
2026-08-22 11:06:00,692.57,692.61,690.74,690.82,457.225
2026-08-22 11:09:00,690.82,691.26,689.99,691.1,522.39
2026-08-22 11:12:00,691.1,691.9,691.1,691.15,101.821
2026-08-22 11:15:00,691.14,691.63,690.43,690.96,268.392
2026-08-22 11:18:00,690.97,691.1,690.12,690.93,162.016
2026-08-22 11:21:00,690.92,691.11,689.74,690.74,438.396
2026-08-22 11:24:00,690.74,691.33,690.28,691.2,210.461
2026-08-22 11:27:00,691.19,691.89,690.79,691.85,410.4
2026-08-22 11:30:00,691.85,693.58,691.64,693.15,457.112
2026-08-22 11:33:00,693.16,694.0,693.01,693.75,255.648
2026-08-22 11:36:00,693.74,694.99,693.74,694.81,626.778
2026-08-22 11:39:00,694.8,695.5,694.72,694.91,399.745
2026-08-22 11:42:00,694.9,695.08,694.27,694.92,170.731
2026-08-22 11:45:00,694.91,695.17,694.42,694.81,238.97
2026-08-22 11:48:00,694.81,694.85,693.52,693.75,152.013
2026-08-22 11:51:00,693.74,694.05,693.23,693.87,205.206
2026-08-22 11:54:00,693.87,694.22,693.78,694.22,179.332
2026-08-22 11:57:00,694.21,694.62,694.08,694.17,139.698
2026-08-22 12:00:00,694.18,695.73,692.87,694.97,321.541
2026-08-22 12:03:00,694.97,694.97,693.15,693.6,239.835
2026-08-22 12:06:00,693.59,695.75,693.58,695.74,250.636
2026-08-22 12:09:00,695.74,696.77,695.29,696.04,588.761
2026-08-22 12:12:00,696.04,696.52,695.54,696.07,695.562
2026-08-22 12:15:00,696.07,696.75,695.81,696.3,396.858
2026-08-22 12:18:00,696.29,697.25,696.14,696.83,513.696
2026-08-22 12:21:00,696.83,697.71,696.65,697.71,418.182
2026-08-22 12:24:00,697.7,698.1,697.23,697.71,412.612
2026-08-22 12:27:00,697.71,698.0,697.26,697.67,502.735
2026-08-22 12:30:00,697.68,698.07,696.89,697.36,366.141
2026-08-22 12:33:00,697.37,697.5,694.7,694.89,693.155
2026-08-22 12:36:00,694.89,696.56,694.89,695.91,474.69
2026-08-22 12:39:00,695.9,696.32,695.35,695.83,268.596
2026-08-22 12:42:00,695.82,696.44,695.77,696.44,95.592
2026-08-22 12:45:00,696.43,696.76,696.06,696.76,362.701
2026-08-22 12:48:00,696.76,696.95,695.6,695.97,433.969
2026-08-22 12:51:00,695.96,695.98,695.14,695.47,115.275
2026-08-22 12:54:00,695.46,695.46,694.33,694.91,592.171
2026-08-22 12:57:00,694.92,695.35,694.7,694.71,280.751
2026-08-22 13:00:00,694.71,695.08,693.15,693.85,451.764
2026-08-22 13:03:00,693.85,694.34,692.99,693.96,330.284
2026-08-22 13:06:00,693.95,694.69,693.8,694.11,247.968
2026-08-22 13:09:00,694.1,695.04,694.08,694.48,177.853
2026-08-22 13:12:00,694.5,695.22,694.5,695.07,123.55
2026-08-22 13:15:00,695.08,696.09,694.47,694.47,341.112
2026-08-22 13:18:00,694.47,694.63,693.2,693.36,400.51
2026-08-22 13:21:00,693.36,694.21,693.26,693.8,314.416
2026-08-22 13:24:00,693.79,695.45,693.79,695.34,305.169
2026-08-22 13:27:00,695.35,695.4,694.26,694.45,158.408
2026-08-22 13:30:00,694.44,695.3,693.86,694.06,270.062
2026-08-22 13:33:00,694.07,694.32,693.0,693.12,449.934
2026-08-22 13:36:00,693.12,693.92,692.23,693.79,1666.363
2026-08-22 13:39:00,693.8,693.81,692.5,692.51,247.029
2026-08-22 13:42:00,692.51,692.99,692.47,692.99,345.556
2026-08-22 13:45:00,692.99,694.9,692.99,694.69,362.048
2026-08-22 13:48:00,694.69,695.18,693.53,694.58,704.797
2026-08-22 13:51:00,694.58,695.83,694.34,695.01,418.023
2026-08-22 13:54:00,695.01,695.26,694.38,694.39,469.632
2026-08-22 13:57:00,694.39,695.44,694.39,695.24,383.284
2026-08-22 14:00:00,695.25,695.87,693.86,693.87,417.689
2026-08-22 14:03:00,693.86,693.86,692.71,692.71,434.339
2026-08-22 14:06:00,692.71,692.76,690.0,691.13,1370.224
2026-08-22 14:09:00,691.12,692.34,691.04,692.11,425.956
2026-08-22 14:12:00,692.1,692.86,691.79,692.55,304.766
2026-08-22 14:15:00,692.56,693.7,692.27,692.3,524.356
2026-08-22 14:18:00,692.31,693.54,691.5,692.34,571.254
2026-08-22 14:21:00,692.34,693.66,692.24,693.53,541.855
2026-08-22 14:24:00,693.53,693.62,692.59,693.21,1281.07
2026-08-22 14:27:00,693.21,694.73,692.51,694.44,3878.946
2026-08-22 14:30:00,694.44,694.8,693.44,694.47,496.241
2026-08-22 14:33:00,694.48,695.84,694.48,694.82,3919.305
2026-08-22 14:36:00,694.81,695.36,693.7,693.71,445.562
2026-08-22 14:39:00,693.71,694.1,692.7,693.5,343.664
2026-08-22 14:42:00,693.49,693.86,692.47,692.48,152.491
2026-08-22 14:45:00,692.48,692.94,692.08,692.35,313.195
2026-08-22 14:48:00,692.35,692.53,691.19,691.6,484.402
2026-08-22 14:51:00,691.6,692.07,690.64,690.93,634.026
2026-08-22 14:54:00,690.92,691.62,690.24,691.34,382.442
2026-08-22 14:57:00,691.41,692.1,691.13,691.92,258.059
2026-08-22 15:00:00,691.91,692.89,690.9,692.8,629.915
2026-08-22 15:03:00,692.79,693.2,691.75,692.65,311.949
2026-08-22 15:06:00,692.66,692.84,691.15,691.62,231.141
2026-08-22 15:09:00,691.63,692.91,690.74,692.49,800.499
2026-08-22 15:12:00,692.49,692.5,690.6,690.6,242.897
2026-08-22 15:15:00,690.61,691.83,690.5,691.1,450.953
2026-08-22 15:18:00,691.1,691.19,690.08,690.22,1005.926
2026-08-22 15:21:00,690.22,690.52,688.78,690.1,783.848
2026-08-22 15:24:00,690.11,691.0,690.0,690.77,723.707
2026-08-22 15:27:00,690.76,691.0,690.2,690.67,383.683
2026-08-22 15:30:00,690.68,690.94,690.17,690.51,619.587
2026-08-22 15:33:00,690.51,691.0,690.41,690.92,1175.486
2026-08-22 15:36:00,690.92,690.92,689.66,689.77,381.722
2026-08-22 15:39:00,689.78,690.35,689.47,690.28,133.371
2026-08-22 15:42:00,690.28,690.76,689.85,690.6,138.204
2026-08-22 15:45:00,690.59,690.93,690.04,690.18,93.116
2026-08-22 15:48:00,690.18,690.55,689.63,689.64,175.019
2026-08-22 15:51:00,689.64,689.85,688.33,688.54,851.015
2026-08-22 15:54:00,688.54,689.68,688.4,688.7,286.188
2026-08-22 15:57:00,688.7,689.26,688.45,688.45,512.444
2026-08-22 16:00:00,688.46,690.0,688.36,689.74,482.316
2026-08-22 16:03:00,689.74,690.52,689.2,690.36,223.229
2026-08-22 16:06:00,690.37,690.97,690.36,690.78,377.946
2026-08-22 16:09:00,690.78,690.81,690.06,690.42,366.432
2026-08-22 16:12:00,690.42,691.37,689.41,691.36,781.889
2026-08-22 16:15:00,691.36,693.21,691.36,693.2,468.869
2026-08-22 16:18:00,693.2,693.79,693.06,693.46,234.094
2026-08-22 16:21:00,693.46,694.51,693.46,694.47,516.654
2026-08-22 16:24:00,694.47,694.86,694.37,694.45,376.664
2026-08-22 16:27:00,694.44,694.92,694.3,694.68,156.971
2026-08-22 16:30:00,694.69,695.27,694.69,694.99,283.169
2026-08-22 16:33:00,694.99,695.02,694.05,694.85,252.326
2026-08-22 16:36:00,694.85,695.86,694.85,695.74,267.916
2026-08-22 16:39:00,695.74,696.94,695.68,695.89,425.578
2026-08-22 16:42:00,695.89,696.91,695.86,696.57,244.159
2026-08-22 16:45:00,696.56,697.42,696.36,697.24,424.788
2026-08-22 16:48:00,697.24,697.24,696.51,696.51,207.791
2026-08-22 16:51:00,696.52,697.0,696.51,696.69,254.261
2026-08-22 16:54:00,696.69,697.14,696.68,696.75,102.396
2026-08-22 16:57:00,696.75,697.02,696.33,696.43,125.04
2026-08-22 17:00:00,696.44,696.66,695.9,695.9,103.819
2026-08-22 17:03:00,695.89,695.95,695.1,695.3,347.782
2026-08-22 17:06:00,695.29,696.16,695.17,696.02,108.377
2026-08-22 17:09:00,696.01,696.4,695.85,696.4,104.747
2026-08-22 17:12:00,696.4,696.43,696.03,696.32,158.412
2026-08-22 17:15:00,696.32,696.72,696.27,696.51,118.006
2026-08-22 17:18:00,696.5,697.0,696.28,696.4,159.689
2026-08-22 17:21:00,696.4,696.93,696.31,696.48,130.214
2026-08-22 17:24:00,696.49,696.52,696.16,696.41,77.348
2026-08-22 17:27:00,696.41,696.42,694.01,694.22,449.874
2026-08-22 17:30:00,694.23,696.0,694.23,695.99,242.168
2026-08-22 17:33:00,696.0,696.48,695.65,696.48,132.414
2026-08-22 17:36:00,696.48,696.48,695.7,695.86,97.003
2026-08-22 17:39:00,695.85,696.4,695.39,696.39,146.443
2026-08-22 17:42:00,696.39,696.61,696.01,696.46,139.212
2026-08-22 17:45:00,696.45,696.53,696.03,696.46,114.863
2026-08-22 17:48:00,696.45,697.8,696.44,697.75,285.492
2026-08-22 17:51:00,697.74,698.07,696.93,697.08,217.23
2026-08-22 17:54:00,697.07,697.13,696.58,696.59,131.689
2026-08-22 17:57:00,696.58,696.69,696.1,696.15,95.31
2026-08-22 18:00:00,696.16,697.28,696.0,697.01,279.842
2026-08-22 18:03:00,697.01,697.62,696.57,697.62,136.189
2026-08-22 18:06:00,697.61,697.61,696.55,696.56,149.795
2026-08-22 18:09:00,696.56,696.78,696.14,696.45,135.165
2026-08-22 18:12:00,696.46,696.93,696.35,696.8,173.852
2026-08-22 18:15:00,696.81,697.52,696.79,697.26,110.259
2026-08-22 18:18:00,697.26,697.92,697.26,697.84,115.748
2026-08-22 18:21:00,697.83,698.29,697.65,697.85,86.292
2026-08-22 18:24:00,697.86,698.13,697.74,698.0,106.631
2026-08-22 18:27:00,698.01,698.5,697.91,698.07,96.723
2026-08-22 18:30:00,698.07,698.98,698.07,698.26,566.324
2026-08-22 18:33:00,698.25,698.69,698.2,698.36,123.852
2026-08-22 18:36:00,698.36,698.43,697.75,697.91,102.173
2026-08-22 18:39:00,697.92,698.72,697.58,698.72,258.757
2026-08-22 18:42:00,698.72,698.87,697.36,697.36,98.623
2026-08-22 18:45:00,697.36,698.18,696.68,697.6,322.734
2026-08-22 18:48:00,697.6,697.9,697.18,697.45,243.82
2026-08-22 18:51:00,697.44,697.44,696.38,696.38,190.558
2026-08-22 18:54:00,696.38,697.82,696.38,697.82,148.267
2026-08-22 18:57:00,697.83,698.3,697.83,698.3,83.667
2026-08-22 19:00:00,698.31,698.74,697.83,698.58,110.339
2026-08-22 19:03:00,698.58,698.71,698.14,698.54,154.572
2026-08-22 19:06:00,698.53,698.64,697.57,697.85,91.481
2026-08-22 19:09:00,697.85,698.77,697.66,698.72,177.437
2026-08-22 19:12:00,698.72,699.0,698.57,698.78,59.471
2026-08-22 19:15:00,698.78,699.16,698.35,698.38,137.763
2026-08-22 19:18:00,698.37,698.71,697.46,697.59,137.617
2026-08-22 19:21:00,697.59,697.63,697.22,697.63,44.519
2026-08-22 19:24:00,697.62,697.62,696.6,697.23,156.549
2026-08-22 19:27:00,697.22,697.36,696.91,697.0,64.817
2026-08-22 19:30:00,696.99,698.27,696.99,698.27,186.621
2026-08-22 19:33:00,698.27,698.29,697.76,697.89,68.505
2026-08-22 19:36:00,697.88,698.03,697.44,697.81,187.558
2026-08-22 19:39:00,697.8,698.16,697.59,697.84,50.587
2026-08-22 19:42:00,697.84,698.46,697.6,698.45,100.617
2026-08-22 19:45:00,698.45,698.89,698.19,698.62,193.261
2026-08-22 19:48:00,698.62,698.92,698.45,698.91,90.466
2026-08-22 19:51:00,698.91,699.71,698.52,699.43,369.51
2026-08-22 19:54:00,699.42,699.42,698.96,699.11,216.375
2026-08-22 19:57:00,699.11,699.11,698.53,698.6,98.818
2026-08-22 20:00:00,698.61,699.12,697.63,697.63,146.973
2026-08-22 20:03:00,697.64,698.62,697.63,698.16,171.618
2026-08-22 20:06:00,698.16,699.35,698.16,699.34,130.935
2026-08-22 20:09:00,699.35,700.0,699.34,699.84,334.631
2026-08-22 20:12:00,699.84,699.85,699.23,699.36,134.179
2026-08-22 20:15:00,699.35,699.62,699.2,699.32,111.622
2026-08-22 20:18:00,699.32,699.88,699.06,699.17,381.308
2026-08-22 20:21:00,699.17,699.6,699.13,699.4,150.147
2026-08-22 20:24:00,699.4,699.81,699.04,699.72,482.723
2026-08-22 20:27:00,699.71,699.71,698.95,698.95,142.174
2026-08-22 20:30:00,698.95,699.45,698.83,698.88,86.768
2026-08-22 20:33:00,698.89,699.03,698.0,698.01,269.276
2026-08-22 20:36:00,698.0,699.25,697.85,699.25,283.628
2026-08-22 20:39:00,699.24,700.36,699.11,699.28,753.555
2026-08-22 20:42:00,699.28,699.54,698.88,698.97,166.368
2026-08-22 20:45:00,698.97,699.5,698.92,699.06,129.379
2026-08-22 20:48:00,699.06,699.41,698.75,699.19,154.126
2026-08-22 20:51:00,699.19,699.44,698.75,699.0,158.727
2026-08-22 20:54:00,699.01,699.04,697.49,697.6,362.93
2026-08-22 20:57:00,697.6,698.02,697.25,697.84,329.604
2026-08-22 21:00:00,697.84,697.84,695.49,695.56,601.574
2026-08-22 21:03:00,695.55,695.55,693.77,695.0,779.17
2026-08-22 21:06:00,695.0,695.76,694.94,695.51,714.513
2026-08-22 21:09:00,695.51,695.63,693.84,694.08,548.229
2026-08-22 21:12:00,694.08,694.28,693.38,693.39,845.022
2026-08-22 21:15:00,693.38,695.94,693.38,695.94,437.16
2026-08-22 21:18:00,695.95,696.82,695.5,696.81,157.101
2026-08-22 21:21:00,696.81,697.38,696.21,697.38,237.2
2026-08-22 21:24:00,697.38,697.69,696.71,697.59,367.01
2026-08-22 21:27:00,697.59,697.95,697.59,697.78,201.728
2026-08-22 21:30:00,697.78,697.78,695.58,696.11,282.531
2026-08-22 21:33:00,696.1,696.7,695.47,695.48,252.564
2026-08-22 21:36:00,695.47,695.48,693.43,694.58,504.258
2026-08-22 21:39:00,694.57,694.59,693.49,693.96,318.23
2026-08-22 21:42:00,693.96,694.97,693.46,694.75,221.174
2026-08-22 21:45:00,694.75,694.76,693.26,693.27,153.175
2026-08-22 21:48:00,693.26,693.67,693.11,693.32,84.8
2026-08-22 21:51:00,693.31,693.31,692.26,692.81,257.097
2026-08-22 21:54:00,692.81,693.35,692.0,692.64,336.38
2026-08-22 21:57:00,692.63,693.34,692.44,692.72,232.154
2026-08-22 22:00:00,692.72,694.43,691.87,692.06,339.269
2026-08-22 22:03:00,692.07,695.0,691.98,695.0,279.429
2026-08-22 22:06:00,695.0,696.44,694.8,696.42,150.106
2026-08-22 22:09:00,696.36,696.55,695.24,695.49,155.99
2026-08-22 22:12:00,695.5,696.43,695.32,696.16,64.911
2026-08-22 22:15:00,696.15,696.55,695.81,696.02,112.075
2026-08-22 22:18:00,696.03,696.39,695.18,696.08,111.25
2026-08-22 22:21:00,696.07,696.23,695.66,696.12,50.573
2026-08-22 22:24:00,696.11,697.07,696.11,696.36,198.365
2026-08-22 22:27:00,696.36,696.9,696.2,696.46,188.997
2026-08-22 22:30:00,696.46,696.53,695.21,695.39,128.915
2026-08-22 22:33:00,695.39,696.68,694.29,696.37,325.916
2026-08-22 22:36:00,696.36,696.54,693.76,694.81,1981.734
2026-08-22 22:39:00,694.82,694.99,694.17,694.23,161.26
2026-08-22 22:42:00,694.22,694.72,693.83,694.56,160.257
2026-08-22 22:45:00,694.57,694.79,693.91,694.44,187.703
2026-08-22 22:48:00,694.42,694.47,693.78,693.83,97.278
2026-08-22 22:51:00,693.82,694.95,693.77,694.22,313.319
2026-08-22 22:54:00,694.21,694.47,693.56,693.57,70.275
2026-08-22 22:57:00,693.57,693.71,693.24,693.67,147.117
2026-08-22 23:00:00,693.68,693.97,692.31,693.42,321.679
2026-08-22 23:03:00,693.43,693.83,693.16,693.36,99.348
2026-08-22 23:06:00,693.35,694.0,693.2,693.83,34.056
2026-08-22 23:09:00,693.84,694.07,693.01,693.6,91.692
2026-08-22 23:12:00,693.6,693.78,692.75,693.18,49.662
2026-08-22 23:15:00,693.19,693.48,692.91,693.46,91.05
2026-08-22 23:18:00,693.46,693.85,693.14,693.82,103.815
2026-08-22 23:21:00,693.82,693.83,693.19,693.81,137.006
2026-08-22 23:24:00,693.81,693.81,693.15,693.44,140.8
2026-08-22 23:27:00,693.45,693.45,692.87,693.08,87.945
2026-08-22 23:30:00,693.09,693.31,692.61,692.76,197.666
2026-08-22 23:33:00,692.75,692.76,691.89,691.99,254.818
2026-08-22 23:36:00,691.99,692.75,691.35,692.68,308.607
2026-08-22 23:39:00,692.69,693.35,692.68,693.22,58.488
2026-08-22 23:42:00,693.23,693.7,692.93,693.15,144.298
2026-08-22 23:45:00,693.15,693.7,693.07,693.6,108.872
2026-08-22 23:48:00,693.6,695.4,693.6,695.4,474.325
2026-08-22 23:51:00,695.4,696.0,695.29,695.71,229.627
2026-08-22 23:54:00,695.71,696.28,695.63,695.95,164.464
2026-08-22 23:57:00,695.95,696.08,695.23,695.28,117.552
2026-08-23 00:00:00,695.28,696.06,695.2,695.91,136.045
2026-08-23 00:03:00,695.91,695.98,695.2,695.74,205.722
2026-08-23 00:06:00,695.75,695.75,695.09,695.2,149.393
2026-08-23 00:09:00,695.19,695.19,694.07,694.07,172.714
2026-08-23 00:12:00,694.07,695.0,693.65,694.69,240.904
2026-08-23 00:15:00,694.68,695.39,694.44,695.08,71.849
2026-08-23 00:18:00,695.07,695.74,694.7,695.26,127.276
2026-08-23 00:21:00,695.26,695.95,695.25,695.61,206.61
2026-08-23 00:24:00,695.62,697.43,695.51,697.38,592.811
2026-08-23 00:27:00,697.39,698.3,697.39,698.27,528.216
2026-08-23 00:30:00,698.26,698.97,698.04,698.78,410.016
2026-08-23 00:33:00,698.77,699.0,698.41,698.91,164.95
2026-08-23 00:36:00,698.91,700.5,698.81,699.47,877.615
2026-08-23 00:39:00,699.47,700.06,698.92,699.12,336.465
2026-08-23 00:42:00,699.13,699.55,698.99,699.09,268.449
2026-08-23 00:45:00,699.08,699.71,699.0,699.71,210.579
2026-08-23 00:48:00,699.71,700.35,699.56,700.2,234.631
2026-08-23 00:51:00,700.19,701.79,700.19,701.31,492.318
2026-08-23 00:54:00,701.31,701.7,700.02,700.73,270.319
2026-08-23 00:57:00,700.72,701.4,700.57,700.7,290.874
2026-08-23 01:00:00,700.7,700.7,699.12,699.21,469.902
2026-08-23 01:03:00,699.2,699.27,697.61,698.85,454.937
2026-08-23 01:06:00,698.85,699.07,697.27,698.53,380.184
2026-08-23 01:09:00,698.53,698.97,698.43,698.74,320.286
2026-08-23 01:12:00,698.74,700.0,698.34,699.99,356.84
2026-08-23 01:15:00,699.99,700.16,698.37,698.75,222.77
2026-08-23 01:18:00,698.75,699.93,698.45,699.93,209.151
2026-08-23 01:21:00,699.93,700.79,699.92,700.27,582.512
2026-08-23 01:24:00,700.27,700.53,699.4,699.85,215.856
2026-08-23 01:27:00,699.85,699.92,699.53,699.91,123.199
2026-08-23 01:30:00,699.92,700.36,698.73,698.73,191.741
2026-08-23 01:33:00,698.73,698.97,697.93,698.81,629.2
2026-08-23 01:36:00,698.81,699.44,698.54,698.9,319.481
2026-08-23 01:39:00,698.9,699.67,698.73,698.9,488.1
2026-08-23 01:42:00,698.89,699.29,697.82,699.03,412.13
2026-08-23 01:45:00,699.02,699.57,698.69,698.96,175.075
2026-08-23 01:48:00,698.97,699.02,698.1,698.74,114.859
2026-08-23 01:51:00,698.74,698.94,698.2,698.39,167.586
2026-08-23 01:54:00,698.39,698.64,697.18,697.53,270.611
2026-08-23 01:57:00,697.54,698.49,697.21,698.23,264.962
2026-08-23 02:00:00,698.23,698.23,697.68,697.72,63.968
2026-08-23 02:03:00,697.73,698.11,696.69,696.82,250.698
2026-08-23 02:06:00,696.83,697.27,696.18,696.19,283.23
2026-08-23 02:09:00,696.18,696.37,695.46,695.46,378.016
2026-08-23 02:12:00,695.46,695.99,694.23,694.36,778.891
2026-08-23 02:15:00,694.35,695.43,694.2,694.7,603.357
2026-08-23 02:18:00,694.7,695.0,693.78,694.09,402.999
2026-08-23 02:21:00,694.08,694.08,692.45,692.87,648.653
2026-08-23 02:24:00,692.86,694.24,692.45,693.85,273.072
2026-08-23 02:27:00,693.84,694.3,693.32,694.3,363.468
2026-08-23 02:30:00,694.3,696.03,694.22,696.03,249.493
2026-08-23 02:33:00,696.02,696.51,695.76,695.76,164.439
2026-08-23 02:36:00,695.77,695.77,695.04,695.13,164.264
2026-08-23 02:39:00,695.13,695.6,695.01,695.07,258.481
2026-08-23 02:42:00,695.07,695.22,694.68,694.75,149.694
2026-08-23 02:45:00,694.74,694.88,694.14,694.85,191.812
2026-08-23 02:48:00,694.86,695.6,694.56,695.2,232.576
2026-08-23 02:51:00,695.21,696.81,694.54,694.54,1054.3
2026-08-23 02:54:00,694.53,694.54,694.05,694.22,191.412
2026-08-23 02:57:00,694.21,694.31,693.92,694.0,119.172
2026-08-23 03:00:00,694.01,694.55,693.92,694.07,208.057
2026-08-23 03:03:00,694.06,694.47,693.67,693.68,166.042
2026-08-23 03:06:00,693.68,693.68,693.12,693.22,232.371
2026-08-23 03:09:00,693.22,693.7,693.04,693.44,148.589
2026-08-23 03:12:00,693.44,694.67,693.44,694.37,164.274
2026-08-23 03:15:00,694.37,694.86,693.63,694.73,172.605
2026-08-23 03:18:00,694.73,695.19,693.46,693.65,225.522
2026-08-23 03:21:00,693.65,693.71,691.81,691.82,790.016
2026-08-23 03:24:00,691.82,692.12,691.25,692.11,531.316
2026-08-23 03:27:00,692.12,692.16,691.16,691.32,281.518
2026-08-23 03:30:00,691.32,691.4,689.96,689.96,811.156
2026-08-23 03:33:00,689.97,690.07,689.27,689.6,480.536
2026-08-23 03:36:00,689.6,690.77,689.41,689.48,981.86
2026-08-23 03:39:00,689.48,690.2,688.9,689.86,361.479
2026-08-23 03:42:00,689.86,689.86,688.78,689.1,410.853
2026-08-23 03:45:00,689.1,689.93,688.57,689.44,783.297
2026-08-23 03:48:00,689.43,689.89,688.2,689.19,2328.923
2026-08-23 03:51:00,689.18,689.55,689.08,689.54,172.112
2026-08-23 03:54:00,689.54,689.62,689.1,689.58,216.115
2026-08-23 03:57:00,689.58,689.76,689.31,689.31,344.001
2026-08-23 04:00:00,689.32,689.84,688.8,689.04,291.474
2026-08-23 04:03:00,689.03,689.03,687.23,687.98,784.58
2026-08-23 04:06:00,687.98,689.0,686.78,687.53,1081.657
2026-08-23 04:09:00,687.53,688.44,687.12,688.06,499.721
2026-08-23 04:12:00,688.06,689.99,688.01,689.78,176.621
2026-08-23 04:15:00,689.79,690.37,688.94,689.23,308.767
2026-08-23 04:18:00,689.22,689.49,687.21,687.5,394.518
2026-08-23 04:21:00,687.5,688.15,686.97,687.48,615.539
2026-08-23 04:24:00,687.49,688.32,687.48,688.28,131.928
2026-08-23 04:27:00,688.27,688.49,687.57,687.61,249.469
2026-08-23 04:30:00,687.6,687.75,686.86,687.04,235.705
2026-08-23 04:33:00,687.05,687.18,685.71,685.82,883.951
2026-08-23 04:36:00,685.82,687.12,685.78,687.03,283.838
2026-08-23 04:39:00,687.02,687.97,686.65,686.72,501.192
2026-08-23 04:42:00,686.72,686.87,685.71,686.0,463.552
2026-08-23 04:45:00,685.99,686.1,684.45,684.58,1206.503
2026-08-23 04:48:00,684.58,684.79,681.03,682.02,3288.197
2026-08-23 04:51:00,682.02,684.13,682.02,683.03,1223.615
2026-08-23 04:54:00,683.02,683.31,682.57,682.64,432.51
2026-08-23 04:57:00,682.63,682.9,681.91,681.99,954.256
2026-08-23 05:00:00,681.99,684.04,681.64,681.9,896.752
2026-08-23 05:03:00,681.9,683.65,681.89,682.64,1095.646
2026-08-23 05:06:00,682.64,682.95,681.18,681.66,657.815
2026-08-23 05:09:00,681.65,682.51,680.07,681.97,2243.087
2026-08-23 05:12:00,681.97,682.78,680.11,680.39,890.398
2026-08-23 05:15:00,680.39,681.12,676.98,678.8,2411.048
2026-08-23 05:18:00,678.79,681.91,677.89,681.87,1640.537
2026-08-23 05:21:00,681.87,683.5,681.72,683.49,634.609
2026-08-23 05:24:00,683.49,685.0,683.38,684.01,940.435
2026-08-23 05:27:00,684.02,684.61,683.27,683.27,419.946
2026-08-23 05:30:00,683.26,684.24,682.89,683.66,545.47
2026-08-23 05:33:00,683.66,684.64,682.86,683.95,956.2
2026-08-23 05:36:00,683.95,684.66,682.61,683.66,998.25
2026-08-23 05:39:00,683.66,685.31,683.11,685.01,526.71
2026-08-23 05:42:00,685.02,685.4,683.49,683.8,414.877
2026-08-23 05:45:00,683.8,684.74,683.8,683.98,330.154
2026-08-23 05:48:00,683.97,684.77,683.85,684.1,302.06
2026-08-23 05:51:00,684.1,684.3,683.05,683.94,222.932
2026-08-23 05:54:00,683.95,684.28,683.39,683.85,161.913
2026-08-23 05:57:00,683.86,684.0,682.92,682.92,146.392
2026-08-23 06:00:00,682.93,683.67,682.35,683.66,573.056
2026-08-23 06:03:00,683.67,683.94,682.87,683.24,262.199
2026-08-23 06:06:00,683.23,683.29,681.97,682.33,255.867
2026-08-23 06:09:00,682.32,682.47,680.12,682.0,1046.048
2026-08-23 06:12:00,682.0,683.4,681.32,682.94,608.528
2026-08-23 06:15:00,682.93,685.0,682.69,684.78,926.684
2026-08-23 06:18:00,684.79,685.95,684.15,685.94,609.743
2026-08-23 06:21:00,685.94,685.95,685.0,685.69,202.014
2026-08-23 06:24:00,685.69,686.0,685.25,685.28,165.362
2026-08-23 06:27:00,685.28,685.41,684.82,685.36,162.999
2026-08-23 06:30:00,685.36,686.65,685.35,686.38,213.035
2026-08-23 06:33:00,686.38,686.97,686.38,686.49,169.27
2026-08-23 06:36:00,686.47,686.47,685.62,685.81,168.901
2026-08-23 06:39:00,685.82,686.6,685.27,686.42,353.351
2026-08-23 06:42:00,686.43,686.7,685.95,686.17,158.853
2026-08-23 06:45:00,686.17,686.36,685.6,685.87,73.8
2026-08-23 06:48:00,685.88,686.03,684.92,685.14,164.426
2026-08-23 06:51:00,685.13,685.24,684.67,684.7,302.366
2026-08-23 06:54:00,684.7,684.96,684.27,684.48,122.241
2026-08-23 06:57:00,684.48,685.0,684.29,684.91,107.771
2026-08-23 07:00:00,684.92,685.4,684.54,684.98,255.167
2026-08-23 07:03:00,684.98,687.08,684.38,686.83,800.567
2026-08-23 07:06:00,686.83,687.35,686.83,687.21,221.929
2026-08-23 07:09:00,687.2,687.67,687.01,687.52,283.623
2026-08-23 07:12:00,687.52,688.25,687.52,688.25,392.977
2026-08-23 07:15:00,688.25,688.93,688.1,688.69,404.686
2026-08-23 07:18:00,688.69,689.0,688.32,688.32,265.624
2026-08-23 07:21:00,688.33,688.39,687.36,687.87,219.574
2026-08-23 07:24:00,687.87,687.9,686.81,687.16,433.4
2026-08-23 07:27:00,687.16,687.51,687.01,687.36,251.155
2026-08-23 07:30:00,687.35,687.41,686.71,687.17,81.661
2026-08-23 07:33:00,687.17,687.24,686.11,686.81,223.861
2026-08-23 07:36:00,686.8,686.8,686.1,686.28,127.432
2026-08-23 07:39:00,686.28,687.04,686.28,687.04,137.955
2026-08-23 07:42:00,687.03,687.43,686.79,686.89,375.613
2026-08-23 07:45:00,686.88,687.36,685.86,686.32,526.501
2026-08-23 07:48:00,686.32,686.59,685.96,686.24,226.611
2026-08-23 07:51:00,686.24,687.64,686.24,687.39,188.333
2026-08-23 07:54:00,687.39,687.67,683.76,684.99,1238.368
2026-08-23 07:57:00,684.99,685.11,683.0,683.95,1371.359
2026-08-23 08:00:00,683.95,684.35,683.53,684.35,187.907
2026-08-23 08:03:00,684.34,685.24,684.04,684.99,231.39
2026-08-23 08:06:00,685.0,685.71,684.88,685.71,328.828
2026-08-23 08:09:00,685.71,687.69,685.7,686.93,771.626
2026-08-23 08:12:00,686.92,688.91,686.87,687.85,797.897
2026-08-23 08:15:00,687.85,688.46,687.8,688.4,221.692
2026-08-23 08:18:00,688.41,688.98,688.2,688.3,293.599
2026-08-23 08:21:00,688.3,688.54,688.05,688.2,112.082
2026-08-23 08:24:00,688.2,688.2,687.59,687.65,201.56
2026-08-23 08:27:00,687.66,687.98,687.5,687.85,135.376
2026-08-23 08:30:00,687.86,688.32,687.82,688.3,121.697
2026-08-23 08:33:00,688.29,688.65,687.99,688.3,666.634
2026-08-23 08:36:00,688.29,689.5,688.24,689.14,975.152
2026-08-23 08:39:00,689.13,690.0,688.47,688.56,373.831
2026-08-23 08:42:00,688.56,689.43,688.55,689.21,307.456
2026-08-23 08:45:00,689.2,689.83,689.1,689.12,315.839
2026-08-23 08:48:00,689.13,689.62,688.9,688.9,158.269
2026-08-23 08:51:00,688.91,689.65,688.85,689.27,199.726
2026-08-23 08:54:00,689.27,689.41,688.4,688.62,354.606
2026-08-23 08:57:00,688.63,689.28,688.5,689.04,431.714
2026-08-23 09:00:00,689.04,689.36,688.05,689.36,144.575
2026-08-23 09:03:00,689.37,689.92,689.2,689.83,295.57
2026-08-23 09:06:00,689.84,689.84,689.23,689.42,237.239
2026-08-23 09:09:00,689.42,689.8,689.22,689.24,133.703
2026-08-23 09:12:00,689.23,689.4,689.0,689.02,151.397
2026-08-23 09:15:00,689.02,689.31,688.37,688.57,103.181
2026-08-23 09:18:00,688.57,689.07,688.46,688.56,206.85
2026-08-23 09:21:00,688.56,688.64,688.14,688.49,81.082
2026-08-23 09:24:00,688.49,688.92,688.16,688.92,102.37
2026-08-23 09:27:00,688.91,689.1,688.56,688.6,218.693
2026-08-23 09:30:00,688.6,688.6,687.55,687.92,136.313
2026-08-23 09:33:00,687.92,687.99,687.31,687.83,217.4
2026-08-23 09:36:00,687.83,688.42,687.7,687.8,70.07
2026-08-23 09:39:00,687.8,688.4,687.65,688.13,112.352
2026-08-23 09:42:00,688.14,688.37,687.98,688.08,139.912
2026-08-23 09:45:00,688.09,688.37,687.73,688.28,105.029
2026-08-23 09:48:00,688.29,688.85,688.29,688.72,105.491
2026-08-23 09:51:00,688.72,689.34,688.72,689.04,264.655
2026-08-23 09:54:00,689.05,689.76,689.04,689.43,393.832
2026-08-23 09:57:00,689.43,689.56,689.09,689.13,299.697
2026-08-23 10:00:00,689.13,689.7,689.09,689.51,342.929
2026-08-23 10:03:00,689.51,689.75,689.33,689.75,322.468
2026-08-23 10:06:00,689.75,690.2,689.74,689.87,688.352
2026-08-23 10:09:00,689.87,690.2,689.51,689.51,568.17
2026-08-23 10:12:00,689.51,690.11,689.47,690.11,319.849
2026-08-23 10:15:00,690.11,690.5,689.71,689.99,693.259
2026-08-23 10:18:00,690.0,690.06,689.75,690.0,1387.678
2026-08-23 10:21:00,689.99,691.41,689.99,691.27,978.05
2026-08-23 10:24:00,691.27,691.72,691.26,691.54,624.607
2026-08-23 10:27:00,691.54,691.74,691.1,691.16,266.034
2026-08-23 10:30:00,691.15,691.81,691.15,691.58,261.76
2026-08-23 10:33:00,691.58,692.12,691.58,691.75,285.757
2026-08-23 10:36:00,691.75,692.2,691.32,691.49,341.382
2026-08-23 10:39:00,691.48,691.48,690.76,691.07,190.963
2026-08-23 10:42:00,691.08,691.21,690.63,690.95,114.788
2026-08-23 10:45:00,690.95,690.95,690.13,690.31,278.441
2026-08-23 10:48:00,690.32,690.38,690.0,690.13,156.049
2026-08-23 10:51:00,690.13,690.13,689.68,689.71,244.043
2026-08-23 10:54:00,689.71,690.15,689.71,689.89,77.724
2026-08-23 10:57:00,689.88,689.89,689.7,689.85,276.326
2026-08-23 11:00:00,689.85,691.35,689.85,691.16,280.335
2026-08-23 11:03:00,691.17,691.17,690.6,690.78,179.277
2026-08-23 11:06:00,690.79,691.38,690.72,691.22,249.019
2026-08-23 11:09:00,691.23,691.23,690.53,691.05,95.336
2026-08-23 11:12:00,691.06,692.01,691.06,691.9,231.956
2026-08-23 11:15:00,691.9,692.55,691.62,692.55,470.426
2026-08-23 11:18:00,692.54,694.0,692.44,693.91,685.55
2026-08-23 11:21:00,693.9,694.5,693.23,693.37,794.188
2026-08-23 11:24:00,693.38,695.08,693.37,694.6,1109.485
2026-08-23 11:27:00,694.61,694.72,694.14,694.24,260.239
2026-08-23 11:30:00,694.25,694.66,693.15,694.4,286.217
2026-08-23 11:33:00,694.4,694.48,694.12,694.48,198.31
2026-08-23 11:36:00,694.48,695.41,694.47,695.1,391.502
2026-08-23 11:39:00,695.1,695.6,694.87,694.88,367.825
2026-08-23 11:42:00,694.88,695.2,694.83,695.01,134.695
2026-08-23 11:45:00,695.01,695.06,694.69,694.69,141.804
2026-08-23 11:48:00,694.69,694.7,693.74,694.47,333.304
2026-08-23 11:51:00,694.47,695.49,694.44,695.42,280.927
2026-08-23 11:54:00,695.42,695.47,695.07,695.08,137.272
2026-08-23 11:57:00,695.07,695.32,694.84,695.16,286.605
2026-08-23 12:00:00,695.16,695.19,694.45,694.64,127.664
2026-08-23 12:03:00,694.63,694.63,693.45,693.53,190.555
2026-08-23 12:06:00,693.53,693.56,692.47,693.44,202.386
2026-08-23 12:09:00,693.45,693.69,692.47,692.79,214.654
2026-08-23 12:12:00,692.8,693.03,692.49,692.97,474.745
2026-08-23 12:15:00,692.96,693.09,692.58,692.91,81.322
2026-08-23 12:18:00,692.91,693.27,692.6,693.0,66.514
2026-08-23 12:21:00,693.01,693.49,692.95,693.27,101.261
2026-08-23 12:24:00,693.26,693.32,692.25,692.58,326.265
2026-08-23 12:27:00,692.59,693.0,692.48,692.74,89.413
2026-08-23 12:30:00,692.74,693.12,692.68,693.11,202.161
2026-08-23 12:33:00,693.12,693.32,692.77,692.88,141.944
2026-08-23 12:36:00,692.88,693.0,692.52,692.78,79.406
2026-08-23 12:39:00,692.78,694.04,692.78,694.03,174.599
2026-08-23 12:42:00,694.04,694.99,693.79,694.83,192.14
2026-08-23 12:45:00,694.82,694.82,694.01,694.09,127.733
2026-08-23 12:48:00,694.08,694.22,693.79,694.0,133.07
2026-08-23 12:51:00,694.01,694.01,693.63,693.83,209.733
2026-08-23 12:54:00,693.83,694.22,693.51,694.11,110.095
2026-08-23 12:57:00,694.11,694.48,694.09,694.32,86.952
2026-08-23 13:00:00,694.33,694.58,694.3,694.4,57.73
2026-08-23 13:03:00,694.41,694.97,694.03,694.97,355.522
2026-08-23 13:06:00,694.98,695.25,694.86,695.05,120.331
2026-08-23 13:09:00,695.06,695.6,695.06,695.6,328.95
2026-08-23 13:12:00,695.59,696.18,695.59,696.11,202.425
2026-08-23 13:15:00,696.1,697.37,696.02,696.87,526.856
2026-08-23 13:18:00,696.87,700.0,696.86,698.03,1888.99
2026-08-23 13:21:00,698.04,699.26,697.11,698.22,534.298
2026-08-23 13:24:00,698.21,699.0,698.11,698.67,237.918
2026-08-23 13:27:00,698.67,698.92,697.6,697.75,539.409
2026-08-23 13:30:00,697.75,698.5,697.32,697.81,385.236
2026-08-23 13:33:00,697.82,698.0,697.12,697.25,167.509
2026-08-23 13:36:00,697.25,698.29,697.25,698.2,241.739
2026-08-23 13:39:00,698.19,698.84,698.17,698.57,405.956
2026-08-23 13:42:00,698.58,698.89,698.34,698.73,589.894
2026-08-23 13:45:00,698.73,698.99,698.01,698.85,483.983
2026-08-23 13:48:00,698.85,698.85,697.91,698.01,168.14
2026-08-23 13:51:00,698.01,698.28,697.68,697.89,289.371
2026-08-23 13:54:00,697.89,698.53,697.89,698.21,264.495
2026-08-23 13:57:00,698.21,698.4,697.95,698.3,371.414
2026-08-23 14:00:00,698.31,698.9,698.3,698.66,239.173
2026-08-23 14:03:00,698.67,698.68,697.88,697.92,673.735
2026-08-23 14:06:00,697.91,697.92,696.37,697.78,458.18
2026-08-23 14:09:00,697.78,698.89,697.57,698.45,381.477
2026-08-23 14:12:00,698.45,699.39,698.37,698.95,219.453
2026-08-23 14:15:00,698.96,699.44,698.84,699.07,163.603
2026-08-23 14:18:00,699.07,699.32,698.3,698.45,259.612
2026-08-23 14:21:00,698.45,698.5,697.37,697.48,397.825
2026-08-23 14:24:00,697.48,698.1,696.68,697.9,378.066
2026-08-23 14:27:00,697.9,698.08,697.37,697.38,187.218
2026-08-23 14:30:00,697.38,697.87,697.08,697.12,230.555
2026-08-23 14:33:00,697.13,697.58,697.0,697.46,210.583
2026-08-23 14:36:00,697.46,698.06,697.22,698.0,125.396
2026-08-23 14:39:00,698.0,698.09,697.32,697.33,451.22
2026-08-23 14:42:00,697.32,697.32,690.0,693.13,3303.195
2026-08-23 14:45:00,693.12,694.91,693.05,694.68,729.856
2026-08-23 14:48:00,694.71,695.67,694.68,695.67,375.437
2026-08-23 14:51:00,695.68,695.79,695.06,695.49,161.803
2026-08-23 14:54:00,695.49,696.47,694.91,695.29,364.709
2026-08-23 14:57:00,695.28,695.64,695.0,695.57,256.471
2026-08-23 15:00:00,695.58,696.11,693.89,695.3,300.419
2026-08-23 15:03:00,695.29,696.24,695.26,696.19,171.133
2026-08-23 15:06:00,696.19,696.41,695.85,695.94,196.137
2026-08-23 15:09:00,695.94,696.18,695.37,695.49,300.108
2026-08-23 15:12:00,695.5,695.59,695.01,695.02,165.549
2026-08-23 15:15:00,695.01,695.25,694.48,695.18,348.506
2026-08-23 15:18:00,695.18,695.18,693.46,694.55,331.477
2026-08-23 15:21:00,694.54,695.55,694.54,694.94,236.088
2026-08-23 15:24:00,694.95,695.9,694.94,695.59,255.9
2026-08-23 15:27:00,695.59,695.73,695.48,695.73,66.693
2026-08-23 15:30:00,695.73,696.31,695.23,695.34,339.091
2026-08-23 15:33:00,695.35,696.2,695.2,695.86,206.819
2026-08-23 15:36:00,695.86,696.34,695.85,696.33,73.616
2026-08-23 15:39:00,696.34,696.7,696.18,696.64,287.251
2026-08-23 15:42:00,696.64,697.44,696.63,696.88,300.604
2026-08-23 15:45:00,696.88,697.33,696.38,697.24,133.577
2026-08-23 15:48:00,697.24,697.24,696.34,696.37,65.921
2026-08-23 15:51:00,696.37,696.78,696.37,696.39,59.013
2026-08-23 15:54:00,696.39,696.42,695.86,696.42,152.383
2026-08-23 15:57:00,696.43,696.46,694.94,695.09,395.921
2026-08-23 16:00:00,695.1,695.76,695.1,695.39,204.712
2026-08-23 16:03:00,695.4,696.13,695.33,695.88,183.153
2026-08-23 16:06:00,695.88,695.95,695.48,695.89,81.309
2026-08-23 16:09:00,695.9,696.1,695.41,695.91,125.425
2026-08-23 16:12:00,695.91,696.15,695.67,696.06,209.181
2026-08-23 16:15:00,696.07,696.94,695.73,696.16,582.304
2026-08-23 16:18:00,696.17,696.24,695.63,696.24,97.808
2026-08-23 16:21:00,696.24,696.61,696.03,696.1,217.268
2026-08-23 16:24:00,696.1,696.42,696.0,696.21,134.686
2026-08-23 16:27:00,696.21,696.31,695.63,695.93,198.139
2026-08-23 16:30:00,695.94,696.64,695.8,696.56,71.794
2026-08-23 16:33:00,696.55,696.9,696.25,696.74,222.229
2026-08-23 16:36:00,696.74,697.98,696.54,697.43,518.149
2026-08-23 16:39:00,697.43,697.56,697.16,697.56,116.445
2026-08-23 16:42:00,697.56,697.88,697.2,697.26,225.995
2026-08-23 16:45:00,697.25,698.0,697.1,697.97,315.245
2026-08-23 16:48:00,697.97,698.0,697.12,697.69,257.686
2026-08-23 16:51:00,697.69,698.6,697.68,698.31,513.345
2026-08-23 16:54:00,698.31,698.7,698.24,698.69,230.327
2026-08-23 16:57:00,698.69,698.97,698.69,698.85,211.102
2026-08-23 17:00:00,698.85,699.0,697.84,697.89,339.052
2026-08-23 17:03:00,697.9,698.92,696.53,698.92,441.0
2026-08-23 17:06:00,698.92,699.4,698.68,699.29,212.323
2026-08-23 17:09:00,699.29,699.5,699.02,699.46,213.762
2026-08-23 17:12:00,699.47,699.92,699.46,699.63,261.197
2026-08-23 17:15:00,699.63,699.95,698.27,699.89,592.243
2026-08-23 17:18:00,699.89,700.19,699.35,699.52,1436.65
2026-08-23 17:21:00,699.51,699.58,698.11,698.73,824.975
2026-08-23 17:24:00,698.73,698.75,696.6,697.7,1594.563
2026-08-23 17:27:00,697.7,697.7,697.23,697.65,173.581
2026-08-23 17:30:00,697.66,697.66,696.16,697.21,461.081
2026-08-23 17:33:00,697.21,697.77,697.13,697.77,130.478
2026-08-23 17:36:00,697.77,698.44,697.77,698.26,390.168
2026-08-23 17:39:00,698.26,698.27,697.32,697.33,124.328
2026-08-23 17:42:00,697.32,697.76,697.16,697.49,167.418
2026-08-23 17:45:00,697.49,698.43,697.13,697.14,178.548
2026-08-23 17:48:00,697.13,697.2,696.7,696.99,131.245
2026-08-23 17:51:00,696.99,697.61,696.99,697.35,149.19
2026-08-23 17:54:00,697.35,697.35,696.78,697.12,104.743
2026-08-23 17:57:00,697.13,698.05,697.12,697.53,110.226
2026-08-23 18:00:00,697.53,697.73,696.69,697.23,147.152
2026-08-23 18:03:00,697.23,697.44,697.04,697.09,82.592
2026-08-23 18:06:00,697.09,697.3,696.73,697.23,220.403
2026-08-23 18:09:00,697.23,699.0,697.23,698.58,225.751
2026-08-23 18:12:00,698.58,699.09,698.19,698.71,201.323
2026-08-23 18:15:00,698.71,700.0,698.64,699.26,442.279
2026-08-23 18:18:00,699.26,699.38,698.81,699.34,115.371
2026-08-23 18:21:00,699.35,699.54,699.0,699.51,94.053
2026-08-23 18:24:00,699.5,699.93,699.47,699.86,85.346
2026-08-23 18:27:00,699.86,700.25,699.86,699.86,312.088
2026-08-23 18:30:00,699.87,699.94,699.1,699.21,102.393
2026-08-23 18:33:00,699.2,699.87,699.08,699.86,76.294
2026-08-23 18:36:00,699.87,699.97,699.72,699.92,310.167
2026-08-23 18:39:00,699.92,699.98,699.22,699.72,270.927
2026-08-23 18:42:00,699.71,699.77,699.38,699.44,91.769
2026-08-23 18:45:00,699.44,699.5,699.03,699.03,103.936
2026-08-23 18:48:00,699.03,699.68,699.03,699.29,80.119
2026-08-23 18:51:00,699.3,699.94,699.29,699.71,179.002
2026-08-23 18:54:00,699.71,700.28,699.56,699.94,231.73
2026-08-23 18:57:00,699.94,699.95,699.59,699.72,97.577
2026-08-23 19:00:00,699.73,700.13,699.53,699.63,118.668
2026-08-23 19:03:00,699.64,699.94,699.14,699.38,142.826
2026-08-23 19:06:00,699.36,699.42,699.03,699.35,72.815
2026-08-23 19:09:00,699.34,699.34,697.56,697.62,262.98
2026-08-23 19:12:00,697.61,698.52,697.25,698.52,266.61
2026-08-23 19:15:00,698.51,698.97,698.07,698.87,156.887
2026-08-23 19:18:00,698.86,699.43,698.77,699.42,64.469
2026-08-23 19:21:00,699.43,699.59,699.07,699.45,80.629
2026-08-23 19:24:00,699.44,699.53,699.23,699.39,69.221
2026-08-23 19:27:00,699.39,699.51,699.11,699.51,94.086
2026-08-23 19:30:00,699.51,699.51,699.07,699.07,127.083
2026-08-23 19:33:00,699.08,699.6,698.55,699.45,896.671
2026-08-23 19:36:00,699.46,699.8,699.27,699.51,179.672
2026-08-23 19:39:00,699.56,699.59,699.19,699.44,240.29
2026-08-23 19:42:00,699.45,699.82,699.24,699.69,57.717
2026-08-23 19:45:00,699.68,700.3,699.27,699.45,320.894
2026-08-23 19:48:00,699.46,699.65,699.26,699.28,57.894
2026-08-23 19:51:00,699.27,699.47,699.05,699.44,101.857
2026-08-23 19:54:00,699.44,699.77,699.25,699.56,363.181
2026-08-23 19:57:00,699.57,699.74,698.86,698.87,175.678
2026-08-23 20:00:00,698.87,699.09,698.17,698.18,106.214
2026-08-23 20:03:00,698.18,698.59,697.81,698.59,181.756
2026-08-23 20:06:00,698.58,698.59,697.87,698.56,266.29
2026-08-23 20:09:00,698.55,699.21,698.55,699.19,103.887
2026-08-23 20:12:00,699.19,699.5,698.52,698.81,163.439
2026-08-23 20:15:00,698.81,699.47,698.75,699.45,75.503
2026-08-23 20:18:00,699.46,699.68,699.17,699.68,104.291
2026-08-23 20:21:00,699.67,699.76,699.57,699.74,52.298
2026-08-23 20:24:00,699.74,699.84,699.56,699.83,151.13
2026-08-23 20:27:00,699.84,700.0,699.49,699.5,54.369
2026-08-23 20:30:00,699.5,700.0,699.5,700.0,25.604
2026-08-23 20:33:00,699.99,699.99,699.67,699.83,53.702
2026-08-23 20:36:00,699.84,699.85,699.65,699.84,136.764
2026-08-23 20:39:00,699.84,700.09,699.72,700.09,125.462
2026-08-23 20:42:00,700.09,700.1,699.58,699.85,78.845
2026-08-23 20:45:00,699.85,699.89,699.39,699.78,51.207
2026-08-23 20:48:00,699.78,700.05,699.48,699.58,182.496
2026-08-23 20:51:00,699.58,699.98,699.47,699.98,47.011
2026-08-23 20:54:00,699.98,700.12,699.73,700.06,48.56
2026-08-23 20:57:00,700.05,700.11,699.72,700.11,62.244
2026-08-23 21:00:00,700.12,702.63,700.12,701.77,808.45
2026-08-23 21:03:00,701.77,703.2,701.54,702.9,458.043
2026-08-23 21:06:00,702.89,703.05,702.55,702.98,345.946
2026-08-23 21:09:00,702.97,704.05,702.97,703.66,567.586
2026-08-23 21:12:00,703.67,704.14,703.36,703.85,188.306
2026-08-23 21:15:00,703.84,705.0,703.84,704.82,670.05
2026-08-23 21:18:00,704.82,705.67,704.76,705.66,1045.99
2026-08-23 21:21:00,705.67,705.85,704.45,705.01,391.241
2026-08-23 21:24:00,705.0,705.51,704.08,705.51,471.076
2026-08-23 21:27:00,705.51,706.44,705.29,706.38,390.077
2026-08-23 21:30:00,706.38,707.27,706.1,706.72,323.868
2026-08-23 21:33:00,706.72,706.72,703.33,703.45,398.158
2026-08-23 21:36:00,703.43,704.97,703.43,703.99,207.695
2026-08-23 21:39:00,704.0,704.15,702.8,703.86,331.118
2026-08-23 21:42:00,703.86,704.19,703.83,704.16,112.551
2026-08-23 21:45:00,704.16,705.14,704.16,704.56,173.143
2026-08-23 21:48:00,704.55,705.35,704.53,705.34,282.2
2026-08-23 21:51:00,705.35,705.59,704.75,705.51,190.049
2026-08-23 21:54:00,705.51,705.51,704.21,704.21,189.852
2026-08-23 21:57:00,704.21,704.38,702.98,703.28,358.747
2026-08-23 22:00:00,703.29,705.0,700.98,702.05,789.818
2026-08-23 22:03:00,702.05,702.21,700.09,701.61,762.98
2026-08-23 22:06:00,701.62,702.35,701.46,702.16,260.749
2026-08-23 22:09:00,702.16,702.83,702.0,702.4,229.066
2026-08-23 22:12:00,702.39,702.71,701.84,702.36,138.723
2026-08-23 22:15:00,702.36,703.16,701.7,701.94,393.291
2026-08-23 22:18:00,701.95,703.29,701.95,703.16,328.043
2026-08-23 22:21:00,703.17,703.27,702.45,703.01,203.197
2026-08-23 22:24:00,703.01,703.3,702.5,703.0,156.443
2026-08-23 22:27:00,703.0,703.8,702.78,702.91,356.139
2026-08-23 22:30:00,702.92,704.01,702.75,703.35,314.094
2026-08-23 22:33:00,703.34,703.67,702.77,703.11,256.646
2026-08-23 22:36:00,703.11,703.11,702.01,702.54,94.135
2026-08-23 22:39:00,702.54,703.7,702.53,703.09,475.831
2026-08-23 22:42:00,703.1,704.54,703.1,703.72,340.202
2026-08-23 22:45:00,703.72,704.24,703.31,703.96,345.323
2026-08-23 22:48:00,703.96,704.74,703.86,704.4,292.694
2026-08-23 22:51:00,704.4,704.55,703.8,703.91,193.296
2026-08-23 22:54:00,703.91,703.91,703.27,703.37,131.772
2026-08-23 22:57:00,703.37,703.56,702.72,703.15,443.553
2026-08-23 23:00:00,703.15,703.51,701.69,701.93,204.156
2026-08-23 23:03:00,701.93,702.18,701.13,701.69,142.657
2026-08-23 23:06:00,701.68,701.74,700.07,701.55,235.974
2026-08-23 23:09:00,701.58,702.55,700.77,700.77,128.191
2026-08-23 23:12:00,700.78,701.28,700.59,701.22,237.52
2026-08-23 23:15:00,701.22,702.65,701.21,702.32,160.898
2026-08-23 23:18:00,702.32,703.49,702.31,702.96,184.924
2026-08-23 23:21:00,702.92,702.93,701.32,701.66,105.577
2026-08-23 23:24:00,701.66,702.14,701.11,702.14,235.661
2026-08-23 23:27:00,702.13,703.23,702.05,703.04,155.578
2026-08-23 23:30:00,703.04,704.75,703.0,703.35,402.204
2026-08-23 23:33:00,703.36,703.38,702.45,702.53,154.206
2026-08-23 23:36:00,702.53,702.69,701.68,701.71,341.984
2026-08-23 23:39:00,701.72,702.09,701.19,701.19,178.203
2026-08-23 23:42:00,701.19,701.36,699.71,700.48,460.206
2026-08-23 23:45:00,700.48,701.56,700.24,701.28,353.174
2026-08-23 23:48:00,701.28,701.87,701.28,701.73,162.26
2026-08-23 23:51:00,701.73,702.57,701.33,701.38,307.05
2026-08-23 23:54:00,701.38,702.4,701.33,701.68,144.049
2026-08-23 23:57:00,701.68,702.55,701.68,702.37,142.092
2026-08-24 00:00:00,702.37,702.81,702.07,702.32,218.006
2026-08-24 00:03:00,702.31,702.31,701.29,701.41,209.523
2026-08-24 00:06:00,701.4,701.4,700.4,700.99,155.924
2026-08-24 00:09:00,700.99,702.5,700.98,701.81,213.48
2026-08-24 00:12:00,701.82,702.22,701.38,701.64,94.995
2026-08-24 00:15:00,701.64,701.81,700.95,701.28,367.697
2026-08-24 00:18:00,701.28,701.79,700.7,700.93,211.121
2026-08-24 00:21:00,700.92,700.92,699.95,700.55,394.461
2026-08-24 00:24:00,700.54,701.06,699.84,699.93,217.426
2026-08-24 00:27:00,699.93,700.62,698.49,700.3,442.226
2026-08-24 00:30:00,700.33,700.7,699.67,700.66,149.73
2026-08-24 00:33:00,700.66,702.6,700.34,702.48,628.085
2026-08-24 00:36:00,702.48,703.02,701.87,702.09,696.952
2026-08-24 00:39:00,702.08,702.52,701.56,701.58,188.072
2026-08-24 00:42:00,701.58,701.61,699.46,699.81,217.051
2026-08-24 00:45:00,699.81,700.45,698.78,699.85,321.151
2026-08-24 00:48:00,699.86,701.95,699.71,701.5,477.325
2026-08-24 00:51:00,701.5,703.45,701.47,703.2,388.567
2026-08-24 00:54:00,703.2,703.3,702.55,703.15,219.188
2026-08-24 00:57:00,703.15,704.79,703.15,704.79,617.055
2026-08-24 01:00:00,704.8,705.0,703.22,703.41,313.578
2026-08-24 01:03:00,703.36,704.33,703.11,703.38,295.896
2026-08-24 01:06:00,703.38,703.76,702.13,702.49,501.884
2026-08-24 01:09:00,702.49,703.34,701.97,703.33,136.261
2026-08-24 01:12:00,703.33,703.34,701.63,701.63,182.91
2026-08-24 01:15:00,701.63,701.63,700.48,700.51,304.175
2026-08-24 01:18:00,700.5,701.46,700.13,700.13,335.582
2026-08-24 01:21:00,700.13,700.36,699.19,699.59,867.023
2026-08-24 01:24:00,699.6,699.96,698.76,699.37,241.159
2026-08-24 01:27:00,699.38,699.48,698.82,698.95,232.409
2026-08-24 01:30:00,698.95,699.59,697.76,699.45,572.065
2026-08-24 01:33:00,699.46,700.24,698.9,699.21,178.447
2026-08-24 01:36:00,699.21,699.23,697.15,697.29,683.603
2026-08-24 01:39:00,697.29,698.27,697.29,698.27,255.919
2026-08-24 01:42:00,698.27,698.61,695.93,696.1,1154.148
2026-08-24 01:45:00,696.09,696.6,695.36,695.46,645.224
2026-08-24 01:48:00,695.46,696.61,695.46,696.12,454.029
2026-08-24 01:51:00,696.12,696.92,695.46,696.76,178.745
2026-08-24 01:54:00,696.75,697.05,695.63,696.05,153.32
2026-08-24 01:57:00,696.04,696.04,694.8,695.31,322.982
2026-08-24 02:00:00,695.32,696.08,693.26,694.33,1304.535
2026-08-24 02:03:00,694.33,696.72,693.88,696.58,374.776
2026-08-24 02:06:00,696.58,696.71,695.66,696.5,620.896
2026-08-24 02:09:00,696.5,696.92,696.06,696.92,632.627
2026-08-24 02:12:00,696.92,699.86,696.89,699.0,555.706
2026-08-24 02:15:00,699.0,701.0,699.0,700.19,680.398
2026-08-24 02:18:00,700.15,700.97,699.9,700.65,188.421
2026-08-24 02:21:00,700.64,700.97,700.4,700.83,132.304
2026-08-24 02:24:00,700.83,701.32,700.6,701.05,174.179
2026-08-24 02:27:00,701.04,701.04,700.4,700.89,169.021
2026-08-24 02:30:00,700.89,701.33,700.69,701.32,166.123
2026-08-24 02:33:00,701.33,701.91,701.16,701.42,299.101
2026-08-24 02:36:00,701.42,701.77,700.11,700.19,391.088
2026-08-24 02:39:00,700.19,701.51,700.05,701.18,137.042
2026-08-24 02:42:00,701.18,701.3,700.71,701.26,70.878
2026-08-24 02:45:00,701.25,701.25,699.23,699.32,166.27
2026-08-24 02:48:00,699.33,699.79,698.51,699.43,233.734
2026-08-24 02:51:00,699.43,699.91,699.25,699.91,140.578
2026-08-24 02:54:00,699.91,700.74,699.6,700.52,264.216
2026-08-24 02:57:00,700.52,700.52,699.45,700.12,192.916
2026-08-24 03:00:00,700.12,700.37,698.78,698.88,190.083
2026-08-24 03:03:00,698.88,699.12,697.99,698.29,708.884
2026-08-24 03:06:00,698.29,698.35,697.24,697.25,226.707
2026-08-24 03:09:00,697.25,697.99,697.02,697.09,196.832
2026-08-24 03:12:00,697.09,697.74,696.85,696.86,465.624
2026-08-24 03:15:00,696.85,697.83,696.71,697.69,547.737
2026-08-24 03:18:00,697.68,697.74,697.09,697.54,105.576
2026-08-24 03:21:00,697.53,698.43,697.08,698.34,120.417
2026-08-24 03:24:00,698.33,698.88,697.72,697.78,137.805
2026-08-24 03:27:00,697.78,697.78,696.91,696.91,157.52
2026-08-24 03:30:00,696.91,697.11,695.82,696.88,427.917
2026-08-24 03:33:00,696.88,697.32,696.65,696.66,117.683
2026-08-24 03:36:00,696.65,697.43,695.65,697.25,230.928
2026-08-24 03:39:00,697.26,697.43,696.5,696.73,167.972
2026-08-24 03:42:00,696.72,697.21,696.69,696.73,201.781
2026-08-24 03:45:00,696.73,697.49,696.5,697.07,115.702
2026-08-24 03:48:00,697.07,697.98,696.99,697.87,74.377
2026-08-24 03:51:00,697.88,697.88,696.24,696.24,225.524
2026-08-24 03:54:00,696.23,696.51,696.01,696.13,130.882
2026-08-24 03:57:00,696.13,696.21,695.67,695.85,79.428
2026-08-24 04:00:00,695.85,696.37,694.61,696.29,666.812
2026-08-24 04:03:00,696.3,697.0,696.12,696.86,152.6
2026-08-24 04:06:00,696.87,697.23,696.17,696.45,127.443
2026-08-24 04:09:00,696.45,697.0,696.01,696.02,168.362
2026-08-24 04:12:00,696.01,696.6,695.81,696.6,307.045
2026-08-24 04:15:00,696.6,697.83,696.6,697.76,341.88
2026-08-24 04:18:00,697.77,698.21,697.24,697.91,170.881
2026-08-24 04:21:00,697.91,698.13,697.29,697.63,220.901
2026-08-24 04:24:00,697.64,697.98,697.22,697.45,84.76
2026-08-24 04:27:00,697.44,698.13,697.44,698.12,57.723
2026-08-24 04:30:00,698.13,698.3,697.43,697.69,56.159
2026-08-24 04:33:00,697.69,697.91,697.5,697.51,53.552
2026-08-24 04:36:00,697.51,697.89,697.36,697.57,69.063
2026-08-24 04:39:00,697.58,697.78,696.62,697.47,254.818
2026-08-24 04:42:00,697.47,697.67,697.19,697.67,208.289
2026-08-24 04:45:00,697.68,698.16,696.68,697.72,163.807
2026-08-24 04:48:00,697.73,697.73,696.15,696.15,201.09
2026-08-24 04:51:00,696.14,696.15,694.57,695.76,365.34
2026-08-24 04:54:00,695.75,696.41,695.32,695.53,161.248
2026-08-24 04:57:00,695.54,696.61,695.54,696.61,95.187
2026-08-24 05:00:00,696.61,696.98,695.83,696.93,122.197
2026-08-24 05:03:00,696.93,696.98,696.45,696.69,67.63
2026-08-24 05:06:00,696.68,697.56,696.11,697.56,85.545
2026-08-24 05:09:00,697.56,698.88,697.23,698.88,491.359
2026-08-24 05:12:00,698.88,700.11,698.88,699.99,554.853
2026-08-24 05:15:00,699.99,700.29,698.83,698.83,328.114
2026-08-24 05:18:00,698.83,699.45,698.06,698.15,238.482
2026-08-24 05:21:00,698.16,698.46,697.33,698.46,189.881
2026-08-24 05:24:00,698.45,698.46,697.47,698.25,162.2
2026-08-24 05:27:00,698.25,698.34,697.51,697.52,236.473
2026-08-24 05:30:00,697.51,697.51,696.1,696.59,266.752
2026-08-24 05:33:00,696.58,696.9,696.11,696.21,124.464
2026-08-24 05:36:00,696.21,697.82,695.98,697.66,238.24
2026-08-24 05:39:00,697.66,699.01,697.05,699.0,150.832
2026-08-24 05:42:00,699.01,699.37,698.48,698.83,256.822
2026-08-24 05:45:00,698.83,699.47,698.82,699.07,195.993
2026-08-24 05:48:00,699.06,699.07,698.11,698.11,86.47
2026-08-24 05:51:00,698.11,698.7,697.84,698.26,142.908
2026-08-24 05:54:00,698.27,699.37,698.27,699.13,78.575
2026-08-24 05:57:00,699.12,699.55,699.12,699.26,143.694
2026-08-24 06:00:00,699.25,699.81,698.14,698.46,430.402
2026-08-24 06:03:00,698.47,698.47,697.71,698.05,107.044
2026-08-24 06:06:00,698.04,698.29,697.45,698.29,140.996
2026-08-24 06:09:00,698.28,699.58,698.28,699.57,187.02
2026-08-24 06:12:00,699.58,700.35,699.52,700.15,156.891
2026-08-24 06:15:00,700.14,700.55,699.44,699.73,164.278
2026-08-24 06:18:00,699.72,699.83,699.13,699.48,95.101
2026-08-24 06:21:00,699.48,699.48,698.78,699.42,132.969
2026-08-24 06:24:00,699.41,699.82,699.29,699.47,82.646
2026-08-24 06:27:00,699.48,699.69,699.12,699.16,82.195
2026-08-24 06:30:00,699.15,699.24,697.9,697.98,195.532
2026-08-24 06:33:00,697.98,698.1,697.55,697.57,176.861
2026-08-24 06:36:00,697.56,697.89,697.04,697.23,127.706
2026-08-24 06:39:00,697.23,697.67,696.7,697.12,146.992
2026-08-24 06:42:00,697.12,697.43,696.93,697.42,116.43
2026-08-24 06:45:00,697.43,699.06,697.29,699.06,199.152
2026-08-24 06:48:00,699.06,700.7,698.94,700.29,641.502
2026-08-24 06:51:00,700.29,700.39,699.98,700.14,131.159
2026-08-24 06:54:00,700.13,700.13,699.75,700.06,159.11
2026-08-24 06:57:00,700.07,700.14,699.72,699.76,79.857
2026-08-24 07:00:00,699.77,700.0,699.48,699.57,94.731
2026-08-24 07:03:00,699.57,700.09,699.42,699.79,84.92
2026-08-24 07:06:00,699.78,700.46,699.78,700.05,230.192
2026-08-24 07:09:00,700.04,702.0,700.04,702.0,399.335
2026-08-24 07:12:00,702.0,703.38,701.99,703.38,888.647
2026-08-24 07:15:00,703.38,703.5,701.29,701.39,430.43
2026-08-24 07:18:00,701.38,701.59,700.49,700.53,430.224
2026-08-24 07:21:00,700.53,701.06,700.25,701.01,248.76
2026-08-24 07:24:00,701.0,701.13,700.0,700.19,974.402
2026-08-24 07:27:00,700.18,700.6,699.77,700.22,604.656
2026-08-24 07:30:00,700.21,700.21,699.29,699.51,299.662
2026-08-24 07:33:00,699.51,700.1,699.45,699.7,113.621
2026-08-24 07:36:00,699.72,700.17,699.32,699.32,447.612
2026-08-24 07:39:00,699.32,699.32,698.48,698.49,387.904
2026-08-24 07:42:00,698.48,698.77,698.16,698.56,193.126
2026-08-24 07:45:00,698.55,699.87,698.48,699.87,142.97
2026-08-24 07:48:00,699.88,700.3,699.56,699.56,267.96
2026-08-24 07:51:00,699.56,699.56,698.09,698.31,244.602
2026-08-24 07:54:00,698.32,698.98,698.32,698.65,402.983
2026-08-24 07:57:00,698.65,699.07,698.46,698.77,118.681
2026-08-24 08:00:00,698.78,698.94,697.04,697.28,328.235
2026-08-24 08:03:00,697.29,698.18,697.11,697.83,157.252
2026-08-24 08:06:00,697.83,698.9,697.82,698.0,234.665
2026-08-24 08:09:00,698.01,698.01,696.52,696.71,316.344
2026-08-24 08:12:00,696.72,696.83,696.0,696.14,413.028
2026-08-24 08:15:00,696.15,696.15,694.58,694.95,1155.264
2026-08-24 08:18:00,694.94,696.43,694.67,695.33,502.629
2026-08-24 08:21:00,695.33,695.81,694.79,695.18,211.28
2026-08-24 08:24:00,695.19,695.33,693.65,693.76,538.972
2026-08-24 08:27:00,693.76,694.39,692.94,693.68,415.853
2026-08-24 08:30:00,693.67,694.59,693.49,694.53,313.707
2026-08-24 08:33:00,694.52,694.73,694.06,694.51,221.385
2026-08-24 08:36:00,694.52,694.99,694.28,694.94,187.061
2026-08-24 08:39:00,694.95,695.98,694.95,695.3,194.788
2026-08-24 08:42:00,695.3,695.64,695.19,695.64,106.626
2026-08-24 08:45:00,695.64,695.64,694.8,695.28,284.649
2026-08-24 08:48:00,695.28,695.96,695.27,695.68,185.638
2026-08-24 08:51:00,695.68,696.0,695.59,695.73,116.571
2026-08-24 08:54:00,695.72,696.19,695.69,696.01,218.716
2026-08-24 08:57:00,696.01,696.15,695.67,695.9,96.162
2026-08-24 09:00:00,695.9,696.66,695.48,696.39,294.389
2026-08-24 09:03:00,696.39,697.52,696.2,697.3,398.034
2026-08-24 09:06:00,697.31,698.08,697.27,697.87,154.334
2026-08-24 09:09:00,697.87,698.25,697.82,698.11,201.29
2026-08-24 09:12:00,698.11,698.48,698.02,698.31,154.439
2026-08-24 09:15:00,698.31,698.56,697.67,697.76,611.81
2026-08-24 09:18:00,697.76,697.79,697.02,697.75,265.694
2026-08-24 09:21:00,697.76,697.78,697.4,697.75,292.949
2026-08-24 09:24:00,697.75,698.23,697.03,698.15,173.973
2026-08-24 09:27:00,698.15,698.51,697.9,698.36,235.077
2026-08-24 09:30:00,698.37,698.84,697.75,698.68,402.256
2026-08-24 09:33:00,698.68,698.89,698.42,698.77,144.805
2026-08-24 09:36:00,698.76,698.99,698.37,698.89,268.16
2026-08-24 09:39:00,698.88,698.88,698.47,698.47,98.486
2026-08-24 09:42:00,698.47,698.55,698.01,698.21,125.862
2026-08-24 09:45:00,698.22,698.55,698.04,698.54,99.535
2026-08-24 09:48:00,698.55,699.0,698.46,698.83,297.188
2026-08-24 09:51:00,698.83,699.63,698.8,699.62,233.425
2026-08-24 09:54:00,699.63,699.79,698.89,698.89,264.908
2026-08-24 09:57:00,698.9,699.54,698.7,699.53,334.68
2026-08-24 10:00:00,699.54,699.8,699.33,699.61,156.473
2026-08-24 10:03:00,699.6,701.38,699.59,700.0,761.78
2026-08-24 10:06:00,700.01,701.02,699.29,700.43,329.846
2026-08-24 10:09:00,700.44,701.4,700.3,701.05,542.565
2026-08-24 10:12:00,701.05,701.99,700.75,701.82,618.513
2026-08-24 10:15:00,701.82,701.83,700.88,701.17,305.583
2026-08-24 10:18:00,701.17,701.6,700.81,700.82,335.734
2026-08-24 10:21:00,700.82,700.82,700.18,700.62,256.301
2026-08-24 10:24:00,700.62,701.24,700.42,701.24,256.376
2026-08-24 10:27:00,701.25,701.71,700.43,700.77,267.42
2026-08-24 10:30:00,700.77,701.95,700.6,701.7,570.949
2026-08-24 10:33:00,701.69,701.85,701.23,701.65,184.029
2026-08-24 10:36:00,701.66,701.66,701.05,701.16,275.079
2026-08-24 10:39:00,701.17,701.17,699.21,699.62,588.867
2026-08-24 10:42:00,699.61,699.96,699.45,699.45,172.378
2026-08-24 10:45:00,699.46,700.17,699.45,699.89,172.305
2026-08-24 10:48:00,699.88,700.22,699.41,699.48,281.873
2026-08-24 10:51:00,699.49,699.49,698.35,698.84,466.468
2026-08-24 10:54:00,698.84,699.52,698.84,698.98,107.861
2026-08-24 10:57:00,698.98,699.41,698.8,699.4,76.984
2026-08-24 11:00:00,699.41,699.43,697.2,698.11,315.338
2026-08-24 11:03:00,698.11,699.4,697.48,699.12,154.995
2026-08-24 11:06:00,699.13,700.0,699.05,699.47,97.553
2026-08-24 11:09:00,699.47,700.29,699.33,700.04,224.577
2026-08-24 11:12:00,700.04,700.48,699.62,700.34,194.41
2026-08-24 11:15:00,700.33,700.5,699.62,700.35,356.831
2026-08-24 11:18:00,700.34,700.5,700.07,700.41,175.962
2026-08-24 11:21:00,700.41,700.63,699.93,700.26,186.91
2026-08-24 11:24:00,700.26,701.22,700.26,700.88,217.541
2026-08-24 11:27:00,700.88,701.35,700.71,701.35,315.179
2026-08-24 11:30:00,701.34,702.67,701.15,702.24,306.051
2026-08-24 11:33:00,702.25,703.9,702.18,703.69,605.971
2026-08-24 11:36:00,703.68,705.34,703.68,704.88,1243.242
2026-08-24 11:39:00,704.89,706.08,704.43,705.82,1030.835
2026-08-24 11:42:00,705.83,707.0,705.7,707.0,919.858
2026-08-24 11:45:00,706.99,707.0,703.53,703.73,956.395
2026-08-24 11:48:00,703.73,704.31,702.56,703.01,557.248
2026-08-24 11:51:00,703.0,703.16,702.4,702.48,373.173
2026-08-24 11:54:00,702.48,703.04,702.23,702.55,438.861
2026-08-24 11:57:00,702.54,703.8,702.41,703.75,1125.908
2026-08-24 12:00:00,703.75,703.75,701.83,702.08,614.002
2026-08-24 12:03:00,702.08,702.52,701.6,701.9,385.555
2026-08-24 12:06:00,701.89,702.12,701.51,701.67,301.043
2026-08-24 12:09:00,701.66,702.35,701.66,702.29,276.986
2026-08-24 12:12:00,702.3,702.56,701.8,702.03,251.272
2026-08-24 12:15:00,702.03,702.4,700.15,701.35,1212.8
2026-08-24 12:18:00,701.35,702.5,701.35,702.17,390.155
2026-08-24 12:21:00,702.17,703.08,702.07,703.07,247.573
2026-08-24 12:24:00,703.08,703.93,703.03,703.92,244.673
2026-08-24 12:27:00,703.92,704.26,703.44,703.5,219.23
2026-08-24 12:30:00,703.5,704.97,702.76,703.87,803.14
2026-08-24 12:33:00,703.87,704.37,702.08,704.25,734.066
2026-08-24 12:36:00,704.25,704.25,703.4,704.24,206.109
2026-08-24 12:39:00,704.23,704.92,703.93,704.66,545.316
2026-08-24 12:42:00,704.65,705.28,703.9,703.91,512.216
2026-08-24 12:45:00,703.9,705.24,703.71,704.75,280.813
2026-08-24 12:48:00,704.75,705.54,704.61,705.54,553.818
2026-08-24 12:51:00,705.54,706.83,704.79,705.83,900.01
2026-08-24 12:54:00,705.82,707.0,705.63,706.99,489.848
2026-08-24 12:57:00,707.0,707.32,705.41,705.62,1096.575
2026-08-24 13:00:00,705.62,705.88,704.28,704.44,698.955
2026-08-24 13:03:00,704.44,706.07,704.1,705.35,700.918
2026-08-24 13:06:00,705.35,706.18,705.25,706.18,454.774
2026-08-24 13:09:00,706.17,708.16,705.99,707.55,1843.982
2026-08-24 13:12:00,707.55,708.11,706.47,706.98,928.945
2026-08-24 13:15:00,706.99,706.99,704.54,705.25,933.71
2026-08-24 13:18:00,705.24,706.74,705.11,706.74,1778.725
2026-08-24 13:21:00,706.73,707.0,705.8,705.8,697.146
2026-08-24 13:24:00,705.8,706.15,704.73,704.86,482.155
2026-08-24 13:27:00,704.85,705.11,704.28,704.88,397.79
2026-08-24 13:30:00,704.9,704.95,702.35,702.35,1284.5
2026-08-24 13:33:00,702.35,702.35,699.71,701.8,4074.241
2026-08-24 13:36:00,701.79,701.79,699.48,700.46,956.994
2026-08-24 13:39:00,700.46,700.7,698.76,700.43,1290.364
2026-08-24 13:42:00,700.42,700.57,698.01,699.01,1088.485
2026-08-24 13:45:00,699.0,699.43,696.46,699.22,967.873
2026-08-24 13:48:00,699.18,699.7,698.51,699.46,238.103
2026-08-24 13:51:00,699.47,699.58,697.49,698.41,494.956
2026-08-24 13:54:00,698.42,699.9,698.19,699.78,366.01
2026-08-24 13:57:00,699.78,700.3,699.36,699.76,479.473
2026-08-24 14:00:00,699.76,701.8,699.75,700.61,705.63
2026-08-24 14:03:00,700.61,701.51,699.75,701.51,360.03
2026-08-24 14:06:00,701.51,701.91,701.15,701.86,342.383
2026-08-24 14:09:00,701.86,704.65,701.44,703.68,788.356
2026-08-24 14:12:00,703.67,704.72,703.26,704.6,582.94
2026-08-24 14:15:00,704.61,705.58,704.38,705.14,675.516
2026-08-24 14:18:00,705.13,705.43,704.15,704.98,1204.935
2026-08-24 14:21:00,704.97,706.78,702.95,703.69,1117.526
2026-08-24 14:24:00,703.68,704.8,702.54,704.56,343.543
2026-08-24 14:27:00,704.56,706.08,704.44,705.92,431.425
2026-08-24 14:30:00,705.91,706.82,705.49,706.44,480.587
2026-08-24 14:33:00,706.45,707.75,706.38,707.51,516.64
2026-08-24 14:36:00,707.43,708.8,707.33,708.48,1448.295
2026-08-24 14:39:00,708.48,709.0,707.65,708.98,503.659
2026-08-24 14:42:00,708.97,709.0,706.95,708.05,1021.524
2026-08-24 14:45:00,708.05,708.86,707.55,708.23,735.529
2026-08-24 14:48:00,708.24,708.4,706.62,707.46,336.911
2026-08-24 14:51:00,707.47,707.98,706.93,707.98,396.843
2026-08-24 14:54:00,707.97,707.97,706.93,707.62,363.287
2026-08-24 14:57:00,707.63,707.98,706.28,707.05,368.81
2026-08-24 15:00:00,707.05,707.29,706.24,707.11,358.532
2026-08-24 15:03:00,707.11,708.14,706.87,707.64,335.732
2026-08-24 15:06:00,707.63,708.79,707.54,708.2,563.503
2026-08-24 15:09:00,708.2,708.75,708.13,708.75,502.301
2026-08-24 15:12:00,708.74,710.94,708.64,709.52,1494.052
2026-08-24 15:15:00,709.51,710.69,708.88,709.81,892.501
2026-08-24 15:18:00,709.81,712.76,709.5,712.49,1759.002
2026-08-24 15:21:00,712.49,714.9,712.34,713.61,2501.37
2026-08-24 15:24:00,713.62,715.63,712.66,715.63,1726.953
2026-08-24 15:27:00,715.62,716.84,714.14,715.33,1219.984
2026-08-24 15:30:00,715.33,715.59,714.14,714.94,1426.359
2026-08-24 15:33:00,714.94,715.43,712.72,712.83,939.401
2026-08-24 15:36:00,712.82,713.88,710.42,710.86,961.899
2026-08-24 15:39:00,710.86,711.92,709.76,711.51,1856.022
2026-08-24 15:42:00,711.52,711.65,706.16,708.8,1363.938
2026-08-24 15:45:00,708.8,710.27,707.21,709.86,798.936
2026-08-24 15:48:00,709.87,709.87,708.37,709.01,947.646
2026-08-24 15:51:00,709.02,709.17,706.43,707.55,884.512
2026-08-24 15:54:00,707.52,708.11,705.26,705.99,1026.868
2026-08-24 15:57:00,706.0,706.23,703.87,705.89,567.36
2026-08-24 16:00:00,705.89,707.65,705.89,707.57,799.436
2026-08-24 16:03:00,707.57,708.95,707.44,708.83,737.979
2026-08-24 16:06:00,708.83,710.81,708.75,710.15,729.73
2026-08-24 16:09:00,710.16,710.16,709.35,709.68,294.98
2026-08-24 16:12:00,709.69,709.9,709.35,709.85,289.582
2026-08-24 16:15:00,709.85,711.15,709.59,710.9,749.006
2026-08-24 16:18:00,710.89,712.02,710.68,710.9,1179.686
2026-08-24 16:21:00,710.89,712.32,710.8,712.32,644.46
2026-08-24 16:24:00,712.32,712.4,710.64,711.3,525.515
2026-08-24 16:27:00,711.29,711.3,710.39,710.39,139.49
2026-08-24 16:30:00,710.4,710.94,708.83,709.08,682.444
2026-08-24 16:33:00,709.09,710.18,708.99,710.03,184.496
2026-08-24 16:36:00,710.04,710.23,708.79,709.14,541.572
2026-08-24 16:39:00,709.14,709.34,707.47,708.36,639.119
2026-08-24 16:42:00,708.36,708.76,707.57,707.58,134.857
2026-08-24 16:45:00,707.57,708.01,706.91,708.01,209.429
2026-08-24 16:48:00,708.01,708.3,707.01,707.01,207.814
2026-08-24 16:51:00,707.02,707.02,706.14,706.74,463.488
2026-08-24 16:54:00,706.74,706.74,704.0,705.68,920.967
2026-08-24 16:57:00,705.68,706.1,704.59,704.82,316.028
2026-08-24 17:00:00,704.82,705.09,701.0,702.07,1572.895
2026-08-24 17:03:00,702.07,703.83,701.82,703.75,1004.775
2026-08-24 17:06:00,703.75,705.62,703.64,705.04,326.727
2026-08-24 17:09:00,705.05,706.0,704.96,705.72,159.388
2026-08-24 17:12:00,705.73,705.78,704.45,704.45,184.617
2026-08-24 17:15:00,704.44,704.44,701.4,704.1,587.671
2026-08-24 17:18:00,704.1,704.5,701.61,701.97,401.373
2026-08-24 17:21:00,701.97,701.97,699.34,699.38,1270.095
2026-08-24 17:24:00,699.39,700.56,698.67,700.56,1396.597
2026-08-24 17:27:00,700.56,701.89,698.96,699.03,1011.329
2026-08-24 17:30:00,699.06,700.83,698.97,699.95,1034.877
2026-08-24 17:33:00,699.94,700.19,699.37,700.14,444.76
2026-08-24 17:36:00,700.14,701.55,700.01,701.08,464.969
2026-08-24 17:39:00,701.07,702.46,700.95,701.98,317.804
2026-08-24 17:42:00,701.98,702.43,700.12,700.12,236.737
2026-08-24 17:45:00,700.12,701.92,699.84,701.65,166.228
2026-08-24 17:48:00,701.65,702.66,701.55,702.26,227.972
2026-08-24 17:51:00,702.27,702.43,701.42,701.99,199.577
2026-08-24 17:54:00,702.0,702.24,701.08,701.84,108.534
2026-08-24 17:57:00,701.85,702.69,701.85,702.64,113.476
2026-08-24 18:00:00,702.65,704.4,702.65,704.26,339.789
2026-08-24 18:03:00,704.26,704.65,703.84,704.43,199.462
2026-08-24 18:06:00,704.43,704.88,703.36,703.47,204.119
2026-08-24 18:09:00,703.47,704.15,703.25,703.99,276.345
2026-08-24 18:12:00,703.98,704.72,703.66,704.72,163.474
2026-08-24 18:15:00,704.73,705.36,704.6,704.88,144.224
2026-08-24 18:18:00,704.88,705.33,704.36,704.93,257.493
2026-08-24 18:21:00,704.94,705.0,703.8,704.06,380.794
2026-08-24 18:24:00,704.05,704.91,703.41,704.79,275.063
2026-08-24 18:27:00,704.78,704.95,703.73,704.17,66.82
2026-08-24 18:30:00,704.17,705.02,703.92,704.5,309.142
2026-08-24 18:33:00,704.51,704.57,703.32,703.53,95.768
2026-08-24 18:36:00,703.54,703.83,701.7,701.71,169.255
2026-08-24 18:39:00,701.71,703.44,701.53,703.44,150.261
2026-08-24 18:42:00,703.44,704.0,702.83,704.0,111.821
2026-08-24 18:45:00,703.99,704.51,703.7,703.83,154.439
2026-08-24 18:48:00,703.83,704.58,703.49,703.74,313.313
2026-08-24 18:51:00,703.73,703.74,702.14,702.15,96.962
2026-08-24 18:54:00,702.14,703.03,701.95,702.75,152.942
2026-08-24 18:57:00,702.75,703.41,702.54,702.97,58.328
2026-08-24 19:00:00,702.97,703.91,702.97,703.17,173.9
2026-08-24 19:03:00,703.16,703.34,701.81,702.11,467.23
2026-08-24 19:06:00,702.11,702.51,701.24,702.24,591.974
2026-08-24 19:09:00,702.24,703.1,701.62,702.91,248.028
2026-08-24 19:12:00,702.91,703.68,702.77,703.53,169.042
2026-08-24 19:15:00,703.56,703.56,701.71,702.07,394.663
2026-08-24 19:18:00,702.08,702.29,701.04,701.65,325.525
2026-08-24 19:21:00,701.66,701.82,701.02,701.23,238.979
2026-08-24 19:24:00,701.23,702.92,700.61,702.81,255.019
2026-08-24 19:27:00,702.8,703.55,702.75,703.48,191.838
2026-08-24 19:30:00,703.48,703.48,702.77,703.27,215.589
2026-08-24 19:33:00,703.27,703.53,702.6,703.53,172.097
2026-08-24 19:36:00,703.52,704.33,703.52,703.75,352.325
2026-08-24 19:39:00,703.76,704.07,702.54,702.61,294.581
2026-08-24 19:42:00,702.61,702.85,701.96,702.85,296.817
2026-08-24 19:45:00,702.85,703.09,702.08,702.38,356.467
2026-08-24 19:48:00,702.37,702.73,701.88,701.89,225.539
2026-08-24 19:51:00,701.89,702.2,701.0,701.58,237.692
2026-08-24 19:54:00,701.58,702.53,701.4,702.39,240.391
2026-08-24 19:57:00,702.39,703.02,702.01,702.09,198.504
2026-08-24 20:00:00,702.1,702.88,701.46,701.46,84.078
2026-08-24 20:03:00,701.46,701.76,701.08,701.17,71.672
2026-08-24 20:06:00,701.17,702.85,701.17,702.55,72.055
2026-08-24 20:09:00,702.54,703.36,702.44,702.47,187.188
2026-08-24 20:12:00,702.48,703.31,702.0,702.41,301.103
2026-08-24 20:15:00,702.4,702.4,701.26,701.83,240.953
2026-08-24 20:18:00,701.82,702.63,701.82,702.18,129.663
2026-08-24 20:21:00,702.18,702.4,701.75,702.3,179.636
2026-08-24 20:24:00,702.37,702.37,700.86,701.26,363.728
2026-08-24 20:27:00,701.27,701.59,701.01,701.45,147.241
2026-08-24 20:30:00,701.46,701.78,700.88,701.78,95.295
2026-08-24 20:33:00,701.77,703.11,701.68,703.05,61.979
2026-08-24 20:36:00,703.05,704.28,702.75,704.04,199.802
2026-08-24 20:39:00,704.05,704.05,702.5,702.8,438.297
2026-08-24 20:42:00,702.81,703.21,702.52,702.98,228.872
2026-08-24 20:45:00,702.97,703.21,702.89,703.12,70.71
2026-08-24 20:48:00,703.11,703.19,702.94,703.11,116.413
2026-08-24 20:51:00,703.1,703.21,702.58,702.85,132.963
2026-08-24 20:54:00,702.85,703.2,702.57,703.06,159.489
2026-08-24 20:57:00,703.06,703.21,703.06,703.2,42.787
2026-08-24 21:00:00,703.21,704.09,703.2,703.99,76.108
2026-08-24 21:03:00,703.98,705.11,703.98,704.84,279.125
2026-08-24 21:06:00,704.85,704.85,704.25,704.26,72.777
2026-08-24 21:09:00,704.25,704.7,704.09,704.7,115.05
2026-08-24 21:12:00,704.71,705.25,704.7,705.25,207.221
2026-08-24 21:15:00,705.25,705.29,704.56,704.61,156.355
2026-08-24 21:18:00,704.6,704.91,704.04,704.1,145.478
2026-08-24 21:21:00,704.11,704.59,704.04,704.47,101.795
2026-08-24 21:24:00,704.46,704.95,703.9,704.09,539.978
2026-08-24 21:27:00,704.09,704.4,704.02,704.4,131.058
2026-08-24 21:30:00,704.4,704.97,704.32,704.41,97.915
2026-08-24 21:33:00,704.41,704.41,704.04,704.05,64.823
2026-08-24 21:36:00,704.05,704.24,703.89,703.9,70.573
2026-08-24 21:39:00,703.89,704.68,703.89,704.51,146.114
2026-08-24 21:42:00,704.52,704.68,704.25,704.65,117.599
2026-08-24 21:45:00,704.65,705.23,704.43,704.43,229.368
2026-08-24 21:48:00,704.43,704.78,704.43,704.53,65.99
2026-08-24 21:51:00,704.52,704.53,703.17,703.18,141.003
2026-08-24 21:54:00,703.17,703.57,702.93,703.57,114.583
2026-08-24 21:57:00,703.57,704.04,703.57,703.88,69.451
2026-08-24 22:00:00,703.88,704.16,702.62,703.39,157.839
2026-08-24 22:03:00,703.4,703.82,702.43,703.37,272.637
2026-08-24 22:06:00,703.37,703.79,703.05,703.31,124.888
2026-08-24 22:09:00,703.31,703.31,702.58,702.58,123.767
2026-08-24 22:12:00,702.59,702.82,702.33,702.67,54.571
2026-08-24 22:15:00,702.66,702.97,702.47,702.76,65.57
2026-08-24 22:18:00,702.76,702.83,702.16,702.17,73.65
2026-08-24 22:21:00,702.17,702.75,701.84,702.09,352.062
2026-08-24 22:24:00,702.08,702.26,701.83,701.93,86.752
2026-08-24 22:27:00,701.92,702.32,701.65,702.32,239.71
2026-08-24 22:30:00,702.31,702.75,701.95,702.39,67.243
2026-08-24 22:33:00,702.38,703.27,702.26,703.0,127.259
2026-08-24 22:36:00,702.99,703.66,702.75,703.24,118.162
2026-08-24 22:39:00,703.23,703.27,702.33,702.34,41.405
2026-08-24 22:42:00,702.34,702.39,701.56,701.72,209.051
2026-08-24 22:45:00,701.72,702.42,701.72,702.28,61.451
2026-08-24 22:48:00,702.28,702.62,702.05,702.32,228.628
2026-08-24 22:51:00,702.32,703.02,702.0,702.27,306.699
2026-08-24 22:54:00,702.27,702.27,701.31,701.68,103.223
2026-08-24 22:57:00,701.68,701.69,701.39,701.47,51.423
2026-08-24 23:00:00,701.47,701.76,700.68,700.74,260.887
2026-08-24 23:03:00,700.75,701.48,700.1,701.37,386.817
2026-08-24 23:06:00,701.36,701.72,701.32,701.6,84.462
2026-08-24 23:09:00,701.6,701.94,701.41,701.85,202.057
2026-08-24 23:12:00,701.85,702.14,701.34,701.38,142.214
2026-08-24 23:15:00,701.38,701.73,701.38,701.61,48.578
2026-08-24 23:18:00,701.6,702.09,701.36,702.09,74.224
2026-08-24 23:21:00,702.1,702.6,701.87,702.59,74.658
2026-08-24 23:24:00,702.6,703.12,702.6,703.1,67.255
2026-08-24 23:27:00,703.11,703.16,702.51,702.58,99.31
2026-08-24 23:30:00,702.56,703.08,702.51,703.08,114.741
2026-08-24 23:33:00,703.08,703.08,702.35,702.6,93.22
2026-08-24 23:36:00,702.6,703.5,702.6,703.41,106.642
2026-08-24 23:39:00,703.42,704.0,703.42,703.69,418.387
2026-08-24 23:42:00,703.68,704.04,703.64,704.04,314.608
2026-08-24 23:45:00,704.03,704.5,703.91,704.04,129.307
2026-08-24 23:48:00,704.04,704.05,703.43,703.71,216.4
2026-08-24 23:51:00,703.71,703.71,703.05,703.09,76.624
2026-08-24 23:54:00,703.08,703.78,703.02,703.78,52.856
2026-08-24 23:57:00,703.77,704.45,703.64,704.31,272.026
2026-08-25 00:00:00,704.31,705.15,704.17,704.8,374.409
2026-08-25 00:03:00,704.8,704.91,703.62,703.91,185.63
2026-08-25 00:06:00,703.92,706.58,703.66,705.91,834.11
2026-08-25 00:09:00,705.9,706.1,705.36,705.75,302.846
2026-08-25 00:12:00,705.75,707.1,705.74,706.39,661.926
2026-08-25 00:15:00,706.39,706.39,704.64,704.64,270.194
2026-08-25 00:18:00,704.64,705.17,704.24,705.17,159.111
2026-08-25 00:21:00,705.18,707.3,705.09,707.3,971.56
2026-08-25 00:24:00,707.3,707.76,706.69,706.83,338.5
2026-08-25 00:27:00,706.84,706.96,706.2,706.54,118.392
2026-08-25 00:30:00,706.54,707.1,705.78,705.82,401.795
2026-08-25 00:33:00,705.82,707.22,705.42,707.11,163.414
2026-08-25 00:36:00,707.11,707.83,706.38,707.83,313.685
2026-08-25 00:39:00,707.82,707.86,706.5,707.35,454.849
2026-08-25 00:42:00,707.35,709.34,707.23,709.33,639.186
2026-08-25 00:45:00,709.33,711.2,709.15,710.79,1063.322
2026-08-25 00:48:00,710.75,710.79,709.21,710.62,876.257
2026-08-25 00:51:00,710.61,710.71,709.75,710.63,319.312
2026-08-25 00:54:00,710.62,711.28,710.52,710.53,308.883
2026-08-25 00:57:00,710.52,710.77,709.88,710.04,155.338
2026-08-25 01:00:00,710.05,711.28,709.68,711.12,453.432
2026-08-25 01:03:00,711.13,712.43,710.93,711.52,507.044
2026-08-25 01:06:00,711.51,712.1,710.06,710.52,657.711
2026-08-25 01:09:00,710.52,711.06,709.48,709.97,778.898
2026-08-25 01:12:00,709.97,710.46,709.36,709.54,284.087
2026-08-25 01:15:00,709.54,710.04,708.37,709.83,1000.869
2026-08-25 01:18:00,709.83,710.09,709.34,709.9,334.537
2026-08-25 01:21:00,709.89,709.99,708.93,708.93,216.365
2026-08-25 01:24:00,708.93,710.71,708.87,710.49,403.585
2026-08-25 01:27:00,710.48,711.2,709.93,710.07,330.204
2026-08-25 01:30:00,710.07,710.23,709.31,709.31,166.976
2026-08-25 01:33:00,709.31,709.31,708.75,709.19,348.76
2026-08-25 01:36:00,709.19,710.58,709.07,710.33,240.206
2026-08-25 01:39:00,710.33,711.1,709.89,710.49,303.758
2026-08-25 01:42:00,710.49,710.64,709.53,709.71,349.887
2026-08-25 01:45:00,709.7,710.76,709.7,710.32,256.985
2026-08-25 01:48:00,710.31,711.0,710.09,710.21,341.604
2026-08-25 01:51:00,710.2,710.2,709.1,709.35,357.913
2026-08-25 01:54:00,709.33,709.99,708.94,709.8,337.261
2026-08-25 01:57:00,709.8,710.61,709.79,710.47,270.138
2026-08-25 02:00:00,710.47,710.8,709.8,710.63,398.576
2026-08-25 02:03:00,710.64,710.64,709.53,709.53,262.768
2026-08-25 02:06:00,709.52,709.52,708.65,708.7,268.021
2026-08-25 02:09:00,708.69,709.73,708.31,709.02,220.083
2026-08-25 02:12:00,709.01,709.01,708.51,708.89,177.932
2026-08-25 02:15:00,708.89,713.33,708.55,712.65,1172.24
2026-08-25 02:18:00,712.69,716.0,712.68,716.0,2410.175
2026-08-25 02:21:00,716.0,717.0,713.18,714.17,1200.758
2026-08-25 02:24:00,714.18,716.42,714.09,716.01,540.938
2026-08-25 02:27:00,716.02,719.18,716.02,718.82,1471.827
2026-08-25 02:30:00,718.81,719.08,716.8,718.1,705.346
2026-08-25 02:33:00,718.1,718.5,717.5,717.65,853.397
2026-08-25 02:36:00,717.66,717.68,715.99,716.47,463.623
2026-08-25 02:39:00,716.47,717.97,716.25,717.82,542.787
2026-08-25 02:42:00,717.82,718.65,715.5,715.5,1119.439
2026-08-25 02:45:00,715.5,716.06,714.65,715.66,642.949
2026-08-25 02:48:00,715.66,715.69,712.43,712.92,846.089
2026-08-25 02:51:00,712.92,714.17,712.44,714.08,357.32
2026-08-25 02:54:00,714.08,714.47,713.31,714.46,215.972
2026-08-25 02:57:00,714.45,714.79,713.9,714.33,350.571
2026-08-25 03:00:00,714.33,715.25,713.92,715.1,373.234
2026-08-25 03:03:00,715.07,716.42,715.07,715.98,305.412
2026-08-25 03:06:00,715.97,718.63,715.97,717.52,1223.508
2026-08-25 03:09:00,717.53,717.84,716.75,717.15,274.446
2026-08-25 03:12:00,717.14,717.87,716.85,716.95,182.871
2026-08-25 03:15:00,716.94,717.59,716.06,716.06,302.98
2026-08-25 03:18:00,716.05,717.43,715.86,716.59,179.555
2026-08-25 03:21:00,716.58,716.92,715.87,716.49,333.084
2026-08-25 03:24:00,716.49,716.59,714.86,715.57,295.163
2026-08-25 03:27:00,715.57,716.35,715.57,716.2,218.635
2026-08-25 03:30:00,716.2,717.39,715.61,717.39,483.599
2026-08-25 03:33:00,717.4,717.55,716.14,716.15,114.258
2026-08-25 03:36:00,716.15,717.48,716.15,716.89,345.472
2026-08-25 03:39:00,716.89,717.36,716.05,716.97,335.882
2026-08-25 03:42:00,716.97,716.97,715.29,715.72,419.751
2026-08-25 03:45:00,715.72,716.2,715.06,715.84,227.769
2026-08-25 03:48:00,715.83,715.97,713.89,715.97,686.351
2026-08-25 03:51:00,715.97,716.48,715.58,716.13,522.817
2026-08-25 03:54:00,716.13,716.3,715.03,715.04,215.066
2026-08-25 03:57:00,715.04,715.71,714.4,715.5,581.438
2026-08-25 04:00:00,715.5,718.06,714.95,718.01,1117.943
2026-08-25 04:03:00,718.01,718.02,715.97,715.98,887.352
2026-08-25 04:06:00,715.97,716.16,714.1,715.92,459.128
2026-08-25 04:09:00,715.91,715.92,714.88,715.92,326.806
2026-08-25 04:12:00,715.92,716.3,715.43,716.3,260.549
2026-08-25 04:15:00,716.3,716.45,715.29,715.59,367.694
2026-08-25 04:18:00,715.59,715.77,714.75,715.72,274.731
2026-08-25 04:21:00,715.72,716.25,715.35,715.76,164.57
2026-08-25 04:24:00,715.76,716.49,715.42,715.45,162.298
2026-08-25 04:27:00,715.44,715.44,714.75,714.88,202.893
2026-08-25 04:30:00,714.89,715.43,713.46,715.43,327.047
2026-08-25 04:33:00,715.42,715.67,714.65,715.31,134.23
2026-08-25 04:36:00,715.31,715.31,714.46,714.96,225.681
2026-08-25 04:39:00,714.95,715.39,714.01,714.36,552.586
2026-08-25 04:42:00,714.36,714.36,713.61,714.0,152.698
2026-08-25 04:45:00,713.99,714.61,713.96,714.43,192.716
2026-08-25 04:48:00,714.43,714.78,713.76,714.44,256.122
2026-08-25 04:51:00,714.44,714.77,714.01,714.01,261.161
2026-08-25 04:54:00,714.01,714.5,713.71,713.71,336.632
2026-08-25 04:57:00,713.7,714.41,713.54,714.41,196.614
2026-08-25 05:00:00,714.41,715.69,713.93,715.25,219.925
2026-08-25 05:03:00,715.25,716.0,715.25,715.92,126.248
2026-08-25 05:06:00,715.92,716.43,715.92,716.42,132.224
2026-08-25 05:09:00,716.42,716.56,716.1,716.13,142.166
2026-08-25 05:12:00,716.13,716.44,715.81,716.1,150.241
2026-08-25 05:15:00,716.1,716.31,715.87,716.1,248.559
2026-08-25 05:18:00,716.1,716.95,716.09,716.68,651.514
2026-08-25 05:21:00,716.68,716.94,716.5,716.52,143.426
2026-08-25 05:24:00,716.52,717.48,716.35,717.35,338.522
2026-08-25 05:27:00,717.35,718.56,717.35,717.7,395.631
2026-08-25 05:30:00,717.7,718.04,717.16,717.87,223.172
2026-08-25 05:33:00,717.88,718.13,717.33,717.67,152.824
2026-08-25 05:36:00,717.67,718.0,717.31,717.39,196.167
2026-08-25 05:39:00,717.38,717.55,716.91,717.06,366.47
2026-08-25 05:42:00,717.05,717.17,716.47,716.66,163.779
2026-08-25 05:45:00,716.66,717.06,716.5,716.88,170.826
2026-08-25 05:48:00,716.89,717.35,716.88,716.92,188.001
2026-08-25 05:51:00,716.91,717.19,716.77,716.86,156.032
2026-08-25 05:54:00,716.85,717.6,716.73,716.92,364.496
2026-08-25 05:57:00,716.92,717.14,716.36,716.56,279.35
2026-08-25 06:00:00,716.56,716.87,716.36,716.64,176.812
2026-08-25 06:03:00,716.64,716.94,716.45,716.53,142.685
2026-08-25 06:06:00,716.53,717.0,716.52,716.99,167.088
2026-08-25 06:09:00,717.0,717.27,715.8,716.27,718.214
2026-08-25 06:12:00,716.26,716.9,716.12,716.89,135.866
2026-08-25 06:15:00,716.9,717.26,716.47,717.26,218.919
2026-08-25 06:18:00,717.25,717.52,716.13,716.22,843.311
2026-08-25 06:21:00,716.21,717.3,715.69,717.12,337.177
2026-08-25 06:24:00,717.11,717.11,716.09,716.65,90.15
2026-08-25 06:27:00,716.64,716.7,715.89,716.02,150.356
2026-08-25 06:30:00,716.02,716.02,714.7,714.78,587.933
2026-08-25 06:33:00,714.78,715.37,714.18,714.44,220.311
2026-08-25 06:36:00,714.45,714.45,713.26,713.63,238.676
2026-08-25 06:39:00,713.64,714.18,713.59,713.82,188.645
2026-08-25 06:42:00,713.83,713.89,713.11,713.26,182.863
2026-08-25 06:45:00,713.26,713.87,713.17,713.41,102.219
2026-08-25 06:48:00,713.4,713.69,713.22,713.38,150.278
2026-08-25 06:51:00,713.37,713.41,712.21,712.21,1138.787
2026-08-25 06:54:00,712.21,712.46,711.24,712.32,914.321
2026-08-25 06:57:00,712.32,713.12,711.53,713.04,291.439
2026-08-25 07:00:00,713.04,714.33,712.6,714.33,312.843
2026-08-25 07:03:00,714.32,716.0,713.97,715.98,582.689
2026-08-25 07:06:00,715.92,715.92,714.85,714.85,118.218
2026-08-25 07:09:00,714.85,714.85,714.02,714.02,290.8
2026-08-25 07:12:00,714.02,714.42,713.55,713.56,361.765
2026-08-25 07:15:00,713.56,714.14,713.22,713.22,359.571
2026-08-25 07:18:00,713.21,713.24,712.27,712.34,417.173
2026-08-25 07:21:00,712.33,713.0,712.27,712.64,258.879
2026-08-25 07:24:00,712.64,712.65,711.25,711.26,420.93
2026-08-25 07:27:00,711.26,712.5,711.26,711.91,362.929
2026-08-25 07:30:00,711.9,711.9,710.39,710.55,1000.892
2026-08-25 07:33:00,710.56,710.98,709.9,710.43,1547.105
2026-08-25 07:36:00,710.43,710.43,709.44,709.68,644.93
2026-08-25 07:39:00,709.68,709.75,709.03,709.64,540.379
2026-08-25 07:42:00,709.64,710.05,709.4,709.93,364.281
2026-08-25 07:45:00,709.93,709.94,709.08,709.09,581.056
2026-08-25 07:48:00,709.08,709.21,704.88,705.39,1934.287
2026-08-25 07:51:00,705.38,706.22,702.44,706.14,2336.059
2026-08-25 07:54:00,706.14,706.59,705.54,706.28,1051.678
2026-08-25 07:57:00,706.28,706.75,706.11,706.31,705.43
2026-08-25 08:00:00,706.31,706.77,705.59,706.31,736.939
2026-08-25 08:03:00,706.31,706.69,706.0,706.41,715.232
2026-08-25 08:06:00,706.41,706.62,705.72,706.22,375.459
2026-08-25 08:09:00,706.21,706.39,706.05,706.21,289.267
2026-08-25 08:12:00,706.21,706.75,706.21,706.44,284.172
2026-08-25 08:15:00,706.44,707.51,706.43,707.31,1034.668
2026-08-25 08:18:00,707.32,707.36,706.64,707.03,378.663
2026-08-25 08:21:00,707.02,708.23,707.0,708.23,527.545
2026-08-25 08:24:00,708.22,708.76,707.29,707.77,607.699
2026-08-25 08:27:00,707.77,708.14,707.62,707.81,297.977
2026-08-25 08:30:00,707.82,708.36,707.59,707.77,319.217
2026-08-25 08:33:00,707.76,707.81,707.0,707.81,401.006
2026-08-25 08:36:00,707.8,707.88,707.1,707.29,495.901
2026-08-25 08:39:00,707.3,707.43,706.15,706.53,432.593
2026-08-25 08:42:00,706.53,706.6,705.68,706.49,930.269
2026-08-25 08:45:00,706.49,706.65,705.51,705.56,573.054
2026-08-25 08:48:00,705.55,705.67,705.2,705.24,427.187
2026-08-25 08:51:00,705.23,705.24,704.25,704.28,571.865
2026-08-25 08:54:00,704.28,704.5,703.49,703.62,604.32
2026-08-25 08:57:00,703.62,704.41,703.62,704.28,369.031
2026-08-25 09:00:00,704.28,704.3,703.26,703.26,482.662
2026-08-25 09:03:00,703.26,703.26,701.0,701.48,1202.709
2026-08-25 09:06:00,701.48,702.7,701.16,702.53,525.173
2026-08-25 09:09:00,702.52,703.37,702.3,702.31,330.259
2026-08-25 09:12:00,702.31,703.5,701.7,702.87,357.624
2026-08-25 09:15:00,702.88,703.29,702.38,703.22,266.224
2026-08-25 09:18:00,703.21,703.29,702.56,703.28,936.747
2026-08-25 09:21:00,703.28,703.74,702.95,703.22,395.287
2026-08-25 09:24:00,703.21,703.53,701.77,701.85,328.275
2026-08-25 09:27:00,701.85,702.54,701.83,702.46,450.049
2026-08-25 09:30:00,702.47,703.26,702.47,702.88,316.572
2026-08-25 09:33:00,702.89,703.45,702.62,702.65,382.073
2026-08-25 09:36:00,702.65,703.12,702.5,703.04,304.184
2026-08-25 09:39:00,703.03,704.01,703.03,703.56,407.477
2026-08-25 09:42:00,703.55,703.6,702.54,702.54,399.344
2026-08-25 09:45:00,702.54,702.8,701.59,701.6,387.205
2026-08-25 09:48:00,701.59,701.7,700.45,700.46,581.639
2026-08-25 09:51:00,700.46,700.67,697.0,697.48,2079.461
2026-08-25 09:54:00,697.48,699.41,697.48,699.24,784.496
2026-08-25 09:57:00,699.23,699.23,697.86,698.99,802.723
2026-08-25 10:00:00,698.99,698.99,697.3,697.79,665.042
2026-08-25 10:03:00,697.78,699.07,697.47,699.07,581.092
2026-08-25 10:06:00,699.07,699.51,698.4,698.73,441.079
2026-08-25 10:09:00,698.73,700.24,698.72,699.94,641.398
2026-08-25 10:12:00,699.93,700.05,699.3,700.05,489.069
2026-08-25 10:15:00,700.05,700.43,699.57,699.97,467.19
2026-08-25 10:18:00,699.98,700.32,699.69,699.76,390.56
2026-08-25 10:21:00,699.75,699.76,699.09,699.66,281.935
2026-08-25 10:24:00,699.65,699.67,699.06,699.06,230.936
2026-08-25 10:27:00,699.06,699.5,699.0,699.2,459.483
2026-08-25 10:30:00,699.21,699.43,699.0,699.25,349.913
2026-08-25 10:33:00,699.24,699.43,698.8,699.31,536.469
2026-08-25 10:36:00,699.3,699.6,699.24,699.48,594.038
2026-08-25 10:39:00,699.47,699.78,699.4,699.71,581.916
2026-08-25 10:42:00,699.71,699.72,699.3,699.45,332.115
2026-08-25 10:45:00,699.45,700.31,699.39,699.96,795.751
2026-08-25 10:48:00,699.95,700.07,699.25,699.87,1389.157
2026-08-25 10:51:00,699.87,700.5,699.82,700.06,1021.753
2026-08-25 10:54:00,700.06,700.31,699.87,699.98,382.462
2026-08-25 10:57:00,699.97,700.23,699.41,699.46,337.098
2026-08-25 11:00:00,699.47,699.61,699.17,699.18,228.036
2026-08-25 11:03:00,699.17,699.38,698.81,699.01,319.446
2026-08-25 11:06:00,699.01,700.12,699.01,699.77,367.072
2026-08-25 11:09:00,699.78,699.84,698.38,698.51,426.595
2026-08-25 11:12:00,698.51,699.27,698.0,698.01,631.468
2026-08-25 11:15:00,698.01,698.3,697.73,698.23,654.364
2026-08-25 11:18:00,698.24,698.88,698.2,698.88,305.031
2026-08-25 11:21:00,698.87,699.13,698.6,699.09,319.212
2026-08-25 11:24:00,699.09,699.09,697.83,698.36,298.434
2026-08-25 11:27:00,698.37,698.46,697.82,698.29,441.085
2026-08-25 11:30:00,698.29,698.91,698.1,698.5,339.013
2026-08-25 11:33:00,698.51,699.0,698.06,698.95,350.895
2026-08-25 11:36:00,698.95,699.57,698.84,699.23,432.612
2026-08-25 11:39:00,699.23,699.24,698.1,698.13,357.888
2026-08-25 11:42:00,698.13,698.19,697.71,697.81,313.327
2026-08-25 11:45:00,697.8,697.93,697.41,697.6,263.591
2026-08-25 11:48:00,697.6,698.38,697.59,698.32,374.339
2026-08-25 11:51:00,698.31,698.31,697.01,697.17,819.937
2026-08-25 11:54:00,697.17,697.28,696.61,697.27,434.458
2026-08-25 11:57:00,697.28,697.32,696.7,696.78,296.355
2026-08-25 12:00:00,696.78,697.23,695.9,696.1,899.243
2026-08-25 12:03:00,696.11,696.73,694.67,694.67,768.376
2026-08-25 12:06:00,694.67,694.87,693.0,693.6,975.945
2026-08-25 12:09:00,693.61,696.09,693.42,696.08,839.547
2026-08-25 12:12:00,696.08,696.26,695.4,696.26,281.919
2026-08-25 12:15:00,696.25,696.33,695.88,695.93,186.001
2026-08-25 12:18:00,695.92,695.92,694.01,694.65,562.633
2026-08-25 12:21:00,694.64,694.81,693.41,694.64,632.147
2026-08-25 12:24:00,694.65,695.19,693.15,693.51,362.706
2026-08-25 12:27:00,693.5,695.37,693.29,695.37,259.815
2026-08-25 12:30:00,695.37,695.81,694.61,695.81,209.108
2026-08-25 12:33:00,695.81,696.03,695.35,695.62,176.957
2026-08-25 12:36:00,695.62,695.88,695.17,695.52,168.933
2026-08-25 12:39:00,695.51,695.96,694.04,695.89,308.253
2026-08-25 12:42:00,695.89,696.45,695.59,696.03,255.098
2026-08-25 12:45:00,696.03,697.03,695.88,696.98,435.597
2026-08-25 12:48:00,696.97,697.47,696.9,697.34,235.762
2026-08-25 12:51:00,697.35,698.11,697.2,697.7,451.054
2026-08-25 12:54:00,697.71,698.09,697.51,698.0,183.65
2026-08-25 12:57:00,697.99,698.0,697.52,697.56,179.111
2026-08-25 13:00:00,697.56,698.28,697.03,697.73,276.746
2026-08-25 13:03:00,697.73,698.11,697.73,697.94,151.751
2026-08-25 13:06:00,697.93,698.11,696.5,696.75,457.839
2026-08-25 13:09:00,696.76,697.53,696.6,696.79,586.853
2026-08-25 13:12:00,696.78,696.94,695.19,696.02,836.607
2026-08-25 13:15:00,696.02,696.04,695.14,695.53,249.348
2026-08-25 13:18:00,695.54,695.6,693.44,695.15,985.813
2026-08-25 13:21:00,695.16,695.5,693.76,694.95,229.601
2026-08-25 13:24:00,694.95,695.36,694.17,694.86,231.855
2026-08-25 13:27:00,694.86,694.95,693.98,694.19,212.149
2026-08-25 13:30:00,694.2,695.86,693.82,695.7,511.48
2026-08-25 13:33:00,695.71,697.76,695.64,697.72,659.532
2026-08-25 13:36:00,697.71,698.0,696.98,697.09,704.61
2026-08-25 13:39:00,697.08,697.1,695.71,696.44,550.144
2026-08-25 13:42:00,696.44,697.11,694.08,694.22,284.927
2026-08-25 13:45:00,694.22,694.57,692.58,693.63,612.167
2026-08-25 13:48:00,693.62,694.11,691.86,692.14,1327.208
2026-08-25 13:51:00,692.2,692.25,690.5,691.58,1049.452
2026-08-25 13:54:00,691.58,693.14,691.27,693.0,361.048
2026-08-25 13:57:00,692.99,694.48,692.89,694.48,428.601
2026-08-25 14:00:00,694.48,695.19,693.25,693.41,268.295
2026-08-25 14:03:00,693.41,695.48,693.41,695.43,139.089
2026-08-25 14:06:00,695.43,695.65,694.82,695.35,358.484
2026-08-25 14:09:00,695.36,696.56,695.36,696.22,384.863
2026-08-25 14:12:00,696.2,696.52,695.69,696.52,683.268
2026-08-25 14:15:00,696.52,696.97,695.82,696.23,616.708
2026-08-25 14:18:00,696.22,697.5,695.0,696.71,694.596
2026-08-25 14:21:00,696.71,697.02,696.08,696.68,198.411
2026-08-25 14:24:00,696.68,697.89,696.68,697.88,426.853
2026-08-25 14:27:00,697.87,698.5,697.33,697.76,226.759
2026-08-25 14:30:00,697.76,699.09,696.66,699.08,768.285
2026-08-25 14:33:00,699.07,699.61,698.35,698.65,339.763
2026-08-25 14:36:00,698.65,699.03,697.99,698.06,185.187
2026-08-25 14:39:00,698.05,698.21,697.42,697.42,328.273
2026-08-25 14:42:00,697.43,697.92,697.14,697.78,285.045
2026-08-25 14:45:00,697.77,698.57,697.77,698.46,539.426
2026-08-25 14:48:00,698.47,698.58,697.89,698.48,237.74
2026-08-25 14:51:00,698.48,699.24,698.25,698.58,317.185
2026-08-25 14:54:00,698.57,698.88,697.62,698.5,753.392
2026-08-25 14:57:00,698.5,698.91,697.78,698.3,135.243
2026-08-25 15:00:00,698.31,698.4,697.47,697.67,165.788
2026-08-25 15:03:00,697.67,698.28,697.31,697.8,504.042
2026-08-25 15:06:00,697.8,698.66,697.8,698.22,261.919
2026-08-25 15:09:00,698.22,698.52,697.25,697.32,200.328
2026-08-25 15:12:00,697.31,697.35,696.68,696.69,211.022
2026-08-25 15:15:00,696.69,698.41,696.24,697.14,316.386
2026-08-25 15:18:00,697.14,699.0,697.14,698.94,216.249
2026-08-25 15:21:00,698.94,699.13,698.31,698.48,269.717
2026-08-25 15:24:00,698.48,698.66,697.46,697.48,141.005
2026-08-25 15:27:00,697.48,698.74,697.34,698.6,182.005
2026-08-25 15:30:00,698.59,698.68,698.08,698.35,254.16
2026-08-25 15:33:00,698.35,699.5,698.17,699.05,341.688
2026-08-25 15:36:00,699.05,699.59,698.82,699.25,192.533
2026-08-25 15:39:00,699.27,699.36,698.58,698.84,187.788
2026-08-25 15:42:00,698.84,699.0,697.83,698.87,926.881
2026-08-25 15:45:00,698.88,699.26,698.48,698.73,724.74
2026-08-25 15:48:00,698.74,698.76,698.29,698.74,197.393
2026-08-25 15:51:00,698.74,698.95,698.52,698.74,168.603
2026-08-25 15:54:00,698.73,700.0,698.73,699.74,489.703
2026-08-25 15:57:00,699.75,700.42,699.63,700.07,377.672
2026-08-25 16:00:00,700.08,700.64,699.75,699.8,330.538
2026-08-25 16:03:00,699.81,700.55,699.49,699.58,308.668
2026-08-25 16:06:00,699.59,699.71,698.89,698.89,195.551
2026-08-25 16:09:00,698.89,698.89,698.07,698.17,451.386
2026-08-25 16:12:00,698.16,698.42,697.75,698.13,255.392
2026-08-25 16:15:00,698.13,698.85,698.0,698.54,140.348
2026-08-25 16:18:00,698.54,698.91,698.18,698.52,233.837
2026-08-25 16:21:00,698.54,698.73,698.0,698.0,212.694
2026-08-25 16:24:00,698.01,698.01,697.54,697.61,349.313
2026-08-25 16:27:00,697.61,698.27,697.61,698.23,135.766
2026-08-25 16:30:00,698.24,699.3,697.88,699.19,152.4
2026-08-25 16:33:00,699.18,699.67,698.92,699.04,279.573
2026-08-25 16:36:00,699.04,699.15,698.54,699.08,130.293
2026-08-25 16:39:00,699.08,699.46,698.88,699.36,123.806
2026-08-25 16:42:00,699.36,699.83,699.21,699.21,220.029
2026-08-25 16:45:00,699.22,700.0,699.08,699.26,178.589
2026-08-25 16:48:00,699.26,699.87,699.26,699.45,130.207
2026-08-25 16:51:00,699.45,699.45,698.76,698.93,204.155
2026-08-25 16:54:00,698.93,699.0,698.62,698.69,130.193
2026-08-25 16:57:00,698.7,698.99,698.21,698.69,225.489
2026-08-25 17:00:00,698.7,698.73,697.77,698.09,173.424
2026-08-25 17:03:00,698.09,698.44,697.86,698.05,128.292
2026-08-25 17:06:00,698.05,698.2,696.96,697.26,226.908
2026-08-25 17:09:00,697.26,698.0,697.09,697.23,275.78
2026-08-25 17:12:00,697.22,698.62,697.22,698.62,137.739
2026-08-25 17:15:00,698.61,699.12,698.51,699.11,77.837
2026-08-25 17:18:00,699.12,699.27,698.92,699.27,90.791
2026-08-25 17:21:00,699.27,699.4,697.0,697.05,260.46
2026-08-25 17:24:00,697.05,697.32,696.81,696.84,178.949
2026-08-25 17:27:00,696.85,697.5,696.66,696.9,124.294
2026-08-25 17:30:00,696.9,698.53,696.9,698.53,227.345
2026-08-25 17:33:00,698.54,699.45,698.26,698.37,358.588
2026-08-25 17:36:00,698.38,699.16,698.31,699.06,231.531
2026-08-25 17:39:00,699.07,699.63,698.69,699.6,222.815
2026-08-25 17:42:00,699.59,699.78,699.35,699.44,212.597
2026-08-25 17:45:00,699.45,700.6,699.41,700.57,266.043
2026-08-25 17:48:00,700.57,700.58,699.73,699.83,86.594
2026-08-25 17:51:00,699.83,700.32,699.74,699.92,65.066
2026-08-25 17:54:00,699.91,700.44,699.84,699.84,194.959
2026-08-25 17:57:00,699.85,700.14,699.8,700.13,68.83
2026-08-25 18:00:00,700.14,700.35,699.84,700.26,247.057
2026-08-25 18:03:00,700.26,701.0,700.16,700.56,213.268
2026-08-25 18:06:00,700.56,700.71,699.76,699.94,121.854
2026-08-25 18:09:00,699.94,700.38,699.9,700.13,83.081
2026-08-25 18:12:00,700.12,700.9,700.12,700.73,169.157
2026-08-25 18:15:00,700.73,701.14,700.73,701.14,142.659
2026-08-25 18:18:00,701.14,701.43,700.88,700.96,171.896
2026-08-25 18:21:00,700.95,701.21,700.58,701.17,184.187
2026-08-25 18:24:00,701.17,701.19,700.6,700.61,150.11
2026-08-25 18:27:00,700.6,700.76,700.58,700.64,78.333
2026-08-25 18:30:00,700.64,700.67,700.2,700.2,119.512
2026-08-25 18:33:00,700.2,700.47,700.0,700.09,140.611
2026-08-25 18:36:00,700.09,700.09,699.5,699.81,187.447
2026-08-25 18:39:00,699.8,700.19,699.73,699.88,123.434
2026-08-25 18:42:00,699.89,700.22,699.89,700.19,171.691
2026-08-25 18:45:00,700.19,700.26,699.94,700.06,72.665
2026-08-25 18:48:00,700.07,700.08,699.72,699.83,79.29
2026-08-25 18:51:00,699.83,700.04,699.17,699.17,82.701
2026-08-25 18:54:00,699.17,699.47,699.12,699.47,59.818
2026-08-25 18:57:00,699.47,699.84,699.4,699.62,72.004
2026-08-25 19:00:00,699.63,700.09,699.51,700.02,71.813
2026-08-25 19:03:00,700.03,700.03,698.68,699.11,211.953
2026-08-25 19:06:00,699.1,699.37,698.67,699.37,177.03
2026-08-25 19:09:00,699.38,699.96,699.25,699.67,81.205
2026-08-25 19:12:00,699.67,699.75,699.32,699.74,36.897
2026-08-25 19:15:00,699.74,699.87,699.56,699.63,42.451
2026-08-25 19:18:00,699.62,700.05,698.43,699.38,1175.936
2026-08-25 19:21:00,699.38,699.84,699.28,699.41,132.106
2026-08-25 19:24:00,699.41,699.54,698.58,698.58,105.381
2026-08-25 19:27:00,698.59,698.69,698.26,698.37,111.423
2026-08-25 19:30:00,698.37,698.37,697.8,697.86,177.131
2026-08-25 19:33:00,697.86,698.59,697.47,698.4,92.392
2026-08-25 19:36:00,698.4,698.43,698.02,698.31,69.647
2026-08-25 19:39:00,698.31,698.31,697.47,697.85,97.693
2026-08-25 19:42:00,697.86,697.86,697.0,697.0,173.402
2026-08-25 19:45:00,697.01,697.16,696.73,696.88,269.527
2026-08-25 19:48:00,696.87,697.38,696.86,697.38,128.604
2026-08-25 19:51:00,697.38,698.26,697.38,698.16,78.055
2026-08-25 19:54:00,698.16,698.25,697.56,697.76,52.762
2026-08-25 19:57:00,697.77,698.18,697.77,698.1,106.073
2026-08-25 20:00:00,698.11,698.4,697.71,697.71,142.07
2026-08-25 20:03:00,697.72,697.72,695.63,697.38,271.301
2026-08-25 20:06:00,697.37,697.7,696.9,697.6,152.171
2026-08-25 20:09:00,697.6,697.6,696.72,696.86,155.263
2026-08-25 20:12:00,696.85,697.21,696.63,697.21,85.828
2026-08-25 20:15:00,697.21,697.3,696.61,697.06,176.464
2026-08-25 20:18:00,697.07,697.89,697.07,697.31,116.711
2026-08-25 20:21:00,697.31,697.43,696.85,697.42,98.621
2026-08-25 20:24:00,697.42,697.59,696.7,696.78,150.818
2026-08-25 20:27:00,696.79,696.86,696.36,696.44,79.399
2026-08-25 20:30:00,696.43,696.5,695.51,696.11,155.126
2026-08-25 20:33:00,696.12,696.49,696.02,696.49,92.696
2026-08-25 20:36:00,696.48,696.48,695.64,695.64,102.272
2026-08-25 20:39:00,695.64,695.73,694.8,695.16,323.56
2026-08-25 20:42:00,695.15,695.22,693.71,694.52,228.336
2026-08-25 20:45:00,694.52,695.13,693.12,693.4,323.918
2026-08-25 20:48:00,693.4,694.06,692.16,693.9,574.994
2026-08-25 20:51:00,693.89,693.89,692.98,693.12,134.473
2026-08-25 20:54:00,693.11,693.36,692.47,692.47,250.663
2026-08-25 20:57:00,692.47,692.88,692.28,692.29,97.727
2026-08-25 21:00:00,692.28,692.75,692.06,692.53,99.039
2026-08-25 21:03:00,692.53,693.53,692.42,693.12,251.022
2026-08-25 21:06:00,693.12,693.14,688.0,690.23,2404.695
2026-08-25 21:09:00,690.23,691.38,688.87,690.99,740.621
2026-08-25 21:12:00,690.98,692.23,690.66,692.15,162.675
2026-08-25 21:15:00,692.16,692.47,691.3,692.12,245.224
2026-08-25 21:18:00,692.13,692.63,690.2,690.43,293.994
2026-08-25 21:21:00,690.43,691.52,690.43,690.63,304.539
2026-08-25 21:24:00,690.62,691.76,690.36,691.75,289.749
2026-08-25 21:27:00,691.75,692.07,691.38,691.96,128.463
2026-08-25 21:30:00,691.97,692.31,691.5,691.64,170.427
2026-08-25 21:33:00,691.63,693.0,691.35,692.97,259.445
2026-08-25 21:36:00,692.98,693.42,692.89,693.02,324.928
2026-08-25 21:39:00,693.01,693.38,692.8,692.96,139.13
2026-08-25 21:42:00,692.95,692.95,692.61,692.91,109.46
2026-08-25 21:45:00,692.9,693.04,692.73,692.83,110.694
2026-08-25 21:48:00,692.83,693.12,692.71,692.9,44.646
2026-08-25 21:51:00,692.89,692.97,692.63,692.74,20.402
2026-08-25 21:54:00,692.73,693.08,692.5,693.08,116.14
2026-08-25 21:57:00,693.08,693.32,692.78,692.82,81.737
2026-08-25 22:00:00,692.82,694.33,692.82,694.19,318.666
2026-08-25 22:03:00,694.19,694.64,694.18,694.49,94.156
2026-08-25 22:06:00,694.49,695.74,694.49,695.28,211.083
2026-08-25 22:09:00,695.29,695.96,695.18,695.96,131.567
2026-08-25 22:12:00,695.96,696.0,695.38,695.89,287.134
2026-08-25 22:15:00,695.88,696.72,695.82,696.35,163.221
2026-08-25 22:18:00,696.36,696.76,696.18,696.31,88.787
2026-08-25 22:21:00,696.32,696.44,696.19,696.29,54.574
2026-08-25 22:24:00,696.29,696.7,695.68,695.8,94.081
2026-08-25 22:27:00,695.79,695.8,695.03,695.32,93.667
2026-08-25 22:30:00,695.33,696.15,694.92,696.03,53.939
2026-08-25 22:33:00,696.05,696.68,696.05,696.52,93.979
2026-08-25 22:36:00,696.53,696.6,695.97,695.97,151.807
2026-08-25 22:39:00,695.97,696.27,695.73,696.18,150.219
2026-08-25 22:42:00,696.18,696.27,696.0,696.25,50.06
2026-08-25 22:45:00,696.24,697.1,696.12,697.09,134.755
2026-08-25 22:48:00,697.1,697.1,696.65,697.04,65.949
2026-08-25 22:51:00,697.05,697.18,696.97,697.06,52.007
2026-08-25 22:54:00,697.06,697.4,696.94,697.08,80.212
2026-08-25 22:57:00,697.09,697.47,697.08,697.11,93.011
2026-08-25 23:00:00,697.12,697.5,696.82,697.33,94.49
2026-08-25 23:03:00,697.34,697.38,696.87,697.3,37.126
2026-08-25 23:06:00,697.3,697.5,696.72,697.04,134.534
2026-08-25 23:09:00,697.05,697.05,696.4,696.79,70.032
2026-08-25 23:12:00,696.78,697.06,696.38,696.81,127.006
2026-08-25 23:15:00,696.81,697.33,696.61,697.02,89.266
2026-08-25 23:18:00,697.03,697.16,695.99,696.28,193.176
2026-08-25 23:21:00,696.28,696.41,695.52,695.61,93.565
2026-08-25 23:24:00,695.61,695.68,695.0,695.22,61.001
2026-08-25 23:27:00,695.22,696.08,695.22,695.98,128.194
2026-08-25 23:30:00,695.97,696.06,695.26,695.44,195.666
2026-08-25 23:33:00,695.44,695.75,694.97,694.97,98.432
2026-08-25 23:36:00,694.97,695.42,694.97,695.01,61.993
2026-08-25 23:39:00,695.01,695.2,694.62,694.63,58.93
2026-08-25 23:42:00,694.63,694.69,693.96,694.37,118.909
2026-08-25 23:45:00,694.36,694.51,693.8,694.15,123.013
2026-08-25 23:48:00,694.15,694.28,693.5,693.51,45.524
2026-08-25 23:51:00,693.5,693.83,693.0,693.83,121.285
2026-08-25 23:54:00,693.83,694.15,693.23,694.15,69.135
2026-08-25 23:57:00,694.14,694.56,694.07,694.41,98.652
2026-08-26 00:00:00,694.42,694.83,693.43,693.65,192.832
2026-08-26 00:03:00,693.64,694.5,693.24,693.56,665.214
2026-08-26 00:06:00,693.55,694.22,693.31,693.32,101.734
2026-08-26 00:09:00,693.32,693.6,692.62,693.6,164.088
2026-08-26 00:12:00,693.6,693.63,691.4,691.71,765.259
2026-08-26 00:15:00,691.72,692.59,691.62,692.5,356.054
2026-08-26 00:18:00,692.5,693.26,692.5,692.96,81.591
2026-08-26 00:21:00,692.96,693.02,692.3,693.02,113.773
2026-08-26 00:24:00,693.01,693.32,692.95,693.22,79.9
2026-08-26 00:27:00,693.22,693.6,693.04,693.57,61.851
2026-08-26 00:30:00,693.58,694.05,693.37,693.64,104.574
2026-08-26 00:33:00,693.65,694.0,693.27,693.45,90.834
2026-08-26 00:36:00,693.44,693.53,692.43,692.59,112.778
2026-08-26 00:39:00,692.59,693.0,691.56,692.41,507.163
2026-08-26 00:42:00,692.42,693.14,692.11,692.37,166.138
2026-08-26 00:45:00,692.38,692.88,691.93,692.33,257.278
2026-08-26 00:48:00,692.33,693.81,692.33,693.79,110.51
2026-08-26 00:51:00,693.79,694.63,693.78,694.36,219.763
2026-08-26 00:54:00,694.36,694.58,694.09,694.33,231.332
2026-08-26 00:57:00,694.33,694.33,693.6,693.6,54.635
2026-08-26 01:00:00,693.61,694.88,693.36,694.62,256.825
2026-08-26 01:03:00,694.61,695.84,694.6,695.84,130.967
2026-08-26 01:06:00,695.84,696.21,695.74,695.74,156.503
2026-08-26 01:09:00,695.74,695.75,695.2,695.29,120.266
2026-08-26 01:12:00,695.28,695.29,694.69,694.8,164.951
2026-08-26 01:15:00,694.81,695.83,694.78,695.53,119.558
2026-08-26 01:18:00,695.53,695.65,695.23,695.4,44.049
2026-08-26 01:21:00,695.39,695.69,695.27,695.69,81.14
2026-08-26 01:24:00,695.68,695.76,694.87,694.87,200.228
2026-08-26 01:27:00,694.88,695.09,694.5,694.51,117.273
2026-08-26 01:30:00,694.52,695.99,694.52,695.74,140.401
2026-08-26 01:33:00,695.74,696.03,694.12,695.9,1229.122
2026-08-26 01:36:00,695.9,696.53,695.84,695.99,152.043
2026-08-26 01:39:00,696.0,696.21,695.45,695.46,227.646
2026-08-26 01:42:00,695.46,695.87,695.31,695.86,161.697
2026-08-26 01:45:00,695.87,695.87,695.24,695.49,46.967
2026-08-26 01:48:00,695.5,695.62,695.0,695.12,48.012
2026-08-26 01:51:00,695.12,695.12,694.5,694.52,78.645
2026-08-26 01:54:00,694.52,694.82,694.52,694.82,57.565
2026-08-26 01:57:00,694.81,695.03,694.34,694.67,217.479
2026-08-26 02:00:00,694.68,695.17,694.52,694.74,117.154
2026-08-26 02:03:00,694.75,694.9,694.12,694.9,308.778
2026-08-26 02:06:00,694.9,695.06,693.98,693.98,136.164
2026-08-26 02:09:00,693.99,694.81,693.74,694.73,85.635
2026-08-26 02:12:00,694.74,695.2,694.5,694.5,89.639
2026-08-26 02:15:00,694.5,695.88,694.28,695.88,70.839
2026-08-26 02:18:00,695.87,696.41,695.86,696.36,237.603
2026-08-26 02:21:00,696.36,696.67,695.92,696.48,115.075
2026-08-26 02:24:00,696.48,697.89,696.48,697.33,264.181
2026-08-26 02:27:00,697.33,698.0,697.33,697.99,108.465
2026-08-26 02:30:00,697.99,698.0,697.33,697.87,126.686
2026-08-26 02:33:00,697.87,698.0,697.55,697.73,68.554
2026-08-26 02:36:00,697.74,697.93,697.56,697.93,70.859
2026-08-26 02:39:00,697.93,697.93,697.71,697.73,170.855
2026-08-26 02:42:00,697.74,698.21,697.63,698.14,439.583
2026-08-26 02:45:00,698.13,698.13,697.91,698.0,185.139
2026-08-26 02:48:00,698.0,698.06,697.24,697.39,180.166
2026-08-26 02:51:00,697.39,697.62,697.15,697.44,57.399
2026-08-26 02:54:00,697.45,697.87,697.16,697.41,471.298
2026-08-26 02:57:00,697.41,697.73,697.41,697.67,91.165
2026-08-26 03:00:00,697.67,698.08,697.29,697.73,83.536
2026-08-26 03:03:00,697.73,697.91,697.1,697.29,103.257
2026-08-26 03:06:00,697.3,697.51,697.08,697.08,300.091
2026-08-26 03:09:00,697.08,697.36,696.48,696.83,1019.317
2026-08-26 03:12:00,696.84,696.94,696.5,696.62,129.884
2026-08-26 03:15:00,696.62,696.91,696.49,696.51,187.089
2026-08-26 03:18:00,696.52,696.65,696.14,696.56,154.598
2026-08-26 03:21:00,696.56,697.26,696.55,697.12,82.486
2026-08-26 03:24:00,697.11,697.12,696.51,696.78,109.621
2026-08-26 03:27:00,696.77,696.77,696.26,696.28,80.572
2026-08-26 03:30:00,696.29,696.29,695.12,695.48,157.908
2026-08-26 03:33:00,695.47,696.18,695.47,696.18,105.28
2026-08-26 03:36:00,696.18,696.8,696.11,696.49,145.097
2026-08-26 03:39:00,696.48,696.48,695.5,695.86,129.664
2026-08-26 03:42:00,695.86,696.16,695.86,696.08,75.733
2026-08-26 03:45:00,696.07,696.22,695.33,695.34,103.102
2026-08-26 03:48:00,695.33,695.35,694.98,695.35,117.807
2026-08-26 03:51:00,695.35,695.68,695.29,695.37,147.565
2026-08-26 03:54:00,695.38,696.23,695.37,696.15,115.571
2026-08-26 03:57:00,696.15,696.29,696.04,696.04,59.727
2026-08-26 04:00:00,696.04,696.07,695.34,695.64,118.254
2026-08-26 04:03:00,695.65,695.79,695.25,695.79,170.193
2026-08-26 04:06:00,695.78,696.44,695.72,696.18,198.388
2026-08-26 04:09:00,696.17,697.37,696.17,696.18,165.987
2026-08-26 04:12:00,696.18,696.19,695.29,695.69,73.164
2026-08-26 04:15:00,695.68,696.07,695.32,696.07,133.868
2026-08-26 04:18:00,696.08,696.79,696.04,696.3,202.159
2026-08-26 04:21:00,696.31,696.46,696.11,696.46,107.436
2026-08-26 04:24:00,696.46,697.0,696.31,696.31,60.893
2026-08-26 04:27:00,696.31,696.51,696.13,696.14,102.832
2026-08-26 04:30:00,696.14,696.37,696.0,696.01,80.701
2026-08-26 04:33:00,696.0,696.0,695.34,695.43,112.312
2026-08-26 04:36:00,695.42,696.3,695.42,696.24,100.219
2026-08-26 04:39:00,696.25,696.41,695.65,696.01,63.671
2026-08-26 04:42:00,696.02,696.19,695.64,695.65,72.058
2026-08-26 04:45:00,695.65,695.65,694.5,694.5,132.882
2026-08-26 04:48:00,694.51,694.89,694.21,694.8,248.18
2026-08-26 04:51:00,694.79,694.98,694.2,694.61,196.726
2026-08-26 04:54:00,694.62,694.77,694.2,694.21,54.264
2026-08-26 04:57:00,694.21,694.5,694.0,694.2,105.865
2026-08-26 05:00:00,694.21,694.45,693.98,694.37,118.073
2026-08-26 05:03:00,694.36,694.5,693.33,693.34,144.898
2026-08-26 05:06:00,693.34,693.34,692.77,693.22,215.54
2026-08-26 05:09:00,693.22,694.09,693.22,693.99,215.881
2026-08-26 05:12:00,693.99,694.66,693.82,694.18,116.208
2026-08-26 05:15:00,694.17,694.54,693.71,693.71,146.532
2026-08-26 05:18:00,693.7,693.98,692.6,693.07,473.96
2026-08-26 05:21:00,693.07,694.19,693.02,694.19,120.31
2026-08-26 05:24:00,694.18,695.11,694.18,694.8,205.277
2026-08-26 05:27:00,694.79,695.96,694.79,695.79,197.427
2026-08-26 05:30:00,695.77,696.66,695.42,696.66,185.913
2026-08-26 05:33:00,696.66,696.71,696.1,696.11,106.183
2026-08-26 05:36:00,696.11,696.33,695.7,696.1,118.519
2026-08-26 05:39:00,696.11,696.43,696.0,696.37,92.324
2026-08-26 05:42:00,696.36,696.37,696.12,696.31,123.256
2026-08-26 05:45:00,696.31,696.31,695.8,695.8,33.996
2026-08-26 05:48:00,695.81,696.09,695.65,695.82,73.035
2026-08-26 05:51:00,695.81,695.82,695.46,695.46,55.789
2026-08-26 05:54:00,695.46,695.8,695.35,695.8,137.697
2026-08-26 05:57:00,695.8,696.28,695.72,696.27,216.282
2026-08-26 06:00:00,696.28,696.5,696.0,696.09,153.514
2026-08-26 06:03:00,696.09,696.9,695.86,696.88,89.743
2026-08-26 06:06:00,696.88,696.98,696.57,696.81,129.597
2026-08-26 06:09:00,696.82,696.95,696.0,696.24,66.666
2026-08-26 06:12:00,696.23,696.23,695.83,696.08,95.385
2026-08-26 06:15:00,696.07,696.43,695.93,696.25,208.6
2026-08-26 06:18:00,696.24,696.25,695.22,695.91,180.087
2026-08-26 06:21:00,695.91,696.05,695.43,695.5,63.828
2026-08-26 06:24:00,695.5,695.52,695.0,695.51,51.755
2026-08-26 06:27:00,695.52,696.21,695.21,695.86,483.657
2026-08-26 06:30:00,695.85,696.17,695.55,695.83,85.043
2026-08-26 06:33:00,695.84,696.21,695.32,696.07,128.547
2026-08-26 06:36:00,696.06,696.07,695.35,695.88,68.675
2026-08-26 06:39:00,695.88,697.02,695.81,696.99,117.762
2026-08-26 06:42:00,696.99,697.6,696.92,697.41,311.285
2026-08-26 06:45:00,697.41,697.6,697.26,697.46,58.111
2026-08-26 06:48:00,697.45,697.45,696.65,696.93,115.522
2026-08-26 06:51:00,696.93,697.08,696.73,697.0,64.577
2026-08-26 06:54:00,697.0,697.6,696.99,697.59,124.3
2026-08-26 06:57:00,697.6,697.76,697.38,697.75,190.458
2026-08-26 07:00:00,697.76,698.0,697.28,698.0,112.453
2026-08-26 07:03:00,697.99,699.52,697.83,699.42,569.899
2026-08-26 07:06:00,699.42,700.0,699.42,699.78,1139.925
2026-08-26 07:09:00,699.78,699.94,699.3,699.55,1259.736
2026-08-26 07:12:00,699.55,699.72,699.15,699.62,937.446
2026-08-26 07:15:00,699.62,699.86,699.46,699.57,525.671
2026-08-26 07:18:00,699.56,699.77,699.36,699.52,786.783
2026-08-26 07:21:00,699.52,699.94,699.41,699.8,452.246
2026-08-26 07:24:00,699.8,700.1,699.56,700.09,526.157
2026-08-26 07:27:00,700.1,700.19,699.86,699.86,278.578
2026-08-26 07:30:00,699.87,699.87,698.46,698.46,606.437
2026-08-26 07:33:00,698.45,698.77,698.26,698.77,184.429
2026-08-26 07:36:00,698.77,699.16,698.49,699.0,128.937
2026-08-26 07:39:00,699.0,699.42,698.69,699.31,218.646
2026-08-26 07:42:00,699.3,699.3,698.81,698.97,128.967
2026-08-26 07:45:00,698.97,699.04,698.69,699.01,110.157
2026-08-26 07:48:00,699.01,699.39,698.82,699.39,158.952
2026-08-26 07:51:00,699.38,699.8,699.22,699.38,194.138
2026-08-26 07:54:00,699.38,699.54,698.45,698.97,190.058
2026-08-26 07:57:00,698.97,698.98,698.67,698.67,65.969
2026-08-26 08:00:00,698.67,699.0,698.01,698.01,135.671
2026-08-26 08:03:00,698.0,698.36,697.45,697.46,175.737
2026-08-26 08:06:00,697.45,698.34,697.45,698.18,585.918
2026-08-26 08:09:00,698.19,699.21,698.18,698.92,393.993
2026-08-26 08:12:00,698.91,699.1,698.46,698.46,119.348
2026-08-26 08:15:00,698.45,699.18,698.38,698.53,101.99
2026-08-26 08:18:00,698.52,698.65,698.13,698.22,410.155
2026-08-26 08:21:00,698.23,698.28,697.54,697.82,193.106
2026-08-26 08:24:00,697.82,698.52,697.74,698.42,214.523
2026-08-26 08:27:00,698.41,698.78,698.19,698.56,184.32
2026-08-26 08:30:00,698.57,699.0,697.85,698.89,204.383
2026-08-26 08:33:00,698.9,699.28,698.47,698.77,111.486
2026-08-26 08:36:00,698.76,698.8,698.42,698.42,72.259
2026-08-26 08:39:00,698.42,698.76,698.19,698.19,178.105
2026-08-26 08:42:00,698.2,699.15,698.2,699.07,229.766
2026-08-26 08:45:00,699.08,699.08,698.25,698.39,175.513
2026-08-26 08:48:00,698.39,698.45,698.19,698.26,76.281
2026-08-26 08:51:00,698.26,698.26,697.28,697.34,220.788
2026-08-26 08:54:00,697.35,697.35,696.21,696.63,248.006
2026-08-26 08:57:00,696.62,697.0,696.16,697.0,112.637
2026-08-26 09:00:00,697.0,699.0,696.81,698.42,2423.465
2026-08-26 09:03:00,698.42,698.59,698.05,698.19,193.897
2026-08-26 09:06:00,698.2,698.39,697.84,697.84,80.811
2026-08-26 09:09:00,697.84,698.27,697.8,698.13,81.515
2026-08-26 09:12:00,698.14,698.14,697.4,697.63,168.102
2026-08-26 09:15:00,697.63,697.63,695.58,696.03,397.549
2026-08-26 09:18:00,696.02,696.46,695.49,695.78,157.781
2026-08-26 09:21:00,695.77,696.17,695.44,695.5,141.823
2026-08-26 09:24:00,695.51,696.18,695.48,695.78,254.755
2026-08-26 09:27:00,695.79,695.79,695.52,695.72,91.301
2026-08-26 09:30:00,695.72,696.04,695.26,695.74,158.502
2026-08-26 09:33:00,695.75,696.16,695.74,695.89,84.962
2026-08-26 09:36:00,695.9,696.0,695.56,695.71,74.85
2026-08-26 09:39:00,695.71,695.92,695.17,695.49,213.386
2026-08-26 09:42:00,695.5,695.5,694.85,694.85,188.383
2026-08-26 09:45:00,694.86,695.27,694.22,694.86,180.513
2026-08-26 09:48:00,694.87,695.37,694.79,695.37,179.418
2026-08-26 09:51:00,695.37,696.01,695.32,695.32,426.376
2026-08-26 09:54:00,695.33,695.47,695.12,695.26,86.846
2026-08-26 09:57:00,695.26,695.42,695.11,695.11,151.356
2026-08-26 10:00:00,695.11,695.64,695.02,695.3,346.62
2026-08-26 10:03:00,695.3,695.32,694.74,695.15,389.255
2026-08-26 10:06:00,695.16,695.68,695.15,695.57,118.97
2026-08-26 10:09:00,695.57,695.65,694.96,695.01,616.272
2026-08-26 10:12:00,695.01,695.86,694.77,695.54,112.351
2026-08-26 10:15:00,695.54,697.05,695.34,696.98,201.772
2026-08-26 10:18:00,696.98,697.77,696.98,697.0,236.826
2026-08-26 10:21:00,697.0,697.78,696.54,697.78,146.719
2026-08-26 10:24:00,697.78,698.14,697.77,698.06,131.085
2026-08-26 10:27:00,698.06,698.17,697.85,697.89,160.461
2026-08-26 10:30:00,697.88,697.91,697.19,697.42,281.192
2026-08-26 10:33:00,697.42,700.08,697.32,699.81,1545.383
2026-08-26 10:36:00,699.81,702.57,699.63,702.26,2262.17
2026-08-26 10:39:00,702.26,702.53,701.93,702.25,1098.826
2026-08-26 10:42:00,702.26,702.3,701.33,701.54,327.303
2026-08-26 10:45:00,701.54,703.29,701.36,703.29,814.742
2026-08-26 10:48:00,703.29,704.86,702.99,704.19,786.613
2026-08-26 10:51:00,704.19,707.0,703.66,706.82,2394.357
2026-08-26 10:54:00,706.82,707.0,706.55,706.92,686.617
2026-08-26 10:57:00,706.92,708.06,706.77,706.8,1410.482
2026-08-26 11:00:00,706.8,706.94,705.79,706.24,932.314
2026-08-26 11:03:00,706.25,707.74,706.07,706.85,861.5
2026-08-26 11:06:00,706.85,706.85,705.95,706.05,572.849
2026-08-26 11:09:00,706.05,706.15,705.78,705.94,457.822
2026-08-26 11:12:00,705.94,706.0,705.7,706.0,430.385
2026-08-26 11:15:00,705.99,706.27,705.88,706.22,511.438
2026-08-26 11:18:00,706.23,706.23,705.82,705.83,611.737
2026-08-26 11:21:00,705.82,705.93,704.95,705.82,653.275
2026-08-26 11:24:00,705.83,705.95,705.66,705.67,351.114
2026-08-26 11:27:00,705.67,705.79,705.59,705.73,323.609
2026-08-26 11:30:00,705.74,705.74,705.48,705.6,318.458
2026-08-26 11:33:00,705.6,705.73,705.41,705.66,395.774
2026-08-26 11:36:00,705.66,705.84,703.07,703.75,1617.243
2026-08-26 11:39:00,703.74,703.74,701.83,702.06,2489.719
2026-08-26 11:42:00,702.06,703.69,701.93,703.36,260.927
2026-08-26 11:45:00,703.36,703.5,701.55,701.55,316.435
2026-08-26 11:48:00,701.55,702.2,701.13,701.72,321.686
2026-08-26 11:51:00,701.73,703.02,701.73,703.02,301.373
2026-08-26 11:54:00,703.02,703.14,702.49,703.01,204.486
2026-08-26 11:57:00,703.01,703.12,701.76,702.15,362.781
2026-08-26 12:00:00,702.15,703.16,702.14,702.67,600.127
2026-08-26 12:03:00,702.67,702.72,702.01,702.2,106.132
2026-08-26 12:06:00,702.2,702.21,701.13,701.82,365.149
2026-08-26 12:09:00,701.81,702.64,701.78,702.35,314.392
2026-08-26 12:12:00,702.35,703.07,702.3,702.31,230.426
2026-08-26 12:15:00,702.31,702.31,701.36,702.28,140.653
2026-08-26 12:18:00,702.29,702.64,701.8,702.64,195.53
2026-08-26 12:21:00,702.64,703.86,702.36,703.48,536.375
2026-08-26 12:24:00,703.49,703.8,702.87,702.88,326.328
2026-08-26 12:27:00,702.88,703.96,702.88,703.81,220.095
2026-08-26 12:30:00,703.8,703.81,697.82,701.47,1951.487
2026-08-26 12:33:00,701.48,701.99,700.89,701.55,243.099
2026-08-26 12:36:00,701.54,701.54,699.61,700.4,151.953
2026-08-26 12:39:00,700.39,701.4,699.87,700.9,308.196
2026-08-26 12:42:00,700.9,701.46,700.52,700.61,291.884
2026-08-26 12:45:00,700.61,701.7,700.13,701.02,225.651
2026-08-26 12:48:00,701.01,702.05,700.91,702.05,181.778
2026-08-26 12:51:00,702.04,702.04,700.88,701.0,490.749
2026-08-26 12:54:00,701.01,701.54,700.69,701.5,244.451
2026-08-26 12:57:00,701.51,701.92,701.1,701.57,250.376
2026-08-26 13:00:00,701.57,702.18,701.25,701.34,364.965
2026-08-26 13:03:00,701.34,701.49,700.28,700.59,268.123
2026-08-26 13:06:00,700.59,701.08,699.87,699.87,271.647
2026-08-26 13:09:00,699.86,700.01,698.52,698.92,869.69
2026-08-26 13:12:00,698.96,699.26,698.29,698.55,359.016
2026-08-26 13:15:00,698.55,699.36,698.3,698.31,367.067
2026-08-26 13:18:00,698.31,698.8,698.0,698.07,347.862
2026-08-26 13:21:00,698.07,698.8,697.0,698.17,700.34
2026-08-26 13:24:00,698.17,698.17,697.0,697.16,337.329
2026-08-26 13:27:00,697.16,697.88,697.16,697.55,372.941
2026-08-26 13:30:00,697.56,699.88,697.56,699.38,685.544
2026-08-26 13:33:00,699.39,700.58,699.15,699.97,521.69
2026-08-26 13:36:00,699.96,701.78,699.85,701.34,586.91
2026-08-26 13:39:00,701.33,701.91,700.48,701.18,307.019
2026-08-26 13:42:00,701.18,701.8,700.96,701.73,594.148
2026-08-26 13:45:00,701.72,702.22,700.69,701.51,679.848
2026-08-26 13:48:00,701.51,702.04,699.86,700.0,580.943
2026-08-26 13:51:00,700.01,700.3,699.35,700.29,346.249
2026-08-26 13:54:00,700.3,700.87,699.94,700.6,325.788
2026-08-26 13:57:00,700.59,701.36,700.37,701.3,320.442
2026-08-26 14:00:00,701.31,702.31,700.25,702.1,562.626
2026-08-26 14:03:00,702.11,702.11,701.51,701.61,282.301
2026-08-26 14:06:00,701.61,702.52,700.91,702.24,413.016
2026-08-26 14:09:00,702.23,702.23,700.56,701.47,452.411
2026-08-26 14:12:00,701.48,701.48,700.18,700.35,473.37
2026-08-26 14:15:00,700.35,701.41,700.23,701.19,210.052
2026-08-26 14:18:00,701.18,701.22,700.61,701.04,231.384
2026-08-26 14:21:00,701.03,701.66,700.72,701.0,324.019
2026-08-26 14:24:00,701.0,701.0,699.48,699.52,1080.004
2026-08-26 14:27:00,699.52,699.52,698.26,699.01,731.669
2026-08-26 14:30:00,699.01,699.3,698.26,698.75,300.619
2026-08-26 14:33:00,698.74,698.74,697.81,698.08,421.294
2026-08-26 14:36:00,698.07,699.03,697.86,697.91,338.092
2026-08-26 14:39:00,697.9,698.39,697.01,697.93,957.074
2026-08-26 14:42:00,697.92,698.34,696.68,696.82,991.24
2026-08-26 14:45:00,696.82,697.2,695.46,695.69,834.246
2026-08-26 14:48:00,695.68,696.6,694.93,695.53,698.467
2026-08-26 14:51:00,695.54,695.7,695.12,695.34,458.034
2026-08-26 14:54:00,695.35,695.5,694.13,694.37,731.485
2026-08-26 14:57:00,694.36,694.43,693.21,693.84,972.666
2026-08-26 15:00:00,693.84,694.55,692.39,693.22,869.371
2026-08-26 15:03:00,693.23,694.08,692.1,694.08,670.855
2026-08-26 15:06:00,694.09,695.59,693.44,694.88,636.939
2026-08-26 15:09:00,694.88,695.32,694.34,694.64,233.84
2026-08-26 15:12:00,694.63,694.64,694.0,694.35,396.616
2026-08-26 15:15:00,694.35,694.46,692.58,693.75,440.062
2026-08-26 15:18:00,693.75,694.07,692.88,693.86,306.653
2026-08-26 15:21:00,693.86,695.17,693.73,694.93,284.665
2026-08-26 15:24:00,694.93,696.42,694.78,696.16,1063.304
2026-08-26 15:27:00,696.16,697.12,696.16,697.0,308.172
2026-08-26 15:30:00,696.99,697.11,695.53,695.75,322.227
2026-08-26 15:33:00,695.75,696.16,694.88,695.31,185.559
2026-08-26 15:36:00,695.31,695.73,695.13,695.25,105.638
2026-08-26 15:39:00,695.26,697.68,695.23,697.05,544.392
2026-08-26 15:42:00,697.05,697.88,696.68,696.77,518.393
2026-08-26 15:45:00,696.76,697.73,696.74,697.36,127.595
2026-08-26 15:48:00,697.35,697.88,697.33,697.72,153.958
2026-08-26 15:51:00,697.72,697.74,697.01,697.02,184.106
2026-08-26 15:54:00,697.02,697.79,697.02,697.69,127.166
2026-08-26 15:57:00,697.69,697.69,696.8,697.0,94.732
2026-08-26 16:00:00,697.01,697.52,696.36,696.43,396.145
2026-08-26 16:03:00,696.43,697.58,696.24,697.51,244.706
2026-08-26 16:06:00,697.52,698.06,697.08,697.84,392.027
2026-08-26 16:09:00,697.85,697.9,697.02,697.11,151.427
2026-08-26 16:12:00,697.11,697.18,696.71,697.02,68.377
2026-08-26 16:15:00,697.02,697.43,696.43,696.65,104.242
2026-08-26 16:18:00,696.65,697.55,696.65,697.49,87.954
2026-08-26 16:21:00,697.49,697.75,696.63,696.64,149.746
2026-08-26 16:24:00,696.64,696.85,696.07,696.08,118.08
2026-08-26 16:27:00,696.08,696.58,695.77,696.58,217.309
2026-08-26 16:30:00,696.58,697.17,696.26,697.09,157.094
2026-08-26 16:33:00,697.08,697.6,696.52,697.6,162.156
2026-08-26 16:36:00,697.59,697.84,696.04,696.62,314.716
2026-08-26 16:39:00,696.61,696.62,695.51,696.02,236.706
2026-08-26 16:42:00,696.01,696.04,694.8,694.81,570.213
2026-08-26 16:45:00,694.82,696.95,694.81,696.95,191.83
2026-08-26 16:48:00,696.97,697.94,696.89,697.63,284.734
2026-08-26 16:51:00,697.64,697.64,696.42,696.52,176.82
2026-08-26 16:54:00,696.52,696.82,696.08,696.13,188.34
2026-08-26 16:57:00,696.12,696.62,695.82,695.92,273.622
2026-08-26 17:00:00,695.93,696.54,695.77,695.84,158.258
2026-08-26 17:03:00,695.85,696.36,695.65,696.24,239.017
2026-08-26 17:06:00,696.24,697.01,695.72,697.01,89.77
2026-08-26 17:09:00,697.01,697.3,696.74,697.0,92.934
2026-08-26 17:12:00,696.99,697.57,696.84,697.55,93.973
2026-08-26 17:15:00,697.55,698.33,697.47,698.33,217.106
2026-08-26 17:18:00,698.33,698.97,698.15,698.72,182.116
2026-08-26 17:21:00,698.72,699.24,698.5,699.17,142.928
2026-08-26 17:24:00,699.18,700.28,699.18,700.23,804.329
2026-08-26 17:27:00,700.23,701.49,700.18,701.21,750.971
2026-08-26 17:30:00,701.21,701.58,700.76,700.98,306.858
2026-08-26 17:33:00,700.99,701.65,700.81,701.13,227.937
2026-08-26 17:36:00,701.13,701.81,701.08,701.71,290.748
2026-08-26 17:39:00,701.72,702.0,701.49,701.9,389.751
2026-08-26 17:42:00,701.89,701.9,700.8,700.81,122.302
2026-08-26 17:45:00,700.81,700.81,699.44,699.44,239.684
2026-08-26 17:48:00,699.43,699.67,699.0,699.48,304.49
2026-08-26 17:51:00,699.48,699.58,699.16,699.58,67.255
2026-08-26 17:54:00,699.59,699.77,699.33,699.61,83.328
2026-08-26 17:57:00,699.6,699.73,699.05,699.5,150.942
2026-08-26 18:00:00,699.51,699.53,698.6,699.2,533.35
2026-08-26 18:03:00,699.2,699.41,698.87,698.87,88.729
2026-08-26 18:06:00,698.88,699.26,698.81,699.25,71.704
2026-08-26 18:09:00,699.26,699.75,698.92,699.24,320.143
2026-08-26 18:12:00,699.24,699.81,698.35,698.43,199.487
2026-08-26 18:15:00,698.44,699.11,698.1,698.88,193.573
2026-08-26 18:18:00,698.9,699.15,698.78,698.89,113.044
2026-08-26 18:21:00,698.9,699.33,698.57,698.65,57.906
2026-08-26 18:24:00,698.64,698.84,698.42,698.43,27.285
2026-08-26 18:27:00,698.43,698.6,697.91,698.01,159.476
2026-08-26 18:30:00,698.02,698.49,697.91,698.04,101.757
2026-08-26 18:33:00,698.03,698.49,697.69,697.94,81.725
2026-08-26 18:36:00,697.94,698.14,697.69,697.78,224.111
2026-08-26 18:39:00,697.77,697.94,697.29,697.34,243.367
2026-08-26 18:42:00,697.33,697.6,697.22,697.54,81.902
2026-08-26 18:45:00,697.54,698.21,697.47,698.15,69.133
2026-08-26 18:48:00,698.15,698.39,697.95,698.38,75.203
2026-08-26 18:51:00,698.37,698.55,697.79,698.23,308.666
2026-08-26 18:54:00,698.22,698.36,698.17,698.31,59.723
2026-08-26 18:57:00,698.3,698.53,698.15,698.17,90.632
2026-08-26 19:00:00,698.17,698.5,697.96,698.39,53.399
2026-08-26 19:03:00,698.39,698.39,698.05,698.06,66.794
2026-08-26 19:06:00,698.06,699.15,698.05,698.88,963.698
2026-08-26 19:09:00,698.88,699.86,698.88,699.23,138.453
2026-08-26 19:12:00,699.22,699.3,698.88,698.92,34.04
2026-08-26 19:15:00,698.93,699.3,698.77,698.84,97.758
2026-08-26 19:18:00,698.84,699.4,698.77,699.11,136.885
2026-08-26 19:21:00,699.11,699.21,698.76,699.13,63.42
2026-08-26 19:24:00,699.12,700.74,698.93,700.58,258.362
2026-08-26 19:27:00,700.57,700.57,700.11,700.27,43.844
2026-08-26 19:30:00,700.27,700.44,699.93,700.43,401.189
2026-08-26 19:33:00,700.44,700.45,699.95,699.98,128.339
2026-08-26 19:36:00,699.98,700.09,699.63,699.64,77.882
2026-08-26 19:39:00,699.63,699.63,699.13,699.19,147.306
2026-08-26 19:42:00,699.19,699.52,699.13,699.2,160.448
2026-08-26 19:45:00,699.21,699.64,699.2,699.45,55.872
2026-08-26 19:48:00,699.45,699.68,699.37,699.52,68.412
2026-08-26 19:51:00,699.52,700.33,699.51,699.78,76.73
2026-08-26 19:54:00,699.79,699.99,699.4,699.78,42.732
2026-08-26 19:57:00,699.78,699.79,699.5,699.53,27.296
2026-08-26 20:00:00,699.54,699.85,699.16,699.55,320.164
2026-08-26 20:03:00,699.56,700.26,699.56,700.15,104.163
2026-08-26 20:06:00,700.14,700.38,700.13,700.27,52.195
2026-08-26 20:09:00,700.27,700.27,699.88,699.89,47.439
2026-08-26 20:12:00,699.89,699.89,699.65,699.67,56.844
2026-08-26 20:15:00,699.67,699.9,699.4,699.42,53.92
2026-08-26 20:18:00,699.42,699.42,698.67,698.68,222.204
2026-08-26 20:21:00,698.66,698.66,697.8,698.33,446.303
2026-08-26 20:24:00,698.33,699.56,698.32,699.0,357.985
2026-08-26 20:27:00,699.0,699.41,698.9,699.27,73.862
2026-08-26 20:30:00,699.28,699.38,698.72,698.73,58.684
2026-08-26 20:33:00,698.73,698.73,698.2,698.22,100.465
2026-08-26 20:36:00,698.22,698.28,698.0,698.1,264.391
2026-08-26 20:39:00,698.1,698.79,698.07,698.66,1120.656
2026-08-26 20:42:00,698.65,698.66,698.31,698.39,30.655
2026-08-26 20:45:00,698.4,698.65,698.31,698.59,47.142
2026-08-26 20:48:00,698.6,698.88,698.59,698.78,62.781
2026-08-26 20:51:00,698.79,699.09,698.68,699.03,77.009
2026-08-26 20:54:00,699.03,699.1,698.73,698.77,129.025
2026-08-26 20:57:00,698.77,699.11,698.77,698.98,141.402
2026-08-26 21:00:00,698.98,699.29,698.51,698.8,424.422
2026-08-26 21:03:00,698.8,699.29,698.68,699.22,204.421
2026-08-26 21:06:00,699.22,700.58,699.16,700.58,310.011
2026-08-26 21:09:00,700.58,701.09,700.19,700.83,160.377
2026-08-26 21:12:00,700.83,701.68,700.57,701.68,612.498
2026-08-26 21:15:00,701.68,702.18,701.35,702.17,187.224
2026-08-26 21:18:00,702.17,702.45,701.72,702.32,142.342
2026-08-26 21:21:00,702.33,702.51,702.04,702.26,87.454
2026-08-26 21:24:00,702.27,702.89,702.26,702.89,103.164
2026-08-26 21:27:00,702.88,703.29,701.99,702.97,409.612
2026-08-26 21:30:00,702.96,702.96,701.93,702.12,61.455
2026-08-26 21:33:00,702.12,702.42,702.01,702.42,97.292
2026-08-26 21:36:00,702.42,703.04,702.36,702.64,178.582
2026-08-26 21:39:00,702.64,703.0,702.31,702.39,95.254
2026-08-26 21:42:00,702.39,702.45,702.04,702.2,92.679
2026-08-26 21:45:00,702.19,702.32,702.05,702.05,33.036
2026-08-26 21:48:00,702.05,702.46,701.91,702.41,43.453
2026-08-26 21:51:00,702.41,703.0,702.4,703.0,130.043
2026-08-26 21:54:00,703.0,703.29,702.84,702.97,138.308
2026-08-26 21:57:00,702.97,703.41,702.96,703.19,51.566
2026-08-26 22:00:00,703.19,704.56,702.84,704.39,301.288
2026-08-26 22:03:00,704.39,704.8,704.23,704.56,165.798
2026-08-26 22:06:00,704.56,705.0,704.51,704.69,372.751
2026-08-26 22:09:00,704.68,704.68,704.12,704.13,180.829
2026-08-26 22:12:00,704.12,704.75,704.12,704.59,276.366
2026-08-26 22:15:00,704.58,706.12,704.43,705.8,751.978
2026-08-26 22:18:00,705.8,706.84,705.62,706.55,359.039
2026-08-26 22:21:00,706.56,707.5,706.51,706.63,422.514
2026-08-26 22:24:00,706.63,706.63,705.88,706.51,165.767
2026-08-26 22:27:00,706.52,706.52,705.25,706.01,299.573
2026-08-26 22:30:00,706.01,706.41,705.24,705.61,147.431
2026-08-26 22:33:00,705.61,705.7,704.95,704.96,152.075
2026-08-26 22:36:00,704.95,705.06,704.0,704.97,240.356
2026-08-26 22:39:00,704.96,705.29,704.84,705.09,193.149
2026-08-26 22:42:00,705.08,705.65,704.92,704.93,471.981
2026-08-26 22:45:00,704.93,705.25,704.92,705.01,217.485
2026-08-26 22:48:00,705.01,705.01,704.35,704.35,247.408
2026-08-26 22:51:00,704.35,704.51,703.96,704.43,143.437
2026-08-26 22:54:00,704.43,704.65,703.96,704.31,239.9
2026-08-26 22:57:00,704.31,704.77,704.13,704.21,407.99
2026-08-26 23:00:00,704.21,704.8,703.95,704.7,555.643
2026-08-26 23:03:00,704.7,705.54,704.7,705.15,130.793
2026-08-26 23:06:00,705.16,705.16,704.24,704.47,57.958
2026-08-26 23:09:00,704.47,704.55,704.26,704.54,115.453
2026-08-26 23:12:00,704.55,704.92,704.34,704.34,300.794
2026-08-26 23:15:00,704.35,705.15,704.33,705.03,338.819
2026-08-26 23:18:00,705.03,705.38,704.86,705.38,159.629
2026-08-26 23:21:00,705.38,705.82,705.16,705.82,178.959
2026-08-26 23:24:00,705.82,706.32,705.52,706.24,249.528
2026-08-26 23:27:00,706.25,706.44,705.96,706.13,567.813
2026-08-26 23:30:00,706.12,706.63,705.92,706.17,170.637
2026-08-26 23:33:00,706.17,706.29,705.58,706.13,123.788
2026-08-26 23:36:00,706.12,707.0,706.09,706.99,187.972
2026-08-26 23:39:00,707.0,707.32,706.79,707.3,150.626
2026-08-26 23:42:00,707.3,707.72,707.1,707.56,396.802
2026-08-26 23:45:00,707.57,708.39,707.51,707.9,1099.405
2026-08-26 23:48:00,707.89,708.0,706.94,707.61,416.004
2026-08-26 23:51:00,707.61,708.18,707.51,707.86,86.328
2026-08-26 23:54:00,707.85,708.06,707.41,708.06,124.06
2026-08-26 23:57:00,708.05,708.05,707.51,707.52,107.767
2026-08-27 00:00:00,707.52,707.6,706.33,706.77,506.742
2026-08-27 00:03:00,706.76,706.76,705.32,705.57,535.952
2026-08-27 00:06:00,705.57,706.46,705.34,706.25,176.792
2026-08-27 00:09:00,706.25,706.55,705.1,705.43,616.709
2026-08-27 00:12:00,705.43,705.48,705.01,705.05,156.445
2026-08-27 00:15:00,705.05,705.09,704.84,704.88,158.489
2026-08-27 00:18:00,704.89,705.55,704.88,705.55,245.756
2026-08-27 00:21:00,705.55,705.55,704.74,704.75,287.863
2026-08-27 00:24:00,704.75,704.77,704.27,704.27,167.918
2026-08-27 00:27:00,704.28,704.84,704.22,704.72,249.104
2026-08-27 00:30:00,704.73,704.73,704.0,704.02,159.179
2026-08-27 00:33:00,704.01,704.24,703.84,704.07,143.414
2026-08-27 00:36:00,704.07,704.15,703.46,703.61,125.007
2026-08-27 00:39:00,703.61,704.23,703.6,703.72,406.529
2026-08-27 00:42:00,703.71,704.41,703.59,704.15,158.516
2026-08-27 00:45:00,704.14,704.16,703.51,703.51,126.835
2026-08-27 00:48:00,703.51,704.0,703.5,704.0,30.72
2026-08-27 00:51:00,704.0,704.2,703.17,703.17,254.052
2026-08-27 00:54:00,703.18,703.59,703.17,703.23,199.677
2026-08-27 00:57:00,703.22,703.6,703.22,703.31,300.729
2026-08-27 01:00:00,703.3,703.85,703.08,703.7,67.328
2026-08-27 01:03:00,703.71,703.78,702.99,703.13,181.287
2026-08-27 01:06:00,703.14,703.45,702.63,702.64,111.892
2026-08-27 01:09:00,702.64,703.04,702.52,702.77,141.383
2026-08-27 01:12:00,702.76,702.76,702.14,702.74,238.048
2026-08-27 01:15:00,702.75,702.75,702.1,702.28,149.905
2026-08-27 01:18:00,702.27,703.1,702.27,703.03,174.295
2026-08-27 01:21:00,703.03,703.72,703.03,703.72,60.362
2026-08-27 01:24:00,703.72,704.13,703.72,704.09,586.794
2026-08-27 01:27:00,704.08,704.99,703.93,704.88,245.355
2026-08-27 01:30:00,704.87,705.31,704.03,704.36,375.344
2026-08-27 01:33:00,704.37,705.0,703.99,704.27,119.349
2026-08-27 01:36:00,704.27,705.13,704.27,704.74,132.918
2026-08-27 01:39:00,704.74,704.82,704.11,704.12,71.928
2026-08-27 01:42:00,704.11,704.12,703.43,703.43,51.898
2026-08-27 01:45:00,703.43,704.51,703.25,704.51,121.428
2026-08-27 01:48:00,704.52,705.23,704.28,705.22,124.932
2026-08-27 01:51:00,705.23,705.48,705.02,705.03,130.674
2026-08-27 01:54:00,705.03,705.33,704.86,705.1,245.881
2026-08-27 01:57:00,705.09,705.2,704.62,704.91,351.99
2026-08-27 02:00:00,704.92,705.36,704.66,705.11,219.716
2026-08-27 02:03:00,705.11,705.3,705.11,705.3,52.763
2026-08-27 02:06:00,705.3,705.4,705.1,705.27,105.279
2026-08-27 02:09:00,705.28,705.53,705.04,705.05,165.339
2026-08-27 02:12:00,705.05,705.28,704.48,704.96,626.409
2026-08-27 02:15:00,704.95,704.96,704.53,704.65,102.62
2026-08-27 02:18:00,704.65,704.72,704.3,704.52,102.148
2026-08-27 02:21:00,704.53,704.56,703.74,703.77,74.348
2026-08-27 02:24:00,703.77,703.77,702.57,702.98,575.426
2026-08-27 02:27:00,702.98,703.22,702.86,702.99,108.661
2026-08-27 02:30:00,702.99,703.14,702.69,703.09,100.387
2026-08-27 02:33:00,703.1,703.49,703.06,703.43,62.337
2026-08-27 02:36:00,703.43,703.62,703.12,703.21,136.133
2026-08-27 02:39:00,703.2,703.2,702.61,702.8,147.457
2026-08-27 02:42:00,702.8,702.81,702.79,702.81,33.436
2026-08-27 02:45:00,702.81,703.33,702.75,703.31,168.404
2026-08-27 02:48:00,703.31,703.31,703.12,703.29,72.73
2026-08-27 02:51:00,703.29,703.47,703.16,703.16,37.205
2026-08-27 02:54:00,703.16,703.32,702.96,703.05,33.662
2026-08-27 02:57:00,703.05,703.06,702.79,702.88,55.504
2026-08-27 03:00:00,702.88,703.14,702.79,703.14,69.765
2026-08-27 03:03:00,703.13,703.2,703.05,703.1,53.067
2026-08-27 03:06:00,703.1,703.39,702.85,702.87,110.728
2026-08-27 03:09:00,702.87,703.47,702.74,703.23,523.783
2026-08-27 03:12:00,703.24,703.32,702.46,702.7,450.511
2026-08-27 03:15:00,702.7,702.78,702.32,702.32,53.909
2026-08-27 03:18:00,702.32,703.31,702.31,702.59,897.953
2026-08-27 03:21:00,702.59,703.43,702.32,703.42,159.937
2026-08-27 03:24:00,703.43,704.04,703.2,703.26,109.284
2026-08-27 03:27:00,703.26,703.8,703.26,703.58,62.168
2026-08-27 03:30:00,703.58,703.65,702.73,702.99,112.959
2026-08-27 03:33:00,703.0,703.25,702.76,702.76,103.435
2026-08-27 03:36:00,702.77,703.48,702.76,703.01,199.814
2026-08-27 03:39:00,703.0,703.08,702.76,702.76,26.005
2026-08-27 03:42:00,702.77,703.23,702.77,702.93,119.765
2026-08-27 03:45:00,702.93,703.36,702.68,702.69,139.238
2026-08-27 03:48:00,702.69,702.83,702.38,702.69,167.588
2026-08-27 03:51:00,702.7,702.75,702.35,702.48,226.138
2026-08-27 03:54:00,702.48,702.73,702.47,702.73,88.426
2026-08-27 03:57:00,702.73,703.34,702.73,703.34,82.886
2026-08-27 04:00:00,703.34,703.92,703.34,703.82,153.504
2026-08-27 04:03:00,703.82,704.17,703.65,703.7,136.292
2026-08-27 04:06:00,703.69,703.69,702.42,702.51,399.995
2026-08-27 04:09:00,702.5,703.29,702.5,702.92,78.143
2026-08-27 04:12:00,702.92,703.14,702.92,703.11,106.8
2026-08-27 04:15:00,703.12,703.82,703.11,703.48,117.776
2026-08-27 04:18:00,703.49,703.78,701.74,702.33,646.664
2026-08-27 04:21:00,702.33,702.33,701.89,702.01,263.475
2026-08-27 04:24:00,702.02,702.13,701.76,701.81,101.089
2026-08-27 04:27:00,701.81,701.99,701.55,701.76,234.2
2026-08-27 04:30:00,701.76,701.77,701.47,701.66,360.693
2026-08-27 04:33:00,701.66,701.67,701.37,701.52,137.585
2026-08-27 04:36:00,701.51,701.79,701.05,701.36,247.745
2026-08-27 04:39:00,701.37,701.9,701.37,701.58,102.201
2026-08-27 04:42:00,701.58,702.09,701.58,702.09,39.57
2026-08-27 04:45:00,702.09,702.2,701.49,701.53,45.247
2026-08-27 04:48:00,701.53,701.6,701.29,701.3,47.972
2026-08-27 04:51:00,701.3,701.4,701.19,701.23,51.485
2026-08-27 04:54:00,701.23,701.61,701.23,701.46,63.246
2026-08-27 04:57:00,701.47,702.21,701.46,702.2,58.573
2026-08-27 05:00:00,702.21,702.63,702.21,702.49,143.292
2026-08-27 05:03:00,702.49,702.59,701.72,701.83,98.289
2026-08-27 05:06:00,701.84,702.38,701.83,702.38,241.358
2026-08-27 05:09:00,702.38,702.7,702.38,702.52,100.996
2026-08-27 05:12:00,702.51,702.6,702.0,702.01,28.491
2026-08-27 05:15:00,702.01,702.02,701.48,701.49,36.775
2026-08-27 05:18:00,701.48,702.31,701.48,702.31,380.15
2026-08-27 05:21:00,702.32,702.89,702.32,702.69,224.669
2026-08-27 05:24:00,702.68,703.49,702.68,703.13,71.948
2026-08-27 05:27:00,703.13,703.14,702.6,702.78,57.282
2026-08-27 05:30:00,702.77,702.91,702.51,702.54,51.27
2026-08-27 05:33:00,702.54,702.8,701.92,702.39,603.683
2026-08-27 05:36:00,702.39,704.28,702.36,704.21,516.704
2026-08-27 05:39:00,704.21,704.48,703.77,704.13,163.349
2026-08-27 05:42:00,704.13,704.13,703.64,704.01,235.756
2026-08-27 05:45:00,704.01,704.7,703.84,704.69,144.764
2026-08-27 05:48:00,704.69,705.0,704.6,705.0,174.313
2026-08-27 05:51:00,705.0,705.46,704.62,704.7,367.396
2026-08-27 05:54:00,704.7,704.86,704.5,704.68,75.142
2026-08-27 05:57:00,704.69,705.42,704.68,705.29,121.029
2026-08-27 06:00:00,705.3,705.3,705.08,705.25,57.536
2026-08-27 06:03:00,705.26,705.26,704.6,704.66,244.502
2026-08-27 06:06:00,704.65,705.12,704.53,704.53,112.126
2026-08-27 06:09:00,704.54,704.59,704.28,704.28,95.49
2026-08-27 06:12:00,704.29,704.29,703.65,704.03,224.113
2026-08-27 06:15:00,704.03,704.04,703.22,703.85,108.994
2026-08-27 06:18:00,703.85,703.96,703.54,703.84,76.171
2026-08-27 06:21:00,703.83,704.22,703.83,704.14,83.138
2026-08-27 06:24:00,704.13,704.13,703.8,703.97,74.094
2026-08-27 06:27:00,703.97,704.01,703.79,703.96,64.93
2026-08-27 06:30:00,703.95,704.43,703.95,704.05,117.769
2026-08-27 06:33:00,704.06,704.86,704.05,704.85,47.444
2026-08-27 06:36:00,704.86,705.0,704.27,704.39,363.277
2026-08-27 06:39:00,704.39,704.39,704.26,704.26,60.627
2026-08-27 06:42:00,704.26,704.27,704.12,704.23,87.485
2026-08-27 06:45:00,704.22,704.5,704.16,704.5,64.084
2026-08-27 06:48:00,704.5,705.31,704.5,705.3,188.952
2026-08-27 06:51:00,705.31,705.31,705.24,705.27,51.215
2026-08-27 06:54:00,705.27,705.67,705.27,705.58,127.397
2026-08-27 06:57:00,705.59,705.84,705.58,705.8,125.736
2026-08-27 07:00:00,705.81,705.81,705.33,705.33,76.355
2026-08-27 07:03:00,705.34,705.56,705.34,705.56,67.333
2026-08-27 07:06:00,705.55,705.56,705.39,705.56,91.291
2026-08-27 07:09:00,705.56,705.91,705.43,705.91,238.914
2026-08-27 07:12:00,705.9,706.27,705.7,705.7,338.678
2026-08-27 07:15:00,705.7,706.0,705.69,705.82,233.662
2026-08-27 07:18:00,705.81,706.09,705.77,705.78,80.125
2026-08-27 07:21:00,705.78,705.89,705.7,705.7,89.967
2026-08-27 07:24:00,705.71,705.71,705.06,705.67,69.154
2026-08-27 07:27:00,705.68,705.71,705.27,705.28,69.089
2026-08-27 07:30:00,705.27,706.75,705.13,706.26,402.511
2026-08-27 07:33:00,706.26,706.41,705.86,706.12,134.46
2026-08-27 07:36:00,706.13,706.13,705.81,705.99,114.585
2026-08-27 07:39:00,705.98,706.24,705.59,706.06,189.455
2026-08-27 07:42:00,706.06,706.19,705.82,705.82,95.392
2026-08-27 07:45:00,705.82,706.06,705.82,706.06,43.559
2026-08-27 07:48:00,706.05,706.19,705.65,706.19,74.902
2026-08-27 07:51:00,706.2,707.5,706.19,707.37,332.664
2026-08-27 07:54:00,707.39,707.81,707.18,707.55,242.678
2026-08-27 07:57:00,707.55,707.61,707.16,707.35,118.463
2026-08-27 08:00:00,707.36,708.0,707.29,708.0,106.321
2026-08-27 08:03:00,707.99,709.82,707.96,708.47,1367.203
2026-08-27 08:06:00,708.47,709.99,708.46,709.88,321.538
2026-08-27 08:09:00,709.88,711.91,709.86,711.64,1731.873
2026-08-27 08:12:00,711.64,711.64,709.17,709.52,638.076
2026-08-27 08:15:00,709.51,709.6,708.46,708.61,542.308
2026-08-27 08:18:00,708.6,708.96,708.22,708.56,440.854
2026-08-27 08:21:00,708.56,710.36,708.56,709.87,849.636
2026-08-27 08:24:00,709.87,710.98,709.85,710.47,236.435
2026-08-27 08:27:00,710.48,711.91,710.47,711.77,670.247
2026-08-27 08:30:00,711.78,712.95,711.73,712.35,1146.162
2026-08-27 08:33:00,712.35,712.5,711.67,712.05,422.06
2026-08-27 08:36:00,712.05,712.06,710.71,711.01,518.141
2026-08-27 08:39:00,711.01,711.77,710.77,711.47,272.652
2026-08-27 08:42:00,711.47,711.88,711.06,711.18,369.292
2026-08-27 08:45:00,711.17,711.8,710.8,711.46,436.776
2026-08-27 08:48:00,711.46,711.47,710.8,711.11,892.695
2026-08-27 08:51:00,711.12,711.85,710.52,711.04,612.73
2026-08-27 08:54:00,711.04,711.23,709.83,710.36,313.458
2026-08-27 08:57:00,710.35,710.45,710.03,710.08,241.941
2026-08-27 09:00:00,710.09,710.09,709.0,709.34,372.9
2026-08-27 09:03:00,709.34,710.0,709.34,710.0,237.905
2026-08-27 09:06:00,709.99,710.54,709.48,710.51,259.391
2026-08-27 09:09:00,710.52,711.66,710.2,711.39,277.361
2026-08-27 09:12:00,711.39,711.39,711.0,711.08,97.422
2026-08-27 09:15:00,711.08,711.66,710.71,711.65,298.82
2026-08-27 09:18:00,711.65,713.15,711.17,713.15,736.271
2026-08-27 09:21:00,713.15,713.33,712.75,713.1,611.678
2026-08-27 09:24:00,713.1,714.67,712.96,714.58,1011.696
2026-08-27 09:27:00,714.59,715.0,714.13,715.0,855.563
2026-08-27 09:30:00,715.0,715.79,714.24,714.81,2356.797
2026-08-27 09:33:00,714.81,714.83,713.04,713.21,673.509
2026-08-27 09:36:00,713.21,713.66,712.46,712.93,508.678
2026-08-27 09:39:00,712.92,713.5,712.91,713.22,403.147
2026-08-27 09:42:00,713.22,713.28,712.5,713.17,259.325
2026-08-27 09:45:00,713.18,714.61,713.17,714.39,451.504
2026-08-27 09:48:00,714.4,714.4,712.6,712.93,702.314
2026-08-27 09:51:00,712.94,713.61,712.64,713.6,536.191
2026-08-27 09:54:00,713.6,713.68,712.35,712.51,413.973
2026-08-27 09:57:00,712.51,712.69,712.0,712.6,228.304
2026-08-27 10:00:00,712.61,712.88,711.76,712.55,385.633
2026-08-27 10:03:00,712.56,713.04,712.22,712.96,262.766
2026-08-27 10:06:00,712.97,713.78,712.8,713.78,253.183
2026-08-27 10:09:00,713.78,713.83,713.15,713.15,153.359
2026-08-27 10:12:00,713.15,713.16,711.17,711.69,333.815
2026-08-27 10:15:00,711.7,712.12,710.72,711.27,257.143
2026-08-27 10:18:00,711.26,711.42,710.53,710.87,346.415
2026-08-27 10:21:00,710.88,710.92,710.16,710.17,130.485
2026-08-27 10:24:00,710.17,710.17,704.86,706.78,2242.687
2026-08-27 10:27:00,706.78,707.99,706.51,707.71,528.051
2026-08-27 10:30:00,707.72,707.72,706.2,707.44,509.322
2026-08-27 10:33:00,707.44,707.53,706.24,706.34,428.43
2026-08-27 10:36:00,706.33,706.34,705.17,706.08,302.847
2026-08-27 10:39:00,706.08,706.92,705.73,706.76,152.47
2026-08-27 10:42:00,706.76,707.28,706.61,707.24,152.157
2026-08-27 10:45:00,707.24,707.36,706.37,706.5,246.516
2026-08-27 10:48:00,706.5,706.64,706.17,706.6,138.82
2026-08-27 10:51:00,706.59,706.92,706.27,706.54,341.777
2026-08-27 10:54:00,706.54,706.82,706.53,706.65,182.557
2026-08-27 10:57:00,706.65,707.13,706.64,707.11,238.495
2026-08-27 11:00:00,707.11,707.89,706.67,707.44,560.917
2026-08-27 11:03:00,707.44,708.1,707.44,707.84,432.083
2026-08-27 11:06:00,707.84,708.15,707.7,707.89,172.877
2026-08-27 11:09:00,707.89,708.13,707.61,707.62,107.642
2026-08-27 11:12:00,707.62,708.15,707.61,708.13,174.521
2026-08-27 11:15:00,708.14,708.41,707.0,707.03,202.889
2026-08-27 11:18:00,707.04,707.88,706.91,707.88,140.763
2026-08-27 11:21:00,707.87,708.11,707.59,707.93,117.694
2026-08-27 11:24:00,707.93,708.47,707.33,707.33,420.594
2026-08-27 11:27:00,707.34,707.34,706.5,706.69,316.915
2026-08-27 11:30:00,706.69,706.81,706.24,706.7,199.931
2026-08-27 11:33:00,706.71,707.65,706.71,707.23,185.934
2026-08-27 11:36:00,707.23,707.37,706.5,706.63,249.758
2026-08-27 11:39:00,706.64,707.56,706.64,707.56,531.079
2026-08-27 11:42:00,707.57,708.51,707.27,708.04,411.044
2026-08-27 11:45:00,708.04,708.04,707.14,707.24,278.995
2026-08-27 11:48:00,707.24,707.24,706.12,706.17,598.809
2026-08-27 11:51:00,706.17,706.81,705.46,706.8,304.67
2026-08-27 11:54:00,706.81,707.02,706.61,706.67,124.47
2026-08-27 11:57:00,706.68,706.72,706.67,706.72,86.113
2026-08-27 12:00:00,706.72,707.21,706.5,706.87,275.232
2026-08-27 12:03:00,706.87,707.05,706.65,706.84,156.63
2026-08-27 12:06:00,706.84,707.02,706.34,706.41,139.183
2026-08-27 12:09:00,706.4,707.44,706.4,707.4,136.35
2026-08-27 12:12:00,707.41,707.41,706.97,707.17,154.995
2026-08-27 12:15:00,707.16,707.43,706.99,707.23,417.184
2026-08-27 12:18:00,707.23,707.32,706.89,707.28,170.23
2026-08-27 12:21:00,707.27,707.3,706.74,707.21,143.102
2026-08-27 12:24:00,707.22,707.42,706.52,707.24,471.767
2026-08-27 12:27:00,707.24,707.33,707.05,707.31,94.205
2026-08-27 12:30:00,707.32,707.39,706.93,706.93,85.616
2026-08-27 12:33:00,706.94,706.94,705.67,705.84,266.37
2026-08-27 12:36:00,705.85,705.94,705.28,705.74,260.823
2026-08-27 12:39:00,705.75,706.08,705.44,705.57,210.403
2026-08-27 12:42:00,705.57,705.58,705.07,705.38,279.984
2026-08-27 12:45:00,705.39,705.58,705.39,705.4,174.928
2026-08-27 12:48:00,705.41,706.16,705.4,706.06,286.1
2026-08-27 12:51:00,706.07,706.58,705.81,705.99,252.323
2026-08-27 12:54:00,706.0,706.2,705.89,705.9,103.68
2026-08-27 12:57:00,705.91,706.02,705.46,705.66,171.708
2026-08-27 13:00:00,705.65,706.11,705.65,706.04,168.086
2026-08-27 13:03:00,706.05,706.7,706.05,706.39,371.512
2026-08-27 13:06:00,706.39,707.25,706.39,707.13,554.998
2026-08-27 13:09:00,707.13,707.13,706.48,706.84,321.579
2026-08-27 13:12:00,706.84,707.19,706.84,707.1,290.874
2026-08-27 13:15:00,707.1,707.76,706.92,706.95,537.696
2026-08-27 13:18:00,706.95,707.81,706.72,707.76,420.884
2026-08-27 13:21:00,707.75,708.39,707.69,708.21,583.774
2026-08-27 13:24:00,708.21,708.5,707.8,708.45,502.057
2026-08-27 13:27:00,708.46,708.46,707.36,707.59,399.393
2026-08-27 13:30:00,707.59,707.59,705.27,705.31,569.406
2026-08-27 13:33:00,705.32,706.03,705.03,705.97,479.448
2026-08-27 13:36:00,705.99,706.57,705.69,705.71,662.601
2026-08-27 13:39:00,705.7,706.46,705.5,705.93,625.783
2026-08-27 13:42:00,705.92,707.02,705.53,706.1,352.202
2026-08-27 13:45:00,706.11,707.03,705.53,705.59,391.761
2026-08-27 13:48:00,705.59,706.49,704.86,706.49,986.011
2026-08-27 13:51:00,706.49,707.78,706.4,707.63,294.45
2026-08-27 13:54:00,707.62,708.85,707.22,708.38,557.266
2026-08-27 13:57:00,708.38,708.81,707.86,708.67,394.798
2026-08-27 14:00:00,708.66,709.42,708.28,708.96,735.627
2026-08-27 14:03:00,708.95,710.17,708.95,709.79,519.894
2026-08-27 14:06:00,709.78,709.85,707.07,707.31,531.349
2026-08-27 14:09:00,707.32,707.6,706.48,706.48,199.078
2026-08-27 14:12:00,706.49,706.69,705.85,706.19,348.467
2026-08-27 14:15:00,706.2,707.42,705.8,707.3,223.197
2026-08-27 14:18:00,707.3,708.02,707.08,708.02,249.9
2026-08-27 14:21:00,708.02,708.8,707.45,708.59,421.532
2026-08-27 14:24:00,708.59,708.63,707.64,708.28,580.675
2026-08-27 14:27:00,708.29,708.55,707.99,708.5,171.121
2026-08-27 14:30:00,708.51,709.56,708.08,709.01,465.298
2026-08-27 14:33:00,709.01,710.0,708.81,709.84,396.291
2026-08-27 14:36:00,709.85,711.28,709.82,710.72,545.636
2026-08-27 14:39:00,710.72,711.25,710.03,710.96,1032.714
2026-08-27 14:42:00,710.96,711.76,710.95,711.76,288.48
2026-08-27 14:45:00,711.75,711.76,709.64,709.76,395.065
2026-08-27 14:48:00,709.77,710.2,709.68,709.88,365.597
2026-08-27 14:51:00,709.88,710.15,709.26,709.49,244.34
2026-08-27 14:54:00,709.5,709.8,709.21,709.8,218.215
2026-08-27 14:57:00,709.79,710.22,709.71,710.01,293.376
2026-08-27 15:00:00,710.01,710.72,709.33,710.0,450.505
2026-08-27 15:03:00,710.01,711.11,709.4,711.11,417.638
2026-08-27 15:06:00,711.11,711.15,709.84,710.7,474.815
2026-08-27 15:09:00,710.71,711.17,710.46,711.08,281.908
2026-08-27 15:12:00,711.08,712.95,711.07,712.52,687.277
2026-08-27 15:15:00,712.51,712.8,710.92,712.8,399.633
2026-08-27 15:18:00,712.79,712.8,711.47,711.6,191.473
2026-08-27 15:21:00,711.61,712.05,710.81,711.57,154.55
2026-08-27 15:24:00,711.57,712.19,711.38,712.19,261.376
2026-08-27 15:27:00,712.16,713.41,712.07,713.34,353.549
2026-08-27 15:30:00,713.35,713.35,712.24,712.45,257.449
2026-08-27 15:33:00,712.44,712.58,711.84,712.36,191.004
2026-08-27 15:36:00,712.35,713.74,711.91,713.42,367.152
2026-08-27 15:39:00,713.43,713.51,712.02,712.92,174.721
2026-08-27 15:42:00,712.92,713.69,712.9,713.11,285.962
2026-08-27 15:45:00,713.11,713.2,711.91,711.91,306.614
2026-08-27 15:48:00,711.9,712.44,711.9,712.03,278.862
2026-08-27 15:51:00,712.02,712.17,711.26,711.89,390.589
2026-08-27 15:54:00,711.9,711.96,711.2,711.41,332.931
2026-08-27 15:57:00,711.42,712.0,711.34,711.35,195.371
2026-08-27 16:00:00,711.35,712.0,711.22,711.9,440.199
2026-08-27 16:03:00,711.91,712.66,711.9,712.49,176.419
2026-08-27 16:06:00,712.49,712.49,710.86,711.04,1257.328
2026-08-27 16:09:00,711.05,712.16,710.95,712.12,532.592
2026-08-27 16:12:00,712.12,713.09,712.12,712.5,246.108
2026-08-27 16:15:00,712.49,713.5,712.38,713.28,203.233
2026-08-27 16:18:00,713.29,713.34,712.59,712.96,256.204
2026-08-27 16:21:00,712.95,713.12,712.69,713.04,228.605
2026-08-27 16:24:00,713.04,713.12,712.47,712.69,615.903
2026-08-27 16:27:00,712.7,713.01,712.14,712.17,120.565
2026-08-27 16:30:00,712.17,712.38,711.71,712.26,272.953
2026-08-27 16:33:00,712.26,712.26,711.14,711.61,232.58
2026-08-27 16:36:00,711.61,712.18,711.21,711.66,267.326
2026-08-27 16:39:00,711.66,713.3,711.65,713.08,231.247
2026-08-27 16:42:00,713.08,713.51,712.83,713.12,1490.998
2026-08-27 16:45:00,713.12,713.18,712.4,712.4,120.578
2026-08-27 16:48:00,712.4,712.56,712.2,712.42,162.324
2026-08-27 16:51:00,712.42,712.99,712.12,712.99,94.243
2026-08-27 16:54:00,712.99,713.0,711.85,712.2,134.977
2026-08-27 16:57:00,712.2,712.3,711.88,711.94,165.37
2026-08-27 17:00:00,711.94,711.98,709.74,709.8,441.616
2026-08-27 17:03:00,709.81,711.13,709.76,710.84,350.935
2026-08-27 17:06:00,710.84,711.81,710.84,711.8,129.469
2026-08-27 17:09:00,711.79,712.71,711.79,712.3,167.726
2026-08-27 17:12:00,712.29,713.25,712.11,713.13,197.596
2026-08-27 17:15:00,713.12,713.72,713.03,713.72,328.131
2026-08-27 17:18:00,713.72,714.18,713.35,713.38,265.087
2026-08-27 17:21:00,713.38,713.42,712.65,712.96,382.281
2026-08-27 17:24:00,712.96,713.5,712.92,713.0,317.023
2026-08-27 17:27:00,713.0,713.0,712.27,712.61,192.361
2026-08-27 17:30:00,712.62,712.81,712.33,712.73,163.39
2026-08-27 17:33:00,712.74,712.74,711.78,712.32,166.791
2026-08-27 17:36:00,712.31,712.6,711.6,711.77,225.756
2026-08-27 17:39:00,711.76,712.2,711.62,711.62,88.173
2026-08-27 17:42:00,711.62,711.62,710.44,710.5,265.995
2026-08-27 17:45:00,710.5,711.24,710.44,710.83,157.471
2026-08-27 17:48:00,710.83,711.34,710.77,711.34,116.682
2026-08-27 17:51:00,711.33,711.37,710.64,710.87,326.79
2026-08-27 17:54:00,710.88,711.59,710.88,711.16,170.752
2026-08-27 17:57:00,711.16,711.16,710.71,710.88,206.578
2026-08-27 18:00:00,710.88,711.02,710.13,710.57,185.217
2026-08-27 18:03:00,710.57,710.67,710.28,710.33,87.148
2026-08-27 18:06:00,710.34,710.58,710.0,710.37,204.212
2026-08-27 18:09:00,710.36,710.39,710.03,710.34,103.425
2026-08-27 18:12:00,710.34,710.47,707.65,708.53,599.424
2026-08-27 18:15:00,708.54,709.36,706.99,707.37,562.707
2026-08-27 18:18:00,707.37,708.88,707.3,707.7,874.044
2026-08-27 18:21:00,707.7,708.32,706.66,707.83,614.44
2026-08-27 18:24:00,707.84,708.5,707.69,708.26,92.782
2026-08-27 18:27:00,708.27,708.62,708.02,708.13,103.515
2026-08-27 18:30:00,708.14,708.84,708.08,708.76,157.406
2026-08-27 18:33:00,708.76,708.76,708.13,708.73,155.415
2026-08-27 18:36:00,708.73,709.55,708.72,709.54,241.356
2026-08-27 18:39:00,709.55,709.55,709.22,709.22,101.39
2026-08-27 18:42:00,709.23,709.47,708.45,708.99,158.179
2026-08-27 18:45:00,709.0,709.16,708.64,709.16,147.176
2026-08-27 18:48:00,709.16,709.5,708.85,709.08,285.135
2026-08-27 18:51:00,709.08,709.84,709.07,709.84,134.064
2026-08-27 18:54:00,709.84,710.26,709.75,710.26,142.652
2026-08-27 18:57:00,710.26,710.72,710.25,710.66,94.216
2026-08-27 19:00:00,710.67,711.16,710.67,710.83,118.854
2026-08-27 19:03:00,710.84,711.21,710.62,711.07,181.342
2026-08-27 19:06:00,711.06,711.54,710.86,711.53,327.508
2026-08-27 19:09:00,711.54,711.79,711.22,711.42,104.52
2026-08-27 19:12:00,711.43,711.75,711.35,711.56,75.217
2026-08-27 19:15:00,711.57,711.57,711.02,711.39,70.576
2026-08-27 19:18:00,711.38,711.75,711.17,711.29,143.279
2026-08-27 19:21:00,711.29,711.74,711.07,711.17,100.405
2026-08-27 19:24:00,711.18,711.3,711.02,711.06,37.474
2026-08-27 19:27:00,711.06,711.64,710.89,711.63,29.615
2026-08-27 19:30:00,711.64,711.77,711.33,711.33,65.156
2026-08-27 19:33:00,711.32,711.5,711.1,711.17,122.331
2026-08-27 19:36:00,711.17,711.34,710.86,711.06,63.649
2026-08-27 19:39:00,711.06,711.21,710.44,710.86,133.912
2026-08-27 19:42:00,710.86,711.0,710.8,710.99,38.559
2026-08-27 19:45:00,710.99,711.55,710.92,711.15,124.031
2026-08-27 19:48:00,711.16,711.53,710.46,710.61,112.54
2026-08-27 19:51:00,710.61,711.0,710.15,710.92,66.906
2026-08-27 19:54:00,710.93,711.24,710.6,710.6,85.719
2026-08-27 19:57:00,710.61,710.67,709.66,709.91,228.341
2026-08-27 20:00:00,709.92,710.08,709.66,709.83,55.48
2026-08-27 20:03:00,709.83,710.51,709.55,710.42,92.735
2026-08-27 20:06:00,710.42,710.45,709.69,709.74,42.022
2026-08-27 20:09:00,709.73,709.99,709.57,709.57,96.887
2026-08-27 20:12:00,709.56,709.75,709.44,709.52,54.409
2026-08-27 20:15:00,709.52,710.14,709.51,709.95,103.3
2026-08-27 20:18:00,709.95,710.03,709.39,710.02,93.123
2026-08-27 20:21:00,710.03,710.61,710.02,710.14,51.304
2026-08-27 20:24:00,710.14,710.46,709.99,710.01,47.845
2026-08-27 20:27:00,710.01,710.34,710.01,710.02,27.988
2026-08-27 20:30:00,710.03,710.03,709.69,709.8,99.653
2026-08-27 20:33:00,709.81,709.96,709.64,709.77,53.665
2026-08-27 20:36:00,709.78,709.86,709.75,709.82,26.571
2026-08-27 20:39:00,709.82,710.03,709.7,709.86,69.758
2026-08-27 20:42:00,709.85,710.47,709.8,710.32,72.525
2026-08-27 20:45:00,710.33,710.66,710.12,710.19,70.337
2026-08-27 20:48:00,710.2,710.3,709.54,709.67,85.49
2026-08-27 20:51:00,709.67,709.8,709.09,709.09,26.145
2026-08-27 20:54:00,709.09,709.38,708.89,709.14,176.078
2026-08-27 20:57:00,709.14,709.98,709.14,709.98,51.589
2026-08-27 21:00:00,709.98,710.08,709.2,709.23,133.695
2026-08-27 21:03:00,709.24,709.79,709.24,709.57,55.087
2026-08-27 21:06:00,709.56,710.0,709.56,709.64,62.266
2026-08-27 21:09:00,709.64,710.2,709.55,710.2,208.961
2026-08-27 21:12:00,710.2,710.33,709.32,710.13,1309.235
2026-08-27 21:15:00,710.13,710.63,710.02,710.45,539.606
2026-08-27 21:18:00,710.45,710.46,709.64,709.83,134.747
2026-08-27 21:21:00,709.83,710.5,709.46,710.16,108.423
2026-08-27 21:24:00,710.16,710.16,709.83,709.99,44.298
2026-08-27 21:27:00,709.99,710.12,709.68,709.96,61.344
2026-08-27 21:30:00,709.95,710.55,709.95,710.55,67.835
2026-08-27 21:33:00,710.55,710.66,710.33,710.33,72.735
2026-08-27 21:36:00,710.33,710.33,709.44,709.92,120.064
2026-08-27 21:39:00,709.92,709.92,709.46,709.68,78.419
2026-08-27 21:42:00,709.67,709.69,709.52,709.53,55.016
2026-08-27 21:45:00,709.53,709.99,709.34,709.98,42.825
2026-08-27 21:48:00,709.98,710.25,709.86,710.25,62.518
2026-08-27 21:51:00,710.24,710.25,709.71,709.75,39.969
2026-08-27 21:54:00,709.74,710.26,709.74,710.26,47.777
2026-08-27 21:57:00,710.26,710.59,710.17,710.59,47.136
2026-08-27 22:00:00,710.59,711.54,710.59,711.53,64.201
2026-08-27 22:03:00,711.53,711.8,711.53,711.69,93.126
2026-08-27 22:06:00,711.69,712.0,711.53,711.59,103.882
2026-08-27 22:09:00,711.59,711.76,711.32,711.73,77.411
2026-08-27 22:12:00,711.74,711.83,711.63,711.76,49.263
2026-08-27 22:15:00,711.77,712.42,711.77,712.42,142.542
2026-08-27 22:18:00,712.42,712.7,712.3,712.35,230.469
2026-08-27 22:21:00,712.34,712.34,711.69,711.73,68.562
2026-08-27 22:24:00,711.73,711.79,711.52,711.58,67.887
2026-08-27 22:27:00,711.59,711.72,711.32,711.71,143.833
2026-08-27 22:30:00,711.71,711.94,711.37,711.94,55.287
2026-08-27 22:33:00,711.95,712.21,711.86,712.11,187.446
2026-08-27 22:36:00,712.11,712.11,711.51,711.76,107.403
2026-08-27 22:39:00,711.77,711.93,711.66,711.72,80.96
2026-08-27 22:42:00,711.71,711.99,711.71,711.98,66.868
2026-08-27 22:45:00,711.98,711.98,711.62,711.98,86.233
2026-08-27 22:48:00,711.98,712.16,711.88,712.01,166.574
2026-08-27 22:51:00,712.01,712.34,711.94,712.28,60.851
2026-08-27 22:54:00,712.27,712.37,711.95,712.22,405.756
2026-08-27 22:57:00,712.23,712.42,712.22,712.42,41.842
2026-08-27 23:00:00,712.42,712.65,712.3,712.65,74.523
2026-08-27 23:03:00,712.65,712.65,712.11,712.22,94.65
2026-08-27 23:06:00,712.23,712.6,712.18,712.6,46.758
2026-08-27 23:09:00,712.6,712.6,712.01,712.02,60.105
2026-08-27 23:12:00,712.02,712.02,711.79,711.84,270.613
2026-08-27 23:15:00,711.84,712.22,711.66,712.22,88.182
2026-08-27 23:18:00,712.22,712.68,712.22,712.68,103.066
2026-08-27 23:21:00,712.68,712.71,712.41,712.57,55.746
2026-08-27 23:24:00,712.56,712.69,712.44,712.69,100.875
2026-08-27 23:27:00,712.68,712.7,712.49,712.54,79.424
2026-08-27 23:30:00,712.53,712.63,712.0,712.17,90.3
2026-08-27 23:33:00,712.17,712.58,712.16,712.23,121.879
2026-08-27 23:36:00,712.23,712.33,712.04,712.3,87.843
2026-08-27 23:39:00,712.29,712.66,712.29,712.4,79.68
2026-08-27 23:42:00,712.4,712.47,711.78,711.95,46.953
2026-08-27 23:45:00,711.96,711.96,711.68,711.68,32.038
2026-08-27 23:48:00,711.68,711.96,711.67,711.95,48.672
2026-08-27 23:51:00,711.96,712.36,711.95,712.25,176.138
2026-08-27 23:54:00,712.26,712.26,712.19,712.2,120.069
2026-08-27 23:57:00,712.19,712.19,711.81,711.85,106.893
2026-08-28 00:00:00,711.84,712.28,711.57,711.57,181.158
2026-08-28 00:03:00,711.56,711.57,711.26,711.56,111.577
2026-08-28 00:06:00,711.56,711.71,711.0,711.7,961.554
2026-08-28 00:09:00,711.71,712.1,711.7,712.01,244.059
2026-08-28 00:12:00,712.01,712.3,711.23,711.64,901.991
2026-08-28 00:15:00,711.63,712.94,711.6,712.93,246.251
2026-08-28 00:18:00,712.94,712.94,712.53,712.63,77.318
2026-08-28 00:21:00,712.63,712.67,712.42,712.6,34.564
2026-08-28 00:24:00,712.59,712.93,712.23,712.93,269.004
2026-08-28 00:27:00,712.93,713.12,712.82,713.12,80.18
2026-08-28 00:30:00,713.11,714.29,712.78,714.06,261.471
2026-08-28 00:33:00,714.05,714.41,713.01,713.96,272.991
2026-08-28 00:36:00,713.95,714.36,713.73,714.2,92.115
2026-08-28 00:39:00,714.2,714.79,714.05,714.06,252.307
2026-08-28 00:42:00,714.05,714.23,713.72,713.83,170.215
2026-08-28 00:45:00,713.84,713.87,713.52,713.52,151.428
2026-08-28 00:48:00,713.53,713.64,713.09,713.1,308.402
2026-08-28 00:51:00,713.09,713.18,712.79,713.18,211.88
2026-08-28 00:54:00,713.17,713.41,713.17,713.37,161.326
2026-08-28 00:57:00,713.37,714.12,712.79,712.85,169.398
2026-08-28 01:00:00,712.85,713.89,712.84,713.74,175.811
2026-08-28 01:03:00,713.74,714.0,713.69,713.92,275.046
2026-08-28 01:06:00,713.91,714.2,713.76,714.04,114.097
2026-08-28 01:09:00,714.05,714.9,714.04,714.52,543.643
2026-08-28 01:12:00,714.52,716.77,714.51,715.96,1558.809
2026-08-28 01:15:00,715.97,716.9,715.55,716.84,384.466
2026-08-28 01:18:00,716.84,718.5,716.83,718.33,1718.968
2026-08-28 01:21:00,718.32,718.42,717.25,717.65,313.812
2026-08-28 01:24:00,717.65,718.13,717.58,718.0,274.423
2026-08-28 01:27:00,718.01,718.14,717.3,717.95,375.949
2026-08-28 01:30:00,717.95,718.15,717.26,718.03,255.533
2026-08-28 01:33:00,718.02,718.68,716.78,717.22,521.502
2026-08-28 01:36:00,717.22,719.99,712.47,715.16,6721.685
2026-08-28 01:39:00,715.16,715.76,714.94,715.31,661.633
2026-08-28 01:42:00,715.32,715.91,715.18,715.54,219.217
2026-08-28 01:45:00,715.53,715.76,714.74,714.82,302.857
2026-08-28 01:48:00,714.81,715.08,714.52,715.06,267.089
2026-08-28 01:51:00,715.07,715.35,713.84,714.39,191.593
2026-08-28 01:54:00,714.39,714.8,713.97,714.03,138.502
2026-08-28 01:57:00,714.03,714.03,713.35,713.78,269.583
2026-08-28 02:00:00,713.78,714.15,713.45,713.53,210.195
2026-08-28 02:03:00,713.53,714.13,713.38,713.64,118.609
2026-08-28 02:06:00,713.64,713.7,712.84,712.85,210.943
2026-08-28 02:09:00,712.85,713.32,712.13,712.14,236.938
2026-08-28 02:12:00,712.14,712.2,710.61,711.04,1011.609
2026-08-28 02:15:00,711.04,711.19,710.1,710.37,450.248
2026-08-28 02:18:00,710.38,710.61,709.99,710.11,288.867
2026-08-28 02:21:00,710.12,710.18,708.72,709.27,489.407
2026-08-28 02:24:00,709.26,710.07,709.17,709.74,208.15
2026-08-28 02:27:00,709.73,709.81,707.29,707.84,845.593
2026-08-28 02:30:00,707.83,708.44,706.9,708.22,551.806
2026-08-28 02:33:00,708.23,709.18,708.01,709.1,79.414
2026-08-28 02:36:00,709.1,709.39,709.0,709.35,205.823
2026-08-28 02:39:00,709.35,709.4,708.62,709.15,155.137
2026-08-28 02:42:00,709.14,709.15,708.23,708.52,223.086
2026-08-28 02:45:00,708.52,708.53,706.51,707.56,730.147
2026-08-28 02:48:00,707.56,707.56,706.65,706.65,287.131
2026-08-28 02:51:00,706.66,707.56,706.21,707.56,552.696
2026-08-28 02:54:00,707.56,707.87,707.33,707.47,207.043
2026-08-28 02:57:00,707.48,707.98,707.33,707.8,100.196
2026-08-28 03:00:00,707.81,707.81,707.11,707.11,113.577
2026-08-28 03:03:00,707.1,708.02,706.93,708.02,151.965
2026-08-28 03:06:00,708.01,708.06,707.03,707.11,99.958
2026-08-28 03:09:00,707.12,707.97,706.87,707.97,261.32
2026-08-28 03:12:00,707.96,708.4,707.88,708.01,61.474
2026-08-28 03:15:00,708.01,708.71,708.01,708.64,76.456
2026-08-28 03:18:00,708.64,709.36,708.57,709.36,303.018
2026-08-28 03:21:00,709.36,709.85,709.36,709.85,148.08
2026-08-28 03:24:00,709.84,710.06,709.74,709.86,107.775
2026-08-28 03:27:00,709.85,709.85,709.57,709.78,159.451
2026-08-28 03:30:00,709.78,711.27,709.78,710.85,478.365
2026-08-28 03:33:00,710.85,711.05,710.09,710.49,117.793
2026-08-28 03:36:00,710.49,710.52,709.68,709.69,137.454
2026-08-28 03:39:00,709.68,710.33,709.63,710.27,210.32
2026-08-28 03:42:00,710.28,710.3,709.53,709.6,138.008
2026-08-28 03:45:00,709.59,709.59,708.9,709.46,139.253
2026-08-28 03:48:00,709.46,709.5,708.72,708.81,143.24
2026-08-28 03:51:00,708.81,709.28,708.8,709.28,46.036
2026-08-28 03:54:00,709.27,709.48,709.04,709.12,113.091
2026-08-28 03:57:00,709.12,709.55,709.06,709.42,100.043
2026-08-28 04:00:00,709.42,709.94,709.3,709.3,78.973
2026-08-28 04:03:00,709.31,709.31,708.33,708.34,127.844
2026-08-28 04:06:00,708.33,708.71,708.18,708.22,176.739
2026-08-28 04:09:00,708.22,708.44,707.1,708.44,406.505
2026-08-28 04:12:00,708.45,710.01,708.45,710.01,120.143
2026-08-28 04:15:00,710.01,710.96,710.0,710.57,303.661
2026-08-28 04:18:00,710.56,710.92,710.2,710.38,240.722
2026-08-28 04:21:00,710.39,710.91,710.19,710.38,91.948
2026-08-28 04:24:00,710.38,710.57,710.24,710.51,57.978
2026-08-28 04:27:00,710.5,710.51,710.25,710.3,84.7
2026-08-28 04:30:00,710.29,710.49,709.56,709.61,163.83
2026-08-28 04:33:00,709.61,709.73,708.88,708.89,70.124
2026-08-28 04:36:00,708.89,708.89,708.25,708.41,181.33
2026-08-28 04:39:00,708.41,709.42,708.16,709.21,155.061
2026-08-28 04:42:00,709.2,709.31,708.89,709.04,59.547
2026-08-28 04:45:00,709.04,709.45,708.87,708.96,73.612
2026-08-28 04:48:00,708.97,709.45,708.68,709.44,88.101
2026-08-28 04:51:00,709.44,709.99,709.42,709.51,126.765
2026-08-28 04:54:00,709.51,709.51,709.28,709.33,33.932
2026-08-28 04:57:00,709.32,709.59,709.01,709.33,94.311
2026-08-28 05:00:00,709.33,709.33,708.44,708.44,129.67
2026-08-28 05:03:00,708.44,709.25,708.32,708.82,200.775
2026-08-28 05:06:00,708.84,708.97,708.44,708.76,113.838
2026-08-28 05:09:00,708.77,709.07,708.56,708.78,49.783
2026-08-28 05:12:00,708.79,709.4,708.45,709.4,360.54
2026-08-28 05:15:00,709.4,710.37,709.4,709.76,711.598
2026-08-28 05:18:00,709.77,709.77,709.09,709.33,52.373
2026-08-28 05:21:00,709.32,709.36,708.87,709.08,57.885
2026-08-28 05:24:00,709.07,709.56,709.07,709.52,130.701
2026-08-28 05:27:00,709.53,710.18,709.26,710.18,67.115
2026-08-28 05:30:00,710.18,711.3,710.08,711.11,140.926
2026-08-28 05:33:00,711.11,711.53,710.81,711.44,187.063
2026-08-28 05:36:00,711.44,711.99,711.16,711.79,290.125
2026-08-28 05:39:00,711.79,711.96,711.69,711.74,141.162
2026-08-28 05:42:00,711.73,712.25,711.73,712.21,262.32
2026-08-28 05:45:00,712.21,712.7,711.92,712.64,146.533
2026-08-28 05:48:00,712.65,713.0,712.35,712.35,208.452
2026-08-28 05:51:00,712.35,712.48,712.18,712.41,149.748
2026-08-28 05:54:00,712.42,712.61,711.84,712.0,159.712
2026-08-28 05:57:00,711.99,712.03,711.74,711.99,93.991
2026-08-28 06:00:00,711.99,712.73,711.98,712.4,118.495
2026-08-28 06:03:00,712.4,712.72,712.39,712.55,88.473
2026-08-28 06:06:00,712.55,713.08,712.55,713.08,90.81
2026-08-28 06:09:00,713.08,713.1,712.75,713.05,144.347
2026-08-28 06:12:00,713.05,714.15,713.05,714.02,284.61
2026-08-28 06:15:00,714.02,714.14,713.18,713.18,183.068
2026-08-28 06:18:00,713.18,713.51,712.93,713.37,103.925
2026-08-28 06:21:00,713.36,713.49,713.15,713.26,28.104
2026-08-28 06:24:00,713.26,713.36,712.52,712.64,256.301
2026-08-28 06:27:00,712.65,712.65,712.16,712.31,42.124
2026-08-28 06:30:00,712.3,712.42,712.07,712.26,44.453
2026-08-28 06:33:00,712.26,713.08,712.06,713.08,90.0
2026-08-28 06:36:00,713.08,713.52,712.66,712.66,81.456
2026-08-28 06:39:00,712.66,712.94,712.15,712.36,195.24
2026-08-28 06:42:00,712.36,712.66,712.2,712.61,103.528
2026-08-28 06:45:00,712.61,713.21,712.6,713.21,58.629
2026-08-28 06:48:00,713.21,713.48,713.14,713.19,72.978
2026-08-28 06:51:00,713.19,713.2,713.01,713.02,97.813
2026-08-28 06:54:00,713.02,713.02,712.75,712.88,58.25
2026-08-28 06:57:00,712.87,712.88,712.29,712.66,147.034
2026-08-28 07:00:00,712.67,712.8,712.04,712.08,177.543
2026-08-28 07:03:00,712.08,712.17,711.05,711.06,221.826
2026-08-28 07:06:00,711.05,711.06,710.02,710.02,521.323
2026-08-28 07:09:00,710.01,710.58,709.96,710.04,78.634
2026-08-28 07:12:00,710.03,710.09,709.55,709.99,294.431
2026-08-28 07:15:00,710.0,710.88,710.0,710.71,121.627
2026-08-28 07:18:00,710.71,710.86,710.7,710.78,54.184
2026-08-28 07:21:00,710.78,710.92,710.6,710.91,99.024
2026-08-28 07:24:00,710.91,711.29,710.8,711.17,65.481
2026-08-28 07:27:00,711.18,711.71,711.17,711.4,137.342
2026-08-28 07:30:00,711.41,711.41,710.6,710.6,180.94
2026-08-28 07:33:00,710.61,710.8,709.5,709.59,723.161
2026-08-28 07:36:00,709.58,709.59,708.8,708.81,270.279
2026-08-28 07:39:00,708.8,708.81,708.09,708.25,348.958
2026-08-28 07:42:00,708.24,708.37,707.53,707.61,454.705
2026-08-28 07:45:00,707.6,707.62,706.91,706.92,576.36
2026-08-28 07:48:00,706.93,707.21,706.77,707.0,320.147
2026-08-28 07:51:00,707.0,707.0,706.23,706.28,451.627
2026-08-28 07:54:00,706.28,706.69,706.22,706.52,251.333
2026-08-28 07:57:00,706.52,706.92,706.23,706.92,350.607
2026-08-28 08:00:00,706.93,708.51,706.78,708.15,272.745
2026-08-28 08:03:00,708.15,708.84,707.98,707.99,421.5
2026-08-28 08:06:00,707.99,708.6,707.98,708.59,53.953
2026-08-28 08:09:00,708.6,708.97,708.44,708.52,247.539
2026-08-28 08:12:00,708.52,708.76,708.21,708.34,70.864
2026-08-28 08:15:00,708.34,708.94,708.27,708.78,72.246
2026-08-28 08:18:00,708.77,708.98,708.7,708.83,79.199
2026-08-28 08:21:00,708.84,709.2,708.83,708.97,139.095
2026-08-28 08:24:00,708.96,709.16,708.95,708.95,91.622
2026-08-28 08:27:00,708.95,709.12,708.66,708.66,48.649
2026-08-28 08:30:00,708.65,709.16,708.65,709.05,192.466
2026-08-28 08:33:00,709.05,709.51,708.92,709.29,187.918
2026-08-28 08:36:00,709.28,709.28,708.49,708.61,420.506
2026-08-28 08:39:00,708.61,708.79,708.12,708.4,491.234
2026-08-28 08:42:00,708.4,708.4,707.65,707.66,505.477
2026-08-28 08:45:00,707.65,707.94,706.73,706.95,594.207
2026-08-28 08:48:00,706.96,707.13,705.67,706.25,852.417
2026-08-28 08:51:00,706.25,706.92,706.24,706.8,623.527
2026-08-28 08:54:00,706.8,706.9,705.49,705.49,571.657
2026-08-28 08:57:00,705.5,705.58,705.14,705.37,580.362
2026-08-28 09:00:00,705.37,705.86,705.23,705.49,439.827
2026-08-28 09:03:00,705.49,706.26,704.81,705.6,682.075
2026-08-28 09:06:00,705.6,706.56,705.4,705.4,469.928
2026-08-28 09:09:00,705.4,705.66,704.79,705.66,377.828
2026-08-28 09:12:00,705.65,705.77,704.8,704.81,177.382
2026-08-28 09:15:00,704.8,705.96,704.8,705.96,184.453
2026-08-28 09:18:00,705.96,706.24,705.96,705.96,96.26
2026-08-28 09:21:00,705.96,705.97,705.03,705.04,243.734
2026-08-28 09:24:00,705.04,705.61,705.03,705.05,219.096
2026-08-28 09:27:00,705.04,705.22,704.88,705.22,248.935
2026-08-28 09:30:00,705.21,705.62,704.8,704.81,158.812
2026-08-28 09:33:00,704.81,705.3,704.71,704.89,250.38
2026-08-28 09:36:00,704.9,705.29,704.58,705.29,138.073
2026-08-28 09:39:00,705.28,705.38,704.7,704.85,454.829
2026-08-28 09:42:00,704.85,704.85,704.42,704.43,128.909
2026-08-28 09:45:00,704.42,704.93,704.42,704.64,158.489
2026-08-28 09:48:00,704.64,704.65,704.36,704.52,266.954
2026-08-28 09:51:00,704.52,705.33,704.52,705.04,193.102
2026-08-28 09:54:00,705.04,705.17,704.72,704.72,55.687
2026-08-28 09:57:00,704.73,704.73,704.27,704.37,161.189
2026-08-28 10:00:00,704.38,704.76,703.9,703.91,344.917
2026-08-28 10:03:00,703.91,704.11,703.25,703.58,656.944
2026-08-28 10:06:00,703.58,703.78,702.82,703.56,435.753
2026-08-28 10:09:00,703.55,704.54,703.19,704.54,175.006
2026-08-28 10:12:00,704.55,704.77,704.28,704.29,264.793
2026-08-28 10:15:00,704.29,704.59,704.15,704.22,263.478
2026-08-28 10:18:00,704.22,705.0,704.21,704.77,96.434
2026-08-28 10:21:00,704.77,704.87,704.58,704.65,53.326
2026-08-28 10:24:00,704.66,704.81,704.38,704.6,356.383
2026-08-28 10:27:00,704.6,705.28,704.6,705.16,236.64
2026-08-28 10:30:00,705.16,705.83,705.16,705.83,155.401
2026-08-28 10:33:00,705.82,705.94,705.6,705.88,110.684
2026-08-28 10:36:00,705.89,706.18,705.89,706.15,196.684
2026-08-28 10:39:00,706.15,706.41,706.14,706.36,57.36
2026-08-28 10:42:00,706.36,706.36,706.21,706.26,91.318
2026-08-28 10:45:00,706.27,706.49,706.14,706.48,141.555
2026-08-28 10:48:00,706.49,706.49,706.2,706.25,120.793
2026-08-28 10:51:00,706.24,706.41,706.0,706.2,86.623
2026-08-28 10:54:00,706.2,706.71,706.2,706.71,146.868
2026-08-28 10:57:00,706.71,707.0,706.6,706.8,356.921
2026-08-28 11:00:00,706.8,707.22,706.8,707.22,374.146
2026-08-28 11:03:00,707.22,707.94,707.19,707.4,253.868
2026-08-28 11:06:00,707.39,707.4,706.95,707.24,130.74
2026-08-28 11:09:00,707.24,707.24,707.02,707.05,87.126
2026-08-28 11:12:00,707.05,707.3,707.01,707.25,146.272
2026-08-28 11:15:00,707.26,707.26,706.86,707.06,77.705
2026-08-28 11:18:00,707.05,707.54,706.92,707.17,115.455
2026-08-28 11:21:00,707.17,707.17,706.81,707.04,74.161
2026-08-28 11:24:00,707.03,707.34,706.81,706.81,210.265
2026-08-28 11:27:00,706.82,706.93,706.16,706.32,244.431
2026-08-28 11:30:00,706.32,706.49,706.27,706.46,76.03
2026-08-28 11:33:00,706.46,706.75,706.34,706.34,34.008
2026-08-28 11:36:00,706.34,706.68,705.84,705.85,347.094
2026-08-28 11:39:00,705.85,706.15,705.84,706.15,72.572
2026-08-28 11:42:00,706.14,706.49,706.14,706.49,118.829
2026-08-28 11:45:00,706.49,706.68,706.3,706.39,57.272
2026-08-28 11:48:00,706.4,706.44,706.16,706.16,36.298
2026-08-28 11:51:00,706.16,706.31,706.0,706.2,41.992
2026-08-28 11:54:00,706.19,706.23,705.81,706.04,74.319
2026-08-28 11:57:00,706.04,706.16,705.97,706.11,47.893
2026-08-28 12:00:00,706.11,706.12,705.85,705.9,58.38
2026-08-28 12:03:00,705.89,706.64,705.89,706.64,147.983
2026-08-28 12:06:00,706.64,706.64,706.2,706.26,79.724
2026-08-28 12:09:00,706.26,706.26,705.73,705.73,61.654
2026-08-28 12:12:00,705.74,705.78,705.59,705.68,94.458
2026-08-28 12:15:00,705.68,706.71,705.68,706.63,65.319
2026-08-28 12:18:00,706.64,707.03,705.92,706.16,194.517
2026-08-28 12:21:00,706.16,706.56,705.81,705.82,60.95
2026-08-28 12:24:00,705.82,705.97,705.82,705.97,81.419
2026-08-28 12:27:00,705.96,705.96,705.47,705.48,115.759
2026-08-28 12:30:00,705.47,705.48,705.11,705.13,189.708
2026-08-28 12:33:00,705.13,705.56,704.79,704.93,392.617
2026-08-28 12:36:00,704.93,704.97,704.77,704.79,191.667
2026-08-28 12:39:00,704.79,704.9,704.47,704.51,164.97
2026-08-28 12:42:00,704.5,705.08,704.35,705.07,235.844
2026-08-28 12:45:00,705.07,705.11,704.74,705.04,86.251
2026-08-28 12:48:00,705.05,705.08,704.54,704.67,186.76
2026-08-28 12:51:00,704.67,705.12,704.67,705.08,127.487
2026-08-28 12:54:00,705.09,705.12,704.72,704.84,254.508
2026-08-28 12:57:00,704.84,705.24,704.5,705.19,228.651
2026-08-28 13:00:00,705.19,705.64,704.91,705.63,315.845
2026-08-28 13:03:00,705.64,705.87,705.34,705.68,81.352
2026-08-28 13:06:00,705.67,705.67,705.28,705.46,436.099
2026-08-28 13:09:00,705.46,705.46,704.99,705.17,116.936
2026-08-28 13:12:00,705.16,705.4,704.93,705.12,327.767
2026-08-28 13:15:00,705.12,705.12,704.43,704.76,171.054
2026-08-28 13:18:00,704.75,704.85,704.61,704.62,117.259
2026-08-28 13:21:00,704.63,704.8,704.3,704.3,307.114
2026-08-28 13:24:00,704.31,704.38,703.98,704.04,293.57
2026-08-28 13:27:00,704.05,705.0,703.3,704.13,553.428
2026-08-28 13:30:00,704.12,705.0,704.12,704.7,257.204
2026-08-28 13:33:00,704.69,705.12,704.03,704.75,137.095
2026-08-28 13:36:00,704.75,704.84,704.22,704.42,233.44
2026-08-28 13:39:00,704.41,704.49,703.7,704.26,370.691
2026-08-28 13:42:00,704.27,704.37,703.82,703.96,259.796
2026-08-28 13:45:00,703.96,704.68,703.92,704.59,226.37
2026-08-28 13:48:00,704.59,705.09,704.2,704.75,347.332
2026-08-28 13:51:00,704.75,705.12,704.43,705.12,178.592
2026-08-28 13:54:00,705.12,706.0,704.96,705.56,389.33
2026-08-28 13:57:00,705.55,706.0,704.75,704.75,319.677
2026-08-28 14:00:00,704.73,707.49,702.0,703.37,1824.346
2026-08-28 14:03:00,703.38,703.6,700.7,700.71,1313.366
2026-08-28 14:06:00,700.71,701.87,699.71,701.87,1576.846
2026-08-28 14:09:00,701.86,702.24,699.78,700.18,540.345
2026-08-28 14:12:00,700.18,700.18,697.01,698.54,2079.547
2026-08-28 14:15:00,698.54,698.89,696.0,698.19,2537.074
2026-08-28 14:18:00,698.18,699.79,698.06,699.65,764.089
2026-08-28 14:21:00,699.65,700.47,699.11,699.11,572.205
2026-08-28 14:24:00,699.1,700.17,698.61,699.56,343.025
2026-08-28 14:27:00,699.57,700.59,698.47,700.46,565.396
2026-08-28 14:30:00,700.47,702.0,699.62,701.76,519.693
2026-08-28 14:33:00,701.77,703.8,701.77,703.75,706.227
2026-08-28 14:36:00,703.75,706.16,703.48,705.14,965.016
2026-08-28 14:39:00,705.14,705.46,704.4,704.83,549.83
2026-08-28 14:42:00,704.82,704.82,703.52,704.24,287.82
2026-08-28 14:45:00,704.24,704.34,703.03,703.34,536.011
2026-08-28 14:48:00,703.34,703.51,702.1,703.06,433.514
2026-08-28 14:51:00,703.06,704.19,702.75,704.15,348.316
2026-08-28 14:54:00,704.15,705.43,704.12,705.1,293.581
2026-08-28 14:57:00,705.1,705.43,704.32,704.53,383.361
2026-08-28 15:00:00,704.54,705.94,703.83,703.98,449.473
2026-08-28 15:03:00,703.98,704.28,703.72,703.73,179.857
2026-08-28 15:06:00,703.72,703.8,703.02,703.08,185.749
2026-08-28 15:09:00,703.08,703.26,702.26,702.97,387.956
2026-08-28 15:12:00,702.98,703.08,701.93,702.08,163.884
2026-08-28 15:15:00,702.08,702.7,701.96,702.69,163.979
2026-08-28 15:18:00,702.69,704.38,702.37,704.18,270.012
2026-08-28 15:21:00,704.18,704.25,702.86,703.35,362.057
2026-08-28 15:24:00,703.35,704.6,703.22,704.19,147.04
2026-08-28 15:27:00,704.19,704.19,702.27,702.6,375.421
2026-08-28 15:30:00,702.6,702.75,701.6,702.15,353.285
2026-08-28 15:33:00,702.14,702.35,701.12,701.38,295.539
2026-08-28 15:36:00,701.37,702.02,701.28,701.39,314.488
2026-08-28 15:39:00,701.4,701.57,699.68,699.81,371.084
2026-08-28 15:42:00,699.81,699.86,698.84,699.07,357.885
2026-08-28 15:45:00,699.08,699.16,698.12,698.38,933.366
2026-08-28 15:48:00,698.38,698.4,697.57,697.78,344.149
2026-08-28 15:51:00,697.78,698.88,697.34,697.52,1407.837
2026-08-28 15:54:00,697.52,697.67,697.03,697.31,400.52
2026-08-28 15:57:00,697.31,697.33,695.95,696.11,951.067
2026-08-28 16:00:00,696.11,696.27,694.02,694.2,1514.214
2026-08-28 16:03:00,694.19,695.39,692.8,695.31,2349.086
2026-08-28 16:06:00,695.3,696.43,695.3,695.79,456.089
2026-08-28 16:09:00,695.79,696.17,694.08,694.08,316.753
2026-08-28 16:12:00,694.08,694.08,692.55,692.71,593.016
2026-08-28 16:15:00,692.71,693.15,691.08,691.41,1685.611
2026-08-28 16:18:00,691.41,692.5,690.69,691.24,1341.004
2026-08-28 16:21:00,691.24,691.67,690.04,690.06,978.181
2026-08-28 16:24:00,690.06,690.06,686.31,689.23,3303.837
2026-08-28 16:27:00,689.22,691.0,688.99,690.85,1504.073
2026-08-28 16:30:00,690.85,692.71,690.5,692.65,864.175
2026-08-28 16:33:00,692.65,692.86,691.15,691.98,366.077
2026-08-28 16:36:00,691.98,693.51,691.53,693.51,523.755
2026-08-28 16:39:00,693.51,694.0,692.86,693.42,623.623
2026-08-28 16:42:00,693.42,693.89,692.75,692.75,309.819
2026-08-28 16:45:00,692.75,694.1,692.75,694.09,444.615
2026-08-28 16:48:00,694.1,694.43,693.37,693.38,257.643
2026-08-28 16:51:00,693.38,694.43,693.23,693.81,261.435
2026-08-28 16:54:00,693.81,694.35,693.22,693.86,232.326
2026-08-28 16:57:00,693.87,693.9,693.26,693.27,127.446
2026-08-28 17:00:00,693.26,693.76,692.58,693.62,360.135
2026-08-28 17:03:00,693.62,694.15,693.39,693.64,486.04
2026-08-28 17:06:00,693.64,694.23,693.39,693.76,264.161
2026-08-28 17:09:00,693.76,694.49,693.64,694.49,123.011
2026-08-28 17:12:00,694.5,695.11,694.49,694.94,240.75
2026-08-28 17:15:00,694.95,695.78,694.44,695.71,627.345
2026-08-28 17:18:00,695.71,696.03,695.21,695.73,175.909
2026-08-28 17:21:00,695.73,696.32,695.42,695.45,523.176
2026-08-28 17:24:00,695.46,695.53,694.5,694.54,285.708
2026-08-28 17:27:00,694.53,695.42,694.41,694.47,185.829
2026-08-28 17:30:00,694.47,694.47,693.9,694.38,206.368
2026-08-28 17:33:00,694.38,694.74,693.85,693.86,117.847
2026-08-28 17:36:00,693.85,693.89,693.1,693.12,161.067
2026-08-28 17:39:00,693.12,693.6,693.12,693.5,78.964
2026-08-28 17:42:00,693.5,693.61,693.18,693.33,78.25
2026-08-28 17:45:00,693.33,695.31,693.33,695.11,149.11
2026-08-28 17:48:00,695.11,695.17,694.82,695.11,129.335
2026-08-28 17:51:00,695.11,695.22,694.49,694.49,76.673
2026-08-28 17:54:00,694.49,694.49,693.79,693.86,99.215
2026-08-28 17:57:00,693.85,694.01,693.43,693.57,123.173
2026-08-28 18:00:00,693.57,693.6,693.08,693.38,145.504
2026-08-28 18:03:00,693.37,693.57,692.9,692.91,165.803
2026-08-28 18:06:00,692.91,693.12,692.4,692.4,448.507
2026-08-28 18:09:00,692.41,692.81,691.88,692.19,677.963
2026-08-28 18:12:00,692.19,692.19,691.37,691.38,299.269
2026-08-28 18:15:00,691.37,691.65,690.59,690.87,1104.381
2026-08-28 18:18:00,690.88,690.9,689.45,689.71,853.906
2026-08-28 18:21:00,689.7,689.7,688.97,688.98,343.687
2026-08-28 18:24:00,688.98,689.5,688.95,689.15,4638.47
2026-08-28 18:27:00,689.15,689.69,688.84,688.95,1242.691
2026-08-28 18:30:00,688.96,689.4,688.2,688.87,300.464
2026-08-28 18:33:00,688.86,688.86,687.37,688.06,707.418
2026-08-28 18:36:00,688.05,688.13,685.39,685.92,1234.708
2026-08-28 18:39:00,685.92,686.82,685.75,686.59,352.334
2026-08-28 18:42:00,686.58,686.85,686.05,686.52,238.986
2026-08-28 18:45:00,686.53,686.88,685.75,685.8,267.839
2026-08-28 18:48:00,685.79,686.03,685.54,685.68,154.216
2026-08-28 18:51:00,685.69,687.17,685.58,687.1,379.863
2026-08-28 18:54:00,687.11,687.91,687.03,687.91,227.623
2026-08-28 18:57:00,687.91,688.28,687.85,688.07,217.192
2026-08-28 19:00:00,688.08,689.15,688.08,688.79,206.515
2026-08-28 19:03:00,688.79,689.52,688.42,689.22,467.715
2026-08-28 19:06:00,689.22,689.9,689.02,689.89,112.368
2026-08-28 19:09:00,689.9,690.29,689.85,690.22,124.702
2026-08-28 19:12:00,690.22,690.26,689.98,690.17,58.321
2026-08-28 19:15:00,690.17,690.17,689.74,689.95,72.355
2026-08-28 19:18:00,689.95,689.95,689.22,689.58,134.888
2026-08-28 19:21:00,689.59,690.37,689.34,689.35,214.69
2026-08-28 19:24:00,689.35,690.01,689.34,690.01,52.332
2026-08-28 19:27:00,690.01,690.16,689.65,689.65,40.891
2026-08-28 19:30:00,689.65,689.65,689.21,689.23,226.515
2026-08-28 19:33:00,689.24,689.58,689.05,689.37,96.215
2026-08-28 19:36:00,689.38,689.65,689.38,689.5,31.447
2026-08-28 19:39:00,689.5,689.58,689.46,689.51,39.23
2026-08-28 19:42:00,689.51,689.54,689.0,689.0,49.615
2026-08-28 19:45:00,689.0,689.07,688.5,688.51,77.627
2026-08-28 19:48:00,688.51,688.61,688.03,688.33,153.36
2026-08-28 19:51:00,688.33,688.73,688.2,688.5,99.344
2026-08-28 19:54:00,688.51,689.0,688.39,688.92,117.296
2026-08-28 19:57:00,688.91,689.23,688.77,688.83,61.908
2026-08-28 20:00:00,688.83,689.44,688.58,689.36,109.798
2026-08-28 20:03:00,689.36,689.36,688.48,688.58,124.318
2026-08-28 20:06:00,688.58,689.08,688.09,689.07,105.754
2026-08-28 20:09:00,689.07,689.49,688.51,688.96,223.841
2026-08-28 20:12:00,688.96,689.55,688.94,689.55,58.591
2026-08-28 20:15:00,689.55,689.55,688.81,688.81,91.286
2026-08-28 20:18:00,688.81,689.25,688.38,688.52,72.952
2026-08-28 20:21:00,688.52,689.34,688.52,689.25,68.678
2026-08-28 20:24:00,689.26,689.4,689.13,689.36,151.802
2026-08-28 20:27:00,689.37,689.42,689.27,689.33,36.698
2026-08-28 20:30:00,689.33,689.34,688.33,688.34,108.428
2026-08-28 20:33:00,688.35,688.35,688.06,688.12,28.716
2026-08-28 20:36:00,688.12,688.56,688.03,688.56,54.977
2026-08-28 20:39:00,688.56,689.08,688.55,688.69,44.514
2026-08-28 20:42:00,688.68,689.05,688.68,688.89,30.192
2026-08-28 20:45:00,688.88,689.17,688.83,688.92,105.246
2026-08-28 20:48:00,688.92,689.34,688.83,688.84,74.556
2026-08-28 20:51:00,688.84,688.9,688.43,688.6,36.896
2026-08-28 20:54:00,688.61,688.69,688.49,688.55,40.87
2026-08-28 20:57:00,688.54,688.55,688.0,688.27,256.946
2026-08-28 21:00:00,688.28,688.63,688.04,688.05,80.637
2026-08-28 21:03:00,688.04,688.04,687.6,687.9,125.893
2026-08-28 21:06:00,687.9,688.47,687.89,688.46,59.506
2026-08-28 21:09:00,688.47,688.47,687.85,688.22,80.688
2026-08-28 21:12:00,688.21,688.6,688.21,688.44,369.495
2026-08-28 21:15:00,688.45,688.59,688.26,688.26,51.228
2026-08-28 21:18:00,688.27,688.27,687.94,687.95,86.086
2026-08-28 21:21:00,687.95,688.0,686.88,687.55,198.788
2026-08-28 21:24:00,687.54,688.36,687.49,688.36,99.742
2026-08-28 21:27:00,688.36,688.47,688.35,688.42,109.102
2026-08-28 21:30:00,688.42,689.15,688.42,689.15,86.961
2026-08-28 21:33:00,689.15,689.15,688.65,688.71,86.409
2026-08-28 21:36:00,688.71,688.76,688.68,688.76,30.546
2026-08-28 21:39:00,688.75,688.87,688.0,688.01,128.566
2026-08-28 21:42:00,688.01,688.08,687.8,687.92,72.223
2026-08-28 21:45:00,687.92,687.97,687.22,687.22,48.314
2026-08-28 21:48:00,687.22,687.23,686.88,687.05,57.995
2026-08-28 21:51:00,687.05,687.08,686.96,687.08,67.531
2026-08-28 21:54:00,687.08,687.45,687.04,687.05,108.136
2026-08-28 21:57:00,687.05,687.3,686.72,687.3,287.952
2026-08-28 22:00:00,687.3,687.84,687.05,687.2,150.41
2026-08-28 22:03:00,687.2,687.4,686.89,687.32,104.928
2026-08-28 22:06:00,687.32,688.34,687.32,688.14,174.299
2026-08-28 22:09:00,688.15,688.33,688.07,688.24,53.512
2026-08-28 22:12:00,688.24,688.57,688.23,688.57,44.064
2026-08-28 22:15:00,688.58,688.58,688.17,688.36,76.679
2026-08-28 22:18:00,688.36,688.44,688.18,688.44,137.364
2026-08-28 22:21:00,688.44,688.5,688.21,688.28,28.813
2026-08-28 22:24:00,688.29,688.95,688.23,688.85,94.918
2026-08-28 22:27:00,688.86,689.33,688.86,688.98,142.275
2026-08-28 22:30:00,688.97,689.44,688.49,689.4,669.584
2026-08-28 22:33:00,689.39,689.61,689.28,689.6,88.249
2026-08-28 22:36:00,689.61,689.87,689.54,689.87,270.14
2026-08-28 22:39:00,689.87,690.16,689.84,689.85,221.29
2026-08-28 22:42:00,689.85,690.6,689.85,690.55,276.514
2026-08-28 22:45:00,690.55,690.72,690.45,690.72,125.453
2026-08-28 22:48:00,690.72,690.72,690.21,690.34,182.177
2026-08-28 22:51:00,690.34,690.5,690.05,690.06,49.924
2026-08-28 22:54:00,690.06,690.71,689.78,690.05,231.058
2026-08-28 22:57:00,690.05,690.16,689.8,689.8,356.427
2026-08-28 23:00:00,689.8,690.03,689.54,689.67,215.251
2026-08-28 23:03:00,689.66,690.47,689.66,690.27,553.423
2026-08-28 23:06:00,690.27,690.28,690.06,690.13,61.787
2026-08-28 23:09:00,690.14,690.25,690.01,690.25,66.965
2026-08-28 23:12:00,690.25,690.64,690.24,690.63,66.388
2026-08-28 23:15:00,690.63,690.72,690.34,690.35,149.606
2026-08-28 23:18:00,690.35,690.63,690.34,690.63,67.063
2026-08-28 23:21:00,690.62,690.62,690.24,690.24,119.462
2026-08-28 23:24:00,690.24,690.52,690.24,690.51,187.836
2026-08-28 23:27:00,690.52,690.52,690.32,690.32,59.31
2026-08-28 23:30:00,690.32,690.54,690.32,690.52,48.69
2026-08-28 23:33:00,690.52,690.83,690.52,690.52,124.054
2026-08-28 23:36:00,690.52,690.55,690.46,690.55,25.973
2026-08-28 23:39:00,690.54,690.55,690.4,690.47,104.527
2026-08-28 23:42:00,690.47,690.77,690.46,690.77,54.484
2026-08-28 23:45:00,690.76,690.77,690.59,690.6,69.643
2026-08-28 23:48:00,690.6,690.75,690.38,690.75,82.679
2026-08-28 23:51:00,690.75,691.14,690.75,691.14,212.016
2026-08-28 23:54:00,691.14,691.35,691.13,691.33,66.939
2026-08-28 23:57:00,691.34,691.5,691.34,691.47,128.019
2026-08-29 00:00:00,691.47,692.0,691.42,691.93,269.255
2026-08-29 00:03:00,691.94,692.44,691.91,691.93,160.857
2026-08-29 00:06:00,691.93,692.19,691.92,691.97,54.865
2026-08-29 00:09:00,691.96,692.09,691.63,691.78,149.394
2026-08-29 00:12:00,691.79,691.79,691.56,691.78,78.147
2026-08-29 00:15:00,691.78,692.01,691.43,692.01,644.361
2026-08-29 00:18:00,692.01,692.19,691.9,692.19,177.623
2026-08-29 00:21:00,692.19,692.39,692.02,692.05,118.681
2026-08-29 00:24:00,692.06,692.41,692.05,692.4,29.407
2026-08-29 00:27:00,692.41,692.45,692.13,692.24,59.402
2026-08-29 00:30:00,692.25,692.28,691.64,691.64,100.678
2026-08-29 00:33:00,691.65,691.65,691.06,691.34,98.76
2026-08-29 00:36:00,691.35,691.43,691.28,691.29,73.382
2026-08-29 00:39:00,691.3,691.3,691.09,691.22,58.51
2026-08-29 00:42:00,691.23,691.23,691.0,691.14,64.005
2026-08-29 00:45:00,691.14,691.39,691.14,691.39,97.177
2026-08-29 00:48:00,691.39,691.4,691.01,691.01,71.603
2026-08-29 00:51:00,691.0,691.02,690.9,690.94,108.81
2026-08-29 00:54:00,690.94,691.33,690.94,691.33,68.733
2026-08-29 00:57:00,691.33,691.33,690.89,690.89,48.965
2026-08-29 01:00:00,690.9,690.9,690.49,690.73,75.237
2026-08-29 01:03:00,690.72,690.73,690.39,690.51,52.706
2026-08-29 01:06:00,690.51,690.54,690.4,690.54,68.6
2026-08-29 01:09:00,690.54,690.88,690.53,690.68,132.45
2026-08-29 01:12:00,690.67,690.68,690.37,690.39,27.356
2026-08-29 01:15:00,690.39,690.54,690.39,690.53,39.007
2026-08-29 01:18:00,690.53,690.86,690.48,690.86,121.118
2026-08-29 01:21:00,690.86,691.17,690.86,691.05,66.882
2026-08-29 01:24:00,691.04,691.24,691.04,691.17,56.272
2026-08-29 01:27:00,691.17,691.33,691.09,691.33,63.354
2026-08-29 01:30:00,691.33,691.43,691.08,691.23,103.349
2026-08-29 01:33:00,691.23,691.34,691.11,691.33,56.16
2026-08-29 01:36:00,691.34,691.69,691.32,691.5,383.831
2026-08-29 01:39:00,691.5,691.5,691.43,691.46,36.888
2026-08-29 01:42:00,691.46,691.81,691.46,691.62,146.822
2026-08-29 01:45:00,691.62,691.62,690.88,691.32,129.718
2026-08-29 01:48:00,691.33,691.41,691.26,691.41,31.728
2026-08-29 01:51:00,691.41,691.63,691.28,691.29,121.68
2026-08-29 01:54:00,691.29,691.6,691.06,691.07,189.495
2026-08-29 01:57:00,691.06,691.07,690.8,690.92,152.558
2026-08-29 02:00:00,690.93,691.03,690.77,691.03,106.619
2026-08-29 02:03:00,691.03,691.37,690.58,691.1,430.879
2026-08-29 02:06:00,691.09,691.15,690.81,690.82,140.594
2026-08-29 02:09:00,690.82,691.11,690.72,690.95,549.137
2026-08-29 02:12:00,690.95,691.18,690.55,691.18,683.293
2026-08-29 02:15:00,691.18,691.18,690.42,690.43,274.972
2026-08-29 02:18:00,690.42,690.43,690.0,690.01,63.91
2026-08-29 02:21:00,690.0,690.08,689.88,689.9,197.9
2026-08-29 02:24:00,689.89,690.09,689.66,689.75,199.168
2026-08-29 02:27:00,689.75,689.94,689.74,689.93,47.623
2026-08-29 02:30:00,689.93,690.12,689.85,690.09,92.649
2026-08-29 02:33:00,690.09,690.09,689.49,689.53,207.952
2026-08-29 02:36:00,689.54,690.48,689.53,690.48,114.578
2026-08-29 02:39:00,690.48,690.76,690.48,690.56,143.301
2026-08-29 02:42:00,690.55,690.56,690.05,690.06,61.815
2026-08-29 02:45:00,690.06,690.3,690.06,690.18,137.212
2026-08-29 02:48:00,690.18,690.26,690.1,690.21,56.768
2026-08-29 02:51:00,690.21,690.59,690.03,690.39,318.787
2026-08-29 02:54:00,690.39,690.67,690.39,690.46,105.933
2026-08-29 02:57:00,690.47,690.47,690.35,690.35,111.88
2026-08-29 03:00:00,690.36,690.62,690.35,690.52,56.272
2026-08-29 03:03:00,690.52,690.52,690.19,690.23,87.853
2026-08-29 03:06:00,690.23,690.36,690.18,690.36,67.454
2026-08-29 03:09:00,690.36,690.45,690.33,690.34,34.603
2026-08-29 03:12:00,690.34,690.4,690.11,690.11,58.564
2026-08-29 03:15:00,690.12,690.12,689.74,690.03,85.005
2026-08-29 03:18:00,690.03,690.36,689.99,690.36,144.256
2026-08-29 03:21:00,690.36,690.65,690.14,690.14,146.936
2026-08-29 03:24:00,690.14,690.5,690.14,690.36,86.867
2026-08-29 03:27:00,690.37,690.37,690.09,690.3,70.608
2026-08-29 03:30:00,690.31,690.4,690.02,690.02,110.5
2026-08-29 03:33:00,690.01,690.02,689.85,689.86,25.034
2026-08-29 03:36:00,689.85,689.86,689.49,689.71,194.429
2026-08-29 03:39:00,689.72,689.72,688.56,688.88,927.38
2026-08-29 03:42:00,688.88,689.31,688.87,689.04,109.347
2026-08-29 03:45:00,689.05,689.05,688.84,688.88,42.728
2026-08-29 03:48:00,688.87,688.97,688.63,688.68,114.833
2026-08-29 03:51:00,688.67,688.88,688.66,688.73,307.23
2026-08-29 03:54:00,688.73,688.73,688.55,688.55,51.615
2026-08-29 03:57:00,688.56,688.57,688.5,688.51,36.639
2026-08-29 04:00:00,688.5,688.51,688.39,688.47,66.463
2026-08-29 04:03:00,688.47,688.78,688.0,688.31,246.811
2026-08-29 04:06:00,688.3,688.62,688.3,688.49,164.059
2026-08-29 04:09:00,688.5,688.92,688.5,688.91,193.041
2026-08-29 04:12:00,688.91,689.0,688.46,688.58,176.737
2026-08-29 04:15:00,688.59,688.79,688.58,688.66,164.411
2026-08-29 04:18:00,688.67,689.01,688.66,689.0,146.646
2026-08-29 04:21:00,689.0,689.34,689.0,689.33,107.693
2026-08-29 04:24:00,689.33,689.43,689.2,689.32,93.204
2026-08-29 04:27:00,689.32,690.09,689.18,689.71,787.752
2026-08-29 04:30:00,689.71,690.3,689.71,689.9,559.992
2026-08-29 04:33:00,689.91,689.95,689.56,689.79,395.783
2026-08-29 04:36:00,689.79,690.13,689.79,690.12,214.719
2026-08-29 04:39:00,690.12,690.33,690.12,690.33,102.928
2026-08-29 04:42:00,690.32,690.33,689.84,690.15,257.815
2026-08-29 04:45:00,690.15,690.39,689.9,690.39,234.046
2026-08-29 04:48:00,690.39,690.39,689.97,689.97,115.673
2026-08-29 04:51:00,689.97,690.24,689.87,689.87,96.529
2026-08-29 04:54:00,689.88,690.37,689.87,690.31,63.216
2026-08-29 04:57:00,690.3,690.31,689.98,690.18,165.503
2026-08-29 05:00:00,690.18,690.69,690.17,690.65,223.675
2026-08-29 05:03:00,690.65,691.07,690.64,691.05,150.754
2026-08-29 05:06:00,691.05,691.05,690.64,690.66,48.376
2026-08-29 05:09:00,690.67,690.89,690.64,690.89,42.84
2026-08-29 05:12:00,690.88,690.91,690.83,690.91,58.732
2026-08-29 05:15:00,690.91,691.04,690.64,690.65,304.398
2026-08-29 05:18:00,690.65,690.77,690.61,690.77,99.198
2026-08-29 05:21:00,690.77,690.82,690.68,690.78,56.141
2026-08-29 05:24:00,690.79,691.25,690.79,691.25,118.865
2026-08-29 05:27:00,691.25,691.25,690.87,690.9,128.908
2026-08-29 05:30:00,690.9,690.9,690.89,690.89,97.846
2026-08-29 05:33:00,690.9,690.9,690.71,690.9,51.899
2026-08-29 05:36:00,690.89,691.19,690.87,691.14,48.608
2026-08-29 05:39:00,691.14,691.28,690.74,690.75,58.131
2026-08-29 05:42:00,690.75,691.05,690.74,690.75,61.244
2026-08-29 05:45:00,690.76,691.11,690.76,691.11,70.518
2026-08-29 05:48:00,691.11,691.11,690.86,690.9,56.247
2026-08-29 05:51:00,690.9,690.9,690.48,690.49,55.741
2026-08-29 05:54:00,690.49,690.61,690.42,690.59,37.463
2026-08-29 05:57:00,690.58,690.91,690.58,690.91,127.576
2026-08-29 06:00:00,690.91,690.97,689.14,689.27,564.532
2026-08-29 06:03:00,689.27,689.28,689.03,689.08,167.43
2026-08-29 06:06:00,689.08,689.09,688.56,688.61,140.392
2026-08-29 06:09:00,688.61,688.84,688.6,688.75,70.821
2026-08-29 06:12:00,688.75,688.75,688.2,688.26,172.83
2026-08-29 06:15:00,688.26,688.36,688.15,688.16,91.393
2026-08-29 06:18:00,688.15,688.16,687.56,687.57,336.498
2026-08-29 06:21:00,687.57,687.63,687.09,687.16,114.001
2026-08-29 06:24:00,687.16,687.79,687.15,687.28,119.307
2026-08-29 06:27:00,687.29,687.78,687.27,687.78,181.242
2026-08-29 06:30:00,687.78,688.04,687.75,688.0,91.776
2026-08-29 06:33:00,687.99,688.0,687.69,687.78,43.387
2026-08-29 06:36:00,687.78,687.81,687.6,687.74,90.075
2026-08-29 06:39:00,687.74,687.75,687.63,687.63,44.003
2026-08-29 06:42:00,687.64,687.87,687.63,687.69,44.69
2026-08-29 06:45:00,687.69,687.7,687.68,687.7,57.147
2026-08-29 06:48:00,687.7,687.77,687.53,687.59,199.512
2026-08-29 06:51:00,687.6,687.64,687.42,687.43,77.949
2026-08-29 06:54:00,687.43,687.6,687.42,687.6,77.999
2026-08-29 06:57:00,687.6,687.6,687.14,687.51,300.667
2026-08-29 07:00:00,687.51,687.78,687.39,687.78,78.756
2026-08-29 07:03:00,687.77,688.18,687.77,688.17,179.533
2026-08-29 07:06:00,688.18,688.18,687.5,687.51,112.958
2026-08-29 07:09:00,687.5,687.55,687.45,687.54,84.179
2026-08-29 07:12:00,687.54,687.58,687.18,687.18,110.169
2026-08-29 07:15:00,687.17,687.33,686.97,687.25,144.983
2026-08-29 07:18:00,687.25,687.48,687.21,687.31,96.395
2026-08-29 07:21:00,687.32,687.35,687.19,687.23,161.258
2026-08-29 07:24:00,687.23,687.42,687.17,687.29,130.271
2026-08-29 07:27:00,687.28,687.29,687.16,687.16,110.035
2026-08-29 07:30:00,687.16,687.38,687.1,687.38,137.49
2026-08-29 07:33:00,687.38,687.42,687.32,687.33,58.092
2026-08-29 07:36:00,687.33,687.77,687.32,687.77,71.29
2026-08-29 07:39:00,687.77,687.99,687.56,687.56,171.001
2026-08-29 07:42:00,687.57,687.84,687.5,687.84,83.345
2026-08-29 07:45:00,687.84,688.18,687.77,687.86,125.01
2026-08-29 07:48:00,687.86,687.86,687.66,687.67,64.571
2026-08-29 07:51:00,687.67,687.91,687.59,687.76,126.32
2026-08-29 07:54:00,687.77,688.0,687.76,688.0,35.385
2026-08-29 07:57:00,688.0,688.16,687.97,688.16,68.717
2026-08-29 08:00:00,688.16,688.16,687.64,687.65,88.702
2026-08-29 08:03:00,687.64,687.65,687.32,687.43,91.133
2026-08-29 08:06:00,687.43,687.5,687.16,687.24,151.455
2026-08-29 08:09:00,687.24,687.96,687.17,687.95,324.795
2026-08-29 08:12:00,687.95,688.46,687.5,687.83,367.932
2026-08-29 08:15:00,687.83,687.83,687.66,687.83,47.619
2026-08-29 08:18:00,687.83,688.16,687.82,688.15,93.645
2026-08-29 08:21:00,688.16,688.22,687.82,688.22,67.062
2026-08-29 08:24:00,688.21,688.58,688.14,688.57,73.198
2026-08-29 08:27:00,688.57,688.71,688.57,688.61,149.076
2026-08-29 08:30:00,688.61,688.61,688.02,688.09,84.265
2026-08-29 08:33:00,688.1,688.26,688.0,688.18,119.057
2026-08-29 08:36:00,688.17,688.21,688.02,688.04,46.621
2026-08-29 08:39:00,688.05,688.17,687.91,688.15,119.201
2026-08-29 08:42:00,688.14,688.15,687.97,687.98,83.454
2026-08-29 08:45:00,687.98,688.2,687.64,688.17,70.629
2026-08-29 08:48:00,688.17,688.49,688.0,688.01,130.31
2026-08-29 08:51:00,688.01,688.29,688.0,688.18,85.505
2026-08-29 08:54:00,688.18,688.18,687.9,688.18,116.755
2026-08-29 08:57:00,688.18,688.28,687.86,688.07,120.573
2026-08-29 09:00:00,688.07,688.22,687.91,688.06,168.195
2026-08-29 09:03:00,688.05,688.63,688.0,688.54,245.266
2026-08-29 09:06:00,688.54,688.54,688.05,688.1,125.127
2026-08-29 09:09:00,688.09,688.14,688.05,688.13,46.822
2026-08-29 09:12:00,688.14,688.81,687.98,688.77,737.028
2026-08-29 09:15:00,688.77,688.77,688.08,688.11,504.009
2026-08-29 09:18:00,688.11,688.2,687.91,687.92,73.087
2026-08-29 09:21:00,687.92,687.92,687.91,687.92,37.656
2026-08-29 09:24:00,687.92,688.1,687.7,687.71,194.86
2026-08-29 09:27:00,687.71,687.8,687.7,687.72,38.39
2026-08-29 09:30:00,687.72,687.75,687.47,687.74,236.604
2026-08-29 09:33:00,687.74,687.98,687.74,687.91,72.582
2026-08-29 09:36:00,687.92,688.55,687.91,688.54,83.041
2026-08-29 09:39:00,688.54,688.71,688.49,688.5,51.55
2026-08-29 09:42:00,688.5,688.74,688.49,688.57,89.839
2026-08-29 09:45:00,688.57,688.58,688.39,688.53,65.25
2026-08-29 09:48:00,688.52,688.57,688.43,688.57,21.902
2026-08-29 09:51:00,688.57,688.68,688.46,688.46,55.551
2026-08-29 09:54:00,688.47,688.68,688.46,688.58,182.219
2026-08-29 09:57:00,688.59,688.88,688.1,688.64,448.613
2026-08-29 10:00:00,688.64,688.74,688.6,688.63,46.676
2026-08-29 10:03:00,688.63,688.84,688.31,688.32,56.43
2026-08-29 10:06:00,688.31,688.32,688.0,688.03,114.078
2026-08-29 10:09:00,688.03,688.35,688.01,688.3,194.858
2026-08-29 10:12:00,688.29,688.44,688.29,688.43,50.718
2026-08-29 10:15:00,688.43,689.0,688.43,688.99,179.934
2026-08-29 10:18:00,689.0,689.41,689.0,689.41,150.381
2026-08-29 10:21:00,689.4,689.52,688.82,688.82,207.084
2026-08-29 10:24:00,688.83,689.23,688.82,689.04,170.668
2026-08-29 10:27:00,689.05,689.13,689.01,689.01,42.838
2026-08-29 10:30:00,689.01,689.02,688.9,688.93,81.068
2026-08-29 10:33:00,688.93,689.08,688.82,689.07,132.316
2026-08-29 10:36:00,689.08,689.45,689.08,689.17,227.051
2026-08-29 10:39:00,689.17,689.17,689.01,689.04,46.863
2026-08-29 10:42:00,689.04,689.26,688.98,689.26,117.593
2026-08-29 10:45:00,689.25,689.76,689.25,689.66,158.283
2026-08-29 10:48:00,689.67,689.82,689.66,689.82,118.517
2026-08-29 10:51:00,689.82,689.82,689.49,689.59,126.767
2026-08-29 10:54:00,689.58,689.59,689.25,689.26,75.608
2026-08-29 10:57:00,689.25,689.26,688.83,688.86,57.516
2026-08-29 11:00:00,688.86,688.87,688.58,688.79,124.743
2026-08-29 11:03:00,688.79,689.16,688.79,689.16,92.332
2026-08-29 11:06:00,689.15,689.18,689.04,689.13,78.254
2026-08-29 11:09:00,689.12,689.43,689.02,689.28,142.788
2026-08-29 11:12:00,689.29,689.48,689.28,689.42,88.956
2026-08-29 11:15:00,689.42,689.6,689.28,689.35,125.31
2026-08-29 11:18:00,689.35,689.44,688.95,688.95,89.158
2026-08-29 11:21:00,688.94,688.95,688.77,688.77,100.936
2026-08-29 11:24:00,688.78,689.0,688.74,688.93,99.821
2026-08-29 11:27:00,688.93,689.05,688.85,689.04,130.954
2026-08-29 11:30:00,689.04,689.22,689.0,689.22,101.123
2026-08-29 11:33:00,689.22,689.49,689.22,689.49,136.229
2026-08-29 11:36:00,689.49,689.51,689.01,689.02,99.093
2026-08-29 11:39:00,689.02,689.35,688.78,688.79,201.194
2026-08-29 11:42:00,688.78,689.16,688.74,689.15,233.682
2026-08-29 11:45:00,689.15,689.3,688.91,689.29,299.421
2026-08-29 11:48:00,689.3,689.37,689.23,689.28,67.916
2026-08-29 11:51:00,689.27,689.35,689.24,689.34,104.727
2026-08-29 11:54:00,689.34,689.35,689.07,689.1,130.883
2026-08-29 11:57:00,689.1,689.35,689.1,689.35,146.618
2026-08-29 12:00:00,689.35,689.41,689.05,689.06,133.177
2026-08-29 12:03:00,689.06,689.42,689.05,689.2,122.616
2026-08-29 12:06:00,689.19,689.32,688.98,688.99,92.259
2026-08-29 12:09:00,688.99,689.03,688.76,688.76,82.478
2026-08-29 12:12:00,688.77,689.54,688.76,689.42,279.595
2026-08-29 12:15:00,689.41,689.65,689.41,689.6,246.998
2026-08-29 12:18:00,689.59,689.73,688.99,689.19,732.121
2026-08-29 12:21:00,689.18,689.18,688.46,688.57,316.212
2026-08-29 12:24:00,688.56,688.67,688.15,688.67,171.281
2026-08-29 12:27:00,688.67,689.13,688.67,689.13,105.305
2026-08-29 12:30:00,689.12,689.27,688.75,688.87,57.522
2026-08-29 12:33:00,688.87,688.88,688.04,688.31,187.863
2026-08-29 12:36:00,688.31,688.5,688.22,688.5,91.337
2026-08-29 12:39:00,688.49,688.61,688.42,688.61,108.653
2026-08-29 12:42:00,688.6,688.62,688.5,688.52,183.941
2026-08-29 12:45:00,688.51,688.52,688.31,688.32,39.106
2026-08-29 12:48:00,688.32,688.46,687.87,688.0,280.355
2026-08-29 12:51:00,687.99,688.15,687.39,687.65,341.799
2026-08-29 12:54:00,687.65,688.15,687.6,687.94,736.104
2026-08-29 12:57:00,687.94,688.52,687.9,688.34,289.109
2026-08-29 13:00:00,688.34,688.34,688.2,688.24,52.447
2026-08-29 13:03:00,688.24,688.35,688.0,688.03,110.561
2026-08-29 13:06:00,688.03,688.27,688.02,688.24,66.874
2026-08-29 13:09:00,688.24,688.38,688.23,688.29,71.144
2026-08-29 13:12:00,688.29,688.44,688.02,688.08,144.98
2026-08-29 13:15:00,688.08,688.71,688.01,688.02,182.33
2026-08-29 13:18:00,688.01,688.02,687.63,687.78,95.775
2026-08-29 13:21:00,687.79,688.39,687.78,688.39,66.357
2026-08-29 13:24:00,688.39,688.39,688.12,688.13,64.43
2026-08-29 13:27:00,688.13,688.13,687.93,688.01,122.774
2026-08-29 13:30:00,688.01,688.09,688.0,688.03,55.163
2026-08-29 13:33:00,688.02,688.13,687.96,688.12,98.068
2026-08-29 13:36:00,688.12,688.29,688.11,688.29,88.259
2026-08-29 13:39:00,688.29,688.29,688.01,688.06,149.803
2026-08-29 13:42:00,688.06,688.06,688.05,688.06,16.422
2026-08-29 13:45:00,688.06,688.23,688.05,688.23,41.02
2026-08-29 13:48:00,688.22,688.5,688.22,688.36,192.353
2026-08-29 13:51:00,688.36,688.46,688.34,688.46,70.329
2026-08-29 13:54:00,688.46,688.57,688.46,688.57,42.414
2026-08-29 13:57:00,688.56,688.68,688.56,688.64,49.966
2026-08-29 14:00:00,688.65,688.65,688.47,688.56,54.156
2026-08-29 14:03:00,688.56,688.56,688.47,688.54,47.094
2026-08-29 14:06:00,688.55,688.69,688.54,688.68,133.399
2026-08-29 14:09:00,688.69,688.78,688.53,688.54,55.766
2026-08-29 14:12:00,688.54,688.74,688.42,688.47,120.908
2026-08-29 14:15:00,688.47,688.59,688.42,688.48,111.913
2026-08-29 14:18:00,688.47,688.54,688.41,688.54,98.65
2026-08-29 14:21:00,688.54,689.17,688.54,689.06,94.493
2026-08-29 14:24:00,689.07,689.27,689.06,689.26,151.8
2026-08-29 14:27:00,689.27,689.35,689.11,689.12,88.969
2026-08-29 14:30:00,689.12,689.31,689.11,689.22,75.465
2026-08-29 14:33:00,689.22,689.47,689.17,689.34,115.229
2026-08-29 14:36:00,689.35,689.42,689.25,689.42,43.622
2026-08-29 14:39:00,689.42,690.28,689.39,690.28,199.316
2026-08-29 14:42:00,690.27,691.14,690.24,690.93,524.342
2026-08-29 14:45:00,690.92,692.53,690.86,692.16,516.379
2026-08-29 14:48:00,692.17,692.17,691.24,691.39,381.352
2026-08-29 14:51:00,691.39,691.88,691.32,691.88,557.442
2026-08-29 14:54:00,691.89,691.95,691.41,691.41,518.549
2026-08-29 14:57:00,691.42,692.1,691.41,691.87,173.147
2026-08-29 15:00:00,691.88,691.97,691.04,691.05,133.333
2026-08-29 15:03:00,691.05,691.11,690.67,691.09,120.319
2026-08-29 15:06:00,691.09,691.2,690.56,691.05,164.723
2026-08-29 15:09:00,691.05,691.24,691.01,691.2,103.956
2026-08-29 15:12:00,691.2,691.28,691.09,691.28,236.02
2026-08-29 15:15:00,691.28,691.38,691.08,691.08,89.682
2026-08-29 15:18:00,691.08,691.12,690.3,690.82,240.889
2026-08-29 15:21:00,690.82,691.11,690.81,691.11,57.192
2026-08-29 15:24:00,691.1,691.21,690.73,690.77,48.282
2026-08-29 15:27:00,690.76,690.84,690.67,690.68,39.354
2026-08-29 15:30:00,690.67,690.67,690.06,690.07,74.068
2026-08-29 15:33:00,690.07,690.43,690.06,690.36,90.665
2026-08-29 15:36:00,690.36,690.5,690.29,690.39,70.461
2026-08-29 15:39:00,690.39,690.57,690.24,690.57,93.631
2026-08-29 15:42:00,690.57,690.63,690.56,690.59,81.909
2026-08-29 15:45:00,690.59,690.9,690.44,690.9,108.069
2026-08-29 15:48:00,690.89,691.56,690.89,691.49,610.702
2026-08-29 15:51:00,691.49,691.49,690.77,690.79,77.003
2026-08-29 15:54:00,690.8,690.8,690.31,690.59,125.073
2026-08-29 15:57:00,690.59,690.86,690.54,690.86,154.115
2026-08-29 16:00:00,690.87,690.97,690.86,690.91,66.371
2026-08-29 16:03:00,690.91,691.05,690.64,690.96,157.052
2026-08-29 16:06:00,690.96,691.0,690.88,690.89,91.757
2026-08-29 16:09:00,690.89,691.03,690.88,690.88,83.658
2026-08-29 16:12:00,690.88,691.61,690.69,691.24,405.652
2026-08-29 16:15:00,691.23,692.5,691.23,691.52,302.656
2026-08-29 16:18:00,691.53,691.84,691.49,691.7,86.998
2026-08-29 16:21:00,691.7,691.71,691.13,691.17,65.552
2026-08-29 16:24:00,691.16,691.17,691.03,691.08,140.152
2026-08-29 16:27:00,691.08,691.5,691.08,691.49,179.89
2026-08-29 16:30:00,691.5,691.78,691.17,691.78,73.687
2026-08-29 16:33:00,691.79,692.41,691.79,691.97,149.715
2026-08-29 16:36:00,691.97,692.01,691.63,691.64,116.648
2026-08-29 16:39:00,691.64,692.05,691.6,691.95,114.328
2026-08-29 16:42:00,691.96,691.99,691.78,691.99,95.817
2026-08-29 16:45:00,692.0,692.0,691.82,691.93,50.674
2026-08-29 16:48:00,691.92,692.17,691.91,692.17,80.449
2026-08-29 16:51:00,692.17,692.26,691.67,691.86,146.432
2026-08-29 16:54:00,691.87,691.87,691.53,691.57,106.561
2026-08-29 16:57:00,691.56,691.57,691.11,691.24,188.74
2026-08-29 17:00:00,691.24,691.36,691.24,691.32,61.503
2026-08-29 17:03:00,691.32,691.64,691.26,691.63,161.694
2026-08-29 17:06:00,691.64,691.64,691.38,691.38,81.29
2026-08-29 17:09:00,691.39,691.77,691.38,691.76,95.351
2026-08-29 17:12:00,691.77,691.96,691.59,691.76,76.816
2026-08-29 17:15:00,691.77,692.21,691.76,692.2,105.094
2026-08-29 17:18:00,692.21,692.21,691.8,691.81,332.017
2026-08-29 17:21:00,691.81,691.81,691.33,691.71,65.817
2026-08-29 17:24:00,691.72,691.72,691.4,691.51,106.173
2026-08-29 17:27:00,691.5,691.51,690.99,691.14,100.515
2026-08-29 17:30:00,691.14,691.46,691.14,691.21,63.533
2026-08-29 17:33:00,691.22,691.22,690.38,690.56,104.965
2026-08-29 17:36:00,690.57,691.06,690.57,690.72,80.96
2026-08-29 17:39:00,690.73,691.09,690.63,691.01,78.543
2026-08-29 17:42:00,691.0,691.03,690.72,690.9,108.712
2026-08-29 17:45:00,690.9,691.21,690.9,691.17,91.758
2026-08-29 17:48:00,691.16,691.21,691.11,691.21,58.59
2026-08-29 17:51:00,691.21,691.26,691.18,691.18,47.279
2026-08-29 17:54:00,691.19,691.25,691.0,691.09,164.375
2026-08-29 17:57:00,691.1,691.11,690.72,690.83,219.454
2026-08-29 18:00:00,690.84,691.52,690.84,691.52,98.834
2026-08-29 18:03:00,691.53,691.58,690.88,690.9,113.877
2026-08-29 18:06:00,690.89,691.33,690.85,691.29,60.148
2026-08-29 18:09:00,691.29,691.46,691.29,691.3,38.044
2026-08-29 18:12:00,691.29,691.38,691.29,691.29,32.611
2026-08-29 18:15:00,691.3,691.3,690.83,691.05,80.546
2026-08-29 18:18:00,691.05,691.12,690.93,690.93,33.771
2026-08-29 18:21:00,690.93,691.49,690.93,691.32,136.411
2026-08-29 18:24:00,691.33,691.44,691.29,691.3,33.582
2026-08-29 18:27:00,691.3,691.52,690.9,691.49,139.455
2026-08-29 18:30:00,691.48,691.48,690.88,691.21,128.229
2026-08-29 18:33:00,691.22,691.58,691.21,691.57,53.793
2026-08-29 18:36:00,691.58,692.5,691.57,692.49,94.372
2026-08-29 18:39:00,692.5,692.68,692.31,692.53,135.297
2026-08-29 18:42:00,692.53,692.65,692.12,692.46,366.561
2026-08-29 18:45:00,692.45,692.74,692.39,692.73,137.261
2026-08-29 18:48:00,692.74,694.0,692.73,693.84,1542.316
2026-08-29 18:51:00,693.85,693.85,693.45,693.46,68.762
2026-08-29 18:54:00,693.45,693.78,693.45,693.58,222.875
2026-08-29 18:57:00,693.59,693.77,693.58,693.58,249.804
2026-08-29 19:00:00,693.59,693.69,693.58,693.68,85.23
2026-08-29 19:03:00,693.68,694.36,693.63,694.07,355.678
2026-08-29 19:06:00,694.07,694.08,693.67,693.74,138.697
2026-08-29 19:09:00,693.75,693.78,693.58,693.78,108.196
2026-08-29 19:12:00,693.78,693.78,693.55,693.78,85.257
2026-08-29 19:15:00,693.78,694.03,693.77,693.81,72.954
2026-08-29 19:18:00,693.81,693.89,693.74,693.89,45.736
2026-08-29 19:21:00,693.89,693.89,693.45,693.51,48.318
2026-08-29 19:24:00,693.5,693.6,693.4,693.41,108.895
2026-08-29 19:27:00,693.4,693.42,693.4,693.41,37.967
2026-08-29 19:30:00,693.42,693.6,693.18,693.29,147.26
2026-08-29 19:33:00,693.29,693.29,693.13,693.18,39.188
2026-08-29 19:36:00,693.18,693.59,693.09,693.15,101.852
2026-08-29 19:39:00,693.14,693.75,693.14,693.74,135.029
2026-08-29 19:42:00,693.75,693.75,693.16,693.16,131.43
2026-08-29 19:45:00,693.16,693.18,693.06,693.13,132.034
2026-08-29 19:48:00,693.14,693.18,693.11,693.16,38.935
2026-08-29 19:51:00,693.16,693.31,693.16,693.24,95.312
2026-08-29 19:54:00,693.24,693.24,692.98,693.16,141.018
2026-08-29 19:57:00,693.16,693.55,692.94,693.46,195.24
2026-08-29 20:00:00,693.46,693.46,693.0,693.3,177.759
2026-08-29 20:03:00,693.3,693.76,693.3,693.61,122.964
2026-08-29 20:06:00,693.61,693.62,693.55,693.59,98.221
2026-08-29 20:09:00,693.59,693.61,693.48,693.5,181.25
2026-08-29 20:12:00,693.51,693.68,693.14,693.35,173.141
2026-08-29 20:15:00,693.36,693.45,693.28,693.28,23.033
2026-08-29 20:18:00,693.28,693.55,693.28,693.45,72.274
2026-08-29 20:21:00,693.44,693.44,692.81,693.03,147.358
2026-08-29 20:24:00,693.03,693.08,692.54,692.64,55.223
2026-08-29 20:27:00,692.65,692.65,692.6,692.6,8.654
2026-08-29 20:30:00,692.61,692.61,692.43,692.46,44.972
2026-08-29 20:33:00,692.45,692.82,692.45,692.78,63.997
2026-08-29 20:36:00,692.78,692.78,692.6,692.68,25.94
2026-08-29 20:39:00,692.68,692.82,692.67,692.82,47.94
2026-08-29 20:42:00,692.82,692.82,692.43,692.58,123.377
2026-08-29 20:45:00,692.58,692.58,692.46,692.47,8.957
2026-08-29 20:48:00,692.46,692.54,692.4,692.54,16.104
2026-08-29 20:51:00,692.53,692.54,692.43,692.44,62.733
2026-08-29 20:54:00,692.44,692.54,692.43,692.54,29.349
2026-08-29 20:57:00,692.54,692.81,692.25,692.8,95.471
2026-08-29 21:00:00,692.81,693.2,692.62,692.72,145.273
2026-08-29 21:03:00,692.72,692.72,692.4,692.53,32.274
2026-08-29 21:06:00,692.53,693.02,692.52,692.78,50.367
2026-08-29 21:09:00,692.77,692.77,692.6,692.62,46.683
2026-08-29 21:12:00,692.61,693.07,692.49,692.59,162.144
2026-08-29 21:15:00,692.59,692.65,692.56,692.64,26.252
2026-08-29 21:18:00,692.64,692.65,692.58,692.59,10.604
2026-08-29 21:21:00,692.58,692.63,692.48,692.48,19.495
2026-08-29 21:24:00,692.49,692.58,692.35,692.48,48.118
2026-08-29 21:27:00,692.47,693.2,692.47,692.69,107.161
2026-08-29 21:30:00,692.69,692.92,692.68,692.92,16.024
2026-08-29 21:33:00,692.92,692.92,692.78,692.79,12.593
2026-08-29 21:36:00,692.79,693.1,692.78,693.09,33.015
2026-08-29 21:39:00,693.09,693.09,692.61,692.65,100.184
2026-08-29 21:42:00,692.65,692.66,692.43,692.52,36.756
2026-08-29 21:45:00,692.53,692.89,692.52,692.85,15.965
2026-08-29 21:48:00,692.84,692.89,692.84,692.89,14.547
2026-08-29 21:51:00,692.88,693.11,692.88,692.98,52.88
2026-08-29 21:54:00,692.99,693.11,692.84,692.92,39.183
2026-08-29 21:57:00,692.92,692.92,692.51,692.53,28.879
2026-08-29 22:00:00,692.54,692.78,692.28,692.47,46.228
2026-08-29 22:03:00,692.48,692.6,692.23,692.23,39.268
2026-08-29 22:06:00,692.23,692.79,692.23,692.77,88.862
2026-08-29 22:09:00,692.77,692.99,692.76,692.87,34.075
2026-08-29 22:12:00,692.87,692.87,692.23,692.36,492.251
2026-08-29 22:15:00,692.36,692.77,692.36,692.59,141.296
2026-08-29 22:18:00,692.58,692.58,692.21,692.21,29.612
2026-08-29 22:21:00,692.21,692.59,692.21,692.4,62.045
2026-08-29 22:24:00,692.39,692.4,692.25,692.31,59.734
2026-08-29 22:27:00,692.3,692.66,692.22,692.66,129.974
2026-08-29 22:30:00,692.66,692.68,692.53,692.55,63.029
2026-08-29 22:33:00,692.55,692.69,692.55,692.65,13.633
2026-08-29 22:36:00,692.65,692.65,692.64,692.65,18.97
2026-08-29 22:39:00,692.65,692.93,692.65,692.88,66.72
2026-08-29 22:42:00,692.88,692.93,692.88,692.92,12.206
2026-08-29 22:45:00,692.93,693.01,692.92,693.01,22.682
2026-08-29 22:48:00,693.0,693.01,693.0,693.01,58.84
2026-08-29 22:51:00,693.01,693.01,692.99,692.99,16.553
2026-08-29 22:54:00,693.0,693.12,692.99,693.06,84.268
2026-08-29 22:57:00,693.06,693.44,693.06,693.16,233.77
2026-08-29 23:00:00,693.17,693.17,693.16,693.17,12.6
2026-08-29 23:03:00,693.17,693.19,692.77,692.92,127.803
2026-08-29 23:06:00,692.91,693.37,692.82,693.01,172.592
2026-08-29 23:09:00,693.01,693.36,692.98,692.99,62.519
2026-08-29 23:12:00,692.98,693.08,692.19,692.8,233.993
2026-08-29 23:15:00,692.81,692.89,692.57,692.89,70.863
2026-08-29 23:18:00,692.88,693.15,692.88,692.97,135.539
2026-08-29 23:21:00,692.96,692.96,692.21,692.22,94.84
2026-08-29 23:24:00,692.21,692.33,692.15,692.19,43.574
2026-08-29 23:27:00,692.2,692.66,692.19,692.65,97.99
2026-08-29 23:30:00,692.65,692.73,692.48,692.49,45.494
2026-08-29 23:33:00,692.49,692.64,692.06,692.12,97.977
2026-08-29 23:36:00,692.12,692.62,692.12,692.62,74.984
2026-08-29 23:39:00,692.62,692.75,692.52,692.52,40.782
2026-08-29 23:42:00,692.53,692.53,692.23,692.24,77.373
2026-08-29 23:45:00,692.24,692.56,692.23,692.51,102.641
2026-08-29 23:48:00,692.51,692.68,692.51,692.67,125.77
2026-08-29 23:51:00,692.68,692.68,692.53,692.57,36.999
2026-08-29 23:54:00,692.56,692.6,692.46,692.6,96.898
2026-08-29 23:57:00,692.6,692.69,692.57,692.58,36.918
2026-08-30 00:00:00,692.58,692.58,692.3,692.4,130.05
2026-08-30 00:03:00,692.4,692.49,692.35,692.36,75.236
2026-08-30 00:06:00,692.36,692.36,692.35,692.35,23.291
2026-08-30 00:09:00,692.35,692.35,692.0,692.16,117.51
2026-08-30 00:12:00,692.16,692.26,692.1,692.26,36.906
2026-08-30 00:15:00,692.26,693.18,692.25,693.18,151.574
2026-08-30 00:18:00,693.17,693.31,692.61,692.65,73.969
2026-08-30 00:21:00,692.64,693.07,692.57,692.93,104.58
2026-08-30 00:24:00,692.93,692.93,692.74,692.79,34.472
2026-08-30 00:27:00,692.8,692.8,692.48,692.48,84.09
2026-08-30 00:30:00,692.49,692.75,692.32,692.59,47.207
2026-08-30 00:33:00,692.58,692.91,692.58,692.91,30.927
2026-08-30 00:36:00,692.9,693.35,692.9,693.0,51.631
2026-08-30 00:39:00,693.01,693.16,692.99,693.07,71.548
2026-08-30 00:42:00,693.06,693.06,692.55,692.79,96.766
2026-08-30 00:45:00,692.79,692.87,692.66,692.84,57.469
2026-08-30 00:48:00,692.84,692.95,692.68,692.81,128.622
2026-08-30 00:51:00,692.81,692.81,692.61,692.71,40.593
2026-08-30 00:54:00,692.71,692.71,692.41,692.41,69.314
2026-08-30 00:57:00,692.42,692.42,692.24,692.25,35.46
2026-08-30 01:00:00,692.25,692.25,692.01,692.17,106.226
2026-08-30 01:03:00,692.17,692.46,692.13,692.32,64.693
2026-08-30 01:06:00,692.32,692.87,691.86,692.71,1316.976
2026-08-30 01:09:00,692.72,692.72,692.3,692.33,227.624
2026-08-30 01:12:00,692.32,692.32,691.73,691.78,162.801
2026-08-30 01:15:00,691.79,691.89,690.97,691.01,806.604
2026-08-30 01:18:00,691.02,691.37,690.98,691.37,103.836
2026-08-30 01:21:00,691.38,691.41,690.99,691.0,498.762
2026-08-30 01:24:00,691.0,691.0,690.79,690.8,148.828
2026-08-30 01:27:00,690.8,690.84,690.63,690.64,43.223
2026-08-30 01:30:00,690.64,691.01,690.6,691.01,95.905
2026-08-30 01:33:00,691.02,691.08,690.95,691.02,49.01
2026-08-30 01:36:00,691.02,691.34,691.01,691.22,66.831
2026-08-30 01:39:00,691.23,691.5,691.23,691.49,31.881
2026-08-30 01:42:00,691.5,691.61,691.38,691.38,92.656
2026-08-30 01:45:00,691.38,691.73,691.38,691.38,126.436
2026-08-30 01:48:00,691.37,691.71,691.37,691.68,54.767
2026-08-30 01:51:00,691.68,691.73,691.29,691.3,95.57
2026-08-30 01:54:00,691.3,691.48,691.29,691.48,66.597
2026-08-30 01:57:00,691.47,691.83,691.41,691.73,148.151
2026-08-30 02:00:00,691.74,691.74,691.44,691.64,53.905
2026-08-30 02:03:00,691.65,691.99,691.64,691.99,117.366
2026-08-30 02:06:00,691.98,691.99,691.5,691.73,106.125
2026-08-30 02:09:00,691.72,691.87,691.72,691.75,15.174
2026-08-30 02:12:00,691.74,692.03,691.74,692.02,40.967
2026-08-30 02:15:00,692.02,693.19,691.91,692.71,1075.004
2026-08-30 02:18:00,692.71,692.79,692.66,692.79,69.587
2026-08-30 02:21:00,692.79,695.39,692.7,693.36,1979.479
2026-08-30 02:24:00,693.35,693.66,693.27,693.28,252.879
2026-08-30 02:27:00,693.28,693.8,693.28,693.54,159.967
2026-08-30 02:30:00,693.54,693.78,693.35,693.36,211.635
2026-08-30 02:33:00,693.35,693.37,693.08,693.25,192.665
2026-08-30 02:36:00,693.25,693.35,693.15,693.2,157.964
2026-08-30 02:39:00,693.21,693.8,693.2,693.66,346.315
2026-08-30 02:42:00,693.66,693.71,693.36,693.58,286.315
2026-08-30 02:45:00,693.59,693.76,693.49,693.71,135.659
2026-08-30 02:48:00,693.71,693.96,693.59,693.88,351.109
2026-08-30 02:51:00,693.88,694.51,693.87,694.23,278.889
2026-08-30 02:54:00,694.22,694.59,694.22,694.45,155.175
2026-08-30 02:57:00,694.45,694.45,693.73,693.74,159.999
2026-08-30 03:00:00,693.74,694.27,693.65,694.19,111.453
2026-08-30 03:03:00,694.19,694.2,694.09,694.13,41.534
2026-08-30 03:06:00,694.13,694.78,694.12,694.78,191.846
2026-08-30 03:09:00,694.78,694.97,694.29,694.3,249.606
2026-08-30 03:12:00,694.3,695.46,694.29,695.37,264.696
2026-08-30 03:15:00,695.36,695.56,695.12,695.13,145.19
2026-08-30 03:18:00,695.13,695.36,694.77,694.79,127.612
2026-08-30 03:21:00,694.8,695.03,694.44,694.61,159.676
2026-08-30 03:24:00,694.61,694.87,694.61,694.8,124.01
2026-08-30 03:27:00,694.8,694.88,694.7,694.88,86.871
2026-08-30 03:30:00,694.87,695.06,694.6,695.05,119.783
2026-08-30 03:33:00,695.06,695.53,695.06,695.51,102.801
2026-08-30 03:36:00,695.51,695.51,694.81,695.12,149.864
2026-08-30 03:39:00,695.13,695.18,694.89,695.18,147.03
2026-08-30 03:42:00,695.18,695.28,695.08,695.14,47.942
2026-08-30 03:45:00,695.15,695.15,694.79,694.8,42.528
2026-08-30 03:48:00,694.8,694.83,694.74,694.82,45.814
2026-08-30 03:51:00,694.83,694.83,694.8,694.81,29.758
2026-08-30 03:54:00,694.8,694.92,694.76,694.76,74.683
2026-08-30 03:57:00,694.77,694.8,694.53,694.57,84.993
2026-08-30 04:00:00,694.58,694.92,694.29,694.85,111.524
2026-08-30 04:03:00,694.86,695.29,694.86,695.23,65.068
2026-08-30 04:06:00,695.22,695.22,694.67,694.71,59.187
2026-08-30 04:09:00,694.72,694.72,694.5,694.51,57.205
2026-08-30 04:12:00,694.5,694.6,694.39,694.56,98.233
2026-08-30 04:15:00,694.56,694.57,694.34,694.34,51.412
2026-08-30 04:18:00,694.33,694.73,694.32,694.63,83.344
2026-08-30 04:21:00,694.64,694.64,694.0,694.04,190.698
2026-08-30 04:24:00,694.04,694.04,693.46,693.68,160.975
2026-08-30 04:27:00,693.69,693.8,693.66,693.67,58.196
2026-08-30 04:30:00,693.66,693.67,693.34,693.42,73.225
2026-08-30 04:33:00,693.43,693.43,693.34,693.35,20.212
2026-08-30 04:36:00,693.35,693.57,693.23,693.23,99.25
2026-08-30 04:39:00,693.23,693.24,693.12,693.17,35.322
2026-08-30 04:42:00,693.16,693.25,692.95,692.95,114.587
2026-08-30 04:45:00,692.96,692.96,692.48,692.48,70.139
2026-08-30 04:48:00,692.49,692.49,692.42,692.45,108.551
2026-08-30 04:51:00,692.45,692.72,692.45,692.72,70.749
2026-08-30 04:54:00,692.72,693.1,692.72,693.06,89.715
2026-08-30 04:57:00,693.07,693.7,693.06,693.7,83.656
2026-08-30 05:00:00,693.7,694.4,693.7,694.25,114.819
2026-08-30 05:03:00,694.25,694.65,694.23,694.25,138.39
2026-08-30 05:06:00,694.26,694.31,694.21,694.31,151.112
2026-08-30 05:09:00,694.31,694.31,694.04,694.04,84.748
2026-08-30 05:12:00,694.05,694.14,693.93,694.14,45.004
2026-08-30 05:15:00,694.14,694.3,694.13,694.21,41.59
2026-08-30 05:18:00,694.21,694.21,693.83,693.87,110.383
2026-08-30 05:21:00,693.87,694.11,693.83,694.11,88.844
2026-08-30 05:24:00,694.1,694.11,694.1,694.1,21.332
2026-08-30 05:27:00,694.11,694.48,694.1,694.41,59.952
2026-08-30 05:30:00,694.41,694.5,694.32,694.32,50.896
2026-08-30 05:33:00,694.31,694.31,694.19,694.2,35.792
2026-08-30 05:36:00,694.19,694.38,694.19,694.24,109.296
2026-08-30 05:39:00,694.25,694.32,694.24,694.26,29.7
2026-08-30 05:42:00,694.26,694.26,694.11,694.12,37.295
2026-08-30 05:45:00,694.11,694.16,694.09,694.15,59.917
2026-08-30 05:48:00,694.16,694.21,694.15,694.21,37.879
2026-08-30 05:51:00,694.21,694.26,694.16,694.26,51.636
2026-08-30 05:54:00,694.26,694.31,694.18,694.3,53.388
2026-08-30 05:57:00,694.3,694.5,694.29,694.5,50.363
2026-08-30 06:00:00,694.5,694.5,694.06,694.07,171.03
2026-08-30 06:03:00,694.06,694.14,693.85,693.85,248.317
2026-08-30 06:06:00,693.85,693.92,693.79,693.88,152.047
2026-08-30 06:09:00,693.88,693.88,693.48,693.54,145.307
2026-08-30 06:12:00,693.55,693.62,693.52,693.61,52.803
2026-08-30 06:15:00,693.61,693.96,693.61,693.95,58.256
2026-08-30 06:18:00,693.96,693.96,693.75,693.89,88.069
2026-08-30 06:21:00,693.88,694.11,693.88,694.05,134.892
2026-08-30 06:24:00,694.06,694.46,694.05,694.32,69.862
2026-08-30 06:27:00,694.33,694.36,694.32,694.36,55.812
2026-08-30 06:30:00,694.36,694.45,694.35,694.45,67.502
2026-08-30 06:33:00,694.44,694.45,694.15,694.15,136.489
2026-08-30 06:36:00,694.16,694.4,694.05,694.29,74.586
2026-08-30 06:39:00,694.29,694.5,694.24,694.41,156.091
2026-08-30 06:42:00,694.41,694.41,693.81,693.87,109.357
2026-08-30 06:45:00,693.87,694.2,693.85,694.11,40.079
2026-08-30 06:48:00,694.12,694.49,693.87,693.92,88.158
2026-08-30 06:51:00,693.93,694.0,693.93,693.99,71.403
2026-08-30 06:54:00,694.0,694.17,693.79,693.99,293.289
2026-08-30 06:57:00,694.0,694.59,694.0,694.59,231.761
2026-08-30 07:00:00,694.59,695.19,693.79,693.79,435.364
2026-08-30 07:03:00,693.79,693.95,693.57,693.85,129.92
2026-08-30 07:06:00,693.86,693.86,693.85,693.86,20.99
2026-08-30 07:09:00,693.86,693.98,693.85,693.94,107.464
2026-08-30 07:12:00,693.94,694.03,693.84,693.84,53.077
2026-08-30 07:15:00,693.85,693.85,693.66,693.74,104.747
2026-08-30 07:18:00,693.74,693.91,693.73,693.85,37.625
2026-08-30 07:21:00,693.85,694.07,693.84,694.0,130.641
2026-08-30 07:24:00,694.0,694.0,693.91,693.91,62.46
2026-08-30 07:27:00,693.92,693.92,693.74,693.75,75.112
2026-08-30 07:30:00,693.74,693.74,693.57,693.57,30.219
2026-08-30 07:33:00,693.58,693.6,693.51,693.58,56.773
2026-08-30 07:36:00,693.58,693.59,693.4,693.4,72.677
2026-08-30 07:39:00,693.4,693.52,693.4,693.43,47.827
2026-08-30 07:42:00,693.43,693.75,693.0,693.5,499.791
2026-08-30 07:45:00,693.5,693.51,693.26,693.27,51.566
2026-08-30 07:48:00,693.26,693.39,693.06,693.33,112.54
2026-08-30 07:51:00,693.33,693.49,693.32,693.49,49.942
2026-08-30 07:54:00,693.49,693.76,693.33,693.33,181.748
2026-08-30 07:57:00,693.34,693.34,693.2,693.2,52.828
2026-08-30 08:00:00,693.21,693.51,693.17,693.51,113.287
2026-08-30 08:03:00,693.52,693.52,693.34,693.37,73.476
2026-08-30 08:06:00,693.38,693.68,693.21,693.68,153.871
2026-08-30 08:09:00,693.68,693.68,693.3,693.35,104.652
2026-08-30 08:12:00,693.35,693.42,693.01,693.01,226.628
2026-08-30 08:15:00,693.02,693.2,692.84,692.85,163.684
2026-08-30 08:18:00,692.85,693.37,692.84,693.3,38.672
2026-08-30 08:21:00,693.3,693.31,693.14,693.14,94.629
2026-08-30 08:24:00,693.15,693.35,693.14,693.35,46.39
2026-08-30 08:27:00,693.35,693.37,693.08,693.15,50.679
2026-08-30 08:30:00,693.15,693.15,693.0,693.11,45.303
2026-08-30 08:33:00,693.1,693.2,693.05,693.05,52.014
2026-08-30 08:36:00,693.06,693.06,692.75,692.75,202.617
2026-08-30 08:39:00,692.76,692.76,692.33,692.33,339.382
2026-08-30 08:42:00,692.33,692.58,692.33,692.58,90.448
2026-08-30 08:45:00,692.57,692.58,692.34,692.52,88.154
2026-08-30 08:48:00,692.51,692.53,692.51,692.53,47.564
2026-08-30 08:51:00,692.53,692.64,692.42,692.43,98.288
2026-08-30 08:54:00,692.42,694.81,692.42,693.86,2003.369
2026-08-30 08:57:00,693.86,694.22,693.86,694.12,82.079
2026-08-30 09:00:00,694.12,696.25,693.99,694.67,1323.118
2026-08-30 09:03:00,694.67,694.76,694.54,694.62,144.511
2026-08-30 09:06:00,694.62,694.91,694.46,694.53,267.042
2026-08-30 09:09:00,694.53,694.53,694.24,694.25,60.15
2026-08-30 09:12:00,694.24,694.49,694.24,694.44,112.914
2026-08-30 09:15:00,694.44,694.44,693.89,693.9,157.705
2026-08-30 09:18:00,693.9,694.02,693.88,694.01,69.719
2026-08-30 09:21:00,694.02,694.05,693.4,693.41,63.975
2026-08-30 09:24:00,693.4,693.4,693.2,693.31,74.079
2026-08-30 09:27:00,693.31,693.4,692.65,692.65,205.914
2026-08-30 09:30:00,692.66,693.85,692.66,693.26,460.574
2026-08-30 09:33:00,693.27,693.27,691.97,691.98,489.932
2026-08-30 09:36:00,691.98,692.01,691.78,691.81,159.74
2026-08-30 09:39:00,691.8,692.21,691.43,692.21,244.937
2026-08-30 09:42:00,692.2,692.21,692.14,692.14,57.339
2026-08-30 09:45:00,692.15,692.18,691.77,691.85,254.349
2026-08-30 09:48:00,691.84,691.94,691.48,691.5,87.313
2026-08-30 09:51:00,691.5,691.56,691.46,691.55,87.689
2026-08-30 09:54:00,691.55,691.83,691.52,691.83,41.497
2026-08-30 09:57:00,691.82,691.85,691.82,691.84,33.172
2026-08-30 10:00:00,691.84,691.98,691.83,691.83,71.299
2026-08-30 10:03:00,691.83,691.84,691.64,691.84,74.645
2026-08-30 10:06:00,691.84,692.06,691.84,692.05,126.546
2026-08-30 10:09:00,692.06,692.33,692.02,692.03,92.77
2026-08-30 10:12:00,692.02,692.03,691.59,691.59,108.269
2026-08-30 10:15:00,691.6,691.81,691.59,691.77,95.877
2026-08-30 10:18:00,691.77,691.8,691.53,691.8,88.454
2026-08-30 10:21:00,691.8,691.99,691.7,691.71,152.596
2026-08-30 10:24:00,691.7,692.22,691.56,692.13,218.926
2026-08-30 10:27:00,692.13,692.2,691.54,692.09,255.017
2026-08-30 10:30:00,692.1,692.12,691.94,692.08,64.797
2026-08-30 10:33:00,692.09,692.09,691.85,691.99,47.497
2026-08-30 10:36:00,691.99,692.05,691.98,692.05,58.809
2026-08-30 10:39:00,692.04,692.38,692.04,692.11,149.069
2026-08-30 10:42:00,692.1,692.19,692.03,692.18,75.123
2026-08-30 10:45:00,692.18,692.29,692.18,692.27,72.942
2026-08-30 10:48:00,692.28,692.28,692.27,692.27,48.764
2026-08-30 10:51:00,692.28,692.31,692.27,692.3,35.005
2026-08-30 10:54:00,692.3,692.34,692.3,692.33,72.618
2026-08-30 10:57:00,692.34,692.35,692.33,692.35,38.995
2026-08-30 11:00:00,692.35,692.54,692.29,692.54,155.661
2026-08-30 11:03:00,692.55,693.13,692.54,693.11,139.528
2026-08-30 11:06:00,693.1,694.0,693.1,693.99,255.556
2026-08-30 11:09:00,694.0,694.0,693.52,693.53,319.917
2026-08-30 11:12:00,693.52,693.78,693.52,693.77,86.593
2026-08-30 11:15:00,693.77,693.78,693.56,693.57,60.809
2026-08-30 11:18:00,693.57,693.85,693.56,693.85,54.073
2026-08-30 11:21:00,693.84,693.93,693.84,693.88,60.42
2026-08-30 11:24:00,693.88,693.98,693.78,693.79,120.091
2026-08-30 11:27:00,693.79,693.82,693.61,693.73,401.97
2026-08-30 11:30:00,693.73,693.88,693.54,693.69,86.302
2026-08-30 11:33:00,693.69,693.88,693.69,693.7,43.302
2026-08-30 11:36:00,693.69,693.88,693.48,693.48,106.814
2026-08-30 11:39:00,693.49,693.81,693.37,693.81,479.599
2026-08-30 11:42:00,693.81,693.92,693.35,693.36,203.587
2026-08-30 11:45:00,693.36,693.57,693.3,693.3,143.118
2026-08-30 11:48:00,693.3,693.61,692.95,692.96,751.65
2026-08-30 11:51:00,692.96,692.98,692.57,692.68,450.273
2026-08-30 11:54:00,692.68,692.68,692.55,692.58,136.274
2026-08-30 11:57:00,692.59,692.82,692.58,692.8,441.87
2026-08-30 12:00:00,692.8,693.53,692.79,693.16,140.013
2026-08-30 12:03:00,693.16,694.14,693.16,693.63,1102.863
2026-08-30 12:06:00,693.63,694.7,693.62,694.7,485.696
2026-08-30 12:09:00,694.7,695.47,694.69,695.43,203.689
2026-08-30 12:12:00,695.42,695.67,695.42,695.65,222.924
2026-08-30 12:15:00,695.66,695.66,695.0,695.12,284.781
2026-08-30 12:18:00,695.12,695.12,694.68,695.0,196.893
2026-08-30 12:21:00,695.0,695.13,694.5,694.94,376.999
2026-08-30 12:24:00,694.94,694.94,694.52,694.67,59.421
2026-08-30 12:27:00,694.67,695.11,694.67,695.05,160.415
2026-08-30 12:30:00,695.05,695.57,694.83,695.57,228.737
2026-08-30 12:33:00,695.57,695.89,694.68,694.85,280.645
2026-08-30 12:36:00,694.86,695.19,694.79,694.84,202.505
2026-08-30 12:39:00,694.84,695.32,694.84,695.27,174.292
2026-08-30 12:42:00,695.27,695.61,695.0,695.01,247.545
2026-08-30 12:45:00,695.01,695.29,694.76,694.93,335.654
2026-08-30 12:48:00,694.93,695.06,694.89,694.98,71.898
2026-08-30 12:51:00,694.98,695.43,694.94,695.43,68.549
2026-08-30 12:54:00,695.42,695.87,695.25,695.87,117.783
2026-08-30 12:57:00,695.87,696.48,695.64,696.41,294.789
2026-08-30 13:00:00,696.41,696.5,695.6,696.18,217.652
2026-08-30 13:03:00,696.17,696.35,695.85,695.92,117.574
2026-08-30 13:06:00,695.91,696.15,695.91,695.99,92.715
2026-08-30 13:09:00,695.99,695.99,695.49,695.57,120.646
2026-08-30 13:12:00,695.57,695.57,695.19,695.43,340.237
2026-08-30 13:15:00,695.44,696.0,695.28,696.0,289.088
2026-08-30 13:18:00,696.0,696.3,695.93,696.19,150.875
2026-08-30 13:21:00,696.19,696.65,696.06,696.56,334.426
2026-08-30 13:24:00,696.55,697.69,696.5,697.32,360.298
2026-08-30 13:27:00,697.32,697.59,697.31,697.46,105.793
2026-08-30 13:30:00,697.47,697.47,696.53,696.91,279.547
2026-08-30 13:33:00,696.92,696.92,696.66,696.85,126.723
2026-08-30 13:36:00,696.85,697.27,696.78,697.03,167.131
2026-08-30 13:39:00,697.03,697.17,696.75,697.05,162.449
2026-08-30 13:42:00,697.06,698.15,697.05,698.08,321.267
2026-08-30 13:45:00,698.08,698.73,698.07,698.31,1397.859
2026-08-30 13:48:00,698.32,699.81,698.31,699.8,722.59
2026-08-30 13:51:00,699.81,700.0,699.69,699.99,764.507
2026-08-30 13:54:00,700.0,700.0,699.85,699.92,468.143
2026-08-30 13:57:00,699.92,700.0,699.35,699.36,464.034
2026-08-30 14:00:00,699.35,699.57,698.83,699.56,313.339
2026-08-30 14:03:00,699.57,699.6,698.84,698.85,134.645
2026-08-30 14:06:00,698.85,699.02,698.36,698.92,210.346
2026-08-30 14:09:00,698.91,699.19,698.74,698.95,191.919
2026-08-30 14:12:00,698.95,699.55,698.8,699.41,174.09
2026-08-30 14:15:00,699.41,699.41,698.83,699.1,311.817
2026-08-30 14:18:00,699.11,699.11,698.34,698.46,191.71
2026-08-30 14:21:00,698.46,698.69,698.35,698.69,67.947
2026-08-30 14:24:00,698.68,698.68,698.55,698.67,105.918
2026-08-30 14:27:00,698.66,698.81,698.53,698.74,97.438
2026-08-30 14:30:00,698.75,699.0,698.52,699.0,135.707
2026-08-30 14:33:00,699.0,699.0,698.1,698.21,104.207
2026-08-30 14:36:00,698.22,698.23,697.49,697.5,92.451
2026-08-30 14:39:00,697.49,698.03,697.41,698.03,182.541
2026-08-30 14:42:00,698.03,698.12,697.89,697.89,141.81
2026-08-30 14:45:00,697.89,697.93,697.68,697.93,129.33
2026-08-30 14:48:00,697.92,698.22,697.81,698.2,182.899
2026-08-30 14:51:00,698.2,698.55,698.2,698.48,93.051
2026-08-30 14:54:00,698.48,698.84,698.48,698.84,110.197
2026-08-30 14:57:00,698.84,698.93,698.53,698.65,86.059
2026-08-30 15:00:00,698.66,698.78,698.11,698.52,142.143
2026-08-30 15:03:00,698.52,698.64,697.89,698.14,355.334
2026-08-30 15:06:00,698.14,698.8,698.11,698.68,203.043
2026-08-30 15:09:00,698.68,699.0,698.14,698.25,335.365
2026-08-30 15:12:00,698.24,698.24,696.83,696.94,200.799
2026-08-30 15:15:00,696.93,697.73,696.65,697.73,224.896
2026-08-30 15:18:00,697.72,698.14,697.39,698.08,390.459
2026-08-30 15:21:00,698.07,698.68,698.07,698.67,269.092
2026-08-30 15:24:00,698.68,698.91,698.59,698.69,326.24
2026-08-30 15:27:00,698.7,698.88,698.41,698.47,121.456
2026-08-30 15:30:00,698.46,699.0,698.46,698.88,122.517
2026-08-30 15:33:00,698.87,699.0,698.72,698.99,200.055
2026-08-30 15:36:00,699.0,699.0,698.4,698.56,131.341
2026-08-30 15:39:00,698.55,698.64,698.34,698.51,112.032
2026-08-30 15:42:00,698.51,699.56,698.43,699.02,441.201
2026-08-30 15:45:00,699.03,699.44,698.98,699.39,245.367
2026-08-30 15:48:00,699.4,699.63,698.94,699.42,297.981
2026-08-30 15:51:00,699.42,699.8,699.41,699.8,126.495
2026-08-30 15:54:00,699.8,699.8,699.24,699.26,120.298
2026-08-30 15:57:00,699.27,699.66,699.27,699.41,98.812
2026-08-30 16:00:00,699.42,699.96,699.25,699.87,163.054
2026-08-30 16:03:00,699.87,700.5,699.7,700.32,1103.049
2026-08-30 16:06:00,700.32,700.33,699.42,699.5,256.642
2026-08-30 16:09:00,699.5,699.5,698.92,699.36,224.421
2026-08-30 16:12:00,699.37,702.2,699.37,701.65,951.482
2026-08-30 16:15:00,701.66,702.58,701.24,701.9,964.196
2026-08-30 16:18:00,701.89,702.79,701.26,702.06,667.371
2026-08-30 16:21:00,702.05,702.82,701.99,702.63,366.81
2026-08-30 16:24:00,702.63,703.14,702.46,702.62,404.417
2026-08-30 16:27:00,702.62,702.75,702.21,702.27,232.779
2026-08-30 16:30:00,702.26,702.73,702.02,702.67,225.732
2026-08-30 16:33:00,702.67,703.05,702.66,702.95,95.416
2026-08-30 16:36:00,702.96,703.5,702.7,702.7,380.649
2026-08-30 16:39:00,702.69,704.04,702.5,703.72,401.98
2026-08-30 16:42:00,703.73,703.9,702.8,703.51,192.159
2026-08-30 16:45:00,703.51,703.78,703.06,703.07,482.21
2026-08-30 16:48:00,703.07,703.53,702.66,702.9,404.364
2026-08-30 16:51:00,702.9,702.92,702.42,702.9,324.506
2026-08-30 16:54:00,702.89,703.17,702.88,703.14,169.861
2026-08-30 16:57:00,703.15,703.73,703.14,703.73,354.277
2026-08-30 17:00:00,703.73,703.73,702.74,702.78,208.297
2026-08-30 17:03:00,702.78,703.07,702.59,702.75,232.686
2026-08-30 17:06:00,702.74,702.75,702.0,702.41,514.416
2026-08-30 17:09:00,702.42,702.63,702.27,702.5,110.418
2026-08-30 17:12:00,702.5,702.61,702.06,702.06,112.313
2026-08-30 17:15:00,702.05,702.06,700.24,700.81,305.725
2026-08-30 17:18:00,700.81,701.0,700.0,700.59,256.455
2026-08-30 17:21:00,700.58,700.59,700.12,700.12,134.56
2026-08-30 17:24:00,700.12,700.13,698.19,698.85,632.951
2026-08-30 17:27:00,698.85,699.35,698.55,699.24,120.016
2026-08-30 17:30:00,699.24,699.82,698.97,699.58,178.566
2026-08-30 17:33:00,699.58,700.0,699.52,699.99,88.361
2026-08-30 17:36:00,699.99,700.23,699.77,700.23,106.452
2026-08-30 17:39:00,700.23,700.4,700.08,700.34,134.047
2026-08-30 17:42:00,700.33,700.77,700.11,700.55,128.515
2026-08-30 17:45:00,700.55,700.71,700.12,700.41,143.541
2026-08-30 17:48:00,700.41,700.5,700.12,700.38,62.932
2026-08-30 17:51:00,700.38,700.64,699.96,700.04,120.203
2026-08-30 17:54:00,700.04,700.57,700.03,700.21,246.297
2026-08-30 17:57:00,700.2,700.93,700.2,700.93,139.812
2026-08-30 18:00:00,700.93,701.19,700.8,700.98,154.668
2026-08-30 18:03:00,700.97,701.37,700.78,700.78,73.136
2026-08-30 18:06:00,700.79,700.79,700.26,700.26,77.11
2026-08-30 18:09:00,700.26,700.27,699.68,699.85,160.184
2026-08-30 18:12:00,699.85,700.19,699.71,700.18,46.973
2026-08-30 18:15:00,700.19,700.53,700.18,700.53,35.711
2026-08-30 18:18:00,700.52,700.9,700.52,700.6,91.96
2026-08-30 18:21:00,700.6,700.68,700.52,700.54,39.983
2026-08-30 18:24:00,700.55,700.87,700.54,700.65,51.397
2026-08-30 18:27:00,700.65,701.92,700.64,701.83,182.453
2026-08-30 18:30:00,701.83,702.27,701.83,702.26,97.846
2026-08-30 18:33:00,702.27,702.47,702.13,702.33,37.506
2026-08-30 18:36:00,702.34,702.57,702.33,702.37,66.846
2026-08-30 18:39:00,702.38,702.38,702.28,702.32,49.704
2026-08-30 18:42:00,702.31,702.36,702.03,702.13,52.446
2026-08-30 18:45:00,702.13,702.13,701.64,701.71,32.495
2026-08-30 18:48:00,701.71,702.08,701.7,701.71,61.878
2026-08-30 18:51:00,701.7,701.71,701.31,701.31,36.923
2026-08-30 18:54:00,701.31,701.68,701.31,701.48,73.928
2026-08-30 18:57:00,701.48,701.88,701.48,701.78,65.668
2026-08-30 19:00:00,701.78,701.78,701.44,701.44,47.637
2026-08-30 19:03:00,701.43,701.43,701.07,701.08,40.038
2026-08-30 19:06:00,701.07,701.31,700.73,701.25,153.326
2026-08-30 19:09:00,701.24,701.25,701.03,701.25,46.703
2026-08-30 19:12:00,701.26,701.47,701.26,701.47,19.84
2026-08-30 19:15:00,701.47,701.65,701.0,701.42,114.497
2026-08-30 19:18:00,701.41,701.46,701.0,701.0,50.877
2026-08-30 19:21:00,701.01,701.01,700.28,700.29,62.122
2026-08-30 19:24:00,700.28,700.31,700.14,700.15,34.887
2026-08-30 19:27:00,700.15,700.19,700.1,700.11,22.357
2026-08-30 19:30:00,700.1,700.45,699.99,700.05,130.633
2026-08-30 19:33:00,700.04,700.2,699.99,700.0,23.217
2026-08-30 19:36:00,699.99,700.0,699.04,699.1,101.751
2026-08-30 19:39:00,699.1,699.43,698.95,699.33,194.282
2026-08-30 19:42:00,699.32,699.32,698.95,698.95,38.475
2026-08-30 19:45:00,698.95,699.06,698.29,698.92,108.736
2026-08-30 19:48:00,698.93,699.01,698.55,698.78,157.517
2026-08-30 19:51:00,698.78,699.16,698.65,699.11,124.875
2026-08-30 19:54:00,699.1,699.33,699.1,699.22,32.553
2026-08-30 19:57:00,699.23,699.6,699.22,699.58,51.551
2026-08-30 20:00:00,699.59,700.2,699.59,700.15,177.457
2026-08-30 20:03:00,700.15,700.21,699.7,700.12,199.697
2026-08-30 20:06:00,700.12,700.19,699.78,699.88,76.668
2026-08-30 20:09:00,699.88,700.0,699.72,699.73,100.462
2026-08-30 20:12:00,699.73,700.35,699.73,699.82,89.34
2026-08-30 20:15:00,699.81,700.01,699.69,699.93,29.654
2026-08-30 20:18:00,699.94,700.01,699.52,699.9,60.976
2026-08-30 20:21:00,699.91,699.97,699.79,699.91,67.331
2026-08-30 20:24:00,699.91,700.15,699.6,699.61,98.127
2026-08-30 20:27:00,699.61,699.71,699.34,699.35,118.087
2026-08-30 20:30:00,699.34,699.41,698.16,698.47,201.356
2026-08-30 20:33:00,698.47,699.33,698.47,699.32,60.698
2026-08-30 20:36:00,699.33,699.88,699.17,699.17,136.14
2026-08-30 20:39:00,699.17,699.34,698.01,698.78,240.683
2026-08-30 20:42:00,698.78,698.78,696.54,696.87,500.98
2026-08-30 20:45:00,696.87,698.01,696.86,698.01,236.243
2026-08-30 20:48:00,698.01,698.49,698.0,698.48,70.491
2026-08-30 20:51:00,698.48,698.82,698.35,698.44,94.31
2026-08-30 20:54:00,698.43,698.44,697.72,697.96,75.522
2026-08-30 20:57:00,697.97,697.97,697.59,697.61,109.503
2026-08-30 21:00:00,697.61,697.61,693.49,694.59,1252.147
2026-08-30 21:03:00,694.59,695.95,694.59,695.67,269.275
2026-08-30 21:06:00,695.67,696.0,695.54,695.71,159.217
2026-08-30 21:09:00,695.7,696.25,694.71,695.49,377.783
2026-08-30 21:12:00,695.5,696.09,695.5,695.95,159.715
2026-08-30 21:15:00,695.94,696.74,695.94,696.74,117.705
2026-08-30 21:18:00,696.74,696.74,695.17,696.21,1119.493
2026-08-30 21:21:00,696.22,696.22,695.41,695.5,115.682
2026-08-30 21:24:00,695.49,696.25,695.38,696.25,53.433
2026-08-30 21:27:00,696.25,696.79,696.19,696.76,35.79
2026-08-30 21:30:00,696.75,697.22,696.69,697.22,146.688
2026-08-30 21:33:00,697.22,697.5,697.15,697.2,79.445
2026-08-30 21:36:00,697.2,697.21,696.83,696.87,99.256
2026-08-30 21:39:00,696.87,697.01,696.63,696.71,75.801
2026-08-30 21:42:00,696.71,696.71,696.3,696.68,74.579
2026-08-30 21:45:00,696.68,696.75,696.19,696.22,80.171
2026-08-30 21:48:00,696.21,696.21,696.05,696.14,34.11
2026-08-30 21:51:00,696.14,696.53,696.09,696.34,24.998
2026-08-30 21:54:00,696.34,696.94,696.33,696.79,31.311
2026-08-30 21:57:00,696.79,696.94,696.75,696.9,54.854
2026-08-30 22:00:00,696.9,697.91,695.59,697.89,272.79
2026-08-30 22:03:00,697.88,697.89,697.37,697.51,127.675
2026-08-30 22:06:00,697.51,697.51,696.83,696.84,151.903
2026-08-30 22:09:00,696.83,696.89,696.0,696.0,97.595
2026-08-30 22:12:00,696.01,696.24,695.46,695.58,107.673
2026-08-30 22:15:00,695.57,695.57,694.69,694.7,149.394
2026-08-30 22:18:00,694.7,695.58,694.51,695.31,126.321
2026-08-30 22:21:00,695.31,695.34,694.19,694.86,117.391
2026-08-30 22:24:00,694.85,694.86,694.09,694.15,71.962
2026-08-30 22:27:00,694.14,694.31,693.66,694.31,153.578
2026-08-30 22:30:00,694.31,694.32,692.53,693.84,323.61
2026-08-30 22:33:00,693.85,693.9,693.35,693.58,108.714
2026-08-30 22:36:00,693.59,694.07,693.37,694.07,112.444
2026-08-30 22:39:00,694.08,694.86,694.04,694.74,71.684
2026-08-30 22:42:00,694.74,694.75,694.16,694.16,42.32
2026-08-30 22:45:00,694.15,694.22,693.5,693.65,96.748
2026-08-30 22:48:00,693.65,693.87,693.23,693.35,104.922
2026-08-30 22:51:00,693.35,693.55,693.02,693.48,63.152
2026-08-30 22:54:00,693.48,693.68,693.29,693.68,41.193
2026-08-30 22:57:00,693.67,694.15,693.67,693.78,52.559
2026-08-30 23:00:00,693.78,693.78,692.75,693.36,98.993
2026-08-30 23:03:00,693.35,693.35,692.89,693.23,71.836
2026-08-30 23:06:00,693.24,693.53,693.01,693.14,75.061
2026-08-30 23:09:00,693.13,693.72,693.09,693.72,79.389
2026-08-30 23:12:00,693.72,693.78,693.0,693.08,49.511
2026-08-30 23:15:00,693.08,693.29,691.22,691.89,1499.265
2026-08-30 23:18:00,691.89,693.04,691.47,692.75,118.989
2026-08-30 23:21:00,692.75,692.75,688.38,689.8,1362.025
2026-08-30 23:24:00,689.8,690.1,688.9,689.72,341.901
2026-08-30 23:27:00,689.72,689.72,686.2,686.67,1365.876
2026-08-30 23:30:00,686.66,688.5,686.0,687.34,761.573
2026-08-30 23:33:00,687.35,687.75,686.0,686.32,643.382
2026-08-30 23:36:00,686.33,686.76,685.02,685.31,652.762
2026-08-30 23:39:00,685.31,685.35,683.46,684.38,953.489
2026-08-30 23:42:00,684.38,684.58,683.47,683.57,608.869
2026-08-30 23:45:00,683.58,683.78,679.09,680.58,3203.756
2026-08-30 23:48:00,680.58,682.67,679.91,682.67,921.798
2026-08-30 23:51:00,682.67,684.51,682.01,683.88,956.02
2026-08-30 23:54:00,683.88,685.28,683.55,685.09,432.695
2026-08-30 23:57:00,685.09,685.52,684.74,684.74,261.517
2026-08-31 00:00:00,684.73,685.03,683.69,684.78,648.533
2026-08-31 00:03:00,684.79,685.69,684.79,685.11,376.626
2026-08-31 00:06:00,685.11,685.23,683.14,683.45,565.742
2026-08-31 00:09:00,683.44,684.19,682.4,684.19,508.159
2026-08-31 00:12:00,684.19,685.06,683.74,684.93,167.605
2026-08-31 00:15:00,684.93,686.46,684.05,686.01,372.122
2026-08-31 00:18:00,686.02,686.51,685.96,686.47,240.327
2026-08-31 00:21:00,686.46,687.14,686.35,687.13,532.284
2026-08-31 00:24:00,687.14,687.52,686.87,686.92,219.27
2026-08-31 00:27:00,686.92,687.36,686.69,686.85,100.938
2026-08-31 00:30:00,686.85,687.05,686.57,687.0,91.557
2026-08-31 00:33:00,686.99,688.12,686.83,687.81,405.452
2026-08-31 00:36:00,687.82,688.5,687.37,687.37,286.529
2026-08-31 00:39:00,687.38,687.81,686.95,687.8,315.615
2026-08-31 00:42:00,687.81,687.81,687.02,687.17,182.35
2026-08-31 00:45:00,687.16,687.16,686.7,686.78,82.669
2026-08-31 00:48:00,686.77,686.94,686.51,686.94,392.616
2026-08-31 00:51:00,686.94,687.11,686.32,687.11,301.683
2026-08-31 00:54:00,687.11,687.37,686.78,686.79,67.961
2026-08-31 00:57:00,686.79,686.83,686.2,686.28,128.547
2026-08-31 01:00:00,686.28,686.68,685.85,686.51,254.251
2026-08-31 01:03:00,686.52,686.52,684.75,684.93,406.137
2026-08-31 01:06:00,684.92,684.92,683.97,684.01,280.312
2026-08-31 01:09:00,684.01,684.75,683.96,684.35,245.599
2026-08-31 01:12:00,684.35,684.66,683.76,684.57,176.465
2026-08-31 01:15:00,684.57,684.6,683.92,683.96,343.041
2026-08-31 01:18:00,683.95,685.94,683.95,685.5,194.238
2026-08-31 01:21:00,685.5,685.89,684.76,685.41,92.386
2026-08-31 01:24:00,685.4,685.77,685.14,685.53,111.473
2026-08-31 01:27:00,685.52,685.89,685.25,685.46,135.195
2026-08-31 01:30:00,685.46,685.69,684.57,685.07,204.725
2026-08-31 01:33:00,685.07,685.24,684.24,684.3,141.563
2026-08-31 01:36:00,684.3,685.12,684.3,684.37,290.944
2026-08-31 01:39:00,684.37,686.46,684.31,685.36,255.073
2026-08-31 01:42:00,685.35,685.36,684.31,684.43,153.454
2026-08-31 01:45:00,684.42,685.11,684.11,684.32,291.234
2026-08-31 01:48:00,684.32,684.61,684.06,684.1,157.966
2026-08-31 01:51:00,684.11,684.49,683.6,683.62,320.197
2026-08-31 01:54:00,683.62,683.71,683.22,683.24,185.72
2026-08-31 01:57:00,683.23,683.23,682.6,683.0,252.748
2026-08-31 02:00:00,683.01,683.11,682.5,682.81,297.676
2026-08-31 02:03:00,682.82,683.44,682.33,683.44,285.938
2026-08-31 02:06:00,683.44,683.96,683.32,683.73,207.682
2026-08-31 02:09:00,683.74,684.82,683.7,684.73,239.834
2026-08-31 02:12:00,684.73,685.8,684.72,685.5,183.052
2026-08-31 02:15:00,685.5,685.5,684.68,685.15,376.256
2026-08-31 02:18:00,685.15,685.31,684.78,684.98,127.533
2026-08-31 02:21:00,684.98,685.04,684.56,684.8,95.708
2026-08-31 02:24:00,684.79,684.97,684.56,684.66,109.81
2026-08-31 02:27:00,684.66,685.19,684.61,685.15,151.797
2026-08-31 02:30:00,685.15,685.38,684.69,684.88,268.316
2026-08-31 02:33:00,684.88,684.99,683.93,683.94,244.196
2026-08-31 02:36:00,683.93,684.63,683.81,684.53,106.789
2026-08-31 02:39:00,684.53,684.54,684.16,684.17,119.848
2026-08-31 02:42:00,684.17,684.31,683.92,683.96,87.164
2026-08-31 02:45:00,683.97,684.29,683.8,683.82,194.354
2026-08-31 02:48:00,683.83,683.85,683.0,683.01,121.757
2026-08-31 02:51:00,683.01,683.1,682.5,682.87,208.521
2026-08-31 02:54:00,682.87,682.87,682.29,682.29,134.448
2026-08-31 02:57:00,682.3,683.34,682.3,683.29,152.238
2026-08-31 03:00:00,683.3,684.07,682.86,684.07,207.386
2026-08-31 03:03:00,684.08,684.8,684.08,684.25,192.221
2026-08-31 03:06:00,684.25,684.39,683.7,684.11,246.348
2026-08-31 03:09:00,684.11,684.72,684.1,684.59,124.226
2026-08-31 03:12:00,684.59,684.9,683.36,684.37,1216.32
2026-08-31 03:15:00,684.36,684.69,683.99,684.0,104.328
2026-08-31 03:18:00,684.0,684.09,683.65,683.79,172.535
2026-08-31 03:21:00,683.8,684.78,683.79,684.78,323.642
2026-08-31 03:24:00,684.77,685.15,684.71,684.75,135.07
2026-08-31 03:27:00,684.75,685.08,684.75,684.97,57.067
2026-08-31 03:30:00,684.96,684.96,684.64,684.71,110.397
2026-08-31 03:33:00,684.71,685.18,684.55,685.13,880.819
2026-08-31 03:36:00,685.12,685.71,685.12,685.55,253.378
2026-08-31 03:39:00,685.55,685.68,685.44,685.55,74.534
2026-08-31 03:42:00,685.55,686.63,685.54,686.63,331.686
2026-08-31 03:45:00,686.63,686.88,686.13,686.28,210.265
2026-08-31 03:48:00,686.29,686.44,686.17,686.23,73.863
2026-08-31 03:51:00,686.23,686.23,685.86,685.94,130.582
2026-08-31 03:54:00,685.94,685.99,685.68,685.92,257.984
2026-08-31 03:57:00,685.92,685.92,685.31,685.39,290.671
2026-08-31 04:00:00,685.4,685.49,684.4,684.41,256.974
2026-08-31 04:03:00,684.4,684.41,684.1,684.27,119.185
2026-08-31 04:06:00,684.27,685.1,684.27,684.35,124.794
2026-08-31 04:09:00,684.34,684.37,684.01,684.27,205.106
2026-08-31 04:12:00,684.26,684.27,683.92,684.01,96.395
2026-08-31 04:15:00,684.01,684.01,683.69,683.7,259.95
2026-08-31 04:18:00,683.69,683.71,683.27,683.71,184.584
2026-08-31 04:21:00,683.7,683.7,682.88,682.88,176.229
2026-08-31 04:24:00,682.88,683.69,682.8,683.38,851.285
2026-08-31 04:27:00,683.37,683.65,682.82,683.14,555.888
2026-08-31 04:30:00,683.13,683.61,683.13,683.53,186.735
2026-08-31 04:33:00,683.53,683.54,683.15,683.35,117.006
2026-08-31 04:36:00,683.35,683.81,683.0,683.01,189.449
2026-08-31 04:39:00,683.0,683.61,683.0,683.28,115.638
2026-08-31 04:42:00,683.28,683.82,683.2,683.4,442.371
2026-08-31 04:45:00,683.41,683.66,683.28,683.42,75.843
2026-08-31 04:48:00,683.42,683.42,682.84,683.31,131.53
2026-08-31 04:51:00,683.31,683.65,683.1,683.65,192.051
2026-08-31 04:54:00,683.64,684.02,683.28,683.43,337.857
2026-08-31 04:57:00,683.44,683.69,683.33,683.42,131.897
2026-08-31 05:00:00,683.43,683.43,683.05,683.33,194.863
2026-08-31 05:03:00,683.33,684.21,683.32,683.95,276.594
2026-08-31 05:06:00,683.95,684.18,683.9,684.18,76.706
2026-08-31 05:09:00,684.18,684.39,684.0,684.25,124.387
2026-08-31 05:12:00,684.25,684.81,684.25,684.54,79.65
2026-08-31 05:15:00,684.53,685.08,684.39,684.89,143.859
2026-08-31 05:18:00,684.9,686.68,684.9,686.65,556.978
2026-08-31 05:21:00,686.65,686.65,685.65,686.08,422.719
2026-08-31 05:24:00,686.09,687.27,686.09,686.95,393.323
2026-08-31 05:27:00,686.96,686.99,686.0,686.55,330.328
2026-08-31 05:30:00,686.56,687.08,686.47,686.78,171.675
2026-08-31 05:33:00,686.78,687.04,686.76,686.96,207.082
2026-08-31 05:36:00,686.95,686.95,685.92,685.95,110.087
2026-08-31 05:39:00,685.96,686.2,685.83,686.13,297.216
2026-08-31 05:42:00,686.13,686.77,686.13,686.65,111.602
2026-08-31 05:45:00,686.66,686.92,686.6,686.76,84.38
2026-08-31 05:48:00,686.77,687.0,686.61,686.68,550.32
2026-08-31 05:51:00,686.69,687.12,686.69,687.05,132.818
2026-08-31 05:54:00,687.05,687.05,686.33,686.45,170.106
2026-08-31 05:57:00,686.45,687.18,686.42,686.64,111.038
2026-08-31 06:00:00,686.65,686.98,686.17,686.98,120.081
2026-08-31 06:03:00,686.98,687.1,686.73,686.74,83.068
2026-08-31 06:06:00,686.74,686.76,686.0,686.38,264.746
2026-08-31 06:09:00,686.38,686.62,686.38,686.55,53.367
2026-08-31 06:12:00,686.54,686.98,686.54,686.77,101.118
2026-08-31 06:15:00,686.77,687.92,686.76,687.24,339.668
2026-08-31 06:18:00,687.25,687.79,686.79,686.8,169.758
2026-08-31 06:21:00,686.79,687.02,686.38,686.49,132.659
2026-08-31 06:24:00,686.49,687.09,686.43,687.09,89.097
2026-08-31 06:27:00,687.1,687.26,686.79,686.81,63.35
2026-08-31 06:30:00,686.8,686.81,686.0,686.44,188.056
2026-08-31 06:33:00,686.44,686.53,685.95,685.95,147.621
2026-08-31 06:36:00,685.95,686.88,685.89,686.46,171.662
2026-08-31 06:39:00,686.45,686.98,686.28,686.82,171.156
2026-08-31 06:42:00,686.82,686.84,686.39,686.39,118.244
2026-08-31 06:45:00,686.38,686.97,686.33,686.94,109.924
2026-08-31 06:48:00,686.94,687.09,686.27,686.46,142.212
2026-08-31 06:51:00,686.45,686.9,686.45,686.9,76.61
2026-08-31 06:54:00,686.9,686.95,686.56,686.59,96.264
2026-08-31 06:57:00,686.59,686.83,686.39,686.64,259.999
2026-08-31 07:00:00,686.65,687.41,686.29,687.23,791.34
2026-08-31 07:03:00,687.22,687.23,686.65,686.74,231.871
2026-08-31 07:06:00,686.75,686.97,686.62,686.84,133.637
2026-08-31 07:09:00,686.84,687.15,686.69,687.14,87.149
2026-08-31 07:12:00,687.14,687.26,686.82,687.02,179.497
2026-08-31 07:15:00,687.02,687.84,687.02,687.73,219.391
2026-08-31 07:18:00,687.73,687.9,687.43,687.69,193.404
2026-08-31 07:21:00,687.69,687.93,687.43,687.49,107.397
2026-08-31 07:24:00,687.49,688.17,687.49,687.66,211.265
2026-08-31 07:27:00,687.65,687.92,687.42,687.46,147.911
2026-08-31 07:30:00,687.45,687.46,687.1,687.15,135.792
2026-08-31 07:33:00,687.14,687.44,686.84,687.43,250.029
2026-08-31 07:36:00,687.44,687.63,687.3,687.36,212.581
2026-08-31 07:39:00,687.36,687.78,687.26,687.31,157.508
2026-08-31 07:42:00,687.31,687.69,687.17,687.58,141.12
2026-08-31 07:45:00,687.59,688.18,687.39,687.4,629.445
2026-08-31 07:48:00,687.4,687.7,687.35,687.61,150.056
2026-08-31 07:51:00,687.6,687.74,687.51,687.51,394.893
2026-08-31 07:54:00,687.51,687.53,687.51,687.51,370.482
2026-08-31 07:57:00,687.51,687.52,685.99,686.81,1083.622
2026-08-31 08:00:00,686.82,686.85,686.0,686.0,325.086
2026-08-31 08:03:00,686.01,686.01,685.55,685.56,122.275
2026-08-31 08:06:00,685.55,685.91,685.01,685.69,628.754
2026-08-31 08:09:00,685.68,686.85,685.68,686.85,339.138
2026-08-31 08:12:00,686.84,687.3,686.2,686.22,404.468
2026-08-31 08:15:00,686.21,686.41,685.59,685.68,714.931
2026-08-31 08:18:00,685.67,685.79,684.93,685.05,232.361
2026-08-31 08:21:00,685.04,685.4,685.0,685.06,184.733
2026-08-31 08:24:00,685.07,685.3,685.0,685.18,205.304
2026-08-31 08:27:00,685.19,685.88,685.14,685.66,175.238
2026-08-31 08:30:00,685.66,686.31,685.62,686.28,146.606
2026-08-31 08:33:00,686.27,686.35,685.76,686.35,187.113
2026-08-31 08:36:00,686.34,686.35,686.16,686.16,99.535
2026-08-31 08:39:00,686.16,686.83,686.11,686.83,219.552
2026-08-31 08:42:00,686.82,688.25,686.82,687.28,288.785
2026-08-31 08:45:00,687.28,687.53,686.54,686.74,279.015
2026-08-31 08:48:00,686.74,687.35,686.74,687.1,111.506
2026-08-31 08:51:00,687.1,687.69,687.03,687.61,155.451
2026-08-31 08:54:00,687.6,687.63,687.4,687.5,95.098
2026-08-31 08:57:00,687.5,687.88,687.26,687.69,161.757
2026-08-31 09:00:00,687.69,688.0,687.67,687.95,214.894
2026-08-31 09:03:00,687.95,688.36,687.64,688.16,480.937
2026-08-31 09:06:00,688.16,689.61,687.74,689.61,575.131
2026-08-31 09:09:00,689.62,689.74,688.27,688.33,453.451
2026-08-31 09:12:00,688.32,688.39,687.84,688.14,206.122
2026-08-31 09:15:00,688.13,688.66,687.8,688.58,350.569
2026-08-31 09:18:00,688.58,688.65,688.18,688.22,261.745
2026-08-31 09:21:00,688.21,688.84,688.1,688.48,161.257
2026-08-31 09:24:00,688.48,689.07,688.1,688.24,189.34
2026-08-31 09:27:00,688.24,688.54,688.0,688.18,179.924
2026-08-31 09:30:00,688.19,688.19,687.68,687.77,236.864
2026-08-31 09:33:00,687.76,688.0,687.76,687.86,154.022
2026-08-31 09:36:00,687.87,687.87,687.35,687.59,335.947
2026-08-31 09:39:00,687.59,687.9,687.46,687.46,353.813
2026-08-31 09:42:00,687.46,687.94,687.46,687.92,314.211
2026-08-31 09:45:00,687.91,688.47,687.84,687.98,837.563
2026-08-31 09:48:00,687.97,688.07,687.35,687.35,202.075
2026-08-31 09:51:00,687.35,687.35,686.72,686.73,330.047
2026-08-31 09:54:00,686.73,686.73,686.46,686.47,148.602
2026-08-31 09:57:00,686.47,686.47,686.29,686.43,142.216
2026-08-31 10:00:00,686.43,686.56,685.86,685.97,214.042
2026-08-31 10:03:00,685.98,686.11,685.69,685.78,240.075
2026-08-31 10:06:00,685.77,685.8,685.49,685.55,129.602
2026-08-31 10:09:00,685.54,686.31,685.49,686.27,432.758
2026-08-31 10:12:00,686.27,686.67,686.19,686.65,113.575
2026-08-31 10:15:00,686.65,686.68,685.81,686.03,158.593
2026-08-31 10:18:00,686.03,686.25,685.96,686.25,92.447
2026-08-31 10:21:00,686.25,686.27,685.98,686.07,128.342
2026-08-31 10:24:00,686.06,686.16,685.87,686.16,203.919
2026-08-31 10:27:00,686.15,686.33,685.97,685.98,223.033
2026-08-31 10:30:00,685.98,686.12,685.86,685.87,86.091
2026-08-31 10:33:00,685.87,686.45,685.86,686.32,125.884
2026-08-31 10:36:00,686.31,686.95,686.31,686.9,133.61
2026-08-31 10:39:00,686.9,687.15,686.87,687.14,227.28
2026-08-31 10:42:00,687.14,687.51,687.06,687.46,119.825
2026-08-31 10:45:00,687.45,687.83,687.44,687.68,114.2
2026-08-31 10:48:00,687.68,688.14,687.68,687.89,216.764
2026-08-31 10:51:00,687.9,689.53,687.89,689.38,749.229
2026-08-31 10:54:00,689.37,689.71,689.03,689.04,242.691
2026-08-31 10:57:00,689.03,689.22,689.0,689.19,361.94
2026-08-31 11:00:00,689.2,689.2,688.27,688.71,529.326
2026-08-31 11:03:00,688.71,688.75,688.12,688.13,130.104
2026-08-31 11:06:00,688.12,688.9,688.02,688.25,195.903
2026-08-31 11:09:00,688.25,688.63,688.25,688.43,117.937
2026-08-31 11:12:00,688.42,689.03,688.33,688.47,293.581
2026-08-31 11:15:00,688.47,688.79,688.06,688.47,166.407
2026-08-31 11:18:00,688.47,688.81,688.44,688.45,217.057
2026-08-31 11:21:00,688.44,688.53,688.06,688.11,140.568
2026-08-31 11:24:00,688.1,688.15,687.81,687.82,167.465
2026-08-31 11:27:00,687.81,687.93,687.55,687.72,223.579
2026-08-31 11:30:00,687.71,687.72,687.45,687.45,79.842
2026-08-31 11:33:00,687.46,687.46,687.08,687.12,68.767
2026-08-31 11:36:00,687.11,687.38,686.85,687.26,92.412
2026-08-31 11:39:00,687.25,687.38,687.1,687.15,79.088
2026-08-31 11:42:00,687.16,687.23,687.1,687.23,138.15
2026-08-31 11:45:00,687.22,687.47,687.06,687.06,83.835
2026-08-31 11:48:00,687.07,687.18,687.06,687.18,89.914
2026-08-31 11:51:00,687.17,687.49,687.0,687.26,218.236
2026-08-31 11:54:00,687.26,687.38,687.09,687.2,117.474
2026-08-31 11:57:00,687.21,687.27,687.12,687.21,54.087
2026-08-31 12:00:00,687.22,688.09,687.0,688.09,238.778
2026-08-31 12:03:00,688.08,688.97,688.08,688.86,141.903
2026-08-31 12:06:00,688.85,689.26,688.78,688.99,203.646
2026-08-31 12:09:00,688.98,688.98,688.35,688.75,378.22
2026-08-31 12:12:00,688.74,688.74,688.22,688.45,91.313
2026-08-31 12:15:00,688.44,688.45,687.7,688.02,164.854
2026-08-31 12:18:00,688.01,689.27,688.01,688.81,310.445
2026-08-31 12:21:00,688.81,688.92,687.91,688.14,363.455
2026-08-31 12:24:00,688.15,688.31,686.69,687.08,196.316
2026-08-31 12:27:00,687.08,687.7,687.03,687.42,104.453
2026-08-31 12:30:00,687.42,687.42,686.38,687.18,265.3
2026-08-31 12:33:00,687.17,687.46,687.03,687.34,145.725
2026-08-31 12:36:00,687.34,687.34,686.01,686.03,177.667
2026-08-31 12:39:00,686.03,686.09,684.44,685.47,419.544
2026-08-31 12:42:00,685.46,686.24,685.43,686.03,199.196
2026-08-31 12:45:00,686.04,686.41,685.67,686.41,213.54
2026-08-31 12:48:00,686.4,686.4,685.58,685.9,189.347
2026-08-31 12:51:00,685.9,686.31,685.78,685.81,134.428
2026-08-31 12:54:00,685.81,685.96,685.34,685.96,126.503
2026-08-31 12:57:00,685.95,686.39,685.93,686.3,131.6
2026-08-31 13:00:00,686.31,687.52,686.3,687.33,180.942
2026-08-31 13:03:00,687.33,687.33,686.14,686.32,127.288
2026-08-31 13:06:00,686.31,686.61,686.1,686.51,106.996
2026-08-31 13:09:00,686.51,686.51,686.21,686.45,122.31
2026-08-31 13:12:00,686.45,687.05,686.45,686.93,108.748
2026-08-31 13:15:00,686.93,687.09,686.56,686.69,115.102
2026-08-31 13:18:00,686.7,686.7,686.0,686.38,57.235
2026-08-31 13:21:00,686.38,686.88,686.35,686.68,177.542
2026-08-31 13:24:00,686.68,686.85,686.22,686.22,93.32
2026-08-31 13:27:00,686.2,686.8,686.0,686.7,135.921
2026-08-31 13:30:00,686.7,687.69,686.01,686.02,194.909
2026-08-31 13:33:00,686.01,686.45,685.31,685.43,334.878
2026-08-31 13:36:00,685.42,686.44,685.35,686.16,96.917
2026-08-31 13:39:00,686.15,687.18,686.15,687.03,130.606
2026-08-31 13:42:00,687.03,687.74,686.39,686.49,382.459
2026-08-31 13:45:00,686.49,686.62,685.71,686.62,537.525
2026-08-31 13:48:00,686.57,687.22,685.9,686.1,144.967
2026-08-31 13:51:00,686.1,686.42,685.39,685.52,507.227
2026-08-31 13:54:00,685.53,686.47,685.46,686.36,169.379
2026-08-31 13:57:00,686.36,686.44,685.23,685.54,216.005
2026-08-31 14:00:00,685.55,686.0,685.3,686.0,153.876
2026-08-31 14:03:00,686.0,686.68,685.84,686.37,103.452
2026-08-31 14:06:00,686.37,686.55,685.24,686.54,115.467
2026-08-31 14:09:00,686.55,686.64,685.6,685.6,131.462
2026-08-31 14:12:00,685.59,685.9,685.31,685.57,70.585
2026-08-31 14:15:00,685.57,685.98,685.01,685.98,327.855
2026-08-31 14:18:00,685.98,686.55,685.97,686.12,103.183
2026-08-31 14:21:00,686.12,686.94,685.7,685.82,192.783
2026-08-31 14:24:00,685.83,685.83,685.0,685.26,150.978
2026-08-31 14:27:00,685.27,686.58,685.27,686.58,233.854
2026-08-31 14:30:00,686.59,687.4,686.38,686.9,71.733
2026-08-31 14:33:00,686.89,687.35,686.46,687.35,156.593
2026-08-31 14:36:00,687.35,688.6,687.35,688.38,312.426
2026-08-31 14:39:00,688.35,690.29,688.29,689.86,585.714
2026-08-31 14:42:00,689.86,691.51,689.86,690.55,659.472
2026-08-31 14:45:00,690.56,691.08,690.14,691.08,194.2
2026-08-31 14:48:00,691.1,691.47,689.88,690.15,306.218
2026-08-31 14:51:00,690.14,690.49,689.99,690.15,506.024
2026-08-31 14:54:00,690.14,691.0,689.86,691.0,299.15
2026-08-31 14:57:00,691.0,691.31,690.72,690.84,197.65
2026-08-31 15:00:00,690.85,691.32,690.34,690.41,279.579
2026-08-31 15:03:00,690.42,690.8,689.97,689.98,281.984
2026-08-31 15:06:00,689.98,690.54,689.6,689.93,248.123
2026-08-31 15:09:00,689.94,690.2,689.12,689.13,236.517
2026-08-31 15:12:00,689.12,689.13,688.53,688.7,171.032
2026-08-31 15:15:00,688.7,689.45,688.21,688.9,272.39
2026-08-31 15:18:00,688.89,688.89,688.0,688.49,117.998
2026-08-31 15:21:00,688.48,689.0,688.33,688.72,113.815
2026-08-31 15:24:00,688.73,689.0,688.59,688.8,120.79
2026-08-31 15:27:00,688.8,689.81,688.79,689.31,138.45
2026-08-31 15:30:00,689.31,690.16,688.98,689.97,163.816
2026-08-31 15:33:00,689.97,690.1,689.49,689.7,94.11
2026-08-31 15:36:00,689.7,689.81,689.07,689.08,165.581
2026-08-31 15:39:00,689.08,689.6,688.92,689.6,121.062
2026-08-31 15:42:00,689.6,691.5,689.59,690.89,585.916
2026-08-31 15:45:00,690.88,691.12,690.27,690.38,188.118
2026-08-31 15:48:00,690.39,690.68,690.21,690.44,111.124
2026-08-31 15:51:00,690.43,690.66,690.12,690.24,177.119
2026-08-31 15:54:00,690.24,690.25,689.51,689.85,163.501
2026-08-31 15:57:00,689.84,689.92,689.43,689.67,46.98
2026-08-31 16:00:00,689.67,690.29,689.21,690.02,259.229
2026-08-31 16:03:00,690.03,690.14,689.24,689.48,77.714
2026-08-31 16:06:00,689.48,689.99,689.09,689.09,57.951
2026-08-31 16:09:00,689.09,690.4,689.05,690.29,161.088
2026-08-31 16:12:00,690.28,690.44,689.3,689.7,186.468
2026-08-31 16:15:00,689.7,689.71,688.84,688.85,154.874
2026-08-31 16:18:00,688.85,689.72,688.6,689.02,431.843
2026-08-31 16:21:00,689.02,689.05,688.21,688.41,191.543
2026-08-31 16:24:00,688.42,688.69,688.05,688.41,221.108
2026-08-31 16:27:00,688.41,688.67,688.29,688.62,101.354
2026-08-31 16:30:00,688.63,689.14,688.58,688.79,111.513
2026-08-31 16:33:00,688.79,689.2,688.68,689.13,72.781
2026-08-31 16:36:00,689.15,689.54,689.09,689.17,71.592
2026-08-31 16:39:00,689.16,689.29,688.85,689.29,123.961
2026-08-31 16:42:00,689.29,690.0,689.13,689.79,72.872
2026-08-31 16:45:00,689.79,690.0,689.12,689.74,84.272
2026-08-31 16:48:00,689.74,689.89,689.31,689.41,83.596
2026-08-31 16:51:00,689.41,689.66,689.24,689.63,101.973
2026-08-31 16:54:00,689.64,690.76,689.64,689.84,159.441
2026-08-31 16:57:00,689.85,690.02,689.19,689.19,206.365
2026-08-31 17:00:00,689.2,689.68,689.09,689.48,136.631
2026-08-31 17:03:00,689.48,689.67,689.26,689.43,222.16
2026-08-31 17:06:00,689.42,689.63,689.25,689.28,81.775
2026-08-31 17:09:00,689.29,689.76,689.1,689.76,83.952
2026-08-31 17:12:00,689.77,690.2,689.75,689.78,134.114
2026-08-31 17:15:00,689.79,689.87,688.85,688.86,65.312
2026-08-31 17:18:00,688.85,689.63,688.75,689.34,144.415
2026-08-31 17:21:00,689.35,689.99,689.34,689.68,84.408
2026-08-31 17:24:00,689.68,689.68,688.83,688.83,46.778
2026-08-31 17:27:00,688.83,689.34,688.8,689.32,230.468
2026-08-31 17:30:00,689.31,689.65,689.1,689.39,276.704
2026-08-31 17:33:00,689.4,689.85,689.32,689.5,121.042
2026-08-31 17:36:00,689.51,690.37,689.41,690.37,128.249
2026-08-31 17:39:00,690.38,691.81,690.24,690.84,288.334
2026-08-31 17:42:00,690.84,691.55,690.84,691.26,111.686
2026-08-31 17:45:00,691.27,692.09,691.27,692.09,293.16
2026-08-31 17:48:00,692.09,692.24,691.44,691.66,317.494
2026-08-31 17:51:00,691.66,692.25,691.46,691.86,442.22
2026-08-31 17:54:00,691.86,693.15,691.85,693.04,341.704
2026-08-31 17:57:00,693.03,693.21,692.74,692.87,252.726
2026-08-31 18:00:00,692.88,692.88,692.14,692.15,175.713
2026-08-31 18:03:00,692.15,692.42,692.05,692.06,61.021
2026-08-31 18:06:00,692.05,692.56,692.0,692.5,59.027
2026-08-31 18:09:00,692.49,692.56,692.31,692.51,96.048
2026-08-31 18:12:00,692.51,693.26,692.46,693.18,70.194
2026-08-31 18:15:00,693.19,693.94,693.19,693.82,263.794
2026-08-31 18:18:00,693.83,694.0,693.33,693.33,216.804
2026-08-31 18:21:00,693.32,693.41,692.37,692.43,167.427
2026-08-31 18:24:00,692.43,692.64,692.01,692.28,143.504
2026-08-31 18:27:00,692.28,692.8,692.17,692.47,132.713
2026-08-31 18:30:00,692.48,692.74,692.21,692.74,60.833
2026-08-31 18:33:00,692.74,692.91,692.47,692.82,49.582
2026-08-31 18:36:00,692.82,693.51,692.73,692.94,122.678
2026-08-31 18:39:00,692.93,693.84,692.8,693.48,210.803
2026-08-31 18:42:00,693.48,694.54,693.48,694.34,266.284
2026-08-31 18:45:00,694.34,694.34,692.89,693.13,344.527
2026-08-31 18:48:00,693.14,693.87,693.14,693.32,118.964
2026-08-31 18:51:00,693.32,693.52,693.01,693.07,74.099
2026-08-31 18:54:00,693.07,693.19,692.88,693.11,112.903
2026-08-31 18:57:00,693.11,693.27,692.85,692.86,135.851
2026-08-31 19:00:00,692.86,693.38,692.85,693.29,115.505
2026-08-31 19:03:00,693.3,693.5,692.98,693.38,312.434
2026-08-31 19:06:00,693.39,694.31,693.13,694.1,286.006
2026-08-31 19:09:00,694.1,694.73,693.78,693.78,259.575
2026-08-31 19:12:00,693.78,694.4,693.78,693.98,93.893
2026-08-31 19:15:00,693.98,693.98,693.27,693.33,160.563
2026-08-31 19:18:00,693.32,693.36,692.94,693.0,86.765
2026-08-31 19:21:00,693.01,693.29,692.83,693.2,105.383
2026-08-31 19:24:00,693.2,693.34,692.01,692.4,617.778
2026-08-31 19:27:00,692.41,692.74,692.24,692.49,40.692
2026-08-31 19:30:00,692.49,692.62,692.14,692.44,261.997
2026-08-31 19:33:00,692.43,692.46,692.2,692.34,100.033
2026-08-31 19:36:00,692.33,692.45,692.14,692.22,144.682
2026-08-31 19:39:00,692.21,692.22,691.67,691.7,95.435
2026-08-31 19:42:00,691.7,692.14,691.58,692.05,133.051
2026-08-31 19:45:00,692.04,692.41,691.88,692.2,163.13
2026-08-31 19:48:00,692.21,692.62,692.13,692.14,117.542
2026-08-31 19:51:00,692.13,692.14,691.71,691.8,47.614
2026-08-31 19:54:00,691.8,691.8,691.44,691.61,110.088
2026-08-31 19:57:00,691.6,692.0,691.6,691.65,95.426
2026-08-31 20:00:00,691.65,692.18,691.62,692.09,168.731
2026-08-31 20:03:00,692.09,692.09,691.38,691.44,71.655
2026-08-31 20:06:00,691.44,691.71,691.41,691.6,124.512
2026-08-31 20:09:00,691.6,691.6,691.27,691.3,36.258
2026-08-31 20:12:00,691.3,691.68,691.29,691.68,26.002
2026-08-31 20:15:00,691.68,692.31,691.67,692.31,60.378
2026-08-31 20:18:00,692.31,693.11,692.3,692.99,70.468
2026-08-31 20:21:00,692.99,692.99,692.15,692.18,19.595
2026-08-31 20:24:00,692.19,692.31,691.78,691.9,41.744
2026-08-31 20:27:00,691.9,691.9,691.51,691.51,40.048
2026-08-31 20:30:00,691.51,691.91,691.2,691.21,59.554
2026-08-31 20:33:00,691.2,691.25,690.42,690.73,227.291
2026-08-31 20:36:00,690.73,690.73,690.09,690.59,341.078
2026-08-31 20:39:00,690.58,690.88,690.37,690.88,88.177
2026-08-31 20:42:00,690.88,691.38,690.87,691.14,73.478
2026-08-31 20:45:00,691.16,691.34,690.88,690.88,16.676
2026-08-31 20:48:00,690.88,691.16,690.68,691.06,106.423
2026-08-31 20:51:00,691.07,691.29,690.93,691.29,38.185
2026-08-31 20:54:00,691.29,691.34,691.01,691.03,154.267
2026-08-31 20:57:00,691.02,691.33,690.94,691.33,69.264
2026-08-31 21:00:00,691.33,691.4,691.03,691.03,32.103
2026-08-31 21:03:00,691.02,691.19,690.37,690.51,143.875
2026-08-31 21:06:00,690.51,691.24,690.39,691.24,71.974
2026-08-31 21:09:00,691.24,691.24,690.66,690.83,129.251
2026-08-31 21:12:00,690.84,691.05,690.82,690.82,326.125
2026-08-31 21:15:00,690.82,690.87,690.51,690.52,58.539
2026-08-31 21:18:00,690.53,690.95,690.53,690.95,160.934
2026-08-31 21:21:00,690.95,690.95,690.68,690.89,73.143
2026-08-31 21:24:00,690.88,691.34,690.78,691.34,41.785
2026-08-31 21:27:00,691.33,691.56,691.32,691.52,37.459
2026-08-31 21:30:00,691.51,692.15,691.49,691.76,138.585
2026-08-31 21:33:00,691.77,692.16,691.76,692.0,23.244
2026-08-31 21:36:00,692.0,692.16,691.87,691.93,33.05
2026-08-31 21:39:00,691.93,692.36,691.63,692.31,121.013
2026-08-31 21:42:00,692.31,692.61,692.07,692.55,106.726
2026-08-31 21:45:00,692.54,692.7,692.54,692.7,55.524
2026-08-31 21:48:00,692.69,692.85,692.69,692.85,20.586
2026-08-31 21:51:00,692.85,692.94,692.84,692.93,19.635
2026-08-31 21:54:00,692.94,692.94,692.7,692.73,42.199
2026-08-31 21:57:00,692.72,692.73,692.64,692.65,25.405
2026-08-31 22:00:00,692.65,693.06,692.4,692.73,101.896
2026-08-31 22:03:00,692.72,692.73,692.13,692.37,41.807
2026-08-31 22:06:00,692.37,692.6,692.37,692.48,44.344
2026-08-31 22:09:00,692.48,692.59,692.23,692.38,112.706
2026-08-31 22:12:00,692.38,692.38,691.71,691.77,41.743
2026-08-31 22:15:00,691.77,691.8,691.46,691.51,64.316
2026-08-31 22:18:00,691.51,691.52,691.15,691.2,29.897
2026-08-31 22:21:00,691.2,691.26,691.11,691.22,16.301
2026-08-31 22:24:00,691.21,691.27,691.18,691.25,23.027
2026-08-31 22:27:00,691.25,691.25,691.17,691.19,17.708
2026-08-31 22:30:00,691.18,691.34,691.17,691.18,49.855
2026-08-31 22:33:00,691.18,691.37,691.02,691.09,81.345
2026-08-31 22:36:00,691.08,691.16,690.91,691.08,56.716
2026-08-31 22:39:00,691.08,691.09,690.81,690.81,32.12
2026-08-31 22:42:00,690.81,690.95,690.77,690.94,25.197
2026-08-31 22:45:00,690.95,690.95,690.78,690.79,40.936
2026-08-31 22:48:00,690.78,690.79,690.75,690.75,30.296
2026-08-31 22:51:00,690.75,691.06,690.66,691.0,80.561
2026-08-31 22:54:00,691.0,691.07,690.94,691.07,15.191
2026-08-31 22:57:00,691.07,691.1,691.02,691.05,27.973
2026-08-31 23:00:00,691.05,691.05,690.03,690.03,105.335
2026-08-31 23:03:00,690.03,690.54,690.01,690.32,38.884
2026-08-31 23:06:00,690.32,690.62,690.26,690.62,56.622
2026-08-31 23:09:00,690.62,690.9,690.62,690.79,46.04
2026-08-31 23:12:00,690.79,690.84,690.66,690.66,34.552
2026-08-31 23:15:00,690.65,690.72,690.59,690.62,291.583
2026-08-31 23:18:00,690.63,690.95,690.62,690.88,43.171
2026-08-31 23:21:00,690.88,691.0,690.62,690.76,43.542
2026-08-31 23:24:00,690.75,690.97,690.75,690.93,51.192
2026-08-31 23:27:00,690.93,690.95,690.84,690.94,46.346
2026-08-31 23:30:00,690.95,690.96,690.85,690.93,51.849
2026-08-31 23:33:00,690.93,691.29,690.72,691.27,66.801
2026-08-31 23:36:00,691.27,691.37,690.86,691.09,153.638
2026-08-31 23:39:00,691.09,691.28,691.09,691.28,41.266
2026-08-31 23:42:00,691.28,691.34,690.92,690.96,95.84
2026-08-31 23:45:00,690.95,690.96,690.82,690.82,27.32
2026-08-31 23:48:00,690.82,691.17,690.82,691.17,102.475
2026-08-31 23:51:00,691.16,691.29,691.16,691.27,64.009
2026-08-31 23:54:00,691.26,691.26,691.09,691.21,68.981
2026-08-31 23:57:00,691.21,691.44,691.21,691.44,44.494
2026-09-01 00:00:00,691.44,691.48,691.22,691.48,107.24
2026-09-01 00:03:00,691.47,691.94,691.47,691.94,40.22
2026-09-01 00:06:00,691.94,691.99,691.65,691.99,105.652
2026-09-01 00:09:00,692.0,692.69,691.99,692.69,236.834
2026-09-01 00:12:00,692.69,692.87,692.66,692.87,37.162
2026-09-01 00:15:00,692.87,693.27,692.78,693.19,84.001
2026-09-01 00:18:00,693.2,693.46,693.05,693.46,125.875
2026-09-01 00:21:00,693.46,693.86,693.46,693.67,269.22
2026-09-01 00:24:00,693.66,693.66,693.02,693.03,84.572
2026-09-01 00:27:00,693.03,693.23,692.79,692.87,55.982
2026-09-01 00:30:00,692.86,693.09,692.28,692.28,168.386
2026-09-01 00:33:00,692.28,692.79,692.23,692.68,77.55
2026-09-01 00:36:00,692.67,693.4,692.62,693.18,280.039
2026-09-01 00:39:00,693.18,693.6,692.92,692.99,376.735
2026-09-01 00:42:00,692.98,693.27,692.8,693.17,228.459
2026-09-01 00:45:00,693.18,693.69,693.18,693.39,318.291
2026-09-01 00:48:00,693.39,694.08,693.39,693.84,227.862
2026-09-01 00:51:00,693.85,694.2,693.37,693.38,330.401
2026-09-01 00:54:00,693.38,693.41,693.24,693.32,85.406
2026-09-01 00:57:00,693.33,693.33,692.81,693.28,141.253
2026-09-01 01:00:00,693.29,694.0,693.27,693.36,93.761
2026-09-01 01:03:00,693.36,694.06,693.27,693.77,180.023
2026-09-01 01:06:00,693.77,694.1,693.29,693.69,179.403
2026-09-01 01:09:00,693.69,693.69,693.14,693.14,41.783
2026-09-01 01:12:00,693.14,693.14,692.31,692.39,101.093
2026-09-01 01:15:00,692.39,692.61,692.15,692.49,160.158
2026-09-01 01:18:00,692.49,692.83,692.46,692.69,60.506
2026-09-01 01:21:00,692.68,692.73,692.37,692.71,61.584
2026-09-01 01:24:00,692.71,692.71,691.29,691.81,226.72
2026-09-01 01:27:00,691.81,691.97,691.51,691.52,115.11
2026-09-01 01:30:00,691.52,691.52,690.87,691.11,206.067
2026-09-01 01:33:00,691.11,691.69,690.67,691.67,318.655
2026-09-01 01:36:00,691.67,692.0,691.53,691.72,61.063
2026-09-01 01:39:00,691.72,692.49,691.72,692.46,108.488
2026-09-01 01:42:00,692.46,692.84,692.39,692.75,46.901
2026-09-01 01:45:00,692.75,692.75,692.03,692.57,50.355
2026-09-01 01:48:00,692.56,692.57,692.01,692.02,61.395
2026-09-01 01:51:00,692.02,692.11,691.63,691.63,88.541
2026-09-01 01:54:00,691.63,691.7,691.35,691.56,46.763
2026-09-01 01:57:00,691.54,691.61,691.31,691.6,34.692
2026-09-01 02:00:00,691.61,691.61,691.0,691.13,54.016
2026-09-01 02:03:00,691.13,691.13,690.61,690.91,104.321
2026-09-01 02:06:00,690.9,690.93,690.44,690.55,106.894
2026-09-01 02:09:00,690.56,691.07,690.55,690.74,96.838
2026-09-01 02:12:00,690.74,690.9,690.16,690.9,204.501
2026-09-01 02:15:00,690.9,690.9,690.62,690.64,37.234
2026-09-01 02:18:00,690.64,690.87,690.43,690.72,69.777
2026-09-01 02:21:00,690.73,690.96,690.63,690.89,117.851
2026-09-01 02:24:00,690.88,690.92,690.71,690.91,135.241
2026-09-01 02:27:00,690.9,691.13,690.33,690.39,284.901
2026-09-01 02:30:00,690.39,691.09,690.39,691.05,113.982
2026-09-01 02:33:00,691.05,691.19,690.92,690.99,94.388
2026-09-01 02:36:00,691.0,691.12,690.87,691.06,72.988
2026-09-01 02:39:00,691.06,691.11,690.87,691.09,64.572
2026-09-01 02:42:00,691.1,691.66,691.1,691.21,133.627
2026-09-01 02:45:00,691.22,691.41,691.17,691.18,79.834
2026-09-01 02:48:00,691.18,691.92,691.18,691.65,110.216
2026-09-01 02:51:00,691.66,691.77,691.49,691.71,29.036
2026-09-01 02:54:00,691.71,692.21,691.7,692.07,63.72
2026-09-01 02:57:00,692.07,692.48,692.05,692.4,74.003
2026-09-01 03:00:00,692.4,692.51,692.24,692.51,78.031
2026-09-01 03:03:00,692.52,692.98,692.4,692.92,341.405
2026-09-01 03:06:00,692.92,693.0,692.53,692.53,81.882
2026-09-01 03:09:00,692.53,692.7,692.53,692.69,43.249
2026-09-01 03:12:00,692.7,693.0,692.52,692.54,226.326
2026-09-01 03:15:00,692.54,692.92,692.52,692.52,146.199
2026-09-01 03:18:00,692.53,692.91,692.53,692.57,151.809
2026-09-01 03:21:00,692.56,692.58,692.46,692.47,35.686
2026-09-01 03:24:00,692.47,692.47,692.19,692.38,84.374
2026-09-01 03:27:00,692.39,692.58,692.38,692.58,67.014
2026-09-01 03:30:00,692.58,693.4,692.57,693.09,647.808
2026-09-01 03:33:00,693.1,694.34,693.1,694.34,865.22
2026-09-01 03:36:00,694.33,694.83,694.13,694.39,266.939
2026-09-01 03:39:00,694.4,694.56,694.34,694.38,149.79
2026-09-01 03:42:00,694.38,694.39,693.97,693.98,341.158
2026-09-01 03:45:00,693.98,693.98,693.47,693.51,68.295
2026-09-01 03:48:00,693.51,693.6,693.41,693.6,164.685
2026-09-01 03:51:00,693.6,693.96,693.6,693.89,272.029
2026-09-01 03:54:00,693.89,693.89,693.41,693.54,61.937
2026-09-01 03:57:00,693.53,693.75,693.42,693.46,159.604
2026-09-01 04:00:00,693.46,694.1,693.46,694.1,72.25
2026-09-01 04:03:00,694.1,694.1,693.37,693.39,194.464
2026-09-01 04:06:00,693.39,693.42,692.99,693.37,302.449
2026-09-01 04:09:00,693.38,693.62,693.08,693.08,72.836
2026-09-01 04:12:00,693.08,693.22,693.0,693.13,134.273
2026-09-01 04:15:00,693.13,693.58,693.07,693.58,106.198
2026-09-01 04:18:00,693.58,693.58,693.3,693.45,66.643
2026-09-01 04:21:00,693.44,693.5,693.34,693.45,62.902
2026-09-01 04:24:00,693.44,694.2,693.33,694.03,323.86
2026-09-01 04:27:00,694.04,694.04,693.48,693.61,208.545
2026-09-01 04:30:00,693.61,693.71,693.37,693.5,71.926
2026-09-01 04:33:00,693.5,693.5,693.01,693.04,53.522
2026-09-01 04:36:00,693.03,693.1,693.02,693.02,36.696
2026-09-01 04:39:00,693.01,693.08,692.61,692.62,93.446
2026-09-01 04:42:00,692.62,693.03,692.61,692.64,65.921
2026-09-01 04:45:00,692.64,692.89,692.51,692.86,136.704
2026-09-01 04:48:00,692.85,692.95,692.57,692.57,28.352
2026-09-01 04:51:00,692.57,692.82,692.42,692.57,113.547
2026-09-01 04:54:00,692.57,692.67,692.49,692.5,114.609
2026-09-01 04:57:00,692.5,692.52,692.03,692.32,355.105
2026-09-01 05:00:00,692.31,692.52,692.08,692.51,208.837
2026-09-01 05:03:00,692.51,693.43,692.51,693.43,106.744
2026-09-01 05:06:00,693.43,693.53,692.87,693.0,265.773
2026-09-01 05:09:00,693.0,693.11,692.56,692.56,100.654
2026-09-01 05:12:00,692.56,692.56,692.12,692.12,137.254
2026-09-01 05:15:00,692.13,692.46,692.0,692.01,185.228
2026-09-01 05:18:00,692.01,692.15,691.74,691.74,284.341
2026-09-01 05:21:00,691.75,691.75,691.38,691.42,157.99
2026-09-01 05:24:00,691.42,692.21,691.4,692.2,204.477
2026-09-01 05:27:00,692.21,692.85,692.2,692.84,232.586
2026-09-01 05:30:00,692.84,693.26,692.71,693.26,103.252
2026-09-01 05:33:00,693.26,693.44,693.18,693.3,130.6
2026-09-01 05:36:00,693.29,693.76,693.29,693.64,142.944
2026-09-01 05:39:00,693.65,693.66,693.0,693.6,153.035
2026-09-01 05:42:00,693.59,694.19,693.59,693.75,219.72
2026-09-01 05:45:00,693.75,693.75,693.13,693.28,237.775
2026-09-01 05:48:00,693.29,693.7,693.22,693.62,307.368
2026-09-01 05:51:00,693.62,693.79,693.47,693.52,184.654
2026-09-01 05:54:00,693.52,694.07,693.48,693.95,365.375
2026-09-01 05:57:00,693.95,694.38,693.76,693.95,210.403
2026-09-01 06:00:00,693.95,693.95,693.49,693.49,56.324
2026-09-01 06:03:00,693.5,693.5,693.1,693.32,209.076
2026-09-01 06:06:00,693.33,693.33,692.93,692.93,90.723
2026-09-01 06:09:00,692.94,692.94,692.37,692.66,182.064
2026-09-01 06:12:00,692.67,692.67,692.27,692.35,152.014
2026-09-01 06:15:00,692.34,692.34,691.82,691.9,183.68
2026-09-01 06:18:00,691.9,691.98,691.15,691.16,258.756
2026-09-01 06:21:00,691.16,691.5,690.73,690.73,300.457
2026-09-01 06:24:00,690.74,690.88,690.5,690.74,241.687
2026-09-01 06:27:00,690.74,691.0,690.73,690.73,579.976
2026-09-01 06:30:00,690.73,691.31,690.73,691.2,525.478
2026-09-01 06:33:00,691.2,691.21,690.69,690.7,327.032
2026-09-01 06:36:00,690.69,690.9,690.55,690.79,101.149
2026-09-01 06:39:00,690.79,691.14,690.78,690.92,139.21
2026-09-01 06:42:00,690.92,691.2,690.86,691.13,113.418
2026-09-01 06:45:00,691.12,691.22,690.76,690.77,142.59
2026-09-01 06:48:00,690.77,691.26,690.75,690.97,160.574
2026-09-01 06:51:00,690.96,690.97,690.49,690.61,251.539
2026-09-01 06:54:00,690.6,690.6,690.31,690.31,161.15
2026-09-01 06:57:00,690.32,690.45,690.14,690.45,245.071
2026-09-01 07:00:00,690.45,690.61,690.36,690.59,160.389
2026-09-01 07:03:00,690.59,690.59,690.26,690.42,299.129
2026-09-01 07:06:00,690.42,690.78,690.08,690.48,512.879
2026-09-01 07:09:00,690.48,690.56,690.09,690.11,216.873
2026-09-01 07:12:00,690.11,690.16,690.0,690.05,442.697
2026-09-01 07:15:00,690.05,690.17,690.04,690.06,124.921
2026-09-01 07:18:00,690.06,690.18,689.7,690.01,777.165
2026-09-01 07:21:00,690.01,690.15,689.76,690.08,226.634
2026-09-01 07:24:00,690.08,690.08,689.76,689.92,163.711
2026-09-01 07:27:00,689.93,689.94,689.25,689.44,258.329
2026-09-01 07:30:00,689.45,690.03,689.44,689.98,165.869
2026-09-01 07:33:00,689.97,690.1,689.88,690.06,104.864
2026-09-01 07:36:00,690.05,690.08,689.0,689.33,143.748
2026-09-01 07:39:00,689.32,689.4,688.9,689.06,504.66
2026-09-01 07:42:00,689.07,689.94,689.06,689.93,159.577
2026-09-01 07:45:00,689.94,690.06,689.92,690.06,322.326
2026-09-01 07:48:00,690.06,690.51,690.05,690.12,293.243
2026-09-01 07:51:00,690.12,690.31,690.11,690.3,93.451
2026-09-01 07:54:00,690.29,690.45,689.89,690.44,317.772
2026-09-01 07:57:00,690.44,690.51,690.24,690.47,92.645
2026-09-01 08:00:00,690.47,690.65,690.46,690.54,108.113
2026-09-01 08:03:00,690.54,690.75,690.01,690.01,211.605
2026-09-01 08:06:00,690.01,690.01,688.68,688.9,269.868
2026-09-01 08:09:00,688.89,689.27,688.58,688.63,136.333
2026-09-01 08:12:00,688.63,689.22,688.59,689.0,241.373
2026-09-01 08:15:00,689.0,689.04,688.37,688.38,101.431
2026-09-01 08:18:00,688.38,688.97,687.73,688.97,272.378
2026-09-01 08:21:00,688.96,688.97,687.88,687.89,230.877
2026-09-01 08:24:00,687.89,687.89,686.68,686.94,311.273
2026-09-01 08:27:00,686.93,687.23,686.32,686.38,487.856
2026-09-01 08:30:00,686.39,686.65,686.0,686.06,463.767
2026-09-01 08:33:00,686.05,687.25,686.0,687.18,325.99
2026-09-01 08:36:00,687.18,687.59,686.8,687.17,216.491
2026-09-01 08:39:00,687.18,687.32,686.11,686.11,195.17
2026-09-01 08:42:00,686.11,686.88,686.0,686.83,232.743
2026-09-01 08:45:00,686.83,687.39,686.76,687.38,279.652
2026-09-01 08:48:00,687.39,687.42,686.14,686.18,146.506
2026-09-01 08:51:00,686.18,686.92,685.95,686.28,263.531
2026-09-01 08:54:00,686.29,686.78,686.29,686.42,229.063
2026-09-01 08:57:00,686.42,686.43,686.3,686.33,153.102
2026-09-01 09:00:00,686.34,686.67,685.86,686.25,129.978
2026-09-01 09:03:00,686.24,686.53,685.86,686.03,317.546
2026-09-01 09:06:00,686.02,686.53,685.7,686.53,165.01
2026-09-01 09:09:00,686.52,686.82,686.42,686.43,257.352
2026-09-01 09:12:00,686.42,686.59,686.32,686.35,179.746
2026-09-01 09:15:00,686.35,686.35,685.46,686.02,460.613
2026-09-01 09:18:00,686.02,686.28,685.79,685.79,333.751
2026-09-01 09:21:00,685.79,686.17,685.79,686.11,1202.324
2026-09-01 09:24:00,686.12,686.36,685.96,686.23,404.035
2026-09-01 09:27:00,686.23,686.45,686.13,686.37,210.191
2026-09-01 09:30:00,686.38,686.38,686.03,686.21,202.202
2026-09-01 09:33:00,686.21,686.37,686.0,686.15,143.82
2026-09-01 09:36:00,686.15,686.15,685.68,685.85,117.031
2026-09-01 09:39:00,685.86,686.2,685.43,686.15,191.252
2026-09-01 09:42:00,686.15,686.78,686.15,686.7,199.475
2026-09-01 09:45:00,686.69,686.7,686.28,686.48,120.076
2026-09-01 09:48:00,686.48,686.56,686.06,686.37,188.087
2026-09-01 09:51:00,686.36,686.37,686.04,686.12,96.695
2026-09-01 09:54:00,686.12,686.24,686.07,686.16,88.314
2026-09-01 09:57:00,686.16,686.22,686.01,686.02,131.977
2026-09-01 10:00:00,686.02,686.37,686.0,686.24,159.978
2026-09-01 10:03:00,686.25,686.25,685.71,685.91,288.828
2026-09-01 10:06:00,685.91,686.06,685.65,685.96,179.968
2026-09-01 10:09:00,685.96,686.12,685.6,685.99,252.857
2026-09-01 10:12:00,686.0,686.71,685.99,686.45,129.992
2026-09-01 10:15:00,686.45,686.8,686.26,686.26,144.949
2026-09-01 10:18:00,686.27,686.53,685.83,686.53,177.307
2026-09-01 10:21:00,686.52,687.11,686.52,687.0,141.22
2026-09-01 10:24:00,687.0,687.37,687.0,687.1,143.018
2026-09-01 10:27:00,687.1,687.28,687.09,687.28,115.123
2026-09-01 10:30:00,687.28,688.11,687.27,688.04,203.796
2026-09-01 10:33:00,688.05,688.05,687.37,687.5,121.771
2026-09-01 10:36:00,687.5,688.27,687.49,688.27,236.258
2026-09-01 10:39:00,688.26,688.5,688.26,688.5,193.216
2026-09-01 10:42:00,688.49,688.49,687.9,687.9,130.065
2026-09-01 10:45:00,687.9,688.03,687.51,687.73,172.511
2026-09-01 10:48:00,687.74,687.74,687.05,687.21,215.308
2026-09-01 10:51:00,687.2,687.21,686.63,686.69,149.071
2026-09-01 10:54:00,686.69,686.73,686.46,686.72,77.675
2026-09-01 10:57:00,686.72,686.86,686.61,686.61,163.986
2026-09-01 11:00:00,686.62,686.67,686.1,686.37,248.145
2026-09-01 11:03:00,686.37,686.62,686.2,686.27,99.632
2026-09-01 11:06:00,686.28,686.44,685.85,685.96,208.211
2026-09-01 11:09:00,685.96,686.31,685.95,686.25,67.408
2026-09-01 11:12:00,686.25,686.35,686.07,686.23,109.92
2026-09-01 11:15:00,686.24,686.54,686.24,686.41,204.065
2026-09-01 11:18:00,686.4,686.49,686.04,686.16,247.394
2026-09-01 11:21:00,686.17,686.33,685.86,686.33,137.637
2026-09-01 11:24:00,686.34,686.44,686.23,686.39,113.927
2026-09-01 11:27:00,686.39,686.59,686.35,686.55,86.78
2026-09-01 11:30:00,686.54,686.68,686.31,686.67,156.59
2026-09-01 11:33:00,686.68,687.25,686.68,687.25,103.369
2026-09-01 11:36:00,687.25,687.71,687.25,687.48,113.387
2026-09-01 11:39:00,687.48,688.0,687.48,687.79,329.549
2026-09-01 11:42:00,687.79,687.89,687.44,687.6,166.33
2026-09-01 11:45:00,687.6,687.61,687.2,687.32,143.267
2026-09-01 11:48:00,687.32,687.61,687.22,687.61,130.253
2026-09-01 11:51:00,687.61,688.0,687.61,688.0,242.361
2026-09-01 11:54:00,687.99,688.15,687.04,687.09,238.484
2026-09-01 11:57:00,687.09,687.36,687.0,687.35,57.087
2026-09-01 12:00:00,687.36,687.41,686.48,686.83,205.709
2026-09-01 12:03:00,686.82,686.94,686.68,686.69,78.419
2026-09-01 12:06:00,686.69,687.23,686.59,687.18,39.714
2026-09-01 12:09:00,687.19,687.31,686.84,687.15,111.059
2026-09-01 12:12:00,687.14,687.14,686.65,686.94,65.29
2026-09-01 12:15:00,686.94,687.2,686.92,687.01,143.199
2026-09-01 12:18:00,687.0,687.0,686.15,686.43,116.458
2026-09-01 12:21:00,686.43,686.7,686.37,686.62,77.913
2026-09-01 12:24:00,686.61,686.95,686.47,686.92,48.726
2026-09-01 12:27:00,686.91,687.0,686.76,686.85,58.324
2026-09-01 12:30:00,686.85,686.86,686.01,686.28,193.805
2026-09-01 12:33:00,686.28,686.39,685.86,685.93,169.378
2026-09-01 12:36:00,685.92,686.21,684.74,685.45,393.844
2026-09-01 12:39:00,685.46,685.85,684.78,685.76,263.787
2026-09-01 12:42:00,685.77,686.54,685.77,686.54,104.479
2026-09-01 12:45:00,686.54,687.51,686.45,687.51,130.502
2026-09-01 12:48:00,687.51,687.51,686.84,686.98,130.545
2026-09-01 12:51:00,686.98,687.28,686.74,686.97,153.125
2026-09-01 12:54:00,686.98,687.23,686.91,687.03,88.956
2026-09-01 12:57:00,687.02,687.03,686.64,686.7,81.063
2026-09-01 13:00:00,686.7,686.7,685.65,685.65,127.747
2026-09-01 13:03:00,685.66,685.86,685.3,685.68,195.107
2026-09-01 13:06:00,685.68,686.13,683.52,686.03,760.058
2026-09-01 13:09:00,686.03,686.12,685.25,685.88,190.124
2026-09-01 13:12:00,685.87,686.03,685.58,685.72,126.133
2026-09-01 13:15:00,685.72,686.55,685.59,686.33,384.037
2026-09-01 13:18:00,686.33,686.33,685.51,686.0,129.693
2026-09-01 13:21:00,686.01,686.06,685.38,685.66,285.105
2026-09-01 13:24:00,685.66,686.03,685.47,685.89,109.05
2026-09-01 13:27:00,685.89,686.19,685.56,686.19,111.581
2026-09-01 13:30:00,686.18,687.06,686.08,686.7,165.038
2026-09-01 13:33:00,686.7,686.76,685.78,686.35,526.336
2026-09-01 13:36:00,686.36,686.36,683.9,684.39,533.636
2026-09-01 13:39:00,684.38,684.75,683.99,684.21,409.177
2026-09-01 13:42:00,684.21,686.4,684.14,686.02,237.154
2026-09-01 13:45:00,686.03,687.05,685.68,686.8,176.519
2026-09-01 13:48:00,686.8,687.4,686.5,687.36,139.515
2026-09-01 13:51:00,687.36,687.44,686.43,686.67,126.759
2026-09-01 13:54:00,686.68,686.95,686.55,686.9,243.252
2026-09-01 13:57:00,686.9,687.19,686.44,687.19,136.275
2026-09-01 14:00:00,687.19,688.1,686.9,687.61,389.152
2026-09-01 14:03:00,687.6,687.86,687.17,687.51,66.845
2026-09-01 14:06:00,687.51,688.57,687.51,688.31,181.539
2026-09-01 14:09:00,688.31,688.81,688.01,688.01,236.111
2026-09-01 14:12:00,688.01,688.01,687.6,687.81,90.36
2026-09-01 14:15:00,687.81,688.48,687.61,687.68,362.346
2026-09-01 14:18:00,687.69,687.69,687.02,687.42,72.346
2026-09-01 14:21:00,687.41,687.58,687.09,687.33,81.535
2026-09-01 14:24:00,687.34,688.62,687.3,688.1,174.313
2026-09-01 14:27:00,688.1,688.1,687.41,687.48,123.963
2026-09-01 14:30:00,687.47,687.86,687.35,687.65,108.603
2026-09-01 14:33:00,687.65,688.2,687.43,687.9,94.414
2026-09-01 14:36:00,687.9,688.23,687.83,687.83,99.609
2026-09-01 14:39:00,687.84,688.14,687.71,687.9,346.712
2026-09-01 14:42:00,687.9,688.44,687.85,688.44,144.965
2026-09-01 14:45:00,688.44,688.78,688.39,688.65,131.165
2026-09-01 14:48:00,688.65,688.78,688.2,688.24,48.453
2026-09-01 14:51:00,688.23,688.27,687.75,687.89,134.899
2026-09-01 14:54:00,687.89,687.89,687.14,687.44,186.153
2026-09-01 14:57:00,687.43,687.65,687.11,687.31,153.75
2026-09-01 15:00:00,687.31,687.39,685.73,685.89,256.424
2026-09-01 15:03:00,685.9,686.01,685.35,685.46,198.858
2026-09-01 15:06:00,685.45,685.86,685.01,685.25,368.466
2026-09-01 15:09:00,685.24,685.56,685.01,685.22,167.161
2026-09-01 15:12:00,685.21,685.73,685.03,685.53,141.344
2026-09-01 15:15:00,685.52,685.8,685.02,685.22,114.73
2026-09-01 15:18:00,685.21,685.74,685.21,685.68,163.391
2026-09-01 15:21:00,685.68,685.82,685.57,685.67,109.298
2026-09-01 15:24:00,685.67,685.8,685.46,685.46,175.409
2026-09-01 15:27:00,685.46,686.12,685.46,686.11,78.366
2026-09-01 15:30:00,686.12,686.24,685.83,686.17,119.615
2026-09-01 15:33:00,686.16,686.76,686.16,686.76,197.883
2026-09-01 15:36:00,686.77,686.83,686.49,686.68,134.145
2026-09-01 15:39:00,686.68,686.82,686.58,686.67,82.763
2026-09-01 15:42:00,686.67,687.07,686.5,687.07,100.04
2026-09-01 15:45:00,687.07,687.12,686.91,687.12,74.906
2026-09-01 15:48:00,687.12,687.39,687.06,687.39,175.208
2026-09-01 15:51:00,687.39,687.6,687.13,687.29,315.977
2026-09-01 15:54:00,687.29,687.29,687.11,687.12,48.632
2026-09-01 15:57:00,687.12,687.12,686.87,686.88,48.701
2026-09-01 16:00:00,686.87,686.94,686.34,686.35,141.937
2026-09-01 16:03:00,686.34,687.0,686.19,686.84,109.427
2026-09-01 16:06:00,686.83,686.84,686.22,686.36,118.41
2026-09-01 16:09:00,686.36,686.47,685.74,685.9,111.486
2026-09-01 16:12:00,685.89,685.9,684.99,685.05,108.851
2026-09-01 16:15:00,685.04,685.4,684.9,684.97,138.917
2026-09-01 16:18:00,684.97,684.99,684.31,684.32,181.625
2026-09-01 16:21:00,684.32,684.53,683.96,684.53,165.428
2026-09-01 16:24:00,684.54,685.1,684.11,684.87,133.832
2026-09-01 16:27:00,684.87,685.34,684.63,685.05,231.64
2026-09-01 16:30:00,685.06,685.13,684.33,684.64,257.791
2026-09-01 16:33:00,684.65,685.02,683.9,684.09,253.434
2026-09-01 16:36:00,684.09,684.12,682.74,684.04,630.539
2026-09-01 16:39:00,684.05,684.88,683.96,684.51,207.878
2026-09-01 16:42:00,684.52,684.68,683.68,683.81,140.643
2026-09-01 16:45:00,683.81,684.33,683.77,684.27,324.39
2026-09-01 16:48:00,684.28,684.33,683.93,684.33,206.175
2026-09-01 16:51:00,684.32,684.37,684.08,684.26,87.153
2026-09-01 16:54:00,684.26,684.52,684.09,684.13,141.894
2026-09-01 16:57:00,684.13,684.45,684.0,684.01,61.864
2026-09-01 17:00:00,684.01,684.39,683.88,684.29,209.978
2026-09-01 17:03:00,684.28,684.43,683.88,684.07,75.918
2026-09-01 17:06:00,684.07,684.12,683.88,684.12,47.797
2026-09-01 17:09:00,684.12,684.17,683.79,683.89,439.478
2026-09-01 17:12:00,683.88,684.29,683.88,684.02,233.64
2026-09-01 17:15:00,684.03,684.04,683.21,683.65,431.472
2026-09-01 17:18:00,683.66,684.83,683.66,684.82,151.287
2026-09-01 17:21:00,684.82,685.14,684.54,685.0,166.498
2026-09-01 17:24:00,685.0,685.12,684.38,684.46,207.435
2026-09-01 17:27:00,684.46,684.99,684.45,684.96,74.358
2026-09-01 17:30:00,684.95,685.47,684.81,685.31,162.39
2026-09-01 17:33:00,685.3,686.08,685.3,685.96,176.562
2026-09-01 17:36:00,685.95,686.07,685.69,685.69,59.111
2026-09-01 17:39:00,685.69,685.75,685.41,685.67,142.306
2026-09-01 17:42:00,685.67,685.89,685.35,685.35,31.799
2026-09-01 17:45:00,685.35,685.45,684.09,684.51,122.631
2026-09-01 17:48:00,684.51,684.8,684.29,684.45,81.386
2026-09-01 17:51:00,684.44,684.47,683.65,683.65,125.746
2026-09-01 17:54:00,683.65,683.74,683.29,683.37,167.708
2026-09-01 17:57:00,683.36,683.65,682.82,682.95,258.594
2026-09-01 18:00:00,682.95,683.35,682.46,683.15,158.639
2026-09-01 18:03:00,683.15,683.15,682.5,682.71,99.974
2026-09-01 18:06:00,682.7,682.8,682.0,682.16,221.397
2026-09-01 18:09:00,682.16,682.16,681.68,681.68,211.119
2026-09-01 18:12:00,681.68,682.14,681.59,681.78,263.254
2026-09-01 18:15:00,681.78,682.0,680.55,680.81,744.33
2026-09-01 18:18:00,680.81,681.23,680.46,681.17,168.24
2026-09-01 18:21:00,681.18,681.36,680.94,681.24,170.382
2026-09-01 18:24:00,681.24,681.24,680.37,680.38,207.697
2026-09-01 18:27:00,680.38,680.5,678.6,679.65,2349.316
2026-09-01 18:30:00,679.65,679.67,678.57,678.91,824.208
2026-09-01 18:33:00,678.9,678.99,678.41,678.6,232.431
2026-09-01 18:36:00,678.61,678.61,677.0,677.02,630.225
2026-09-01 18:39:00,677.02,677.49,676.16,676.96,672.162
2026-09-01 18:42:00,676.97,677.1,675.13,675.26,2391.608
2026-09-01 18:45:00,675.26,675.72,674.6,675.5,867.314
2026-09-01 18:48:00,675.51,678.36,675.24,678.32,501.881
2026-09-01 18:51:00,678.32,679.15,678.04,679.1,240.357
2026-09-01 18:54:00,679.1,679.16,678.56,679.14,177.371
2026-09-01 18:57:00,679.14,679.49,679.02,679.48,84.888
2026-09-01 19:00:00,679.49,680.1,679.25,679.58,224.053
2026-09-01 19:03:00,679.59,680.84,679.57,680.56,148.875
2026-09-01 19:06:00,680.56,680.56,679.64,679.8,136.672
2026-09-01 19:09:00,679.79,680.22,679.57,679.83,118.583
2026-09-01 19:12:00,679.82,679.99,679.7,679.91,70.849
2026-09-01 19:15:00,679.9,680.62,679.58,680.23,100.642
2026-09-01 19:18:00,680.23,680.45,680.0,680.3,95.526
2026-09-01 19:21:00,680.29,681.25,680.08,680.95,81.512
2026-09-01 19:24:00,680.96,681.24,680.5,681.24,92.554
2026-09-01 19:27:00,681.24,681.57,681.09,681.28,180.471
2026-09-01 19:30:00,681.29,681.52,680.96,681.01,55.96
2026-09-01 19:33:00,681.01,681.09,680.83,680.97,100.2
2026-09-01 19:36:00,680.96,680.97,680.56,680.74,32.581
2026-09-01 19:39:00,680.73,680.8,680.36,680.61,103.814
2026-09-01 19:42:00,680.6,680.61,680.36,680.38,30.914
2026-09-01 19:45:00,680.38,680.49,679.83,679.87,96.982
2026-09-01 19:48:00,679.87,679.87,679.54,679.67,165.036
2026-09-01 19:51:00,679.68,679.85,679.34,679.36,88.03
2026-09-01 19:54:00,679.35,679.82,679.35,679.41,100.592
2026-09-01 19:57:00,679.41,679.89,679.41,679.89,117.563
2026-09-01 20:00:00,679.89,680.15,679.64,679.64,154.263
2026-09-01 20:03:00,679.63,680.34,679.25,679.87,76.855
2026-09-01 20:06:00,679.86,679.86,679.51,679.58,25.776
2026-09-01 20:09:00,679.58,679.74,679.41,679.69,56.419
2026-09-01 20:12:00,679.7,681.0,679.69,681.0,367.574
2026-09-01 20:15:00,680.99,681.15,680.48,680.61,709.933
2026-09-01 20:18:00,680.61,681.27,680.61,680.95,139.242
2026-09-01 20:21:00,680.95,680.95,680.83,680.87,25.124
2026-09-01 20:24:00,680.87,680.92,680.66,680.69,59.168
2026-09-01 20:27:00,680.69,680.85,680.25,680.7,242.954
2026-09-01 20:30:00,680.71,680.8,680.43,680.53,95.369
2026-09-01 20:33:00,680.54,680.93,680.46,680.93,111.529
2026-09-01 20:36:00,680.93,680.99,680.29,680.48,161.359
2026-09-01 20:39:00,680.48,680.78,680.15,680.15,81.646
2026-09-01 20:42:00,680.14,680.43,680.07,680.35,82.602
2026-09-01 20:45:00,680.35,680.4,679.74,679.74,157.776
2026-09-01 20:48:00,679.74,680.26,679.74,680.22,184.073
2026-09-01 20:51:00,680.21,680.42,680.09,680.42,42.885
2026-09-01 20:54:00,680.42,680.94,680.42,680.94,33.802
2026-09-01 20:57:00,680.94,681.24,680.89,681.02,102.324
2026-09-01 21:00:00,681.02,681.55,680.7,681.46,234.034
2026-09-01 21:03:00,681.45,681.55,680.41,680.5,125.073
2026-09-01 21:06:00,680.5,680.5,679.74,679.91,105.263
2026-09-01 21:09:00,679.91,679.91,678.58,678.64,117.345
2026-09-01 21:12:00,678.63,678.63,678.17,678.58,105.505
2026-09-01 21:15:00,678.58,678.72,677.55,677.55,288.758
2026-09-01 21:18:00,677.54,679.2,677.54,679.12,356.308
2026-09-01 21:21:00,679.13,679.95,678.81,679.51,95.012
2026-09-01 21:24:00,679.51,680.89,679.03,680.79,323.821
2026-09-01 21:27:00,680.79,680.8,680.07,680.43,167.246
2026-09-01 21:30:00,680.43,680.44,679.68,679.69,63.578
2026-09-01 21:33:00,679.68,679.69,679.21,679.54,105.451
2026-09-01 21:36:00,679.54,679.68,679.41,679.67,75.017
2026-09-01 21:39:00,679.67,680.32,679.67,680.31,83.134
2026-09-01 21:42:00,680.31,680.41,679.92,679.93,41.666
2026-09-01 21:45:00,679.92,680.61,679.92,680.57,70.261
2026-09-01 21:48:00,680.57,680.8,680.56,680.71,25.067
2026-09-01 21:51:00,680.71,681.01,680.53,680.8,190.813
2026-09-01 21:54:00,680.8,681.02,680.74,680.89,69.402
2026-09-01 21:57:00,680.89,680.89,680.51,680.64,40.87
2026-09-01 22:00:00,680.64,680.9,680.4,680.77,216.664
2026-09-01 22:03:00,680.77,681.3,680.76,680.79,53.472
2026-09-01 22:06:00,680.78,681.18,680.53,681.17,54.679
2026-09-01 22:09:00,681.15,681.35,681.14,681.34,35.831
2026-09-01 22:12:00,681.35,681.35,680.93,680.93,132.061
2026-09-01 22:15:00,680.94,680.94,680.53,680.74,77.805
2026-09-01 22:18:00,680.75,680.77,680.51,680.67,95.724
2026-09-01 22:21:00,680.67,680.67,679.86,680.07,70.223
2026-09-01 22:24:00,680.07,680.61,680.07,680.12,102.424
2026-09-01 22:27:00,680.13,680.15,679.7,679.71,85.339
2026-09-01 22:30:00,679.71,679.99,679.39,679.45,98.559
2026-09-01 22:33:00,679.44,679.65,679.4,679.65,44.401
2026-09-01 22:36:00,679.65,679.95,679.58,679.61,94.338
2026-09-01 22:39:00,679.61,679.61,679.29,679.29,42.365
2026-09-01 22:42:00,679.3,679.76,679.26,679.63,191.704
2026-09-01 22:45:00,679.63,680.32,679.63,680.32,52.117
2026-09-01 22:48:00,680.32,681.4,680.32,681.15,60.121
2026-09-01 22:51:00,681.14,681.33,680.89,681.13,140.094
2026-09-01 22:54:00,681.13,681.13,680.94,681.01,25.852
2026-09-01 22:57:00,681.01,681.02,680.86,680.99,27.022
2026-09-01 23:00:00,680.99,681.24,680.81,680.81,145.543
2026-09-01 23:03:00,680.81,680.95,680.5,680.77,69.008
2026-09-01 23:06:00,680.77,681.41,680.76,681.38,107.958
2026-09-01 23:09:00,681.37,681.5,681.2,681.44,83.33
2026-09-01 23:12:00,681.43,681.44,681.02,681.07,45.644
2026-09-01 23:15:00,681.07,681.41,681.06,681.41,40.146
2026-09-01 23:18:00,681.4,681.4,681.02,681.29,45.184
2026-09-01 23:21:00,681.28,681.28,680.72,680.75,153.736
2026-09-01 23:24:00,680.75,681.24,680.74,680.83,123.815
2026-09-01 23:27:00,680.82,681.64,680.8,681.64,107.915
2026-09-01 23:30:00,681.65,682.2,681.57,682.16,102.203
2026-09-01 23:33:00,682.17,683.56,682.17,683.48,573.534
2026-09-01 23:36:00,683.48,683.99,683.47,683.5,225.389
2026-09-01 23:39:00,683.5,683.72,683.29,683.52,409.241
2026-09-01 23:42:00,683.52,683.56,683.37,683.37,92.548
2026-09-01 23:45:00,683.37,683.37,683.07,683.17,161.076
2026-09-01 23:48:00,683.17,683.81,683.17,683.48,89.152
2026-09-01 23:51:00,683.49,683.69,682.94,683.21,206.126
2026-09-01 23:54:00,683.21,683.21,682.94,682.94,104.348
2026-09-01 23:57:00,682.93,683.14,682.93,683.0,40.38
2026-09-02 00:00:00,683.0,683.53,682.95,682.96,338.268
2026-09-02 00:03:00,682.96,683.98,682.85,683.86,161.403
2026-09-02 00:06:00,683.87,684.77,683.72,684.76,329.18
2026-09-02 00:09:00,684.77,686.9,684.77,686.46,984.237
2026-09-02 00:12:00,686.46,687.48,685.89,685.89,627.926
2026-09-02 00:15:00,685.89,686.38,685.58,685.91,116.292
2026-09-02 00:18:00,685.91,686.0,685.29,685.44,55.659
2026-09-02 00:21:00,685.45,686.06,685.03,685.59,93.723
2026-09-02 00:24:00,685.59,685.59,684.75,684.76,205.924
2026-09-02 00:27:00,684.76,684.76,682.38,683.3,986.148
2026-09-02 00:30:00,683.3,684.0,682.87,684.0,107.003
2026-09-02 00:33:00,684.0,685.22,683.88,684.74,698.459
2026-09-02 00:36:00,684.75,684.76,683.68,683.81,88.88
2026-09-02 00:39:00,683.81,685.5,683.81,684.31,3420.294
2026-09-02 00:42:00,684.31,685.0,684.31,684.56,74.37
2026-09-02 00:45:00,684.57,684.91,684.57,684.86,49.094
2026-09-02 00:48:00,684.85,685.23,684.23,684.69,1649.171
2026-09-02 00:51:00,684.69,685.13,684.69,684.75,48.266
2026-09-02 00:54:00,684.76,685.2,684.44,684.91,161.892
2026-09-02 00:57:00,684.91,684.99,683.96,683.97,294.759
2026-09-02 01:00:00,683.97,684.43,683.86,684.12,52.594
2026-09-02 01:03:00,684.13,684.19,683.66,684.08,144.532
2026-09-02 01:06:00,684.08,684.1,683.25,683.33,295.005
2026-09-02 01:09:00,683.33,684.35,683.33,684.15,1166.244
2026-09-02 01:12:00,684.15,685.16,683.97,684.82,173.119
2026-09-02 01:15:00,684.81,684.81,684.0,684.4,127.309
2026-09-02 01:18:00,684.4,685.1,684.4,684.45,146.814
2026-09-02 01:21:00,684.45,684.7,684.35,684.6,86.022
2026-09-02 01:24:00,684.59,685.16,684.37,684.58,1322.939
2026-09-02 01:27:00,684.59,684.59,683.66,683.66,152.605
2026-09-02 01:30:00,683.67,684.17,683.56,684.04,138.921
2026-09-02 01:33:00,684.05,684.05,682.88,682.89,146.25
2026-09-02 01:36:00,682.9,682.99,682.24,682.25,150.278
2026-09-02 01:39:00,682.24,682.5,681.37,682.43,220.763
2026-09-02 01:42:00,682.44,682.5,681.53,681.65,294.785
2026-09-02 01:45:00,681.66,682.28,681.37,681.47,153.924
2026-09-02 01:48:00,681.47,681.66,679.79,680.21,958.419
2026-09-02 01:51:00,680.22,680.51,679.74,680.01,159.67
2026-09-02 01:54:00,680.0,681.23,680.0,681.2,146.321
2026-09-02 01:57:00,681.2,682.75,681.03,682.71,729.568
2026-09-02 02:00:00,682.71,682.84,681.89,682.76,190.726
2026-09-02 02:03:00,682.75,682.76,681.56,681.77,185.543
2026-09-02 02:06:00,681.77,684.21,681.66,683.43,489.427
2026-09-02 02:09:00,683.43,683.43,682.94,682.98,65.323
2026-09-02 02:12:00,682.98,683.95,682.98,683.54,141.065
2026-09-02 02:15:00,683.53,684.25,683.46,684.17,101.11
2026-09-02 02:18:00,684.17,684.73,683.86,684.72,146.516
2026-09-02 02:21:00,684.73,684.86,684.41,684.77,116.187
2026-09-02 02:24:00,684.78,685.0,684.55,684.56,195.684
2026-09-02 02:27:00,684.56,685.68,684.56,685.61,341.949
2026-09-02 02:30:00,685.6,685.6,684.88,685.23,306.428
2026-09-02 02:33:00,685.22,685.5,685.11,685.4,105.439
2026-09-02 02:36:00,685.41,685.59,684.96,685.29,271.009
2026-09-02 02:39:00,685.28,685.36,685.1,685.11,50.73
2026-09-02 02:42:00,685.12,685.56,684.96,685.5,124.454
2026-09-02 02:45:00,685.5,685.6,685.31,685.51,150.848
2026-09-02 02:48:00,685.5,685.62,685.24,685.32,103.295
2026-09-02 02:51:00,685.32,685.49,685.26,685.48,93.367
2026-09-02 02:54:00,685.49,685.69,685.48,685.69,105.555
2026-09-02 02:57:00,685.69,685.83,685.48,685.5,359.769
2026-09-02 03:00:00,685.5,686.36,685.35,686.1,125.563
2026-09-02 03:03:00,686.11,686.5,686.01,686.47,99.356
2026-09-02 03:06:00,686.46,687.6,686.32,687.6,657.102
2026-09-02 03:09:00,687.6,688.76,687.43,687.96,585.314
2026-09-02 03:12:00,687.96,688.15,687.87,687.99,190.676
2026-09-02 03:15:00,688.0,688.4,687.69,688.29,351.928
2026-09-02 03:18:00,688.3,688.76,688.2,688.42,230.253
2026-09-02 03:21:00,688.43,688.47,688.26,688.34,58.205
2026-09-02 03:24:00,688.35,689.71,688.26,689.2,487.664
2026-09-02 03:27:00,689.2,689.2,688.69,688.76,70.985
2026-09-02 03:30:00,688.75,688.75,687.67,687.81,398.452
2026-09-02 03:33:00,687.82,687.94,687.7,687.74,194.135
2026-09-02 03:36:00,687.74,688.2,687.56,688.19,319.666
2026-09-02 03:39:00,688.2,688.88,687.96,687.96,207.892
2026-09-02 03:42:00,687.96,688.08,687.65,687.93,174.123
2026-09-02 03:45:00,687.92,688.47,687.86,688.34,91.233
2026-09-02 03:48:00,688.33,688.43,687.78,687.86,291.923
2026-09-02 03:51:00,687.87,687.9,687.6,687.83,77.208
2026-09-02 03:54:00,687.82,687.83,687.15,687.21,288.717
2026-09-02 03:57:00,687.2,687.68,687.2,687.62,136.758
2026-09-02 04:00:00,687.62,687.62,687.33,687.39,102.23
2026-09-02 04:03:00,687.39,687.75,687.16,687.24,211.122
2026-09-02 04:06:00,687.24,687.4,686.92,687.07,105.225
2026-09-02 04:09:00,687.08,687.08,686.41,686.42,670.556
2026-09-02 04:12:00,686.42,686.71,686.34,686.7,152.957
2026-09-02 04:15:00,686.7,686.8,685.97,686.22,240.902
2026-09-02 04:18:00,686.23,686.77,686.22,686.69,100.239
2026-09-02 04:21:00,686.69,687.12,686.45,686.63,457.321
2026-09-02 04:24:00,686.64,686.76,686.41,686.71,54.398
2026-09-02 04:27:00,686.71,686.86,686.65,686.66,53.878
2026-09-02 04:30:00,686.67,687.1,686.67,687.1,269.926
2026-09-02 04:33:00,687.1,687.24,687.03,687.15,124.659
2026-09-02 04:36:00,687.15,687.34,687.12,687.28,106.489
2026-09-02 04:39:00,687.28,687.54,687.09,687.31,207.22
2026-09-02 04:42:00,687.3,687.44,687.14,687.32,153.131
2026-09-02 04:45:00,687.32,687.49,687.16,687.33,142.609
2026-09-02 04:48:00,687.32,687.62,687.17,687.43,201.781
2026-09-02 04:51:00,687.43,687.57,687.39,687.5,62.852
2026-09-02 04:54:00,687.51,687.77,687.5,687.6,75.263
2026-09-02 04:57:00,687.61,687.83,687.61,687.83,80.498
2026-09-02 05:00:00,687.83,687.83,686.84,686.85,144.403
2026-09-02 05:03:00,686.85,687.08,686.41,686.54,598.102
2026-09-02 05:06:00,686.53,686.83,686.53,686.75,329.009
2026-09-02 05:09:00,686.75,687.53,686.7,687.45,196.468
2026-09-02 05:12:00,687.45,688.12,687.45,687.93,612.403
2026-09-02 05:15:00,687.93,688.63,687.91,688.51,200.082
2026-09-02 05:18:00,688.51,688.84,688.32,688.84,99.083
2026-09-02 05:21:00,688.85,689.33,688.67,689.28,147.17
2026-09-02 05:24:00,689.28,689.6,688.59,689.31,675.349
2026-09-02 05:27:00,689.3,689.72,689.2,689.54,175.569
2026-09-02 05:30:00,689.54,689.55,688.91,689.21,88.821
2026-09-02 05:33:00,689.21,689.21,688.74,688.88,139.533
2026-09-02 05:36:00,688.88,688.94,688.76,688.77,47.361
2026-09-02 05:39:00,688.76,688.9,688.76,688.9,108.732
2026-09-02 05:42:00,688.9,689.0,688.74,688.81,115.818
2026-09-02 05:45:00,688.81,689.44,688.81,689.22,170.628
2026-09-02 05:48:00,689.24,689.41,689.16,689.18,177.877
2026-09-02 05:51:00,689.19,689.22,689.14,689.14,94.233
2026-09-02 05:54:00,689.15,689.15,688.3,688.67,213.537
2026-09-02 05:57:00,688.66,689.1,688.66,689.1,333.757
2026-09-02 06:00:00,689.1,689.5,689.09,689.22,154.141
2026-09-02 06:03:00,689.22,689.28,689.05,689.28,212.689
2026-09-02 06:06:00,689.27,689.35,689.02,689.04,345.569
2026-09-02 06:09:00,689.03,689.13,688.86,689.06,99.458
2026-09-02 06:12:00,689.06,689.07,688.45,688.57,398.317
2026-09-02 06:15:00,688.57,688.68,688.17,688.37,340.074
2026-09-02 06:18:00,688.37,688.43,688.02,688.1,683.855
2026-09-02 06:21:00,688.1,688.1,687.17,687.18,410.866
2026-09-02 06:24:00,687.17,687.75,687.17,687.51,156.889
2026-09-02 06:27:00,687.51,687.99,686.98,687.05,243.667
2026-09-02 06:30:00,687.06,687.2,686.91,687.12,110.39
2026-09-02 06:33:00,687.12,687.52,687.05,687.52,225.461
2026-09-02 06:36:00,687.52,687.66,687.25,687.59,112.667
2026-09-02 06:39:00,687.59,688.23,687.59,688.18,162.52
2026-09-02 06:42:00,688.17,688.3,688.03,688.03,152.734
2026-09-02 06:45:00,688.04,688.13,687.9,688.05,88.963
2026-09-02 06:48:00,688.04,688.05,687.91,688.01,129.254
2026-09-02 06:51:00,688.01,688.1,687.6,687.61,346.688
2026-09-02 06:54:00,687.6,687.94,687.6,687.92,661.337
2026-09-02 06:57:00,687.92,688.26,687.85,688.26,213.173
2026-09-02 07:00:00,688.26,688.43,688.18,688.35,125.228
2026-09-02 07:03:00,688.36,688.5,688.35,688.45,221.709
2026-09-02 07:06:00,688.44,688.45,688.14,688.14,60.713
2026-09-02 07:09:00,688.14,689.02,688.14,688.95,158.895
2026-09-02 07:12:00,688.96,689.24,688.71,688.78,69.099
2026-09-02 07:15:00,688.79,688.89,688.37,688.38,107.744
2026-09-02 07:18:00,688.37,688.43,688.26,688.38,65.947
2026-09-02 07:21:00,688.37,688.68,688.27,688.44,104.688
2026-09-02 07:24:00,688.45,688.51,688.14,688.22,57.934
2026-09-02 07:27:00,688.23,688.47,688.23,688.45,75.458
2026-09-02 07:30:00,688.45,688.77,688.44,688.73,47.375
2026-09-02 07:33:00,688.74,688.74,688.4,688.59,103.977
2026-09-02 07:36:00,688.59,688.61,688.48,688.6,56.913
2026-09-02 07:39:00,688.6,688.76,688.58,688.75,54.103
2026-09-02 07:42:00,688.75,688.79,688.42,688.42,58.493
2026-09-02 07:45:00,688.41,688.55,688.3,688.53,135.17
2026-09-02 07:48:00,688.54,688.54,688.11,688.32,119.566
2026-09-02 07:51:00,688.32,688.32,687.95,687.95,66.324
2026-09-02 07:54:00,687.96,688.01,687.69,687.8,264.873
2026-09-02 07:57:00,687.79,687.84,687.63,687.71,84.746
2026-09-02 08:00:00,687.71,687.87,687.14,687.14,48.937
2026-09-02 08:03:00,687.14,687.97,687.1,687.97,42.597
2026-09-02 08:06:00,687.97,688.1,687.94,687.98,76.102
2026-09-02 08:09:00,687.98,687.98,687.4,687.4,46.053
2026-09-02 08:12:00,687.4,687.73,687.26,687.43,52.079
2026-09-02 08:15:00,687.43,687.59,687.33,687.34,43.235
2026-09-02 08:18:00,687.33,687.37,686.96,686.97,72.404
2026-09-02 08:21:00,686.96,686.97,686.64,686.68,76.78
2026-09-02 08:24:00,686.68,686.95,686.61,686.71,130.408
2026-09-02 08:27:00,686.71,686.9,686.47,686.48,65.861
2026-09-02 08:30:00,686.47,686.48,685.79,685.8,140.966
2026-09-02 08:33:00,685.79,685.83,685.38,685.41,243.409
2026-09-02 08:36:00,685.42,685.95,685.33,685.34,109.007
2026-09-02 08:39:00,685.34,685.6,685.02,685.2,106.898
2026-09-02 08:42:00,685.19,685.2,684.54,684.62,325.353
2026-09-02 08:45:00,684.61,685.2,684.35,684.38,156.938
2026-09-02 08:48:00,684.38,684.4,683.73,684.04,286.867
2026-09-02 08:51:00,684.04,684.04,682.61,683.48,960.042
2026-09-02 08:54:00,683.48,683.59,682.96,683.46,147.724
2026-09-02 08:57:00,683.45,683.57,683.31,683.57,85.815
2026-09-02 09:00:00,683.57,684.89,683.56,684.8,242.89
2026-09-02 09:03:00,684.79,685.39,684.79,685.39,292.622
2026-09-02 09:06:00,685.38,685.39,685.16,685.34,99.452
2026-09-02 09:09:00,685.34,685.49,685.16,685.45,128.916
2026-09-02 09:12:00,685.45,685.48,685.21,685.21,103.622
2026-09-02 09:15:00,685.22,685.27,684.59,685.02,104.215
2026-09-02 09:18:00,685.02,686.75,684.81,686.55,1072.48
2026-09-02 09:21:00,686.55,686.55,684.3,685.05,400.805
2026-09-02 09:24:00,685.05,685.9,684.48,685.4,222.04
2026-09-02 09:27:00,685.4,686.03,685.24,686.03,104.082
2026-09-02 09:30:00,686.03,686.09,683.8,683.85,334.733
2026-09-02 09:33:00,683.84,683.91,683.47,683.61,256.689
2026-09-02 09:36:00,683.6,683.61,682.4,682.95,531.074
2026-09-02 09:39:00,682.96,683.44,682.8,683.15,306.261
2026-09-02 09:42:00,683.15,683.15,681.97,682.21,322.699
2026-09-02 09:45:00,682.2,682.67,681.75,682.45,464.627
2026-09-02 09:48:00,682.46,683.44,682.45,683.23,209.478
2026-09-02 09:51:00,683.23,683.43,683.0,683.38,149.694
2026-09-02 09:54:00,683.37,683.42,683.04,683.42,337.747
2026-09-02 09:57:00,683.42,683.58,683.22,683.54,208.204
2026-09-02 10:00:00,683.54,683.65,682.73,682.73,83.514
2026-09-02 10:03:00,682.73,683.26,682.61,682.87,230.101
2026-09-02 10:06:00,682.86,682.87,682.15,682.54,78.896
2026-09-02 10:09:00,682.55,682.75,681.92,682.46,212.169
2026-09-02 10:12:00,682.45,682.8,682.1,682.77,132.675
2026-09-02 10:15:00,682.77,683.36,682.76,683.36,503.136
2026-09-02 10:18:00,683.36,683.94,683.36,683.73,252.382
2026-09-02 10:21:00,683.72,684.0,683.42,683.63,201.276
2026-09-02 10:24:00,683.62,683.7,683.17,683.54,157.173
2026-09-02 10:27:00,683.55,683.7,683.11,683.18,165.936
2026-09-02 10:30:00,683.19,683.3,682.31,682.4,216.191
2026-09-02 10:33:00,682.4,683.21,682.11,683.19,168.253
2026-09-02 10:36:00,683.18,683.18,682.8,682.9,229.046
2026-09-02 10:39:00,682.9,682.9,682.02,682.27,127.641
2026-09-02 10:42:00,682.26,682.89,682.2,682.87,55.092
2026-09-02 10:45:00,682.87,682.91,682.4,682.46,130.85
2026-09-02 10:48:00,682.47,682.47,680.42,681.15,436.268
2026-09-02 10:51:00,681.15,681.32,680.41,681.32,371.234
2026-09-02 10:54:00,681.32,682.22,681.31,681.62,450.741
2026-09-02 10:57:00,681.62,683.02,681.62,683.01,158.022
2026-09-02 11:00:00,683.01,683.01,681.93,682.25,260.179
2026-09-02 11:03:00,682.24,682.24,681.36,681.37,165.652
2026-09-02 11:06:00,681.36,682.49,681.25,682.49,229.307
2026-09-02 11:09:00,682.49,682.95,682.23,682.56,258.127
2026-09-02 11:12:00,682.57,683.01,682.17,683.01,338.704
2026-09-02 11:15:00,683.01,683.1,682.41,682.42,155.179
2026-09-02 11:18:00,682.42,682.45,682.02,682.09,143.027
2026-09-02 11:21:00,682.08,682.09,680.96,680.96,273.314
2026-09-02 11:24:00,680.97,681.5,680.96,680.97,208.53
2026-09-02 11:27:00,680.97,682.0,680.97,682.0,157.718
2026-09-02 11:30:00,681.99,683.08,681.99,682.89,904.744
2026-09-02 11:33:00,682.89,683.97,682.86,683.74,272.232
2026-09-02 11:36:00,683.74,684.17,683.61,683.94,360.321
2026-09-02 11:39:00,683.95,684.21,683.92,683.93,208.665
2026-09-02 11:42:00,683.92,684.13,683.45,683.6,425.671
2026-09-02 11:45:00,683.6,683.6,682.96,683.07,142.797
2026-09-02 11:48:00,683.06,683.47,682.97,683.1,135.545
2026-09-02 11:51:00,683.09,683.61,683.09,683.35,60.276
2026-09-02 11:54:00,683.34,683.78,683.05,683.05,366.927
2026-09-02 11:57:00,683.06,683.89,683.05,683.84,175.09
2026-09-02 12:00:00,683.84,683.84,683.43,683.44,94.972
2026-09-02 12:03:00,683.43,683.43,682.86,683.16,90.83
2026-09-02 12:06:00,683.17,683.72,682.92,683.26,227.523
2026-09-02 12:09:00,683.25,683.85,683.12,683.73,116.663
2026-09-02 12:12:00,683.73,683.83,683.38,683.73,80.394
2026-09-02 12:15:00,683.72,684.4,683.2,684.36,179.395
2026-09-02 12:18:00,684.37,684.49,683.67,684.47,99.374
2026-09-02 12:21:00,684.48,685.71,684.48,685.44,499.414
2026-09-02 12:24:00,685.43,685.43,685.01,685.24,106.827
2026-09-02 12:27:00,685.24,685.39,685.14,685.14,63.34
2026-09-02 12:30:00,685.14,685.15,684.57,684.57,108.687
2026-09-02 12:33:00,684.6,684.85,684.43,684.53,231.203
2026-09-02 12:36:00,684.54,684.54,683.83,683.83,100.699
2026-09-02 12:39:00,683.83,684.36,683.82,684.33,87.293
2026-09-02 12:42:00,684.34,684.34,684.03,684.14,53.477
2026-09-02 12:45:00,684.13,684.14,683.83,683.97,74.591
2026-09-02 12:48:00,683.96,683.97,683.46,683.62,102.071
2026-09-02 12:51:00,683.61,683.62,683.19,683.29,86.964
2026-09-02 12:54:00,683.29,683.29,682.95,682.96,222.724
2026-09-02 12:57:00,682.96,683.17,682.95,683.16,114.187
2026-09-02 13:00:00,683.17,684.36,683.16,684.16,201.791
2026-09-02 13:03:00,684.16,684.75,684.16,684.74,192.75
2026-09-02 13:06:00,684.75,684.88,684.45,684.45,111.651
2026-09-02 13:09:00,684.45,684.52,684.2,684.47,77.937
2026-09-02 13:12:00,684.46,684.46,683.83,683.84,76.234
2026-09-02 13:15:00,683.83,684.36,683.8,684.35,116.578
2026-09-02 13:18:00,684.35,684.62,684.06,684.06,276.68
2026-09-02 13:21:00,684.05,684.21,683.76,684.05,141.803
2026-09-02 13:24:00,684.05,684.81,684.05,684.79,116.193
2026-09-02 13:27:00,684.8,685.16,684.79,684.89,145.342
2026-09-02 13:30:00,684.89,684.96,684.25,684.48,221.586
2026-09-02 13:33:00,684.48,684.66,683.95,684.09,223.282
2026-09-02 13:36:00,684.09,684.23,683.6,683.88,292.813
2026-09-02 13:39:00,683.88,685.28,683.77,685.27,275.029
2026-09-02 13:42:00,685.28,689.0,685.27,688.99,1365.682
2026-09-02 13:45:00,688.99,689.52,687.54,687.58,751.494
2026-09-02 13:48:00,687.58,688.34,686.83,686.95,596.196
2026-09-02 13:51:00,686.94,688.08,686.86,687.55,399.166
2026-09-02 13:54:00,687.54,687.55,686.65,687.34,248.386
2026-09-02 13:57:00,687.34,687.58,686.48,687.47,370.88
2026-09-02 14:00:00,687.47,688.14,687.23,688.13,217.811
2026-09-02 14:03:00,688.14,688.14,686.91,687.75,190.962
2026-09-02 14:06:00,687.75,688.57,687.69,688.57,223.444
2026-09-02 14:09:00,688.56,688.61,687.54,688.15,446.102
2026-09-02 14:12:00,688.15,688.5,687.71,688.45,215.338
2026-09-02 14:15:00,688.45,688.88,687.76,687.88,319.651
2026-09-02 14:18:00,687.87,688.39,687.76,688.15,1144.977
2026-09-02 14:21:00,688.16,689.21,688.16,688.52,228.673
2026-09-02 14:24:00,688.51,688.51,687.32,687.62,124.982
2026-09-02 14:27:00,687.62,688.14,687.61,688.07,178.525
2026-09-02 14:30:00,688.08,688.08,686.35,686.7,301.569
2026-09-02 14:33:00,686.7,687.26,686.22,687.21,210.371
2026-09-02 14:36:00,687.21,687.38,686.94,687.1,138.392
2026-09-02 14:39:00,687.1,687.71,687.0,687.69,291.433
2026-09-02 14:42:00,687.69,688.38,687.18,688.13,167.297
2026-09-02 14:45:00,688.13,688.24,687.42,687.6,199.159
2026-09-02 14:48:00,687.65,687.75,687.23,687.27,109.159
2026-09-02 14:51:00,687.25,687.38,686.61,686.62,235.883
2026-09-02 14:54:00,686.62,687.15,686.43,686.62,207.391
2026-09-02 14:57:00,686.62,686.62,686.04,686.06,132.077
2026-09-02 15:00:00,686.07,686.35,684.92,686.22,469.508
2026-09-02 15:03:00,686.21,687.2,686.11,686.4,325.042
2026-09-02 15:06:00,686.39,686.54,685.26,685.26,325.785
2026-09-02 15:09:00,685.27,685.33,684.54,684.65,267.893
2026-09-02 15:12:00,684.64,684.64,683.8,684.21,348.675
2026-09-02 15:15:00,684.23,684.8,684.16,684.43,336.291
2026-09-02 15:18:00,684.43,686.24,684.43,685.27,310.044
2026-09-02 15:21:00,685.26,685.4,684.82,685.03,169.298
2026-09-02 15:24:00,685.02,685.49,685.02,685.49,262.39
2026-09-02 15:27:00,685.49,686.38,685.49,685.95,207.831
2026-09-02 15:30:00,685.95,686.4,685.5,686.25,156.305
2026-09-02 15:33:00,686.25,687.4,686.25,687.11,258.268
2026-09-02 15:36:00,687.11,687.52,686.73,686.94,269.586
2026-09-02 15:39:00,686.95,687.18,686.46,687.17,210.516
2026-09-02 15:42:00,687.17,688.0,687.12,688.0,229.145
2026-09-02 15:45:00,688.0,688.0,686.7,686.84,185.649
2026-09-02 15:48:00,686.84,687.0,686.46,686.67,169.968
2026-09-02 15:51:00,686.67,686.87,686.52,686.87,99.243
2026-09-02 15:54:00,686.86,687.16,686.82,687.06,82.527
2026-09-02 15:57:00,687.06,687.62,687.05,687.61,131.914
2026-09-02 16:00:00,687.62,687.66,687.13,687.4,173.491
2026-09-02 16:03:00,687.4,688.0,687.28,687.28,150.716
2026-09-02 16:06:00,687.29,688.08,687.19,687.94,177.234
2026-09-02 16:09:00,687.93,688.31,687.63,688.08,377.624
2026-09-02 16:12:00,688.08,688.32,687.84,688.06,270.391
2026-09-02 16:15:00,688.06,688.23,687.79,688.2,114.297
2026-09-02 16:18:00,688.19,689.0,688.17,688.61,486.865
2026-09-02 16:21:00,688.61,688.87,688.3,688.47,460.001
2026-09-02 16:24:00,688.46,688.93,688.45,688.79,293.907
2026-09-02 16:27:00,688.79,688.79,687.9,688.17,465.51
2026-09-02 16:30:00,688.18,688.79,688.18,688.68,346.606
2026-09-02 16:33:00,688.68,688.68,687.51,687.69,478.514
2026-09-02 16:36:00,687.69,687.96,687.5,687.65,333.237
2026-09-02 16:39:00,687.64,687.78,686.93,687.07,314.333
2026-09-02 16:42:00,687.07,687.26,686.79,686.79,202.17
2026-09-02 16:45:00,686.78,687.17,686.66,686.87,377.932
2026-09-02 16:48:00,686.87,687.17,686.65,686.75,322.887
2026-09-02 16:51:00,686.75,686.85,686.62,686.85,144.674
2026-09-02 16:54:00,686.86,686.86,686.28,686.35,163.898
2026-09-02 16:57:00,686.34,686.35,686.1,686.1,206.12
2026-09-02 17:00:00,686.11,686.51,685.83,686.05,258.439
2026-09-02 17:03:00,686.05,686.22,685.84,685.94,152.365
2026-09-02 17:06:00,685.93,685.93,685.2,685.23,292.558
2026-09-02 17:09:00,685.23,685.97,685.23,685.96,125.22
2026-09-02 17:12:00,685.97,685.97,685.52,685.67,138.688
2026-09-02 17:15:00,685.67,685.89,685.36,685.38,595.931
2026-09-02 17:18:00,685.38,685.38,684.94,684.95,231.631
2026-09-02 17:21:00,684.95,685.4,684.65,685.28,141.025
2026-09-02 17:24:00,685.28,685.44,685.24,685.33,124.285
2026-09-02 17:27:00,685.33,685.61,685.2,685.61,92.792
2026-09-02 17:30:00,685.62,686.08,685.61,686.08,98.098
2026-09-02 17:33:00,686.08,686.64,686.08,686.28,74.419
2026-09-02 17:36:00,686.28,686.49,686.18,686.35,257.778
2026-09-02 17:39:00,686.35,686.5,686.0,686.22,104.67
2026-09-02 17:42:00,686.22,687.0,686.21,686.99,135.574
2026-09-02 17:45:00,686.99,687.77,686.99,687.62,182.705
2026-09-02 17:48:00,687.62,687.94,686.89,687.41,622.698
2026-09-02 17:51:00,687.41,687.41,687.19,687.26,92.032
2026-09-02 17:54:00,687.26,687.34,687.11,687.15,54.705
2026-09-02 17:57:00,687.15,687.85,687.15,687.73,56.529
2026-09-02 18:00:00,687.73,687.78,687.21,687.49,76.498
2026-09-02 18:03:00,687.49,687.5,687.13,687.24,79.147
2026-09-02 18:06:00,687.24,687.39,686.93,687.36,136.702
2026-09-02 18:09:00,687.37,687.65,687.2,687.2,64.351
2026-09-02 18:12:00,687.2,687.4,687.03,687.18,88.771
2026-09-02 18:15:00,687.19,687.62,687.15,687.19,98.477
2026-09-02 18:18:00,687.18,687.98,687.12,687.37,126.014
2026-09-02 18:21:00,687.38,687.72,687.13,687.5,183.974
2026-09-02 18:24:00,687.5,687.58,687.29,687.47,141.168
2026-09-02 18:27:00,687.47,687.53,686.86,686.93,151.646
2026-09-02 18:30:00,686.93,687.4,686.93,687.15,54.696
2026-09-02 18:33:00,687.14,687.59,686.94,687.12,177.194
2026-09-02 18:36:00,687.11,687.11,686.7,686.85,279.536
2026-09-02 18:39:00,686.85,686.99,686.27,686.99,153.016
2026-09-02 18:42:00,687.0,687.14,686.37,686.38,95.102
2026-09-02 18:45:00,686.37,686.42,686.0,686.19,193.584
2026-09-02 18:48:00,686.19,686.92,686.18,686.88,106.967
2026-09-02 18:51:00,686.89,686.94,686.72,686.94,55.128
2026-09-02 18:54:00,686.93,687.29,686.93,687.24,90.108
2026-09-02 18:57:00,687.25,687.25,686.85,687.14,109.226
2026-09-02 19:00:00,687.15,687.22,686.83,686.87,143.654
2026-09-02 19:03:00,686.87,687.16,686.87,687.04,77.273
2026-09-02 19:06:00,687.05,687.48,687.04,687.27,108.548
2026-09-02 19:09:00,687.27,687.95,687.27,687.7,350.683
2026-09-02 19:12:00,687.7,687.77,687.31,687.49,195.15
2026-09-02 19:15:00,687.5,687.69,686.8,686.82,59.643
2026-09-02 19:18:00,686.82,686.82,686.43,686.53,84.759
2026-09-02 19:21:00,686.53,686.95,686.52,686.61,121.604
2026-09-02 19:24:00,686.62,686.71,686.09,686.21,147.74
2026-09-02 19:27:00,686.2,686.21,685.65,685.65,130.677
2026-09-02 19:30:00,685.66,685.97,685.51,685.88,133.944
2026-09-02 19:33:00,685.89,686.01,685.53,685.65,89.911
2026-09-02 19:36:00,685.65,685.65,685.45,685.51,76.153
2026-09-02 19:39:00,685.51,686.23,685.46,686.01,119.952
2026-09-02 19:42:00,686.0,686.12,685.82,685.98,103.15
2026-09-02 19:45:00,685.98,686.08,685.73,685.73,48.901
2026-09-02 19:48:00,685.74,686.14,685.73,686.12,56.435
2026-09-02 19:51:00,686.12,686.3,685.94,685.94,60.775
2026-09-02 19:54:00,685.95,685.97,685.62,685.92,93.757
2026-09-02 19:57:00,685.92,686.61,685.92,686.61,127.471
2026-09-02 20:00:00,686.61,687.26,686.5,687.12,104.9
2026-09-02 20:03:00,687.12,687.72,687.09,687.45,199.445
2026-09-02 20:06:00,687.46,687.98,687.36,687.37,190.038
2026-09-02 20:09:00,687.37,687.56,687.28,687.47,77.243
2026-09-02 20:12:00,687.47,687.48,686.91,687.3,101.778
2026-09-02 20:15:00,687.3,687.3,686.84,686.85,67.815
2026-09-02 20:18:00,686.85,687.1,686.3,687.1,174.23
2026-09-02 20:21:00,687.1,687.8,687.09,687.75,62.947
2026-09-02 20:24:00,687.75,688.0,687.51,687.56,118.647
2026-09-02 20:27:00,687.55,687.55,687.11,687.13,20.355
2026-09-02 20:30:00,687.13,687.66,687.01,687.65,156.82
2026-09-02 20:33:00,687.65,687.99,687.36,687.99,148.66
2026-09-02 20:36:00,687.99,687.99,687.51,687.64,127.714
2026-09-02 20:39:00,687.64,687.73,687.05,687.12,109.123
2026-09-02 20:42:00,687.13,687.24,686.69,687.14,143.32
2026-09-02 20:45:00,687.14,687.34,686.66,687.34,322.174
2026-09-02 20:48:00,687.34,687.59,687.34,687.39,64.679
2026-09-02 20:51:00,687.39,687.85,687.33,687.82,20.593
2026-09-02 20:54:00,687.81,687.93,687.38,687.68,204.396
2026-09-02 20:57:00,687.68,687.69,687.51,687.52,111.082
2026-09-02 21:00:00,687.52,687.67,687.34,687.55,52.451
2026-09-02 21:03:00,687.55,688.0,687.55,687.76,110.711
2026-09-02 21:06:00,687.76,688.06,687.52,688.06,176.26
2026-09-02 21:09:00,688.06,688.06,687.71,687.85,30.458
2026-09-02 21:12:00,687.84,687.86,687.67,687.74,22.687
2026-09-02 21:15:00,687.74,687.79,687.35,687.47,117.679
2026-09-02 21:18:00,687.47,687.64,687.32,687.64,29.691
2026-09-02 21:21:00,687.65,687.9,687.64,687.88,34.457
2026-09-02 21:24:00,687.89,688.06,687.63,687.64,84.395
2026-09-02 21:27:00,687.64,687.85,687.56,687.56,80.121
2026-09-02 21:30:00,687.55,687.84,687.37,687.38,54.023
2026-09-02 21:33:00,687.38,687.59,687.27,687.59,11.827
2026-09-02 21:36:00,687.59,687.77,687.4,687.77,52.811
2026-09-02 21:39:00,687.77,688.26,687.77,688.05,97.16
2026-09-02 21:42:00,688.04,688.54,688.0,688.08,412.092
2026-09-02 21:45:00,688.07,688.07,687.3,687.66,602.136
2026-09-02 21:48:00,687.66,687.66,687.36,687.37,61.675
2026-09-02 21:51:00,687.37,687.64,687.1,687.38,103.157
2026-09-02 21:54:00,687.37,687.91,687.21,687.53,195.646
2026-09-02 21:57:00,687.53,687.53,687.11,687.12,31.207
2026-09-02 22:00:00,687.12,687.32,686.81,686.81,100.886
2026-09-02 22:03:00,686.82,686.89,686.4,686.49,45.213
2026-09-02 22:06:00,686.48,686.62,686.28,686.34,59.833
2026-09-02 22:09:00,686.35,686.44,686.05,686.44,55.025
2026-09-02 22:12:00,686.43,686.71,686.43,686.52,58.257
2026-09-02 22:15:00,686.52,686.57,686.08,686.52,63.672
2026-09-02 22:18:00,686.51,686.51,685.97,685.98,55.509
2026-09-02 22:21:00,685.98,686.04,685.69,685.78,45.309
2026-09-02 22:24:00,685.79,685.85,685.53,685.65,44.792
2026-09-02 22:27:00,685.64,685.71,685.45,685.71,57.737
2026-09-02 22:30:00,685.71,686.19,685.65,686.17,104.666
2026-09-02 22:33:00,686.17,686.31,686.11,686.24,31.945
2026-09-02 22:36:00,686.24,686.68,686.24,686.45,45.132
2026-09-02 22:39:00,686.45,686.74,686.44,686.56,16.083
2026-09-02 22:42:00,686.56,686.76,686.56,686.75,38.88
2026-09-02 22:45:00,686.75,686.75,686.29,686.53,77.832
2026-09-02 22:48:00,686.52,686.52,686.26,686.26,112.995
2026-09-02 22:51:00,686.27,686.4,686.11,686.16,98.386
2026-09-02 22:54:00,686.16,686.3,686.15,686.25,14.081
2026-09-02 22:57:00,686.24,686.25,686.18,686.18,11.091
2026-09-02 23:00:00,686.19,686.19,685.73,685.94,32.292
2026-09-02 23:03:00,685.94,686.69,685.94,686.68,118.763
2026-09-02 23:06:00,686.69,687.47,686.68,687.41,58.078
2026-09-02 23:09:00,687.41,687.52,687.4,687.49,38.055
2026-09-02 23:12:00,687.49,687.5,687.34,687.34,27.329
2026-09-02 23:15:00,687.35,687.35,686.71,686.74,139.363
2026-09-02 23:18:00,686.73,686.92,686.46,686.77,231.577
2026-09-02 23:21:00,686.77,686.77,686.61,686.69,28.82
2026-09-02 23:24:00,686.69,687.0,686.68,687.0,40.175
2026-09-02 23:27:00,687.0,687.12,686.98,687.05,15.43
2026-09-02 23:30:00,687.06,687.52,687.06,687.06,48.04
2026-09-02 23:33:00,687.07,687.24,687.0,687.03,28.634
2026-09-02 23:36:00,687.02,687.03,686.98,686.98,20.173
2026-09-02 23:39:00,686.98,687.03,686.82,686.85,25.92
2026-09-02 23:42:00,686.84,686.85,686.83,686.85,38.045
2026-09-02 23:45:00,686.84,687.49,686.84,687.48,42.043
2026-09-02 23:48:00,687.48,688.0,687.48,688.0,92.399
2026-09-02 23:51:00,688.0,688.4,687.98,688.22,128.331
2026-09-02 23:54:00,688.22,688.33,688.12,688.33,55.014
2026-09-02 23:57:00,688.33,688.99,688.32,688.84,382.871
2026-09-03 00:00:00,688.82,689.77,688.71,689.77,352.227
2026-09-03 00:03:00,689.77,689.92,689.33,689.43,206.986
2026-09-03 00:06:00,689.43,689.43,688.44,688.45,82.545
2026-09-03 00:09:00,688.45,688.8,688.2,688.64,145.168
2026-09-03 00:12:00,688.63,688.64,688.07,688.08,35.943
2026-09-03 00:15:00,688.08,688.19,687.59,687.88,58.185
2026-09-03 00:18:00,687.88,688.23,687.41,687.56,173.742
2026-09-03 00:21:00,687.56,688.25,687.54,688.16,86.21
2026-09-03 00:24:00,688.17,688.44,687.72,687.73,59.705
2026-09-03 00:27:00,687.72,687.78,687.57,687.68,59.95
2026-09-03 00:30:00,687.68,687.84,687.22,687.38,128.75
2026-09-03 00:33:00,687.37,687.38,686.67,686.78,82.907
2026-09-03 00:36:00,686.77,687.48,686.71,687.2,93.593
2026-09-03 00:39:00,687.2,687.81,687.19,687.77,59.898
2026-09-03 00:42:00,687.76,687.77,687.43,687.44,59.588
2026-09-03 00:45:00,687.45,687.75,687.29,687.58,85.912
2026-09-03 00:48:00,687.59,687.81,687.58,687.75,67.785
2026-09-03 00:51:00,687.75,687.93,687.58,687.75,127.569
2026-09-03 00:54:00,687.75,687.76,687.63,687.64,47.44
2026-09-03 00:57:00,687.63,688.1,687.3,687.3,315.786
2026-09-03 01:00:00,687.29,687.55,686.24,687.3,186.128
2026-09-03 01:03:00,687.3,688.39,687.11,688.37,161.337
2026-09-03 01:06:00,688.37,689.02,688.33,688.95,171.104
2026-09-03 01:09:00,688.95,689.19,688.6,689.07,130.596
2026-09-03 01:12:00,689.07,689.75,689.04,689.74,132.91
2026-09-03 01:15:00,689.73,689.96,689.25,689.81,322.901
2026-09-03 01:18:00,689.81,689.81,689.24,689.46,67.087
2026-09-03 01:21:00,689.45,689.88,689.33,689.87,246.435
2026-09-03 01:24:00,689.88,690.0,689.73,689.85,604.607
2026-09-03 01:27:00,689.85,691.0,689.84,691.0,548.128
2026-09-03 01:30:00,690.99,691.27,690.59,691.26,490.306
2026-09-03 01:33:00,691.27,691.6,691.0,691.06,122.182
2026-09-03 01:36:00,691.07,691.28,690.38,691.16,152.873
2026-09-03 01:39:00,691.16,691.7,690.92,691.46,476.955
2026-09-03 01:42:00,691.45,692.07,690.97,690.98,337.662
2026-09-03 01:45:00,690.97,690.97,690.4,690.41,104.301
2026-09-03 01:48:00,690.41,690.66,690.13,690.18,174.008
2026-09-03 01:51:00,690.19,691.26,690.18,690.92,162.994
2026-09-03 01:54:00,690.91,691.03,690.56,690.59,113.656
2026-09-03 01:57:00,690.59,690.6,690.09,690.1,147.932
2026-09-03 02:00:00,690.09,690.47,690.01,690.16,101.362
2026-09-03 02:03:00,690.17,690.31,690.0,690.15,118.567
2026-09-03 02:06:00,690.15,690.48,689.8,689.84,141.742
2026-09-03 02:09:00,689.83,690.73,689.8,690.69,74.925
2026-09-03 02:12:00,690.68,691.4,690.68,691.33,105.952
2026-09-03 02:15:00,691.34,691.4,690.94,691.08,61.883
2026-09-03 02:18:00,691.08,691.35,691.08,691.27,60.388
2026-09-03 02:21:00,691.26,691.51,691.15,691.45,115.039
2026-09-03 02:24:00,691.45,691.74,691.23,691.47,86.38
2026-09-03 02:27:00,691.47,692.07,691.44,692.07,111.471
2026-09-03 02:30:00,692.07,693.2,691.9,692.76,311.478
2026-09-03 02:33:00,692.77,694.0,692.77,693.65,316.495
2026-09-03 02:36:00,693.64,693.81,692.8,693.05,265.304
2026-09-03 02:39:00,693.04,693.8,693.04,693.79,240.496
2026-09-03 02:42:00,693.79,694.14,693.79,693.96,173.555
2026-09-03 02:45:00,693.95,693.98,693.5,693.95,159.176
2026-09-03 02:48:00,693.95,694.31,693.87,694.1,160.785
2026-09-03 02:51:00,694.1,695.0,694.04,694.44,593.183
2026-09-03 02:54:00,694.43,694.94,694.35,694.39,194.708
2026-09-03 02:57:00,694.38,694.55,694.15,694.26,81.761
2026-09-03 03:00:00,694.26,694.33,693.63,693.85,165.099
2026-09-03 03:03:00,693.85,693.85,693.23,693.29,105.53
2026-09-03 03:06:00,693.28,693.29,692.84,693.1,260.362
2026-09-03 03:09:00,693.1,693.18,693.0,693.03,361.121
2026-09-03 03:12:00,693.03,694.08,692.97,693.55,356.738
2026-09-03 03:15:00,693.55,693.55,692.26,692.72,538.18
2026-09-03 03:18:00,692.72,693.26,692.72,692.84,187.071
2026-09-03 03:21:00,692.85,692.97,692.47,692.47,86.092
2026-09-03 03:24:00,692.46,692.68,692.46,692.63,63.315
2026-09-03 03:27:00,692.63,692.73,692.41,692.45,82.366
2026-09-03 03:30:00,692.46,692.78,692.31,692.61,94.81
2026-09-03 03:33:00,692.61,692.71,692.32,692.33,84.468
2026-09-03 03:36:00,692.33,692.45,692.17,692.18,67.855
2026-09-03 03:39:00,692.18,692.33,691.98,691.99,80.595
2026-09-03 03:42:00,691.99,692.03,691.75,691.97,105.739
2026-09-03 03:45:00,691.97,692.06,691.81,692.0,102.629
2026-09-03 03:48:00,691.99,692.57,691.97,692.57,45.267
2026-09-03 03:51:00,692.57,692.77,692.56,692.7,39.357
2026-09-03 03:54:00,692.7,692.7,692.45,692.52,106.511
2026-09-03 03:57:00,692.52,692.61,692.46,692.6,49.93
2026-09-03 04:00:00,692.6,693.0,692.6,693.0,46.869
2026-09-03 04:03:00,693.0,693.26,692.84,693.04,101.799
2026-09-03 04:06:00,693.04,693.98,693.03,693.88,608.895
2026-09-03 04:09:00,693.88,694.28,692.78,693.19,597.842
2026-09-03 04:12:00,693.19,693.2,692.6,692.73,104.476
2026-09-03 04:15:00,692.73,692.75,692.18,692.55,104.285
2026-09-03 04:18:00,692.54,692.54,691.94,692.16,99.375
2026-09-03 04:21:00,692.16,692.54,692.0,692.53,87.781
2026-09-03 04:24:00,692.53,692.65,692.49,692.56,44.793
2026-09-03 04:27:00,692.56,692.63,692.09,692.16,50.57
2026-09-03 04:30:00,692.16,692.64,692.15,692.63,98.796
2026-09-03 04:33:00,692.64,692.77,692.29,692.29,77.921
2026-09-03 04:36:00,692.29,692.46,692.16,692.45,29.101
2026-09-03 04:39:00,692.45,692.54,692.24,692.24,50.255
2026-09-03 04:42:00,692.25,692.35,692.17,692.21,114.624
2026-09-03 04:45:00,692.21,692.85,692.21,692.72,76.09
2026-09-03 04:48:00,692.71,693.26,692.71,693.26,66.792
2026-09-03 04:51:00,693.26,694.49,693.26,694.43,174.512
2026-09-03 04:54:00,694.43,694.65,694.04,694.47,280.204
2026-09-03 04:57:00,694.47,694.73,694.29,694.73,213.59
2026-09-03 05:00:00,694.73,694.86,694.26,694.51,148.069
2026-09-03 05:03:00,694.5,694.5,694.03,694.18,76.15
2026-09-03 05:06:00,694.18,694.18,694.0,694.14,67.245
2026-09-03 05:09:00,694.13,694.17,693.69,693.71,163.022
2026-09-03 05:12:00,693.71,693.71,693.06,693.28,175.745
2026-09-03 05:15:00,693.28,693.5,692.62,692.77,166.613
2026-09-03 05:18:00,692.77,693.03,691.99,691.99,163.827
2026-09-03 05:21:00,691.98,692.03,690.33,690.78,291.714
2026-09-03 05:24:00,690.79,691.17,690.36,690.37,141.291
2026-09-03 05:27:00,690.36,690.84,689.77,690.81,199.579
2026-09-03 05:30:00,690.81,691.45,690.6,691.4,133.131
2026-09-03 05:33:00,691.41,692.21,691.4,692.12,121.712
2026-09-03 05:36:00,692.13,692.79,692.11,692.79,96.038
2026-09-03 05:39:00,692.79,693.26,692.69,693.25,111.131
2026-09-03 05:42:00,693.26,693.51,693.12,693.5,159.977
2026-09-03 05:45:00,693.51,693.51,692.94,693.51,269.276
2026-09-03 05:48:00,693.51,694.38,693.51,694.38,225.948
2026-09-03 05:51:00,694.38,695.09,694.37,694.71,504.647
2026-09-03 05:54:00,694.7,695.43,694.68,695.43,186.837
2026-09-03 05:57:00,695.43,695.48,695.12,695.37,153.449
2026-09-03 06:00:00,695.37,695.42,694.92,695.23,216.164
2026-09-03 06:03:00,695.23,695.24,694.84,695.02,138.416
2026-09-03 06:06:00,695.01,695.4,694.9,694.94,171.843
2026-09-03 06:09:00,694.95,695.54,694.8,695.05,267.773
2026-09-03 06:12:00,695.04,695.33,695.04,695.07,69.764
2026-09-03 06:15:00,695.08,696.0,694.91,695.51,229.179
2026-09-03 06:18:00,695.5,695.76,695.49,695.67,140.212
2026-09-03 06:21:00,695.67,695.98,695.54,695.91,234.854
2026-09-03 06:24:00,695.91,696.48,695.83,696.38,1319.164
2026-09-03 06:27:00,696.38,696.82,696.37,696.77,167.799
2026-09-03 06:30:00,696.77,696.77,695.87,695.88,132.56
2026-09-03 06:33:00,695.87,696.4,695.87,696.16,142.731
2026-09-03 06:36:00,696.16,696.88,696.16,696.88,125.495
2026-09-03 06:39:00,696.88,697.19,696.65,696.7,179.023
2026-09-03 06:42:00,696.69,697.19,696.69,697.19,181.794
2026-09-03 06:45:00,697.19,697.55,697.0,697.46,157.987
2026-09-03 06:48:00,697.47,697.47,697.12,697.17,135.895
2026-09-03 06:51:00,697.17,697.63,697.16,697.58,161.344
2026-09-03 06:54:00,697.58,698.71,697.44,698.43,476.118
2026-09-03 06:57:00,698.42,698.44,697.63,697.75,255.649
2026-09-03 07:00:00,697.75,698.51,697.66,698.5,195.376
2026-09-03 07:03:00,698.5,699.45,698.22,699.45,1380.68
2026-09-03 07:06:00,699.44,699.44,698.2,698.37,565.467
2026-09-03 07:09:00,698.38,698.64,697.76,698.47,291.076
2026-09-03 07:12:00,698.48,699.02,698.32,698.36,148.058
2026-09-03 07:15:00,698.36,698.41,697.68,697.88,361.97
2026-09-03 07:18:00,697.87,698.38,697.81,698.04,145.809
2026-09-03 07:21:00,698.04,698.5,697.96,698.21,143.787
2026-09-03 07:24:00,698.2,698.21,697.14,697.63,240.322
2026-09-03 07:27:00,697.63,698.2,697.34,697.74,243.363
2026-09-03 07:30:00,697.73,697.73,696.9,697.32,181.003
2026-09-03 07:33:00,697.33,697.97,697.29,697.67,178.252
2026-09-03 07:36:00,697.67,698.16,697.66,697.92,304.614
2026-09-03 07:39:00,697.92,699.0,697.91,699.0,442.788
2026-09-03 07:42:00,699.0,699.0,698.24,698.34,260.633
2026-09-03 07:45:00,698.34,698.76,697.7,697.84,193.065
2026-09-03 07:48:00,697.84,697.84,697.1,697.18,188.426
2026-09-03 07:51:00,697.18,697.6,697.01,697.41,101.628
2026-09-03 07:54:00,697.41,697.44,697.0,697.27,128.41
2026-09-03 07:57:00,697.26,698.15,697.26,697.96,267.948
2026-09-03 08:00:00,697.96,699.39,697.95,699.34,246.42
2026-09-03 08:03:00,699.34,701.22,699.33,700.69,1385.724
2026-09-03 08:06:00,700.69,701.68,700.47,701.04,428.586
2026-09-03 08:09:00,701.04,701.17,700.37,701.03,259.565
2026-09-03 08:12:00,701.04,701.76,700.74,701.47,648.281
2026-09-03 08:15:00,701.46,701.73,701.31,701.54,300.7
2026-09-03 08:18:00,701.54,702.97,701.3,702.18,1421.463
2026-09-03 08:21:00,702.18,702.46,701.36,701.54,336.997
2026-09-03 08:24:00,701.54,702.97,701.54,701.74,374.833
2026-09-03 08:27:00,701.74,702.98,701.74,702.93,220.122
2026-09-03 08:30:00,702.92,703.11,702.38,703.04,549.716
2026-09-03 08:33:00,703.04,703.25,702.55,702.55,231.964
2026-09-03 08:36:00,702.55,702.81,702.3,702.31,188.329
2026-09-03 08:39:00,702.31,702.4,701.15,701.37,404.224
2026-09-03 08:42:00,701.37,701.73,701.15,701.72,357.641
2026-09-03 08:45:00,701.73,702.0,701.48,701.71,206.177
2026-09-03 08:48:00,701.71,701.71,700.85,701.19,276.52
2026-09-03 08:51:00,701.2,701.2,700.89,701.13,143.168
2026-09-03 08:54:00,701.13,701.38,701.13,701.14,183.527
2026-09-03 08:57:00,701.15,701.6,701.15,701.26,143.252
2026-09-03 09:00:00,701.27,701.55,700.92,701.17,332.982
2026-09-03 09:03:00,701.17,701.58,701.11,701.44,78.821
2026-09-03 09:06:00,701.43,702.52,701.22,702.43,425.808
2026-09-03 09:09:00,702.42,702.49,701.74,702.18,260.796
2026-09-03 09:12:00,702.17,702.44,701.5,701.86,279.515
2026-09-03 09:15:00,701.86,702.94,701.84,702.94,257.058
2026-09-03 09:18:00,702.94,703.06,702.06,702.58,356.661
2026-09-03 09:21:00,702.58,702.84,702.38,702.54,82.558
2026-09-03 09:24:00,702.53,702.8,702.41,702.73,122.357
2026-09-03 09:27:00,702.74,702.74,701.6,701.61,240.762
2026-09-03 09:30:00,701.61,701.9,701.14,701.22,204.985
2026-09-03 09:33:00,701.23,701.56,701.02,701.1,216.397
2026-09-03 09:36:00,701.1,701.38,700.86,701.12,256.57
2026-09-03 09:39:00,701.13,701.24,700.43,700.44,150.844
2026-09-03 09:42:00,700.44,701.71,700.44,701.66,197.69
2026-09-03 09:45:00,701.66,702.89,701.66,702.27,238.206
2026-09-03 09:48:00,702.26,702.26,701.3,701.61,98.88
2026-09-03 09:51:00,701.61,702.0,701.4,701.55,142.807
2026-09-03 09:54:00,701.56,701.6,700.8,700.81,168.571
2026-09-03 09:57:00,700.81,701.03,700.78,700.79,69.839
2026-09-03 10:00:00,700.78,701.53,700.51,701.37,276.28
2026-09-03 10:03:00,701.37,702.08,701.3,701.66,217.045
2026-09-03 10:06:00,701.65,702.69,701.65,702.29,811.849
2026-09-03 10:09:00,702.29,702.62,701.83,701.95,302.165
2026-09-03 10:12:00,701.95,701.97,700.81,701.62,849.287
2026-09-03 10:15:00,701.63,701.85,701.22,701.74,145.794
2026-09-03 10:18:00,701.74,704.4,701.73,704.33,1213.336
2026-09-03 10:21:00,704.33,704.74,703.94,704.0,595.712
2026-09-03 10:24:00,704.0,704.0,702.73,703.17,211.367
2026-09-03 10:27:00,703.17,703.2,702.75,702.89,106.892
2026-09-03 10:30:00,702.89,702.89,702.25,702.56,159.172
2026-09-03 10:33:00,702.56,702.82,701.69,702.1,212.244
2026-09-03 10:36:00,702.1,702.18,701.0,701.24,217.61
2026-09-03 10:39:00,701.24,702.19,701.24,701.87,395.891
2026-09-03 10:42:00,701.88,702.35,701.6,702.33,468.324
2026-09-03 10:45:00,702.33,703.0,702.2,702.57,434.302
2026-09-03 10:48:00,702.57,702.95,702.56,702.76,211.756
2026-09-03 10:51:00,702.77,704.46,702.76,704.45,976.683
2026-09-03 10:54:00,704.45,705.99,704.44,705.26,873.81
2026-09-03 10:57:00,705.26,705.28,704.58,705.27,208.606
2026-09-03 11:00:00,705.28,707.0,705.08,706.43,1589.062
2026-09-03 11:03:00,706.43,706.43,704.86,705.88,738.15
2026-09-03 11:06:00,705.89,705.89,704.9,705.34,443.647
2026-09-03 11:09:00,705.34,706.1,705.34,706.01,579.816
2026-09-03 11:12:00,706.02,706.28,706.01,706.27,129.478
2026-09-03 11:15:00,706.27,708.61,706.27,707.62,808.098
2026-09-03 11:18:00,707.63,709.5,707.63,709.16,958.918
2026-09-03 11:21:00,709.16,709.32,707.9,708.41,401.031
2026-09-03 11:24:00,708.41,710.41,708.4,710.41,1156.079
2026-09-03 11:27:00,710.41,712.18,710.4,711.79,1648.158
2026-09-03 11:30:00,711.79,712.75,711.23,712.74,1220.619
2026-09-03 11:33:00,712.74,713.31,710.98,710.99,986.953
2026-09-03 11:36:00,710.98,711.42,709.48,709.93,830.831
2026-09-03 11:39:00,709.93,712.2,709.71,712.19,881.472
2026-09-03 11:42:00,712.19,713.86,712.16,713.69,1095.799
2026-09-03 11:45:00,713.69,715.57,713.33,713.33,2319.873
2026-09-03 11:48:00,713.34,714.84,711.84,714.71,1459.098
2026-09-03 11:51:00,714.71,715.43,711.26,711.35,1498.665
2026-09-03 11:54:00,711.35,712.53,711.03,712.22,882.945
2026-09-03 11:57:00,712.22,712.42,711.42,711.43,586.178
2026-09-03 12:00:00,711.43,712.39,711.43,712.13,396.996
2026-09-03 12:03:00,712.12,712.41,711.18,711.42,733.429
2026-09-03 12:06:00,711.41,711.99,710.93,711.31,311.734
2026-09-03 12:09:00,711.3,712.3,711.3,712.1,433.762
2026-09-03 12:12:00,712.09,712.1,710.51,710.81,334.332
2026-09-03 12:15:00,710.8,711.27,710.68,710.74,269.218
2026-09-03 12:18:00,710.74,711.06,710.6,710.67,167.108
2026-09-03 12:21:00,710.67,712.14,710.63,712.13,251.693
2026-09-03 12:24:00,712.14,712.23,711.28,711.4,248.053
2026-09-03 12:27:00,711.4,711.83,711.22,711.22,292.597
2026-09-03 12:30:00,711.23,714.55,710.68,713.56,1227.537
2026-09-03 12:33:00,713.55,714.25,713.27,713.46,571.285
2026-09-03 12:36:00,713.47,715.14,713.14,714.89,636.756
2026-09-03 12:39:00,714.89,715.02,713.89,714.23,561.252
2026-09-03 12:42:00,714.23,714.25,712.08,713.16,498.445
2026-09-03 12:45:00,713.16,714.14,713.08,713.86,340.009
2026-09-03 12:48:00,713.86,714.3,713.34,713.64,271.753
2026-09-03 12:51:00,713.64,714.55,713.63,714.5,317.017
2026-09-03 12:54:00,714.5,714.83,714.24,714.76,314.783
2026-09-03 12:57:00,714.76,715.0,713.53,713.73,492.967
2026-09-03 13:00:00,713.72,714.1,712.81,713.42,687.139
2026-09-03 13:03:00,713.42,714.72,713.36,713.77,1374.8
2026-09-03 13:06:00,713.76,713.86,712.76,713.01,482.695
2026-09-03 13:09:00,713.01,713.01,712.02,712.4,259.734
2026-09-03 13:12:00,712.4,712.8,711.99,712.23,378.29
2026-09-03 13:15:00,712.23,712.51,711.86,712.03,278.79
2026-09-03 13:18:00,712.02,712.51,711.87,712.33,434.671
2026-09-03 13:21:00,712.32,712.89,712.12,712.42,434.903
2026-09-03 13:24:00,712.41,712.66,711.46,711.68,283.207
2026-09-03 13:27:00,711.67,711.85,711.24,711.72,274.751
2026-09-03 13:30:00,711.73,712.61,711.21,712.61,305.686
2026-09-03 13:33:00,712.6,713.17,710.7,711.06,1158.371
2026-09-03 13:36:00,711.06,711.44,708.66,711.02,1587.765
2026-09-03 13:39:00,711.02,712.65,711.02,712.64,393.259
2026-09-03 13:42:00,712.64,712.64,712.0,712.07,196.879
2026-09-03 13:45:00,712.06,712.64,711.82,711.83,291.232
2026-09-03 13:48:00,711.82,712.5,711.69,712.45,279.787
2026-09-03 13:51:00,712.45,712.45,711.56,711.66,304.8
2026-09-03 13:54:00,711.66,711.7,711.14,711.25,367.92
2026-09-03 13:57:00,711.25,712.32,711.25,711.66,455.929
2026-09-03 14:00:00,711.66,712.34,711.0,712.08,394.241
2026-09-03 14:03:00,712.07,712.52,711.85,712.1,270.285
2026-09-03 14:06:00,712.11,712.89,712.1,712.78,313.477
2026-09-03 14:09:00,712.78,713.33,712.53,713.33,280.587
2026-09-03 14:12:00,713.33,713.6,713.02,713.47,365.645
2026-09-03 14:15:00,713.47,714.29,713.47,714.25,390.025
2026-09-03 14:18:00,714.24,714.5,713.71,714.44,476.577
2026-09-03 14:21:00,714.45,715.0,714.22,714.93,250.215
2026-09-03 14:24:00,714.94,716.53,714.94,716.33,1269.436
2026-09-03 14:27:00,716.34,717.14,716.02,717.07,798.96
2026-09-03 14:30:00,717.07,719.18,716.31,718.66,1842.35
2026-09-03 14:33:00,718.66,719.52,717.55,719.34,1028.381
2026-09-03 14:36:00,719.34,719.46,718.0,719.3,682.734
2026-09-03 14:39:00,719.29,719.46,718.08,718.42,698.171
2026-09-03 14:42:00,718.42,719.7,718.42,718.85,375.993
2026-09-03 14:45:00,718.85,720.0,718.82,719.75,1007.836
2026-09-03 14:48:00,719.75,721.94,719.44,720.66,3154.947
2026-09-03 14:51:00,720.67,721.27,719.45,720.93,980.004
2026-09-03 14:54:00,720.93,721.99,720.35,721.48,1552.306
2026-09-03 14:57:00,721.47,722.65,721.05,722.26,1224.593
2026-09-03 15:00:00,722.26,724.0,721.66,723.51,1483.222
2026-09-03 15:03:00,723.52,723.86,721.0,721.94,1233.906
2026-09-03 15:06:00,721.94,722.12,720.48,721.13,831.419
2026-09-03 15:09:00,721.13,721.28,719.17,719.27,999.69
2026-09-03 15:12:00,719.27,720.0,718.78,719.63,605.751
2026-09-03 15:15:00,719.63,720.0,718.58,719.45,539.522
2026-09-03 15:18:00,719.45,719.45,718.34,718.66,712.817
2026-09-03 15:21:00,718.66,719.99,718.6,719.99,708.642
2026-09-03 15:24:00,719.98,720.0,718.99,719.04,390.691
2026-09-03 15:27:00,719.03,719.36,718.83,718.86,275.088
2026-09-03 15:30:00,718.87,719.64,718.64,719.45,426.404
2026-09-03 15:33:00,719.46,720.11,719.31,719.62,658.616
2026-09-03 15:36:00,719.63,720.41,719.5,720.14,373.108
2026-09-03 15:39:00,720.14,721.34,719.88,721.12,657.13
2026-09-03 15:42:00,721.13,721.42,720.41,720.41,415.742
2026-09-03 15:45:00,720.41,720.65,720.2,720.63,937.831
2026-09-03 15:48:00,720.63,721.61,720.48,721.61,265.018
2026-09-03 15:51:00,721.61,724.4,721.61,724.26,1352.014
2026-09-03 15:54:00,724.26,724.85,724.0,724.85,1001.076
2026-09-03 15:57:00,724.85,728.0,724.44,727.56,3171.312
2026-09-03 16:00:00,727.62,727.98,725.44,725.5,1110.663
2026-09-03 16:03:00,725.51,725.76,720.2,723.5,3405.592
2026-09-03 16:06:00,723.51,724.11,722.05,723.65,962.936
2026-09-03 16:09:00,723.66,724.07,723.0,723.15,305.56
2026-09-03 16:12:00,723.14,723.14,721.43,721.7,971.38
2026-09-03 16:15:00,721.69,721.84,720.36,720.38,531.795
2026-09-03 16:18:00,720.38,720.64,719.85,720.59,463.882
2026-09-03 16:21:00,720.58,720.68,719.49,719.93,457.51
2026-09-03 16:24:00,719.94,720.23,719.07,719.68,552.058
2026-09-03 16:27:00,719.67,719.8,718.82,719.61,241.566
2026-09-03 16:30:00,719.61,720.89,719.61,720.84,382.684
2026-09-03 16:33:00,720.85,721.59,720.72,720.78,300.08
2026-09-03 16:36:00,720.79,721.36,720.51,721.16,776.971
2026-09-03 16:39:00,721.17,721.3,720.58,720.83,194.237
2026-09-03 16:42:00,720.82,721.33,720.52,721.2,340.201
2026-09-03 16:45:00,721.2,722.0,721.06,721.99,188.362
2026-09-03 16:48:00,722.0,722.64,722.0,722.43,331.276
2026-09-03 16:51:00,722.43,722.75,721.96,722.33,293.811
2026-09-03 16:54:00,722.33,722.86,722.33,722.7,118.079
2026-09-03 16:57:00,722.69,722.7,722.02,722.02,188.607
2026-09-03 17:00:00,722.03,722.44,721.72,722.01,147.836
2026-09-03 17:03:00,722.02,722.59,721.95,722.52,139.452
2026-09-03 17:06:00,722.52,722.6,721.79,721.91,248.067
2026-09-03 17:09:00,721.91,722.22,721.7,722.21,428.812
2026-09-03 17:12:00,722.21,722.61,722.03,722.42,358.054
2026-09-03 17:15:00,722.42,722.42,720.91,721.09,746.192
2026-09-03 17:18:00,721.09,721.36,719.79,720.3,594.556
2026-09-03 17:21:00,720.29,720.68,720.11,720.32,717.473
2026-09-03 17:24:00,720.31,720.47,719.84,720.47,657.079
2026-09-03 17:27:00,720.46,720.64,719.67,720.14,433.219
2026-09-03 17:30:00,720.14,721.04,720.13,721.04,347.186
2026-09-03 17:33:00,721.03,721.5,720.98,721.28,186.05
2026-09-03 17:36:00,721.28,722.17,721.28,721.75,224.725
2026-09-03 17:39:00,721.75,721.97,721.63,721.86,132.219
2026-09-03 17:42:00,721.86,722.07,721.53,721.8,119.43
2026-09-03 17:45:00,721.79,722.51,721.57,722.5,169.348
2026-09-03 17:48:00,722.51,722.75,722.31,722.53,331.466
2026-09-03 17:51:00,722.54,722.79,722.04,722.48,218.886
2026-09-03 17:54:00,722.48,722.49,721.75,722.0,280.104
2026-09-03 17:57:00,721.99,722.0,721.5,721.9,85.136
2026-09-03 18:00:00,721.9,722.15,721.45,722.05,325.112
2026-09-03 18:03:00,722.05,722.82,721.82,722.05,287.985
2026-09-03 18:06:00,722.04,722.99,721.85,722.6,196.099
2026-09-03 18:09:00,722.6,723.11,721.85,721.85,267.528
2026-09-03 18:12:00,721.86,722.47,721.11,722.15,828.892
2026-09-03 18:15:00,722.14,722.28,721.91,721.99,161.0
2026-09-03 18:18:00,722.0,722.04,721.67,721.82,103.021
2026-09-03 18:21:00,721.82,721.83,721.21,721.33,138.462
2026-09-03 18:24:00,721.34,721.79,720.32,720.61,173.511
2026-09-03 18:27:00,720.61,720.8,720.32,720.33,102.178
2026-09-03 18:30:00,720.33,720.62,720.03,720.56,238.299
2026-09-03 18:33:00,720.55,720.86,720.34,720.66,70.373
2026-09-03 18:36:00,720.66,720.69,720.45,720.63,86.822
2026-09-03 18:39:00,720.63,720.63,720.14,720.35,101.546
2026-09-03 18:42:00,720.35,720.53,719.97,720.52,146.739
2026-09-03 18:45:00,720.52,721.19,720.52,720.86,127.881
2026-09-03 18:48:00,720.86,721.54,720.79,721.54,100.479
2026-09-03 18:51:00,721.54,722.16,721.44,722.16,109.85
2026-09-03 18:54:00,722.16,722.28,721.83,722.22,52.383
2026-09-03 18:57:00,722.22,722.51,722.21,722.31,95.404
2026-09-03 19:00:00,722.3,722.69,722.05,722.42,72.682
2026-09-03 19:03:00,722.42,724.33,722.41,722.53,390.948
2026-09-03 19:06:00,722.54,722.66,721.49,721.7,266.225
2026-09-03 19:09:00,721.71,721.97,721.49,721.49,63.326
2026-09-03 19:12:00,721.5,721.78,721.46,721.57,102.006
2026-09-03 19:15:00,721.58,721.72,721.3,721.71,87.452
2026-09-03 19:18:00,721.71,723.16,721.65,723.16,221.813
2026-09-03 19:21:00,723.16,723.54,723.02,723.44,129.242
2026-09-03 19:24:00,723.45,724.4,723.25,724.02,321.026
2026-09-03 19:27:00,724.01,724.48,723.93,724.48,177.362
2026-09-03 19:30:00,724.48,724.88,723.67,723.79,515.618
2026-09-03 19:33:00,723.78,724.0,723.51,723.63,191.176
2026-09-03 19:36:00,723.64,724.35,723.64,724.35,175.079
2026-09-03 19:39:00,724.34,725.0,724.34,724.81,112.466
2026-09-03 19:42:00,724.82,724.82,724.08,724.53,82.309
2026-09-03 19:45:00,724.52,724.72,723.71,723.71,141.791
2026-09-03 19:48:00,723.7,723.84,722.75,723.26,198.172
2026-09-03 19:51:00,723.26,724.28,723.18,723.78,191.639
2026-09-03 19:54:00,723.77,724.3,723.32,724.13,271.403
2026-09-03 19:57:00,724.13,724.6,723.92,724.59,123.168
2026-09-03 20:00:00,724.6,724.89,722.52,723.42,206.985
2026-09-03 20:03:00,723.42,724.25,723.36,723.96,178.2
2026-09-03 20:06:00,723.96,724.67,723.8,724.59,192.14
2026-09-03 20:09:00,724.59,724.59,723.28,723.41,131.145
2026-09-03 20:12:00,723.41,723.58,722.92,722.93,124.797
2026-09-03 20:15:00,722.93,723.87,722.87,723.79,44.877
2026-09-03 20:18:00,723.79,723.79,722.91,723.03,80.189
2026-09-03 20:21:00,723.02,723.02,722.63,722.92,328.027
2026-09-03 20:24:00,722.91,723.34,722.58,723.34,110.734
2026-09-03 20:27:00,723.35,724.1,723.22,723.9,134.716
2026-09-03 20:30:00,723.9,724.3,723.36,723.44,91.127
2026-09-03 20:33:00,723.45,723.45,722.92,722.93,97.934
2026-09-03 20:36:00,722.92,724.06,722.43,724.06,141.381
2026-09-03 20:39:00,724.06,724.93,724.06,724.66,463.126
2026-09-03 20:42:00,724.65,724.77,724.31,724.54,154.045
2026-09-03 20:45:00,724.53,724.7,724.19,724.64,80.793
2026-09-03 20:48:00,724.65,724.92,724.42,724.82,115.377
2026-09-03 20:51:00,724.81,724.81,724.08,724.36,93.776
2026-09-03 20:54:00,724.36,724.6,724.09,724.59,503.412
2026-09-03 20:57:00,724.6,724.6,724.06,724.16,73.445
2026-09-03 21:00:00,724.17,724.68,724.17,724.28,89.441
2026-09-03 21:03:00,724.28,724.28,723.32,723.83,251.004
2026-09-03 21:06:00,723.83,724.09,723.58,723.77,51.498
2026-09-03 21:09:00,723.77,724.83,723.66,724.65,183.724
2026-09-03 21:12:00,724.65,725.49,724.64,725.48,242.118
2026-09-03 21:15:00,725.47,725.87,725.27,725.77,118.189
2026-09-03 21:18:00,725.76,725.76,725.4,725.64,62.476
2026-09-03 21:21:00,725.64,725.65,724.52,724.52,153.103
2026-09-03 21:24:00,724.52,724.68,724.28,724.68,73.433
2026-09-03 21:27:00,724.67,725.23,724.67,725.22,202.123
2026-09-03 21:30:00,725.23,726.36,725.23,726.26,396.352
2026-09-03 21:33:00,726.26,727.58,725.62,726.23,455.976
2026-09-03 21:36:00,726.23,726.23,724.8,724.83,196.579
2026-09-03 21:39:00,724.82,724.96,724.19,724.63,215.668
2026-09-03 21:42:00,724.63,724.79,724.08,724.62,335.069
2026-09-03 21:45:00,724.63,724.63,723.49,724.32,365.457
2026-09-03 21:48:00,724.32,724.98,724.17,724.98,48.806
2026-09-03 21:51:00,724.98,725.69,724.98,725.46,176.849
2026-09-03 21:54:00,725.45,725.94,725.31,725.33,145.432
2026-09-03 21:57:00,725.33,725.37,724.9,724.97,51.039
2026-09-03 22:00:00,724.97,725.32,723.69,724.33,126.953
2026-09-03 22:03:00,724.34,725.2,723.94,724.9,113.904
2026-09-03 22:06:00,724.9,725.06,724.09,724.54,287.172
2026-09-03 22:09:00,724.54,724.63,724.02,724.43,183.352
2026-09-03 22:12:00,724.45,724.66,723.93,724.63,479.601
2026-09-03 22:15:00,724.63,725.48,724.63,725.47,112.633
2026-09-03 22:18:00,725.48,725.52,724.64,724.65,126.802
2026-09-03 22:21:00,724.66,725.4,724.66,724.73,82.975
2026-09-03 22:24:00,724.73,724.73,723.5,723.5,149.545
2026-09-03 22:27:00,723.5,723.51,722.25,722.38,392.351
2026-09-03 22:30:00,722.38,722.57,721.28,721.35,254.517
2026-09-03 22:33:00,721.35,721.51,720.58,721.32,412.017
2026-09-03 22:36:00,721.31,722.32,721.31,722.3,177.225
2026-09-03 22:39:00,722.29,723.04,722.03,723.0,749.759
2026-09-03 22:42:00,723.0,723.24,722.91,723.19,103.099
2026-09-03 22:45:00,723.2,723.78,723.2,723.22,113.351
2026-09-03 22:48:00,723.22,723.22,722.72,722.92,259.02
2026-09-03 22:51:00,722.91,723.57,722.71,723.56,69.407
2026-09-03 22:54:00,723.56,723.7,723.12,723.69,87.049
2026-09-03 22:57:00,723.69,724.01,723.47,723.65,99.917
2026-09-03 23:00:00,723.65,723.97,723.31,723.97,50.188
2026-09-03 23:03:00,723.97,724.38,723.65,724.38,129.909
2026-09-03 23:06:00,724.38,724.38,724.05,724.35,94.925
2026-09-03 23:09:00,724.35,724.4,723.69,723.83,67.33
2026-09-03 23:12:00,723.83,724.0,723.46,723.74,246.682
2026-09-03 23:15:00,723.74,724.12,723.54,724.12,218.841
2026-09-03 23:18:00,724.11,724.72,724.11,724.72,95.827
2026-09-03 23:21:00,724.71,724.71,723.96,724.05,174.746
2026-09-03 23:24:00,724.04,724.53,724.0,724.46,57.254
2026-09-03 23:27:00,724.45,724.75,724.33,724.75,151.705
2026-09-03 23:30:00,724.74,724.75,723.77,723.9,54.86
2026-09-03 23:33:00,723.9,724.22,723.71,724.09,88.31
2026-09-03 23:36:00,724.1,725.15,724.1,725.15,232.267
2026-09-03 23:39:00,725.15,725.43,725.03,725.13,154.361
2026-09-03 23:42:00,725.13,725.13,724.36,724.55,150.849
2026-09-03 23:45:00,724.56,724.68,724.11,724.11,172.741
2026-09-03 23:48:00,724.1,724.99,724.1,724.7,377.361
2026-09-03 23:51:00,724.7,725.22,724.7,725.01,138.706
2026-09-03 23:54:00,725.01,725.38,724.9,725.37,152.078
2026-09-03 23:57:00,725.37,725.37,725.14,725.22,67.932
2026-09-04 00:00:00,725.22,725.38,725.04,725.05,275.748
2026-09-04 00:03:00,725.05,725.19,724.46,724.98,300.734
2026-09-04 00:06:00,724.98,725.23,724.4,724.48,120.913
2026-09-04 00:09:00,724.48,725.28,724.47,724.96,271.324
2026-09-04 00:12:00,724.96,725.66,724.55,725.65,990.657
2026-09-04 00:15:00,725.66,727.92,725.65,727.31,582.691
2026-09-04 00:18:00,727.31,727.68,726.5,727.11,408.828
2026-09-04 00:21:00,727.1,727.31,726.69,727.26,250.704
2026-09-04 00:24:00,727.27,727.35,725.84,725.84,108.984
2026-09-04 00:27:00,725.84,726.45,725.64,726.24,216.588
2026-09-04 00:30:00,726.23,727.22,725.76,727.13,336.574
2026-09-04 00:33:00,727.13,727.55,726.88,727.5,218.173
2026-09-04 00:36:00,727.51,727.99,727.0,727.78,275.787
2026-09-04 00:39:00,727.77,728.83,727.58,728.83,897.776
2026-09-04 00:42:00,728.83,729.9,727.43,728.15,1267.131
2026-09-04 00:45:00,728.16,728.18,726.31,726.59,387.73
2026-09-04 00:48:00,726.58,726.58,723.71,724.15,934.676
2026-09-04 00:51:00,724.14,725.51,723.83,724.54,296.281
2026-09-04 00:54:00,724.54,724.54,723.45,723.46,261.878
2026-09-04 00:57:00,723.46,723.46,721.54,721.66,1110.917
2026-09-04 01:00:00,721.66,723.25,721.66,723.13,584.953
2026-09-04 01:03:00,723.12,723.12,721.76,722.44,344.86
2026-09-04 01:06:00,722.44,723.78,722.44,723.45,475.878
2026-09-04 01:09:00,723.45,723.73,722.76,723.41,554.322
2026-09-04 01:12:00,723.4,723.5,722.03,722.45,197.067
2026-09-04 01:15:00,722.46,723.0,722.45,722.68,96.843
2026-09-04 01:18:00,722.67,722.84,722.22,722.76,135.7
2026-09-04 01:21:00,722.76,723.2,721.19,721.34,362.497
2026-09-04 01:24:00,721.34,721.54,720.83,721.2,608.043
2026-09-04 01:27:00,721.2,721.2,719.88,720.2,2367.756
2026-09-04 01:30:00,720.2,721.04,719.97,720.18,687.056
2026-09-04 01:33:00,720.18,720.35,719.41,720.05,395.755
2026-09-04 01:36:00,720.05,720.51,719.87,720.34,361.68
2026-09-04 01:39:00,720.34,720.35,719.71,720.14,250.458
2026-09-04 01:42:00,720.14,720.14,718.22,719.35,969.071
2026-09-04 01:45:00,719.35,720.09,719.0,720.08,195.668
2026-09-04 01:48:00,720.08,721.0,720.08,721.0,257.747
2026-09-04 01:51:00,721.0,721.91,720.99,721.91,157.745
2026-09-04 01:54:00,721.91,722.12,721.69,722.08,294.117
2026-09-04 01:57:00,722.07,722.56,722.07,722.3,284.647
2026-09-04 02:00:00,722.3,722.3,721.6,721.99,100.889
2026-09-04 02:03:00,722.0,722.0,721.4,721.79,206.424
2026-09-04 02:06:00,721.8,722.0,721.39,721.4,118.914
2026-09-04 02:09:00,721.4,721.74,721.34,721.52,128.289
2026-09-04 02:12:00,721.52,721.91,721.44,721.9,241.452
2026-09-04 02:15:00,721.89,722.56,721.81,722.11,136.501
2026-09-04 02:18:00,722.11,722.11,721.25,721.35,312.47
2026-09-04 02:21:00,721.35,721.41,720.8,721.24,291.363
2026-09-04 02:24:00,721.24,721.37,720.27,720.6,512.103
2026-09-04 02:27:00,720.6,721.4,720.6,721.4,176.472
2026-09-04 02:30:00,721.4,722.43,721.4,722.35,198.718
2026-09-04 02:33:00,722.35,722.35,721.62,721.81,119.407
2026-09-04 02:36:00,721.81,722.8,721.63,722.79,351.77
2026-09-04 02:39:00,722.8,723.41,722.8,723.41,159.717
2026-09-04 02:42:00,723.4,723.63,723.12,723.13,101.26
2026-09-04 02:45:00,723.13,723.13,722.4,722.41,127.929
2026-09-04 02:48:00,722.4,722.77,722.35,722.47,110.331
2026-09-04 02:51:00,722.47,723.24,722.47,723.23,295.928
2026-09-04 02:54:00,723.24,723.84,723.06,723.84,100.596
2026-09-04 02:57:00,723.83,724.32,723.8,724.2,105.381
2026-09-04 03:00:00,724.21,724.59,724.17,724.37,168.756
2026-09-04 03:03:00,724.38,724.61,724.01,724.46,134.023
2026-09-04 03:06:00,724.46,725.19,724.39,724.4,285.462
2026-09-04 03:09:00,724.39,724.64,724.13,724.13,195.443
2026-09-04 03:12:00,724.13,724.82,724.03,724.82,193.287
2026-09-04 03:15:00,724.81,725.06,724.48,724.54,175.004
2026-09-04 03:18:00,724.54,724.93,724.5,724.73,109.616
2026-09-04 03:21:00,724.72,724.93,724.52,724.79,186.681
2026-09-04 03:24:00,724.79,724.93,724.2,724.26,109.629
2026-09-04 03:27:00,724.26,724.93,724.26,724.88,596.521
2026-09-04 03:30:00,724.88,725.15,724.02,724.35,707.82
2026-09-04 03:33:00,724.36,724.45,723.78,724.45,118.302
2026-09-04 03:36:00,724.45,724.49,723.79,724.3,97.375
2026-09-04 03:39:00,724.3,724.44,724.2,724.3,47.717
2026-09-04 03:42:00,724.3,724.6,724.21,724.41,121.984
2026-09-04 03:45:00,724.42,724.42,723.72,723.87,157.272
2026-09-04 03:48:00,723.87,724.09,723.81,723.9,101.425
2026-09-04 03:51:00,723.9,724.15,723.81,724.15,79.27
2026-09-04 03:54:00,724.15,724.4,724.09,724.1,176.082
2026-09-04 03:57:00,724.1,724.2,723.51,723.54,214.838
2026-09-04 04:00:00,723.54,724.23,723.53,724.07,221.443
2026-09-04 04:03:00,724.07,724.19,724.0,724.17,102.974
2026-09-04 04:06:00,724.17,724.17,723.85,724.0,103.472
2026-09-04 04:09:00,724.0,724.0,723.55,723.95,100.972
2026-09-04 04:12:00,723.95,724.51,723.95,724.51,85.396
2026-09-04 04:15:00,724.5,725.86,724.35,725.42,734.83
2026-09-04 04:18:00,725.41,725.91,725.28,725.91,230.885
2026-09-04 04:21:00,725.9,727.13,725.9,727.12,442.232
2026-09-04 04:24:00,727.13,727.73,726.61,727.5,579.748
2026-09-04 04:27:00,727.51,729.36,727.5,728.65,884.367
2026-09-04 04:30:00,728.65,728.91,727.48,727.62,345.164
2026-09-04 04:33:00,727.62,727.75,726.48,727.28,440.682
2026-09-04 04:36:00,727.29,727.52,726.49,726.5,566.696
2026-09-04 04:39:00,726.5,726.5,725.93,726.17,199.453
2026-09-04 04:42:00,726.16,726.16,725.47,726.06,472.815
2026-09-04 04:45:00,726.05,726.76,725.98,726.41,193.623
2026-09-04 04:48:00,726.41,726.52,725.68,726.0,421.537
2026-09-04 04:51:00,725.99,726.57,725.99,726.14,154.044
2026-09-04 04:54:00,726.15,726.54,726.02,726.18,144.9
2026-09-04 04:57:00,726.18,726.24,726.01,726.01,201.663
2026-09-04 05:00:00,726.02,726.16,725.52,726.14,380.901
2026-09-04 05:03:00,726.14,726.28,725.65,725.88,181.384
2026-09-04 05:06:00,725.88,726.62,725.88,726.54,125.405
2026-09-04 05:09:00,726.55,726.55,725.1,725.4,302.316
2026-09-04 05:12:00,725.39,725.59,724.95,724.96,180.724
2026-09-04 05:15:00,724.95,725.42,724.68,725.42,341.37
2026-09-04 05:18:00,725.43,725.68,725.0,725.0,222.82
2026-09-04 05:21:00,725.0,725.23,724.73,725.0,192.915
2026-09-04 05:24:00,725.0,725.27,724.44,724.92,302.362
2026-09-04 05:27:00,724.92,724.93,724.44,724.45,76.059
2026-09-04 05:30:00,724.44,724.44,723.42,723.78,254.026
2026-09-04 05:33:00,723.79,724.18,723.71,723.79,98.57
2026-09-04 05:36:00,723.79,725.18,723.79,724.4,406.531
2026-09-04 05:39:00,724.4,724.41,723.59,723.99,272.48
2026-09-04 05:42:00,723.98,724.49,723.89,724.49,88.697
2026-09-04 05:45:00,724.5,725.04,724.12,724.12,262.856
2026-09-04 05:48:00,724.12,724.12,723.13,723.14,165.575
2026-09-04 05:51:00,723.14,723.46,723.13,723.19,173.11
2026-09-04 05:54:00,723.2,724.61,723.18,724.61,450.049
2026-09-04 05:57:00,724.61,725.18,724.27,724.83,411.39
2026-09-04 06:00:00,724.83,725.01,724.04,724.19,334.062
2026-09-04 06:03:00,724.19,724.29,723.84,723.87,359.95
2026-09-04 06:06:00,723.88,725.08,723.88,724.98,342.609
2026-09-04 06:09:00,724.98,725.23,724.64,724.79,345.303
2026-09-04 06:12:00,724.79,725.39,724.23,724.24,149.492
2026-09-04 06:15:00,724.23,724.24,723.57,723.58,46.606
2026-09-04 06:18:00,723.58,723.91,723.33,723.39,65.428
2026-09-04 06:21:00,723.38,723.44,723.06,723.09,84.998
2026-09-04 06:24:00,723.09,723.09,721.69,721.7,235.698
2026-09-04 06:27:00,721.7,721.89,721.21,721.32,376.214
2026-09-04 06:30:00,721.32,721.39,720.59,721.01,199.751
2026-09-04 06:33:00,721.0,721.32,720.73,721.32,108.731
2026-09-04 06:36:00,721.31,721.34,720.0,721.08,413.907
2026-09-04 06:39:00,721.07,721.37,721.02,721.37,336.213
2026-09-04 06:42:00,721.36,721.93,721.25,721.5,254.963
2026-09-04 06:45:00,721.5,721.55,720.8,720.8,98.634
2026-09-04 06:48:00,720.81,720.98,720.35,720.36,200.463
2026-09-04 06:51:00,720.35,720.42,719.81,720.31,313.612
2026-09-04 06:54:00,720.31,720.92,720.3,720.65,177.685
2026-09-04 06:57:00,720.64,720.65,720.02,720.35,301.729
2026-09-04 07:00:00,720.35,720.97,720.2,720.7,254.872
2026-09-04 07:03:00,720.7,721.28,720.68,721.28,238.211
2026-09-04 07:06:00,721.27,721.59,721.04,721.33,363.025
2026-09-04 07:09:00,721.34,722.28,721.03,722.28,615.231
2026-09-04 07:12:00,722.28,722.45,721.81,721.97,333.192
2026-09-04 07:15:00,721.96,721.97,721.55,721.55,357.573
2026-09-04 07:18:00,721.56,721.96,721.56,721.56,163.162
2026-09-04 07:21:00,721.55,721.56,721.17,721.36,385.947
2026-09-04 07:24:00,721.36,721.41,721.08,721.08,302.27
2026-09-04 07:27:00,721.08,721.32,720.6,720.61,208.889
2026-09-04 07:30:00,720.61,720.77,719.5,719.76,813.312
2026-09-04 07:33:00,719.77,720.12,716.51,716.95,1657.286
2026-09-04 07:36:00,716.95,716.96,715.45,716.77,1161.09
2026-09-04 07:39:00,716.76,716.86,716.2,716.47,397.072
2026-09-04 07:42:00,716.46,716.47,715.84,716.01,395.099
2026-09-04 07:45:00,716.01,716.15,714.69,715.4,811.315
2026-09-04 07:48:00,715.39,715.78,715.39,715.4,528.959
2026-09-04 07:51:00,715.41,715.77,714.33,714.45,656.383
2026-09-04 07:54:00,714.44,715.09,714.2,715.09,667.112
2026-09-04 07:57:00,715.09,715.09,714.11,714.5,314.686
2026-09-04 08:00:00,714.51,715.05,713.9,714.38,405.94
2026-09-04 08:03:00,714.38,714.92,713.75,714.92,448.223
2026-09-04 08:06:00,714.92,716.27,714.92,716.15,340.643
2026-09-04 08:09:00,716.15,716.41,715.91,716.0,334.578
2026-09-04 08:12:00,716.0,716.58,715.91,716.36,255.816
2026-09-04 08:15:00,716.36,717.21,716.06,717.14,476.312
2026-09-04 08:18:00,717.13,717.18,716.78,716.81,497.768
2026-09-04 08:21:00,716.81,717.5,716.52,717.5,249.484
2026-09-04 08:24:00,717.49,718.04,717.49,717.88,302.879
2026-09-04 08:27:00,717.88,718.17,717.76,718.01,224.462
2026-09-04 08:30:00,718.01,718.42,717.84,717.98,311.435
2026-09-04 08:33:00,717.99,718.35,717.67,717.68,302.709
2026-09-04 08:36:00,717.67,717.94,717.28,717.4,355.839
2026-09-04 08:39:00,717.4,717.68,717.19,717.48,443.285
2026-09-04 08:42:00,717.47,717.48,716.93,717.09,400.86
2026-09-04 08:45:00,717.09,718.48,716.27,716.85,738.173
2026-09-04 08:48:00,716.85,718.81,716.62,718.53,527.428
2026-09-04 08:51:00,718.53,719.19,717.96,719.03,337.427
2026-09-04 08:54:00,719.02,719.49,718.7,718.74,365.537
2026-09-04 08:57:00,718.74,719.27,718.7,719.08,246.284
2026-09-04 09:00:00,719.08,719.5,718.61,719.37,261.787
2026-09-04 09:03:00,719.37,719.94,718.94,719.94,361.676
2026-09-04 09:06:00,719.93,719.93,719.37,719.47,185.77
2026-09-04 09:09:00,719.48,719.79,719.19,719.76,333.962
2026-09-04 09:12:00,719.76,720.0,719.27,719.64,251.74
2026-09-04 09:15:00,719.65,720.47,719.11,720.4,597.028
2026-09-04 09:18:00,720.39,720.78,719.01,719.14,348.946
2026-09-04 09:21:00,719.15,719.15,717.95,718.26,282.363
2026-09-04 09:24:00,718.26,718.26,717.3,717.77,184.087
2026-09-04 09:27:00,717.77,718.52,717.77,718.17,118.995
2026-09-04 09:30:00,718.16,719.35,717.79,719.35,250.537
2026-09-04 09:33:00,719.34,719.47,718.37,718.66,97.966
2026-09-04 09:36:00,718.67,719.6,718.67,719.6,86.366
2026-09-04 09:39:00,719.6,719.92,719.15,719.51,402.314
2026-09-04 09:42:00,719.52,719.52,719.04,719.05,145.545
2026-09-04 09:45:00,719.04,719.56,719.04,719.05,115.631
2026-09-04 09:48:00,719.05,719.15,718.74,718.83,188.602
2026-09-04 09:51:00,718.83,719.1,718.61,719.04,234.32
2026-09-04 09:54:00,719.04,719.46,719.04,719.1,287.038
2026-09-04 09:57:00,719.1,719.32,718.79,718.8,414.477
2026-09-04 10:00:00,718.81,718.91,718.04,718.9,260.858
2026-09-04 10:03:00,718.9,718.9,718.0,718.01,370.572
2026-09-04 10:06:00,718.01,718.01,717.5,717.73,175.16
2026-09-04 10:09:00,717.73,717.73,716.82,717.32,332.064
2026-09-04 10:12:00,717.33,717.6,716.83,716.93,173.358
2026-09-04 10:15:00,716.93,717.0,715.98,716.21,334.575
2026-09-04 10:18:00,716.21,717.81,716.2,717.52,421.11
2026-09-04 10:21:00,717.52,717.88,717.5,717.59,179.008
2026-09-04 10:24:00,717.58,718.76,717.54,718.32,332.29
2026-09-04 10:27:00,718.32,719.57,718.16,719.49,172.52
2026-09-04 10:30:00,719.48,720.31,718.99,720.23,248.2
2026-09-04 10:33:00,720.23,720.52,719.34,719.7,579.321
2026-09-04 10:36:00,719.7,721.05,719.7,720.81,285.789
2026-09-04 10:39:00,720.8,722.15,720.71,721.52,417.157
2026-09-04 10:42:00,721.51,721.63,720.98,721.41,154.3
2026-09-04 10:45:00,721.4,721.86,721.05,721.71,147.616
2026-09-04 10:48:00,721.71,721.71,721.04,721.05,209.954
2026-09-04 10:51:00,721.04,721.38,720.64,721.11,172.07
2026-09-04 10:54:00,721.12,722.13,721.11,721.84,223.814
2026-09-04 10:57:00,721.83,722.52,721.58,722.52,292.906
2026-09-04 11:00:00,722.52,722.76,721.86,722.04,202.018
2026-09-04 11:03:00,722.04,722.79,722.02,722.56,291.815
2026-09-04 11:06:00,722.56,724.0,722.55,723.86,558.873
2026-09-04 11:09:00,723.87,723.87,722.8,722.92,266.063
2026-09-04 11:12:00,722.92,723.48,722.74,723.48,67.073
2026-09-04 11:15:00,723.48,724.0,723.39,723.59,320.447
2026-09-04 11:18:00,723.58,723.79,723.25,723.25,338.2
2026-09-04 11:21:00,723.27,724.08,723.0,723.98,194.424
2026-09-04 11:24:00,723.98,724.71,723.92,724.56,240.396
2026-09-04 11:27:00,724.55,724.69,724.39,724.46,239.746
2026-09-04 11:30:00,724.45,724.76,724.08,724.51,619.411
2026-09-04 11:33:00,724.51,724.65,723.92,724.39,197.141
2026-09-04 11:36:00,724.38,724.77,724.28,724.55,126.349
2026-09-04 11:39:00,724.55,724.56,724.09,724.17,126.791
2026-09-04 11:42:00,724.16,724.79,724.12,724.76,208.417
2026-09-04 11:45:00,724.76,724.77,724.43,724.73,211.342
2026-09-04 11:48:00,724.74,724.77,724.58,724.77,101.632
2026-09-04 11:51:00,724.77,725.05,724.0,724.06,523.983
2026-09-04 11:54:00,724.06,724.7,723.76,724.32,107.324
2026-09-04 11:57:00,724.31,724.52,724.14,724.39,133.787
2026-09-04 12:00:00,724.4,724.92,723.73,724.4,252.602
2026-09-04 12:03:00,724.41,725.13,724.12,724.83,236.216
2026-09-04 12:06:00,724.82,725.23,724.21,725.11,190.222
2026-09-04 12:09:00,725.11,726.34,725.07,725.7,507.556
2026-09-04 12:12:00,725.7,726.11,725.2,725.9,372.215
2026-09-04 12:15:00,725.89,725.9,724.87,725.35,374.502
2026-09-04 12:18:00,725.35,725.35,724.84,725.13,163.698
2026-09-04 12:21:00,725.13,725.13,724.35,724.64,227.874
2026-09-04 12:24:00,724.63,726.54,724.63,726.51,205.569
2026-09-04 12:27:00,726.5,727.35,726.45,726.97,551.641
2026-09-04 12:30:00,726.96,726.96,712.02,715.36,7650.104
2026-09-04 12:33:00,715.35,717.88,713.5,716.77,2375.436
2026-09-04 12:36:00,716.78,717.82,714.12,717.54,3566.701
2026-09-04 12:39:00,717.53,719.59,717.4,719.48,713.565
2026-09-04 12:42:00,719.48,720.18,715.46,715.86,813.472
2026-09-04 12:45:00,715.86,715.88,710.52,713.51,4057.052
2026-09-04 12:48:00,713.51,715.56,713.35,715.56,1217.991
2026-09-04 12:51:00,715.57,716.76,715.54,716.73,493.221
2026-09-04 12:54:00,716.74,716.85,714.03,714.2,886.593
2026-09-04 12:57:00,714.21,716.44,714.02,715.2,445.694
2026-09-04 13:00:00,715.2,716.68,714.76,716.48,747.301
2026-09-04 13:03:00,716.48,716.8,714.67,715.0,448.927
2026-09-04 13:06:00,715.0,715.3,713.73,715.27,639.645
2026-09-04 13:09:00,715.27,715.72,714.26,714.96,393.893
2026-09-04 13:12:00,714.95,715.13,713.91,714.19,349.007
2026-09-04 13:15:00,714.2,716.58,713.88,716.35,600.628
2026-09-04 13:18:00,716.35,716.41,715.61,716.09,265.376
2026-09-04 13:21:00,716.1,716.57,715.65,716.51,320.093
2026-09-04 13:24:00,716.49,716.52,715.42,715.54,560.147
2026-09-04 13:27:00,715.53,715.58,714.67,714.68,259.104
2026-09-04 13:30:00,714.68,716.54,714.68,715.36,516.454
2026-09-04 13:33:00,715.36,715.66,712.64,712.64,498.029
2026-09-04 13:36:00,712.63,715.73,712.02,715.45,660.996
2026-09-04 13:39:00,715.45,716.11,715.06,715.7,341.731
2026-09-04 13:42:00,715.71,716.04,714.82,715.88,1116.319
2026-09-04 13:45:00,715.88,718.57,715.33,718.57,488.57
2026-09-04 13:48:00,718.58,718.72,716.4,716.4,446.471
2026-09-04 13:51:00,716.4,716.8,714.61,714.66,459.359
2026-09-04 13:54:00,714.67,715.58,714.67,715.01,348.696
2026-09-04 13:57:00,715.0,716.09,714.83,715.16,246.883
2026-09-04 14:00:00,715.16,716.2,715.02,715.9,249.727
2026-09-04 14:03:00,715.91,716.44,715.84,716.19,171.742
2026-09-04 14:06:00,716.2,716.5,715.0,715.37,330.316
2026-09-04 14:09:00,715.37,715.57,714.62,715.39,183.627
2026-09-04 14:12:00,715.38,716.09,714.45,715.75,170.663
2026-09-04 14:15:00,715.76,716.21,714.74,714.8,138.667
2026-09-04 14:18:00,714.8,715.18,713.0,713.36,491.268
2026-09-04 14:21:00,713.36,714.24,713.36,714.21,970.103
2026-09-04 14:24:00,714.21,715.07,713.35,714.27,379.591
2026-09-04 14:27:00,714.27,714.78,714.27,714.75,497.027
2026-09-04 14:30:00,714.75,715.16,714.57,714.99,313.899
2026-09-04 14:33:00,715.0,715.94,714.31,715.63,445.281
2026-09-04 14:36:00,715.64,715.69,713.53,713.88,306.752
2026-09-04 14:39:00,713.88,714.3,712.75,712.99,373.175
2026-09-04 14:42:00,713.0,713.17,710.68,711.99,730.966
2026-09-04 14:45:00,712.0,712.95,710.65,710.82,538.272
2026-09-04 14:48:00,710.82,710.82,708.88,710.81,1546.978
2026-09-04 14:51:00,710.81,711.53,709.11,710.17,1125.59
2026-09-04 14:54:00,710.18,711.78,709.99,711.78,375.191
2026-09-04 14:57:00,711.78,712.2,711.17,711.68,339.088
2026-09-04 15:00:00,711.68,712.17,710.64,712.16,339.165
2026-09-04 15:03:00,712.17,713.62,712.17,712.96,455.918
2026-09-04 15:06:00,712.96,713.83,712.88,713.68,211.145
2026-09-04 15:09:00,713.68,714.36,713.68,714.03,309.592
2026-09-04 15:12:00,714.03,715.0,713.86,714.82,338.346
2026-09-04 15:15:00,714.82,715.22,714.63,715.13,251.554
2026-09-04 15:18:00,715.14,715.68,715.12,715.44,321.912
2026-09-04 15:21:00,715.45,715.68,715.3,715.41,80.059
2026-09-04 15:24:00,715.4,716.63,715.4,716.32,282.885
2026-09-04 15:27:00,716.33,716.58,715.9,716.39,290.803
2026-09-04 15:30:00,716.39,716.85,716.12,716.64,203.58
2026-09-04 15:33:00,716.63,716.87,716.14,716.78,181.791
2026-09-04 15:36:00,716.78,717.1,716.4,716.41,322.237
2026-09-04 15:39:00,716.41,717.79,716.41,717.73,142.682
2026-09-04 15:42:00,717.74,717.74,717.25,717.48,116.637
2026-09-04 15:45:00,717.47,717.48,716.7,716.84,208.668
2026-09-04 15:48:00,716.85,717.12,716.0,716.52,232.842
2026-09-04 15:51:00,716.53,717.28,716.51,716.58,278.092
2026-09-04 15:54:00,716.58,717.29,716.53,716.86,189.991
2026-09-04 15:57:00,716.86,716.93,716.49,716.64,249.463
2026-09-04 16:00:00,716.64,716.83,716.44,716.48,204.695
2026-09-04 16:03:00,716.49,716.78,716.37,716.56,286.873
2026-09-04 16:06:00,716.56,717.11,716.02,716.84,235.272
2026-09-04 16:09:00,716.83,717.48,716.66,717.48,170.867
2026-09-04 16:12:00,717.48,718.16,716.81,716.81,627.184
2026-09-04 16:15:00,716.82,717.65,716.81,717.65,415.672
2026-09-04 16:18:00,717.64,717.81,717.31,717.7,326.111
2026-09-04 16:21:00,717.7,718.69,717.51,718.33,474.606
2026-09-04 16:24:00,718.34,718.37,717.69,717.72,464.238
2026-09-04 16:27:00,717.72,718.16,717.71,718.09,148.451
2026-09-04 16:30:00,718.09,719.5,718.08,719.5,608.067
2026-09-04 16:33:00,719.5,720.43,719.44,720.18,776.896
2026-09-04 16:36:00,720.17,720.44,719.46,719.78,264.999
2026-09-04 16:39:00,719.78,720.62,719.59,720.55,181.989
2026-09-04 16:42:00,720.55,720.95,720.5,720.95,157.648
2026-09-04 16:45:00,720.94,720.98,720.19,720.97,310.918
2026-09-04 16:48:00,720.98,721.5,720.54,720.89,470.617
2026-09-04 16:51:00,720.88,720.97,719.93,720.0,431.164
2026-09-04 16:54:00,720.01,720.38,719.81,719.82,215.567
2026-09-04 16:57:00,719.82,719.92,719.38,719.45,205.672
2026-09-04 17:00:00,719.45,719.56,718.95,718.96,166.016
2026-09-04 17:03:00,718.95,718.96,718.52,718.79,190.833
2026-09-04 17:06:00,718.79,718.93,718.54,718.86,165.627
2026-09-04 17:09:00,718.86,719.12,718.58,718.8,149.614
2026-09-04 17:12:00,718.8,718.9,718.36,718.37,285.811
2026-09-04 17:15:00,718.37,718.37,717.6,717.93,209.525
2026-09-04 17:18:00,717.93,718.24,717.9,717.99,308.987
2026-09-04 17:21:00,717.99,718.22,717.14,718.03,207.962
2026-09-04 17:24:00,718.02,718.08,717.6,718.08,96.402
2026-09-04 17:27:00,718.07,718.07,717.39,717.51,167.341
2026-09-04 17:30:00,717.5,718.02,717.5,717.6,81.142
2026-09-04 17:33:00,717.61,717.84,717.54,717.67,157.386
2026-09-04 17:36:00,717.67,717.91,717.26,717.91,85.856
2026-09-04 17:39:00,717.91,717.91,717.53,717.53,106.942
2026-09-04 17:42:00,717.53,717.76,717.14,717.63,104.044
2026-09-04 17:45:00,717.63,717.64,716.59,717.47,823.534
2026-09-04 17:48:00,717.47,717.56,717.04,717.17,79.227
2026-09-04 17:51:00,717.18,717.4,716.73,717.06,124.133
2026-09-04 17:54:00,717.06,717.38,716.85,716.86,115.411
2026-09-04 17:57:00,716.86,717.16,716.6,716.9,88.908
2026-09-04 18:00:00,716.9,717.92,716.9,717.77,93.311
2026-09-04 18:03:00,717.78,717.98,717.56,717.98,64.459
2026-09-04 18:06:00,717.98,718.0,717.39,717.62,178.107
2026-09-04 18:09:00,717.63,717.98,716.92,717.24,584.35
2026-09-04 18:12:00,717.24,717.24,716.46,716.79,155.536
2026-09-04 18:15:00,716.8,717.45,716.79,717.45,163.801
2026-09-04 18:18:00,717.47,718.08,717.46,718.08,111.447
2026-09-04 18:21:00,718.08,718.34,718.01,718.26,197.274
2026-09-04 18:24:00,718.26,718.32,717.94,717.98,104.734
2026-09-04 18:27:00,717.99,718.49,717.98,718.13,349.632
2026-09-04 18:30:00,718.13,718.55,718.13,718.54,38.424
2026-09-04 18:33:00,718.54,718.66,718.32,718.41,80.027
2026-09-04 18:36:00,718.42,718.55,718.19,718.54,94.857
2026-09-04 18:39:00,718.54,718.73,718.4,718.6,79.719
2026-09-04 18:42:00,718.61,718.9,718.61,718.75,123.707
2026-09-04 18:45:00,718.74,718.75,718.38,718.54,91.416
2026-09-04 18:48:00,718.55,718.56,718.28,718.33,65.44
2026-09-04 18:51:00,718.34,718.54,718.12,718.53,59.159
2026-09-04 18:54:00,718.54,718.54,718.18,718.19,52.293
2026-09-04 18:57:00,718.2,719.08,718.2,718.91,145.224
2026-09-04 19:00:00,718.92,719.88,718.92,719.88,140.652
2026-09-04 19:03:00,719.89,719.97,719.11,719.35,144.473
2026-09-04 19:06:00,719.35,719.57,719.34,719.38,46.738
2026-09-04 19:09:00,719.38,719.38,719.11,719.15,79.518
2026-09-04 19:12:00,719.14,719.69,719.11,719.68,38.201
2026-09-04 19:15:00,719.69,720.5,719.68,720.49,240.576
2026-09-04 19:18:00,720.5,721.0,720.49,720.99,60.839
2026-09-04 19:21:00,721.0,721.0,720.65,720.99,109.057
2026-09-04 19:24:00,721.0,721.41,720.99,721.41,124.493
2026-09-04 19:27:00,721.41,721.41,721.16,721.16,57.307
2026-09-04 19:30:00,721.16,721.16,720.64,720.64,194.41
2026-09-04 19:33:00,720.64,720.9,720.55,720.67,104.564
2026-09-04 19:36:00,720.67,720.67,720.32,720.32,52.437
2026-09-04 19:39:00,720.33,720.62,720.27,720.49,139.078
2026-09-04 19:42:00,720.49,720.58,720.31,720.49,34.16
2026-09-04 19:45:00,720.48,720.92,720.39,720.89,124.041
2026-09-04 19:48:00,720.89,721.2,720.78,720.86,188.411
2026-09-04 19:51:00,720.86,720.88,719.31,719.36,308.928
2026-09-04 19:54:00,719.37,720.29,719.37,720.28,121.385
2026-09-04 19:57:00,720.27,720.84,719.66,720.1,158.692
2026-09-04 20:00:00,720.1,721.17,720.03,720.69,304.874
2026-09-04 20:03:00,720.69,720.87,720.26,720.55,103.149
2026-09-04 20:06:00,720.55,720.55,720.17,720.32,76.492
2026-09-04 20:09:00,720.32,720.5,720.08,720.3,104.742
2026-09-04 20:12:00,720.29,720.29,719.73,720.0,110.809
2026-09-04 20:15:00,719.99,720.44,719.87,720.15,95.982
2026-09-04 20:18:00,720.14,720.29,719.84,720.17,68.405
2026-09-04 20:21:00,720.17,720.17,719.35,719.48,131.578
2026-09-04 20:24:00,719.47,719.48,719.23,719.23,61.797
2026-09-04 20:27:00,719.24,719.44,719.17,719.22,36.038
2026-09-04 20:30:00,719.22,719.25,719.07,719.16,40.421
2026-09-04 20:33:00,719.16,719.23,719.01,719.22,27.472
2026-09-04 20:36:00,719.23,719.68,719.09,719.12,176.373
2026-09-04 20:39:00,719.12,719.4,719.12,719.16,53.577
2026-09-04 20:42:00,719.15,719.27,718.89,719.18,155.094
2026-09-04 20:45:00,719.18,719.18,718.8,718.97,170.486
2026-09-04 20:48:00,718.97,719.03,718.77,718.82,101.302
2026-09-04 20:51:00,718.82,718.82,718.16,718.38,186.521
2026-09-04 20:54:00,718.38,718.51,718.24,718.38,147.037
2026-09-04 20:57:00,718.38,718.45,718.17,718.18,91.557
2026-09-04 21:00:00,718.18,718.36,717.82,718.31,215.319
2026-09-04 21:03:00,718.32,718.32,718.14,718.3,115.388
2026-09-04 21:06:00,718.3,719.12,718.3,719.12,87.361
2026-09-04 21:09:00,719.12,719.12,718.75,719.04,37.666
2026-09-04 21:12:00,719.03,719.16,718.84,718.89,172.074
2026-09-04 21:15:00,718.9,719.26,718.9,719.25,42.346
2026-09-04 21:18:00,719.25,719.25,719.06,719.09,31.63
2026-09-04 21:21:00,719.08,719.21,719.0,719.01,26.051
2026-09-04 21:24:00,719.01,719.01,718.58,718.58,62.219
2026-09-04 21:27:00,718.59,718.59,717.84,718.22,166.825
2026-09-04 21:30:00,718.21,718.51,718.12,718.44,84.65
2026-09-04 21:33:00,718.44,718.61,718.21,718.59,96.644
2026-09-04 21:36:00,718.59,718.77,718.58,718.68,71.652
2026-09-04 21:39:00,718.68,718.94,718.47,718.94,118.644
2026-09-04 21:42:00,718.94,718.94,718.0,718.14,142.897
2026-09-04 21:45:00,718.12,718.5,718.12,718.49,18.031
2026-09-04 21:48:00,718.49,718.6,718.26,718.58,100.569
2026-09-04 21:51:00,718.59,718.62,716.83,716.83,136.661
2026-09-04 21:54:00,716.84,717.29,716.48,717.26,163.965
2026-09-04 21:57:00,717.25,717.62,717.25,717.42,141.697
2026-09-04 22:00:00,717.42,718.04,717.42,717.94,94.453
2026-09-04 22:03:00,717.94,718.37,717.69,717.74,97.528
2026-09-04 22:06:00,717.74,718.0,717.72,718.0,52.201
2026-09-04 22:09:00,718.0,718.21,717.92,717.99,78.748
2026-09-04 22:12:00,718.0,718.36,717.75,718.36,55.696
2026-09-04 22:15:00,718.36,718.36,717.84,718.18,65.724
2026-09-04 22:18:00,718.17,718.18,717.79,718.1,33.739
2026-09-04 22:21:00,718.1,718.49,718.1,718.49,24.991
2026-09-04 22:24:00,718.48,718.49,718.28,718.36,36.339
2026-09-04 22:27:00,718.37,718.48,718.22,718.48,65.401
2026-09-04 22:30:00,718.47,718.48,718.0,718.17,139.374
2026-09-04 22:33:00,718.16,718.2,718.01,718.2,43.213
2026-09-04 22:36:00,718.2,718.68,718.19,718.62,52.709
2026-09-04 22:39:00,718.62,718.75,718.62,718.75,22.704
2026-09-04 22:42:00,718.76,719.04,718.61,718.61,137.745
2026-09-04 22:45:00,718.6,718.61,718.38,718.38,25.518
2026-09-04 22:48:00,718.39,718.62,718.35,718.61,43.24
2026-09-04 22:51:00,718.61,719.12,718.6,719.04,61.853
2026-09-04 22:54:00,719.04,719.04,718.75,719.02,45.062
2026-09-04 22:57:00,719.01,719.02,718.68,718.69,33.936
2026-09-04 23:00:00,718.69,718.69,718.45,718.61,44.583
2026-09-04 23:03:00,718.61,718.84,718.61,718.84,12.196
2026-09-04 23:06:00,718.84,719.12,718.84,719.12,65.667
2026-09-04 23:09:00,719.12,719.27,718.99,719.27,45.363
2026-09-04 23:12:00,719.28,719.42,719.27,719.28,36.298
2026-09-04 23:15:00,719.29,719.37,719.16,719.17,58.756
2026-09-04 23:18:00,719.16,719.92,718.75,719.92,159.999
2026-09-04 23:21:00,719.93,720.3,719.93,720.3,91.183
2026-09-04 23:24:00,720.3,721.0,720.29,720.8,230.852
2026-09-04 23:27:00,720.8,721.0,720.51,720.72,80.315
2026-09-04 23:30:00,720.73,720.84,720.3,720.38,127.069
2026-09-04 23:33:00,720.39,720.39,720.27,720.38,33.871
2026-09-04 23:36:00,720.38,721.18,720.37,720.98,219.886
2026-09-04 23:39:00,720.98,721.2,720.97,721.19,78.055
2026-09-04 23:42:00,721.2,721.32,721.01,721.16,192.903
2026-09-04 23:45:00,721.15,721.27,721.05,721.08,135.386
2026-09-04 23:48:00,721.08,721.09,721.01,721.02,77.219
2026-09-04 23:51:00,721.02,721.05,720.94,720.95,71.795
2026-09-04 23:54:00,720.94,721.17,720.73,721.17,90.935
2026-09-04 23:57:00,721.16,721.51,721.16,721.37,231.001
2026-09-05 00:00:00,721.38,721.44,721.03,721.31,323.412
2026-09-05 00:03:00,721.32,721.59,721.2,721.59,209.199
2026-09-05 00:06:00,721.59,721.83,721.5,721.79,189.022
2026-09-05 00:09:00,721.8,722.0,721.5,721.59,1027.832
2026-09-05 00:12:00,721.59,721.6,721.08,721.21,288.122
2026-09-05 00:15:00,721.2,721.2,720.15,720.16,595.849
2026-09-05 00:18:00,720.15,720.72,720.1,720.27,254.384
2026-09-05 00:21:00,720.27,720.34,720.14,720.14,93.331
2026-09-05 00:24:00,720.15,720.33,720.14,720.22,47.882
2026-09-05 00:27:00,720.22,720.22,720.01,720.08,108.112
2026-09-05 00:30:00,720.07,720.66,720.05,720.08,124.081
2026-09-05 00:33:00,720.08,720.4,720.0,720.35,118.11
2026-09-05 00:36:00,720.34,720.41,720.34,720.38,50.405
2026-09-05 00:39:00,720.37,720.61,720.29,720.41,112.057
2026-09-05 00:42:00,720.41,720.77,720.41,720.64,120.494
2026-09-05 00:45:00,720.63,720.74,719.61,719.97,237.81
2026-09-05 00:48:00,719.96,719.97,719.67,719.85,47.72
2026-09-05 00:51:00,719.84,720.42,719.84,720.14,62.976
2026-09-05 00:54:00,720.14,720.3,719.65,719.75,109.928
2026-09-05 00:57:00,719.74,719.86,719.49,719.69,87.374
2026-09-05 01:00:00,719.7,720.01,719.49,719.5,116.331
2026-09-05 01:03:00,719.49,719.96,719.49,719.93,159.373
2026-09-05 01:06:00,719.92,720.2,719.71,720.15,114.365
2026-09-05 01:09:00,720.15,720.48,720.1,720.27,104.942
2026-09-05 01:12:00,720.27,720.28,719.49,719.49,125.64
2026-09-05 01:15:00,719.5,720.75,719.5,720.75,126.144
2026-09-05 01:18:00,720.74,720.98,720.7,720.85,125.52
2026-09-05 01:21:00,720.86,720.86,720.03,720.2,320.593
2026-09-05 01:24:00,720.21,721.0,720.2,720.97,97.307
2026-09-05 01:27:00,720.97,722.54,720.96,722.54,255.068
2026-09-05 01:30:00,722.55,723.45,722.36,723.42,432.351
2026-09-05 01:33:00,723.42,723.71,722.86,722.94,214.384
2026-09-05 01:36:00,722.95,723.36,722.52,722.6,126.15
2026-09-05 01:39:00,722.59,723.06,722.36,723.06,284.285
2026-09-05 01:42:00,723.06,723.06,722.36,722.67,81.707
2026-09-05 01:45:00,722.68,722.8,722.47,722.48,73.657
2026-09-05 01:48:00,722.48,722.48,721.42,722.12,252.955
2026-09-05 01:51:00,722.12,722.6,721.98,722.14,98.169
2026-09-05 01:54:00,722.15,722.15,721.64,721.8,48.014
2026-09-05 01:57:00,721.8,721.8,720.32,720.32,360.087
2026-09-05 02:00:00,720.32,720.68,720.1,720.11,143.193
2026-09-05 02:03:00,720.1,720.78,719.8,720.43,436.526
2026-09-05 02:06:00,720.42,720.75,720.27,720.65,74.279
2026-09-05 02:09:00,720.66,721.51,720.65,721.24,117.293
2026-09-05 02:12:00,721.24,721.41,721.04,721.29,70.443
2026-09-05 02:15:00,721.29,721.38,720.77,720.91,207.125
2026-09-05 02:18:00,720.92,721.05,720.46,720.53,117.05
2026-09-05 02:21:00,720.52,721.18,720.45,720.96,272.611
2026-09-05 02:24:00,720.96,720.99,720.71,720.88,80.3
2026-09-05 02:27:00,720.88,721.04,720.01,720.4,379.718
2026-09-05 02:30:00,720.39,721.02,720.39,720.91,254.126
2026-09-05 02:33:00,720.91,720.91,720.07,720.6,677.791
2026-09-05 02:36:00,720.6,721.15,720.6,721.07,99.206
2026-09-05 02:39:00,721.07,721.6,721.07,721.59,99.91
2026-09-05 02:42:00,721.6,721.8,721.32,721.32,304.195
2026-09-05 02:45:00,721.32,721.33,720.53,720.99,188.464
2026-09-05 02:48:00,721.0,721.01,720.19,720.2,325.782
2026-09-05 02:51:00,720.21,720.87,720.15,720.71,108.959
2026-09-05 02:54:00,720.7,720.95,720.7,720.72,154.781
2026-09-05 02:57:00,720.73,721.04,720.72,720.86,242.362
2026-09-05 03:00:00,720.87,721.09,720.83,720.87,120.141
2026-09-05 03:03:00,720.86,721.6,720.8,721.59,140.804
2026-09-05 03:06:00,721.6,721.96,721.41,721.69,201.548
2026-09-05 03:09:00,721.69,722.32,721.69,721.89,261.522
2026-09-05 03:12:00,721.9,722.05,721.36,721.47,107.269
2026-09-05 03:15:00,721.48,722.58,721.47,722.16,176.455
2026-09-05 03:18:00,722.16,722.76,722.16,722.75,157.237
2026-09-05 03:21:00,722.76,723.0,722.47,723.0,231.842
2026-09-05 03:24:00,723.0,723.39,722.87,723.33,194.645
2026-09-05 03:27:00,723.32,723.4,723.07,723.2,137.612
2026-09-05 03:30:00,723.19,723.4,723.15,723.4,159.339
2026-09-05 03:33:00,723.4,723.56,723.39,723.56,98.318
2026-09-05 03:36:00,723.55,724.5,723.47,724.44,1235.453
2026-09-05 03:39:00,724.43,724.88,724.28,724.87,148.202
2026-09-05 03:42:00,724.87,725.0,724.04,724.57,279.147
2026-09-05 03:45:00,724.58,724.67,723.86,724.05,168.668
2026-09-05 03:48:00,724.04,724.11,723.63,724.1,69.873
2026-09-05 03:51:00,724.1,724.11,723.91,723.96,90.56
2026-09-05 03:54:00,723.97,724.18,723.8,723.81,130.527
2026-09-05 03:57:00,723.8,723.8,723.5,723.51,61.674
2026-09-05 04:00:00,723.52,723.52,723.08,723.28,372.895
2026-09-05 04:03:00,723.28,723.31,722.7,723.01,254.286
2026-09-05 04:06:00,723.0,723.01,722.76,722.77,124.81
2026-09-05 04:09:00,722.76,722.77,722.1,722.23,166.873
2026-09-05 04:12:00,722.23,722.23,722.0,722.05,59.505
2026-09-05 04:15:00,722.05,722.35,721.95,722.2,190.841
2026-09-05 04:18:00,722.21,722.37,722.02,722.36,87.297
2026-09-05 04:21:00,722.36,722.44,722.16,722.34,98.583
2026-09-05 04:24:00,722.33,722.35,721.83,722.01,62.424
2026-09-05 04:27:00,722.0,722.05,721.02,721.61,595.998
2026-09-05 04:30:00,721.62,722.19,721.6,722.16,110.255
2026-09-05 04:33:00,722.17,722.35,721.94,721.95,80.921
2026-09-05 04:36:00,721.94,722.0,721.8,721.8,36.404
2026-09-05 04:39:00,721.81,722.19,721.8,722.01,48.35
2026-09-05 04:42:00,722.01,722.46,722.0,722.24,180.383
2026-09-05 04:45:00,722.24,722.27,721.62,721.65,172.575
2026-09-05 04:48:00,721.65,721.85,721.44,721.67,94.854
2026-09-05 04:51:00,721.66,721.98,721.63,721.93,113.137
2026-09-05 04:54:00,721.94,722.08,721.94,721.98,45.601
2026-09-05 04:57:00,721.99,722.08,721.42,721.43,90.975
2026-09-05 05:00:00,721.43,721.51,721.16,721.19,102.496
2026-09-05 05:03:00,721.2,721.34,720.81,721.06,116.77
2026-09-05 05:06:00,721.07,721.1,720.69,721.1,167.871
2026-09-05 05:09:00,721.1,722.42,721.1,722.31,170.716
2026-09-05 05:12:00,722.3,722.38,722.26,722.36,70.776
2026-09-05 05:15:00,722.36,722.85,722.29,722.63,231.15
2026-09-05 05:18:00,722.63,722.63,722.08,722.46,302.704
2026-09-05 05:21:00,722.47,722.47,721.98,721.98,67.695
2026-09-05 05:24:00,721.98,722.13,721.88,721.94,125.095
2026-09-05 05:27:00,721.94,722.54,721.94,722.54,228.816
2026-09-05 05:30:00,722.54,722.89,722.54,722.8,111.028
2026-09-05 05:33:00,722.8,722.84,722.58,722.83,62.305
2026-09-05 05:36:00,722.84,722.84,722.53,722.54,49.76
2026-09-05 05:39:00,722.54,722.61,722.47,722.6,53.475
2026-09-05 05:42:00,722.6,722.66,722.0,722.01,177.995
2026-09-05 05:45:00,722.01,722.07,722.0,722.06,50.865
2026-09-05 05:48:00,722.05,722.06,721.46,722.01,211.156
2026-09-05 05:51:00,722.0,722.56,721.86,722.53,161.658
2026-09-05 05:54:00,722.52,722.62,722.49,722.62,56.692
2026-09-05 05:57:00,722.61,722.84,722.49,722.53,131.973
2026-09-05 06:00:00,722.53,722.53,722.35,722.36,97.237
2026-09-05 06:03:00,722.36,722.36,722.23,722.28,45.52
2026-09-05 06:06:00,722.28,722.72,722.28,722.71,217.767
2026-09-05 06:09:00,722.72,723.05,722.71,722.93,159.952
2026-09-05 06:12:00,722.92,722.92,722.33,722.45,157.559
2026-09-05 06:15:00,722.45,722.65,721.56,722.63,202.603
2026-09-05 06:18:00,722.63,723.15,722.63,722.96,210.703
2026-09-05 06:21:00,722.96,723.04,722.73,722.73,84.319
2026-09-05 06:24:00,722.74,722.81,722.55,722.62,154.372
2026-09-05 06:27:00,722.61,722.74,722.55,722.72,80.182
2026-09-05 06:30:00,722.72,723.8,722.72,723.62,895.44
2026-09-05 06:33:00,723.62,724.79,723.62,724.36,177.235
2026-09-05 06:36:00,724.37,726.23,724.12,726.14,1736.996
2026-09-05 06:39:00,726.15,727.6,726.11,727.15,946.395
2026-09-05 06:42:00,727.15,727.71,726.34,726.34,441.6
2026-09-05 06:45:00,726.33,726.59,726.07,726.15,274.82
2026-09-05 06:48:00,726.15,726.24,725.93,725.97,126.535
2026-09-05 06:51:00,725.97,726.31,725.94,726.31,184.081
2026-09-05 06:54:00,726.31,726.73,726.18,726.57,539.239
2026-09-05 06:57:00,726.57,727.56,726.25,727.16,272.514
2026-09-05 07:00:00,727.16,727.16,726.39,726.83,193.327
2026-09-05 07:03:00,726.84,727.61,726.84,727.11,188.931
2026-09-05 07:06:00,727.11,727.16,726.75,727.16,122.304
2026-09-05 07:09:00,727.15,727.74,726.94,727.42,385.537
2026-09-05 07:12:00,727.43,735.85,727.35,734.45,8958.572
2026-09-05 07:15:00,734.44,735.06,731.44,731.56,1420.267
2026-09-05 07:18:00,731.57,731.65,731.06,731.65,434.481
2026-09-05 07:21:00,731.64,732.75,731.62,732.05,487.088
2026-09-05 07:24:00,732.05,732.05,731.35,732.0,411.103
2026-09-05 07:27:00,732.0,732.87,731.71,732.5,555.805
2026-09-05 07:30:00,732.49,734.12,732.35,733.26,680.47
2026-09-05 07:33:00,733.27,735.09,733.01,735.09,975.113
2026-09-05 07:36:00,735.09,738.41,735.02,738.11,2897.116
2026-09-05 07:39:00,738.11,739.43,736.34,736.47,1704.484
2026-09-05 07:42:00,736.46,738.16,736.46,737.44,1139.754
2026-09-05 07:45:00,737.44,739.12,736.96,739.0,1566.899
2026-09-05 07:48:00,739.01,739.14,737.46,738.85,1588.656
2026-09-05 07:51:00,738.85,739.46,737.8,738.0,661.13
2026-09-05 07:54:00,738.01,739.35,738.0,739.34,429.601
2026-09-05 07:57:00,739.35,739.44,738.12,738.25,796.566
2026-09-05 08:00:00,738.25,742.2,738.16,741.75,5117.44
2026-09-05 08:03:00,741.75,742.16,739.07,739.18,939.953
2026-09-05 08:06:00,739.19,740.14,738.8,739.33,471.044
2026-09-05 08:09:00,739.32,741.48,738.97,741.33,543.997
2026-09-05 08:12:00,741.32,742.54,739.82,740.94,2468.791
2026-09-05 08:15:00,740.94,745.31,740.38,745.29,3832.808
2026-09-05 08:18:00,745.29,747.48,745.29,746.06,2962.718
2026-09-05 08:21:00,746.06,750.0,743.83,748.63,5914.988
2026-09-05 08:24:00,748.63,748.72,745.97,747.13,1728.459
2026-09-05 08:27:00,747.13,749.76,745.75,746.76,4390.585
2026-09-05 08:30:00,746.76,748.49,745.94,746.98,2350.765
2026-09-05 08:33:00,746.98,748.19,746.03,746.18,820.286
2026-09-05 08:36:00,746.18,751.46,746.17,750.28,4111.258
2026-09-05 08:39:00,750.29,751.81,749.22,749.44,4642.444
2026-09-05 08:42:00,749.44,750.12,748.11,750.03,1316.796
2026-09-05 08:45:00,750.02,752.0,750.02,750.67,2145.551
2026-09-05 08:48:00,750.68,751.3,750.17,750.54,1652.193
2026-09-05 08:51:00,750.55,752.22,749.8,752.17,1623.667
2026-09-05 08:54:00,752.17,752.46,750.14,750.3,1123.612
2026-09-05 08:57:00,750.3,750.31,748.92,749.75,930.77
2026-09-05 09:00:00,749.76,750.29,749.16,749.65,873.467
2026-09-05 09:03:00,749.64,750.5,748.14,748.14,1517.961
2026-09-05 09:06:00,748.14,750.43,747.83,750.29,1849.71
2026-09-05 09:09:00,750.28,751.47,749.18,750.76,3001.719
2026-09-05 09:12:00,750.77,751.75,748.71,749.13,2956.224
2026-09-05 09:15:00,749.13,750.9,748.96,750.6,819.732
2026-09-05 09:18:00,750.59,751.38,749.36,750.86,1562.155
2026-09-05 09:21:00,750.86,751.74,748.92,749.54,1661.124
2026-09-05 09:24:00,749.54,750.97,749.04,750.9,1044.621
2026-09-05 09:27:00,750.91,751.02,748.94,749.3,1060.051
2026-09-05 09:30:00,749.3,750.07,747.86,749.73,1766.328
2026-09-05 09:33:00,749.73,750.81,749.68,749.77,1126.929
2026-09-05 09:36:00,749.76,749.95,748.51,748.84,729.488
2026-09-05 09:39:00,748.84,748.96,743.91,747.0,2800.291
2026-09-05 09:42:00,747.0,748.72,747.0,748.05,1218.481
2026-09-05 09:45:00,748.06,748.08,747.21,747.99,583.593
2026-09-05 09:48:00,748.0,748.07,746.68,747.29,485.227
2026-09-05 09:51:00,747.28,747.79,746.62,747.34,553.734
2026-09-05 09:54:00,747.34,748.54,747.34,748.12,325.764
2026-09-05 09:57:00,748.12,748.12,747.08,747.5,352.118
2026-09-05 10:00:00,747.5,748.64,746.56,748.57,1080.169
2026-09-05 10:03:00,748.57,748.88,747.28,747.29,276.817
2026-09-05 10:06:00,747.29,748.16,746.76,748.15,492.903
2026-09-05 10:09:00,748.15,748.91,747.93,748.18,518.207
2026-09-05 10:12:00,748.18,748.18,747.56,747.6,587.835
2026-09-05 10:15:00,747.59,748.35,747.25,747.25,319.047
2026-09-05 10:18:00,747.26,749.38,747.07,749.04,810.856
2026-09-05 10:21:00,749.04,750.7,748.96,750.22,1891.718
2026-09-05 10:24:00,750.21,750.73,750.21,750.35,479.671
2026-09-05 10:27:00,750.35,750.35,748.0,748.33,709.215
2026-09-05 10:30:00,748.33,748.33,746.8,747.25,384.566
2026-09-05 10:33:00,747.24,748.34,746.95,747.56,190.04
2026-09-05 10:36:00,747.56,748.5,747.56,747.85,490.546
2026-09-05 10:39:00,747.86,748.06,747.36,747.89,275.675
2026-09-05 10:42:00,747.89,747.9,746.9,747.44,235.01
2026-09-05 10:45:00,747.43,748.5,747.37,747.99,415.148
2026-09-05 10:48:00,748.0,748.68,747.99,748.35,269.171
2026-09-05 10:51:00,748.36,749.18,747.98,748.54,511.943
2026-09-05 10:54:00,748.54,749.0,748.54,748.96,218.856
2026-09-05 10:57:00,748.95,749.07,747.96,748.14,330.654
2026-09-05 11:00:00,748.13,748.81,748.04,748.24,203.382
2026-09-05 11:03:00,748.23,748.77,748.09,748.73,173.566
2026-09-05 11:06:00,748.74,749.14,748.32,748.68,325.735
2026-09-05 11:09:00,748.69,756.52,748.68,755.02,5242.043
2026-09-05 11:12:00,755.03,756.88,753.25,753.75,1591.209
2026-09-05 11:15:00,753.74,753.76,752.34,752.82,797.219
2026-09-05 11:18:00,752.81,752.81,751.22,751.54,483.409
2026-09-05 11:21:00,751.55,752.08,751.41,751.41,228.172
2026-09-05 11:24:00,751.41,752.13,751.41,752.05,144.566
2026-09-05 11:27:00,752.05,752.76,752.05,752.25,311.095
2026-09-05 11:30:00,752.24,752.32,751.22,751.35,453.617
2026-09-05 11:33:00,751.35,751.61,750.45,750.96,369.716
2026-09-05 11:36:00,750.96,751.14,750.42,750.5,331.398
2026-09-05 11:39:00,750.5,750.51,747.29,747.49,1735.361
2026-09-05 11:42:00,747.49,747.73,746.44,747.2,770.1
2026-09-05 11:45:00,747.2,747.22,745.81,746.29,902.38
2026-09-05 11:48:00,746.3,747.8,746.15,747.53,424.515
2026-09-05 11:51:00,747.53,747.84,747.53,747.8,143.085
2026-09-05 11:54:00,747.79,748.0,747.23,747.8,357.974
2026-09-05 11:57:00,747.8,748.02,746.72,747.85,667.318
2026-09-05 12:00:00,747.85,751.0,747.84,750.93,1027.88
2026-09-05 12:03:00,750.93,751.41,750.5,751.27,359.751
2026-09-05 12:06:00,751.27,751.27,750.32,750.69,315.956
2026-09-05 12:09:00,750.68,751.73,750.68,751.34,444.928
2026-09-05 12:12:00,751.35,752.56,751.34,751.98,658.246
2026-09-05 12:15:00,751.99,753.5,751.97,753.04,668.475
2026-09-05 12:18:00,753.04,753.75,753.0,753.63,579.493
2026-09-05 12:21:00,753.63,755.71,753.51,754.65,1087.172
2026-09-05 12:24:00,754.66,755.6,754.3,754.3,765.391
2026-09-05 12:27:00,754.31,757.24,754.29,756.24,1417.137
2026-09-05 12:30:00,756.24,756.43,754.48,756.34,488.224
2026-09-05 12:33:00,756.34,758.0,756.26,756.55,1331.9
2026-09-05 12:36:00,756.55,757.82,756.32,757.61,684.911
2026-09-05 12:39:00,757.6,759.88,756.82,758.67,2011.015
2026-09-05 12:42:00,758.68,759.04,757.06,757.06,787.78
2026-09-05 12:45:00,757.05,758.71,756.98,758.36,609.495
2026-09-05 12:48:00,758.36,759.48,758.02,759.21,642.121
2026-09-05 12:51:00,759.22,765.0,759.22,763.53,8877.069
2026-09-05 12:54:00,763.53,766.77,762.8,763.12,5717.587
2026-09-05 12:57:00,763.12,764.12,762.66,763.16,852.982
2026-09-05 13:00:00,763.16,763.58,762.01,762.75,992.522
2026-09-05 13:03:00,762.76,764.78,762.41,763.76,716.789
2026-09-05 13:06:00,763.76,765.0,763.18,764.38,1217.743
2026-09-05 13:09:00,764.39,765.61,763.37,765.15,2181.04
2026-09-05 13:12:00,765.16,767.76,765.11,767.08,3023.481
2026-09-05 13:15:00,767.08,767.2,765.23,766.41,1517.593
2026-09-05 13:18:00,766.41,766.51,765.29,766.24,626.706
2026-09-05 13:21:00,766.24,767.0,765.57,766.67,743.678
2026-09-05 13:24:00,766.68,766.7,763.24,764.64,1954.058
2026-09-05 13:27:00,764.64,764.64,763.61,763.96,510.649
2026-09-05 13:30:00,763.96,765.66,762.83,765.66,1146.209
2026-09-05 13:33:00,765.66,766.47,764.22,765.79,1649.969
2026-09-05 13:36:00,765.79,766.65,764.58,765.19,643.934
2026-09-05 13:39:00,765.18,766.6,764.43,765.09,1206.145
2026-09-05 13:42:00,765.08,765.08,762.42,764.77,1668.762
2026-09-05 13:45:00,764.77,765.45,764.0,764.5,648.082
2026-09-05 13:48:00,764.49,764.49,761.17,761.22,755.689
2026-09-05 13:51:00,761.21,762.33,758.94,759.66,2420.338
2026-09-05 13:54:00,759.65,761.14,759.44,760.82,1629.15
2026-09-05 13:57:00,760.81,761.36,759.32,760.91,1551.469
2026-09-05 14:00:00,760.91,762.17,760.16,761.93,990.725
2026-09-05 14:03:00,761.94,762.45,761.31,761.96,846.769
2026-09-05 14:06:00,761.95,763.83,761.88,763.49,869.285
2026-09-05 14:09:00,763.49,763.9,763.01,763.41,405.977
2026-09-05 14:12:00,763.4,764.27,763.31,763.91,1315.204
2026-09-05 14:15:00,763.91,764.31,762.36,762.83,1044.777
2026-09-05 14:18:00,762.83,763.15,761.89,763.0,867.667
2026-09-05 14:21:00,762.99,763.56,762.03,763.36,625.816
2026-09-05 14:24:00,763.35,765.0,763.2,764.59,2580.265
2026-09-05 14:27:00,764.58,765.88,764.46,765.66,1552.776
2026-09-05 14:30:00,765.66,768.75,765.6,768.49,2574.495
2026-09-05 14:33:00,768.49,770.0,768.1,768.8,2798.641
2026-09-05 14:36:00,768.81,768.95,767.3,768.29,805.019
2026-09-05 14:39:00,768.3,769.27,767.6,768.92,831.712
2026-09-05 14:42:00,768.92,768.93,761.99,764.76,11684.777
2026-09-05 14:45:00,764.77,767.88,764.77,767.87,1726.17
2026-09-05 14:48:00,767.87,768.63,767.35,768.38,624.463
2026-09-05 14:51:00,768.38,769.5,767.73,769.01,640.197
2026-09-05 14:54:00,769.0,769.93,768.67,769.31,833.269
2026-09-05 14:57:00,769.31,770.0,769.23,769.87,755.913
2026-09-05 15:00:00,769.87,772.31,769.64,770.84,2407.34
2026-09-05 15:03:00,770.84,770.94,769.0,769.67,1454.69
2026-09-05 15:06:00,769.66,770.0,768.4,769.21,661.266
2026-09-05 15:09:00,769.2,770.01,768.52,768.89,588.802
2026-09-05 15:12:00,768.88,769.45,768.75,768.88,313.338
2026-09-05 15:15:00,768.89,769.25,768.28,768.45,631.737
2026-09-05 15:18:00,768.46,770.52,767.98,770.31,1073.541
2026-09-05 15:21:00,770.32,770.32,767.62,767.78,639.866
2026-09-05 15:24:00,767.77,768.1,767.07,767.24,480.879
2026-09-05 15:27:00,767.23,767.28,766.22,766.33,504.062
2026-09-05 15:30:00,766.33,767.07,766.05,767.07,366.9
2026-09-05 15:33:00,767.06,767.65,765.61,766.38,661.762
2026-09-05 15:36:00,766.38,766.72,766.09,766.42,325.7
2026-09-05 15:39:00,766.43,766.8,765.66,766.34,456.477
2026-09-05 15:42:00,766.34,767.04,765.72,766.7,464.089
2026-09-05 15:45:00,766.7,767.01,765.91,767.0,292.722
2026-09-05 15:48:00,767.01,768.87,766.35,768.44,941.433
2026-09-05 15:51:00,768.44,770.66,768.43,770.52,1246.985
2026-09-05 15:54:00,770.52,771.68,770.0,770.01,716.433
2026-09-05 15:57:00,770.01,770.5,769.66,769.99,400.353
2026-09-05 16:00:00,769.99,770.12,768.88,769.13,530.983
2026-09-05 16:03:00,769.13,769.41,768.0,769.03,489.605
2026-09-05 16:06:00,769.02,770.62,769.02,769.97,374.916
2026-09-05 16:09:00,769.97,770.0,767.71,768.62,897.544
2026-09-05 16:12:00,768.61,771.0,768.18,770.96,607.08
2026-09-05 16:15:00,770.96,773.66,770.82,772.5,1977.334
2026-09-05 16:18:00,772.5,774.43,771.42,772.17,1373.294
2026-09-05 16:21:00,772.16,772.7,771.56,772.5,997.571
2026-09-05 16:24:00,772.5,772.99,772.0,772.54,349.825
2026-09-05 16:27:00,772.54,772.55,770.21,771.43,812.669
2026-09-05 16:30:00,771.45,772.04,770.99,771.26,464.246
2026-09-05 16:33:00,771.26,772.0,770.79,771.53,324.456
2026-09-05 16:36:00,771.54,772.46,771.39,771.52,603.661
2026-09-05 16:39:00,771.51,772.47,771.2,772.19,560.877
2026-09-05 16:42:00,772.19,773.7,771.96,773.31,1118.126
2026-09-05 16:45:00,773.31,774.59,772.83,773.29,811.638
2026-09-05 16:48:00,773.3,776.0,773.3,775.8,3205.244
2026-09-05 16:51:00,775.8,776.37,774.62,776.33,1407.679
2026-09-05 16:54:00,776.32,777.39,775.61,776.55,3402.795
2026-09-05 16:57:00,776.56,776.61,772.37,773.51,1810.492
2026-09-05 17:00:00,773.52,776.13,773.52,774.55,1080.25
2026-09-05 17:03:00,774.55,776.18,773.91,776.11,1239.175
2026-09-05 17:06:00,776.11,777.7,775.89,777.31,1612.506
2026-09-05 17:09:00,777.32,780.64,777.15,777.8,4728.508
2026-09-05 17:12:00,777.79,777.83,776.39,777.48,1067.325
2026-09-05 17:15:00,777.48,777.77,775.36,775.6,829.025
2026-09-05 17:18:00,775.59,776.84,775.59,776.33,578.748
2026-09-05 17:21:00,776.33,776.75,776.08,776.58,359.308
2026-09-05 17:24:00,776.59,776.79,776.27,776.6,146.783
2026-09-05 17:27:00,776.59,777.74,776.17,777.67,958.17
2026-09-05 17:30:00,777.66,779.95,777.6,779.71,486.544
2026-09-05 17:33:00,779.71,780.55,777.5,777.86,1109.141
2026-09-05 17:36:00,777.87,778.13,775.27,775.28,678.903
2026-09-05 17:39:00,775.28,776.2,774.05,776.0,1002.435
2026-09-05 17:42:00,775.99,776.66,775.07,776.43,581.971
2026-09-05 17:45:00,776.44,777.64,776.31,777.22,449.543
2026-09-05 17:48:00,777.22,777.97,776.77,777.97,305.368
2026-09-05 17:51:00,777.97,778.06,777.35,777.74,429.325
2026-09-05 17:54:00,777.73,778.0,775.05,775.53,765.195
2026-09-05 17:57:00,775.52,776.55,775.25,776.17,436.977
2026-09-05 18:00:00,776.17,776.99,775.41,776.4,325.03
2026-09-05 18:03:00,776.41,776.71,775.95,776.33,210.945
2026-09-05 18:06:00,776.32,776.9,776.03,776.34,226.05
2026-09-05 18:09:00,776.35,776.35,775.02,775.31,253.533
2026-09-05 18:12:00,775.31,776.34,775.18,775.71,226.01
2026-09-05 18:15:00,775.71,776.44,775.71,775.81,317.61
2026-09-05 18:18:00,775.81,777.52,775.79,777.47,369.103
2026-09-05 18:21:00,777.46,778.16,777.28,777.7,458.762
2026-09-05 18:24:00,777.7,777.99,777.37,777.76,161.625
2026-09-05 18:27:00,777.76,778.1,777.45,777.78,227.009
2026-09-05 18:30:00,777.78,778.93,777.24,777.28,305.485
2026-09-05 18:33:00,777.28,777.64,776.72,777.25,344.325
2026-09-05 18:36:00,777.24,778.4,777.24,778.13,145.396
2026-09-05 18:39:00,778.12,778.55,777.77,778.31,385.214
2026-09-05 18:42:00,778.31,778.55,777.69,778.24,406.372
2026-09-05 18:45:00,778.25,779.0,777.43,777.43,293.585
2026-09-05 18:48:00,777.42,777.69,777.07,777.69,154.366
2026-09-05 18:51:00,777.68,777.72,776.54,776.63,264.898
2026-09-05 18:54:00,776.63,776.91,776.22,776.91,240.516
2026-09-05 18:57:00,776.91,777.72,776.78,776.81,182.989
2026-09-05 19:00:00,776.81,776.87,774.78,774.93,507.112
2026-09-05 19:03:00,774.93,775.61,774.01,775.1,723.01
2026-09-05 19:06:00,775.09,775.79,775.06,775.06,120.379
2026-09-05 19:09:00,775.06,776.99,774.69,776.83,501.68
2026-09-05 19:12:00,776.83,777.32,776.3,776.5,539.879
2026-09-05 19:15:00,776.51,777.67,776.5,777.67,182.109
2026-09-05 19:18:00,777.66,777.82,776.39,776.51,182.281
2026-09-05 19:21:00,776.51,776.79,775.61,776.79,268.551
2026-09-05 19:24:00,776.79,777.72,776.68,777.71,245.309
2026-09-05 19:27:00,777.72,777.87,776.97,777.57,233.915
2026-09-05 19:30:00,777.6,778.91,777.6,778.91,227.666
2026-09-05 19:33:00,778.91,779.77,778.13,778.52,496.142
2026-09-05 19:36:00,778.52,779.0,777.04,777.06,354.957
2026-09-05 19:39:00,777.06,778.65,776.66,778.34,334.627
2026-09-05 19:42:00,778.34,778.35,777.66,777.88,314.938
2026-09-05 19:45:00,777.89,778.0,775.66,775.66,374.458
2026-09-05 19:48:00,775.66,776.36,774.91,775.63,450.152
2026-09-05 19:51:00,775.64,776.15,774.47,774.86,521.11
2026-09-05 19:54:00,774.86,774.86,774.18,774.78,302.162
2026-09-05 19:57:00,774.78,774.79,773.17,773.42,498.406
2026-09-05 20:00:00,773.42,773.85,771.94,772.19,554.062
2026-09-05 20:03:00,772.2,773.85,771.94,773.84,665.754
2026-09-05 20:06:00,773.83,774.03,772.93,773.4,194.277
2026-09-05 20:09:00,773.4,773.4,772.7,773.36,364.897
2026-09-05 20:12:00,773.36,773.66,771.82,772.63,392.291
2026-09-05 20:15:00,772.63,772.81,772.0,772.18,246.109
2026-09-05 20:18:00,772.19,772.3,770.12,771.62,738.183
2026-09-05 20:21:00,771.63,771.8,771.52,771.52,125.043
2026-09-05 20:24:00,771.52,772.42,771.29,772.22,291.695
2026-09-05 20:27:00,772.22,772.27,770.58,770.68,397.309
2026-09-05 20:30:00,770.68,771.0,769.93,770.04,628.204
2026-09-05 20:33:00,770.04,770.87,769.69,770.67,524.971
2026-09-05 20:36:00,770.67,771.37,770.52,771.36,308.149
2026-09-05 20:39:00,771.36,771.96,771.22,771.68,172.875
2026-09-05 20:42:00,771.68,771.9,771.19,771.61,152.12
2026-09-05 20:45:00,771.61,771.66,771.24,771.54,99.126
2026-09-05 20:48:00,771.53,772.48,771.27,772.33,793.329
2026-09-05 20:51:00,772.33,772.59,770.56,770.57,338.851
2026-09-05 20:54:00,770.56,770.98,770.33,770.41,192.706
2026-09-05 20:57:00,770.41,770.79,770.22,770.32,120.167
2026-09-05 21:00:00,770.33,770.75,770.01,770.01,242.72
2026-09-05 21:03:00,770.02,770.89,769.94,770.68,238.19
2026-09-05 21:06:00,770.68,771.84,770.68,771.13,277.52
2026-09-05 21:09:00,771.13,771.63,770.87,771.63,328.591
2026-09-05 21:12:00,771.63,771.79,770.89,770.9,89.948
2026-09-05 21:15:00,770.89,770.89,770.45,770.46,168.241
2026-09-05 21:18:00,770.46,771.14,770.28,771.13,224.024
2026-09-05 21:21:00,771.14,771.68,770.97,771.29,123.384
2026-09-05 21:24:00,771.29,771.29,770.27,770.6,174.371
2026-09-05 21:27:00,770.6,770.6,769.72,769.77,212.402
2026-09-05 21:30:00,769.77,770.66,769.52,770.08,192.388
2026-09-05 21:33:00,770.09,771.15,770.09,770.92,158.271
2026-09-05 21:36:00,770.91,770.92,770.37,770.72,140.01
2026-09-05 21:39:00,770.72,771.7,770.72,771.66,134.962
2026-09-05 21:42:00,771.66,772.25,771.15,771.87,149.586
2026-09-05 21:45:00,771.87,772.19,771.81,771.86,156.603
2026-09-05 21:48:00,771.86,771.98,771.4,771.8,67.11
2026-09-05 21:51:00,771.81,771.99,771.28,771.57,100.712
2026-09-05 21:54:00,771.57,771.79,771.56,771.58,91.352
2026-09-05 21:57:00,771.58,771.9,771.3,771.3,99.634
2026-09-05 22:00:00,771.31,771.52,770.81,770.88,412.582
2026-09-05 22:03:00,770.88,771.59,770.41,770.82,170.51
2026-09-05 22:06:00,770.83,770.98,770.3,770.3,62.812
2026-09-05 22:09:00,770.31,771.35,770.31,771.06,131.616
2026-09-05 22:12:00,771.07,771.5,771.07,771.35,65.795
2026-09-05 22:15:00,771.36,771.36,770.51,770.58,175.666
2026-09-05 22:18:00,770.57,770.8,770.04,770.05,57.627
2026-09-05 22:21:00,770.05,770.65,770.05,770.47,88.833
2026-09-05 22:24:00,770.47,771.18,770.47,770.58,90.672
2026-09-05 22:27:00,770.58,770.66,770.01,770.48,154.186
2026-09-05 22:30:00,770.47,770.89,770.16,770.32,154.173
2026-09-05 22:33:00,770.32,770.74,770.0,770.01,111.113
2026-09-05 22:36:00,770.0,770.14,769.8,769.86,211.645
2026-09-05 22:39:00,769.85,770.26,769.5,770.07,108.174
2026-09-05 22:42:00,770.07,770.28,769.8,769.96,77.699
2026-09-05 22:45:00,769.97,769.97,769.03,769.53,143.056
2026-09-05 22:48:00,769.53,769.89,769.47,769.89,33.305
2026-09-05 22:51:00,769.89,771.18,769.6,771.17,304.342
2026-09-05 22:54:00,771.18,771.99,771.16,771.2,420.125
2026-09-05 22:57:00,771.21,771.28,770.41,770.49,144.04
2026-09-05 23:00:00,770.49,770.92,769.62,770.34,269.383
2026-09-05 23:03:00,770.34,770.34,769.75,769.99,96.431
2026-09-05 23:06:00,769.98,770.18,763.47,766.28,2851.745
2026-09-05 23:09:00,766.28,766.32,763.96,765.6,776.731
2026-09-05 23:12:00,765.6,765.61,764.67,765.0,579.921
2026-09-05 23:15:00,764.99,765.54,764.67,765.26,458.847
2026-09-05 23:18:00,765.26,765.46,764.91,765.08,122.533
2026-09-05 23:21:00,765.08,765.59,764.89,765.14,155.398
2026-09-05 23:24:00,765.2,766.76,765.04,765.57,332.471
2026-09-05 23:27:00,765.57,766.24,765.01,765.7,612.006
2026-09-05 23:30:00,765.71,766.14,765.7,765.98,224.51
2026-09-05 23:33:00,765.98,767.4,765.74,767.29,204.318
2026-09-05 23:36:00,767.3,767.46,765.16,766.2,259.864
2026-09-05 23:39:00,766.2,766.68,765.94,766.42,279.497
2026-09-05 23:42:00,766.42,767.22,766.42,767.11,159.252
2026-09-05 23:45:00,767.1,767.71,767.0,767.64,295.548
2026-09-05 23:48:00,767.65,767.65,766.72,766.86,180.256
2026-09-05 23:51:00,766.85,767.17,765.93,767.17,200.122
2026-09-05 23:54:00,767.17,767.4,766.7,766.7,325.2
2026-09-05 23:57:00,766.7,767.24,766.22,766.53,334.539
2026-09-06 00:00:00,766.52,766.89,765.97,766.73,554.432
2026-09-06 00:03:00,766.73,767.78,766.73,767.47,146.453
2026-09-06 00:06:00,767.46,767.47,766.68,767.4,215.525
2026-09-06 00:09:00,767.41,768.94,767.36,768.94,257.625
2026-09-06 00:12:00,768.94,769.0,768.3,768.4,372.75
2026-09-06 00:15:00,768.4,768.67,768.03,768.48,131.499
2026-09-06 00:18:00,768.47,768.76,768.17,768.55,193.845
2026-09-06 00:21:00,768.55,768.55,767.17,767.27,213.21
2026-09-06 00:24:00,767.27,767.36,766.8,767.36,225.269
2026-09-06 00:27:00,767.36,768.22,767.36,768.09,241.018
2026-09-06 00:30:00,768.09,768.12,767.67,768.1,197.925
2026-09-06 00:33:00,768.1,768.83,767.73,768.62,291.502
2026-09-06 00:36:00,768.61,768.69,767.82,767.83,168.024
2026-09-06 00:39:00,767.82,768.18,766.92,768.07,545.298
2026-09-06 00:42:00,768.07,768.3,767.84,767.94,175.686
2026-09-06 00:45:00,767.93,768.5,767.66,767.66,79.135
2026-09-06 00:48:00,767.66,768.06,767.63,767.96,44.867
2026-09-06 00:51:00,767.97,768.56,767.89,767.9,174.863
2026-09-06 00:54:00,767.9,768.5,767.82,768.13,400.7
2026-09-06 00:57:00,768.13,768.13,766.87,766.87,336.838
2026-09-06 01:00:00,766.87,767.28,766.44,766.71,291.208
2026-09-06 01:03:00,766.71,768.52,766.63,767.11,353.183
2026-09-06 01:06:00,767.11,767.97,766.79,767.81,296.235
2026-09-06 01:09:00,767.8,767.8,766.82,767.35,490.93
2026-09-06 01:12:00,767.35,768.03,767.33,767.77,574.978
2026-09-06 01:15:00,767.77,768.35,767.77,768.15,256.388
2026-09-06 01:18:00,768.15,768.28,765.01,765.97,3371.16
2026-09-06 01:21:00,765.97,765.97,764.74,764.91,459.144
2026-09-06 01:24:00,764.91,765.5,764.85,765.25,452.224
2026-09-06 01:27:00,765.25,765.64,765.22,765.64,205.21
2026-09-06 01:30:00,765.64,766.02,765.2,765.39,269.439
2026-09-06 01:33:00,765.4,766.09,765.39,765.95,268.99
2026-09-06 01:36:00,765.94,766.35,765.66,765.92,295.253
2026-09-06 01:39:00,765.92,767.14,765.92,766.41,274.091
2026-09-06 01:42:00,766.41,767.0,766.41,766.72,251.182
2026-09-06 01:45:00,766.71,766.72,764.33,764.64,2370.995
2026-09-06 01:48:00,764.64,764.93,763.34,764.8,489.547
2026-09-06 01:51:00,764.8,766.17,764.77,766.17,236.852
2026-09-06 01:54:00,766.17,766.17,765.47,765.74,273.704
2026-09-06 01:57:00,765.75,765.87,765.12,765.29,125.329
2026-09-06 02:00:00,765.29,765.94,762.92,764.06,1801.911
2026-09-06 02:03:00,764.05,764.05,760.07,762.82,3056.571
2026-09-06 02:06:00,762.82,763.21,762.61,762.9,301.25
2026-09-06 02:09:00,762.89,763.64,762.85,763.55,957.416
2026-09-06 02:12:00,763.56,763.57,760.64,762.53,1224.312
2026-09-06 02:15:00,762.54,762.59,759.76,762.01,2634.499
2026-09-06 02:18:00,762.01,762.1,761.59,761.86,342.49
2026-09-06 02:21:00,761.86,762.0,761.3,761.37,282.88
2026-09-06 02:24:00,761.37,761.7,761.06,761.49,148.868
2026-09-06 02:27:00,761.49,762.15,761.49,762.08,92.719
2026-09-06 02:30:00,762.08,763.72,762.08,763.72,1412.094
2026-09-06 02:33:00,763.72,764.0,763.39,763.51,217.643
2026-09-06 02:36:00,763.51,763.51,762.99,763.13,229.624
2026-09-06 02:39:00,763.14,763.75,763.01,763.53,95.934
2026-09-06 02:42:00,763.53,763.66,762.96,763.44,174.562
2026-09-06 02:45:00,763.44,763.51,763.08,763.17,152.293
2026-09-06 02:48:00,763.16,763.24,763.09,763.19,114.413
2026-09-06 02:51:00,763.2,764.88,762.73,763.77,443.108
2026-09-06 02:54:00,763.76,764.16,763.47,763.52,181.084
2026-09-06 02:57:00,763.52,764.32,763.52,764.0,189.2
2026-09-06 03:00:00,764.0,764.16,763.73,764.0,115.588
2026-09-06 03:03:00,764.01,764.72,763.98,764.29,181.588
2026-09-06 03:06:00,764.28,764.69,764.05,764.18,182.457
2026-09-06 03:09:00,764.19,764.42,763.7,764.31,538.945
2026-09-06 03:12:00,764.32,765.15,764.31,764.48,340.387
2026-09-06 03:15:00,764.47,764.73,764.07,764.41,162.213
2026-09-06 03:18:00,764.41,764.76,764.17,764.22,143.696
2026-09-06 03:21:00,764.21,764.35,764.03,764.29,140.914
2026-09-06 03:24:00,764.29,764.29,763.73,763.73,112.447
2026-09-06 03:27:00,763.73,763.75,763.58,763.67,221.005
2026-09-06 03:30:00,763.66,764.35,763.66,764.34,114.682
2026-09-06 03:33:00,764.35,764.56,764.06,764.26,299.435
2026-09-06 03:36:00,764.26,765.27,764.12,764.95,300.94
2026-09-06 03:39:00,764.96,765.7,764.92,765.2,172.255
2026-09-06 03:42:00,765.2,765.7,765.12,765.37,246.58
2026-09-06 03:45:00,765.37,765.99,764.53,764.53,299.205
2026-09-06 03:48:00,764.54,764.92,764.31,764.65,85.299
2026-09-06 03:51:00,764.65,765.54,764.64,765.2,127.11
2026-09-06 03:54:00,765.21,765.45,765.2,765.29,110.274
2026-09-06 03:57:00,765.28,765.29,764.86,764.87,84.418
2026-09-06 04:00:00,764.87,764.91,764.36,764.53,217.165
2026-09-06 04:03:00,764.52,765.11,764.52,765.11,101.38
2026-09-06 04:06:00,765.1,765.11,764.55,764.88,98.017
2026-09-06 04:09:00,764.88,765.26,764.64,764.65,123.377
2026-09-06 04:12:00,764.64,764.65,763.95,764.05,91.325
2026-09-06 04:15:00,764.05,764.4,763.07,764.0,226.586
2026-09-06 04:18:00,763.99,763.99,762.88,763.07,215.32
2026-09-06 04:21:00,763.06,763.28,762.65,762.65,222.789
2026-09-06 04:24:00,762.65,762.86,762.35,762.63,215.342
2026-09-06 04:27:00,762.64,762.65,762.15,762.19,216.185
2026-09-06 04:30:00,762.2,762.2,761.68,761.9,243.435
2026-09-06 04:33:00,761.9,762.42,761.89,762.42,314.956
2026-09-06 04:36:00,762.42,762.76,762.41,762.61,166.182
2026-09-06 04:39:00,762.6,762.6,762.2,762.46,91.3
2026-09-06 04:42:00,762.47,762.99,762.46,762.84,138.117
2026-09-06 04:45:00,762.84,763.56,762.83,763.53,268.753
2026-09-06 04:48:00,763.52,763.52,762.59,762.6,349.078
2026-09-06 04:51:00,762.59,762.94,762.57,762.9,159.194
2026-09-06 04:54:00,762.9,763.21,762.41,762.59,260.11
2026-09-06 04:57:00,762.59,762.91,762.58,762.9,58.962
2026-09-06 05:00:00,762.91,762.95,762.62,762.9,121.667
2026-09-06 05:03:00,762.9,763.46,762.9,763.08,205.009
2026-09-06 05:06:00,763.07,763.4,762.97,763.21,219.062
2026-09-06 05:09:00,763.22,763.22,762.17,762.17,102.392
2026-09-06 05:12:00,762.18,762.44,762.04,762.05,105.934
2026-09-06 05:15:00,762.05,762.17,761.47,761.47,161.743
2026-09-06 05:18:00,761.48,761.98,761.47,761.9,131.849
2026-09-06 05:21:00,761.9,762.2,761.9,761.9,155.15
2026-09-06 05:24:00,761.91,762.99,761.83,762.2,432.38
2026-09-06 05:27:00,762.21,762.24,761.64,761.8,298.325
2026-09-06 05:30:00,761.8,762.36,761.68,762.35,260.243
2026-09-06 05:33:00,762.36,763.95,762.25,763.95,705.815
2026-09-06 05:36:00,763.95,764.21,762.79,763.61,842.444
2026-09-06 05:39:00,763.6,764.46,763.25,763.79,988.035
2026-09-06 05:42:00,763.79,763.84,762.63,763.07,223.818
2026-09-06 05:45:00,763.07,763.08,762.14,762.31,249.552
2026-09-06 05:48:00,762.3,762.4,761.94,761.98,230.938
2026-09-06 05:51:00,761.97,762.17,761.64,761.73,204.788
2026-09-06 05:54:00,761.72,761.72,760.8,761.12,908.779
2026-09-06 05:57:00,761.13,761.82,761.12,761.82,209.058
2026-09-06 06:00:00,761.82,761.92,761.39,761.46,264.226
2026-09-06 06:03:00,761.46,762.23,761.45,762.04,477.091
2026-09-06 06:06:00,762.04,762.32,761.84,762.17,735.384
2026-09-06 06:09:00,762.16,763.36,762.16,763.16,683.253
2026-09-06 06:12:00,763.16,763.56,763.16,763.36,196.057
2026-09-06 06:15:00,763.37,763.48,762.61,762.63,200.907
2026-09-06 06:18:00,762.63,762.63,758.96,761.29,1919.533
2026-09-06 06:21:00,761.29,762.31,761.27,762.31,324.907
2026-09-06 06:24:00,762.3,762.3,761.3,761.31,129.297
2026-09-06 06:27:00,761.32,761.32,760.48,760.88,481.963
2026-09-06 06:30:00,760.89,761.16,760.49,760.8,445.834
2026-09-06 06:33:00,760.79,760.98,760.19,760.6,451.179
2026-09-06 06:36:00,760.59,760.98,760.39,760.72,288.735
2026-09-06 06:39:00,760.73,761.58,760.73,761.29,608.225
2026-09-06 06:42:00,761.29,761.7,761.12,761.7,370.837
2026-09-06 06:45:00,761.69,761.76,761.08,761.3,184.126
2026-09-06 06:48:00,761.29,761.57,760.78,761.57,308.959
2026-09-06 06:51:00,761.56,761.57,761.06,761.23,116.335
2026-09-06 06:54:00,761.23,761.5,760.17,760.18,549.81
2026-09-06 06:57:00,760.17,760.4,760.11,760.21,172.309
2026-09-06 07:00:00,760.21,760.93,760.18,760.64,412.831
2026-09-06 07:03:00,760.64,760.8,760.56,760.63,86.029
2026-09-06 07:06:00,760.63,760.74,760.12,760.2,209.504
2026-09-06 07:09:00,760.19,760.19,758.82,759.17,853.991
2026-09-06 07:12:00,759.17,759.17,756.7,757.49,1657.655
2026-09-06 07:15:00,757.49,758.79,757.49,758.79,725.974
2026-09-06 07:18:00,758.79,758.85,756.89,757.21,497.623
2026-09-06 07:21:00,757.22,758.34,757.01,758.34,304.491
2026-09-06 07:24:00,758.35,758.37,756.39,757.23,498.016
2026-09-06 07:27:00,757.22,757.54,756.47,756.48,406.149
2026-09-06 07:30:00,756.47,756.68,756.0,756.57,899.969
2026-09-06 07:33:00,756.57,756.68,753.96,755.34,3272.83
2026-09-06 07:36:00,755.34,756.59,755.27,756.52,507.739
2026-09-06 07:39:00,756.51,756.83,755.87,756.58,360.59
2026-09-06 07:42:00,756.57,756.57,756.1,756.43,236.234
2026-09-06 07:45:00,756.43,757.1,756.14,757.1,356.925
2026-09-06 07:48:00,757.1,757.28,757.01,757.01,426.985
2026-09-06 07:51:00,757.01,757.05,755.93,756.66,909.018
2026-09-06 07:54:00,756.67,757.07,756.67,756.91,233.898
2026-09-06 07:57:00,756.91,757.06,756.6,756.62,274.762
2026-09-06 08:00:00,756.62,757.32,756.61,756.94,309.642
2026-09-06 08:03:00,756.94,757.46,755.34,755.78,717.044
2026-09-06 08:06:00,755.78,756.75,755.78,756.74,291.096
2026-09-06 08:09:00,756.73,756.87,753.99,755.04,4264.104
2026-09-06 08:12:00,755.05,755.47,754.55,755.47,291.823
2026-09-06 08:15:00,755.47,755.8,755.39,755.8,147.887
2026-09-06 08:18:00,755.79,756.01,755.29,755.45,268.94
2026-09-06 08:21:00,755.45,755.58,755.28,755.48,156.717
2026-09-06 08:24:00,755.48,755.63,755.02,755.61,328.194
2026-09-06 08:27:00,755.6,755.6,755.2,755.41,501.516
2026-09-06 08:30:00,755.41,755.51,755.16,755.5,308.825
2026-09-06 08:33:00,755.51,755.82,755.0,755.71,382.387
2026-09-06 08:36:00,755.71,755.86,755.59,755.86,71.98
2026-09-06 08:39:00,755.86,756.0,755.71,755.86,240.665
2026-09-06 08:42:00,755.85,756.49,755.7,756.48,247.78
2026-09-06 08:45:00,756.47,756.5,756.35,756.49,127.498
2026-09-06 08:48:00,756.5,756.92,756.48,756.92,145.531
2026-09-06 08:51:00,756.91,757.32,756.77,756.88,208.694
2026-09-06 08:54:00,756.88,757.04,756.54,756.66,298.205
2026-09-06 08:57:00,756.66,757.23,756.65,757.01,207.303
2026-09-06 09:00:00,757.01,757.4,756.52,757.4,486.932
2026-09-06 09:03:00,757.41,757.58,757.12,757.56,120.334
2026-09-06 09:06:00,757.55,757.91,757.55,757.55,243.15
2026-09-06 09:09:00,757.55,757.9,757.16,757.89,572.978
2026-09-06 09:12:00,757.89,758.35,757.29,758.35,218.466
2026-09-06 09:15:00,758.34,758.71,757.6,758.27,353.348
2026-09-06 09:18:00,758.27,758.31,757.8,757.87,193.394
2026-09-06 09:21:00,757.86,758.32,757.55,758.05,391.838
2026-09-06 09:24:00,758.05,758.47,757.93,758.17,171.722
2026-09-06 09:27:00,758.16,758.92,758.16,758.84,179.851
2026-09-06 09:30:00,758.83,758.99,758.4,758.78,350.66
2026-09-06 09:33:00,758.78,758.9,758.38,758.48,180.412
2026-09-06 09:36:00,758.48,758.57,758.08,758.33,270.211
2026-09-06 09:39:00,758.34,758.34,757.56,757.57,311.213
2026-09-06 09:42:00,757.57,757.57,756.94,757.3,224.52
2026-09-06 09:45:00,757.31,757.48,757.3,757.32,69.71
2026-09-06 09:48:00,757.32,757.33,757.12,757.12,62.561
2026-09-06 09:51:00,757.13,757.13,756.83,757.11,184.051
2026-09-06 09:54:00,757.12,757.56,757.03,757.55,113.187
2026-09-06 09:57:00,757.56,757.64,757.01,757.64,204.331
2026-09-06 10:00:00,757.64,757.99,757.38,757.98,208.447
2026-09-06 10:03:00,757.98,758.38,757.98,758.18,118.957
2026-09-06 10:06:00,758.17,758.17,757.58,757.95,226.848
2026-09-06 10:09:00,757.95,758.06,757.92,757.94,103.573
2026-09-06 10:12:00,757.95,758.1,757.94,758.01,72.88
2026-09-06 10:15:00,758.0,758.42,758.0,758.1,256.98
2026-09-06 10:18:00,758.1,758.49,758.09,758.46,227.909
2026-09-06 10:21:00,758.45,758.46,757.7,757.83,100.013
2026-09-06 10:24:00,757.82,757.83,756.77,756.85,382.812
2026-09-06 10:27:00,756.85,756.9,756.29,756.61,275.489
2026-09-06 10:30:00,756.6,757.24,756.31,756.86,245.824
2026-09-06 10:33:00,756.87,757.44,756.86,757.44,96.139
2026-09-06 10:36:00,757.44,757.48,756.82,756.82,110.008
2026-09-06 10:39:00,756.82,757.24,756.8,757.18,132.754
2026-09-06 10:42:00,757.18,757.33,756.92,756.92,372.387
2026-09-06 10:45:00,756.93,757.55,756.92,757.11,314.34
2026-09-06 10:48:00,757.12,757.66,757.11,757.47,127.443
2026-09-06 10:51:00,757.47,757.62,757.31,757.31,128.992
2026-09-06 10:54:00,757.31,757.39,756.91,757.26,229.729
2026-09-06 10:57:00,757.26,758.11,756.84,757.55,746.962
2026-09-06 11:00:00,757.56,758.15,757.02,757.17,311.942
2026-09-06 11:03:00,757.18,757.2,756.93,756.94,122.33
2026-09-06 11:06:00,756.93,757.24,756.79,756.98,231.409
2026-09-06 11:09:00,756.98,757.2,756.62,757.2,184.041
2026-09-06 11:12:00,757.2,757.7,756.87,757.7,290.98
2026-09-06 11:15:00,757.69,757.7,756.92,757.17,370.806
2026-09-06 11:18:00,757.16,757.22,756.84,757.17,243.686
2026-09-06 11:21:00,757.18,757.41,756.9,757.41,197.278
2026-09-06 11:24:00,757.41,757.78,757.13,757.43,194.153
2026-09-06 11:27:00,757.42,758.77,757.42,758.08,367.997
2026-09-06 11:30:00,758.08,758.12,757.14,757.49,393.043
2026-09-06 11:33:00,757.49,757.93,757.27,757.28,363.357
2026-09-06 11:36:00,757.28,757.28,757.0,757.07,174.5
2026-09-06 11:39:00,757.07,757.39,757.0,757.38,304.518
2026-09-06 11:42:00,757.39,758.0,757.24,757.82,204.018
2026-09-06 11:45:00,757.81,758.32,757.52,758.15,244.085
2026-09-06 11:48:00,758.16,758.6,758.04,758.6,241.316
2026-09-06 11:51:00,758.6,758.71,758.28,758.4,223.714
2026-09-06 11:54:00,758.4,758.57,757.79,758.05,452.221
2026-09-06 11:57:00,758.05,758.24,758.04,758.24,69.667
2026-09-06 12:00:00,758.24,758.24,757.61,757.79,351.703
2026-09-06 12:03:00,757.78,757.83,757.65,757.66,221.991
2026-09-06 12:06:00,757.65,757.76,757.54,757.75,165.154
2026-09-06 12:09:00,757.74,757.77,757.29,757.32,53.16
2026-09-06 12:12:00,757.32,758.24,757.18,758.17,485.108
2026-09-06 12:15:00,758.17,758.33,757.89,758.33,199.157
2026-09-06 12:18:00,758.33,758.33,757.51,757.81,159.136
2026-09-06 12:21:00,757.82,758.2,757.62,757.98,238.789
2026-09-06 12:24:00,757.98,758.26,757.93,758.04,222.181
2026-09-06 12:27:00,758.03,758.51,757.3,757.5,217.203
2026-09-06 12:30:00,757.5,758.05,757.01,757.49,585.035
2026-09-06 12:33:00,757.49,757.73,757.0,757.01,623.524
2026-09-06 12:36:00,757.01,757.24,756.48,756.85,379.473
2026-09-06 12:39:00,756.85,756.87,756.01,756.25,534.76
2026-09-06 12:42:00,756.26,756.26,755.1,755.57,775.717
2026-09-06 12:45:00,755.58,755.62,754.76,754.77,399.579
2026-09-06 12:48:00,754.77,755.44,754.23,755.44,530.289
2026-09-06 12:51:00,755.43,756.31,755.18,756.3,278.555
2026-09-06 12:54:00,756.31,756.58,756.02,756.17,169.169
2026-09-06 12:57:00,756.17,756.17,755.17,755.62,654.092
2026-09-06 13:00:00,755.62,755.66,753.46,755.34,2043.157
2026-09-06 13:03:00,755.34,755.34,754.44,754.62,409.156
2026-09-06 13:06:00,754.61,755.22,753.84,755.21,714.573
2026-09-06 13:09:00,755.21,755.22,753.35,754.01,744.719
2026-09-06 13:12:00,754.01,754.01,753.31,753.45,545.109
2026-09-06 13:15:00,753.45,753.46,751.81,752.18,1535.435
2026-09-06 13:18:00,752.18,752.44,750.42,751.91,1350.061
2026-09-06 13:21:00,751.91,752.12,750.12,751.22,1068.062
2026-09-06 13:24:00,751.22,751.69,750.13,751.68,974.925
2026-09-06 13:27:00,751.69,751.85,750.0,751.25,1113.555
2026-09-06 13:30:00,751.25,751.88,749.93,751.68,1129.485
2026-09-06 13:33:00,751.68,751.7,750.87,751.51,669.441
2026-09-06 13:36:00,751.51,751.76,751.23,751.66,193.646
2026-09-06 13:39:00,751.66,751.69,750.89,751.63,523.703
2026-09-06 13:42:00,751.63,751.93,751.39,751.61,287.314
2026-09-06 13:45:00,751.62,751.95,751.22,751.93,399.282
2026-09-06 13:48:00,751.94,752.44,751.4,751.44,310.011
2026-09-06 13:51:00,751.44,751.81,751.29,751.59,164.708
2026-09-06 13:54:00,751.59,751.61,750.63,750.76,1177.972
2026-09-06 13:57:00,750.76,751.11,750.0,751.0,1557.83
2026-09-06 14:00:00,751.0,751.0,749.86,750.05,425.022
2026-09-06 14:03:00,750.05,750.3,749.68,750.24,385.805
2026-09-06 14:06:00,750.25,750.25,749.11,749.12,313.152
2026-09-06 14:09:00,749.12,749.12,747.26,747.48,2026.632
2026-09-06 14:12:00,747.48,748.15,747.48,747.91,571.767
2026-09-06 14:15:00,747.92,748.44,746.7,747.67,991.828
2026-09-06 14:18:00,747.72,748.32,746.08,746.1,750.558
2026-09-06 14:21:00,746.09,746.09,744.91,744.99,2005.627
2026-09-06 14:24:00,745.0,745.28,744.06,744.87,1349.147
2026-09-06 14:27:00,744.87,745.02,744.05,744.73,655.948
2026-09-06 14:30:00,744.73,744.84,741.14,742.65,2375.136
2026-09-06 14:33:00,742.65,745.31,742.48,745.31,606.96
2026-09-06 14:36:00,745.31,746.1,744.37,744.54,965.479
2026-09-06 14:39:00,744.54,744.83,742.97,744.12,1263.074
2026-09-06 14:42:00,744.12,744.54,743.42,744.45,716.701
2026-09-06 14:45:00,744.44,744.44,742.0,742.39,635.711
2026-09-06 14:48:00,742.39,743.5,742.39,743.21,540.795
2026-09-06 14:51:00,743.21,743.85,742.89,743.41,224.199
2026-09-06 14:54:00,743.41,743.62,742.2,742.37,423.994
2026-09-06 14:57:00,742.37,742.77,740.93,741.74,992.892
2026-09-06 15:00:00,741.75,742.16,740.24,741.71,989.773
2026-09-06 15:03:00,741.72,742.97,741.65,742.86,623.585
2026-09-06 15:06:00,742.86,743.42,742.08,743.42,437.608
2026-09-06 15:09:00,743.41,743.64,742.69,743.23,239.711
2026-09-06 15:12:00,743.23,743.47,742.44,743.01,468.724
2026-09-06 15:15:00,743.01,744.0,743.01,743.58,256.7
2026-09-06 15:18:00,743.58,744.47,743.34,744.17,384.093
2026-09-06 15:21:00,744.17,744.92,743.82,744.0,634.692
2026-09-06 15:24:00,743.99,744.5,743.99,744.15,202.325
2026-09-06 15:27:00,744.15,744.58,744.04,744.37,472.139
2026-09-06 15:30:00,744.37,744.51,744.13,744.14,246.872
2026-09-06 15:33:00,744.14,744.75,743.8,744.75,181.644
2026-09-06 15:36:00,744.75,745.5,744.74,745.41,220.922
2026-09-06 15:39:00,745.4,745.5,744.76,744.97,521.919
2026-09-06 15:42:00,744.97,745.07,744.7,744.79,203.753
2026-09-06 15:45:00,744.78,744.95,744.73,744.95,743.131
2026-09-06 15:48:00,744.94,746.19,744.92,745.48,348.595
2026-09-06 15:51:00,745.47,745.98,745.47,745.98,210.019
2026-09-06 15:54:00,745.97,746.08,745.3,746.01,257.947
2026-09-06 15:57:00,746.01,746.11,745.8,745.97,146.225
2026-09-06 16:00:00,745.98,746.38,745.35,745.58,544.327
2026-09-06 16:03:00,745.58,745.78,745.05,745.77,278.492
2026-09-06 16:06:00,745.77,745.88,745.32,745.58,164.058
2026-09-06 16:09:00,745.59,746.29,745.15,746.29,112.666
2026-09-06 16:12:00,746.29,747.1,746.28,747.09,226.897
2026-09-06 16:15:00,747.08,747.08,746.35,746.76,154.421
2026-09-06 16:18:00,746.76,747.14,746.48,746.7,342.559
2026-09-06 16:21:00,746.7,746.8,746.42,746.57,304.013
2026-09-06 16:24:00,746.57,747.4,745.81,747.39,241.559
2026-09-06 16:27:00,747.4,748.29,747.4,747.94,503.141
2026-09-06 16:30:00,747.95,747.95,747.0,747.77,229.132
2026-09-06 16:33:00,747.77,748.82,747.51,747.73,803.488
2026-09-06 16:36:00,747.73,747.74,747.17,747.62,274.884
2026-09-06 16:39:00,747.61,747.8,747.25,747.56,157.896
2026-09-06 16:42:00,747.56,747.81,747.14,747.58,293.745
2026-09-06 16:45:00,747.57,747.57,747.32,747.49,98.11
2026-09-06 16:48:00,747.5,747.88,747.39,747.39,221.202
2026-09-06 16:51:00,747.4,747.5,747.25,747.39,69.23
2026-09-06 16:54:00,747.39,747.68,747.2,747.22,129.095
2026-09-06 16:57:00,747.21,748.08,747.09,747.77,218.485
2026-09-06 17:00:00,747.77,747.77,746.8,747.14,436.227
2026-09-06 17:03:00,747.18,747.63,747.17,747.49,55.303
2026-09-06 17:06:00,747.5,747.71,747.28,747.4,190.916
2026-09-06 17:09:00,747.39,747.73,747.18,747.62,378.028
2026-09-06 17:12:00,747.62,747.83,747.4,747.67,123.692
2026-09-06 17:15:00,747.67,747.83,747.21,747.72,116.431
2026-09-06 17:18:00,747.72,748.55,747.62,747.8,193.037
2026-09-06 17:21:00,747.8,748.2,747.53,747.92,165.256
2026-09-06 17:24:00,747.93,748.28,747.46,747.47,218.94
2026-09-06 17:27:00,747.46,747.46,746.66,747.02,190.184
2026-09-06 17:30:00,747.03,747.44,746.78,747.43,103.097
2026-09-06 17:33:00,747.44,747.82,747.22,747.22,46.661
2026-09-06 17:36:00,747.23,748.06,747.01,747.8,131.088
2026-09-06 17:39:00,747.8,747.96,747.52,747.87,164.198
2026-09-06 17:42:00,747.87,747.87,747.62,747.64,50.024
2026-09-06 17:45:00,747.65,747.73,747.48,747.62,70.694
2026-09-06 17:48:00,747.62,747.68,747.3,747.35,62.873
2026-09-06 17:51:00,747.35,747.57,747.02,747.02,90.601
2026-09-06 17:54:00,747.03,748.29,747.03,748.03,213.494
2026-09-06 17:57:00,748.03,748.49,748.03,748.24,269.953
2026-09-06 18:00:00,748.25,748.25,747.71,748.03,178.116
2026-09-06 18:03:00,748.03,748.12,747.76,748.12,119.268
2026-09-06 18:06:00,748.13,748.36,747.8,748.12,653.57
2026-09-06 18:09:00,748.11,748.39,748.11,748.23,109.213
2026-09-06 18:12:00,748.24,748.51,747.58,748.1,563.741
2026-09-06 18:15:00,748.1,748.24,747.89,748.24,175.936
2026-09-06 18:18:00,748.23,748.37,747.97,748.37,255.65
2026-09-06 18:21:00,748.37,748.85,748.37,748.84,119.942
2026-09-06 18:24:00,748.84,749.21,748.69,748.78,613.582
2026-09-06 18:27:00,748.78,749.39,748.77,749.11,126.75
2026-09-06 18:30:00,749.12,750.0,749.0,749.85,293.896
2026-09-06 18:33:00,749.85,749.87,749.24,749.35,126.906
2026-09-06 18:36:00,749.35,749.64,749.27,749.3,289.895
2026-09-06 18:39:00,749.3,749.31,748.82,749.03,308.612
2026-09-06 18:42:00,749.03,749.46,748.92,749.46,206.646
2026-09-06 18:45:00,749.47,749.99,749.08,749.35,459.887
2026-09-06 18:48:00,749.35,749.49,749.28,749.44,56.221
2026-09-06 18:51:00,749.44,749.94,749.2,749.21,133.15
2026-09-06 18:54:00,749.21,749.36,748.83,749.36,88.358
2026-09-06 18:57:00,749.36,749.78,749.02,749.65,162.648
2026-09-06 19:00:00,749.65,750.0,749.56,749.96,118.844
2026-09-06 19:03:00,749.97,750.3,749.96,750.11,182.32
2026-09-06 19:06:00,750.12,750.12,749.8,749.89,143.422
2026-09-06 19:09:00,749.9,750.32,749.9,750.32,72.312
2026-09-06 19:12:00,750.32,750.39,750.32,750.37,68.376
2026-09-06 19:15:00,750.37,750.47,750.18,750.19,101.123
2026-09-06 19:18:00,750.18,750.19,749.77,749.89,138.404
2026-09-06 19:21:00,749.89,749.89,749.28,749.57,114.419
2026-09-06 19:24:00,749.57,749.8,749.49,749.59,190.18
2026-09-06 19:27:00,749.59,749.59,749.44,749.55,104.88
2026-09-06 19:30:00,749.54,749.55,748.88,749.04,173.066
2026-09-06 19:33:00,749.04,749.1,748.92,748.99,78.212
2026-09-06 19:36:00,749.0,749.07,748.99,749.06,55.66
2026-09-06 19:39:00,749.07,749.15,748.81,749.15,79.309
2026-09-06 19:42:00,749.15,749.18,748.94,749.09,76.921
2026-09-06 19:45:00,749.09,749.11,748.8,748.82,43.091
2026-09-06 19:48:00,748.82,749.15,748.6,748.93,85.704
2026-09-06 19:51:00,748.93,748.94,748.74,748.92,77.287
2026-09-06 19:54:00,748.92,749.39,748.91,749.2,101.505
2026-09-06 19:57:00,749.2,749.42,748.87,749.18,105.626
2026-09-06 20:00:00,749.18,749.86,749.02,749.82,89.151
2026-09-06 20:03:00,749.82,750.07,749.6,749.81,56.645
2026-09-06 20:06:00,749.81,749.88,749.49,749.57,77.791
2026-09-06 20:09:00,749.56,749.67,749.55,749.57,57.14
2026-09-06 20:12:00,749.56,749.7,749.51,749.53,113.859
2026-09-06 20:15:00,749.53,749.7,748.94,749.66,317.289
2026-09-06 20:18:00,749.66,750.1,749.59,750.06,256.576
2026-09-06 20:21:00,750.07,750.53,750.06,750.49,134.617
2026-09-06 20:24:00,750.5,750.5,750.03,750.06,120.319
2026-09-06 20:27:00,750.07,750.92,750.07,750.79,209.668
2026-09-06 20:30:00,750.79,751.49,750.66,751.03,379.672
2026-09-06 20:33:00,751.03,751.28,751.02,751.2,87.105
2026-09-06 20:36:00,751.19,751.25,750.85,750.88,138.35
2026-09-06 20:39:00,750.88,750.99,750.36,750.73,270.652
2026-09-06 20:42:00,750.72,751.13,750.72,751.12,135.188
2026-09-06 20:45:00,751.13,751.57,751.07,751.45,163.391
2026-09-06 20:48:00,751.45,751.75,751.35,751.75,88.503
2026-09-06 20:51:00,751.75,751.77,751.39,751.39,104.9
2026-09-06 20:54:00,751.4,751.4,751.39,751.4,100.265
2026-09-06 20:57:00,751.4,751.64,751.39,751.51,76.886
2026-09-06 21:00:00,751.51,752.08,751.42,751.88,204.016
2026-09-06 21:03:00,751.88,752.85,751.79,752.78,263.782
2026-09-06 21:06:00,752.78,753.3,751.98,753.14,353.206
2026-09-06 21:09:00,753.14,753.14,752.19,752.23,242.871
2026-09-06 21:12:00,752.22,752.43,751.92,752.43,238.044
2026-09-06 21:15:00,752.42,752.99,752.42,752.96,123.982
2026-09-06 21:18:00,752.97,753.87,752.97,753.43,629.517
2026-09-06 21:21:00,753.43,753.65,753.04,753.18,401.331
2026-09-06 21:24:00,753.18,753.18,752.85,752.86,110.119
2026-09-06 21:27:00,752.85,753.68,752.75,752.84,652.396
2026-09-06 21:30:00,752.83,752.89,752.49,752.89,96.499
2026-09-06 21:33:00,752.89,753.36,752.81,753.19,81.537
2026-09-06 21:36:00,753.2,753.65,752.86,753.16,354.006
2026-09-06 21:39:00,753.15,753.16,752.48,752.68,133.794
2026-09-06 21:42:00,752.68,753.23,752.03,752.24,421.455
2026-09-06 21:45:00,752.23,752.99,752.05,752.37,412.434
2026-09-06 21:48:00,752.37,752.62,751.87,751.87,205.348
2026-09-06 21:51:00,751.88,751.88,751.48,751.49,177.4
2026-09-06 21:54:00,751.49,751.68,751.1,751.5,181.272
2026-09-06 21:57:00,751.51,751.8,751.2,751.48,115.249
2026-09-06 22:00:00,751.49,751.49,749.84,749.93,379.233
2026-09-06 22:03:00,749.93,751.13,749.93,751.13,316.746
2026-09-06 22:06:00,751.13,751.3,750.21,750.45,238.949
2026-09-06 22:09:00,750.46,750.46,749.52,749.67,358.571
2026-09-06 22:12:00,749.67,749.85,749.44,749.7,249.55
2026-09-06 22:15:00,749.7,749.74,749.04,749.18,183.237
2026-09-06 22:18:00,749.19,749.25,748.38,748.78,243.225
2026-09-06 22:21:00,748.77,749.38,748.68,749.38,129.009
2026-09-06 22:24:00,749.38,749.5,748.87,749.5,81.655
2026-09-06 22:27:00,749.5,749.6,749.11,749.4,281.31
2026-09-06 22:30:00,749.39,750.0,749.39,749.73,421.957
2026-09-06 22:33:00,749.72,750.87,749.56,750.62,258.804
2026-09-06 22:36:00,750.61,751.4,750.56,751.21,210.787
2026-09-06 22:39:00,751.21,751.34,750.56,750.93,198.149
2026-09-06 22:42:00,750.93,751.31,750.79,750.95,239.633
2026-09-06 22:45:00,750.95,750.95,750.45,750.5,139.554
2026-09-06 22:48:00,750.5,750.84,750.47,750.84,101.524
2026-09-06 22:51:00,750.84,751.39,750.71,751.24,225.124
2026-09-06 22:54:00,751.24,751.85,751.24,751.79,521.017
2026-09-06 22:57:00,751.79,751.83,751.0,751.53,144.806
2026-09-06 23:00:00,751.53,751.97,751.19,751.9,174.476
2026-09-06 23:03:00,751.9,753.45,751.89,753.0,429.776
2026-09-06 23:06:00,753.01,753.19,752.18,752.42,178.352
2026-09-06 23:09:00,752.43,752.84,752.36,752.74,112.561
2026-09-06 23:12:00,752.73,752.74,752.21,752.35,158.05
2026-09-06 23:15:00,752.35,752.89,752.0,752.88,223.25
2026-09-06 23:18:00,752.89,753.53,752.88,753.3,187.957
2026-09-06 23:21:00,753.29,753.3,752.57,752.64,199.52
2026-09-06 23:24:00,752.64,752.65,751.75,752.18,358.831
2026-09-06 23:27:00,752.18,752.49,752.1,752.19,142.05
2026-09-06 23:30:00,752.19,752.33,752.04,752.25,62.364
2026-09-06 23:33:00,752.25,752.79,752.15,752.63,202.182
2026-09-06 23:36:00,752.63,754.46,752.63,754.12,378.862
2026-09-06 23:39:00,754.11,754.2,753.51,753.98,235.165
2026-09-06 23:42:00,753.99,754.69,753.57,753.86,520.304
2026-09-06 23:45:00,753.85,754.93,753.71,754.07,763.697
2026-09-06 23:48:00,754.08,754.36,752.56,753.16,936.966
2026-09-06 23:51:00,753.16,753.16,752.46,752.81,277.249
2026-09-06 23:54:00,752.82,753.29,752.19,752.2,483.125
2026-09-06 23:57:00,752.2,753.05,752.19,753.0,268.214
2026-09-07 00:00:00,753.01,753.13,751.92,752.93,734.623
2026-09-07 00:03:00,752.93,754.96,752.93,754.95,658.133
2026-09-07 00:06:00,754.95,755.8,754.41,755.03,779.378
2026-09-07 00:09:00,755.04,756.43,755.01,756.02,497.556
2026-09-07 00:12:00,756.02,756.02,754.61,754.61,245.109
2026-09-07 00:15:00,754.62,754.98,752.22,752.97,946.09
2026-09-07 00:18:00,752.97,752.97,752.05,752.62,223.487
2026-09-07 00:21:00,752.63,753.01,751.83,751.93,926.971
2026-09-07 00:24:00,751.92,752.28,751.56,752.27,265.073
2026-09-07 00:27:00,752.27,752.71,752.27,752.57,211.85
2026-09-07 00:30:00,752.57,753.01,751.78,751.96,235.715
2026-09-07 00:33:00,751.97,752.35,751.36,752.27,240.479
2026-09-07 00:36:00,752.27,752.98,752.27,752.29,240.993
2026-09-07 00:39:00,752.29,753.07,752.29,752.48,412.221
2026-09-07 00:42:00,752.48,753.12,752.48,752.67,233.85
2026-09-07 00:45:00,752.67,753.36,752.5,753.36,181.992
2026-09-07 00:48:00,753.36,753.36,752.02,752.02,155.535
2026-09-07 00:51:00,752.02,752.58,751.7,751.71,275.775
2026-09-07 00:54:00,751.7,751.7,750.52,750.53,311.882
2026-09-07 00:57:00,750.53,750.81,750.09,750.5,504.749
2026-09-07 01:00:00,750.51,750.57,749.79,750.42,511.769
2026-09-07 01:03:00,750.42,751.13,750.08,750.42,183.192
2026-09-07 01:06:00,750.43,750.43,749.01,749.12,357.897
2026-09-07 01:09:00,749.12,749.41,747.4,749.4,709.885
2026-09-07 01:12:00,749.4,749.59,747.91,748.13,391.48
2026-09-07 01:15:00,748.13,748.34,746.39,747.66,479.932
2026-09-07 01:18:00,747.66,748.04,746.28,746.28,525.1
2026-09-07 01:21:00,746.28,747.59,746.28,747.12,138.748
2026-09-07 01:24:00,747.13,747.32,746.42,746.45,286.938
2026-09-07 01:27:00,746.45,747.12,746.28,747.07,311.913
2026-09-07 01:30:00,747.07,747.19,746.34,747.12,198.265
2026-09-07 01:33:00,747.13,747.84,747.13,747.54,115.103
2026-09-07 01:36:00,747.54,747.6,746.99,747.07,136.224
2026-09-07 01:39:00,747.07,747.12,746.18,746.19,130.783
2026-09-07 01:42:00,746.19,746.51,745.73,746.19,326.983
2026-09-07 01:45:00,746.19,746.56,745.73,746.46,97.124
2026-09-07 01:48:00,746.45,746.94,746.37,746.53,247.589
2026-09-07 01:51:00,746.52,747.59,746.52,747.59,90.653
2026-09-07 01:54:00,747.6,748.26,747.6,748.07,213.407
2026-09-07 01:57:00,748.07,748.93,748.07,748.69,224.094
2026-09-07 02:00:00,748.7,749.29,748.63,748.64,278.01
2026-09-07 02:03:00,748.64,748.64,748.07,748.31,128.891
2026-09-07 02:06:00,748.3,748.33,747.4,747.71,237.7
2026-09-07 02:09:00,747.72,748.35,747.28,748.35,140.254
2026-09-07 02:12:00,748.35,748.45,747.81,748.45,198.776
2026-09-07 02:15:00,748.45,749.48,748.45,749.43,185.363
2026-09-07 02:18:00,749.43,750.55,749.23,750.54,454.168
2026-09-07 02:21:00,750.54,750.55,750.34,750.51,165.33
2026-09-07 02:24:00,750.51,751.52,750.44,751.49,270.313
2026-09-07 02:27:00,751.49,752.66,751.48,752.28,483.525
2026-09-07 02:30:00,752.28,753.33,752.19,753.1,336.069
2026-09-07 02:33:00,753.09,753.09,752.28,752.73,258.631
2026-09-07 02:36:00,752.73,753.86,752.7,753.81,256.338
2026-09-07 02:39:00,753.81,755.91,753.8,754.28,672.029
2026-09-07 02:42:00,754.25,754.61,753.64,754.0,299.151
2026-09-07 02:45:00,754.0,754.1,753.57,753.69,256.713
2026-09-07 02:48:00,753.7,753.9,752.95,752.95,125.017
2026-09-07 02:51:00,752.96,753.08,751.84,751.84,176.545
2026-09-07 02:54:00,751.84,751.84,749.82,750.39,559.489
2026-09-07 02:57:00,750.4,750.4,747.4,748.51,636.072
2026-09-07 03:00:00,748.51,750.05,747.9,749.89,377.147
2026-09-07 03:03:00,749.89,750.08,749.54,749.8,260.473
2026-09-07 03:06:00,749.79,750.24,748.82,749.08,308.518
2026-09-07 03:09:00,749.08,749.32,748.8,748.87,109.271
2026-09-07 03:12:00,748.88,749.16,748.67,748.96,147.428
2026-09-07 03:15:00,748.96,749.09,748.09,748.51,216.203
2026-09-07 03:18:00,748.5,749.13,748.35,749.13,166.259
2026-09-07 03:21:00,749.14,749.43,748.77,748.84,114.659
2026-09-07 03:24:00,748.85,748.85,748.06,748.84,298.016
2026-09-07 03:27:00,748.83,748.83,747.8,748.05,228.111
2026-09-07 03:30:00,748.05,748.47,747.62,747.63,215.728
2026-09-07 03:33:00,747.63,748.23,747.56,747.57,124.872
2026-09-07 03:36:00,747.57,747.8,746.49,746.56,414.453
2026-09-07 03:39:00,746.56,746.56,745.38,745.79,900.041
2026-09-07 03:42:00,745.79,746.12,745.46,745.57,221.588
2026-09-07 03:45:00,745.57,746.19,745.45,746.17,193.773
2026-09-07 03:48:00,746.17,746.36,744.89,745.76,1863.017
2026-09-07 03:51:00,745.76,745.85,745.47,745.5,115.415
2026-09-07 03:54:00,745.51,746.56,745.5,746.5,243.824
2026-09-07 03:57:00,746.5,746.78,746.12,746.31,311.009
2026-09-07 04:00:00,746.32,746.48,746.05,746.34,196.111
2026-09-07 04:03:00,746.35,746.79,746.01,746.21,134.253
2026-09-07 04:06:00,746.2,746.5,746.05,746.5,75.365
2026-09-07 04:09:00,746.5,746.5,746.0,746.18,249.388
2026-09-07 04:12:00,746.17,746.74,745.6,746.73,339.312
2026-09-07 04:15:00,746.74,747.22,746.16,746.71,276.109
2026-09-07 04:18:00,746.71,746.98,746.61,746.95,311.879
2026-09-07 04:21:00,746.94,747.57,746.77,747.57,99.263
2026-09-07 04:24:00,747.56,747.57,746.76,747.38,163.22
2026-09-07 04:27:00,747.37,747.37,746.19,746.19,152.704
2026-09-07 04:30:00,746.19,746.6,746.01,746.02,146.298
2026-09-07 04:33:00,746.02,746.39,745.5,745.58,287.557
2026-09-07 04:36:00,745.59,746.39,745.58,746.31,120.387
2026-09-07 04:39:00,746.3,746.38,745.94,746.27,178.661
2026-09-07 04:42:00,746.27,746.63,746.1,746.63,165.331
2026-09-07 04:45:00,746.64,746.88,746.38,746.54,245.997
2026-09-07 04:48:00,746.53,746.77,746.49,746.7,59.702
2026-09-07 04:51:00,746.7,746.79,746.1,746.11,48.89
2026-09-07 04:54:00,746.11,746.63,745.84,746.63,222.803
2026-09-07 04:57:00,746.62,747.28,746.62,747.16,246.97
2026-09-07 05:00:00,747.15,747.3,746.79,747.12,94.685
2026-09-07 05:03:00,747.13,747.81,746.88,747.72,111.033
2026-09-07 05:06:00,747.72,747.79,747.07,747.35,157.246
2026-09-07 05:09:00,747.35,747.94,747.27,747.28,171.115
2026-09-07 05:12:00,747.28,747.45,746.78,747.43,183.672
2026-09-07 05:15:00,747.43,748.16,747.34,748.1,144.429
2026-09-07 05:18:00,748.1,748.4,748.04,748.1,148.493
2026-09-07 05:21:00,748.1,748.55,747.89,748.52,116.39
2026-09-07 05:24:00,748.52,749.16,748.35,748.35,238.328
2026-09-07 05:27:00,748.36,748.45,748.04,748.45,251.57
2026-09-07 05:30:00,748.44,748.9,748.15,748.36,133.892
2026-09-07 05:33:00,748.37,748.86,748.23,748.78,117.309
2026-09-07 05:36:00,748.79,750.01,748.79,749.6,326.675
2026-09-07 05:39:00,749.6,749.83,749.12,749.82,211.215
2026-09-07 05:42:00,749.83,749.92,749.65,749.81,75.044
2026-09-07 05:45:00,749.81,750.2,749.29,750.05,197.24
2026-09-07 05:48:00,750.06,750.2,749.12,749.15,175.985
2026-09-07 05:51:00,749.15,749.43,748.63,748.88,145.735
2026-09-07 05:54:00,748.87,748.93,748.48,748.73,80.586
2026-09-07 05:57:00,748.73,748.73,748.54,748.54,80.502
2026-09-07 06:00:00,748.54,748.7,748.4,748.62,62.024
2026-09-07 06:03:00,748.63,749.16,748.62,749.03,329.391
2026-09-07 06:06:00,749.04,749.04,748.2,748.4,191.887
2026-09-07 06:09:00,748.41,748.88,748.4,748.8,115.115
2026-09-07 06:12:00,748.8,749.07,748.75,749.02,133.266
2026-09-07 06:15:00,749.02,749.19,748.54,748.56,209.65
2026-09-07 06:18:00,748.56,748.56,747.75,747.75,156.662
2026-09-07 06:21:00,747.76,747.86,746.46,747.08,475.368
2026-09-07 06:24:00,747.08,747.25,746.85,746.88,262.468
2026-09-07 06:27:00,746.89,746.89,746.55,746.55,77.535
2026-09-07 06:30:00,746.55,746.88,746.3,746.65,322.001
2026-09-07 06:33:00,746.65,746.65,746.3,746.31,95.775
2026-09-07 06:36:00,746.3,746.3,745.03,745.35,378.797
2026-09-07 06:39:00,745.36,745.89,745.03,745.61,250.513
2026-09-07 06:42:00,745.61,745.61,745.28,745.29,138.43
2026-09-07 06:45:00,745.29,745.84,745.19,745.71,164.345
2026-09-07 06:48:00,745.71,745.94,745.58,745.86,188.322
2026-09-07 06:51:00,745.86,745.94,745.63,745.74,153.972
2026-09-07 06:54:00,745.75,745.8,745.52,745.55,130.723
2026-09-07 06:57:00,745.55,745.62,745.28,745.48,120.396
2026-09-07 07:00:00,745.49,745.62,745.24,745.32,162.067
2026-09-07 07:03:00,745.32,745.44,744.49,745.01,442.516
2026-09-07 07:06:00,745.02,745.27,744.49,745.09,231.545
2026-09-07 07:09:00,745.08,745.31,744.99,744.99,189.313
2026-09-07 07:12:00,744.98,745.39,744.61,744.61,167.081
2026-09-07 07:15:00,744.62,744.98,744.49,744.86,184.898
2026-09-07 07:18:00,744.86,745.05,744.35,744.5,244.68
2026-09-07 07:21:00,744.5,744.5,743.6,743.6,671.484
2026-09-07 07:24:00,743.6,744.42,743.56,744.24,274.171
2026-09-07 07:27:00,744.23,744.24,742.69,742.75,669.126
2026-09-07 07:30:00,742.76,743.76,742.51,743.56,625.025
2026-09-07 07:33:00,743.55,743.55,741.51,742.24,607.663
2026-09-07 07:36:00,742.23,742.45,741.68,741.93,321.288
2026-09-07 07:39:00,741.92,741.92,740.26,741.05,577.938
2026-09-07 07:42:00,741.04,743.0,741.02,742.99,485.556
2026-09-07 07:45:00,743.0,743.65,742.99,743.26,380.473
2026-09-07 07:48:00,743.25,743.47,742.98,743.11,169.879
2026-09-07 07:51:00,743.1,743.93,743.1,743.76,149.769
2026-09-07 07:54:00,743.77,744.31,743.14,743.94,296.993
2026-09-07 07:57:00,743.93,744.27,743.79,743.87,334.014
2026-09-07 08:00:00,743.88,744.91,743.88,744.9,372.735
2026-09-07 08:03:00,744.89,745.14,744.36,745.13,327.65
2026-09-07 08:06:00,745.13,745.45,744.93,745.24,352.911
2026-09-07 08:09:00,745.22,745.45,745.03,745.44,181.007
2026-09-07 08:12:00,745.45,745.46,744.84,744.86,218.763
2026-09-07 08:15:00,744.86,745.27,744.73,745.27,195.777
2026-09-07 08:18:00,745.26,745.27,744.55,744.55,184.555
2026-09-07 08:21:00,744.56,744.85,744.37,744.8,230.18
2026-09-07 08:24:00,744.8,745.2,744.49,744.92,213.781
2026-09-07 08:27:00,744.92,744.92,744.23,744.49,142.212
2026-09-07 08:30:00,744.49,744.98,744.37,744.53,189.826
2026-09-07 08:33:00,744.54,744.77,744.21,744.21,154.127
2026-09-07 08:36:00,744.2,744.73,743.97,744.56,277.735
2026-09-07 08:39:00,744.55,744.9,744.44,744.79,259.387
2026-09-07 08:42:00,744.79,744.89,744.68,744.75,134.664
2026-09-07 08:45:00,744.76,745.15,744.68,745.13,109.441
2026-09-07 08:48:00,745.13,745.14,744.24,744.47,254.995
2026-09-07 08:51:00,744.48,744.9,744.09,744.8,150.109
2026-09-07 08:54:00,744.79,745.09,744.7,745.09,257.231
2026-09-07 08:57:00,745.09,745.18,744.77,745.17,110.486
2026-09-07 09:00:00,745.18,745.25,744.85,744.88,172.026
2026-09-07 09:03:00,744.87,745.05,744.18,744.19,96.997
2026-09-07 09:06:00,744.19,744.74,744.18,744.74,76.589
2026-09-07 09:09:00,744.74,745.01,744.52,744.95,356.94
2026-09-07 09:12:00,744.95,746.13,744.94,745.81,1106.606
2026-09-07 09:15:00,745.81,746.92,745.49,745.64,931.092
2026-09-07 09:18:00,745.64,745.72,745.18,745.35,250.975
2026-09-07 09:21:00,745.36,745.36,744.8,745.24,219.031
2026-09-07 09:24:00,745.23,745.25,744.86,745.19,326.922
2026-09-07 09:27:00,745.18,745.42,745.18,745.34,241.602
2026-09-07 09:30:00,745.34,745.61,745.16,745.17,139.238
2026-09-07 09:33:00,745.16,745.2,744.52,744.52,199.236
2026-09-07 09:36:00,744.52,744.56,744.39,744.5,177.199
2026-09-07 09:39:00,744.5,744.7,744.5,744.63,144.858
2026-09-07 09:42:00,744.62,744.78,744.4,744.78,107.421
2026-09-07 09:45:00,744.77,745.13,744.7,744.72,235.408
2026-09-07 09:48:00,744.72,744.72,743.62,743.7,934.011
2026-09-07 09:51:00,743.71,743.75,742.52,743.36,787.405
2026-09-07 09:54:00,743.36,743.36,742.81,743.02,200.107
2026-09-07 09:57:00,743.02,743.31,742.8,742.81,137.938
2026-09-07 10:00:00,742.81,743.32,742.59,742.65,490.453
2026-09-07 10:03:00,742.65,743.53,742.65,743.53,177.286
2026-09-07 10:06:00,743.53,743.9,743.14,743.14,193.863
2026-09-07 10:09:00,743.14,743.37,742.86,743.15,223.184
2026-09-07 10:12:00,743.16,743.64,742.94,743.52,282.429
2026-09-07 10:15:00,743.51,743.71,743.2,743.58,187.514
2026-09-07 10:18:00,743.59,744.01,743.58,743.66,355.476
2026-09-07 10:21:00,743.65,744.01,743.62,744.01,401.823
2026-09-07 10:24:00,744.01,744.01,743.3,743.5,518.287
2026-09-07 10:27:00,743.49,743.75,743.03,743.56,753.238
2026-09-07 10:30:00,743.56,744.02,743.56,743.71,238.838
2026-09-07 10:33:00,743.71,743.76,743.68,743.76,86.148
2026-09-07 10:36:00,743.76,744.06,743.63,744.05,98.682
2026-09-07 10:39:00,744.06,744.72,744.05,744.71,143.788
2026-09-07 10:42:00,744.72,744.94,744.71,744.82,101.743
2026-09-07 10:45:00,744.82,744.83,744.41,744.44,179.298
2026-09-07 10:48:00,744.44,744.44,744.2,744.21,151.39
2026-09-07 10:51:00,744.2,744.6,744.2,744.46,150.399
2026-09-07 10:54:00,744.46,744.53,743.71,743.78,278.65
2026-09-07 10:57:00,743.79,743.79,743.49,743.7,71.471
2026-09-07 11:00:00,743.71,744.11,743.35,743.35,268.529
2026-09-07 11:03:00,743.36,743.48,743.31,743.47,77.532
2026-09-07 11:06:00,743.48,743.66,743.44,743.55,124.944
2026-09-07 11:09:00,743.54,744.26,743.54,744.25,121.709
2026-09-07 11:12:00,744.24,744.24,744.11,744.2,83.922
2026-09-07 11:15:00,744.2,744.32,743.96,744.32,268.825
2026-09-07 11:18:00,744.32,744.75,744.02,744.35,210.799
2026-09-07 11:21:00,744.36,744.89,743.68,743.72,269.457
2026-09-07 11:24:00,743.72,744.05,743.72,744.02,185.594
2026-09-07 11:27:00,744.02,744.42,743.56,743.57,156.141
2026-09-07 11:30:00,743.57,744.53,743.56,744.34,214.432
2026-09-07 11:33:00,744.33,744.35,744.06,744.3,135.627
2026-09-07 11:36:00,744.3,744.3,743.82,743.99,162.445
2026-09-07 11:39:00,743.98,744.03,743.8,743.9,163.948
2026-09-07 11:42:00,743.9,743.9,743.28,743.71,159.924
2026-09-07 11:45:00,743.7,744.54,743.7,744.54,241.918
2026-09-07 11:48:00,744.54,744.66,744.24,744.48,190.348
2026-09-07 11:51:00,744.47,744.72,744.14,744.57,266.471
2026-09-07 11:54:00,744.57,744.66,744.28,744.47,207.243
2026-09-07 11:57:00,744.46,744.95,744.46,744.95,187.863
2026-09-07 12:00:00,744.95,745.16,744.81,744.82,205.98
2026-09-07 12:03:00,744.81,745.47,744.56,745.19,207.21
2026-09-07 12:06:00,745.19,745.97,745.19,745.73,470.502
2026-09-07 12:09:00,745.72,745.73,745.04,745.11,178.355
2026-09-07 12:12:00,745.12,745.21,745.0,745.2,188.247
2026-09-07 12:15:00,745.2,745.21,745.0,745.21,257.329
2026-09-07 12:18:00,745.21,745.56,745.02,745.43,205.955
2026-09-07 12:21:00,745.43,745.93,745.43,745.44,425.11
2026-09-07 12:24:00,745.43,745.96,745.43,745.88,244.077
2026-09-07 12:27:00,745.87,746.08,745.79,745.8,140.898
2026-09-07 12:30:00,745.79,745.8,745.46,745.59,189.778
2026-09-07 12:33:00,745.59,745.59,745.28,745.35,239.215
2026-09-07 12:36:00,745.34,745.54,745.2,745.41,225.575
2026-09-07 12:39:00,745.41,745.76,745.21,745.75,282.838
2026-09-07 12:42:00,745.75,745.8,745.75,745.79,113.584
2026-09-07 12:45:00,745.79,746.23,745.66,745.99,217.773
2026-09-07 12:48:00,746.0,746.49,746.0,746.48,199.589
2026-09-07 12:51:00,746.49,746.95,746.37,746.79,184.34
2026-09-07 12:54:00,746.8,747.32,746.68,747.32,526.499
2026-09-07 12:57:00,747.31,747.37,747.13,747.14,205.821
2026-09-07 13:00:00,747.14,747.37,746.66,746.7,426.408
2026-09-07 13:03:00,746.69,747.15,746.57,746.59,657.237
2026-09-07 13:06:00,746.59,747.24,746.58,746.87,499.297
2026-09-07 13:09:00,746.87,747.47,746.8,747.24,494.805
2026-09-07 13:12:00,747.24,747.68,746.9,747.68,268.855
2026-09-07 13:15:00,747.68,747.68,746.31,746.48,673.715
2026-09-07 13:18:00,746.48,747.32,746.31,747.32,296.295
2026-09-07 13:21:00,747.32,747.63,746.68,746.89,597.696
2026-09-07 13:24:00,746.89,747.49,746.82,747.49,358.726
2026-09-07 13:27:00,747.48,747.6,746.81,746.88,670.513
2026-09-07 13:30:00,746.88,747.35,746.88,746.89,275.757
2026-09-07 13:33:00,746.88,746.89,745.79,745.8,533.999
2026-09-07 13:36:00,745.8,746.44,745.35,746.39,375.236
2026-09-07 13:39:00,746.39,746.55,745.68,746.0,375.247
2026-09-07 13:42:00,746.0,746.0,745.54,745.55,197.155
2026-09-07 13:45:00,745.54,745.76,744.06,744.67,482.06
2026-09-07 13:48:00,744.68,745.6,744.37,744.53,535.658
2026-09-07 13:51:00,744.53,745.41,744.53,745.4,109.82
2026-09-07 13:54:00,745.41,746.18,745.4,746.05,150.534
2026-09-07 13:57:00,746.06,746.11,745.33,745.63,247.375
2026-09-07 14:00:00,745.63,745.89,745.34,745.64,296.383
2026-09-07 14:03:00,745.64,745.64,744.05,744.9,516.637
2026-09-07 14:06:00,744.9,745.23,744.04,744.37,446.04
2026-09-07 14:09:00,744.38,744.85,743.89,744.83,243.935
2026-09-07 14:12:00,744.83,744.83,744.16,744.64,177.955
2026-09-07 14:15:00,744.63,745.1,744.18,744.41,141.482
2026-09-07 14:18:00,744.41,744.5,743.96,744.37,225.671
2026-09-07 14:21:00,744.36,744.45,743.8,744.13,313.403
2026-09-07 14:24:00,744.13,744.26,743.7,744.21,102.336
2026-09-07 14:27:00,744.2,744.2,743.2,743.3,297.889
2026-09-07 14:30:00,743.29,743.92,743.15,743.53,171.588
2026-09-07 14:33:00,743.52,744.0,743.11,743.8,171.636
2026-09-07 14:36:00,743.8,743.8,743.0,743.0,174.961
2026-09-07 14:39:00,743.01,743.01,741.37,741.37,561.676
2026-09-07 14:42:00,741.37,742.43,741.0,742.27,326.166
2026-09-07 14:45:00,742.26,743.12,742.24,742.95,150.042
2026-09-07 14:48:00,742.95,743.25,742.91,743.01,250.738
2026-09-07 14:51:00,743.0,744.0,743.0,743.99,136.823
2026-09-07 14:54:00,744.0,744.3,743.78,744.04,132.258
2026-09-07 14:57:00,744.04,744.04,743.57,743.57,138.357
2026-09-07 15:00:00,743.57,743.57,743.12,743.19,149.768
2026-09-07 15:03:00,743.18,743.25,741.76,741.77,210.686
2026-09-07 15:06:00,741.78,742.09,741.36,741.49,234.085
2026-09-07 15:09:00,741.48,742.08,741.48,741.74,194.767
2026-09-07 15:12:00,741.74,741.8,740.86,740.86,401.176
2026-09-07 15:15:00,740.87,741.23,738.16,739.26,3031.744
2026-09-07 15:18:00,739.27,741.69,738.39,741.11,577.973
2026-09-07 15:21:00,741.11,741.8,741.11,741.73,273.001
2026-09-07 15:24:00,741.72,742.05,741.14,741.29,252.872
2026-09-07 15:27:00,741.29,741.48,741.11,741.18,250.88
2026-09-07 15:30:00,741.18,741.21,738.95,738.96,874.482
2026-09-07 15:33:00,738.96,739.42,738.05,739.25,844.402
2026-09-07 15:36:00,739.25,739.42,736.74,737.31,1167.458
2026-09-07 15:39:00,737.31,737.56,736.08,736.21,930.902
2026-09-07 15:42:00,736.21,737.01,735.0,736.91,1249.335
2026-09-07 15:45:00,736.91,736.91,735.71,735.79,645.947
2026-09-07 15:48:00,735.79,737.14,735.79,736.93,588.042
2026-09-07 15:51:00,736.93,737.04,736.29,736.29,238.99
2026-09-07 15:54:00,736.28,736.28,733.0,733.74,2625.47
2026-09-07 15:57:00,733.74,735.34,733.74,734.6,676.825
2026-09-07 16:00:00,734.6,736.51,734.51,736.01,555.689
2026-09-07 16:03:00,736.01,736.21,735.02,735.9,851.187
2026-09-07 16:06:00,735.89,736.51,735.75,736.51,1024.79
2026-09-07 16:09:00,736.51,736.9,736.23,736.9,251.534
2026-09-07 16:12:00,736.89,737.99,736.83,737.86,317.989
2026-09-07 16:15:00,737.86,737.99,736.97,737.54,258.861
2026-09-07 16:18:00,737.53,737.9,737.46,737.7,223.513
2026-09-07 16:21:00,737.7,738.03,737.28,737.78,891.044
2026-09-07 16:24:00,737.77,737.83,737.47,737.47,102.894
2026-09-07 16:27:00,737.48,737.83,737.31,737.68,123.363
2026-09-07 16:30:00,737.68,738.5,737.27,738.41,134.614
2026-09-07 16:33:00,738.41,738.96,738.13,738.83,208.52
2026-09-07 16:36:00,738.84,739.35,738.71,739.06,243.987
2026-09-07 16:39:00,739.06,739.88,739.05,739.76,215.161
2026-09-07 16:42:00,739.76,740.0,739.56,739.65,141.642
2026-09-07 16:45:00,739.65,739.96,739.65,739.67,209.099
2026-09-07 16:48:00,739.67,739.99,739.64,739.68,274.442
2026-09-07 16:51:00,739.68,740.0,739.6,740.0,79.025
2026-09-07 16:54:00,740.0,740.0,739.77,739.78,61.577
2026-09-07 16:57:00,739.78,740.0,739.5,739.9,216.573
2026-09-07 17:00:00,739.9,739.9,739.25,739.42,179.044
2026-09-07 17:03:00,739.42,739.86,739.4,739.44,313.077
2026-09-07 17:06:00,739.43,740.23,739.43,739.86,262.202
2026-09-07 17:09:00,739.87,740.0,739.72,739.95,113.079
2026-09-07 17:12:00,739.95,740.4,739.73,740.4,165.983
2026-09-07 17:15:00,740.39,740.54,740.2,740.5,168.959
2026-09-07 17:18:00,740.5,740.54,740.2,740.45,140.663
2026-09-07 17:21:00,740.45,740.45,739.87,739.93,98.502
2026-09-07 17:24:00,739.93,740.11,739.63,739.97,83.58
2026-09-07 17:27:00,739.96,740.42,739.69,740.24,139.648
2026-09-07 17:30:00,740.24,740.31,740.06,740.09,130.748
2026-09-07 17:33:00,740.08,740.1,739.76,739.85,192.09
2026-09-07 17:36:00,739.85,740.96,739.76,740.8,101.324
2026-09-07 17:39:00,740.79,740.99,740.6,740.99,149.396
2026-09-07 17:42:00,740.98,741.0,740.77,740.93,76.698
2026-09-07 17:45:00,740.92,741.13,740.65,740.76,106.901
2026-09-07 17:48:00,740.77,741.35,740.73,741.06,83.47
2026-09-07 17:51:00,741.06,741.56,741.06,741.26,128.795
2026-09-07 17:54:00,741.26,741.28,740.67,740.68,91.446
2026-09-07 17:57:00,740.68,740.86,740.56,740.76,59.643
2026-09-07 18:00:00,740.76,740.92,740.66,740.67,55.115
2026-09-07 18:03:00,740.67,741.3,740.49,741.14,86.021
2026-09-07 18:06:00,741.13,741.26,740.3,740.31,104.573
2026-09-07 18:09:00,740.31,740.7,740.08,740.62,160.526
2026-09-07 18:12:00,740.62,740.64,739.97,739.97,144.467
2026-09-07 18:15:00,739.98,740.23,739.8,739.9,205.255
2026-09-07 18:18:00,739.91,740.17,739.89,740.17,72.665
2026-09-07 18:21:00,740.17,740.59,739.39,739.39,252.129
2026-09-07 18:24:00,739.4,739.89,739.39,739.75,64.271
2026-09-07 18:27:00,739.75,739.75,739.08,739.64,105.669
2026-09-07 18:30:00,739.63,739.72,739.0,739.01,152.589
2026-09-07 18:33:00,739.0,739.25,738.6,739.19,90.797
2026-09-07 18:36:00,739.18,739.18,738.73,738.94,101.001
2026-09-07 18:39:00,738.94,739.14,738.78,738.92,188.127
2026-09-07 18:42:00,738.92,739.44,738.76,739.44,266.984
2026-09-07 18:45:00,739.43,739.57,739.3,739.44,80.235
2026-09-07 18:48:00,739.44,739.84,739.42,739.84,85.317
2026-09-07 18:51:00,739.83,740.23,739.74,740.17,62.476
2026-09-07 18:54:00,740.17,740.25,739.56,739.57,93.728
2026-09-07 18:57:00,739.57,739.9,739.56,739.84,46.94
2026-09-07 19:00:00,739.84,739.87,739.12,739.13,78.185
2026-09-07 19:03:00,739.13,739.49,739.0,739.46,49.83
2026-09-07 19:06:00,739.46,739.6,739.41,739.45,31.764
2026-09-07 19:09:00,739.45,739.45,739.2,739.25,54.949
2026-09-07 19:12:00,739.25,739.7,739.25,739.69,36.352
2026-09-07 19:15:00,739.7,739.8,739.7,739.8,39.8
2026-09-07 19:18:00,739.8,739.95,739.74,739.95,42.546
2026-09-07 19:21:00,739.95,740.36,739.94,740.36,65.212
2026-09-07 19:24:00,740.36,740.45,740.12,740.15,29.197
2026-09-07 19:27:00,740.14,740.4,740.14,740.16,64.282
2026-09-07 19:30:00,740.15,741.52,740.15,741.31,109.049
2026-09-07 19:33:00,741.31,741.61,740.91,741.61,197.94
2026-09-07 19:36:00,741.61,742.0,741.6,742.0,171.302
2026-09-07 19:39:00,741.99,742.0,741.81,741.84,50.516
2026-09-07 19:42:00,741.85,741.99,741.85,741.97,75.12
2026-09-07 19:45:00,741.97,742.17,741.97,742.01,152.322
2026-09-07 19:48:00,742.0,742.0,741.3,741.68,140.104
2026-09-07 19:51:00,741.68,741.88,741.52,741.87,68.563
2026-09-07 19:54:00,741.87,741.88,741.61,741.62,68.065
2026-09-07 19:57:00,741.61,741.91,741.61,741.9,63.858
2026-09-07 20:00:00,741.91,741.99,741.56,741.56,36.503
2026-09-07 20:03:00,741.56,741.56,740.54,740.66,158.906
2026-09-07 20:06:00,740.65,740.73,739.83,740.56,178.735
2026-09-07 20:09:00,740.56,740.56,739.91,739.91,106.033
2026-09-07 20:12:00,739.9,740.07,739.5,739.69,139.451
2026-09-07 20:15:00,739.69,739.88,739.61,739.87,42.324
2026-09-07 20:18:00,739.87,740.07,739.68,739.73,54.252
2026-09-07 20:21:00,739.73,739.73,738.56,739.05,562.352
2026-09-07 20:24:00,739.04,739.26,739.04,739.18,32.674
2026-09-07 20:27:00,739.18,739.38,739.17,739.38,44.357
2026-09-07 20:30:00,739.38,739.62,739.16,739.56,33.437
2026-09-07 20:33:00,739.57,739.99,739.56,739.99,209.182
2026-09-07 20:36:00,739.99,740.0,739.75,739.76,50.653
2026-09-07 20:39:00,739.76,739.98,739.69,739.98,131.738
2026-09-07 20:42:00,739.98,739.98,739.64,739.75,42.662
2026-09-07 20:45:00,739.76,739.92,739.46,739.63,150.434
2026-09-07 20:48:00,739.64,740.0,739.63,739.82,123.625
2026-09-07 20:51:00,739.83,740.18,739.64,739.7,119.191
2026-09-07 20:54:00,739.7,740.18,739.62,740.18,58.193
2026-09-07 20:57:00,740.18,740.18,740.04,740.18,19.066
2026-09-07 21:00:00,740.19,740.24,739.94,740.0,52.732
2026-09-07 21:03:00,740.01,740.01,739.92,739.93,8.704
2026-09-07 21:06:00,739.93,739.93,739.78,739.78,21.375
2026-09-07 21:09:00,739.79,739.88,739.69,739.87,115.109
2026-09-07 21:12:00,739.87,740.24,739.73,740.24,106.224
2026-09-07 21:15:00,740.25,740.25,739.57,739.86,140.575
2026-09-07 21:18:00,739.86,740.08,739.52,740.03,165.615
2026-09-07 21:21:00,740.03,740.03,740.0,740.0,29.05
2026-09-07 21:24:00,740.01,740.25,739.76,739.77,255.236
2026-09-07 21:27:00,739.77,739.88,739.55,739.56,106.193
2026-09-07 21:30:00,739.56,739.62,739.5,739.62,64.193
2026-09-07 21:33:00,739.62,739.62,739.01,739.49,57.776
2026-09-07 21:36:00,739.5,739.53,739.29,739.29,49.342
2026-09-07 21:39:00,739.3,739.8,739.18,739.73,221.307
2026-09-07 21:42:00,739.73,739.86,739.51,739.69,158.933
2026-09-07 21:45:00,739.68,739.76,739.1,739.24,139.29
2026-09-07 21:48:00,739.24,739.24,738.67,738.95,126.139
2026-09-07 21:51:00,738.96,739.62,738.89,739.61,114.497
2026-09-07 21:54:00,739.61,739.78,739.47,739.78,129.711
2026-09-07 21:57:00,739.78,740.01,739.34,739.34,203.849
2026-09-07 22:00:00,739.34,739.4,738.0,738.55,157.259
2026-09-07 22:03:00,738.56,739.07,738.5,738.7,44.433
2026-09-07 22:06:00,738.69,739.31,738.65,739.29,123.108
2026-09-07 22:09:00,739.28,739.92,739.25,739.35,122.06
2026-09-07 22:12:00,739.35,739.68,738.8,738.89,60.09
2026-09-07 22:15:00,738.9,738.93,737.78,738.21,194.816
2026-09-07 22:18:00,738.22,738.38,737.86,738.1,68.085
2026-09-07 22:21:00,738.11,739.2,737.96,739.2,140.459
2026-09-07 22:24:00,739.19,739.83,739.15,739.7,132.673
2026-09-07 22:27:00,739.7,739.7,738.6,738.6,156.675
2026-09-07 22:30:00,738.6,738.74,737.93,738.57,155.978
2026-09-07 22:33:00,738.59,738.76,737.92,738.09,128.731
2026-09-07 22:36:00,738.09,738.09,737.19,737.37,84.363
2026-09-07 22:39:00,737.37,737.37,736.06,736.64,330.328
2026-09-07 22:42:00,736.64,736.89,736.51,736.71,45.673
2026-09-07 22:45:00,736.71,737.72,736.71,737.63,72.029
2026-09-07 22:48:00,737.63,737.93,737.62,737.93,30.681
2026-09-07 22:51:00,737.92,738.02,737.75,737.75,53.647
2026-09-07 22:54:00,737.75,737.91,737.69,737.73,56.521
2026-09-07 22:57:00,737.73,738.55,737.4,738.36,245.062
2026-09-07 23:00:00,738.37,739.26,738.35,739.26,129.542
2026-09-07 23:03:00,739.25,739.59,738.7,738.97,257.757
2026-09-07 23:06:00,738.98,740.0,738.86,739.73,235.587
2026-09-07 23:09:00,739.74,740.0,739.56,739.88,135.91
2026-09-07 23:12:00,739.88,739.99,739.73,739.77,46.69
2026-09-07 23:15:00,739.77,739.77,739.1,739.29,154.367
2026-09-07 23:18:00,739.28,739.64,739.08,739.52,36.491
2026-09-07 23:21:00,739.51,739.51,738.4,738.4,35.804
2026-09-07 23:24:00,738.4,738.98,738.31,738.97,44.392
2026-09-07 23:27:00,738.98,739.2,738.85,738.98,24.751
2026-09-07 23:30:00,738.98,739.03,738.38,738.84,50.446
2026-09-07 23:33:00,738.85,738.86,738.5,738.86,86.549
2026-09-07 23:36:00,738.86,739.43,738.85,739.35,70.143
2026-09-07 23:39:00,739.35,739.6,739.35,739.52,27.618
2026-09-07 23:42:00,739.52,739.8,739.47,739.79,66.234
2026-09-07 23:45:00,739.79,740.51,739.71,740.44,103.924
2026-09-07 23:48:00,740.44,740.89,740.24,740.71,162.794
2026-09-07 23:51:00,740.7,740.96,740.42,740.65,89.022
2026-09-07 23:54:00,740.64,740.64,740.07,740.1,69.755
2026-09-07 23:57:00,740.1,740.43,739.88,739.98,138.707
2026-09-08 00:00:00,739.98,740.05,739.24,739.34,121.007
2026-09-08 00:03:00,739.33,739.7,739.0,739.7,289.038
2026-09-08 00:06:00,739.71,739.84,738.91,739.36,278.644
2026-09-08 00:09:00,739.36,739.52,739.29,739.3,88.299
2026-09-08 00:12:00,739.3,739.78,739.08,739.56,116.259
2026-09-08 00:15:00,739.57,739.72,739.34,739.69,88.604
2026-09-08 00:18:00,739.68,740.09,738.98,739.19,335.079
2026-09-08 00:21:00,739.19,739.28,738.36,738.65,90.829
2026-09-08 00:24:00,738.64,739.05,738.54,738.91,148.09
2026-09-08 00:27:00,738.9,739.04,738.51,738.51,56.51
2026-09-08 00:30:00,738.5,738.95,738.4,738.95,22.966
2026-09-08 00:33:00,738.96,740.44,738.96,740.33,162.784
2026-09-08 00:36:00,740.32,740.6,740.12,740.57,113.043
2026-09-08 00:39:00,740.57,741.5,740.57,741.38,256.616
2026-09-08 00:42:00,741.38,741.38,740.29,740.66,243.07
2026-09-08 00:45:00,740.66,740.89,740.65,740.74,101.811
2026-09-08 00:48:00,740.74,740.85,740.44,740.5,89.349
2026-09-08 00:51:00,740.5,741.02,740.46,740.69,123.347
2026-09-08 00:54:00,740.68,741.17,740.57,740.78,126.574
2026-09-08 00:57:00,740.78,740.91,740.24,740.62,256.733
2026-09-08 01:00:00,740.62,740.79,740.2,740.79,110.811
2026-09-08 01:03:00,740.8,740.86,740.53,740.85,101.409
2026-09-08 01:06:00,740.84,741.69,740.26,741.22,279.427
2026-09-08 01:09:00,741.22,741.3,740.5,741.28,116.301
2026-09-08 01:12:00,741.27,741.28,740.63,740.63,61.379
2026-09-08 01:15:00,740.64,741.13,740.57,740.73,211.672
2026-09-08 01:18:00,740.73,741.1,740.73,741.1,126.763
2026-09-08 01:21:00,741.09,742.42,740.88,742.06,214.492
2026-09-08 01:24:00,742.05,743.0,741.84,742.77,292.391
2026-09-08 01:27:00,742.77,742.77,742.12,742.33,127.311
2026-09-08 01:30:00,742.32,742.36,741.8,742.2,187.382
2026-09-08 01:33:00,742.21,742.21,741.78,741.91,51.641
2026-09-08 01:36:00,741.9,742.05,741.78,741.91,64.544
2026-09-08 01:39:00,741.91,741.91,741.45,741.66,74.169
2026-09-08 01:42:00,741.67,742.3,741.66,742.2,420.425
2026-09-08 01:45:00,742.21,742.21,741.99,742.12,55.147
2026-09-08 01:48:00,742.13,742.35,741.98,741.99,102.957
2026-09-08 01:51:00,741.99,741.99,741.27,741.85,295.684
2026-09-08 01:54:00,741.86,742.42,741.85,742.42,106.793
2026-09-08 01:57:00,742.42,742.8,742.28,742.55,61.534
2026-09-08 02:00:00,742.55,742.61,742.27,742.3,64.19
2026-09-08 02:03:00,742.3,742.42,741.87,742.02,127.3
2026-09-08 02:06:00,742.02,742.11,741.63,741.83,91.359
2026-09-08 02:09:00,741.82,741.9,741.42,741.42,166.964
2026-09-08 02:12:00,741.42,741.92,741.41,741.86,139.236
2026-09-08 02:15:00,741.85,742.42,741.8,742.15,305.611
2026-09-08 02:18:00,742.15,742.74,742.14,742.74,274.596
2026-09-08 02:21:00,742.73,743.56,742.73,743.31,279.602
2026-09-08 02:24:00,743.31,743.41,742.67,742.68,213.681
2026-09-08 02:27:00,742.67,742.68,740.76,740.9,360.356
2026-09-08 02:30:00,740.89,741.32,740.48,740.49,109.612
2026-09-08 02:33:00,740.48,740.49,739.79,739.97,167.679
2026-09-08 02:36:00,739.97,739.97,739.54,739.95,277.006
2026-09-08 02:39:00,739.95,740.16,739.28,739.42,336.924
2026-09-08 02:42:00,739.43,740.26,739.34,740.21,270.719
2026-09-08 02:45:00,740.21,741.49,740.21,741.38,250.716
2026-09-08 02:48:00,741.38,741.63,741.01,741.07,338.815
2026-09-08 02:51:00,741.06,741.06,739.57,739.57,177.124
2026-09-08 02:54:00,739.58,740.12,739.48,739.61,271.55
2026-09-08 02:57:00,739.6,739.68,738.49,738.5,133.394
2026-09-08 03:00:00,738.5,739.24,738.36,738.81,244.13
2026-09-08 03:03:00,738.8,738.8,737.79,738.5,404.854
2026-09-08 03:06:00,738.5,738.88,738.29,738.87,122.785
2026-09-08 03:09:00,738.87,739.37,738.46,738.56,175.309
2026-09-08 03:12:00,738.55,738.74,738.13,738.13,139.345
2026-09-08 03:15:00,738.13,738.48,737.85,738.47,164.737
2026-09-08 03:18:00,738.48,738.65,737.8,737.81,312.316
2026-09-08 03:21:00,737.81,738.48,737.01,737.64,489.951
2026-09-08 03:24:00,737.64,738.57,737.11,738.42,325.012
2026-09-08 03:27:00,738.43,738.56,737.91,738.54,134.331
2026-09-08 03:30:00,738.53,740.93,738.5,740.93,493.337
2026-09-08 03:33:00,740.93,742.97,740.93,742.43,741.732
2026-09-08 03:36:00,742.43,743.28,742.43,743.24,393.937
2026-09-08 03:39:00,743.23,744.1,742.48,743.2,508.474
2026-09-08 03:42:00,743.2,743.98,743.06,743.53,279.436
2026-09-08 03:45:00,743.52,744.04,742.41,742.53,469.446
2026-09-08 03:48:00,742.55,744.85,742.1,744.82,766.969
2026-09-08 03:51:00,744.83,745.24,742.97,742.98,592.641
2026-09-08 03:54:00,742.97,743.32,742.82,743.15,109.209
2026-09-08 03:57:00,743.14,743.66,742.91,742.91,176.192
2026-09-08 04:00:00,742.91,743.74,742.6,743.14,221.016
2026-09-08 04:03:00,743.14,743.44,743.06,743.06,118.635
2026-09-08 04:06:00,743.07,743.36,742.74,743.29,177.172
2026-09-08 04:09:00,743.28,743.28,742.8,742.92,104.89
2026-09-08 04:12:00,742.92,743.19,741.93,742.35,450.266
2026-09-08 04:15:00,742.36,742.91,741.7,742.9,468.437
2026-09-08 04:18:00,742.9,743.64,742.9,743.34,257.903
2026-09-08 04:21:00,743.33,743.87,743.28,743.85,349.784
2026-09-08 04:24:00,743.84,744.95,743.76,744.87,465.781
2026-09-08 04:27:00,744.87,745.25,744.48,744.71,661.676
2026-09-08 04:30:00,744.72,746.22,744.72,745.76,884.138
2026-09-08 04:33:00,745.75,745.75,744.59,745.16,421.285
2026-09-08 04:36:00,745.16,745.9,744.65,745.84,422.69
2026-09-08 04:39:00,745.84,745.96,745.55,745.76,328.081
2026-09-08 04:42:00,745.75,745.8,744.76,745.68,438.812
2026-09-08 04:45:00,745.67,746.14,745.3,746.1,465.865
2026-09-08 04:48:00,746.09,746.1,745.53,746.09,524.224
2026-09-08 04:51:00,746.09,746.88,745.56,746.5,774.406
2026-09-08 04:54:00,746.5,746.76,745.58,746.02,514.206
2026-09-08 04:57:00,746.02,746.45,745.41,745.56,656.68
2026-09-08 05:00:00,745.55,747.18,743.8,747.02,899.93
2026-09-08 05:03:00,747.02,747.02,744.88,745.57,464.929
2026-09-08 05:06:00,745.57,746.8,745.52,746.06,526.125
2026-09-08 05:09:00,746.06,748.36,745.71,748.0,1342.993
2026-09-08 05:12:00,748.0,749.28,747.22,747.25,965.419
2026-09-08 05:15:00,747.24,748.42,746.45,748.21,610.623
2026-09-08 05:18:00,748.21,750.82,748.19,750.61,1211.085
2026-09-08 05:21:00,750.61,751.11,749.68,750.81,623.46
2026-09-08 05:24:00,750.81,752.5,750.56,752.48,1019.724
2026-09-08 05:27:00,752.48,754.41,752.18,752.96,1162.277
2026-09-08 05:30:00,752.97,754.42,751.97,754.14,1447.955
2026-09-08 05:33:00,754.14,754.14,750.93,751.37,983.993
2026-09-08 05:36:00,751.38,752.62,750.85,752.43,512.989
2026-09-08 05:39:00,752.43,754.02,751.8,753.52,949.2
2026-09-08 05:42:00,753.52,753.8,752.54,752.54,563.272
2026-09-08 05:45:00,752.53,753.59,752.44,753.26,390.042
2026-09-08 05:48:00,753.26,754.46,752.81,753.74,456.417
2026-09-08 05:51:00,753.74,753.9,751.45,751.7,1329.175
2026-09-08 05:54:00,751.69,751.8,749.08,749.98,698.056
2026-09-08 05:57:00,749.99,751.32,749.99,750.94,459.637
2026-09-08 06:00:00,750.95,751.35,748.99,749.73,694.287
2026-09-08 06:03:00,749.74,750.43,748.69,748.84,630.875
2026-09-08 06:06:00,748.84,750.35,748.65,750.09,365.473
2026-09-08 06:09:00,750.09,750.15,747.76,748.27,578.011
2026-09-08 06:12:00,748.29,749.73,748.17,749.44,279.258
2026-09-08 06:15:00,749.44,749.45,748.04,748.22,307.882
2026-09-08 06:18:00,748.2,748.2,746.51,747.0,774.495
2026-09-08 06:21:00,747.0,747.66,745.14,747.01,965.655
2026-09-08 06:24:00,747.01,748.1,746.95,747.98,168.983
2026-09-08 06:27:00,747.98,748.19,746.81,747.11,211.518
2026-09-08 06:30:00,747.1,748.28,746.95,748.19,251.455
2026-09-08 06:33:00,748.19,749.0,747.5,747.52,405.084
2026-09-08 06:36:00,747.52,748.5,747.41,747.41,347.601
2026-09-08 06:39:00,747.41,748.79,747.13,748.14,360.748
2026-09-08 06:42:00,748.14,748.16,746.51,747.37,477.921
2026-09-08 06:45:00,747.38,749.0,747.13,749.0,730.473
2026-09-08 06:48:00,748.99,749.0,747.38,748.15,220.403
2026-09-08 06:51:00,748.16,748.42,746.03,746.21,561.694
2026-09-08 06:54:00,746.2,747.28,745.43,747.13,724.648
2026-09-08 06:57:00,747.12,747.96,746.86,747.57,361.849
2026-09-08 07:00:00,747.57,749.59,747.57,748.68,517.966
2026-09-08 07:03:00,748.68,748.96,747.51,748.39,424.019
2026-09-08 07:06:00,748.38,750.46,748.38,749.63,539.128
2026-09-08 07:09:00,749.62,750.34,749.24,750.05,175.813
2026-09-08 07:12:00,750.04,750.33,749.43,749.44,367.729
2026-09-08 07:15:00,749.43,750.38,749.01,750.38,269.178
2026-09-08 07:18:00,750.39,750.65,750.02,750.48,225.178
2026-09-08 07:21:00,750.47,751.3,750.04,750.43,827.694
2026-09-08 07:24:00,750.44,751.48,750.44,751.48,476.219
2026-09-08 07:27:00,751.48,752.39,750.98,751.89,474.152
2026-09-08 07:30:00,751.89,752.83,751.4,752.17,327.89
2026-09-08 07:33:00,752.16,755.44,752.16,755.24,1860.746
2026-09-08 07:36:00,755.23,755.71,755.06,755.1,608.446
2026-09-08 07:39:00,755.11,756.68,754.44,754.89,1524.164
2026-09-08 07:42:00,754.9,756.74,754.9,756.19,1007.967
2026-09-08 07:45:00,756.2,756.3,755.04,755.04,764.008
2026-09-08 07:48:00,755.05,755.77,753.99,754.21,662.903
2026-09-08 07:51:00,754.2,755.91,754.2,755.25,652.816
2026-09-08 07:54:00,755.26,757.58,754.54,754.66,986.943
2026-09-08 07:57:00,754.66,755.85,754.54,754.66,610.581
2026-09-08 08:00:00,754.66,754.81,753.48,754.35,1389.256
2026-09-08 08:03:00,754.36,757.52,754.29,757.11,845.802
2026-09-08 08:06:00,757.11,759.0,756.6,756.6,1942.414
2026-09-08 08:09:00,756.59,757.0,755.48,755.95,849.4
2026-09-08 08:12:00,755.95,758.0,755.45,757.95,713.901
2026-09-08 08:15:00,757.95,759.28,757.62,759.04,1556.347
2026-09-08 08:18:00,759.05,759.16,757.59,758.65,785.179
2026-09-08 08:21:00,758.64,759.86,757.83,758.11,1542.298
2026-09-08 08:24:00,758.11,761.04,758.11,760.75,2220.588
2026-09-08 08:27:00,760.75,761.39,758.32,758.41,1981.952
2026-09-08 08:30:00,758.4,759.44,757.48,757.49,573.35
2026-09-08 08:33:00,757.49,758.59,757.07,758.26,625.905
2026-09-08 08:36:00,758.26,758.6,757.25,758.03,395.325
2026-09-08 08:39:00,758.03,758.38,757.6,758.12,315.698
2026-09-08 08:42:00,758.11,758.42,756.88,757.29,882.086
2026-09-08 08:45:00,757.29,758.11,756.8,757.78,544.543
2026-09-08 08:48:00,757.79,757.88,756.81,757.6,292.904
2026-09-08 08:51:00,757.6,757.65,754.65,755.22,916.741
2026-09-08 08:54:00,755.21,755.22,754.4,755.0,347.128
2026-09-08 08:57:00,754.99,755.5,754.72,754.97,229.555
2026-09-08 09:00:00,754.96,755.99,752.78,753.56,2526.225
2026-09-08 09:03:00,753.56,753.8,750.23,751.46,1151.599
2026-09-08 09:06:00,751.46,752.69,751.45,751.84,468.833
2026-09-08 09:09:00,751.84,754.2,751.84,754.07,363.361
2026-09-08 09:12:00,754.06,755.41,753.97,755.28,351.5
2026-09-08 09:15:00,755.28,755.29,754.41,754.47,386.025
2026-09-08 09:18:00,754.48,755.06,753.92,754.35,286.678
2026-09-08 09:21:00,754.35,754.35,753.51,754.11,379.78
2026-09-08 09:24:00,754.12,754.53,753.45,754.53,457.761
2026-09-08 09:27:00,754.53,755.74,754.52,755.66,307.97
2026-09-08 09:30:00,755.66,757.0,755.49,756.98,485.145
2026-09-08 09:33:00,756.98,757.11,755.0,755.47,755.734
2026-09-08 09:36:00,755.46,756.76,755.46,756.23,571.559
2026-09-08 09:39:00,756.22,756.29,755.82,756.12,374.055
2026-09-08 09:42:00,756.12,756.25,755.43,755.99,706.03
2026-09-08 09:45:00,756.0,756.44,755.08,755.16,397.652
2026-09-08 09:48:00,755.16,756.07,755.16,755.75,376.895
2026-09-08 09:51:00,755.75,755.75,755.17,755.55,312.623
2026-09-08 09:54:00,755.55,755.77,754.59,754.62,260.699
2026-09-08 09:57:00,754.62,755.04,754.01,754.78,340.573
2026-09-08 10:00:00,754.78,755.49,753.57,754.82,1112.471
2026-09-08 10:03:00,754.81,755.16,754.69,755.16,255.202
2026-09-08 10:06:00,755.16,755.39,754.51,754.79,382.0
2026-09-08 10:09:00,754.78,754.89,754.17,754.56,368.938
2026-09-08 10:12:00,754.55,755.99,754.3,755.68,608.034
2026-09-08 10:15:00,755.69,756.42,755.55,756.15,309.779
2026-09-08 10:18:00,756.15,757.85,756.06,757.79,417.333
2026-09-08 10:21:00,757.8,758.01,757.08,757.34,447.826
2026-09-08 10:24:00,757.33,757.67,756.85,756.86,605.494
2026-09-08 10:27:00,756.86,757.34,756.8,757.19,965.315
2026-09-08 10:30:00,757.2,758.01,756.85,757.15,403.601
2026-09-08 10:33:00,757.15,757.24,755.91,756.31,344.527
2026-09-08 10:36:00,756.3,757.17,756.24,757.01,324.231
2026-09-08 10:39:00,757.0,757.14,755.65,756.41,570.034
2026-09-08 10:42:00,756.41,757.37,756.17,757.09,667.204
2026-09-08 10:45:00,757.09,758.0,756.99,757.8,355.326
2026-09-08 10:48:00,757.8,758.13,757.55,758.01,317.736
2026-09-08 10:51:00,758.01,758.05,757.58,757.63,355.633
2026-09-08 10:54:00,757.63,757.88,756.68,756.69,396.766
2026-09-08 10:57:00,756.68,757.08,756.0,756.24,387.484
2026-09-08 11:00:00,756.24,756.75,756.07,756.63,319.234
2026-09-08 11:03:00,756.64,756.65,754.88,754.89,508.562
2026-09-08 11:06:00,754.89,755.09,754.47,754.66,343.039
2026-09-08 11:09:00,754.65,755.15,753.0,753.0,666.136
2026-09-08 11:12:00,753.0,753.22,752.4,752.83,683.581
2026-09-08 11:15:00,752.83,753.93,752.8,753.81,415.774
2026-09-08 11:18:00,753.81,754.66,753.46,754.24,498.618
2026-09-08 11:21:00,754.25,756.27,754.24,756.27,827.183
2026-09-08 11:24:00,756.26,756.27,754.19,754.31,648.04
2026-09-08 11:27:00,754.31,754.65,753.58,753.58,688.493
2026-09-08 11:30:00,753.59,754.21,753.22,754.07,1244.602
2026-09-08 11:33:00,754.07,754.12,752.4,752.83,681.688
2026-09-08 11:36:00,752.83,753.01,752.09,752.24,253.678
2026-09-08 11:39:00,752.23,752.24,750.3,751.63,984.595
2026-09-08 11:42:00,751.64,752.09,751.38,752.08,314.36
2026-09-08 11:45:00,752.09,752.58,751.77,751.88,428.436
2026-09-08 11:48:00,751.88,752.81,751.82,752.75,244.93
2026-09-08 11:51:00,752.75,752.93,752.21,752.87,224.942
2026-09-08 11:54:00,752.87,752.93,751.94,752.49,732.675
2026-09-08 11:57:00,752.49,753.0,752.17,752.28,1232.179
2026-09-08 12:00:00,752.3,752.92,750.66,750.78,713.788
2026-09-08 12:03:00,750.79,751.76,750.3,751.52,409.302
2026-09-08 12:06:00,751.52,751.72,751.02,751.55,328.218
2026-09-08 12:09:00,751.56,751.68,750.65,750.83,223.264
2026-09-08 12:12:00,750.83,751.03,750.16,750.38,920.886
2026-09-08 12:15:00,750.39,750.71,750.18,750.23,858.754
2026-09-08 12:18:00,750.24,751.02,750.15,751.02,628.594
2026-09-08 12:21:00,751.02,751.55,750.56,750.64,209.656
2026-09-08 12:24:00,750.64,750.97,750.37,750.75,460.806
2026-09-08 12:27:00,750.75,750.92,749.39,750.91,424.868
2026-09-08 12:30:00,750.92,752.3,750.09,752.0,416.768
2026-09-08 12:33:00,752.01,752.52,751.6,752.08,659.826
2026-09-08 12:36:00,752.08,752.19,751.71,751.87,268.502
2026-09-08 12:39:00,751.86,751.87,750.95,751.32,319.931
2026-09-08 12:42:00,751.32,751.35,750.26,750.74,292.673
2026-09-08 12:45:00,750.74,751.56,750.51,751.49,275.417
2026-09-08 12:48:00,751.49,752.1,751.31,751.69,242.539
2026-09-08 12:51:00,751.7,751.77,750.81,751.47,289.097
2026-09-08 12:54:00,751.48,752.28,751.41,751.63,273.061
2026-09-08 12:57:00,751.63,752.19,751.62,751.83,154.171
2026-09-08 13:00:00,751.84,752.08,751.23,752.02,160.898
2026-09-08 13:03:00,752.02,753.01,752.01,752.61,415.095
2026-09-08 13:06:00,752.6,752.78,752.3,752.33,224.569
2026-09-08 13:09:00,752.34,752.37,751.85,752.36,169.883
2026-09-08 13:12:00,752.36,752.37,752.01,752.09,180.905
2026-09-08 13:15:00,752.1,752.68,752.09,752.37,212.282
2026-09-08 13:18:00,752.37,752.37,751.67,751.69,171.394
2026-09-08 13:21:00,751.7,751.7,750.4,750.71,498.474
2026-09-08 13:24:00,750.72,751.22,750.22,751.1,323.886
2026-09-08 13:27:00,751.11,751.48,750.83,751.05,308.96
2026-09-08 13:30:00,751.06,751.39,748.75,749.03,1011.219
2026-09-08 13:33:00,749.02,749.13,747.12,748.19,1405.315
2026-09-08 13:36:00,748.19,748.32,745.71,745.8,1791.288
2026-09-08 13:39:00,745.79,745.8,742.46,743.79,1916.201
2026-09-08 13:42:00,743.78,743.97,742.33,743.91,1251.168
2026-09-08 13:45:00,743.91,744.42,742.47,743.98,1104.613
2026-09-08 13:48:00,743.97,745.0,743.96,744.33,451.201
2026-09-08 13:51:00,744.32,744.55,743.5,744.31,669.348
2026-09-08 13:54:00,744.32,747.47,744.09,747.43,710.709
2026-09-08 13:57:00,747.43,748.32,746.58,747.03,403.548
2026-09-08 14:00:00,747.02,747.52,746.04,746.73,256.703
2026-09-08 14:03:00,746.72,747.88,746.27,747.85,179.827
2026-09-08 14:06:00,747.86,748.86,747.25,748.62,319.125
2026-09-08 14:09:00,748.63,749.81,747.78,749.51,493.124
2026-09-08 14:12:00,749.52,750.4,749.51,750.12,446.811
2026-09-08 14:15:00,750.12,751.16,750.12,750.48,240.641
2026-09-08 14:18:00,750.48,751.57,750.48,751.36,331.869
2026-09-08 14:21:00,751.36,751.37,750.45,750.49,326.141
2026-09-08 14:24:00,750.49,750.62,749.42,749.53,1099.996
2026-09-08 14:27:00,749.48,750.14,749.19,750.08,1378.886
2026-09-08 14:30:00,750.08,750.08,748.71,748.74,317.478
2026-09-08 14:33:00,748.74,749.81,748.48,748.93,202.972
2026-09-08 14:36:00,748.93,749.44,748.07,748.85,554.906
2026-09-08 14:39:00,748.84,749.0,748.16,748.99,312.009
2026-09-08 14:42:00,748.99,750.18,748.99,749.62,531.254
2026-09-08 14:45:00,749.62,750.37,749.36,750.28,331.844
2026-09-08 14:48:00,750.29,751.02,750.28,751.0,408.285
2026-09-08 14:51:00,751.0,751.18,750.27,750.79,348.334
2026-09-08 14:54:00,750.8,750.8,750.15,750.55,256.421
2026-09-08 14:57:00,750.54,750.93,750.36,750.68,333.237
2026-09-08 15:00:00,750.69,751.58,750.6,751.54,206.785
2026-09-08 15:03:00,751.54,752.21,750.57,750.84,304.331
2026-09-08 15:06:00,750.83,751.25,750.35,751.21,301.663
2026-09-08 15:09:00,751.22,751.86,750.82,751.02,135.879
2026-09-08 15:12:00,751.02,751.58,750.77,751.36,131.487
2026-09-08 15:15:00,751.36,752.05,750.99,751.7,599.8
2026-09-08 15:18:00,751.69,752.33,751.36,751.45,500.204
2026-09-08 15:21:00,751.44,751.48,750.1,750.51,176.144
2026-09-08 15:24:00,750.5,751.12,750.5,750.6,279.781
2026-09-08 15:27:00,750.59,750.66,749.31,749.42,522.58
2026-09-08 15:30:00,749.43,750.15,749.35,750.01,218.955
2026-09-08 15:33:00,750.02,751.25,750.02,751.07,246.768
2026-09-08 15:36:00,751.07,754.06,751.07,753.62,767.67
2026-09-08 15:39:00,753.61,754.36,753.14,753.7,351.405
2026-09-08 15:42:00,753.7,754.74,753.34,754.23,511.655
2026-09-08 15:45:00,754.23,755.11,754.23,754.91,934.409
2026-09-08 15:48:00,754.91,756.0,754.75,755.82,1531.287
2026-09-08 15:51:00,755.81,756.47,755.5,755.78,779.94
2026-09-08 15:54:00,755.78,756.97,755.13,756.89,571.456
2026-09-08 15:57:00,756.89,757.03,756.09,756.35,541.379
2026-09-08 16:00:00,756.36,756.57,754.73,754.73,351.784
2026-09-08 16:03:00,754.73,755.03,754.49,754.86,203.493
2026-09-08 16:06:00,754.86,755.87,754.67,754.86,262.431
2026-09-08 16:09:00,754.85,754.98,753.79,753.8,342.384
2026-09-08 16:12:00,753.8,754.09,753.5,753.92,423.458
2026-09-08 16:15:00,753.93,754.0,753.35,753.89,250.333
2026-09-08 16:18:00,753.88,754.66,753.44,753.56,114.717
2026-09-08 16:21:00,753.55,754.45,753.47,753.89,144.662
2026-09-08 16:24:00,753.88,754.69,753.79,754.22,79.415
2026-09-08 16:27:00,754.22,754.84,753.84,754.84,314.692
2026-09-08 16:30:00,754.84,755.16,754.57,755.03,147.002
2026-09-08 16:33:00,755.03,755.5,754.72,755.5,54.838
2026-09-08 16:36:00,755.5,757.0,755.45,757.0,432.063
2026-09-08 16:39:00,756.99,757.96,756.83,757.12,331.01
2026-09-08 16:42:00,757.12,757.12,756.2,756.3,370.452
2026-09-08 16:45:00,756.31,756.76,756.17,756.36,171.291
2026-09-08 16:48:00,756.35,756.72,756.27,756.34,89.37
2026-09-08 16:51:00,756.34,756.53,755.13,755.9,391.893
2026-09-08 16:54:00,755.9,756.48,755.07,755.28,336.374
2026-09-08 16:57:00,755.29,755.91,755.29,755.7,107.251
2026-09-08 17:00:00,755.71,756.45,755.4,756.44,203.025
2026-09-08 17:03:00,756.43,756.44,755.84,755.94,67.174
2026-09-08 17:06:00,755.94,756.5,755.16,755.16,365.187
2026-09-08 17:09:00,755.17,755.22,754.29,754.65,140.355
2026-09-08 17:12:00,754.65,755.21,754.27,754.65,384.784
2026-09-08 17:15:00,754.65,754.66,754.11,754.28,105.185
2026-09-08 17:18:00,754.28,754.28,752.66,752.93,319.095
2026-09-08 17:21:00,752.93,753.08,752.46,752.46,163.793
2026-09-08 17:24:00,752.46,752.46,751.92,752.11,137.288
2026-09-08 17:27:00,752.1,752.54,752.09,752.44,68.203
2026-09-08 17:30:00,752.43,752.95,752.43,752.56,148.168
2026-09-08 17:33:00,752.55,753.79,752.55,753.29,74.602
2026-09-08 17:36:00,753.28,753.78,753.21,753.65,87.938
2026-09-08 17:39:00,753.64,753.65,752.85,752.99,245.377
2026-09-08 17:42:00,752.99,753.0,752.27,752.34,102.833
2026-09-08 17:45:00,752.34,752.45,752.29,752.45,148.259
2026-09-08 17:48:00,752.45,752.76,752.38,752.52,276.888
2026-09-08 17:51:00,752.52,753.16,752.51,753.16,83.545
2026-09-08 17:54:00,753.15,753.24,752.55,752.56,207.134
2026-09-08 17:57:00,752.56,752.62,751.95,751.97,49.786
2026-09-08 18:00:00,751.98,752.54,751.96,752.12,191.924
2026-09-08 18:03:00,752.12,752.13,751.41,751.85,144.865
2026-09-08 18:06:00,751.85,754.16,751.84,754.12,364.053
2026-09-08 18:09:00,754.12,754.27,753.48,753.48,111.663
2026-09-08 18:12:00,753.48,753.49,753.05,753.1,44.26
2026-09-08 18:15:00,753.11,753.68,753.01,753.65,88.34
2026-09-08 18:18:00,753.65,753.7,753.34,753.56,66.674
2026-09-08 18:21:00,753.57,753.78,753.34,753.44,72.883
2026-09-08 18:24:00,753.44,754.0,752.85,752.85,172.46
2026-09-08 18:27:00,752.86,752.94,752.68,752.84,41.671
2026-09-08 18:30:00,752.84,753.2,752.62,753.01,79.041
2026-09-08 18:33:00,753.01,753.01,751.77,751.78,89.871
2026-09-08 18:36:00,751.78,751.84,751.1,751.24,173.985
2026-09-08 18:39:00,751.24,751.24,750.52,750.63,104.857
2026-09-08 18:42:00,750.62,751.08,750.6,750.93,71.226
2026-09-08 18:45:00,750.93,751.14,750.01,750.19,170.381
2026-09-08 18:48:00,750.19,750.19,748.08,749.21,441.511
2026-09-08 18:51:00,749.2,749.56,747.56,748.74,247.374
2026-09-08 18:54:00,748.73,748.98,748.35,748.65,91.496
2026-09-08 18:57:00,748.65,749.66,748.64,749.29,150.215
2026-09-08 19:00:00,749.29,750.0,748.88,749.98,96.079
2026-09-08 19:03:00,749.99,750.29,749.96,750.22,89.343
2026-09-08 19:06:00,750.23,750.29,749.8,750.06,148.981
2026-09-08 19:09:00,750.06,750.29,749.65,749.65,160.675
2026-09-08 19:12:00,749.65,749.76,748.84,749.16,437.638
2026-09-08 19:15:00,749.17,749.7,748.6,748.71,209.692
2026-09-08 19:18:00,748.71,749.67,748.71,749.67,133.948
2026-09-08 19:21:00,749.67,750.0,748.93,749.89,309.257
2026-09-08 19:24:00,749.89,749.89,748.82,749.4,183.089
2026-09-08 19:27:00,749.45,750.15,749.44,750.05,302.438
2026-09-08 19:30:00,750.06,750.15,749.58,749.58,198.57
2026-09-08 19:33:00,749.59,749.67,748.64,749.24,329.739
2026-09-08 19:36:00,749.23,749.67,748.89,749.49,232.559
2026-09-08 19:39:00,749.49,749.92,749.16,749.28,318.355
2026-09-08 19:42:00,749.27,749.28,748.84,748.84,88.194
2026-09-08 19:45:00,748.85,748.85,748.04,748.45,129.409
2026-09-08 19:48:00,748.45,748.68,747.91,748.17,503.786
2026-09-08 19:51:00,748.17,748.26,747.87,748.15,151.569
2026-09-08 19:54:00,748.14,748.3,747.58,747.72,228.462
2026-09-08 19:57:00,747.71,748.88,747.53,748.88,211.379
2026-09-08 20:00:00,748.88,749.95,748.87,749.67,298.655
2026-09-08 20:03:00,749.67,749.84,749.11,749.63,185.649
2026-09-08 20:06:00,749.64,750.79,749.63,750.65,422.838
2026-09-08 20:09:00,750.65,751.33,750.64,750.88,473.017
2026-09-08 20:12:00,750.88,751.12,750.6,750.97,240.263
2026-09-08 20:15:00,750.97,750.97,750.11,750.11,122.259
2026-09-08 20:18:00,750.11,750.12,749.32,749.46,230.962
2026-09-08 20:21:00,749.46,750.06,749.39,749.57,97.343
2026-09-08 20:24:00,749.57,749.97,749.29,749.86,214.688
2026-09-08 20:27:00,749.87,750.66,749.85,750.55,326.59
2026-09-08 20:30:00,750.55,750.55,749.98,750.15,92.616
2026-09-08 20:33:00,750.15,750.16,749.37,749.46,107.702
2026-09-08 20:36:00,749.46,750.81,749.46,750.81,127.934
2026-09-08 20:39:00,750.8,750.81,750.12,750.19,123.726
2026-09-08 20:42:00,750.18,751.04,750.1,750.56,226.227
2026-09-08 20:45:00,750.57,751.06,750.13,750.78,101.165
2026-09-08 20:48:00,750.77,751.19,750.49,751.11,142.176
2026-09-08 20:51:00,751.11,751.66,750.8,751.19,194.276
2026-09-08 20:54:00,751.2,751.33,750.78,751.2,273.517
2026-09-08 20:57:00,751.19,751.52,750.75,750.97,413.552
2026-09-08 21:00:00,750.99,752.0,750.99,752.0,116.172
2026-09-08 21:03:00,751.99,751.99,751.14,751.56,127.971
2026-09-08 21:06:00,751.56,752.24,751.55,751.93,126.301
2026-09-08 21:09:00,751.93,752.24,751.85,752.24,38.909
2026-09-08 21:12:00,752.23,752.23,751.84,752.06,148.111
2026-09-08 21:15:00,752.07,752.6,751.51,751.79,144.561
2026-09-08 21:18:00,751.8,751.91,751.64,751.78,169.051
2026-09-08 21:21:00,751.77,752.04,751.29,751.99,93.41
2026-09-08 21:24:00,752.0,752.01,751.53,752.01,61.77
2026-09-08 21:27:00,752.01,752.35,751.4,752.25,355.761
2026-09-08 21:30:00,752.26,752.68,752.1,752.14,93.181
2026-09-08 21:33:00,752.15,753.37,751.62,751.89,1482.424
2026-09-08 21:36:00,751.89,752.49,751.88,752.35,128.237
2026-09-08 21:39:00,752.35,752.41,751.44,752.4,204.081
2026-09-08 21:42:00,752.4,752.56,751.85,752.11,216.748
2026-09-08 21:45:00,752.1,752.1,751.24,752.0,73.315
2026-09-08 21:48:00,752.0,752.17,751.42,751.42,53.766
2026-09-08 21:51:00,751.41,751.85,751.1,751.32,88.499
2026-09-08 21:54:00,751.33,752.09,751.3,752.09,246.53
2026-09-08 21:57:00,752.09,752.28,751.56,751.81,289.251
2026-09-08 22:00:00,751.81,752.98,751.81,752.98,174.092
2026-09-08 22:03:00,752.99,753.4,752.66,752.68,112.529
2026-09-08 22:06:00,752.68,752.68,751.29,751.29,73.376
2026-09-08 22:09:00,751.28,751.59,750.81,751.59,202.833
2026-09-08 22:12:00,751.58,751.82,751.34,751.67,40.224
2026-09-08 22:15:00,751.67,752.59,751.67,752.08,183.623
2026-09-08 22:18:00,752.07,752.77,752.07,752.77,98.662
2026-09-08 22:21:00,752.76,753.55,752.76,753.0,145.341
2026-09-08 22:24:00,753.02,753.19,752.95,753.13,81.164
2026-09-08 22:27:00,753.13,753.33,753.12,753.23,42.87
2026-09-08 22:30:00,753.23,753.24,752.7,752.71,66.221
2026-09-08 22:33:00,752.7,752.7,752.07,752.46,83.337
2026-09-08 22:36:00,752.46,753.16,752.45,752.73,44.257
2026-09-08 22:39:00,752.73,753.55,752.73,753.55,117.327
2026-09-08 22:42:00,753.55,753.99,753.33,753.5,153.268
2026-09-08 22:45:00,753.5,753.98,753.5,753.88,68.449
2026-09-08 22:48:00,753.87,754.1,753.86,754.05,55.814
2026-09-08 22:51:00,754.04,754.52,753.86,753.91,78.696
2026-09-08 22:54:00,753.91,754.41,753.9,754.36,94.825
2026-09-08 22:57:00,754.37,754.83,754.31,754.73,75.188
2026-09-08 23:00:00,754.73,754.96,754.22,754.22,67.038
2026-09-08 23:03:00,754.22,754.22,753.52,753.81,128.746
2026-09-08 23:06:00,753.81,753.81,753.45,753.45,52.176
2026-09-08 23:09:00,753.45,753.83,753.08,753.08,176.105
2026-09-08 23:12:00,753.08,753.56,752.73,752.76,208.782
2026-09-08 23:15:00,752.77,752.79,752.49,752.57,44.005
2026-09-08 23:18:00,752.57,752.57,752.17,752.29,91.536
2026-09-08 23:21:00,752.29,752.86,752.28,752.46,110.352
2026-09-08 23:24:00,752.47,752.47,752.06,752.12,110.541
2026-09-08 23:27:00,752.12,752.62,752.12,752.62,31.044
2026-09-08 23:30:00,752.62,752.82,752.33,752.4,267.868
2026-09-08 23:33:00,752.4,752.56,752.26,752.27,87.031
2026-09-08 23:36:00,752.26,752.44,752.26,752.34,25.205
2026-09-08 23:39:00,752.34,752.44,752.25,752.26,37.716
2026-09-08 23:42:00,752.26,752.52,752.25,752.38,95.445
2026-09-08 23:45:00,752.39,752.58,752.34,752.58,54.44
2026-09-08 23:48:00,752.59,752.66,752.42,752.43,44.037
2026-09-08 23:51:00,752.42,752.56,752.26,752.26,130.522
2026-09-08 23:54:00,752.27,752.45,752.26,752.45,34.897
2026-09-08 23:57:00,752.45,752.91,752.02,752.02,139.467
2026-09-09 00:00:00,752.03,752.85,751.91,752.65,627.816
2026-09-09 00:03:00,752.64,754.2,752.43,754.17,337.072
2026-09-09 00:06:00,754.17,754.65,754.17,754.2,169.809
2026-09-09 00:09:00,754.19,754.48,753.91,754.44,128.249
2026-09-09 00:12:00,754.43,754.98,754.41,754.98,129.827
2026-09-09 00:15:00,754.97,756.0,754.57,755.6,262.271
2026-09-09 00:18:00,755.61,755.77,754.9,755.54,453.63
2026-09-09 00:21:00,755.53,755.54,754.86,755.01,117.436
2026-09-09 00:24:00,755.02,755.15,754.73,755.15,63.763
2026-09-09 00:27:00,755.14,755.19,754.83,755.09,123.622
2026-09-09 00:30:00,755.08,755.31,754.64,754.84,228.364
2026-09-09 00:33:00,754.85,755.19,754.42,754.43,105.937
2026-09-09 00:36:00,754.42,755.01,754.1,755.01,80.757
2026-09-09 00:39:00,755.01,755.06,754.12,754.65,597.344
2026-09-09 00:42:00,754.65,755.64,754.65,755.38,254.738
2026-09-09 00:45:00,755.39,756.3,755.33,755.34,329.323
2026-09-09 00:48:00,755.34,755.91,755.12,755.91,179.507
2026-09-09 00:51:00,755.91,756.66,754.74,755.47,630.394
2026-09-09 00:54:00,755.48,755.7,755.11,755.25,52.178
2026-09-09 00:57:00,755.25,755.28,754.14,754.49,226.188
2026-09-09 01:00:00,754.49,754.49,752.81,753.15,212.218
2026-09-09 01:03:00,753.15,753.31,751.98,753.27,438.071
2026-09-09 01:06:00,753.26,753.26,752.18,752.2,264.744
2026-09-09 01:09:00,752.21,753.34,752.21,753.33,86.997
2026-09-09 01:12:00,753.34,753.34,751.93,752.19,320.882
2026-09-09 01:15:00,752.19,752.33,750.21,750.52,329.443
2026-09-09 01:18:00,750.53,751.0,750.2,751.0,168.484
2026-09-09 01:21:00,750.99,750.99,750.36,750.55,104.906
2026-09-09 01:24:00,750.55,750.91,750.55,750.72,42.117
2026-09-09 01:27:00,750.71,751.25,750.71,751.25,192.018
2026-09-09 01:30:00,751.25,751.25,750.81,751.09,64.973
2026-09-09 01:33:00,751.09,751.85,750.91,751.85,137.003
2026-09-09 01:36:00,751.84,753.96,751.56,753.96,402.644
2026-09-09 01:39:00,753.95,755.0,753.93,754.08,251.475
2026-09-09 01:42:00,754.08,754.66,754.07,754.44,198.451
2026-09-09 01:45:00,754.43,755.38,754.43,755.33,219.482
2026-09-09 01:48:00,755.33,756.0,755.18,755.6,441.377
2026-09-09 01:51:00,755.59,755.59,754.32,754.84,316.462
2026-09-09 01:54:00,754.85,754.93,754.24,754.51,46.917
2026-09-09 01:57:00,754.51,754.68,754.07,754.6,207.158
2026-09-09 02:00:00,754.6,754.91,754.32,754.7,80.698
2026-09-09 02:03:00,754.71,754.91,754.24,754.24,240.302
2026-09-09 02:06:00,754.25,754.38,753.89,753.99,38.693
2026-09-09 02:09:00,753.99,754.62,753.57,753.58,162.641
2026-09-09 02:12:00,753.57,753.63,753.18,753.18,168.091
2026-09-09 02:15:00,753.18,753.18,751.96,752.11,159.583
2026-09-09 02:18:00,752.12,752.55,751.68,751.95,302.419
2026-09-09 02:21:00,751.94,752.52,751.37,752.21,283.011
2026-09-09 02:24:00,752.21,752.6,751.66,751.93,211.635
2026-09-09 02:27:00,751.92,752.25,751.91,752.05,59.059
2026-09-09 02:30:00,752.06,752.69,751.31,752.09,382.342
2026-09-09 02:33:00,752.1,752.1,751.75,752.0,91.522
2026-09-09 02:36:00,752.0,752.11,751.72,752.11,95.665
2026-09-09 02:39:00,752.11,752.92,751.31,751.98,2775.501
2026-09-09 02:42:00,751.99,752.38,751.98,752.03,79.282
2026-09-09 02:45:00,752.04,752.06,751.69,751.96,534.082
2026-09-09 02:48:00,751.96,752.09,751.66,751.75,183.788
2026-09-09 02:51:00,751.75,752.15,751.6,751.89,177.205
2026-09-09 02:54:00,751.89,751.89,751.27,751.57,107.205
2026-09-09 02:57:00,751.56,751.94,751.48,751.66,254.994
2026-09-09 03:00:00,751.67,751.67,750.9,751.0,305.441
2026-09-09 03:03:00,751.01,751.24,750.37,750.8,320.131
2026-09-09 03:06:00,750.79,751.0,750.12,750.45,234.132
2026-09-09 03:09:00,750.45,750.46,749.04,750.1,416.319
2026-09-09 03:12:00,750.1,750.18,749.0,749.01,149.866
2026-09-09 03:15:00,749.0,749.31,748.64,749.31,427.368
2026-09-09 03:18:00,749.31,749.44,748.72,749.04,100.018
2026-09-09 03:21:00,749.04,749.04,748.23,748.54,238.24
2026-09-09 03:24:00,748.54,748.65,747.57,747.57,169.742
2026-09-09 03:27:00,747.57,748.02,747.12,747.87,288.743
2026-09-09 03:30:00,747.88,749.03,747.87,749.03,260.227
2026-09-09 03:33:00,749.03,749.65,749.02,749.53,182.886
2026-09-09 03:36:00,749.53,749.53,748.88,749.17,141.655
2026-09-09 03:39:00,749.16,749.78,749.16,749.73,129.13
2026-09-09 03:42:00,749.74,749.84,749.43,749.62,165.708
2026-09-09 03:45:00,749.63,749.96,749.33,749.72,201.013
2026-09-09 03:48:00,749.72,749.72,749.14,749.28,153.468
2026-09-09 03:51:00,749.28,749.31,748.83,749.31,178.536
2026-09-09 03:54:00,749.31,749.5,748.78,748.97,298.122
2026-09-09 03:57:00,748.97,750.01,748.97,749.55,200.134
2026-09-09 04:00:00,749.56,751.7,749.55,751.45,466.275
2026-09-09 04:03:00,751.46,752.41,751.46,752.19,424.3
2026-09-09 04:06:00,752.18,752.19,751.49,751.49,291.233
2026-09-09 04:09:00,751.5,751.5,750.75,751.24,135.579
2026-09-09 04:12:00,751.24,751.5,750.88,751.12,192.402
2026-09-09 04:15:00,751.12,751.31,750.25,750.29,179.185
2026-09-09 04:18:00,750.3,750.72,750.16,750.35,239.431
2026-09-09 04:21:00,750.35,751.2,750.3,751.19,204.394
2026-09-09 04:24:00,751.19,751.58,751.19,751.37,101.886
2026-09-09 04:27:00,751.37,751.9,751.36,751.57,196.69
2026-09-09 04:30:00,751.57,751.79,751.37,751.79,112.435
2026-09-09 04:33:00,751.78,752.41,751.61,752.41,101.481
2026-09-09 04:36:00,752.4,753.3,752.4,753.3,129.762
2026-09-09 04:39:00,753.3,754.0,753.22,753.96,466.08
2026-09-09 04:42:00,753.96,755.15,753.72,755.13,898.472
2026-09-09 04:45:00,755.13,755.36,754.09,755.14,472.529
2026-09-09 04:48:00,755.14,755.29,754.51,754.56,228.687
2026-09-09 04:51:00,754.56,755.24,754.51,755.21,116.821
2026-09-09 04:54:00,755.21,755.24,754.86,755.2,304.164
2026-09-09 04:57:00,755.2,755.2,754.51,754.63,404.981
2026-09-09 05:00:00,754.63,754.71,753.29,753.29,350.526
2026-09-09 05:03:00,753.3,753.73,752.99,753.14,357.893
2026-09-09 05:06:00,753.14,753.24,752.66,753.03,285.119
2026-09-09 05:09:00,753.02,753.19,752.74,752.97,282.195
2026-09-09 05:12:00,752.97,754.1,752.96,754.03,259.068
2026-09-09 05:15:00,754.03,755.18,753.64,754.35,334.512
2026-09-09 05:18:00,754.35,754.46,753.87,753.93,169.006
2026-09-09 05:21:00,753.94,753.99,753.33,753.51,96.84
2026-09-09 05:24:00,753.51,753.86,753.14,753.48,163.055
2026-09-09 05:27:00,753.48,753.62,752.89,753.04,133.657
2026-09-09 05:30:00,753.05,753.1,751.65,752.06,325.61
2026-09-09 05:33:00,752.05,752.47,751.18,752.29,341.517
2026-09-09 05:36:00,752.3,752.82,751.8,751.81,350.565
2026-09-09 05:39:00,751.8,751.81,751.23,751.61,204.45
2026-09-09 05:42:00,751.6,752.12,751.2,751.61,180.274
2026-09-09 05:45:00,751.61,751.61,750.32,750.4,196.569
2026-09-09 05:48:00,750.41,751.25,750.29,751.25,295.663
2026-09-09 05:51:00,751.24,751.52,751.12,751.25,102.492
2026-09-09 05:54:00,751.25,751.56,751.04,751.4,144.041
2026-09-09 05:57:00,751.4,751.64,751.14,751.63,149.255
2026-09-09 06:00:00,751.64,751.8,751.38,751.39,92.383
2026-09-09 06:03:00,751.39,751.66,751.06,751.58,153.2
2026-09-09 06:06:00,751.57,752.01,751.12,752.01,145.503
2026-09-09 06:09:00,752.0,753.03,751.88,753.03,156.271
2026-09-09 06:12:00,753.02,753.36,752.97,753.32,193.797
2026-09-09 06:15:00,753.32,754.41,753.27,754.35,248.362
2026-09-09 06:18:00,754.35,754.88,754.11,754.79,227.754
2026-09-09 06:21:00,754.79,755.76,754.63,755.71,463.313
2026-09-09 06:24:00,755.7,755.7,754.95,755.5,417.501
2026-09-09 06:27:00,755.5,756.15,755.25,755.58,546.133
2026-09-09 06:30:00,755.58,756.2,755.27,755.28,212.981
2026-09-09 06:33:00,755.27,755.27,754.55,755.0,230.199
2026-09-09 06:36:00,755.0,755.0,754.17,754.36,209.472
2026-09-09 06:39:00,754.36,754.56,754.28,754.37,160.47
2026-09-09 06:42:00,754.36,754.7,754.31,754.55,476.225
2026-09-09 06:45:00,754.54,754.55,754.0,754.02,84.896
2026-09-09 06:48:00,754.03,754.03,753.67,753.77,125.129
2026-09-09 06:51:00,753.77,754.21,753.62,754.04,179.861
2026-09-09 06:54:00,754.04,754.34,753.92,754.18,97.693
2026-09-09 06:57:00,754.17,754.95,754.17,754.75,123.147
2026-09-09 07:00:00,754.76,754.83,754.64,754.8,109.887
2026-09-09 07:03:00,754.79,756.31,754.79,756.31,274.6
2026-09-09 07:06:00,756.3,757.56,756.13,756.21,346.791
2026-09-09 07:09:00,756.21,756.82,755.85,756.38,209.646
2026-09-09 07:12:00,756.37,756.74,755.85,755.92,346.152
2026-09-09 07:15:00,755.93,756.13,755.15,755.32,256.916
2026-09-09 07:18:00,755.31,755.71,754.73,754.95,445.471
2026-09-09 07:21:00,754.96,755.04,754.0,754.7,405.595
2026-09-09 07:24:00,754.7,754.84,753.89,754.17,240.242
2026-09-09 07:27:00,754.17,754.3,754.01,754.3,247.56
2026-09-09 07:30:00,754.3,754.5,754.09,754.36,265.031
2026-09-09 07:33:00,754.36,754.38,754.01,754.12,347.18
2026-09-09 07:36:00,754.13,754.24,753.75,754.03,338.199
2026-09-09 07:39:00,754.03,754.04,753.32,753.57,184.707
2026-09-09 07:42:00,753.57,753.6,752.69,753.2,283.303
2026-09-09 07:45:00,753.19,753.67,753.16,753.41,220.811
2026-09-09 07:48:00,753.41,753.41,753.01,753.33,160.561
2026-09-09 07:51:00,753.34,754.0,753.33,753.81,154.382
2026-09-09 07:54:00,753.81,754.38,753.79,754.14,259.574
2026-09-09 07:57:00,754.13,754.48,754.01,754.47,469.807
2026-09-09 08:00:00,754.48,755.2,753.8,755.01,466.057
2026-09-09 08:03:00,755.01,755.01,754.0,754.76,236.228
2026-09-09 08:06:00,754.76,755.32,754.5,755.32,162.197
2026-09-09 08:09:00,755.32,755.53,754.97,755.19,396.581
2026-09-09 08:12:00,755.19,755.28,754.17,754.17,155.439
2026-09-09 08:15:00,754.17,754.84,754.16,754.76,204.298
2026-09-09 08:18:00,754.76,754.84,754.68,754.77,138.404
2026-09-09 08:21:00,754.77,755.6,754.77,755.22,195.424
2026-09-09 08:24:00,755.22,755.22,754.34,754.81,437.737
2026-09-09 08:27:00,754.8,755.37,754.8,755.37,250.076
2026-09-09 08:30:00,755.36,755.82,754.83,755.7,529.907
2026-09-09 08:33:00,755.71,756.08,755.71,755.88,339.591
2026-09-09 08:36:00,755.89,756.03,755.0,755.32,794.863
2026-09-09 08:39:00,755.32,755.84,755.0,755.84,215.156
2026-09-09 08:42:00,755.83,756.0,755.54,755.65,222.25
2026-09-09 08:45:00,755.65,755.66,755.38,755.39,113.41
2026-09-09 08:48:00,755.38,755.62,754.91,755.62,393.999
2026-09-09 08:51:00,755.62,756.65,755.62,756.63,254.862
2026-09-09 08:54:00,756.64,756.88,756.61,756.87,287.971
2026-09-09 08:57:00,756.87,757.78,756.87,757.49,334.672
2026-09-09 09:00:00,757.49,757.76,756.73,756.74,438.441
2026-09-09 09:03:00,756.73,756.99,756.46,756.92,162.147
2026-09-09 09:06:00,756.92,757.54,756.8,756.8,359.295
2026-09-09 09:09:00,756.8,757.04,756.48,756.76,187.162
2026-09-09 09:12:00,756.75,757.34,756.75,756.97,338.978
2026-09-09 09:15:00,756.97,757.14,756.68,756.98,288.22
2026-09-09 09:18:00,756.99,757.06,756.53,756.54,169.41
2026-09-09 09:21:00,756.54,756.85,756.36,756.72,227.612
2026-09-09 09:24:00,756.72,756.72,756.01,756.66,225.26
2026-09-09 09:27:00,756.66,757.18,756.66,757.02,174.623
2026-09-09 09:30:00,757.01,757.26,756.55,756.84,429.432
2026-09-09 09:33:00,756.83,757.0,755.84,755.99,192.413
2026-09-09 09:36:00,755.99,756.36,755.69,755.69,179.821
2026-09-09 09:39:00,755.69,755.76,753.4,753.75,576.836
2026-09-09 09:42:00,753.74,754.23,753.21,753.47,275.934
2026-09-09 09:45:00,753.47,753.7,752.31,752.88,374.256
2026-09-09 09:48:00,752.88,753.06,752.12,752.32,336.771
2026-09-09 09:51:00,752.32,752.56,751.25,751.71,316.757
2026-09-09 09:54:00,751.72,751.72,750.81,751.25,495.268
2026-09-09 09:57:00,751.25,751.5,750.98,751.15,204.024
2026-09-09 10:00:00,751.16,751.96,751.0,751.75,202.944
2026-09-09 10:03:00,751.74,752.31,751.74,751.92,209.284
2026-09-09 10:06:00,751.92,751.96,751.12,751.2,191.829
2026-09-09 10:09:00,751.2,751.64,750.91,751.27,254.362
2026-09-09 10:12:00,751.27,751.27,750.59,750.8,342.345
2026-09-09 10:15:00,750.81,750.92,750.0,750.24,683.766
2026-09-09 10:18:00,750.24,751.12,750.09,750.94,294.352
2026-09-09 10:21:00,750.93,750.98,750.21,750.57,431.142
2026-09-09 10:24:00,750.56,751.08,750.12,750.7,374.65
2026-09-09 10:27:00,750.7,751.06,750.44,750.65,332.564
2026-09-09 10:30:00,750.66,750.66,749.98,750.12,381.921
2026-09-09 10:33:00,750.11,750.73,750.06,750.45,471.711
2026-09-09 10:36:00,750.46,750.86,749.83,750.33,301.331
2026-09-09 10:39:00,750.33,750.85,749.66,749.88,447.334
2026-09-09 10:42:00,749.87,750.61,749.74,750.35,365.04
2026-09-09 10:45:00,750.35,750.53,749.77,750.01,259.61
2026-09-09 10:48:00,750.01,750.3,749.86,749.96,145.952
2026-09-09 10:51:00,749.96,749.99,749.3,749.55,287.616
2026-09-09 10:54:00,749.54,750.77,749.39,750.59,251.942
2026-09-09 10:57:00,750.58,750.82,750.55,750.67,217.411
2026-09-09 11:00:00,750.68,750.68,748.78,748.79,529.491
2026-09-09 11:03:00,748.78,748.91,748.0,748.01,516.271
2026-09-09 11:06:00,748.01,749.18,747.75,749.18,241.748
2026-09-09 11:09:00,749.17,749.98,749.17,749.75,263.827
2026-09-09 11:12:00,749.75,749.76,748.77,748.9,286.266
2026-09-09 11:15:00,748.91,748.97,747.96,748.35,197.769
2026-09-09 11:18:00,748.35,749.16,748.31,749.08,244.165
2026-09-09 11:21:00,749.08,749.73,748.72,749.62,300.751
2026-09-09 11:24:00,749.63,750.0,749.21,749.67,181.193
2026-09-09 11:27:00,749.67,750.0,749.66,749.97,270.441
2026-09-09 11:30:00,749.97,749.97,749.0,749.31,442.96
2026-09-09 11:33:00,749.31,750.05,749.25,749.64,388.481
2026-09-09 11:36:00,749.64,749.77,749.23,749.54,292.201
2026-09-09 11:39:00,749.54,750.09,749.32,749.74,487.002
2026-09-09 11:42:00,749.74,750.27,749.68,749.8,337.45
2026-09-09 11:45:00,749.8,750.39,749.68,749.7,363.042
2026-09-09 11:48:00,749.7,750.95,749.7,750.95,402.085
2026-09-09 11:51:00,750.95,751.57,750.94,751.57,307.094
2026-09-09 11:54:00,751.56,751.57,751.02,751.1,198.162
2026-09-09 11:57:00,751.1,751.13,750.24,750.24,569.65
2026-09-09 12:00:00,750.24,750.82,750.23,750.56,371.616
2026-09-09 12:03:00,750.56,750.56,749.72,750.2,170.776
2026-09-09 12:06:00,750.2,751.0,750.12,750.92,249.855
2026-09-09 12:09:00,750.92,751.16,750.56,750.77,179.905
2026-09-09 12:12:00,750.76,750.77,750.24,750.33,218.591
2026-09-09 12:15:00,750.32,750.82,750.32,750.5,219.683
2026-09-09 12:18:00,750.5,750.82,750.0,750.29,889.818
2026-09-09 12:21:00,750.29,750.56,749.91,750.16,391.071
2026-09-09 12:24:00,750.15,750.26,749.84,750.04,285.517
2026-09-09 12:27:00,750.03,750.03,749.69,749.97,179.063
2026-09-09 12:30:00,749.97,751.09,749.97,751.08,282.588
2026-09-09 12:33:00,751.09,751.66,750.79,751.6,350.533
2026-09-09 12:36:00,751.6,751.69,750.08,750.7,335.841
2026-09-09 12:39:00,750.7,751.12,750.18,750.88,376.376
2026-09-09 12:42:00,750.88,751.09,750.36,750.37,167.552
2026-09-09 12:45:00,750.36,750.98,750.36,750.7,370.558
2026-09-09 12:48:00,750.69,750.69,750.11,750.35,330.466
2026-09-09 12:51:00,750.34,751.3,749.97,751.09,483.866
2026-09-09 12:54:00,751.09,751.19,750.64,750.89,475.239
2026-09-09 12:57:00,750.89,750.9,750.18,750.46,244.51
2026-09-09 13:00:00,750.46,750.46,749.4,749.75,251.786
2026-09-09 13:03:00,749.75,750.42,749.5,750.01,203.832
2026-09-09 13:06:00,750.02,750.45,749.81,750.31,262.49
2026-09-09 13:09:00,750.3,750.3,749.75,749.78,270.62
2026-09-09 13:12:00,749.78,750.31,749.52,750.18,314.619
2026-09-09 13:15:00,750.19,750.34,749.72,750.01,213.542
2026-09-09 13:18:00,750.0,750.59,749.84,750.59,224.594
2026-09-09 13:21:00,750.59,751.16,750.58,750.64,142.083
2026-09-09 13:24:00,750.64,750.69,750.28,750.46,158.705
2026-09-09 13:27:00,750.45,751.13,750.45,750.49,286.179
2026-09-09 13:30:00,750.48,750.89,749.2,750.42,368.088
2026-09-09 13:33:00,750.41,750.95,749.54,749.54,309.326
2026-09-09 13:36:00,749.54,749.54,747.86,747.92,577.202
2026-09-09 13:39:00,747.92,748.95,747.83,748.11,314.603
2026-09-09 13:42:00,748.12,748.12,746.0,747.29,1012.699
2026-09-09 13:45:00,747.29,748.45,747.29,748.21,549.537
2026-09-09 13:48:00,748.2,748.75,745.0,747.41,3338.275
2026-09-09 13:51:00,747.4,747.71,747.12,747.13,258.754
2026-09-09 13:54:00,747.12,747.12,745.29,745.83,1063.208
2026-09-09 13:57:00,745.84,746.49,745.0,745.37,459.345
2026-09-09 14:00:00,745.37,746.24,743.54,743.55,2944.442
2026-09-09 14:03:00,743.54,745.84,743.54,745.38,664.99
2026-09-09 14:06:00,745.38,745.6,744.0,744.07,826.509
2026-09-09 14:09:00,744.08,744.08,741.73,742.03,1935.096
2026-09-09 14:12:00,742.03,744.35,742.03,744.1,598.455
2026-09-09 14:15:00,744.11,744.19,743.0,743.4,881.718
2026-09-09 14:18:00,743.4,743.4,742.43,742.6,235.223
2026-09-09 14:21:00,742.6,743.55,742.44,743.1,302.917
2026-09-09 14:24:00,743.1,745.19,743.01,745.0,485.231
2026-09-09 14:27:00,745.0,745.66,744.68,745.66,677.932
2026-09-09 14:30:00,745.66,746.65,745.45,745.96,708.891
2026-09-09 14:33:00,745.96,746.83,745.59,746.46,646.524
2026-09-09 14:36:00,746.45,746.82,745.67,745.72,343.588
2026-09-09 14:39:00,745.72,746.22,745.22,745.3,294.948
2026-09-09 14:42:00,745.3,745.47,743.97,744.2,388.549
2026-09-09 14:45:00,744.21,744.68,741.42,744.24,2335.766
2026-09-09 14:48:00,744.24,744.83,743.4,744.48,833.581
2026-09-09 14:51:00,744.48,744.51,743.01,743.4,230.465
2026-09-09 14:54:00,743.4,743.49,742.62,742.92,578.699
2026-09-09 14:57:00,742.92,743.61,742.86,743.6,253.386
2026-09-09 15:00:00,743.61,746.21,740.9,742.01,1485.937
2026-09-09 15:03:00,742.0,743.05,741.27,741.99,458.924
2026-09-09 15:06:00,741.99,742.07,740.39,741.53,590.424
2026-09-09 15:09:00,741.52,741.9,739.07,739.28,1131.38
2026-09-09 15:12:00,739.28,739.96,738.75,739.62,965.52
2026-09-09 15:15:00,739.62,740.63,739.14,740.33,533.528
2026-09-09 15:18:00,740.34,740.46,738.61,738.61,898.456
2026-09-09 15:21:00,738.61,738.62,735.69,735.79,1633.344
2026-09-09 15:24:00,735.79,736.79,735.0,736.79,2360.263
2026-09-09 15:27:00,736.8,738.5,736.33,738.31,892.851
2026-09-09 15:30:00,738.31,739.79,738.08,738.84,848.658
2026-09-09 15:33:00,738.85,740.4,738.71,739.66,579.454
2026-09-09 15:36:00,739.66,740.44,738.83,739.53,927.654
2026-09-09 15:39:00,739.53,740.89,739.03,739.94,847.425
2026-09-09 15:42:00,739.93,740.2,739.67,739.78,219.249
2026-09-09 15:45:00,739.77,740.29,739.42,739.57,430.803
2026-09-09 15:48:00,739.56,740.19,738.96,739.31,427.482
2026-09-09 15:51:00,739.31,739.31,738.82,739.24,264.282
2026-09-09 15:54:00,739.24,740.1,739.09,739.17,576.547
2026-09-09 15:57:00,739.17,739.83,738.96,739.11,353.028
2026-09-09 16:00:00,739.11,739.99,738.86,739.99,278.087
2026-09-09 16:03:00,739.99,741.66,739.99,741.29,689.087
2026-09-09 16:06:00,741.3,741.4,739.45,739.56,686.583
2026-09-09 16:09:00,739.56,739.65,738.87,739.08,231.938
2026-09-09 16:12:00,739.08,740.07,739.07,740.0,350.901
2026-09-09 16:15:00,740.0,740.0,738.31,738.35,397.361
2026-09-09 16:18:00,738.36,739.19,738.2,739.09,341.458
2026-09-09 16:21:00,739.09,739.56,737.91,738.06,213.017
2026-09-09 16:24:00,738.05,739.48,738.05,739.17,405.269
2026-09-09 16:27:00,739.17,739.69,739.17,739.64,217.917
2026-09-09 16:30:00,739.64,741.14,739.55,740.9,339.011
2026-09-09 16:33:00,740.89,741.9,740.89,741.45,340.147
2026-09-09 16:36:00,741.45,741.83,740.99,741.18,188.84
2026-09-09 16:39:00,741.17,741.66,741.0,741.65,169.92
2026-09-09 16:42:00,741.64,741.64,741.16,741.34,244.254
2026-09-09 16:45:00,741.34,741.35,740.83,741.04,98.405
2026-09-09 16:48:00,741.04,741.08,740.3,740.57,139.299
2026-09-09 16:51:00,740.58,740.67,739.83,740.21,339.124
2026-09-09 16:54:00,740.2,740.4,740.07,740.37,141.607
2026-09-09 16:57:00,740.36,740.92,740.36,740.75,160.568
2026-09-09 17:00:00,740.76,740.98,740.26,740.98,127.432
2026-09-09 17:03:00,740.99,741.43,740.1,741.15,386.057
2026-09-09 17:06:00,741.15,741.36,740.66,741.04,214.734
2026-09-09 17:09:00,741.04,742.0,740.99,742.0,184.233
2026-09-09 17:12:00,741.99,742.31,741.48,741.65,350.75
2026-09-09 17:15:00,741.65,741.81,740.72,740.94,314.99
2026-09-09 17:18:00,740.94,741.33,740.74,740.99,226.387
2026-09-09 17:21:00,740.99,741.32,740.85,741.13,57.455
2026-09-09 17:24:00,741.13,742.29,741.05,742.2,79.149
2026-09-09 17:27:00,742.19,742.21,741.61,742.04,333.966
2026-09-09 17:30:00,742.04,742.05,741.08,741.25,124.057
2026-09-09 17:33:00,741.24,741.3,740.83,740.98,141.542
2026-09-09 17:36:00,740.98,741.5,740.88,740.89,110.416
2026-09-09 17:39:00,740.88,740.96,740.38,740.7,186.212
2026-09-09 17:42:00,740.71,741.14,740.64,740.99,94.035
2026-09-09 17:45:00,741.0,741.21,740.45,741.11,405.029
2026-09-09 17:48:00,741.12,741.48,740.96,741.37,93.187
2026-09-09 17:51:00,741.39,741.72,741.0,741.72,92.019
2026-09-09 17:54:00,741.72,741.93,741.49,741.75,76.409
2026-09-09 17:57:00,741.75,742.01,741.44,741.44,190.93
2026-09-09 18:00:00,741.44,741.61,741.28,741.54,125.933
2026-09-09 18:03:00,741.53,741.59,741.35,741.36,64.601
2026-09-09 18:06:00,741.36,741.37,740.36,740.36,105.752
2026-09-09 18:09:00,740.35,740.48,740.24,740.48,112.533
2026-09-09 18:12:00,740.48,740.69,740.32,740.42,42.034
2026-09-09 18:15:00,740.43,740.52,740.33,740.51,54.425
2026-09-09 18:18:00,740.5,740.52,739.93,740.29,74.59
2026-09-09 18:21:00,740.29,740.73,740.0,740.06,65.928
2026-09-09 18:24:00,740.07,740.48,740.03,740.15,208.978
2026-09-09 18:27:00,740.14,741.12,740.14,740.97,235.969
2026-09-09 18:30:00,740.97,740.98,740.58,740.78,85.453
2026-09-09 18:33:00,740.78,741.39,740.56,740.68,108.102
2026-09-09 18:36:00,740.68,740.98,740.68,740.94,65.883
2026-09-09 18:39:00,740.94,741.04,740.68,740.92,167.235
2026-09-09 18:42:00,740.92,741.21,740.68,741.21,95.712
2026-09-09 18:45:00,741.22,741.27,740.51,740.68,179.291
2026-09-09 18:48:00,740.69,740.96,740.43,740.75,185.646
2026-09-09 18:51:00,740.75,740.75,740.03,740.05,78.904
2026-09-09 18:54:00,740.06,740.26,739.66,740.07,179.012
2026-09-09 18:57:00,740.06,740.16,739.76,740.01,57.877
2026-09-09 19:00:00,740.01,740.6,739.85,740.14,228.151
2026-09-09 19:03:00,740.14,740.21,739.47,739.96,235.455
2026-09-09 19:06:00,739.95,740.44,739.9,740.14,76.03
2026-09-09 19:09:00,740.14,740.48,740.06,740.31,63.164
2026-09-09 19:12:00,740.31,741.07,740.31,741.01,89.548
2026-09-09 19:15:00,741.01,741.73,741.01,741.52,157.435
2026-09-09 19:18:00,741.53,741.56,741.06,741.13,98.557
2026-09-09 19:21:00,741.13,741.47,741.08,741.46,83.799
2026-09-09 19:24:00,741.47,741.47,740.79,740.8,98.179
2026-09-09 19:27:00,740.8,740.8,740.32,740.35,68.29
2026-09-09 19:30:00,740.35,740.35,739.48,739.66,147.868
2026-09-09 19:33:00,739.66,740.34,739.48,739.65,115.268
2026-09-09 19:36:00,739.65,739.65,738.34,738.34,233.812
2026-09-09 19:39:00,738.33,738.86,738.19,738.65,269.416
2026-09-09 19:42:00,738.65,738.87,738.06,738.06,72.641
2026-09-09 19:45:00,738.08,738.5,738.08,738.2,97.036
2026-09-09 19:48:00,738.2,738.51,737.14,737.33,426.839
2026-09-09 19:51:00,737.32,737.99,736.55,736.59,351.846
2026-09-09 19:54:00,736.6,737.02,736.49,736.73,198.682
2026-09-09 19:57:00,736.73,737.44,736.62,737.24,210.608
2026-09-09 20:00:00,737.25,737.4,736.34,737.03,588.832
2026-09-09 20:03:00,737.02,737.37,736.24,737.36,125.212
2026-09-09 20:06:00,737.36,737.49,736.78,737.49,157.185
2026-09-09 20:09:00,737.48,737.62,737.22,737.51,81.067
2026-09-09 20:12:00,737.51,737.78,736.69,737.39,260.923
2026-09-09 20:15:00,737.4,737.93,737.11,737.93,62.997
2026-09-09 20:18:00,737.94,738.17,737.02,737.02,234.399
2026-09-09 20:21:00,737.03,737.27,736.8,736.95,204.942
2026-09-09 20:24:00,736.95,737.16,736.17,736.56,603.892
2026-09-09 20:27:00,736.55,736.86,732.29,734.03,2732.191
2026-09-09 20:30:00,734.03,735.21,733.99,735.12,718.345
2026-09-09 20:33:00,735.11,735.74,734.73,735.74,359.224
2026-09-09 20:36:00,735.74,735.81,735.23,735.3,90.872
2026-09-09 20:39:00,735.31,735.46,735.0,735.37,251.458
2026-09-09 20:42:00,735.36,735.6,734.2,734.34,469.38
2026-09-09 20:45:00,734.34,734.7,734.33,734.4,110.688
2026-09-09 20:48:00,734.41,734.48,732.67,733.35,693.274
2026-09-09 20:51:00,733.35,733.88,732.86,732.86,158.284
2026-09-09 20:54:00,732.85,733.55,732.44,733.5,334.838
2026-09-09 20:57:00,733.5,733.91,733.44,733.91,181.795
2026-09-09 21:00:00,733.91,733.91,733.05,733.49,474.077
2026-09-09 21:03:00,733.5,733.56,732.85,733.55,165.494
2026-09-09 21:06:00,733.54,733.66,732.12,732.25,470.843
2026-09-09 21:09:00,732.25,732.25,731.24,731.26,539.617
2026-09-09 21:12:00,731.27,732.12,731.25,732.12,758.588
2026-09-09 21:15:00,732.12,732.12,729.21,730.17,2496.625
2026-09-09 21:18:00,730.17,730.17,728.65,729.06,1070.224
2026-09-09 21:21:00,729.08,730.54,729.08,730.54,300.572
2026-09-09 21:24:00,730.55,732.18,730.55,732.1,397.913
2026-09-09 21:27:00,732.09,732.21,731.8,731.84,130.843
2026-09-09 21:30:00,731.84,731.85,731.0,731.04,191.056
2026-09-09 21:33:00,731.05,731.05,730.21,730.36,252.345
2026-09-09 21:36:00,730.36,730.83,729.77,730.25,186.217
2026-09-09 21:39:00,730.24,730.65,730.03,730.4,447.6
2026-09-09 21:42:00,730.39,730.94,729.95,730.15,352.069
2026-09-09 21:45:00,730.14,730.14,729.46,729.66,256.171
2026-09-09 21:48:00,729.66,729.67,727.93,727.99,1147.706
2026-09-09 21:51:00,727.99,728.59,727.82,728.59,481.916
2026-09-09 21:54:00,728.59,728.8,727.82,727.99,375.394
2026-09-09 21:57:00,727.99,728.42,722.41,725.55,5465.066
2026-09-09 22:00:00,725.55,726.23,724.78,724.82,604.065
2026-09-09 22:03:00,724.82,725.0,723.64,723.72,510.061
2026-09-09 22:06:00,723.72,723.72,718.94,718.95,2945.526
2026-09-09 22:09:00,718.95,722.79,717.61,721.97,2036.484
2026-09-09 22:12:00,721.97,722.67,720.24,720.33,1015.496
2026-09-09 22:15:00,720.33,720.77,718.99,719.53,731.965
2026-09-09 22:18:00,719.52,721.76,719.52,721.76,776.821
2026-09-09 22:21:00,721.75,722.03,721.0,721.66,450.399
2026-09-09 22:24:00,721.66,722.36,721.03,721.93,950.052
2026-09-09 22:27:00,721.93,722.68,721.71,722.01,779.232
2026-09-09 22:30:00,722.02,722.03,720.65,720.69,313.382
2026-09-09 22:33:00,720.7,720.8,719.79,719.81,981.771
2026-09-09 22:36:00,719.81,720.79,719.5,720.68,275.191
2026-09-09 22:39:00,720.69,721.8,720.68,721.32,342.175
2026-09-09 22:42:00,721.32,721.75,721.0,721.75,345.683
2026-09-09 22:45:00,721.74,721.74,720.13,720.15,393.881
2026-09-09 22:48:00,720.16,720.2,719.33,719.77,500.325
2026-09-09 22:51:00,719.77,719.85,719.11,719.12,345.976
2026-09-09 22:54:00,719.12,719.76,718.32,718.91,698.513
2026-09-09 22:57:00,718.9,719.43,718.65,719.09,297.967
2026-09-09 23:00:00,719.1,720.66,718.86,720.66,320.076
2026-09-09 23:03:00,720.65,721.59,720.53,721.11,254.721
2026-09-09 23:06:00,721.11,721.19,720.5,721.08,252.909
2026-09-09 23:09:00,721.08,721.57,721.06,721.47,136.893
2026-09-09 23:12:00,721.46,721.84,721.36,721.49,199.13
2026-09-09 23:15:00,721.48,721.56,720.84,721.07,204.944
2026-09-09 23:18:00,721.07,721.7,721.03,721.04,118.358
2026-09-09 23:21:00,721.03,721.18,720.39,720.74,217.293
2026-09-09 23:24:00,720.74,721.76,720.74,721.62,144.611
2026-09-09 23:27:00,721.62,721.69,720.85,721.6,161.881
2026-09-09 23:30:00,721.6,721.91,721.28,721.91,130.039
2026-09-09 23:33:00,721.92,722.55,721.92,722.29,381.918
2026-09-09 23:36:00,722.28,722.37,721.79,721.79,150.26
2026-09-09 23:39:00,721.78,722.67,721.78,722.02,288.323
2026-09-09 23:42:00,722.02,722.96,722.02,722.75,410.204
2026-09-09 23:45:00,722.75,723.49,722.49,723.41,329.368
2026-09-09 23:48:00,723.42,723.89,722.97,722.98,299.433
2026-09-09 23:51:00,722.98,723.1,722.36,722.97,197.368
2026-09-09 23:54:00,722.97,723.31,722.73,722.99,254.073
2026-09-09 23:57:00,722.99,723.2,722.62,722.64,458.65
2026-09-10 00:00:00,722.64,723.74,722.41,723.55,640.031
2026-09-10 00:03:00,723.55,724.43,723.55,724.14,449.903
2026-09-10 00:06:00,724.14,724.14,723.24,723.25,490.191
2026-09-10 00:09:00,723.25,723.56,722.8,723.32,206.398
2026-09-10 00:12:00,723.32,723.59,722.8,722.86,225.978
2026-09-10 00:15:00,722.86,723.07,722.68,722.85,301.656
2026-09-10 00:18:00,722.85,723.08,722.0,722.0,193.252
2026-09-10 00:21:00,722.01,722.91,721.82,722.91,276.404
2026-09-10 00:24:00,722.9,722.9,721.48,721.61,303.713
2026-09-10 00:27:00,721.61,722.37,721.6,722.01,284.573
2026-09-10 00:30:00,722.01,722.01,721.0,721.05,256.367
2026-09-10 00:33:00,721.05,721.75,720.64,721.37,515.522
2026-09-10 00:36:00,721.36,722.72,721.35,722.72,408.033
2026-09-10 00:39:00,722.73,723.05,721.81,721.81,252.65
2026-09-10 00:42:00,721.81,721.92,721.28,721.92,125.203
2026-09-10 00:45:00,721.93,723.22,721.3,722.55,351.444
2026-09-10 00:48:00,722.54,722.96,721.7,721.7,223.532
2026-09-10 00:51:00,721.7,722.86,721.69,722.38,268.735
2026-09-10 00:54:00,722.38,722.39,721.68,721.68,114.612
2026-09-10 00:57:00,721.69,721.69,720.95,720.95,301.157
2026-09-10 01:00:00,720.96,722.66,720.61,722.22,534.692
2026-09-10 01:03:00,722.22,723.97,722.21,723.57,203.061
2026-09-10 01:06:00,723.56,724.74,723.22,724.73,434.837
2026-09-10 01:09:00,724.74,724.74,723.81,723.83,615.29
2026-09-10 01:12:00,723.82,723.82,723.0,723.28,162.608
2026-09-10 01:15:00,723.27,723.28,722.42,722.44,145.169
2026-09-10 01:18:00,722.43,723.03,721.8,721.81,533.706
2026-09-10 01:21:00,721.81,721.89,720.72,721.89,260.92
2026-09-10 01:24:00,721.89,722.52,721.3,721.3,160.308
2026-09-10 01:27:00,721.28,721.5,720.33,720.34,177.103
2026-09-10 01:30:00,720.34,720.8,719.5,719.5,463.292
2026-09-10 01:33:00,719.49,719.6,718.57,718.57,349.865
2026-09-10 01:36:00,718.57,718.93,716.18,717.34,2720.773
2026-09-10 01:39:00,717.33,719.84,716.98,719.83,712.26
2026-09-10 01:42:00,719.82,720.32,719.03,719.38,401.197
2026-09-10 01:45:00,719.38,720.01,718.67,720.01,433.841
2026-09-10 01:48:00,720.02,720.33,719.54,719.78,305.485
2026-09-10 01:51:00,719.78,719.85,718.84,719.01,489.47
2026-09-10 01:54:00,719.02,720.46,718.95,720.24,184.756
2026-09-10 01:57:00,720.24,721.31,720.23,720.99,197.364
2026-09-10 02:00:00,720.99,721.21,720.66,720.86,272.709
2026-09-10 02:03:00,720.86,721.77,720.86,721.75,287.769
2026-09-10 02:06:00,721.75,722.04,721.24,721.24,134.483
2026-09-10 02:09:00,721.25,721.5,721.0,721.49,240.137
2026-09-10 02:12:00,721.5,721.61,721.0,721.61,222.736
2026-09-10 02:15:00,721.6,721.91,720.77,720.93,180.056
2026-09-10 02:18:00,720.92,721.72,720.92,721.38,250.427
2026-09-10 02:21:00,721.39,721.55,721.12,721.26,190.119
2026-09-10 02:24:00,721.25,721.32,720.75,720.9,558.668
2026-09-10 02:27:00,720.9,721.64,720.81,721.21,209.28
2026-09-10 02:30:00,721.2,722.47,721.2,722.45,302.098
2026-09-10 02:33:00,722.45,723.2,722.39,722.95,269.521
2026-09-10 02:36:00,722.94,723.84,722.73,723.84,228.788
2026-09-10 02:39:00,723.84,723.94,723.35,723.62,201.754
2026-09-10 02:42:00,723.62,723.81,723.17,723.37,243.705
2026-09-10 02:45:00,723.36,724.04,723.24,723.9,174.282
2026-09-10 02:48:00,723.9,724.5,723.75,724.28,194.617
2026-09-10 02:51:00,724.29,725.19,724.28,725.11,270.927
2026-09-10 02:54:00,725.12,725.2,724.58,724.59,166.375
2026-09-10 02:57:00,724.59,725.29,724.57,725.29,287.854
2026-09-10 03:00:00,725.29,725.84,725.18,725.84,451.52
2026-09-10 03:03:00,725.83,726.36,725.62,725.87,520.169
2026-09-10 03:06:00,725.86,725.87,724.86,724.86,413.784
2026-09-10 03:09:00,724.87,725.1,724.72,724.78,194.571
2026-09-10 03:12:00,724.78,724.78,724.37,724.49,153.877
2026-09-10 03:15:00,724.5,724.5,724.18,724.42,212.28
2026-09-10 03:18:00,724.42,724.54,724.25,724.34,182.362
2026-09-10 03:21:00,724.34,724.54,724.01,724.02,237.825
2026-09-10 03:24:00,724.02,724.02,723.5,723.5,809.066
2026-09-10 03:27:00,723.5,724.3,723.5,724.24,358.085
2026-09-10 03:30:00,724.24,724.47,723.84,724.34,160.262
2026-09-10 03:33:00,724.34,724.88,723.5,723.5,299.065
2026-09-10 03:36:00,723.51,723.8,723.38,723.75,174.935
2026-09-10 03:39:00,723.76,724.07,723.71,724.07,134.766
2026-09-10 03:42:00,724.07,724.66,724.06,724.41,305.997
2026-09-10 03:45:00,724.4,724.58,724.34,724.58,192.595
2026-09-10 03:48:00,724.58,724.73,723.9,723.92,321.879
2026-09-10 03:51:00,723.92,723.97,723.38,723.38,158.757
2026-09-10 03:54:00,723.39,723.42,723.12,723.41,132.595
2026-09-10 03:57:00,723.42,723.66,723.14,723.65,291.95
2026-09-10 04:00:00,723.65,723.65,723.1,723.13,205.1
2026-09-10 04:03:00,723.14,723.61,723.1,723.4,221.547
2026-09-10 04:06:00,723.41,723.65,723.41,723.54,123.921
2026-09-10 04:09:00,723.54,723.54,723.1,723.11,169.228
2026-09-10 04:12:00,723.11,723.16,723.0,723.06,158.354
2026-09-10 04:15:00,723.07,723.53,722.93,723.43,267.104
2026-09-10 04:18:00,723.44,723.96,723.43,723.71,312.233
2026-09-10 04:21:00,723.71,723.71,722.87,723.04,187.495
2026-09-10 04:24:00,723.05,723.05,722.78,722.78,105.47
2026-09-10 04:27:00,722.79,723.29,722.72,722.72,190.284
2026-09-10 04:30:00,722.73,723.03,722.72,723.02,212.532
2026-09-10 04:33:00,723.03,723.28,722.69,722.7,172.189
2026-09-10 04:36:00,722.69,722.77,722.41,722.48,230.381
2026-09-10 04:39:00,722.49,722.64,722.42,722.64,164.008
2026-09-10 04:42:00,722.64,722.93,721.99,722.27,641.414
2026-09-10 04:45:00,722.27,722.55,722.12,722.31,352.715
2026-09-10 04:48:00,722.32,722.54,722.21,722.38,285.842
2026-09-10 04:51:00,722.39,722.78,721.98,722.26,380.656
2026-09-10 04:54:00,722.26,722.39,722.08,722.35,326.643
2026-09-10 04:57:00,722.35,723.12,722.35,722.66,454.832
2026-09-10 05:00:00,722.66,722.89,721.75,721.76,258.028
2026-09-10 05:03:00,721.75,721.76,720.91,721.23,556.816
2026-09-10 05:06:00,721.24,721.24,720.96,721.09,306.134
2026-09-10 05:09:00,721.1,722.09,721.09,721.96,458.521
2026-09-10 05:12:00,721.97,723.28,721.83,723.07,306.203
2026-09-10 05:15:00,723.08,723.25,722.19,722.34,487.092
2026-09-10 05:18:00,722.33,722.34,721.63,721.63,193.646
2026-09-10 05:21:00,721.64,721.98,721.45,721.74,188.443
2026-09-10 05:24:00,721.74,721.78,721.54,721.77,167.887
2026-09-10 05:27:00,721.78,722.86,721.71,722.32,246.403
2026-09-10 05:30:00,722.33,723.0,722.12,722.98,401.168
2026-09-10 05:33:00,722.97,723.14,722.41,723.12,319.276
2026-09-10 05:36:00,723.12,723.17,722.38,722.44,241.459
2026-09-10 05:39:00,722.44,722.45,722.0,722.34,226.814
2026-09-10 05:42:00,722.35,722.77,722.35,722.69,225.773
2026-09-10 05:45:00,722.69,723.09,722.51,722.53,275.761
2026-09-10 05:48:00,722.52,722.66,722.35,722.46,416.428
2026-09-10 05:51:00,722.47,722.82,722.28,722.72,232.641
2026-09-10 05:54:00,722.73,723.39,722.64,723.28,294.178
2026-09-10 05:57:00,723.28,723.7,723.27,723.49,346.432
2026-09-10 06:00:00,723.5,723.53,722.87,722.92,338.318
2026-09-10 06:03:00,722.91,722.93,721.66,721.67,477.493
2026-09-10 06:06:00,721.66,721.74,721.26,721.72,400.198
2026-09-10 06:09:00,721.72,721.72,720.46,720.74,838.35
2026-09-10 06:12:00,720.74,720.75,720.34,720.38,211.243
2026-09-10 06:15:00,720.37,720.37,719.22,719.22,1027.555
2026-09-10 06:18:00,719.22,719.51,718.71,719.38,652.939
2026-09-10 06:21:00,719.38,719.49,719.02,719.18,386.436
2026-09-10 06:24:00,719.17,719.2,718.5,718.5,259.095
2026-09-10 06:27:00,718.51,718.79,718.37,718.49,392.166
2026-09-10 06:30:00,718.49,719.09,718.49,718.58,329.229
2026-09-10 06:33:00,718.57,718.65,718.37,718.56,324.778
2026-09-10 06:36:00,718.56,718.87,718.39,718.63,474.927
2026-09-10 06:39:00,718.62,719.36,718.59,719.27,218.856
2026-09-10 06:42:00,719.27,720.0,719.21,719.52,276.531
2026-09-10 06:45:00,719.53,720.86,719.52,720.72,269.35
2026-09-10 06:48:00,720.72,721.71,720.48,721.56,328.185
2026-09-10 06:51:00,721.55,721.68,721.07,721.15,345.172
2026-09-10 06:54:00,721.15,721.17,720.9,721.11,201.479
2026-09-10 06:57:00,721.12,721.46,721.05,721.08,287.269
2026-09-10 07:00:00,721.09,721.17,719.85,719.86,312.109
2026-09-10 07:03:00,719.85,719.86,718.59,718.61,572.601
2026-09-10 07:06:00,718.61,718.9,718.24,718.46,731.708
2026-09-10 07:09:00,718.45,719.27,718.19,719.26,347.13
2026-09-10 07:12:00,719.27,719.28,718.87,719.09,254.506
2026-09-10 07:15:00,719.1,719.17,718.71,719.12,376.462
2026-09-10 07:18:00,719.12,719.13,718.45,718.46,224.799
2026-09-10 07:21:00,718.46,718.46,718.0,718.0,322.865
2026-09-10 07:24:00,718.0,718.01,716.39,717.39,1435.416
2026-09-10 07:27:00,717.39,717.49,717.02,717.11,346.196
2026-09-10 07:30:00,717.1,717.23,716.28,716.28,478.394
2026-09-10 07:33:00,716.29,716.85,715.86,716.69,586.335
2026-09-10 07:36:00,716.69,716.95,716.19,716.89,248.759
2026-09-10 07:39:00,716.89,717.0,715.45,716.81,571.825
2026-09-10 07:42:00,716.81,717.67,716.7,717.67,248.256
2026-09-10 07:45:00,717.68,718.07,717.59,717.74,176.109
2026-09-10 07:48:00,717.74,718.5,717.7,718.5,349.469
2026-09-10 07:51:00,718.49,719.24,718.49,718.88,325.783
2026-09-10 07:54:00,718.88,719.48,718.7,718.72,243.112
2026-09-10 07:57:00,718.73,719.24,718.7,719.09,272.741
2026-09-10 08:00:00,719.1,719.6,718.73,718.96,495.08
2026-09-10 08:03:00,718.97,719.0,718.28,718.73,241.098
2026-09-10 08:06:00,718.73,719.59,718.48,719.58,345.428
2026-09-10 08:09:00,719.58,719.59,718.72,718.81,208.887
2026-09-10 08:12:00,718.81,719.05,718.36,718.64,417.674
2026-09-10 08:15:00,718.63,718.89,718.37,718.82,227.937
2026-09-10 08:18:00,718.83,718.98,718.27,718.97,197.132
2026-09-10 08:21:00,718.98,719.6,718.92,719.59,148.211
2026-09-10 08:24:00,719.6,719.77,719.0,719.51,328.897
2026-09-10 08:27:00,719.52,719.57,719.01,719.55,163.546
2026-09-10 08:30:00,719.56,719.62,718.83,718.85,289.415
2026-09-10 08:33:00,718.84,719.26,718.37,718.95,337.6
2026-09-10 08:36:00,718.95,719.49,718.95,719.13,246.338
2026-09-10 08:39:00,719.13,719.34,718.69,718.69,210.644
2026-09-10 08:42:00,718.7,718.9,718.5,718.9,172.654
2026-09-10 08:45:00,718.9,719.1,718.71,719.09,132.203
2026-09-10 08:48:00,719.09,719.09,718.61,718.95,210.799
2026-09-10 08:51:00,718.96,719.44,718.95,719.2,153.931
2026-09-10 08:54:00,719.21,719.29,718.61,718.62,116.827
2026-09-10 08:57:00,718.62,718.62,718.36,718.5,128.366
2026-09-10 09:00:00,718.51,719.03,718.5,718.99,140.52
2026-09-10 09:03:00,718.99,719.24,718.77,718.77,376.732
2026-09-10 09:06:00,718.78,719.0,718.48,718.53,180.017
2026-09-10 09:09:00,718.53,718.65,717.94,718.38,201.946
2026-09-10 09:12:00,718.38,718.82,718.28,718.82,223.838
2026-09-10 09:15:00,718.81,718.93,718.15,718.29,165.609
2026-09-10 09:18:00,718.3,718.65,718.27,718.55,248.066
2026-09-10 09:21:00,718.54,718.8,718.46,718.77,142.252
2026-09-10 09:24:00,718.76,718.77,718.25,718.48,247.999
2026-09-10 09:27:00,718.49,718.9,718.48,718.6,114.401
2026-09-10 09:30:00,718.6,718.6,717.39,717.48,402.575
2026-09-10 09:33:00,717.48,717.83,717.0,717.0,237.948
2026-09-10 09:36:00,717.01,717.26,716.45,716.47,322.15
2026-09-10 09:39:00,716.48,716.49,715.99,716.0,227.174
2026-09-10 09:42:00,716.0,716.76,715.68,716.67,232.997
2026-09-10 09:45:00,716.68,717.25,716.39,716.95,197.538
2026-09-10 09:48:00,716.96,717.27,716.57,717.21,155.019
2026-09-10 09:51:00,717.2,718.03,717.08,718.03,249.893
2026-09-10 09:54:00,717.91,717.91,717.57,717.68,160.427
2026-09-10 09:57:00,717.69,717.69,716.97,717.5,300.492
2026-09-10 10:00:00,717.51,718.29,717.41,718.29,263.138
2026-09-10 10:03:00,718.29,718.39,717.84,718.2,169.317
2026-09-10 10:06:00,718.2,718.45,717.85,717.85,772.145
2026-09-10 10:09:00,717.86,717.94,717.56,717.86,129.414
2026-09-10 10:12:00,717.86,718.3,717.57,718.03,316.121
2026-09-10 10:15:00,718.04,718.35,717.61,717.74,117.668
2026-09-10 10:18:00,717.74,718.06,717.64,717.81,132.325
2026-09-10 10:21:00,717.82,718.18,717.51,717.57,109.372
2026-09-10 10:24:00,717.57,717.95,717.08,717.68,153.978
2026-09-10 10:27:00,717.67,717.85,717.61,717.68,124.972
2026-09-10 10:30:00,717.69,717.85,717.05,717.16,112.268
2026-09-10 10:33:00,717.15,717.43,716.42,717.23,128.644
2026-09-10 10:36:00,717.24,718.17,717.23,718.1,183.035
2026-09-10 10:39:00,718.09,718.32,717.99,718.12,184.82
2026-09-10 10:42:00,718.11,718.16,717.78,718.01,123.48
2026-09-10 10:45:00,718.0,718.24,717.66,717.83,181.605
2026-09-10 10:48:00,717.83,718.02,717.76,717.93,194.711
2026-09-10 10:51:00,717.92,717.93,717.4,717.43,78.895
2026-09-10 10:54:00,717.43,718.74,717.29,718.41,289.671
2026-09-10 10:57:00,718.42,718.42,717.03,717.03,213.3
2026-09-10 11:00:00,717.04,717.04,716.04,716.64,269.188
2026-09-10 11:03:00,716.65,716.74,715.68,716.11,290.432
2026-09-10 11:06:00,716.1,716.92,715.92,716.68,258.136
2026-09-10 11:09:00,716.68,717.28,716.45,717.2,186.026
2026-09-10 11:12:00,717.21,717.82,717.01,717.81,558.486
2026-09-10 11:15:00,717.81,719.11,717.81,718.49,442.517
2026-09-10 11:18:00,718.48,718.79,718.3,718.52,160.889
2026-09-10 11:21:00,718.53,718.65,717.86,718.22,223.122
2026-09-10 11:24:00,718.21,718.56,717.75,717.86,201.295
2026-09-10 11:27:00,717.86,718.72,717.81,718.6,155.992
2026-09-10 11:30:00,718.61,718.64,718.37,718.63,78.955
2026-09-10 11:33:00,718.63,718.64,718.01,718.6,275.17
2026-09-10 11:36:00,718.6,718.6,718.09,718.54,272.857
2026-09-10 11:39:00,718.55,718.6,718.21,718.39,227.834
2026-09-10 11:42:00,718.38,718.61,717.92,718.21,251.645
2026-09-10 11:45:00,718.21,718.46,717.42,717.43,174.872
2026-09-10 11:48:00,717.43,718.04,717.01,717.01,612.307
2026-09-10 11:51:00,717.02,717.55,716.75,717.53,313.347
2026-09-10 11:54:00,717.54,717.54,716.42,716.43,239.086
2026-09-10 11:57:00,716.43,717.08,716.42,716.46,156.822
2026-09-10 12:00:00,716.46,717.17,716.42,716.49,186.684
2026-09-10 12:03:00,716.5,716.52,715.88,716.16,510.613
2026-09-10 12:06:00,716.16,716.3,715.26,715.4,920.427
2026-09-10 12:09:00,715.39,715.62,715.39,715.56,188.397
2026-09-10 12:12:00,715.57,716.12,715.38,715.92,264.375
2026-09-10 12:15:00,715.93,716.0,715.33,715.41,173.408
2026-09-10 12:18:00,715.42,715.74,715.41,715.54,296.844
2026-09-10 12:21:00,715.54,715.71,715.26,715.61,525.227
2026-09-10 12:24:00,715.62,715.73,715.44,715.73,142.115
2026-09-10 12:27:00,715.73,716.94,715.58,716.8,192.878
2026-09-10 12:30:00,716.81,718.12,714.02,715.82,4255.052
2026-09-10 12:33:00,715.82,716.02,714.15,715.27,1397.873
2026-09-10 12:36:00,715.27,716.04,712.49,712.62,2053.378
2026-09-10 12:39:00,712.61,713.12,711.0,712.43,3194.734
2026-09-10 12:42:00,712.42,713.0,711.8,712.3,886.584
2026-09-10 12:45:00,712.3,712.57,703.62,707.09,8662.973
2026-09-10 12:48:00,707.09,708.99,706.72,708.53,3178.432
2026-09-10 12:51:00,708.53,708.53,705.93,706.0,1331.771
2026-09-10 12:54:00,706.01,706.52,704.0,705.55,2494.1
2026-09-10 12:57:00,705.54,707.49,705.08,705.66,1857.396
2026-09-10 13:00:00,705.67,708.37,705.36,708.04,1111.036
2026-09-10 13:03:00,708.04,708.74,707.43,707.54,598.044
2026-09-10 13:06:00,707.54,707.89,706.52,706.73,429.995
2026-09-10 13:09:00,706.74,707.64,706.63,706.71,544.42
2026-09-10 13:12:00,706.71,706.96,705.13,705.4,1297.422
2026-09-10 13:15:00,705.4,706.6,705.18,705.96,708.339
2026-09-10 13:18:00,705.96,706.11,705.11,705.71,816.865
2026-09-10 13:21:00,705.72,707.32,705.71,706.77,704.525
2026-09-10 13:24:00,706.78,706.99,706.3,706.93,624.505
2026-09-10 13:27:00,706.94,707.46,706.67,706.71,409.965
2026-09-10 13:30:00,706.72,707.43,706.16,706.96,694.498
2026-09-10 13:33:00,706.97,707.82,706.74,707.67,414.016
2026-09-10 13:36:00,707.67,709.77,707.66,708.52,846.453
2026-09-10 13:39:00,708.53,709.54,708.52,709.05,461.495
2026-09-10 13:42:00,709.05,709.76,708.69,708.77,597.393
2026-09-10 13:45:00,708.77,709.68,708.57,709.4,421.179
2026-09-10 13:48:00,709.4,710.19,708.9,709.09,932.876
2026-09-10 13:51:00,709.08,710.79,708.49,710.43,512.598
2026-09-10 13:54:00,710.43,710.68,709.92,710.29,391.591
2026-09-10 13:57:00,710.3,711.0,710.11,710.52,404.131
2026-09-10 14:00:00,710.53,712.0,710.52,711.47,554.468
2026-09-10 14:03:00,711.46,711.55,709.81,709.81,711.266
2026-09-10 14:06:00,709.81,709.87,708.04,708.46,459.848
2026-09-10 14:09:00,708.46,709.3,708.18,709.2,392.711
2026-09-10 14:12:00,709.21,709.68,708.28,708.38,356.339
2026-09-10 14:15:00,708.38,708.38,707.17,707.3,459.668
2026-09-10 14:18:00,707.31,709.13,706.96,708.78,517.094
2026-09-10 14:21:00,708.78,709.65,708.36,709.41,259.843
2026-09-10 14:24:00,709.4,710.91,708.75,709.07,1523.841
2026-09-10 14:27:00,709.07,710.56,708.91,709.76,452.103
2026-09-10 14:30:00,709.75,710.18,709.45,709.56,239.481
2026-09-10 14:33:00,709.56,710.64,709.47,710.54,308.739
2026-09-10 14:36:00,710.53,710.58,709.97,709.98,213.681
2026-09-10 14:39:00,709.97,710.71,709.87,710.21,207.706
2026-09-10 14:42:00,710.21,710.45,709.88,710.45,383.251
2026-09-10 14:45:00,710.44,711.35,710.34,710.45,419.387
2026-09-10 14:48:00,710.44,710.46,709.35,709.37,286.171
2026-09-10 14:51:00,709.36,710.48,709.36,710.32,332.766
2026-09-10 14:54:00,710.32,710.67,710.21,710.35,272.517
2026-09-10 14:57:00,710.36,710.36,709.65,710.02,442.464
2026-09-10 15:00:00,710.03,710.03,707.98,708.22,367.253
2026-09-10 15:03:00,708.22,709.6,708.01,709.55,275.051
2026-09-10 15:06:00,709.55,710.19,708.96,710.18,265.349
2026-09-10 15:09:00,710.19,710.55,709.74,710.08,274.971
2026-09-10 15:12:00,710.08,710.22,709.13,709.32,389.747
2026-09-10 15:15:00,709.32,709.48,708.16,708.16,525.236
2026-09-10 15:18:00,708.16,708.37,707.13,707.13,574.681
2026-09-10 15:21:00,707.13,707.85,707.01,707.11,425.229
2026-09-10 15:24:00,707.1,707.4,706.84,707.0,701.772
2026-09-10 15:27:00,707.0,707.43,706.5,706.5,469.145
2026-09-10 15:30:00,706.5,707.34,706.5,707.34,332.06
2026-09-10 15:33:00,707.33,708.48,707.33,708.14,486.184
2026-09-10 15:36:00,708.15,709.47,708.15,709.16,541.748
2026-09-10 15:39:00,709.15,709.15,707.64,707.73,319.078
2026-09-10 15:42:00,707.73,708.08,707.56,707.84,175.335
2026-09-10 15:45:00,707.85,708.58,707.0,707.02,392.738
2026-09-10 15:48:00,707.03,708.14,706.94,707.65,263.976
2026-09-10 15:51:00,707.65,707.95,707.4,707.5,153.609
2026-09-10 15:54:00,707.5,707.88,707.07,707.82,368.964
2026-09-10 15:57:00,707.81,708.33,707.66,707.94,218.912
2026-09-10 16:00:00,707.95,708.79,707.33,707.34,450.715
2026-09-10 16:03:00,707.33,707.78,706.61,707.74,448.174
2026-09-10 16:06:00,707.74,707.89,706.14,706.17,575.368
2026-09-10 16:09:00,706.18,706.78,705.78,706.19,451.566
2026-09-10 16:12:00,706.19,706.88,705.91,706.49,145.482
2026-09-10 16:15:00,706.5,706.88,705.52,705.58,216.554
2026-09-10 16:18:00,705.57,706.31,704.96,706.19,922.241
2026-09-10 16:21:00,706.2,706.85,705.89,706.09,241.327
2026-09-10 16:24:00,706.1,706.28,705.48,705.49,279.117
2026-09-10 16:27:00,705.49,705.87,705.47,705.72,168.992
2026-09-10 16:30:00,705.71,706.24,705.58,705.76,207.319
2026-09-10 16:33:00,705.77,705.88,704.5,704.58,605.44
2026-09-10 16:36:00,704.58,706.37,704.58,706.0,567.304
2026-09-10 16:39:00,706.0,707.0,705.91,706.88,873.147
2026-09-10 16:42:00,706.88,707.18,706.0,707.1,349.165
2026-09-10 16:45:00,707.1,709.15,707.1,708.63,537.157
2026-09-10 16:48:00,708.63,708.84,708.13,708.14,181.32
2026-09-10 16:51:00,708.14,708.31,707.96,708.15,160.91
2026-09-10 16:54:00,708.15,708.8,707.93,708.67,320.909
2026-09-10 16:57:00,708.68,709.06,708.3,708.31,1350.768
2026-09-10 17:00:00,708.31,708.94,708.17,708.65,305.387
2026-09-10 17:03:00,708.64,709.05,707.89,708.92,379.513
2026-09-10 17:06:00,708.92,708.92,708.57,708.65,152.176
2026-09-10 17:09:00,708.65,709.43,708.6,709.42,243.884
2026-09-10 17:12:00,709.42,709.54,708.86,709.1,325.885
2026-09-10 17:15:00,709.11,709.42,708.86,709.41,296.374
2026-09-10 17:18:00,709.41,711.23,709.16,711.07,1417.637
2026-09-10 17:21:00,711.07,711.3,710.91,711.17,488.254
2026-09-10 17:24:00,711.18,711.72,710.6,710.81,555.143
2026-09-10 17:27:00,710.82,711.6,710.82,711.26,461.978
2026-09-10 17:30:00,711.26,713.01,711.25,712.62,708.309
2026-09-10 17:33:00,712.63,713.5,712.37,713.38,526.299
2026-09-10 17:36:00,713.38,713.62,712.25,712.25,440.162
2026-09-10 17:39:00,712.25,712.39,711.62,712.16,524.921
2026-09-10 17:42:00,712.16,712.49,711.57,712.36,468.048
2026-09-10 17:45:00,712.37,712.6,712.0,712.31,571.484
2026-09-10 17:48:00,712.31,713.37,712.31,712.9,395.616
2026-09-10 17:51:00,712.9,713.38,712.9,713.19,115.804
2026-09-10 17:54:00,713.19,713.31,712.75,712.94,226.877
2026-09-10 17:57:00,712.93,713.17,712.78,712.79,213.19
2026-09-10 18:00:00,712.79,712.9,711.75,711.95,814.862
2026-09-10 18:03:00,711.95,712.04,711.25,711.47,446.815
2026-09-10 18:06:00,711.48,711.75,711.26,711.4,403.446
2026-09-10 18:09:00,711.4,711.4,710.75,710.75,574.165
2026-09-10 18:12:00,710.76,710.81,710.51,710.51,184.034
2026-09-10 18:15:00,710.51,711.26,710.5,710.56,418.394
2026-09-10 18:18:00,710.55,711.16,710.31,711.04,215.178
2026-09-10 18:21:00,711.04,711.79,710.99,711.5,202.615
2026-09-10 18:24:00,711.51,711.77,711.5,711.51,163.071
2026-09-10 18:27:00,711.5,712.0,711.5,711.63,92.858
2026-09-10 18:30:00,711.63,711.63,711.26,711.38,159.182
2026-09-10 18:33:00,711.37,711.52,711.0,711.5,134.028
2026-09-10 18:36:00,711.5,712.37,711.5,712.37,171.172
2026-09-10 18:39:00,712.37,712.5,712.16,712.34,114.533
2026-09-10 18:42:00,712.35,712.58,712.14,712.42,166.518
2026-09-10 18:45:00,712.43,712.54,712.12,712.53,136.523
2026-09-10 18:48:00,712.53,713.17,712.28,712.72,98.097
2026-09-10 18:51:00,712.73,713.51,712.71,713.35,186.928
2026-09-10 18:54:00,713.35,713.92,713.34,713.66,261.447
2026-09-10 18:57:00,713.67,713.96,713.48,713.95,124.023
2026-09-10 19:00:00,713.96,714.33,713.79,714.08,455.544
2026-09-10 19:03:00,714.07,714.19,713.63,713.71,150.08
2026-09-10 19:06:00,713.71,713.9,713.48,713.49,106.496
2026-09-10 19:09:00,713.49,714.09,713.29,713.4,131.3
2026-09-10 19:12:00,713.41,714.08,713.24,713.33,184.353
2026-09-10 19:15:00,713.33,713.85,713.32,713.54,87.198
2026-09-10 19:18:00,713.55,713.55,713.19,713.19,73.112
2026-09-10 19:21:00,713.19,713.77,713.19,713.29,80.754
2026-09-10 19:24:00,713.28,714.43,713.26,713.87,181.906
2026-09-10 19:27:00,713.88,714.77,713.88,714.53,434.311
2026-09-10 19:30:00,714.53,714.6,714.0,714.23,180.944
2026-09-10 19:33:00,714.22,714.8,714.01,714.57,291.477
2026-09-10 19:36:00,714.56,714.93,714.29,714.9,221.459
2026-09-10 19:39:00,714.89,715.78,714.89,715.66,222.026
2026-09-10 19:42:00,715.66,715.99,715.5,715.76,338.315
2026-09-10 19:45:00,715.75,715.76,714.62,714.92,262.184
2026-09-10 19:48:00,714.92,715.04,713.8,713.88,334.862
2026-09-10 19:51:00,713.88,714.5,713.81,714.27,312.767
2026-09-10 19:54:00,714.26,714.46,714.14,714.24,80.636
2026-09-10 19:57:00,714.24,714.72,714.18,714.38,336.662
2026-09-10 20:00:00,714.38,714.82,714.3,714.3,96.269
2026-09-10 20:03:00,714.29,714.29,713.9,714.24,182.536
2026-09-10 20:06:00,714.24,714.74,713.96,714.65,76.793
2026-09-10 20:09:00,714.66,715.32,714.65,715.02,115.35
2026-09-10 20:12:00,715.02,715.51,714.94,715.36,122.004
2026-09-10 20:15:00,715.37,715.6,715.16,715.51,70.834
2026-09-10 20:18:00,715.51,715.67,715.35,715.46,71.247
2026-09-10 20:21:00,715.46,715.78,715.4,715.46,107.641
2026-09-10 20:24:00,715.46,715.54,715.18,715.44,95.593
2026-09-10 20:27:00,715.44,715.77,715.43,715.64,79.809
2026-09-10 20:30:00,715.65,715.65,715.0,715.01,55.98
2026-09-10 20:33:00,715.0,715.62,715.0,715.18,188.178
2026-09-10 20:36:00,715.18,715.44,715.18,715.42,91.83
2026-09-10 20:39:00,715.42,715.57,715.32,715.4,65.655
2026-09-10 20:42:00,715.4,716.04,715.36,715.8,390.921
2026-09-10 20:45:00,715.8,716.27,715.28,715.28,511.808
2026-09-10 20:48:00,715.28,715.58,715.14,715.46,108.369
2026-09-10 20:51:00,715.46,715.47,715.26,715.29,86.019
2026-09-10 20:54:00,715.3,715.49,715.2,715.2,102.292
2026-09-10 20:57:00,715.21,715.27,714.92,715.01,126.029
2026-09-10 21:00:00,715.01,715.34,714.63,714.63,199.488
2026-09-10 21:03:00,714.64,715.08,714.39,715.08,127.178
2026-09-10 21:06:00,715.07,715.07,714.5,714.82,177.198
2026-09-10 21:09:00,714.83,715.37,714.82,714.96,155.704
2026-09-10 21:12:00,714.96,715.4,714.7,714.81,269.86
2026-09-10 21:15:00,714.81,714.84,714.65,714.65,44.772
2026-09-10 21:18:00,714.64,714.64,714.0,714.12,57.225
2026-09-10 21:21:00,714.13,714.21,713.87,714.13,153.583
2026-09-10 21:24:00,714.13,714.32,714.1,714.23,62.901
2026-09-10 21:27:00,714.23,714.23,714.18,714.18,25.495
2026-09-10 21:30:00,714.18,714.24,713.97,714.03,52.075
2026-09-10 21:33:00,714.02,714.18,713.84,713.98,203.597
2026-09-10 21:36:00,713.97,714.56,713.89,714.18,117.014
2026-09-10 21:39:00,714.19,714.56,714.18,714.5,170.07
2026-09-10 21:42:00,714.49,714.52,713.98,714.05,237.039
2026-09-10 21:45:00,714.05,715.0,713.98,714.93,97.607
2026-09-10 21:48:00,714.93,714.94,714.44,714.5,19.948
2026-09-10 21:51:00,714.5,714.7,714.43,714.53,28.924
2026-09-10 21:54:00,714.52,714.67,714.4,714.41,53.118
2026-09-10 21:57:00,714.4,714.55,714.09,714.37,131.983
2026-09-10 22:00:00,714.38,714.8,714.12,714.3,522.619
2026-09-10 22:03:00,714.3,715.14,714.19,714.86,107.214
2026-09-10 22:06:00,714.86,715.44,714.64,715.44,89.096
2026-09-10 22:09:00,715.45,715.77,715.31,715.51,74.963
2026-09-10 22:12:00,715.51,715.51,714.47,715.08,274.387
2026-09-10 22:15:00,715.08,715.77,714.95,715.49,53.18
2026-09-10 22:18:00,715.49,715.56,715.1,715.35,360.349
2026-09-10 22:21:00,715.35,715.52,715.11,715.28,97.979
2026-09-10 22:24:00,715.28,715.38,715.0,715.01,38.309
2026-09-10 22:27:00,715.0,715.0,714.11,714.12,23.047
2026-09-10 22:30:00,714.11,714.35,713.19,713.46,118.491
2026-09-10 22:33:00,713.46,713.48,712.69,712.95,304.812
2026-09-10 22:36:00,712.95,713.01,712.29,712.42,166.701
2026-09-10 22:39:00,712.42,712.85,712.28,712.28,141.967
2026-09-10 22:42:00,712.27,712.48,711.93,712.17,206.633
2026-09-10 22:45:00,712.16,712.88,712.08,712.87,81.858
2026-09-10 22:48:00,712.87,712.87,712.67,712.81,84.151
2026-09-10 22:51:00,712.81,712.84,712.19,712.34,80.096
2026-09-10 22:54:00,712.33,712.74,712.04,712.09,228.821
2026-09-10 22:57:00,712.09,712.45,711.45,711.98,503.254
2026-09-10 23:00:00,711.99,713.08,711.71,712.31,194.178
2026-09-10 23:03:00,712.31,712.31,711.12,712.05,243.381
2026-09-10 23:06:00,712.05,712.24,709.62,710.07,1917.175
2026-09-10 23:09:00,710.07,711.15,710.07,710.48,267.193
2026-09-10 23:12:00,710.49,711.09,708.9,709.13,270.398
2026-09-10 23:15:00,709.12,709.99,708.65,709.99,399.369
2026-09-10 23:18:00,709.98,710.62,709.35,710.59,265.529
2026-09-10 23:21:00,710.6,710.73,710.17,710.44,191.496
2026-09-10 23:24:00,710.43,710.67,710.06,710.57,130.725
2026-09-10 23:27:00,710.58,711.27,710.58,710.67,70.461
2026-09-10 23:30:00,710.67,711.03,710.47,710.84,95.177
2026-09-10 23:33:00,710.84,711.15,710.7,710.74,41.39
2026-09-10 23:36:00,710.74,711.28,710.74,711.23,112.387
2026-09-10 23:39:00,711.23,711.38,709.92,710.06,365.768
2026-09-10 23:42:00,710.07,710.84,710.07,710.84,184.009
2026-09-10 23:45:00,710.83,710.83,710.4,710.41,73.284
2026-09-10 23:48:00,710.4,710.41,710.21,710.32,16.415
2026-09-10 23:51:00,710.31,710.31,709.63,709.69,238.495
2026-09-10 23:54:00,709.7,709.7,708.87,709.34,211.134
2026-09-10 23:57:00,709.33,709.33,708.4,708.72,572.314
2026-09-11 00:00:00,708.72,709.8,708.72,709.75,175.348
2026-09-11 00:03:00,709.75,710.09,709.59,710.07,121.674
2026-09-11 00:06:00,710.07,712.27,710.06,712.07,258.091
2026-09-11 00:09:00,712.07,712.54,712.01,712.36,207.914
2026-09-11 00:12:00,712.37,712.64,712.18,712.55,92.71
2026-09-11 00:15:00,712.56,712.8,712.19,712.71,149.53
2026-09-11 00:18:00,712.7,712.73,711.85,711.85,376.984
2026-09-11 00:21:00,711.86,712.81,711.81,712.42,284.823
2026-09-11 00:24:00,712.41,712.41,711.42,711.92,294.072
2026-09-11 00:27:00,711.93,712.26,711.8,712.1,224.893
2026-09-11 00:30:00,712.1,712.14,710.43,711.02,270.696
2026-09-11 00:33:00,711.03,711.86,710.85,711.68,223.812
2026-09-11 00:36:00,711.67,712.16,711.57,712.16,52.767
2026-09-11 00:39:00,712.17,712.17,711.41,711.47,45.463
2026-09-11 00:42:00,711.48,712.12,711.48,711.84,75.307
2026-09-11 00:45:00,711.83,712.19,711.73,711.94,102.07
2026-09-11 00:48:00,711.94,712.32,711.94,712.25,55.534
2026-09-11 00:51:00,712.25,712.5,712.1,712.49,105.838
2026-09-11 00:54:00,712.5,713.4,712.49,713.4,209.035
2026-09-11 00:57:00,713.39,713.5,713.09,713.49,295.044
2026-09-11 01:00:00,713.5,714.6,713.41,714.5,277.167
2026-09-11 01:03:00,714.5,714.85,714.09,714.15,188.896
2026-09-11 01:06:00,714.15,714.79,714.11,714.42,127.363
2026-09-11 01:09:00,714.42,714.56,714.11,714.34,87.51
2026-09-11 01:12:00,714.34,714.42,713.84,713.84,97.43
2026-09-11 01:15:00,713.83,713.84,713.04,713.57,66.042
2026-09-11 01:18:00,713.57,713.89,713.33,713.72,99.511
2026-09-11 01:21:00,713.72,713.72,712.74,712.96,176.467
2026-09-11 01:24:00,712.96,713.47,712.96,713.03,47.681
2026-09-11 01:27:00,713.02,713.02,712.2,712.21,122.729
2026-09-11 01:30:00,712.2,712.26,711.5,711.65,153.642
2026-09-11 01:33:00,711.65,713.26,711.21,713.26,459.309
2026-09-11 01:36:00,713.26,713.46,711.47,711.47,168.336
2026-09-11 01:39:00,711.47,711.59,710.85,710.93,345.824
2026-09-11 01:42:00,710.92,712.4,710.7,712.4,359.695
2026-09-11 01:45:00,712.4,712.49,711.7,712.1,99.827
2026-09-11 01:48:00,712.1,712.9,712.1,712.82,106.765
2026-09-11 01:51:00,712.81,713.0,712.66,713.0,129.549
2026-09-11 01:54:00,713.0,713.57,712.94,713.57,218.676
2026-09-11 01:57:00,713.56,713.68,713.24,713.5,114.592
2026-09-11 02:00:00,713.51,713.62,712.49,712.5,276.932
2026-09-11 02:03:00,712.5,713.4,712.35,713.11,230.305
2026-09-11 02:06:00,713.11,713.11,712.47,712.96,84.726
2026-09-11 02:09:00,712.96,712.96,712.35,712.59,60.433
2026-09-11 02:12:00,712.59,713.49,712.59,713.48,134.028
2026-09-11 02:15:00,713.49,713.49,712.64,712.64,71.793
2026-09-11 02:18:00,712.64,712.64,712.14,712.37,162.369
2026-09-11 02:21:00,712.37,712.82,712.2,712.21,139.883
2026-09-11 02:24:00,712.2,712.2,710.0,710.64,566.758
2026-09-11 02:27:00,710.66,711.22,710.55,710.92,292.865
2026-09-11 02:30:00,710.91,710.91,710.56,710.64,67.728
2026-09-11 02:33:00,710.63,710.78,710.33,710.65,159.93
2026-09-11 02:36:00,710.66,712.13,710.66,712.12,153.001
2026-09-11 02:39:00,712.13,712.35,711.9,712.08,139.202
2026-09-11 02:42:00,712.08,712.18,711.64,711.88,125.095
2026-09-11 02:45:00,711.89,712.29,711.63,712.07,129.151
2026-09-11 02:48:00,712.08,712.31,712.01,712.13,152.202
2026-09-11 02:51:00,712.13,712.24,711.34,711.34,237.251
2026-09-11 02:54:00,711.35,711.54,711.0,711.33,108.188
2026-09-11 02:57:00,711.33,711.39,711.01,711.18,97.397
2026-09-11 03:00:00,711.18,711.56,711.02,711.52,204.907
2026-09-11 03:03:00,711.51,711.51,710.69,710.7,196.883
2026-09-11 03:06:00,710.7,710.7,710.15,710.21,178.196
2026-09-11 03:09:00,710.21,710.63,710.15,710.24,74.349
2026-09-11 03:12:00,710.25,711.92,710.24,711.85,113.54
2026-09-11 03:15:00,711.86,712.0,710.88,711.36,231.105
2026-09-11 03:18:00,711.36,712.21,711.35,711.69,69.536
2026-09-11 03:21:00,711.69,711.69,710.81,710.84,184.815
2026-09-11 03:24:00,710.84,711.15,710.78,711.15,98.951
2026-09-11 03:27:00,711.14,711.74,711.14,711.32,158.552
2026-09-11 03:30:00,711.31,711.31,710.46,710.6,53.737
2026-09-11 03:33:00,710.6,710.81,710.24,710.63,155.708
2026-09-11 03:36:00,710.63,711.91,710.63,711.9,75.133
2026-09-11 03:39:00,711.91,712.42,711.8,712.27,149.927
2026-09-11 03:42:00,712.27,712.4,711.85,712.4,92.843
2026-09-11 03:45:00,712.4,712.41,711.65,711.66,87.968
2026-09-11 03:48:00,711.66,711.82,711.5,711.65,208.952
2026-09-11 03:51:00,711.65,711.88,711.5,711.79,78.278
2026-09-11 03:54:00,711.8,712.17,711.71,712.0,202.08
2026-09-11 03:57:00,712.0,712.3,711.81,712.1,149.772
2026-09-11 04:00:00,712.11,712.66,711.99,712.09,126.836
2026-09-11 04:03:00,712.09,712.7,712.08,712.7,116.685
2026-09-11 04:06:00,712.71,712.97,712.55,712.64,121.31
2026-09-11 04:09:00,712.64,713.3,712.42,712.81,308.699
2026-09-11 04:12:00,712.82,713.33,712.68,713.26,62.765
2026-09-11 04:15:00,713.27,713.48,712.88,713.08,240.992
2026-09-11 04:18:00,713.09,713.77,713.09,713.77,172.345
2026-09-11 04:21:00,713.76,714.56,713.62,714.43,454.773
2026-09-11 04:24:00,714.42,715.16,714.42,715.15,347.172
2026-09-11 04:27:00,715.15,715.78,715.15,715.78,166.779
2026-09-11 04:30:00,715.77,716.5,715.72,716.37,454.789
2026-09-11 04:33:00,716.37,716.45,716.05,716.14,286.88
2026-09-11 04:36:00,716.13,716.26,715.62,715.72,169.49
2026-09-11 04:39:00,715.72,716.17,715.71,716.17,108.667
2026-09-11 04:42:00,716.17,716.74,716.0,716.36,209.843
2026-09-11 04:45:00,716.35,716.77,716.17,716.74,114.747
2026-09-11 04:48:00,716.74,717.31,716.57,717.26,241.835
2026-09-11 04:51:00,717.26,717.29,716.8,716.86,172.963
2026-09-11 04:54:00,716.86,717.18,716.62,716.99,282.082
2026-09-11 04:57:00,717.0,717.04,716.65,716.65,209.761
2026-09-11 05:00:00,716.65,716.73,716.09,716.21,78.028
2026-09-11 05:03:00,716.22,716.44,715.7,716.2,297.492
2026-09-11 05:06:00,716.21,716.5,716.11,716.13,68.643
2026-09-11 05:09:00,716.13,716.69,716.01,716.68,136.395
2026-09-11 05:12:00,716.69,716.8,716.0,716.4,274.272
2026-09-11 05:15:00,716.39,716.46,715.81,716.01,224.279
2026-09-11 05:18:00,716.01,716.22,715.77,715.77,129.111
2026-09-11 05:21:00,715.77,715.78,715.34,715.66,195.618
2026-09-11 05:24:00,715.67,715.91,715.44,715.44,171.074
2026-09-11 05:27:00,715.44,716.26,715.44,716.17,239.544
2026-09-11 05:30:00,716.18,717.02,716.03,716.18,476.946
2026-09-11 05:33:00,716.18,716.47,715.78,716.39,236.58
2026-09-11 05:36:00,716.39,717.1,716.39,717.0,186.009
2026-09-11 05:39:00,717.0,717.38,716.62,717.02,568.103
2026-09-11 05:42:00,717.02,717.44,716.94,717.04,224.059
2026-09-11 05:45:00,717.04,717.04,716.49,716.84,163.108
2026-09-11 05:48:00,716.85,716.89,716.73,716.79,59.073
2026-09-11 05:51:00,716.78,716.83,716.23,716.31,239.455
2026-09-11 05:54:00,716.3,716.8,716.3,716.68,131.28
2026-09-11 05:57:00,716.68,716.77,716.59,716.76,36.541
2026-09-11 06:00:00,716.77,716.81,716.56,716.71,203.823
2026-09-11 06:03:00,716.71,716.82,716.5,716.5,96.62
2026-09-11 06:06:00,716.51,716.86,716.5,716.67,79.045
2026-09-11 06:09:00,716.67,716.71,716.5,716.63,111.597
2026-09-11 06:12:00,716.63,717.22,716.39,716.83,218.321
2026-09-11 06:15:00,716.82,716.99,716.58,716.58,77.946
2026-09-11 06:18:00,716.59,716.6,716.3,716.47,152.746
2026-09-11 06:21:00,716.47,716.48,715.46,715.47,267.173
2026-09-11 06:24:00,715.46,715.54,715.18,715.18,184.232
2026-09-11 06:27:00,715.19,715.42,715.1,715.14,235.736
2026-09-11 06:30:00,715.15,715.21,714.37,714.45,247.226
2026-09-11 06:33:00,714.45,714.72,714.37,714.72,158.294
2026-09-11 06:36:00,714.72,714.79,714.54,714.79,116.717
2026-09-11 06:39:00,714.79,715.05,714.77,714.79,170.9
2026-09-11 06:42:00,714.8,714.98,714.71,714.93,90.8
2026-09-11 06:45:00,714.93,715.04,714.86,715.04,82.521
2026-09-11 06:48:00,715.04,715.27,715.04,715.25,179.061
2026-09-11 06:51:00,715.24,715.24,715.0,715.21,75.85
2026-09-11 06:54:00,715.22,715.26,715.12,715.23,57.669
2026-09-11 06:57:00,715.22,715.31,715.22,715.31,67.934
2026-09-11 07:00:00,715.31,715.31,715.1,715.2,115.683
2026-09-11 07:03:00,715.2,715.8,715.2,715.73,137.583
2026-09-11 07:06:00,715.72,715.92,715.67,715.92,104.015
2026-09-11 07:09:00,715.91,716.09,715.76,715.76,140.274
2026-09-11 07:12:00,715.77,715.9,715.2,715.23,143.168
2026-09-11 07:15:00,715.24,715.68,715.23,715.67,231.23
2026-09-11 07:18:00,715.68,715.84,715.55,715.58,272.116
2026-09-11 07:21:00,715.57,715.82,715.54,715.82,492.202
2026-09-11 07:24:00,715.82,716.08,715.05,715.22,636.924
2026-09-11 07:27:00,715.23,715.24,715.12,715.16,60.427
2026-09-11 07:30:00,715.16,715.17,714.51,714.61,136.737
2026-09-11 07:33:00,714.6,714.98,714.27,714.28,280.53
2026-09-11 07:36:00,714.28,714.41,714.19,714.2,119.736
2026-09-11 07:39:00,714.2,714.26,714.18,714.25,81.605
2026-09-11 07:42:00,714.26,714.26,714.0,714.0,228.087
2026-09-11 07:45:00,714.0,714.01,713.64,713.68,261.68
2026-09-11 07:48:00,713.67,713.68,713.21,713.29,217.577
2026-09-11 07:51:00,713.29,713.3,713.05,713.28,265.913
2026-09-11 07:54:00,713.28,713.93,713.22,713.87,275.319
2026-09-11 07:57:00,713.87,713.99,713.55,713.85,130.708
2026-09-11 08:00:00,713.85,714.88,713.84,714.75,418.923
2026-09-11 08:03:00,714.76,714.76,713.31,713.37,220.811
2026-09-11 08:06:00,713.37,713.52,713.2,713.2,138.438
2026-09-11 08:09:00,713.2,713.2,712.62,712.87,392.234
2026-09-11 08:12:00,712.87,713.3,712.86,713.27,77.561
2026-09-11 08:15:00,713.28,714.06,713.27,714.05,102.127
2026-09-11 08:18:00,714.06,714.34,714.05,714.19,105.039
2026-09-11 08:21:00,714.19,714.36,714.12,714.36,93.152
2026-09-11 08:24:00,714.36,715.58,714.36,714.58,348.851
2026-09-11 08:27:00,714.57,714.8,714.4,714.8,110.059
2026-09-11 08:30:00,714.79,716.21,714.71,715.6,425.918
2026-09-11 08:33:00,715.6,715.6,714.91,714.97,142.711
2026-09-11 08:36:00,714.97,715.07,714.57,714.79,165.336
2026-09-11 08:39:00,714.79,714.9,714.63,714.89,206.983
2026-09-11 08:42:00,714.89,714.89,714.48,714.76,150.835
2026-09-11 08:45:00,714.76,714.85,714.53,714.54,110.62
2026-09-11 08:48:00,714.54,714.54,714.03,714.26,161.884
2026-09-11 08:51:00,714.25,714.28,714.24,714.25,51.592
2026-09-11 08:54:00,714.25,714.26,713.97,713.98,89.281
2026-09-11 08:57:00,713.99,714.14,713.98,714.11,116.108
2026-09-11 09:00:00,714.11,714.24,713.97,713.97,133.025
2026-09-11 09:03:00,713.97,714.56,713.6,713.76,1044.026
2026-09-11 09:06:00,713.75,713.76,712.97,713.0,484.103
2026-09-11 09:09:00,713.0,713.41,712.97,713.37,118.707
2026-09-11 09:12:00,713.37,713.75,713.37,713.7,86.205
2026-09-11 09:15:00,713.7,713.82,713.61,713.81,56.604
2026-09-11 09:18:00,713.81,713.92,713.59,713.87,95.467
2026-09-11 09:21:00,713.87,713.9,713.45,713.46,82.287
2026-09-11 09:24:00,713.46,713.46,713.14,713.14,57.663
2026-09-11 09:27:00,713.14,713.36,713.06,713.32,171.206
2026-09-11 09:30:00,713.32,713.49,713.25,713.49,114.878
2026-09-11 09:33:00,713.49,713.49,712.37,712.38,178.687
2026-09-11 09:36:00,712.38,712.49,711.63,711.79,428.964
2026-09-11 09:39:00,711.79,711.92,711.19,711.19,263.902
2026-09-11 09:42:00,711.19,711.99,711.19,711.96,114.432
2026-09-11 09:45:00,711.96,712.47,711.96,712.47,220.156
2026-09-11 09:48:00,712.47,712.75,712.42,712.75,95.945
2026-09-11 09:51:00,712.75,713.61,712.75,713.27,182.236
2026-09-11 09:54:00,713.28,713.28,712.89,712.99,181.711
2026-09-11 09:57:00,712.99,713.1,712.99,713.04,73.819
2026-09-11 10:00:00,713.04,713.7,712.4,713.7,241.905
2026-09-11 10:03:00,713.7,714.46,713.63,714.23,166.501
2026-09-11 10:06:00,714.23,714.96,714.23,714.93,222.617
2026-09-11 10:09:00,714.93,715.0,714.3,714.5,125.089
2026-09-11 10:12:00,714.51,714.54,713.97,714.44,267.01
2026-09-11 10:15:00,714.44,714.5,714.08,714.25,154.16
2026-09-11 10:18:00,714.25,714.51,713.8,714.05,208.321
2026-09-11 10:21:00,714.05,714.2,713.88,713.89,79.78
2026-09-11 10:24:00,713.88,714.17,713.87,713.97,76.641
2026-09-11 10:27:00,713.98,714.02,713.77,713.93,143.07
2026-09-11 10:30:00,713.92,713.93,712.55,712.81,192.285
2026-09-11 10:33:00,712.81,713.83,712.8,713.83,148.083
2026-09-11 10:36:00,713.82,713.83,713.35,713.43,59.594
2026-09-11 10:39:00,713.43,713.56,712.8,713.41,121.752
2026-09-11 10:42:00,713.4,713.54,712.8,713.04,91.054
2026-09-11 10:45:00,713.05,713.21,712.84,712.85,99.295
2026-09-11 10:48:00,712.84,712.95,712.79,712.94,94.934
2026-09-11 10:51:00,712.95,713.37,712.94,713.19,138.207
2026-09-11 10:54:00,713.19,713.2,713.03,713.08,39.845
2026-09-11 10:57:00,713.08,713.33,712.73,712.73,196.116
2026-09-11 11:00:00,712.72,712.8,711.96,712.16,607.271
2026-09-11 11:03:00,712.15,712.16,711.56,711.81,133.064
2026-09-11 11:06:00,711.81,711.89,710.77,710.81,293.977
2026-09-11 11:09:00,710.8,711.24,710.6,710.71,169.244
2026-09-11 11:12:00,710.71,710.86,710.5,710.63,107.67
2026-09-11 11:15:00,710.63,711.14,710.62,711.09,125.299
2026-09-11 11:18:00,711.1,711.48,711.09,711.25,127.638
2026-09-11 11:21:00,711.25,711.43,710.86,711.35,72.529
2026-09-11 11:24:00,711.34,711.98,711.11,711.81,107.486
2026-09-11 11:27:00,711.81,711.81,711.38,711.56,91.719
2026-09-11 11:30:00,711.56,711.59,711.34,711.48,72.767
2026-09-11 11:33:00,711.49,711.92,711.48,711.6,137.171
2026-09-11 11:36:00,711.6,712.21,711.26,712.14,324.947
2026-09-11 11:39:00,712.13,712.56,711.75,712.52,67.358
2026-09-11 11:42:00,712.51,712.7,712.4,712.69,145.189
2026-09-11 11:45:00,712.7,713.29,712.58,712.86,145.95
2026-09-11 11:48:00,712.86,712.95,712.65,712.66,63.901
2026-09-11 11:51:00,712.66,713.06,712.65,713.01,77.255
2026-09-11 11:54:00,713.01,713.1,712.67,712.9,98.322
2026-09-11 11:57:00,712.89,713.38,712.84,713.31,67.281
2026-09-11 12:00:00,713.32,714.01,713.23,714.01,340.951
2026-09-11 12:03:00,714.01,714.01,712.81,712.98,187.748
2026-09-11 12:06:00,712.98,712.98,712.23,712.28,63.649
2026-09-11 12:09:00,712.28,712.79,712.07,712.58,120.736
2026-09-11 12:12:00,712.58,712.77,711.68,711.88,137.309
2026-09-11 12:15:00,711.88,712.59,711.5,712.59,128.222
2026-09-11 12:18:00,712.59,712.95,711.91,712.33,109.493
2026-09-11 12:21:00,712.34,712.65,711.95,712.05,121.683
2026-09-11 12:24:00,712.05,712.53,711.46,712.33,483.874
2026-09-11 12:27:00,712.33,715.18,711.07,712.35,1230.618
2026-09-11 12:30:00,712.36,713.73,706.5,713.56,4472.709
2026-09-11 12:33:00,713.57,718.89,713.35,718.12,1810.242
2026-09-11 12:36:00,718.11,721.55,717.63,721.25,2341.254
2026-09-11 12:39:00,721.25,722.78,720.34,721.65,1340.651
2026-09-11 12:42:00,721.64,722.0,720.26,721.77,1161.155
2026-09-11 12:45:00,721.76,723.5,721.44,723.25,1034.868
2026-09-11 12:48:00,723.25,723.68,721.11,722.6,1011.024
2026-09-11 12:51:00,722.6,725.0,722.49,724.28,1887.923
2026-09-11 12:54:00,724.27,724.28,722.46,722.98,1092.369
2026-09-11 12:57:00,722.98,724.1,722.8,723.82,1629.601
2026-09-11 13:00:00,723.82,723.82,720.89,721.02,688.207
2026-09-11 13:03:00,721.01,721.31,720.02,721.3,975.715
2026-09-11 13:06:00,721.31,721.68,719.6,719.73,425.869
2026-09-11 13:09:00,719.72,720.16,719.08,719.73,286.166
2026-09-11 13:12:00,719.73,720.68,719.19,720.68,466.493
2026-09-11 13:15:00,720.67,720.73,719.89,720.2,234.8
2026-09-11 13:18:00,720.21,721.7,720.21,720.93,273.601
2026-09-11 13:21:00,720.92,722.23,720.88,721.7,592.178
2026-09-11 13:24:00,721.69,721.69,720.41,720.86,306.577
2026-09-11 13:27:00,720.86,720.86,718.58,719.05,727.623
2026-09-11 13:30:00,719.06,720.38,717.77,717.82,534.611
2026-09-11 13:33:00,717.81,719.84,717.5,719.24,439.173
2026-09-11 13:36:00,719.25,719.34,717.14,719.23,395.888
2026-09-11 13:39:00,719.22,721.08,719.19,720.95,766.836
2026-09-11 13:42:00,720.94,722.5,720.8,722.15,434.397
2026-09-11 13:45:00,722.15,723.39,721.4,723.18,905.463
2026-09-11 13:48:00,723.19,730.64,723.18,728.89,12235.927
2026-09-11 13:51:00,728.91,733.5,728.53,732.74,3141.244
2026-09-11 13:54:00,732.74,733.97,731.25,733.58,2793.273
2026-09-11 13:57:00,733.58,738.53,733.25,737.01,4290.611
2026-09-11 14:00:00,737.02,741.23,736.5,740.64,4668.846
2026-09-11 14:03:00,740.63,741.61,738.34,738.34,3457.034
2026-09-11 14:06:00,738.35,738.46,733.35,733.72,1890.621
2026-09-11 14:09:00,733.72,735.12,732.0,732.0,1641.606
2026-09-11 14:12:00,732.0,734.58,731.01,733.86,1358.024
2026-09-11 14:15:00,733.87,734.79,732.83,733.52,885.85
2026-09-11 14:18:00,733.52,734.39,733.11,734.2,440.093
2026-09-11 14:21:00,734.2,734.63,733.34,734.2,588.727
2026-09-11 14:24:00,734.2,734.89,733.57,734.08,953.801
2026-09-11 14:27:00,734.08,735.57,733.95,735.21,709.395
2026-09-11 14:30:00,735.2,735.24,733.48,735.24,1212.237
2026-09-11 14:33:00,735.23,735.25,732.43,732.43,813.61
2026-09-11 14:36:00,732.44,733.92,730.93,733.04,1129.13
2026-09-11 14:39:00,733.04,733.65,732.53,733.15,306.837
2026-09-11 14:42:00,733.14,733.14,731.86,732.8,548.262
2026-09-11 14:45:00,732.8,734.01,732.43,732.43,410.453
2026-09-11 14:48:00,732.43,732.6,729.9,731.3,1817.613
2026-09-11 14:51:00,731.31,733.55,731.31,733.26,1010.872
2026-09-11 14:54:00,733.26,733.55,732.86,732.98,445.393
2026-09-11 14:57:00,732.98,733.78,732.84,733.1,195.645
2026-09-11 15:00:00,733.1,733.4,730.75,732.33,482.147
2026-09-11 15:03:00,732.34,733.24,732.01,732.72,272.617
2026-09-11 15:06:00,732.73,733.39,732.0,732.4,106.365
2026-09-11 15:09:00,732.41,732.42,730.89,731.0,644.93
2026-09-11 15:12:00,730.99,731.34,730.26,730.29,482.776
2026-09-11 15:15:00,730.29,732.16,730.05,732.08,301.734
2026-09-11 15:18:00,732.08,733.72,732.03,733.61,377.586
2026-09-11 15:21:00,733.61,734.7,733.48,734.6,285.413
2026-09-11 15:24:00,734.61,734.83,734.28,734.64,198.357
2026-09-11 15:27:00,734.65,735.17,734.42,734.81,280.586
2026-09-11 15:30:00,734.8,735.55,734.57,735.55,492.528
2026-09-11 15:33:00,735.55,737.34,735.54,737.34,627.14
2026-09-11 15:36:00,737.34,738.69,736.65,738.22,1085.066
2026-09-11 15:39:00,738.23,740.0,738.14,739.72,2704.291
2026-09-11 15:42:00,739.71,740.38,738.12,738.82,1085.471
2026-09-11 15:45:00,738.81,738.81,737.31,737.67,522.621
2026-09-11 15:48:00,737.67,737.67,735.51,736.18,446.428
2026-09-11 15:51:00,736.19,736.26,730.17,730.33,2333.884
2026-09-11 15:54:00,730.32,730.79,726.48,728.44,2081.82
2026-09-11 15:57:00,728.45,730.01,727.79,728.58,640.4
2026-09-11 16:00:00,728.58,732.36,728.03,731.6,1175.599
2026-09-11 16:03:00,731.59,732.61,730.01,732.42,285.924
2026-09-11 16:06:00,732.43,733.51,731.71,732.5,537.823
2026-09-11 16:09:00,732.5,733.4,731.57,731.61,246.352
2026-09-11 16:12:00,731.6,731.6,730.31,730.54,547.736
2026-09-11 16:15:00,730.54,731.53,730.04,730.18,395.796
2026-09-11 16:18:00,730.17,730.17,727.83,727.98,704.788
2026-09-11 16:21:00,727.96,729.36,727.47,728.44,573.292
2026-09-11 16:24:00,728.44,729.77,727.22,729.5,404.075
2026-09-11 16:27:00,729.5,730.5,729.1,729.7,323.444
2026-09-11 16:30:00,729.7,729.97,728.01,728.46,317.743
2026-09-11 16:33:00,728.45,731.11,728.45,730.31,369.12
2026-09-11 16:36:00,730.31,730.52,728.89,728.99,284.624
2026-09-11 16:39:00,728.99,729.98,728.73,729.87,228.707
2026-09-11 16:42:00,729.9,730.15,729.7,729.97,556.498
2026-09-11 16:45:00,729.98,732.0,729.74,731.94,410.386
2026-09-11 16:48:00,731.94,732.28,730.65,731.07,178.461
2026-09-11 16:51:00,731.06,731.44,730.44,730.69,199.63
2026-09-11 16:54:00,730.69,731.12,730.41,730.51,160.573
2026-09-11 16:57:00,730.48,730.97,730.05,730.49,482.097
2026-09-11 17:00:00,730.49,731.13,729.86,730.54,381.98
2026-09-11 17:03:00,730.55,730.76,729.72,729.72,157.365
2026-09-11 17:06:00,729.72,730.83,729.61,729.8,160.193
2026-09-11 17:09:00,729.81,729.81,729.08,729.5,121.522
2026-09-11 17:12:00,729.49,730.0,729.0,729.16,107.156
2026-09-11 17:15:00,729.15,730.41,728.93,729.96,196.571
2026-09-11 17:18:00,729.96,730.4,729.63,729.63,137.661
2026-09-11 17:21:00,729.61,730.26,728.52,730.25,135.53
2026-09-11 17:24:00,730.26,730.64,729.85,730.64,78.948
2026-09-11 17:27:00,730.64,730.8,730.21,730.45,181.928
2026-09-11 17:30:00,730.46,730.79,730.0,730.01,133.77
2026-09-11 17:33:00,730.01,730.21,729.74,729.74,177.648
2026-09-11 17:36:00,729.74,729.76,727.85,728.01,300.67
2026-09-11 17:39:00,728.01,728.02,727.4,727.62,206.079
2026-09-11 17:42:00,727.62,728.38,727.08,727.84,252.102
2026-09-11 17:45:00,727.84,728.33,727.78,728.0,164.884
2026-09-11 17:48:00,728.0,728.6,727.99,728.17,113.461
2026-09-11 17:51:00,728.18,728.34,727.36,727.5,152.509
2026-09-11 17:54:00,727.49,727.61,726.63,727.48,314.645
2026-09-11 17:57:00,727.48,728.27,727.36,727.53,128.46
2026-09-11 18:00:00,727.53,728.08,726.02,726.25,287.348
2026-09-11 18:03:00,726.24,726.24,722.4,722.62,1854.01
2026-09-11 18:06:00,722.62,724.54,720.79,724.04,878.789
2026-09-11 18:09:00,724.05,724.2,722.13,723.34,721.524
2026-09-11 18:12:00,723.33,723.43,722.35,723.27,277.044
2026-09-11 18:15:00,723.26,724.78,723.0,724.71,134.212
2026-09-11 18:18:00,724.71,725.37,724.25,725.11,283.649
2026-09-11 18:21:00,725.11,725.4,724.67,724.83,138.074
2026-09-11 18:24:00,724.82,724.83,724.08,724.44,216.708
2026-09-11 18:27:00,724.43,724.73,723.59,724.73,64.548
2026-09-11 18:30:00,724.73,724.74,723.82,724.27,151.954
2026-09-11 18:33:00,724.27,725.12,724.14,724.46,91.861
2026-09-11 18:36:00,724.46,725.41,724.21,724.22,75.629
2026-09-11 18:39:00,724.22,725.0,723.8,724.03,167.594
2026-09-11 18:42:00,724.03,724.48,723.79,724.1,97.265
2026-09-11 18:45:00,724.1,725.19,723.41,723.62,368.871
2026-09-11 18:48:00,723.61,724.09,723.06,723.14,132.481
2026-09-11 18:51:00,723.13,723.18,721.76,722.18,290.132
2026-09-11 18:54:00,722.18,722.36,721.47,722.24,237.23
2026-09-11 18:57:00,722.24,722.54,722.14,722.38,66.44
2026-09-11 19:00:00,722.39,722.78,721.38,722.33,170.189
2026-09-11 19:03:00,722.33,723.7,721.92,723.7,169.535
2026-09-11 19:06:00,723.7,724.08,723.49,724.07,103.921
2026-09-11 19:09:00,724.07,724.16,722.94,723.68,149.149
2026-09-11 19:12:00,723.68,724.29,723.68,724.29,38.875
2026-09-11 19:15:00,724.28,724.34,722.99,723.72,332.182
2026-09-11 19:18:00,723.72,724.19,723.31,723.43,64.831
2026-09-11 19:21:00,723.43,724.65,723.42,724.65,84.736
2026-09-11 19:24:00,724.65,725.93,724.64,725.72,223.395
2026-09-11 19:27:00,725.73,725.87,724.95,724.95,84.187
2026-09-11 19:30:00,724.94,724.94,724.3,724.43,146.42
2026-09-11 19:33:00,724.44,724.76,724.39,724.56,129.308
2026-09-11 19:36:00,724.56,724.76,723.85,724.06,155.014
2026-09-11 19:39:00,724.06,725.33,724.06,725.13,99.972
2026-09-11 19:42:00,725.12,725.12,724.81,725.08,98.68
2026-09-11 19:45:00,725.08,725.19,724.57,725.0,48.414
2026-09-11 19:48:00,725.0,725.33,724.59,725.03,179.256
2026-09-11 19:51:00,725.03,725.52,724.99,725.03,61.852
2026-09-11 19:54:00,725.03,725.54,725.02,725.54,76.836
2026-09-11 19:57:00,725.53,726.69,724.81,725.08,471.048
2026-09-11 20:00:00,725.08,726.36,724.93,726.18,116.662
2026-09-11 20:03:00,726.19,727.66,726.1,727.26,279.999
2026-09-11 20:06:00,727.26,727.35,727.07,727.08,22.337
2026-09-11 20:09:00,727.08,727.35,726.67,727.29,127.289
2026-09-11 20:12:00,727.31,727.35,726.84,726.87,92.708
2026-09-11 20:15:00,726.87,726.98,726.3,726.31,49.026
2026-09-11 20:18:00,726.31,726.31,725.72,725.85,118.348
2026-09-11 20:21:00,725.86,726.43,725.86,726.38,44.8
2026-09-11 20:24:00,726.38,726.82,726.18,726.69,179.927
2026-09-11 20:27:00,726.69,726.85,725.98,726.11,107.608
2026-09-11 20:30:00,726.11,726.16,724.65,725.29,304.937
2026-09-11 20:33:00,725.29,726.54,725.29,726.53,67.658
2026-09-11 20:36:00,726.54,727.33,726.36,727.33,119.73
2026-09-11 20:39:00,727.33,727.59,726.8,726.87,201.278
2026-09-11 20:42:00,726.88,727.15,726.82,727.14,50.7
2026-09-11 20:45:00,727.13,727.3,726.39,726.4,70.629
2026-09-11 20:48:00,726.39,726.39,725.14,725.15,139.381
2026-09-11 20:51:00,725.15,725.72,724.41,725.21,453.479
2026-09-11 20:54:00,725.2,725.57,724.76,725.2,230.329
2026-09-11 20:57:00,725.19,726.4,724.99,726.23,150.091
2026-09-11 21:00:00,726.23,726.23,725.89,726.02,37.382
2026-09-11 21:03:00,726.02,726.14,725.79,725.89,21.142
2026-09-11 21:06:00,725.88,727.09,725.82,726.92,77.675
2026-09-11 21:09:00,726.92,727.31,726.57,727.06,126.507
2026-09-11 21:12:00,727.07,727.07,726.26,726.6,60.658
2026-09-11 21:15:00,726.6,727.37,726.6,727.1,71.81
2026-09-11 21:18:00,727.09,727.24,727.09,727.24,16.735
2026-09-11 21:21:00,727.24,727.5,727.24,727.38,43.291
2026-09-11 21:24:00,727.39,727.39,727.02,727.2,77.243
2026-09-11 21:27:00,727.2,727.2,726.75,726.76,72.621
2026-09-11 21:30:00,726.75,726.85,726.45,726.76,87.804
2026-09-11 21:33:00,726.76,727.0,726.38,726.61,62.509
2026-09-11 21:36:00,726.6,726.98,726.45,726.97,20.702
2026-09-11 21:39:00,726.98,727.14,726.42,726.57,83.337
2026-09-11 21:42:00,726.56,726.63,726.26,726.34,107.675
2026-09-11 21:45:00,726.35,726.5,725.31,725.31,97.599
2026-09-11 21:48:00,725.31,725.36,724.64,724.64,129.942
2026-09-11 21:51:00,724.64,724.76,723.82,723.96,151.424
2026-09-11 21:54:00,723.96,724.24,723.28,723.42,428.381
2026-09-11 21:57:00,723.42,723.72,722.99,723.3,158.298
2026-09-11 22:00:00,723.3,723.41,721.95,722.47,539.277
2026-09-11 22:03:00,722.48,725.17,722.48,724.19,252.474
2026-09-11 22:06:00,724.18,724.4,723.54,723.81,90.984
2026-09-11 22:09:00,723.82,724.15,723.04,724.15,207.978
2026-09-11 22:12:00,724.14,724.36,724.12,724.35,57.366
2026-09-11 22:15:00,724.36,724.38,723.6,724.16,110.515
2026-09-11 22:18:00,724.16,724.54,724.15,724.25,68.658
2026-09-11 22:21:00,724.25,725.49,724.25,725.05,157.74
2026-09-11 22:24:00,725.05,725.71,724.92,725.71,58.386
2026-09-11 22:27:00,725.7,725.7,724.4,724.44,303.048
2026-09-11 22:30:00,724.43,724.67,724.06,724.06,79.437
2026-09-11 22:33:00,724.05,724.2,723.0,723.94,233.541
2026-09-11 22:36:00,723.93,724.83,723.84,724.83,53.382
2026-09-11 22:39:00,724.83,725.2,724.83,724.93,70.105
2026-09-11 22:42:00,724.93,725.18,724.11,724.45,203.526
2026-09-11 22:45:00,724.45,724.45,724.08,724.21,41.211
2026-09-11 22:48:00,724.21,724.22,723.51,723.95,300.354
2026-09-11 22:51:00,723.94,724.0,723.07,724.0,223.575
2026-09-11 22:54:00,724.0,724.47,723.55,723.89,272.683
2026-09-11 22:57:00,723.89,724.47,723.2,724.47,416.102
2026-09-11 23:00:00,724.47,724.92,723.97,724.88,197.874
2026-09-11 23:03:00,724.88,725.39,724.87,725.34,414.244
2026-09-11 23:06:00,725.31,725.31,724.71,725.27,186.843
2026-09-11 23:09:00,725.27,725.79,725.08,725.65,184.653
2026-09-11 23:12:00,725.66,726.03,725.07,725.14,129.769
2026-09-11 23:15:00,725.14,725.43,724.93,725.41,220.399
2026-09-11 23:18:00,725.41,725.75,725.07,725.53,103.69
2026-09-11 23:21:00,725.53,725.53,724.91,724.91,28.568
2026-09-11 23:24:00,724.9,725.48,724.51,725.46,128.883
2026-09-11 23:27:00,725.45,725.59,725.45,725.5,77.566
2026-09-11 23:30:00,725.49,725.85,725.4,725.83,67.094
2026-09-11 23:33:00,725.82,725.83,725.6,725.8,35.315
2026-09-11 23:36:00,725.79,725.96,725.79,725.9,14.296
2026-09-11 23:39:00,725.9,725.96,725.62,725.76,60.996
2026-09-11 23:42:00,725.76,726.57,725.54,726.28,188.014
2026-09-11 23:45:00,726.27,727.26,726.27,727.05,236.971
2026-09-11 23:48:00,727.05,727.26,726.91,727.03,163.36
2026-09-11 23:51:00,727.04,727.5,727.03,727.32,127.436
2026-09-11 23:54:00,727.32,727.67,727.24,727.25,143.485
2026-09-11 23:57:00,727.24,727.24,726.66,726.75,119.043
2026-09-12 00:00:00,726.76,727.99,726.59,727.6,267.707
2026-09-12 00:03:00,727.59,727.69,726.5,726.58,126.159
2026-09-12 00:06:00,726.58,726.64,726.18,726.47,112.547
2026-09-12 00:09:00,726.48,726.66,726.39,726.65,36.543
2026-09-12 00:12:00,726.66,727.4,726.54,727.4,217.666
2026-09-12 00:15:00,727.4,728.02,727.4,727.4,123.71
2026-09-12 00:18:00,727.41,727.84,727.4,727.82,109.299
2026-09-12 00:21:00,727.82,727.93,727.69,727.92,137.355
2026-09-12 00:24:00,727.93,728.28,727.5,727.51,168.049
2026-09-12 00:27:00,727.51,727.78,727.51,727.71,74.297
2026-09-12 00:30:00,727.7,727.79,727.4,727.7,105.25
2026-09-12 00:33:00,727.7,727.95,727.5,727.77,57.186
2026-09-12 00:36:00,727.77,728.48,727.65,727.73,122.183
2026-09-12 00:39:00,727.73,728.11,727.73,727.85,94.61
2026-09-12 00:42:00,727.86,727.86,727.49,727.49,134.412
2026-09-12 00:45:00,727.5,727.9,727.46,727.89,70.539
2026-09-12 00:48:00,727.89,727.89,727.75,727.76,11.96
2026-09-12 00:51:00,727.76,727.76,727.46,727.74,26.93
2026-09-12 00:54:00,727.73,727.75,727.5,727.61,320.419
2026-09-12 00:57:00,727.61,727.61,726.75,726.75,116.829
2026-09-12 01:00:00,726.76,726.76,726.1,726.3,104.007
2026-09-12 01:03:00,726.3,727.47,726.29,727.41,182.02
2026-09-12 01:06:00,727.4,728.21,727.3,727.68,203.698
2026-09-12 01:09:00,727.68,728.61,727.67,728.49,91.306
2026-09-12 01:12:00,728.49,728.61,728.16,728.45,228.583
2026-09-12 01:15:00,728.45,729.57,728.44,729.52,585.221
2026-09-12 01:18:00,729.52,729.8,729.34,729.51,290.875
2026-09-12 01:21:00,729.5,729.8,729.45,729.64,166.316
2026-09-12 01:24:00,729.64,730.04,728.77,728.77,324.21
2026-09-12 01:27:00,728.77,730.02,728.67,729.3,479.377
2026-09-12 01:30:00,729.3,729.41,729.17,729.19,109.919
2026-09-12 01:33:00,729.19,729.45,728.81,728.91,90.788
2026-09-12 01:36:00,728.91,729.5,728.88,728.88,113.603
2026-09-12 01:39:00,728.88,728.95,728.5,728.86,198.93
2026-09-12 01:42:00,728.86,729.32,728.78,729.28,130.728
2026-09-12 01:45:00,729.28,730.4,729.28,730.36,759.122
2026-09-12 01:48:00,730.36,731.13,730.11,730.65,255.941
2026-09-12 01:51:00,730.65,730.98,730.03,730.32,404.862
2026-09-12 01:54:00,730.33,730.65,730.27,730.29,167.858
2026-09-12 01:57:00,730.29,730.67,730.28,730.29,76.604
2026-09-12 02:00:00,730.28,731.2,730.2,730.98,114.637
2026-09-12 02:03:00,730.98,730.98,730.53,730.64,158.805
2026-09-12 02:06:00,730.64,731.02,730.63,730.86,154.873
2026-09-12 02:09:00,730.85,730.9,730.52,730.52,30.83
2026-09-12 02:12:00,730.53,730.74,730.01,730.01,65.305
2026-09-12 02:15:00,730.0,730.23,729.84,730.23,42.904
2026-09-12 02:18:00,730.22,730.86,730.12,730.76,73.162
2026-09-12 02:21:00,730.76,730.86,730.68,730.83,72.424
2026-09-12 02:24:00,730.83,730.87,730.01,730.13,187.924
2026-09-12 02:27:00,730.13,730.35,729.52,730.09,127.006
2026-09-12 02:30:00,730.09,730.48,729.91,730.48,57.969
2026-09-12 02:33:00,730.47,730.48,729.6,729.96,137.557
2026-09-12 02:36:00,729.96,730.41,729.64,729.64,123.827
2026-09-12 02:39:00,729.64,729.91,729.36,729.41,236.038
2026-09-12 02:42:00,729.41,730.22,729.41,729.88,182.814
2026-09-12 02:45:00,729.86,730.3,729.68,730.11,180.145
2026-09-12 02:48:00,730.12,731.76,730.12,731.75,954.018
2026-09-12 02:51:00,731.76,731.9,730.88,731.13,325.972
2026-09-12 02:54:00,731.13,731.19,731.02,731.19,43.733
2026-09-12 02:57:00,731.19,731.85,731.09,731.75,173.634
2026-09-12 03:00:00,731.75,732.35,731.74,732.33,365.05
2026-09-12 03:03:00,732.32,733.83,732.32,733.75,424.538
2026-09-12 03:06:00,733.75,734.19,733.42,733.98,697.325
2026-09-12 03:09:00,733.98,735.46,733.37,735.32,904.52
2026-09-12 03:12:00,735.33,735.43,734.37,734.86,363.655
2026-09-12 03:15:00,734.85,735.45,734.32,735.01,465.98
2026-09-12 03:18:00,735.0,735.26,734.11,734.4,817.453
2026-09-12 03:21:00,734.4,734.53,733.53,734.26,202.083
2026-09-12 03:24:00,734.26,734.26,733.18,733.54,255.864
2026-09-12 03:27:00,733.54,734.23,733.54,734.23,116.208
2026-09-12 03:30:00,734.23,735.2,734.23,735.0,574.045
2026-09-12 03:33:00,735.0,735.0,734.37,734.42,143.124
2026-09-12 03:36:00,734.42,735.5,734.41,735.5,310.805
2026-09-12 03:39:00,735.5,736.26,735.49,735.9,713.77
2026-09-12 03:42:00,735.91,735.95,733.16,734.08,805.598
2026-09-12 03:45:00,734.08,734.53,733.72,734.32,119.535
2026-09-12 03:48:00,734.32,734.32,733.92,734.01,122.699
2026-09-12 03:51:00,734.0,734.34,733.94,734.0,133.569
2026-09-12 03:54:00,733.99,733.99,733.73,733.82,190.191
2026-09-12 03:57:00,733.82,733.96,733.49,733.49,86.429
2026-09-12 04:00:00,733.5,734.98,733.38,734.83,562.498
2026-09-12 04:03:00,734.83,734.83,733.88,734.54,202.248
2026-09-12 04:06:00,734.54,734.79,733.87,734.11,198.561
2026-09-12 04:09:00,734.1,734.11,733.68,733.89,64.754
2026-09-12 04:12:00,733.89,734.04,733.56,734.04,48.894
2026-09-12 04:15:00,734.05,734.43,733.51,733.55,324.578
2026-09-12 04:18:00,733.56,733.89,733.06,733.7,257.413
2026-09-12 04:21:00,733.7,733.77,733.63,733.72,79.637
2026-09-12 04:24:00,733.72,733.72,733.49,733.52,44.953
2026-09-12 04:27:00,733.52,734.07,733.51,734.0,73.607
2026-09-12 04:30:00,733.99,734.73,733.99,734.49,107.868
2026-09-12 04:33:00,734.49,734.63,734.2,734.63,104.141
2026-09-12 04:36:00,734.63,734.69,734.55,734.59,103.811
2026-09-12 04:39:00,734.59,735.35,734.59,734.86,198.608
2026-09-12 04:42:00,734.86,735.15,734.08,734.95,268.98
2026-09-12 04:45:00,734.95,735.0,733.81,733.81,126.625
2026-09-12 04:48:00,733.8,734.36,733.71,734.05,60.215
2026-09-12 04:51:00,734.05,734.31,733.71,733.72,120.531
2026-09-12 04:54:00,733.72,733.72,733.53,733.62,48.184
2026-09-12 04:57:00,733.61,733.85,733.44,733.65,178.16
2026-09-12 05:00:00,733.65,733.65,732.68,733.32,680.858
2026-09-12 05:03:00,733.32,733.49,733.31,733.42,62.383
2026-09-12 05:06:00,733.43,733.67,733.19,733.67,156.996
2026-09-12 05:09:00,733.67,734.9,733.67,734.9,132.092
2026-09-12 05:12:00,734.9,735.27,734.85,734.99,166.459
2026-09-12 05:15:00,734.98,734.99,734.33,734.33,222.674
2026-09-12 05:18:00,734.34,734.34,734.0,734.21,125.453
2026-09-12 05:21:00,734.2,734.56,733.75,734.01,307.341
2026-09-12 05:24:00,734.0,734.01,732.94,733.32,159.651
2026-09-12 05:27:00,733.31,733.4,732.03,732.55,759.27
2026-09-12 05:30:00,732.55,733.13,732.25,733.1,183.055
2026-09-12 05:33:00,733.1,733.77,733.09,733.77,175.5
2026-09-12 05:36:00,733.78,733.8,733.36,733.79,245.065
2026-09-12 05:39:00,733.8,733.83,732.81,732.92,95.371
2026-09-12 05:42:00,732.92,733.19,732.78,733.1,33.125
2026-09-12 05:45:00,733.09,733.5,733.09,733.39,143.101
2026-09-12 05:48:00,733.4,733.63,733.39,733.48,91.818
2026-09-12 05:51:00,733.48,733.48,732.8,732.86,64.144
2026-09-12 05:54:00,732.87,733.19,732.81,733.19,41.193
2026-09-12 05:57:00,733.19,733.44,732.93,732.94,161.309
2026-09-12 06:00:00,732.94,732.96,732.56,732.56,114.682
2026-09-12 06:03:00,732.57,733.38,732.56,733.13,124.444
2026-09-12 06:06:00,733.13,733.52,732.89,733.14,249.436
2026-09-12 06:09:00,733.13,733.19,732.42,732.47,305.643
2026-09-12 06:12:00,732.47,732.92,732.11,732.47,425.25
2026-09-12 06:15:00,732.47,732.65,732.26,732.54,117.43
2026-09-12 06:18:00,732.54,732.72,732.03,732.03,77.839
2026-09-12 06:21:00,732.04,732.24,731.94,732.0,131.242
2026-09-12 06:24:00,732.0,732.15,731.83,731.83,146.746
2026-09-12 06:27:00,731.82,731.83,731.61,731.83,92.671
2026-09-12 06:30:00,731.82,732.48,731.74,732.27,140.792
2026-09-12 06:33:00,732.27,732.47,731.7,731.71,168.412
2026-09-12 06:36:00,731.71,731.98,731.61,731.85,54.354
2026-09-12 06:39:00,731.84,732.18,731.84,731.9,103.614
2026-09-12 06:42:00,731.9,732.49,731.89,732.45,164.958
2026-09-12 06:45:00,732.45,733.07,732.23,732.9,396.989
2026-09-12 06:48:00,732.91,732.95,732.14,732.15,178.124
2026-09-12 06:51:00,732.14,732.37,731.99,732.02,74.069
2026-09-12 06:54:00,732.01,732.13,731.6,731.61,60.353
2026-09-12 06:57:00,731.6,731.81,731.6,731.81,53.281
2026-09-12 07:00:00,731.8,732.13,731.75,732.13,92.196
2026-09-12 07:03:00,732.13,732.25,731.98,732.12,100.948
2026-09-12 07:06:00,732.11,732.42,732.07,732.42,65.441
2026-09-12 07:09:00,732.41,732.53,732.28,732.42,74.932
2026-09-12 07:12:00,732.42,733.36,732.41,733.36,268.935
2026-09-12 07:15:00,733.36,734.36,733.24,734.36,279.472
2026-09-12 07:18:00,734.35,734.36,733.42,733.52,139.145
2026-09-12 07:21:00,733.51,734.04,733.44,733.83,154.998
2026-09-12 07:24:00,733.84,734.01,733.63,733.67,52.753
2026-09-12 07:27:00,733.67,733.67,733.6,733.61,30.912
2026-09-12 07:30:00,733.6,733.61,733.0,733.08,56.961
2026-09-12 07:33:00,733.08,733.6,733.07,733.59,149.043
2026-09-12 07:36:00,733.59,733.9,733.58,733.62,120.738
2026-09-12 07:39:00,733.62,733.63,733.36,733.54,118.435
2026-09-12 07:42:00,733.55,734.26,733.54,733.91,487.907
2026-09-12 07:45:00,733.91,734.46,733.68,734.41,105.069
2026-09-12 07:48:00,734.4,734.53,734.32,734.52,106.563
2026-09-12 07:51:00,734.53,734.53,734.19,734.2,75.451
2026-09-12 07:54:00,734.2,734.26,733.87,733.9,91.423
2026-09-12 07:57:00,733.89,734.03,733.51,733.6,110.472
2026-09-12 08:00:00,733.6,733.94,733.6,733.67,45.819
2026-09-12 08:03:00,733.66,734.53,733.45,734.31,244.627
2026-09-12 08:06:00,734.32,734.32,734.15,734.24,70.195
2026-09-12 08:09:00,734.24,734.28,733.73,733.83,220.401
2026-09-12 08:12:00,733.83,734.19,733.2,734.09,289.663
2026-09-12 08:15:00,734.09,734.89,734.06,734.8,239.03
2026-09-12 08:18:00,734.8,734.8,734.21,734.26,83.02
2026-09-12 08:21:00,734.26,734.26,733.57,733.84,450.677
2026-09-12 08:24:00,733.84,733.91,733.24,733.46,118.811
2026-09-12 08:27:00,733.45,733.67,733.23,733.23,163.247
2026-09-12 08:30:00,733.22,733.35,732.7,732.71,175.704
2026-09-12 08:33:00,732.7,733.04,732.6,733.03,150.34
2026-09-12 08:36:00,733.02,733.87,733.02,733.87,88.58
2026-09-12 08:39:00,733.87,734.31,733.86,734.09,75.52
2026-09-12 08:42:00,734.1,734.46,734.02,734.35,93.134
2026-09-12 08:45:00,734.35,734.5,734.25,734.5,63.547
2026-09-12 08:48:00,734.49,734.5,734.44,734.48,47.988
2026-09-12 08:51:00,734.48,734.87,734.41,734.87,99.421
2026-09-12 08:54:00,734.87,734.96,734.67,734.67,68.787
2026-09-12 08:57:00,734.68,734.94,734.61,734.93,106.981
2026-09-12 09:00:00,734.94,735.0,734.58,734.69,173.878
2026-09-12 09:03:00,734.68,735.37,734.68,735.15,441.501
2026-09-12 09:06:00,735.15,735.15,734.81,734.85,76.783
2026-09-12 09:09:00,734.85,735.26,734.68,734.69,657.127
2026-09-12 09:12:00,734.69,735.36,734.68,735.35,122.277
2026-09-12 09:15:00,735.35,735.57,735.0,735.22,221.077
2026-09-12 09:18:00,735.22,735.47,734.79,734.79,58.198
2026-09-12 09:21:00,734.8,734.83,734.7,734.7,82.84
2026-09-12 09:24:00,734.7,735.11,734.7,734.95,158.339
2026-09-12 09:27:00,734.95,735.38,734.84,735.31,186.381
2026-09-12 09:30:00,735.3,736.92,735.3,736.26,427.366
2026-09-12 09:33:00,736.25,736.25,735.21,735.22,71.256
2026-09-12 09:36:00,735.22,735.96,735.22,735.92,215.336
2026-09-12 09:39:00,735.92,736.0,735.65,735.8,90.963
2026-09-12 09:42:00,735.79,735.87,735.0,735.07,222.113
2026-09-12 09:45:00,735.08,735.5,735.07,735.17,33.673
2026-09-12 09:48:00,735.17,735.4,734.75,734.96,160.054
2026-09-12 09:51:00,734.96,734.96,734.41,734.42,342.618
2026-09-12 09:54:00,734.42,734.98,734.41,734.98,84.27
2026-09-12 09:57:00,734.98,735.3,734.52,735.29,285.008
2026-09-12 10:00:00,735.3,735.91,735.23,735.82,263.807
2026-09-12 10:03:00,735.83,735.84,735.34,735.74,108.918
2026-09-12 10:06:00,735.73,736.23,735.73,736.1,99.916
2026-09-12 10:09:00,736.1,736.57,736.1,736.26,218.857
2026-09-12 10:12:00,736.26,736.4,736.05,736.13,89.516
2026-09-12 10:15:00,736.12,736.22,736.12,736.22,126.43
2026-09-12 10:18:00,736.23,737.97,736.22,737.72,1171.266
2026-09-12 10:21:00,737.73,738.16,737.03,737.36,628.536
2026-09-12 10:24:00,737.35,738.42,736.95,738.22,210.883
2026-09-12 10:27:00,738.21,738.4,737.91,737.91,182.162
2026-09-12 10:30:00,737.91,738.07,737.5,737.73,281.649
2026-09-12 10:33:00,737.73,737.74,737.09,737.16,96.696
2026-09-12 10:36:00,737.16,738.13,737.01,737.89,494.814
2026-09-12 10:39:00,737.9,739.09,737.89,738.99,445.638
2026-09-12 10:42:00,738.99,739.08,738.54,738.79,221.238
2026-09-12 10:45:00,738.8,739.89,738.5,739.38,899.598
2026-09-12 10:48:00,739.38,739.38,738.77,738.8,133.63
2026-09-12 10:51:00,738.81,738.81,738.0,738.01,117.706
2026-09-12 10:54:00,738.01,738.6,737.72,737.85,368.339
2026-09-12 10:57:00,737.85,737.9,737.83,737.85,72.029
2026-09-12 11:00:00,737.85,738.0,737.11,737.72,344.657
2026-09-12 11:03:00,737.71,738.15,737.63,738.04,665.629
2026-09-12 11:06:00,738.04,738.04,737.51,737.6,130.129
2026-09-12 11:09:00,737.6,737.6,737.12,737.5,57.044
2026-09-12 11:12:00,737.5,737.5,736.8,737.0,418.943
2026-09-12 11:15:00,736.99,737.05,736.72,736.73,52.475
2026-09-12 11:18:00,736.72,736.73,736.02,736.03,265.083
2026-09-12 11:21:00,736.02,736.31,736.02,736.3,112.751
2026-09-12 11:24:00,736.31,736.63,736.3,736.48,75.754
2026-09-12 11:27:00,736.48,736.53,736.27,736.32,49.188
2026-09-12 11:30:00,736.32,736.51,736.27,736.51,37.691
2026-09-12 11:33:00,736.5,736.56,736.15,736.36,126.204
2026-09-12 11:36:00,736.36,736.88,736.35,736.88,28.926
2026-09-12 11:39:00,736.87,736.88,736.48,736.48,51.62
2026-09-12 11:42:00,736.49,736.78,736.04,736.1,251.648
2026-09-12 11:45:00,736.11,736.38,736.0,736.0,44.027
2026-09-12 11:48:00,736.01,736.51,736.0,736.34,164.203
2026-09-12 11:51:00,736.34,736.41,736.0,736.41,110.777
2026-09-12 11:54:00,736.42,736.42,736.0,736.32,201.757
2026-09-12 11:57:00,736.31,736.71,736.1,736.71,85.862
2026-09-12 12:00:00,736.7,737.19,736.5,736.5,97.384
2026-09-12 12:03:00,736.5,736.84,736.25,736.84,114.46
2026-09-12 12:06:00,736.83,737.18,736.56,736.72,80.696
2026-09-12 12:09:00,736.72,736.88,736.1,736.33,161.685
2026-09-12 12:12:00,736.32,736.52,736.22,736.35,41.89
2026-09-12 12:15:00,736.35,736.53,736.04,736.53,204.588
2026-09-12 12:18:00,736.53,736.53,736.37,736.42,16.359
2026-09-12 12:21:00,736.42,736.42,736.0,736.01,29.723
2026-09-12 12:24:00,736.01,736.05,735.8,735.81,101.295
2026-09-12 12:27:00,735.8,736.03,735.8,736.02,36.505
2026-09-12 12:30:00,736.03,736.3,736.02,736.29,55.511
2026-09-12 12:33:00,736.29,736.69,736.26,736.69,150.954
2026-09-12 12:36:00,736.69,736.69,736.27,736.66,44.244
2026-09-12 12:39:00,736.68,737.43,736.67,737.24,123.835
2026-09-12 12:42:00,737.25,737.25,736.33,736.5,227.289
2026-09-12 12:45:00,736.49,736.84,736.47,736.84,158.759
2026-09-12 12:48:00,736.85,736.85,736.38,736.5,245.711
2026-09-12 12:51:00,736.5,736.51,735.64,735.76,93.28
2026-09-12 12:54:00,735.76,735.95,735.68,735.69,145.648
2026-09-12 12:57:00,735.69,736.3,735.62,736.27,115.576
2026-09-12 13:00:00,736.26,736.63,735.97,736.23,236.714
2026-09-12 13:03:00,736.23,736.31,735.96,736.22,59.91
2026-09-12 13:06:00,736.23,736.88,736.15,736.58,226.425
2026-09-12 13:09:00,736.58,736.58,735.65,735.65,351.26
2026-09-12 13:12:00,735.66,735.93,735.24,735.59,232.809
2026-09-12 13:15:00,735.6,735.6,735.17,735.25,282.981
2026-09-12 13:18:00,735.25,735.42,734.92,735.23,199.587
2026-09-12 13:21:00,735.23,735.31,735.0,735.2,184.131
2026-09-12 13:24:00,735.2,735.79,735.2,735.38,157.569
2026-09-12 13:27:00,735.39,736.2,735.38,735.84,166.815
2026-09-12 13:30:00,735.84,735.85,735.19,735.35,219.135
2026-09-12 13:33:00,735.35,735.94,735.34,735.81,230.974
2026-09-12 13:36:00,735.81,736.04,735.76,736.0,86.242
2026-09-12 13:39:00,736.0,736.41,735.79,736.41,147.146
2026-09-12 13:42:00,736.41,736.41,736.0,736.08,102.034
2026-09-12 13:45:00,736.09,736.09,735.53,735.69,160.493
2026-09-12 13:48:00,735.69,735.92,735.47,735.73,122.145
2026-09-12 13:51:00,735.73,735.98,735.63,735.97,130.152
2026-09-12 13:54:00,735.97,736.08,735.68,735.84,792.927
2026-09-12 13:57:00,735.85,736.67,735.8,736.67,480.172
2026-09-12 14:00:00,736.67,736.84,736.42,736.42,81.634
2026-09-12 14:03:00,736.43,736.68,736.22,736.39,599.564
2026-09-12 14:06:00,736.39,736.75,736.24,736.34,64.123
2026-09-12 14:09:00,736.33,736.53,735.93,736.03,108.432
2026-09-12 14:12:00,736.04,736.23,736.03,736.04,39.152
2026-09-12 14:15:00,736.03,736.1,735.99,736.0,94.119
2026-09-12 14:18:00,735.99,736.25,735.48,735.76,163.337
2026-09-12 14:21:00,735.76,736.25,735.51,735.73,122.735
2026-09-12 14:24:00,735.72,735.84,735.18,735.18,326.954
2026-09-12 14:27:00,735.19,735.66,735.15,735.42,151.032
2026-09-12 14:30:00,735.42,735.9,735.32,735.83,121.642
2026-09-12 14:33:00,735.84,735.93,735.29,735.41,98.669
2026-09-12 14:36:00,735.41,735.55,735.36,735.49,35.817
2026-09-12 14:39:00,735.5,735.63,735.24,735.49,310.737
2026-09-12 14:42:00,735.49,735.49,734.77,735.32,459.874
2026-09-12 14:45:00,735.33,735.44,734.91,735.37,375.35
2026-09-12 14:48:00,735.37,735.47,735.35,735.47,39.421
2026-09-12 14:51:00,735.47,735.47,735.11,735.11,32.235
2026-09-12 14:54:00,735.12,735.12,734.72,734.81,127.243
2026-09-12 14:57:00,734.8,735.75,734.71,735.75,178.423
2026-09-12 15:00:00,735.75,736.84,735.69,736.83,366.217
2026-09-12 15:03:00,736.83,736.84,736.34,736.37,135.466
2026-09-12 15:06:00,736.37,736.8,736.36,736.54,134.294
2026-09-12 15:09:00,736.54,736.73,736.53,736.73,62.855
2026-09-12 15:12:00,736.72,737.1,736.71,736.94,221.779
2026-09-12 15:15:00,736.94,737.11,736.77,737.1,110.819
2026-09-12 15:18:00,737.1,737.12,736.74,736.96,156.615
2026-09-12 15:21:00,736.96,736.96,736.71,736.74,67.209
2026-09-12 15:24:00,736.75,736.78,736.46,736.6,1059.277
2026-09-12 15:27:00,736.6,736.67,736.48,736.51,118.249
2026-09-12 15:30:00,736.5,736.52,736.3,736.44,117.421
2026-09-12 15:33:00,736.45,736.45,735.78,736.09,202.513
2026-09-12 15:36:00,736.1,736.18,735.45,735.55,157.809
2026-09-12 15:39:00,735.55,736.1,735.47,735.73,187.684
2026-09-12 15:42:00,735.73,736.13,735.67,735.83,290.573
2026-09-12 15:45:00,735.84,735.98,735.52,735.63,172.741
2026-09-12 15:48:00,735.62,735.66,735.4,735.45,131.598
2026-09-12 15:51:00,735.44,735.45,735.34,735.35,76.164
2026-09-12 15:54:00,735.35,735.8,735.29,735.78,429.72
2026-09-12 15:57:00,735.78,735.79,735.11,735.19,155.684
2026-09-12 16:00:00,735.19,735.32,734.89,734.96,193.419
2026-09-12 16:03:00,734.97,735.1,734.39,734.43,193.857
2026-09-12 16:06:00,734.43,734.63,734.0,734.63,201.681
2026-09-12 16:09:00,734.62,734.84,734.39,734.4,150.039
2026-09-12 16:12:00,734.39,734.4,734.38,734.39,71.529
2026-09-12 16:15:00,734.38,734.39,734.13,734.2,109.314
2026-09-12 16:18:00,734.2,734.56,734.16,734.56,84.025
2026-09-12 16:21:00,734.56,734.56,734.21,734.35,91.747
2026-09-12 16:24:00,734.35,734.35,734.05,734.05,85.019
2026-09-12 16:27:00,734.06,734.06,734.0,734.01,62.987
2026-09-12 16:30:00,734.01,734.29,733.99,734.29,151.155
2026-09-12 16:33:00,734.28,734.28,733.41,733.57,291.741
2026-09-12 16:36:00,733.56,733.88,733.46,733.67,234.373
2026-09-12 16:39:00,733.66,733.67,733.01,733.02,431.101
2026-09-12 16:42:00,733.02,733.15,731.99,732.22,1865.974
2026-09-12 16:45:00,732.22,732.55,732.01,732.15,335.536
2026-09-12 16:48:00,732.15,732.25,731.85,732.14,497.537
2026-09-12 16:51:00,732.14,732.15,731.99,732.04,185.818
2026-09-12 16:54:00,732.04,732.21,732.04,732.21,105.764
2026-09-12 16:57:00,732.2,732.28,731.85,732.11,154.982
2026-09-12 17:00:00,732.11,732.11,731.85,731.86,86.088
2026-09-12 17:03:00,731.86,732.12,731.75,732.11,144.007
2026-09-12 17:06:00,732.11,732.21,732.09,732.15,88.49
2026-09-12 17:09:00,732.16,732.42,732.0,732.01,203.645
2026-09-12 17:12:00,732.01,732.2,731.95,732.09,66.563
2026-09-12 17:15:00,732.09,732.28,731.92,731.92,28.741
2026-09-12 17:18:00,731.93,731.93,731.32,731.75,311.035
2026-09-12 17:21:00,731.75,731.75,730.77,731.62,320.356
2026-09-12 17:24:00,731.61,731.61,731.18,731.49,55.364
2026-09-12 17:27:00,731.49,731.55,731.32,731.44,141.739
2026-09-12 17:30:00,731.45,731.51,731.17,731.19,45.341
2026-09-12 17:33:00,731.19,731.32,731.18,731.31,126.39
2026-09-12 17:36:00,731.31,731.53,731.15,731.15,91.957
2026-09-12 17:39:00,731.16,731.17,730.52,730.81,128.456
2026-09-12 17:42:00,730.8,730.89,730.8,730.84,101.208
2026-09-12 17:45:00,730.84,730.85,730.61,730.61,48.171
2026-09-12 17:48:00,730.61,730.61,730.33,730.51,106.375
2026-09-12 17:51:00,730.51,730.79,730.5,730.73,95.28
2026-09-12 17:54:00,730.73,730.96,730.64,730.94,105.035
2026-09-12 17:57:00,730.95,731.07,730.93,730.94,124.75
2026-09-12 18:00:00,730.94,730.94,730.73,730.78,44.115
2026-09-12 18:03:00,730.77,730.95,730.73,730.95,104.904
2026-09-12 18:06:00,730.95,730.95,730.65,730.66,171.606
2026-09-12 18:09:00,730.65,730.74,730.34,730.57,160.532
2026-09-12 18:12:00,730.58,730.67,730.4,730.56,86.288
2026-09-12 18:15:00,730.56,730.78,730.36,730.43,131.026
2026-09-12 18:18:00,730.43,730.43,730.41,730.42,66.085
2026-09-12 18:21:00,730.41,730.66,730.36,730.66,148.841
2026-09-12 18:24:00,730.66,730.86,730.4,730.6,61.768
2026-09-12 18:27:00,730.6,730.91,730.4,730.78,120.306
2026-09-12 18:30:00,730.78,730.95,730.52,730.63,130.36
2026-09-12 18:33:00,730.62,730.63,730.59,730.59,25.542
2026-09-12 18:36:00,730.59,730.59,729.49,729.8,737.71
2026-09-12 18:39:00,729.8,730.14,729.79,729.97,51.051
2026-09-12 18:42:00,729.98,729.98,729.49,729.53,107.517
2026-09-12 18:45:00,729.53,729.53,729.36,729.53,66.047
2026-09-12 18:48:00,729.53,729.61,729.53,729.61,40.488
2026-09-12 18:51:00,729.61,729.61,729.0,729.0,44.551
2026-09-12 18:54:00,729.0,729.24,728.97,729.24,24.467
2026-09-12 18:57:00,729.24,729.44,729.09,729.31,143.38
2026-09-12 19:00:00,729.32,729.48,728.44,728.44,126.004
2026-09-12 19:03:00,728.44,728.83,727.95,727.96,219.609
2026-09-12 19:06:00,727.96,728.31,727.67,727.88,371.317
2026-09-12 19:09:00,727.88,728.22,727.87,728.06,143.083
2026-09-12 19:12:00,728.06,728.15,727.72,728.15,93.085
2026-09-12 19:15:00,728.15,728.15,727.61,727.67,39.217
2026-09-12 19:18:00,727.67,728.1,725.91,726.06,2933.186
2026-09-12 19:21:00,726.07,726.08,725.69,725.79,180.656
2026-09-12 19:24:00,725.78,725.79,725.37,725.48,134.231
2026-09-12 19:27:00,725.49,726.16,725.49,725.68,184.088
2026-09-12 19:30:00,725.68,725.89,725.67,725.79,11.782
2026-09-12 19:33:00,725.79,725.88,725.19,725.81,147.834
2026-09-12 19:36:00,725.8,725.8,725.29,725.3,22.596
2026-09-12 19:39:00,725.29,725.53,725.06,725.29,166.761
2026-09-12 19:42:00,725.28,725.63,725.28,725.52,164.273
2026-09-12 19:45:00,725.51,725.72,725.51,725.68,70.722
2026-09-12 19:48:00,725.68,726.21,725.68,726.13,88.494
2026-09-12 19:51:00,726.13,726.13,725.99,726.0,111.933
2026-09-12 19:54:00,726.0,726.34,725.89,726.33,57.05
2026-09-12 19:57:00,726.34,726.44,726.07,726.18,55.041
2026-09-12 20:00:00,726.18,726.8,725.32,726.8,425.399
2026-09-12 20:03:00,726.8,726.8,726.31,726.62,142.258
2026-09-12 20:06:00,726.62,726.75,726.58,726.72,64.74
2026-09-12 20:09:00,726.72,727.02,726.71,726.79,79.153
2026-09-12 20:12:00,726.8,726.84,726.79,726.8,24.467
2026-09-12 20:15:00,726.79,726.82,726.49,726.54,52.989
2026-09-12 20:18:00,726.54,726.54,726.13,726.31,77.933
2026-09-12 20:21:00,726.31,726.47,726.28,726.47,56.817
2026-09-12 20:24:00,726.47,726.74,726.46,726.56,59.741
2026-09-12 20:27:00,726.57,726.81,726.56,726.8,23.776
2026-09-12 20:30:00,726.81,726.81,726.8,726.8,15.166
2026-09-12 20:33:00,726.8,726.8,726.53,726.75,48.417
2026-09-12 20:36:00,726.75,727.11,726.74,727.09,76.295
2026-09-12 20:39:00,727.1,727.11,726.83,726.84,33.166
2026-09-12 20:42:00,726.84,727.22,726.82,726.82,169.962
2026-09-12 20:45:00,726.82,726.83,726.82,726.82,9.449
2026-09-12 20:48:00,726.83,726.84,726.74,726.82,31.671
2026-09-12 20:51:00,726.83,727.06,726.25,726.32,131.186
2026-09-12 20:54:00,726.33,726.37,726.33,726.37,8.82
2026-09-12 20:57:00,726.37,726.44,726.36,726.43,8.909
2026-09-12 21:00:00,726.44,726.85,726.43,726.62,135.505
2026-09-12 21:03:00,726.61,726.77,726.47,726.68,62.149
2026-09-12 21:06:00,726.67,726.91,726.33,726.9,282.237
2026-09-12 21:09:00,726.9,727.23,726.9,727.22,17.799
2026-09-12 21:12:00,727.23,727.25,726.54,726.7,141.235
2026-09-12 21:15:00,726.7,726.7,726.63,726.63,17.887
2026-09-12 21:18:00,726.63,726.64,726.43,726.44,27.679
2026-09-12 21:21:00,726.44,726.44,726.43,726.44,14.675
2026-09-12 21:24:00,726.43,726.58,726.43,726.57,19.236
2026-09-12 21:27:00,726.58,726.75,726.57,726.75,14.351
2026-09-12 21:30:00,726.74,726.92,726.74,726.92,15.709
2026-09-12 21:33:00,726.92,727.22,726.91,727.22,24.562
2026-09-12 21:36:00,727.21,727.21,726.95,726.95,60.477
2026-09-12 21:39:00,726.95,727.12,726.94,726.95,42.161
2026-09-12 21:42:00,726.95,727.22,726.94,727.06,84.02
2026-09-12 21:45:00,727.07,727.07,726.67,726.68,27.342
2026-09-12 21:48:00,726.67,726.76,726.42,726.71,53.453
2026-09-12 21:51:00,726.71,726.79,726.71,726.73,6.924
2026-09-12 21:54:00,726.72,726.9,726.54,726.77,75.956
2026-09-12 21:57:00,726.76,726.76,726.47,726.5,30.608
2026-09-12 22:00:00,726.5,726.6,726.12,726.6,144.208
2026-09-12 22:03:00,726.6,726.99,726.44,726.44,104.045
2026-09-12 22:06:00,726.45,726.78,726.25,726.28,122.415
2026-09-12 22:09:00,726.28,726.64,726.28,726.64,47.589
2026-09-12 22:12:00,726.63,726.64,726.13,726.49,117.302
2026-09-12 22:15:00,726.48,726.49,726.25,726.39,31.212
2026-09-12 22:18:00,726.4,726.94,726.39,726.93,15.406
2026-09-12 22:21:00,726.94,727.32,726.93,726.98,47.629
2026-09-12 22:24:00,726.97,726.98,726.49,726.53,116.452
2026-09-12 22:27:00,726.53,726.53,725.75,725.75,24.823
2026-09-12 22:30:00,725.75,726.0,725.51,725.77,149.644
2026-09-12 22:33:00,725.77,725.98,725.71,725.98,19.324
2026-09-12 22:36:00,725.97,725.98,725.9,725.98,8.464
2026-09-12 22:39:00,725.98,726.24,725.98,726.08,34.257
2026-09-12 22:42:00,726.09,726.09,725.75,725.85,65.733
2026-09-12 22:45:00,725.85,726.07,725.84,726.06,30.677
2026-09-12 22:48:00,726.07,726.07,725.85,726.05,87.39
2026-09-12 22:51:00,726.04,726.17,726.01,726.16,12.382
2026-09-12 22:54:00,726.16,726.17,726.08,726.17,44.398
2026-09-12 22:57:00,726.17,726.24,725.96,726.24,34.997
2026-09-12 23:00:00,726.24,726.66,726.09,726.49,37.104
2026-09-12 23:03:00,726.5,727.08,726.49,726.62,129.82
2026-09-12 23:06:00,726.61,726.76,726.61,726.76,17.438
2026-09-12 23:09:00,726.76,727.06,726.76,727.06,35.657
2026-09-12 23:12:00,727.06,727.11,727.05,727.08,50.652
2026-09-12 23:15:00,727.08,727.46,726.99,727.15,56.323
2026-09-12 23:18:00,727.15,727.29,726.97,726.97,36.845
2026-09-12 23:21:00,726.98,727.07,726.96,726.99,18.668
2026-09-12 23:24:00,726.99,727.12,726.98,727.12,16.127
2026-09-12 23:27:00,727.12,727.12,726.89,726.95,52.361
2026-09-12 23:30:00,726.96,727.1,726.53,727.09,74.227
2026-09-12 23:33:00,727.1,727.1,726.68,726.68,56.787
2026-09-12 23:36:00,726.67,726.96,726.52,726.96,46.031
2026-09-12 23:39:00,726.97,727.28,726.96,727.27,13.746
2026-09-12 23:42:00,727.28,727.47,727.27,727.36,33.618
2026-09-12 23:45:00,727.36,727.46,727.35,727.45,35.038
2026-09-12 23:48:00,727.45,727.52,727.41,727.42,66.149
2026-09-12 23:51:00,727.42,727.96,727.41,727.78,89.547
2026-09-12 23:54:00,727.77,727.78,727.56,727.65,34.079
2026-09-12 23:57:00,727.66,727.83,727.59,727.59,36.156
2026-09-13 00:00:00,727.6,727.6,727.22,727.24,221.162
2026-09-13 00:03:00,727.25,727.54,727.24,727.54,50.62
2026-09-13 00:06:00,727.54,727.68,727.23,727.68,66.113
2026-09-13 00:09:00,727.67,727.91,727.34,727.36,45.417
2026-09-13 00:12:00,727.36,727.36,727.32,727.32,31.723
2026-09-13 00:15:00,727.32,727.34,727.07,727.18,104.8
2026-09-13 00:18:00,727.19,727.47,727.08,727.47,41.977
2026-09-13 00:21:00,727.48,727.48,727.32,727.33,38.542
2026-09-13 00:24:00,727.33,727.44,727.32,727.38,21.701
2026-09-13 00:27:00,727.38,728.16,727.38,727.68,635.758
2026-09-13 00:30:00,727.67,727.73,727.49,727.68,99.064
2026-09-13 00:33:00,727.68,727.68,727.58,727.58,19.499
2026-09-13 00:36:00,727.58,727.59,727.52,727.52,17.378
2026-09-13 00:39:00,727.53,727.53,727.02,727.03,28.687
2026-09-13 00:42:00,727.03,727.15,726.96,727.01,53.94
2026-09-13 00:45:00,727.01,727.41,727.0,727.41,41.187
2026-09-13 00:48:00,727.42,727.46,727.32,727.4,65.637
2026-09-13 00:51:00,727.41,727.58,727.4,727.58,43.596
2026-09-13 00:54:00,727.59,728.04,727.58,727.91,102.641
2026-09-13 00:57:00,727.91,728.02,727.9,728.02,68.656
2026-09-13 01:00:00,728.03,728.48,728.02,728.25,541.359
2026-09-13 01:03:00,728.26,728.37,728.25,728.37,115.17
2026-09-13 01:06:00,728.37,729.12,728.36,728.81,320.531
2026-09-13 01:09:00,728.81,729.12,728.8,729.07,163.53
2026-09-13 01:12:00,729.07,729.07,728.68,728.84,214.561
2026-09-13 01:15:00,728.84,728.85,728.46,728.46,69.328
2026-09-13 01:18:00,728.46,729.41,728.46,729.31,348.655
2026-09-13 01:21:00,729.31,729.73,729.31,729.72,228.227
2026-09-13 01:24:00,729.72,729.91,729.72,729.84,120.09
2026-09-13 01:27:00,729.84,729.84,728.89,728.9,335.985
2026-09-13 01:30:00,728.89,728.9,728.7,728.82,30.849
2026-09-13 01:33:00,728.82,728.86,728.58,728.86,189.858
2026-09-13 01:36:00,728.86,728.92,728.75,728.8,53.514
2026-09-13 01:39:00,728.8,729.92,728.79,729.51,305.203
2026-09-13 01:42:00,729.51,729.52,729.18,729.25,96.318
2026-09-13 01:45:00,729.25,729.25,728.96,729.15,68.191
2026-09-13 01:48:00,729.15,729.18,728.96,728.97,92.298
2026-09-13 01:51:00,728.97,728.97,728.92,728.93,54.73
2026-09-13 01:54:00,728.93,728.93,728.49,728.49,92.093
2026-09-13 01:57:00,728.49,728.61,728.23,728.37,197.466
2026-09-13 02:00:00,728.37,728.37,728.11,728.19,52.014
2026-09-13 02:03:00,728.19,728.19,728.18,728.19,45.402
2026-09-13 02:06:00,728.19,728.28,728.1,728.28,76.128
2026-09-13 02:09:00,728.28,728.41,728.27,728.41,103.347
2026-09-13 02:12:00,728.41,728.41,728.29,728.4,50.576
2026-09-13 02:15:00,728.41,728.57,728.25,728.57,75.067
2026-09-13 02:18:00,728.57,728.89,728.56,728.77,105.462
2026-09-13 02:21:00,728.77,728.79,728.65,728.75,58.594
2026-09-13 02:24:00,728.75,728.75,728.37,728.48,144.704
2026-09-13 02:27:00,728.49,728.63,728.44,728.62,39.184
2026-09-13 02:30:00,728.62,729.08,728.61,728.62,167.632
2026-09-13 02:33:00,728.62,728.62,728.48,728.6,47.031
2026-09-13 02:36:00,728.6,728.72,728.22,728.22,154.067
2026-09-13 02:39:00,728.22,728.23,727.73,727.75,48.976
2026-09-13 02:42:00,727.75,728.54,727.54,728.47,260.185
2026-09-13 02:45:00,728.47,728.47,728.0,728.0,64.506
2026-09-13 02:48:00,728.01,728.14,728.0,728.11,68.759
2026-09-13 02:51:00,728.11,728.42,727.83,727.91,153.043
2026-09-13 02:54:00,727.92,728.04,727.87,728.03,60.477
2026-09-13 02:57:00,728.04,728.04,727.95,728.0,42.46
2026-09-13 03:00:00,728.0,728.0,727.95,727.95,51.863
2026-09-13 03:03:00,727.96,728.59,727.95,728.25,132.845
2026-09-13 03:06:00,728.25,728.25,727.91,727.92,103.291
2026-09-13 03:09:00,727.91,728.3,727.78,728.3,61.057
2026-09-13 03:12:00,728.3,728.3,727.91,727.92,100.753
2026-09-13 03:15:00,727.91,727.92,727.64,727.81,116.779
2026-09-13 03:18:00,727.81,728.01,727.8,727.95,203.928
2026-09-13 03:21:00,727.94,728.04,727.94,727.97,65.46
2026-09-13 03:24:00,727.97,728.92,727.55,728.48,512.6
2026-09-13 03:27:00,728.48,728.49,727.85,727.86,140.994
2026-09-13 03:30:00,727.85,727.85,727.19,727.22,231.146
2026-09-13 03:33:00,727.22,727.55,727.22,727.55,72.01
2026-09-13 03:36:00,727.54,727.68,727.45,727.53,93.09
2026-09-13 03:39:00,727.53,727.69,727.52,727.63,69.745
2026-09-13 03:42:00,727.63,727.83,727.63,727.66,83.81
2026-09-13 03:45:00,727.66,727.67,727.18,727.2,129.979
2026-09-13 03:48:00,727.21,727.33,727.2,727.21,55.382
2026-09-13 03:51:00,727.21,727.32,727.0,727.17,446.154
2026-09-13 03:54:00,727.17,727.32,727.17,727.2,89.774
2026-09-13 03:57:00,727.21,727.22,727.0,727.01,286.495
2026-09-13 04:00:00,727.01,727.23,726.9,727.08,212.136
2026-09-13 04:03:00,727.08,727.15,726.74,726.97,238.344
2026-09-13 04:06:00,726.97,726.97,726.48,726.48,136.525
2026-09-13 04:09:00,726.49,726.76,726.49,726.76,129.829
2026-09-13 04:12:00,726.75,726.76,726.34,726.49,168.494
2026-09-13 04:15:00,726.5,726.68,726.49,726.68,94.374
2026-09-13 04:18:00,726.68,726.8,726.67,726.8,107.311
2026-09-13 04:21:00,726.8,726.99,726.55,726.58,92.954
2026-09-13 04:24:00,726.58,726.99,726.58,726.87,181.53
2026-09-13 04:27:00,726.87,727.92,726.87,727.1,785.538
2026-09-13 04:30:00,727.1,727.32,727.04,727.08,107.662
2026-09-13 04:33:00,727.09,727.29,726.95,727.15,144.316
2026-09-13 04:36:00,727.15,727.15,726.67,726.68,73.752
2026-09-13 04:39:00,726.68,726.68,726.51,726.65,87.617
2026-09-13 04:42:00,726.65,726.85,726.61,726.68,99.627
2026-09-13 04:45:00,726.68,726.68,726.67,726.67,39.369
2026-09-13 04:48:00,726.68,726.68,726.43,726.43,33.535
2026-09-13 04:51:00,726.44,726.46,726.42,726.46,73.421
2026-09-13 04:54:00,726.46,726.46,726.44,726.44,61.797
2026-09-13 04:57:00,726.45,726.45,726.22,726.33,91.057
2026-09-13 05:00:00,726.34,726.42,726.25,726.31,56.639
2026-09-13 05:03:00,726.31,726.38,726.29,726.3,36.632
2026-09-13 05:06:00,726.3,726.62,726.29,726.62,116.73
2026-09-13 05:09:00,726.62,726.62,726.61,726.62,30.479
2026-09-13 05:12:00,726.62,726.73,726.33,726.39,463.053
2026-09-13 05:15:00,726.39,726.42,726.15,726.29,162.245
2026-09-13 05:18:00,726.29,726.42,726.16,726.24,168.054
2026-09-13 05:21:00,726.24,726.37,726.23,726.23,50.153
2026-09-13 05:24:00,726.24,726.24,726.0,726.01,92.231
2026-09-13 05:27:00,726.01,726.41,726.0,726.41,170.34
2026-09-13 05:30:00,726.41,726.42,726.15,726.33,60.459
2026-09-13 05:33:00,726.33,726.34,726.3,726.34,40.5
2026-09-13 05:36:00,726.34,726.52,726.3,726.43,139.255
2026-09-13 05:39:00,726.43,726.43,726.24,726.25,63.944
2026-09-13 05:42:00,726.25,726.48,726.16,726.16,217.38
2026-09-13 05:45:00,726.17,726.26,726.16,726.19,39.37
2026-09-13 05:48:00,726.2,726.5,726.09,726.33,254.209
2026-09-13 05:51:00,726.33,726.33,726.2,726.24,64.883
2026-09-13 05:54:00,726.25,726.31,726.24,726.3,46.749
2026-09-13 05:57:00,726.3,726.46,726.09,726.36,227.764
2026-09-13 06:00:00,726.36,726.36,726.11,726.21,116.768
2026-09-13 06:03:00,726.21,726.21,726.09,726.15,99.078
2026-09-13 06:06:00,726.15,726.15,726.14,726.14,45.864
2026-09-13 06:09:00,726.15,726.15,726.08,726.08,68.701
2026-09-13 06:12:00,726.09,726.26,725.98,726.0,105.608
2026-09-13 06:15:00,726.0,726.0,725.7,725.71,89.709
2026-09-13 06:18:00,725.7,725.71,725.45,725.46,107.136
2026-09-13 06:21:00,725.47,725.47,724.24,724.73,688.399
2026-09-13 06:24:00,724.73,724.91,723.99,724.05,767.734
2026-09-13 06:27:00,724.05,724.1,724.0,724.09,75.001
2026-09-13 06:30:00,724.08,724.09,723.57,724.0,336.714
2026-09-13 06:33:00,724.0,724.0,723.67,723.67,83.024
2026-09-13 06:36:00,723.68,723.88,723.67,723.81,72.757
2026-09-13 06:39:00,723.82,723.82,723.26,723.3,320.237
2026-09-13 06:42:00,723.3,723.95,723.29,723.95,620.51
2026-09-13 06:45:00,723.94,723.95,723.28,723.56,151.905
2026-09-13 06:48:00,723.55,723.56,723.26,723.38,158.435
2026-09-13 06:51:00,723.37,723.38,722.98,722.98,109.281
2026-09-13 06:54:00,722.98,722.99,722.11,722.16,192.272
2026-09-13 06:57:00,722.16,722.16,721.54,721.98,605.665
2026-09-13 07:00:00,721.98,722.46,721.73,722.13,85.983
2026-09-13 07:03:00,722.12,722.57,722.12,722.32,120.303
2026-09-13 07:06:00,722.33,722.72,722.28,722.72,185.06
2026-09-13 07:09:00,722.71,722.96,722.71,722.72,112.587
2026-09-13 07:12:00,722.72,722.86,722.67,722.72,77.315
2026-09-13 07:15:00,722.72,723.3,722.61,723.3,97.105
2026-09-13 07:18:00,723.3,723.32,723.18,723.3,85.417
2026-09-13 07:21:00,723.3,723.57,723.29,723.57,71.792
2026-09-13 07:24:00,723.57,723.61,723.46,723.49,65.553
2026-09-13 07:27:00,723.49,723.49,722.82,723.0,134.758
2026-09-13 07:30:00,723.01,723.19,722.88,723.06,163.547
2026-09-13 07:33:00,723.06,723.16,722.69,722.94,133.502
2026-09-13 07:36:00,722.94,723.04,722.61,722.85,174.037
2026-09-13 07:39:00,722.84,723.47,722.67,723.47,108.638
2026-09-13 07:42:00,723.46,723.47,723.04,723.18,279.273
2026-09-13 07:45:00,723.17,723.17,722.72,723.07,112.589
2026-09-13 07:48:00,723.06,723.06,722.7,722.71,173.759
2026-09-13 07:51:00,722.71,722.71,722.56,722.57,142.44
2026-09-13 07:54:00,722.56,722.82,722.1,722.36,297.461
2026-09-13 07:57:00,722.36,722.52,722.22,722.23,138.532
2026-09-13 08:00:00,722.23,722.52,722.04,722.43,146.879
2026-09-13 08:03:00,722.43,722.52,722.19,722.35,543.469
2026-09-13 08:06:00,722.36,722.4,722.19,722.4,134.44
2026-09-13 08:09:00,722.4,722.55,721.85,721.9,100.748
2026-09-13 08:12:00,721.91,722.41,721.73,722.4,302.671
2026-09-13 08:15:00,722.41,722.41,721.38,721.45,132.208
2026-09-13 08:18:00,721.45,721.48,721.11,721.48,134.523
2026-09-13 08:21:00,721.47,721.48,721.19,721.28,81.591
2026-09-13 08:24:00,721.28,721.36,721.09,721.35,136.475
2026-09-13 08:27:00,721.36,721.36,721.01,721.05,105.403
2026-09-13 08:30:00,721.04,721.04,720.14,720.31,336.707
2026-09-13 08:33:00,720.32,720.32,719.11,719.75,1996.984
2026-09-13 08:36:00,719.75,719.94,719.32,719.45,286.582
2026-09-13 08:39:00,719.46,719.9,718.93,719.89,406.408
2026-09-13 08:42:00,719.9,719.9,717.53,717.59,2825.281
2026-09-13 08:45:00,717.59,718.0,717.42,717.93,623.005
2026-09-13 08:48:00,717.93,718.63,717.93,718.63,1180.866
2026-09-13 08:51:00,718.63,718.65,718.11,718.13,313.109
2026-09-13 08:54:00,718.12,718.12,717.84,717.86,260.131
2026-09-13 08:57:00,717.85,718.12,717.8,718.01,231.403
2026-09-13 09:00:00,718.02,718.26,717.6,717.97,358.067
2026-09-13 09:03:00,717.97,718.65,717.68,718.58,291.813
2026-09-13 09:06:00,718.58,719.0,718.56,718.87,322.789
2026-09-13 09:09:00,718.86,718.87,718.11,718.24,150.766
2026-09-13 09:12:00,718.25,718.41,718.0,718.05,121.119
2026-09-13 09:15:00,718.04,718.04,717.16,717.51,305.544
2026-09-13 09:18:00,717.51,717.67,717.3,717.47,129.865
2026-09-13 09:21:00,717.46,717.72,717.25,717.51,195.429
2026-09-13 09:24:00,717.51,717.52,715.21,716.66,1308.998
2026-09-13 09:27:00,716.67,716.67,715.17,715.19,756.696
2026-09-13 09:30:00,715.19,715.73,714.34,714.86,676.54
2026-09-13 09:33:00,714.85,716.0,714.4,716.0,296.434
2026-09-13 09:36:00,715.99,717.16,715.59,715.77,324.468
2026-09-13 09:39:00,715.76,716.16,715.59,715.6,143.391
2026-09-13 09:42:00,715.6,716.14,715.6,715.82,128.61
2026-09-13 09:45:00,715.82,716.12,715.6,716.12,140.745
2026-09-13 09:48:00,716.13,716.32,716.0,716.04,171.61
2026-09-13 09:51:00,716.04,716.3,715.81,716.03,158.766
2026-09-13 09:54:00,716.02,716.25,715.67,715.68,143.754
2026-09-13 09:57:00,715.68,716.68,715.68,716.3,402.838
2026-09-13 10:00:00,716.3,716.45,715.98,716.3,280.92
2026-09-13 10:03:00,716.31,716.37,715.98,716.0,109.493
2026-09-13 10:06:00,715.99,716.27,715.93,716.27,99.944
2026-09-13 10:09:00,716.28,716.29,716.14,716.14,169.159
2026-09-13 10:12:00,716.14,716.44,716.08,716.31,130.618
2026-09-13 10:15:00,716.3,716.44,716.13,716.16,129.494
2026-09-13 10:18:00,716.15,716.2,715.76,715.77,142.712
2026-09-13 10:21:00,715.77,715.85,715.68,715.69,114.932
2026-09-13 10:24:00,715.68,715.69,715.24,715.47,170.7
2026-09-13 10:27:00,715.47,715.63,715.46,715.63,170.417
2026-09-13 10:30:00,715.63,715.79,715.61,715.77,132.921
2026-09-13 10:33:00,715.77,716.3,715.77,716.29,116.69
2026-09-13 10:36:00,716.29,716.35,715.84,715.84,80.395
2026-09-13 10:39:00,715.85,715.91,715.21,715.22,159.703
2026-09-13 10:42:00,715.22,715.22,714.56,714.8,150.478
2026-09-13 10:45:00,714.81,715.28,714.81,715.22,113.604
2026-09-13 10:48:00,715.22,715.35,715.0,715.01,101.476
2026-09-13 10:51:00,715.01,715.01,714.66,714.81,117.139
2026-09-13 10:54:00,714.81,715.28,714.76,714.88,102.816
2026-09-13 10:57:00,714.89,715.1,714.38,715.09,265.926
2026-09-13 11:00:00,715.1,715.4,714.05,714.78,185.875
2026-09-13 11:03:00,714.78,715.63,714.78,715.26,228.637
2026-09-13 11:06:00,715.27,715.27,714.88,714.89,61.532
2026-09-13 11:09:00,714.89,715.09,714.75,714.95,178.764
2026-09-13 11:12:00,714.95,714.95,714.5,714.8,327.143
2026-09-13 11:15:00,714.8,715.18,714.36,715.17,263.675
2026-09-13 11:18:00,715.18,715.18,714.72,714.82,370.095
2026-09-13 11:21:00,714.82,715.34,714.81,715.14,152.999
2026-09-13 11:24:00,715.14,715.6,715.13,715.45,127.229
2026-09-13 11:27:00,715.46,715.46,715.15,715.36,129.309
2026-09-13 11:30:00,715.35,715.36,715.13,715.16,85.775
2026-09-13 11:33:00,715.15,715.91,715.15,715.71,104.44
2026-09-13 11:36:00,715.71,716.14,715.71,716.14,171.45
2026-09-13 11:39:00,716.14,716.47,716.14,716.46,163.022
2026-09-13 11:42:00,716.46,716.54,716.46,716.48,81.607
2026-09-13 11:45:00,716.47,716.85,716.45,716.45,161.789
2026-09-13 11:48:00,716.45,716.77,716.45,716.52,90.587
2026-09-13 11:51:00,716.52,716.63,716.45,716.51,112.576
2026-09-13 11:54:00,716.52,716.54,716.46,716.46,112.019
2026-09-13 11:57:00,716.47,716.47,716.21,716.31,166.752
2026-09-13 12:00:00,716.31,716.4,716.12,716.13,207.679
2026-09-13 12:03:00,716.12,716.18,716.01,716.18,122.955
2026-09-13 12:06:00,716.18,716.19,716.05,716.13,127.545
2026-09-13 12:09:00,716.13,716.44,716.12,716.44,101.859
2026-09-13 12:12:00,716.44,716.55,716.38,716.49,96.498
2026-09-13 12:15:00,716.5,716.95,716.49,716.78,83.474
2026-09-13 12:18:00,716.79,716.9,716.71,716.72,76.083
2026-09-13 12:21:00,716.71,716.91,716.64,716.9,68.958
2026-09-13 12:24:00,716.9,716.91,716.86,716.87,60.651
2026-09-13 12:27:00,716.86,717.04,716.21,716.21,410.138
2026-09-13 12:30:00,716.21,716.87,716.21,716.22,266.82
2026-09-13 12:33:00,716.21,716.3,715.92,715.94,192.274
2026-09-13 12:36:00,715.94,716.08,715.54,715.54,164.815
2026-09-13 12:39:00,715.55,715.81,715.4,715.6,96.332
2026-09-13 12:42:00,715.61,715.88,715.43,715.43,177.446
2026-09-13 12:45:00,715.44,715.44,715.31,715.32,66.307
2026-09-13 12:48:00,715.32,715.33,715.13,715.27,76.118
2026-09-13 12:51:00,715.28,715.65,715.2,715.55,99.471
2026-09-13 12:54:00,715.56,715.6,715.5,715.6,53.384
2026-09-13 12:57:00,715.59,715.87,715.4,715.55,78.222
2026-09-13 13:00:00,715.55,715.55,715.46,715.46,60.831
2026-09-13 13:03:00,715.47,715.57,715.2,715.48,88.347
2026-09-13 13:06:00,715.47,715.71,715.2,715.71,93.602
2026-09-13 13:09:00,715.71,715.71,715.62,715.62,91.974
2026-09-13 13:12:00,715.63,715.8,715.48,715.7,88.61
2026-09-13 13:15:00,715.7,715.7,715.11,715.18,138.119
2026-09-13 13:18:00,715.19,715.19,714.86,714.87,152.923
2026-09-13 13:21:00,714.86,715.08,714.62,714.69,204.102
2026-09-13 13:24:00,714.68,714.95,713.1,713.43,575.57
2026-09-13 13:27:00,713.44,713.66,713.36,713.66,170.911
2026-09-13 13:30:00,713.66,714.61,713.66,714.6,69.357
2026-09-13 13:33:00,714.6,715.39,714.6,715.22,132.207
2026-09-13 13:36:00,715.23,715.97,715.22,715.96,82.059
2026-09-13 13:39:00,715.97,716.0,715.73,715.74,181.095
2026-09-13 13:42:00,715.74,716.48,715.74,716.35,132.122
2026-09-13 13:45:00,716.35,717.15,716.34,717.15,243.233
2026-09-13 13:48:00,717.15,718.12,717.14,717.72,599.568
2026-09-13 13:51:00,717.72,718.44,717.55,718.11,194.244
2026-09-13 13:54:00,718.11,718.11,717.84,717.86,53.172
2026-09-13 13:57:00,717.86,718.14,717.85,718.04,126.868
2026-09-13 14:00:00,718.04,718.31,718.04,718.29,96.023
2026-09-13 14:03:00,718.29,718.38,718.17,718.38,97.206
2026-09-13 14:06:00,718.37,718.8,718.37,718.8,117.955
2026-09-13 14:09:00,718.81,719.36,718.78,718.79,1497.442
2026-09-13 14:12:00,718.79,719.28,718.78,719.26,315.446
2026-09-13 14:15:00,719.27,720.0,719.26,719.43,263.721
2026-09-13 14:18:00,719.43,719.48,719.07,719.48,106.757
2026-09-13 14:21:00,719.48,719.53,719.12,719.38,132.834
2026-09-13 14:24:00,719.38,719.39,718.92,719.37,124.958
2026-09-13 14:27:00,719.36,719.47,719.21,719.37,109.947
2026-09-13 14:30:00,719.36,719.6,719.33,719.43,121.47
2026-09-13 14:33:00,719.43,719.43,718.99,719.29,69.851
2026-09-13 14:36:00,719.29,720.0,719.13,720.0,125.358
2026-09-13 14:39:00,719.99,720.32,719.36,719.65,280.144
2026-09-13 14:42:00,719.65,719.83,719.51,719.51,107.046
2026-09-13 14:45:00,719.51,719.83,719.11,719.27,195.06
2026-09-13 14:48:00,719.28,719.28,718.99,719.0,68.664
2026-09-13 14:51:00,718.99,719.0,718.58,718.77,253.204
2026-09-13 14:54:00,718.77,718.77,718.4,718.41,108.126
2026-09-13 14:57:00,718.4,718.56,718.13,718.56,124.273
2026-09-13 15:00:00,718.56,718.76,717.63,717.64,187.328
2026-09-13 15:03:00,717.64,717.64,717.4,717.46,82.426
2026-09-13 15:06:00,717.46,717.94,717.46,717.8,76.856
2026-09-13 15:09:00,717.8,717.9,717.73,717.73,81.449
2026-09-13 15:12:00,717.73,717.74,717.55,717.68,121.646
2026-09-13 15:15:00,717.68,717.68,717.37,717.53,117.925
2026-09-13 15:18:00,717.52,717.65,717.43,717.64,83.307
2026-09-13 15:21:00,717.64,717.97,717.64,717.97,98.672
2026-09-13 15:24:00,717.97,719.25,717.97,718.8,181.366
2026-09-13 15:27:00,718.79,718.8,717.87,718.2,256.504
2026-09-13 15:30:00,718.19,718.89,718.11,718.59,202.891
2026-09-13 15:33:00,718.6,719.4,718.59,719.32,134.9
2026-09-13 15:36:00,719.32,719.32,718.96,719.27,197.246
2026-09-13 15:39:00,719.26,719.26,718.66,718.69,71.352
2026-09-13 15:42:00,718.68,719.66,718.68,719.51,141.546
2026-09-13 15:45:00,719.5,719.51,718.92,718.97,81.668
2026-09-13 15:48:00,718.98,719.13,718.77,719.07,51.463
2026-09-13 15:51:00,719.07,719.07,718.59,718.74,97.739
2026-09-13 15:54:00,718.74,718.99,718.74,718.89,47.254
2026-09-13 15:57:00,718.88,719.0,718.87,718.88,50.732
2026-09-13 16:00:00,718.89,719.6,718.88,719.59,75.527
2026-09-13 16:03:00,719.59,720.12,719.59,719.86,184.966
2026-09-13 16:06:00,719.86,720.74,719.85,720.22,240.833
2026-09-13 16:09:00,720.2,721.12,720.13,721.07,277.998
2026-09-13 16:12:00,721.07,721.41,720.85,720.86,167.169
2026-09-13 16:15:00,720.86,720.86,720.34,720.49,229.403
2026-09-13 16:18:00,720.49,720.71,720.29,720.68,64.386
2026-09-13 16:21:00,720.68,720.68,720.4,720.61,83.237
2026-09-13 16:24:00,720.6,721.25,720.58,721.05,162.567
2026-09-13 16:27:00,721.05,721.11,720.87,720.99,50.593
2026-09-13 16:30:00,720.99,721.32,720.75,720.75,75.649
2026-09-13 16:33:00,720.76,720.8,720.55,720.6,59.397
2026-09-13 16:36:00,720.6,720.79,720.55,720.74,35.0
2026-09-13 16:39:00,720.75,721.2,720.6,721.19,139.931
2026-09-13 16:42:00,721.2,721.22,720.76,721.21,94.451
2026-09-13 16:45:00,721.17,721.22,720.64,720.72,98.864
2026-09-13 16:48:00,720.71,720.72,720.55,720.68,47.366
2026-09-13 16:51:00,720.68,721.36,720.67,721.29,36.653
2026-09-13 16:54:00,721.29,721.36,721.15,721.29,76.694
2026-09-13 16:57:00,721.3,721.3,721.05,721.05,50.385
2026-09-13 17:00:00,721.06,721.06,721.05,721.06,14.472
2026-09-13 17:03:00,721.05,721.83,721.05,721.58,93.986
2026-09-13 17:06:00,721.58,721.62,721.42,721.43,60.776
2026-09-13 17:09:00,721.42,721.98,721.42,721.98,63.375
2026-09-13 17:12:00,721.97,722.15,721.25,721.39,124.348
2026-09-13 17:15:00,721.4,721.57,721.0,721.0,66.066
2026-09-13 17:18:00,721.01,721.4,720.97,721.18,109.062
2026-09-13 17:21:00,721.17,721.31,721.0,721.06,65.822
2026-09-13 17:24:00,721.06,721.3,721.0,721.3,69.882
2026-09-13 17:27:00,721.3,721.51,721.28,721.29,80.297
2026-09-13 17:30:00,721.28,721.29,721.1,721.12,32.834
2026-09-13 17:33:00,721.13,721.13,720.83,720.84,35.464
2026-09-13 17:36:00,720.83,721.23,720.81,721.13,52.306
2026-09-13 17:39:00,721.13,721.15,721.02,721.08,69.33
2026-09-13 17:42:00,721.07,721.08,721.03,721.03,26.244
2026-09-13 17:45:00,721.04,721.11,721.03,721.1,24.263
2026-09-13 17:48:00,721.11,721.51,721.1,721.51,43.508
2026-09-13 17:51:00,721.51,721.6,721.11,721.12,211.916
2026-09-13 17:54:00,721.12,721.37,721.05,721.17,78.68
2026-09-13 17:57:00,721.18,721.18,720.92,721.16,41.714
2026-09-13 18:00:00,721.17,721.32,720.88,720.9,33.745
2026-09-13 18:03:00,720.89,720.9,720.89,720.89,20.925
2026-09-13 18:06:00,720.89,721.0,720.89,720.98,60.85
2026-09-13 18:09:00,720.97,721.13,720.88,721.02,36.877
2026-09-13 18:12:00,721.02,721.3,720.88,721.21,121.774
2026-09-13 18:15:00,721.2,721.72,720.99,721.23,81.021
2026-09-13 18:18:00,721.23,721.36,721.02,721.18,34.264
2026-09-13 18:21:00,721.18,721.19,721.03,721.03,20.876
2026-09-13 18:24:00,721.04,721.19,720.86,720.9,101.717
2026-09-13 18:27:00,720.89,721.44,720.89,721.39,194.546
2026-09-13 18:30:00,721.39,721.89,721.28,721.3,114.611
2026-09-13 18:33:00,721.3,721.3,721.1,721.26,25.305
2026-09-13 18:36:00,721.27,721.27,721.25,721.25,11.446
2026-09-13 18:39:00,721.25,721.5,721.21,721.5,52.279
2026-09-13 18:42:00,721.5,721.74,721.0,721.25,326.487
2026-09-13 18:45:00,721.26,721.36,721.26,721.27,45.341
2026-09-13 18:48:00,721.28,721.55,721.21,721.55,44.5
2026-09-13 18:51:00,721.55,722.34,721.54,722.34,200.492
2026-09-13 18:54:00,722.33,722.34,721.79,721.81,51.501
2026-09-13 18:57:00,721.81,722.19,721.8,722.11,60.247
2026-09-13 19:00:00,722.11,722.57,722.11,722.54,107.149
2026-09-13 19:03:00,722.53,722.92,722.21,722.89,243.161
2026-09-13 19:06:00,722.89,723.1,722.2,722.21,104.187
2026-09-13 19:09:00,722.22,722.24,721.83,721.88,38.021
2026-09-13 19:12:00,721.87,721.88,721.4,721.41,53.843
2026-09-13 19:15:00,721.41,721.41,721.4,721.41,22.008
2026-09-13 19:18:00,721.41,721.41,721.04,721.05,71.097
2026-09-13 19:21:00,721.05,721.05,720.8,721.03,66.416
2026-09-13 19:24:00,721.02,721.36,720.95,721.36,45.611
2026-09-13 19:27:00,721.36,721.36,721.35,721.35,21.016
2026-09-13 19:30:00,721.35,721.55,721.14,721.55,107.066
2026-09-13 19:33:00,721.55,721.55,721.19,721.25,116.432
2026-09-13 19:36:00,721.25,721.36,721.13,721.21,146.299
2026-09-13 19:39:00,721.21,721.21,721.1,721.21,35.138
2026-09-13 19:42:00,721.21,721.4,721.2,721.4,24.55
2026-09-13 19:45:00,721.4,721.4,721.11,721.23,50.872
2026-09-13 19:48:00,721.24,721.24,720.88,720.95,36.051
2026-09-13 19:51:00,720.94,721.02,720.88,721.02,17.869
2026-09-13 19:54:00,721.02,721.31,721.02,721.31,13.638
2026-09-13 19:57:00,721.31,721.52,720.9,721.09,271.25
2026-09-13 20:00:00,721.09,721.68,721.08,721.63,67.279
2026-09-13 20:03:00,721.62,721.63,721.39,721.55,49.599
2026-09-13 20:06:00,721.54,721.58,721.44,721.58,74.115
2026-09-13 20:09:00,721.58,721.68,721.56,721.56,37.065
2026-09-13 20:12:00,721.57,721.57,721.35,721.54,55.133
2026-09-13 20:15:00,721.53,721.63,721.41,721.63,42.531
2026-09-13 20:18:00,721.64,722.07,721.63,722.06,154.504
2026-09-13 20:21:00,722.06,722.07,721.79,721.89,48.31
2026-09-13 20:24:00,721.89,721.94,721.88,721.93,21.041
2026-09-13 20:27:00,721.94,722.05,721.93,722.05,149.684
2026-09-13 20:30:00,722.06,722.46,722.06,722.46,33.232
2026-09-13 20:33:00,722.46,722.46,722.05,722.24,174.759
2026-09-13 20:36:00,722.24,722.24,721.98,721.98,47.368
2026-09-13 20:39:00,721.98,722.35,721.98,722.34,49.181
2026-09-13 20:42:00,722.34,722.61,722.34,722.6,96.462
2026-09-13 20:45:00,722.61,722.63,722.6,722.62,27.2
2026-09-13 20:48:00,722.62,722.63,722.42,722.46,43.877
2026-09-13 20:51:00,722.45,722.51,722.35,722.51,72.201
2026-09-13 20:54:00,722.5,722.69,722.5,722.68,20.433
2026-09-13 20:57:00,722.68,722.68,722.33,722.34,83.419
2026-09-13 21:00:00,722.34,722.34,722.23,722.24,111.812
2026-09-13 21:03:00,722.24,722.24,722.0,722.0,36.026
2026-09-13 21:06:00,722.01,722.01,721.9,721.99,50.169
2026-09-13 21:09:00,722.0,722.52,721.99,722.44,219.361
2026-09-13 21:12:00,722.45,722.46,722.29,722.29,101.245
2026-09-13 21:15:00,722.3,722.58,722.29,722.52,125.543
2026-09-13 21:18:00,722.51,722.68,722.51,722.68,15.746
2026-09-13 21:21:00,722.68,722.84,722.64,722.83,20.816
2026-09-13 21:24:00,722.83,722.84,722.6,722.6,56.328
2026-09-13 21:27:00,722.6,722.61,722.49,722.49,14.416
2026-09-13 21:30:00,722.49,722.6,722.3,722.51,69.47
2026-09-13 21:33:00,722.51,722.51,722.29,722.44,28.94
2026-09-13 21:36:00,722.44,722.61,722.25,722.47,28.121
2026-09-13 21:39:00,722.47,722.48,722.1,722.39,116.863
2026-09-13 21:42:00,722.39,722.49,722.28,722.44,67.147
2026-09-13 21:45:00,722.44,722.52,722.43,722.52,16.112
2026-09-13 21:48:00,722.51,722.51,722.06,722.13,37.529
2026-09-13 21:51:00,722.12,722.29,722.01,722.26,50.382
2026-09-13 21:54:00,722.25,722.38,722.25,722.33,21.204
2026-09-13 21:57:00,722.34,722.34,722.13,722.2,12.014
2026-09-13 22:00:00,722.19,722.19,720.2,720.66,439.263
2026-09-13 22:03:00,720.66,720.66,719.51,719.71,431.14
2026-09-13 22:06:00,719.7,720.41,717.98,718.84,822.522
2026-09-13 22:09:00,718.84,719.17,718.41,718.58,120.404
2026-09-13 22:12:00,718.58,719.07,718.28,718.4,113.726
2026-09-13 22:15:00,718.41,718.49,716.71,716.72,460.111
2026-09-13 22:18:00,716.72,717.16,716.02,716.68,232.464
2026-09-13 22:21:00,716.69,717.3,716.12,716.41,158.912
2026-09-13 22:24:00,716.42,716.97,716.2,716.76,179.255
2026-09-13 22:27:00,716.76,717.32,715.47,716.76,276.155
2026-09-13 22:30:00,716.76,716.91,716.03,716.03,105.482
2026-09-13 22:33:00,716.04,717.8,716.04,717.0,222.377
2026-09-13 22:36:00,717.0,717.39,716.77,716.77,80.473
2026-09-13 22:39:00,716.75,716.75,715.89,715.92,76.886
2026-09-13 22:42:00,715.92,716.18,715.47,715.88,54.858
2026-09-13 22:45:00,715.88,716.7,715.83,715.97,72.192
2026-09-13 22:48:00,715.97,716.78,715.75,716.42,72.444
2026-09-13 22:51:00,716.42,716.76,716.05,716.39,88.687
2026-09-13 22:54:00,716.39,716.49,715.25,715.51,233.95
2026-09-13 22:57:00,715.51,716.35,715.51,715.95,123.456
2026-09-13 23:00:00,715.95,716.88,715.94,716.73,67.525
2026-09-13 23:03:00,716.73,717.24,716.73,716.86,64.975
2026-09-13 23:06:00,716.86,717.23,716.49,716.75,152.634
2026-09-13 23:09:00,716.74,717.04,716.55,716.8,71.512
2026-09-13 23:12:00,716.81,716.81,716.44,716.74,149.365
2026-09-13 23:15:00,716.73,716.99,715.83,715.99,176.261
2026-09-13 23:18:00,715.98,716.05,715.55,716.05,109.067
2026-09-13 23:21:00,716.04,716.46,715.8,716.23,213.112
2026-09-13 23:24:00,716.23,716.92,716.22,716.7,47.897
2026-09-13 23:27:00,716.71,716.8,716.24,716.28,60.501
2026-09-13 23:30:00,716.29,717.15,716.16,716.59,328.069
2026-09-13 23:33:00,716.58,716.77,716.0,716.18,200.556
2026-09-13 23:36:00,716.17,716.59,715.83,716.32,111.941
2026-09-13 23:39:00,716.31,716.53,715.73,716.53,79.296
2026-09-13 23:42:00,716.52,717.03,716.45,716.65,244.784
2026-09-13 23:45:00,716.64,717.09,716.46,716.67,75.13
2026-09-13 23:48:00,716.67,717.01,716.67,716.67,39.072
2026-09-13 23:51:00,716.67,716.99,716.67,716.99,36.293
2026-09-13 23:54:00,716.99,716.99,716.26,716.45,59.96
2026-09-13 23:57:00,716.46,716.74,716.32,716.41,44.733
2026-09-14 00:00:00,716.41,716.9,716.16,716.37,155.032
2026-09-14 00:03:00,716.37,716.54,716.01,716.32,167.465
2026-09-14 00:06:00,716.31,718.37,716.31,717.69,416.619
2026-09-14 00:09:00,717.68,717.87,716.71,716.72,128.025
2026-09-14 00:12:00,716.72,717.38,716.66,717.18,65.458
2026-09-14 00:15:00,717.17,717.77,717.17,717.33,146.316
2026-09-14 00:18:00,717.32,718.1,717.28,717.72,64.556
2026-09-14 00:21:00,717.72,717.72,716.48,716.98,150.521
2026-09-14 00:24:00,716.99,717.14,715.17,715.54,143.752
2026-09-14 00:27:00,715.54,715.56,713.9,714.55,438.329
2026-09-14 00:30:00,714.56,718.04,714.45,717.58,297.704
2026-09-14 00:33:00,717.58,719.17,717.58,718.65,365.19
2026-09-14 00:36:00,718.66,719.53,718.6,719.12,158.482
2026-09-14 00:39:00,719.1,719.53,718.76,719.52,115.758
2026-09-14 00:42:00,719.52,719.99,719.29,719.99,245.477
2026-09-14 00:45:00,719.99,720.5,719.44,720.01,249.923
2026-09-14 00:48:00,720.0,720.0,719.49,719.49,90.796
2026-09-14 00:51:00,719.48,719.68,719.19,719.64,176.939
2026-09-14 00:54:00,719.65,719.85,719.39,719.39,112.628
2026-09-14 00:57:00,719.39,719.44,718.9,718.9,42.835
2026-09-14 01:00:00,718.9,719.17,718.51,719.17,51.41
2026-09-14 01:03:00,719.17,719.17,718.63,718.81,215.091
2026-09-14 01:06:00,718.82,718.97,718.48,718.79,182.858
2026-09-14 01:09:00,718.78,719.99,718.78,719.82,276.48
2026-09-14 01:12:00,719.83,719.83,718.6,718.69,150.401
2026-09-14 01:15:00,718.69,718.69,716.81,717.19,1572.824
2026-09-14 01:18:00,717.16,717.59,715.71,715.82,1141.407
2026-09-14 01:21:00,715.81,716.65,715.69,716.32,151.304
2026-09-14 01:24:00,716.33,716.97,716.27,716.94,207.876
2026-09-14 01:27:00,716.94,717.86,716.94,717.41,1448.811
2026-09-14 01:30:00,717.4,717.62,716.8,716.8,98.506
2026-09-14 01:33:00,716.79,716.79,714.63,715.41,267.08
2026-09-14 01:36:00,715.41,716.77,715.41,716.67,129.312
2026-09-14 01:39:00,716.68,717.92,716.68,717.86,319.358
2026-09-14 01:42:00,717.85,717.93,716.84,716.89,278.57
2026-09-14 01:45:00,716.88,717.56,716.63,717.56,35.859
2026-09-14 01:48:00,717.55,717.85,716.73,716.92,414.522
2026-09-14 01:51:00,716.91,717.91,716.81,717.85,153.733
2026-09-14 01:54:00,717.85,718.5,717.85,718.41,1167.044
2026-09-14 01:57:00,718.41,720.3,718.35,719.91,509.124
2026-09-14 02:00:00,719.91,720.08,719.25,719.39,212.858
2026-09-14 02:03:00,719.39,719.7,719.31,719.32,134.915
2026-09-14 02:06:00,719.32,720.88,719.02,720.88,394.95
2026-09-14 02:09:00,720.87,722.73,720.51,721.24,3244.174
2026-09-14 02:12:00,721.24,722.3,720.31,721.51,5148.176
2026-09-14 02:15:00,721.51,721.81,721.25,721.71,265.08
2026-09-14 02:18:00,721.71,721.81,721.04,721.08,179.115
2026-09-14 02:21:00,721.07,722.33,721.04,722.33,284.006
2026-09-14 02:24:00,722.32,724.13,722.26,723.98,624.581
2026-09-14 02:27:00,723.98,724.37,723.27,723.56,1178.731
2026-09-14 02:30:00,723.56,724.43,723.49,723.87,283.418
2026-09-14 02:33:00,723.87,723.87,723.44,723.53,79.191
2026-09-14 02:36:00,723.52,723.53,722.65,722.85,137.592
2026-09-14 02:39:00,722.85,723.13,722.36,722.42,54.766
2026-09-14 02:42:00,722.43,722.8,722.34,722.59,148.779
2026-09-14 02:45:00,722.6,723.56,722.59,723.56,191.431
2026-09-14 02:48:00,723.56,723.92,723.14,723.72,200.867
2026-09-14 02:51:00,723.71,724.91,723.71,724.61,359.828
2026-09-14 02:54:00,724.6,724.81,723.91,723.91,129.302
2026-09-14 02:57:00,723.91,723.92,723.42,723.67,82.017
2026-09-14 03:00:00,723.67,724.35,723.4,724.35,209.591
2026-09-14 03:03:00,724.35,724.48,723.94,724.48,124.466
2026-09-14 03:06:00,724.47,725.18,724.45,725.18,603.066
2026-09-14 03:09:00,725.17,725.2,724.81,724.85,228.992
2026-09-14 03:12:00,724.85,725.24,724.57,724.58,202.214
2026-09-14 03:15:00,724.59,725.08,724.33,724.33,138.279
2026-09-14 03:18:00,724.34,724.65,724.2,724.65,126.739
2026-09-14 03:21:00,724.64,724.94,724.33,724.47,143.41
2026-09-14 03:24:00,724.47,724.47,724.03,724.37,160.481
2026-09-14 03:27:00,724.36,724.51,724.11,724.11,72.093
2026-09-14 03:30:00,724.11,724.2,723.19,723.28,333.205
2026-09-14 03:33:00,723.28,723.28,722.61,723.17,241.924
2026-09-14 03:36:00,723.16,723.17,722.57,722.57,92.562
2026-09-14 03:39:00,722.58,722.58,721.62,721.87,270.182
2026-09-14 03:42:00,721.88,722.14,721.65,721.66,42.591
2026-09-14 03:45:00,721.66,722.09,721.65,721.93,47.474
2026-09-14 03:48:00,721.93,722.08,721.51,721.57,93.316
2026-09-14 03:51:00,721.57,722.2,721.57,722.19,61.294
2026-09-14 03:54:00,722.19,722.4,722.16,722.27,44.322
2026-09-14 03:57:00,722.27,722.52,721.88,722.51,115.921
2026-09-14 04:00:00,722.52,722.82,722.13,722.13,101.904
2026-09-14 04:03:00,722.14,722.53,722.14,722.53,34.48
2026-09-14 04:06:00,722.53,723.41,722.53,723.0,282.329
2026-09-14 04:09:00,723.0,723.32,722.89,722.94,56.938
2026-09-14 04:12:00,722.95,723.5,722.94,723.06,71.964
2026-09-14 04:15:00,723.05,723.19,722.72,722.8,238.114
2026-09-14 04:18:00,722.8,723.09,722.77,723.0,50.335
2026-09-14 04:21:00,723.01,723.8,722.86,723.71,112.383
2026-09-14 04:24:00,723.7,723.83,723.41,723.42,132.461
2026-09-14 04:27:00,723.43,723.46,722.61,722.66,108.841
2026-09-14 04:30:00,722.65,723.08,722.65,722.82,77.109
2026-09-14 04:33:00,722.82,723.37,722.71,723.13,143.589
2026-09-14 04:36:00,723.13,723.24,722.96,723.08,62.022
2026-09-14 04:39:00,723.08,723.63,723.08,723.48,92.852
2026-09-14 04:42:00,723.48,723.48,723.15,723.27,93.18
2026-09-14 04:45:00,723.27,724.0,723.26,723.64,261.537
2026-09-14 04:48:00,723.64,724.4,723.63,724.35,173.435
2026-09-14 04:51:00,724.36,724.92,724.14,724.81,189.1
2026-09-14 04:54:00,724.82,725.72,724.6,724.6,313.795
2026-09-14 04:57:00,724.59,724.73,724.2,724.73,116.178
2026-09-14 05:00:00,724.73,724.93,724.17,724.24,240.876
2026-09-14 05:03:00,724.25,724.82,724.25,724.82,98.623
2026-09-14 05:06:00,724.81,725.0,724.39,724.41,76.135
2026-09-14 05:09:00,724.41,724.66,724.22,724.47,113.525
2026-09-14 05:12:00,724.48,725.21,724.48,725.13,47.404
2026-09-14 05:15:00,725.13,725.62,725.0,725.0,141.012
2026-09-14 05:18:00,725.01,725.01,724.62,724.78,105.4
2026-09-14 05:21:00,724.78,724.8,724.56,724.69,43.64
2026-09-14 05:24:00,724.69,725.03,724.65,725.02,41.373
2026-09-14 05:27:00,725.03,725.03,724.66,724.88,127.993
2026-09-14 05:30:00,724.88,725.01,724.72,725.0,91.381
2026-09-14 05:33:00,725.01,725.24,724.87,725.24,71.541
2026-09-14 05:36:00,725.24,725.71,725.11,725.71,184.755
2026-09-14 05:39:00,725.71,725.9,725.52,725.74,171.075
2026-09-14 05:42:00,725.73,725.77,725.03,725.28,290.162
2026-09-14 05:45:00,725.27,725.28,724.56,724.57,74.351
2026-09-14 05:48:00,724.56,724.98,724.34,724.36,217.018
2026-09-14 05:51:00,724.36,724.94,724.35,724.93,94.035
2026-09-14 05:54:00,724.94,725.47,724.94,725.22,77.543
2026-09-14 05:57:00,725.23,725.36,725.0,725.24,144.358
2026-09-14 06:00:00,725.25,725.47,724.86,725.36,139.585
2026-09-14 06:03:00,725.35,726.02,725.2,726.02,244.145
2026-09-14 06:06:00,726.01,726.98,725.46,725.94,539.532
2026-09-14 06:09:00,725.93,726.2,725.32,726.03,263.39
2026-09-14 06:12:00,726.02,726.03,725.42,725.65,162.14
2026-09-14 06:15:00,725.65,725.66,725.06,725.09,183.13
2026-09-14 06:18:00,725.09,725.12,724.46,724.52,102.735
2026-09-14 06:21:00,724.52,724.52,723.84,723.84,116.532
2026-09-14 06:24:00,723.84,723.93,723.73,723.8,88.987
2026-09-14 06:27:00,723.81,723.85,723.48,723.52,197.84
2026-09-14 06:30:00,723.52,723.52,722.31,722.5,287.127
2026-09-14 06:33:00,722.51,723.09,722.44,723.08,157.825
2026-09-14 06:36:00,723.08,723.43,722.98,723.27,168.437
2026-09-14 06:39:00,723.26,723.98,723.15,723.88,146.837
2026-09-14 06:42:00,723.87,724.71,723.87,724.54,241.733
2026-09-14 06:45:00,724.55,724.63,724.0,724.37,121.129
2026-09-14 06:48:00,724.38,724.45,723.98,724.09,261.177
2026-09-14 06:51:00,724.09,724.11,723.59,723.59,159.215
2026-09-14 06:54:00,723.6,723.85,723.55,723.75,134.824
2026-09-14 06:57:00,723.76,723.78,723.48,723.68,107.081
2026-09-14 07:00:00,723.68,723.81,723.0,723.8,100.922
2026-09-14 07:03:00,723.8,724.89,723.8,724.56,122.426
2026-09-14 07:06:00,724.57,724.57,723.94,724.11,118.474
2026-09-14 07:09:00,724.11,724.17,723.65,724.0,246.648
2026-09-14 07:12:00,724.0,724.43,723.7,724.4,110.795
2026-09-14 07:15:00,724.39,725.0,724.26,724.86,153.746
2026-09-14 07:18:00,724.85,725.0,724.51,724.51,108.034
2026-09-14 07:21:00,724.51,724.6,724.29,724.6,106.05
2026-09-14 07:24:00,724.6,724.76,724.45,724.46,93.6
2026-09-14 07:27:00,724.45,724.5,724.2,724.25,109.791
2026-09-14 07:30:00,724.25,724.29,724.08,724.15,70.602
2026-09-14 07:33:00,724.15,724.15,724.0,724.04,81.719
2026-09-14 07:36:00,724.03,724.56,724.03,724.55,90.52
2026-09-14 07:39:00,724.56,724.92,724.48,724.56,226.318
2026-09-14 07:42:00,724.56,725.21,724.55,724.99,202.028
2026-09-14 07:45:00,724.99,725.12,724.4,724.83,246.873
2026-09-14 07:48:00,724.82,725.0,724.74,724.88,74.919
2026-09-14 07:51:00,724.89,725.11,724.64,724.88,118.43
2026-09-14 07:54:00,724.89,725.36,724.88,725.11,270.504
2026-09-14 07:57:00,725.11,725.11,724.88,724.96,156.9
2026-09-14 08:00:00,724.96,725.06,724.33,724.88,231.406
2026-09-14 08:03:00,724.89,724.93,724.0,724.35,214.965
2026-09-14 08:06:00,724.34,725.3,724.19,724.98,743.613
2026-09-14 08:09:00,724.99,725.58,724.71,724.85,429.888
2026-09-14 08:12:00,724.85,725.07,724.56,724.57,210.511
2026-09-14 08:15:00,724.58,724.74,724.02,724.65,241.77
2026-09-14 08:18:00,724.64,724.65,724.01,724.44,122.112
2026-09-14 08:21:00,724.44,725.07,724.43,724.95,94.864
2026-09-14 08:24:00,724.94,725.98,724.2,724.81,429.078
2026-09-14 08:27:00,724.81,725.05,724.16,724.16,90.05
2026-09-14 08:30:00,724.16,724.47,723.86,724.05,361.987
2026-09-14 08:33:00,724.05,724.64,723.94,724.22,491.77
2026-09-14 08:36:00,724.23,724.31,724.12,724.29,187.034
2026-09-14 08:39:00,724.29,724.91,724.29,724.86,173.106
2026-09-14 08:42:00,724.87,724.95,724.5,724.51,225.239
2026-09-14 08:45:00,724.51,724.54,724.08,724.11,166.409
2026-09-14 08:48:00,724.11,724.11,723.77,723.8,232.419
2026-09-14 08:51:00,723.81,724.06,723.8,723.8,132.404
2026-09-14 08:54:00,723.8,723.97,723.67,723.85,93.362
2026-09-14 08:57:00,723.84,724.0,723.8,723.99,126.687
2026-09-14 09:00:00,724.0,724.73,723.99,724.45,405.029
2026-09-14 09:03:00,724.44,724.71,724.37,724.56,157.53
2026-09-14 09:06:00,724.56,724.65,724.21,724.55,186.817
2026-09-14 09:09:00,724.55,724.74,723.42,723.42,302.762
2026-09-14 09:12:00,723.42,723.51,722.97,722.98,252.502
2026-09-14 09:15:00,722.98,722.98,722.3,722.65,570.816
2026-09-14 09:18:00,722.66,722.91,722.41,722.82,214.044
2026-09-14 09:21:00,722.83,722.83,722.21,722.24,282.54
2026-09-14 09:24:00,722.24,722.63,721.84,722.53,276.739
2026-09-14 09:27:00,722.53,723.37,722.37,723.36,220.636
2026-09-14 09:30:00,723.36,724.25,723.27,723.27,586.964
2026-09-14 09:33:00,723.27,723.81,723.16,723.21,249.193
2026-09-14 09:36:00,723.2,723.24,722.82,723.03,179.434
2026-09-14 09:39:00,723.03,723.78,723.0,723.36,433.98
2026-09-14 09:42:00,723.36,724.08,723.35,723.78,348.587
2026-09-14 09:45:00,723.79,724.82,723.79,724.74,369.511
2026-09-14 09:48:00,724.74,725.85,724.58,725.73,618.004
2026-09-14 09:51:00,725.74,728.5,725.72,728.21,1844.287
2026-09-14 09:54:00,728.22,728.3,725.45,725.94,1249.476
2026-09-14 09:57:00,725.94,726.0,724.61,724.76,827.63
2026-09-14 10:00:00,724.77,725.26,724.58,724.58,458.157
2026-09-14 10:03:00,724.59,725.16,724.25,724.27,614.754
2026-09-14 10:06:00,724.26,724.72,724.26,724.31,386.852
2026-09-14 10:09:00,724.31,724.31,723.85,723.99,333.387
2026-09-14 10:12:00,723.99,724.0,723.65,723.7,303.8
2026-09-14 10:15:00,723.71,724.0,723.32,723.47,332.828
2026-09-14 10:18:00,723.48,723.53,723.0,723.0,227.792
2026-09-14 10:21:00,723.01,723.61,722.84,723.09,299.721
2026-09-14 10:24:00,723.09,723.58,722.89,723.11,261.92
2026-09-14 10:27:00,723.12,723.67,723.11,723.67,170.387
2026-09-14 10:30:00,723.68,723.68,722.57,723.07,322.932
2026-09-14 10:33:00,723.08,723.34,723.07,723.23,128.979
2026-09-14 10:36:00,723.23,723.57,723.22,723.35,154.513
2026-09-14 10:39:00,723.36,723.7,723.28,723.69,222.308
2026-09-14 10:42:00,723.7,724.08,723.67,723.81,294.461
2026-09-14 10:45:00,723.81,724.12,723.77,723.77,153.525
2026-09-14 10:48:00,723.77,724.2,723.72,723.9,149.149
2026-09-14 10:51:00,723.91,723.91,723.07,723.07,354.336
2026-09-14 10:54:00,723.08,723.32,722.93,723.24,372.149
2026-09-14 10:57:00,723.25,723.26,722.9,722.95,139.538
2026-09-14 11:00:00,722.95,723.45,722.74,722.74,286.303
2026-09-14 11:03:00,722.75,722.81,721.83,722.04,279.145
2026-09-14 11:06:00,722.04,722.21,721.3,721.9,333.784
2026-09-14 11:09:00,721.9,721.9,720.9,721.74,1519.747
2026-09-14 11:12:00,721.73,721.8,721.31,721.55,167.015
2026-09-14 11:15:00,721.54,721.87,721.47,721.86,150.844
2026-09-14 11:18:00,721.87,722.06,721.55,722.03,113.797
2026-09-14 11:21:00,722.03,722.05,721.79,721.91,134.853
2026-09-14 11:24:00,721.92,722.54,721.91,722.35,96.878
2026-09-14 11:27:00,722.34,722.6,722.33,722.6,117.103
2026-09-14 11:30:00,722.59,722.78,722.24,722.25,221.112
2026-09-14 11:33:00,722.24,722.25,721.53,721.59,201.128
2026-09-14 11:36:00,721.59,722.71,721.59,722.59,118.07
2026-09-14 11:39:00,722.59,722.6,721.7,722.09,427.33
2026-09-14 11:42:00,722.1,722.65,722.09,722.45,163.712
2026-09-14 11:45:00,722.45,722.47,722.29,722.32,117.703
2026-09-14 11:48:00,722.32,722.35,721.85,721.85,84.871
2026-09-14 11:51:00,721.86,721.86,721.22,721.23,114.535
2026-09-14 11:54:00,721.23,721.71,721.22,721.56,170.407
2026-09-14 11:57:00,721.57,722.17,721.56,722.16,273.082
2026-09-14 12:00:00,722.16,722.35,721.6,722.13,180.787
2026-09-14 12:03:00,722.13,722.39,721.75,721.83,118.837
2026-09-14 12:06:00,721.83,722.37,721.56,722.1,168.717
2026-09-14 12:09:00,722.09,722.42,721.9,722.34,147.045
2026-09-14 12:12:00,722.35,722.41,721.97,722.41,222.093
2026-09-14 12:15:00,722.4,723.05,722.4,722.83,180.587
2026-09-14 12:18:00,722.84,722.94,722.28,722.28,302.537
2026-09-14 12:21:00,722.29,722.66,722.23,722.63,95.229
2026-09-14 12:24:00,722.62,722.88,722.53,722.56,136.513
2026-09-14 12:27:00,722.56,722.93,722.53,722.69,251.683
2026-09-14 12:30:00,722.69,723.11,722.52,723.08,170.995
2026-09-14 12:33:00,723.09,723.32,721.34,721.66,279.173
2026-09-14 12:36:00,721.66,721.89,721.05,721.54,195.555
2026-09-14 12:39:00,721.55,722.0,720.96,721.67,445.695
2026-09-14 12:42:00,721.66,722.37,721.55,722.15,166.833
2026-09-14 12:45:00,722.14,722.42,721.39,721.66,413.9
2026-09-14 12:48:00,721.67,721.78,720.85,720.85,418.72
2026-09-14 12:51:00,720.85,720.86,720.19,720.46,171.754
2026-09-14 12:54:00,720.47,720.55,719.87,719.99,243.192
2026-09-14 12:57:00,719.99,720.3,719.99,720.17,176.667
2026-09-14 13:00:00,720.17,720.21,718.79,718.95,435.965
2026-09-14 13:03:00,718.95,719.56,718.26,718.5,600.959
2026-09-14 13:06:00,718.5,718.5,717.15,717.45,649.826
2026-09-14 13:09:00,717.45,719.61,717.42,719.17,264.051
2026-09-14 13:12:00,719.18,719.58,718.81,719.01,186.234
2026-09-14 13:15:00,719.01,720.21,719.0,720.05,518.58
2026-09-14 13:18:00,720.04,720.48,719.83,720.05,280.676
2026-09-14 13:21:00,720.04,720.05,719.63,719.76,190.905
2026-09-14 13:24:00,719.77,719.77,719.28,719.57,522.198
2026-09-14 13:27:00,719.57,720.13,719.55,720.13,156.939
2026-09-14 13:30:00,720.13,722.55,720.06,722.27,768.93
2026-09-14 13:33:00,722.27,722.97,721.59,721.59,1102.062
2026-09-14 13:36:00,721.59,722.05,719.41,721.5,435.299
2026-09-14 13:39:00,721.49,721.9,720.14,720.33,766.285
2026-09-14 13:42:00,720.34,721.66,720.32,721.54,199.26
2026-09-14 13:45:00,721.54,723.0,721.33,722.82,1305.93
2026-09-14 13:48:00,722.82,723.44,722.38,722.39,386.21
2026-09-14 13:51:00,722.39,722.88,721.09,721.86,676.802
2026-09-14 13:54:00,721.87,721.87,720.38,720.68,262.245
2026-09-14 13:57:00,720.68,721.25,720.08,720.68,144.311
2026-09-14 14:00:00,720.69,722.04,720.62,721.65,255.941
2026-09-14 14:03:00,721.66,722.73,721.66,721.9,700.826
2026-09-14 14:06:00,721.91,722.36,721.75,722.06,523.708
2026-09-14 14:09:00,722.06,723.46,721.93,722.91,593.11
2026-09-14 14:12:00,722.91,723.24,722.39,722.7,789.661
2026-09-14 14:15:00,722.71,723.35,722.54,723.06,743.724
2026-09-14 14:18:00,723.06,723.54,722.32,722.75,752.971
2026-09-14 14:21:00,722.74,722.75,721.08,721.47,508.029
2026-09-14 14:24:00,721.47,721.54,719.75,720.02,745.825
2026-09-14 14:27:00,720.02,722.06,720.02,721.57,687.329
2026-09-14 14:30:00,721.57,723.99,721.44,723.07,956.208
2026-09-14 14:33:00,723.07,723.16,721.5,721.51,421.277
2026-09-14 14:36:00,721.51,721.63,721.0,721.46,256.15
2026-09-14 14:39:00,721.47,721.7,720.84,721.18,248.117
2026-09-14 14:42:00,721.18,721.56,720.85,721.47,174.661
2026-09-14 14:45:00,721.47,722.72,721.42,721.72,327.926
2026-09-14 14:48:00,721.71,722.9,721.61,722.21,193.959
2026-09-14 14:51:00,722.21,722.21,721.3,721.34,186.85
2026-09-14 14:54:00,721.33,722.37,721.1,721.21,338.136
2026-09-14 14:57:00,721.22,722.08,721.12,721.58,163.947
2026-09-14 15:00:00,721.59,721.59,720.62,721.02,174.568
2026-09-14 15:03:00,721.02,721.63,720.01,720.91,490.938
2026-09-14 15:06:00,720.91,722.1,720.91,721.86,252.442
2026-09-14 15:09:00,721.87,722.0,720.89,720.98,208.695
2026-09-14 15:12:00,720.98,722.0,720.98,721.8,171.162
2026-09-14 15:15:00,721.8,722.65,721.29,721.97,639.305
2026-09-14 15:18:00,721.99,722.19,721.56,721.85,137.256
2026-09-14 15:21:00,721.86,722.05,721.3,721.53,171.799
2026-09-14 15:24:00,721.53,721.91,721.41,721.56,233.144
2026-09-14 15:27:00,721.56,721.85,721.16,721.49,279.045
2026-09-14 15:30:00,721.48,722.48,719.06,722.35,2783.303
2026-09-14 15:33:00,722.34,722.8,721.45,721.45,427.448
2026-09-14 15:36:00,721.45,721.84,721.17,721.5,342.332
2026-09-14 15:39:00,721.5,722.45,721.49,722.45,378.706
2026-09-14 15:42:00,722.44,722.94,722.34,722.63,171.767
2026-09-14 15:45:00,722.64,722.66,721.48,721.64,269.688
2026-09-14 15:48:00,721.65,722.53,721.53,722.11,291.387
2026-09-14 15:51:00,722.11,722.91,722.09,722.91,253.248
2026-09-14 15:54:00,722.9,723.11,722.04,722.63,591.137
2026-09-14 15:57:00,722.63,722.68,722.38,722.44,127.174
2026-09-14 16:00:00,722.45,723.14,722.44,722.79,232.905
2026-09-14 16:03:00,722.78,722.79,722.26,722.55,151.398
2026-09-14 16:06:00,722.56,722.75,722.48,722.51,201.385
2026-09-14 16:09:00,722.52,723.17,722.05,723.17,220.252
2026-09-14 16:12:00,723.16,723.28,722.83,722.9,145.67
2026-09-14 16:15:00,722.89,724.28,722.89,724.12,374.893
2026-09-14 16:18:00,724.12,725.59,724.12,724.57,774.495
2026-09-14 16:21:00,724.57,725.69,724.37,725.15,466.975
2026-09-14 16:24:00,725.15,725.87,723.75,723.75,1055.574
2026-09-14 16:27:00,723.75,724.34,723.47,723.91,263.398
2026-09-14 16:30:00,723.9,724.5,723.78,723.97,362.758
2026-09-14 16:33:00,723.96,724.18,723.55,723.7,158.838
2026-09-14 16:36:00,723.71,723.96,723.48,723.67,231.32
2026-09-14 16:39:00,723.66,723.96,723.48,723.58,240.894
2026-09-14 16:42:00,723.59,724.25,723.58,723.87,176.705
2026-09-14 16:45:00,723.87,726.0,723.87,725.71,971.615
2026-09-14 16:48:00,725.71,726.36,725.45,726.17,583.574
2026-09-14 16:51:00,726.16,726.5,725.67,725.67,589.387
2026-09-14 16:54:00,725.68,726.44,725.45,725.55,545.718
2026-09-14 16:57:00,725.55,725.59,724.8,724.8,589.164
2026-09-14 17:00:00,724.81,724.84,724.36,724.66,238.878
2026-09-14 17:03:00,724.67,724.67,724.0,724.22,295.995
2026-09-14 17:06:00,724.22,724.6,723.75,724.27,261.48
2026-09-14 17:09:00,724.28,724.88,724.09,724.65,311.982
2026-09-14 17:12:00,724.66,725.09,724.61,725.05,235.334
2026-09-14 17:15:00,725.04,725.3,724.77,725.0,309.42
2026-09-14 17:18:00,725.0,725.01,724.23,724.87,312.657
2026-09-14 17:21:00,724.88,725.37,724.53,725.19,326.476
2026-09-14 17:24:00,725.2,725.82,725.05,725.42,270.726
2026-09-14 17:27:00,725.41,725.51,724.68,725.06,334.08
2026-09-14 17:30:00,725.05,725.08,724.44,724.45,139.045
2026-09-14 17:33:00,724.44,724.89,723.8,724.56,237.61
2026-09-14 17:36:00,724.56,724.65,724.24,724.4,234.279
2026-09-14 17:39:00,724.4,724.64,723.97,724.64,149.15
2026-09-14 17:42:00,724.63,725.17,724.58,724.89,239.075
2026-09-14 17:45:00,724.89,725.27,724.77,725.24,202.43
2026-09-14 17:48:00,725.24,725.94,725.23,725.8,515.95
2026-09-14 17:51:00,725.8,726.32,725.8,726.26,395.991
2026-09-14 17:54:00,726.26,727.12,726.25,726.52,392.69
2026-09-14 17:57:00,726.51,726.56,726.0,726.23,298.97
2026-09-14 18:00:00,726.23,726.6,726.03,726.03,192.414
2026-09-14 18:03:00,726.04,726.68,725.87,725.87,347.339
2026-09-14 18:06:00,725.87,727.0,725.87,726.9,189.878
2026-09-14 18:09:00,726.89,727.0,725.93,725.95,374.493
2026-09-14 18:12:00,725.94,726.24,725.94,726.08,156.848
2026-09-14 18:15:00,726.09,726.36,725.96,726.26,480.369
2026-09-14 18:18:00,726.26,727.2,725.91,727.01,373.251
2026-09-14 18:21:00,727.02,727.57,726.66,726.9,233.692
2026-09-14 18:24:00,726.9,727.38,726.72,727.27,292.452
2026-09-14 18:27:00,727.28,727.7,727.15,727.52,198.474
2026-09-14 18:30:00,727.52,727.85,727.27,727.8,162.508
2026-09-14 18:33:00,727.8,727.93,727.17,727.18,222.562
2026-09-14 18:36:00,727.18,727.7,727.07,727.41,351.364
2026-09-14 18:39:00,727.41,727.44,726.85,727.02,234.598
2026-09-14 18:42:00,727.01,727.89,726.64,727.59,213.673
2026-09-14 18:45:00,727.58,728.18,727.55,727.89,445.017
2026-09-14 18:48:00,727.9,728.44,727.65,727.76,325.972
2026-09-14 18:51:00,727.76,727.76,727.25,727.48,153.54
2026-09-14 18:54:00,727.48,727.66,726.99,727.0,290.552
2026-09-14 18:57:00,727.0,727.53,726.99,727.21,118.825
2026-09-14 19:00:00,727.21,727.21,726.34,726.34,275.821
2026-09-14 19:03:00,726.34,726.37,725.92,726.1,219.368
2026-09-14 19:06:00,726.11,726.43,725.96,725.96,253.953
2026-09-14 19:09:00,725.96,726.27,725.8,726.07,823.249
2026-09-14 19:12:00,726.07,726.28,725.9,725.94,143.769
2026-09-14 19:15:00,725.94,726.11,725.8,725.83,440.013
2026-09-14 19:18:00,725.82,726.59,725.8,726.45,109.56
2026-09-14 19:21:00,726.45,726.5,725.95,726.43,118.816
2026-09-14 19:24:00,726.44,726.73,726.36,726.58,107.972
2026-09-14 19:27:00,726.57,726.98,726.05,726.05,124.967
2026-09-14 19:30:00,726.04,726.3,725.58,726.08,271.42
2026-09-14 19:33:00,726.07,726.16,725.63,725.77,173.439
2026-09-14 19:36:00,725.77,725.77,725.19,725.26,165.862
2026-09-14 19:39:00,725.26,725.72,725.2,725.71,68.066
2026-09-14 19:42:00,725.72,726.51,725.72,726.51,175.946
2026-09-14 19:45:00,726.5,726.96,726.33,726.48,212.629
2026-09-14 19:48:00,726.51,726.66,725.91,726.06,108.073
2026-09-14 19:51:00,726.05,726.06,725.5,725.5,145.003
2026-09-14 19:54:00,725.51,725.64,724.88,724.88,104.745
2026-09-14 19:57:00,724.88,725.54,724.83,725.34,200.271
2026-09-14 20:00:00,725.35,725.69,725.35,725.69,165.068
2026-09-14 20:03:00,725.7,726.08,725.7,726.07,56.247
2026-09-14 20:06:00,726.08,727.08,726.06,726.82,321.591
2026-09-14 20:09:00,726.83,727.08,726.74,726.94,160.459
2026-09-14 20:12:00,726.94,729.73,726.94,728.56,854.695
2026-09-14 20:15:00,728.56,731.12,728.56,730.97,1281.252
2026-09-14 20:18:00,730.98,732.05,730.84,731.96,748.736
2026-09-14 20:21:00,731.96,733.75,731.47,732.8,1438.814
2026-09-14 20:24:00,732.81,733.31,731.48,731.69,748.674
2026-09-14 20:27:00,731.69,732.04,730.95,731.59,841.288
2026-09-14 20:30:00,731.6,731.98,730.6,730.8,351.727
2026-09-14 20:33:00,730.8,731.83,730.43,731.4,461.973
2026-09-14 20:36:00,731.39,731.39,730.53,730.59,161.993
2026-09-14 20:39:00,730.58,730.69,730.13,730.6,171.378
2026-09-14 20:42:00,730.6,730.63,729.36,729.62,255.415
2026-09-14 20:45:00,729.63,730.23,729.27,729.36,265.271
2026-09-14 20:48:00,729.37,729.37,728.18,728.2,209.586
2026-09-14 20:51:00,728.2,728.53,728.01,728.28,237.249
2026-09-14 20:54:00,728.28,728.29,726.97,727.2,220.923
2026-09-14 20:57:00,727.19,727.32,726.68,726.93,198.076
2026-09-14 21:00:00,726.94,727.01,723.68,724.84,954.197
2026-09-14 21:03:00,724.85,725.71,724.56,725.37,364.037
2026-09-14 21:06:00,725.36,726.0,725.0,725.96,187.602
2026-09-14 21:09:00,725.96,725.96,724.77,724.77,360.31
2026-09-14 21:12:00,724.78,725.12,723.8,724.09,250.571
2026-09-14 21:15:00,724.09,724.61,723.7,724.15,299.126
2026-09-14 21:18:00,724.15,725.63,724.14,725.27,534.494
2026-09-14 21:21:00,725.27,725.36,724.71,724.95,188.108
2026-09-14 21:24:00,724.95,724.95,724.13,724.41,222.207
2026-09-14 21:27:00,724.42,724.73,724.13,724.26,131.632
2026-09-14 21:30:00,724.27,724.79,724.27,724.42,69.536
2026-09-14 21:33:00,724.42,724.42,723.77,723.77,201.157
2026-09-14 21:36:00,723.76,723.95,723.21,723.37,348.536
2026-09-14 21:39:00,723.37,724.26,723.37,724.19,143.989
2026-09-14 21:42:00,724.19,724.19,723.81,723.81,105.432
2026-09-14 21:45:00,723.82,724.14,723.7,723.77,116.885
2026-09-14 21:48:00,723.78,724.12,723.5,724.12,136.651
2026-09-14 21:51:00,724.12,724.12,723.39,723.65,131.21
2026-09-14 21:54:00,723.65,723.79,723.3,723.71,130.481
2026-09-14 21:57:00,723.71,723.77,723.5,723.57,87.765
2026-09-14 22:00:00,723.57,723.77,722.97,722.98,383.213
2026-09-14 22:03:00,722.99,723.49,722.58,723.45,269.565
2026-09-14 22:06:00,723.45,723.87,722.8,723.8,157.819
2026-09-14 22:09:00,723.8,724.49,723.79,724.28,328.498
2026-09-14 22:12:00,724.28,724.84,724.24,724.46,137.485
2026-09-14 22:15:00,724.47,724.56,724.01,724.03,183.819
2026-09-14 22:18:00,724.04,724.18,723.08,723.19,406.825
2026-09-14 22:21:00,723.19,723.32,722.82,723.07,148.665
2026-09-14 22:24:00,723.08,723.69,722.85,723.24,244.336
2026-09-14 22:27:00,723.24,723.4,722.72,723.4,109.083
2026-09-14 22:30:00,723.39,723.58,722.68,722.98,401.25
2026-09-14 22:33:00,722.97,723.15,722.55,723.14,100.426
2026-09-14 22:36:00,723.15,724.0,723.14,723.72,145.009
2026-09-14 22:39:00,723.73,724.0,723.49,723.71,146.875
2026-09-14 22:42:00,723.72,724.15,723.69,724.06,129.481
2026-09-14 22:45:00,724.05,724.05,723.26,723.46,126.942
2026-09-14 22:48:00,723.46,724.0,717.13,721.9,5704.847
2026-09-14 22:51:00,721.9,723.71,721.71,722.33,1268.02
2026-09-14 22:54:00,722.34,722.88,722.34,722.8,201.472
2026-09-14 22:57:00,722.79,722.88,722.6,722.6,55.364
2026-09-14 23:00:00,722.61,722.75,720.65,720.83,942.967
2026-09-14 23:03:00,720.83,720.84,720.18,720.23,231.601
2026-09-14 23:06:00,720.23,720.71,719.93,720.68,221.006
2026-09-14 23:09:00,720.68,721.23,720.52,721.23,108.749
2026-09-14 23:12:00,721.23,721.41,721.13,721.3,83.839
2026-09-14 23:15:00,721.3,722.04,721.25,721.69,274.063
2026-09-14 23:18:00,721.68,721.91,721.55,721.74,107.271
2026-09-14 23:21:00,721.74,721.98,721.44,721.92,175.985
2026-09-14 23:24:00,721.93,722.62,721.92,722.58,205.577
2026-09-14 23:27:00,722.59,722.59,721.8,722.02,249.416
2026-09-14 23:30:00,722.03,722.03,721.51,721.52,100.67
2026-09-14 23:33:00,721.52,721.64,721.13,721.14,42.073
2026-09-14 23:36:00,721.14,721.39,720.89,721.39,141.706
2026-09-14 23:39:00,721.39,721.57,721.33,721.39,71.734
2026-09-14 23:42:00,721.39,721.49,721.35,721.38,56.696
2026-09-14 23:45:00,721.38,721.38,720.9,720.91,109.672
2026-09-14 23:48:00,720.91,721.12,720.74,720.81,61.994
2026-09-14 23:51:00,720.81,720.81,719.01,720.49,553.982
2026-09-14 23:54:00,720.49,720.52,720.38,720.41,76.797
2026-09-14 23:57:00,720.4,720.54,720.17,720.42,57.332
2026-09-15 00:00:00,720.43,720.52,720.2,720.32,234.651
2026-09-15 00:03:00,720.33,720.53,720.0,720.01,163.605
2026-09-15 00:06:00,720.01,720.21,719.86,720.2,278.785
2026-09-15 00:09:00,720.21,720.53,720.0,720.08,276.887
2026-09-15 00:12:00,720.09,720.09,719.25,719.42,191.482
2026-09-15 00:15:00,719.42,719.59,719.37,719.59,93.921
2026-09-15 00:18:00,719.59,719.64,719.33,719.43,85.718
2026-09-15 00:21:00,719.43,720.1,719.32,719.91,260.571
2026-09-15 00:24:00,719.91,719.91,719.34,719.72,112.713
2026-09-15 00:27:00,719.71,719.72,719.32,719.57,448.036
2026-09-15 00:30:00,719.58,719.58,719.03,719.03,70.002
2026-09-15 00:33:00,719.04,719.27,718.94,719.27,134.443
2026-09-15 00:36:00,719.27,719.43,718.89,719.16,174.659
2026-09-15 00:39:00,719.15,719.24,718.92,719.24,94.637
2026-09-15 00:42:00,719.23,719.45,718.78,719.26,199.247
2026-09-15 00:45:00,719.25,719.44,719.04,719.04,93.595
2026-09-15 00:48:00,719.04,719.35,718.88,719.35,228.262
2026-09-15 00:51:00,719.35,719.88,719.29,719.63,195.373
2026-09-15 00:54:00,719.63,719.63,719.16,719.16,88.058
2026-09-15 00:57:00,719.17,719.35,718.97,719.35,111.534
2026-09-15 01:00:00,719.35,719.41,718.81,719.27,220.773
2026-09-15 01:03:00,719.28,719.36,719.02,719.02,154.466
2026-09-15 01:06:00,719.03,719.14,718.65,718.71,139.543
2026-09-15 01:09:00,718.71,719.05,718.26,719.05,247.431
2026-09-15 01:12:00,719.06,719.59,719.05,719.51,276.468
2026-09-15 01:15:00,719.51,719.81,719.21,719.79,251.002
2026-09-15 01:18:00,719.79,719.87,719.26,719.85,149.625
2026-09-15 01:21:00,719.85,720.97,719.84,720.91,203.29
2026-09-15 01:24:00,720.9,721.14,720.49,720.49,298.814
2026-09-15 01:27:00,720.5,720.5,719.32,719.45,165.994
2026-09-15 01:30:00,719.45,720.53,719.25,720.53,236.122
2026-09-15 01:33:00,720.53,720.53,719.78,719.89,75.197
2026-09-15 01:36:00,719.88,720.26,719.88,720.25,121.399
2026-09-15 01:39:00,720.25,720.43,720.15,720.32,149.055
2026-09-15 01:42:00,720.33,720.58,720.32,720.58,68.818
2026-09-15 01:45:00,720.58,720.82,720.01,720.82,111.045
2026-09-15 01:48:00,720.83,721.42,720.82,721.03,196.82
2026-09-15 01:51:00,721.03,721.03,720.73,720.82,107.749
2026-09-15 01:54:00,720.82,720.92,720.71,720.92,77.427
2026-09-15 01:57:00,720.91,720.92,720.31,720.32,103.243
2026-09-15 02:00:00,720.32,721.08,720.32,721.07,60.063
2026-09-15 02:03:00,721.08,721.08,720.68,720.77,93.615
2026-09-15 02:06:00,720.77,720.77,720.04,720.21,157.273
2026-09-15 02:09:00,720.21,721.01,720.21,721.01,102.107
2026-09-15 02:12:00,721.01,721.2,720.7,720.71,148.037
2026-09-15 02:15:00,720.72,721.25,720.45,721.24,162.292
2026-09-15 02:18:00,721.24,721.25,720.82,720.82,153.707
2026-09-15 02:21:00,720.83,721.23,720.77,721.23,97.434
2026-09-15 02:24:00,721.23,721.49,721.2,721.27,151.365
2026-09-15 02:27:00,721.26,721.32,720.54,720.63,129.158
2026-09-15 02:30:00,720.63,720.72,720.29,720.31,89.056
2026-09-15 02:33:00,720.3,720.66,720.2,720.57,274.999
2026-09-15 02:36:00,720.57,720.73,719.79,720.14,240.243
2026-09-15 02:39:00,720.13,720.44,720.12,720.27,86.726
2026-09-15 02:42:00,720.26,720.69,720.26,720.6,140.546
2026-09-15 02:45:00,720.6,720.62,720.4,720.43,45.245
2026-09-15 02:48:00,720.43,720.6,720.27,720.41,190.677
2026-09-15 02:51:00,720.42,722.08,720.28,721.79,672.638
2026-09-15 02:54:00,721.79,722.39,721.78,722.36,271.804
2026-09-15 02:57:00,722.36,722.36,721.83,721.88,141.856
2026-09-15 03:00:00,721.88,721.88,720.57,720.9,203.741
2026-09-15 03:03:00,720.91,721.16,720.58,721.04,179.13
2026-09-15 03:06:00,721.04,721.49,720.8,720.95,743.39
2026-09-15 03:09:00,720.96,720.96,719.62,719.77,313.302
2026-09-15 03:12:00,719.77,719.85,719.58,719.73,51.736
2026-09-15 03:15:00,719.73,719.81,719.3,719.75,214.288
2026-09-15 03:18:00,719.74,720.68,719.74,720.68,310.952
2026-09-15 03:21:00,720.68,721.41,720.68,721.37,164.327
2026-09-15 03:24:00,721.37,721.73,721.22,721.48,277.06
2026-09-15 03:27:00,721.47,721.56,721.25,721.25,78.063
2026-09-15 03:30:00,721.22,722.06,721.22,722.06,112.794
2026-09-15 03:33:00,722.06,722.29,721.93,722.28,137.728
2026-09-15 03:36:00,722.29,722.46,722.11,722.34,120.351
2026-09-15 03:39:00,722.33,722.34,722.14,722.21,72.065
2026-09-15 03:42:00,722.22,722.32,722.12,722.29,85.487
2026-09-15 03:45:00,722.29,722.53,722.13,722.23,156.766
2026-09-15 03:48:00,722.23,722.24,721.6,721.63,78.022
2026-09-15 03:51:00,721.64,722.07,721.63,721.7,117.119
2026-09-15 03:54:00,721.7,721.7,720.95,720.96,159.641
2026-09-15 03:57:00,720.96,721.54,720.95,721.37,122.692
2026-09-15 04:00:00,721.38,721.38,721.04,721.05,92.561
2026-09-15 04:03:00,721.04,721.61,720.79,721.61,97.227
2026-09-15 04:06:00,721.61,721.68,720.76,721.16,230.281
2026-09-15 04:09:00,721.15,721.26,720.92,721.2,57.392
2026-09-15 04:12:00,721.19,721.19,720.67,720.68,212.239
2026-09-15 04:15:00,720.67,721.03,720.63,720.72,184.335
2026-09-15 04:18:00,720.72,721.49,720.71,721.48,56.741
2026-09-15 04:21:00,721.49,721.69,721.17,721.25,133.875
2026-09-15 04:24:00,721.25,721.25,720.44,720.53,130.754
2026-09-15 04:27:00,720.53,720.65,719.88,720.32,296.297
2026-09-15 04:30:00,720.31,720.58,720.31,720.39,82.688
2026-09-15 04:33:00,720.39,720.85,720.18,720.69,333.999
2026-09-15 04:36:00,720.69,720.79,720.06,720.4,361.153
2026-09-15 04:39:00,720.4,720.52,719.99,720.52,242.789
2026-09-15 04:42:00,720.51,720.78,720.51,720.78,100.22
2026-09-15 04:45:00,720.79,720.99,720.52,720.88,124.763
2026-09-15 04:48:00,720.89,721.01,720.72,720.72,83.922
2026-09-15 04:51:00,720.73,720.79,720.61,720.72,94.675
2026-09-15 04:54:00,720.71,720.87,720.71,720.73,96.147
2026-09-15 04:57:00,720.72,720.73,720.58,720.59,65.214
2026-09-15 05:00:00,720.59,721.08,719.97,721.06,529.511
2026-09-15 05:03:00,721.05,721.37,721.05,721.36,99.07
2026-09-15 05:06:00,721.36,721.37,720.97,721.12,85.827
2026-09-15 05:09:00,721.13,721.13,719.71,720.09,217.028
2026-09-15 05:12:00,720.09,720.17,718.66,719.31,295.301
2026-09-15 05:15:00,719.31,719.56,718.65,718.65,174.288
2026-09-15 05:18:00,718.65,719.29,718.0,719.29,801.429
2026-09-15 05:21:00,719.3,719.59,719.01,719.02,107.575
2026-09-15 05:24:00,719.02,719.36,718.96,719.36,130.852
2026-09-15 05:27:00,719.36,720.06,719.36,719.86,79.789
2026-09-15 05:30:00,719.86,719.98,719.6,719.74,87.776
2026-09-15 05:33:00,719.75,720.02,719.48,719.89,56.167
2026-09-15 05:36:00,719.89,719.99,719.56,719.57,66.744
2026-09-15 05:39:00,719.57,720.52,719.56,720.33,109.206
2026-09-15 05:42:00,720.33,720.4,720.09,720.38,86.204
2026-09-15 05:45:00,720.38,720.59,720.36,720.58,47.229
2026-09-15 05:48:00,720.58,721.25,720.58,721.13,210.349
2026-09-15 05:51:00,721.13,721.69,721.13,721.62,129.265
2026-09-15 05:54:00,721.62,722.14,721.61,721.94,257.416
2026-09-15 05:57:00,721.94,722.14,721.48,721.48,92.39
2026-09-15 06:00:00,721.48,722.52,721.47,722.52,188.678
2026-09-15 06:03:00,722.52,723.5,722.51,723.12,277.462
2026-09-15 06:06:00,723.12,723.17,722.6,722.65,125.716
2026-09-15 06:09:00,722.65,722.67,721.86,721.91,138.238
2026-09-15 06:12:00,721.92,721.98,721.77,721.81,68.223
2026-09-15 06:15:00,721.81,721.81,721.51,721.74,89.216
2026-09-15 06:18:00,721.74,721.76,721.08,721.12,81.892
2026-09-15 06:21:00,721.14,721.14,720.45,720.48,116.873
2026-09-15 06:24:00,720.48,720.5,719.8,719.82,192.019
2026-09-15 06:27:00,719.82,719.83,719.41,719.55,123.556
2026-09-15 06:30:00,719.55,719.8,719.46,719.59,247.361
2026-09-15 06:33:00,719.59,719.64,719.11,719.56,115.619
2026-09-15 06:36:00,719.55,719.68,719.45,719.45,93.227
2026-09-15 06:39:00,719.45,719.45,718.9,719.32,243.402
2026-09-15 06:42:00,719.31,719.57,719.22,719.44,229.073
2026-09-15 06:45:00,719.44,719.55,719.11,719.19,184.57
2026-09-15 06:48:00,719.18,719.19,718.5,718.51,217.803
2026-09-15 06:51:00,718.51,718.51,717.84,717.85,239.597
2026-09-15 06:54:00,717.85,718.27,717.5,718.05,437.11
2026-09-15 06:57:00,718.06,718.55,718.05,718.54,37.628
2026-09-15 07:00:00,718.55,719.01,718.03,718.23,374.471
2026-09-15 07:03:00,718.24,719.08,718.23,718.62,110.015
2026-09-15 07:06:00,718.61,718.62,717.52,717.63,329.494
2026-09-15 07:09:00,717.62,717.78,717.55,717.7,329.17
2026-09-15 07:12:00,717.7,717.92,717.37,717.73,944.168
2026-09-15 07:15:00,717.74,717.85,717.32,717.45,364.425
2026-09-15 07:18:00,717.46,718.2,717.46,718.2,177.768
2026-09-15 07:21:00,718.19,718.31,717.87,718.28,345.296
2026-09-15 07:24:00,718.27,718.27,718.04,718.04,172.868
2026-09-15 07:27:00,718.04,718.05,717.81,718.0,146.098
2026-09-15 07:30:00,717.99,718.0,717.29,717.39,146.342
2026-09-15 07:33:00,717.39,717.39,716.18,717.23,450.473
2026-09-15 07:36:00,717.23,717.37,716.71,716.97,428.409
2026-09-15 07:39:00,716.98,717.31,716.84,716.84,330.769
2026-09-15 07:42:00,716.85,717.01,716.02,716.02,500.446
2026-09-15 07:45:00,716.03,716.76,716.0,716.42,384.191
2026-09-15 07:48:00,716.43,716.49,715.3,715.42,660.611
2026-09-15 07:51:00,715.41,715.42,715.0,715.04,517.89
2026-09-15 07:54:00,715.05,715.3,714.72,714.99,516.597
2026-09-15 07:57:00,714.99,715.09,714.9,715.09,263.133
2026-09-15 08:00:00,715.09,715.2,714.5,714.65,185.448
2026-09-15 08:03:00,714.64,715.27,714.58,715.18,314.937
2026-09-15 08:06:00,715.19,715.24,714.22,714.3,249.201
2026-09-15 08:09:00,714.3,715.36,714.21,715.11,660.749
2026-09-15 08:12:00,715.12,715.58,714.9,715.5,311.022
2026-09-15 08:15:00,715.49,715.94,714.84,715.0,276.552
2026-09-15 08:18:00,715.0,716.17,714.99,716.02,130.592
2026-09-15 08:21:00,716.03,716.17,715.65,716.14,144.209
2026-09-15 08:24:00,716.14,716.51,715.72,716.4,298.216
2026-09-15 08:27:00,716.39,716.4,715.92,716.1,75.974
2026-09-15 08:30:00,716.09,716.51,715.88,716.3,254.54
2026-09-15 08:33:00,716.29,716.43,716.29,716.42,90.067
2026-09-15 08:36:00,716.43,716.65,716.29,716.3,124.834
2026-09-15 08:39:00,716.3,716.41,715.35,716.3,475.623
2026-09-15 08:42:00,716.29,716.6,716.29,716.36,51.728
2026-09-15 08:45:00,716.35,716.91,716.35,716.91,97.223
2026-09-15 08:48:00,716.9,717.01,716.52,716.73,436.52
2026-09-15 08:51:00,716.73,717.01,716.72,717.0,65.62
2026-09-15 08:54:00,717.01,717.21,717.0,717.21,85.572
2026-09-15 08:57:00,717.21,717.65,717.21,717.61,133.832
2026-09-15 09:00:00,717.6,717.61,717.15,717.16,135.641
2026-09-15 09:03:00,717.17,717.46,717.16,717.32,158.021
2026-09-15 09:06:00,717.31,717.32,716.96,717.04,186.658
2026-09-15 09:09:00,717.04,717.25,716.96,717.03,88.585
2026-09-15 09:12:00,717.03,717.08,717.0,717.07,56.253
2026-09-15 09:15:00,717.08,717.27,717.07,717.13,27.054
2026-09-15 09:18:00,717.14,717.14,717.07,717.07,39.027
2026-09-15 09:21:00,717.07,717.45,717.07,717.25,67.197
2026-09-15 09:24:00,717.25,717.32,717.0,717.09,179.064
2026-09-15 09:27:00,717.08,717.16,716.85,717.16,116.62
2026-09-15 09:30:00,717.16,717.16,716.77,716.81,124.575
2026-09-15 09:33:00,716.81,717.4,716.6,717.4,209.498
2026-09-15 09:36:00,717.4,717.54,716.97,717.35,261.761
2026-09-15 09:39:00,717.36,717.53,717.21,717.39,123.796
2026-09-15 09:42:00,717.38,717.54,717.12,717.53,200.939
2026-09-15 09:45:00,717.54,718.0,717.53,718.0,250.502
2026-09-15 09:48:00,717.99,718.5,717.99,718.23,236.192
2026-09-15 09:51:00,718.23,718.37,718.09,718.31,233.83
2026-09-15 09:54:00,718.32,718.5,718.0,718.28,183.186
2026-09-15 09:57:00,718.28,718.32,717.58,717.58,282.249
2026-09-15 10:00:00,717.59,718.0,717.57,717.6,238.782
2026-09-15 10:03:00,717.59,718.27,717.5,717.74,177.303
2026-09-15 10:06:00,717.73,718.5,717.72,718.5,93.892
2026-09-15 10:09:00,718.5,718.5,718.23,718.5,84.638
2026-09-15 10:12:00,718.5,718.5,718.24,718.37,56.683
2026-09-15 10:15:00,718.36,718.89,718.36,718.88,82.688
2026-09-15 10:18:00,718.88,719.0,718.29,718.29,107.342
2026-09-15 10:21:00,718.3,718.89,718.12,718.89,289.473
2026-09-15 10:24:00,718.89,719.41,718.88,719.18,153.972
2026-09-15 10:27:00,719.17,719.18,718.12,718.21,205.16
2026-09-15 10:30:00,718.2,718.27,717.96,718.27,123.795
2026-09-15 10:33:00,718.26,718.6,718.19,718.3,366.857
2026-09-15 10:36:00,718.3,718.48,718.1,718.16,265.622
2026-09-15 10:39:00,718.16,718.84,718.13,718.84,722.815
2026-09-15 10:42:00,718.84,719.52,718.83,719.5,74.738
2026-09-15 10:45:00,719.5,719.52,719.29,719.46,132.992
2026-09-15 10:48:00,719.46,719.77,719.36,719.6,112.886
2026-09-15 10:51:00,719.59,720.13,719.57,719.74,305.739
2026-09-15 10:54:00,719.74,720.18,719.61,720.03,140.887
2026-09-15 10:57:00,720.03,720.33,719.4,719.44,152.525
2026-09-15 11:00:00,719.45,720.0,719.44,719.84,57.091
2026-09-15 11:03:00,719.85,719.85,719.37,719.77,177.023
2026-09-15 11:06:00,719.77,720.15,719.69,720.14,117.245
2026-09-15 11:09:00,720.14,720.39,720.0,720.01,55.541
2026-09-15 11:12:00,720.0,720.01,719.02,719.07,138.865
2026-09-15 11:15:00,719.08,719.52,718.98,719.5,113.439
2026-09-15 11:18:00,719.49,719.54,719.0,719.14,175.27
2026-09-15 11:21:00,719.14,719.14,718.19,718.2,143.417
2026-09-15 11:24:00,718.2,718.2,718.1,718.19,121.435
2026-09-15 11:27:00,718.2,718.2,718.16,718.17,27.11
2026-09-15 11:30:00,718.17,718.17,717.86,717.86,66.463
2026-09-15 11:33:00,717.87,718.18,717.77,718.18,124.953
2026-09-15 11:36:00,718.17,718.18,717.64,717.64,78.335
2026-09-15 11:39:00,717.64,718.07,717.39,717.78,375.503
2026-09-15 11:42:00,717.79,718.0,717.73,717.95,146.119
2026-09-15 11:45:00,717.94,717.98,717.77,717.78,85.969
2026-09-15 11:48:00,717.77,717.89,717.69,717.89,111.709
2026-09-15 11:51:00,717.89,718.57,717.88,718.51,49.341
2026-09-15 11:54:00,718.5,718.57,718.34,718.57,60.359
2026-09-15 11:57:00,718.57,718.96,718.56,718.89,47.439
2026-09-15 12:00:00,718.89,719.36,718.84,718.84,260.703
2026-09-15 12:03:00,718.85,719.13,718.75,718.77,295.632
2026-09-15 12:06:00,718.77,718.82,718.42,718.42,76.502
2026-09-15 12:09:00,718.41,718.88,718.06,718.8,159.463
2026-09-15 12:12:00,718.79,718.98,718.36,718.38,94.084
2026-09-15 12:15:00,718.37,719.27,718.15,719.12,264.371
2026-09-15 12:18:00,719.12,719.16,718.47,718.48,63.558
2026-09-15 12:21:00,718.48,719.29,718.47,719.28,147.503
2026-09-15 12:24:00,719.29,719.29,718.86,719.15,51.179
2026-09-15 12:27:00,719.16,719.37,718.7,719.08,255.936
2026-09-15 12:30:00,719.09,719.13,718.31,718.44,224.044
2026-09-15 12:33:00,718.43,719.07,718.26,718.87,338.827
2026-09-15 12:36:00,718.88,719.2,718.87,718.95,204.947
2026-09-15 12:39:00,718.95,719.23,718.75,718.91,140.904
2026-09-15 12:42:00,718.91,719.15,718.81,719.11,302.415
2026-09-15 12:45:00,719.11,719.11,718.58,718.91,70.464
2026-09-15 12:48:00,718.92,720.18,718.83,719.98,199.989
2026-09-15 12:51:00,719.98,720.53,719.97,720.52,183.987
2026-09-15 12:54:00,720.53,721.48,720.53,721.03,458.685
2026-09-15 12:57:00,721.03,721.03,720.01,720.33,71.24
2026-09-15 13:00:00,720.33,721.06,720.32,720.63,156.543
2026-09-15 13:03:00,720.64,722.0,720.55,722.0,331.999
2026-09-15 13:06:00,721.99,722.27,720.99,720.99,565.306
2026-09-15 13:09:00,720.99,721.38,720.98,721.2,324.655
2026-09-15 13:12:00,721.19,721.29,720.15,720.63,388.086
2026-09-15 13:15:00,720.64,721.0,720.41,720.95,103.499
2026-09-15 13:18:00,720.95,721.0,720.33,720.68,50.297
2026-09-15 13:21:00,720.68,720.76,720.49,720.68,85.551
2026-09-15 13:24:00,720.67,720.72,720.4,720.45,70.707
2026-09-15 13:27:00,720.45,721.24,720.44,721.02,486.848
2026-09-15 13:30:00,721.02,721.02,719.48,719.58,373.261
2026-09-15 13:33:00,719.58,719.74,718.0,718.69,454.127
2026-09-15 13:36:00,718.69,718.98,716.53,716.8,634.867
2026-09-15 13:39:00,716.79,718.25,715.0,717.84,1510.672
2026-09-15 13:42:00,717.84,718.35,716.59,718.11,514.804
2026-09-15 13:45:00,718.11,718.46,717.32,717.54,262.243
2026-09-15 13:48:00,717.53,718.15,716.92,716.92,251.969
2026-09-15 13:51:00,716.92,717.43,716.75,717.42,289.394
2026-09-15 13:54:00,717.42,718.57,717.05,718.57,245.243
2026-09-15 13:57:00,718.56,720.48,718.32,720.31,816.614
2026-09-15 14:00:00,720.32,721.62,719.64,719.75,720.275
2026-09-15 14:03:00,719.75,721.37,718.98,719.25,515.249
2026-09-15 14:06:00,719.24,719.89,719.2,719.71,211.073
2026-09-15 14:09:00,719.72,721.01,719.72,720.08,256.384
2026-09-15 14:12:00,720.07,720.28,719.73,719.78,162.12
2026-09-15 14:15:00,719.79,720.64,719.01,719.49,281.106
2026-09-15 14:18:00,719.48,720.0,718.91,719.91,354.737
2026-09-15 14:21:00,719.9,720.0,718.4,718.59,426.311
2026-09-15 14:24:00,718.58,719.21,718.54,718.85,209.244
2026-09-15 14:27:00,718.85,719.29,718.63,718.75,119.635
2026-09-15 14:30:00,718.75,718.85,717.77,718.17,327.819
2026-09-15 14:33:00,718.16,718.52,716.91,717.66,616.013
2026-09-15 14:36:00,717.66,717.86,716.55,716.57,1011.382
2026-09-15 14:39:00,716.58,716.65,714.72,715.11,1780.263
2026-09-15 14:42:00,715.15,716.65,715.0,716.19,915.424
2026-09-15 14:45:00,716.19,716.52,714.72,714.85,663.478
2026-09-15 14:48:00,714.85,715.35,713.12,713.53,1132.687
2026-09-15 14:51:00,713.52,714.12,711.37,713.46,1877.928
2026-09-15 14:54:00,713.46,714.94,713.46,714.1,1112.335
2026-09-15 14:57:00,714.1,715.77,713.96,715.52,722.672
2026-09-15 15:00:00,715.53,716.62,714.84,716.13,736.333
2026-09-15 15:03:00,716.13,717.87,716.13,717.13,1011.883
2026-09-15 15:06:00,717.14,718.19,717.11,717.58,345.354
2026-09-15 15:09:00,717.6,717.75,717.12,717.48,292.38
2026-09-15 15:12:00,717.48,717.63,717.2,717.49,244.363
2026-09-15 15:15:00,717.49,718.31,717.11,718.31,351.625
2026-09-15 15:18:00,718.3,718.49,717.55,717.66,308.663
2026-09-15 15:21:00,717.66,717.8,717.18,717.63,353.869
2026-09-15 15:24:00,717.63,719.74,717.59,719.18,528.339
2026-09-15 15:27:00,719.18,719.61,718.83,718.83,290.918
2026-09-15 15:30:00,718.84,719.0,717.78,717.96,318.975
2026-09-15 15:33:00,717.95,719.08,717.77,718.91,179.136
2026-09-15 15:36:00,718.92,719.56,718.66,718.82,262.732
2026-09-15 15:39:00,718.84,719.49,718.83,719.26,214.664
2026-09-15 15:42:00,719.27,719.59,719.17,719.18,168.931
2026-09-15 15:45:00,719.17,719.38,718.54,718.65,187.804
2026-09-15 15:48:00,718.65,719.67,718.38,719.66,379.322
2026-09-15 15:51:00,719.66,719.67,718.89,719.34,138.489
2026-09-15 15:54:00,719.33,719.52,718.43,719.08,206.318
2026-09-15 15:57:00,719.08,719.24,718.59,718.61,70.277
2026-09-15 16:00:00,718.61,718.74,718.24,718.53,436.989
2026-09-15 16:03:00,718.54,718.54,717.81,717.86,77.356
2026-09-15 16:06:00,717.86,717.96,717.2,717.35,343.138
2026-09-15 16:09:00,717.35,717.35,716.88,717.21,101.958
2026-09-15 16:12:00,717.21,717.21,716.18,716.3,167.703
2026-09-15 16:15:00,716.3,717.37,716.29,717.37,119.04
2026-09-15 16:18:00,717.37,718.08,717.33,717.94,212.806
2026-09-15 16:21:00,717.93,719.16,717.93,719.05,231.224
2026-09-15 16:24:00,719.05,719.38,718.75,719.1,304.613
2026-09-15 16:27:00,719.11,719.67,719.1,719.58,226.72
2026-09-15 16:30:00,719.58,719.8,719.11,719.34,339.767
2026-09-15 16:33:00,719.33,719.33,718.73,719.09,49.456
2026-09-15 16:36:00,719.1,719.4,718.7,718.74,291.025
2026-09-15 16:39:00,718.75,718.98,718.44,718.45,132.883
2026-09-15 16:42:00,718.44,718.76,718.15,718.7,299.372
2026-09-15 16:45:00,718.71,719.77,718.7,719.73,205.517
2026-09-15 16:48:00,719.72,720.0,719.33,719.99,135.518
2026-09-15 16:51:00,719.99,720.8,719.95,720.16,208.716
2026-09-15 16:54:00,720.16,720.62,719.93,719.94,190.496
2026-09-15 16:57:00,719.94,720.0,719.49,719.59,169.166
2026-09-15 17:00:00,719.58,719.74,718.95,718.95,69.888
2026-09-15 17:03:00,718.95,719.13,718.19,718.29,300.361
2026-09-15 17:06:00,718.28,718.29,717.46,717.59,110.953
2026-09-15 17:09:00,717.61,718.1,717.53,717.81,72.364
2026-09-15 17:12:00,717.82,718.26,717.72,718.18,85.965
2026-09-15 17:15:00,718.18,718.4,717.9,718.3,65.45
2026-09-15 17:18:00,718.29,718.92,718.17,718.83,72.13
2026-09-15 17:21:00,718.83,719.33,718.69,719.33,64.203
2026-09-15 17:24:00,719.34,719.96,719.18,719.96,56.518
2026-09-15 17:27:00,719.95,720.57,719.95,720.51,227.205
2026-09-15 17:30:00,720.51,721.87,720.37,721.36,318.874
2026-09-15 17:33:00,721.37,725.0,721.37,724.35,975.678
2026-09-15 17:36:00,724.34,724.92,722.93,723.52,729.914
2026-09-15 17:39:00,723.52,723.64,722.68,722.82,280.584
2026-09-15 17:42:00,722.82,722.82,721.65,721.87,242.856
2026-09-15 17:45:00,721.87,723.89,721.87,723.86,171.614
2026-09-15 17:48:00,723.87,724.53,723.87,724.53,259.793
2026-09-15 17:51:00,724.53,724.54,723.27,723.27,139.478
2026-09-15 17:54:00,723.28,723.67,723.0,723.13,261.676
2026-09-15 17:57:00,723.13,723.4,723.04,723.13,62.131
2026-09-15 18:00:00,723.13,723.82,722.53,723.82,820.199
2026-09-15 18:03:00,723.83,724.0,723.1,723.39,135.041
2026-09-15 18:06:00,723.38,723.83,722.59,722.99,213.642
2026-09-15 18:09:00,722.99,723.52,722.85,723.27,110.473
2026-09-15 18:12:00,723.27,723.93,723.16,723.45,243.032
2026-09-15 18:15:00,723.43,723.48,721.18,721.18,270.7
2026-09-15 18:18:00,721.18,722.54,720.9,721.78,500.099
2026-09-15 18:21:00,721.77,722.27,721.77,721.86,191.696
2026-09-15 18:24:00,721.86,722.12,721.55,721.78,298.766
2026-09-15 18:27:00,721.77,725.32,721.36,722.79,2489.407
2026-09-15 18:30:00,722.8,723.05,721.5,722.14,305.886
2026-09-15 18:33:00,722.14,722.23,719.58,721.56,716.692
2026-09-15 18:36:00,721.56,721.56,716.1,718.48,2934.922
2026-09-15 18:39:00,718.47,718.97,714.7,716.8,1744.959
2026-09-15 18:42:00,716.86,717.03,714.16,714.49,1278.409
2026-09-15 18:45:00,714.47,714.72,709.28,711.01,3688.01
2026-09-15 18:48:00,711.01,711.01,707.04,709.96,2649.612
2026-09-15 18:51:00,709.96,715.37,709.39,715.22,1501.812
2026-09-15 18:54:00,715.22,718.72,714.85,717.5,1143.098
2026-09-15 18:57:00,717.44,718.35,716.74,718.17,468.387
2026-09-15 19:00:00,718.19,719.03,717.26,718.89,1578.671
2026-09-15 19:03:00,718.9,721.55,718.9,719.76,1042.216
2026-09-15 19:06:00,719.77,720.88,719.29,720.11,332.525
2026-09-15 19:09:00,720.12,721.37,720.1,720.82,458.683
2026-09-15 19:12:00,720.83,720.94,719.89,720.43,397.691
2026-09-15 19:15:00,720.4,722.55,719.92,722.3,689.623
2026-09-15 19:18:00,722.3,722.48,720.86,720.94,452.055
2026-09-15 19:21:00,720.93,722.59,720.92,722.0,425.488
2026-09-15 19:24:00,721.98,721.98,720.81,720.82,284.738
2026-09-15 19:27:00,720.81,720.82,719.34,719.7,235.498
2026-09-15 19:30:00,719.7,720.57,719.27,719.8,261.893
2026-09-15 19:33:00,719.8,720.63,719.29,719.57,409.243
2026-09-15 19:36:00,719.57,719.74,718.82,719.74,339.492
2026-09-15 19:39:00,719.76,720.0,718.27,718.27,430.639
2026-09-15 19:42:00,718.27,718.5,717.96,717.96,178.996
2026-09-15 19:45:00,717.96,718.11,717.52,718.06,92.331
2026-09-15 19:48:00,718.05,718.44,717.9,718.35,142.599
2026-09-15 19:51:00,718.34,718.86,717.78,718.86,82.965
2026-09-15 19:54:00,718.86,719.34,718.7,719.29,129.408
2026-09-15 19:57:00,719.3,719.64,719.27,719.57,85.312
2026-09-15 20:00:00,719.58,720.51,719.51,719.64,234.041
2026-09-15 20:03:00,719.62,719.62,717.8,717.81,272.172
2026-09-15 20:06:00,717.8,717.8,716.75,716.75,245.942
2026-09-15 20:09:00,716.75,718.15,716.65,717.31,129.726
2026-09-15 20:12:00,717.32,717.98,716.31,717.05,422.318
2026-09-15 20:15:00,717.06,717.09,716.36,716.76,118.186
2026-09-15 20:18:00,716.77,716.77,715.65,715.66,394.517
2026-09-15 20:21:00,715.66,715.66,714.91,715.4,510.817
2026-09-15 20:24:00,715.4,716.16,715.09,715.1,162.373
2026-09-15 20:27:00,715.09,715.1,714.28,714.29,239.382
2026-09-15 20:30:00,714.29,714.29,712.62,712.63,665.668
2026-09-15 20:33:00,712.63,713.45,712.28,713.35,271.267
2026-09-15 20:36:00,713.36,715.1,713.2,714.66,289.779
2026-09-15 20:39:00,714.66,714.85,713.73,714.64,122.96
2026-09-15 20:42:00,714.63,714.82,714.1,714.82,95.389
2026-09-15 20:45:00,714.82,716.09,714.82,715.31,346.529
2026-09-15 20:48:00,715.31,716.73,715.31,716.64,264.689
2026-09-15 20:51:00,716.64,716.64,715.71,715.75,78.82
2026-09-15 20:54:00,715.76,716.24,715.55,715.56,55.254
2026-09-15 20:57:00,715.55,715.56,715.12,715.12,94.557
2026-09-15 21:00:00,715.13,715.24,713.57,714.16,414.458
2026-09-15 21:03:00,714.16,714.89,713.98,714.52,196.42
2026-09-15 21:06:00,714.52,714.52,713.78,713.99,50.905
2026-09-15 21:09:00,713.99,714.91,713.87,714.77,71.458
2026-09-15 21:12:00,714.78,715.73,714.52,714.66,253.47
2026-09-15 21:15:00,714.66,714.78,714.07,714.73,153.515
2026-09-15 21:18:00,714.73,715.09,714.25,714.82,55.107
2026-09-15 21:21:00,714.81,714.82,713.57,713.78,183.895
2026-09-15 21:24:00,713.78,713.94,713.15,713.29,317.436
2026-09-15 21:27:00,713.28,713.29,712.14,712.39,197.859
2026-09-15 21:30:00,712.38,712.81,712.12,712.8,35.632
2026-09-15 21:33:00,712.81,713.19,712.17,712.37,243.967
2026-09-15 21:36:00,712.37,713.59,711.93,713.18,219.425
2026-09-15 21:39:00,713.17,713.89,713.09,713.84,96.911
2026-09-15 21:42:00,713.84,713.94,713.7,713.74,42.221
2026-09-15 21:45:00,713.74,713.83,712.99,713.24,70.36
2026-09-15 21:48:00,713.24,713.25,712.73,712.8,15.226
2026-09-15 21:51:00,712.8,712.8,711.91,712.48,115.348
2026-09-15 21:54:00,712.49,712.49,711.57,711.58,361.614
2026-09-15 21:57:00,711.57,711.57,710.66,711.2,187.799
2026-09-15 22:00:00,711.2,712.83,710.85,712.65,309.735
2026-09-15 22:03:00,712.66,712.95,711.38,711.63,272.76
2026-09-15 22:06:00,711.64,711.75,710.88,711.0,350.06
2026-09-15 22:09:00,711.01,711.6,710.46,710.98,308.718
2026-09-15 22:12:00,710.98,710.98,710.24,710.56,214.231
2026-09-15 22:15:00,710.56,710.83,709.65,709.98,395.328
2026-09-15 22:18:00,709.97,710.04,709.21,709.85,251.834
2026-09-15 22:21:00,709.86,710.2,708.76,709.64,273.96
2026-09-15 22:24:00,709.64,711.76,709.64,711.76,322.458
2026-09-15 22:27:00,711.76,712.36,711.76,711.9,202.148
2026-09-15 22:30:00,711.9,712.62,711.85,712.45,173.347
2026-09-15 22:33:00,712.44,713.07,712.08,712.43,148.451
2026-09-15 22:36:00,712.42,713.53,712.31,713.41,85.931
2026-09-15 22:39:00,713.41,713.53,712.78,712.78,217.874
2026-09-15 22:42:00,712.78,713.15,712.65,713.02,137.175
2026-09-15 22:45:00,713.0,713.81,712.85,713.61,81.74
2026-09-15 22:48:00,713.6,714.18,713.55,714.13,81.228
2026-09-15 22:51:00,714.14,714.59,714.13,714.29,178.556
2026-09-15 22:54:00,714.29,714.48,713.49,713.8,202.125
2026-09-15 22:57:00,713.8,714.15,713.18,713.4,76.813
2026-09-15 23:00:00,713.4,713.85,713.28,713.55,62.268
2026-09-15 23:03:00,713.57,713.93,713.43,713.93,43.704
2026-09-15 23:06:00,713.93,714.17,713.76,714.1,33.313
2026-09-15 23:09:00,714.09,714.91,714.07,714.91,146.568
2026-09-15 23:12:00,714.91,715.41,714.91,715.31,167.057
2026-09-15 23:15:00,715.31,715.47,714.94,715.19,535.931
2026-09-15 23:18:00,715.19,715.48,715.0,715.19,24.363
2026-09-15 23:21:00,715.19,715.19,714.76,715.03,136.042
2026-09-15 23:24:00,715.02,715.03,714.38,714.43,57.915
2026-09-15 23:27:00,714.44,714.68,714.0,714.07,118.96
2026-09-15 23:30:00,714.06,714.06,712.14,712.5,186.582
2026-09-15 23:33:00,712.49,713.63,712.49,713.1,185.878
2026-09-15 23:36:00,713.1,713.1,711.96,712.08,130.658
2026-09-15 23:39:00,712.08,712.63,711.9,712.59,448.143
2026-09-15 23:42:00,712.58,713.06,712.38,712.83,130.161
2026-09-15 23:45:00,712.82,713.03,712.54,712.54,185.949
2026-09-15 23:48:00,712.55,713.1,712.47,713.1,119.72
2026-09-15 23:51:00,713.1,713.42,712.9,712.97,88.596
2026-09-15 23:54:00,712.96,712.96,712.4,712.41,166.066
2026-09-15 23:57:00,712.4,712.55,712.03,712.06,92.218
2026-09-16 00:00:00,712.07,712.52,711.91,712.51,271.715
2026-09-16 00:03:00,712.52,713.79,712.52,713.63,259.728
2026-09-16 00:06:00,713.63,714.14,713.55,714.01,407.589
2026-09-16 00:09:00,714.03,714.68,713.65,714.68,230.376
2026-09-16 00:12:00,714.67,714.79,714.36,714.56,118.428
2026-09-16 00:15:00,714.56,715.31,714.35,715.15,135.661
2026-09-16 00:18:00,715.16,715.33,714.91,714.92,162.998
2026-09-16 00:21:00,714.92,715.67,714.81,715.67,192.168
2026-09-16 00:24:00,715.66,715.8,715.4,715.42,108.503
2026-09-16 00:27:00,715.42,715.76,714.84,715.76,243.804
2026-09-16 00:30:00,715.75,716.0,715.7,715.77,134.706
2026-09-16 00:33:00,715.77,715.81,715.15,715.33,67.629
2026-09-16 00:36:00,715.32,715.77,715.08,715.66,232.643
2026-09-16 00:39:00,715.66,715.92,714.55,714.55,164.369
2026-09-16 00:42:00,714.55,714.55,713.69,713.95,49.747
2026-09-16 00:45:00,713.95,714.21,713.43,714.21,219.136
2026-09-16 00:48:00,714.16,714.68,713.95,713.96,91.818
2026-09-16 00:51:00,713.95,714.81,713.95,714.5,147.733
2026-09-16 00:54:00,714.5,714.5,714.25,714.4,77.441
2026-09-16 00:57:00,714.39,714.4,713.86,713.98,255.754
2026-09-16 01:00:00,713.98,714.98,713.98,714.11,118.213
2026-09-16 01:03:00,714.1,714.1,713.06,713.27,184.427
2026-09-16 01:06:00,713.28,713.7,713.28,713.6,49.404
2026-09-16 01:09:00,713.6,714.01,713.51,713.93,48.058
2026-09-16 01:12:00,713.92,713.97,713.14,713.83,134.483
2026-09-16 01:15:00,713.83,713.83,713.45,713.63,66.315
2026-09-16 01:18:00,713.63,713.88,713.52,713.86,142.588
2026-09-16 01:21:00,713.86,714.5,713.86,714.16,1283.491
2026-09-16 01:24:00,714.16,714.8,714.16,714.21,97.265
2026-09-16 01:27:00,714.21,714.63,714.06,714.16,112.139
2026-09-16 01:30:00,714.15,714.15,713.13,713.14,114.134
2026-09-16 01:33:00,713.13,713.18,711.82,712.34,320.957
2026-09-16 01:36:00,712.33,712.33,710.76,711.01,321.856
2026-09-16 01:39:00,711.05,711.27,710.28,710.93,217.462
2026-09-16 01:42:00,710.94,711.41,710.94,711.21,132.554
2026-09-16 01:45:00,711.2,711.69,710.72,710.84,304.689
2026-09-16 01:48:00,710.85,710.92,710.02,710.03,116.508
2026-09-16 01:51:00,710.02,710.13,709.49,709.5,263.738
2026-09-16 01:54:00,709.5,709.5,708.89,708.9,320.0
2026-09-16 01:57:00,708.9,709.49,708.38,708.9,462.84
2026-09-16 02:00:00,708.91,710.21,708.43,710.21,757.635
2026-09-16 02:03:00,710.22,710.71,709.77,710.09,370.508
2026-09-16 02:06:00,710.08,710.09,708.99,709.32,640.171
2026-09-16 02:09:00,709.32,709.32,708.34,708.58,477.024
2026-09-16 02:12:00,708.58,710.26,708.28,710.05,438.215
2026-09-16 02:15:00,710.04,711.89,710.04,711.68,252.002
2026-09-16 02:18:00,711.68,711.86,711.03,711.74,110.456
2026-09-16 02:21:00,711.75,711.89,711.53,711.68,185.784
2026-09-16 02:24:00,711.68,712.04,711.64,711.9,97.66
2026-09-16 02:27:00,711.91,712.61,711.91,712.61,125.214
2026-09-16 02:30:00,712.62,714.11,712.62,713.6,338.531
2026-09-16 02:33:00,713.6,714.33,713.26,714.33,165.105
2026-09-16 02:36:00,714.32,714.81,714.17,714.56,224.623
2026-09-16 02:39:00,714.57,714.94,714.28,714.39,207.889
2026-09-16 02:42:00,714.4,714.63,714.0,714.05,59.109
2026-09-16 02:45:00,714.05,714.14,713.8,713.9,116.771
2026-09-16 02:48:00,713.9,714.35,713.86,714.09,145.659
2026-09-16 02:51:00,714.1,714.1,713.18,713.48,319.797
2026-09-16 02:54:00,713.48,713.48,711.82,712.36,253.524
2026-09-16 02:57:00,712.36,713.0,712.35,712.86,135.468
2026-09-16 03:00:00,712.86,713.9,712.8,713.9,119.965
2026-09-16 03:03:00,713.89,713.9,713.12,713.85,302.558
2026-09-16 03:06:00,713.86,714.07,713.27,713.48,100.223
2026-09-16 03:09:00,713.49,714.83,713.24,714.83,298.22
2026-09-16 03:12:00,714.84,715.0,714.61,714.95,63.423
2026-09-16 03:15:00,714.96,715.66,714.95,715.65,83.094
2026-09-16 03:18:00,715.66,715.76,715.08,715.33,196.202
2026-09-16 03:21:00,715.32,715.55,715.04,715.37,121.317
2026-09-16 03:24:00,715.37,715.37,715.03,715.2,141.152
2026-09-16 03:27:00,715.2,715.46,714.38,714.43,687.561
2026-09-16 03:30:00,714.42,714.76,714.01,714.68,158.1
2026-09-16 03:33:00,714.69,714.69,714.03,714.09,33.506
2026-09-16 03:36:00,714.09,714.09,713.17,713.34,75.439
2026-09-16 03:39:00,713.35,714.08,713.35,713.91,183.949
2026-09-16 03:42:00,713.9,714.07,713.52,713.92,134.429
2026-09-16 03:45:00,713.92,714.28,713.74,713.83,86.528
2026-09-16 03:48:00,713.83,713.84,713.47,713.81,92.156
2026-09-16 03:51:00,713.81,713.96,713.62,713.86,82.47
2026-09-16 03:54:00,713.86,714.16,713.79,714.16,45.205
2026-09-16 03:57:00,714.15,714.2,714.06,714.2,36.647
2026-09-16 04:00:00,714.2,714.62,714.19,714.6,120.32
2026-09-16 04:03:00,714.6,715.67,714.6,715.25,210.99
2026-09-16 04:06:00,715.26,715.62,715.11,715.29,264.273
2026-09-16 04:09:00,715.3,715.4,714.97,715.23,55.959
2026-09-16 04:12:00,715.23,715.23,714.8,714.87,101.969
2026-09-16 04:15:00,714.87,715.05,714.66,715.04,57.035
2026-09-16 04:18:00,715.04,715.2,714.6,715.2,51.714
2026-09-16 04:21:00,715.19,716.24,715.14,715.95,273.922
2026-09-16 04:24:00,715.96,716.0,715.55,715.64,107.72
2026-09-16 04:27:00,715.64,715.64,714.46,714.47,219.199
2026-09-16 04:30:00,714.5,714.51,714.22,714.22,112.048
2026-09-16 04:33:00,714.22,715.04,713.94,714.89,320.629
2026-09-16 04:36:00,714.89,715.51,714.62,715.42,73.305
2026-09-16 04:39:00,715.42,716.12,715.37,716.08,102.965
2026-09-16 04:42:00,716.08,716.16,715.24,715.3,233.987
2026-09-16 04:45:00,715.3,715.74,715.28,715.32,122.771
2026-09-16 04:48:00,715.32,715.4,715.29,715.3,84.659
2026-09-16 04:51:00,715.3,715.3,714.84,714.86,322.372
2026-09-16 04:54:00,714.85,715.16,714.75,714.84,223.204
2026-09-16 04:57:00,714.84,715.66,714.84,715.3,223.518
2026-09-16 05:00:00,715.3,715.56,713.69,713.74,153.545
2026-09-16 05:03:00,713.73,714.38,713.25,713.67,134.634
2026-09-16 05:06:00,713.67,713.98,713.15,713.97,99.488
2026-09-16 05:09:00,713.98,714.66,713.97,714.41,171.171
2026-09-16 05:12:00,714.41,714.73,714.28,714.5,55.051
2026-09-16 05:15:00,714.51,714.99,714.51,714.93,52.038
2026-09-16 05:18:00,714.93,714.98,714.62,714.86,233.293
2026-09-16 05:21:00,714.86,715.56,714.65,715.05,114.627
2026-09-16 05:24:00,715.05,715.09,714.61,714.8,133.924
2026-09-16 05:27:00,714.8,714.8,714.15,714.44,87.546
2026-09-16 05:30:00,714.45,714.54,713.84,714.52,130.552
2026-09-16 05:33:00,714.52,715.24,714.51,715.24,66.579
2026-09-16 05:36:00,715.23,715.56,715.03,715.48,167.292
2026-09-16 05:39:00,715.48,715.56,715.36,715.55,66.324
2026-09-16 05:42:00,715.54,715.78,715.31,715.38,194.499
2026-09-16 05:45:00,715.38,715.75,715.2,715.2,138.94
2026-09-16 05:48:00,715.21,715.55,714.95,715.44,197.619
2026-09-16 05:51:00,715.44,715.44,714.59,714.74,78.526
2026-09-16 05:54:00,714.74,715.26,714.56,715.17,219.667
2026-09-16 05:57:00,715.16,715.28,715.07,715.27,55.344
2026-09-16 06:00:00,715.27,715.73,715.21,715.25,170.238
2026-09-16 06:03:00,715.24,715.25,714.51,714.86,274.923
2026-09-16 06:06:00,714.86,714.86,714.5,714.51,56.099
2026-09-16 06:09:00,714.51,714.58,714.34,714.48,153.289
2026-09-16 06:12:00,714.48,714.81,714.25,714.26,61.103
2026-09-16 06:15:00,714.25,714.5,714.03,714.33,82.743
2026-09-16 06:18:00,714.33,714.5,714.15,714.5,93.396
2026-09-16 06:21:00,714.49,714.5,713.87,714.14,103.059
2026-09-16 06:24:00,714.14,714.15,713.56,713.7,110.707
2026-09-16 06:27:00,713.71,713.71,713.47,713.68,80.116
2026-09-16 06:30:00,713.67,713.67,713.31,713.38,65.435
2026-09-16 06:33:00,713.38,713.72,713.22,713.27,107.808
2026-09-16 06:36:00,713.27,713.27,711.99,711.99,249.174
2026-09-16 06:39:00,711.99,712.29,711.86,712.17,157.608
2026-09-16 06:42:00,712.18,712.59,712.1,712.48,370.047
2026-09-16 06:45:00,712.47,713.46,712.47,713.45,73.326
2026-09-16 06:48:00,713.45,713.45,712.75,712.76,71.959
2026-09-16 06:51:00,712.75,712.99,712.75,712.93,60.902
2026-09-16 06:54:00,712.92,713.58,712.92,713.51,90.246
2026-09-16 06:57:00,713.5,714.38,713.31,714.31,224.814
2026-09-16 07:00:00,714.31,714.71,714.15,714.71,143.276
2026-09-16 07:03:00,714.72,714.95,714.1,714.38,347.649
2026-09-16 07:06:00,714.37,714.37,713.43,713.54,196.418
2026-09-16 07:09:00,713.53,713.54,712.16,712.39,410.2
2026-09-16 07:12:00,712.4,712.65,712.12,712.64,202.162
2026-09-16 07:15:00,712.64,713.28,712.64,713.12,249.094
2026-09-16 07:18:00,713.11,713.12,712.22,712.48,153.178
2026-09-16 07:21:00,712.49,712.67,712.27,712.52,180.929
2026-09-16 07:24:00,712.52,713.4,712.52,712.93,429.329
2026-09-16 07:27:00,712.93,712.93,712.19,712.3,293.2
2026-09-16 07:30:00,712.3,712.57,712.04,712.45,292.681
2026-09-16 07:33:00,712.46,712.46,711.76,711.88,347.027
2026-09-16 07:36:00,711.89,711.89,711.12,711.12,373.251
2026-09-16 07:39:00,711.13,711.34,709.55,710.09,2155.76
2026-09-16 07:42:00,710.1,710.31,709.7,709.96,1140.35
2026-09-16 07:45:00,709.96,710.63,709.69,710.57,444.556
2026-09-16 07:48:00,710.58,710.58,709.69,709.8,228.28
2026-09-16 07:51:00,709.81,709.86,709.49,709.49,234.867
2026-09-16 07:54:00,709.5,710.08,709.35,709.72,294.922
2026-09-16 07:57:00,709.72,709.89,709.54,709.71,252.907
2026-09-16 08:00:00,709.7,709.71,709.37,709.44,313.463
2026-09-16 08:03:00,709.43,709.44,708.1,708.41,605.882
2026-09-16 08:06:00,708.41,708.41,707.23,707.33,551.135
2026-09-16 08:09:00,707.32,707.36,706.66,706.94,690.676
2026-09-16 08:12:00,706.94,707.76,706.8,707.18,415.292
2026-09-16 08:15:00,707.18,707.87,706.64,707.43,498.732
2026-09-16 08:18:00,707.43,707.64,705.71,705.71,1021.923
2026-09-16 08:21:00,705.71,706.5,705.5,705.59,539.424
2026-09-16 08:24:00,705.59,705.7,704.29,704.55,1217.03
2026-09-16 08:27:00,704.55,705.45,704.55,705.09,668.891
2026-09-16 08:30:00,705.09,705.84,704.8,705.64,722.398
2026-09-16 08:33:00,705.64,705.81,705.2,705.33,468.832
2026-09-16 08:36:00,705.32,706.04,705.21,706.03,314.181
2026-09-16 08:39:00,706.04,706.39,706.03,706.17,304.533
2026-09-16 08:42:00,706.16,706.57,705.98,706.0,289.637
2026-09-16 08:45:00,706.0,706.15,705.81,705.92,389.9
2026-09-16 08:48:00,705.92,706.32,705.69,706.06,224.106
2026-09-16 08:51:00,706.05,706.46,705.9,706.35,274.985
2026-09-16 08:54:00,706.35,707.6,706.35,707.17,396.065
2026-09-16 08:57:00,707.16,707.39,707.09,707.18,232.185
2026-09-16 09:00:00,707.18,707.68,707.02,707.67,225.434
2026-09-16 09:03:00,707.68,708.43,707.68,708.41,279.359
2026-09-16 09:06:00,708.41,708.42,707.42,707.55,393.866
2026-09-16 09:09:00,707.55,708.12,707.54,708.05,257.701
2026-09-16 09:12:00,708.06,708.85,707.99,708.69,308.433
2026-09-16 09:15:00,708.69,708.95,708.04,708.54,283.938
2026-09-16 09:18:00,708.53,709.45,708.53,709.44,150.017
2026-09-16 09:21:00,709.45,710.0,709.35,709.99,157.031
2026-09-16 09:24:00,710.0,710.52,709.65,710.16,319.752
2026-09-16 09:27:00,710.16,710.72,709.94,710.18,412.358
2026-09-16 09:30:00,710.19,710.43,710.13,710.42,121.329
2026-09-16 09:33:00,710.42,710.43,709.28,709.74,624.536
2026-09-16 09:36:00,709.74,710.64,709.73,710.44,234.993
2026-09-16 09:39:00,710.43,710.58,710.33,710.38,89.511
2026-09-16 09:42:00,710.39,710.48,710.22,710.48,73.913
2026-09-16 09:45:00,710.47,710.48,710.05,710.35,98.89
2026-09-16 09:48:00,710.35,710.75,710.34,710.74,236.569
2026-09-16 09:51:00,710.74,711.06,710.63,710.64,138.233
2026-09-16 09:54:00,710.64,710.95,710.61,710.73,175.53
2026-09-16 09:57:00,710.74,710.83,710.67,710.76,145.014
2026-09-16 10:00:00,710.76,711.4,710.75,711.17,181.589
2026-09-16 10:03:00,711.16,711.33,710.58,710.58,77.124
2026-09-16 10:06:00,710.59,711.07,710.58,710.91,293.281
2026-09-16 10:09:00,710.9,711.4,710.58,711.08,258.986
2026-09-16 10:12:00,711.09,711.15,710.52,710.86,155.542
2026-09-16 10:15:00,710.87,711.46,710.85,711.46,237.401
2026-09-16 10:18:00,711.45,711.76,711.29,711.55,234.249
2026-09-16 10:21:00,711.55,711.8,711.11,711.28,158.182
2026-09-16 10:24:00,711.28,711.78,711.05,711.66,159.343
2026-09-16 10:27:00,711.67,711.72,711.37,711.6,79.299
2026-09-16 10:30:00,711.6,711.7,711.07,711.07,78.578
2026-09-16 10:33:00,711.07,711.43,711.07,711.37,178.99
2026-09-16 10:36:00,711.37,711.83,711.32,711.61,122.184
2026-09-16 10:39:00,711.61,711.82,711.6,711.65,87.202
2026-09-16 10:42:00,711.65,712.0,711.65,711.8,148.41
2026-09-16 10:45:00,711.81,711.95,711.5,711.69,103.373
2026-09-16 10:48:00,711.69,711.7,711.49,711.5,91.958
2026-09-16 10:51:00,711.49,711.56,711.36,711.39,87.619
2026-09-16 10:54:00,711.4,711.5,711.16,711.22,150.756
2026-09-16 10:57:00,711.21,711.55,711.16,711.55,118.699
2026-09-16 11:00:00,711.55,712.32,711.48,711.88,203.334
2026-09-16 11:03:00,711.89,712.24,711.37,711.56,133.773
2026-09-16 11:06:00,711.57,711.57,711.2,711.42,145.706
2026-09-16 11:09:00,711.41,711.78,711.26,711.77,77.825
2026-09-16 11:12:00,711.78,711.78,711.37,711.41,93.113
2026-09-16 11:15:00,711.41,712.05,711.24,712.04,140.232
2026-09-16 11:18:00,712.04,713.0,712.04,712.99,118.068
2026-09-16 11:21:00,713.0,713.0,712.21,712.29,297.833
2026-09-16 11:24:00,712.29,712.65,712.15,712.62,154.275
2026-09-16 11:27:00,712.62,712.72,712.44,712.57,103.344
2026-09-16 11:30:00,712.57,713.49,712.57,713.17,269.259
2026-09-16 11:33:00,713.17,713.45,713.12,713.24,121.792
2026-09-16 11:36:00,713.23,713.9,713.19,713.31,560.03
2026-09-16 11:39:00,713.32,714.3,713.08,714.07,296.772
2026-09-16 11:42:00,714.07,715.93,714.04,715.7,750.522
2026-09-16 11:45:00,715.69,715.82,714.28,714.86,329.883
2026-09-16 11:48:00,714.86,715.01,714.64,714.89,182.316
2026-09-16 11:51:00,714.89,715.16,714.51,714.78,275.871
2026-09-16 11:54:00,714.78,714.78,714.51,714.52,115.679
2026-09-16 11:57:00,714.52,714.61,714.34,714.48,120.194
2026-09-16 12:00:00,714.49,714.68,713.91,713.91,409.722
2026-09-16 12:03:00,713.92,714.69,713.92,714.23,276.692
2026-09-16 12:06:00,714.24,714.42,714.06,714.12,97.538
2026-09-16 12:09:00,714.11,714.11,713.66,713.66,112.054
2026-09-16 12:12:00,713.67,713.73,712.97,713.35,206.742
2026-09-16 12:15:00,713.34,714.21,713.29,714.18,275.032
2026-09-16 12:18:00,714.17,714.18,713.57,713.9,340.571
2026-09-16 12:21:00,713.89,714.17,713.8,713.91,169.865
2026-09-16 12:24:00,713.91,713.95,713.44,713.56,193.708
2026-09-16 12:27:00,713.55,713.59,713.05,713.38,100.335
2026-09-16 12:30:00,713.38,713.38,712.08,712.39,174.481
2026-09-16 12:33:00,712.4,713.79,712.4,713.69,206.674
2026-09-16 12:36:00,713.7,713.72,712.91,713.18,81.07
2026-09-16 12:39:00,713.19,713.3,712.53,713.16,213.899
2026-09-16 12:42:00,713.16,713.24,712.9,713.15,81.556
2026-09-16 12:45:00,713.15,713.51,712.92,713.28,107.173
2026-09-16 12:48:00,713.29,713.87,713.21,713.65,158.666
2026-09-16 12:51:00,713.65,713.82,713.24,713.34,171.22
2026-09-16 12:54:00,713.34,713.34,712.05,712.89,215.615
2026-09-16 12:57:00,712.9,712.92,712.35,712.9,247.019
2026-09-16 13:00:00,712.9,712.92,711.42,711.66,282.502
2026-09-16 13:03:00,711.67,711.75,711.12,711.48,147.401
2026-09-16 13:06:00,711.48,711.6,711.37,711.42,62.313
2026-09-16 13:09:00,711.42,711.42,710.76,711.0,228.514
2026-09-16 13:12:00,711.0,712.11,710.66,712.1,221.301
2026-09-16 13:15:00,712.1,712.89,711.71,712.27,109.256
2026-09-16 13:18:00,712.28,712.8,711.81,711.94,191.026
2026-09-16 13:21:00,711.95,712.45,711.93,712.0,80.739
2026-09-16 13:24:00,711.99,712.55,711.64,712.34,240.001
2026-09-16 13:27:00,712.33,712.57,711.92,712.18,140.348
2026-09-16 13:30:00,712.17,712.52,711.6,711.98,318.173
2026-09-16 13:33:00,711.98,712.36,711.59,711.86,303.266
2026-09-16 13:36:00,711.86,711.97,710.49,710.82,476.494
2026-09-16 13:39:00,710.83,711.75,710.02,711.68,334.938
2026-09-16 13:42:00,711.69,712.02,711.01,712.0,107.018
2026-09-16 13:45:00,711.99,713.24,711.11,713.19,597.547
2026-09-16 13:48:00,713.19,713.32,712.21,712.52,251.931
2026-09-16 13:51:00,712.52,712.65,711.55,712.34,158.276
2026-09-16 13:54:00,712.33,712.49,711.75,712.05,146.319
2026-09-16 13:57:00,712.05,712.4,711.22,711.34,107.397
2026-09-16 14:00:00,711.35,711.35,709.85,709.85,369.691
2026-09-16 14:03:00,709.84,710.87,709.4,710.85,273.949
2026-09-16 14:06:00,710.83,711.04,710.11,710.71,201.908
2026-09-16 14:09:00,710.71,710.8,709.8,709.91,205.67
2026-09-16 14:12:00,709.91,710.09,709.19,710.09,324.274
2026-09-16 14:15:00,710.08,711.54,710.04,710.93,260.419
2026-09-16 14:18:00,710.94,711.41,710.06,710.53,249.178
2026-09-16 14:21:00,710.53,710.88,710.05,710.3,100.867
2026-09-16 14:24:00,710.3,711.56,710.06,711.56,342.818
2026-09-16 14:27:00,711.57,712.03,711.23,712.01,151.936
2026-09-16 14:30:00,712.01,712.02,709.93,710.1,377.184
2026-09-16 14:33:00,710.1,711.67,710.1,711.01,351.961
2026-09-16 14:36:00,711.01,711.43,710.56,710.74,266.728
2026-09-16 14:39:00,710.74,710.74,709.85,710.45,161.546
2026-09-16 14:42:00,710.44,711.22,710.19,711.01,249.44
2026-09-16 14:45:00,711.02,711.02,710.18,710.26,96.53
2026-09-16 14:48:00,710.26,710.28,709.05,709.71,362.95
2026-09-16 14:51:00,709.71,709.71,708.32,709.46,348.908
2026-09-16 14:54:00,709.45,709.54,708.72,709.33,129.427
2026-09-16 14:57:00,709.32,709.71,708.72,709.71,119.064
2026-09-16 15:00:00,709.71,711.01,709.54,710.68,303.523
2026-09-16 15:03:00,710.67,711.11,709.71,709.71,209.312
2026-09-16 15:06:00,709.71,711.48,709.47,710.23,277.861
2026-09-16 15:09:00,710.24,711.56,710.14,711.09,312.493
2026-09-16 15:12:00,711.08,711.43,710.78,711.22,185.506
2026-09-16 15:15:00,711.22,711.22,710.01,710.38,144.194
2026-09-16 15:18:00,710.38,710.88,710.07,710.78,231.679
2026-09-16 15:21:00,710.78,711.92,710.7,711.54,217.077
2026-09-16 15:24:00,711.54,711.54,710.81,710.81,766.406
2026-09-16 15:27:00,710.81,710.86,709.75,709.83,105.293
2026-09-16 15:30:00,709.82,709.85,709.0,709.05,207.517
2026-09-16 15:33:00,709.05,711.29,708.91,711.29,295.24
2026-09-16 15:36:00,711.29,711.83,711.04,711.52,127.53
2026-09-16 15:39:00,711.53,711.8,711.22,711.76,192.723
2026-09-16 15:42:00,711.76,712.08,711.63,711.63,101.771
2026-09-16 15:45:00,711.64,713.8,711.48,713.25,606.676
2026-09-16 15:48:00,713.26,713.67,712.62,713.1,211.409
2026-09-16 15:51:00,713.11,713.15,712.61,712.71,67.16
2026-09-16 15:54:00,712.7,712.71,711.69,711.75,167.191
2026-09-16 15:57:00,711.75,712.27,711.37,711.66,276.386
2026-09-16 16:00:00,711.71,712.0,711.47,711.68,121.731
2026-09-16 16:03:00,711.65,711.87,711.15,711.78,130.228
2026-09-16 16:06:00,711.79,712.0,710.72,710.89,388.753
2026-09-16 16:09:00,710.88,712.1,710.88,712.08,151.246
2026-09-16 16:12:00,712.09,712.91,712.09,712.61,90.938
2026-09-16 16:15:00,712.61,713.12,712.36,712.63,133.976
2026-09-16 16:18:00,712.63,713.69,712.63,713.33,221.541
2026-09-16 16:21:00,713.32,713.45,712.52,712.72,154.918
2026-09-16 16:24:00,712.71,712.98,712.48,712.86,66.812
2026-09-16 16:27:00,712.86,712.89,712.44,712.86,184.592
2026-09-16 16:30:00,712.86,713.43,712.74,713.21,144.396
2026-09-16 16:33:00,713.2,713.28,712.55,712.93,99.257
2026-09-16 16:36:00,712.93,713.0,712.2,712.49,106.661
2026-09-16 16:39:00,712.5,712.54,711.86,712.14,166.779
2026-09-16 16:42:00,712.14,712.14,711.75,711.81,97.344
2026-09-16 16:45:00,711.81,713.65,711.81,713.65,148.091
2026-09-16 16:48:00,713.66,713.73,713.0,713.22,45.123
2026-09-16 16:51:00,713.22,713.8,713.21,713.76,133.49
